2.19343573,3.56124735,-7.84655336 0.39951296,-8.19447089,3.14069256	-7.92643153,14.94582796,12.98634369	9.99954732e-01 9.99550773e-01 9.99393401e-01 8.12561452e-04
1.57037858,4.10365215,-14.45095774 0.88382271,-14.47634534,3.91113008	-7.59453113,13.8745703,13.1191365	9.99938695e-01 9.99440376e-01 9.99365577e-01 9.17646270e-04
3.57249816,-12.82992789,4.37489253 -0.4374589,3.45288642,-12.89248088	-7.4745088,11.18057514,14.87523603	9.99907726e-01 9.99631227e-01 9.99401213e-01 7.77215515e-04
3.1060967,0.26707551,-8.28328864 -7.82534382,2.40034931,3.61875575	12.75855776,-7.88927144,15.02481786	9.99952134e-01 9.99391691e-01 9.99568272e-01 8.04902311e-04
-8.1562025,-1.04643004,2.70621496 3.60530597,4.42257228,-7.28163318	15.50238833,-7.73578106,10.59713007	9.99897122e-01 9.99422055e-01 9.99639443e-01 7.38538105e-04
-15.90423279,3.77492544,1.41540067 3.63562377,-15.9417174,1.03233255	12.59597363,12.97236167,-7.12051698	0.99990136 0.9991087  0.99904437 0.001423  
3.66286132,-7.07462742,4.63724872 -8.26467132,2.58824374,-1.18403466	15.48002346,10.46023518,-7.71932882	9.99889509e-01 9.99638255e-01 9.99422552e-01 7.36922854e-04
-8.19271322,-1.5266189,2.51553833 3.62893406,5.12904422,-6.88423763	15.52330015,-7.71195534,10.01726311	9.99865566e-01 9.99427880e-01 9.99627911e-01 7.29886420e-04
4.03326431,-7.34631815,3.58856066 -0.78125229,2.73989613,-8.12956805	-7.76350897,11.03512199,15.48614906	9.99915517e-01 9.99641121e-01 9.99417968e-01 7.44705160e-04
-16.35695613,1.4359166,-4.4237809 1.39656115,-16.38762414,-8.33387635	9.44664642,9.3582893,-0.1446482	0.9999113  0.99948599 0.99947841 0.5000014 
-0.86575358,-8.21157458,2.75702359 4.16183207,3.63092298,-7.38268833	-7.74123275,15.46365258,10.86838587	9.99908163e-01 9.99418222e-01 9.99640831e-01 7.44159218e-04
-1.66536882,-8.20750903,2.38354421 5.35208917,3.63980841,-6.63470771	-7.71322176,15.52815853,9.95359884	9.99861468e-01 9.99428729e-01 9.99625916e-01 7.27389728e-04
3.60839381,5.39102977,-6.7113426 -8.14863342,-1.7045801,2.44121986	15.54901336,-7.71569682,9.85265629	9.99855630e-01 9.99622258e-01 9.99430456e-01 7.26132805e-04
-1.17186634,-8.25706009,2.65333193 4.61371259,3.65790464,-7.1870986	-7.71572738,15.47742634,10.42903484	9.99887828e-01 9.99422517e-01 9.99637484e-01 7.37531874e-04
-6.07355568,3.5401407,4.92154907 1.95934988,-7.99097375,-1.28542536	11.03981763,15.61137487,-7.78904287	9.99919813e-01 9.99662613e-01 9.99426939e-01 7.22915849e-04
1.43449998,-6.83474224,-16.37832903 -16.38940782,-7.43090646,1.42203742	9.3590591,1.88976195,9.38712426	0.99996697 0.99948144 0.99947962 0.5000018 
-16.30661268,-5.67733508,1.43318017 1.34224592,-8.22187459,-16.38617061	9.56716137,1.17460827,9.35801552	0.99995681 0.99949261 0.99947921 0.50000178
2.65958158,-8.28770452,-0.86778568 -7.22112071,3.67063815,4.17644721	10.93521731,15.44517921,-7.73922117	9.99910447e-01 9.99417439e-01 9.99642252e-01 7.44510937e-04
3.65677204,-7.37405885,3.9740343 -8.26617662,2.75034232,-0.73562989	15.43103744,11.10419985,-7.74909802	9.99916708e-01 9.99640618e-01 9.99415131e-01 7.48630115e-04
-1.63620952e+01,7.09828339e-01,1.24213440e-02 1.40403494e+00,-1.53519731e+01,-1.45407885e+01	9.42760637,6.79356955,6.01738562	0.99998518 0.99948391 0.99949048 0.50000223
3.33547725,3.62898361,-7.65468999 -0.32197636,-8.23394897,2.93564196	-7.79411465,15.34418796,11.75323463	9.99935685e-01 9.99625548e-01 9.99405266e-01 7.66209148e-04
-10.09152574,-16.36718459,1.42778962 -4.34531477,1.4316961,-16.38447203	2.44330745,9.31355574,9.3766166	0.99997424 0.99947357 0.99948089 0.50000184
-15.91403764,3.1984171,0.10396261 3.99381111,-15.85967738,2.74032609	13.76572378,11.45655791,-7.02159731	0.99988838 0.99901392 0.99933432 0.00131128
-7.27202573,1.42342333,-16.37304172 -6.35059913,-16.38060014,1.41642339	0.74562387,9.38603371,9.39927562	0.9999426  0.99948231 0.99948172 0.50000173
3.54812124,-6.42016191,5.92354133 -8.02440406,2.33613639,-2.06663809	15.61382153,9.55485531,-7.73248042	9.99836429e-01 9.99609809e-01 9.99436475e-01 7.17804545e-04
4.000349,0.60047699,-11.55522855 -11.58051592,1.93589041,4.28134954	12.83392148,-7.67083852,14.31475612	9.99941059e-01 9.99398896e-01 9.99524060e-01 8.31262954e-04
-15.61678039,-14.30149144,1.37929385 0.94628133,-0.09479257,-16.33959356	7.17764514,4.97882288,9.48243481	0.99997999 0.99946997 0.9994873  0.50000221
3.41109539,6.16854629,-6.26349335 -7.75467314,-2.26909189,2.31212871	15.75560771,-7.78910237,9.39331009	9.99830062e-01 9.99599960e-01 9.99445695e-01 7.05971298e-04
4.07052022,3.62803304,-7.08484229 -0.79172657,-8.2027153,2.58022321	-7.76406592,15.47235486,11.142257	9.99919347e-01 9.99644280e-01 9.99417428e-01 7.44214071e-04
1.55910268,3.46293141,-7.99897415 0.85437308,-8.11598991,3.30062318	-8.00413687,14.4924117,13.66900393	9.99958035e-01 9.99485926e-01 9.99415066e-01 8.35751930e-04
1.8727031,-2.00302798,-8.04739423 -5.76481391,5.98039448,3.57758086	10.20419673,-7.76650707,15.61021623	9.99879526e-01 9.99430880e-01 9.99639035e-01 7.14689897e-04
-6.92172585,4.98833203,3.67968805 2.51811545,-1.42157145,-8.29342587	10.15942662,-7.7038539,15.48363391	9.99872798e-01 9.99632228e-01 9.99425192e-01 7.33146297e-04
-1.90523927,-7.97237628,2.28975881 5.68080158,3.52307774,-6.37843853	-7.75380528,15.63782944,9.76425598	9.99852884e-01 9.99435332e-01 9.99617093e-01 7.17922866e-04
1.3645872,-8.12260635,3.4665486 1.02061014,3.39177237,-8.17132667	-8.00291379,13.85960892,14.26800727	9.99957346e-01 9.99463328e-01 9.99427967e-01 8.41868048e-04
-9.17531419,3.23532716,-1.21814 4.07810664,-8.67917807,4.73164958	15.1897608,10.02880694,-7.55307654	9.99854144e-01 9.99419676e-01 9.99639125e-01 7.46703767e-04
2.26459903,-1.84800191,-8.06416049 -6.37409913,5.62224082,3.57070007	9.85481019,-7.73944206,15.59520014	9.99857394e-01 9.99432466e-01 9.99621533e-01 7.20997172e-04
2.68458683,-0.81645216,-8.14306569 -7.25285254,4.08969514,3.59658795	11.01307464,-7.76242392,15.4895278	9.99914771e-01 9.99418541e-01 9.99642009e-01 7.43455345e-04
5.10202604,3.60674766,-6.91144419 -1.51250563,-8.14973246,2.53283401	-7.71775108,15.53817362,10.02269856	9.99866538e-01 9.99627930e-01 9.99428406e-01 7.29360758e-04
-7.2476356,3.65732116,4.1991441 2.67657037,-8.26136418,-0.88553123	10.89148346,15.45447066,-7.73941951	9.99908882e-01 9.99641858e-01 9.99418035e-01 7.43806339e-04
3.59553211,5.07261912,-6.81989388 -8.12543816,-1.48955969,2.47779937	15.55066413,-7.72802503,10.1006791	9.99871783e-01 9.99629886e-01 9.99428328e-01 7.28730838e-04
3.15174544,-15.84402051,4.033042 -0.15053181,3.08749226,-15.86163438	-7.01938645,11.14170334,13.93394906	0.99988003 0.99939496 0.99905171 0.00124579
0.91103818,-16.34643904,-0.24558276 -15.59708491,1.38698645,-14.21352179	7.28458445,9.46513505,5.37926246	0.99998434 0.9994862  0.99947756 0.50000222
3.6192801,3.60155966,-7.39025374 -0.50332644,-8.16587227,2.77210524	-7.79044317,15.42712015,11.52685276	9.99931030e-01 9.99635914e-01 9.99411558e-01 7.55036047e-04
-8.15867545,2.43259967,-1.83876684 3.61364634,-6.66397647,5.59070468	15.54814576,9.70389058,-7.70836284	9.99844985e-01 9.99431952e-01 9.99617145e-01 7.24578783e-04
4.18685964,-15.35434851,4.05403993 -15.4120322,2.89221814,-0.69202191	14.4656644,10.67871299,-7.17763088	9.99874537e-01 9.99557807e-01 9.99249453e-01 9.70315635e-04
1.43402268,-6.76233725,-16.37084672 -16.39076199,-6.61911483,1.41313058	9.36389283,0.44151535,9.40811665	0.99993273 0.99948311 0.99948049 0.50000167
-0.70606464,2.79149946,-8.24849819 3.92685402,-7.44295354,3.6469089	-7.75131987,11.12914323,15.42980586	9.99917598e-01 9.99414661e-01 9.99639806e-01 7.49634993e-04
-6.95869663,4.1133549,3.6324401 2.50141547,-0.81122669,-8.20813384	11.1791934,-7.76567543,15.47709284	9.99920946e-01 9.99646593e-01 9.99417812e-01 7.42973413e-04
-8.13949183,0.2918031,3.10463459 3.54420062,2.35848067,-7.81088847	15.05355796,-7.91228042,12.81664165	9.99953637e-01 9.99393581e-01 9.99565857e-01 8.04103168e-04
-9.17016249,-0.6936179,3.3631929 4.0713624,3.9410667,-8.73282654	15.14786927,-7.60723435,10.82167513	9.99897049e-01 9.99409146e-01 9.99638955e-01 7.60686317e-04
3.85175204,4.33598214,-13.52594895 -0.61468761,-13.47875979,3.32103274	-7.43511051,14.88359136,10.89812427	9.99896238e-01 9.99632573e-01 9.99395712e-01 7.82597824e-04
0.61084008,3.19133757,-8.18630472 1.88283228,-7.87381885,3.5326607	-7.96856048,13.32962372,14.747428	9.99956999e-01 9.99399720e-01 9.99520659e-01 8.25151928e-04
3.95145843,3.62182948,-7.31706011 -0.72163551,-8.19654215,2.72010809	-7.76248083,15.45591805,11.15565891	9.99919288e-01 9.99641040e-01 9.99415890e-01 7.47534050e-04
3.63268619,3.51100486,-7.55292652 -8.23331035,-0.43380569,2.8684441	15.37965788,-7.78299136,11.58539624	9.99931666e-01 9.99631801e-01 9.99408475e-01 7.60259947e-04
-15.08220728,1.40334149,-14.94895281 0.50978946,-16.36158461,0.41955126	6.38282385,9.42923393,5.94097352	0.9999811  0.99948579 0.99948405 0.50000223
-6.60993213,5.00821392,3.64641898 2.32845353,-1.41417857,-8.21888924	10.35041084,-7.72750771,15.51779475	9.99884987e-01 9.99638261e-01 9.99425265e-01 7.30558113e-04
6.07748878,3.57188015,-6.11165463 -2.13222047,-8.05668189,2.14498993	-7.74197948,15.60694719,9.69599962	9.99846320e-01 9.99615859e-01 9.99434662e-01 7.16239006e-04
3.20867614,-8.2051858,0.5439611 -7.92706953,3.54995453,1.97810191	13.20006379,14.80413129,-7.94956592	9.99955825e-01 9.99396391e-01 9.99529599e-01 8.22454659e-04
1.39947133,-9.56046892,-16.33191038 -16.35841312,-4.23819489,1.3850285	9.43825505,1.0516549,9.44112761	0.99995301 0.99948248 0.99948483 0.50000178
3.71150763,-7.34135063,4.35885065 -8.36820172,2.72953786,-0.99419735	15.42448602,10.66110677,-7.71135636	9.99897661e-01 9.99639966e-01 9.99418577e-01 7.43298323e-04
-16.36600574,-10.71376986,1.40417065 1.44688701,-3.63458997,-16.3623922	9.23459539,2.31651496,9.42747999	0.99997217 0.9994663  0.99948398 0.50000186
4.39091637,-11.03249892,4.89828162 -11.06795561,3.19507936,-1.3073075	15.02133069,9.91525635,-7.42911187	9.99842155e-01 9.99645119e-01 9.99426717e-01 7.40851857e-04
-9.61225575,1.27976519,4.07214556 3.99652448,1.12433253,-9.72918441	13.64598057,-7.81104994,13.81776931	9.99945993e-01 9.99449873e-01 9.99433643e-01 8.52715331e-04
1.42170656,3.47338959,-8.0924376 0.97005968,-8.17001203,3.36805544	-8.00215875,14.3314808,13.79991506	9.99957443e-01 9.99469783e-01 9.99423546e-01 8.40614979e-04
-14.3276996,0.93824821,3.93812059 4.09662832,1.50438988,-14.30722816	13.83717598,-7.61289055,13.21011407	9.99939765e-01 9.99377890e-01 9.99439384e-01 9.08225729e-04
1.04590826,-16.36274259,-0.47913672 -15.76298393,1.40466001,-13.9234463	7.69105772,9.42630503,4.8158347	0.99998273 0.99948385 0.99946523 0.5000022 
-16.37183875,-3.18905711,1.47669438 1.41441296,-11.355204,-16.36833307	9.40518515,3.12371255,9.07441139	0.99997963 0.99948258 0.99945319 0.5000019 
5.11674458,3.63409679,-6.89441557 -1.51804055,-8.20312631,2.52008248	-7.7107508,15.51913286,10.02487754	9.99865878e-01 9.99628147e-01 9.99427659e-01 7.30208790e-04
-13.43615251,-1.19524084,2.94594856 4.33574103,4.79733222,-13.46030021	14.93472812,-7.37308557,10.16310107	9.99858401e-01 9.99406570e-01 9.99644901e-01 7.64564269e-04
-6.94409737,5.17989976,3.58845817 2.5623201,-1.57166852,-8.11484727	9.92083325,-7.71702919,15.55162928	9.99860557e-01 9.99624905e-01 9.99429856e-01 7.28026154e-04
0.01381581,3.02248902,-8.04535375 2.79586903,-7.73182242,3.5179613	-7.87282827,12.35411176,15.27068929	9.99948608e-01 9.99399089e-01 9.99599309e-01 7.82676547e-04
3.59159067,-7.8065843,2.60061319 -8.20857423,3.07751905,0.13933638	15.13658196,12.54348141,-7.87198858	9.99950030e-01 9.99584399e-01 9.99393832e-01 7.94877889e-04
-8.132398,2.64150065,-1.25494449 3.59536796,-7.1431045,4.72256574	15.52805549,10.31127699,-7.72804639	9.99883283e-01 9.99425480e-01 9.99635112e-01 7.33674339e-04
4.43839507,-7.13549369,3.60634077 -1.05337409,2.62171071,-8.15578911	-7.7426888,10.64983772,15.50952862	9.99899810e-01 9.99640570e-01 9.99422230e-01 7.37657642e-04
-8.12163767,3.35435243,0.9213313 3.45558869,-8.08012714,1.47822691	14.40588711,13.73888694,-8.00378887	9.99957692e-01 9.99419917e-01 9.99476380e-01 8.38693570e-04
-1.81903903,-8.14835986,2.50640457 5.55077272,3.60647846,-6.79268403	-7.70366108,15.54734189,9.66453868	9.99842213e-01 9.99432333e-01 9.99616270e-01 7.25127570e-04
-8.18837002,2.50317801,-1.6355954 3.62706855,-6.83847669,5.28795648	15.52824327,9.88540929,-7.70726306	9.99857096e-01 9.99429282e-01 9.99623887e-01 7.28282667e-04
3.61291713,-7.65196666,2.59628057 -8.24948173,2.99049232,0.14497526	15.1306752,12.61027774,-7.87769612	9.99951390e-01 9.99585023e-01 9.99394050e-01 7.94390580e-04
-8.03591758,-1.97844201,2.47916939 3.54967429,5.77387018,-6.68633155	15.59813844,-7.71799926,9.51700763	9.99833204e-01 9.99436192e-01 9.99609803e-01 7.20371062e-04
3.64252284,-7.18549581,4.54998132 -8.22707584,2.65133467,-1.12900541	15.48588714,10.50002437,-7.72356369	9.99891773e-01 9.99638515e-01 9.99422294e-01 7.37782078e-04
2.51739433,-1.41678872,-8.15322656 -6.9053131,4.96703442,3.60865975	10.16893762,-7.72461537,15.53490919	9.99875318e-01 9.99427076e-01 9.99631883e-01 7.30652296e-04
-1.03802522,-8.48092386,2.93075311 4.42388047,3.76597283,-7.70863351	-7.67643746,15.37752743,10.45776625	9.99886026e-01 9.99418229e-01 9.99638034e-01 7.45069304e-04
-8.19185967,2.4820629,-1.64507152 3.62932404,-6.80040215,5.30432342	15.52862336,9.89097651,-7.70833641	9.99857444e-01 9.99429268e-01 9.99623948e-01 7.28055528e-04
-16.37435762,-5.91034393,1.43570384 1.41699279,-8.11477458,-16.38907664	9.39949125,1.39762626,9.3533634	0.99995789 0.99948238 0.99947904 0.50000178
-8.27032563,-1.41154584,2.5296958 3.66773363,4.96977358,-6.94011229	15.49091537,-7.70693206,10.16429782	9.99873373e-01 9.99425403e-01 9.99632209e-01 7.32974302e-04
-0.60084697,2.81400576,-8.21130067 3.76635318,-7.47351215,3.62603208	-7.76739168,11.30945619,15.42502722	9.99923912e-01 9.99412889e-01 9.99637826e-01 7.52722246e-04
-9.62570569,1.41122234,-16.37304907 -4.23463702,-16.36942288,1.43036432	1.15789629,9.41277409,9.34035567	0.99995254 0.99947616 0.99948331 0.50000178
-6.84670193,3.62160397,4.73763944 2.46095049,-8.17772292,-1.24688942	10.47360241,15.52158767,-7.73618879	9.99891592e-01 9.99639364e-01 9.99424365e-01 7.33297936e-04
2.45908557,-8.16024086,-0.81196707 -6.88758859,3.6090177,4.11916937	11.22163601,15.49719249,-7.77487356	9.99923027e-01 9.99418642e-01 9.99647993e-01 7.41531226e-04
1.47027749,-16.36742789,-2.44053151 -16.32321568,1.40962973,-12.01384962	8.8912544,9.4155744,3.2149031	0.99997879 0.99948323 0.99944005 0.50000196
-6.86543522,3.6109932,5.47554198 2.5397234,-8.15860362,-1.76867656	9.69579736,15.53976677,-7.70087173	9.99844288e-01 9.99617813e-01 9.99431650e-01 7.26250760e-04
4.26119253,2.81904781,-14.27471112 -14.27898135,0.03593602,3.57307177	14.59952098,-7.47439419,11.8803863	9.99925360e-01 9.99570167e-01 9.99353248e-01 8.52327472e-04
5.06577649,3.65613945,-7.03378924 -1.48452595,-8.24966319,2.59425194	-7.69950512,15.496442,10.01120865	9.99864184e-01 9.99628259e-01 9.99426857e-01 7.32018316e-04
-14.50552696,1.40732224,-15.42539883 0.03741717,-16.36522673,0.77955795	5.50970722,9.42053278,6.94110503	0.99998219 0.99948204 0.9994835  0.50000223
3.60283454,5.28036699,-6.23184861 -8.11914349,-1.56802977,2.10922056	15.56579748,-7.74799113,10.39186459	9.99888885e-01 9.99642333e-01 9.99427299e-01 7.24484648e-04
-8.13956943,2.59810751,-0.9451296 3.59752897,-7.10238238,4.28428207	15.50935864,10.85496332,-7.75683932	9.99908925e-01 9.99420876e-01 9.99642779e-01 7.39400141e-04
-7.34546024,4.4936137,3.63349572 2.74237583,-1.09434206,-8.21212655	10.49079857,-7.72060009,15.48235255	9.99891242e-01 9.99638096e-01 9.99421975e-01 7.38885584e-04
3.51111598,5.51032984,-6.64517275 -7.95775981,-1.8086699,2.43854214	15.63464957,-7.74612276,9.73202394	9.99850830e-01 9.99616411e-01 9.99435498e-01 7.19951135e-04
2.73496992,-7.6713089,3.55939743 0.05480095,2.9914016,-8.1313279	-7.87288731,12.44660922,15.22157627	9.99949710e-01 9.99595180e-01 9.99397071e-01 7.86589194e-04
2.62551719,-1.23817099,-8.17926444 -7.12348216,4.70454536,3.61931969	10.34814688,-7.72362826,15.51051963	9.99884661e-01 9.99424492e-01 9.99635977e-01 7.34783632e-04
-14.14315361,4.23532881,2.59583844 3.67283074,-14.0604852,0.17181606	12.10201327,14.54965016,-7.51231761	9.99930191e-01 9.99558171e-01 9.99358554e-01 8.51865448e-04
-0.14090894,0.91779515,-16.37523157 -14.26770994,-15.59679002,1.4179551	5.01192587,7.302774,9.39765907	0.99998072 0.99948214 0.99947322 0.50000221
-0.77177745,2.76067173,-8.25672645 4.0260057,-7.39169343,3.65242524	-7.74539468,11.03144418,15.43784081	9.99914075e-01 9.99415915e-01 9.99640683e-01 7.47510568e-04
1.37058444,-8.53806561,-16.36421573 -16.330723,-6.52749315,1.41161094	9.50012689,4.61401346,9.39904179	0.99999216 0.99948135 0.99948817 0.50000184
-7.27996355,3.5857696,4.08721035 2.70159907,-8.12215907,-0.81672376	11.00038123,15.49613624,-7.76406401	9.99914442e-01 9.99641748e-01 9.99418853e-01 7.43173123e-04
-9.70004976,-0.68703757,3.48859874 4.23182761,3.93916432,-9.46795412	15.05938063,-7.55263506,10.77706276	9.99892928e-01 9.99410804e-01 9.99640617e-01 7.60458255e-04
-8.17166869,-0.8537652,2.70385042 3.6112702,4.14484874,-7.28786527	15.48114872,-7.75263248,10.93027872	9.99911232e-01 9.99418697e-01 9.99641614e-01 7.43242175e-04
-7.29048396,4.24476508,3.67140848 2.7012946,-0.91735274,-8.28928821	10.81589459,-7.73077119,15.44612568	9.99905387e-01 9.99641194e-01 9.99418200e-01 7.43690772e-04
1.35652985,-16.40271199,-10.88989077 -16.31922759,1.49100988,-3.43669251	9.53419453,9.12595766,2.30906655	0.99997204 0.99945862 0.99949051 0.50000187
2.87412752,-8.21454626,-0.45121186 -7.56404603,3.6236321,3.53674701	11.54939412,15.38945688,-7.78224116	9.99930791e-01 9.99409127e-01 9.99632498e-01 7.59253118e-04
-8.00735461,-0.93016457,2.67397923 3.52903688,4.24326708,-7.21676548	15.555704,-7.77333533,10.82559767	9.99908947e-01 9.99422985e-01 9.99641503e-01 7.37374877e-04
-0.85154412,-8.21668342,2.71109388 4.14406679,3.63390431,-7.30389234	-7.74604626,15.46416492,10.92690337	9.99910619e-01 9.99417993e-01 9.99641485e-01 7.44202247e-04
3.60911535,-7.75320631,2.56051923 -8.24659009,3.05086461,0.16578535	15.11115191,12.60813261,-7.87632149	9.99950894e-01 9.99581575e-01 9.99393254e-01 7.96786807e-04
3.65230221,-7.16363282,4.3857458 -8.24758356,2.63143472,-1.01235713	15.47271232,10.7081896,-7.73263121	9.99901380e-01 9.99641195e-01 9.99420284e-01 7.40291536e-04
-7.4717319,3.84168702,3.65082782 2.80940151,-0.64927727,-8.25862042	11.22043959,-7.75546613,15.41683835	9.99920598e-01 9.99638757e-01 9.99413314e-01 7.51814216e-04
-8.16794909,0.94518212,3.34676153 3.47616753,1.4504842,-8.05945524	14.36426865,-8.00309212,13.77590298	9.99957609e-01 9.99421581e-01 9.99473213e-01 8.39670130e-04
3.57339678,-6.15953389,5.40614726 -8.05887438,2.08377896,-1.65838905	15.59493989,10.30386568,-7.75780567	9.99885004e-01 9.99639352e-01 9.99429185e-01 7.21606215e-04
-0.89881581,2.53453589,-8.30488783 4.23981658,-7.01529958,3.68173629	-7.74227675,10.98621106,15.45013963	9.99912784e-01 9.99417870e-01 9.99645006e-01 7.42856517e-04
-1.2254622,2.62296413,-8.22146639 4.69012527,-7.12492857,3.64066543	-7.71888898,10.36879228,15.49474122	9.99885214e-01 9.99423717e-01 9.99636454e-01 7.35753025e-04
5.07490982,-6.88861603,3.56841604 -1.4999231,2.52434233,-8.07406601	-7.73185121,10.04772007,15.56908523	9.99869300e-01 9.99628192e-01 9.99429535e-01 7.27770333e-04
2.38860157,-8.13506847,-1.51884967 -6.66909026,3.60261192,5.13148806	10.14205267,15.55198918,-7.7316568	9.99874263e-01 9.99428123e-01 9.99631376e-01 7.27875025e-04
4.07525172,-11.73968061,0.88982072 -11.70866437,4.23520126,1.55380272	13.25208432,14.00747668,-7.70681618	9.99943226e-01 9.99416573e-01 9.99483454e-01 8.43695469e-04
-16.33789916,1.42679558,-9.18794754 1.38715877,-16.3836902,-4.91467201	9.44388288,9.3789031,1.5766949	0.99996282 0.99948349 0.99948112 0.5000018 
1.4036905,-16.39199645,-8.82377876 -16.36238781,1.44225023,-4.99469938	9.42903231,9.33310903,1.05582453	0.99995028 0.99947718 0.99948431 0.50000177
-16.35128445,-2.58592535,1.48262798 1.39201089,-11.71557913,-16.35553172	9.45425919,2.54416886,8.98070986	0.99997218 0.99948563 0.99944568 0.50000192
2.86632383,-8.26133916,-0.44988699 -7.5526514,3.64722572,3.53692507	11.55473193,15.3741149,-7.7773	9.99930615e-01 9.99408520e-01 9.99632408e-01 7.60012831e-04
2.53595947,-1.36084691,-8.24213905 -6.95739708,4.89408363,3.6532073	10.23309587,-7.71358664,15.49865671	9.99877721e-01 9.99425107e-01 9.99633796e-01 7.33304200e-04
-1.07072278,-8.256206,2.64009895 4.4693761,3.65700027,-7.17431437	-7.72560459,15.47302769,10.60326167	9.99896449e-01 9.99421053e-01 9.99639983e-01 7.39311981e-04
1.41867629,-15.31774179,-14.67100965 -16.37591617,0.69596244,0.19571743	9.39611866,6.78302006,5.54075991	0.99998079 0.99948296 0.99948205 0.50000222
3.49200144,-6.90062317,5.352696 -7.92647755,2.57504565,-1.71174892	15.63649756,9.736668,-7.74180891	9.99851634e-01 9.99617851e-01 9.99435531e-01 7.21425491e-04
2.67449204,-0.88972543,-8.22287022 -7.24089222,4.20281216,3.63797024	10.88714867,-7.74433536,15.4684485	9.99909097e-01 9.99418623e-01 9.99641863e-01 7.43017682e-04
-6.68423866,5.48816095,3.56267775 2.44581309,-1.78136624,-8.05909466	9.75737904,-7.72708089,15.58764753	9.99850636e-01 9.99618288e-01 9.99433043e-01 7.23118563e-04
-8.23312305,-1.20373311,2.56831605 3.64737479,4.66563139,-7.03620835	15.49312888,-7.72342705,10.44616311	9.99889229e-01 9.99423188e-01 9.99638105e-01 7.35913343e-04
1.41919238,-7.03311788,-16.37729796 -16.37796324,-5.54292863,1.42014748	9.39793299,-0.29234701,9.39537913	0.99990394 0.99948227 0.99948306 0.50000125
2.36568315,-8.02106607,-1.95090461 -6.49841959,3.54550102,5.74353791	9.64234887,15.61225624,-7.7348126	9.99843124e-01 9.99435381e-01 9.99613219e-01 7.19378511e-04
-1.51260777,-8.12723049,2.52514523 5.09992655,3.59546806,-6.89490013	-7.72216528,15.5476974,10.02905153	9.99867301e-01 9.99428759e-01 9.99627943e-01 7.28812510e-04
1.40821029,-7.11093065,-16.34184599 -16.36467938,-7.28038382,1.38311804	9.41542411,2.19359013,9.47113752	0.99997355 0.99948643 0.99948299 0.50000182
2.78049431,-11.58010238,4.33991686 0.05041259,3.8028623,-11.50577806	-7.57379263,11.95685486,14.7323115	9.99929349e-01 9.99596033e-01 9.99395946e-01 7.95513627e-04
-4.46815178,-4.96467401,-1.53106726 9.03604812,10.03008269,0.5552156	-6.90225622,-10.03363589,37.1958775	0.99996014 0.99876762 0.99844855 0.00133038
-16.38610901,0.56657602,0.29016536 1.42951252,-15.16906459,-14.80939128	9.37302668,6.61584566,5.86817641	0.99998206 0.99948064 0.99948844 0.50000223
4.47346285,3.68524681,-7.40340158 -1.0763723,-8.315663,2.76951811	-7.70633292,15.44363774,10.49863218	9.99890335e-01 9.99638237e-01 9.99420407e-01 7.41134981e-04
5.81931302,-6.36646228,3.55104792 -1.99080306,2.28989157,-8.02700728	-7.73949222,9.67466873,15.6138385	9.99845399e-01 9.99614267e-01 9.99435114e-01 7.18427194e-04
4.03364666,-7.22289109,3.62858464 -0.7736234,2.66353749,-8.20686622	-7.75964668,11.10459288,15.46299618	9.99917611e-01 9.99642333e-01 9.99416858e-01 7.45649996e-04
1.41960869,-12.7274626,-16.19877462 -16.37668338,-1.75608197,1.39716787	9.39402133,4.02297041,8.58375636	0.9999833  0.9994329  0.99948189 0.50000207
-6.97521473,4.31983488,3.59287542 2.522349,-0.96337802,-8.12753016	10.88984721,-7.76241514,15.52037079	9.99910743e-01 9.99644364e-01 9.99421422e-01 7.38010715e-04
3.35811275,-13.65010381,-0.48622681 -13.59986976,4.34579989,3.65775779	11.10010356,14.84611051,-7.44213976	9.99904093e-01 9.99389812e-01 9.99626784e-01 7.91461741e-04
3.64898005,3.08753768,-7.64386159 -8.28587756,-0.16299537,2.94433261	15.27385872,-7.81459556,12.04958482	9.99941966e-01 9.99614787e-01 9.99400386e-01 7.75514960e-04
2.45420238,-1.69143453,-8.21190904 -6.74439773,5.37762778,3.64016631	9.85708243,-7.70555123,15.5239106	9.99854868e-01 9.99429444e-01 9.99622816e-01 7.27618512e-04
1.43317881,-13.76414414,-15.77357214 -16.38945038,-0.73675241,1.03617445	9.36516019,5.29727189,7.8948709	0.99998736 0.99947    0.99948012 0.5000022 
3.56561635,2.97893185,-7.22812931 -8.12013402,-0.0830711,2.71294124	15.3251379,-7.87054781,12.40014621	9.99951182e-01 9.99614786e-01 9.99402970e-01 7.72803152e-04
3.65723713,-7.17452423,4.1876152 -8.26017566,2.63289585,-0.87446706	15.45692098,10.94597006,-7.74396523	9.99911238e-01 9.99642772e-01 9.99417927e-01 7.43657142e-04
2.47292087,-8.14217594,-1.7516037 -6.75117062,3.60427122,5.45386833	9.76910077,15.55092684,-7.71161157	9.99849922e-01 9.99431362e-01 9.99619512e-01 7.25604070e-04
4.98614353,3.66712192,-6.84831844 -1.41723306,-8.26676248,2.47503793	-7.71106766,15.49505102,10.20323935	9.99875815e-01 9.99633366e-01 9.99425302e-01 7.32466489e-04
1.40207857,-6.38357744,-16.38048558 -16.35762328,-7.99485443,1.42412475	9.42540375,2.16648383,9.38325135	0.99997212 0.99948121 0.99948337 0.50000181
-8.25718325,-0.76562973,2.65717999 3.65395924,4.0258332,-7.21596185	15.4449413,-7.75422952,11.12218827	9.99917815e-01 9.99416042e-01 9.99642411e-01 7.46694461e-04
0.9150957,3.37443062,-8.20321018 1.48623978,-8.12180517,3.49808763	-7.99186449,13.71057278,14.38469848	9.99956890e-01 9.99418238e-01 9.99476321e-01 8.40168971e-04
2.03428819,-8.05117289,-2.00006225 -5.98736951,3.5730266,5.91598717	9.96701764,15.60823851,-7.75460163	9.99865031e-01 9.99432256e-01 9.99627533e-01 7.16668902e-04
4.09770067,1.26972395,-13.7370797 -13.77364033,1.14625089,4.05211685	13.65749825,-7.66471629,13.52091391	9.99942107e-01 9.99432496e-01 9.99419214e-01 8.79921569e-04
2.20900839,-8.09211124,-1.92795396 -6.27156648,3.587014,5.76048399	9.82752766,15.58619931,-7.73577101	9.99855050e-01 9.99432345e-01 9.99621020e-01 7.20244449e-04
4.67393429,3.62524269,-7.08791987 -1.21472129,-8.19043996,2.60229557	-7.72588863,15.50697845,10.4024708	9.99887425e-01 9.99637055e-01 9.99423986e-01 7.35204820e-04
1.4296251,-15.81009906,-13.76748036 -16.38615344,1.07681479,-0.65238346	9.37273288,7.8976667,4.78486699	0.99998375 0.99946322 0.99948061 0.50000219
1.42221283,-16.37596695,-10.12578656 -16.3797664,1.44195171,-3.80092783	9.38920493,9.2946819,1.31174712	0.9999545  0.99947196 0.99948189 0.5000018 
-7.53145725,2.3260707,-2.30766588 3.29559433,-6.21030481,6.15754908	15.89521608,9.3445646,-7.84933175	9.99832645e-01 9.99454566e-01 9.99595013e-01 6.95076038e-04
1.41834412,-16.3827492,-4.55155028 -16.36356534,1.4256251,-9.49230961	9.36862709,9.38161713,1.47821416	0.9999595  0.99948134 0.99947831 0.5000018 
-1.78311901,2.28147626,-8.17313161 5.54234008,-6.43726457,3.62553923	-7.72108894,9.9124863,15.54761298	9.99859408e-01 9.99429902e-01 9.99624579e-01 7.24473974e-04
4.00891428,-4.38999759,-5.47710357 2.59472439,9.28374726,1.13031455	7.49510611,-14.97351851,21.70312957	9.99185693e-01 9.99776876e-01 9.99303284e-01 8.24618698e-04
3.60920535,4.22189917,-7.15164876 -8.1642901,-0.90245671,2.62479625	15.49447413,-7.75521058,10.90674604	9.99910663e-01 9.99642696e-01 9.99419768e-01 7.41142826e-04
1.42921931,-16.37931539,-8.06453447 -16.38707235,1.42498598,-5.17914882	9.3753596,9.37933936,0.2964538	0.99992704 0.99948071 0.99948144 0.50000163
2.5615409,-1.41298162,-8.2162619 -6.98844209,4.9633398,3.63975376	10.13717466,-7.71159039,15.50821522	9.99872453e-01 9.99426218e-01 9.99631364e-01 7.32255425e-04
3.60460263,5.40058011,-6.88659187 -8.14622636,-1.72011815,2.5469552	15.5437722,-7.7052319,9.74692631	9.99848191e-01 9.99619412e-01 9.99431273e-01 7.26616817e-04
-8.1679912,-1.70637119,2.3496878 3.62073872,5.41320763,-6.56419444	15.54575377,-7.72019542,9.93543074	9.99860944e-01 9.99429599e-01 9.99625095e-01 7.25832292e-04
-0.45537013,2.83698576,-8.18571243 3.54335314,-7.49813106,3.60962963	-7.78886914,11.56921739,15.40392008	9.99931741e-01 9.99409811e-01 9.99633197e-01 7.58134745e-04
-16.34813743,1.36151386,-8.85946099 1.39775963,-16.3247014,-4.02173512	9.43539581,9.52452036,-0.03515205	0.99992228 0.99948196 0.9994905  0.50000149
-8.22798832,2.55799137,-1.34294166 3.6455642,-6.99627473,4.8646051	15.50174557,10.24164518,-7.71499329	9.99878345e-01 9.99425123e-01 9.99633918e-01 7.33481378e-04
3.62060337,5.04568415,-6.69233829 -8.17091779,-1.45552046,2.39093963	15.53565463,-7.72908255,10.2279629	9.99878718e-01 9.99634029e-01 9.99426788e-01 7.29514722e-04
4.21417339,3.64757701,-7.29680146 -0.89830954,-8.24257012,2.70640211	-7.73814937,15.45986523,10.84699788	9.99907143e-01 9.99641303e-01 9.99418451e-01 7.43440351e-04
3.52796519,-12.01164258,-0.43667703 -12.0548192,4.36449929,3.55959282	11.17176078,14.90473915,-7.49457309	9.99907754e-01 9.99407362e-01 9.99633552e-01 7.69355032e-04
3.64327133,5.0860898,-6.90132182 -8.22125986,-1.49506729,2.51973959	15.51162651,-7.70935745,10.05627497	9.99867563e-01 9.99629145e-01 9.99427091e-01 7.30875135e-04
2.46444935,-8.00201484,-1.90318426 -6.67321694,3.53293641,5.65550629	9.60614653,15.61375582,-7.72995903	9.99840765e-01 9.99435839e-01 9.99612502e-01 7.20263689e-04
3.75339039,-7.40872222,3.65359111 -0.58880401,2.77491078,-8.26558184	-7.76529619,11.35774241,15.40783988	9.99925164e-01 9.99638018e-01 9.99412061e-01 7.53664790e-04
2.34076756,-1.96707154,-8.10921492 -6.47085374,5.78980112,3.59120582	9.65005112,-7.71986813,15.57497039	9.99841971e-01 9.99433659e-01 9.99614344e-01 7.21229850e-04
0.9005262,-10.53847179,4.06299565 1.53833035,4.2064432,-10.49025336	-7.74329849,14.02586111,13.29358521	9.99943886e-01 9.99416493e-01 9.99481097e-01 8.44869434e-04
4.46582197,-7.32686709,3.61672634 -1.07615862,2.73228278,-8.17896069	-7.72751794,10.52862266,15.49383321	9.99893522e-01 9.99638586e-01 9.99422152e-01 7.38582623e-04
-6.40504139,3.50901354,5.99889053 2.34681173,-7.94853497,-2.12860452	9.4860541,15.64955425,-7.74444669	9.99832704e-01 9.99606351e-01 9.99438988e-01 7.14945719e-04
-12.47378244,0.2701957,3.8467375 4.32582995,2.4344148,-12.48578436	14.57197675,-7.59333787,12.30940092	9.99935192e-01 9.99389387e-01 9.99567571e-01 8.15553650e-04
-16.3820847,1.44471251,-2.339579 1.42530426,-16.28592127,-12.18164958	9.38190189,8.85994051,3.59510404	0.99998188 0.99948117 0.99943905 0.50000199
-2.04400656,2.35503974,-7.92611813 5.86397917,-6.43528987,3.49731592	-7.75183265,9.55749796,15.65928092	9.99838763e-01 9.99438591e-01 9.99608847e-01 7.15342541e-04
2.54858558,-1.35850753,-8.21889661 -6.97642983,4.88686018,3.64118531	10.22649998,-7.71608111,15.50628958	9.99877632e-01 9.99425436e-01 9.99633531e-01 7.33005730e-04
-8.0157651,0.46081955,3.11099218 3.46453624,2.09808316,-7.76765733	14.95901201,-7.96713719,13.13363934	9.99957363e-01 9.99397773e-01 9.99544122e-01 8.12120302e-04
4.36953269,-11.47812512,3.68594521 -11.47331852,3.50791766,-0.51745228	14.9346796,11.04411803,-7.49519789	9.99903106e-01 9.99638164e-01 9.99410863e-01 7.63720816e-04
2.31027539,-7.41038714,-2.47495998 -6.106039,3.23411123,6.37731639	9.2319369,15.98275974,-7.88453429	9.99827524e-01 9.99461595e-01 9.99588828e-01 6.86028460e-04
4.40518981,3.64590519,-7.27548835 -1.03005381,-8.23650629,2.69799641	-7.72692448,15.47292713,10.62780492	9.99897639e-01 9.99639848e-01 9.99420667e-01 7.40286158e-04
-1.06540987,2.63981201,-8.17535125 4.45586613,-7.1673828,3.61607426	-7.73716417,10.61483942,15.50159198	9.99897918e-01 9.99422090e-01 9.99640051e-01 7.37969884e-04
3.23363953,0.73313087,-8.19148906 -7.91358408,1.71548447,3.51906937	13.50914871,-7.98632725,14.61257242	9.99957574e-01 9.99406132e-01 9.99502908e-01 8.31428674e-04
5.40663397,3.61349662,-6.45444546 -1.69125661,-8.14962093,2.27860493	-7.72875071,15.55467888,10.0272518	9.99867207e-01 9.99628441e-01 9.99429197e-01 7.25120965e-04
1.59390698,-7.87489342,3.50845728 0.8277451,3.2287386,-8.19521896	-8.00295583,13.66712669,14.50832274	9.99958353e-01 9.99490389e-01 9.99413027e-01 8.34375256e-04
3.22959432,0.47943732,-8.22141487 -7.98595021,2.07267224,3.56520953	13.0717841,-7.93058497,14.85626183	9.99954544e-01 9.99393912e-01 9.99538295e-01 8.19445782e-04
3.53596585,-5.38015192,6.58413286 -7.94178403,1.6799734,-2.38656532	15.67225947,10.1780025,-7.80832984	9.99879165e-01 9.99639311e-01 9.99434799e-01 7.03893260e-04
3.61787046,5.28441094,-6.91103233 -8.17223116,-1.63835851,2.54775831	15.5319422,-7.70569838,9.84614337	9.99854646e-01 9.99622776e-01 9.99429793e-01 7.28207149e-04
-6.37228728,6.10953202,3.48658814 2.34482551,-2.20719749,-7.90456273	9.41807133,-7.75091963,15.67179232	9.99828280e-01 9.99603254e-01 9.99440955e-01 7.12602082e-04
4.93845832,-7.00318229,3.6690041 -1.39205554,2.56434128,-8.2742777	-7.70467708,10.16401765,15.48665262	9.99873228e-01 9.99632239e-01 9.99425195e-01 7.33580563e-04
-8.02734851,1.85934888,3.5547526 3.27639354,0.62741542,-8.23638548	13.30020309,-7.9548829,14.70334404	9.99955693e-01 9.99516651e-01 9.99398985e-01 8.28484921e-04
-8.22189967,-1.86798206,2.44930367 3.64519956,5.6406185,-6.69370102	15.52340735,-7.69547004,9.65772055	9.99840424e-01 9.99431544e-01 9.99616098e-01 7.25552382e-04
2.19225012,-7.90724289,3.60090844 0.40093745,3.1729391,-8.27434609	-7.9137066,12.96198054,14.91532283	9.99953768e-01 9.99549693e-01 9.99392137e-01 8.14485533e-04
-1.8588923,-7.93719896,2.43751033 5.58007729,3.50059706,-6.62574981	-7.7480956,15.645451,9.67641549	9.99847300e-01 9.99436595e-01 9.99614176e-01 7.18703575e-04
4.92340314,-7.0437231,3.63011984 -1.38810558,2.59203009,-8.19845664	-7.71298774,10.1492234,15.51173173	9.99873353e-01 9.99631684e-01 9.99426200e-01 7.32530559e-04
-0.99841412,2.65681613,-8.21186246 4.3606185,-7.20449882,3.63374961	-7.73678414,10.71306939,15.48258626	9.99901901e-01 9.99420543e-01 9.99640939e-01 7.40174764e-04
2.57028636,-1.21805335,-8.18264941 -7.03208318,4.68103473,3.62185194	10.42318627,-7.72952347,15.51225883	9.99888677e-01 9.99424116e-01 9.99637527e-01 7.34740606e-04
-8.27464347,-1.00364146,2.6084411 3.66624678,4.3776363,-7.12782068	15.46427691,-7.73158005,10.74073776	9.99902613e-01 9.99419813e-01 9.99641808e-01 7.40729830e-04
5.22456368,-6.64953748,3.56901726 -1.59201988,2.39416724,-8.0690993	-7.73909888,10.03867918,15.58151789	9.99869048e-01 9.99627706e-01 9.99430241e-01 7.25394705e-04
-6.98788963,3.6545101,5.0742685 2.56795989,-8.24540806,-1.48865536	10.02596725,15.49955302,-7.70196447	9.99865226e-01 9.99628570e-01 9.99426851e-01 7.31739664e-04
-7.97105372,-1.48182954,2.49526218 3.51639333,5.03693123,-6.82635245	15.61572528,-7.75449708,10.09857079	9.99874100e-01 9.99431362e-01 9.99628944e-01 7.25080168e-04
-0.31932846,1.00003231,-16.36735232 -14.09928773,-15.69633248,1.40958604	5.06541474,7.39886649,9.41563665	0.99998227 0.99948321 0.9994693  0.50000221
-8.01660088,-1.23676855,2.63788438 3.53640821,4.68426165,-7.12463894	15.57476273,-7.74868392,10.34521409	9.99886733e-01 9.99427353e-01 9.99635445e-01 7.31252072e-04
-9.20661565,1.63944253,4.00749748 3.84096809,0.80886295,-9.308537	13.2704694,-7.82806614,14.23368823	9.99946621e-01 9.99488071e-01 9.99404315e-01 8.47070747e-04
-16.3450103,1.42514338,-5.27133023 1.38398238,-16.38054111,-7.62655757	9.47393167,9.38215943,-0.03653799	0.99991809 0.99948746 0.99948105 0.50000148
-8.25332161,2.69726766,-0.89301721 3.65306329,-7.2823296,4.20800235	15.4563063,10.86277571,-7.7379535	9.99907718e-01 9.99418232e-01 9.99641492e-01 7.43675400e-04
-12.93523133,3.51513449,-0.36102845 4.36067022,-12.94707643,3.44508937	14.85557442,11.29000367,-7.48416374	9.99911348e-01 9.99398513e-01 9.99625710e-01 7.81998262e-04
-0.12311861,-16.37252484,0.83324909 -14.37022155,1.41519306,-15.4979332	5.71754984,9.40348441,7.00828445	0.99998434 0.99948245 0.99948358 0.50000223
1.4009647,-16.38034912,-9.92813074 -16.3594774,1.44259035,-4.31587978	9.43451251,9.30016629,1.93687925	0.99996755 0.99947312 0.99948445 0.50000182
2.63837475,-8.07217602,-0.97749105 -7.1606446,3.56299732,4.32033425	10.76855894,15.53560402,-7.76119428	9.99905940e-01 9.99422517e-01 9.99641496e-01 7.37563823e-04
3.05622674,0.18040902,-8.15810256 -7.75558055,2.53483478,3.5634117	12.63891386,-7.88987735,15.13036579	9.99951781e-01 9.99394240e-01 9.99580197e-01 7.96317636e-04
-7.86517665,4.36501941,3.83654727 3.00281494,-0.99183207,-8.62615978	10.49105564,-7.65804287,15.32713584	9.99886100e-01 9.99638795e-01 9.99416375e-01 7.48026792e-04
5.96762579,3.47213579,-6.52502001 -2.12449442,-7.88152998,2.42638946	-7.74913809,15.67674183,9.41917007	9.99828951e-01 9.99603835e-01 9.99441150e-01 7.13621637e-04
2.62944979,-1.05023495,-8.23453916 -7.1561875,4.43941283,3.64605856	10.64639294,-7.73116059,15.48001913	9.99898731e-01 9.99421031e-01 9.99640554e-01 7.39267133e-04
-7.98516041,2.15942845,-2.18970966 3.53498149,-6.10182082,6.14283248	15.64094166,9.62534661,-7.75421692	9.99842517e-01 9.99437016e-01 9.99612037e-01 7.13608055e-04
2.41546026,-7.93693933,-1.92677011 -6.57002975,3.50103474,5.6828243	9.62218213,15.64830624,-7.74760408	9.99843366e-01 9.99437315e-01 9.99611936e-01 7.17660297e-04
-8.26935506,2.79640899,-0.63838408 3.65617942,-7.44928426,3.82662558	15.41269222,11.24936753,-7.75660239	9.99921531e-01 9.99412996e-01 9.99638719e-01 7.52225398e-04
-7.27485959,3.5826106,2.92698499 2.74390795,-8.15789063,-0.05144723	12.43208323,15.29447177,-7.86911091	9.99951248e-01 9.99611102e-01 9.99401370e-01 7.75956589e-04
-16.32651822,-4.73077013,1.45312647 1.36462322,-9.34598955,-16.39807578	9.51573137,1.53559419,9.2993113	0.9999619  0.99948945 0.99947434 0.5000018 
2.63398548,-1.24757564,-8.170382 -7.13580283,4.71652088,3.61472503	10.32738816,-7.72345613,15.51365649	9.99883650e-01 9.99424764e-01 9.99635551e-01 7.34518733e-04
2.46505123,-8.03888233,-1.99106579 -6.65958845,3.5515555,5.79503782	9.515859,15.59790859,-7.71838672	9.99833057e-01 9.99436196e-01 9.99609641e-01 7.20191893e-04
-11.67156761,3.96337352,0.52765085 4.29232769,-11.6768195,2.04171428	14.38154922,12.72410317,-7.65570337	9.99940232e-01 9.99396130e-01 9.99534554e-01 8.27351415e-04
-16.04323308,3.74436492,3.93306569 2.73819515,-0.50258944,-15.97181844	10.52507448,-6.80397385,13.72233334	0.99983702 0.99933892 0.99890071 0.00143109
-7.70557779,3.64142089,3.15765976 2.97469676,-8.26773701,-0.20842324	11.94301065,15.29303843,-7.80548078	9.99939650e-01 9.99617814e-01 9.99401602e-01 7.73120951e-04
0.27557527,3.15148043,-8.25665681 2.38550827,-7.90425117,3.60408388	-7.88900044,12.74733967,15.02135774	9.99951788e-01 9.99391584e-01 9.99566673e-01 8.05831050e-04
-16.38500474,1.42187627,-8.48240597 1.43606705,-16.38121535,-3.81966945	9.36350804,9.39295462,-0.46524306	0.99989332 0.99947641 0.99948311 0.50000097
4.05676675,3.64337884,-7.4593295 -0.79420654,-8.23904312,2.79967338	-7.74146349,15.44301818,10.96438861	9.99911549e-01 9.99640376e-01 9.99416456e-01 7.46946551e-04
-8.26279592,-1.64913789,2.42852419 3.66660118,5.32602607,-6.71826625	15.50571714,-7.70254346,9.93203939	9.99859140e-01 9.99428084e-01 9.99625470e-01 7.28887532e-04
-1.11944822,-16.31290384,1.2045263 -13.42218106,1.34973593,-15.9612342	5.2590664,9.54958682,8.0782643	0.99998928 0.99949133 0.99945227 0.50000218
-7.31881613,3.54832138,3.43938185 2.74177882,-8.06552235,-0.38740224	11.78052794,15.441806,-7.82495258	9.99938640e-01 9.99632372e-01 9.99410728e-01 7.57244501e-04
1.42636942,-8.28917543,-16.39493185 -16.38312311,-5.87274732,1.44250804	9.37935988,1.67224443,9.3374533	0.99996263 0.99947795 0.99948112 0.50000179
1.14014264,-16.33292439,-0.53120207 -15.86531229,1.37192565,-13.80520962	7.78398316,9.49901017,4.36323486	0.99998007 0.99948831 0.99945457 0.50000219
-8.15954539,2.91892332,-0.39979965 3.59405985,-7.63256312,3.45348729	15.39238432,11.62016859,-7.79310326	9.99932931e-01 9.99408418e-01 9.99629938e-01 7.60995649e-04
-16.34538703,0.99812648,-0.47200023 1.38586037,-15.71315396,-13.96949561	9.46761792,7.64941934,5.0882797	0.99998493 0.99948634 0.99947099 0.50000221
2.52249321,-1.7505295,-8.25097784 -6.85212905,5.4615633,3.6582302	9.73010138,-7.68987213,15.50616781	9.99845196e-01 9.99430064e-01 9.99619364e-01 7.28061017e-04
-7.12142151,3.67429345,4.6762562 2.61689142,-8.28796659,-1.21226349	10.39241068,15.47161811,-7.71182171	9.99885647e-01 9.99636975e-01 9.99422707e-01 7.37015635e-04
-6.45275538,5.28678296,3.62177979 2.26052445,-1.60243465,-8.16530513	10.16154776,-7.73090989,15.54630594	9.99875175e-01 9.99633165e-01 9.99427820e-01 7.26440616e-04
1.44836368,-5.45324067,-16.3898204 -16.39509867,-9.17868272,1.43368905	9.31132385,2.93537163,9.36367554	0.99997971 0.99948004 0.99947539 0.50000182
-6.85601631,5.24038845,3.58155468 2.51802073,-1.61227862,-8.09945263	9.90346456,-7.72162792,15.56208361	9.99859752e-01 9.99623965e-01 9.99430492e-01 7.26806159e-04
-12.48539154,-0.62553633,3.35857541 4.37408014,3.86927507,-12.44756436	14.92770488,-7.46109524,10.89910236	9.99897224e-01 9.99409212e-01 9.99641210e-01 7.64745185e-04
2.57785806,-8.25605316,-1.43861784 -7.01600218,3.65963665,5.00244529	10.08741956,15.49359199,-7.7028025	9.99868859e-01 9.99426075e-01 9.99630288e-01 7.32703802e-04
-15.92050122,-13.6124845,1.39466363 1.17934036,-0.8184551,-16.35347194	7.90072086,4.7976736,9.44815049	0.99998448 0.99945339 0.99948516 0.50000218
-15.35719819,2.91193167,-0.7212028 4.19214353,-15.3345996,4.08897704	14.49692054,10.63574238,-7.19124703	9.99872938e-01 9.99260168e-01 9.99562866e-01 9.56377280e-04
3.63667736,4.51352013,-7.27148803 -8.21717567,-1.10641287,2.70028248	15.48446263,-7.72256983,10.50069856	9.99891786e-01 9.99638331e-01 9.99422092e-01 7.38426171e-04
1.4025171,-9.22791116,-16.37550473 -16.36262361,-3.46051654,1.43234403	9.43378244,-0.17929322,9.36156369	0.99990931 0.99947512 0.99948528 0.50000137
-4.97886835,1.46252177,-16.34372693 -9.45984788,-16.40604629,1.38400846	2.38447043,9.27559587,9.4716122	0.99997422 0.99948663 0.99947276 0.50000182
9.09727006,2.10828396,1.29856273 -4.16013085,4.03731133,-6.21038189	-14.84047106,7.57237837,21.22418643	9.99068746e-01 9.99294282e-01 9.99813538e-01 8.89899421e-04
-8.24883274,2.62594643,-1.39667049 3.65503766,-7.10581496,4.93728488	15.4916245,10.11029767,-7.70240256	9.99870248e-01 9.99425738e-01 9.99630984e-01 7.33516869e-04
-1.4797604,-8.13948783,2.36086761 5.08250784,3.60545575,-6.63468919	-7.73490224,15.55002443,10.22372579	9.99878979e-01 9.99427451e-01 9.99633950e-01 7.28284384e-04
-1.16787255,-14.20758792,2.8695558 4.7823335,4.3102624,-14.20141583	-7.33036262,14.85624609,10.20198596	9.99858622e-01 9.99382927e-01 9.99635022e-01 7.94301462e-04
-7.3049304,3.64622727,3.74358915 2.71467052,-8.24973006,-0.57937064	11.42270852,15.4166634,-7.77337325	9.99927583e-01 9.99638899e-01 9.99412304e-01 7.53060576e-04
-7.67139514,3.21617737,3.53010977 2.95808961,-0.25138018,-8.04341273	11.88674697,-7.82982427,15.38893477	9.99940109e-01 9.99621755e-01 9.99406269e-01 7.66252007e-04
-8.21547774,-0.09642029,2.94037309 3.61068043,2.98013634,-7.62026114	15.27077552,-7.83618631,12.1852196	9.99945098e-01 9.99399616e-01 9.99609769e-01 7.78116713e-04
1.24836395,-16.38167386,-1.02032191 -16.00393013,1.42487278,-13.40828044	8.0890924,9.38281816,4.57146011	0.99998366 0.99948122 0.99944536 0.50000216
1.4156395,-10.42325302,-16.40064564 -16.37312373,-3.94728479,1.47429335	9.40268062,2.32104685,9.2047346	0.99997146 0.99946566 0.99948249 0.50000184
2.28555083,-1.50985172,-8.25743085 -6.52608578,5.15959146,3.66753121	10.25927671,-7.71938972,15.50808656	9.99879530e-01 9.99425585e-01 9.99636434e-01 7.29612389e-04
-8.24604306,3.70474896,2.44781652 3.32820004,-8.45607062,0.23830086	12.56630439,14.97130089,-7.83976756	9.99947199e-01 9.99569333e-01 9.99388704e-01 8.08025966e-04
-7.50170349,3.32758915,3.61849325 2.8490885,-0.31489286,-8.21156433	11.82871813,-7.80615943,15.35829085	9.99938131e-01 9.99626395e-01 9.99405885e-01 7.65082215e-04
-14.90421149,4.23426111,3.63862177 3.20046737,-14.88179982,-0.46436264	11.04832719,14.64306499,-7.32731123	9.99897140e-01 9.99585418e-01 9.99321056e-01 8.81758867e-04
-0.94864654,2.7241795,-8.23586002 4.28596457,-7.32547735,3.64449351	-7.73238619,10.74686232,15.46500992	9.99902907e-01 9.99419345e-01 9.99640636e-01 7.42291332e-04
3.53256632,3.64190692,-7.63639112 -0.44850133,-8.25183472,2.91460647	-7.77428223,15.37251326,11.52517271	9.99929632e-01 9.99631830e-01 9.99408387e-01 7.60436067e-04
-6.95668948,5.03918742,3.65334546 2.54729487,-1.46333002,-8.24238343	10.07724427,-7.70603981,15.50144897	9.99868494e-01 9.99629844e-01 9.99426504e-01 7.31875949e-04
1.40518058,-6.73684864,-16.39368524 -16.36593397,-3.54894667,1.44222697	9.43134332,-1.40160456,9.36419887	0.99983294 0.999466   0.99948548 0.49998955
3.57570036,4.79941507,-6.72441673 -8.08429856,-1.29005701,2.39719859	15.56384164,-7.75291012,10.46951107	9.99892748e-01 9.99639580e-01 9.99426373e-01 7.30012303e-04
-1.50758995,-8.08700365,2.39073809 5.10805584,3.57805209,-6.66781064	-7.74036654,15.57135362,10.15602877	9.99875802e-01 9.99428869e-01 9.99631467e-01 7.26933944e-04
3.61680176,4.85463599,-7.15067697 -8.17432867,-1.34456947,2.65077087	15.51484601,-7.71408811,10.16893499	9.99874722e-01 9.99632268e-01 9.99426064e-01 7.33166931e-04
1.04782037,3.95354217,-14.61032381 1.37952272,-14.59392101,4.04947776	-7.59127752,13.30533589,13.6722289	9.99938299e-01 9.99372545e-01 9.99409892e-01 9.34217616e-04
-7.67558672,2.90576338,3.64784868 2.9759858,-0.04891006,-8.29517609	12.24660844,-7.8323862,15.22016572	9.99945497e-01 9.99604802e-01 9.99397213e-01 7.82754727e-04
-6.55741598,3.62116048,5.65299178 2.37246912,-8.17004968,-1.87278181	9.72048257,15.54733007,-7.71057581	9.99846033e-01 9.99617560e-01 9.99431761e-01 7.23958231e-04
-12.52286961,1.27402864,4.13875278 4.11782061,1.13939364,-12.49304958	13.55996464,-7.70547698,13.71696086	9.99943754e-01 9.99450181e-01 9.99436316e-01 8.52765303e-04
1.4164927,-9.09644988,-16.36741842 -16.37501678,-4.20235133,1.41914296	9.40241499,0.37537797,9.38168484	0.99993089 0.99947924 0.99948302 0.50000166
2.46967495,-1.69431626,-8.23968407 -6.7732075,5.38296756,3.65384851	9.84019519,-7.69989473,15.51284455	9.99853241e-01 9.99429197e-01 9.99622494e-01 7.28191470e-04
3.92911281,-10.39169061,0.38126225 -10.39073973,4.2719346,2.25808114	12.51220613,14.54627812,-7.66843682	9.99938415e-01 9.99391486e-01 9.99554104e-01 8.19570439e-04
2.83171457e+00,3.57624197e+00,-7.78136167e+00 -6.41095275e-03,-8.15881764e+00,3.04431548e+00	-7.85070914,15.23737894,12.29202471	9.99946691e-01 9.99600451e-01 9.99397500e-01 7.84081131e-04
-16.25002536,-12.43446974,1.4200797 1.424707,-1.93586065,-16.37726753	8.77310201,3.2396259,9.39315445	0.99997752 0.99943623 0.99948189 0.50000201
-8.12262589,-1.95391081,2.01072291 3.61011876,5.872414,-5.98209748	15.57575191,-7.74298546,10.04997279	9.99869155e-01 9.99430169e-01 9.99631889e-01 7.18816987e-04
-7.03132729,4.98045425,3.6716102 2.58402111,-1.42262341,-8.28005225	10.10472547,-7.70032398,15.48457426	9.99869563e-01 9.99630788e-01 9.99425612e-01 7.33340073e-04
3.23830529,0.61701167,-8.18693931 -7.95857258,1.87347028,3.53149973	13.30987987,-7.96328518,14.73434579	9.99956403e-01 9.99399451e-01 9.99518959e-01 8.26495147e-04
1.41671872,-10.49143242,-16.34310145 -16.37397009,-3.9598969,1.4155303	9.4002031,2.54788152,9.32040995	0.99997592 0.9994727  0.99948229 0.50000185
3.60096984,-6.59462446,5.66922406 -8.13209935,2.4019446,-1.89142314	15.56149872,9.67314956,-7.71343325	9.99843235e-01 9.99615629e-01 9.99432841e-01 7.23117920e-04
-10.45372187,0.27653754,3.87702399 4.2987727,2.42175956,-10.36946106	14.62242427,-7.64675791,12.34659642	9.99936292e-01 9.99391251e-01 9.99568491e-01 8.12327032e-04
-8.16654462,2.52784687,-1.31648178 3.61490072,-6.94344099,4.82459032	15.52533744,10.30742113,-7.72825243	9.99882887e-01 9.99425596e-01 9.99635284e-01 7.32499964e-04
1.41825339,-9.77135333,-16.39270658 -16.37540864,-4.69223326,1.45289915	9.39683108,2.48102763,9.28445076	0.99997461 0.99947262 0.99948209 0.50000183
3.60954675,-7.90453802,2.20574676 -8.28971381,3.16984119,0.39225985	14.91827088,12.94708873,-7.91042184	9.99953568e-01 9.99550849e-01 9.99391868e-01 8.14102936e-04
3.60120131,-7.79673852,2.54742178 -8.23262316,3.07659098,0.17334708	15.10771073,12.60634847,-7.87682793	9.99950753e-01 9.99580370e-01 9.99393118e-01 7.97491114e-04
-8.0656473,1.61874802,3.54479841 3.32670716,0.80776116,-8.26441396	13.56655025,-7.97811909,14.49517559	9.99956461e-01 9.99490747e-01 9.99409485e-01 8.37104914e-04
2.87409793,-0.78172323,-8.39166469 -7.59762405,4.04205534,3.71910926	10.93138864,-7.71856597,15.38654446	9.99908555e-01 9.99414405e-01 9.99639397e-01 7.50107188e-04
2.54833797,-7.69002736,3.62653309 0.17523388,3.01581794,-8.28173083	-7.87790779,12.64737147,15.09848911	9.99951504e-01 9.99580975e-01 9.99393064e-01 7.97329150e-04
-8.23551424,-1.63850226,2.37511923 3.65421801,5.31865398,-6.63167725	15.51729765,-7.71085717,9.99558096	9.99863767e-01 9.99427948e-01 9.99627483e-01 7.28204517e-04
2.33183224,-8.15778267,-1.55048364 -6.57480344,3.61574823,5.19250083	10.15518521,15.54593434,-7.73016611	9.99874800e-01 9.99427806e-01 9.99632268e-01 7.27511453e-04
-16.34718412,-6.72451811,1.42409572 1.38785962,-6.88623553,-16.38069424	9.46273699,0.72834678,9.38372221	0.99994385 0.99948627 0.99948145 0.50000173
3.59941393,5.07436533,-6.76655191 -8.13160022,-1.48650719,2.44451263	15.54984186,-7.72985038,10.13445724	9.99873763e-01 9.99630925e-01 9.99428049e-01 7.28660643e-04
-0.58516601,-8.23171546,2.79502892 3.74489738,3.63622677,-7.4409196	-7.76841406,15.41697519,11.3514229	9.99925153e-01 9.99412341e-01 9.99637690e-01 7.53442956e-04
-16.36711252,1.45033234,-3.88232074 1.40903199,-16.38119005,-10.26503344	9.41715959,9.26665443,1.76052648	0.99996365 0.99948345 0.99946994 0.50000183
-6.76600278,4.83505061,3.62526759 2.41718513,-1.30941183,-8.18244162	10.41813416,-7.73413272,15.52451008	9.99888821e-01 9.99638671e-01 9.99424946e-01 7.32064990e-04
3.34322611,1.11744769,-8.07811656 -8.00005233,1.25946982,3.4053887	14.03512922,-8.02669117,14.1890331	9.99958870e-01 9.99439215e-01 9.99454058e-01 8.39889475e-04
-8.3003467,0.42329728,3.13162166 3.61230048,2.15988942,-7.82599605	14.89418753,-7.92123151,13.02732951	9.99954609e-01 9.99392694e-01 9.99547209e-01 8.15400708e-04
3.02009067,4.17866014,-9.1976955 -0.10045361,-9.54566083,3.5977753	-7.64673809,14.92280716,11.78953526	9.99927569e-01 9.99608394e-01 9.99393915e-01 7.90136285e-04
-9.77572195,3.79001556,0.22471799 4.19646788,-9.65347869,2.50063066	14.71280675,12.29887663,-7.67832583	9.99936644e-01 9.99388675e-01 9.99573399e-01 8.11373898e-04
5.19864112,-6.87949728,3.6311536 -1.57489891,2.51881113,-8.19716152	-7.7082019,9.95042234,15.52275818	9.99861221e-01 9.99625966e-01 9.99428461e-01 7.29336983e-04
-0.30042008,3.40123478,-14.04380417 3.36489344,-14.03680533,4.29470723	-7.44030002,11.3760843,14.76201953	9.99912947e-01 9.99371573e-01 9.99607910e-01 8.18390617e-04
2.66136527,-8.24854662,-0.91058054 -7.21996391,3.65135034,4.2359881	10.85986168,15.46227776,-7.73983411	9.99907772e-01 9.99418643e-01 9.99641933e-01 7.42841590e-04
-8.08398756,-1.96738256,2.46083077 3.57467688,5.76753385,-6.66643675	15.57863241,-7.71193344,9.54335986	9.99834277e-01 9.99435042e-01 9.99611004e-01 7.21539616e-04
2.42625692,-2.07935863,-8.04270342 -6.57141067,5.933868,3.55445808	9.46307992,-7.71816526,15.5998999	9.99828783e-01 9.99436986e-01 9.99607321e-01 7.18885736e-04
3.75952795,-7.4244544,3.62672253 -0.59520633,2.78576672,-8.21223715	-7.77046086,11.34035178,15.42622586	9.99925008e-01 9.99638085e-01 9.99412862e-01 7.52642319e-04
3.66635381,5.12188087,-6.85989535 -8.26574445,-1.51482353,2.49495538	15.49779642,-7.70412266,10.0495742	9.99866546e-01 9.99629090e-01 9.99426681e-01 7.31183427e-04
-7.05280672,3.65002321,4.81625128 2.58722543,-8.23806407,-1.31041499	10.26651047,15.49486666,-7.71329361	9.99879536e-01 9.99634497e-01 9.99424607e-01 7.34389755e-04
4.72796167,-6.91741335,3.63128601 -1.24361022,2.5026537,-8.1985212	-7.73045793,10.44041589,15.5115394	9.99889540e-01 9.99638357e-01 9.99424101e-01 7.34090421e-04
3.71820805,4.11575325,-7.49839452 -8.38730598,-0.83035596,2.81719381	15.3976539,-7.71851092,10.88260609	9.99906819e-01 9.99640056e-01 9.99415465e-01 7.48246320e-04
3.8306114,-7.72162083,3.73459421 -0.64019979,2.9466586,-8.4288759	-7.72480773,11.14001201,15.350269	9.99915843e-01 9.99637065e-01 9.99410932e-01 7.55707551e-04
3.66151235,-7.02076996,4.97814639 -8.25984042,2.57838972,-1.42136411	15.49161583,10.11131717,-7.70331252	9.99870255e-01 9.99630930e-01 9.99425795e-01 7.33023305e-04
1.43422051,-5.16724363,-16.37543982 -16.38219584,-9.11335163,1.41819957	9.34308175,1.96215696,9.39698145	0.99996804 0.99948215 0.99947742 0.50000181
3.47815343,-8.06100698,1.41445292 -8.18062839,3.35236178,0.9765279	14.32279897,13.81831554,-8.00419597	9.99957606e-01 9.99469214e-01 9.99424224e-01 8.40498911e-04
-12.95913027,1.4001833,-16.16184159 -1.49439957,-16.35858632,1.37675127	4.18419011,9.43605442,8.3990971	0.99998346 0.99943223 0.99948444 0.5000021 
3.23449391,0.53379378,-8.04521395 -7.97290495,1.9899893,3.46943318	13.18005644,-7.96274346,14.8641803	9.99956415e-01 9.99398056e-01 9.99531731e-01 8.19518161e-04
3.62960794,3.33653742,-7.62035301 -8.23476478,-0.32214351,2.91596985	15.34586198,-7.79580282,11.76610899	9.99936097e-01 9.99625791e-01 9.99405366e-01 7.65983743e-04
4.2238808,3.37812662,-9.25774013 -9.68002485,-0.31908173,3.49690315	14.98342882,-7.59970042,11.42616872	9.99917691e-01 9.99626590e-01 9.99400782e-01 7.76880135e-04
-8.4095512,2.7864566,-1.0309054 3.73184931,-7.44897113,4.41551089	15.40800493,10.55987127,-7.69623103	9.99892275e-01 9.99418589e-01 9.99639186e-01 7.43656381e-04
1.42009362,-6.32357668,-16.29784662 -16.37388091,-8.12268002,1.3329623	9.38538072,2.3458056,9.58776414	0.99997652 0.99949365 0.99948082 0.50000182
3.17956909,-8.26002141,0.39969739 -7.91943066,3.5937241,2.19384138	12.9566324,14.91992623,-7.91411604	9.99953742e-01 9.99392219e-01 9.99549846e-01 8.14318794e-04
3.65327032,-7.80042389,2.90126789 -8.30779348,3.04638444,-0.04733396	15.20787359,12.20240074,-7.82418334	9.99944165e-01 9.99603706e-01 9.99396538e-01 7.84016113e-04
0.55913984,3.85589556,-9.57677797 1.98569719,-9.45911168,4.12143724	-7.7613807,12.85619467,14.45813259	9.99943232e-01 9.99391477e-01 9.99525444e-01 8.34522104e-04
0.58101372,0.30158611,-16.34897644 -15.17812198,-14.81747569,1.38970008	6.558569,5.86015314,9.45916941	0.99998225 0.99948585 0.99948694 0.50000223
3.59366461,-0.10276782,-9.38005446 -9.09059737,3.01922512,4.12517639	11.79200416,-7.66166614,14.94846585	9.99928045e-01 9.99393475e-01 9.99607872e-01 7.90169108e-04
3.12650214,-8.2231089,0.24025216 -7.8679125,3.59052109,2.44056041	12.70006067,15.06016161,-7.8875845	9.99951617e-01 9.99392296e-01 9.99571621e-01 8.02570309e-04
2.97059429,0.05532753,-8.10584528 -7.63326683,2.73412049,3.54677242	12.46432587,-7.8786932,15.23291518	9.99950291e-01 9.99397664e-01 9.99595605e-01 7.85738879e-04
4.40075203,-12.18780125,3.84048967 -12.23389495,3.43949836,-0.61436124	14.93002953,10.8912382,-7.47032012	9.99896463e-01 9.99640416e-01 9.99410668e-01 7.63104001e-04
-9.238137,-0.38010079,3.40753507 4.0913137,3.46062741,-8.75010227	15.0728378,-7.6397508,11.36140254	9.99917055e-01 9.99401036e-01 9.99627942e-01 7.74160719e-04
3.52131704,-7.61191164,3.64764632 -0.44046241,2.90074929,-8.26341255	-7.77523379,11.54903151,15.36808822	9.99930279e-01 9.99631638e-01 9.99408108e-01 7.60822466e-04
-6.67316976,5.41093253,3.61916001 2.41789127,-1.71381122,-8.16861778	9.86214095,-7.71411387,15.54261398	9.99855966e-01 9.99622637e-01 9.99430121e-01 7.26255421e-04
-8.24271233,-0.13156768,2.97857901 3.62554143,3.03511771,-7.69594507	15.27200035,-7.8222943,12.0895304	9.99942841e-01 9.99399863e-01 9.99612013e-01 7.77091414e-04
-8.21488614,-1.06141724,2.55283774 3.63747134,4.46321035,-7.02553551	15.49262467,-7.73859562,10.69172023	9.99901255e-01 9.99421450e-01 9.99641945e-01 7.38052147e-04
-8.11644827,2.53163419,-1.69312673 3.58986525,-6.86285022,5.35897003	15.55595722,9.79153146,-7.71287359	9.99851875e-01 9.99431304e-01 9.99620593e-01 7.26241815e-04
-13.63871065,1.41379547,-15.88271748 -0.85627768,-16.3711487,1.14140199	5.22235095,9.40642769,7.87038799	0.99998699 0.99945932 0.99948261 0.50000219
-8.22230842,3.12292818,0.22965376 3.59103571,-7.8644003,2.45727824	15.06819232,12.68266768,-7.88564978	9.99951437e-01 9.99392392e-01 9.99572992e-01 8.01794626e-04
0.37119993,-8.22612126,3.1592103 2.23681138,3.57977356,-7.88960063	-7.91386344,14.956504,12.92031845	9.99953754e-01 9.99392413e-01 9.99554138e-01 8.11664779e-04
-8.18831969,-1.65130009,2.49952641 3.62710754,5.31032411,-6.82754964	15.52921982,-7.70709003,9.86853602	9.99855968e-01 9.99429501e-01 9.99623263e-01 7.28015785e-04
-12.85441071,1.37015266,-16.19142853 -1.44995071,-16.33136778,1.39599164	3.38449653,9.50306504,8.5198869	0.99997754 0.99943163 0.99948858 0.50000207
-7.66682939,2.68560109,3.58797149 2.99180987,0.0873124,-8.19213145	12.50374799,-7.87186023,15.18280985	9.99950195e-01 9.99591519e-01 9.99395603e-01 7.89791666e-04
-16.37813836,-9.06690224,1.42283829 1.42961823,-4.62657543,-16.38054436	9.35653817,0.87306665,9.38812729	0.99994504 0.9994782  0.99948194 0.50000175
-13.87105031,4.24445723,2.2685542 3.78697927,-13.85639737,0.38065397	12.44646284,14.42525093,-7.56583099	9.99935768e-01 9.99536530e-01 9.99367267e-01 8.54008609e-04
1.43417775,-16.37184741,-6.87669086 -16.39031351,1.41468146,-6.86605952	9.36229927,9.40370865,0.91687731	0.9999468  0.99948265 0.99948017 0.50000175
-1.46923962,-8.18163888,2.6059427 5.03664905,3.62148051,-7.05008807	-7.70889917,15.5197696,10.02437329	9.99866011e-01 9.99427584e-01 9.99628450e-01 7.31116189e-04
-8.10292141,-1.53772219,2.48960058 3.58389198,5.13684718,-6.82554253	15.56054731,-7.72796453,10.02502078	9.99867501e-01 9.99429369e-01 9.99627570e-01 7.27661884e-04
3.57484225,-7.03337443,4.83718657 -8.08974753,2.58846114,-1.3357607	15.55228456,10.23076958,-7.73376554	9.99879609e-01 9.99633201e-01 9.99427245e-01 7.31035802e-04
0.80330559,-8.70334707,3.51685655 1.63212497,3.76169043,-8.44638682	-7.91209818,14.36779107,13.42695521	9.99951859e-01 9.99404867e-01 9.99488381e-01 8.43746587e-04
0.6492159,-8.20037781,3.26733198 1.82861809,3.53388409,-8.00274829	-7.96438998,14.69338882,13.3457703	9.99956268e-01 9.99400613e-01 9.99513901e-01 8.28813648e-04
-0.79794946,-8.22611793,2.74218078 4.06400108,3.63758281,-7.35810675	-7.7479842,15.45281274,10.99909921	9.99913213e-01 9.99416843e-01 9.99641057e-01 7.46084921e-04
1.40155251,-5.18006251,-16.38436967 -16.36045951,-6.21915558,1.42562226	9.43981335,-0.96509468,9.38663245	0.99986775 0.99948238 0.99948426 0.4999988 
-6.95776299,4.80414178,3.62343929 2.53354977,-1.30125854,-8.1837056	10.32528502,-7.72619123,15.51779674	9.99883610e-01 9.99635732e-01 9.99425141e-01 7.33127122e-04
-8.20862273,0.95016225,3.40718298 3.49545933,1.44513077,-8.17368893	14.33786535,-7.99031386,13.74383661	9.99956630e-01 9.99420904e-01 9.99471402e-01 8.41625322e-04
-7.02187135,3.67417043,4.54292455 2.55028132,-8.28662284,-1.1132756	10.60569236,15.47083481,-7.72480127	9.99896503e-01 9.99640923e-01 9.99421238e-01 7.38268630e-04
-8.10670548,-0.79738576,2.74002431 3.57719721,4.05531599,-7.34463058	15.49675235,-7.76511611,11.00703772	9.99914707e-01 9.99418667e-01 9.99641196e-01 7.43745583e-04
-1.81298254,2.16975528,-8.04839305 5.59572273,-6.23733841,3.56578602	-7.75045933,10.00216643,15.60346185	9.99867339e-01 9.99431615e-01 9.99627431e-01 7.20221327e-04
-7.0440173,4.17939732,3.57781618 2.56289557,-0.87147448,-8.10113084	11.0173718,-7.77257079,15.52023234	9.99915824e-01 9.99644318e-01 9.99420436e-01 7.39914954e-04
-7.73558624,2.18774715,-2.4427358 3.40696043,-6.0175873,6.45330531	15.77574204,9.38470332,-7.80505922	9.99829685e-01 9.99447053e-01 9.99598903e-01 7.01646799e-04
-9.42630592,3.73597581,0.33379823 4.10469151,-9.2255168,2.32335711	14.67764044,12.51963839,-7.73493145	9.99940601e-01 9.99386533e-01 9.99557297e-01 8.20257568e-04
-7.0846495,3.56429994,4.76006173 2.61483336,-8.07023947,-1.2846427	10.28763932,15.55622384,-7.73821829	9.99882954e-01 9.99634415e-01 9.99426948e-01 7.31596138e-04
-4.39267607,-16.37056909,1.44990344 -9.48864513,1.4124249,-16.39341801	1.186146,9.41018157,9.30351241	0.99995227 0.99948317 0.99947426 0.50000178
-7.53985822,3.61598449,3.32911351 2.87113001,-8.20699402,-0.31683354	11.80928422,15.35821713,-7.80443433	9.99937578e-01 9.99626172e-01 9.99405862e-01 7.65199128e-04
-8.14389268,2.352804,-1.93857628 3.60846103,-6.50405264,5.75092407	15.55963648,9.66847712,-7.71382835	9.99842691e-01 9.99432822e-01 9.99615400e-01 7.22454474e-04
-7.89166422,3.30819898,0.97766661 3.32890319,-7.96979321,1.41141468	14.42783504,13.87493424,-8.0426058	9.99960139e-01 9.99428894e-01 9.99472348e-01 8.34310999e-04
3.5472645,-6.9781255,5.10862357 -8.03478673,2.58379834,-1.53086367	15.58228895,9.95926735,-7.73096605	9.99864350e-01 9.99625746e-01 9.99430845e-01 7.26859421e-04
1.75430804,-2.06574567,-8.13458597 -5.60854812,6.13586444,3.62724418	10.34287696,-7.75782413,15.57367391	9.99886019e-01 9.99428694e-01 9.99647212e-01 7.14583143e-04
-16.30592778,1.38823391,-9.1334148 1.35273726,-16.34864424,-3.93241921	9.53156144,9.46398432,0.1363055	0.99992993 0.99948775 0.9994867  0.50000159
-7.43766376,3.23521822,3.64186634 2.81594659,-0.25231763,-8.26139359	11.97189472,-7.81308743,15.32603072	9.99941265e-01 9.99623238e-01 9.99403875e-01 7.68536262e-04
-11.05030092,4.03035432,0.66611841 4.27743364,-11.03508087,1.84282142	14.25845397,12.93873864,-7.69458638	9.99941785e-01 9.99401742e-01 9.99514469e-01 8.34651072e-04
-0.6178235,-8.26442203,2.69495659 3.80384945,3.65464506,-7.27516466	-7.76801885,15.41956342,11.36530878	9.99925782e-01 9.99412995e-01 9.99640063e-01 7.51753645e-04
1.5297162,-7.86175009,3.46780063 0.87911599,3.23113012,-8.12962845	-8.01727804,13.75301202,14.47061316	9.99959052e-01 9.99484155e-01 9.99417944e-01 8.34699382e-04
-7.84411344,2.54827056,-1.38551544 3.44998725,-6.91416837,4.87487672	15.66944813,10.19510145,-7.78097408	9.99881655e-01 9.99433475e-01 9.99631056e-01 7.22918463e-04
1.41409611,-4.7827654,-16.34580936 -16.36789123,-8.23749044,1.38491841	9.40276591,0.07774276,9.47164351	0.99992334 0.99948727 0.99948165 0.50000155
-1.56399964,-8.15629777,2.40509022 5.19555997,3.61308888,-6.68795395	-7.72458521,15.54417723,10.06496323	9.99869274e-01 9.99428394e-01 9.99629123e-01 7.27855613e-04
-1.81470898,-7.99973764,2.44159717 5.52683431,3.53248571,-6.65712111	-7.73715681,15.61501946,9.72259934	9.99849324e-01 9.99434652e-01 9.99616485e-01 7.21101748e-04
-0.92292348,-8.14298832,2.73066046 4.24170342,3.59718251,-7.32968946	-7.74731575,15.49603451,10.79008896	9.99905744e-01 9.99420265e-01 9.99640817e-01 7.41208682e-04
1.4107857,-16.37113926,-4.34716248 -16.35426678,1.41329615,-9.67333558	9.37932765,9.40800585,1.44460068	0.99995957 0.99948293 0.99947857 0.5000018 
3.602075,-7.84169024,2.58354161 -8.23150183,3.09815125,0.15023621	15.12000595,12.54905793,-7.86932479	9.99949821e-01 9.99582787e-01 9.99393224e-01 7.96297708e-04
3.42204062,1.09989308,-8.30278786 -8.1598298,1.27950908,3.52255127	13.9437634,-7.99172493,14.13048247	9.99956437e-01 9.99434247e-01 9.99453122e-01 8.44697007e-04
-8.13358343,-1.0787739,2.53256487 3.59674471,4.48311274,-6.98160294	15.52561873,-7.75084821,10.68283487	9.99901839e-01 9.99422965e-01 9.99641914e-01 7.35909299e-04
3.62895322,4.53484518,-6.91856048 -8.1951581,-1.10620918,2.49159339	15.5060384,-7.74191342,10.67211646	9.99900785e-01 9.99642509e-01 9.99422313e-01 7.36307859e-04
2.83797502,-8.02111987,-0.57027258 -7.4982039,3.52886427,3.70776998	11.36071945,15.48919098,-7.79686837	9.99927113e-01 9.99415305e-01 9.99637260e-01 7.50049239e-04
-1.54902375e+01,-1.44568818e+01,1.39837129e+00 8.40582336e-01,1.20642943e-02,-1.63569924e+01	6.96238008,5.3530853,9.44010115	0.99998113 0.99947758 0.99948471 0.50000222
3.56155897,2.92900521,-7.44670356 -8.11863397,-0.06249673,2.84701902	15.3007798,-7.86474586,12.32762697	9.99948908e-01 9.99609096e-01 9.99401091e-01 7.76642626e-04
-4.21646705,-16.32862761,1.47365428 -10.03111584,1.36705485,-16.40850451	1.95879768,9.51012702,9.23171089	0.99996802 0.99948906 0.99946862 0.50000183
2.42569885,-1.6020269,-8.21017286 -6.71935543,5.2529808,3.63997658	9.99533722,-7.71266576,15.52366834	9.99864061e-01 9.99428161e-01 9.99627236e-01 7.28565996e-04
-1.77242617,-8.15824487,2.29696906 5.52043859,3.6174624,-6.46201847	-7.72286297,15.5528454,9.908897	9.99859398e-01 9.99430138e-01 9.99624267e-01 7.24413589e-04
-6.86110691,3.6317504,5.00434745 2.49004106,-8.19749811,-1.43679647	10.16310644,15.52024993,-7.71881037	9.99874399e-01 9.99631964e-01 9.99426564e-01 7.31040166e-04
-0.70713762,-11.05218253,3.47798365 3.9747283,4.39003893,-11.00191006	-7.48582668,14.97478908,10.73167614	9.99889493e-01 9.99415254e-01 9.99643384e-01 7.56398212e-04
2.88173537,-7.65299366,3.64413777 -0.03355747,2.96522245,-8.28910781	-7.83724059,12.2839073,15.21622833	9.99946268e-01 9.99603592e-01 9.99397013e-01 7.83426717e-04
-8.13537617,2.4229205,-1.83941673 3.60208646,-6.64423213,5.58982505	15.55791335,9.71158085,-7.71301784	9.99845974e-01 9.99432255e-01 9.99617194e-01 7.24018583e-04
-8.96274272,-16.3896229,1.41539836 -5.10960941,1.44075637,-16.37303705	1.5092284,9.33296571,9.40329515	0.99995985 0.99947701 0.99948263 0.50000179
4.40952562,-11.47859641,3.99569291 -11.56510957,3.42908364,-0.71653007	14.96048739,10.72935739,-7.47229604	9.99889322e-01 9.99644105e-01 9.99415122e-01 7.56529551e-04
-8.30683037,2.75898896,-0.75974282 3.67748674,-7.39137323,4.01067793	15.42000007,11.05235123,-7.74079867	9.99914403e-01 9.99415101e-01 9.99640572e-01 7.48615045e-04
-9.00430506,4.03300683,2.14922801 3.68724271,-9.24433021,0.44484548	12.73574845,14.61594814,-7.77812551	9.99943814e-01 9.99540974e-01 9.99387256e-01 8.27806318e-04
3.56084347,-6.95276164,4.41558937 -8.06312197,2.5173362,-1.03500188	15.55201468,10.77291414,-7.76716207	9.99906633e-01 9.99643101e-01 9.99423643e-01 7.34993372e-04
4.11643678,1.83143434,-14.71220521 -14.73336096,0.68512298,3.79978018	14.02964565,-7.53509495,12.80330429	9.99935509e-01 9.99454441e-01 9.99331535e-01 9.37267552e-04
3.31758658,3.64856246,-7.61417983 -0.30892708,-8.27330293,2.91256156	-7.79352526,15.32964539,11.79153129	9.99936463e-01 9.99624980e-01 9.99404558e-01 7.67218608e-04
4.66462101,-7.10924593,3.63165322 -1.20826134,2.61363722,-8.20353209	-7.72362682,10.40331973,15.5011402	9.99887272e-01 9.99637044e-01 9.99423720e-01 7.35648008e-04
-6.32807249,3.61647203,5.8984144 2.25524109,-8.1530428,-2.02113823	9.68156468,15.56101765,-7.71789649	9.99843507e-01 9.99615919e-01 9.99432784e-01 7.20876589e-04
-1.75947359,2.53970571,-8.17239878 5.46340709,-6.86919715,3.61800077	-7.69937395,9.70637449,15.53444607	9.99844813e-01 9.99431340e-01 9.99618232e-01 7.26621901e-04
10.42033018,0.54107746,7.8696217 -5.15546491,-1.53093439,-3.88160108	-12.27484069,37.26409911,-4.58346538	0.99996294 0.99844496 0.998767   0.00133778
2.62780365,-1.27740499,-8.22229345 -7.12615248,4.76422093,3.64123731	10.28524452,-7.71433948,15.49634025	9.99880685e-01 9.99424430e-01 9.99634843e-01 7.34945531e-04
3.67873754,4.75745644,-7.00562138 -8.29396786,-1.26305539,2.55169191	15.47553126,-7.7119746,10.3661371	9.99884352e-01 9.99636841e-01 9.99423181e-01 7.35824509e-04
3.33467969,4.18912749,-15.07594351 -0.27966471,-15.00132429,3.28881408	-7.32317505,14.54810564,11.28584701	9.99904414e-01 9.99559499e-01 9.99297109e-01 9.17222984e-04
-8.27484927,-1.2766607,2.57802043 3.66864702,4.77177641,-7.04562419	15.48129219,-7.71163579,10.32409452	9.99882255e-01 9.99423673e-01 9.99635802e-01 7.35466464e-04
-16.37416204,1.4279216,-10.34487654 1.44478065,-16.3847343,-3.98477984	9.27104687,9.37651471,2.19815468	0.99997026 0.99947005 0.99948093 0.50000184
0.66660225,-16.3654917,0.23065107 -15.27516162,1.40755456,-14.72525526	6.62512017,9.42006766,5.7257312	0.99998127 0.99948349 0.99948409 0.50000223
-13.6968598,1.4268241,-15.90867395 -0.67318294,-16.38361505,1.17502754	4.50617862,9.37876157,7.83606322	0.9999808  0.99945233 0.999481   0.50000218
-8.15950468,-2.01131842,2.43112037 3.61381622,5.85064104,-6.61798541	15.5499673,-7.70011618,9.52524778	9.99831356e-01 9.99434142e-01 9.99610789e-01 7.22455522e-04
1.17942341,4.15089113,-11.89736774 1.23062426,-11.84534373,4.17963738	-7.7195103,13.61733352,13.67270397	9.99943728e-01 9.99442987e-01 9.99448354e-01 8.48603220e-04
2.50980461,-1.54074149,-8.20449111 -6.87290533,5.15140676,3.63504545	10.00295228,-7.70985983,15.51961823	9.99864493e-01 9.99427870e-01 9.99627538e-01 7.29876732e-04
-0.99047047,2.66857611,-8.24315876 4.35090364,-7.22831613,3.64932481	-7.73208414,10.71654063,15.46988233	9.99901678e-01 9.99419973e-01 9.99640921e-01 7.41012436e-04
-8.0825264,-1.98994077,2.18169519 3.58326688,5.85840339,-6.21094279	15.59223147,-7.73785458,9.79310752	9.99852825e-01 9.99432961e-01 9.99619734e-01 7.19002933e-04
3.53332068,-7.59241129,3.29728555 -8.04517095,2.90842963,-0.30249386	15.40948319,11.82168154,-7.82601843	9.99938878e-01 9.99625422e-01 9.99407892e-01 7.63045700e-04
5.3272598,-6.70625088,3.56024981 -1.67087024,2.44239211,-8.05413618	-7.73373193,9.89346553,15.5875574	9.99859988e-01 9.99622914e-01 9.99431743e-01 7.24369697e-04
3.24579739,-8.1836589,0.58579105 -7.9821453,3.53354135,1.9174562	13.25156018,14.76552312,-7.95602623	9.99955967e-01 9.99397976e-01 9.99523275e-01 8.25032401e-04
5.67840461,-6.60974744,3.53365467 -1.91596105,2.4291728,-8.00153221	-7.73338051,9.62224766,15.61665456	9.99842001e-01 9.99612739e-01 9.99435796e-01 7.19803334e-04
3.30467835,-0.43429234,-8.79318559 -8.39551321,3.52760469,3.90313413	11.31915099,-7.68505971,15.18670611	9.99918138e-01 9.99403077e-01 9.99629254e-01 7.69450165e-04
0.32301618,3.8717737,-11.2674306 2.35290212,-11.16574628,4.33165627	-7.62696728,12.41406109,14.55989907	9.99937075e-01 9.99393064e-01 9.99563789e-01 8.13668385e-04
-16.38013422,-5.8049671,1.41959677 1.4222166,-7.46784309,-16.37589748	9.38982301,0.32245259,9.39301289	0.99992899 0.99948221 0.99948195 0.50000164
-16.38597567,0.48084827,0.41062137 1.4293405,-15.05608758,-14.95058395	9.3734139,6.40014128,6.02375393	0.99998152 0.99948067 0.99948799 0.50000223
6.65620889,2.78134398,-5.54283796 -2.86668882,-6.54612514,2.23507447	-8.29582672,16.89008793,9.04847631	9.99852475e-01 9.99570165e-01 9.99526473e-01 6.04535829e-04
-6.80212901,5.36479838,3.57175679 2.50070324,-1.69892039,-8.07948282	9.80936167,-7.72204357,15.57357261	9.99853808e-01 9.99620650e-01 9.99431889e-01 7.25088222e-04
4.39456596,-11.86260678,3.99719666 -11.85127334,3.42309602,-0.71945942	14.95756067,10.72265062,-7.46726764	9.99889067e-01 9.99643386e-01 9.99414617e-01 7.57344744e-04
-8.21008314,-1.52223372,2.46218419 3.63893091,5.1320845,-6.79793966	15.51972676,-7.7141442,10.06862603	9.99868596e-01 9.99427351e-01 9.99629422e-01 7.29886727e-04
3.63035527,-7.31485502,4.31381825 -8.2073771,2.72011953,-0.96919024	15.47712228,10.71557856,-7.73469428	9.99901859e-01 9.99640431e-01 9.99420081e-01 7.41276160e-04
3.62516587,4.97085731,-6.92389341 -8.18608926,-1.4176356,2.52609069	15.52181979,-7.71877894,10.15992951	9.99874300e-01 9.99631795e-01 9.99426607e-01 7.31361770e-04
-1.79255193,-7.85604866,2.34886468 5.47892586,3.46147224,-6.47900537	-7.77816538,15.69066542,9.83251273	9.99859829e-01 9.99437445e-01 9.99618575e-01 7.16043383e-04
-7.69913755,3.63285916,2.62063989 3.01421581,-8.28774348,0.12941886	12.5613638,15.12491701,-7.86727504	9.99950302e-01 9.99586163e-01 9.99393559e-01 7.94421433e-04
-1.95277617,2.43423913,-8.00820458 5.73411234,-6.61003385,3.53686586	-7.72980732,9.57962665,15.613741	9.99838651e-01 9.99436149e-01 9.99611286e-01 7.19574873e-04
-7.10918998,4.34426838,3.65450735 2.5973021,-0.98050699,-8.25144967	10.79032677,-7.73750771,15.47122839	9.99905046e-01 9.99642399e-01 9.99419754e-01 7.40749040e-04
2.67429155,3.61010492,-7.77929894 0.09384475,-8.23863921,3.05504745	-7.86077888,15.15620404,12.46988233	9.99948950e-01 9.99589639e-01 9.99394321e-01 7.92058137e-04
-9.17942129,-1.01041507,3.28557522 4.06196548,4.42266485,-8.84791438	15.17573863,-7.56462919,10.3246128	9.99872576e-01 9.99416263e-01 9.99642060e-01 7.51015818e-04
3.62889127,4.91058063,-6.89775463 -8.19281828,-1.37267115,2.50464026	15.51884705,-7.7223105,10.24319491	9.99879032e-01 9.99633966e-01 9.99425853e-01 7.31999727e-04
4.96137776,3.6233088,-6.84039193 -1.40647022,-8.18039322,2.4751471	-7.72448794,15.52651713,10.21988453	9.99877950e-01 9.99633396e-01 9.99426385e-01 7.31029910e-04
3.7603771,3.62509313,-7.48364341 -0.59704984,-8.20972029,2.81998085	-7.76750738,15.42437496,11.31240292	9.99923995e-01 9.99637679e-01 9.99412802e-01 7.52896013e-04
2.72554539,-8.22994768,-0.9938656 -7.32546798,3.64192125,4.35124609	10.66898237,15.47037185,-7.7285903	9.99899513e-01 9.99420148e-01 9.99640082e-01 7.41189988e-04
-10.48020389,-0.4089067,3.64243912 4.32498104,3.50818488,-10.51254733	14.94336508,-7.5376805,11.20120703	9.99908899e-01 9.99407171e-01 9.99631950e-01 7.69299897e-04
-6.60317487,3.63547014,5.74716118 2.40770386,-8.20052109,-1.93699289	9.62040948,15.53480144,-7.6996158	9.99838007e-01 9.99614338e-01 9.99432420e-01 7.23998706e-04
3.58786968,-6.99832921,4.99634803 -8.11449253,2.5780814,-1.44474156	15.54696281,10.08079605,-7.72341859	9.99870561e-01 9.99629541e-01 9.99428235e-01 7.29894475e-04
-6.92712088,3.59664994,4.9060184 2.52736645,-8.13019002,-1.37657348	10.21925721,15.54184837,-7.7299531	9.99878512e-01 9.99633062e-01 9.99426963e-01 7.30829535e-04
3.35184838,-0.06148593,-15.18123318 -15.15346961,2.99305602,4.17523673	11.59691644,-7.32110818,14.41351187	9.99912577e-01 9.99271443e-01 9.99527258e-01 9.57501659e-04
1.08629865,-7.85473755,3.37146189 1.29233441,3.29233099,-8.05744678	-8.04331739,14.30345935,13.99445862	9.99960028e-01 9.99438873e-01 9.99458993e-01 8.36482518e-04
-5.70060364,3.48682175,6.52114215 1.94215325,-7.86922879,-2.41527248	9.71651611,15.70831717,-7.79904278	9.99851220e-01 9.99615935e-01 9.99439851e-01 7.04477341e-04
-6.01272789,3.55725063,6.13427397 2.08855531,-8.0231797,-2.16340192	9.73519113,15.62399424,-7.75303908	9.99849752e-01 9.99617396e-01 9.99435097e-01 7.14381689e-04
2.51735051,-8.25256648,-1.56604357 -6.8859753,3.65925369,5.19236178	9.96277908,15.50218697,-7.700679	9.99861173e-01 9.99427579e-01 9.99626626e-01 7.30456169e-04
-8.11052249,2.77683324,-0.30783521 3.56826936,-7.37089208,3.3170275	15.39975612,11.9042875,-7.82772465	9.99941014e-01 9.99407752e-01 9.99627644e-01 7.62391905e-04
-8.21503859,-1.49169479,2.43909209 3.6419298,5.09293005,-6.76749703	15.51806196,-7.71689309,10.13121648	9.99872363e-01 9.99426791e-01 9.99631295e-01 7.30232151e-04
3.52336889,1.59089113,-7.9355878 -8.22623476,0.83002042,3.26138383	14.49109906,-7.99511226,13.64642747	9.99957722e-01 9.99489193e-01 9.99412398e-01 8.35746143e-04
-11.39858474,4.40152621,4.63276265 3.2395652,-11.43461128,-1.13199772	10.14361383,15.00341583,-7.43562724	9.99857454e-01 9.99646959e-01 9.99423434e-01 7.44756730e-04
5.09788925,3.65185075,-6.99152787 -1.50593773,-8.24031936,2.57270665	-7.70130608,15.50171511,9.99878307	9.99863575e-01 9.99627795e-01 9.99427182e-01 7.31423073e-04
-9.87050068,1.42311287,-16.38779527 -3.81700938,-16.38095162,1.44992255	0.90519132,9.38773518,9.29287789	0.99994416 0.99947237 0.99948195 0.50000176
-6.55053892,5.36300907,3.6565871 2.32729403,-1.66121254,-8.23741862	10.01407705,-7.71276718,15.51866694	9.99864985e-01 9.99628319e-01 9.99427862e-01 7.27614295e-04
-1.36013372,2.60468887,-8.21312181 4.88358569,-7.07196572,3.63725273	-7.71172381,10.17980255,15.50453638	9.99874904e-01 9.99425652e-01 9.99632484e-01 7.33306057e-04
1.43925477,-16.33984414,-4.66198431 -16.39207233,1.37798097,-8.0824721	9.35217737,9.4877771,-0.15841673	0.99991224 0.99948843 0.99947848 0.50000139
3.59552041,-5.9108931,6.30808548 -8.09219551,2.02400472,-2.252955	15.5952261,9.74117484,-7.74287223	9.99848801e-01 9.99619174e-01 9.99433891e-01 7.14456146e-04
-11.94832494,3.8712126,0.27508701 4.33548311,-11.94963377,2.4258227	14.57978933,12.3217203,-7.60439112	9.99935486e-01 9.99391971e-01 9.99568781e-01 8.12237977e-04
5.4362598,3.63406754,-6.8453607 -1.73753824,-8.20316372,2.52071732	-7.6979817,15.52387703,9.74669944	9.99847211e-01 9.99619558e-01 9.99430526e-01 7.27341392e-04
-7.39627969,3.63686085,3.68857781 2.77067115,-8.23396292,-0.5465888	11.44205512,15.41151855,-7.77533126	9.99928025e-01 9.99637091e-01 9.99411564e-01 7.54622238e-04
4.38453372,-11.26290434,3.79027341 -11.29801495,3.499176,-0.58529108	14.94934856,10.93095697,-7.49181542	9.99898388e-01 9.99640534e-01 9.99412512e-01 7.60857864e-04
-13.65035166,4.57004169,4.35163698 2.98541492,-1.04337733,-13.73488173	10.35626253,-7.37406169,14.90368663	9.99869361e-01 9.99642965e-01 9.99398589e-01 7.74946919e-04
-0.96000488,-8.27233172,2.64017013 4.31127655,3.66417595,-7.18388377	-7.73347976,15.45960974,10.78996488	9.99904668e-01 9.99419148e-01 9.99641816e-01 7.41918686e-04
-0.59614196,2.85287787,-8.14016039 3.75388491,-7.53606366,3.589601	-7.77413475,11.2949569,15.4462449	9.99923911e-01 9.99413694e-01 9.99637431e-01 7.51936718e-04
-6.96800446,4.70567047,3.61926013 2.53370638,-1.23262544,-8.17608999	10.43113144,-7.73228517,15.51767246	9.99889265e-01 9.99637875e-01 9.99424356e-01 7.34078752e-04
-8.20511728,-1.21648247,2.5629284 3.63336011,4.68198316,-7.02258778	15.50423371,-7.72685089,10.43121351	9.99888825e-01 9.99423747e-01 9.99637797e-01 7.35143382e-04
-8.23789867,2.53607872,-1.44685627 3.65128227,-6.94103707,5.01689645	15.5030236,10.10951096,-7.70847292	9.99870543e-01 9.99426288e-01 9.99630705e-01 7.31975174e-04
-0.94974015,2.71272506,-8.21410585 4.28670764,-7.30375479,3.63366334	-7.73623534,10.75411736,15.47369682	9.99903492e-01 9.99419677e-01 9.99640771e-01 7.41781800e-04
-8.26000585,-0.4870022,2.85961011 3.647559,3.59393728,-7.54513755	15.38318432,-7.7726906,11.48906669	9.99928788e-01 9.99409466e-01 9.99633888e-01 7.58368852e-04
4.46276105,3.67544245,-7.17866811 -1.06451299,-8.29286794,2.64072065	-7.72138951,15.46012231,10.61197696	9.99896450e-01 9.99640107e-01 9.99420512e-01 7.40030771e-04
-13.05713279,4.50759942,4.38392779 3.1053164,-1.02407512,-13.13275203	10.34549913,-7.40418694,14.94324295	9.99869274e-01 9.99645832e-01 9.99410520e-01 7.60485807e-04
3.38819251,-8.12069784,1.13094056 -8.08290961,3.42473682,1.24577709	14.02108217,14.15242378,-8.01531243	9.99958054e-01 9.99439473e-01 9.99451400e-01 8.41757206e-04
-7.45514081,3.93395018,3.68029455 2.79648397,-0.70912242,-8.31487723	11.11713719,-7.74253018,15.40795769	9.99916559e-01 9.99639653e-01 9.99413924e-01 7.50610192e-04
6.64360218,-6.1153858,3.3041111 -2.61304881,2.30305539,-7.5443704	-7.83500295,9.15356002,15.88462007	9.99816220e-01 9.99588388e-01 9.99456632e-01 6.92294738e-04
-16.35377809,0.19555893,0.73228508 1.39486587,-14.66777314,-15.34769262	9.44781784,5.56870483,6.67328688	0.9999805  0.99948518 0.99948057 0.50000222
-8.21402675,-0.85095509,2.66822985 3.63313852,4.14654806,-7.23071102	15.46832779,-7.74997049,10.96111216	9.99912145e-01 9.99418099e-01 9.99642194e-01 7.43771622e-04
5.50771398,-6.6516433,3.61178355 -1.78113237,2.41653053,-8.15403249	-7.71328423,9.78352056,15.54973782	9.99850787e-01 9.99619842e-01 9.99431177e-01 7.25100148e-04
-8.05307537,1.86688886,-1.69174458 3.57822076,-5.85226758,5.5373704	15.59810065,10.58691439,-7.76900756	9.99899776e-01 9.99428196e-01 9.99652994e-01 7.18538293e-04
-16.37114762,-10.68692058,1.4221814 1.45170171,-4.03117757,-16.37898372	9.22387375,3.47372976,9.38835432	0.999984   0.99946587 0.99948152 0.50000187
3.61206109,3.40470901,-7.58297821 -8.1966094,-0.36654663,2.89200685	15.37341734,-7.79587973,11.69971139	9.99934842e-01 9.99628534e-01 9.99407166e-01 7.62906663e-04
3.68904574,4.20713449,-7.35068543 -8.32576469,-0.89154899,2.73433422	15.42930072,-7.72607321,10.83523925	9.99905728e-01 9.99640919e-01 9.99417305e-01 7.45147035e-04
2.55910498,-1.45753096,-8.27824656 -6.98122162,5.03249314,3.67122905	10.07529945,-7.70063872,15.48807417	9.99867840e-01 9.99426038e-01 9.99629921e-01 7.32620408e-04
-16.37425512,-0.17496511,0.91109358 1.41695412,-14.23420971,-15.59715127	9.39977661,4.97542143,7.40241873	0.99998133 0.99948226 0.99947428 0.50000221
-16.34809819,1.40786404,-6.60956977 1.38835362,-16.36633458,-6.35859422	9.4632874,9.42072665,0.02119295	0.99992152 0.99948652 0.99948401 0.50000152
3.45297072,1.33804749,-8.02677165 -8.15013719,1.04451573,3.34533149	14.2527695,-8.01444837,13.92473253	9.99958156e-01 9.99461552e-01 9.99431102e-01 8.40672141e-04
3.30404685,-8.16125667,0.82987846 -8.01405066,3.48946919,1.58996666	13.62411006,14.50509609,-7.9952406	9.99957543e-01 9.99412542e-01 9.99488776e-01 8.35852380e-04
-6.68214863,5.00877517,3.64011292 2.3768176,-1.42379162,-8.20884256	10.28697656,-7.72570162,15.52042374	9.99881544e-01 9.99635978e-01 9.99425751e-01 7.30613166e-04
-8.25767289,-1.23373387,2.64080168 3.6587207,4.70289561,-7.15726191	15.48128341,-7.71200377,10.34143341	9.99883250e-01 9.99423397e-01 9.99635952e-01 7.36349422e-04
2.94994133,-0.05561337,-8.26191997 -7.63015537,2.91665928,3.6318565	12.25398203,-7.83752047,15.23669214	9.99946006e-01 9.99397967e-01 9.99605931e-01 7.81442942e-04
1.31644984,-7.61603574,-2.72274558 -4.72456503,3.39818483,7.04323907	10.72306152,15.88507464,-7.97578937	9.99910051e-01 9.99445369e-01 9.99655220e-01 6.77134171e-04
5.07430509,-6.8007194,3.60548089 -1.487417,2.46418391,-8.14440886	-7.7260809,10.11543034,15.54368771	9.99872405e-01 9.99630439e-01 9.99427924e-01 7.29074074e-04
-4.613693,-16.34372144,1.45241803 -9.66472302,1.38385127,-16.39370345	1.99369576,9.47219658,9.29026753	0.99996889 0.99948672 0.99947318 0.50000182
2.60442027,-1.29758826,-8.23255422 -7.08337552,4.79553397,3.6468869	10.27238697,-7.7136354,15.4952927	9.99879895e-01 9.99424548e-01 9.99634574e-01 7.34610809e-04
-16.3638302,-6.52630217,1.43965932 1.40607968,-7.50667953,-16.39438764	9.42234551,1.40615734,9.34836832	0.99995844 0.9994837  0.99947903 0.50000178
-8.27281533,-1.0861635,2.6416175 3.66547366,4.49229669,-7.17652308	15.46827032,-7.72207923,10.5760584	9.99894966e-01 9.99421083e-01 9.99639630e-01 7.39283359e-04
3.71303591,-0.22295689,-10.71579601 -10.67747457,3.21708798,4.35665716	11.50801667,-7.55365215,14.87226416	9.99918377e-01 9.99402188e-01 9.99620651e-01 7.78903272e-04
5.91357169,-6.46809291,3.54203818 -2.06471449,2.36616226,-8.01446315	-7.73122358,9.52879619,15.61655908	9.99834614e-01 9.99608898e-01 9.99436905e-01 7.17813298e-04
5.37845873,-6.79081112,3.62129618 -1.69724587,2.48478343,-8.17617217	-7.70749316,9.8243027,15.53535975	9.99853169e-01 9.99621742e-01 9.99430162e-01 7.27121121e-04
-16.37162785,1.48117353,-3.35077677 1.41387468,-16.39317021,-10.89022054	9.40667695,9.14681506,2.09059182	0.9999671  0.99948279 0.99945988 0.50000186
-8.1638606,2.53010421,-1.59492542 3.61402881,-6.8903589,5.22280886	15.53503475,9.91559101,-7.71090887	9.99859457e-01 9.99429245e-01 9.99624819e-01 7.28519205e-04
2.47510354,-1.62023521,-8.15164294 -6.78908586,5.26411834,3.60906732	9.9286378,-7.71661638,15.54399425	9.99860598e-01 9.99429527e-01 9.99624870e-01 7.27524973e-04
2.62881853,1.5856268,-16.35691806 -16.37520121,0.83230108,2.30200278	10.48541025,-5.36509644,10.12784247	0.99951169 0.9957981  0.99516308 0.00720241
-2.38201617,2.36970081,-7.70416928 6.32515863,-6.32256285,3.38305465	-7.78826752,9.25346905,15.77877361	9.99819930e-01 9.99448879e-01 9.99594815e-01 7.03347527e-04
-13.87381527,4.27139376,2.6233983 3.67555548,-13.86709191,0.15565543	12.09641677,14.58042028,-7.52376548	9.99930668e-01 9.99566621e-01 9.99367285e-01 8.39022196e-04
-8.94156539,-16.40192398,1.41189936 -5.11431905,1.45334213,-16.36980451	1.47677962,9.30737528,9.41087508	0.99995882 0.99947551 0.9994831  0.50000179
-3.0985829,1.49413406,-16.3664997 -11.61415337,-16.37047533,1.40881105	3.92151382,8.97247506,9.41716427	0.9999857  0.99948327 0.9994456  0.50000193
-1.0336714,-8.24334817,2.63576673 4.41572268,3.65027864,-7.16907757	-7.73090311,15.47534119,10.66890456	9.99899642e-01 9.99420659e-01 9.99640755e-01 7.39815478e-04
2.91271797,-0.30527949,-8.30193422 -7.61495797,3.31277793,3.662799	11.7967918,-7.7907749,15.31938933	9.99936392e-01 9.99404129e-01 9.99624677e-01 7.67834663e-04
4.40102229,-11.60206193,3.96282538 -11.65558869,3.42864576,-0.69499135	14.95676305,10.76487274,-7.4725461	9.99891054e-01 9.99643588e-01 9.99414521e-01 7.57471424e-04
-10.45224928,4.19460193,1.51289286 4.08149316,-10.44807206,0.92100945	13.3203008,14.00586239,-7.74871658	9.99943923e-01 9.99477995e-01 9.99417866e-01 8.45832265e-04
2.49760226,-1.66733051,-8.14256796 -6.81430164,5.32818353,3.60392757	9.85043646,-7.71349351,15.54736169	9.99855509e-01 9.99430390e-01 9.99622406e-01 7.26879797e-04
1.43583879,-16.35621446,-6.09041151 -16.38772353,1.39804897,-8.43108236	9.34925577,9.43979613,2.56338792	0.99997691 0.99948462 0.99947846 0.50000182
-9.03808748,2.0973382,4.02023931 3.71465923,0.47872718,-9.22174397	12.78471098,-7.78555529,14.58791901	9.99944192e-01 9.99535882e-01 9.99387936e-01 8.30039351e-04
-8.24246586,2.75119615,-0.84484774 3.64632973,-7.37492159,4.13328906	15.45133076,10.90823244,-7.73993365	9.99909477e-01 9.99417453e-01 9.99640929e-01 7.45183065e-04
-10.52031096,3.71428879,-0.12102778 4.3428106,-10.36315009,3.05805892	14.84189246,11.69271017,-7.57582336	9.99923595e-01 9.99398753e-01 9.99612705e-01 7.85435115e-04
-1.6491233,2.40320269,-8.14760332 5.3168018,-6.66239072,3.60883409	-7.72194306,9.95591158,15.55011066	9.99862540e-01 9.99429569e-01 9.99625592e-01 7.26537088e-04
2.04245262,-1.76124753,-8.16342838 -6.09033326,5.58845722,3.62869654	10.2295221,-7.73765805,15.55355023	9.99879375e-01 9.99427866e-01 9.99638476e-01 7.22445779e-04
-1.52896647,2.59548607,-8.27365309 5.13265929,-7.03019439,3.66828122	-7.69304893,9.9501629,15.48888325	9.99859898e-01 9.99427151e-01 9.99626717e-01 7.31826545e-04
-5.94301488,3.52895819,6.12539741 2.04899083,-7.96442488,-2.15897321	9.78865689,15.65285338,-7.76944262	9.99854623e-01 9.99619093e-01 9.99435996e-01 7.12257186e-04
-8.10760469,2.52527241,-1.20661427 3.58449653,-6.94968105,4.6625996	15.54362997,10.4811982,-7.74560592	9.99892682e-01 9.99425144e-01 9.99638666e-01 7.32985302e-04
-6.8531874,3.6616445,5.26508923 2.50412672,-8.25666391,-1.61470816	9.9106504,15.5026206,-7.69840801	9.99857700e-01 9.99625029e-01 9.99428095e-01 7.29796312e-04
2.84217223,-16.17557342,0.11945004 -16.22349666,3.65120558,2.72024845	10.82608762,12.81755094,-6.47842784	0.9998127  0.99836601 0.99888442 0.00219221
-14.07494669,-15.72447209,1.4136855 -0.32791167,1.02649595,-16.37120955	4.95672491,7.41599148,9.40681273	0.99998135 0.99946651 0.99948269 0.50000221
-7.2011413,3.61383133,4.31033814 2.65549036,-8.17307186,-0.96532223	10.77212663,15.49415835,-7.74533908	9.99904899e-01 9.99641427e-01 9.99420575e-01 7.40183118e-04
0.63939081,3.24177919,-8.07767501 1.84067494,-7.95490373,3.47297401	-7.97987763,13.35561967,14.74730456	9.99957311e-01 9.99402026e-01 9.99516491e-01 8.25752959e-04
-1.03890417,-10.27398641,3.37533307 4.47530473,4.34071654,-10.12943957	-7.4821457,15.04384507,10.23636563	9.99863498e-01 9.99420570e-01 9.99644905e-01 7.48123492e-04
-7.02386634,4.64265812,3.52397107 2.57901849,-1.20679652,-7.99070816	10.43915774,-7.76121677,15.58925171	9.99892035e-01 9.99637202e-01 9.99427498e-01 7.30543600e-04
-8.2045877,-1.42301504,2.52909738 3.63449938,4.98027015,-6.9302416	15.51483977,-7.71537477,10.14948497	9.99873416e-01 9.99426411e-01 9.99631614e-01 7.31664440e-04
-16.34564456,-5.0832661,1.43405127 1.38518387,-8.39409756,-16.38642296	9.47025811,0.56739579,9.35659212	0.99993854 0.99948696 0.999479   0.5000017 
-0.64934671,-8.16086748,2.66866468 3.84714517,3.60333566,-7.22526686	-7.78023576,15.46301136,11.3326514	9.99925729e-01 9.99415196e-01 9.99641235e-01 7.48530503e-04
-0.69207938,3.37213396,-12.60521536 3.96395418,-12.58767206,4.39033351	-7.45443787,10.77701698,14.93305139	9.99891409e-01 9.99409945e-01 9.99641394e-01 7.63468042e-04
2.34025587,-1.79871524,-8.0843459 -6.51069371,5.53606141,3.57853381	9.8342377,-7.73144918,15.58266438	9.99855592e-01 9.99432089e-01 9.99620867e-01 7.22708029e-04
-6.93985292,5.03786805,3.63862122 2.5390205,-1.46348855,-8.21295836	10.08419969,-7.71075341,15.51244945	9.99869362e-01 9.99629932e-01 9.99426856e-01 7.31311569e-04
-16.3808285,-4.62196231,1.44326847 1.42330781,-9.23892112,-16.38972301	9.38688082,1.13955915,9.32353188	0.99995107 0.99948178 0.99947598 0.50000177
4.01884882,1.40279715,-14.9231178 -14.92256718,1.02846125,3.91681393	13.62407898,-7.54368152,13.21233952	9.99935344e-01 9.99387706e-01 9.99344048e-01 9.73604190e-04
-3.48347257,-16.36139896,1.46357147 -10.78712457,1.40298154,-16.37960392	2.13651093,9.43019267,9.19363244	0.99996896 0.99948419 0.99946333 0.50000186
3.57125258,5.93352235,-6.0520888 -8.0513775,-2.02378306,2.08443651	15.60825226,-7.75045016,9.87620924	9.99859056e-01 9.99623415e-01 9.99432983e-01 7.16882295e-04
-8.01054098,2.61360043,-1.41632001 3.53424406,-7.05044215,4.94003611	15.58672781,10.09574439,-7.73942564	9.99873041e-01 9.99429877e-01 9.99629638e-01 7.28095501e-04
3.68011753,-7.03602488,4.62663068 -8.29807907,2.56262286,-1.17262698	15.46954836,10.49870508,-7.71776321	9.99891130e-01 9.99639154e-01 9.99421951e-01 7.37462894e-04
-1.34281517,-7.9966087,2.53629093 4.83968292,3.52829788,-6.9290236	-7.75446668,15.59610593,10.26446218	9.99882980e-01 9.99429123e-01 9.99633534e-01 7.28148664e-04
-8.16803432,-1.79321544,2.45440708 3.61784394,5.52122584,-6.71328151	15.54258781,-7.70711306,9.73647146	9.99847161e-01 9.99431382e-01 9.99618461e-01 7.25482361e-04
3.61152464,3.08496136,-7.35516742 -8.2073475,-0.15467116,2.77875718	15.31462337,-7.84031218,12.19578249	9.99946461e-01 9.99617775e-01 9.99402522e-01 7.72028935e-04
-1.29346815,-8.24496144,2.57247287 4.7938156,3.65370564,-7.03067302	-7.71495011,15.49284449,10.30363993	9.99881534e-01 9.99424272e-01 9.99635306e-01 7.34651692e-04
-9.09740274,3.7919494,4.16025874 3.4624889,-0.59222328,-9.43503514	10.95600337,-7.58838294,15.08181273	9.99901437e-01 9.99637364e-01 9.99407341e-01 7.64668324e-04
-1.4729142,-8.1073433,2.55814179 5.03748439,3.58465027,-6.95723677	-7.72468216,15.55216245,10.05725079	9.99869286e-01 9.99428678e-01 9.99628783e-01 7.29182409e-04
1.99659475,3.54601923,-7.95743269 0.53094546,-8.19481253,3.22313971	-7.94596187,14.81785113,13.16895096	9.99955520e-01 9.99531270e-01 9.99395900e-01 8.21857804e-04
-7.43032532,-16.38637646,1.428819 -6.19984503,1.43073793,-16.38588439	0.75689296,9.36839677,9.37481908	0.99994171 0.99948043 0.9994811  0.50000173
4.89438361,-6.87839524,3.62653253 -1.36053888,2.49210762,-8.18774402	-7.72493213,10.27201748,15.52109317	9.99880740e-01 9.99634671e-01 9.99425744e-01 7.31978325e-04
2.41043174,-2.15187884,-7.65655721 -6.43077993,5.95098637,3.35700895	9.40437727,-7.80611839,15.80487135	9.99833702e-01 9.99448356e-01 9.99600164e-01 7.04240358e-04
-8.66916634,-0.7311649,3.09181204 3.85356832,3.9767149,-8.01413574	15.2852471,-7.67613903,10.88848038	9.99903782e-01 9.99411054e-01 9.99638094e-01 7.55924871e-04
3.05657677,-8.14527347,0.26283973 -7.73300516,3.5503194,2.4051592	12.79456592,15.07894049,-7.91047658	9.99953755e-01 9.99393976e-01 9.99570286e-01 8.01424097e-04
5.1020418,-6.69356147,3.62520136 -1.49516683,2.3965391,-8.18001401	-7.72508286,10.16667949,15.533214	9.99875042e-01 9.99632318e-01 9.99427146e-01 7.29199470e-04
3.66117019,4.73491502,-7.02711524 -8.25984863,-1.25086434,2.56572685	15.48623524,-7.71661719,10.37396102	9.99885152e-01 9.99636790e-01 9.99423491e-01 7.35542862e-04
-13.73987366,1.42279934,-15.87031602 -0.65650068,-16.37975076,1.13927615	4.68463603,9.38726602,7.81094726	0.99998229 0.99945658 0.9994815  0.50000219
-1.2080732,-16.37410348,1.31608375 -13.12200694,1.41672642,-16.09365212	3.7269153,9.40032208,8.40315002	0.99997888 0.99948231 0.99943802 0.50000211
-6.54727916,3.58965045,5.30610629 2.33334549,-8.10619908,-1.63586746	10.04078618,15.56950875,-7.73498736	9.99868668e-01 9.99628232e-01 9.99429707e-01 7.25253961e-04
-0.05364949,-16.34961792,0.82052597 -14.38384444,1.39042333,-15.49021241	5.19520683,9.45755294,7.24916798	0.99998246 0.99948575 0.99948012 0.50000222
-1.21579786,-8.25766607,2.6042455 4.680873,3.65922863,-7.09753427	-7.71629991,15.48277628,10.39759624	9.99886323e-01 9.99423087e-01 9.99637105e-01 7.36397381e-04
-8.17396599,-0.86133371,2.75836316 3.61184619,4.15309427,-7.38236119	15.476528,-7.74662405,10.87676812	9.99908889e-01 9.99418674e-01 9.99640875e-01 7.43600012e-04
-7.59623605,3.55491571,3.63307338 2.89126063,-0.46305532,-8.23305283	11.51419676,-7.77663373,15.3842043	9.99929574e-01 9.99632702e-01 9.99409090e-01 7.59258004e-04
2.48244109,-1.80304626,-8.16388492 -6.7586642,5.53250467,3.61500858	9.70200198,-7.70418534,15.54227763	9.99844708e-01 9.99431714e-01 9.99617510e-01 7.25508928e-04
-8.15969591,-0.87933506,2.74209265 3.60503134,4.17888626,-7.35220771	15.48494406,-7.74834433,10.8572801	9.99908304e-01 9.99419242e-01 9.99640973e-01 7.42712608e-04
-1.7074036,2.13388701,-8.12345154 5.47045865,-6.2292735,3.60489521	-7.7414379,10.17550445,15.56818219	9.99876744e-01 9.99428749e-01 9.99634822e-01 7.23101188e-04
3.36286221,-0.98492619,-10.01538392 -9.74482669,4.39822189,4.3057198	10.3275553,-7.5004661,15.05821491	9.99869323e-01 9.99418335e-01 9.99644989e-01 7.50399074e-04
3.58569297,5.17316944,-6.6219541 -8.10060829,-1.54858136,2.36699388	15.56799431,-7.73765637,10.12281427	9.99873681e-01 9.99630658e-01 9.99428985e-01 7.26520022e-04
3.79987689,-12.09780903,0.26152487 -11.99133189,4.33383252,2.45345298	12.31635124,14.58873005,-7.59710238	9.99935835e-01 9.99391804e-01 9.99571356e-01 8.11549886e-04
-1.44649075,2.54746325,-8.16027867 5.00670948,-6.95106987,3.61170517	-7.71905238,10.10185463,15.53130081	9.99871191e-01 9.99427444e-01 9.99630179e-01 7.30589822e-04
2.47009602,-7.64099359,3.57629271 0.22387496,2.99761674,-8.18862347	-7.90249803,12.75936305,15.09931015	9.99953596e-01 9.99576000e-01 9.99394116e-01 7.98521010e-04
-1.33809688,2.6169294,-8.22995089 4.85244186,-7.0984259,3.64549683	-7.70987237,10.20247523,15.49683849	9.99875952e-01 9.99425151e-01 9.99633068e-01 7.34029520e-04
3.66132231,-7.13741782,4.70337806 -8.2624363,2.62866615,-1.23284577	15.48026611,10.35197377,-7.71230901	9.99883786e-01 9.99636210e-01 9.99423297e-01 7.36367928e-04
3.66471265,4.73195088,-7.11228449 -8.26854974,-1.25181075,2.61535549	15.47996608,-7.71124726,10.3327742	9.99882710e-01 9.99635863e-01 9.99423469e-01 7.36051245e-04
1.5579509,3.47320635,-8.0589853 0.85543018,-8.1372569,3.33237165	-7.99712188,14.47984735,13.64898731	9.99957495e-01 9.99485099e-01 9.99414495e-01 8.36848253e-04
-9.19693494,4.05235466,1.98847787 3.78592845,-9.33897336,0.55417603	12.8812155,14.49656935,-7.78557938	9.99944335e-01 9.99525168e-01 9.99390434e-01 8.34711217e-04
4.55330133,-7.14898711,3.6417337 -1.13000634,2.62999469,-8.22485568	-7.72545313,10.51491699,15.48811844	9.99892594e-01 9.99638856e-01 9.99422318e-01 7.37570660e-04
3.61566036,-6.96607814,4.76121028 -8.1687307,2.53673254,-1.27245581	15.52206394,10.36691052,-7.73024605	9.99886019e-01 9.99636552e-01 9.99425001e-01 7.33308729e-04
-0.73262665,3.45406841,-10.07781857 4.01517917,-9.88689914,4.30047047	-7.52039484,10.70657557,15.02845026	9.99889160e-01 9.99413511e-01 9.99643141e-01 7.57475416e-04
2.28857468,-1.39122531,-8.05539815 -6.52982627,4.96329419,3.56412371	10.42970971,-7.75871485,15.58417824	9.99891384e-01 9.99427715e-01 9.99639883e-01 7.26885554e-04
-16.34559402,1.430849,-11.54940666 1.46475916,-16.38722998,-3.18282171	9.0480804,9.37003344,3.94302283	0.99998606 0.99945074 0.99948042 0.50000192
-16.39279855,1.38698761,-8.10635082 1.43998489,-16.34571478,-6.5792237	9.34329476,9.46345091,3.06635143	0.9999822  0.99947828 0.99948598 0.50000182
-11.51403529,3.80492406,0.10117748 4.35437967,-11.48392541,2.70186227	14.70097192,12.04560171,-7.58179143	9.99931073e-01 9.99394836e-01 9.99590815e-01 7.98937349e-04
-0.97205132,-9.52694101,3.37338458 4.36876608,4.18233066,-9.27878538	-7.53629449,15.11416546,10.34781653	9.99871935e-01 9.99416502e-01 9.99643034e-01 7.51863296e-04
1.43674046,-16.36403557,-6.26156045 -16.38980702,1.40647395,-8.12346281	9.35035309,9.42135887,2.18585683	0.99997187 0.99948353 0.99947876 0.50000181
1.20193483,-8.68871009,3.71121367 1.1825097,3.6961276,-8.71283971	-7.92209226,13.88599555,13.90532252	9.99951535e-01 9.99440790e-01 9.99438743e-01 8.51897640e-04
1.43576106,-5.81074561,-16.35379714 -16.38469835,-8.95409192,1.3954568	9.34181096,3.37539189,9.44557084	0.9999846  0.99948494 0.9994775  0.50000183
-1.78239166,2.27652513,-8.19580585 5.54682755,-6.43395048,3.63723067	-7.71746084,9.9187637,15.53851396	9.99859464e-01 9.99429471e-01 9.99625062e-01 7.24942233e-04
3.54548391,2.17381564,-7.83619867 -8.16572362,0.41210682,3.13759023	14.94508858,-7.9331957,13.01365438	9.99955178e-01 9.99549273e-01 9.99394035e-01 8.12779009e-04
-1.6449951,-8.09458781,2.52088555 5.28673788,3.57901316,-6.85238888	-7.72033806,15.5646696,9.85964859	9.99856924e-01 9.99431011e-01 9.99622561e-01 7.26288568e-04
-8.30949937,2.78517257,-0.8430298 3.6796654,-7.43818739,4.13235587	15.42602435,10.88487518,-7.72886512	9.99907759e-01 9.99416551e-01 9.99640463e-01 7.46577619e-04
-16.34233305,-2.08188487,1.41960381 1.38245478,-12.36548962,-16.24918598	9.47525445,3.4643432,8.81648755	0.99998113 0.99948683 0.9994382  0.50000201
-4.53862082,-4.89332691,-1.5309653 9.17698405,9.88709988,0.55556995	-7.34379812,-9.5998513,37.20443319	0.99996015 0.99876851 0.99844979 0.00132923
3.51211776,-8.54703461,0.64442014 -8.47864572,3.70439181,1.84200701	13.1813305,14.5758084,-7.8981277	9.99951286e-01 9.99395696e-01 9.99511211e-01 8.35887323e-04
-6.52177603,3.64958567,4.99620306 2.2672833,-8.22205689,-1.39316445	10.44837059,15.51715796,-7.73117936	9.99890248e-01 9.99641780e-01 9.99424684e-01 7.30406895e-04
-6.92987845,5.41667467,3.64798175 2.5649087,-1.72407107,-8.23256274	9.72852858,-7.68971482,15.50945622	9.99845341e-01 9.99619601e-01 9.99430159e-01 7.28368949e-04
2.46460016,-1.6597423,-8.18385259 -6.76592907,5.32655897,3.62567726	9.88742113,-7.71053063,15.53320658	9.99857361e-01 9.99429496e-01 9.99623678e-01 7.27570418e-04
-8.0962989,2.13372515,-2.24324986 3.59276841,-6.07371656,6.25881817	15.59138686,9.61149346,-7.73249753	9.99839200e-01 9.99435003e-01 9.99613096e-01 7.15750467e-04
3.58824702,-7.28916874,3.49996103 -8.14191409,2.71807585,-0.42222513	15.42336901,11.72722205,-7.80994507	9.99936875e-01 9.99634179e-01 9.99410371e-01 7.57109351e-04
-8.21213465,2.68969613,-0.84980524 3.63187095,-7.26691553,4.14279566	15.46729689,10.94647097,-7.74865864	9.99911512e-01 9.99418070e-01 9.99641823e-01 7.43963829e-04
-8.05175937,2.43440784,-1.76989206 3.55924384,-6.66666381,5.47157154	15.59137276,9.78062501,-7.73015757	9.99852409e-01 9.99432984e-01 9.99618964e-01 7.22980793e-04
5.95412758,-6.30337191,3.54726161 -2.0782684,2.2661503,-8.01780785	-7.7404899,9.61250715,15.6203095	9.99840955e-01 9.99611744e-01 9.99436113e-01 7.16895534e-04
1.71988304,-7.95812809,3.47241877 0.72866478,3.25815621,-8.09975956	-7.99201916,13.49374639,14.64351003	9.99957782e-01 9.99503652e-01 9.99406696e-01 8.30350632e-04
-14.04530325,-15.74389925,1.33221813 -0.35412714,1.04308829,-16.29774189	4.92519518,7.44059739,9.59075669	0.99998293 0.99946514 0.99949391 0.50000221
-1.57100985,-8.1267335,2.30183322 5.2246251,3.60083938,-6.51816315	-7.73640993,15.56002298,10.15894077	9.99875524e-01 9.99428397e-01 9.99632398e-01 7.26323656e-04
-0.28513468,-8.47494616,3.06280723 3.28253161,3.74692639,-7.88437113	-7.76130598,15.24755855,11.73122299	9.99932865e-01 9.99401230e-01 9.99621637e-01 7.72652604e-04
3.61770312,-6.57393533,5.40476998 -8.16233316,2.35525391,-1.70165021	15.54747147,9.93587677,-7.72073033	9.99861057e-01 9.99625091e-01 9.99429653e-01 7.25835403e-04
-0.2834576,2.92987298,-8.28403899 3.27738752,-7.64060847,3.65289227	-7.79493033,11.82798636,15.31690103	9.99937168e-01 9.99403665e-01 9.99623217e-01 7.68867259e-04
2.96277835,-0.23492062,-8.27444129 -7.68959202,3.19984643,3.64595022	11.89965043,-7.80123578,15.30118701	9.99938708e-01 9.99402301e-01 9.99619751e-01 7.71644290e-04
0.22222094,-8.24919543,3.10454981 2.47010627,3.60536265,-7.83429111	-7.8828288,15.06690908,12.67852725	9.99951374e-01 9.99392261e-01 9.99574045e-01 8.01431144e-04
1.40689691,-6.07679925,-16.37420665 -16.3626466,-7.87691534,1.41689775	9.41647476,1.26428824,9.39959691	0.99995639 0.99948238 0.99948299 0.50000178
-1.6503274,-8.16598467,2.44760269 5.3136071,3.61703488,-6.73792692	-7.71513485,15.54062432,9.91418856	9.99859455e-01 9.99429538e-01 9.99624418e-01 7.27232242e-04
-8.86662976,-0.85912308,3.18707982 3.94763103,4.17934461,-8.26425717	15.24265082,-7.63211439,10.61784651	9.99889920e-01 9.99412899e-01 9.99639702e-01 7.53900477e-04
3.00060515,0.09485011,-8.25232743 -7.6827999,2.67508403,3.6176134	12.50756595,-7.86518399,15.15777935	9.99949832e-01 9.99394618e-01 9.99590318e-01 7.91429872e-04
5.06425656,3.61817702,-6.97876618 -1.48673573,-8.17365957,2.5672288	-7.71252968,15.52594273,10.03010574	9.99866565e-01 9.99628384e-01 9.99427814e-01 7.30449128e-04
-1.30717519,-8.24435508,2.60167553 4.8106541,3.65294144,-7.07853468	-7.71147126,15.49157618,10.25987981	9.99879048e-01 9.99424508e-01 9.99634350e-01 7.34655811e-04
3.66263934,4.43042402,-7.2208495 -8.2685285,-1.04455172,2.66549118	15.46528486,-7.72421573,10.62685356	9.99897338e-01 9.99640069e-01 9.99420498e-01 7.40252668e-04
3.61121883,3.85129819,-7.44727229 -8.17948521,-0.65810721,2.79797952	15.44662251,-7.76573888,11.21601085	9.99921194e-01 9.99639179e-01 9.99414613e-01 7.50018150e-04
-9.33878658,1.41882306,-16.39383044 -4.34833903,-16.37685139,1.44873962	0.87499478,9.39681482,9.31126444	0.99994408 0.99947494 0.99948249 0.50000175
-16.35180461,-3.18776347,1.41316716 1.39295439,-11.43916525,-16.30398894	9.45181893,3.43668958,9.18557587	0.99998391 0.99948537 0.99946023 0.50000192
-8.27551229,2.64136672,-1.18815544 3.66748662,-7.16526814,4.63863099	15.47304086,10.41173762,-7.71332015	9.99886742e-01 9.99422540e-01 9.99637205e-01 7.37421686e-04
-8.19874474,-0.77361189,2.63978425 3.62483209,4.03573321,-7.18259791	15.46766924,-7.76254724,11.12444798	9.99918497e-01 9.99417037e-01 9.99642833e-01 7.45250828e-04
-2.05339596,-8.1413049,2.25200713 5.94529548,3.61063848,-6.31193373	-7.71928505,15.56659172,9.65304022	9.99841591e-01 9.99433343e-01 9.99614688e-01 7.20173350e-04
5.5774759,3.63493608,-6.74565689 -1.82909779,-8.20288306,2.47526289	-7.69744285,15.52809187,9.67876542	9.99842308e-01 9.99616939e-01 9.99431440e-01 7.25899796e-04
-7.35558251,-2.82091022,2.17464451 3.21480434,6.91234748,-5.79689415	16.03678883,-7.91775086,9.15487926	9.99822606e-01 9.99466443e-01 9.99584597e-01 6.76332539e-04
0.31398314,3.71508683,-13.98699246 2.37658458,-13.96118959,4.24116761	-7.5433932,12.34361494,14.46456835	9.99934434e-01 9.99362289e-01 9.99543361e-01 8.55593194e-04
-0.78449226,-8.15323543,2.66763947 4.04534441,3.60155294,-7.22532836	-7.76576636,15.48351228,11.08388984	9.99917350e-01 9.99417854e-01 9.99642303e-01 7.44355043e-04
-1.15633918,2.57602999,-8.29718933 4.60163098,-7.06042337,3.67933066	-7.71814454,10.51370454,15.46816461	9.99891848e-01 9.99421747e-01 9.99639285e-01 7.37850202e-04
5.44233202,-6.5045658,3.60864398 -1.72365107,2.31715123,-8.14226366	-7.72599185,9.9468805,15.55739745	9.99862141e-01 9.99625416e-01 9.99429976e-01 7.24844327e-04
3.61213026,4.7983457,-6.89997048 -8.16017662,-1.29573691,2.49997473	15.52851823,-7.7328171,10.36307862	9.99886022e-01 9.99636628e-01 9.99425362e-01 7.32478162e-04
-6.04196445,3.51809305,6.13125815 2.12362404,-7.94915854,-2.1812946	9.6741167,15.65939465,-7.76577929	9.99846839e-01 9.99613678e-01 9.99437401e-01 7.12248878e-04
-6.94052251,3.63906941,4.66570188 2.51164597,-8.21469537,-1.19964879	10.50146387,15.50301092,-7.73067762	9.99892391e-01 9.99639488e-01 9.99423313e-01 7.35185690e-04
-8.20854816,-1.14362101,2.6138336 3.63382344,4.57295669,-7.1184065	15.49586474,-7.72794403,10.50603943	9.99892400e-01 9.99422733e-01 9.99638786e-01 7.36895192e-04
-8.0937252,2.55114767,-1.17881543 3.5768166,-6.99513078,4.61842955	15.54609608,10.50385596,-7.74787449	9.99893902e-01 9.99425040e-01 9.99638848e-01 7.33373956e-04
-11.47143312,1.385237,-16.36496077 -3.12781827,-16.3448248,1.47973845	3.37930977,9.46898683,9.04097164	0.99998235 0.99945053 0.99948644 0.50000192
-6.77254248,3.60114536,5.5500154 2.49516785,-8.13726888,-1.81839742	9.67432943,15.55220679,-7.70639846	9.99843151e-01 9.99616466e-01 9.99432403e-01 7.24856542e-04
3.72952803,0.26651159,-13.98856726 -14.01039903,2.44620279,4.25370849	12.25923426,-7.53718483,14.49665015	9.99932906e-01 9.99362414e-01 9.99549204e-01 8.52156323e-04
3.63737392,-7.23088797,4.06472489 -8.22382309,2.66746456,-0.79432786	15.45900884,11.0631059,-7.75471943	9.99915923e-01 9.99642296e-01 9.99416982e-01 7.45425015e-04
-8.75204886,3.20697763,-0.10280947 3.87301321,-8.13771675,3.0040325	15.09618152,11.9820191,-7.750294	9.99936471e-01 9.99393988e-01 9.99607325e-01 7.86820960e-04
3.62863733,5.2678918,-6.87171729 -8.19231339,-1.62356055,2.52138641	15.52575842,-7.70604295,9.88560291	9.99857019e-01 9.99623940e-01 9.99429193e-01 7.28600699e-04
1.4648232,-16.35982179,-4.56695138 -16.40499185,1.40135212,-9.72190341	9.26287515,9.43360976,2.02428322	0.99996834 0.99948439 0.99947141 0.50000182
-8.0831069,3.03630942,0.23632436 3.52138036,-7.70146654,2.44533323	15.12194332,12.764267,-7.91495664	9.99953945e-01 9.99395234e-01 9.99574251e-01 7.98083675e-04
-7.9605389,-2.23854615,2.0113165 3.52901538,6.25715478,-5.86704897	15.65667233,-7.77220477,9.76728689	9.99853139e-01 9.99436472e-01 9.99618579e-01 7.10734253e-04
-8.42564771,2.86430697,-0.74108797 3.73559692,-7.58113886,3.9834634	15.37212238,11.00908113,-7.72024742	9.99911328e-01 9.99413295e-01 9.99639159e-01 7.51686761e-04
3.0048171,-8.25033465,-0.06946492 -7.72924652,3.62609257,2.9358794	12.19073604,15.24055354,-7.83077286	9.99944566e-01 9.99398024e-01 9.99606390e-01 7.81239173e-04
-7.84248286,2.16725089,3.57859591 3.14073715,0.41737861,-8.232475	13.01573011,-7.92619294,14.91874498	9.99954790e-01 9.99548164e-01 9.99393243e-01 8.14249330e-04
-10.7390948,3.31054399,-1.03742721 4.38615182,-10.57346971,4.48569896	15.01747532,10.26187296,-7.46186329	9.99864817e-01 9.99421433e-01 9.99646931e-01 7.47082972e-04
-7.02883389,4.31083205,3.54542568 2.56203504,-0.96791873,-8.03550611	10.85019021,-7.77448366,15.55562043	9.99910005e-01 9.99643147e-01 9.99423191e-01 7.36125691e-04
-7.74680663,3.02309035,3.62030483 3.00844424,-0.12483849,-8.23352478	12.08336865,-7.82178995,15.26917549	9.99942598e-01 9.99611121e-01 9.99399604e-01 7.77731088e-04
-7.38287648,3.65553503,3.74334427 2.75993807,-8.26937179,-0.58122043	11.38306057,15.40655648,-7.76702875	9.99925994e-01 9.99638085e-01 9.99411910e-01 7.53832344e-04
3.25067161,-9.02694409,-0.89494118 -8.4957539,4.01640138,4.24240397	10.52782725,15.20350003,-7.60376792	9.99884229e-01 9.99413376e-01 9.99640756e-01 7.53909897e-04
0.39458521,3.86937999,-10.01378334 2.23687879,-9.8715488,4.2339927	-7.69505582,12.56140373,14.56093544	9.99939550e-01 9.99389710e-01 9.99551128e-01 8.22313434e-04
-16.38390255,1.44428916,-5.99592539 1.42765072,-16.39489851,-8.62688554	9.37602761,9.32923706,2.87706178	0.99997942 0.99948075 0.9994771  0.50000182
0.88728768,-15.99158351,3.52411949 1.59165946,3.77885132,-15.93595739	-7.04697337,13.02203066,12.34793554	0.99989501 0.99896897 0.99909148 0.0014985 
2.45049291,-1.95106471,-8.14721296 -6.66286841,5.7537606,3.60711506	9.56882825,-7.70333967,15.55349223	9.99835015e-01 9.99433739e-01 9.99612326e-01 7.23036128e-04
0.46009197,4.97751063,10.8976009 -1.53927899,-2.41362039,-5.37521818	37.13182408,-0.70212062,-15.39072189	0.999973   0.99839074 0.99874001 0.00141032
-11.75279802,-0.09064664,3.71873867 4.35979231,3.00845875,-11.77524846	14.79379707,-7.54618804,11.72861504	9.99924259e-01 9.99398821e-01 9.99609886e-01 7.87073707e-04
3.70012501,3.59245978,-7.34441279 -0.5563437,-8.14485874,2.74347368	-7.7885981,15.44744164,11.44917537	9.99929089e-01 9.99637950e-01 9.99413205e-01 7.52271914e-04
-13.88319169,3.88921654,0.66290333 4.1994284,-13.85781195,1.85577585	14.17266179,12.87248611,-7.61383251	9.99939672e-01 9.99375976e-01 9.99494739e-01 8.71287739e-04
-3.92290366,1.45567531,-16.35669604 -10.1281061,-16.38911488,1.39768683	1.54607764,9.26475332,9.44201137	0.99995999 0.999485   0.99947021 0.50000182
-7.94501827,1.99348921,3.55868466 3.21638396,0.53351983,-8.220299	13.17563606,-7.94449777,14.80831936	9.99955489e-01 9.99530890e-01 9.99395758e-01 8.22257273e-04
-1.32476852,-16.37334098,1.3435334 -13.06526736,1.41597157,-16.12271595	3.97781819,9.40188587,8.37629506	0.99998113 0.99948239 0.99943518 0.50000211
4.25689229,1.78357505,-11.64301019 -11.58072215,0.71023593,4.04291	14.20511851,-7.68747779,12.99500223	9.99942076e-01 9.99508205e-01 9.99404355e-01 8.36780230e-04
1.4443697,-4.76774912,-16.36930193 -16.38727258,-9.56772102,1.41164235	9.30994394,2.12369706,9.41114588	0.99997024 0.999483   0.99947462 0.50000182
1.39361027,-16.39603964,-10.77558438 -16.3526762,1.48017137,-3.59228101	9.45063765,9.1602191,2.38865949	0.99997246 0.99946135 0.9994854  0.50000186
4.33814845,-7.09489556,3.66354522 -0.97463593,2.58770912,-8.2691453	-7.73645155,10.80790067,15.46534528	9.99905649e-01 9.99642697e-01 9.99419448e-01 7.41078208e-04
-7.1909008,3.67894022,4.28301987 2.64278472,-8.30210553,-0.93969214	10.82194698,15.44797598,-7.73164654	9.99905719e-01 9.99641963e-01 9.99418476e-01 7.42856707e-04
3.31623227,-13.80322539,-0.54872703 -13.79322804,4.33300511,3.75584694	10.99729215,14.84619988,-7.42720013	9.99899790e-01 9.99386870e-01 9.99626663e-01 7.94631494e-04
3.58346657,4.43323802,-7.09130868 -8.11003737,-1.05115337,2.59839712	15.5287491,-7.75184564,10.67398704	9.99901509e-01 9.99640993e-01 9.99422972e-01 7.36523959e-04
-8.21770742,2.84319745,-0.44377542 3.62537993,-7.50953794,3.5269007	15.3895862,11.58507098,-7.78575105	9.99931899e-01 9.99409049e-01 9.99632586e-01 7.59276991e-04
5.60966852,3.62510816,-6.57612538 -1.84371437,-8.17817902,2.37866043	-7.71009158,15.54346753,9.74678868	9.99847788e-01 9.99618564e-01 9.99431332e-01 7.24521343e-04
2.55492037,-8.24222596,-1.38965964 -6.98376277,3.65296013,4.93267311	10.17549584,15.49866868,-7.71023286	9.99874360e-01 9.99425558e-01 9.99632367e-01 7.32991512e-04
-7.12154501,3.66111153,4.77069687 2.62320195,-8.26144769,-1.27953797	10.28460911,15.4829163,-7.70928217	9.99880147e-01 9.99634905e-01 9.99423937e-01 7.35558274e-04
3.84393322,-7.19539783,3.64387835 -0.64179805,2.64709762,-8.24076854	-7.77148549,11.36097138,15.43495637	9.99926063e-01 9.99641558e-01 9.99413957e-01 7.50023514e-04
3.670685,3.70514892,-7.35938611 -8.30024442,-0.55422516,2.74644058	15.39287155,-7.76796091,11.44282794	9.99927646e-01 9.99637592e-01 9.99411009e-01 7.55138935e-04
-16.35480983,0.18847707,0.74814956 1.39596421,-14.65806974,-15.36356979	9.44541705,5.56202073,6.65668492	0.99998024 0.99948504 0.99947977 0.50000222
3.62526409,-7.62726947,3.27690703 -8.22880089,2.92366993,-0.2843212	15.33596827,11.83382668,-7.80216266	9.99937721e-01 9.99623507e-01 9.99404413e-01 7.67850796e-04
-0.87936945,-8.29009833,2.70859152 4.18891939,3.67129184,-7.30399846	-7.73395629,15.44194584,10.87678684	9.99907886e-01 9.99417541e-01 9.99641338e-01 7.44691425e-04
2.92756258,-14.21030071,-1.04437957 -14.15680992,4.31917617,4.58494595	10.35231937,14.85172663,-7.34264647	9.99867752e-01 9.99381852e-01 9.99634916e-01 7.96216493e-04
3.03693696,0.26880936,-8.28510205 -7.7013624,2.40051408,3.62051315	12.80843277,-7.89717696,15.03213577	9.99953299e-01 9.99392387e-01 9.99569300e-01 8.03715264e-04
3.77756919,-10.70631181,0.01853726 -10.57968685,4.34745035,2.83395857	11.91933035,14.76845501,-7.59061531	9.99928703e-01 9.99395732e-01 9.99599575e-01 7.93890466e-04
1.40631469,-9.71852471,-16.37493746 -16.36544025,-3.67787791,1.43487182	9.42426367,0.51237812,9.33361583	0.99993461 0.9994747  0.99948429 0.5000017 
1.42161155,-10.95439565,-16.38214112 -16.37860018,-3.60361316,1.47266758	9.38974421,3.00579328,9.15066317	0.99997904 0.99945999 0.99948165 0.50000187
-2.37260888,2.18895094,-7.79888844 6.36394496,-6.05359559,3.43907018	-7.79016731,9.43703437,15.73881362	9.99832245e-01 9.99444308e-01 9.99601875e-01 7.05141764e-04
0.45749927,3.41244778,-8.56587368 2.11131896,-8.3438199,3.73751292	-7.86970797,12.90959571,14.76008703	9.99949827e-01 9.99389169e-01 9.99538656e-01 8.24451049e-04
-8.20671682,2.61367053,-1.42199876 3.63398736,-7.07554904,4.97077418	15.50841356,10.08415283,-7.70763219	9.99869299e-01 9.99426602e-01 9.99630147e-01 7.32328414e-04
-8.25235165,-1.47604254,2.60255249 3.65734446,5.05348531,-7.05058145	15.49452585,-7.69877739,10.01657514	9.99864467e-01 9.99426722e-01 9.99628487e-01 7.32253268e-04
2.54912608,-8.03983882,-1.53432286 -6.91823298,3.55051093,5.11706283	9.98149527,15.58280395,-7.73331895	9.99865725e-01 9.99430698e-01 9.99626197e-01 7.26665707e-04
5.78327817,-6.63404245,3.61239328 -1.96761599,2.43446884,-8.15671557	-7.70231446,9.56572574,15.55047589	9.99834594e-01 9.99612230e-01 9.99433647e-01 7.22959660e-04
-8.08663148,0.54889522,2.9181282 3.49520212,1.98750995,-7.40534224	14.88955058,-8.00068247,13.43580113	9.99961404e-01 9.99402880e-01 9.99538299e-01 8.12214164e-04
2.91777716,-0.33539702,-8.29969459 -7.62865758,3.35951622,3.66260556	11.73579497,-7.78558837,15.32817704	9.99934879e-01 9.99404914e-01 9.99626322e-01 7.66388036e-04
3.49935236,4.88082118,-6.55024113 -7.9303377,-1.35191934,2.31083868	15.63945696,-7.78453421,10.46705739	9.99894952e-01 9.99639653e-01 9.99430281e-01 7.24030011e-04
2.75015688,-8.2393245,-0.50619901 -7.35813244,3.63894569,3.62950853	11.53426211,15.40382265,-7.78187931	9.99930777e-01 9.99410682e-01 9.99636267e-01 7.56006277e-04
-15.25172219,0.87839181,3.8074486 4.00399748,1.58290734,-15.25332265	13.67080618,-7.45655665,12.91599073	0.99992987 0.99928307 0.99936892 0.00103736
-1.70999671,2.53313174,-8.19692457 5.39326029,-6.87197384,3.63064078	-7.6994069,9.76956259,15.52510533	9.99848932e-01 9.99430329e-01 9.99620334e-01 7.27642798e-04
-16.38930908,1.41134489,-9.36559232 1.4446018,-16.36996783,-4.181699	9.32047866,9.41311211,0.68350534	0.99993924 0.99947527 0.99948354 0.50000173
-1.76955961,2.36905833,-8.15457894 5.49925284,-6.57679937,3.61340875	-7.71796003,9.84072786,15.55164063	9.99854793e-01 9.99430702e-01 9.99621715e-01 7.24908329e-04
1.42764085,-16.39983565,-10.54685163 -16.38432397,1.4769087,-4.0009994	9.37692434,9.18775273,2.8585292	0.99997772 0.99946417 0.99948089 0.50000185
-0.35003935,3.5769688,-12.38880985 3.42132291,-12.44582789,4.36897568	-7.49893029,11.30149619,14.87064805	9.99911870e-01 9.99403018e-01 9.99627278e-01 7.76301654e-04
-0.93205604,2.74754421,-8.25343759 4.26155254,-7.36782929,3.65290485	-7.72975175,10.75801908,15.45577894	9.99903128e-01 9.99418816e-01 9.99640494e-01 7.43167161e-04
3.31859896,-7.53751869,3.63010796 -0.30926602,2.86963235,-8.23552189	-7.80217967,11.82320673,15.34651382	9.99937718e-01 9.99625687e-01 9.99405294e-01 7.66040200e-04
-9.93597369,4.12127619,1.40856109 4.03933919,-9.96394707,1.008744	13.46894123,13.9348286,-7.78391337	9.99945099e-01 9.99464981e-01 9.99423718e-01 8.49958701e-04
3.41172823,6.23816517,-6.22650226 -7.75456381,-2.31253041,2.29580211	15.75688738,-7.78958727,9.37391896	9.99828475e-01 9.99599125e-01 9.99446029e-01 7.05284727e-04
3.55355248,-5.51883646,6.44758255 -7.98566619,1.76189845,-2.30366419	15.64766629,10.09935513,-7.78888222	9.99873996e-01 9.99635713e-01 9.99433819e-01 7.07594579e-04
-0.15439613,0.91271205,-16.35944386 -14.24668529,-15.59718395,1.40105168	4.92105686,7.39664409,9.43421815	0.99998109 0.99948434 0.99947357 0.50000221
-1.80811164,1.40616366,-16.3658592 -12.64612387,-16.21428256,1.40801948	3.79269074,8.64223807,9.41899947	0.99998203 0.99948341 0.99943344 0.50000205
3.6223209,-7.04917813,4.71459139 -8.18374101,2.58215154,-1.24219701	15.51206677,10.37586126,-7.72642359	9.99886177e-01 9.99636611e-01 9.99424433e-01 7.34462509e-04
1.41964753,-16.34153955,-6.63750003 -16.37554492,1.3819794,-7.34738186	9.39119097,9.47524317,1.31619991	0.99995856 0.99948688 0.99948162 0.50000178
-13.37079413,1.3702244,-16.03062649 -1.04455444,-16.331292,1.27298938	4.46883137,9.50275983,8.10018047	0.99998389 0.99944246 0.99948851 0.50000216
-8.24026923,-1.06299052,2.5397742 3.650559,4.46921417,-7.00596979	15.48447848,-7.73590588,10.69965392	9.99901378e-01 9.99421118e-01 9.99642248e-01 7.38358355e-04
1.3021058,-8.0713577,3.44756235 1.07758181,3.37388842,-8.14963131	-8.01212723,13.95373445,14.20921891	9.99957900e-01 9.99457257e-01 9.99433967e-01 8.41631296e-04
3.70811859,4.21412662,-15.0875479 -0.50388966,-15.06563814,3.13708597	-7.28719823,14.58892599,10.96334053	9.99891920e-01 9.99574865e-01 9.99299912e-01 9.08693500e-04
2.61392511,-0.90563371,-8.26325709 -7.14167759,4.2349275,3.65943938	10.90638961,-7.74194804,15.46006235	9.99909697e-01 9.99418426e-01 9.99642914e-01 7.42774736e-04
2.4512999,-8.06913391,-2.04046277 -6.62843301,3.56721668,5.87622241	9.47920132,15.58653608,-7.71238446	9.99829512e-01 9.99436203e-01 9.99608405e-01 7.20193648e-04
0.56558537,3.88377929,-9.8424888 1.98032467,-9.6738699,4.18378985	-7.74066056,12.84806752,14.42379513	9.99942611e-01 9.99392915e-01 9.99525740e-01 8.33857878e-04
-8.27662653,3.97064632,4.68170977 3.14533484,-8.91254201,-1.19265947	10.10506206,15.25211916,-7.59195796	9.99861238e-01 9.99637724e-01 9.99418933e-01 7.46371905e-04
-16.39085616,-5.11883088,1.4566337 1.43480512,-9.68723752,-16.39745965	9.36137407,3.59819327,9.27902541	0.99998518 0.99947988 0.99947251 0.50000184
-8.27067526,-1.20066259,2.64651695 3.66504091,4.65639428,-7.17294621	15.4746986,-7.71225295,10.38837774	9.99885568e-01 9.99422763e-01 9.99636838e-01 7.37184800e-04
4.53283319,3.67488776,-7.02598395 -1.10645398,-8.28821986,2.55236413	-7.72508695,15.46985932,10.61506254	9.99896922e-01 9.99641021e-01 9.99421133e-01 7.38427743e-04
-12.73767894,4.31933586,2.40845082 3.81272156,-12.79287701,0.28902953	12.34291113,14.55011296,-7.58896758	9.99935709e-01 9.99563880e-01 9.99386921e-01 8.20107959e-04
-1.13219562,2.61220538,-8.20499461 4.55633186,-7.11639875,3.6319763	-7.72959034,10.52590934,15.496707	9.99893421e-01 9.99422627e-01 9.99639078e-01 7.37018017e-04
-13.02341035,3.1635662,4.35399195 3.58298329,-0.18244471,-13.05993172	11.58016244,-7.50410056,14.79278331	9.99920081e-01 9.99612856e-01 9.99392361e-01 7.93401300e-04
-1.27581799,2.99969058,-12.97423575 4.89364852,-13.07534926,4.34336774	-7.38594802,10.03124593,14.96747701	9.99850249e-01 9.99415702e-01 9.99645100e-01 7.53678160e-04
-8.12775484,2.56929114,-1.49978364 3.59484059,-6.9733462,5.07727559	15.54411028,10.01123071,-7.71874405	9.99866102e-01 9.99428724e-01 9.99627635e-01 7.29329143e-04
-16.37306046,1.4429536,-2.55260023 1.41544986,-16.32034184,-11.67698469	9.403255,9.07577627,2.31304593	0.99996945 0.99948256 0.99945197 0.50000192
-6.20985188,1.44231879,-16.35811823 -7.80655071,-16.39629364,1.39970685	1.37753247,9.34146964,9.43665924	0.999958   0.9994846  0.99947849 0.50000178
5.00398226,-6.93138927,3.62573839 -1.44099372,2.53289617,-8.18737173	-7.71633964,10.12115311,15.52150034	9.99871975e-01 9.99630826e-01 9.99426895e-01 7.31120728e-04
2.63710027,-8.20579217,-1.23697511 -7.14640054,3.63256812,4.70432633	10.34055001,15.49985332,-7.71887983	9.99883879e-01 9.99424104e-01 9.99635889e-01 7.35389331e-04
2.6344268,-8.26449932,-1.33426004 -7.13226702,3.66265429,4.84812172	10.19425142,15.48343552,-7.70404981	9.99874968e-01 9.99424703e-01 9.99632979e-01 7.34786504e-04
-8.10644286,2.49095993,-1.45673564 3.58551844,-6.84646662,5.02169744	15.55644288,10.13540455,-7.73192576	9.99874108e-01 9.99428286e-01 9.99630767e-01 7.28872232e-04
1.8177194,-7.98982586,-2.25276976 -5.60683688,3.55267917,6.35412337	10.04833793,15.64403669,-7.78257784	9.99870913e-01 9.99433834e-01 9.99632933e-01 7.09139950e-04
-8.08262869,2.40359874,-1.49803273 3.57548007,-6.69001706,5.09126184	15.57233763,10.15702865,-7.74071416	9.99875903e-01 9.99428899e-01 9.99631410e-01 7.27055350e-04
2.45667335,4.21093979,-14.56525513 0.2623895,-14.54992272,3.66070912	-7.48682266,14.42019451,12.19951626	9.99929965e-01 9.99529835e-01 9.99334107e-01 8.90342796e-04
-4.00696987,-16.36449046,1.46688095 -10.11038005,1.4061511,-16.40038028	1.67984239,9.42346611,9.24229601	0.99996181 0.99948385 0.99946896 0.50000182
2.83521747,-8.27642686,-0.3932166 -7.49257011,3.6536285,3.45235579	11.68431438,15.35870421,-7.78665921	9.99934158e-01 9.99407098e-01 9.99630407e-01 7.62358552e-04
-0.96384391,3.210706,-12.60912861 4.39320983,-12.57136938,4.39424968	-7.4258953,10.40021717,14.96135762	9.99872573e-01 9.99415213e-01 9.99646314e-01 7.55139566e-04
3.47247313,-15.10416275,0.14687072 -15.03660332,4.17332797,2.65613492	11.93961333,14.34727733,-7.37600444	9.99921744e-01 9.99281496e-01 9.99510590e-01 9.53890802e-04
4.3625871,4.81640375,-13.36954823 -13.40034641,-1.2098803,2.96791086	14.93665504,-7.37560362,10.13326229	9.99856231e-01 9.99645150e-01 9.99408538e-01 7.62158404e-04
-16.39127432,1.37541953,-8.6342504 1.4405022,-16.33678569,-4.8565611	9.3407474,9.49213092,0.58866509	0.99993938 0.99947775 0.99948829 0.50000171
-0.44090825,-16.36797068,1.09069238 -13.90035799,1.41016138,-15.80878461	4.42297057,9.41447024,7.73523446	0.99997932 0.99948317 0.99945904 0.50000219
-1.83104655,2.41436827,-7.91599265 5.53761458,-6.58964158,3.49038319	-7.75642896,9.72760487,15.65696734	9.99851395e-01 9.99436655e-01 9.99615649e-01 7.18177282e-04
-5.24039033,-16.36230533,1.35125416 -8.95567153,1.40425385,-16.30753047	1.76123647,9.42700716,9.52932615	0.99996829 0.99948394 0.99948906 0.50000181
5.33323698,3.63619986,-6.85809639 -1.66656146,-8.20707973,2.51778739	-7.70149921,15.52112304,9.83468131	9.99853326e-01 9.99622440e-01 9.99429508e-01 7.28318778e-04
1.43444124,-16.32720735,-7.29241057 -16.39095578,1.3665505,-6.33811936	9.36260656,9.50928825,0.75599737	0.99994532 0.99948896 0.99948027 0.50000173
3.64556161,-7.41451424,3.89101085 -8.24626214,2.7758308,-0.6815561	15.42858044,11.18547893,-7.755988	9.99919650e-01 9.99639700e-01 9.99414248e-01 7.50216269e-04
4.39955353,-11.76621709,3.96719526 -11.77234547,3.44106335,-0.70026292	14.95570269,10.74952735,-7.47078815	9.99890253e-01 9.99643048e-01 9.99414406e-01 7.57715639e-04
-7.14721991,3.65001795,4.40898435 2.62253449,-8.24252272,-1.02801609	10.68901715,15.47612115,-7.73251849	9.99900605e-01 9.99641112e-01 9.99420589e-01 7.39805246e-04
0.87078134,-14.28972727,3.92632181 1.58522738,4.12586145,-14.25806373	-7.61201073,13.91535291,13.12678295	9.99939636e-01 9.99374708e-01 9.99451195e-01 9.02268415e-04
3.71912718,-9.31564533,0.44054903 -9.08995989,4.05983698,2.15674015	12.71411452,14.6069124,-7.76933353	9.99943196e-01 9.99387283e-01 9.99541717e-01 8.27597230e-04
1.39622943,-12.47939088,4.17977211 1.02586252,4.09128953,-12.4801361	-7.7021389,13.42015165,13.84379814	9.99943483e-01 9.99463493e-01 9.99425414e-01 8.51298682e-04
3.51478678,3.64331662,-7.48529308 -0.43420635,-8.2535202,2.82861004	-7.78383827,15.37661158,11.61188722	9.99932433e-01 9.99632336e-01 9.99408419e-01 7.60123260e-04
4.07828514,3.66931316,-7.25165367 -0.80175276,-8.28724583,2.67725189	-7.74493683,15.43740158,11.0392997	9.99914412e-01 9.99642069e-01 9.99416275e-01 7.46379474e-04
-8.2429952,2.51850354,-1.00228098 3.651816,-6.97750529,4.38646803	15.48046862,10.82185,-7.74199546	9.99906753e-01 9.99420201e-01 9.99644010e-01 7.39437106e-04
-8.18500739,2.87982225,0.04234328 3.58885739,-7.48299625,2.7642015	15.22352637,12.50062735,-7.87405758	9.99951069e-01 9.99397627e-01 9.99598526e-01 7.84744934e-04
-0.28288463,3.57657764,-11.93606016 3.3242402,-11.81202014,4.39153555	-7.51350689,11.43043631,14.85792709	9.99916236e-01 9.99403524e-01 9.99625897e-01 7.76400912e-04
-7.29261513,3.55606806,4.1827583 2.7132867,-8.06233246,-0.88630919	10.87033056,15.52567766,-7.76500276	9.99909990e-01 9.99641336e-01 9.99421091e-01 7.40160786e-04
3.60624673,5.6257203,-6.66249739 -8.14443359,-1.86445867,2.43719598	15.5540958,-7.70914897,9.67152723	9.99842863e-01 9.99615891e-01 9.99432550e-01 7.23977856e-04
1.3831833,-13.99048836,-15.75387823 -16.34307188,-0.37538974,1.04414359	9.47369322,4.61875118,7.63765175	0.99998089 0.99946361 0.99948675 0.5000022 
-1.71083056,-8.06031478,2.47847234 5.38140601,3.56251254,-6.75783728	-7.72711436,15.5835629,9.81330399	9.99854454e-01 9.99432304e-01 9.99620462e-01 7.24290644e-04
-8.2813731,2.55305705,-1.0423094 3.67092309,-7.03340063,4.4409178	15.46802023,10.72168349,-7.73117526	9.99901884e-01 9.99420294e-01 9.99642390e-01 7.39574403e-04
2.58330169,-8.13560775,-1.30393078 -7.0357966,3.59813666,4.79743552	10.2815217,15.53309993,-7.72915436	9.99881767e-01 9.99426025e-01 9.99634503e-01 7.32498542e-04
-8.25895907,2.6572447,-1.10906605 3.6584076,-7.20015604,4.52305415	15.47323749,10.52698971,-7.72056601	9.99892706e-01 9.99421595e-01 9.99638890e-01 7.38740588e-04
-0.24558147,2.92657241,-8.29801087 3.21879419,-7.62899339,3.65856294	-7.79999363,11.90216232,15.30077027	9.99938810e-01 9.99402522e-01 9.99620841e-01 7.70992990e-04
-7.96813376,1.42741851,-16.38286709 -5.7812345,-16.38458822,1.42849302	0.93254684,9.37786819,9.37033989	0.99994675 0.99948023 0.99948125 0.50000175
-0.50958204,-10.1594705,3.57944784 3.66842196,4.32051175,-9.98154675	-7.54244452,14.98252578,11.04836876	9.99903341e-01 9.99408177e-01 9.99636200e-01 7.66167738e-04
-16.2673614,-12.10349193,1.42157477 1.41599199,-2.21211122,-16.37871545	8.97597455,2.78326561,9.39001701	0.99997444 0.99944593 0.99948172 0.50000197
-16.36599365,1.45457032,-3.70629338 1.4066102,-16.39586707,-9.53361398	9.4240197,9.30011982,0.32921309	0.99992712 0.99948441 0.99947286 0.50000165
3.62712741,-7.87877178,2.42203125 -8.29827464,3.13327469,0.25296592	15.02690769,12.71389808,-7.88126915	9.99951299e-01 9.99569592e-01 9.99391307e-01 8.04654786e-04
3.5654295,5.58706187,-6.76127792 -8.0674446,-1.85153131,2.50065531	15.58146835,-7.71629675,9.63295585	9.99841415e-01 9.99614466e-01 9.99434092e-01 7.22870080e-04
1.29333504,-1.20996468,-16.37944943 -16.06663899,-13.17421529,1.42247852	8.36004863,4.03742585,9.38795482	0.99998141 0.99948154 0.99944036 0.50000212
-1.5463845,-7.91706596,2.32393438 5.14699518,3.49297977,-6.52054123	-7.77694189,15.65327218,10.17100816	9.99879491e-01 9.99432836e-01 9.99630933e-01 7.21060404e-04
2.14461015,-8.12526868,-2.1042078 -6.13224914,3.60673263,6.05005959	9.72404328,15.5765985,-7.72959121	9.99847093e-01 9.99433052e-01 9.99617770e-01 7.18294991e-04
2.99276029,3.63683596,-7.49709905 -0.10010524,-8.2652297,2.8673975	-7.83596186,15.26409343,12.22813002	9.99946089e-01 9.99611286e-01 9.99399673e-01 7.77557651e-04
-7.93623883,-1.88717402,2.48588753 3.4987946,5.61710941,-6.70106826	15.64257283,-7.74130338,9.60552189	9.99842101e-01 9.99437214e-01 9.99612108e-01 7.18753091e-04
1.81087762,-7.91330733,3.45628722 0.66082416,3.22343329,-8.04985932	-7.99015905,13.4066151,14.73744059	9.99957964e-01 9.99514021e-01 9.99403812e-01 8.25792682e-04
5.23987176,3.56337924,-6.91610542 -1.61758889,-8.06534988,2.55662049	-7.72323558,15.57358799,9.86638542	9.99857833e-01 9.99622884e-01 9.99431316e-01 7.26237244e-04
2.54188834,-8.12855443,-1.60112536 -6.9037687,3.59583865,5.22572971	9.89841634,15.54841709,-7.71517789	9.99858890e-01 9.99429944e-01 9.99624128e-01 7.27777616e-04
-7.51148111,3.6722652,3.93715627 2.82914264,-8.29951478,-0.7126842	11.08864668,15.41060569,-7.74102881	9.99915537e-01 9.99639343e-01 9.99414066e-01 7.50586838e-04
-1.83900622,2.45547897,-8.21272823 5.59500276,-6.7098232,3.64042125	-7.69780831,9.68412957,15.52619629	9.99842552e-01 9.99431346e-01 9.99616971e-01 7.25773757e-04
-16.37814398,-4.32148219,1.44476191 1.41986758,-9.1204802,-16.3918334	9.39504587,0.54204037,9.32596483	0.99993438 0.99948254 0.99947605 0.5000017 
5.08918924,-7.07907745,3.63215128 -1.50539672,2.62554127,-8.20336603	-7.70169886,9.96024022,15.51150771	9.99861572e-01 9.99626883e-01 9.99427844e-01 7.31126004e-04
3.60665421,-6.69633834,5.63471131 -8.14640669,2.45816441,-1.87211122	15.55211557,9.64547348,-7.70631592	9.99840871e-01 9.99615146e-01 9.99432759e-01 7.24076412e-04
-5.80672114,5.96764645,3.63087864 1.88375814,-1.98130836,-8.1532909	10.2116036,-7.74520074,15.56356468	9.99878440e-01 9.99640351e-01 9.99428730e-01 7.17747824e-04
4.3292839,-10.27337214,3.89556361 -10.33742768,3.52590871,-0.65775168	15.00032575,10.8058927,-7.51568634	9.99893288e-01 9.99641353e-01 9.99412876e-01 7.59280992e-04
-7.17405509,3.69159148,4.53793775 2.63941976,-8.32412585,-1.11541241	10.52851336,15.45290669,-7.71321245	9.99892090e-01 9.99639078e-01 9.99420910e-01 7.39501462e-04
-12.2884023,0.80074253,4.04153679 4.21293564,1.66634443,-12.3720081	14.10076862,-7.68509831,13.11802871	9.99942683e-01 9.99407931e-01 9.99493683e-01 8.43933455e-04
-1.55513755,2.31783825,-7.82838662 5.1423603,-6.48974071,3.44757746	-7.79702805,10.16644705,15.69932695	9.99880774e-01 9.99435402e-01 9.99630073e-01 7.17809017e-04
3.41847338,-0.61591643,-12.48955583 -12.47237599,3.84425284,4.38944655	10.89152778,-7.46497337,14.92469021	9.99896478e-01 9.99409098e-01 9.99639632e-01 7.65162049e-04
-2.36340052,2.36651963,-7.32854649 6.17232516,-6.1982644,3.18841907	-7.90780972,9.26175776,16.04061137	9.99832988e-01 9.99465041e-01 9.99589554e-01 6.82925209e-04
2.70451784,-0.97463047,-8.29972833 -7.29473859,4.32856069,3.67720816	10.7145933,-7.72346016,15.44692748	9.99900875e-01 9.99419007e-01 9.99640573e-01 7.42561132e-04
-13.78966337,-15.84370754,1.35274789 -0.61348476,1.11668298,-16.31570079	4.76290467,7.76307801,9.54273921	0.99998386 0.99945899 0.99949095 0.5000022 
-8.17904634,2.29520836,-1.82053711 3.62815179,-6.44929037,5.59436078	15.54574007,9.85469839,-7.71766968	9.99855398e-01 9.99430360e-01 9.99622492e-01 7.24230542e-04
-1.2918624,2.48143576,-8.1818038 4.79823286,-6.87290183,3.62346875	-7.73106478,10.3850634,15.52102446	9.99886944e-01 9.99424923e-01 9.99637329e-01 7.32832339e-04
5.31740752,-6.69293488,3.63552912 -1.64591747,2.41648931,-8.20083566	-7.71234561,9.947568,15.52848451	9.99861133e-01 9.99625706e-01 9.99428765e-01 7.27776700e-04
-2.36777073,1.45524341,-16.36426347 -12.18428843,-16.2954232,1.40634251	3.72984735,8.83432952,9.42259719	0.99998319 0.99948361 0.99943742 0.50000199
1.40432081,-16.40426334,-9.98946952 -16.36305779,1.46872322,-3.90937375	9.42779639,9.24688797,1.2521099	0.99995291 0.99946945 0.99948423 0.50000179
-7.87351107,3.75482842,3.71715729 3.03411575,-8.47433668,-0.56510229	11.22470507,15.31739944,-7.72212025	9.99918105e-01 9.99634672e-01 9.99408626e-01 7.59640450e-04
-7.51128144,3.10809566,3.65276512 2.86667262,-0.17298351,-8.29059117	12.0856302,-7.81931959,15.28429401	9.99943165e-01 9.99616810e-01 9.99401148e-01 7.73907460e-04
-12.06894363,-16.30269075,1.41331104 -2.36570788,1.45271076,-16.37086354	3.17770535,8.90443826,9.40762966	0.99997845 0.99944112 0.99948275 0.50000197
-16.36600327,1.41325728,-6.26789404 1.40841673,-16.36846049,-7.87083339	9.41740185,9.40233926,1.61709102	0.99996351 0.99948336 0.99948208 0.5000018 
-8.03214392,-1.6654207,2.42081241 3.54957115,5.31901447,-6.66796568	15.59830454,-7.74005304,9.9196548	9.99862115e-01 9.99432010e-01 9.99623546e-01 7.23702056e-04
3.91371086,-4.80879969,-4.45823678 2.17938248,1.03498976,9.13666939	7.37981201,22.93133276,-15.2703365	9.99458380e-01 9.99746989e-01 9.99287525e-01 7.08422246e-04
5.40834028,-6.7206105,3.54978134 -1.73089699,2.4621627,-8.03457441	-7.73238913,9.80292484,15.59621812	9.99854236e-01 9.99619790e-01 9.99432972e-01 7.23268753e-04
-16.39249811,-6.58729054,1.42390137 1.43662734,-7.5815767,-16.37915338	9.35689649,1.67762348,9.38101872	0.99996312 0.9994797  0.99948092 0.50000179
-6.71088383,3.63345316,5.44931368 2.44224949,-8.19807054,-1.74015922	9.80883909,15.53061496,-7.70609146	9.99851782e-01 9.99621104e-01 9.99430176e-01 7.26665781e-04
-5.53003292,3.59901317,6.3540507 1.73653967,-8.07467288,-2.21895042	10.22337844,15.60375192,-7.77134491	9.99879999e-01 9.99642201e-01 9.99430895e-01 7.10940454e-04
4.84588363,-6.92182854,3.60614565 -1.33200446,2.51794051,-8.14880968	-7.73079329,10.29286322,15.53345286	9.99882360e-01 9.99634908e-01 9.99426062e-01 7.31815876e-04
3.67408374,4.6891058,-7.19119927 -8.28873777,-1.2234651,2.65816706	15.46897747,-7.70728675,10.34364654	9.99882936e-01 9.99636031e-01 9.99422902e-01 7.37142096e-04
-8.24442832,-0.18721923,2.98809291 3.62872822,3.12288141,-7.72397915	15.29173829,-7.81088476,11.97635183	9.99940448e-01 9.99401247e-01 9.99616191e-01 7.74077870e-04
3.63197331,5.46014691,-6.5547685 -8.1898339,-1.73568589,2.34631119	15.53782914,-7.71543827,9.90311323	9.99858455e-01 9.99624187e-01 9.99429570e-01 7.25901974e-04
3.57193418,-7.18789748,4.72501862 -8.08707854,2.67069462,-1.26093743	15.54386414,10.28178882,-7.73184028	9.99882259e-01 9.99634468e-01 9.99426343e-01 7.32828551e-04
3.1049034,-0.97573626,-13.41799618 -13.38329182,4.4339181,4.36346886	10.40899102,-7.39874384,14.92550341	9.99872578e-01 9.99404718e-01 9.99642883e-01 7.68125193e-04
-5.47891855,3.74427563,-4.38365097 1.32127573,1.29574579,9.07370139	22.26672453,7.52936001,-15.1532534	9.99339211e-01 9.99760600e-01 9.99298199e-01 7.52464319e-04
-8.20397153,2.53478245,-1.28471047 3.63361952,-6.96467729,4.78231744	15.50952296,10.34898288,-7.72431549	9.99884612e-01 9.99424629e-01 9.99636291e-01 7.33782792e-04
-8.27287778,2.71535771,-0.89264662 3.66267772,-7.31430983,4.20696551	15.44838123,10.84910861,-7.73414108	9.99906894e-01 9.99417967e-01 9.99641187e-01 7.44146906e-04
-1.01156244,-8.12556757,2.41379579 4.40946585,3.59444536,-6.7981858	-7.76478056,15.53021626,10.91085701	9.99912005e-01 9.99422138e-01 9.99647008e-01 7.35915314e-04
2.65939843,-8.25731357,-0.49946977 -7.20811869,3.6492004,3.6313871	11.62084873,15.40391127,-7.78678796	9.99933549e-01 9.99410748e-01 9.99638143e-01 7.55417479e-04
-8.28737426e+00,4.37744473e-04,3.07050795e+00 3.64015013e+00,2.82402187e+00,-7.83168135e+00	15.18880298,-7.83370081,12.27939466	9.99945500e-01 9.99395491e-01 9.99598955e-01 7.87021910e-04
3.67162491,-7.17066358,4.18342759 -8.28869848,2.62937969,-0.87017508	15.44713671,10.95540911,-7.74103253	9.99911353e-01 9.99642856e-01 9.99417509e-01 7.44187764e-04
-16.39005921,-8.59960093,1.41057496 1.43910211,-5.94354812,-16.36787696	9.34047637,2.63210449,9.41264761	0.99997729 0.9994778  0.99948298 0.50000182
5.3010288,-6.86029094,3.62260328 -1.64670557,2.5183774,-8.18027005	-7.70659977,9.85904174,15.5307735	9.99855431e-01 9.99623068e-01 9.99429632e-01 7.28070737e-04
-8.12164339,-1.80448773,2.42893835 3.59496295,5.53505838,-6.66097589	15.56261144,-7.71646994,9.74559946	9.99848666e-01 9.99432087e-01 9.99618310e-01 7.24192147e-04
1.39705894,-15.07310435,-14.87972248 -16.3556693,0.46773776,0.34236833	9.44288709,6.69927269,5.92856481	0.99998388 0.99949268 0.99948484 0.50000223
-10.85903528,1.42205813,4.19452994 4.10754192,1.00031569,-10.85703807	13.4147719,-7.73803272,13.90287429	9.99943983e-01 9.99469164e-01 9.99426048e-01 8.46030041e-04
-8.23915244,-0.303106,2.8707392 3.63170693,3.3092994,-7.53887417	15.34332992,-7.80252799,11.8340666	9.99937945e-01 9.99405076e-01 9.99625328e-01 7.66426229e-04
1.43038045,-10.14298074,-16.34597449 -16.38702492,-4.1617273,1.40995626	9.37127412,2.10326609,9.3579385	0.99997006 0.99947616 0.99948061 0.50000183
3.62647022,4.95649625,-6.84131778 -8.18661941,-1.40236284,2.47462333	15.52395786,-7.72375776,10.22623108	9.99878225e-01 9.99633604e-01 9.99426231e-01 7.31214605e-04
1.42073026,-14.23583355,-15.4868281 -16.37759583,-0.3012787,0.78899829	9.3915126,5.88350745,7.38987011	0.99998802 0.99949139 0.99948169 0.50000223
1.4121741,-16.37976402,-11.22763489 -16.36983347,1.4818186,-3.20884486	9.4101089,9.09135264,2.72469516	0.99997541 0.99945483 0.99948292 0.50000189
-8.27003696,-1.2024208,2.59264664 3.66559713,4.66328794,-7.07997925	15.47885731,-7.71689509,10.42744188	9.99887754e-01 9.99422751e-01 9.99637661e-01 7.36719577e-04
-0.9898533,-8.26892231,2.59656485 4.35902554,3.6634284,-7.10872734	-7.73438556,15.46594215,10.77433151	9.99904180e-01 9.99419676e-01 9.99642289e-01 7.40829285e-04
1.44198104,-16.3824351,-6.17841798 -16.39491665,1.42592633,-8.12594023	9.33957615,9.37982257,1.98751109	0.99996812 0.99948107 0.99947815 0.5000018 
-0.68073004,-8.25943709,2.79545441 3.88931205,3.65195431,-7.44916215	-7.75272781,15.42233935,11.17227192	9.99918997e-01 9.99413997e-01 9.99639404e-01 7.50659097e-04
-16.38429199,-7.64771057,1.40997202 1.42915127,-6.04843258,-16.36804796	9.37065389,0.85103588,9.41503352	0.99994556 0.99948041 0.99948346 0.50000174
2.89059874,-8.29991701,-0.15869257 -7.55016325,3.65650724,3.08429493	12.09508893,15.27347526,-7.81868965	9.99943144e-01 9.99400501e-01 9.99615290e-01 7.75192489e-04
-6.73625864,-4.12219682,3.83171435 1.51265936,9.10589895,1.47391891	21.07704528,-14.8023319,7.62132263	9.99040385e-01 9.99828732e-01 9.99289295e-01 9.06500506e-04
3.55674378,-6.10118187,5.90265563 -8.02576377,2.12043438,-2.01521742	15.61946024,9.83923361,-7.75328267	9.99857026e-01 9.99621304e-01 9.99433808e-01 7.16616189e-04
-1.83962575,-8.07965777,2.48034021 5.57359162,3.57218988,-6.73171429	-7.71685157,15.57745594,9.6624925	9.99843383e-01 9.99433589e-01 9.99615416e-01 7.23168767e-04
-7.82373766,1.97331754,3.50758821 3.15417177,0.54698116,-8.12073258	13.24835926,-7.96736363,14.83661453	9.99957195e-01 9.99530674e-01 9.99398287e-01 8.19984203e-04
1.65948337,-7.81473112,-2.54790567 -5.27612078,3.47473501,6.78870757	10.08744997,15.74590608,-7.84674796	9.99875776e-01 9.99439596e-01 9.99633848e-01 6.96481361e-04
-7.06245804,3.51327415,5.02472983 2.63160419,-7.96992498,-1.48037108	9.99343805,15.60538273,-7.74077164	9.99867530e-01 9.99626804e-01 9.99431616e-01 7.26234576e-04
3.57868522,2.11724373,-7.93771401 -8.24101143,0.45001567,3.19818307	14.88035347,-7.92563769,13.03710702	9.99954416e-01 9.99542737e-01 9.99393239e-01 8.17436711e-04
2.40958621,-7.80951357,3.61357958 0.26119415,3.09654758,-8.27172908	-7.89027888,12.75472311,15.03379753	9.99952233e-01 9.99569215e-01 9.99391924e-01 8.04176875e-04
4.38223943,3.95871432,-8.29984422 -0.99351974,-8.88965877,3.18353976	-7.61378917,15.24690134,10.39730292	9.99878468e-01 9.99639738e-01 9.99415458e-01 7.50576351e-04
5.28547083,-6.82771787,3.64487553 -1.63062595,2.4938697,-8.22308939	-7.70340144,9.89910206,15.51592978	9.99857470e-01 9.99624427e-01 9.99428703e-01 7.28910997e-04
4.39500145,4.10269529,-11.85329859 -11.86487292,-0.78553719,3.37224015	14.96549847,-7.45951937,10.63157341	9.99884806e-01 9.99645058e-01 9.99415947e-01 7.55177966e-04
2.78591841,-0.44980505,-8.24272459 -7.41332228,3.5410966,3.63882838	11.61438234,-7.78656304,15.38769475	9.99932799e-01 9.99409154e-01 9.99633670e-01 7.58763218e-04
2.65260677,-10.19091926,4.30612705 0.13024788,3.82849203,-10.30848839	-7.62803297,12.10887966,14.72616138	9.99932513e-01 9.99586173e-01 9.99392029e-01 8.02913533e-04
-1.05600732,2.67629698,-8.17240495 4.43921425,-7.23032766,3.61398676	-7.73535005,10.60266901,15.49941716	9.99897277e-01 9.99421984e-01 9.99639655e-01 7.38400560e-04
-6.74758497,5.11053871,3.61355104 2.43362955,-1.50812282,-8.15881218	10.11415471,-7.72508993,15.54029919	9.99872170e-01 9.99630517e-01 9.99427819e-01 7.28861021e-04
-6.80839238,5.09673226,3.58120648 2.47596277,-1.50892548,-8.09713619	10.07594604,-7.73178857,15.5628898	9.99870736e-01 9.99629013e-01 9.99429061e-01 7.27813203e-04
-8.90150961,-16.36490243,1.41424139 -3.8029537,1.41681029,-16.37351551	-0.17616904,9.39672092,9.40834658	0.9999099  0.99947887 0.99948373 0.50000137
3.76951556,3.70649243,-7.89630577 -8.50440929,-0.55741057,3.04607749	15.30646824,-7.71892417,11.23101183	9.99918047e-01 9.99634379e-01 9.99408183e-01 7.60347562e-04
-6.67596815,3.62328705,5.46857682 2.42484084,-8.17711656,-1.75317592	9.80881142,15.53970741,-7.71017475	9.99852151e-01 9.99620909e-01 9.99430522e-01 7.25986654e-04
3.59037453,-6.73785591,5.4589727 -8.11459523,2.46819688,-1.75719363	15.56232395,9.76658698,-7.71623509	9.99850242e-01 9.99619221e-01 9.99431851e-01 7.24910809e-04
4.59183009,3.66137581,-7.06214407 -1.15164382,-8.26178778,2.57862365	-7.7230478,15.47995698,10.52001219	9.99892559e-01 9.99639289e-01 9.99422125e-01 7.37375948e-04
3.55244051,6.14022745,-6.40264141 -8.03380975,-2.20760216,2.34561385	15.61007608,-7.72384174,9.41968601	9.99825421e-01 9.99604958e-01 9.99438076e-01 7.16415349e-04
1.42013197,-7.35108294,-16.35592641 -16.37727828,-6.38814433,1.39831625	9.39269785,0.91226953,9.4379512	0.99994838 0.99948456 0.99948203 0.50000175
-6.26989997,5.94500771,3.60092295 2.22663462,-2.05109456,-8.12032146	9.68210525,-7.72513263,15.57584725	9.99844142e-01 9.99615675e-01 9.99433395e-01 7.19546235e-04
-8.25997619,-0.58143094,2.82236059 3.65006128,3.73897727,-7.48934452	15.40441771,-7.76300312,11.33740361	9.99924357e-01 9.99411792e-01 9.99637167e-01 7.54333168e-04
3.6645849,4.73874072,-7.03434779 -8.26670292,-1.25309621,2.56947182	15.48349667,-7.71501118,10.36738187	9.99884709e-01 9.99636705e-01 9.99423425e-01 7.35667150e-04
-8.13366284,1.78671149,3.55075212 3.34192644,0.68000014,-8.24321536	13.34992563,-7.9557363,14.63861921	9.99955341e-01 9.99508327e-01 9.99401096e-01 8.32203774e-04
-12.23759413,-0.41108327,3.52137575 4.38135053,3.52370133,-12.20692029	14.88929828,-7.49268311,11.21636757	9.99909176e-01 9.99405598e-01 9.99632140e-01 7.71878530e-04
-16.40530027,1.38078688,-10.89121152 1.49372413,-16.34093369,-3.53408412	9.11906178,9.47907264,2.58213677	0.99997484 0.99945826 0.99948711 0.50000187
3.1161027,3.60773332,-7.70266812 -0.18368694,-8.2027205,2.97754178	-7.81778853,15.30548548,11.99274671	9.99941136e-01 9.99616192e-01 9.99401767e-01 7.73431776e-04
2.87222982,-8.23852478,-0.51642777 -7.56930979,3.63731083,3.63753306	11.42597995,15.39514628,-7.76998458	9.99927043e-01 9.99410380e-01 9.99634804e-01 7.56968575e-04
-14.5233112,-15.27221719,1.42120911 -0.08770969,0.61363606,-16.37802547	6.68376245,6.80337196,9.39047068	0.99998923 0.9995044  0.99948162 0.50000224
1.46495479,-3.37813265,-16.3341298 -16.39458832,-10.24765482,1.37240969	9.2454492,0.84748977,9.49895224	0.99994433 0.99948868 0.99946779 0.50000177
3.66990285,-7.32248697,4.16661586 -8.2879681,2.71889024,-0.86428975	15.44023842,10.89580313,-7.73468167	9.99908646e-01 9.99641308e-01 9.99417276e-01 7.45146222e-04
3.62006664,-7.77908771,2.81111236 -8.24761369,3.04289699,0.00826909	15.20053075,12.31454083,-7.84281575	9.99946519e-01 9.99598651e-01 9.99395978e-01 7.86531805e-04
-4.10430422,1.40005225,-16.36830672 -9.35601745,-16.34741277,1.40963741	0.57108957,9.41650438,9.41677505	0.99993885 0.99948375 0.99948102 0.50000171
-8.26361701,2.60601509,-1.49224918 3.66300727,-7.05551937,5.07837865	15.49045151,9.99183913,-7.69555975	9.99862722e-01 9.99426787e-01 9.99627940e-01 7.32265851e-04
-16.37110829,1.14732889,-0.781991 1.41369845,-15.88567689,-13.66165242	9.40668345,7.87481455,4.90892768	0.99998482 0.99948264 0.99945709 0.50000219
3.63176247,4.15268645,-7.29524209 -8.21217985,-0.85735739,2.7062451	15.46668103,-7.74641552,10.9204379	9.99910426e-01 9.99641548e-01 9.99418164e-01 7.43929948e-04
1.08479486,4.03208188,-13.98302519 1.33572593,-14.02860177,4.07905596	-7.64810211,13.42377166,13.71120171	9.99941325e-01 9.99405605e-01 9.99432463e-01 8.90748005e-04
-16.3381346,-1.0042045,1.25492677 1.3777855,-13.3606201,-16.01508251	9.48573958,4.14046151,8.20350477	0.99998181 0.99948748 0.99944373 0.50000215
3.56254612,4.25937108,-9.60463333 -0.4419651,-9.83455255,3.57570664	-7.57143812,14.99719803,11.17462166	9.99908602e-01 9.99632568e-01 9.99405021e-01 7.70314960e-04
-8.18699524,2.84752856,-0.50275496 3.61130277,-7.52170712,3.61523787	15.4125066,11.47162289,-7.78089195	9.99928919e-01 9.99410873e-01 9.99634761e-01 7.56336161e-04
-0.81856602,-8.05784757,2.78866894 4.08046655,3.55210407,-7.4244742	-7.76581665,15.51410012,10.93659803	9.99912382e-01 9.99419797e-01 9.99640694e-01 7.42525297e-04
-13.83774933,3.03919069,-1.01663821 4.34444567,-13.81550413,4.50909304	14.89586361,10.35779981,-7.37492332	9.99868894e-01 9.99395438e-01 9.99638618e-01 7.79701008e-04
-8.2385591,-0.72757881,2.68838961 3.64355522,3.96557824,-7.26653026	15.44440034,-7.7586451,11.16758708	9.99919460e-01 9.99415507e-01 9.99641607e-01 7.47787237e-04
1.40649005,-16.38592754,-3.23517628 -16.31615864,1.42919221,-11.06611452	9.2770008,9.37385041,2.27352086	0.9999714  0.99948076 0.99946754 0.50000187
-0.74236533,-8.2092998,2.79080967 3.97854421,3.62772645,-7.44026957	-7.75223222,15.44811903,11.0652239	9.99915659e-01 9.99415899e-01 9.99640202e-01 7.47843654e-04
-6.83434233,3.61715322,5.25750518 2.50021811,-8.1687288,-1.61660095	9.91197488,15.53586729,-7.7119604	9.99859188e-01 9.99624528e-01 9.99429346e-01 7.28089510e-04
-8.09601926,2.15391811,-1.66948609 3.59007707,-6.26426945,5.40435115	15.5785589,10.19889625,-7.74663763	9.99878492e-01 9.99429034e-01 9.99635100e-01 7.23093794e-04
-8.19050719,-1.68004112,2.41734676 3.63028116,5.36505535,-6.68409722	15.5333268,-7.7122902,9.90401636	9.99858423e-01 9.99429357e-01 9.99624194e-01 7.27129905e-04
-6.68302936,4.39727889,3.61088718 2.33396969,-0.98561113,-8.15485775	11.04123363,-7.76524817,15.51947217	9.99917095e-01 9.99650891e-01 9.99421240e-01 7.36248545e-04
0.58237943,-8.05165872,3.23775766 1.92032001,3.46683995,-7.96426991	-7.97185503,14.81431201,13.26229484	9.99956919e-01 9.99399794e-01 9.99524774e-01 8.22340897e-04
5.1921286,3.5509431,-6.87919898 -1.58575026,-8.04001134,2.53337799	-7.73191085,15.58534991,9.92592945	9.99862216e-01 9.99624395e-01 9.99431312e-01 7.25851583e-04
-0.62074114,-8.26949352,2.67640279 3.81060578,3.6575265,-7.24474408	-7.76832239,15.41974439,11.37472594	9.99926126e-01 9.99413056e-01 9.99640509e-01 7.51532708e-04
2.58286598,-1.34295315,-8.18844248 -7.03448616,4.85839259,3.62508086	10.22246192,-7.7185067,15.51457585	9.99877743e-01 9.99425731e-01 9.99633347e-01 7.32943281e-04
-8.07011634,-1.59630316,2.49690729 3.56707639,5.21534699,-6.81911495	15.57536834,-7.72963478,9.94168495	9.99862769e-01 9.99430741e-01 9.99624848e-01 7.26162253e-04
1.3960925,-16.36523414,-10.18629095 -16.35525102,1.43189836,-3.78765108	9.4455732,9.31176084,1.40275885	0.99995809 0.99947285 0.99948523 0.50000181
-0.99331615,2.6255787,-8.23255119 4.35805457,-7.15405049,3.64462912	-7.73678459,10.74580774,15.47695196	9.99903221e-01 9.99420192e-01 9.99641615e-01 7.40390519e-04
1.39764162,-15.69835559,-14.05578449 -16.35624919,0.99460492,-0.35372133	9.4416436,7.53955081,4.93853693	0.99998261 0.99946936 0.99948478 0.50000221
2.36491247,-8.19170441,-2.00258406 -6.51413399,3.63226615,5.85207381	9.5923867,15.54124991,-7.70233665	9.99836028e-01 9.99433020e-01 9.99613027e-01 7.22707800e-04
1.97181571,-8.11464399,-1.82150125 -5.96625551,3.60675754,5.69330865	10.25737045,15.5755298,-7.74912747	9.99881667e-01 9.99428744e-01 9.99640179e-01 7.19829100e-04
2.57076127,-1.48996926,-8.07176316 -6.97023614,5.05621988,3.56632392	10.02431623,-7.7283371,15.56637318	9.99867815e-01 9.99429570e-01 9.99627746e-01 7.28224187e-04
-2.65504277,-7.62722072,1.94488784 6.80368956,3.36549706,-5.5738534	-7.86673822,15.85731377,9.53743749	9.99843767e-01 9.99450451e-01 9.99604606e-01 6.90485408e-04
-8.17027499,-0.40496569,2.87197715 3.60011457,3.46360892,-7.55174113	15.39434235,-7.79529807,11.64165448	9.99933640e-01 9.99408624e-01 9.99630677e-01 7.60432537e-04
-8.15238013,-1.43102456,2.48166991 3.60901601,4.99239634,-6.84297274	15.5376956,-7.7266951,10.1793237	9.99876007e-01 9.99427148e-01 9.99632217e-01 7.30168071e-04
-8.39059431,-1.32924311,2.83671417 3.72317211,4.84457547,-7.50999264	15.42551183,-7.66899714,10.06554467	9.99865125e-01 9.99423562e-01 9.99631865e-01 7.38043675e-04
-16.37723149,-0.5046996,1.08759674 1.42009666,-13.87047799,-15.80820501	9.39306263,4.62179779,7.734209	0.99998107 0.99948186 0.99946057 0.50000219
3.37495705,-12.53626968,-0.60734138 -12.47941992,4.38201893,3.84013619	10.92308959,14.92187078,-7.46246256	9.99898083e-01 9.99408482e-01 9.99640332e-01 7.65849900e-04
-10.80214035,1.41844278,-16.38060343 -3.34438755,-16.37599475,1.46506786	1.84851406,9.39697804,9.19103657	0.9999635  0.99946298 0.99948224 0.50000185
-16.26876062,-12.31529636,1.4305276 1.43781467,-2.2439927,-16.38701343	8.79589192,3.88619989,9.37081171	0.99998373 0.99943644 0.99948049 0.50000201
3.61494805,2.93962827,-7.55221147 -8.22563283,-0.06924118,2.90436682	15.25982067,-7.84370473,12.26296111	9.99946701e-01 9.99608056e-01 9.99399129e-01 7.79299214e-04
3.59996635,-7.56750473,2.44269038 -8.23755493,2.95760334,0.24437879	15.07524754,12.82390673,-7.90524171	9.99954464e-01 9.99574351e-01 9.99393914e-01 7.99730621e-04
2.52781196,-1.428125,-8.25634074 -6.93236179,4.99252575,3.6607383	10.14246024,-7.7079161,15.49647708	9.99872276e-01 9.99425789e-01 9.99631608e-01 7.32486943e-04
5.02171323,3.63196437,-6.783562 -1.44369213,-8.19584408,2.44380167	-7.72209962,15.52336829,10.19457959	9.99876349e-01 9.99632956e-01 9.99426487e-01 7.30578442e-04
-8.19355756,-0.71033641,2.69685265 3.62045723,3.93661836,-7.27716336	15.45734991,-7.76606798,11.19469218	9.99920763e-01 9.99415781e-01 9.99641350e-01 7.47586364e-04
2.26323863,-1.64195132,-8.17150246 -6.44747961,5.3435014,3.62497233	10.10673057,-7.72804096,15.54491052	9.99871801e-01 9.99428172e-01 9.99631405e-01 7.26092280e-04
-6.93042207,4.85040932,3.62008559 2.52103948,-1.33319119,-8.17637568	10.28793818,-7.72610793,15.52260936	9.99881706e-01 9.99634911e-01 9.99425639e-01 7.32393943e-04
-0.74565468,-15.40248285,2.85416621 4.14535558,4.18475116,-15.35302197	-7.17150082,14.47240882,10.61595525	9.99871369e-01 9.99250735e-01 9.99560828e-01 9.67726839e-04
3.54949379,5.50776776,-6.69920836 -8.03398405,-1.7988601,2.46002314	15.59800495,-7.72937789,9.72510362	9.99848817e-01 9.99617047e-01 9.99433835e-01 7.22373477e-04
5.18181742,-6.56208602,3.58010987 -1.55021636,2.33063935,-8.08774335	-7.74236482,10.15731119,15.57475548	9.99875968e-01 9.99631847e-01 9.99429049e-01 7.25905732e-04
-6.77281867,3.62671026,5.42924735 2.47869478,-8.18662157,-1.73100797	9.78861179,15.53271305,-7.70495849	9.99850518e-01 9.99620531e-01 9.99430440e-01 7.26820455e-04
4.48219125,-7.46333941,3.71234217 -1.08041364,2.80038892,-8.37025195	-7.69629501,10.47035968,15.42358025	9.99888215e-01 9.99637996e-01 9.99419872e-01 7.42067439e-04
-16.36711617,-3.38934612,1.48253225 1.40905754,-10.85635937,-16.39569702	9.41706367,2.09423469,9.14812067	0.99996735 0.99948342 0.99946013 0.50000185
0.33134724,-8.22260506,3.16857306 2.29794793,3.58170398,-7.91838224	-7.90377159,14.98808169,12.84187165	9.99952895e-01 9.99392009e-01 9.99559360e-01 8.09226353e-04
-6.59074184,5.32694155,3.65438236 2.34996688,-1.64056466,-8.23444789	10.0175175,-7.71278493,15.5187116	9.99865219e-01 9.99628266e-01 9.99427830e-01 7.27970847e-04
-1.48221436,-8.17316975,2.54793032 5.05953176,3.61829942,-6.94647168	-7.71468661,15.52733262,10.05162019	9.99867941e-01 9.99427707e-01 9.99628898e-01 7.30354967e-04
1.71139752,3.50402446,-7.79280702 0.73704173,-8.16060864,3.16918518	-7.99991627,14.62850011,13.56218294	9.99958732e-01 9.99504032e-01 9.99407699e-01 8.29376815e-04
2.58658726,-7.91324122,3.6180793 0.14835945,3.13695167,-8.26393813	-7.86089621,12.51908192,15.10643015	9.99948932e-01 9.99582412e-01 9.99392562e-01 7.97243601e-04
5.9717093,3.61677318,-5.97299066 -2.0211033,-8.13548082,2.01664128	-7.73909901,15.57200913,9.97074752	9.99863879e-01 9.99628861e-01 9.99430659e-01 7.18341102e-04
4.92335398,-6.9478773,3.6052409 -1.38837471,2.53968399,-8.14750366	-7.72538868,10.19149834,15.5346956	9.99876655e-01 9.99632440e-01 9.99426861e-01 7.31118929e-04
3.59340984,-6.39815026,5.80828277 -8.11061221,2.29640715,-1.97305334	15.57645582,9.68731009,-7.72356172	9.99844716e-01 9.99615666e-01 9.99433327e-01 7.20834752e-04
4.66223672,3.63890143,-7.00756562 -1.20107904,-8.21584093,2.55209657	-7.72737291,15.50027935,10.46429205	9.99890404e-01 9.99638486e-01 9.99423373e-01 7.35514448e-04
3.31535649,3.96307043,-7.19283832 -7.5975841,-0.77138059,2.69185437	15.74370332,-7.87352609,11.12429602	9.99924947e-01 9.99642792e-01 9.99432437e-01 7.26829606e-04
-6.77703181,3.97008072,3.62974281 2.38113122,-0.69069059,-8.20104878	11.53163322,-7.78331287,15.47125837	9.99932936e-01 9.99651439e-01 9.99416275e-01 7.44491927e-04
5.03007982,-7.00646102,3.59206961 -1.46803153,2.58488433,-8.12293697	-7.71994725,10.04289972,15.54386729	9.99868110e-01 9.99628588e-01 9.99428420e-01 7.29794758e-04
4.33312172,-13.90477831,4.56123138 -13.89590919,3.01405945,-1.04903339	14.8917439,10.31621303,-7.3676243	9.99866352e-01 9.99637543e-01 9.99393606e-01 7.81927653e-04
0.73424735,-16.3512582,0.02464317 -15.37918691,1.39225969,-14.52499374	6.89071811,9.45345311,5.76542643	0.99998419 0.99948549 0.99948691 0.50000223
2.51705431,-1.78555168,-8.10213661 -6.8121481,5.49339697,3.58279489	9.69391581,-7.71194182,15.56471078	9.99845219e-01 9.99432700e-01 9.99617038e-01 7.24629419e-04
2.5160113,-8.19195791,-1.7075885 -6.84253464,3.62852664,5.3909403	9.78605372,15.52802998,-7.70193402	9.99850202e-01 9.99430277e-01 9.99620714e-01 7.27464842e-04
-0.34108564,-8.24132141,2.93725253 3.36556747,3.6332867,-7.66101942	-7.78989852,15.3469264,11.71520319	9.99934678e-01 9.99405667e-01 9.99626573e-01 7.65418120e-04
3.65304652,5.39252549,-6.78540813 -8.23853624,-1.70184884,2.47818795	15.51299951,-7.69895205,9.82382879	9.99852117e-01 9.99621980e-01 9.99429366e-01 7.28125824e-04
3.60597541,-7.31072451,4.2492425 -8.15998116,2.71891099,-0.92681021	15.49096414,10.79122656,-7.74551718	9.99905644e-01 9.99640926e-01 9.99420081e-01 7.41355258e-04
0.42974763,3.20532611,-8.15248754 2.14595953,-7.95433512,3.536023	-7.93021645,13.00343684,14.92555143	9.99954574e-01 9.99393869e-01 9.99545934e-01 8.14904898e-04
2.4573224,-8.22204193,-1.21464117 -6.85100857,3.64397912,4.69723828	10.5268995,15.50363313,-7.73202247	9.99893712e-01 9.99423271e-01 9.99640605e-01 7.34658869e-04
-2.57206407,1.47747169,-16.32647373 -11.76383224,-16.34734145,1.36468356	2.66867851,8.97457576,9.51551259	0.99997457 0.99948935 0.99944522 0.50000193
5.72865373,3.55807059,-6.49555533 -1.93680418,-8.04526683,2.35863382	-7.73138981,15.60150579,9.66386869	9.99844233e-01 9.99614250e-01 9.99434658e-01 7.20142025e-04
0.46280459,-13.24684121,3.85404033 2.14293237,4.27227363,-13.20431748	-7.60793457,14.39709435,12.60466428	9.99938531e-01 9.99382917e-01 9.99535581e-01 8.39538914e-04
-6.07123903,-16.38658248,1.39379015 -7.91156312,1.43000523,-16.3504595	1.31649927,9.37167067,9.44488386	0.99995752 0.9994807  0.9994847  0.50000178
4.43677766,3.58739231,-7.12492168 -1.05435522,-8.11831324,2.61785697	-7.74862117,15.52428318,10.65255179	9.99900386e-01 9.99640581e-01 9.99422864e-01 7.36817391e-04
-1.28585806,-8.22025108,2.50686983 4.78934423,3.64241571,-6.91974641	-7.724045,15.50523571,10.37087414	9.99885639e-01 9.99424354e-01 9.99636959e-01 7.33843894e-04
-14.72934091,1.40815667,-15.24217967 0.2248427,-16.3659948,0.62834929	5.77017984,9.41871717,6.69606175	0.99998231 0.99948698 0.99948339 0.50000223
1.92248592,-7.89466156,3.52300303 0.58238479,3.19821378,-8.16071763	-7.96439152,13.2777855,14.78278569	9.99956734e-01 9.99524657e-01 9.99398649e-01 8.23502752e-04
-7.41751841,3.91522878,3.6456165 2.77721771,-0.6979484,-8.24585501	11.15433803,-7.75395912,15.4308706	9.99918565e-01 9.99639880e-01 9.99414576e-01 7.49705452e-04
3.52445736,4.09892689,-7.37356948 -8.00261734,-0.83379158,2.76295325	15.54070681,-7.77558287,10.93026245	9.99912841e-01 9.99641011e-01 9.99421234e-01 7.40508450e-04
-7.63407121,3.66507231,3.27176001 2.92599665,-8.30854498,-0.27926756	11.83726001,15.3082072,-7.79315216	9.99937242e-01 9.99622937e-01 9.99403299e-01 7.69395861e-04
3.56726376,-6.72797193,5.6139709 -8.07023246,2.4833982,-1.86810553	15.5816929,9.62876744,-7.71678632	9.99841062e-01 9.99614169e-01 9.99434151e-01 7.22607142e-04
-8.10238972,-2.06109587,2.25247356 3.59083509,5.94919448,-6.30338441	15.58305003,-7.72603325,9.64449871	9.99841684e-01 9.99434116e-01 9.99613938e-01 7.19180790e-04
4.07479262,-7.25555772,3.60442775 -0.80552582,2.68534742,-8.15884608	-7.76126439,11.03147333,15.48241463	9.99915300e-01 9.99641989e-01 9.99418097e-01 7.44071792e-04
3.64103839,-7.33467265,3.638048 -8.24289007,2.73578991,-0.51075277	15.40471196,11.53668977,-7.78184854	9.99930892e-01 9.99636693e-01 9.99410806e-01 7.55718487e-04
2.24062513,-8.34573219,3.81000173 0.37446415,3.39584432,-8.69692408	-7.84065072,12.76403498,14.8013025	9.99947903e-01 9.99550421e-01 9.99387243e-01 8.19902834e-04
1.42600758,-16.35958288,-9.71448626 -16.38354707,1.41745959,-4.00079009	9.38141467,9.36639605,0.93423544	0.99994678 0.9994774  0.99948152 0.50000177
-14.670244,2.42943526,4.20409046 3.65361117,0.28047418,-14.67379666	12.21199532,-7.4764508,14.3844786	9.99929513e-01 9.99521642e-01 9.99326016e-01 9.02555537e-04
4.19744463,-14.37294473,2.1576112 -14.38253048,3.75866041,0.45629166	14.30316797,12.52005265,-7.53981712	9.99935042e-01 9.99509418e-01 9.99346688e-01 8.89123574e-04
-6.8285489,5.23168098,3.63547184 2.49102004,-1.59494297,-8.20443624	9.94728567,-7.70853737,15.52230297	9.99860948e-01 9.99625786e-01 9.99428499e-01 7.29003488e-04
-6.14522324,4.07089208,-4.18373244 1.25996231,2.30673855,9.13805008	21.2334154,7.56002797,-14.83468819	9.99069983e-01 9.99812866e-01 9.99294511e-01 8.89173531e-04
-16.36565913,-0.652518,1.1738836 1.40770764,-13.69781887,-15.90783934	9.41975797,4.37894945,7.86666472	0.99998026 0.99948348 0.99945183 0.50000218
-16.37698241,-0.63549231,1.11729044 1.41988199,-13.76065737,-15.84774084	9.39347917,4.67699944,7.83204883	0.99998246 0.99948187 0.99945861 0.50000219
-16.38791246,1.40428666,-10.07198066 1.45325612,-16.36278157,-3.99913002	9.27250807,9.42755853,1.57998949	0.99996053 0.9994709  0.99948411 0.50000181
-6.01148681,3.27403311,6.85047735 2.26749894,-7.4816189,-2.75546605	9.10346842,15.92972275,-7.85539115	9.99813874e-01 9.99585692e-01 9.99460265e-01 6.86856033e-04
4.44924493,4.33318277,-13.98312456 -0.96744862,-14.04555271,3.00542035	-7.36422,14.86947849,10.44021459	9.99873195e-01 9.99636589e-01 9.99387713e-01 7.89411863e-04
5.95728325,3.57785175,-6.55915064 -2.08778371,-8.08801472,2.41488971	-7.71061562,15.58092455,9.46559995	9.99828019e-01 9.99607815e-01 9.99436153e-01 7.19824720e-04
2.56698695,-1.62764841,-8.17697917 -6.94810142,5.26830798,3.61989313	9.84483694,-7.70348326,15.52830418	9.99854448e-01 9.99429639e-01 9.99622959e-01 7.28599501e-04
-8.21777357,-1.54213805,2.31028473 3.64681171,5.19408499,-6.55150152	15.52310522,-7.72234781,10.18852092	9.99875942e-01 9.99426648e-01 9.99633840e-01 7.28663947e-04
4.83862387,3.61439181,-6.87679096 -1.32271381,-8.16395976,2.48862281	-7.73131942,15.52886092,10.33205084	9.99884346e-01 9.99636004e-01 9.99425622e-01 7.32045278e-04
5.16491763,-7.0184433,3.66210303 -1.55178091,2.59219011,-8.26129548	-7.69358256,9.92263726,15.49400253	9.99858282e-01 9.99625871e-01 9.99427601e-01 7.31285174e-04
-16.35571114,-4.36718954,1.43457829 1.39659676,-9.5890574,-16.37754917	9.44443488,1.32171395,9.3318331	0.99995677 0.99948517 0.99947578 0.50000179
-8.73789015,1.40487661,-16.4051465 -5.19954088,-16.36336304,1.45526634	1.25240251,9.42622836,9.30692741	0.99995427 0.99947574 0.99948409 0.50000178
-8.09923751,-1.81249492,2.36307372 3.58544279,5.55429003,-6.54649373	15.57556959,-7.72615807,9.79644223	9.99852705e-01 9.99432140e-01 9.99619673e-01 7.23072827e-04
3.45720089,-7.95425316,1.46903664 -8.12474936,3.28896029,0.92919169	14.40514715,13.7922403,-8.01497294	9.99958559e-01 9.99476591e-01 9.99421436e-01 8.37276365e-04
3.52392786,-6.73781823,5.18990987 -7.98377603,2.45578336,-1.58458551	15.61578987,9.99301966,-7.75013731	9.99867572e-01 9.99625695e-01 9.99432221e-01 7.23716911e-04
3.61721973,4.32565302,-7.08059737 -8.17747919,-0.97039545,2.58368895	15.49801265,-7.74985817,10.82179857	9.99907200e-01 9.99642792e-01 9.99420669e-01 7.39480757e-04
-8.03204813,3.32775864,1.05271665 3.39098376,-7.98835384,1.32826101	14.28435994,13.95821172,-8.03006144	9.99959178e-01 9.99433545e-01 9.99461836e-01 8.38439305e-04
-8.10884962,-16.38782045,1.41931753 -6.80386723,1.43484243,-16.37539123	3.91562433,9.3538733,9.39241588	0.999988   0.9994789  0.9994816  0.50000183
-8.13814985,2.3894473,-1.33986282 3.60353748,-6.71017445,4.87842008	15.54425028,10.39980058,-7.74112792	9.99888510e-01 9.99425954e-01 9.99638331e-01 7.30449280e-04
0.1348758,-8.21679802,3.0431108 2.60891711,3.59647295,-7.74654068	-7.87378185,15.14072095,12.55713782	9.99950428e-01 9.99394083e-01 9.99585363e-01 7.94159163e-04
2.6712049,-8.22174335,-0.80031772 -7.23706439,3.63634995,4.07302411	11.04937192,15.46009952,-7.75403718	9.99915419e-01 9.99417107e-01 9.99642234e-01 7.45264374e-04
-5.00720416,6.76928699,3.51605016 1.41923346,-2.48268188,-7.87460175	10.65764238,-7.86179496,15.71395244	9.99904367e-01 9.99658460e-01 9.99435220e-01 6.95766081e-04
-15.03023296,1.42694904,-14.88608233 0.41306627,-16.38358086,0.3348972	6.8160737,9.37837097,5.99040009	0.99998477 0.99949688 0.99948093 0.50000223
1.41362273,-12.18036672,-16.307958 -16.37099962,-2.47001724,1.4689399	9.40679306,4.16083577,8.80093586	0.99998611 0.99943535 0.99948264 0.50000199
-8.15596018,-1.81808801,2.52046105 3.60999209,5.5492362,-6.81850653	15.54330345,-7.70097429,9.65456573	9.99841318e-01 9.99432280e-01 9.99616134e-01 7.25400108e-04
2.39690116,-1.60182613,-8.11001277 -6.65821987,5.24445761,3.58981136	10.02294771,-7.73114548,15.56442501	9.99867410e-01 9.99429607e-01 9.99627499e-01 7.26267207e-04
4.12810386,-9.379816,2.21438289 -9.54970814,3.78370359,0.40643219	14.60159595,12.62335103,-7.73496901	9.99941416e-01 9.99547813e-01 9.99387761e-01 8.24827540e-04
-8.14039754,-0.86953218,2.5388812 3.59813645,4.184065,-7.00929475	15.50621426,-7.76811102,11.04082081	9.99916407e-01 9.99419757e-01 9.99645015e-01 7.40576956e-04
-6.73072017,3.62291346,5.23955191 2.43468938,-8.17701892,-1.59683491	9.99412587,15.53580654,-7.71741968	9.99864480e-01 9.99626981e-01 9.99428640e-01 7.28049200e-04
-6.65762619,3.60259068,5.14578563 2.3829079,-8.13470022,-1.52815395	10.13477438,15.55266715,-7.7316594	9.99873847e-01 9.99631174e-01 9.99428207e-01 7.27705081e-04
-1.80698115,2.50090109,-8.20144804 5.54051065,-6.79373633,3.63356162	-7.696616,9.68248632,15.52709689	9.99842588e-01 9.99431371e-01 9.99617198e-01 7.26280421e-04
3.27368111,0.49324854,-8.32473282 -8.06578467,2.05350792,3.61521582	13.06224989,-7.91724006,14.8070197	9.99953500e-01 9.99392789e-01 9.99535308e-01 8.22427623e-04
3.74851089,3.65785926,-7.45051427 -0.58636583,-8.27474978,2.79908991	-7.76246646,15.40232661,11.34412108	9.99924552e-01 9.99637583e-01 9.99411806e-01 7.54151578e-04
