G,G_name,G_bits,X,X_name,X_bits,Y,Y_name,Y_bits,result,result_name,result_bits,program,program_is_lambda16_term
0,FALSE,'0000,0,FALSE,'0000,0,FALSE,'0000,0,FALSE,'0000,1,yes
0,FALSE,'0000,1,q AND NOT p,'0010,0,FALSE,'0000,0,FALSE,'0000,1,yes
0,FALSE,'0000,2,AND,'1000,0,FALSE,'0000,0,FALSE,'0000,1,yes
0,FALSE,'0000,3,Q,'1010,0,FALSE,'0000,0,FALSE,'0000,1,yes
0,FALSE,'0000,4,p AND NOT q,'0100,0,FALSE,'0000,0,FALSE,'0000,1,yes
0,FALSE,'0000,5,XOR,'0110,0,FALSE,'0000,0,FALSE,'0000,1,yes
0,FALSE,'0000,6,P,'1100,0,FALSE,'0000,0,FALSE,'0000,1,yes
0,FALSE,'0000,7,OR,'1110,0,FALSE,'0000,0,FALSE,'0000,1,yes
0,FALSE,'0000,8,NOR,'0001,0,FALSE,'0000,0,FALSE,'0000,1,yes
0,FALSE,'0000,9,NOT P,'0011,0,FALSE,'0000,0,FALSE,'0000,1,yes
0,FALSE,'0000,10,XNOR,'1001,0,FALSE,'0000,0,FALSE,'0000,1,yes
0,FALSE,'0000,11,IMPLIES (p -> q),'1011,0,FALSE,'0000,0,FALSE,'0000,1,yes
0,FALSE,'0000,12,NOT Q,'0101,0,FALSE,'0000,0,FALSE,'0000,1,yes
0,FALSE,'0000,13,NAND,'0111,0,FALSE,'0000,0,FALSE,'0000,1,yes
0,FALSE,'0000,14,CONVERSE (q -> p),'1101,0,FALSE,'0000,0,FALSE,'0000,1,yes
0,FALSE,'0000,15,TRUE,'1111,0,FALSE,'0000,0,FALSE,'0000,1,yes
0,FALSE,'0000,0,FALSE,'0000,1,q AND NOT p,'0010,0,FALSE,'0000,1,yes
0,FALSE,'0000,1,q AND NOT p,'0010,1,q AND NOT p,'0010,0,FALSE,'0000,1,yes
0,FALSE,'0000,2,AND,'1000,1,q AND NOT p,'0010,0,FALSE,'0000,1,yes
0,FALSE,'0000,3,Q,'1010,1,q AND NOT p,'0010,0,FALSE,'0000,1,yes
0,FALSE,'0000,4,p AND NOT q,'0100,1,q AND NOT p,'0010,0,FALSE,'0000,1,yes
0,FALSE,'0000,5,XOR,'0110,1,q AND NOT p,'0010,0,FALSE,'0000,1,yes
0,FALSE,'0000,6,P,'1100,1,q AND NOT p,'0010,0,FALSE,'0000,1,yes
0,FALSE,'0000,7,OR,'1110,1,q AND NOT p,'0010,0,FALSE,'0000,1,yes
0,FALSE,'0000,8,NOR,'0001,1,q AND NOT p,'0010,0,FALSE,'0000,1,yes
0,FALSE,'0000,9,NOT P,'0011,1,q AND NOT p,'0010,0,FALSE,'0000,1,yes
0,FALSE,'0000,10,XNOR,'1001,1,q AND NOT p,'0010,0,FALSE,'0000,1,yes
0,FALSE,'0000,11,IMPLIES (p -> q),'1011,1,q AND NOT p,'0010,0,FALSE,'0000,1,yes
0,FALSE,'0000,12,NOT Q,'0101,1,q AND NOT p,'0010,0,FALSE,'0000,1,yes
0,FALSE,'0000,13,NAND,'0111,1,q AND NOT p,'0010,0,FALSE,'0000,1,yes
0,FALSE,'0000,14,CONVERSE (q -> p),'1101,1,q AND NOT p,'0010,0,FALSE,'0000,1,yes
0,FALSE,'0000,15,TRUE,'1111,1,q AND NOT p,'0010,0,FALSE,'0000,1,yes
0,FALSE,'0000,0,FALSE,'0000,2,AND,'1000,0,FALSE,'0000,1,yes
0,FALSE,'0000,1,q AND NOT p,'0010,2,AND,'1000,0,FALSE,'0000,1,yes
0,FALSE,'0000,2,AND,'1000,2,AND,'1000,0,FALSE,'0000,1,yes
0,FALSE,'0000,3,Q,'1010,2,AND,'1000,0,FALSE,'0000,1,yes
0,FALSE,'0000,4,p AND NOT q,'0100,2,AND,'1000,0,FALSE,'0000,1,yes
0,FALSE,'0000,5,XOR,'0110,2,AND,'1000,0,FALSE,'0000,1,yes
0,FALSE,'0000,6,P,'1100,2,AND,'1000,0,FALSE,'0000,1,yes
0,FALSE,'0000,7,OR,'1110,2,AND,'1000,0,FALSE,'0000,1,yes
0,FALSE,'0000,8,NOR,'0001,2,AND,'1000,0,FALSE,'0000,1,yes
0,FALSE,'0000,9,NOT P,'0011,2,AND,'1000,0,FALSE,'0000,1,yes
0,FALSE,'0000,10,XNOR,'1001,2,AND,'1000,0,FALSE,'0000,1,yes
0,FALSE,'0000,11,IMPLIES (p -> q),'1011,2,AND,'1000,0,FALSE,'0000,1,yes
0,FALSE,'0000,12,NOT Q,'0101,2,AND,'1000,0,FALSE,'0000,1,yes
0,FALSE,'0000,13,NAND,'0111,2,AND,'1000,0,FALSE,'0000,1,yes
0,FALSE,'0000,14,CONVERSE (q -> p),'1101,2,AND,'1000,0,FALSE,'0000,1,yes
0,FALSE,'0000,15,TRUE,'1111,2,AND,'1000,0,FALSE,'0000,1,yes
0,FALSE,'0000,0,FALSE,'0000,3,Q,'1010,0,FALSE,'0000,1,yes
0,FALSE,'0000,1,q AND NOT p,'0010,3,Q,'1010,0,FALSE,'0000,1,yes
0,FALSE,'0000,2,AND,'1000,3,Q,'1010,0,FALSE,'0000,1,yes
0,FALSE,'0000,3,Q,'1010,3,Q,'1010,0,FALSE,'0000,1,yes
0,FALSE,'0000,4,p AND NOT q,'0100,3,Q,'1010,0,FALSE,'0000,1,yes
0,FALSE,'0000,5,XOR,'0110,3,Q,'1010,0,FALSE,'0000,1,yes
0,FALSE,'0000,6,P,'1100,3,Q,'1010,0,FALSE,'0000,1,yes
0,FALSE,'0000,7,OR,'1110,3,Q,'1010,0,FALSE,'0000,1,yes
0,FALSE,'0000,8,NOR,'0001,3,Q,'1010,0,FALSE,'0000,1,yes
0,FALSE,'0000,9,NOT P,'0011,3,Q,'1010,0,FALSE,'0000,1,yes
0,FALSE,'0000,10,XNOR,'1001,3,Q,'1010,0,FALSE,'0000,1,yes
0,FALSE,'0000,11,IMPLIES (p -> q),'1011,3,Q,'1010,0,FALSE,'0000,1,yes
0,FALSE,'0000,12,NOT Q,'0101,3,Q,'1010,0,FALSE,'0000,1,yes
0,FALSE,'0000,13,NAND,'0111,3,Q,'1010,0,FALSE,'0000,1,yes
0,FALSE,'0000,14,CONVERSE (q -> p),'1101,3,Q,'1010,0,FALSE,'0000,1,yes
0,FALSE,'0000,15,TRUE,'1111,3,Q,'1010,0,FALSE,'0000,1,yes
0,FALSE,'0000,0,FALSE,'0000,4,p AND NOT q,'0100,0,FALSE,'0000,1,yes
0,FALSE,'0000,1,q AND NOT p,'0010,4,p AND NOT q,'0100,0,FALSE,'0000,1,yes
0,FALSE,'0000,2,AND,'1000,4,p AND NOT q,'0100,0,FALSE,'0000,1,yes
0,FALSE,'0000,3,Q,'1010,4,p AND NOT q,'0100,0,FALSE,'0000,1,yes
0,FALSE,'0000,4,p AND NOT q,'0100,4,p AND NOT q,'0100,0,FALSE,'0000,1,yes
0,FALSE,'0000,5,XOR,'0110,4,p AND NOT q,'0100,0,FALSE,'0000,1,yes
0,FALSE,'0000,6,P,'1100,4,p AND NOT q,'0100,0,FALSE,'0000,1,yes
0,FALSE,'0000,7,OR,'1110,4,p AND NOT q,'0100,0,FALSE,'0000,1,yes
0,FALSE,'0000,8,NOR,'0001,4,p AND NOT q,'0100,0,FALSE,'0000,1,yes
0,FALSE,'0000,9,NOT P,'0011,4,p AND NOT q,'0100,0,FALSE,'0000,1,yes
0,FALSE,'0000,10,XNOR,'1001,4,p AND NOT q,'0100,0,FALSE,'0000,1,yes
0,FALSE,'0000,11,IMPLIES (p -> q),'1011,4,p AND NOT q,'0100,0,FALSE,'0000,1,yes
0,FALSE,'0000,12,NOT Q,'0101,4,p AND NOT q,'0100,0,FALSE,'0000,1,yes
0,FALSE,'0000,13,NAND,'0111,4,p AND NOT q,'0100,0,FALSE,'0000,1,yes
0,FALSE,'0000,14,CONVERSE (q -> p),'1101,4,p AND NOT q,'0100,0,FALSE,'0000,1,yes
0,FALSE,'0000,15,TRUE,'1111,4,p AND NOT q,'0100,0,FALSE,'0000,1,yes
0,FALSE,'0000,0,FALSE,'0000,5,XOR,'0110,0,FALSE,'0000,1,yes
0,FALSE,'0000,1,q AND NOT p,'0010,5,XOR,'0110,0,FALSE,'0000,1,yes
0,FALSE,'0000,2,AND,'1000,5,XOR,'0110,0,FALSE,'0000,1,yes
0,FALSE,'0000,3,Q,'1010,5,XOR,'0110,0,FALSE,'0000,1,yes
0,FALSE,'0000,4,p AND NOT q,'0100,5,XOR,'0110,0,FALSE,'0000,1,yes
0,FALSE,'0000,5,XOR,'0110,5,XOR,'0110,0,FALSE,'0000,1,yes
0,FALSE,'0000,6,P,'1100,5,XOR,'0110,0,FALSE,'0000,1,yes
0,FALSE,'0000,7,OR,'1110,5,XOR,'0110,0,FALSE,'0000,1,yes
0,FALSE,'0000,8,NOR,'0001,5,XOR,'0110,0,FALSE,'0000,1,yes
0,FALSE,'0000,9,NOT P,'0011,5,XOR,'0110,0,FALSE,'0000,1,yes
0,FALSE,'0000,10,XNOR,'1001,5,XOR,'0110,0,FALSE,'0000,1,yes
0,FALSE,'0000,11,IMPLIES (p -> q),'1011,5,XOR,'0110,0,FALSE,'0000,1,yes
0,FALSE,'0000,12,NOT Q,'0101,5,XOR,'0110,0,FALSE,'0000,1,yes
0,FALSE,'0000,13,NAND,'0111,5,XOR,'0110,0,FALSE,'0000,1,yes
0,FALSE,'0000,14,CONVERSE (q -> p),'1101,5,XOR,'0110,0,FALSE,'0000,1,yes
0,FALSE,'0000,15,TRUE,'1111,5,XOR,'0110,0,FALSE,'0000,1,yes
0,FALSE,'0000,0,FALSE,'0000,6,P,'1100,0,FALSE,'0000,1,yes
0,FALSE,'0000,1,q AND NOT p,'0010,6,P,'1100,0,FALSE,'0000,1,yes
0,FALSE,'0000,2,AND,'1000,6,P,'1100,0,FALSE,'0000,1,yes
0,FALSE,'0000,3,Q,'1010,6,P,'1100,0,FALSE,'0000,1,yes
0,FALSE,'0000,4,p AND NOT q,'0100,6,P,'1100,0,FALSE,'0000,1,yes
0,FALSE,'0000,5,XOR,'0110,6,P,'1100,0,FALSE,'0000,1,yes
0,FALSE,'0000,6,P,'1100,6,P,'1100,0,FALSE,'0000,1,yes
0,FALSE,'0000,7,OR,'1110,6,P,'1100,0,FALSE,'0000,1,yes
0,FALSE,'0000,8,NOR,'0001,6,P,'1100,0,FALSE,'0000,1,yes
0,FALSE,'0000,9,NOT P,'0011,6,P,'1100,0,FALSE,'0000,1,yes
0,FALSE,'0000,10,XNOR,'1001,6,P,'1100,0,FALSE,'0000,1,yes
0,FALSE,'0000,11,IMPLIES (p -> q),'1011,6,P,'1100,0,FALSE,'0000,1,yes
0,FALSE,'0000,12,NOT Q,'0101,6,P,'1100,0,FALSE,'0000,1,yes
0,FALSE,'0000,13,NAND,'0111,6,P,'1100,0,FALSE,'0000,1,yes
0,FALSE,'0000,14,CONVERSE (q -> p),'1101,6,P,'1100,0,FALSE,'0000,1,yes
0,FALSE,'0000,15,TRUE,'1111,6,P,'1100,0,FALSE,'0000,1,yes
0,FALSE,'0000,0,FALSE,'0000,7,OR,'1110,0,FALSE,'0000,1,yes
0,FALSE,'0000,1,q AND NOT p,'0010,7,OR,'1110,0,FALSE,'0000,1,yes
0,FALSE,'0000,2,AND,'1000,7,OR,'1110,0,FALSE,'0000,1,yes
0,FALSE,'0000,3,Q,'1010,7,OR,'1110,0,FALSE,'0000,1,yes
0,FALSE,'0000,4,p AND NOT q,'0100,7,OR,'1110,0,FALSE,'0000,1,yes
0,FALSE,'0000,5,XOR,'0110,7,OR,'1110,0,FALSE,'0000,1,yes
0,FALSE,'0000,6,P,'1100,7,OR,'1110,0,FALSE,'0000,1,yes
0,FALSE,'0000,7,OR,'1110,7,OR,'1110,0,FALSE,'0000,1,yes
0,FALSE,'0000,8,NOR,'0001,7,OR,'1110,0,FALSE,'0000,1,yes
0,FALSE,'0000,9,NOT P,'0011,7,OR,'1110,0,FALSE,'0000,1,yes
0,FALSE,'0000,10,XNOR,'1001,7,OR,'1110,0,FALSE,'0000,1,yes
0,FALSE,'0000,11,IMPLIES (p -> q),'1011,7,OR,'1110,0,FALSE,'0000,1,yes
0,FALSE,'0000,12,NOT Q,'0101,7,OR,'1110,0,FALSE,'0000,1,yes
0,FALSE,'0000,13,NAND,'0111,7,OR,'1110,0,FALSE,'0000,1,yes
0,FALSE,'0000,14,CONVERSE (q -> p),'1101,7,OR,'1110,0,FALSE,'0000,1,yes
0,FALSE,'0000,15,TRUE,'1111,7,OR,'1110,0,FALSE,'0000,1,yes
0,FALSE,'0000,0,FALSE,'0000,8,NOR,'0001,0,FALSE,'0000,1,yes
0,FALSE,'0000,1,q AND NOT p,'0010,8,NOR,'0001,0,FALSE,'0000,1,yes
0,FALSE,'0000,2,AND,'1000,8,NOR,'0001,0,FALSE,'0000,1,yes
0,FALSE,'0000,3,Q,'1010,8,NOR,'0001,0,FALSE,'0000,1,yes
0,FALSE,'0000,4,p AND NOT q,'0100,8,NOR,'0001,0,FALSE,'0000,1,yes
0,FALSE,'0000,5,XOR,'0110,8,NOR,'0001,0,FALSE,'0000,1,yes
0,FALSE,'0000,6,P,'1100,8,NOR,'0001,0,FALSE,'0000,1,yes
0,FALSE,'0000,7,OR,'1110,8,NOR,'0001,0,FALSE,'0000,1,yes
0,FALSE,'0000,8,NOR,'0001,8,NOR,'0001,0,FALSE,'0000,1,yes
0,FALSE,'0000,9,NOT P,'0011,8,NOR,'0001,0,FALSE,'0000,1,yes
0,FALSE,'0000,10,XNOR,'1001,8,NOR,'0001,0,FALSE,'0000,1,yes
0,FALSE,'0000,11,IMPLIES (p -> q),'1011,8,NOR,'0001,0,FALSE,'0000,1,yes
0,FALSE,'0000,12,NOT Q,'0101,8,NOR,'0001,0,FALSE,'0000,1,yes
0,FALSE,'0000,13,NAND,'0111,8,NOR,'0001,0,FALSE,'0000,1,yes
0,FALSE,'0000,14,CONVERSE (q -> p),'1101,8,NOR,'0001,0,FALSE,'0000,1,yes
0,FALSE,'0000,15,TRUE,'1111,8,NOR,'0001,0,FALSE,'0000,1,yes
0,FALSE,'0000,0,FALSE,'0000,9,NOT P,'0011,0,FALSE,'0000,1,yes
0,FALSE,'0000,1,q AND NOT p,'0010,9,NOT P,'0011,0,FALSE,'0000,1,yes
0,FALSE,'0000,2,AND,'1000,9,NOT P,'0011,0,FALSE,'0000,1,yes
0,FALSE,'0000,3,Q,'1010,9,NOT P,'0011,0,FALSE,'0000,1,yes
0,FALSE,'0000,4,p AND NOT q,'0100,9,NOT P,'0011,0,FALSE,'0000,1,yes
0,FALSE,'0000,5,XOR,'0110,9,NOT P,'0011,0,FALSE,'0000,1,yes
0,FALSE,'0000,6,P,'1100,9,NOT P,'0011,0,FALSE,'0000,1,yes
0,FALSE,'0000,7,OR,'1110,9,NOT P,'0011,0,FALSE,'0000,1,yes
0,FALSE,'0000,8,NOR,'0001,9,NOT P,'0011,0,FALSE,'0000,1,yes
0,FALSE,'0000,9,NOT P,'0011,9,NOT P,'0011,0,FALSE,'0000,1,yes
0,FALSE,'0000,10,XNOR,'1001,9,NOT P,'0011,0,FALSE,'0000,1,yes
0,FALSE,'0000,11,IMPLIES (p -> q),'1011,9,NOT P,'0011,0,FALSE,'0000,1,yes
0,FALSE,'0000,12,NOT Q,'0101,9,NOT P,'0011,0,FALSE,'0000,1,yes
0,FALSE,'0000,13,NAND,'0111,9,NOT P,'0011,0,FALSE,'0000,1,yes
0,FALSE,'0000,14,CONVERSE (q -> p),'1101,9,NOT P,'0011,0,FALSE,'0000,1,yes
0,FALSE,'0000,15,TRUE,'1111,9,NOT P,'0011,0,FALSE,'0000,1,yes
0,FALSE,'0000,0,FALSE,'0000,10,XNOR,'1001,0,FALSE,'0000,1,yes
0,FALSE,'0000,1,q AND NOT p,'0010,10,XNOR,'1001,0,FALSE,'0000,1,yes
0,FALSE,'0000,2,AND,'1000,10,XNOR,'1001,0,FALSE,'0000,1,yes
0,FALSE,'0000,3,Q,'1010,10,XNOR,'1001,0,FALSE,'0000,1,yes
0,FALSE,'0000,4,p AND NOT q,'0100,10,XNOR,'1001,0,FALSE,'0000,1,yes
0,FALSE,'0000,5,XOR,'0110,10,XNOR,'1001,0,FALSE,'0000,1,yes
0,FALSE,'0000,6,P,'1100,10,XNOR,'1001,0,FALSE,'0000,1,yes
0,FALSE,'0000,7,OR,'1110,10,XNOR,'1001,0,FALSE,'0000,1,yes
0,FALSE,'0000,8,NOR,'0001,10,XNOR,'1001,0,FALSE,'0000,1,yes
0,FALSE,'0000,9,NOT P,'0011,10,XNOR,'1001,0,FALSE,'0000,1,yes
0,FALSE,'0000,10,XNOR,'1001,10,XNOR,'1001,0,FALSE,'0000,1,yes
0,FALSE,'0000,11,IMPLIES (p -> q),'1011,10,XNOR,'1001,0,FALSE,'0000,1,yes
0,FALSE,'0000,12,NOT Q,'0101,10,XNOR,'1001,0,FALSE,'0000,1,yes
0,FALSE,'0000,13,NAND,'0111,10,XNOR,'1001,0,FALSE,'0000,1,yes
0,FALSE,'0000,14,CONVERSE (q -> p),'1101,10,XNOR,'1001,0,FALSE,'0000,1,yes
0,FALSE,'0000,15,TRUE,'1111,10,XNOR,'1001,0,FALSE,'0000,1,yes
0,FALSE,'0000,0,FALSE,'0000,11,IMPLIES (p -> q),'1011,0,FALSE,'0000,1,yes
0,FALSE,'0000,1,q AND NOT p,'0010,11,IMPLIES (p -> q),'1011,0,FALSE,'0000,1,yes
0,FALSE,'0000,2,AND,'1000,11,IMPLIES (p -> q),'1011,0,FALSE,'0000,1,yes
0,FALSE,'0000,3,Q,'1010,11,IMPLIES (p -> q),'1011,0,FALSE,'0000,1,yes
0,FALSE,'0000,4,p AND NOT q,'0100,11,IMPLIES (p -> q),'1011,0,FALSE,'0000,1,yes
0,FALSE,'0000,5,XOR,'0110,11,IMPLIES (p -> q),'1011,0,FALSE,'0000,1,yes
0,FALSE,'0000,6,P,'1100,11,IMPLIES (p -> q),'1011,0,FALSE,'0000,1,yes
0,FALSE,'0000,7,OR,'1110,11,IMPLIES (p -> q),'1011,0,FALSE,'0000,1,yes
0,FALSE,'0000,8,NOR,'0001,11,IMPLIES (p -> q),'1011,0,FALSE,'0000,1,yes
0,FALSE,'0000,9,NOT P,'0011,11,IMPLIES (p -> q),'1011,0,FALSE,'0000,1,yes
0,FALSE,'0000,10,XNOR,'1001,11,IMPLIES (p -> q),'1011,0,FALSE,'0000,1,yes
0,FALSE,'0000,11,IMPLIES (p -> q),'1011,11,IMPLIES (p -> q),'1011,0,FALSE,'0000,1,yes
0,FALSE,'0000,12,NOT Q,'0101,11,IMPLIES (p -> q),'1011,0,FALSE,'0000,1,yes
0,FALSE,'0000,13,NAND,'0111,11,IMPLIES (p -> q),'1011,0,FALSE,'0000,1,yes
0,FALSE,'0000,14,CONVERSE (q -> p),'1101,11,IMPLIES (p -> q),'1011,0,FALSE,'0000,1,yes
0,FALSE,'0000,15,TRUE,'1111,11,IMPLIES (p -> q),'1011,0,FALSE,'0000,1,yes
0,FALSE,'0000,0,FALSE,'0000,12,NOT Q,'0101,0,FALSE,'0000,1,yes
0,FALSE,'0000,1,q AND NOT p,'0010,12,NOT Q,'0101,0,FALSE,'0000,1,yes
0,FALSE,'0000,2,AND,'1000,12,NOT Q,'0101,0,FALSE,'0000,1,yes
0,FALSE,'0000,3,Q,'1010,12,NOT Q,'0101,0,FALSE,'0000,1,yes
0,FALSE,'0000,4,p AND NOT q,'0100,12,NOT Q,'0101,0,FALSE,'0000,1,yes
0,FALSE,'0000,5,XOR,'0110,12,NOT Q,'0101,0,FALSE,'0000,1,yes
0,FALSE,'0000,6,P,'1100,12,NOT Q,'0101,0,FALSE,'0000,1,yes
0,FALSE,'0000,7,OR,'1110,12,NOT Q,'0101,0,FALSE,'0000,1,yes
0,FALSE,'0000,8,NOR,'0001,12,NOT Q,'0101,0,FALSE,'0000,1,yes
0,FALSE,'0000,9,NOT P,'0011,12,NOT Q,'0101,0,FALSE,'0000,1,yes
0,FALSE,'0000,10,XNOR,'1001,12,NOT Q,'0101,0,FALSE,'0000,1,yes
0,FALSE,'0000,11,IMPLIES (p -> q),'1011,12,NOT Q,'0101,0,FALSE,'0000,1,yes
0,FALSE,'0000,12,NOT Q,'0101,12,NOT Q,'0101,0,FALSE,'0000,1,yes
0,FALSE,'0000,13,NAND,'0111,12,NOT Q,'0101,0,FALSE,'0000,1,yes
0,FALSE,'0000,14,CONVERSE (q -> p),'1101,12,NOT Q,'0101,0,FALSE,'0000,1,yes
0,FALSE,'0000,15,TRUE,'1111,12,NOT Q,'0101,0,FALSE,'0000,1,yes
0,FALSE,'0000,0,FALSE,'0000,13,NAND,'0111,0,FALSE,'0000,1,yes
0,FALSE,'0000,1,q AND NOT p,'0010,13,NAND,'0111,0,FALSE,'0000,1,yes
0,FALSE,'0000,2,AND,'1000,13,NAND,'0111,0,FALSE,'0000,1,yes
0,FALSE,'0000,3,Q,'1010,13,NAND,'0111,0,FALSE,'0000,1,yes
0,FALSE,'0000,4,p AND NOT q,'0100,13,NAND,'0111,0,FALSE,'0000,1,yes
0,FALSE,'0000,5,XOR,'0110,13,NAND,'0111,0,FALSE,'0000,1,yes
0,FALSE,'0000,6,P,'1100,13,NAND,'0111,0,FALSE,'0000,1,yes
0,FALSE,'0000,7,OR,'1110,13,NAND,'0111,0,FALSE,'0000,1,yes
0,FALSE,'0000,8,NOR,'0001,13,NAND,'0111,0,FALSE,'0000,1,yes
0,FALSE,'0000,9,NOT P,'0011,13,NAND,'0111,0,FALSE,'0000,1,yes
0,FALSE,'0000,10,XNOR,'1001,13,NAND,'0111,0,FALSE,'0000,1,yes
0,FALSE,'0000,11,IMPLIES (p -> q),'1011,13,NAND,'0111,0,FALSE,'0000,1,yes
0,FALSE,'0000,12,NOT Q,'0101,13,NAND,'0111,0,FALSE,'0000,1,yes
0,FALSE,'0000,13,NAND,'0111,13,NAND,'0111,0,FALSE,'0000,1,yes
0,FALSE,'0000,14,CONVERSE (q -> p),'1101,13,NAND,'0111,0,FALSE,'0000,1,yes
0,FALSE,'0000,15,TRUE,'1111,13,NAND,'0111,0,FALSE,'0000,1,yes
0,FALSE,'0000,0,FALSE,'0000,14,CONVERSE (q -> p),'1101,0,FALSE,'0000,1,yes
0,FALSE,'0000,1,q AND NOT p,'0010,14,CONVERSE (q -> p),'1101,0,FALSE,'0000,1,yes
0,FALSE,'0000,2,AND,'1000,14,CONVERSE (q -> p),'1101,0,FALSE,'0000,1,yes
0,FALSE,'0000,3,Q,'1010,14,CONVERSE (q -> p),'1101,0,FALSE,'0000,1,yes
0,FALSE,'0000,4,p AND NOT q,'0100,14,CONVERSE (q -> p),'1101,0,FALSE,'0000,1,yes
0,FALSE,'0000,5,XOR,'0110,14,CONVERSE (q -> p),'1101,0,FALSE,'0000,1,yes
0,FALSE,'0000,6,P,'1100,14,CONVERSE (q -> p),'1101,0,FALSE,'0000,1,yes
0,FALSE,'0000,7,OR,'1110,14,CONVERSE (q -> p),'1101,0,FALSE,'0000,1,yes
0,FALSE,'0000,8,NOR,'0001,14,CONVERSE (q -> p),'1101,0,FALSE,'0000,1,yes
0,FALSE,'0000,9,NOT P,'0011,14,CONVERSE (q -> p),'1101,0,FALSE,'0000,1,yes
0,FALSE,'0000,10,XNOR,'1001,14,CONVERSE (q -> p),'1101,0,FALSE,'0000,1,yes
0,FALSE,'0000,11,IMPLIES (p -> q),'1011,14,CONVERSE (q -> p),'1101,0,FALSE,'0000,1,yes
0,FALSE,'0000,12,NOT Q,'0101,14,CONVERSE (q -> p),'1101,0,FALSE,'0000,1,yes
0,FALSE,'0000,13,NAND,'0111,14,CONVERSE (q -> p),'1101,0,FALSE,'0000,1,yes
0,FALSE,'0000,14,CONVERSE (q -> p),'1101,14,CONVERSE (q -> p),'1101,0,FALSE,'0000,1,yes
0,FALSE,'0000,15,TRUE,'1111,14,CONVERSE (q -> p),'1101,0,FALSE,'0000,1,yes
0,FALSE,'0000,0,FALSE,'0000,15,TRUE,'1111,0,FALSE,'0000,1,yes
0,FALSE,'0000,1,q AND NOT p,'0010,15,TRUE,'1111,0,FALSE,'0000,1,yes
0,FALSE,'0000,2,AND,'1000,15,TRUE,'1111,0,FALSE,'0000,1,yes
0,FALSE,'0000,3,Q,'1010,15,TRUE,'1111,0,FALSE,'0000,1,yes
0,FALSE,'0000,4,p AND NOT q,'0100,15,TRUE,'1111,0,FALSE,'0000,1,yes
0,FALSE,'0000,5,XOR,'0110,15,TRUE,'1111,0,FALSE,'0000,1,yes
0,FALSE,'0000,6,P,'1100,15,TRUE,'1111,0,FALSE,'0000,1,yes
0,FALSE,'0000,7,OR,'1110,15,TRUE,'1111,0,FALSE,'0000,1,yes
0,FALSE,'0000,8,NOR,'0001,15,TRUE,'1111,0,FALSE,'0000,1,yes
0,FALSE,'0000,9,NOT P,'0011,15,TRUE,'1111,0,FALSE,'0000,1,yes
0,FALSE,'0000,10,XNOR,'1001,15,TRUE,'1111,0,FALSE,'0000,1,yes
0,FALSE,'0000,11,IMPLIES (p -> q),'1011,15,TRUE,'1111,0,FALSE,'0000,1,yes
0,FALSE,'0000,12,NOT Q,'0101,15,TRUE,'1111,0,FALSE,'0000,1,yes
0,FALSE,'0000,13,NAND,'0111,15,TRUE,'1111,0,FALSE,'0000,1,yes
0,FALSE,'0000,14,CONVERSE (q -> p),'1101,15,TRUE,'1111,0,FALSE,'0000,1,yes
0,FALSE,'0000,15,TRUE,'1111,15,TRUE,'1111,0,FALSE,'0000,1,yes
1,q AND NOT p,'0010,0,FALSE,'0000,0,FALSE,'0000,0,FALSE,'0000,1,yes
1,q AND NOT p,'0010,1,q AND NOT p,'0010,0,FALSE,'0000,0,FALSE,'0000,2,no
1,q AND NOT p,'0010,2,AND,'1000,0,FALSE,'0000,0,FALSE,'0000,3,no
1,q AND NOT p,'0010,3,Q,'1010,0,FALSE,'0000,0,FALSE,'0000,4,no
1,q AND NOT p,'0010,4,p AND NOT q,'0100,0,FALSE,'0000,0,FALSE,'0000,3,no
1,q AND NOT p,'0010,5,XOR,'0110,0,FALSE,'0000,0,FALSE,'0000,5,no
1,q AND NOT p,'0010,6,P,'1100,0,FALSE,'0000,0,FALSE,'0000,6,no
1,q AND NOT p,'0010,7,OR,'1110,0,FALSE,'0000,0,FALSE,'0000,2,no
1,q AND NOT p,'0010,8,NOR,'0001,0,FALSE,'0000,0,FALSE,'0000,2,no
1,q AND NOT p,'0010,9,NOT P,'0011,0,FALSE,'0000,0,FALSE,'0000,6,no
1,q AND NOT p,'0010,10,XNOR,'1001,0,FALSE,'0000,0,FALSE,'0000,5,no
1,q AND NOT p,'0010,11,IMPLIES (p -> q),'1011,0,FALSE,'0000,0,FALSE,'0000,3,no
1,q AND NOT p,'0010,12,NOT Q,'0101,0,FALSE,'0000,0,FALSE,'0000,4,no
1,q AND NOT p,'0010,13,NAND,'0111,0,FALSE,'0000,0,FALSE,'0000,3,no
1,q AND NOT p,'0010,14,CONVERSE (q -> p),'1101,0,FALSE,'0000,0,FALSE,'0000,2,no
1,q AND NOT p,'0010,15,TRUE,'1111,0,FALSE,'0000,0,FALSE,'0000,1,yes
1,q AND NOT p,'0010,0,FALSE,'0000,1,q AND NOT p,'0010,1,q AND NOT p,'0010,7,yes
1,q AND NOT p,'0010,1,q AND NOT p,'0010,1,q AND NOT p,'0010,0,FALSE,'0000,8,no
1,q AND NOT p,'0010,2,AND,'1000,1,q AND NOT p,'0010,1,q AND NOT p,'0010,9,no
1,q AND NOT p,'0010,3,Q,'1010,1,q AND NOT p,'0010,0,FALSE,'0000,10,no
1,q AND NOT p,'0010,4,p AND NOT q,'0100,1,q AND NOT p,'0010,1,q AND NOT p,'0010,11,no
1,q AND NOT p,'0010,5,XOR,'0110,1,q AND NOT p,'0010,0,FALSE,'0000,12,no
1,q AND NOT p,'0010,6,P,'1100,1,q AND NOT p,'0010,1,q AND NOT p,'0010,13,no
1,q AND NOT p,'0010,7,OR,'1110,1,q AND NOT p,'0010,0,FALSE,'0000,14,no
1,q AND NOT p,'0010,8,NOR,'0001,1,q AND NOT p,'0010,1,q AND NOT p,'0010,15,no
1,q AND NOT p,'0010,9,NOT P,'0011,1,q AND NOT p,'0010,0,FALSE,'0000,16,no
1,q AND NOT p,'0010,10,XNOR,'1001,1,q AND NOT p,'0010,1,q AND NOT p,'0010,17,no
1,q AND NOT p,'0010,11,IMPLIES (p -> q),'1011,1,q AND NOT p,'0010,0,FALSE,'0000,18,no
1,q AND NOT p,'0010,12,NOT Q,'0101,1,q AND NOT p,'0010,1,q AND NOT p,'0010,19,no
1,q AND NOT p,'0010,13,NAND,'0111,1,q AND NOT p,'0010,0,FALSE,'0000,20,no
1,q AND NOT p,'0010,14,CONVERSE (q -> p),'1101,1,q AND NOT p,'0010,1,q AND NOT p,'0010,21,no
1,q AND NOT p,'0010,15,TRUE,'1111,1,q AND NOT p,'0010,0,FALSE,'0000,1,yes
1,q AND NOT p,'0010,0,FALSE,'0000,2,AND,'1000,2,AND,'1000,22,yes
1,q AND NOT p,'0010,1,q AND NOT p,'0010,2,AND,'1000,2,AND,'1000,23,no
1,q AND NOT p,'0010,2,AND,'1000,2,AND,'1000,0,FALSE,'0000,24,no
1,q AND NOT p,'0010,3,Q,'1010,2,AND,'1000,0,FALSE,'0000,25,no
1,q AND NOT p,'0010,4,p AND NOT q,'0100,2,AND,'1000,2,AND,'1000,26,no
1,q AND NOT p,'0010,5,XOR,'0110,2,AND,'1000,2,AND,'1000,27,no
1,q AND NOT p,'0010,6,P,'1100,2,AND,'1000,0,FALSE,'0000,28,no
1,q AND NOT p,'0010,7,OR,'1110,2,AND,'1000,0,FALSE,'0000,29,no
1,q AND NOT p,'0010,8,NOR,'0001,2,AND,'1000,2,AND,'1000,30,no
1,q AND NOT p,'0010,9,NOT P,'0011,2,AND,'1000,2,AND,'1000,31,no
1,q AND NOT p,'0010,10,XNOR,'1001,2,AND,'1000,0,FALSE,'0000,32,no
1,q AND NOT p,'0010,11,IMPLIES (p -> q),'1011,2,AND,'1000,0,FALSE,'0000,33,no
1,q AND NOT p,'0010,12,NOT Q,'0101,2,AND,'1000,2,AND,'1000,34,no
1,q AND NOT p,'0010,13,NAND,'0111,2,AND,'1000,2,AND,'1000,35,no
1,q AND NOT p,'0010,14,CONVERSE (q -> p),'1101,2,AND,'1000,0,FALSE,'0000,36,no
1,q AND NOT p,'0010,15,TRUE,'1111,2,AND,'1000,0,FALSE,'0000,1,yes
1,q AND NOT p,'0010,0,FALSE,'0000,3,Q,'1010,3,Q,'1010,37,yes
1,q AND NOT p,'0010,1,q AND NOT p,'0010,3,Q,'1010,2,AND,'1000,38,no
1,q AND NOT p,'0010,2,AND,'1000,3,Q,'1010,1,q AND NOT p,'0010,39,no
1,q AND NOT p,'0010,3,Q,'1010,3,Q,'1010,0,FALSE,'0000,40,no
1,q AND NOT p,'0010,4,p AND NOT q,'0100,3,Q,'1010,3,Q,'1010,41,no
1,q AND NOT p,'0010,5,XOR,'0110,3,Q,'1010,2,AND,'1000,42,no
1,q AND NOT p,'0010,6,P,'1100,3,Q,'1010,1,q AND NOT p,'0010,7,yes
1,q AND NOT p,'0010,7,OR,'1110,3,Q,'1010,0,FALSE,'0000,43,no
1,q AND NOT p,'0010,8,NOR,'0001,3,Q,'1010,3,Q,'1010,44,no
1,q AND NOT p,'0010,9,NOT P,'0011,3,Q,'1010,2,AND,'1000,22,yes
1,q AND NOT p,'0010,10,XNOR,'1001,3,Q,'1010,1,q AND NOT p,'0010,45,no
1,q AND NOT p,'0010,11,IMPLIES (p -> q),'1011,3,Q,'1010,0,FALSE,'0000,46,no
1,q AND NOT p,'0010,12,NOT Q,'0101,3,Q,'1010,3,Q,'1010,47,no
1,q AND NOT p,'0010,13,NAND,'0111,3,Q,'1010,2,AND,'1000,48,no
1,q AND NOT p,'0010,14,CONVERSE (q -> p),'1101,3,Q,'1010,1,q AND NOT p,'0010,49,no
1,q AND NOT p,'0010,15,TRUE,'1111,3,Q,'1010,0,FALSE,'0000,1,yes
1,q AND NOT p,'0010,0,FALSE,'0000,4,p AND NOT q,'0100,4,p AND NOT q,'0100,50,yes
1,q AND NOT p,'0010,1,q AND NOT p,'0010,4,p AND NOT q,'0100,4,p AND NOT q,'0100,51,no
1,q AND NOT p,'0010,2,AND,'1000,4,p AND NOT q,'0100,4,p AND NOT q,'0100,52,no
1,q AND NOT p,'0010,3,Q,'1010,4,p AND NOT q,'0100,4,p AND NOT q,'0100,53,no
1,q AND NOT p,'0010,4,p AND NOT q,'0100,4,p AND NOT q,'0100,0,FALSE,'0000,54,no
1,q AND NOT p,'0010,5,XOR,'0110,4,p AND NOT q,'0100,0,FALSE,'0000,55,no
1,q AND NOT p,'0010,6,P,'1100,4,p AND NOT q,'0100,0,FALSE,'0000,56,no
1,q AND NOT p,'0010,7,OR,'1110,4,p AND NOT q,'0100,0,FALSE,'0000,57,no
1,q AND NOT p,'0010,8,NOR,'0001,4,p AND NOT q,'0100,4,p AND NOT q,'0100,58,no
1,q AND NOT p,'0010,9,NOT P,'0011,4,p AND NOT q,'0100,4,p AND NOT q,'0100,59,no
1,q AND NOT p,'0010,10,XNOR,'1001,4,p AND NOT q,'0100,4,p AND NOT q,'0100,60,no
1,q AND NOT p,'0010,11,IMPLIES (p -> q),'1011,4,p AND NOT q,'0100,4,p AND NOT q,'0100,61,no
1,q AND NOT p,'0010,12,NOT Q,'0101,4,p AND NOT q,'0100,0,FALSE,'0000,62,no
1,q AND NOT p,'0010,13,NAND,'0111,4,p AND NOT q,'0100,0,FALSE,'0000,63,no
1,q AND NOT p,'0010,14,CONVERSE (q -> p),'1101,4,p AND NOT q,'0100,0,FALSE,'0000,64,no
1,q AND NOT p,'0010,15,TRUE,'1111,4,p AND NOT q,'0100,0,FALSE,'0000,1,yes
1,q AND NOT p,'0010,0,FALSE,'0000,5,XOR,'0110,5,XOR,'0110,65,yes
1,q AND NOT p,'0010,1,q AND NOT p,'0010,5,XOR,'0110,4,p AND NOT q,'0100,66,no
1,q AND NOT p,'0010,2,AND,'1000,5,XOR,'0110,5,XOR,'0110,67,no
1,q AND NOT p,'0010,3,Q,'1010,5,XOR,'0110,4,p AND NOT q,'0100,68,no
1,q AND NOT p,'0010,4,p AND NOT q,'0100,5,XOR,'0110,1,q AND NOT p,'0010,69,no
1,q AND NOT p,'0010,5,XOR,'0110,5,XOR,'0110,0,FALSE,'0000,70,no
1,q AND NOT p,'0010,6,P,'1100,5,XOR,'0110,1,q AND NOT p,'0010,71,no
1,q AND NOT p,'0010,7,OR,'1110,5,XOR,'0110,0,FALSE,'0000,72,no
1,q AND NOT p,'0010,8,NOR,'0001,5,XOR,'0110,5,XOR,'0110,73,no
1,q AND NOT p,'0010,9,NOT P,'0011,5,XOR,'0110,4,p AND NOT q,'0100,74,no
1,q AND NOT p,'0010,10,XNOR,'1001,5,XOR,'0110,5,XOR,'0110,75,no
1,q AND NOT p,'0010,11,IMPLIES (p -> q),'1011,5,XOR,'0110,4,p AND NOT q,'0100,76,no
1,q AND NOT p,'0010,12,NOT Q,'0101,5,XOR,'0110,1,q AND NOT p,'0010,77,no
1,q AND NOT p,'0010,13,NAND,'0111,5,XOR,'0110,0,FALSE,'0000,78,no
1,q AND NOT p,'0010,14,CONVERSE (q -> p),'1101,5,XOR,'0110,1,q AND NOT p,'0010,79,no
1,q AND NOT p,'0010,15,TRUE,'1111,5,XOR,'0110,0,FALSE,'0000,1,yes
1,q AND NOT p,'0010,0,FALSE,'0000,6,P,'1100,6,P,'1100,80,yes
1,q AND NOT p,'0010,1,q AND NOT p,'0010,6,P,'1100,6,P,'1100,81,no
1,q AND NOT p,'0010,2,AND,'1000,6,P,'1100,4,p AND NOT q,'0100,82,no
1,q AND NOT p,'0010,3,Q,'1010,6,P,'1100,4,p AND NOT q,'0100,83,no
1,q AND NOT p,'0010,4,p AND NOT q,'0100,6,P,'1100,2,AND,'1000,84,no
1,q AND NOT p,'0010,5,XOR,'0110,6,P,'1100,2,AND,'1000,85,no
1,q AND NOT p,'0010,6,P,'1100,6,P,'1100,0,FALSE,'0000,86,no
1,q AND NOT p,'0010,7,OR,'1110,6,P,'1100,0,FALSE,'0000,87,no
1,q AND NOT p,'0010,8,NOR,'0001,6,P,'1100,6,P,'1100,88,no
1,q AND NOT p,'0010,9,NOT P,'0011,6,P,'1100,6,P,'1100,89,no
1,q AND NOT p,'0010,10,XNOR,'1001,6,P,'1100,4,p AND NOT q,'0100,90,no
1,q AND NOT p,'0010,11,IMPLIES (p -> q),'1011,6,P,'1100,4,p AND NOT q,'0100,91,no
1,q AND NOT p,'0010,12,NOT Q,'0101,6,P,'1100,2,AND,'1000,92,no
1,q AND NOT p,'0010,13,NAND,'0111,6,P,'1100,2,AND,'1000,93,no
1,q AND NOT p,'0010,14,CONVERSE (q -> p),'1101,6,P,'1100,0,FALSE,'0000,94,no
1,q AND NOT p,'0010,15,TRUE,'1111,6,P,'1100,0,FALSE,'0000,1,yes
1,q AND NOT p,'0010,0,FALSE,'0000,7,OR,'1110,7,OR,'1110,95,yes
1,q AND NOT p,'0010,1,q AND NOT p,'0010,7,OR,'1110,6,P,'1100,96,no
1,q AND NOT p,'0010,2,AND,'1000,7,OR,'1110,5,XOR,'0110,97,no
1,q AND NOT p,'0010,3,Q,'1010,7,OR,'1110,4,p AND NOT q,'0100,98,no
1,q AND NOT p,'0010,4,p AND NOT q,'0100,7,OR,'1110,3,Q,'1010,99,no
1,q AND NOT p,'0010,5,XOR,'0110,7,OR,'1110,2,AND,'1000,100,no
1,q AND NOT p,'0010,6,P,'1100,7,OR,'1110,1,q AND NOT p,'0010,101,no
1,q AND NOT p,'0010,7,OR,'1110,7,OR,'1110,0,FALSE,'0000,102,no
1,q AND NOT p,'0010,8,NOR,'0001,7,OR,'1110,7,OR,'1110,103,no
1,q AND NOT p,'0010,9,NOT P,'0011,7,OR,'1110,6,P,'1100,104,no
1,q AND NOT p,'0010,10,XNOR,'1001,7,OR,'1110,5,XOR,'0110,105,no
1,q AND NOT p,'0010,11,IMPLIES (p -> q),'1011,7,OR,'1110,4,p AND NOT q,'0100,106,no
1,q AND NOT p,'0010,12,NOT Q,'0101,7,OR,'1110,3,Q,'1010,107,no
1,q AND NOT p,'0010,13,NAND,'0111,7,OR,'1110,2,AND,'1000,108,no
1,q AND NOT p,'0010,14,CONVERSE (q -> p),'1101,7,OR,'1110,1,q AND NOT p,'0010,109,no
1,q AND NOT p,'0010,15,TRUE,'1111,7,OR,'1110,0,FALSE,'0000,1,yes
1,q AND NOT p,'0010,0,FALSE,'0000,8,NOR,'0001,8,NOR,'0001,110,yes
1,q AND NOT p,'0010,1,q AND NOT p,'0010,8,NOR,'0001,8,NOR,'0001,111,no
1,q AND NOT p,'0010,2,AND,'1000,8,NOR,'0001,8,NOR,'0001,112,no
1,q AND NOT p,'0010,3,Q,'1010,8,NOR,'0001,8,NOR,'0001,113,no
1,q AND NOT p,'0010,4,p AND NOT q,'0100,8,NOR,'0001,8,NOR,'0001,114,no
1,q AND NOT p,'0010,5,XOR,'0110,8,NOR,'0001,8,NOR,'0001,115,no
1,q AND NOT p,'0010,6,P,'1100,8,NOR,'0001,8,NOR,'0001,116,no
1,q AND NOT p,'0010,7,OR,'1110,8,NOR,'0001,8,NOR,'0001,117,no
1,q AND NOT p,'0010,8,NOR,'0001,8,NOR,'0001,0,FALSE,'0000,118,no
1,q AND NOT p,'0010,9,NOT P,'0011,8,NOR,'0001,0,FALSE,'0000,119,no
1,q AND NOT p,'0010,10,XNOR,'1001,8,NOR,'0001,0,FALSE,'0000,120,no
1,q AND NOT p,'0010,11,IMPLIES (p -> q),'1011,8,NOR,'0001,0,FALSE,'0000,121,no
1,q AND NOT p,'0010,12,NOT Q,'0101,8,NOR,'0001,0,FALSE,'0000,122,no
1,q AND NOT p,'0010,13,NAND,'0111,8,NOR,'0001,0,FALSE,'0000,123,no
1,q AND NOT p,'0010,14,CONVERSE (q -> p),'1101,8,NOR,'0001,0,FALSE,'0000,124,no
1,q AND NOT p,'0010,15,TRUE,'1111,8,NOR,'0001,0,FALSE,'0000,1,yes
1,q AND NOT p,'0010,0,FALSE,'0000,9,NOT P,'0011,9,NOT P,'0011,125,yes
1,q AND NOT p,'0010,1,q AND NOT p,'0010,9,NOT P,'0011,8,NOR,'0001,126,no
1,q AND NOT p,'0010,2,AND,'1000,9,NOT P,'0011,9,NOT P,'0011,127,no
1,q AND NOT p,'0010,3,Q,'1010,9,NOT P,'0011,8,NOR,'0001,128,no
1,q AND NOT p,'0010,4,p AND NOT q,'0100,9,NOT P,'0011,9,NOT P,'0011,129,no
1,q AND NOT p,'0010,5,XOR,'0110,9,NOT P,'0011,8,NOR,'0001,130,no
1,q AND NOT p,'0010,6,P,'1100,9,NOT P,'0011,9,NOT P,'0011,131,no
1,q AND NOT p,'0010,7,OR,'1110,9,NOT P,'0011,8,NOR,'0001,132,no
1,q AND NOT p,'0010,8,NOR,'0001,9,NOT P,'0011,1,q AND NOT p,'0010,133,no
1,q AND NOT p,'0010,9,NOT P,'0011,9,NOT P,'0011,0,FALSE,'0000,134,no
1,q AND NOT p,'0010,10,XNOR,'1001,9,NOT P,'0011,1,q AND NOT p,'0010,135,no
1,q AND NOT p,'0010,11,IMPLIES (p -> q),'1011,9,NOT P,'0011,0,FALSE,'0000,136,no
1,q AND NOT p,'0010,12,NOT Q,'0101,9,NOT P,'0011,1,q AND NOT p,'0010,137,no
1,q AND NOT p,'0010,13,NAND,'0111,9,NOT P,'0011,0,FALSE,'0000,138,no
1,q AND NOT p,'0010,14,CONVERSE (q -> p),'1101,9,NOT P,'0011,1,q AND NOT p,'0010,139,no
1,q AND NOT p,'0010,15,TRUE,'1111,9,NOT P,'0011,0,FALSE,'0000,1,yes
1,q AND NOT p,'0010,0,FALSE,'0000,10,XNOR,'1001,10,XNOR,'1001,140,yes
1,q AND NOT p,'0010,1,q AND NOT p,'0010,10,XNOR,'1001,10,XNOR,'1001,141,no
1,q AND NOT p,'0010,2,AND,'1000,10,XNOR,'1001,8,NOR,'0001,142,no
1,q AND NOT p,'0010,3,Q,'1010,10,XNOR,'1001,8,NOR,'0001,143,no
1,q AND NOT p,'0010,4,p AND NOT q,'0100,10,XNOR,'1001,10,XNOR,'1001,144,no
1,q AND NOT p,'0010,5,XOR,'0110,10,XNOR,'1001,10,XNOR,'1001,145,no
1,q AND NOT p,'0010,6,P,'1100,10,XNOR,'1001,8,NOR,'0001,146,no
1,q AND NOT p,'0010,7,OR,'1110,10,XNOR,'1001,8,NOR,'0001,147,no
1,q AND NOT p,'0010,8,NOR,'0001,10,XNOR,'1001,2,AND,'1000,148,no
1,q AND NOT p,'0010,9,NOT P,'0011,10,XNOR,'1001,2,AND,'1000,149,no
1,q AND NOT p,'0010,10,XNOR,'1001,10,XNOR,'1001,0,FALSE,'0000,150,no
1,q AND NOT p,'0010,11,IMPLIES (p -> q),'1011,10,XNOR,'1001,0,FALSE,'0000,151,no
1,q AND NOT p,'0010,12,NOT Q,'0101,10,XNOR,'1001,2,AND,'1000,152,no
1,q AND NOT p,'0010,13,NAND,'0111,10,XNOR,'1001,2,AND,'1000,153,no
1,q AND NOT p,'0010,14,CONVERSE (q -> p),'1101,10,XNOR,'1001,0,FALSE,'0000,154,no
1,q AND NOT p,'0010,15,TRUE,'1111,10,XNOR,'1001,0,FALSE,'0000,1,yes
1,q AND NOT p,'0010,0,FALSE,'0000,11,IMPLIES (p -> q),'1011,11,IMPLIES (p -> q),'1011,155,yes
1,q AND NOT p,'0010,1,q AND NOT p,'0010,11,IMPLIES (p -> q),'1011,10,XNOR,'1001,156,no
1,q AND NOT p,'0010,2,AND,'1000,11,IMPLIES (p -> q),'1011,9,NOT P,'0011,157,no
1,q AND NOT p,'0010,3,Q,'1010,11,IMPLIES (p -> q),'1011,8,NOR,'0001,158,no
1,q AND NOT p,'0010,4,p AND NOT q,'0100,11,IMPLIES (p -> q),'1011,11,IMPLIES (p -> q),'1011,159,no
1,q AND NOT p,'0010,5,XOR,'0110,11,IMPLIES (p -> q),'1011,10,XNOR,'1001,160,no
1,q AND NOT p,'0010,6,P,'1100,11,IMPLIES (p -> q),'1011,9,NOT P,'0011,161,no
1,q AND NOT p,'0010,7,OR,'1110,11,IMPLIES (p -> q),'1011,8,NOR,'0001,162,no
1,q AND NOT p,'0010,8,NOR,'0001,11,IMPLIES (p -> q),'1011,3,Q,'1010,163,no
1,q AND NOT p,'0010,9,NOT P,'0011,11,IMPLIES (p -> q),'1011,2,AND,'1000,164,no
1,q AND NOT p,'0010,10,XNOR,'1001,11,IMPLIES (p -> q),'1011,1,q AND NOT p,'0010,165,no
1,q AND NOT p,'0010,11,IMPLIES (p -> q),'1011,11,IMPLIES (p -> q),'1011,0,FALSE,'0000,166,no
1,q AND NOT p,'0010,12,NOT Q,'0101,11,IMPLIES (p -> q),'1011,3,Q,'1010,167,no
1,q AND NOT p,'0010,13,NAND,'0111,11,IMPLIES (p -> q),'1011,2,AND,'1000,168,no
1,q AND NOT p,'0010,14,CONVERSE (q -> p),'1101,11,IMPLIES (p -> q),'1011,1,q AND NOT p,'0010,169,no
1,q AND NOT p,'0010,15,TRUE,'1111,11,IMPLIES (p -> q),'1011,0,FALSE,'0000,1,yes
1,q AND NOT p,'0010,0,FALSE,'0000,12,NOT Q,'0101,12,NOT Q,'0101,170,yes
1,q AND NOT p,'0010,1,q AND NOT p,'0010,12,NOT Q,'0101,12,NOT Q,'0101,171,no
1,q AND NOT p,'0010,2,AND,'1000,12,NOT Q,'0101,12,NOT Q,'0101,172,no
1,q AND NOT p,'0010,3,Q,'1010,12,NOT Q,'0101,12,NOT Q,'0101,173,no
1,q AND NOT p,'0010,4,p AND NOT q,'0100,12,NOT Q,'0101,8,NOR,'0001,174,no
1,q AND NOT p,'0010,5,XOR,'0110,12,NOT Q,'0101,8,NOR,'0001,175,no
1,q AND NOT p,'0010,6,P,'1100,12,NOT Q,'0101,8,NOR,'0001,110,yes
1,q AND NOT p,'0010,7,OR,'1110,12,NOT Q,'0101,8,NOR,'0001,176,no
1,q AND NOT p,'0010,8,NOR,'0001,12,NOT Q,'0101,4,p AND NOT q,'0100,177,no
1,q AND NOT p,'0010,9,NOT P,'0011,12,NOT Q,'0101,4,p AND NOT q,'0100,50,yes
1,q AND NOT p,'0010,10,XNOR,'1001,12,NOT Q,'0101,4,p AND NOT q,'0100,178,no
1,q AND NOT p,'0010,11,IMPLIES (p -> q),'1011,12,NOT Q,'0101,4,p AND NOT q,'0100,179,no
1,q AND NOT p,'0010,12,NOT Q,'0101,12,NOT Q,'0101,0,FALSE,'0000,180,no
1,q AND NOT p,'0010,13,NAND,'0111,12,NOT Q,'0101,0,FALSE,'0000,181,no
1,q AND NOT p,'0010,14,CONVERSE (q -> p),'1101,12,NOT Q,'0101,0,FALSE,'0000,182,no
1,q AND NOT p,'0010,15,TRUE,'1111,12,NOT Q,'0101,0,FALSE,'0000,1,yes
1,q AND NOT p,'0010,0,FALSE,'0000,13,NAND,'0111,13,NAND,'0111,183,yes
1,q AND NOT p,'0010,1,q AND NOT p,'0010,13,NAND,'0111,12,NOT Q,'0101,184,no
1,q AND NOT p,'0010,2,AND,'1000,13,NAND,'0111,13,NAND,'0111,185,no
1,q AND NOT p,'0010,3,Q,'1010,13,NAND,'0111,12,NOT Q,'0101,186,no
1,q AND NOT p,'0010,4,p AND NOT q,'0100,13,NAND,'0111,9,NOT P,'0011,187,no
1,q AND NOT p,'0010,5,XOR,'0110,13,NAND,'0111,8,NOR,'0001,188,no
1,q AND NOT p,'0010,6,P,'1100,13,NAND,'0111,9,NOT P,'0011,189,no
1,q AND NOT p,'0010,7,OR,'1110,13,NAND,'0111,8,NOR,'0001,190,no
1,q AND NOT p,'0010,8,NOR,'0001,13,NAND,'0111,5,XOR,'0110,191,no
1,q AND NOT p,'0010,9,NOT P,'0011,13,NAND,'0111,4,p AND NOT q,'0100,192,no
1,q AND NOT p,'0010,10,XNOR,'1001,13,NAND,'0111,5,XOR,'0110,193,no
1,q AND NOT p,'0010,11,IMPLIES (p -> q),'1011,13,NAND,'0111,4,p AND NOT q,'0100,194,no
1,q AND NOT p,'0010,12,NOT Q,'0101,13,NAND,'0111,1,q AND NOT p,'0010,195,no
1,q AND NOT p,'0010,13,NAND,'0111,13,NAND,'0111,0,FALSE,'0000,196,no
1,q AND NOT p,'0010,14,CONVERSE (q -> p),'1101,13,NAND,'0111,1,q AND NOT p,'0010,197,no
1,q AND NOT p,'0010,15,TRUE,'1111,13,NAND,'0111,0,FALSE,'0000,1,yes
1,q AND NOT p,'0010,0,FALSE,'0000,14,CONVERSE (q -> p),'1101,14,CONVERSE (q -> p),'1101,198,yes
1,q AND NOT p,'0010,1,q AND NOT p,'0010,14,CONVERSE (q -> p),'1101,14,CONVERSE (q -> p),'1101,199,no
1,q AND NOT p,'0010,2,AND,'1000,14,CONVERSE (q -> p),'1101,12,NOT Q,'0101,200,no
1,q AND NOT p,'0010,3,Q,'1010,14,CONVERSE (q -> p),'1101,12,NOT Q,'0101,201,no
1,q AND NOT p,'0010,4,p AND NOT q,'0100,14,CONVERSE (q -> p),'1101,10,XNOR,'1001,202,no
1,q AND NOT p,'0010,5,XOR,'0110,14,CONVERSE (q -> p),'1101,10,XNOR,'1001,203,no
1,q AND NOT p,'0010,6,P,'1100,14,CONVERSE (q -> p),'1101,8,NOR,'0001,204,no
1,q AND NOT p,'0010,7,OR,'1110,14,CONVERSE (q -> p),'1101,8,NOR,'0001,205,no
1,q AND NOT p,'0010,8,NOR,'0001,14,CONVERSE (q -> p),'1101,6,P,'1100,206,no
1,q AND NOT p,'0010,9,NOT P,'0011,14,CONVERSE (q -> p),'1101,6,P,'1100,207,no
1,q AND NOT p,'0010,10,XNOR,'1001,14,CONVERSE (q -> p),'1101,4,p AND NOT q,'0100,208,no
1,q AND NOT p,'0010,11,IMPLIES (p -> q),'1011,14,CONVERSE (q -> p),'1101,4,p AND NOT q,'0100,209,no
1,q AND NOT p,'0010,12,NOT Q,'0101,14,CONVERSE (q -> p),'1101,2,AND,'1000,210,no
1,q AND NOT p,'0010,13,NAND,'0111,14,CONVERSE (q -> p),'1101,2,AND,'1000,211,no
1,q AND NOT p,'0010,14,CONVERSE (q -> p),'1101,14,CONVERSE (q -> p),'1101,0,FALSE,'0000,212,no
1,q AND NOT p,'0010,15,TRUE,'1111,14,CONVERSE (q -> p),'1101,0,FALSE,'0000,1,yes
1,q AND NOT p,'0010,0,FALSE,'0000,15,TRUE,'1111,15,TRUE,'1111,213,yes
1,q AND NOT p,'0010,1,q AND NOT p,'0010,15,TRUE,'1111,14,CONVERSE (q -> p),'1101,198,yes
1,q AND NOT p,'0010,2,AND,'1000,15,TRUE,'1111,13,NAND,'0111,183,yes
1,q AND NOT p,'0010,3,Q,'1010,15,TRUE,'1111,12,NOT Q,'0101,170,yes
1,q AND NOT p,'0010,4,p AND NOT q,'0100,15,TRUE,'1111,11,IMPLIES (p -> q),'1011,155,yes
1,q AND NOT p,'0010,5,XOR,'0110,15,TRUE,'1111,10,XNOR,'1001,140,yes
1,q AND NOT p,'0010,6,P,'1100,15,TRUE,'1111,9,NOT P,'0011,125,yes
1,q AND NOT p,'0010,7,OR,'1110,15,TRUE,'1111,8,NOR,'0001,110,yes
1,q AND NOT p,'0010,8,NOR,'0001,15,TRUE,'1111,7,OR,'1110,95,yes
1,q AND NOT p,'0010,9,NOT P,'0011,15,TRUE,'1111,6,P,'1100,80,yes
1,q AND NOT p,'0010,10,XNOR,'1001,15,TRUE,'1111,5,XOR,'0110,65,yes
1,q AND NOT p,'0010,11,IMPLIES (p -> q),'1011,15,TRUE,'1111,4,p AND NOT q,'0100,50,yes
1,q AND NOT p,'0010,12,NOT Q,'0101,15,TRUE,'1111,3,Q,'1010,37,yes
1,q AND NOT p,'0010,13,NAND,'0111,15,TRUE,'1111,2,AND,'1000,22,yes
1,q AND NOT p,'0010,14,CONVERSE (q -> p),'1101,15,TRUE,'1111,1,q AND NOT p,'0010,7,yes
1,q AND NOT p,'0010,15,TRUE,'1111,15,TRUE,'1111,0,FALSE,'0000,1,yes
2,AND,'1000,0,FALSE,'0000,0,FALSE,'0000,0,FALSE,'0000,1,yes
2,AND,'1000,1,q AND NOT p,'0010,0,FALSE,'0000,0,FALSE,'0000,2,no
2,AND,'1000,2,AND,'1000,0,FALSE,'0000,0,FALSE,'0000,3,no
2,AND,'1000,3,Q,'1010,0,FALSE,'0000,0,FALSE,'0000,4,no
2,AND,'1000,4,p AND NOT q,'0100,0,FALSE,'0000,0,FALSE,'0000,3,no
2,AND,'1000,5,XOR,'0110,0,FALSE,'0000,0,FALSE,'0000,5,no
2,AND,'1000,6,P,'1100,0,FALSE,'0000,0,FALSE,'0000,6,no
2,AND,'1000,7,OR,'1110,0,FALSE,'0000,0,FALSE,'0000,2,no
2,AND,'1000,8,NOR,'0001,0,FALSE,'0000,0,FALSE,'0000,2,no
2,AND,'1000,9,NOT P,'0011,0,FALSE,'0000,0,FALSE,'0000,6,no
2,AND,'1000,10,XNOR,'1001,0,FALSE,'0000,0,FALSE,'0000,5,no
2,AND,'1000,11,IMPLIES (p -> q),'1011,0,FALSE,'0000,0,FALSE,'0000,3,no
2,AND,'1000,12,NOT Q,'0101,0,FALSE,'0000,0,FALSE,'0000,4,no
2,AND,'1000,13,NAND,'0111,0,FALSE,'0000,0,FALSE,'0000,3,no
2,AND,'1000,14,CONVERSE (q -> p),'1101,0,FALSE,'0000,0,FALSE,'0000,2,no
2,AND,'1000,15,TRUE,'1111,0,FALSE,'0000,0,FALSE,'0000,1,yes
2,AND,'1000,0,FALSE,'0000,1,q AND NOT p,'0010,0,FALSE,'0000,1,yes
2,AND,'1000,1,q AND NOT p,'0010,1,q AND NOT p,'0010,1,q AND NOT p,'0010,21,no
2,AND,'1000,2,AND,'1000,1,q AND NOT p,'0010,0,FALSE,'0000,20,no
2,AND,'1000,3,Q,'1010,1,q AND NOT p,'0010,1,q AND NOT p,'0010,19,no
2,AND,'1000,4,p AND NOT q,'0100,1,q AND NOT p,'0010,0,FALSE,'0000,18,no
2,AND,'1000,5,XOR,'0110,1,q AND NOT p,'0010,1,q AND NOT p,'0010,17,no
2,AND,'1000,6,P,'1100,1,q AND NOT p,'0010,0,FALSE,'0000,16,no
2,AND,'1000,7,OR,'1110,1,q AND NOT p,'0010,1,q AND NOT p,'0010,15,no
2,AND,'1000,8,NOR,'0001,1,q AND NOT p,'0010,0,FALSE,'0000,14,no
2,AND,'1000,9,NOT P,'0011,1,q AND NOT p,'0010,1,q AND NOT p,'0010,13,no
2,AND,'1000,10,XNOR,'1001,1,q AND NOT p,'0010,0,FALSE,'0000,12,no
2,AND,'1000,11,IMPLIES (p -> q),'1011,1,q AND NOT p,'0010,1,q AND NOT p,'0010,11,no
2,AND,'1000,12,NOT Q,'0101,1,q AND NOT p,'0010,0,FALSE,'0000,10,no
2,AND,'1000,13,NAND,'0111,1,q AND NOT p,'0010,1,q AND NOT p,'0010,9,no
2,AND,'1000,14,CONVERSE (q -> p),'1101,1,q AND NOT p,'0010,0,FALSE,'0000,8,no
2,AND,'1000,15,TRUE,'1111,1,q AND NOT p,'0010,1,q AND NOT p,'0010,7,yes
2,AND,'1000,0,FALSE,'0000,2,AND,'1000,0,FALSE,'0000,1,yes
2,AND,'1000,1,q AND NOT p,'0010,2,AND,'1000,0,FALSE,'0000,36,no
2,AND,'1000,2,AND,'1000,2,AND,'1000,2,AND,'1000,35,no
2,AND,'1000,3,Q,'1010,2,AND,'1000,2,AND,'1000,34,no
2,AND,'1000,4,p AND NOT q,'0100,2,AND,'1000,0,FALSE,'0000,33,no
2,AND,'1000,5,XOR,'0110,2,AND,'1000,0,FALSE,'0000,32,no
2,AND,'1000,6,P,'1100,2,AND,'1000,2,AND,'1000,31,no
2,AND,'1000,7,OR,'1110,2,AND,'1000,2,AND,'1000,30,no
2,AND,'1000,8,NOR,'0001,2,AND,'1000,0,FALSE,'0000,29,no
2,AND,'1000,9,NOT P,'0011,2,AND,'1000,0,FALSE,'0000,28,no
2,AND,'1000,10,XNOR,'1001,2,AND,'1000,2,AND,'1000,27,no
2,AND,'1000,11,IMPLIES (p -> q),'1011,2,AND,'1000,2,AND,'1000,26,no
2,AND,'1000,12,NOT Q,'0101,2,AND,'1000,0,FALSE,'0000,25,no
2,AND,'1000,13,NAND,'0111,2,AND,'1000,0,FALSE,'0000,24,no
2,AND,'1000,14,CONVERSE (q -> p),'1101,2,AND,'1000,2,AND,'1000,23,no
2,AND,'1000,15,TRUE,'1111,2,AND,'1000,2,AND,'1000,22,yes
2,AND,'1000,0,FALSE,'0000,3,Q,'1010,0,FALSE,'0000,1,yes
2,AND,'1000,1,q AND NOT p,'0010,3,Q,'1010,1,q AND NOT p,'0010,49,no
2,AND,'1000,2,AND,'1000,3,Q,'1010,2,AND,'1000,48,no
2,AND,'1000,3,Q,'1010,3,Q,'1010,3,Q,'1010,47,no
2,AND,'1000,4,p AND NOT q,'0100,3,Q,'1010,0,FALSE,'0000,46,no
2,AND,'1000,5,XOR,'0110,3,Q,'1010,1,q AND NOT p,'0010,45,no
2,AND,'1000,6,P,'1100,3,Q,'1010,2,AND,'1000,22,yes
2,AND,'1000,7,OR,'1110,3,Q,'1010,3,Q,'1010,44,no
2,AND,'1000,8,NOR,'0001,3,Q,'1010,0,FALSE,'0000,43,no
2,AND,'1000,9,NOT P,'0011,3,Q,'1010,1,q AND NOT p,'0010,7,yes
2,AND,'1000,10,XNOR,'1001,3,Q,'1010,2,AND,'1000,42,no
2,AND,'1000,11,IMPLIES (p -> q),'1011,3,Q,'1010,3,Q,'1010,41,no
2,AND,'1000,12,NOT Q,'0101,3,Q,'1010,0,FALSE,'0000,40,no
2,AND,'1000,13,NAND,'0111,3,Q,'1010,1,q AND NOT p,'0010,39,no
2,AND,'1000,14,CONVERSE (q -> p),'1101,3,Q,'1010,2,AND,'1000,38,no
2,AND,'1000,15,TRUE,'1111,3,Q,'1010,3,Q,'1010,37,yes
2,AND,'1000,0,FALSE,'0000,4,p AND NOT q,'0100,0,FALSE,'0000,1,yes
2,AND,'1000,1,q AND NOT p,'0010,4,p AND NOT q,'0100,0,FALSE,'0000,64,no
2,AND,'1000,2,AND,'1000,4,p AND NOT q,'0100,0,FALSE,'0000,63,no
2,AND,'1000,3,Q,'1010,4,p AND NOT q,'0100,0,FALSE,'0000,62,no
2,AND,'1000,4,p AND NOT q,'0100,4,p AND NOT q,'0100,4,p AND NOT q,'0100,61,no
2,AND,'1000,5,XOR,'0110,4,p AND NOT q,'0100,4,p AND NOT q,'0100,60,no
2,AND,'1000,6,P,'1100,4,p AND NOT q,'0100,4,p AND NOT q,'0100,59,no
2,AND,'1000,7,OR,'1110,4,p AND NOT q,'0100,4,p AND NOT q,'0100,58,no
2,AND,'1000,8,NOR,'0001,4,p AND NOT q,'0100,0,FALSE,'0000,57,no
2,AND,'1000,9,NOT P,'0011,4,p AND NOT q,'0100,0,FALSE,'0000,56,no
2,AND,'1000,10,XNOR,'1001,4,p AND NOT q,'0100,0,FALSE,'0000,55,no
2,AND,'1000,11,IMPLIES (p -> q),'1011,4,p AND NOT q,'0100,0,FALSE,'0000,54,no
2,AND,'1000,12,NOT Q,'0101,4,p AND NOT q,'0100,4,p AND NOT q,'0100,53,no
2,AND,'1000,13,NAND,'0111,4,p AND NOT q,'0100,4,p AND NOT q,'0100,52,no
2,AND,'1000,14,CONVERSE (q -> p),'1101,4,p AND NOT q,'0100,4,p AND NOT q,'0100,51,no
2,AND,'1000,15,TRUE,'1111,4,p AND NOT q,'0100,4,p AND NOT q,'0100,50,yes
2,AND,'1000,0,FALSE,'0000,5,XOR,'0110,0,FALSE,'0000,1,yes
2,AND,'1000,1,q AND NOT p,'0010,5,XOR,'0110,1,q AND NOT p,'0010,79,no
2,AND,'1000,2,AND,'1000,5,XOR,'0110,0,FALSE,'0000,78,no
2,AND,'1000,3,Q,'1010,5,XOR,'0110,1,q AND NOT p,'0010,77,no
2,AND,'1000,4,p AND NOT q,'0100,5,XOR,'0110,4,p AND NOT q,'0100,76,no
2,AND,'1000,5,XOR,'0110,5,XOR,'0110,5,XOR,'0110,75,no
2,AND,'1000,6,P,'1100,5,XOR,'0110,4,p AND NOT q,'0100,74,no
2,AND,'1000,7,OR,'1110,5,XOR,'0110,5,XOR,'0110,73,no
2,AND,'1000,8,NOR,'0001,5,XOR,'0110,0,FALSE,'0000,72,no
2,AND,'1000,9,NOT P,'0011,5,XOR,'0110,1,q AND NOT p,'0010,71,no
2,AND,'1000,10,XNOR,'1001,5,XOR,'0110,0,FALSE,'0000,70,no
2,AND,'1000,11,IMPLIES (p -> q),'1011,5,XOR,'0110,1,q AND NOT p,'0010,69,no
2,AND,'1000,12,NOT Q,'0101,5,XOR,'0110,4,p AND NOT q,'0100,68,no
2,AND,'1000,13,NAND,'0111,5,XOR,'0110,5,XOR,'0110,67,no
2,AND,'1000,14,CONVERSE (q -> p),'1101,5,XOR,'0110,4,p AND NOT q,'0100,66,no
2,AND,'1000,15,TRUE,'1111,5,XOR,'0110,5,XOR,'0110,65,yes
2,AND,'1000,0,FALSE,'0000,6,P,'1100,0,FALSE,'0000,1,yes
2,AND,'1000,1,q AND NOT p,'0010,6,P,'1100,0,FALSE,'0000,94,no
2,AND,'1000,2,AND,'1000,6,P,'1100,2,AND,'1000,93,no
2,AND,'1000,3,Q,'1010,6,P,'1100,2,AND,'1000,92,no
2,AND,'1000,4,p AND NOT q,'0100,6,P,'1100,4,p AND NOT q,'0100,91,no
2,AND,'1000,5,XOR,'0110,6,P,'1100,4,p AND NOT q,'0100,90,no
2,AND,'1000,6,P,'1100,6,P,'1100,6,P,'1100,89,no
2,AND,'1000,7,OR,'1110,6,P,'1100,6,P,'1100,88,no
2,AND,'1000,8,NOR,'0001,6,P,'1100,0,FALSE,'0000,87,no
2,AND,'1000,9,NOT P,'0011,6,P,'1100,0,FALSE,'0000,86,no
2,AND,'1000,10,XNOR,'1001,6,P,'1100,2,AND,'1000,85,no
2,AND,'1000,11,IMPLIES (p -> q),'1011,6,P,'1100,2,AND,'1000,84,no
2,AND,'1000,12,NOT Q,'0101,6,P,'1100,4,p AND NOT q,'0100,83,no
2,AND,'1000,13,NAND,'0111,6,P,'1100,4,p AND NOT q,'0100,82,no
2,AND,'1000,14,CONVERSE (q -> p),'1101,6,P,'1100,6,P,'1100,81,no
2,AND,'1000,15,TRUE,'1111,6,P,'1100,6,P,'1100,80,yes
2,AND,'1000,0,FALSE,'0000,7,OR,'1110,0,FALSE,'0000,1,yes
2,AND,'1000,1,q AND NOT p,'0010,7,OR,'1110,1,q AND NOT p,'0010,109,no
2,AND,'1000,2,AND,'1000,7,OR,'1110,2,AND,'1000,108,no
2,AND,'1000,3,Q,'1010,7,OR,'1110,3,Q,'1010,107,no
2,AND,'1000,4,p AND NOT q,'0100,7,OR,'1110,4,p AND NOT q,'0100,106,no
2,AND,'1000,5,XOR,'0110,7,OR,'1110,5,XOR,'0110,105,no
2,AND,'1000,6,P,'1100,7,OR,'1110,6,P,'1100,104,no
2,AND,'1000,7,OR,'1110,7,OR,'1110,7,OR,'1110,103,no
2,AND,'1000,8,NOR,'0001,7,OR,'1110,0,FALSE,'0000,102,no
2,AND,'1000,9,NOT P,'0011,7,OR,'1110,1,q AND NOT p,'0010,101,no
2,AND,'1000,10,XNOR,'1001,7,OR,'1110,2,AND,'1000,100,no
2,AND,'1000,11,IMPLIES (p -> q),'1011,7,OR,'1110,3,Q,'1010,99,no
2,AND,'1000,12,NOT Q,'0101,7,OR,'1110,4,p AND NOT q,'0100,98,no
2,AND,'1000,13,NAND,'0111,7,OR,'1110,5,XOR,'0110,97,no
2,AND,'1000,14,CONVERSE (q -> p),'1101,7,OR,'1110,6,P,'1100,96,no
2,AND,'1000,15,TRUE,'1111,7,OR,'1110,7,OR,'1110,95,yes
2,AND,'1000,0,FALSE,'0000,8,NOR,'0001,0,FALSE,'0000,1,yes
2,AND,'1000,1,q AND NOT p,'0010,8,NOR,'0001,0,FALSE,'0000,124,no
2,AND,'1000,2,AND,'1000,8,NOR,'0001,0,FALSE,'0000,123,no
2,AND,'1000,3,Q,'1010,8,NOR,'0001,0,FALSE,'0000,122,no
2,AND,'1000,4,p AND NOT q,'0100,8,NOR,'0001,0,FALSE,'0000,121,no
2,AND,'1000,5,XOR,'0110,8,NOR,'0001,0,FALSE,'0000,120,no
2,AND,'1000,6,P,'1100,8,NOR,'0001,0,FALSE,'0000,119,no
2,AND,'1000,7,OR,'1110,8,NOR,'0001,0,FALSE,'0000,118,no
2,AND,'1000,8,NOR,'0001,8,NOR,'0001,8,NOR,'0001,117,no
2,AND,'1000,9,NOT P,'0011,8,NOR,'0001,8,NOR,'0001,116,no
2,AND,'1000,10,XNOR,'1001,8,NOR,'0001,8,NOR,'0001,115,no
2,AND,'1000,11,IMPLIES (p -> q),'1011,8,NOR,'0001,8,NOR,'0001,114,no
2,AND,'1000,12,NOT Q,'0101,8,NOR,'0001,8,NOR,'0001,113,no
2,AND,'1000,13,NAND,'0111,8,NOR,'0001,8,NOR,'0001,112,no
2,AND,'1000,14,CONVERSE (q -> p),'1101,8,NOR,'0001,8,NOR,'0001,111,no
2,AND,'1000,15,TRUE,'1111,8,NOR,'0001,8,NOR,'0001,110,yes
2,AND,'1000,0,FALSE,'0000,9,NOT P,'0011,0,FALSE,'0000,1,yes
2,AND,'1000,1,q AND NOT p,'0010,9,NOT P,'0011,1,q AND NOT p,'0010,139,no
2,AND,'1000,2,AND,'1000,9,NOT P,'0011,0,FALSE,'0000,138,no
2,AND,'1000,3,Q,'1010,9,NOT P,'0011,1,q AND NOT p,'0010,137,no
2,AND,'1000,4,p AND NOT q,'0100,9,NOT P,'0011,0,FALSE,'0000,136,no
2,AND,'1000,5,XOR,'0110,9,NOT P,'0011,1,q AND NOT p,'0010,135,no
2,AND,'1000,6,P,'1100,9,NOT P,'0011,0,FALSE,'0000,134,no
2,AND,'1000,7,OR,'1110,9,NOT P,'0011,1,q AND NOT p,'0010,133,no
2,AND,'1000,8,NOR,'0001,9,NOT P,'0011,8,NOR,'0001,132,no
2,AND,'1000,9,NOT P,'0011,9,NOT P,'0011,9,NOT P,'0011,131,no
2,AND,'1000,10,XNOR,'1001,9,NOT P,'0011,8,NOR,'0001,130,no
2,AND,'1000,11,IMPLIES (p -> q),'1011,9,NOT P,'0011,9,NOT P,'0011,129,no
2,AND,'1000,12,NOT Q,'0101,9,NOT P,'0011,8,NOR,'0001,128,no
2,AND,'1000,13,NAND,'0111,9,NOT P,'0011,9,NOT P,'0011,127,no
2,AND,'1000,14,CONVERSE (q -> p),'1101,9,NOT P,'0011,8,NOR,'0001,126,no
2,AND,'1000,15,TRUE,'1111,9,NOT P,'0011,9,NOT P,'0011,125,yes
2,AND,'1000,0,FALSE,'0000,10,XNOR,'1001,0,FALSE,'0000,1,yes
2,AND,'1000,1,q AND NOT p,'0010,10,XNOR,'1001,0,FALSE,'0000,154,no
2,AND,'1000,2,AND,'1000,10,XNOR,'1001,2,AND,'1000,153,no
2,AND,'1000,3,Q,'1010,10,XNOR,'1001,2,AND,'1000,152,no
2,AND,'1000,4,p AND NOT q,'0100,10,XNOR,'1001,0,FALSE,'0000,151,no
2,AND,'1000,5,XOR,'0110,10,XNOR,'1001,0,FALSE,'0000,150,no
2,AND,'1000,6,P,'1100,10,XNOR,'1001,2,AND,'1000,149,no
2,AND,'1000,7,OR,'1110,10,XNOR,'1001,2,AND,'1000,148,no
2,AND,'1000,8,NOR,'0001,10,XNOR,'1001,8,NOR,'0001,147,no
2,AND,'1000,9,NOT P,'0011,10,XNOR,'1001,8,NOR,'0001,146,no
2,AND,'1000,10,XNOR,'1001,10,XNOR,'1001,10,XNOR,'1001,145,no
2,AND,'1000,11,IMPLIES (p -> q),'1011,10,XNOR,'1001,10,XNOR,'1001,144,no
2,AND,'1000,12,NOT Q,'0101,10,XNOR,'1001,8,NOR,'0001,143,no
2,AND,'1000,13,NAND,'0111,10,XNOR,'1001,8,NOR,'0001,142,no
2,AND,'1000,14,CONVERSE (q -> p),'1101,10,XNOR,'1001,10,XNOR,'1001,141,no
2,AND,'1000,15,TRUE,'1111,10,XNOR,'1001,10,XNOR,'1001,140,yes
2,AND,'1000,0,FALSE,'0000,11,IMPLIES (p -> q),'1011,0,FALSE,'0000,1,yes
2,AND,'1000,1,q AND NOT p,'0010,11,IMPLIES (p -> q),'1011,1,q AND NOT p,'0010,169,no
2,AND,'1000,2,AND,'1000,11,IMPLIES (p -> q),'1011,2,AND,'1000,168,no
2,AND,'1000,3,Q,'1010,11,IMPLIES (p -> q),'1011,3,Q,'1010,167,no
2,AND,'1000,4,p AND NOT q,'0100,11,IMPLIES (p -> q),'1011,0,FALSE,'0000,166,no
2,AND,'1000,5,XOR,'0110,11,IMPLIES (p -> q),'1011,1,q AND NOT p,'0010,165,no
2,AND,'1000,6,P,'1100,11,IMPLIES (p -> q),'1011,2,AND,'1000,164,no
2,AND,'1000,7,OR,'1110,11,IMPLIES (p -> q),'1011,3,Q,'1010,163,no
2,AND,'1000,8,NOR,'0001,11,IMPLIES (p -> q),'1011,8,NOR,'0001,162,no
2,AND,'1000,9,NOT P,'0011,11,IMPLIES (p -> q),'1011,9,NOT P,'0011,161,no
2,AND,'1000,10,XNOR,'1001,11,IMPLIES (p -> q),'1011,10,XNOR,'1001,160,no
2,AND,'1000,11,IMPLIES (p -> q),'1011,11,IMPLIES (p -> q),'1011,11,IMPLIES (p -> q),'1011,159,no
2,AND,'1000,12,NOT Q,'0101,11,IMPLIES (p -> q),'1011,8,NOR,'0001,158,no
2,AND,'1000,13,NAND,'0111,11,IMPLIES (p -> q),'1011,9,NOT P,'0011,157,no
2,AND,'1000,14,CONVERSE (q -> p),'1101,11,IMPLIES (p -> q),'1011,10,XNOR,'1001,156,no
2,AND,'1000,15,TRUE,'1111,11,IMPLIES (p -> q),'1011,11,IMPLIES (p -> q),'1011,155,yes
2,AND,'1000,0,FALSE,'0000,12,NOT Q,'0101,0,FALSE,'0000,1,yes
2,AND,'1000,1,q AND NOT p,'0010,12,NOT Q,'0101,0,FALSE,'0000,182,no
2,AND,'1000,2,AND,'1000,12,NOT Q,'0101,0,FALSE,'0000,181,no
2,AND,'1000,3,Q,'1010,12,NOT Q,'0101,0,FALSE,'0000,180,no
2,AND,'1000,4,p AND NOT q,'0100,12,NOT Q,'0101,4,p AND NOT q,'0100,179,no
2,AND,'1000,5,XOR,'0110,12,NOT Q,'0101,4,p AND NOT q,'0100,178,no
2,AND,'1000,6,P,'1100,12,NOT Q,'0101,4,p AND NOT q,'0100,50,yes
2,AND,'1000,7,OR,'1110,12,NOT Q,'0101,4,p AND NOT q,'0100,177,no
2,AND,'1000,8,NOR,'0001,12,NOT Q,'0101,8,NOR,'0001,176,no
2,AND,'1000,9,NOT P,'0011,12,NOT Q,'0101,8,NOR,'0001,110,yes
2,AND,'1000,10,XNOR,'1001,12,NOT Q,'0101,8,NOR,'0001,175,no
2,AND,'1000,11,IMPLIES (p -> q),'1011,12,NOT Q,'0101,8,NOR,'0001,174,no
2,AND,'1000,12,NOT Q,'0101,12,NOT Q,'0101,12,NOT Q,'0101,173,no
2,AND,'1000,13,NAND,'0111,12,NOT Q,'0101,12,NOT Q,'0101,172,no
2,AND,'1000,14,CONVERSE (q -> p),'1101,12,NOT Q,'0101,12,NOT Q,'0101,171,no
2,AND,'1000,15,TRUE,'1111,12,NOT Q,'0101,12,NOT Q,'0101,170,yes
2,AND,'1000,0,FALSE,'0000,13,NAND,'0111,0,FALSE,'0000,1,yes
2,AND,'1000,1,q AND NOT p,'0010,13,NAND,'0111,1,q AND NOT p,'0010,197,no
2,AND,'1000,2,AND,'1000,13,NAND,'0111,0,FALSE,'0000,196,no
2,AND,'1000,3,Q,'1010,13,NAND,'0111,1,q AND NOT p,'0010,195,no
2,AND,'1000,4,p AND NOT q,'0100,13,NAND,'0111,4,p AND NOT q,'0100,194,no
2,AND,'1000,5,XOR,'0110,13,NAND,'0111,5,XOR,'0110,193,no
2,AND,'1000,6,P,'1100,13,NAND,'0111,4,p AND NOT q,'0100,192,no
2,AND,'1000,7,OR,'1110,13,NAND,'0111,5,XOR,'0110,191,no
2,AND,'1000,8,NOR,'0001,13,NAND,'0111,8,NOR,'0001,190,no
2,AND,'1000,9,NOT P,'0011,13,NAND,'0111,9,NOT P,'0011,189,no
2,AND,'1000,10,XNOR,'1001,13,NAND,'0111,8,NOR,'0001,188,no
2,AND,'1000,11,IMPLIES (p -> q),'1011,13,NAND,'0111,9,NOT P,'0011,187,no
2,AND,'1000,12,NOT Q,'0101,13,NAND,'0111,12,NOT Q,'0101,186,no
2,AND,'1000,13,NAND,'0111,13,NAND,'0111,13,NAND,'0111,185,no
2,AND,'1000,14,CONVERSE (q -> p),'1101,13,NAND,'0111,12,NOT Q,'0101,184,no
2,AND,'1000,15,TRUE,'1111,13,NAND,'0111,13,NAND,'0111,183,yes
2,AND,'1000,0,FALSE,'0000,14,CONVERSE (q -> p),'1101,0,FALSE,'0000,1,yes
2,AND,'1000,1,q AND NOT p,'0010,14,CONVERSE (q -> p),'1101,0,FALSE,'0000,212,no
2,AND,'1000,2,AND,'1000,14,CONVERSE (q -> p),'1101,2,AND,'1000,211,no
2,AND,'1000,3,Q,'1010,14,CONVERSE (q -> p),'1101,2,AND,'1000,210,no
2,AND,'1000,4,p AND NOT q,'0100,14,CONVERSE (q -> p),'1101,4,p AND NOT q,'0100,209,no
2,AND,'1000,5,XOR,'0110,14,CONVERSE (q -> p),'1101,4,p AND NOT q,'0100,208,no
2,AND,'1000,6,P,'1100,14,CONVERSE (q -> p),'1101,6,P,'1100,207,no
2,AND,'1000,7,OR,'1110,14,CONVERSE (q -> p),'1101,6,P,'1100,206,no
2,AND,'1000,8,NOR,'0001,14,CONVERSE (q -> p),'1101,8,NOR,'0001,205,no
2,AND,'1000,9,NOT P,'0011,14,CONVERSE (q -> p),'1101,8,NOR,'0001,204,no
2,AND,'1000,10,XNOR,'1001,14,CONVERSE (q -> p),'1101,10,XNOR,'1001,203,no
2,AND,'1000,11,IMPLIES (p -> q),'1011,14,CONVERSE (q -> p),'1101,10,XNOR,'1001,202,no
2,AND,'1000,12,NOT Q,'0101,14,CONVERSE (q -> p),'1101,12,NOT Q,'0101,201,no
2,AND,'1000,13,NAND,'0111,14,CONVERSE (q -> p),'1101,12,NOT Q,'0101,200,no
2,AND,'1000,14,CONVERSE (q -> p),'1101,14,CONVERSE (q -> p),'1101,14,CONVERSE (q -> p),'1101,199,no
2,AND,'1000,15,TRUE,'1111,14,CONVERSE (q -> p),'1101,14,CONVERSE (q -> p),'1101,198,yes
2,AND,'1000,0,FALSE,'0000,15,TRUE,'1111,0,FALSE,'0000,1,yes
2,AND,'1000,1,q AND NOT p,'0010,15,TRUE,'1111,1,q AND NOT p,'0010,7,yes
2,AND,'1000,2,AND,'1000,15,TRUE,'1111,2,AND,'1000,22,yes
2,AND,'1000,3,Q,'1010,15,TRUE,'1111,3,Q,'1010,37,yes
2,AND,'1000,4,p AND NOT q,'0100,15,TRUE,'1111,4,p AND NOT q,'0100,50,yes
2,AND,'1000,5,XOR,'0110,15,TRUE,'1111,5,XOR,'0110,65,yes
2,AND,'1000,6,P,'1100,15,TRUE,'1111,6,P,'1100,80,yes
2,AND,'1000,7,OR,'1110,15,TRUE,'1111,7,OR,'1110,95,yes
2,AND,'1000,8,NOR,'0001,15,TRUE,'1111,8,NOR,'0001,110,yes
2,AND,'1000,9,NOT P,'0011,15,TRUE,'1111,9,NOT P,'0011,125,yes
2,AND,'1000,10,XNOR,'1001,15,TRUE,'1111,10,XNOR,'1001,140,yes
2,AND,'1000,11,IMPLIES (p -> q),'1011,15,TRUE,'1111,11,IMPLIES (p -> q),'1011,155,yes
2,AND,'1000,12,NOT Q,'0101,15,TRUE,'1111,12,NOT Q,'0101,170,yes
2,AND,'1000,13,NAND,'0111,15,TRUE,'1111,13,NAND,'0111,183,yes
2,AND,'1000,14,CONVERSE (q -> p),'1101,15,TRUE,'1111,14,CONVERSE (q -> p),'1101,198,yes
2,AND,'1000,15,TRUE,'1111,15,TRUE,'1111,15,TRUE,'1111,213,yes
3,Q,'1010,0,FALSE,'0000,0,FALSE,'0000,0,FALSE,'0000,1,yes
3,Q,'1010,1,q AND NOT p,'0010,0,FALSE,'0000,0,FALSE,'0000,1,yes
3,Q,'1010,2,AND,'1000,0,FALSE,'0000,0,FALSE,'0000,1,yes
3,Q,'1010,3,Q,'1010,0,FALSE,'0000,0,FALSE,'0000,1,yes
3,Q,'1010,4,p AND NOT q,'0100,0,FALSE,'0000,0,FALSE,'0000,1,yes
3,Q,'1010,5,XOR,'0110,0,FALSE,'0000,0,FALSE,'0000,1,yes
3,Q,'1010,6,P,'1100,0,FALSE,'0000,0,FALSE,'0000,1,yes
3,Q,'1010,7,OR,'1110,0,FALSE,'0000,0,FALSE,'0000,1,yes
3,Q,'1010,8,NOR,'0001,0,FALSE,'0000,0,FALSE,'0000,1,yes
3,Q,'1010,9,NOT P,'0011,0,FALSE,'0000,0,FALSE,'0000,1,yes
3,Q,'1010,10,XNOR,'1001,0,FALSE,'0000,0,FALSE,'0000,1,yes
3,Q,'1010,11,IMPLIES (p -> q),'1011,0,FALSE,'0000,0,FALSE,'0000,1,yes
3,Q,'1010,12,NOT Q,'0101,0,FALSE,'0000,0,FALSE,'0000,1,yes
3,Q,'1010,13,NAND,'0111,0,FALSE,'0000,0,FALSE,'0000,1,yes
3,Q,'1010,14,CONVERSE (q -> p),'1101,0,FALSE,'0000,0,FALSE,'0000,1,yes
3,Q,'1010,15,TRUE,'1111,0,FALSE,'0000,0,FALSE,'0000,1,yes
3,Q,'1010,0,FALSE,'0000,1,q AND NOT p,'0010,1,q AND NOT p,'0010,7,yes
3,Q,'1010,1,q AND NOT p,'0010,1,q AND NOT p,'0010,1,q AND NOT p,'0010,7,yes
3,Q,'1010,2,AND,'1000,1,q AND NOT p,'0010,1,q AND NOT p,'0010,7,yes
3,Q,'1010,3,Q,'1010,1,q AND NOT p,'0010,1,q AND NOT p,'0010,7,yes
3,Q,'1010,4,p AND NOT q,'0100,1,q AND NOT p,'0010,1,q AND NOT p,'0010,7,yes
3,Q,'1010,5,XOR,'0110,1,q AND NOT p,'0010,1,q AND NOT p,'0010,7,yes
3,Q,'1010,6,P,'1100,1,q AND NOT p,'0010,1,q AND NOT p,'0010,7,yes
3,Q,'1010,7,OR,'1110,1,q AND NOT p,'0010,1,q AND NOT p,'0010,7,yes
3,Q,'1010,8,NOR,'0001,1,q AND NOT p,'0010,1,q AND NOT p,'0010,7,yes
3,Q,'1010,9,NOT P,'0011,1,q AND NOT p,'0010,1,q AND NOT p,'0010,7,yes
3,Q,'1010,10,XNOR,'1001,1,q AND NOT p,'0010,1,q AND NOT p,'0010,7,yes
3,Q,'1010,11,IMPLIES (p -> q),'1011,1,q AND NOT p,'0010,1,q AND NOT p,'0010,7,yes
3,Q,'1010,12,NOT Q,'0101,1,q AND NOT p,'0010,1,q AND NOT p,'0010,7,yes
3,Q,'1010,13,NAND,'0111,1,q AND NOT p,'0010,1,q AND NOT p,'0010,7,yes
3,Q,'1010,14,CONVERSE (q -> p),'1101,1,q AND NOT p,'0010,1,q AND NOT p,'0010,7,yes
3,Q,'1010,15,TRUE,'1111,1,q AND NOT p,'0010,1,q AND NOT p,'0010,7,yes
3,Q,'1010,0,FALSE,'0000,2,AND,'1000,2,AND,'1000,22,yes
3,Q,'1010,1,q AND NOT p,'0010,2,AND,'1000,2,AND,'1000,22,yes
3,Q,'1010,2,AND,'1000,2,AND,'1000,2,AND,'1000,22,yes
3,Q,'1010,3,Q,'1010,2,AND,'1000,2,AND,'1000,22,yes
3,Q,'1010,4,p AND NOT q,'0100,2,AND,'1000,2,AND,'1000,22,yes
3,Q,'1010,5,XOR,'0110,2,AND,'1000,2,AND,'1000,22,yes
3,Q,'1010,6,P,'1100,2,AND,'1000,2,AND,'1000,22,yes
3,Q,'1010,7,OR,'1110,2,AND,'1000,2,AND,'1000,22,yes
3,Q,'1010,8,NOR,'0001,2,AND,'1000,2,AND,'1000,22,yes
3,Q,'1010,9,NOT P,'0011,2,AND,'1000,2,AND,'1000,22,yes
3,Q,'1010,10,XNOR,'1001,2,AND,'1000,2,AND,'1000,22,yes
3,Q,'1010,11,IMPLIES (p -> q),'1011,2,AND,'1000,2,AND,'1000,22,yes
3,Q,'1010,12,NOT Q,'0101,2,AND,'1000,2,AND,'1000,22,yes
3,Q,'1010,13,NAND,'0111,2,AND,'1000,2,AND,'1000,22,yes
3,Q,'1010,14,CONVERSE (q -> p),'1101,2,AND,'1000,2,AND,'1000,22,yes
3,Q,'1010,15,TRUE,'1111,2,AND,'1000,2,AND,'1000,22,yes
3,Q,'1010,0,FALSE,'0000,3,Q,'1010,3,Q,'1010,37,yes
3,Q,'1010,1,q AND NOT p,'0010,3,Q,'1010,3,Q,'1010,37,yes
3,Q,'1010,2,AND,'1000,3,Q,'1010,3,Q,'1010,37,yes
3,Q,'1010,3,Q,'1010,3,Q,'1010,3,Q,'1010,37,yes
3,Q,'1010,4,p AND NOT q,'0100,3,Q,'1010,3,Q,'1010,37,yes
3,Q,'1010,5,XOR,'0110,3,Q,'1010,3,Q,'1010,37,yes
3,Q,'1010,6,P,'1100,3,Q,'1010,3,Q,'1010,37,yes
3,Q,'1010,7,OR,'1110,3,Q,'1010,3,Q,'1010,37,yes
3,Q,'1010,8,NOR,'0001,3,Q,'1010,3,Q,'1010,37,yes
3,Q,'1010,9,NOT P,'0011,3,Q,'1010,3,Q,'1010,37,yes
3,Q,'1010,10,XNOR,'1001,3,Q,'1010,3,Q,'1010,37,yes
3,Q,'1010,11,IMPLIES (p -> q),'1011,3,Q,'1010,3,Q,'1010,37,yes
3,Q,'1010,12,NOT Q,'0101,3,Q,'1010,3,Q,'1010,37,yes
3,Q,'1010,13,NAND,'0111,3,Q,'1010,3,Q,'1010,37,yes
3,Q,'1010,14,CONVERSE (q -> p),'1101,3,Q,'1010,3,Q,'1010,37,yes
3,Q,'1010,15,TRUE,'1111,3,Q,'1010,3,Q,'1010,37,yes
3,Q,'1010,0,FALSE,'0000,4,p AND NOT q,'0100,4,p AND NOT q,'0100,50,yes
3,Q,'1010,1,q AND NOT p,'0010,4,p AND NOT q,'0100,4,p AND NOT q,'0100,50,yes
3,Q,'1010,2,AND,'1000,4,p AND NOT q,'0100,4,p AND NOT q,'0100,50,yes
3,Q,'1010,3,Q,'1010,4,p AND NOT q,'0100,4,p AND NOT q,'0100,50,yes
3,Q,'1010,4,p AND NOT q,'0100,4,p AND NOT q,'0100,4,p AND NOT q,'0100,50,yes
3,Q,'1010,5,XOR,'0110,4,p AND NOT q,'0100,4,p AND NOT q,'0100,50,yes
3,Q,'1010,6,P,'1100,4,p AND NOT q,'0100,4,p AND NOT q,'0100,50,yes
3,Q,'1010,7,OR,'1110,4,p AND NOT q,'0100,4,p AND NOT q,'0100,50,yes
3,Q,'1010,8,NOR,'0001,4,p AND NOT q,'0100,4,p AND NOT q,'0100,50,yes
3,Q,'1010,9,NOT P,'0011,4,p AND NOT q,'0100,4,p AND NOT q,'0100,50,yes
3,Q,'1010,10,XNOR,'1001,4,p AND NOT q,'0100,4,p AND NOT q,'0100,50,yes
3,Q,'1010,11,IMPLIES (p -> q),'1011,4,p AND NOT q,'0100,4,p AND NOT q,'0100,50,yes
3,Q,'1010,12,NOT Q,'0101,4,p AND NOT q,'0100,4,p AND NOT q,'0100,50,yes
3,Q,'1010,13,NAND,'0111,4,p AND NOT q,'0100,4,p AND NOT q,'0100,50,yes
3,Q,'1010,14,CONVERSE (q -> p),'1101,4,p AND NOT q,'0100,4,p AND NOT q,'0100,50,yes
3,Q,'1010,15,TRUE,'1111,4,p AND NOT q,'0100,4,p AND NOT q,'0100,50,yes
3,Q,'1010,0,FALSE,'0000,5,XOR,'0110,5,XOR,'0110,65,yes
3,Q,'1010,1,q AND NOT p,'0010,5,XOR,'0110,5,XOR,'0110,65,yes
3,Q,'1010,2,AND,'1000,5,XOR,'0110,5,XOR,'0110,65,yes
3,Q,'1010,3,Q,'1010,5,XOR,'0110,5,XOR,'0110,65,yes
3,Q,'1010,4,p AND NOT q,'0100,5,XOR,'0110,5,XOR,'0110,65,yes
3,Q,'1010,5,XOR,'0110,5,XOR,'0110,5,XOR,'0110,65,yes
3,Q,'1010,6,P,'1100,5,XOR,'0110,5,XOR,'0110,65,yes
3,Q,'1010,7,OR,'1110,5,XOR,'0110,5,XOR,'0110,65,yes
3,Q,'1010,8,NOR,'0001,5,XOR,'0110,5,XOR,'0110,65,yes
3,Q,'1010,9,NOT P,'0011,5,XOR,'0110,5,XOR,'0110,65,yes
3,Q,'1010,10,XNOR,'1001,5,XOR,'0110,5,XOR,'0110,65,yes
3,Q,'1010,11,IMPLIES (p -> q),'1011,5,XOR,'0110,5,XOR,'0110,65,yes
3,Q,'1010,12,NOT Q,'0101,5,XOR,'0110,5,XOR,'0110,65,yes
3,Q,'1010,13,NAND,'0111,5,XOR,'0110,5,XOR,'0110,65,yes
3,Q,'1010,14,CONVERSE (q -> p),'1101,5,XOR,'0110,5,XOR,'0110,65,yes
3,Q,'1010,15,TRUE,'1111,5,XOR,'0110,5,XOR,'0110,65,yes
3,Q,'1010,0,FALSE,'0000,6,P,'1100,6,P,'1100,80,yes
3,Q,'1010,1,q AND NOT p,'0010,6,P,'1100,6,P,'1100,80,yes
3,Q,'1010,2,AND,'1000,6,P,'1100,6,P,'1100,80,yes
3,Q,'1010,3,Q,'1010,6,P,'1100,6,P,'1100,80,yes
3,Q,'1010,4,p AND NOT q,'0100,6,P,'1100,6,P,'1100,80,yes
3,Q,'1010,5,XOR,'0110,6,P,'1100,6,P,'1100,80,yes
3,Q,'1010,6,P,'1100,6,P,'1100,6,P,'1100,80,yes
3,Q,'1010,7,OR,'1110,6,P,'1100,6,P,'1100,80,yes
3,Q,'1010,8,NOR,'0001,6,P,'1100,6,P,'1100,80,yes
3,Q,'1010,9,NOT P,'0011,6,P,'1100,6,P,'1100,80,yes
3,Q,'1010,10,XNOR,'1001,6,P,'1100,6,P,'1100,80,yes
3,Q,'1010,11,IMPLIES (p -> q),'1011,6,P,'1100,6,P,'1100,80,yes
3,Q,'1010,12,NOT Q,'0101,6,P,'1100,6,P,'1100,80,yes
3,Q,'1010,13,NAND,'0111,6,P,'1100,6,P,'1100,80,yes
3,Q,'1010,14,CONVERSE (q -> p),'1101,6,P,'1100,6,P,'1100,80,yes
3,Q,'1010,15,TRUE,'1111,6,P,'1100,6,P,'1100,80,yes
3,Q,'1010,0,FALSE,'0000,7,OR,'1110,7,OR,'1110,95,yes
3,Q,'1010,1,q AND NOT p,'0010,7,OR,'1110,7,OR,'1110,95,yes
3,Q,'1010,2,AND,'1000,7,OR,'1110,7,OR,'1110,95,yes
3,Q,'1010,3,Q,'1010,7,OR,'1110,7,OR,'1110,95,yes
3,Q,'1010,4,p AND NOT q,'0100,7,OR,'1110,7,OR,'1110,95,yes
3,Q,'1010,5,XOR,'0110,7,OR,'1110,7,OR,'1110,95,yes
3,Q,'1010,6,P,'1100,7,OR,'1110,7,OR,'1110,95,yes
3,Q,'1010,7,OR,'1110,7,OR,'1110,7,OR,'1110,95,yes
3,Q,'1010,8,NOR,'0001,7,OR,'1110,7,OR,'1110,95,yes
3,Q,'1010,9,NOT P,'0011,7,OR,'1110,7,OR,'1110,95,yes
3,Q,'1010,10,XNOR,'1001,7,OR,'1110,7,OR,'1110,95,yes
3,Q,'1010,11,IMPLIES (p -> q),'1011,7,OR,'1110,7,OR,'1110,95,yes
3,Q,'1010,12,NOT Q,'0101,7,OR,'1110,7,OR,'1110,95,yes
3,Q,'1010,13,NAND,'0111,7,OR,'1110,7,OR,'1110,95,yes
3,Q,'1010,14,CONVERSE (q -> p),'1101,7,OR,'1110,7,OR,'1110,95,yes
3,Q,'1010,15,TRUE,'1111,7,OR,'1110,7,OR,'1110,95,yes
3,Q,'1010,0,FALSE,'0000,8,NOR,'0001,8,NOR,'0001,110,yes
3,Q,'1010,1,q AND NOT p,'0010,8,NOR,'0001,8,NOR,'0001,110,yes
3,Q,'1010,2,AND,'1000,8,NOR,'0001,8,NOR,'0001,110,yes
3,Q,'1010,3,Q,'1010,8,NOR,'0001,8,NOR,'0001,110,yes
3,Q,'1010,4,p AND NOT q,'0100,8,NOR,'0001,8,NOR,'0001,110,yes
3,Q,'1010,5,XOR,'0110,8,NOR,'0001,8,NOR,'0001,110,yes
3,Q,'1010,6,P,'1100,8,NOR,'0001,8,NOR,'0001,110,yes
3,Q,'1010,7,OR,'1110,8,NOR,'0001,8,NOR,'0001,110,yes
3,Q,'1010,8,NOR,'0001,8,NOR,'0001,8,NOR,'0001,110,yes
3,Q,'1010,9,NOT P,'0011,8,NOR,'0001,8,NOR,'0001,110,yes
3,Q,'1010,10,XNOR,'1001,8,NOR,'0001,8,NOR,'0001,110,yes
3,Q,'1010,11,IMPLIES (p -> q),'1011,8,NOR,'0001,8,NOR,'0001,110,yes
3,Q,'1010,12,NOT Q,'0101,8,NOR,'0001,8,NOR,'0001,110,yes
3,Q,'1010,13,NAND,'0111,8,NOR,'0001,8,NOR,'0001,110,yes
3,Q,'1010,14,CONVERSE (q -> p),'1101,8,NOR,'0001,8,NOR,'0001,110,yes
3,Q,'1010,15,TRUE,'1111,8,NOR,'0001,8,NOR,'0001,110,yes
3,Q,'1010,0,FALSE,'0000,9,NOT P,'0011,9,NOT P,'0011,125,yes
3,Q,'1010,1,q AND NOT p,'0010,9,NOT P,'0011,9,NOT P,'0011,125,yes
3,Q,'1010,2,AND,'1000,9,NOT P,'0011,9,NOT P,'0011,125,yes
3,Q,'1010,3,Q,'1010,9,NOT P,'0011,9,NOT P,'0011,125,yes
3,Q,'1010,4,p AND NOT q,'0100,9,NOT P,'0011,9,NOT P,'0011,125,yes
3,Q,'1010,5,XOR,'0110,9,NOT P,'0011,9,NOT P,'0011,125,yes
3,Q,'1010,6,P,'1100,9,NOT P,'0011,9,NOT P,'0011,125,yes
3,Q,'1010,7,OR,'1110,9,NOT P,'0011,9,NOT P,'0011,125,yes
3,Q,'1010,8,NOR,'0001,9,NOT P,'0011,9,NOT P,'0011,125,yes
3,Q,'1010,9,NOT P,'0011,9,NOT P,'0011,9,NOT P,'0011,125,yes
3,Q,'1010,10,XNOR,'1001,9,NOT P,'0011,9,NOT P,'0011,125,yes
3,Q,'1010,11,IMPLIES (p -> q),'1011,9,NOT P,'0011,9,NOT P,'0011,125,yes
3,Q,'1010,12,NOT Q,'0101,9,NOT P,'0011,9,NOT P,'0011,125,yes
3,Q,'1010,13,NAND,'0111,9,NOT P,'0011,9,NOT P,'0011,125,yes
3,Q,'1010,14,CONVERSE (q -> p),'1101,9,NOT P,'0011,9,NOT P,'0011,125,yes
3,Q,'1010,15,TRUE,'1111,9,NOT P,'0011,9,NOT P,'0011,125,yes
3,Q,'1010,0,FALSE,'0000,10,XNOR,'1001,10,XNOR,'1001,140,yes
3,Q,'1010,1,q AND NOT p,'0010,10,XNOR,'1001,10,XNOR,'1001,140,yes
3,Q,'1010,2,AND,'1000,10,XNOR,'1001,10,XNOR,'1001,140,yes
3,Q,'1010,3,Q,'1010,10,XNOR,'1001,10,XNOR,'1001,140,yes
3,Q,'1010,4,p AND NOT q,'0100,10,XNOR,'1001,10,XNOR,'1001,140,yes
3,Q,'1010,5,XOR,'0110,10,XNOR,'1001,10,XNOR,'1001,140,yes
3,Q,'1010,6,P,'1100,10,XNOR,'1001,10,XNOR,'1001,140,yes
3,Q,'1010,7,OR,'1110,10,XNOR,'1001,10,XNOR,'1001,140,yes
3,Q,'1010,8,NOR,'0001,10,XNOR,'1001,10,XNOR,'1001,140,yes
3,Q,'1010,9,NOT P,'0011,10,XNOR,'1001,10,XNOR,'1001,140,yes
3,Q,'1010,10,XNOR,'1001,10,XNOR,'1001,10,XNOR,'1001,140,yes
3,Q,'1010,11,IMPLIES (p -> q),'1011,10,XNOR,'1001,10,XNOR,'1001,140,yes
3,Q,'1010,12,NOT Q,'0101,10,XNOR,'1001,10,XNOR,'1001,140,yes
3,Q,'1010,13,NAND,'0111,10,XNOR,'1001,10,XNOR,'1001,140,yes
3,Q,'1010,14,CONVERSE (q -> p),'1101,10,XNOR,'1001,10,XNOR,'1001,140,yes
3,Q,'1010,15,TRUE,'1111,10,XNOR,'1001,10,XNOR,'1001,140,yes
3,Q,'1010,0,FALSE,'0000,11,IMPLIES (p -> q),'1011,11,IMPLIES (p -> q),'1011,155,yes
3,Q,'1010,1,q AND NOT p,'0010,11,IMPLIES (p -> q),'1011,11,IMPLIES (p -> q),'1011,155,yes
3,Q,'1010,2,AND,'1000,11,IMPLIES (p -> q),'1011,11,IMPLIES (p -> q),'1011,155,yes
3,Q,'1010,3,Q,'1010,11,IMPLIES (p -> q),'1011,11,IMPLIES (p -> q),'1011,155,yes
3,Q,'1010,4,p AND NOT q,'0100,11,IMPLIES (p -> q),'1011,11,IMPLIES (p -> q),'1011,155,yes
3,Q,'1010,5,XOR,'0110,11,IMPLIES (p -> q),'1011,11,IMPLIES (p -> q),'1011,155,yes
3,Q,'1010,6,P,'1100,11,IMPLIES (p -> q),'1011,11,IMPLIES (p -> q),'1011,155,yes
3,Q,'1010,7,OR,'1110,11,IMPLIES (p -> q),'1011,11,IMPLIES (p -> q),'1011,155,yes
3,Q,'1010,8,NOR,'0001,11,IMPLIES (p -> q),'1011,11,IMPLIES (p -> q),'1011,155,yes
3,Q,'1010,9,NOT P,'0011,11,IMPLIES (p -> q),'1011,11,IMPLIES (p -> q),'1011,155,yes
3,Q,'1010,10,XNOR,'1001,11,IMPLIES (p -> q),'1011,11,IMPLIES (p -> q),'1011,155,yes
3,Q,'1010,11,IMPLIES (p -> q),'1011,11,IMPLIES (p -> q),'1011,11,IMPLIES (p -> q),'1011,155,yes
3,Q,'1010,12,NOT Q,'0101,11,IMPLIES (p -> q),'1011,11,IMPLIES (p -> q),'1011,155,yes
3,Q,'1010,13,NAND,'0111,11,IMPLIES (p -> q),'1011,11,IMPLIES (p -> q),'1011,155,yes
3,Q,'1010,14,CONVERSE (q -> p),'1101,11,IMPLIES (p -> q),'1011,11,IMPLIES (p -> q),'1011,155,yes
3,Q,'1010,15,TRUE,'1111,11,IMPLIES (p -> q),'1011,11,IMPLIES (p -> q),'1011,155,yes
3,Q,'1010,0,FALSE,'0000,12,NOT Q,'0101,12,NOT Q,'0101,170,yes
3,Q,'1010,1,q AND NOT p,'0010,12,NOT Q,'0101,12,NOT Q,'0101,170,yes
3,Q,'1010,2,AND,'1000,12,NOT Q,'0101,12,NOT Q,'0101,170,yes
3,Q,'1010,3,Q,'1010,12,NOT Q,'0101,12,NOT Q,'0101,170,yes
3,Q,'1010,4,p AND NOT q,'0100,12,NOT Q,'0101,12,NOT Q,'0101,170,yes
3,Q,'1010,5,XOR,'0110,12,NOT Q,'0101,12,NOT Q,'0101,170,yes
3,Q,'1010,6,P,'1100,12,NOT Q,'0101,12,NOT Q,'0101,170,yes
3,Q,'1010,7,OR,'1110,12,NOT Q,'0101,12,NOT Q,'0101,170,yes
3,Q,'1010,8,NOR,'0001,12,NOT Q,'0101,12,NOT Q,'0101,170,yes
3,Q,'1010,9,NOT P,'0011,12,NOT Q,'0101,12,NOT Q,'0101,170,yes
3,Q,'1010,10,XNOR,'1001,12,NOT Q,'0101,12,NOT Q,'0101,170,yes
3,Q,'1010,11,IMPLIES (p -> q),'1011,12,NOT Q,'0101,12,NOT Q,'0101,170,yes
3,Q,'1010,12,NOT Q,'0101,12,NOT Q,'0101,12,NOT Q,'0101,170,yes
3,Q,'1010,13,NAND,'0111,12,NOT Q,'0101,12,NOT Q,'0101,170,yes
3,Q,'1010,14,CONVERSE (q -> p),'1101,12,NOT Q,'0101,12,NOT Q,'0101,170,yes
3,Q,'1010,15,TRUE,'1111,12,NOT Q,'0101,12,NOT Q,'0101,170,yes
3,Q,'1010,0,FALSE,'0000,13,NAND,'0111,13,NAND,'0111,183,yes
3,Q,'1010,1,q AND NOT p,'0010,13,NAND,'0111,13,NAND,'0111,183,yes
3,Q,'1010,2,AND,'1000,13,NAND,'0111,13,NAND,'0111,183,yes
3,Q,'1010,3,Q,'1010,13,NAND,'0111,13,NAND,'0111,183,yes
3,Q,'1010,4,p AND NOT q,'0100,13,NAND,'0111,13,NAND,'0111,183,yes
3,Q,'1010,5,XOR,'0110,13,NAND,'0111,13,NAND,'0111,183,yes
3,Q,'1010,6,P,'1100,13,NAND,'0111,13,NAND,'0111,183,yes
3,Q,'1010,7,OR,'1110,13,NAND,'0111,13,NAND,'0111,183,yes
3,Q,'1010,8,NOR,'0001,13,NAND,'0111,13,NAND,'0111,183,yes
3,Q,'1010,9,NOT P,'0011,13,NAND,'0111,13,NAND,'0111,183,yes
3,Q,'1010,10,XNOR,'1001,13,NAND,'0111,13,NAND,'0111,183,yes
3,Q,'1010,11,IMPLIES (p -> q),'1011,13,NAND,'0111,13,NAND,'0111,183,yes
3,Q,'1010,12,NOT Q,'0101,13,NAND,'0111,13,NAND,'0111,183,yes
3,Q,'1010,13,NAND,'0111,13,NAND,'0111,13,NAND,'0111,183,yes
3,Q,'1010,14,CONVERSE (q -> p),'1101,13,NAND,'0111,13,NAND,'0111,183,yes
3,Q,'1010,15,TRUE,'1111,13,NAND,'0111,13,NAND,'0111,183,yes
3,Q,'1010,0,FALSE,'0000,14,CONVERSE (q -> p),'1101,14,CONVERSE (q -> p),'1101,198,yes
3,Q,'1010,1,q AND NOT p,'0010,14,CONVERSE (q -> p),'1101,14,CONVERSE (q -> p),'1101,198,yes
3,Q,'1010,2,AND,'1000,14,CONVERSE (q -> p),'1101,14,CONVERSE (q -> p),'1101,198,yes
3,Q,'1010,3,Q,'1010,14,CONVERSE (q -> p),'1101,14,CONVERSE (q -> p),'1101,198,yes
3,Q,'1010,4,p AND NOT q,'0100,14,CONVERSE (q -> p),'1101,14,CONVERSE (q -> p),'1101,198,yes
3,Q,'1010,5,XOR,'0110,14,CONVERSE (q -> p),'1101,14,CONVERSE (q -> p),'1101,198,yes
3,Q,'1010,6,P,'1100,14,CONVERSE (q -> p),'1101,14,CONVERSE (q -> p),'1101,198,yes
3,Q,'1010,7,OR,'1110,14,CONVERSE (q -> p),'1101,14,CONVERSE (q -> p),'1101,198,yes
3,Q,'1010,8,NOR,'0001,14,CONVERSE (q -> p),'1101,14,CONVERSE (q -> p),'1101,198,yes
3,Q,'1010,9,NOT P,'0011,14,CONVERSE (q -> p),'1101,14,CONVERSE (q -> p),'1101,198,yes
3,Q,'1010,10,XNOR,'1001,14,CONVERSE (q -> p),'1101,14,CONVERSE (q -> p),'1101,198,yes
3,Q,'1010,11,IMPLIES (p -> q),'1011,14,CONVERSE (q -> p),'1101,14,CONVERSE (q -> p),'1101,198,yes
3,Q,'1010,12,NOT Q,'0101,14,CONVERSE (q -> p),'1101,14,CONVERSE (q -> p),'1101,198,yes
3,Q,'1010,13,NAND,'0111,14,CONVERSE (q -> p),'1101,14,CONVERSE (q -> p),'1101,198,yes
3,Q,'1010,14,CONVERSE (q -> p),'1101,14,CONVERSE (q -> p),'1101,14,CONVERSE (q -> p),'1101,198,yes
3,Q,'1010,15,TRUE,'1111,14,CONVERSE (q -> p),'1101,14,CONVERSE (q -> p),'1101,198,yes
3,Q,'1010,0,FALSE,'0000,15,TRUE,'1111,15,TRUE,'1111,213,yes
3,Q,'1010,1,q AND NOT p,'0010,15,TRUE,'1111,15,TRUE,'1111,213,yes
3,Q,'1010,2,AND,'1000,15,TRUE,'1111,15,TRUE,'1111,213,yes
3,Q,'1010,3,Q,'1010,15,TRUE,'1111,15,TRUE,'1111,213,yes
3,Q,'1010,4,p AND NOT q,'0100,15,TRUE,'1111,15,TRUE,'1111,213,yes
3,Q,'1010,5,XOR,'0110,15,TRUE,'1111,15,TRUE,'1111,213,yes
3,Q,'1010,6,P,'1100,15,TRUE,'1111,15,TRUE,'1111,213,yes
3,Q,'1010,7,OR,'1110,15,TRUE,'1111,15,TRUE,'1111,213,yes
3,Q,'1010,8,NOR,'0001,15,TRUE,'1111,15,TRUE,'1111,213,yes
3,Q,'1010,9,NOT P,'0011,15,TRUE,'1111,15,TRUE,'1111,213,yes
3,Q,'1010,10,XNOR,'1001,15,TRUE,'1111,15,TRUE,'1111,213,yes
3,Q,'1010,11,IMPLIES (p -> q),'1011,15,TRUE,'1111,15,TRUE,'1111,213,yes
3,Q,'1010,12,NOT Q,'0101,15,TRUE,'1111,15,TRUE,'1111,213,yes
3,Q,'1010,13,NAND,'0111,15,TRUE,'1111,15,TRUE,'1111,213,yes
3,Q,'1010,14,CONVERSE (q -> p),'1101,15,TRUE,'1111,15,TRUE,'1111,213,yes
3,Q,'1010,15,TRUE,'1111,15,TRUE,'1111,15,TRUE,'1111,213,yes
4,p AND NOT q,'0100,0,FALSE,'0000,0,FALSE,'0000,0,FALSE,'0000,1,yes
4,p AND NOT q,'0100,1,q AND NOT p,'0010,0,FALSE,'0000,1,q AND NOT p,'0010,7,yes
4,p AND NOT q,'0100,2,AND,'1000,0,FALSE,'0000,2,AND,'1000,22,yes
4,p AND NOT q,'0100,3,Q,'1010,0,FALSE,'0000,3,Q,'1010,37,yes
4,p AND NOT q,'0100,4,p AND NOT q,'0100,0,FALSE,'0000,4,p AND NOT q,'0100,50,yes
4,p AND NOT q,'0100,5,XOR,'0110,0,FALSE,'0000,5,XOR,'0110,65,yes
4,p AND NOT q,'0100,6,P,'1100,0,FALSE,'0000,6,P,'1100,80,yes
4,p AND NOT q,'0100,7,OR,'1110,0,FALSE,'0000,7,OR,'1110,95,yes
4,p AND NOT q,'0100,8,NOR,'0001,0,FALSE,'0000,8,NOR,'0001,110,yes
4,p AND NOT q,'0100,9,NOT P,'0011,0,FALSE,'0000,9,NOT P,'0011,125,yes
4,p AND NOT q,'0100,10,XNOR,'1001,0,FALSE,'0000,10,XNOR,'1001,140,yes
4,p AND NOT q,'0100,11,IMPLIES (p -> q),'1011,0,FALSE,'0000,11,IMPLIES (p -> q),'1011,155,yes
4,p AND NOT q,'0100,12,NOT Q,'0101,0,FALSE,'0000,12,NOT Q,'0101,170,yes
4,p AND NOT q,'0100,13,NAND,'0111,0,FALSE,'0000,13,NAND,'0111,183,yes
4,p AND NOT q,'0100,14,CONVERSE (q -> p),'1101,0,FALSE,'0000,14,CONVERSE (q -> p),'1101,198,yes
4,p AND NOT q,'0100,15,TRUE,'1111,0,FALSE,'0000,15,TRUE,'1111,213,yes
4,p AND NOT q,'0100,0,FALSE,'0000,1,q AND NOT p,'0010,0,FALSE,'0000,1,yes
4,p AND NOT q,'0100,1,q AND NOT p,'0010,1,q AND NOT p,'0010,0,FALSE,'0000,212,no
4,p AND NOT q,'0100,2,AND,'1000,1,q AND NOT p,'0010,2,AND,'1000,211,no
4,p AND NOT q,'0100,3,Q,'1010,1,q AND NOT p,'0010,2,AND,'1000,210,no
4,p AND NOT q,'0100,4,p AND NOT q,'0100,1,q AND NOT p,'0010,4,p AND NOT q,'0100,209,no
4,p AND NOT q,'0100,5,XOR,'0110,1,q AND NOT p,'0010,4,p AND NOT q,'0100,208,no
4,p AND NOT q,'0100,6,P,'1100,1,q AND NOT p,'0010,6,P,'1100,207,no
4,p AND NOT q,'0100,7,OR,'1110,1,q AND NOT p,'0010,6,P,'1100,206,no
4,p AND NOT q,'0100,8,NOR,'0001,1,q AND NOT p,'0010,8,NOR,'0001,205,no
4,p AND NOT q,'0100,9,NOT P,'0011,1,q AND NOT p,'0010,8,NOR,'0001,204,no
4,p AND NOT q,'0100,10,XNOR,'1001,1,q AND NOT p,'0010,10,XNOR,'1001,203,no
4,p AND NOT q,'0100,11,IMPLIES (p -> q),'1011,1,q AND NOT p,'0010,10,XNOR,'1001,202,no
4,p AND NOT q,'0100,12,NOT Q,'0101,1,q AND NOT p,'0010,12,NOT Q,'0101,201,no
4,p AND NOT q,'0100,13,NAND,'0111,1,q AND NOT p,'0010,12,NOT Q,'0101,200,no
4,p AND NOT q,'0100,14,CONVERSE (q -> p),'1101,1,q AND NOT p,'0010,14,CONVERSE (q -> p),'1101,199,no
4,p AND NOT q,'0100,15,TRUE,'1111,1,q AND NOT p,'0010,14,CONVERSE (q -> p),'1101,198,yes
4,p AND NOT q,'0100,0,FALSE,'0000,2,AND,'1000,0,FALSE,'0000,1,yes
4,p AND NOT q,'0100,1,q AND NOT p,'0010,2,AND,'1000,1,q AND NOT p,'0010,197,no
4,p AND NOT q,'0100,2,AND,'1000,2,AND,'1000,0,FALSE,'0000,196,no
4,p AND NOT q,'0100,3,Q,'1010,2,AND,'1000,1,q AND NOT p,'0010,195,no
4,p AND NOT q,'0100,4,p AND NOT q,'0100,2,AND,'1000,4,p AND NOT q,'0100,194,no
4,p AND NOT q,'0100,5,XOR,'0110,2,AND,'1000,5,XOR,'0110,193,no
4,p AND NOT q,'0100,6,P,'1100,2,AND,'1000,4,p AND NOT q,'0100,192,no
4,p AND NOT q,'0100,7,OR,'1110,2,AND,'1000,5,XOR,'0110,191,no
4,p AND NOT q,'0100,8,NOR,'0001,2,AND,'1000,8,NOR,'0001,190,no
4,p AND NOT q,'0100,9,NOT P,'0011,2,AND,'1000,9,NOT P,'0011,189,no
4,p AND NOT q,'0100,10,XNOR,'1001,2,AND,'1000,8,NOR,'0001,188,no
4,p AND NOT q,'0100,11,IMPLIES (p -> q),'1011,2,AND,'1000,9,NOT P,'0011,187,no
4,p AND NOT q,'0100,12,NOT Q,'0101,2,AND,'1000,12,NOT Q,'0101,186,no
4,p AND NOT q,'0100,13,NAND,'0111,2,AND,'1000,13,NAND,'0111,185,no
4,p AND NOT q,'0100,14,CONVERSE (q -> p),'1101,2,AND,'1000,12,NOT Q,'0101,184,no
4,p AND NOT q,'0100,15,TRUE,'1111,2,AND,'1000,13,NAND,'0111,183,yes
4,p AND NOT q,'0100,0,FALSE,'0000,3,Q,'1010,0,FALSE,'0000,1,yes
4,p AND NOT q,'0100,1,q AND NOT p,'0010,3,Q,'1010,0,FALSE,'0000,182,no
4,p AND NOT q,'0100,2,AND,'1000,3,Q,'1010,0,FALSE,'0000,181,no
4,p AND NOT q,'0100,3,Q,'1010,3,Q,'1010,0,FALSE,'0000,180,no
4,p AND NOT q,'0100,4,p AND NOT q,'0100,3,Q,'1010,4,p AND NOT q,'0100,179,no
4,p AND NOT q,'0100,5,XOR,'0110,3,Q,'1010,4,p AND NOT q,'0100,178,no
4,p AND NOT q,'0100,6,P,'1100,3,Q,'1010,4,p AND NOT q,'0100,50,yes
4,p AND NOT q,'0100,7,OR,'1110,3,Q,'1010,4,p AND NOT q,'0100,177,no
4,p AND NOT q,'0100,8,NOR,'0001,3,Q,'1010,8,NOR,'0001,176,no
4,p AND NOT q,'0100,9,NOT P,'0011,3,Q,'1010,8,NOR,'0001,110,yes
4,p AND NOT q,'0100,10,XNOR,'1001,3,Q,'1010,8,NOR,'0001,175,no
4,p AND NOT q,'0100,11,IMPLIES (p -> q),'1011,3,Q,'1010,8,NOR,'0001,174,no
4,p AND NOT q,'0100,12,NOT Q,'0101,3,Q,'1010,12,NOT Q,'0101,173,no
4,p AND NOT q,'0100,13,NAND,'0111,3,Q,'1010,12,NOT Q,'0101,172,no
4,p AND NOT q,'0100,14,CONVERSE (q -> p),'1101,3,Q,'1010,12,NOT Q,'0101,171,no
4,p AND NOT q,'0100,15,TRUE,'1111,3,Q,'1010,12,NOT Q,'0101,170,yes
4,p AND NOT q,'0100,0,FALSE,'0000,4,p AND NOT q,'0100,0,FALSE,'0000,1,yes
4,p AND NOT q,'0100,1,q AND NOT p,'0010,4,p AND NOT q,'0100,1,q AND NOT p,'0010,169,no
4,p AND NOT q,'0100,2,AND,'1000,4,p AND NOT q,'0100,2,AND,'1000,168,no
4,p AND NOT q,'0100,3,Q,'1010,4,p AND NOT q,'0100,3,Q,'1010,167,no
4,p AND NOT q,'0100,4,p AND NOT q,'0100,4,p AND NOT q,'0100,0,FALSE,'0000,166,no
4,p AND NOT q,'0100,5,XOR,'0110,4,p AND NOT q,'0100,1,q AND NOT p,'0010,165,no
4,p AND NOT q,'0100,6,P,'1100,4,p AND NOT q,'0100,2,AND,'1000,164,no
4,p AND NOT q,'0100,7,OR,'1110,4,p AND NOT q,'0100,3,Q,'1010,163,no
4,p AND NOT q,'0100,8,NOR,'0001,4,p AND NOT q,'0100,8,NOR,'0001,162,no
4,p AND NOT q,'0100,9,NOT P,'0011,4,p AND NOT q,'0100,9,NOT P,'0011,161,no
4,p AND NOT q,'0100,10,XNOR,'1001,4,p AND NOT q,'0100,10,XNOR,'1001,160,no
4,p AND NOT q,'0100,11,IMPLIES (p -> q),'1011,4,p AND NOT q,'0100,11,IMPLIES (p -> q),'1011,159,no
4,p AND NOT q,'0100,12,NOT Q,'0101,4,p AND NOT q,'0100,8,NOR,'0001,158,no
4,p AND NOT q,'0100,13,NAND,'0111,4,p AND NOT q,'0100,9,NOT P,'0011,157,no
4,p AND NOT q,'0100,14,CONVERSE (q -> p),'1101,4,p AND NOT q,'0100,10,XNOR,'1001,156,no
4,p AND NOT q,'0100,15,TRUE,'1111,4,p AND NOT q,'0100,11,IMPLIES (p -> q),'1011,155,yes
4,p AND NOT q,'0100,0,FALSE,'0000,5,XOR,'0110,0,FALSE,'0000,1,yes
4,p AND NOT q,'0100,1,q AND NOT p,'0010,5,XOR,'0110,0,FALSE,'0000,154,no
4,p AND NOT q,'0100,2,AND,'1000,5,XOR,'0110,2,AND,'1000,153,no
4,p AND NOT q,'0100,3,Q,'1010,5,XOR,'0110,2,AND,'1000,152,no
4,p AND NOT q,'0100,4,p AND NOT q,'0100,5,XOR,'0110,0,FALSE,'0000,151,no
4,p AND NOT q,'0100,5,XOR,'0110,5,XOR,'0110,0,FALSE,'0000,150,no
4,p AND NOT q,'0100,6,P,'1100,5,XOR,'0110,2,AND,'1000,149,no
4,p AND NOT q,'0100,7,OR,'1110,5,XOR,'0110,2,AND,'1000,148,no
4,p AND NOT q,'0100,8,NOR,'0001,5,XOR,'0110,8,NOR,'0001,147,no
4,p AND NOT q,'0100,9,NOT P,'0011,5,XOR,'0110,8,NOR,'0001,146,no
4,p AND NOT q,'0100,10,XNOR,'1001,5,XOR,'0110,10,XNOR,'1001,145,no
4,p AND NOT q,'0100,11,IMPLIES (p -> q),'1011,5,XOR,'0110,10,XNOR,'1001,144,no
4,p AND NOT q,'0100,12,NOT Q,'0101,5,XOR,'0110,8,NOR,'0001,143,no
4,p AND NOT q,'0100,13,NAND,'0111,5,XOR,'0110,8,NOR,'0001,142,no
4,p AND NOT q,'0100,14,CONVERSE (q -> p),'1101,5,XOR,'0110,10,XNOR,'1001,141,no
4,p AND NOT q,'0100,15,TRUE,'1111,5,XOR,'0110,10,XNOR,'1001,140,yes
4,p AND NOT q,'0100,0,FALSE,'0000,6,P,'1100,0,FALSE,'0000,1,yes
4,p AND NOT q,'0100,1,q AND NOT p,'0010,6,P,'1100,1,q AND NOT p,'0010,139,no
4,p AND NOT q,'0100,2,AND,'1000,6,P,'1100,0,FALSE,'0000,138,no
4,p AND NOT q,'0100,3,Q,'1010,6,P,'1100,1,q AND NOT p,'0010,137,no
4,p AND NOT q,'0100,4,p AND NOT q,'0100,6,P,'1100,0,FALSE,'0000,136,no
4,p AND NOT q,'0100,5,XOR,'0110,6,P,'1100,1,q AND NOT p,'0010,135,no
4,p AND NOT q,'0100,6,P,'1100,6,P,'1100,0,FALSE,'0000,134,no
4,p AND NOT q,'0100,7,OR,'1110,6,P,'1100,1,q AND NOT p,'0010,133,no
4,p AND NOT q,'0100,8,NOR,'0001,6,P,'1100,8,NOR,'0001,132,no
4,p AND NOT q,'0100,9,NOT P,'0011,6,P,'1100,9,NOT P,'0011,131,no
4,p AND NOT q,'0100,10,XNOR,'1001,6,P,'1100,8,NOR,'0001,130,no
4,p AND NOT q,'0100,11,IMPLIES (p -> q),'1011,6,P,'1100,9,NOT P,'0011,129,no
4,p AND NOT q,'0100,12,NOT Q,'0101,6,P,'1100,8,NOR,'0001,128,no
4,p AND NOT q,'0100,13,NAND,'0111,6,P,'1100,9,NOT P,'0011,127,no
4,p AND NOT q,'0100,14,CONVERSE (q -> p),'1101,6,P,'1100,8,NOR,'0001,126,no
4,p AND NOT q,'0100,15,TRUE,'1111,6,P,'1100,9,NOT P,'0011,125,yes
4,p AND NOT q,'0100,0,FALSE,'0000,7,OR,'1110,0,FALSE,'0000,1,yes
4,p AND NOT q,'0100,1,q AND NOT p,'0010,7,OR,'1110,0,FALSE,'0000,124,no
4,p AND NOT q,'0100,2,AND,'1000,7,OR,'1110,0,FALSE,'0000,123,no
4,p AND NOT q,'0100,3,Q,'1010,7,OR,'1110,0,FALSE,'0000,122,no
4,p AND NOT q,'0100,4,p AND NOT q,'0100,7,OR,'1110,0,FALSE,'0000,121,no
4,p AND NOT q,'0100,5,XOR,'0110,7,OR,'1110,0,FALSE,'0000,120,no
4,p AND NOT q,'0100,6,P,'1100,7,OR,'1110,0,FALSE,'0000,119,no
4,p AND NOT q,'0100,7,OR,'1110,7,OR,'1110,0,FALSE,'0000,118,no
4,p AND NOT q,'0100,8,NOR,'0001,7,OR,'1110,8,NOR,'0001,117,no
4,p AND NOT q,'0100,9,NOT P,'0011,7,OR,'1110,8,NOR,'0001,116,no
4,p AND NOT q,'0100,10,XNOR,'1001,7,OR,'1110,8,NOR,'0001,115,no
4,p AND NOT q,'0100,11,IMPLIES (p -> q),'1011,7,OR,'1110,8,NOR,'0001,114,no
4,p AND NOT q,'0100,12,NOT Q,'0101,7,OR,'1110,8,NOR,'0001,113,no
4,p AND NOT q,'0100,13,NAND,'0111,7,OR,'1110,8,NOR,'0001,112,no
4,p AND NOT q,'0100,14,CONVERSE (q -> p),'1101,7,OR,'1110,8,NOR,'0001,111,no
4,p AND NOT q,'0100,15,TRUE,'1111,7,OR,'1110,8,NOR,'0001,110,yes
4,p AND NOT q,'0100,0,FALSE,'0000,8,NOR,'0001,0,FALSE,'0000,1,yes
4,p AND NOT q,'0100,1,q AND NOT p,'0010,8,NOR,'0001,1,q AND NOT p,'0010,109,no
4,p AND NOT q,'0100,2,AND,'1000,8,NOR,'0001,2,AND,'1000,108,no
4,p AND NOT q,'0100,3,Q,'1010,8,NOR,'0001,3,Q,'1010,107,no
4,p AND NOT q,'0100,4,p AND NOT q,'0100,8,NOR,'0001,4,p AND NOT q,'0100,106,no
4,p AND NOT q,'0100,5,XOR,'0110,8,NOR,'0001,5,XOR,'0110,105,no
4,p AND NOT q,'0100,6,P,'1100,8,NOR,'0001,6,P,'1100,104,no
4,p AND NOT q,'0100,7,OR,'1110,8,NOR,'0001,7,OR,'1110,103,no
4,p AND NOT q,'0100,8,NOR,'0001,8,NOR,'0001,0,FALSE,'0000,102,no
4,p AND NOT q,'0100,9,NOT P,'0011,8,NOR,'0001,1,q AND NOT p,'0010,101,no
4,p AND NOT q,'0100,10,XNOR,'1001,8,NOR,'0001,2,AND,'1000,100,no
4,p AND NOT q,'0100,11,IMPLIES (p -> q),'1011,8,NOR,'0001,3,Q,'1010,99,no
4,p AND NOT q,'0100,12,NOT Q,'0101,8,NOR,'0001,4,p AND NOT q,'0100,98,no
4,p AND NOT q,'0100,13,NAND,'0111,8,NOR,'0001,5,XOR,'0110,97,no
4,p AND NOT q,'0100,14,CONVERSE (q -> p),'1101,8,NOR,'0001,6,P,'1100,96,no
4,p AND NOT q,'0100,15,TRUE,'1111,8,NOR,'0001,7,OR,'1110,95,yes
4,p AND NOT q,'0100,0,FALSE,'0000,9,NOT P,'0011,0,FALSE,'0000,1,yes
4,p AND NOT q,'0100,1,q AND NOT p,'0010,9,NOT P,'0011,0,FALSE,'0000,94,no
4,p AND NOT q,'0100,2,AND,'1000,9,NOT P,'0011,2,AND,'1000,93,no
4,p AND NOT q,'0100,3,Q,'1010,9,NOT P,'0011,2,AND,'1000,92,no
4,p AND NOT q,'0100,4,p AND NOT q,'0100,9,NOT P,'0011,4,p AND NOT q,'0100,91,no
4,p AND NOT q,'0100,5,XOR,'0110,9,NOT P,'0011,4,p AND NOT q,'0100,90,no
4,p AND NOT q,'0100,6,P,'1100,9,NOT P,'0011,6,P,'1100,89,no
4,p AND NOT q,'0100,7,OR,'1110,9,NOT P,'0011,6,P,'1100,88,no
4,p AND NOT q,'0100,8,NOR,'0001,9,NOT P,'0011,0,FALSE,'0000,87,no
4,p AND NOT q,'0100,9,NOT P,'0011,9,NOT P,'0011,0,FALSE,'0000,86,no
4,p AND NOT q,'0100,10,XNOR,'1001,9,NOT P,'0011,2,AND,'1000,85,no
4,p AND NOT q,'0100,11,IMPLIES (p -> q),'1011,9,NOT P,'0011,2,AND,'1000,84,no
4,p AND NOT q,'0100,12,NOT Q,'0101,9,NOT P,'0011,4,p AND NOT q,'0100,83,no
4,p AND NOT q,'0100,13,NAND,'0111,9,NOT P,'0011,4,p AND NOT q,'0100,82,no
4,p AND NOT q,'0100,14,CONVERSE (q -> p),'1101,9,NOT P,'0011,6,P,'1100,81,no
4,p AND NOT q,'0100,15,TRUE,'1111,9,NOT P,'0011,6,P,'1100,80,yes
4,p AND NOT q,'0100,0,FALSE,'0000,10,XNOR,'1001,0,FALSE,'0000,1,yes
4,p AND NOT q,'0100,1,q AND NOT p,'0010,10,XNOR,'1001,1,q AND NOT p,'0010,79,no
4,p AND NOT q,'0100,2,AND,'1000,10,XNOR,'1001,0,FALSE,'0000,78,no
4,p AND NOT q,'0100,3,Q,'1010,10,XNOR,'1001,1,q AND NOT p,'0010,77,no
4,p AND NOT q,'0100,4,p AND NOT q,'0100,10,XNOR,'1001,4,p AND NOT q,'0100,76,no
4,p AND NOT q,'0100,5,XOR,'0110,10,XNOR,'1001,5,XOR,'0110,75,no
4,p AND NOT q,'0100,6,P,'1100,10,XNOR,'1001,4,p AND NOT q,'0100,74,no
4,p AND NOT q,'0100,7,OR,'1110,10,XNOR,'1001,5,XOR,'0110,73,no
4,p AND NOT q,'0100,8,NOR,'0001,10,XNOR,'1001,0,FALSE,'0000,72,no
4,p AND NOT q,'0100,9,NOT P,'0011,10,XNOR,'1001,1,q AND NOT p,'0010,71,no
4,p AND NOT q,'0100,10,XNOR,'1001,10,XNOR,'1001,0,FALSE,'0000,70,no
4,p AND NOT q,'0100,11,IMPLIES (p -> q),'1011,10,XNOR,'1001,1,q AND NOT p,'0010,69,no
4,p AND NOT q,'0100,12,NOT Q,'0101,10,XNOR,'1001,4,p AND NOT q,'0100,68,no
4,p AND NOT q,'0100,13,NAND,'0111,10,XNOR,'1001,5,XOR,'0110,67,no
4,p AND NOT q,'0100,14,CONVERSE (q -> p),'1101,10,XNOR,'1001,4,p AND NOT q,'0100,66,no
4,p AND NOT q,'0100,15,TRUE,'1111,10,XNOR,'1001,5,XOR,'0110,65,yes
4,p AND NOT q,'0100,0,FALSE,'0000,11,IMPLIES (p -> q),'1011,0,FALSE,'0000,1,yes
4,p AND NOT q,'0100,1,q AND NOT p,'0010,11,IMPLIES (p -> q),'1011,0,FALSE,'0000,64,no
4,p AND NOT q,'0100,2,AND,'1000,11,IMPLIES (p -> q),'1011,0,FALSE,'0000,63,no
4,p AND NOT q,'0100,3,Q,'1010,11,IMPLIES (p -> q),'1011,0,FALSE,'0000,62,no
4,p AND NOT q,'0100,4,p AND NOT q,'0100,11,IMPLIES (p -> q),'1011,4,p AND NOT q,'0100,61,no
4,p AND NOT q,'0100,5,XOR,'0110,11,IMPLIES (p -> q),'1011,4,p AND NOT q,'0100,60,no
4,p AND NOT q,'0100,6,P,'1100,11,IMPLIES (p -> q),'1011,4,p AND NOT q,'0100,59,no
4,p AND NOT q,'0100,7,OR,'1110,11,IMPLIES (p -> q),'1011,4,p AND NOT q,'0100,58,no
4,p AND NOT q,'0100,8,NOR,'0001,11,IMPLIES (p -> q),'1011,0,FALSE,'0000,57,no
4,p AND NOT q,'0100,9,NOT P,'0011,11,IMPLIES (p -> q),'1011,0,FALSE,'0000,56,no
4,p AND NOT q,'0100,10,XNOR,'1001,11,IMPLIES (p -> q),'1011,0,FALSE,'0000,55,no
4,p AND NOT q,'0100,11,IMPLIES (p -> q),'1011,11,IMPLIES (p -> q),'1011,0,FALSE,'0000,54,no
4,p AND NOT q,'0100,12,NOT Q,'0101,11,IMPLIES (p -> q),'1011,4,p AND NOT q,'0100,53,no
4,p AND NOT q,'0100,13,NAND,'0111,11,IMPLIES (p -> q),'1011,4,p AND NOT q,'0100,52,no
4,p AND NOT q,'0100,14,CONVERSE (q -> p),'1101,11,IMPLIES (p -> q),'1011,4,p AND NOT q,'0100,51,no
4,p AND NOT q,'0100,15,TRUE,'1111,11,IMPLIES (p -> q),'1011,4,p AND NOT q,'0100,50,yes
4,p AND NOT q,'0100,0,FALSE,'0000,12,NOT Q,'0101,0,FALSE,'0000,1,yes
4,p AND NOT q,'0100,1,q AND NOT p,'0010,12,NOT Q,'0101,1,q AND NOT p,'0010,49,no
4,p AND NOT q,'0100,2,AND,'1000,12,NOT Q,'0101,2,AND,'1000,48,no
4,p AND NOT q,'0100,3,Q,'1010,12,NOT Q,'0101,3,Q,'1010,47,no
4,p AND NOT q,'0100,4,p AND NOT q,'0100,12,NOT Q,'0101,0,FALSE,'0000,46,no
4,p AND NOT q,'0100,5,XOR,'0110,12,NOT Q,'0101,1,q AND NOT p,'0010,45,no
4,p AND NOT q,'0100,6,P,'1100,12,NOT Q,'0101,2,AND,'1000,22,yes
4,p AND NOT q,'0100,7,OR,'1110,12,NOT Q,'0101,3,Q,'1010,44,no
4,p AND NOT q,'0100,8,NOR,'0001,12,NOT Q,'0101,0,FALSE,'0000,43,no
4,p AND NOT q,'0100,9,NOT P,'0011,12,NOT Q,'0101,1,q AND NOT p,'0010,7,yes
4,p AND NOT q,'0100,10,XNOR,'1001,12,NOT Q,'0101,2,AND,'1000,42,no
4,p AND NOT q,'0100,11,IMPLIES (p -> q),'1011,12,NOT Q,'0101,3,Q,'1010,41,no
4,p AND NOT q,'0100,12,NOT Q,'0101,12,NOT Q,'0101,0,FALSE,'0000,40,no
4,p AND NOT q,'0100,13,NAND,'0111,12,NOT Q,'0101,1,q AND NOT p,'0010,39,no
4,p AND NOT q,'0100,14,CONVERSE (q -> p),'1101,12,NOT Q,'0101,2,AND,'1000,38,no
4,p AND NOT q,'0100,15,TRUE,'1111,12,NOT Q,'0101,3,Q,'1010,37,yes
4,p AND NOT q,'0100,0,FALSE,'0000,13,NAND,'0111,0,FALSE,'0000,1,yes
4,p AND NOT q,'0100,1,q AND NOT p,'0010,13,NAND,'0111,0,FALSE,'0000,36,no
4,p AND NOT q,'0100,2,AND,'1000,13,NAND,'0111,2,AND,'1000,35,no
4,p AND NOT q,'0100,3,Q,'1010,13,NAND,'0111,2,AND,'1000,34,no
4,p AND NOT q,'0100,4,p AND NOT q,'0100,13,NAND,'0111,0,FALSE,'0000,33,no
4,p AND NOT q,'0100,5,XOR,'0110,13,NAND,'0111,0,FALSE,'0000,32,no
4,p AND NOT q,'0100,6,P,'1100,13,NAND,'0111,2,AND,'1000,31,no
4,p AND NOT q,'0100,7,OR,'1110,13,NAND,'0111,2,AND,'1000,30,no
4,p AND NOT q,'0100,8,NOR,'0001,13,NAND,'0111,0,FALSE,'0000,29,no
4,p AND NOT q,'0100,9,NOT P,'0011,13,NAND,'0111,0,FALSE,'0000,28,no
4,p AND NOT q,'0100,10,XNOR,'1001,13,NAND,'0111,2,AND,'1000,27,no
4,p AND NOT q,'0100,11,IMPLIES (p -> q),'1011,13,NAND,'0111,2,AND,'1000,26,no
4,p AND NOT q,'0100,12,NOT Q,'0101,13,NAND,'0111,0,FALSE,'0000,25,no
4,p AND NOT q,'0100,13,NAND,'0111,13,NAND,'0111,0,FALSE,'0000,24,no
4,p AND NOT q,'0100,14,CONVERSE (q -> p),'1101,13,NAND,'0111,2,AND,'1000,23,no
4,p AND NOT q,'0100,15,TRUE,'1111,13,NAND,'0111,2,AND,'1000,22,yes
4,p AND NOT q,'0100,0,FALSE,'0000,14,CONVERSE (q -> p),'1101,0,FALSE,'0000,1,yes
4,p AND NOT q,'0100,1,q AND NOT p,'0010,14,CONVERSE (q -> p),'1101,1,q AND NOT p,'0010,21,no
4,p AND NOT q,'0100,2,AND,'1000,14,CONVERSE (q -> p),'1101,0,FALSE,'0000,20,no
4,p AND NOT q,'0100,3,Q,'1010,14,CONVERSE (q -> p),'1101,1,q AND NOT p,'0010,19,no
4,p AND NOT q,'0100,4,p AND NOT q,'0100,14,CONVERSE (q -> p),'1101,0,FALSE,'0000,18,no
4,p AND NOT q,'0100,5,XOR,'0110,14,CONVERSE (q -> p),'1101,1,q AND NOT p,'0010,17,no
4,p AND NOT q,'0100,6,P,'1100,14,CONVERSE (q -> p),'1101,0,FALSE,'0000,16,no
4,p AND NOT q,'0100,7,OR,'1110,14,CONVERSE (q -> p),'1101,1,q AND NOT p,'0010,15,no
4,p AND NOT q,'0100,8,NOR,'0001,14,CONVERSE (q -> p),'1101,0,FALSE,'0000,14,no
4,p AND NOT q,'0100,9,NOT P,'0011,14,CONVERSE (q -> p),'1101,1,q AND NOT p,'0010,13,no
4,p AND NOT q,'0100,10,XNOR,'1001,14,CONVERSE (q -> p),'1101,0,FALSE,'0000,12,no
4,p AND NOT q,'0100,11,IMPLIES (p -> q),'1011,14,CONVERSE (q -> p),'1101,1,q AND NOT p,'0010,11,no
4,p AND NOT q,'0100,12,NOT Q,'0101,14,CONVERSE (q -> p),'1101,0,FALSE,'0000,10,no
4,p AND NOT q,'0100,13,NAND,'0111,14,CONVERSE (q -> p),'1101,1,q AND NOT p,'0010,9,no
4,p AND NOT q,'0100,14,CONVERSE (q -> p),'1101,14,CONVERSE (q -> p),'1101,0,FALSE,'0000,8,no
4,p AND NOT q,'0100,15,TRUE,'1111,14,CONVERSE (q -> p),'1101,1,q AND NOT p,'0010,7,yes
4,p AND NOT q,'0100,0,FALSE,'0000,15,TRUE,'1111,0,FALSE,'0000,1,yes
4,p AND NOT q,'0100,1,q AND NOT p,'0010,15,TRUE,'1111,0,FALSE,'0000,2,no
4,p AND NOT q,'0100,2,AND,'1000,15,TRUE,'1111,0,FALSE,'0000,3,no
4,p AND NOT q,'0100,3,Q,'1010,15,TRUE,'1111,0,FALSE,'0000,4,no
4,p AND NOT q,'0100,4,p AND NOT q,'0100,15,TRUE,'1111,0,FALSE,'0000,3,no
4,p AND NOT q,'0100,5,XOR,'0110,15,TRUE,'1111,0,FALSE,'0000,5,no
4,p AND NOT q,'0100,6,P,'1100,15,TRUE,'1111,0,FALSE,'0000,6,no
4,p AND NOT q,'0100,7,OR,'1110,15,TRUE,'1111,0,FALSE,'0000,2,no
4,p AND NOT q,'0100,8,NOR,'0001,15,TRUE,'1111,0,FALSE,'0000,2,no
4,p AND NOT q,'0100,9,NOT P,'0011,15,TRUE,'1111,0,FALSE,'0000,6,no
4,p AND NOT q,'0100,10,XNOR,'1001,15,TRUE,'1111,0,FALSE,'0000,5,no
4,p AND NOT q,'0100,11,IMPLIES (p -> q),'1011,15,TRUE,'1111,0,FALSE,'0000,3,no
4,p AND NOT q,'0100,12,NOT Q,'0101,15,TRUE,'1111,0,FALSE,'0000,4,no
4,p AND NOT q,'0100,13,NAND,'0111,15,TRUE,'1111,0,FALSE,'0000,3,no
4,p AND NOT q,'0100,14,CONVERSE (q -> p),'1101,15,TRUE,'1111,0,FALSE,'0000,2,no
4,p AND NOT q,'0100,15,TRUE,'1111,15,TRUE,'1111,0,FALSE,'0000,1,yes
5,XOR,'0110,0,FALSE,'0000,0,FALSE,'0000,0,FALSE,'0000,1,yes
5,XOR,'0110,1,q AND NOT p,'0010,0,FALSE,'0000,1,q AND NOT p,'0010,7,yes
5,XOR,'0110,2,AND,'1000,0,FALSE,'0000,2,AND,'1000,22,yes
5,XOR,'0110,3,Q,'1010,0,FALSE,'0000,3,Q,'1010,37,yes
5,XOR,'0110,4,p AND NOT q,'0100,0,FALSE,'0000,4,p AND NOT q,'0100,50,yes
5,XOR,'0110,5,XOR,'0110,0,FALSE,'0000,5,XOR,'0110,65,yes
5,XOR,'0110,6,P,'1100,0,FALSE,'0000,6,P,'1100,80,yes
5,XOR,'0110,7,OR,'1110,0,FALSE,'0000,7,OR,'1110,95,yes
5,XOR,'0110,8,NOR,'0001,0,FALSE,'0000,8,NOR,'0001,110,yes
5,XOR,'0110,9,NOT P,'0011,0,FALSE,'0000,9,NOT P,'0011,125,yes
5,XOR,'0110,10,XNOR,'1001,0,FALSE,'0000,10,XNOR,'1001,140,yes
5,XOR,'0110,11,IMPLIES (p -> q),'1011,0,FALSE,'0000,11,IMPLIES (p -> q),'1011,155,yes
5,XOR,'0110,12,NOT Q,'0101,0,FALSE,'0000,12,NOT Q,'0101,170,yes
5,XOR,'0110,13,NAND,'0111,0,FALSE,'0000,13,NAND,'0111,183,yes
5,XOR,'0110,14,CONVERSE (q -> p),'1101,0,FALSE,'0000,14,CONVERSE (q -> p),'1101,198,yes
5,XOR,'0110,15,TRUE,'1111,0,FALSE,'0000,15,TRUE,'1111,213,yes
5,XOR,'0110,0,FALSE,'0000,1,q AND NOT p,'0010,1,q AND NOT p,'0010,7,yes
5,XOR,'0110,1,q AND NOT p,'0010,1,q AND NOT p,'0010,0,FALSE,'0000,214,no
5,XOR,'0110,2,AND,'1000,1,q AND NOT p,'0010,3,Q,'1010,215,no
5,XOR,'0110,3,Q,'1010,1,q AND NOT p,'0010,2,AND,'1000,216,no
5,XOR,'0110,4,p AND NOT q,'0100,1,q AND NOT p,'0010,5,XOR,'0110,217,no
5,XOR,'0110,5,XOR,'0110,1,q AND NOT p,'0010,4,p AND NOT q,'0100,218,no
5,XOR,'0110,6,P,'1100,1,q AND NOT p,'0010,7,OR,'1110,219,no
5,XOR,'0110,7,OR,'1110,1,q AND NOT p,'0010,6,P,'1100,220,no
5,XOR,'0110,8,NOR,'0001,1,q AND NOT p,'0010,9,NOT P,'0011,221,no
5,XOR,'0110,9,NOT P,'0011,1,q AND NOT p,'0010,8,NOR,'0001,222,no
5,XOR,'0110,10,XNOR,'1001,1,q AND NOT p,'0010,11,IMPLIES (p -> q),'1011,223,no
5,XOR,'0110,11,IMPLIES (p -> q),'1011,1,q AND NOT p,'0010,10,XNOR,'1001,224,no
5,XOR,'0110,12,NOT Q,'0101,1,q AND NOT p,'0010,13,NAND,'0111,225,no
5,XOR,'0110,13,NAND,'0111,1,q AND NOT p,'0010,12,NOT Q,'0101,226,no
5,XOR,'0110,14,CONVERSE (q -> p),'1101,1,q AND NOT p,'0010,15,TRUE,'1111,227,no
5,XOR,'0110,15,TRUE,'1111,1,q AND NOT p,'0010,14,CONVERSE (q -> p),'1101,198,yes
5,XOR,'0110,0,FALSE,'0000,2,AND,'1000,2,AND,'1000,22,yes
5,XOR,'0110,1,q AND NOT p,'0010,2,AND,'1000,3,Q,'1010,228,no
5,XOR,'0110,2,AND,'1000,2,AND,'1000,0,FALSE,'0000,229,no
5,XOR,'0110,3,Q,'1010,2,AND,'1000,1,q AND NOT p,'0010,230,no
5,XOR,'0110,4,p AND NOT q,'0100,2,AND,'1000,6,P,'1100,231,no
5,XOR,'0110,5,XOR,'0110,2,AND,'1000,7,OR,'1110,232,no
5,XOR,'0110,6,P,'1100,2,AND,'1000,4,p AND NOT q,'0100,233,no
5,XOR,'0110,7,OR,'1110,2,AND,'1000,5,XOR,'0110,234,no
5,XOR,'0110,8,NOR,'0001,2,AND,'1000,10,XNOR,'1001,235,no
5,XOR,'0110,9,NOT P,'0011,2,AND,'1000,11,IMPLIES (p -> q),'1011,236,no
5,XOR,'0110,10,XNOR,'1001,2,AND,'1000,8,NOR,'0001,237,no
5,XOR,'0110,11,IMPLIES (p -> q),'1011,2,AND,'1000,9,NOT P,'0011,238,no
5,XOR,'0110,12,NOT Q,'0101,2,AND,'1000,14,CONVERSE (q -> p),'1101,239,no
5,XOR,'0110,13,NAND,'0111,2,AND,'1000,15,TRUE,'1111,240,no
5,XOR,'0110,14,CONVERSE (q -> p),'1101,2,AND,'1000,12,NOT Q,'0101,241,no
5,XOR,'0110,15,TRUE,'1111,2,AND,'1000,13,NAND,'0111,183,yes
5,XOR,'0110,0,FALSE,'0000,3,Q,'1010,3,Q,'1010,37,yes
5,XOR,'0110,1,q AND NOT p,'0010,3,Q,'1010,2,AND,'1000,242,no
5,XOR,'0110,2,AND,'1000,3,Q,'1010,1,q AND NOT p,'0010,243,no
5,XOR,'0110,3,Q,'1010,3,Q,'1010,0,FALSE,'0000,244,no
5,XOR,'0110,4,p AND NOT q,'0100,3,Q,'1010,7,OR,'1110,245,no
5,XOR,'0110,5,XOR,'0110,3,Q,'1010,6,P,'1100,246,no
5,XOR,'0110,6,P,'1100,3,Q,'1010,5,XOR,'0110,65,yes
5,XOR,'0110,7,OR,'1110,3,Q,'1010,4,p AND NOT q,'0100,247,no
5,XOR,'0110,8,NOR,'0001,3,Q,'1010,11,IMPLIES (p -> q),'1011,248,no
5,XOR,'0110,9,NOT P,'0011,3,Q,'1010,10,XNOR,'1001,140,yes
5,XOR,'0110,10,XNOR,'1001,3,Q,'1010,9,NOT P,'0011,249,no
5,XOR,'0110,11,IMPLIES (p -> q),'1011,3,Q,'1010,8,NOR,'0001,250,no
5,XOR,'0110,12,NOT Q,'0101,3,Q,'1010,15,TRUE,'1111,251,no
5,XOR,'0110,13,NAND,'0111,3,Q,'1010,14,CONVERSE (q -> p),'1101,252,no
5,XOR,'0110,14,CONVERSE (q -> p),'1101,3,Q,'1010,13,NAND,'0111,253,no
5,XOR,'0110,15,TRUE,'1111,3,Q,'1010,12,NOT Q,'0101,170,yes
5,XOR,'0110,0,FALSE,'0000,4,p AND NOT q,'0100,4,p AND NOT q,'0100,50,yes
5,XOR,'0110,1,q AND NOT p,'0010,4,p AND NOT q,'0100,5,XOR,'0110,254,no
5,XOR,'0110,2,AND,'1000,4,p AND NOT q,'0100,6,P,'1100,255,no
5,XOR,'0110,3,Q,'1010,4,p AND NOT q,'0100,7,OR,'1110,256,no
5,XOR,'0110,4,p AND NOT q,'0100,4,p AND NOT q,'0100,0,FALSE,'0000,257,no
5,XOR,'0110,5,XOR,'0110,4,p AND NOT q,'0100,1,q AND NOT p,'0010,258,no
5,XOR,'0110,6,P,'1100,4,p AND NOT q,'0100,2,AND,'1000,259,no
5,XOR,'0110,7,OR,'1110,4,p AND NOT q,'0100,3,Q,'1010,260,no
5,XOR,'0110,8,NOR,'0001,4,p AND NOT q,'0100,12,NOT Q,'0101,261,no
5,XOR,'0110,9,NOT P,'0011,4,p AND NOT q,'0100,13,NAND,'0111,262,no
5,XOR,'0110,10,XNOR,'1001,4,p AND NOT q,'0100,14,CONVERSE (q -> p),'1101,263,no
5,XOR,'0110,11,IMPLIES (p -> q),'1011,4,p AND NOT q,'0100,15,TRUE,'1111,264,no
5,XOR,'0110,12,NOT Q,'0101,4,p AND NOT q,'0100,8,NOR,'0001,265,no
5,XOR,'0110,13,NAND,'0111,4,p AND NOT q,'0100,9,NOT P,'0011,266,no
5,XOR,'0110,14,CONVERSE (q -> p),'1101,4,p AND NOT q,'0100,10,XNOR,'1001,267,no
5,XOR,'0110,15,TRUE,'1111,4,p AND NOT q,'0100,11,IMPLIES (p -> q),'1011,155,yes
5,XOR,'0110,0,FALSE,'0000,5,XOR,'0110,5,XOR,'0110,65,yes
5,XOR,'0110,1,q AND NOT p,'0010,5,XOR,'0110,4,p AND NOT q,'0100,268,no
5,XOR,'0110,2,AND,'1000,5,XOR,'0110,7,OR,'1110,269,no
5,XOR,'0110,3,Q,'1010,5,XOR,'0110,6,P,'1100,270,no
5,XOR,'0110,4,p AND NOT q,'0100,5,XOR,'0110,1,q AND NOT p,'0010,271,no
5,XOR,'0110,5,XOR,'0110,5,XOR,'0110,0,FALSE,'0000,272,no
5,XOR,'0110,6,P,'1100,5,XOR,'0110,3,Q,'1010,273,no
5,XOR,'0110,7,OR,'1110,5,XOR,'0110,2,AND,'1000,274,no
5,XOR,'0110,8,NOR,'0001,5,XOR,'0110,13,NAND,'0111,275,no
5,XOR,'0110,9,NOT P,'0011,5,XOR,'0110,12,NOT Q,'0101,276,no
5,XOR,'0110,10,XNOR,'1001,5,XOR,'0110,15,TRUE,'1111,277,no
5,XOR,'0110,11,IMPLIES (p -> q),'1011,5,XOR,'0110,14,CONVERSE (q -> p),'1101,278,no
5,XOR,'0110,12,NOT Q,'0101,5,XOR,'0110,9,NOT P,'0011,279,no
5,XOR,'0110,13,NAND,'0111,5,XOR,'0110,8,NOR,'0001,280,no
5,XOR,'0110,14,CONVERSE (q -> p),'1101,5,XOR,'0110,11,IMPLIES (p -> q),'1011,281,no
5,XOR,'0110,15,TRUE,'1111,5,XOR,'0110,10,XNOR,'1001,140,yes
5,XOR,'0110,0,FALSE,'0000,6,P,'1100,6,P,'1100,80,yes
5,XOR,'0110,1,q AND NOT p,'0010,6,P,'1100,7,OR,'1110,282,no
5,XOR,'0110,2,AND,'1000,6,P,'1100,4,p AND NOT q,'0100,283,no
5,XOR,'0110,3,Q,'1010,6,P,'1100,5,XOR,'0110,284,no
5,XOR,'0110,4,p AND NOT q,'0100,6,P,'1100,2,AND,'1000,285,no
5,XOR,'0110,5,XOR,'0110,6,P,'1100,3,Q,'1010,286,no
5,XOR,'0110,6,P,'1100,6,P,'1100,0,FALSE,'0000,287,no
5,XOR,'0110,7,OR,'1110,6,P,'1100,1,q AND NOT p,'0010,288,no
5,XOR,'0110,8,NOR,'0001,6,P,'1100,14,CONVERSE (q -> p),'1101,289,no
5,XOR,'0110,9,NOT P,'0011,6,P,'1100,15,TRUE,'1111,290,no
5,XOR,'0110,10,XNOR,'1001,6,P,'1100,12,NOT Q,'0101,291,no
5,XOR,'0110,11,IMPLIES (p -> q),'1011,6,P,'1100,13,NAND,'0111,292,no
5,XOR,'0110,12,NOT Q,'0101,6,P,'1100,10,XNOR,'1001,293,no
5,XOR,'0110,13,NAND,'0111,6,P,'1100,11,IMPLIES (p -> q),'1011,294,no
5,XOR,'0110,14,CONVERSE (q -> p),'1101,6,P,'1100,8,NOR,'0001,295,no
5,XOR,'0110,15,TRUE,'1111,6,P,'1100,9,NOT P,'0011,125,yes
5,XOR,'0110,0,FALSE,'0000,7,OR,'1110,7,OR,'1110,95,yes
5,XOR,'0110,1,q AND NOT p,'0010,7,OR,'1110,6,P,'1100,296,no
5,XOR,'0110,2,AND,'1000,7,OR,'1110,5,XOR,'0110,297,no
5,XOR,'0110,3,Q,'1010,7,OR,'1110,4,p AND NOT q,'0100,298,no
5,XOR,'0110,4,p AND NOT q,'0100,7,OR,'1110,3,Q,'1010,299,no
5,XOR,'0110,5,XOR,'0110,7,OR,'1110,2,AND,'1000,300,no
5,XOR,'0110,6,P,'1100,7,OR,'1110,1,q AND NOT p,'0010,301,no
5,XOR,'0110,7,OR,'1110,7,OR,'1110,0,FALSE,'0000,302,no
5,XOR,'0110,8,NOR,'0001,7,OR,'1110,15,TRUE,'1111,303,no
5,XOR,'0110,9,NOT P,'0011,7,OR,'1110,14,CONVERSE (q -> p),'1101,304,no
5,XOR,'0110,10,XNOR,'1001,7,OR,'1110,13,NAND,'0111,305,no
5,XOR,'0110,11,IMPLIES (p -> q),'1011,7,OR,'1110,12,NOT Q,'0101,306,no
5,XOR,'0110,12,NOT Q,'0101,7,OR,'1110,11,IMPLIES (p -> q),'1011,307,no
5,XOR,'0110,13,NAND,'0111,7,OR,'1110,10,XNOR,'1001,308,no
5,XOR,'0110,14,CONVERSE (q -> p),'1101,7,OR,'1110,9,NOT P,'0011,309,no
5,XOR,'0110,15,TRUE,'1111,7,OR,'1110,8,NOR,'0001,110,yes
5,XOR,'0110,0,FALSE,'0000,8,NOR,'0001,8,NOR,'0001,110,yes
5,XOR,'0110,1,q AND NOT p,'0010,8,NOR,'0001,9,NOT P,'0011,309,no
5,XOR,'0110,2,AND,'1000,8,NOR,'0001,10,XNOR,'1001,308,no
5,XOR,'0110,3,Q,'1010,8,NOR,'0001,11,IMPLIES (p -> q),'1011,307,no
5,XOR,'0110,4,p AND NOT q,'0100,8,NOR,'0001,12,NOT Q,'0101,306,no
5,XOR,'0110,5,XOR,'0110,8,NOR,'0001,13,NAND,'0111,305,no
5,XOR,'0110,6,P,'1100,8,NOR,'0001,14,CONVERSE (q -> p),'1101,304,no
5,XOR,'0110,7,OR,'1110,8,NOR,'0001,15,TRUE,'1111,303,no
5,XOR,'0110,8,NOR,'0001,8,NOR,'0001,0,FALSE,'0000,302,no
5,XOR,'0110,9,NOT P,'0011,8,NOR,'0001,1,q AND NOT p,'0010,301,no
5,XOR,'0110,10,XNOR,'1001,8,NOR,'0001,2,AND,'1000,300,no
5,XOR,'0110,11,IMPLIES (p -> q),'1011,8,NOR,'0001,3,Q,'1010,299,no
5,XOR,'0110,12,NOT Q,'0101,8,NOR,'0001,4,p AND NOT q,'0100,298,no
5,XOR,'0110,13,NAND,'0111,8,NOR,'0001,5,XOR,'0110,297,no
5,XOR,'0110,14,CONVERSE (q -> p),'1101,8,NOR,'0001,6,P,'1100,296,no
5,XOR,'0110,15,TRUE,'1111,8,NOR,'0001,7,OR,'1110,95,yes
5,XOR,'0110,0,FALSE,'0000,9,NOT P,'0011,9,NOT P,'0011,125,yes
5,XOR,'0110,1,q AND NOT p,'0010,9,NOT P,'0011,8,NOR,'0001,295,no
5,XOR,'0110,2,AND,'1000,9,NOT P,'0011,11,IMPLIES (p -> q),'1011,294,no
5,XOR,'0110,3,Q,'1010,9,NOT P,'0011,10,XNOR,'1001,293,no
5,XOR,'0110,4,p AND NOT q,'0100,9,NOT P,'0011,13,NAND,'0111,292,no
5,XOR,'0110,5,XOR,'0110,9,NOT P,'0011,12,NOT Q,'0101,291,no
5,XOR,'0110,6,P,'1100,9,NOT P,'0011,15,TRUE,'1111,290,no
5,XOR,'0110,7,OR,'1110,9,NOT P,'0011,14,CONVERSE (q -> p),'1101,289,no
5,XOR,'0110,8,NOR,'0001,9,NOT P,'0011,1,q AND NOT p,'0010,288,no
5,XOR,'0110,9,NOT P,'0011,9,NOT P,'0011,0,FALSE,'0000,287,no
5,XOR,'0110,10,XNOR,'1001,9,NOT P,'0011,3,Q,'1010,286,no
5,XOR,'0110,11,IMPLIES (p -> q),'1011,9,NOT P,'0011,2,AND,'1000,285,no
5,XOR,'0110,12,NOT Q,'0101,9,NOT P,'0011,5,XOR,'0110,284,no
5,XOR,'0110,13,NAND,'0111,9,NOT P,'0011,4,p AND NOT q,'0100,283,no
5,XOR,'0110,14,CONVERSE (q -> p),'1101,9,NOT P,'0011,7,OR,'1110,282,no
5,XOR,'0110,15,TRUE,'1111,9,NOT P,'0011,6,P,'1100,80,yes
5,XOR,'0110,0,FALSE,'0000,10,XNOR,'1001,10,XNOR,'1001,140,yes
5,XOR,'0110,1,q AND NOT p,'0010,10,XNOR,'1001,11,IMPLIES (p -> q),'1011,281,no
5,XOR,'0110,2,AND,'1000,10,XNOR,'1001,8,NOR,'0001,280,no
5,XOR,'0110,3,Q,'1010,10,XNOR,'1001,9,NOT P,'0011,279,no
5,XOR,'0110,4,p AND NOT q,'0100,10,XNOR,'1001,14,CONVERSE (q -> p),'1101,278,no
5,XOR,'0110,5,XOR,'0110,10,XNOR,'1001,15,TRUE,'1111,277,no
5,XOR,'0110,6,P,'1100,10,XNOR,'1001,12,NOT Q,'0101,276,no
5,XOR,'0110,7,OR,'1110,10,XNOR,'1001,13,NAND,'0111,275,no
5,XOR,'0110,8,NOR,'0001,10,XNOR,'1001,2,AND,'1000,274,no
5,XOR,'0110,9,NOT P,'0011,10,XNOR,'1001,3,Q,'1010,273,no
5,XOR,'0110,10,XNOR,'1001,10,XNOR,'1001,0,FALSE,'0000,272,no
5,XOR,'0110,11,IMPLIES (p -> q),'1011,10,XNOR,'1001,1,q AND NOT p,'0010,271,no
5,XOR,'0110,12,NOT Q,'0101,10,XNOR,'1001,6,P,'1100,270,no
5,XOR,'0110,13,NAND,'0111,10,XNOR,'1001,7,OR,'1110,269,no
5,XOR,'0110,14,CONVERSE (q -> p),'1101,10,XNOR,'1001,4,p AND NOT q,'0100,268,no
5,XOR,'0110,15,TRUE,'1111,10,XNOR,'1001,5,XOR,'0110,65,yes
5,XOR,'0110,0,FALSE,'0000,11,IMPLIES (p -> q),'1011,11,IMPLIES (p -> q),'1011,155,yes
5,XOR,'0110,1,q AND NOT p,'0010,11,IMPLIES (p -> q),'1011,10,XNOR,'1001,267,no
5,XOR,'0110,2,AND,'1000,11,IMPLIES (p -> q),'1011,9,NOT P,'0011,266,no
5,XOR,'0110,3,Q,'1010,11,IMPLIES (p -> q),'1011,8,NOR,'0001,265,no
5,XOR,'0110,4,p AND NOT q,'0100,11,IMPLIES (p -> q),'1011,15,TRUE,'1111,264,no
5,XOR,'0110,5,XOR,'0110,11,IMPLIES (p -> q),'1011,14,CONVERSE (q -> p),'1101,263,no
5,XOR,'0110,6,P,'1100,11,IMPLIES (p -> q),'1011,13,NAND,'0111,262,no
5,XOR,'0110,7,OR,'1110,11,IMPLIES (p -> q),'1011,12,NOT Q,'0101,261,no
5,XOR,'0110,8,NOR,'0001,11,IMPLIES (p -> q),'1011,3,Q,'1010,260,no
5,XOR,'0110,9,NOT P,'0011,11,IMPLIES (p -> q),'1011,2,AND,'1000,259,no
5,XOR,'0110,10,XNOR,'1001,11,IMPLIES (p -> q),'1011,1,q AND NOT p,'0010,258,no
5,XOR,'0110,11,IMPLIES (p -> q),'1011,11,IMPLIES (p -> q),'1011,0,FALSE,'0000,257,no
5,XOR,'0110,12,NOT Q,'0101,11,IMPLIES (p -> q),'1011,7,OR,'1110,256,no
5,XOR,'0110,13,NAND,'0111,11,IMPLIES (p -> q),'1011,6,P,'1100,255,no
5,XOR,'0110,14,CONVERSE (q -> p),'1101,11,IMPLIES (p -> q),'1011,5,XOR,'0110,254,no
5,XOR,'0110,15,TRUE,'1111,11,IMPLIES (p -> q),'1011,4,p AND NOT q,'0100,50,yes
5,XOR,'0110,0,FALSE,'0000,12,NOT Q,'0101,12,NOT Q,'0101,170,yes
5,XOR,'0110,1,q AND NOT p,'0010,12,NOT Q,'0101,13,NAND,'0111,253,no
5,XOR,'0110,2,AND,'1000,12,NOT Q,'0101,14,CONVERSE (q -> p),'1101,252,no
5,XOR,'0110,3,Q,'1010,12,NOT Q,'0101,15,TRUE,'1111,251,no
5,XOR,'0110,4,p AND NOT q,'0100,12,NOT Q,'0101,8,NOR,'0001,250,no
5,XOR,'0110,5,XOR,'0110,12,NOT Q,'0101,9,NOT P,'0011,249,no
5,XOR,'0110,6,P,'1100,12,NOT Q,'0101,10,XNOR,'1001,140,yes
5,XOR,'0110,7,OR,'1110,12,NOT Q,'0101,11,IMPLIES (p -> q),'1011,248,no
5,XOR,'0110,8,NOR,'0001,12,NOT Q,'0101,4,p AND NOT q,'0100,247,no
5,XOR,'0110,9,NOT P,'0011,12,NOT Q,'0101,5,XOR,'0110,65,yes
5,XOR,'0110,10,XNOR,'1001,12,NOT Q,'0101,6,P,'1100,246,no
5,XOR,'0110,11,IMPLIES (p -> q),'1011,12,NOT Q,'0101,7,OR,'1110,245,no
5,XOR,'0110,12,NOT Q,'0101,12,NOT Q,'0101,0,FALSE,'0000,244,no
5,XOR,'0110,13,NAND,'0111,12,NOT Q,'0101,1,q AND NOT p,'0010,243,no
5,XOR,'0110,14,CONVERSE (q -> p),'1101,12,NOT Q,'0101,2,AND,'1000,242,no
5,XOR,'0110,15,TRUE,'1111,12,NOT Q,'0101,3,Q,'1010,37,yes
5,XOR,'0110,0,FALSE,'0000,13,NAND,'0111,13,NAND,'0111,183,yes
5,XOR,'0110,1,q AND NOT p,'0010,13,NAND,'0111,12,NOT Q,'0101,241,no
5,XOR,'0110,2,AND,'1000,13,NAND,'0111,15,TRUE,'1111,240,no
5,XOR,'0110,3,Q,'1010,13,NAND,'0111,14,CONVERSE (q -> p),'1101,239,no
5,XOR,'0110,4,p AND NOT q,'0100,13,NAND,'0111,9,NOT P,'0011,238,no
5,XOR,'0110,5,XOR,'0110,13,NAND,'0111,8,NOR,'0001,237,no
5,XOR,'0110,6,P,'1100,13,NAND,'0111,11,IMPLIES (p -> q),'1011,236,no
5,XOR,'0110,7,OR,'1110,13,NAND,'0111,10,XNOR,'1001,235,no
5,XOR,'0110,8,NOR,'0001,13,NAND,'0111,5,XOR,'0110,234,no
5,XOR,'0110,9,NOT P,'0011,13,NAND,'0111,4,p AND NOT q,'0100,233,no
5,XOR,'0110,10,XNOR,'1001,13,NAND,'0111,7,OR,'1110,232,no
5,XOR,'0110,11,IMPLIES (p -> q),'1011,13,NAND,'0111,6,P,'1100,231,no
5,XOR,'0110,12,NOT Q,'0101,13,NAND,'0111,1,q AND NOT p,'0010,230,no
5,XOR,'0110,13,NAND,'0111,13,NAND,'0111,0,FALSE,'0000,229,no
5,XOR,'0110,14,CONVERSE (q -> p),'1101,13,NAND,'0111,3,Q,'1010,228,no
5,XOR,'0110,15,TRUE,'1111,13,NAND,'0111,2,AND,'1000,22,yes
5,XOR,'0110,0,FALSE,'0000,14,CONVERSE (q -> p),'1101,14,CONVERSE (q -> p),'1101,198,yes
5,XOR,'0110,1,q AND NOT p,'0010,14,CONVERSE (q -> p),'1101,15,TRUE,'1111,227,no
5,XOR,'0110,2,AND,'1000,14,CONVERSE (q -> p),'1101,12,NOT Q,'0101,226,no
5,XOR,'0110,3,Q,'1010,14,CONVERSE (q -> p),'1101,13,NAND,'0111,225,no
5,XOR,'0110,4,p AND NOT q,'0100,14,CONVERSE (q -> p),'1101,10,XNOR,'1001,224,no
5,XOR,'0110,5,XOR,'0110,14,CONVERSE (q -> p),'1101,11,IMPLIES (p -> q),'1011,223,no
5,XOR,'0110,6,P,'1100,14,CONVERSE (q -> p),'1101,8,NOR,'0001,222,no
5,XOR,'0110,7,OR,'1110,14,CONVERSE (q -> p),'1101,9,NOT P,'0011,221,no
5,XOR,'0110,8,NOR,'0001,14,CONVERSE (q -> p),'1101,6,P,'1100,220,no
5,XOR,'0110,9,NOT P,'0011,14,CONVERSE (q -> p),'1101,7,OR,'1110,219,no
5,XOR,'0110,10,XNOR,'1001,14,CONVERSE (q -> p),'1101,4,p AND NOT q,'0100,218,no
5,XOR,'0110,11,IMPLIES (p -> q),'1011,14,CONVERSE (q -> p),'1101,5,XOR,'0110,217,no
5,XOR,'0110,12,NOT Q,'0101,14,CONVERSE (q -> p),'1101,2,AND,'1000,216,no
5,XOR,'0110,13,NAND,'0111,14,CONVERSE (q -> p),'1101,3,Q,'1010,215,no
5,XOR,'0110,14,CONVERSE (q -> p),'1101,14,CONVERSE (q -> p),'1101,0,FALSE,'0000,214,no
5,XOR,'0110,15,TRUE,'1111,14,CONVERSE (q -> p),'1101,1,q AND NOT p,'0010,7,yes
5,XOR,'0110,0,FALSE,'0000,15,TRUE,'1111,15,TRUE,'1111,213,yes
5,XOR,'0110,1,q AND NOT p,'0010,15,TRUE,'1111,14,CONVERSE (q -> p),'1101,198,yes
5,XOR,'0110,2,AND,'1000,15,TRUE,'1111,13,NAND,'0111,183,yes
5,XOR,'0110,3,Q,'1010,15,TRUE,'1111,12,NOT Q,'0101,170,yes
5,XOR,'0110,4,p AND NOT q,'0100,15,TRUE,'1111,11,IMPLIES (p -> q),'1011,155,yes
5,XOR,'0110,5,XOR,'0110,15,TRUE,'1111,10,XNOR,'1001,140,yes
5,XOR,'0110,6,P,'1100,15,TRUE,'1111,9,NOT P,'0011,125,yes
5,XOR,'0110,7,OR,'1110,15,TRUE,'1111,8,NOR,'0001,110,yes
5,XOR,'0110,8,NOR,'0001,15,TRUE,'1111,7,OR,'1110,95,yes
5,XOR,'0110,9,NOT P,'0011,15,TRUE,'1111,6,P,'1100,80,yes
5,XOR,'0110,10,XNOR,'1001,15,TRUE,'1111,5,XOR,'0110,65,yes
5,XOR,'0110,11,IMPLIES (p -> q),'1011,15,TRUE,'1111,4,p AND NOT q,'0100,50,yes
5,XOR,'0110,12,NOT Q,'0101,15,TRUE,'1111,3,Q,'1010,37,yes
5,XOR,'0110,13,NAND,'0111,15,TRUE,'1111,2,AND,'1000,22,yes
5,XOR,'0110,14,CONVERSE (q -> p),'1101,15,TRUE,'1111,1,q AND NOT p,'0010,7,yes
5,XOR,'0110,15,TRUE,'1111,15,TRUE,'1111,0,FALSE,'0000,1,yes
6,P,'1100,0,FALSE,'0000,0,FALSE,'0000,0,FALSE,'0000,1,yes
6,P,'1100,1,q AND NOT p,'0010,0,FALSE,'0000,1,q AND NOT p,'0010,7,yes
6,P,'1100,2,AND,'1000,0,FALSE,'0000,2,AND,'1000,22,yes
6,P,'1100,3,Q,'1010,0,FALSE,'0000,3,Q,'1010,37,yes
6,P,'1100,4,p AND NOT q,'0100,0,FALSE,'0000,4,p AND NOT q,'0100,50,yes
6,P,'1100,5,XOR,'0110,0,FALSE,'0000,5,XOR,'0110,65,yes
6,P,'1100,6,P,'1100,0,FALSE,'0000,6,P,'1100,80,yes
6,P,'1100,7,OR,'1110,0,FALSE,'0000,7,OR,'1110,95,yes
6,P,'1100,8,NOR,'0001,0,FALSE,'0000,8,NOR,'0001,110,yes
6,P,'1100,9,NOT P,'0011,0,FALSE,'0000,9,NOT P,'0011,125,yes
6,P,'1100,10,XNOR,'1001,0,FALSE,'0000,10,XNOR,'1001,140,yes
6,P,'1100,11,IMPLIES (p -> q),'1011,0,FALSE,'0000,11,IMPLIES (p -> q),'1011,155,yes
6,P,'1100,12,NOT Q,'0101,0,FALSE,'0000,12,NOT Q,'0101,170,yes
6,P,'1100,13,NAND,'0111,0,FALSE,'0000,13,NAND,'0111,183,yes
6,P,'1100,14,CONVERSE (q -> p),'1101,0,FALSE,'0000,14,CONVERSE (q -> p),'1101,198,yes
6,P,'1100,15,TRUE,'1111,0,FALSE,'0000,15,TRUE,'1111,213,yes
6,P,'1100,0,FALSE,'0000,1,q AND NOT p,'0010,0,FALSE,'0000,1,yes
6,P,'1100,1,q AND NOT p,'0010,1,q AND NOT p,'0010,1,q AND NOT p,'0010,7,yes
6,P,'1100,2,AND,'1000,1,q AND NOT p,'0010,2,AND,'1000,22,yes
6,P,'1100,3,Q,'1010,1,q AND NOT p,'0010,3,Q,'1010,37,yes
6,P,'1100,4,p AND NOT q,'0100,1,q AND NOT p,'0010,4,p AND NOT q,'0100,50,yes
6,P,'1100,5,XOR,'0110,1,q AND NOT p,'0010,5,XOR,'0110,65,yes
6,P,'1100,6,P,'1100,1,q AND NOT p,'0010,6,P,'1100,80,yes
6,P,'1100,7,OR,'1110,1,q AND NOT p,'0010,7,OR,'1110,95,yes
6,P,'1100,8,NOR,'0001,1,q AND NOT p,'0010,8,NOR,'0001,110,yes
6,P,'1100,9,NOT P,'0011,1,q AND NOT p,'0010,9,NOT P,'0011,125,yes
6,P,'1100,10,XNOR,'1001,1,q AND NOT p,'0010,10,XNOR,'1001,140,yes
6,P,'1100,11,IMPLIES (p -> q),'1011,1,q AND NOT p,'0010,11,IMPLIES (p -> q),'1011,155,yes
6,P,'1100,12,NOT Q,'0101,1,q AND NOT p,'0010,12,NOT Q,'0101,170,yes
6,P,'1100,13,NAND,'0111,1,q AND NOT p,'0010,13,NAND,'0111,183,yes
6,P,'1100,14,CONVERSE (q -> p),'1101,1,q AND NOT p,'0010,14,CONVERSE (q -> p),'1101,198,yes
6,P,'1100,15,TRUE,'1111,1,q AND NOT p,'0010,15,TRUE,'1111,213,yes
6,P,'1100,0,FALSE,'0000,2,AND,'1000,0,FALSE,'0000,1,yes
6,P,'1100,1,q AND NOT p,'0010,2,AND,'1000,1,q AND NOT p,'0010,7,yes
6,P,'1100,2,AND,'1000,2,AND,'1000,2,AND,'1000,22,yes
6,P,'1100,3,Q,'1010,2,AND,'1000,3,Q,'1010,37,yes
6,P,'1100,4,p AND NOT q,'0100,2,AND,'1000,4,p AND NOT q,'0100,50,yes
6,P,'1100,5,XOR,'0110,2,AND,'1000,5,XOR,'0110,65,yes
6,P,'1100,6,P,'1100,2,AND,'1000,6,P,'1100,80,yes
6,P,'1100,7,OR,'1110,2,AND,'1000,7,OR,'1110,95,yes
6,P,'1100,8,NOR,'0001,2,AND,'1000,8,NOR,'0001,110,yes
6,P,'1100,9,NOT P,'0011,2,AND,'1000,9,NOT P,'0011,125,yes
6,P,'1100,10,XNOR,'1001,2,AND,'1000,10,XNOR,'1001,140,yes
6,P,'1100,11,IMPLIES (p -> q),'1011,2,AND,'1000,11,IMPLIES (p -> q),'1011,155,yes
6,P,'1100,12,NOT Q,'0101,2,AND,'1000,12,NOT Q,'0101,170,yes
6,P,'1100,13,NAND,'0111,2,AND,'1000,13,NAND,'0111,183,yes
6,P,'1100,14,CONVERSE (q -> p),'1101,2,AND,'1000,14,CONVERSE (q -> p),'1101,198,yes
6,P,'1100,15,TRUE,'1111,2,AND,'1000,15,TRUE,'1111,213,yes
6,P,'1100,0,FALSE,'0000,3,Q,'1010,0,FALSE,'0000,1,yes
6,P,'1100,1,q AND NOT p,'0010,3,Q,'1010,1,q AND NOT p,'0010,7,yes
6,P,'1100,2,AND,'1000,3,Q,'1010,2,AND,'1000,22,yes
6,P,'1100,3,Q,'1010,3,Q,'1010,3,Q,'1010,37,yes
6,P,'1100,4,p AND NOT q,'0100,3,Q,'1010,4,p AND NOT q,'0100,50,yes
6,P,'1100,5,XOR,'0110,3,Q,'1010,5,XOR,'0110,65,yes
6,P,'1100,6,P,'1100,3,Q,'1010,6,P,'1100,80,yes
6,P,'1100,7,OR,'1110,3,Q,'1010,7,OR,'1110,95,yes
6,P,'1100,8,NOR,'0001,3,Q,'1010,8,NOR,'0001,110,yes
6,P,'1100,9,NOT P,'0011,3,Q,'1010,9,NOT P,'0011,125,yes
6,P,'1100,10,XNOR,'1001,3,Q,'1010,10,XNOR,'1001,140,yes
6,P,'1100,11,IMPLIES (p -> q),'1011,3,Q,'1010,11,IMPLIES (p -> q),'1011,155,yes
6,P,'1100,12,NOT Q,'0101,3,Q,'1010,12,NOT Q,'0101,170,yes
6,P,'1100,13,NAND,'0111,3,Q,'1010,13,NAND,'0111,183,yes
6,P,'1100,14,CONVERSE (q -> p),'1101,3,Q,'1010,14,CONVERSE (q -> p),'1101,198,yes
6,P,'1100,15,TRUE,'1111,3,Q,'1010,15,TRUE,'1111,213,yes
6,P,'1100,0,FALSE,'0000,4,p AND NOT q,'0100,0,FALSE,'0000,1,yes
6,P,'1100,1,q AND NOT p,'0010,4,p AND NOT q,'0100,1,q AND NOT p,'0010,7,yes
6,P,'1100,2,AND,'1000,4,p AND NOT q,'0100,2,AND,'1000,22,yes
6,P,'1100,3,Q,'1010,4,p AND NOT q,'0100,3,Q,'1010,37,yes
6,P,'1100,4,p AND NOT q,'0100,4,p AND NOT q,'0100,4,p AND NOT q,'0100,50,yes
6,P,'1100,5,XOR,'0110,4,p AND NOT q,'0100,5,XOR,'0110,65,yes
6,P,'1100,6,P,'1100,4,p AND NOT q,'0100,6,P,'1100,80,yes
6,P,'1100,7,OR,'1110,4,p AND NOT q,'0100,7,OR,'1110,95,yes
6,P,'1100,8,NOR,'0001,4,p AND NOT q,'0100,8,NOR,'0001,110,yes
6,P,'1100,9,NOT P,'0011,4,p AND NOT q,'0100,9,NOT P,'0011,125,yes
6,P,'1100,10,XNOR,'1001,4,p AND NOT q,'0100,10,XNOR,'1001,140,yes
6,P,'1100,11,IMPLIES (p -> q),'1011,4,p AND NOT q,'0100,11,IMPLIES (p -> q),'1011,155,yes
6,P,'1100,12,NOT Q,'0101,4,p AND NOT q,'0100,12,NOT Q,'0101,170,yes
6,P,'1100,13,NAND,'0111,4,p AND NOT q,'0100,13,NAND,'0111,183,yes
6,P,'1100,14,CONVERSE (q -> p),'1101,4,p AND NOT q,'0100,14,CONVERSE (q -> p),'1101,198,yes
6,P,'1100,15,TRUE,'1111,4,p AND NOT q,'0100,15,TRUE,'1111,213,yes
6,P,'1100,0,FALSE,'0000,5,XOR,'0110,0,FALSE,'0000,1,yes
6,P,'1100,1,q AND NOT p,'0010,5,XOR,'0110,1,q AND NOT p,'0010,7,yes
6,P,'1100,2,AND,'1000,5,XOR,'0110,2,AND,'1000,22,yes
6,P,'1100,3,Q,'1010,5,XOR,'0110,3,Q,'1010,37,yes
6,P,'1100,4,p AND NOT q,'0100,5,XOR,'0110,4,p AND NOT q,'0100,50,yes
6,P,'1100,5,XOR,'0110,5,XOR,'0110,5,XOR,'0110,65,yes
6,P,'1100,6,P,'1100,5,XOR,'0110,6,P,'1100,80,yes
6,P,'1100,7,OR,'1110,5,XOR,'0110,7,OR,'1110,95,yes
6,P,'1100,8,NOR,'0001,5,XOR,'0110,8,NOR,'0001,110,yes
6,P,'1100,9,NOT P,'0011,5,XOR,'0110,9,NOT P,'0011,125,yes
6,P,'1100,10,XNOR,'1001,5,XOR,'0110,10,XNOR,'1001,140,yes
6,P,'1100,11,IMPLIES (p -> q),'1011,5,XOR,'0110,11,IMPLIES (p -> q),'1011,155,yes
6,P,'1100,12,NOT Q,'0101,5,XOR,'0110,12,NOT Q,'0101,170,yes
6,P,'1100,13,NAND,'0111,5,XOR,'0110,13,NAND,'0111,183,yes
6,P,'1100,14,CONVERSE (q -> p),'1101,5,XOR,'0110,14,CONVERSE (q -> p),'1101,198,yes
6,P,'1100,15,TRUE,'1111,5,XOR,'0110,15,TRUE,'1111,213,yes
6,P,'1100,0,FALSE,'0000,6,P,'1100,0,FALSE,'0000,1,yes
6,P,'1100,1,q AND NOT p,'0010,6,P,'1100,1,q AND NOT p,'0010,7,yes
6,P,'1100,2,AND,'1000,6,P,'1100,2,AND,'1000,22,yes
6,P,'1100,3,Q,'1010,6,P,'1100,3,Q,'1010,37,yes
6,P,'1100,4,p AND NOT q,'0100,6,P,'1100,4,p AND NOT q,'0100,50,yes
6,P,'1100,5,XOR,'0110,6,P,'1100,5,XOR,'0110,65,yes
6,P,'1100,6,P,'1100,6,P,'1100,6,P,'1100,80,yes
6,P,'1100,7,OR,'1110,6,P,'1100,7,OR,'1110,95,yes
6,P,'1100,8,NOR,'0001,6,P,'1100,8,NOR,'0001,110,yes
6,P,'1100,9,NOT P,'0011,6,P,'1100,9,NOT P,'0011,125,yes
6,P,'1100,10,XNOR,'1001,6,P,'1100,10,XNOR,'1001,140,yes
6,P,'1100,11,IMPLIES (p -> q),'1011,6,P,'1100,11,IMPLIES (p -> q),'1011,155,yes
6,P,'1100,12,NOT Q,'0101,6,P,'1100,12,NOT Q,'0101,170,yes
6,P,'1100,13,NAND,'0111,6,P,'1100,13,NAND,'0111,183,yes
6,P,'1100,14,CONVERSE (q -> p),'1101,6,P,'1100,14,CONVERSE (q -> p),'1101,198,yes
6,P,'1100,15,TRUE,'1111,6,P,'1100,15,TRUE,'1111,213,yes
6,P,'1100,0,FALSE,'0000,7,OR,'1110,0,FALSE,'0000,1,yes
6,P,'1100,1,q AND NOT p,'0010,7,OR,'1110,1,q AND NOT p,'0010,7,yes
6,P,'1100,2,AND,'1000,7,OR,'1110,2,AND,'1000,22,yes
6,P,'1100,3,Q,'1010,7,OR,'1110,3,Q,'1010,37,yes
6,P,'1100,4,p AND NOT q,'0100,7,OR,'1110,4,p AND NOT q,'0100,50,yes
6,P,'1100,5,XOR,'0110,7,OR,'1110,5,XOR,'0110,65,yes
6,P,'1100,6,P,'1100,7,OR,'1110,6,P,'1100,80,yes
6,P,'1100,7,OR,'1110,7,OR,'1110,7,OR,'1110,95,yes
6,P,'1100,8,NOR,'0001,7,OR,'1110,8,NOR,'0001,110,yes
6,P,'1100,9,NOT P,'0011,7,OR,'1110,9,NOT P,'0011,125,yes
6,P,'1100,10,XNOR,'1001,7,OR,'1110,10,XNOR,'1001,140,yes
6,P,'1100,11,IMPLIES (p -> q),'1011,7,OR,'1110,11,IMPLIES (p -> q),'1011,155,yes
6,P,'1100,12,NOT Q,'0101,7,OR,'1110,12,NOT Q,'0101,170,yes
6,P,'1100,13,NAND,'0111,7,OR,'1110,13,NAND,'0111,183,yes
6,P,'1100,14,CONVERSE (q -> p),'1101,7,OR,'1110,14,CONVERSE (q -> p),'1101,198,yes
6,P,'1100,15,TRUE,'1111,7,OR,'1110,15,TRUE,'1111,213,yes
6,P,'1100,0,FALSE,'0000,8,NOR,'0001,0,FALSE,'0000,1,yes
6,P,'1100,1,q AND NOT p,'0010,8,NOR,'0001,1,q AND NOT p,'0010,7,yes
6,P,'1100,2,AND,'1000,8,NOR,'0001,2,AND,'1000,22,yes
6,P,'1100,3,Q,'1010,8,NOR,'0001,3,Q,'1010,37,yes
6,P,'1100,4,p AND NOT q,'0100,8,NOR,'0001,4,p AND NOT q,'0100,50,yes
6,P,'1100,5,XOR,'0110,8,NOR,'0001,5,XOR,'0110,65,yes
6,P,'1100,6,P,'1100,8,NOR,'0001,6,P,'1100,80,yes
6,P,'1100,7,OR,'1110,8,NOR,'0001,7,OR,'1110,95,yes
6,P,'1100,8,NOR,'0001,8,NOR,'0001,8,NOR,'0001,110,yes
6,P,'1100,9,NOT P,'0011,8,NOR,'0001,9,NOT P,'0011,125,yes
6,P,'1100,10,XNOR,'1001,8,NOR,'0001,10,XNOR,'1001,140,yes
6,P,'1100,11,IMPLIES (p -> q),'1011,8,NOR,'0001,11,IMPLIES (p -> q),'1011,155,yes
6,P,'1100,12,NOT Q,'0101,8,NOR,'0001,12,NOT Q,'0101,170,yes
6,P,'1100,13,NAND,'0111,8,NOR,'0001,13,NAND,'0111,183,yes
6,P,'1100,14,CONVERSE (q -> p),'1101,8,NOR,'0001,14,CONVERSE (q -> p),'1101,198,yes
6,P,'1100,15,TRUE,'1111,8,NOR,'0001,15,TRUE,'1111,213,yes
6,P,'1100,0,FALSE,'0000,9,NOT P,'0011,0,FALSE,'0000,1,yes
6,P,'1100,1,q AND NOT p,'0010,9,NOT P,'0011,1,q AND NOT p,'0010,7,yes
6,P,'1100,2,AND,'1000,9,NOT P,'0011,2,AND,'1000,22,yes
6,P,'1100,3,Q,'1010,9,NOT P,'0011,3,Q,'1010,37,yes
6,P,'1100,4,p AND NOT q,'0100,9,NOT P,'0011,4,p AND NOT q,'0100,50,yes
6,P,'1100,5,XOR,'0110,9,NOT P,'0011,5,XOR,'0110,65,yes
6,P,'1100,6,P,'1100,9,NOT P,'0011,6,P,'1100,80,yes
6,P,'1100,7,OR,'1110,9,NOT P,'0011,7,OR,'1110,95,yes
6,P,'1100,8,NOR,'0001,9,NOT P,'0011,8,NOR,'0001,110,yes
6,P,'1100,9,NOT P,'0011,9,NOT P,'0011,9,NOT P,'0011,125,yes
6,P,'1100,10,XNOR,'1001,9,NOT P,'0011,10,XNOR,'1001,140,yes
6,P,'1100,11,IMPLIES (p -> q),'1011,9,NOT P,'0011,11,IMPLIES (p -> q),'1011,155,yes
6,P,'1100,12,NOT Q,'0101,9,NOT P,'0011,12,NOT Q,'0101,170,yes
6,P,'1100,13,NAND,'0111,9,NOT P,'0011,13,NAND,'0111,183,yes
6,P,'1100,14,CONVERSE (q -> p),'1101,9,NOT P,'0011,14,CONVERSE (q -> p),'1101,198,yes
6,P,'1100,15,TRUE,'1111,9,NOT P,'0011,15,TRUE,'1111,213,yes
6,P,'1100,0,FALSE,'0000,10,XNOR,'1001,0,FALSE,'0000,1,yes
6,P,'1100,1,q AND NOT p,'0010,10,XNOR,'1001,1,q AND NOT p,'0010,7,yes
6,P,'1100,2,AND,'1000,10,XNOR,'1001,2,AND,'1000,22,yes
6,P,'1100,3,Q,'1010,10,XNOR,'1001,3,Q,'1010,37,yes
6,P,'1100,4,p AND NOT q,'0100,10,XNOR,'1001,4,p AND NOT q,'0100,50,yes
6,P,'1100,5,XOR,'0110,10,XNOR,'1001,5,XOR,'0110,65,yes
6,P,'1100,6,P,'1100,10,XNOR,'1001,6,P,'1100,80,yes
6,P,'1100,7,OR,'1110,10,XNOR,'1001,7,OR,'1110,95,yes
6,P,'1100,8,NOR,'0001,10,XNOR,'1001,8,NOR,'0001,110,yes
6,P,'1100,9,NOT P,'0011,10,XNOR,'1001,9,NOT P,'0011,125,yes
6,P,'1100,10,XNOR,'1001,10,XNOR,'1001,10,XNOR,'1001,140,yes
6,P,'1100,11,IMPLIES (p -> q),'1011,10,XNOR,'1001,11,IMPLIES (p -> q),'1011,155,yes
6,P,'1100,12,NOT Q,'0101,10,XNOR,'1001,12,NOT Q,'0101,170,yes
6,P,'1100,13,NAND,'0111,10,XNOR,'1001,13,NAND,'0111,183,yes
6,P,'1100,14,CONVERSE (q -> p),'1101,10,XNOR,'1001,14,CONVERSE (q -> p),'1101,198,yes
6,P,'1100,15,TRUE,'1111,10,XNOR,'1001,15,TRUE,'1111,213,yes
6,P,'1100,0,FALSE,'0000,11,IMPLIES (p -> q),'1011,0,FALSE,'0000,1,yes
6,P,'1100,1,q AND NOT p,'0010,11,IMPLIES (p -> q),'1011,1,q AND NOT p,'0010,7,yes
6,P,'1100,2,AND,'1000,11,IMPLIES (p -> q),'1011,2,AND,'1000,22,yes
6,P,'1100,3,Q,'1010,11,IMPLIES (p -> q),'1011,3,Q,'1010,37,yes
6,P,'1100,4,p AND NOT q,'0100,11,IMPLIES (p -> q),'1011,4,p AND NOT q,'0100,50,yes
6,P,'1100,5,XOR,'0110,11,IMPLIES (p -> q),'1011,5,XOR,'0110,65,yes
6,P,'1100,6,P,'1100,11,IMPLIES (p -> q),'1011,6,P,'1100,80,yes
6,P,'1100,7,OR,'1110,11,IMPLIES (p -> q),'1011,7,OR,'1110,95,yes
6,P,'1100,8,NOR,'0001,11,IMPLIES (p -> q),'1011,8,NOR,'0001,110,yes
6,P,'1100,9,NOT P,'0011,11,IMPLIES (p -> q),'1011,9,NOT P,'0011,125,yes
6,P,'1100,10,XNOR,'1001,11,IMPLIES (p -> q),'1011,10,XNOR,'1001,140,yes
6,P,'1100,11,IMPLIES (p -> q),'1011,11,IMPLIES (p -> q),'1011,11,IMPLIES (p -> q),'1011,155,yes
6,P,'1100,12,NOT Q,'0101,11,IMPLIES (p -> q),'1011,12,NOT Q,'0101,170,yes
6,P,'1100,13,NAND,'0111,11,IMPLIES (p -> q),'1011,13,NAND,'0111,183,yes
6,P,'1100,14,CONVERSE (q -> p),'1101,11,IMPLIES (p -> q),'1011,14,CONVERSE (q -> p),'1101,198,yes
6,P,'1100,15,TRUE,'1111,11,IMPLIES (p -> q),'1011,15,TRUE,'1111,213,yes
6,P,'1100,0,FALSE,'0000,12,NOT Q,'0101,0,FALSE,'0000,1,yes
6,P,'1100,1,q AND NOT p,'0010,12,NOT Q,'0101,1,q AND NOT p,'0010,7,yes
6,P,'1100,2,AND,'1000,12,NOT Q,'0101,2,AND,'1000,22,yes
6,P,'1100,3,Q,'1010,12,NOT Q,'0101,3,Q,'1010,37,yes
6,P,'1100,4,p AND NOT q,'0100,12,NOT Q,'0101,4,p AND NOT q,'0100,50,yes
6,P,'1100,5,XOR,'0110,12,NOT Q,'0101,5,XOR,'0110,65,yes
6,P,'1100,6,P,'1100,12,NOT Q,'0101,6,P,'1100,80,yes
6,P,'1100,7,OR,'1110,12,NOT Q,'0101,7,OR,'1110,95,yes
6,P,'1100,8,NOR,'0001,12,NOT Q,'0101,8,NOR,'0001,110,yes
6,P,'1100,9,NOT P,'0011,12,NOT Q,'0101,9,NOT P,'0011,125,yes
6,P,'1100,10,XNOR,'1001,12,NOT Q,'0101,10,XNOR,'1001,140,yes
6,P,'1100,11,IMPLIES (p -> q),'1011,12,NOT Q,'0101,11,IMPLIES (p -> q),'1011,155,yes
6,P,'1100,12,NOT Q,'0101,12,NOT Q,'0101,12,NOT Q,'0101,170,yes
6,P,'1100,13,NAND,'0111,12,NOT Q,'0101,13,NAND,'0111,183,yes
6,P,'1100,14,CONVERSE (q -> p),'1101,12,NOT Q,'0101,14,CONVERSE (q -> p),'1101,198,yes
6,P,'1100,15,TRUE,'1111,12,NOT Q,'0101,15,TRUE,'1111,213,yes
6,P,'1100,0,FALSE,'0000,13,NAND,'0111,0,FALSE,'0000,1,yes
6,P,'1100,1,q AND NOT p,'0010,13,NAND,'0111,1,q AND NOT p,'0010,7,yes
6,P,'1100,2,AND,'1000,13,NAND,'0111,2,AND,'1000,22,yes
6,P,'1100,3,Q,'1010,13,NAND,'0111,3,Q,'1010,37,yes
6,P,'1100,4,p AND NOT q,'0100,13,NAND,'0111,4,p AND NOT q,'0100,50,yes
6,P,'1100,5,XOR,'0110,13,NAND,'0111,5,XOR,'0110,65,yes
6,P,'1100,6,P,'1100,13,NAND,'0111,6,P,'1100,80,yes
6,P,'1100,7,OR,'1110,13,NAND,'0111,7,OR,'1110,95,yes
6,P,'1100,8,NOR,'0001,13,NAND,'0111,8,NOR,'0001,110,yes
6,P,'1100,9,NOT P,'0011,13,NAND,'0111,9,NOT P,'0011,125,yes
6,P,'1100,10,XNOR,'1001,13,NAND,'0111,10,XNOR,'1001,140,yes
6,P,'1100,11,IMPLIES (p -> q),'1011,13,NAND,'0111,11,IMPLIES (p -> q),'1011,155,yes
6,P,'1100,12,NOT Q,'0101,13,NAND,'0111,12,NOT Q,'0101,170,yes
6,P,'1100,13,NAND,'0111,13,NAND,'0111,13,NAND,'0111,183,yes
6,P,'1100,14,CONVERSE (q -> p),'1101,13,NAND,'0111,14,CONVERSE (q -> p),'1101,198,yes
6,P,'1100,15,TRUE,'1111,13,NAND,'0111,15,TRUE,'1111,213,yes
6,P,'1100,0,FALSE,'0000,14,CONVERSE (q -> p),'1101,0,FALSE,'0000,1,yes
6,P,'1100,1,q AND NOT p,'0010,14,CONVERSE (q -> p),'1101,1,q AND NOT p,'0010,7,yes
6,P,'1100,2,AND,'1000,14,CONVERSE (q -> p),'1101,2,AND,'1000,22,yes
6,P,'1100,3,Q,'1010,14,CONVERSE (q -> p),'1101,3,Q,'1010,37,yes
6,P,'1100,4,p AND NOT q,'0100,14,CONVERSE (q -> p),'1101,4,p AND NOT q,'0100,50,yes
6,P,'1100,5,XOR,'0110,14,CONVERSE (q -> p),'1101,5,XOR,'0110,65,yes
6,P,'1100,6,P,'1100,14,CONVERSE (q -> p),'1101,6,P,'1100,80,yes
6,P,'1100,7,OR,'1110,14,CONVERSE (q -> p),'1101,7,OR,'1110,95,yes
6,P,'1100,8,NOR,'0001,14,CONVERSE (q -> p),'1101,8,NOR,'0001,110,yes
6,P,'1100,9,NOT P,'0011,14,CONVERSE (q -> p),'1101,9,NOT P,'0011,125,yes
6,P,'1100,10,XNOR,'1001,14,CONVERSE (q -> p),'1101,10,XNOR,'1001,140,yes
6,P,'1100,11,IMPLIES (p -> q),'1011,14,CONVERSE (q -> p),'1101,11,IMPLIES (p -> q),'1011,155,yes
6,P,'1100,12,NOT Q,'0101,14,CONVERSE (q -> p),'1101,12,NOT Q,'0101,170,yes
6,P,'1100,13,NAND,'0111,14,CONVERSE (q -> p),'1101,13,NAND,'0111,183,yes
6,P,'1100,14,CONVERSE (q -> p),'1101,14,CONVERSE (q -> p),'1101,14,CONVERSE (q -> p),'1101,198,yes
6,P,'1100,15,TRUE,'1111,14,CONVERSE (q -> p),'1101,15,TRUE,'1111,213,yes
6,P,'1100,0,FALSE,'0000,15,TRUE,'1111,0,FALSE,'0000,1,yes
6,P,'1100,1,q AND NOT p,'0010,15,TRUE,'1111,1,q AND NOT p,'0010,7,yes
6,P,'1100,2,AND,'1000,15,TRUE,'1111,2,AND,'1000,22,yes
6,P,'1100,3,Q,'1010,15,TRUE,'1111,3,Q,'1010,37,yes
6,P,'1100,4,p AND NOT q,'0100,15,TRUE,'1111,4,p AND NOT q,'0100,50,yes
6,P,'1100,5,XOR,'0110,15,TRUE,'1111,5,XOR,'0110,65,yes
6,P,'1100,6,P,'1100,15,TRUE,'1111,6,P,'1100,80,yes
6,P,'1100,7,OR,'1110,15,TRUE,'1111,7,OR,'1110,95,yes
6,P,'1100,8,NOR,'0001,15,TRUE,'1111,8,NOR,'0001,110,yes
6,P,'1100,9,NOT P,'0011,15,TRUE,'1111,9,NOT P,'0011,125,yes
6,P,'1100,10,XNOR,'1001,15,TRUE,'1111,10,XNOR,'1001,140,yes
6,P,'1100,11,IMPLIES (p -> q),'1011,15,TRUE,'1111,11,IMPLIES (p -> q),'1011,155,yes
6,P,'1100,12,NOT Q,'0101,15,TRUE,'1111,12,NOT Q,'0101,170,yes
6,P,'1100,13,NAND,'0111,15,TRUE,'1111,13,NAND,'0111,183,yes
6,P,'1100,14,CONVERSE (q -> p),'1101,15,TRUE,'1111,14,CONVERSE (q -> p),'1101,198,yes
6,P,'1100,15,TRUE,'1111,15,TRUE,'1111,15,TRUE,'1111,213,yes
7,OR,'1110,0,FALSE,'0000,0,FALSE,'0000,0,FALSE,'0000,1,yes
7,OR,'1110,1,q AND NOT p,'0010,0,FALSE,'0000,1,q AND NOT p,'0010,7,yes
7,OR,'1110,2,AND,'1000,0,FALSE,'0000,2,AND,'1000,22,yes
7,OR,'1110,3,Q,'1010,0,FALSE,'0000,3,Q,'1010,37,yes
7,OR,'1110,4,p AND NOT q,'0100,0,FALSE,'0000,4,p AND NOT q,'0100,50,yes
7,OR,'1110,5,XOR,'0110,0,FALSE,'0000,5,XOR,'0110,65,yes
7,OR,'1110,6,P,'1100,0,FALSE,'0000,6,P,'1100,80,yes
7,OR,'1110,7,OR,'1110,0,FALSE,'0000,7,OR,'1110,95,yes
7,OR,'1110,8,NOR,'0001,0,FALSE,'0000,8,NOR,'0001,110,yes
7,OR,'1110,9,NOT P,'0011,0,FALSE,'0000,9,NOT P,'0011,125,yes
7,OR,'1110,10,XNOR,'1001,0,FALSE,'0000,10,XNOR,'1001,140,yes
7,OR,'1110,11,IMPLIES (p -> q),'1011,0,FALSE,'0000,11,IMPLIES (p -> q),'1011,155,yes
7,OR,'1110,12,NOT Q,'0101,0,FALSE,'0000,12,NOT Q,'0101,170,yes
7,OR,'1110,13,NAND,'0111,0,FALSE,'0000,13,NAND,'0111,183,yes
7,OR,'1110,14,CONVERSE (q -> p),'1101,0,FALSE,'0000,14,CONVERSE (q -> p),'1101,198,yes
7,OR,'1110,15,TRUE,'1111,0,FALSE,'0000,15,TRUE,'1111,213,yes
7,OR,'1110,0,FALSE,'0000,1,q AND NOT p,'0010,1,q AND NOT p,'0010,7,yes
7,OR,'1110,1,q AND NOT p,'0010,1,q AND NOT p,'0010,1,q AND NOT p,'0010,310,no
7,OR,'1110,2,AND,'1000,1,q AND NOT p,'0010,3,Q,'1010,311,no
7,OR,'1110,3,Q,'1010,1,q AND NOT p,'0010,3,Q,'1010,312,no
7,OR,'1110,4,p AND NOT q,'0100,1,q AND NOT p,'0010,5,XOR,'0110,313,no
7,OR,'1110,5,XOR,'0110,1,q AND NOT p,'0010,5,XOR,'0110,314,no
7,OR,'1110,6,P,'1100,1,q AND NOT p,'0010,7,OR,'1110,315,no
7,OR,'1110,7,OR,'1110,1,q AND NOT p,'0010,7,OR,'1110,316,no
7,OR,'1110,8,NOR,'0001,1,q AND NOT p,'0010,9,NOT P,'0011,317,no
7,OR,'1110,9,NOT P,'0011,1,q AND NOT p,'0010,9,NOT P,'0011,318,no
7,OR,'1110,10,XNOR,'1001,1,q AND NOT p,'0010,11,IMPLIES (p -> q),'1011,319,no
7,OR,'1110,11,IMPLIES (p -> q),'1011,1,q AND NOT p,'0010,11,IMPLIES (p -> q),'1011,320,no
7,OR,'1110,12,NOT Q,'0101,1,q AND NOT p,'0010,13,NAND,'0111,321,no
7,OR,'1110,13,NAND,'0111,1,q AND NOT p,'0010,13,NAND,'0111,322,no
7,OR,'1110,14,CONVERSE (q -> p),'1101,1,q AND NOT p,'0010,15,TRUE,'1111,323,no
7,OR,'1110,15,TRUE,'1111,1,q AND NOT p,'0010,15,TRUE,'1111,213,yes
7,OR,'1110,0,FALSE,'0000,2,AND,'1000,2,AND,'1000,22,yes
7,OR,'1110,1,q AND NOT p,'0010,2,AND,'1000,3,Q,'1010,324,no
7,OR,'1110,2,AND,'1000,2,AND,'1000,2,AND,'1000,325,no
7,OR,'1110,3,Q,'1010,2,AND,'1000,3,Q,'1010,326,no
7,OR,'1110,4,p AND NOT q,'0100,2,AND,'1000,6,P,'1100,327,no
7,OR,'1110,5,XOR,'0110,2,AND,'1000,7,OR,'1110,328,no
7,OR,'1110,6,P,'1100,2,AND,'1000,6,P,'1100,329,no
7,OR,'1110,7,OR,'1110,2,AND,'1000,7,OR,'1110,330,no
7,OR,'1110,8,NOR,'0001,2,AND,'1000,10,XNOR,'1001,331,no
7,OR,'1110,9,NOT P,'0011,2,AND,'1000,11,IMPLIES (p -> q),'1011,332,no
7,OR,'1110,10,XNOR,'1001,2,AND,'1000,10,XNOR,'1001,333,no
7,OR,'1110,11,IMPLIES (p -> q),'1011,2,AND,'1000,11,IMPLIES (p -> q),'1011,334,no
7,OR,'1110,12,NOT Q,'0101,2,AND,'1000,14,CONVERSE (q -> p),'1101,335,no
7,OR,'1110,13,NAND,'0111,2,AND,'1000,15,TRUE,'1111,336,no
7,OR,'1110,14,CONVERSE (q -> p),'1101,2,AND,'1000,14,CONVERSE (q -> p),'1101,337,no
7,OR,'1110,15,TRUE,'1111,2,AND,'1000,15,TRUE,'1111,213,yes
7,OR,'1110,0,FALSE,'0000,3,Q,'1010,3,Q,'1010,37,yes
7,OR,'1110,1,q AND NOT p,'0010,3,Q,'1010,3,Q,'1010,338,no
7,OR,'1110,2,AND,'1000,3,Q,'1010,3,Q,'1010,339,no
7,OR,'1110,3,Q,'1010,3,Q,'1010,3,Q,'1010,340,no
7,OR,'1110,4,p AND NOT q,'0100,3,Q,'1010,7,OR,'1110,341,no
7,OR,'1110,5,XOR,'0110,3,Q,'1010,7,OR,'1110,342,no
7,OR,'1110,6,P,'1100,3,Q,'1010,7,OR,'1110,95,yes
7,OR,'1110,7,OR,'1110,3,Q,'1010,7,OR,'1110,343,no
7,OR,'1110,8,NOR,'0001,3,Q,'1010,11,IMPLIES (p -> q),'1011,344,no
7,OR,'1110,9,NOT P,'0011,3,Q,'1010,11,IMPLIES (p -> q),'1011,155,yes
7,OR,'1110,10,XNOR,'1001,3,Q,'1010,11,IMPLIES (p -> q),'1011,345,no
7,OR,'1110,11,IMPLIES (p -> q),'1011,3,Q,'1010,11,IMPLIES (p -> q),'1011,346,no
7,OR,'1110,12,NOT Q,'0101,3,Q,'1010,15,TRUE,'1111,347,no
7,OR,'1110,13,NAND,'0111,3,Q,'1010,15,TRUE,'1111,348,no
7,OR,'1110,14,CONVERSE (q -> p),'1101,3,Q,'1010,15,TRUE,'1111,349,no
7,OR,'1110,15,TRUE,'1111,3,Q,'1010,15,TRUE,'1111,213,yes
7,OR,'1110,0,FALSE,'0000,4,p AND NOT q,'0100,4,p AND NOT q,'0100,50,yes
7,OR,'1110,1,q AND NOT p,'0010,4,p AND NOT q,'0100,5,XOR,'0110,350,no
7,OR,'1110,2,AND,'1000,4,p AND NOT q,'0100,6,P,'1100,351,no
7,OR,'1110,3,Q,'1010,4,p AND NOT q,'0100,7,OR,'1110,352,no
7,OR,'1110,4,p AND NOT q,'0100,4,p AND NOT q,'0100,4,p AND NOT q,'0100,353,no
7,OR,'1110,5,XOR,'0110,4,p AND NOT q,'0100,5,XOR,'0110,354,no
7,OR,'1110,6,P,'1100,4,p AND NOT q,'0100,6,P,'1100,355,no
7,OR,'1110,7,OR,'1110,4,p AND NOT q,'0100,7,OR,'1110,356,no
7,OR,'1110,8,NOR,'0001,4,p AND NOT q,'0100,12,NOT Q,'0101,357,no
7,OR,'1110,9,NOT P,'0011,4,p AND NOT q,'0100,13,NAND,'0111,358,no
7,OR,'1110,10,XNOR,'1001,4,p AND NOT q,'0100,14,CONVERSE (q -> p),'1101,359,no
7,OR,'1110,11,IMPLIES (p -> q),'1011,4,p AND NOT q,'0100,15,TRUE,'1111,360,no
7,OR,'1110,12,NOT Q,'0101,4,p AND NOT q,'0100,12,NOT Q,'0101,361,no
7,OR,'1110,13,NAND,'0111,4,p AND NOT q,'0100,13,NAND,'0111,362,no
7,OR,'1110,14,CONVERSE (q -> p),'1101,4,p AND NOT q,'0100,14,CONVERSE (q -> p),'1101,363,no
7,OR,'1110,15,TRUE,'1111,4,p AND NOT q,'0100,15,TRUE,'1111,213,yes
7,OR,'1110,0,FALSE,'0000,5,XOR,'0110,5,XOR,'0110,65,yes
7,OR,'1110,1,q AND NOT p,'0010,5,XOR,'0110,5,XOR,'0110,364,no
7,OR,'1110,2,AND,'1000,5,XOR,'0110,7,OR,'1110,365,no
7,OR,'1110,3,Q,'1010,5,XOR,'0110,7,OR,'1110,366,no
7,OR,'1110,4,p AND NOT q,'0100,5,XOR,'0110,5,XOR,'0110,367,no
7,OR,'1110,5,XOR,'0110,5,XOR,'0110,5,XOR,'0110,368,no
7,OR,'1110,6,P,'1100,5,XOR,'0110,7,OR,'1110,369,no
7,OR,'1110,7,OR,'1110,5,XOR,'0110,7,OR,'1110,370,no
7,OR,'1110,8,NOR,'0001,5,XOR,'0110,13,NAND,'0111,371,no
7,OR,'1110,9,NOT P,'0011,5,XOR,'0110,13,NAND,'0111,372,no
7,OR,'1110,10,XNOR,'1001,5,XOR,'0110,15,TRUE,'1111,373,no
7,OR,'1110,11,IMPLIES (p -> q),'1011,5,XOR,'0110,15,TRUE,'1111,374,no
7,OR,'1110,12,NOT Q,'0101,5,XOR,'0110,13,NAND,'0111,375,no
7,OR,'1110,13,NAND,'0111,5,XOR,'0110,13,NAND,'0111,376,no
7,OR,'1110,14,CONVERSE (q -> p),'1101,5,XOR,'0110,15,TRUE,'1111,377,no
7,OR,'1110,15,TRUE,'1111,5,XOR,'0110,15,TRUE,'1111,213,yes
7,OR,'1110,0,FALSE,'0000,6,P,'1100,6,P,'1100,80,yes
7,OR,'1110,1,q AND NOT p,'0010,6,P,'1100,7,OR,'1110,378,no
7,OR,'1110,2,AND,'1000,6,P,'1100,6,P,'1100,379,no
7,OR,'1110,3,Q,'1010,6,P,'1100,7,OR,'1110,380,no
7,OR,'1110,4,p AND NOT q,'0100,6,P,'1100,6,P,'1100,381,no
7,OR,'1110,5,XOR,'0110,6,P,'1100,7,OR,'1110,382,no
7,OR,'1110,6,P,'1100,6,P,'1100,6,P,'1100,383,no
7,OR,'1110,7,OR,'1110,6,P,'1100,7,OR,'1110,384,no
7,OR,'1110,8,NOR,'0001,6,P,'1100,14,CONVERSE (q -> p),'1101,385,no
7,OR,'1110,9,NOT P,'0011,6,P,'1100,15,TRUE,'1111,386,no
7,OR,'1110,10,XNOR,'1001,6,P,'1100,14,CONVERSE (q -> p),'1101,387,no
7,OR,'1110,11,IMPLIES (p -> q),'1011,6,P,'1100,15,TRUE,'1111,388,no
7,OR,'1110,12,NOT Q,'0101,6,P,'1100,14,CONVERSE (q -> p),'1101,389,no
7,OR,'1110,13,NAND,'0111,6,P,'1100,15,TRUE,'1111,390,no
7,OR,'1110,14,CONVERSE (q -> p),'1101,6,P,'1100,14,CONVERSE (q -> p),'1101,391,no
7,OR,'1110,15,TRUE,'1111,6,P,'1100,15,TRUE,'1111,213,yes
7,OR,'1110,0,FALSE,'0000,7,OR,'1110,7,OR,'1110,95,yes
7,OR,'1110,1,q AND NOT p,'0010,7,OR,'1110,7,OR,'1110,392,no
7,OR,'1110,2,AND,'1000,7,OR,'1110,7,OR,'1110,393,no
7,OR,'1110,3,Q,'1010,7,OR,'1110,7,OR,'1110,394,no
7,OR,'1110,4,p AND NOT q,'0100,7,OR,'1110,7,OR,'1110,395,no
7,OR,'1110,5,XOR,'0110,7,OR,'1110,7,OR,'1110,396,no
7,OR,'1110,6,P,'1100,7,OR,'1110,7,OR,'1110,397,no
7,OR,'1110,7,OR,'1110,7,OR,'1110,7,OR,'1110,398,no
7,OR,'1110,8,NOR,'0001,7,OR,'1110,15,TRUE,'1111,399,no
7,OR,'1110,9,NOT P,'0011,7,OR,'1110,15,TRUE,'1111,400,no
7,OR,'1110,10,XNOR,'1001,7,OR,'1110,15,TRUE,'1111,401,no
7,OR,'1110,11,IMPLIES (p -> q),'1011,7,OR,'1110,15,TRUE,'1111,402,no
7,OR,'1110,12,NOT Q,'0101,7,OR,'1110,15,TRUE,'1111,403,no
7,OR,'1110,13,NAND,'0111,7,OR,'1110,15,TRUE,'1111,404,no
7,OR,'1110,14,CONVERSE (q -> p),'1101,7,OR,'1110,15,TRUE,'1111,405,no
7,OR,'1110,15,TRUE,'1111,7,OR,'1110,15,TRUE,'1111,213,yes
7,OR,'1110,0,FALSE,'0000,8,NOR,'0001,8,NOR,'0001,110,yes
7,OR,'1110,1,q AND NOT p,'0010,8,NOR,'0001,9,NOT P,'0011,406,no
7,OR,'1110,2,AND,'1000,8,NOR,'0001,10,XNOR,'1001,407,no
7,OR,'1110,3,Q,'1010,8,NOR,'0001,11,IMPLIES (p -> q),'1011,408,no
7,OR,'1110,4,p AND NOT q,'0100,8,NOR,'0001,12,NOT Q,'0101,409,no
7,OR,'1110,5,XOR,'0110,8,NOR,'0001,13,NAND,'0111,410,no
7,OR,'1110,6,P,'1100,8,NOR,'0001,14,CONVERSE (q -> p),'1101,411,no
7,OR,'1110,7,OR,'1110,8,NOR,'0001,15,TRUE,'1111,412,no
7,OR,'1110,8,NOR,'0001,8,NOR,'0001,8,NOR,'0001,413,no
7,OR,'1110,9,NOT P,'0011,8,NOR,'0001,9,NOT P,'0011,414,no
7,OR,'1110,10,XNOR,'1001,8,NOR,'0001,10,XNOR,'1001,415,no
7,OR,'1110,11,IMPLIES (p -> q),'1011,8,NOR,'0001,11,IMPLIES (p -> q),'1011,416,no
7,OR,'1110,12,NOT Q,'0101,8,NOR,'0001,12,NOT Q,'0101,417,no
7,OR,'1110,13,NAND,'0111,8,NOR,'0001,13,NAND,'0111,418,no
7,OR,'1110,14,CONVERSE (q -> p),'1101,8,NOR,'0001,14,CONVERSE (q -> p),'1101,419,no
7,OR,'1110,15,TRUE,'1111,8,NOR,'0001,15,TRUE,'1111,213,yes
7,OR,'1110,0,FALSE,'0000,9,NOT P,'0011,9,NOT P,'0011,125,yes
7,OR,'1110,1,q AND NOT p,'0010,9,NOT P,'0011,9,NOT P,'0011,420,no
7,OR,'1110,2,AND,'1000,9,NOT P,'0011,11,IMPLIES (p -> q),'1011,421,no
7,OR,'1110,3,Q,'1010,9,NOT P,'0011,11,IMPLIES (p -> q),'1011,422,no
7,OR,'1110,4,p AND NOT q,'0100,9,NOT P,'0011,13,NAND,'0111,423,no
7,OR,'1110,5,XOR,'0110,9,NOT P,'0011,13,NAND,'0111,424,no
7,OR,'1110,6,P,'1100,9,NOT P,'0011,15,TRUE,'1111,425,no
7,OR,'1110,7,OR,'1110,9,NOT P,'0011,15,TRUE,'1111,426,no
7,OR,'1110,8,NOR,'0001,9,NOT P,'0011,9,NOT P,'0011,427,no
7,OR,'1110,9,NOT P,'0011,9,NOT P,'0011,9,NOT P,'0011,428,no
7,OR,'1110,10,XNOR,'1001,9,NOT P,'0011,11,IMPLIES (p -> q),'1011,429,no
7,OR,'1110,11,IMPLIES (p -> q),'1011,9,NOT P,'0011,11,IMPLIES (p -> q),'1011,430,no
7,OR,'1110,12,NOT Q,'0101,9,NOT P,'0011,13,NAND,'0111,431,no
7,OR,'1110,13,NAND,'0111,9,NOT P,'0011,13,NAND,'0111,432,no
7,OR,'1110,14,CONVERSE (q -> p),'1101,9,NOT P,'0011,15,TRUE,'1111,433,no
7,OR,'1110,15,TRUE,'1111,9,NOT P,'0011,15,TRUE,'1111,213,yes
7,OR,'1110,0,FALSE,'0000,10,XNOR,'1001,10,XNOR,'1001,140,yes
7,OR,'1110,1,q AND NOT p,'0010,10,XNOR,'1001,11,IMPLIES (p -> q),'1011,434,no
7,OR,'1110,2,AND,'1000,10,XNOR,'1001,10,XNOR,'1001,435,no
7,OR,'1110,3,Q,'1010,10,XNOR,'1001,11,IMPLIES (p -> q),'1011,436,no
7,OR,'1110,4,p AND NOT q,'0100,10,XNOR,'1001,14,CONVERSE (q -> p),'1101,437,no
7,OR,'1110,5,XOR,'0110,10,XNOR,'1001,15,TRUE,'1111,438,no
7,OR,'1110,6,P,'1100,10,XNOR,'1001,14,CONVERSE (q -> p),'1101,439,no
7,OR,'1110,7,OR,'1110,10,XNOR,'1001,15,TRUE,'1111,440,no
7,OR,'1110,8,NOR,'0001,10,XNOR,'1001,10,XNOR,'1001,441,no
7,OR,'1110,9,NOT P,'0011,10,XNOR,'1001,11,IMPLIES (p -> q),'1011,442,no
7,OR,'1110,10,XNOR,'1001,10,XNOR,'1001,10,XNOR,'1001,443,no
7,OR,'1110,11,IMPLIES (p -> q),'1011,10,XNOR,'1001,11,IMPLIES (p -> q),'1011,444,no
7,OR,'1110,12,NOT Q,'0101,10,XNOR,'1001,14,CONVERSE (q -> p),'1101,445,no
7,OR,'1110,13,NAND,'0111,10,XNOR,'1001,15,TRUE,'1111,446,no
7,OR,'1110,14,CONVERSE (q -> p),'1101,10,XNOR,'1001,14,CONVERSE (q -> p),'1101,447,no
7,OR,'1110,15,TRUE,'1111,10,XNOR,'1001,15,TRUE,'1111,213,yes
7,OR,'1110,0,FALSE,'0000,11,IMPLIES (p -> q),'1011,11,IMPLIES (p -> q),'1011,155,yes
7,OR,'1110,1,q AND NOT p,'0010,11,IMPLIES (p -> q),'1011,11,IMPLIES (p -> q),'1011,448,no
7,OR,'1110,2,AND,'1000,11,IMPLIES (p -> q),'1011,11,IMPLIES (p -> q),'1011,449,no
7,OR,'1110,3,Q,'1010,11,IMPLIES (p -> q),'1011,11,IMPLIES (p -> q),'1011,450,no
7,OR,'1110,4,p AND NOT q,'0100,11,IMPLIES (p -> q),'1011,15,TRUE,'1111,451,no
7,OR,'1110,5,XOR,'0110,11,IMPLIES (p -> q),'1011,15,TRUE,'1111,452,no
7,OR,'1110,6,P,'1100,11,IMPLIES (p -> q),'1011,15,TRUE,'1111,453,no
7,OR,'1110,7,OR,'1110,11,IMPLIES (p -> q),'1011,15,TRUE,'1111,454,no
7,OR,'1110,8,NOR,'0001,11,IMPLIES (p -> q),'1011,11,IMPLIES (p -> q),'1011,455,no
7,OR,'1110,9,NOT P,'0011,11,IMPLIES (p -> q),'1011,11,IMPLIES (p -> q),'1011,456,no
7,OR,'1110,10,XNOR,'1001,11,IMPLIES (p -> q),'1011,11,IMPLIES (p -> q),'1011,457,no
7,OR,'1110,11,IMPLIES (p -> q),'1011,11,IMPLIES (p -> q),'1011,11,IMPLIES (p -> q),'1011,458,no
7,OR,'1110,12,NOT Q,'0101,11,IMPLIES (p -> q),'1011,15,TRUE,'1111,459,no
7,OR,'1110,13,NAND,'0111,11,IMPLIES (p -> q),'1011,15,TRUE,'1111,460,no
7,OR,'1110,14,CONVERSE (q -> p),'1101,11,IMPLIES (p -> q),'1011,15,TRUE,'1111,461,no
7,OR,'1110,15,TRUE,'1111,11,IMPLIES (p -> q),'1011,15,TRUE,'1111,213,yes
7,OR,'1110,0,FALSE,'0000,12,NOT Q,'0101,12,NOT Q,'0101,170,yes
7,OR,'1110,1,q AND NOT p,'0010,12,NOT Q,'0101,13,NAND,'0111,462,no
7,OR,'1110,2,AND,'1000,12,NOT Q,'0101,14,CONVERSE (q -> p),'1101,463,no
7,OR,'1110,3,Q,'1010,12,NOT Q,'0101,15,TRUE,'1111,464,no
7,OR,'1110,4,p AND NOT q,'0100,12,NOT Q,'0101,12,NOT Q,'0101,465,no
7,OR,'1110,5,XOR,'0110,12,NOT Q,'0101,13,NAND,'0111,466,no
7,OR,'1110,6,P,'1100,12,NOT Q,'0101,14,CONVERSE (q -> p),'1101,198,yes
7,OR,'1110,7,OR,'1110,12,NOT Q,'0101,15,TRUE,'1111,467,no
7,OR,'1110,8,NOR,'0001,12,NOT Q,'0101,12,NOT Q,'0101,468,no
7,OR,'1110,9,NOT P,'0011,12,NOT Q,'0101,13,NAND,'0111,183,yes
7,OR,'1110,10,XNOR,'1001,12,NOT Q,'0101,14,CONVERSE (q -> p),'1101,469,no
7,OR,'1110,11,IMPLIES (p -> q),'1011,12,NOT Q,'0101,15,TRUE,'1111,470,no
7,OR,'1110,12,NOT Q,'0101,12,NOT Q,'0101,12,NOT Q,'0101,471,no
7,OR,'1110,13,NAND,'0111,12,NOT Q,'0101,13,NAND,'0111,472,no
7,OR,'1110,14,CONVERSE (q -> p),'1101,12,NOT Q,'0101,14,CONVERSE (q -> p),'1101,473,no
7,OR,'1110,15,TRUE,'1111,12,NOT Q,'0101,15,TRUE,'1111,213,yes
7,OR,'1110,0,FALSE,'0000,13,NAND,'0111,13,NAND,'0111,183,yes
7,OR,'1110,1,q AND NOT p,'0010,13,NAND,'0111,13,NAND,'0111,474,no
7,OR,'1110,2,AND,'1000,13,NAND,'0111,15,TRUE,'1111,475,no
7,OR,'1110,3,Q,'1010,13,NAND,'0111,15,TRUE,'1111,476,no
7,OR,'1110,4,p AND NOT q,'0100,13,NAND,'0111,13,NAND,'0111,477,no
7,OR,'1110,5,XOR,'0110,13,NAND,'0111,13,NAND,'0111,478,no
7,OR,'1110,6,P,'1100,13,NAND,'0111,15,TRUE,'1111,479,no
7,OR,'1110,7,OR,'1110,13,NAND,'0111,15,TRUE,'1111,480,no
7,OR,'1110,8,NOR,'0001,13,NAND,'0111,13,NAND,'0111,481,no
7,OR,'1110,9,NOT P,'0011,13,NAND,'0111,13,NAND,'0111,482,no
7,OR,'1110,10,XNOR,'1001,13,NAND,'0111,15,TRUE,'1111,483,no
7,OR,'1110,11,IMPLIES (p -> q),'1011,13,NAND,'0111,15,TRUE,'1111,484,no
7,OR,'1110,12,NOT Q,'0101,13,NAND,'0111,13,NAND,'0111,485,no
7,OR,'1110,13,NAND,'0111,13,NAND,'0111,13,NAND,'0111,486,no
7,OR,'1110,14,CONVERSE (q -> p),'1101,13,NAND,'0111,15,TRUE,'1111,487,no
7,OR,'1110,15,TRUE,'1111,13,NAND,'0111,15,TRUE,'1111,213,yes
7,OR,'1110,0,FALSE,'0000,14,CONVERSE (q -> p),'1101,14,CONVERSE (q -> p),'1101,198,yes
7,OR,'1110,1,q AND NOT p,'0010,14,CONVERSE (q -> p),'1101,15,TRUE,'1111,488,no
7,OR,'1110,2,AND,'1000,14,CONVERSE (q -> p),'1101,14,CONVERSE (q -> p),'1101,489,no
7,OR,'1110,3,Q,'1010,14,CONVERSE (q -> p),'1101,15,TRUE,'1111,490,no
7,OR,'1110,4,p AND NOT q,'0100,14,CONVERSE (q -> p),'1101,14,CONVERSE (q -> p),'1101,491,no
7,OR,'1110,5,XOR,'0110,14,CONVERSE (q -> p),'1101,15,TRUE,'1111,492,no
7,OR,'1110,6,P,'1100,14,CONVERSE (q -> p),'1101,14,CONVERSE (q -> p),'1101,493,no
7,OR,'1110,7,OR,'1110,14,CONVERSE (q -> p),'1101,15,TRUE,'1111,494,no
7,OR,'1110,8,NOR,'0001,14,CONVERSE (q -> p),'1101,14,CONVERSE (q -> p),'1101,495,no
7,OR,'1110,9,NOT P,'0011,14,CONVERSE (q -> p),'1101,15,TRUE,'1111,496,no
7,OR,'1110,10,XNOR,'1001,14,CONVERSE (q -> p),'1101,14,CONVERSE (q -> p),'1101,497,no
7,OR,'1110,11,IMPLIES (p -> q),'1011,14,CONVERSE (q -> p),'1101,15,TRUE,'1111,498,no
7,OR,'1110,12,NOT Q,'0101,14,CONVERSE (q -> p),'1101,14,CONVERSE (q -> p),'1101,499,no
7,OR,'1110,13,NAND,'0111,14,CONVERSE (q -> p),'1101,15,TRUE,'1111,500,no
7,OR,'1110,14,CONVERSE (q -> p),'1101,14,CONVERSE (q -> p),'1101,14,CONVERSE (q -> p),'1101,501,no
7,OR,'1110,15,TRUE,'1111,14,CONVERSE (q -> p),'1101,15,TRUE,'1111,213,yes
7,OR,'1110,0,FALSE,'0000,15,TRUE,'1111,15,TRUE,'1111,213,yes
7,OR,'1110,1,q AND NOT p,'0010,15,TRUE,'1111,15,TRUE,'1111,502,no
7,OR,'1110,2,AND,'1000,15,TRUE,'1111,15,TRUE,'1111,503,no
7,OR,'1110,3,Q,'1010,15,TRUE,'1111,15,TRUE,'1111,504,no
7,OR,'1110,4,p AND NOT q,'0100,15,TRUE,'1111,15,TRUE,'1111,503,no
7,OR,'1110,5,XOR,'0110,15,TRUE,'1111,15,TRUE,'1111,505,no
7,OR,'1110,6,P,'1100,15,TRUE,'1111,15,TRUE,'1111,506,no
7,OR,'1110,7,OR,'1110,15,TRUE,'1111,15,TRUE,'1111,502,no
7,OR,'1110,8,NOR,'0001,15,TRUE,'1111,15,TRUE,'1111,502,no
7,OR,'1110,9,NOT P,'0011,15,TRUE,'1111,15,TRUE,'1111,506,no
7,OR,'1110,10,XNOR,'1001,15,TRUE,'1111,15,TRUE,'1111,505,no
7,OR,'1110,11,IMPLIES (p -> q),'1011,15,TRUE,'1111,15,TRUE,'1111,503,no
7,OR,'1110,12,NOT Q,'0101,15,TRUE,'1111,15,TRUE,'1111,504,no
7,OR,'1110,13,NAND,'0111,15,TRUE,'1111,15,TRUE,'1111,503,no
7,OR,'1110,14,CONVERSE (q -> p),'1101,15,TRUE,'1111,15,TRUE,'1111,502,no
7,OR,'1110,15,TRUE,'1111,15,TRUE,'1111,15,TRUE,'1111,213,yes
8,NOR,'0001,0,FALSE,'0000,0,FALSE,'0000,15,TRUE,'1111,213,yes
8,NOR,'0001,1,q AND NOT p,'0010,0,FALSE,'0000,14,CONVERSE (q -> p),'1101,198,yes
8,NOR,'0001,2,AND,'1000,0,FALSE,'0000,13,NAND,'0111,183,yes
8,NOR,'0001,3,Q,'1010,0,FALSE,'0000,12,NOT Q,'0101,170,yes
8,NOR,'0001,4,p AND NOT q,'0100,0,FALSE,'0000,11,IMPLIES (p -> q),'1011,155,yes
8,NOR,'0001,5,XOR,'0110,0,FALSE,'0000,10,XNOR,'1001,140,yes
8,NOR,'0001,6,P,'1100,0,FALSE,'0000,9,NOT P,'0011,125,yes
8,NOR,'0001,7,OR,'1110,0,FALSE,'0000,8,NOR,'0001,110,yes
8,NOR,'0001,8,NOR,'0001,0,FALSE,'0000,7,OR,'1110,95,yes
8,NOR,'0001,9,NOT P,'0011,0,FALSE,'0000,6,P,'1100,80,yes
8,NOR,'0001,10,XNOR,'1001,0,FALSE,'0000,5,XOR,'0110,65,yes
8,NOR,'0001,11,IMPLIES (p -> q),'1011,0,FALSE,'0000,4,p AND NOT q,'0100,50,yes
8,NOR,'0001,12,NOT Q,'0101,0,FALSE,'0000,3,Q,'1010,37,yes
8,NOR,'0001,13,NAND,'0111,0,FALSE,'0000,2,AND,'1000,22,yes
8,NOR,'0001,14,CONVERSE (q -> p),'1101,0,FALSE,'0000,1,q AND NOT p,'0010,7,yes
8,NOR,'0001,15,TRUE,'1111,0,FALSE,'0000,0,FALSE,'0000,1,yes
8,NOR,'0001,0,FALSE,'0000,1,q AND NOT p,'0010,14,CONVERSE (q -> p),'1101,198,yes
8,NOR,'0001,1,q AND NOT p,'0010,1,q AND NOT p,'0010,14,CONVERSE (q -> p),'1101,199,no
8,NOR,'0001,2,AND,'1000,1,q AND NOT p,'0010,12,NOT Q,'0101,200,no
8,NOR,'0001,3,Q,'1010,1,q AND NOT p,'0010,12,NOT Q,'0101,201,no
8,NOR,'0001,4,p AND NOT q,'0100,1,q AND NOT p,'0010,10,XNOR,'1001,202,no
8,NOR,'0001,5,XOR,'0110,1,q AND NOT p,'0010,10,XNOR,'1001,203,no
8,NOR,'0001,6,P,'1100,1,q AND NOT p,'0010,8,NOR,'0001,204,no
8,NOR,'0001,7,OR,'1110,1,q AND NOT p,'0010,8,NOR,'0001,205,no
8,NOR,'0001,8,NOR,'0001,1,q AND NOT p,'0010,6,P,'1100,206,no
8,NOR,'0001,9,NOT P,'0011,1,q AND NOT p,'0010,6,P,'1100,207,no
8,NOR,'0001,10,XNOR,'1001,1,q AND NOT p,'0010,4,p AND NOT q,'0100,208,no
8,NOR,'0001,11,IMPLIES (p -> q),'1011,1,q AND NOT p,'0010,4,p AND NOT q,'0100,209,no
8,NOR,'0001,12,NOT Q,'0101,1,q AND NOT p,'0010,2,AND,'1000,210,no
8,NOR,'0001,13,NAND,'0111,1,q AND NOT p,'0010,2,AND,'1000,211,no
8,NOR,'0001,14,CONVERSE (q -> p),'1101,1,q AND NOT p,'0010,0,FALSE,'0000,212,no
8,NOR,'0001,15,TRUE,'1111,1,q AND NOT p,'0010,0,FALSE,'0000,1,yes
8,NOR,'0001,0,FALSE,'0000,2,AND,'1000,13,NAND,'0111,183,yes
8,NOR,'0001,1,q AND NOT p,'0010,2,AND,'1000,12,NOT Q,'0101,184,no
8,NOR,'0001,2,AND,'1000,2,AND,'1000,13,NAND,'0111,185,no
8,NOR,'0001,3,Q,'1010,2,AND,'1000,12,NOT Q,'0101,186,no
8,NOR,'0001,4,p AND NOT q,'0100,2,AND,'1000,9,NOT P,'0011,187,no
8,NOR,'0001,5,XOR,'0110,2,AND,'1000,8,NOR,'0001,188,no
8,NOR,'0001,6,P,'1100,2,AND,'1000,9,NOT P,'0011,189,no
8,NOR,'0001,7,OR,'1110,2,AND,'1000,8,NOR,'0001,190,no
8,NOR,'0001,8,NOR,'0001,2,AND,'1000,5,XOR,'0110,191,no
8,NOR,'0001,9,NOT P,'0011,2,AND,'1000,4,p AND NOT q,'0100,192,no
8,NOR,'0001,10,XNOR,'1001,2,AND,'1000,5,XOR,'0110,193,no
8,NOR,'0001,11,IMPLIES (p -> q),'1011,2,AND,'1000,4,p AND NOT q,'0100,194,no
8,NOR,'0001,12,NOT Q,'0101,2,AND,'1000,1,q AND NOT p,'0010,195,no
8,NOR,'0001,13,NAND,'0111,2,AND,'1000,0,FALSE,'0000,196,no
8,NOR,'0001,14,CONVERSE (q -> p),'1101,2,AND,'1000,1,q AND NOT p,'0010,197,no
8,NOR,'0001,15,TRUE,'1111,2,AND,'1000,0,FALSE,'0000,1,yes
8,NOR,'0001,0,FALSE,'0000,3,Q,'1010,12,NOT Q,'0101,170,yes
8,NOR,'0001,1,q AND NOT p,'0010,3,Q,'1010,12,NOT Q,'0101,171,no
8,NOR,'0001,2,AND,'1000,3,Q,'1010,12,NOT Q,'0101,172,no
8,NOR,'0001,3,Q,'1010,3,Q,'1010,12,NOT Q,'0101,173,no
8,NOR,'0001,4,p AND NOT q,'0100,3,Q,'1010,8,NOR,'0001,174,no
8,NOR,'0001,5,XOR,'0110,3,Q,'1010,8,NOR,'0001,175,no
8,NOR,'0001,6,P,'1100,3,Q,'1010,8,NOR,'0001,110,yes
8,NOR,'0001,7,OR,'1110,3,Q,'1010,8,NOR,'0001,176,no
8,NOR,'0001,8,NOR,'0001,3,Q,'1010,4,p AND NOT q,'0100,177,no
8,NOR,'0001,9,NOT P,'0011,3,Q,'1010,4,p AND NOT q,'0100,50,yes
8,NOR,'0001,10,XNOR,'1001,3,Q,'1010,4,p AND NOT q,'0100,178,no
8,NOR,'0001,11,IMPLIES (p -> q),'1011,3,Q,'1010,4,p AND NOT q,'0100,179,no
8,NOR,'0001,12,NOT Q,'0101,3,Q,'1010,0,FALSE,'0000,180,no
8,NOR,'0001,13,NAND,'0111,3,Q,'1010,0,FALSE,'0000,181,no
8,NOR,'0001,14,CONVERSE (q -> p),'1101,3,Q,'1010,0,FALSE,'0000,182,no
8,NOR,'0001,15,TRUE,'1111,3,Q,'1010,0,FALSE,'0000,1,yes
8,NOR,'0001,0,FALSE,'0000,4,p AND NOT q,'0100,11,IMPLIES (p -> q),'1011,155,yes
8,NOR,'0001,1,q AND NOT p,'0010,4,p AND NOT q,'0100,10,XNOR,'1001,156,no
8,NOR,'0001,2,AND,'1000,4,p AND NOT q,'0100,9,NOT P,'0011,157,no
8,NOR,'0001,3,Q,'1010,4,p AND NOT q,'0100,8,NOR,'0001,158,no
8,NOR,'0001,4,p AND NOT q,'0100,4,p AND NOT q,'0100,11,IMPLIES (p -> q),'1011,159,no
8,NOR,'0001,5,XOR,'0110,4,p AND NOT q,'0100,10,XNOR,'1001,160,no
8,NOR,'0001,6,P,'1100,4,p AND NOT q,'0100,9,NOT P,'0011,161,no
8,NOR,'0001,7,OR,'1110,4,p AND NOT q,'0100,8,NOR,'0001,162,no
8,NOR,'0001,8,NOR,'0001,4,p AND NOT q,'0100,3,Q,'1010,163,no
8,NOR,'0001,9,NOT P,'0011,4,p AND NOT q,'0100,2,AND,'1000,164,no
8,NOR,'0001,10,XNOR,'1001,4,p AND NOT q,'0100,1,q AND NOT p,'0010,165,no
8,NOR,'0001,11,IMPLIES (p -> q),'1011,4,p AND NOT q,'0100,0,FALSE,'0000,166,no
8,NOR,'0001,12,NOT Q,'0101,4,p AND NOT q,'0100,3,Q,'1010,167,no
8,NOR,'0001,13,NAND,'0111,4,p AND NOT q,'0100,2,AND,'1000,168,no
8,NOR,'0001,14,CONVERSE (q -> p),'1101,4,p AND NOT q,'0100,1,q AND NOT p,'0010,169,no
8,NOR,'0001,15,TRUE,'1111,4,p AND NOT q,'0100,0,FALSE,'0000,1,yes
8,NOR,'0001,0,FALSE,'0000,5,XOR,'0110,10,XNOR,'1001,140,yes
8,NOR,'0001,1,q AND NOT p,'0010,5,XOR,'0110,10,XNOR,'1001,141,no
8,NOR,'0001,2,AND,'1000,5,XOR,'0110,8,NOR,'0001,142,no
8,NOR,'0001,3,Q,'1010,5,XOR,'0110,8,NOR,'0001,143,no
8,NOR,'0001,4,p AND NOT q,'0100,5,XOR,'0110,10,XNOR,'1001,144,no
8,NOR,'0001,5,XOR,'0110,5,XOR,'0110,10,XNOR,'1001,145,no
8,NOR,'0001,6,P,'1100,5,XOR,'0110,8,NOR,'0001,146,no
8,NOR,'0001,7,OR,'1110,5,XOR,'0110,8,NOR,'0001,147,no
8,NOR,'0001,8,NOR,'0001,5,XOR,'0110,2,AND,'1000,148,no
8,NOR,'0001,9,NOT P,'0011,5,XOR,'0110,2,AND,'1000,149,no
8,NOR,'0001,10,XNOR,'1001,5,XOR,'0110,0,FALSE,'0000,150,no
8,NOR,'0001,11,IMPLIES (p -> q),'1011,5,XOR,'0110,0,FALSE,'0000,151,no
8,NOR,'0001,12,NOT Q,'0101,5,XOR,'0110,2,AND,'1000,152,no
8,NOR,'0001,13,NAND,'0111,5,XOR,'0110,2,AND,'1000,153,no
8,NOR,'0001,14,CONVERSE (q -> p),'1101,5,XOR,'0110,0,FALSE,'0000,154,no
8,NOR,'0001,15,TRUE,'1111,5,XOR,'0110,0,FALSE,'0000,1,yes
8,NOR,'0001,0,FALSE,'0000,6,P,'1100,9,NOT P,'0011,125,yes
8,NOR,'0001,1,q AND NOT p,'0010,6,P,'1100,8,NOR,'0001,126,no
8,NOR,'0001,2,AND,'1000,6,P,'1100,9,NOT P,'0011,127,no
8,NOR,'0001,3,Q,'1010,6,P,'1100,8,NOR,'0001,128,no
8,NOR,'0001,4,p AND NOT q,'0100,6,P,'1100,9,NOT P,'0011,129,no
8,NOR,'0001,5,XOR,'0110,6,P,'1100,8,NOR,'0001,130,no
8,NOR,'0001,6,P,'1100,6,P,'1100,9,NOT P,'0011,131,no
8,NOR,'0001,7,OR,'1110,6,P,'1100,8,NOR,'0001,132,no
8,NOR,'0001,8,NOR,'0001,6,P,'1100,1,q AND NOT p,'0010,133,no
8,NOR,'0001,9,NOT P,'0011,6,P,'1100,0,FALSE,'0000,134,no
8,NOR,'0001,10,XNOR,'1001,6,P,'1100,1,q AND NOT p,'0010,135,no
8,NOR,'0001,11,IMPLIES (p -> q),'1011,6,P,'1100,0,FALSE,'0000,136,no
8,NOR,'0001,12,NOT Q,'0101,6,P,'1100,1,q AND NOT p,'0010,137,no
8,NOR,'0001,13,NAND,'0111,6,P,'1100,0,FALSE,'0000,138,no
8,NOR,'0001,14,CONVERSE (q -> p),'1101,6,P,'1100,1,q AND NOT p,'0010,139,no
8,NOR,'0001,15,TRUE,'1111,6,P,'1100,0,FALSE,'0000,1,yes
8,NOR,'0001,0,FALSE,'0000,7,OR,'1110,8,NOR,'0001,110,yes
8,NOR,'0001,1,q AND NOT p,'0010,7,OR,'1110,8,NOR,'0001,111,no
8,NOR,'0001,2,AND,'1000,7,OR,'1110,8,NOR,'0001,112,no
8,NOR,'0001,3,Q,'1010,7,OR,'1110,8,NOR,'0001,113,no
8,NOR,'0001,4,p AND NOT q,'0100,7,OR,'1110,8,NOR,'0001,114,no
8,NOR,'0001,5,XOR,'0110,7,OR,'1110,8,NOR,'0001,115,no
8,NOR,'0001,6,P,'1100,7,OR,'1110,8,NOR,'0001,116,no
8,NOR,'0001,7,OR,'1110,7,OR,'1110,8,NOR,'0001,117,no
8,NOR,'0001,8,NOR,'0001,7,OR,'1110,0,FALSE,'0000,118,no
8,NOR,'0001,9,NOT P,'0011,7,OR,'1110,0,FALSE,'0000,119,no
8,NOR,'0001,10,XNOR,'1001,7,OR,'1110,0,FALSE,'0000,120,no
8,NOR,'0001,11,IMPLIES (p -> q),'1011,7,OR,'1110,0,FALSE,'0000,121,no
8,NOR,'0001,12,NOT Q,'0101,7,OR,'1110,0,FALSE,'0000,122,no
8,NOR,'0001,13,NAND,'0111,7,OR,'1110,0,FALSE,'0000,123,no
8,NOR,'0001,14,CONVERSE (q -> p),'1101,7,OR,'1110,0,FALSE,'0000,124,no
8,NOR,'0001,15,TRUE,'1111,7,OR,'1110,0,FALSE,'0000,1,yes
8,NOR,'0001,0,FALSE,'0000,8,NOR,'0001,7,OR,'1110,95,yes
8,NOR,'0001,1,q AND NOT p,'0010,8,NOR,'0001,6,P,'1100,96,no
8,NOR,'0001,2,AND,'1000,8,NOR,'0001,5,XOR,'0110,97,no
8,NOR,'0001,3,Q,'1010,8,NOR,'0001,4,p AND NOT q,'0100,98,no
8,NOR,'0001,4,p AND NOT q,'0100,8,NOR,'0001,3,Q,'1010,99,no
8,NOR,'0001,5,XOR,'0110,8,NOR,'0001,2,AND,'1000,100,no
8,NOR,'0001,6,P,'1100,8,NOR,'0001,1,q AND NOT p,'0010,101,no
8,NOR,'0001,7,OR,'1110,8,NOR,'0001,0,FALSE,'0000,102,no
8,NOR,'0001,8,NOR,'0001,8,NOR,'0001,7,OR,'1110,103,no
8,NOR,'0001,9,NOT P,'0011,8,NOR,'0001,6,P,'1100,104,no
8,NOR,'0001,10,XNOR,'1001,8,NOR,'0001,5,XOR,'0110,105,no
8,NOR,'0001,11,IMPLIES (p -> q),'1011,8,NOR,'0001,4,p AND NOT q,'0100,106,no
8,NOR,'0001,12,NOT Q,'0101,8,NOR,'0001,3,Q,'1010,107,no
8,NOR,'0001,13,NAND,'0111,8,NOR,'0001,2,AND,'1000,108,no
8,NOR,'0001,14,CONVERSE (q -> p),'1101,8,NOR,'0001,1,q AND NOT p,'0010,109,no
8,NOR,'0001,15,TRUE,'1111,8,NOR,'0001,0,FALSE,'0000,1,yes
8,NOR,'0001,0,FALSE,'0000,9,NOT P,'0011,6,P,'1100,80,yes
8,NOR,'0001,1,q AND NOT p,'0010,9,NOT P,'0011,6,P,'1100,81,no
8,NOR,'0001,2,AND,'1000,9,NOT P,'0011,4,p AND NOT q,'0100,82,no
8,NOR,'0001,3,Q,'1010,9,NOT P,'0011,4,p AND NOT q,'0100,83,no
8,NOR,'0001,4,p AND NOT q,'0100,9,NOT P,'0011,2,AND,'1000,84,no
8,NOR,'0001,5,XOR,'0110,9,NOT P,'0011,2,AND,'1000,85,no
8,NOR,'0001,6,P,'1100,9,NOT P,'0011,0,FALSE,'0000,86,no
8,NOR,'0001,7,OR,'1110,9,NOT P,'0011,0,FALSE,'0000,87,no
8,NOR,'0001,8,NOR,'0001,9,NOT P,'0011,6,P,'1100,88,no
8,NOR,'0001,9,NOT P,'0011,9,NOT P,'0011,6,P,'1100,89,no
8,NOR,'0001,10,XNOR,'1001,9,NOT P,'0011,4,p AND NOT q,'0100,90,no
8,NOR,'0001,11,IMPLIES (p -> q),'1011,9,NOT P,'0011,4,p AND NOT q,'0100,91,no
8,NOR,'0001,12,NOT Q,'0101,9,NOT P,'0011,2,AND,'1000,92,no
8,NOR,'0001,13,NAND,'0111,9,NOT P,'0011,2,AND,'1000,93,no
8,NOR,'0001,14,CONVERSE (q -> p),'1101,9,NOT P,'0011,0,FALSE,'0000,94,no
8,NOR,'0001,15,TRUE,'1111,9,NOT P,'0011,0,FALSE,'0000,1,yes
8,NOR,'0001,0,FALSE,'0000,10,XNOR,'1001,5,XOR,'0110,65,yes
8,NOR,'0001,1,q AND NOT p,'0010,10,XNOR,'1001,4,p AND NOT q,'0100,66,no
8,NOR,'0001,2,AND,'1000,10,XNOR,'1001,5,XOR,'0110,67,no
8,NOR,'0001,3,Q,'1010,10,XNOR,'1001,4,p AND NOT q,'0100,68,no
8,NOR,'0001,4,p AND NOT q,'0100,10,XNOR,'1001,1,q AND NOT p,'0010,69,no
8,NOR,'0001,5,XOR,'0110,10,XNOR,'1001,0,FALSE,'0000,70,no
8,NOR,'0001,6,P,'1100,10,XNOR,'1001,1,q AND NOT p,'0010,71,no
8,NOR,'0001,7,OR,'1110,10,XNOR,'1001,0,FALSE,'0000,72,no
8,NOR,'0001,8,NOR,'0001,10,XNOR,'1001,5,XOR,'0110,73,no
8,NOR,'0001,9,NOT P,'0011,10,XNOR,'1001,4,p AND NOT q,'0100,74,no
8,NOR,'0001,10,XNOR,'1001,10,XNOR,'1001,5,XOR,'0110,75,no
8,NOR,'0001,11,IMPLIES (p -> q),'1011,10,XNOR,'1001,4,p AND NOT q,'0100,76,no
8,NOR,'0001,12,NOT Q,'0101,10,XNOR,'1001,1,q AND NOT p,'0010,77,no
8,NOR,'0001,13,NAND,'0111,10,XNOR,'1001,0,FALSE,'0000,78,no
8,NOR,'0001,14,CONVERSE (q -> p),'1101,10,XNOR,'1001,1,q AND NOT p,'0010,79,no
8,NOR,'0001,15,TRUE,'1111,10,XNOR,'1001,0,FALSE,'0000,1,yes
8,NOR,'0001,0,FALSE,'0000,11,IMPLIES (p -> q),'1011,4,p AND NOT q,'0100,50,yes
8,NOR,'0001,1,q AND NOT p,'0010,11,IMPLIES (p -> q),'1011,4,p AND NOT q,'0100,51,no
8,NOR,'0001,2,AND,'1000,11,IMPLIES (p -> q),'1011,4,p AND NOT q,'0100,52,no
8,NOR,'0001,3,Q,'1010,11,IMPLIES (p -> q),'1011,4,p AND NOT q,'0100,53,no
8,NOR,'0001,4,p AND NOT q,'0100,11,IMPLIES (p -> q),'1011,0,FALSE,'0000,54,no
8,NOR,'0001,5,XOR,'0110,11,IMPLIES (p -> q),'1011,0,FALSE,'0000,55,no
8,NOR,'0001,6,P,'1100,11,IMPLIES (p -> q),'1011,0,FALSE,'0000,56,no
8,NOR,'0001,7,OR,'1110,11,IMPLIES (p -> q),'1011,0,FALSE,'0000,57,no
8,NOR,'0001,8,NOR,'0001,11,IMPLIES (p -> q),'1011,4,p AND NOT q,'0100,58,no
8,NOR,'0001,9,NOT P,'0011,11,IMPLIES (p -> q),'1011,4,p AND NOT q,'0100,59,no
8,NOR,'0001,10,XNOR,'1001,11,IMPLIES (p -> q),'1011,4,p AND NOT q,'0100,60,no
8,NOR,'0001,11,IMPLIES (p -> q),'1011,11,IMPLIES (p -> q),'1011,4,p AND NOT q,'0100,61,no
8,NOR,'0001,12,NOT Q,'0101,11,IMPLIES (p -> q),'1011,0,FALSE,'0000,62,no
8,NOR,'0001,13,NAND,'0111,11,IMPLIES (p -> q),'1011,0,FALSE,'0000,63,no
8,NOR,'0001,14,CONVERSE (q -> p),'1101,11,IMPLIES (p -> q),'1011,0,FALSE,'0000,64,no
8,NOR,'0001,15,TRUE,'1111,11,IMPLIES (p -> q),'1011,0,FALSE,'0000,1,yes
8,NOR,'0001,0,FALSE,'0000,12,NOT Q,'0101,3,Q,'1010,37,yes
8,NOR,'0001,1,q AND NOT p,'0010,12,NOT Q,'0101,2,AND,'1000,38,no
8,NOR,'0001,2,AND,'1000,12,NOT Q,'0101,1,q AND NOT p,'0010,39,no
8,NOR,'0001,3,Q,'1010,12,NOT Q,'0101,0,FALSE,'0000,40,no
8,NOR,'0001,4,p AND NOT q,'0100,12,NOT Q,'0101,3,Q,'1010,41,no
8,NOR,'0001,5,XOR,'0110,12,NOT Q,'0101,2,AND,'1000,42,no
8,NOR,'0001,6,P,'1100,12,NOT Q,'0101,1,q AND NOT p,'0010,7,yes
8,NOR,'0001,7,OR,'1110,12,NOT Q,'0101,0,FALSE,'0000,43,no
8,NOR,'0001,8,NOR,'0001,12,NOT Q,'0101,3,Q,'1010,44,no
8,NOR,'0001,9,NOT P,'0011,12,NOT Q,'0101,2,AND,'1000,22,yes
8,NOR,'0001,10,XNOR,'1001,12,NOT Q,'0101,1,q AND NOT p,'0010,45,no
8,NOR,'0001,11,IMPLIES (p -> q),'1011,12,NOT Q,'0101,0,FALSE,'0000,46,no
8,NOR,'0001,12,NOT Q,'0101,12,NOT Q,'0101,3,Q,'1010,47,no
8,NOR,'0001,13,NAND,'0111,12,NOT Q,'0101,2,AND,'1000,48,no
8,NOR,'0001,14,CONVERSE (q -> p),'1101,12,NOT Q,'0101,1,q AND NOT p,'0010,49,no
8,NOR,'0001,15,TRUE,'1111,12,NOT Q,'0101,0,FALSE,'0000,1,yes
8,NOR,'0001,0,FALSE,'0000,13,NAND,'0111,2,AND,'1000,22,yes
8,NOR,'0001,1,q AND NOT p,'0010,13,NAND,'0111,2,AND,'1000,23,no
8,NOR,'0001,2,AND,'1000,13,NAND,'0111,0,FALSE,'0000,24,no
8,NOR,'0001,3,Q,'1010,13,NAND,'0111,0,FALSE,'0000,25,no
8,NOR,'0001,4,p AND NOT q,'0100,13,NAND,'0111,2,AND,'1000,26,no
8,NOR,'0001,5,XOR,'0110,13,NAND,'0111,2,AND,'1000,27,no
8,NOR,'0001,6,P,'1100,13,NAND,'0111,0,FALSE,'0000,28,no
8,NOR,'0001,7,OR,'1110,13,NAND,'0111,0,FALSE,'0000,29,no
8,NOR,'0001,8,NOR,'0001,13,NAND,'0111,2,AND,'1000,30,no
8,NOR,'0001,9,NOT P,'0011,13,NAND,'0111,2,AND,'1000,31,no
8,NOR,'0001,10,XNOR,'1001,13,NAND,'0111,0,FALSE,'0000,32,no
8,NOR,'0001,11,IMPLIES (p -> q),'1011,13,NAND,'0111,0,FALSE,'0000,33,no
8,NOR,'0001,12,NOT Q,'0101,13,NAND,'0111,2,AND,'1000,34,no
8,NOR,'0001,13,NAND,'0111,13,NAND,'0111,2,AND,'1000,35,no
8,NOR,'0001,14,CONVERSE (q -> p),'1101,13,NAND,'0111,0,FALSE,'0000,36,no
8,NOR,'0001,15,TRUE,'1111,13,NAND,'0111,0,FALSE,'0000,1,yes
8,NOR,'0001,0,FALSE,'0000,14,CONVERSE (q -> p),'1101,1,q AND NOT p,'0010,7,yes
8,NOR,'0001,1,q AND NOT p,'0010,14,CONVERSE (q -> p),'1101,0,FALSE,'0000,8,no
8,NOR,'0001,2,AND,'1000,14,CONVERSE (q -> p),'1101,1,q AND NOT p,'0010,9,no
8,NOR,'0001,3,Q,'1010,14,CONVERSE (q -> p),'1101,0,FALSE,'0000,10,no
8,NOR,'0001,4,p AND NOT q,'0100,14,CONVERSE (q -> p),'1101,1,q AND NOT p,'0010,11,no
8,NOR,'0001,5,XOR,'0110,14,CONVERSE (q -> p),'1101,0,FALSE,'0000,12,no
8,NOR,'0001,6,P,'1100,14,CONVERSE (q -> p),'1101,1,q AND NOT p,'0010,13,no
8,NOR,'0001,7,OR,'1110,14,CONVERSE (q -> p),'1101,0,FALSE,'0000,14,no
8,NOR,'0001,8,NOR,'0001,14,CONVERSE (q -> p),'1101,1,q AND NOT p,'0010,15,no
8,NOR,'0001,9,NOT P,'0011,14,CONVERSE (q -> p),'1101,0,FALSE,'0000,16,no
8,NOR,'0001,10,XNOR,'1001,14,CONVERSE (q -> p),'1101,1,q AND NOT p,'0010,17,no
8,NOR,'0001,11,IMPLIES (p -> q),'1011,14,CONVERSE (q -> p),'1101,0,FALSE,'0000,18,no
8,NOR,'0001,12,NOT Q,'0101,14,CONVERSE (q -> p),'1101,1,q AND NOT p,'0010,19,no
8,NOR,'0001,13,NAND,'0111,14,CONVERSE (q -> p),'1101,0,FALSE,'0000,20,no
8,NOR,'0001,14,CONVERSE (q -> p),'1101,14,CONVERSE (q -> p),'1101,1,q AND NOT p,'0010,21,no
8,NOR,'0001,15,TRUE,'1111,14,CONVERSE (q -> p),'1101,0,FALSE,'0000,1,yes
8,NOR,'0001,0,FALSE,'0000,15,TRUE,'1111,0,FALSE,'0000,1,yes
8,NOR,'0001,1,q AND NOT p,'0010,15,TRUE,'1111,0,FALSE,'0000,2,no
8,NOR,'0001,2,AND,'1000,15,TRUE,'1111,0,FALSE,'0000,3,no
8,NOR,'0001,3,Q,'1010,15,TRUE,'1111,0,FALSE,'0000,4,no
8,NOR,'0001,4,p AND NOT q,'0100,15,TRUE,'1111,0,FALSE,'0000,3,no
8,NOR,'0001,5,XOR,'0110,15,TRUE,'1111,0,FALSE,'0000,5,no
8,NOR,'0001,6,P,'1100,15,TRUE,'1111,0,FALSE,'0000,6,no
8,NOR,'0001,7,OR,'1110,15,TRUE,'1111,0,FALSE,'0000,2,no
8,NOR,'0001,8,NOR,'0001,15,TRUE,'1111,0,FALSE,'0000,2,no
8,NOR,'0001,9,NOT P,'0011,15,TRUE,'1111,0,FALSE,'0000,6,no
8,NOR,'0001,10,XNOR,'1001,15,TRUE,'1111,0,FALSE,'0000,5,no
8,NOR,'0001,11,IMPLIES (p -> q),'1011,15,TRUE,'1111,0,FALSE,'0000,3,no
8,NOR,'0001,12,NOT Q,'0101,15,TRUE,'1111,0,FALSE,'0000,4,no
8,NOR,'0001,13,NAND,'0111,15,TRUE,'1111,0,FALSE,'0000,3,no
8,NOR,'0001,14,CONVERSE (q -> p),'1101,15,TRUE,'1111,0,FALSE,'0000,2,no
8,NOR,'0001,15,TRUE,'1111,15,TRUE,'1111,0,FALSE,'0000,1,yes
9,NOT P,'0011,0,FALSE,'0000,0,FALSE,'0000,15,TRUE,'1111,213,yes
9,NOT P,'0011,1,q AND NOT p,'0010,0,FALSE,'0000,14,CONVERSE (q -> p),'1101,198,yes
9,NOT P,'0011,2,AND,'1000,0,FALSE,'0000,13,NAND,'0111,183,yes
9,NOT P,'0011,3,Q,'1010,0,FALSE,'0000,12,NOT Q,'0101,170,yes
9,NOT P,'0011,4,p AND NOT q,'0100,0,FALSE,'0000,11,IMPLIES (p -> q),'1011,155,yes
9,NOT P,'0011,5,XOR,'0110,0,FALSE,'0000,10,XNOR,'1001,140,yes
9,NOT P,'0011,6,P,'1100,0,FALSE,'0000,9,NOT P,'0011,125,yes
9,NOT P,'0011,7,OR,'1110,0,FALSE,'0000,8,NOR,'0001,110,yes
9,NOT P,'0011,8,NOR,'0001,0,FALSE,'0000,7,OR,'1110,95,yes
9,NOT P,'0011,9,NOT P,'0011,0,FALSE,'0000,6,P,'1100,80,yes
9,NOT P,'0011,10,XNOR,'1001,0,FALSE,'0000,5,XOR,'0110,65,yes
9,NOT P,'0011,11,IMPLIES (p -> q),'1011,0,FALSE,'0000,4,p AND NOT q,'0100,50,yes
9,NOT P,'0011,12,NOT Q,'0101,0,FALSE,'0000,3,Q,'1010,37,yes
9,NOT P,'0011,13,NAND,'0111,0,FALSE,'0000,2,AND,'1000,22,yes
9,NOT P,'0011,14,CONVERSE (q -> p),'1101,0,FALSE,'0000,1,q AND NOT p,'0010,7,yes
9,NOT P,'0011,15,TRUE,'1111,0,FALSE,'0000,0,FALSE,'0000,1,yes
9,NOT P,'0011,0,FALSE,'0000,1,q AND NOT p,'0010,15,TRUE,'1111,213,yes
9,NOT P,'0011,1,q AND NOT p,'0010,1,q AND NOT p,'0010,14,CONVERSE (q -> p),'1101,198,yes
9,NOT P,'0011,2,AND,'1000,1,q AND NOT p,'0010,13,NAND,'0111,183,yes
9,NOT P,'0011,3,Q,'1010,1,q AND NOT p,'0010,12,NOT Q,'0101,170,yes
9,NOT P,'0011,4,p AND NOT q,'0100,1,q AND NOT p,'0010,11,IMPLIES (p -> q),'1011,155,yes
9,NOT P,'0011,5,XOR,'0110,1,q AND NOT p,'0010,10,XNOR,'1001,140,yes
9,NOT P,'0011,6,P,'1100,1,q AND NOT p,'0010,9,NOT P,'0011,125,yes
9,NOT P,'0011,7,OR,'1110,1,q AND NOT p,'0010,8,NOR,'0001,110,yes
9,NOT P,'0011,8,NOR,'0001,1,q AND NOT p,'0010,7,OR,'1110,95,yes
9,NOT P,'0011,9,NOT P,'0011,1,q AND NOT p,'0010,6,P,'1100,80,yes
9,NOT P,'0011,10,XNOR,'1001,1,q AND NOT p,'0010,5,XOR,'0110,65,yes
9,NOT P,'0011,11,IMPLIES (p -> q),'1011,1,q AND NOT p,'0010,4,p AND NOT q,'0100,50,yes
9,NOT P,'0011,12,NOT Q,'0101,1,q AND NOT p,'0010,3,Q,'1010,37,yes
9,NOT P,'0011,13,NAND,'0111,1,q AND NOT p,'0010,2,AND,'1000,22,yes
9,NOT P,'0011,14,CONVERSE (q -> p),'1101,1,q AND NOT p,'0010,1,q AND NOT p,'0010,7,yes
9,NOT P,'0011,15,TRUE,'1111,1,q AND NOT p,'0010,0,FALSE,'0000,1,yes
9,NOT P,'0011,0,FALSE,'0000,2,AND,'1000,15,TRUE,'1111,213,yes
9,NOT P,'0011,1,q AND NOT p,'0010,2,AND,'1000,14,CONVERSE (q -> p),'1101,198,yes
9,NOT P,'0011,2,AND,'1000,2,AND,'1000,13,NAND,'0111,183,yes
9,NOT P,'0011,3,Q,'1010,2,AND,'1000,12,NOT Q,'0101,170,yes
9,NOT P,'0011,4,p AND NOT q,'0100,2,AND,'1000,11,IMPLIES (p -> q),'1011,155,yes
9,NOT P,'0011,5,XOR,'0110,2,AND,'1000,10,XNOR,'1001,140,yes
9,NOT P,'0011,6,P,'1100,2,AND,'1000,9,NOT P,'0011,125,yes
9,NOT P,'0011,7,OR,'1110,2,AND,'1000,8,NOR,'0001,110,yes
9,NOT P,'0011,8,NOR,'0001,2,AND,'1000,7,OR,'1110,95,yes
9,NOT P,'0011,9,NOT P,'0011,2,AND,'1000,6,P,'1100,80,yes
9,NOT P,'0011,10,XNOR,'1001,2,AND,'1000,5,XOR,'0110,65,yes
9,NOT P,'0011,11,IMPLIES (p -> q),'1011,2,AND,'1000,4,p AND NOT q,'0100,50,yes
9,NOT P,'0011,12,NOT Q,'0101,2,AND,'1000,3,Q,'1010,37,yes
9,NOT P,'0011,13,NAND,'0111,2,AND,'1000,2,AND,'1000,22,yes
9,NOT P,'0011,14,CONVERSE (q -> p),'1101,2,AND,'1000,1,q AND NOT p,'0010,7,yes
9,NOT P,'0011,15,TRUE,'1111,2,AND,'1000,0,FALSE,'0000,1,yes
9,NOT P,'0011,0,FALSE,'0000,3,Q,'1010,15,TRUE,'1111,213,yes
9,NOT P,'0011,1,q AND NOT p,'0010,3,Q,'1010,14,CONVERSE (q -> p),'1101,198,yes
9,NOT P,'0011,2,AND,'1000,3,Q,'1010,13,NAND,'0111,183,yes
9,NOT P,'0011,3,Q,'1010,3,Q,'1010,12,NOT Q,'0101,170,yes
9,NOT P,'0011,4,p AND NOT q,'0100,3,Q,'1010,11,IMPLIES (p -> q),'1011,155,yes
9,NOT P,'0011,5,XOR,'0110,3,Q,'1010,10,XNOR,'1001,140,yes
9,NOT P,'0011,6,P,'1100,3,Q,'1010,9,NOT P,'0011,125,yes
9,NOT P,'0011,7,OR,'1110,3,Q,'1010,8,NOR,'0001,110,yes
9,NOT P,'0011,8,NOR,'0001,3,Q,'1010,7,OR,'1110,95,yes
9,NOT P,'0011,9,NOT P,'0011,3,Q,'1010,6,P,'1100,80,yes
9,NOT P,'0011,10,XNOR,'1001,3,Q,'1010,5,XOR,'0110,65,yes
9,NOT P,'0011,11,IMPLIES (p -> q),'1011,3,Q,'1010,4,p AND NOT q,'0100,50,yes
9,NOT P,'0011,12,NOT Q,'0101,3,Q,'1010,3,Q,'1010,37,yes
9,NOT P,'0011,13,NAND,'0111,3,Q,'1010,2,AND,'1000,22,yes
9,NOT P,'0011,14,CONVERSE (q -> p),'1101,3,Q,'1010,1,q AND NOT p,'0010,7,yes
9,NOT P,'0011,15,TRUE,'1111,3,Q,'1010,0,FALSE,'0000,1,yes
9,NOT P,'0011,0,FALSE,'0000,4,p AND NOT q,'0100,15,TRUE,'1111,213,yes
9,NOT P,'0011,1,q AND NOT p,'0010,4,p AND NOT q,'0100,14,CONVERSE (q -> p),'1101,198,yes
9,NOT P,'0011,2,AND,'1000,4,p AND NOT q,'0100,13,NAND,'0111,183,yes
9,NOT P,'0011,3,Q,'1010,4,p AND NOT q,'0100,12,NOT Q,'0101,170,yes
9,NOT P,'0011,4,p AND NOT q,'0100,4,p AND NOT q,'0100,11,IMPLIES (p -> q),'1011,155,yes
9,NOT P,'0011,5,XOR,'0110,4,p AND NOT q,'0100,10,XNOR,'1001,140,yes
9,NOT P,'0011,6,P,'1100,4,p AND NOT q,'0100,9,NOT P,'0011,125,yes
9,NOT P,'0011,7,OR,'1110,4,p AND NOT q,'0100,8,NOR,'0001,110,yes
9,NOT P,'0011,8,NOR,'0001,4,p AND NOT q,'0100,7,OR,'1110,95,yes
9,NOT P,'0011,9,NOT P,'0011,4,p AND NOT q,'0100,6,P,'1100,80,yes
9,NOT P,'0011,10,XNOR,'1001,4,p AND NOT q,'0100,5,XOR,'0110,65,yes
9,NOT P,'0011,11,IMPLIES (p -> q),'1011,4,p AND NOT q,'0100,4,p AND NOT q,'0100,50,yes
9,NOT P,'0011,12,NOT Q,'0101,4,p AND NOT q,'0100,3,Q,'1010,37,yes
9,NOT P,'0011,13,NAND,'0111,4,p AND NOT q,'0100,2,AND,'1000,22,yes
9,NOT P,'0011,14,CONVERSE (q -> p),'1101,4,p AND NOT q,'0100,1,q AND NOT p,'0010,7,yes
9,NOT P,'0011,15,TRUE,'1111,4,p AND NOT q,'0100,0,FALSE,'0000,1,yes
9,NOT P,'0011,0,FALSE,'0000,5,XOR,'0110,15,TRUE,'1111,213,yes
9,NOT P,'0011,1,q AND NOT p,'0010,5,XOR,'0110,14,CONVERSE (q -> p),'1101,198,yes
9,NOT P,'0011,2,AND,'1000,5,XOR,'0110,13,NAND,'0111,183,yes
9,NOT P,'0011,3,Q,'1010,5,XOR,'0110,12,NOT Q,'0101,170,yes
9,NOT P,'0011,4,p AND NOT q,'0100,5,XOR,'0110,11,IMPLIES (p -> q),'1011,155,yes
9,NOT P,'0011,5,XOR,'0110,5,XOR,'0110,10,XNOR,'1001,140,yes
9,NOT P,'0011,6,P,'1100,5,XOR,'0110,9,NOT P,'0011,125,yes
9,NOT P,'0011,7,OR,'1110,5,XOR,'0110,8,NOR,'0001,110,yes
9,NOT P,'0011,8,NOR,'0001,5,XOR,'0110,7,OR,'1110,95,yes
9,NOT P,'0011,9,NOT P,'0011,5,XOR,'0110,6,P,'1100,80,yes
9,NOT P,'0011,10,XNOR,'1001,5,XOR,'0110,5,XOR,'0110,65,yes
9,NOT P,'0011,11,IMPLIES (p -> q),'1011,5,XOR,'0110,4,p AND NOT q,'0100,50,yes
9,NOT P,'0011,12,NOT Q,'0101,5,XOR,'0110,3,Q,'1010,37,yes
9,NOT P,'0011,13,NAND,'0111,5,XOR,'0110,2,AND,'1000,22,yes
9,NOT P,'0011,14,CONVERSE (q -> p),'1101,5,XOR,'0110,1,q AND NOT p,'0010,7,yes
9,NOT P,'0011,15,TRUE,'1111,5,XOR,'0110,0,FALSE,'0000,1,yes
9,NOT P,'0011,0,FALSE,'0000,6,P,'1100,15,TRUE,'1111,213,yes
9,NOT P,'0011,1,q AND NOT p,'0010,6,P,'1100,14,CONVERSE (q -> p),'1101,198,yes
9,NOT P,'0011,2,AND,'1000,6,P,'1100,13,NAND,'0111,183,yes
9,NOT P,'0011,3,Q,'1010,6,P,'1100,12,NOT Q,'0101,170,yes
9,NOT P,'0011,4,p AND NOT q,'0100,6,P,'1100,11,IMPLIES (p -> q),'1011,155,yes
9,NOT P,'0011,5,XOR,'0110,6,P,'1100,10,XNOR,'1001,140,yes
9,NOT P,'0011,6,P,'1100,6,P,'1100,9,NOT P,'0011,125,yes
9,NOT P,'0011,7,OR,'1110,6,P,'1100,8,NOR,'0001,110,yes
9,NOT P,'0011,8,NOR,'0001,6,P,'1100,7,OR,'1110,95,yes
9,NOT P,'0011,9,NOT P,'0011,6,P,'1100,6,P,'1100,80,yes
9,NOT P,'0011,10,XNOR,'1001,6,P,'1100,5,XOR,'0110,65,yes
9,NOT P,'0011,11,IMPLIES (p -> q),'1011,6,P,'1100,4,p AND NOT q,'0100,50,yes
9,NOT P,'0011,12,NOT Q,'0101,6,P,'1100,3,Q,'1010,37,yes
9,NOT P,'0011,13,NAND,'0111,6,P,'1100,2,AND,'1000,22,yes
9,NOT P,'0011,14,CONVERSE (q -> p),'1101,6,P,'1100,1,q AND NOT p,'0010,7,yes
9,NOT P,'0011,15,TRUE,'1111,6,P,'1100,0,FALSE,'0000,1,yes
9,NOT P,'0011,0,FALSE,'0000,7,OR,'1110,15,TRUE,'1111,213,yes
9,NOT P,'0011,1,q AND NOT p,'0010,7,OR,'1110,14,CONVERSE (q -> p),'1101,198,yes
9,NOT P,'0011,2,AND,'1000,7,OR,'1110,13,NAND,'0111,183,yes
9,NOT P,'0011,3,Q,'1010,7,OR,'1110,12,NOT Q,'0101,170,yes
9,NOT P,'0011,4,p AND NOT q,'0100,7,OR,'1110,11,IMPLIES (p -> q),'1011,155,yes
9,NOT P,'0011,5,XOR,'0110,7,OR,'1110,10,XNOR,'1001,140,yes
9,NOT P,'0011,6,P,'1100,7,OR,'1110,9,NOT P,'0011,125,yes
9,NOT P,'0011,7,OR,'1110,7,OR,'1110,8,NOR,'0001,110,yes
9,NOT P,'0011,8,NOR,'0001,7,OR,'1110,7,OR,'1110,95,yes
9,NOT P,'0011,9,NOT P,'0011,7,OR,'1110,6,P,'1100,80,yes
9,NOT P,'0011,10,XNOR,'1001,7,OR,'1110,5,XOR,'0110,65,yes
9,NOT P,'0011,11,IMPLIES (p -> q),'1011,7,OR,'1110,4,p AND NOT q,'0100,50,yes
9,NOT P,'0011,12,NOT Q,'0101,7,OR,'1110,3,Q,'1010,37,yes
9,NOT P,'0011,13,NAND,'0111,7,OR,'1110,2,AND,'1000,22,yes
9,NOT P,'0011,14,CONVERSE (q -> p),'1101,7,OR,'1110,1,q AND NOT p,'0010,7,yes
9,NOT P,'0011,15,TRUE,'1111,7,OR,'1110,0,FALSE,'0000,1,yes
9,NOT P,'0011,0,FALSE,'0000,8,NOR,'0001,15,TRUE,'1111,213,yes
9,NOT P,'0011,1,q AND NOT p,'0010,8,NOR,'0001,14,CONVERSE (q -> p),'1101,198,yes
9,NOT P,'0011,2,AND,'1000,8,NOR,'0001,13,NAND,'0111,183,yes
9,NOT P,'0011,3,Q,'1010,8,NOR,'0001,12,NOT Q,'0101,170,yes
9,NOT P,'0011,4,p AND NOT q,'0100,8,NOR,'0001,11,IMPLIES (p -> q),'1011,155,yes
9,NOT P,'0011,5,XOR,'0110,8,NOR,'0001,10,XNOR,'1001,140,yes
9,NOT P,'0011,6,P,'1100,8,NOR,'0001,9,NOT P,'0011,125,yes
9,NOT P,'0011,7,OR,'1110,8,NOR,'0001,8,NOR,'0001,110,yes
9,NOT P,'0011,8,NOR,'0001,8,NOR,'0001,7,OR,'1110,95,yes
9,NOT P,'0011,9,NOT P,'0011,8,NOR,'0001,6,P,'1100,80,yes
9,NOT P,'0011,10,XNOR,'1001,8,NOR,'0001,5,XOR,'0110,65,yes
9,NOT P,'0011,11,IMPLIES (p -> q),'1011,8,NOR,'0001,4,p AND NOT q,'0100,50,yes
9,NOT P,'0011,12,NOT Q,'0101,8,NOR,'0001,3,Q,'1010,37,yes
9,NOT P,'0011,13,NAND,'0111,8,NOR,'0001,2,AND,'1000,22,yes
9,NOT P,'0011,14,CONVERSE (q -> p),'1101,8,NOR,'0001,1,q AND NOT p,'0010,7,yes
9,NOT P,'0011,15,TRUE,'1111,8,NOR,'0001,0,FALSE,'0000,1,yes
9,NOT P,'0011,0,FALSE,'0000,9,NOT P,'0011,15,TRUE,'1111,213,yes
9,NOT P,'0011,1,q AND NOT p,'0010,9,NOT P,'0011,14,CONVERSE (q -> p),'1101,198,yes
9,NOT P,'0011,2,AND,'1000,9,NOT P,'0011,13,NAND,'0111,183,yes
9,NOT P,'0011,3,Q,'1010,9,NOT P,'0011,12,NOT Q,'0101,170,yes
9,NOT P,'0011,4,p AND NOT q,'0100,9,NOT P,'0011,11,IMPLIES (p -> q),'1011,155,yes
9,NOT P,'0011,5,XOR,'0110,9,NOT P,'0011,10,XNOR,'1001,140,yes
9,NOT P,'0011,6,P,'1100,9,NOT P,'0011,9,NOT P,'0011,125,yes
9,NOT P,'0011,7,OR,'1110,9,NOT P,'0011,8,NOR,'0001,110,yes
9,NOT P,'0011,8,NOR,'0001,9,NOT P,'0011,7,OR,'1110,95,yes
9,NOT P,'0011,9,NOT P,'0011,9,NOT P,'0011,6,P,'1100,80,yes
9,NOT P,'0011,10,XNOR,'1001,9,NOT P,'0011,5,XOR,'0110,65,yes
9,NOT P,'0011,11,IMPLIES (p -> q),'1011,9,NOT P,'0011,4,p AND NOT q,'0100,50,yes
9,NOT P,'0011,12,NOT Q,'0101,9,NOT P,'0011,3,Q,'1010,37,yes
9,NOT P,'0011,13,NAND,'0111,9,NOT P,'0011,2,AND,'1000,22,yes
9,NOT P,'0011,14,CONVERSE (q -> p),'1101,9,NOT P,'0011,1,q AND NOT p,'0010,7,yes
9,NOT P,'0011,15,TRUE,'1111,9,NOT P,'0011,0,FALSE,'0000,1,yes
9,NOT P,'0011,0,FALSE,'0000,10,XNOR,'1001,15,TRUE,'1111,213,yes
9,NOT P,'0011,1,q AND NOT p,'0010,10,XNOR,'1001,14,CONVERSE (q -> p),'1101,198,yes
9,NOT P,'0011,2,AND,'1000,10,XNOR,'1001,13,NAND,'0111,183,yes
9,NOT P,'0011,3,Q,'1010,10,XNOR,'1001,12,NOT Q,'0101,170,yes
9,NOT P,'0011,4,p AND NOT q,'0100,10,XNOR,'1001,11,IMPLIES (p -> q),'1011,155,yes
9,NOT P,'0011,5,XOR,'0110,10,XNOR,'1001,10,XNOR,'1001,140,yes
9,NOT P,'0011,6,P,'1100,10,XNOR,'1001,9,NOT P,'0011,125,yes
9,NOT P,'0011,7,OR,'1110,10,XNOR,'1001,8,NOR,'0001,110,yes
9,NOT P,'0011,8,NOR,'0001,10,XNOR,'1001,7,OR,'1110,95,yes
9,NOT P,'0011,9,NOT P,'0011,10,XNOR,'1001,6,P,'1100,80,yes
9,NOT P,'0011,10,XNOR,'1001,10,XNOR,'1001,5,XOR,'0110,65,yes
9,NOT P,'0011,11,IMPLIES (p -> q),'1011,10,XNOR,'1001,4,p AND NOT q,'0100,50,yes
9,NOT P,'0011,12,NOT Q,'0101,10,XNOR,'1001,3,Q,'1010,37,yes
9,NOT P,'0011,13,NAND,'0111,10,XNOR,'1001,2,AND,'1000,22,yes
9,NOT P,'0011,14,CONVERSE (q -> p),'1101,10,XNOR,'1001,1,q AND NOT p,'0010,7,yes
9,NOT P,'0011,15,TRUE,'1111,10,XNOR,'1001,0,FALSE,'0000,1,yes
9,NOT P,'0011,0,FALSE,'0000,11,IMPLIES (p -> q),'1011,15,TRUE,'1111,213,yes
9,NOT P,'0011,1,q AND NOT p,'0010,11,IMPLIES (p -> q),'1011,14,CONVERSE (q -> p),'1101,198,yes
9,NOT P,'0011,2,AND,'1000,11,IMPLIES (p -> q),'1011,13,NAND,'0111,183,yes
9,NOT P,'0011,3,Q,'1010,11,IMPLIES (p -> q),'1011,12,NOT Q,'0101,170,yes
9,NOT P,'0011,4,p AND NOT q,'0100,11,IMPLIES (p -> q),'1011,11,IMPLIES (p -> q),'1011,155,yes
9,NOT P,'0011,5,XOR,'0110,11,IMPLIES (p -> q),'1011,10,XNOR,'1001,140,yes
9,NOT P,'0011,6,P,'1100,11,IMPLIES (p -> q),'1011,9,NOT P,'0011,125,yes
9,NOT P,'0011,7,OR,'1110,11,IMPLIES (p -> q),'1011,8,NOR,'0001,110,yes
9,NOT P,'0011,8,NOR,'0001,11,IMPLIES (p -> q),'1011,7,OR,'1110,95,yes
9,NOT P,'0011,9,NOT P,'0011,11,IMPLIES (p -> q),'1011,6,P,'1100,80,yes
9,NOT P,'0011,10,XNOR,'1001,11,IMPLIES (p -> q),'1011,5,XOR,'0110,65,yes
9,NOT P,'0011,11,IMPLIES (p -> q),'1011,11,IMPLIES (p -> q),'1011,4,p AND NOT q,'0100,50,yes
9,NOT P,'0011,12,NOT Q,'0101,11,IMPLIES (p -> q),'1011,3,Q,'1010,37,yes
9,NOT P,'0011,13,NAND,'0111,11,IMPLIES (p -> q),'1011,2,AND,'1000,22,yes
9,NOT P,'0011,14,CONVERSE (q -> p),'1101,11,IMPLIES (p -> q),'1011,1,q AND NOT p,'0010,7,yes
9,NOT P,'0011,15,TRUE,'1111,11,IMPLIES (p -> q),'1011,0,FALSE,'0000,1,yes
9,NOT P,'0011,0,FALSE,'0000,12,NOT Q,'0101,15,TRUE,'1111,213,yes
9,NOT P,'0011,1,q AND NOT p,'0010,12,NOT Q,'0101,14,CONVERSE (q -> p),'1101,198,yes
9,NOT P,'0011,2,AND,'1000,12,NOT Q,'0101,13,NAND,'0111,183,yes
9,NOT P,'0011,3,Q,'1010,12,NOT Q,'0101,12,NOT Q,'0101,170,yes
9,NOT P,'0011,4,p AND NOT q,'0100,12,NOT Q,'0101,11,IMPLIES (p -> q),'1011,155,yes
9,NOT P,'0011,5,XOR,'0110,12,NOT Q,'0101,10,XNOR,'1001,140,yes
9,NOT P,'0011,6,P,'1100,12,NOT Q,'0101,9,NOT P,'0011,125,yes
9,NOT P,'0011,7,OR,'1110,12,NOT Q,'0101,8,NOR,'0001,110,yes
9,NOT P,'0011,8,NOR,'0001,12,NOT Q,'0101,7,OR,'1110,95,yes
9,NOT P,'0011,9,NOT P,'0011,12,NOT Q,'0101,6,P,'1100,80,yes
9,NOT P,'0011,10,XNOR,'1001,12,NOT Q,'0101,5,XOR,'0110,65,yes
9,NOT P,'0011,11,IMPLIES (p -> q),'1011,12,NOT Q,'0101,4,p AND NOT q,'0100,50,yes
9,NOT P,'0011,12,NOT Q,'0101,12,NOT Q,'0101,3,Q,'1010,37,yes
9,NOT P,'0011,13,NAND,'0111,12,NOT Q,'0101,2,AND,'1000,22,yes
9,NOT P,'0011,14,CONVERSE (q -> p),'1101,12,NOT Q,'0101,1,q AND NOT p,'0010,7,yes
9,NOT P,'0011,15,TRUE,'1111,12,NOT Q,'0101,0,FALSE,'0000,1,yes
9,NOT P,'0011,0,FALSE,'0000,13,NAND,'0111,15,TRUE,'1111,213,yes
9,NOT P,'0011,1,q AND NOT p,'0010,13,NAND,'0111,14,CONVERSE (q -> p),'1101,198,yes
9,NOT P,'0011,2,AND,'1000,13,NAND,'0111,13,NAND,'0111,183,yes
9,NOT P,'0011,3,Q,'1010,13,NAND,'0111,12,NOT Q,'0101,170,yes
9,NOT P,'0011,4,p AND NOT q,'0100,13,NAND,'0111,11,IMPLIES (p -> q),'1011,155,yes
9,NOT P,'0011,5,XOR,'0110,13,NAND,'0111,10,XNOR,'1001,140,yes
9,NOT P,'0011,6,P,'1100,13,NAND,'0111,9,NOT P,'0011,125,yes
9,NOT P,'0011,7,OR,'1110,13,NAND,'0111,8,NOR,'0001,110,yes
9,NOT P,'0011,8,NOR,'0001,13,NAND,'0111,7,OR,'1110,95,yes
9,NOT P,'0011,9,NOT P,'0011,13,NAND,'0111,6,P,'1100,80,yes
9,NOT P,'0011,10,XNOR,'1001,13,NAND,'0111,5,XOR,'0110,65,yes
9,NOT P,'0011,11,IMPLIES (p -> q),'1011,13,NAND,'0111,4,p AND NOT q,'0100,50,yes
9,NOT P,'0011,12,NOT Q,'0101,13,NAND,'0111,3,Q,'1010,37,yes
9,NOT P,'0011,13,NAND,'0111,13,NAND,'0111,2,AND,'1000,22,yes
9,NOT P,'0011,14,CONVERSE (q -> p),'1101,13,NAND,'0111,1,q AND NOT p,'0010,7,yes
9,NOT P,'0011,15,TRUE,'1111,13,NAND,'0111,0,FALSE,'0000,1,yes
9,NOT P,'0011,0,FALSE,'0000,14,CONVERSE (q -> p),'1101,15,TRUE,'1111,213,yes
9,NOT P,'0011,1,q AND NOT p,'0010,14,CONVERSE (q -> p),'1101,14,CONVERSE (q -> p),'1101,198,yes
9,NOT P,'0011,2,AND,'1000,14,CONVERSE (q -> p),'1101,13,NAND,'0111,183,yes
9,NOT P,'0011,3,Q,'1010,14,CONVERSE (q -> p),'1101,12,NOT Q,'0101,170,yes
9,NOT P,'0011,4,p AND NOT q,'0100,14,CONVERSE (q -> p),'1101,11,IMPLIES (p -> q),'1011,155,yes
9,NOT P,'0011,5,XOR,'0110,14,CONVERSE (q -> p),'1101,10,XNOR,'1001,140,yes
9,NOT P,'0011,6,P,'1100,14,CONVERSE (q -> p),'1101,9,NOT P,'0011,125,yes
9,NOT P,'0011,7,OR,'1110,14,CONVERSE (q -> p),'1101,8,NOR,'0001,110,yes
9,NOT P,'0011,8,NOR,'0001,14,CONVERSE (q -> p),'1101,7,OR,'1110,95,yes
9,NOT P,'0011,9,NOT P,'0011,14,CONVERSE (q -> p),'1101,6,P,'1100,80,yes
9,NOT P,'0011,10,XNOR,'1001,14,CONVERSE (q -> p),'1101,5,XOR,'0110,65,yes
9,NOT P,'0011,11,IMPLIES (p -> q),'1011,14,CONVERSE (q -> p),'1101,4,p AND NOT q,'0100,50,yes
9,NOT P,'0011,12,NOT Q,'0101,14,CONVERSE (q -> p),'1101,3,Q,'1010,37,yes
9,NOT P,'0011,13,NAND,'0111,14,CONVERSE (q -> p),'1101,2,AND,'1000,22,yes
9,NOT P,'0011,14,CONVERSE (q -> p),'1101,14,CONVERSE (q -> p),'1101,1,q AND NOT p,'0010,7,yes
9,NOT P,'0011,15,TRUE,'1111,14,CONVERSE (q -> p),'1101,0,FALSE,'0000,1,yes
9,NOT P,'0011,0,FALSE,'0000,15,TRUE,'1111,15,TRUE,'1111,213,yes
9,NOT P,'0011,1,q AND NOT p,'0010,15,TRUE,'1111,14,CONVERSE (q -> p),'1101,198,yes
9,NOT P,'0011,2,AND,'1000,15,TRUE,'1111,13,NAND,'0111,183,yes
9,NOT P,'0011,3,Q,'1010,15,TRUE,'1111,12,NOT Q,'0101,170,yes
9,NOT P,'0011,4,p AND NOT q,'0100,15,TRUE,'1111,11,IMPLIES (p -> q),'1011,155,yes
9,NOT P,'0011,5,XOR,'0110,15,TRUE,'1111,10,XNOR,'1001,140,yes
9,NOT P,'0011,6,P,'1100,15,TRUE,'1111,9,NOT P,'0011,125,yes
9,NOT P,'0011,7,OR,'1110,15,TRUE,'1111,8,NOR,'0001,110,yes
9,NOT P,'0011,8,NOR,'0001,15,TRUE,'1111,7,OR,'1110,95,yes
9,NOT P,'0011,9,NOT P,'0011,15,TRUE,'1111,6,P,'1100,80,yes
9,NOT P,'0011,10,XNOR,'1001,15,TRUE,'1111,5,XOR,'0110,65,yes
9,NOT P,'0011,11,IMPLIES (p -> q),'1011,15,TRUE,'1111,4,p AND NOT q,'0100,50,yes
9,NOT P,'0011,12,NOT Q,'0101,15,TRUE,'1111,3,Q,'1010,37,yes
9,NOT P,'0011,13,NAND,'0111,15,TRUE,'1111,2,AND,'1000,22,yes
9,NOT P,'0011,14,CONVERSE (q -> p),'1101,15,TRUE,'1111,1,q AND NOT p,'0010,7,yes
9,NOT P,'0011,15,TRUE,'1111,15,TRUE,'1111,0,FALSE,'0000,1,yes
10,XNOR,'1001,0,FALSE,'0000,0,FALSE,'0000,15,TRUE,'1111,213,yes
10,XNOR,'1001,1,q AND NOT p,'0010,0,FALSE,'0000,14,CONVERSE (q -> p),'1101,198,yes
10,XNOR,'1001,2,AND,'1000,0,FALSE,'0000,13,NAND,'0111,183,yes
10,XNOR,'1001,3,Q,'1010,0,FALSE,'0000,12,NOT Q,'0101,170,yes
10,XNOR,'1001,4,p AND NOT q,'0100,0,FALSE,'0000,11,IMPLIES (p -> q),'1011,155,yes
10,XNOR,'1001,5,XOR,'0110,0,FALSE,'0000,10,XNOR,'1001,140,yes
10,XNOR,'1001,6,P,'1100,0,FALSE,'0000,9,NOT P,'0011,125,yes
10,XNOR,'1001,7,OR,'1110,0,FALSE,'0000,8,NOR,'0001,110,yes
10,XNOR,'1001,8,NOR,'0001,0,FALSE,'0000,7,OR,'1110,95,yes
10,XNOR,'1001,9,NOT P,'0011,0,FALSE,'0000,6,P,'1100,80,yes
10,XNOR,'1001,10,XNOR,'1001,0,FALSE,'0000,5,XOR,'0110,65,yes
10,XNOR,'1001,11,IMPLIES (p -> q),'1011,0,FALSE,'0000,4,p AND NOT q,'0100,50,yes
10,XNOR,'1001,12,NOT Q,'0101,0,FALSE,'0000,3,Q,'1010,37,yes
10,XNOR,'1001,13,NAND,'0111,0,FALSE,'0000,2,AND,'1000,22,yes
10,XNOR,'1001,14,CONVERSE (q -> p),'1101,0,FALSE,'0000,1,q AND NOT p,'0010,7,yes
10,XNOR,'1001,15,TRUE,'1111,0,FALSE,'0000,0,FALSE,'0000,1,yes
10,XNOR,'1001,0,FALSE,'0000,1,q AND NOT p,'0010,14,CONVERSE (q -> p),'1101,198,yes
10,XNOR,'1001,1,q AND NOT p,'0010,1,q AND NOT p,'0010,15,TRUE,'1111,227,no
10,XNOR,'1001,2,AND,'1000,1,q AND NOT p,'0010,12,NOT Q,'0101,226,no
10,XNOR,'1001,3,Q,'1010,1,q AND NOT p,'0010,13,NAND,'0111,225,no
10,XNOR,'1001,4,p AND NOT q,'0100,1,q AND NOT p,'0010,10,XNOR,'1001,224,no
10,XNOR,'1001,5,XOR,'0110,1,q AND NOT p,'0010,11,IMPLIES (p -> q),'1011,223,no
10,XNOR,'1001,6,P,'1100,1,q AND NOT p,'0010,8,NOR,'0001,222,no
10,XNOR,'1001,7,OR,'1110,1,q AND NOT p,'0010,9,NOT P,'0011,221,no
10,XNOR,'1001,8,NOR,'0001,1,q AND NOT p,'0010,6,P,'1100,220,no
10,XNOR,'1001,9,NOT P,'0011,1,q AND NOT p,'0010,7,OR,'1110,219,no
10,XNOR,'1001,10,XNOR,'1001,1,q AND NOT p,'0010,4,p AND NOT q,'0100,218,no
10,XNOR,'1001,11,IMPLIES (p -> q),'1011,1,q AND NOT p,'0010,5,XOR,'0110,217,no
10,XNOR,'1001,12,NOT Q,'0101,1,q AND NOT p,'0010,2,AND,'1000,216,no
10,XNOR,'1001,13,NAND,'0111,1,q AND NOT p,'0010,3,Q,'1010,215,no
10,XNOR,'1001,14,CONVERSE (q -> p),'1101,1,q AND NOT p,'0010,0,FALSE,'0000,214,no
10,XNOR,'1001,15,TRUE,'1111,1,q AND NOT p,'0010,1,q AND NOT p,'0010,7,yes
10,XNOR,'1001,0,FALSE,'0000,2,AND,'1000,13,NAND,'0111,183,yes
10,XNOR,'1001,1,q AND NOT p,'0010,2,AND,'1000,12,NOT Q,'0101,241,no
10,XNOR,'1001,2,AND,'1000,2,AND,'1000,15,TRUE,'1111,240,no
10,XNOR,'1001,3,Q,'1010,2,AND,'1000,14,CONVERSE (q -> p),'1101,239,no
10,XNOR,'1001,4,p AND NOT q,'0100,2,AND,'1000,9,NOT P,'0011,238,no
10,XNOR,'1001,5,XOR,'0110,2,AND,'1000,8,NOR,'0001,237,no
10,XNOR,'1001,6,P,'1100,2,AND,'1000,11,IMPLIES (p -> q),'1011,236,no
10,XNOR,'1001,7,OR,'1110,2,AND,'1000,10,XNOR,'1001,235,no
10,XNOR,'1001,8,NOR,'0001,2,AND,'1000,5,XOR,'0110,234,no
10,XNOR,'1001,9,NOT P,'0011,2,AND,'1000,4,p AND NOT q,'0100,233,no
10,XNOR,'1001,10,XNOR,'1001,2,AND,'1000,7,OR,'1110,232,no
10,XNOR,'1001,11,IMPLIES (p -> q),'1011,2,AND,'1000,6,P,'1100,231,no
10,XNOR,'1001,12,NOT Q,'0101,2,AND,'1000,1,q AND NOT p,'0010,230,no
10,XNOR,'1001,13,NAND,'0111,2,AND,'1000,0,FALSE,'0000,229,no
10,XNOR,'1001,14,CONVERSE (q -> p),'1101,2,AND,'1000,3,Q,'1010,228,no
10,XNOR,'1001,15,TRUE,'1111,2,AND,'1000,2,AND,'1000,22,yes
10,XNOR,'1001,0,FALSE,'0000,3,Q,'1010,12,NOT Q,'0101,170,yes
10,XNOR,'1001,1,q AND NOT p,'0010,3,Q,'1010,13,NAND,'0111,253,no
10,XNOR,'1001,2,AND,'1000,3,Q,'1010,14,CONVERSE (q -> p),'1101,252,no
10,XNOR,'1001,3,Q,'1010,3,Q,'1010,15,TRUE,'1111,251,no
10,XNOR,'1001,4,p AND NOT q,'0100,3,Q,'1010,8,NOR,'0001,250,no
10,XNOR,'1001,5,XOR,'0110,3,Q,'1010,9,NOT P,'0011,249,no
10,XNOR,'1001,6,P,'1100,3,Q,'1010,10,XNOR,'1001,140,yes
10,XNOR,'1001,7,OR,'1110,3,Q,'1010,11,IMPLIES (p -> q),'1011,248,no
10,XNOR,'1001,8,NOR,'0001,3,Q,'1010,4,p AND NOT q,'0100,247,no
10,XNOR,'1001,9,NOT P,'0011,3,Q,'1010,5,XOR,'0110,65,yes
10,XNOR,'1001,10,XNOR,'1001,3,Q,'1010,6,P,'1100,246,no
10,XNOR,'1001,11,IMPLIES (p -> q),'1011,3,Q,'1010,7,OR,'1110,245,no
10,XNOR,'1001,12,NOT Q,'0101,3,Q,'1010,0,FALSE,'0000,244,no
10,XNOR,'1001,13,NAND,'0111,3,Q,'1010,1,q AND NOT p,'0010,243,no
10,XNOR,'1001,14,CONVERSE (q -> p),'1101,3,Q,'1010,2,AND,'1000,242,no
10,XNOR,'1001,15,TRUE,'1111,3,Q,'1010,3,Q,'1010,37,yes
10,XNOR,'1001,0,FALSE,'0000,4,p AND NOT q,'0100,11,IMPLIES (p -> q),'1011,155,yes
10,XNOR,'1001,1,q AND NOT p,'0010,4,p AND NOT q,'0100,10,XNOR,'1001,267,no
10,XNOR,'1001,2,AND,'1000,4,p AND NOT q,'0100,9,NOT P,'0011,266,no
10,XNOR,'1001,3,Q,'1010,4,p AND NOT q,'0100,8,NOR,'0001,265,no
10,XNOR,'1001,4,p AND NOT q,'0100,4,p AND NOT q,'0100,15,TRUE,'1111,264,no
10,XNOR,'1001,5,XOR,'0110,4,p AND NOT q,'0100,14,CONVERSE (q -> p),'1101,263,no
10,XNOR,'1001,6,P,'1100,4,p AND NOT q,'0100,13,NAND,'0111,262,no
10,XNOR,'1001,7,OR,'1110,4,p AND NOT q,'0100,12,NOT Q,'0101,261,no
10,XNOR,'1001,8,NOR,'0001,4,p AND NOT q,'0100,3,Q,'1010,260,no
10,XNOR,'1001,9,NOT P,'0011,4,p AND NOT q,'0100,2,AND,'1000,259,no
10,XNOR,'1001,10,XNOR,'1001,4,p AND NOT q,'0100,1,q AND NOT p,'0010,258,no
10,XNOR,'1001,11,IMPLIES (p -> q),'1011,4,p AND NOT q,'0100,0,FALSE,'0000,257,no
10,XNOR,'1001,12,NOT Q,'0101,4,p AND NOT q,'0100,7,OR,'1110,256,no
10,XNOR,'1001,13,NAND,'0111,4,p AND NOT q,'0100,6,P,'1100,255,no
10,XNOR,'1001,14,CONVERSE (q -> p),'1101,4,p AND NOT q,'0100,5,XOR,'0110,254,no
10,XNOR,'1001,15,TRUE,'1111,4,p AND NOT q,'0100,4,p AND NOT q,'0100,50,yes
10,XNOR,'1001,0,FALSE,'0000,5,XOR,'0110,10,XNOR,'1001,140,yes
10,XNOR,'1001,1,q AND NOT p,'0010,5,XOR,'0110,11,IMPLIES (p -> q),'1011,281,no
10,XNOR,'1001,2,AND,'1000,5,XOR,'0110,8,NOR,'0001,280,no
10,XNOR,'1001,3,Q,'1010,5,XOR,'0110,9,NOT P,'0011,279,no
10,XNOR,'1001,4,p AND NOT q,'0100,5,XOR,'0110,14,CONVERSE (q -> p),'1101,278,no
10,XNOR,'1001,5,XOR,'0110,5,XOR,'0110,15,TRUE,'1111,277,no
10,XNOR,'1001,6,P,'1100,5,XOR,'0110,12,NOT Q,'0101,276,no
10,XNOR,'1001,7,OR,'1110,5,XOR,'0110,13,NAND,'0111,275,no
10,XNOR,'1001,8,NOR,'0001,5,XOR,'0110,2,AND,'1000,274,no
10,XNOR,'1001,9,NOT P,'0011,5,XOR,'0110,3,Q,'1010,273,no
10,XNOR,'1001,10,XNOR,'1001,5,XOR,'0110,0,FALSE,'0000,272,no
10,XNOR,'1001,11,IMPLIES (p -> q),'1011,5,XOR,'0110,1,q AND NOT p,'0010,271,no
10,XNOR,'1001,12,NOT Q,'0101,5,XOR,'0110,6,P,'1100,270,no
10,XNOR,'1001,13,NAND,'0111,5,XOR,'0110,7,OR,'1110,269,no
10,XNOR,'1001,14,CONVERSE (q -> p),'1101,5,XOR,'0110,4,p AND NOT q,'0100,268,no
10,XNOR,'1001,15,TRUE,'1111,5,XOR,'0110,5,XOR,'0110,65,yes
10,XNOR,'1001,0,FALSE,'0000,6,P,'1100,9,NOT P,'0011,125,yes
10,XNOR,'1001,1,q AND NOT p,'0010,6,P,'1100,8,NOR,'0001,295,no
10,XNOR,'1001,2,AND,'1000,6,P,'1100,11,IMPLIES (p -> q),'1011,294,no
10,XNOR,'1001,3,Q,'1010,6,P,'1100,10,XNOR,'1001,293,no
10,XNOR,'1001,4,p AND NOT q,'0100,6,P,'1100,13,NAND,'0111,292,no
10,XNOR,'1001,5,XOR,'0110,6,P,'1100,12,NOT Q,'0101,291,no
10,XNOR,'1001,6,P,'1100,6,P,'1100,15,TRUE,'1111,290,no
10,XNOR,'1001,7,OR,'1110,6,P,'1100,14,CONVERSE (q -> p),'1101,289,no
10,XNOR,'1001,8,NOR,'0001,6,P,'1100,1,q AND NOT p,'0010,288,no
10,XNOR,'1001,9,NOT P,'0011,6,P,'1100,0,FALSE,'0000,287,no
10,XNOR,'1001,10,XNOR,'1001,6,P,'1100,3,Q,'1010,286,no
10,XNOR,'1001,11,IMPLIES (p -> q),'1011,6,P,'1100,2,AND,'1000,285,no
10,XNOR,'1001,12,NOT Q,'0101,6,P,'1100,5,XOR,'0110,284,no
10,XNOR,'1001,13,NAND,'0111,6,P,'1100,4,p AND NOT q,'0100,283,no
10,XNOR,'1001,14,CONVERSE (q -> p),'1101,6,P,'1100,7,OR,'1110,282,no
10,XNOR,'1001,15,TRUE,'1111,6,P,'1100,6,P,'1100,80,yes
10,XNOR,'1001,0,FALSE,'0000,7,OR,'1110,8,NOR,'0001,110,yes
10,XNOR,'1001,1,q AND NOT p,'0010,7,OR,'1110,9,NOT P,'0011,309,no
10,XNOR,'1001,2,AND,'1000,7,OR,'1110,10,XNOR,'1001,308,no
10,XNOR,'1001,3,Q,'1010,7,OR,'1110,11,IMPLIES (p -> q),'1011,307,no
10,XNOR,'1001,4,p AND NOT q,'0100,7,OR,'1110,12,NOT Q,'0101,306,no
10,XNOR,'1001,5,XOR,'0110,7,OR,'1110,13,NAND,'0111,305,no
10,XNOR,'1001,6,P,'1100,7,OR,'1110,14,CONVERSE (q -> p),'1101,304,no
10,XNOR,'1001,7,OR,'1110,7,OR,'1110,15,TRUE,'1111,303,no
10,XNOR,'1001,8,NOR,'0001,7,OR,'1110,0,FALSE,'0000,302,no
10,XNOR,'1001,9,NOT P,'0011,7,OR,'1110,1,q AND NOT p,'0010,301,no
10,XNOR,'1001,10,XNOR,'1001,7,OR,'1110,2,AND,'1000,300,no
10,XNOR,'1001,11,IMPLIES (p -> q),'1011,7,OR,'1110,3,Q,'1010,299,no
10,XNOR,'1001,12,NOT Q,'0101,7,OR,'1110,4,p AND NOT q,'0100,298,no
10,XNOR,'1001,13,NAND,'0111,7,OR,'1110,5,XOR,'0110,297,no
10,XNOR,'1001,14,CONVERSE (q -> p),'1101,7,OR,'1110,6,P,'1100,296,no
10,XNOR,'1001,15,TRUE,'1111,7,OR,'1110,7,OR,'1110,95,yes
10,XNOR,'1001,0,FALSE,'0000,8,NOR,'0001,7,OR,'1110,95,yes
10,XNOR,'1001,1,q AND NOT p,'0010,8,NOR,'0001,6,P,'1100,296,no
10,XNOR,'1001,2,AND,'1000,8,NOR,'0001,5,XOR,'0110,297,no
10,XNOR,'1001,3,Q,'1010,8,NOR,'0001,4,p AND NOT q,'0100,298,no
10,XNOR,'1001,4,p AND NOT q,'0100,8,NOR,'0001,3,Q,'1010,299,no
10,XNOR,'1001,5,XOR,'0110,8,NOR,'0001,2,AND,'1000,300,no
10,XNOR,'1001,6,P,'1100,8,NOR,'0001,1,q AND NOT p,'0010,301,no
10,XNOR,'1001,7,OR,'1110,8,NOR,'0001,0,FALSE,'0000,302,no
10,XNOR,'1001,8,NOR,'0001,8,NOR,'0001,15,TRUE,'1111,303,no
10,XNOR,'1001,9,NOT P,'0011,8,NOR,'0001,14,CONVERSE (q -> p),'1101,304,no
10,XNOR,'1001,10,XNOR,'1001,8,NOR,'0001,13,NAND,'0111,305,no
10,XNOR,'1001,11,IMPLIES (p -> q),'1011,8,NOR,'0001,12,NOT Q,'0101,306,no
10,XNOR,'1001,12,NOT Q,'0101,8,NOR,'0001,11,IMPLIES (p -> q),'1011,307,no
10,XNOR,'1001,13,NAND,'0111,8,NOR,'0001,10,XNOR,'1001,308,no
10,XNOR,'1001,14,CONVERSE (q -> p),'1101,8,NOR,'0001,9,NOT P,'0011,309,no
10,XNOR,'1001,15,TRUE,'1111,8,NOR,'0001,8,NOR,'0001,110,yes
10,XNOR,'1001,0,FALSE,'0000,9,NOT P,'0011,6,P,'1100,80,yes
10,XNOR,'1001,1,q AND NOT p,'0010,9,NOT P,'0011,7,OR,'1110,282,no
10,XNOR,'1001,2,AND,'1000,9,NOT P,'0011,4,p AND NOT q,'0100,283,no
10,XNOR,'1001,3,Q,'1010,9,NOT P,'0011,5,XOR,'0110,284,no
10,XNOR,'1001,4,p AND NOT q,'0100,9,NOT P,'0011,2,AND,'1000,285,no
10,XNOR,'1001,5,XOR,'0110,9,NOT P,'0011,3,Q,'1010,286,no
10,XNOR,'1001,6,P,'1100,9,NOT P,'0011,0,FALSE,'0000,287,no
10,XNOR,'1001,7,OR,'1110,9,NOT P,'0011,1,q AND NOT p,'0010,288,no
10,XNOR,'1001,8,NOR,'0001,9,NOT P,'0011,14,CONVERSE (q -> p),'1101,289,no
10,XNOR,'1001,9,NOT P,'0011,9,NOT P,'0011,15,TRUE,'1111,290,no
10,XNOR,'1001,10,XNOR,'1001,9,NOT P,'0011,12,NOT Q,'0101,291,no
10,XNOR,'1001,11,IMPLIES (p -> q),'1011,9,NOT P,'0011,13,NAND,'0111,292,no
10,XNOR,'1001,12,NOT Q,'0101,9,NOT P,'0011,10,XNOR,'1001,293,no
10,XNOR,'1001,13,NAND,'0111,9,NOT P,'0011,11,IMPLIES (p -> q),'1011,294,no
10,XNOR,'1001,14,CONVERSE (q -> p),'1101,9,NOT P,'0011,8,NOR,'0001,295,no
10,XNOR,'1001,15,TRUE,'1111,9,NOT P,'0011,9,NOT P,'0011,125,yes
10,XNOR,'1001,0,FALSE,'0000,10,XNOR,'1001,5,XOR,'0110,65,yes
10,XNOR,'1001,1,q AND NOT p,'0010,10,XNOR,'1001,4,p AND NOT q,'0100,268,no
10,XNOR,'1001,2,AND,'1000,10,XNOR,'1001,7,OR,'1110,269,no
10,XNOR,'1001,3,Q,'1010,10,XNOR,'1001,6,P,'1100,270,no
10,XNOR,'1001,4,p AND NOT q,'0100,10,XNOR,'1001,1,q AND NOT p,'0010,271,no
10,XNOR,'1001,5,XOR,'0110,10,XNOR,'1001,0,FALSE,'0000,272,no
10,XNOR,'1001,6,P,'1100,10,XNOR,'1001,3,Q,'1010,273,no
10,XNOR,'1001,7,OR,'1110,10,XNOR,'1001,2,AND,'1000,274,no
10,XNOR,'1001,8,NOR,'0001,10,XNOR,'1001,13,NAND,'0111,275,no
10,XNOR,'1001,9,NOT P,'0011,10,XNOR,'1001,12,NOT Q,'0101,276,no
10,XNOR,'1001,10,XNOR,'1001,10,XNOR,'1001,15,TRUE,'1111,277,no
10,XNOR,'1001,11,IMPLIES (p -> q),'1011,10,XNOR,'1001,14,CONVERSE (q -> p),'1101,278,no
10,XNOR,'1001,12,NOT Q,'0101,10,XNOR,'1001,9,NOT P,'0011,279,no
10,XNOR,'1001,13,NAND,'0111,10,XNOR,'1001,8,NOR,'0001,280,no
10,XNOR,'1001,14,CONVERSE (q -> p),'1101,10,XNOR,'1001,11,IMPLIES (p -> q),'1011,281,no
10,XNOR,'1001,15,TRUE,'1111,10,XNOR,'1001,10,XNOR,'1001,140,yes
10,XNOR,'1001,0,FALSE,'0000,11,IMPLIES (p -> q),'1011,4,p AND NOT q,'0100,50,yes
10,XNOR,'1001,1,q AND NOT p,'0010,11,IMPLIES (p -> q),'1011,5,XOR,'0110,254,no
10,XNOR,'1001,2,AND,'1000,11,IMPLIES (p -> q),'1011,6,P,'1100,255,no
10,XNOR,'1001,3,Q,'1010,11,IMPLIES (p -> q),'1011,7,OR,'1110,256,no
10,XNOR,'1001,4,p AND NOT q,'0100,11,IMPLIES (p -> q),'1011,0,FALSE,'0000,257,no
10,XNOR,'1001,5,XOR,'0110,11,IMPLIES (p -> q),'1011,1,q AND NOT p,'0010,258,no
10,XNOR,'1001,6,P,'1100,11,IMPLIES (p -> q),'1011,2,AND,'1000,259,no
10,XNOR,'1001,7,OR,'1110,11,IMPLIES (p -> q),'1011,3,Q,'1010,260,no
10,XNOR,'1001,8,NOR,'0001,11,IMPLIES (p -> q),'1011,12,NOT Q,'0101,261,no
10,XNOR,'1001,9,NOT P,'0011,11,IMPLIES (p -> q),'1011,13,NAND,'0111,262,no
10,XNOR,'1001,10,XNOR,'1001,11,IMPLIES (p -> q),'1011,14,CONVERSE (q -> p),'1101,263,no
10,XNOR,'1001,11,IMPLIES (p -> q),'1011,11,IMPLIES (p -> q),'1011,15,TRUE,'1111,264,no
10,XNOR,'1001,12,NOT Q,'0101,11,IMPLIES (p -> q),'1011,8,NOR,'0001,265,no
10,XNOR,'1001,13,NAND,'0111,11,IMPLIES (p -> q),'1011,9,NOT P,'0011,266,no
10,XNOR,'1001,14,CONVERSE (q -> p),'1101,11,IMPLIES (p -> q),'1011,10,XNOR,'1001,267,no
10,XNOR,'1001,15,TRUE,'1111,11,IMPLIES (p -> q),'1011,11,IMPLIES (p -> q),'1011,155,yes
10,XNOR,'1001,0,FALSE,'0000,12,NOT Q,'0101,3,Q,'1010,37,yes
10,XNOR,'1001,1,q AND NOT p,'0010,12,NOT Q,'0101,2,AND,'1000,242,no
10,XNOR,'1001,2,AND,'1000,12,NOT Q,'0101,1,q AND NOT p,'0010,243,no
10,XNOR,'1001,3,Q,'1010,12,NOT Q,'0101,0,FALSE,'0000,244,no
10,XNOR,'1001,4,p AND NOT q,'0100,12,NOT Q,'0101,7,OR,'1110,245,no
10,XNOR,'1001,5,XOR,'0110,12,NOT Q,'0101,6,P,'1100,246,no
10,XNOR,'1001,6,P,'1100,12,NOT Q,'0101,5,XOR,'0110,65,yes
10,XNOR,'1001,7,OR,'1110,12,NOT Q,'0101,4,p AND NOT q,'0100,247,no
10,XNOR,'1001,8,NOR,'0001,12,NOT Q,'0101,11,IMPLIES (p -> q),'1011,248,no
10,XNOR,'1001,9,NOT P,'0011,12,NOT Q,'0101,10,XNOR,'1001,140,yes
10,XNOR,'1001,10,XNOR,'1001,12,NOT Q,'0101,9,NOT P,'0011,249,no
10,XNOR,'1001,11,IMPLIES (p -> q),'1011,12,NOT Q,'0101,8,NOR,'0001,250,no
10,XNOR,'1001,12,NOT Q,'0101,12,NOT Q,'0101,15,TRUE,'1111,251,no
10,XNOR,'1001,13,NAND,'0111,12,NOT Q,'0101,14,CONVERSE (q -> p),'1101,252,no
10,XNOR,'1001,14,CONVERSE (q -> p),'1101,12,NOT Q,'0101,13,NAND,'0111,253,no
10,XNOR,'1001,15,TRUE,'1111,12,NOT Q,'0101,12,NOT Q,'0101,170,yes
10,XNOR,'1001,0,FALSE,'0000,13,NAND,'0111,2,AND,'1000,22,yes
10,XNOR,'1001,1,q AND NOT p,'0010,13,NAND,'0111,3,Q,'1010,228,no
10,XNOR,'1001,2,AND,'1000,13,NAND,'0111,0,FALSE,'0000,229,no
10,XNOR,'1001,3,Q,'1010,13,NAND,'0111,1,q AND NOT p,'0010,230,no
10,XNOR,'1001,4,p AND NOT q,'0100,13,NAND,'0111,6,P,'1100,231,no
10,XNOR,'1001,5,XOR,'0110,13,NAND,'0111,7,OR,'1110,232,no
10,XNOR,'1001,6,P,'1100,13,NAND,'0111,4,p AND NOT q,'0100,233,no
10,XNOR,'1001,7,OR,'1110,13,NAND,'0111,5,XOR,'0110,234,no
10,XNOR,'1001,8,NOR,'0001,13,NAND,'0111,10,XNOR,'1001,235,no
10,XNOR,'1001,9,NOT P,'0011,13,NAND,'0111,11,IMPLIES (p -> q),'1011,236,no
10,XNOR,'1001,10,XNOR,'1001,13,NAND,'0111,8,NOR,'0001,237,no
10,XNOR,'1001,11,IMPLIES (p -> q),'1011,13,NAND,'0111,9,NOT P,'0011,238,no
10,XNOR,'1001,12,NOT Q,'0101,13,NAND,'0111,14,CONVERSE (q -> p),'1101,239,no
10,XNOR,'1001,13,NAND,'0111,13,NAND,'0111,15,TRUE,'1111,240,no
10,XNOR,'1001,14,CONVERSE (q -> p),'1101,13,NAND,'0111,12,NOT Q,'0101,241,no
10,XNOR,'1001,15,TRUE,'1111,13,NAND,'0111,13,NAND,'0111,183,yes
10,XNOR,'1001,0,FALSE,'0000,14,CONVERSE (q -> p),'1101,1,q AND NOT p,'0010,7,yes
10,XNOR,'1001,1,q AND NOT p,'0010,14,CONVERSE (q -> p),'1101,0,FALSE,'0000,214,no
10,XNOR,'1001,2,AND,'1000,14,CONVERSE (q -> p),'1101,3,Q,'1010,215,no
10,XNOR,'1001,3,Q,'1010,14,CONVERSE (q -> p),'1101,2,AND,'1000,216,no
10,XNOR,'1001,4,p AND NOT q,'0100,14,CONVERSE (q -> p),'1101,5,XOR,'0110,217,no
10,XNOR,'1001,5,XOR,'0110,14,CONVERSE (q -> p),'1101,4,p AND NOT q,'0100,218,no
10,XNOR,'1001,6,P,'1100,14,CONVERSE (q -> p),'1101,7,OR,'1110,219,no
10,XNOR,'1001,7,OR,'1110,14,CONVERSE (q -> p),'1101,6,P,'1100,220,no
10,XNOR,'1001,8,NOR,'0001,14,CONVERSE (q -> p),'1101,9,NOT P,'0011,221,no
10,XNOR,'1001,9,NOT P,'0011,14,CONVERSE (q -> p),'1101,8,NOR,'0001,222,no
10,XNOR,'1001,10,XNOR,'1001,14,CONVERSE (q -> p),'1101,11,IMPLIES (p -> q),'1011,223,no
10,XNOR,'1001,11,IMPLIES (p -> q),'1011,14,CONVERSE (q -> p),'1101,10,XNOR,'1001,224,no
10,XNOR,'1001,12,NOT Q,'0101,14,CONVERSE (q -> p),'1101,13,NAND,'0111,225,no
10,XNOR,'1001,13,NAND,'0111,14,CONVERSE (q -> p),'1101,12,NOT Q,'0101,226,no
10,XNOR,'1001,14,CONVERSE (q -> p),'1101,14,CONVERSE (q -> p),'1101,15,TRUE,'1111,227,no
10,XNOR,'1001,15,TRUE,'1111,14,CONVERSE (q -> p),'1101,14,CONVERSE (q -> p),'1101,198,yes
10,XNOR,'1001,0,FALSE,'0000,15,TRUE,'1111,0,FALSE,'0000,1,yes
10,XNOR,'1001,1,q AND NOT p,'0010,15,TRUE,'1111,1,q AND NOT p,'0010,7,yes
10,XNOR,'1001,2,AND,'1000,15,TRUE,'1111,2,AND,'1000,22,yes
10,XNOR,'1001,3,Q,'1010,15,TRUE,'1111,3,Q,'1010,37,yes
10,XNOR,'1001,4,p AND NOT q,'0100,15,TRUE,'1111,4,p AND NOT q,'0100,50,yes
10,XNOR,'1001,5,XOR,'0110,15,TRUE,'1111,5,XOR,'0110,65,yes
10,XNOR,'1001,6,P,'1100,15,TRUE,'1111,6,P,'1100,80,yes
10,XNOR,'1001,7,OR,'1110,15,TRUE,'1111,7,OR,'1110,95,yes
10,XNOR,'1001,8,NOR,'0001,15,TRUE,'1111,8,NOR,'0001,110,yes
10,XNOR,'1001,9,NOT P,'0011,15,TRUE,'1111,9,NOT P,'0011,125,yes
10,XNOR,'1001,10,XNOR,'1001,15,TRUE,'1111,10,XNOR,'1001,140,yes
10,XNOR,'1001,11,IMPLIES (p -> q),'1011,15,TRUE,'1111,11,IMPLIES (p -> q),'1011,155,yes
10,XNOR,'1001,12,NOT Q,'0101,15,TRUE,'1111,12,NOT Q,'0101,170,yes
10,XNOR,'1001,13,NAND,'0111,15,TRUE,'1111,13,NAND,'0111,183,yes
10,XNOR,'1001,14,CONVERSE (q -> p),'1101,15,TRUE,'1111,14,CONVERSE (q -> p),'1101,198,yes
10,XNOR,'1001,15,TRUE,'1111,15,TRUE,'1111,15,TRUE,'1111,213,yes
11,IMPLIES (p -> q),'1011,0,FALSE,'0000,0,FALSE,'0000,15,TRUE,'1111,213,yes
11,IMPLIES (p -> q),'1011,1,q AND NOT p,'0010,0,FALSE,'0000,14,CONVERSE (q -> p),'1101,198,yes
11,IMPLIES (p -> q),'1011,2,AND,'1000,0,FALSE,'0000,13,NAND,'0111,183,yes
11,IMPLIES (p -> q),'1011,3,Q,'1010,0,FALSE,'0000,12,NOT Q,'0101,170,yes
11,IMPLIES (p -> q),'1011,4,p AND NOT q,'0100,0,FALSE,'0000,11,IMPLIES (p -> q),'1011,155,yes
11,IMPLIES (p -> q),'1011,5,XOR,'0110,0,FALSE,'0000,10,XNOR,'1001,140,yes
11,IMPLIES (p -> q),'1011,6,P,'1100,0,FALSE,'0000,9,NOT P,'0011,125,yes
11,IMPLIES (p -> q),'1011,7,OR,'1110,0,FALSE,'0000,8,NOR,'0001,110,yes
11,IMPLIES (p -> q),'1011,8,NOR,'0001,0,FALSE,'0000,7,OR,'1110,95,yes
11,IMPLIES (p -> q),'1011,9,NOT P,'0011,0,FALSE,'0000,6,P,'1100,80,yes
11,IMPLIES (p -> q),'1011,10,XNOR,'1001,0,FALSE,'0000,5,XOR,'0110,65,yes
11,IMPLIES (p -> q),'1011,11,IMPLIES (p -> q),'1011,0,FALSE,'0000,4,p AND NOT q,'0100,50,yes
11,IMPLIES (p -> q),'1011,12,NOT Q,'0101,0,FALSE,'0000,3,Q,'1010,37,yes
11,IMPLIES (p -> q),'1011,13,NAND,'0111,0,FALSE,'0000,2,AND,'1000,22,yes
11,IMPLIES (p -> q),'1011,14,CONVERSE (q -> p),'1101,0,FALSE,'0000,1,q AND NOT p,'0010,7,yes
11,IMPLIES (p -> q),'1011,15,TRUE,'1111,0,FALSE,'0000,0,FALSE,'0000,1,yes
11,IMPLIES (p -> q),'1011,0,FALSE,'0000,1,q AND NOT p,'0010,15,TRUE,'1111,213,yes
11,IMPLIES (p -> q),'1011,1,q AND NOT p,'0010,1,q AND NOT p,'0010,15,TRUE,'1111,323,no
11,IMPLIES (p -> q),'1011,2,AND,'1000,1,q AND NOT p,'0010,13,NAND,'0111,322,no
11,IMPLIES (p -> q),'1011,3,Q,'1010,1,q AND NOT p,'0010,13,NAND,'0111,321,no
11,IMPLIES (p -> q),'1011,4,p AND NOT q,'0100,1,q AND NOT p,'0010,11,IMPLIES (p -> q),'1011,320,no
11,IMPLIES (p -> q),'1011,5,XOR,'0110,1,q AND NOT p,'0010,11,IMPLIES (p -> q),'1011,319,no
11,IMPLIES (p -> q),'1011,6,P,'1100,1,q AND NOT p,'0010,9,NOT P,'0011,318,no
11,IMPLIES (p -> q),'1011,7,OR,'1110,1,q AND NOT p,'0010,9,NOT P,'0011,317,no
11,IMPLIES (p -> q),'1011,8,NOR,'0001,1,q AND NOT p,'0010,7,OR,'1110,316,no
11,IMPLIES (p -> q),'1011,9,NOT P,'0011,1,q AND NOT p,'0010,7,OR,'1110,315,no
11,IMPLIES (p -> q),'1011,10,XNOR,'1001,1,q AND NOT p,'0010,5,XOR,'0110,314,no
11,IMPLIES (p -> q),'1011,11,IMPLIES (p -> q),'1011,1,q AND NOT p,'0010,5,XOR,'0110,313,no
11,IMPLIES (p -> q),'1011,12,NOT Q,'0101,1,q AND NOT p,'0010,3,Q,'1010,312,no
11,IMPLIES (p -> q),'1011,13,NAND,'0111,1,q AND NOT p,'0010,3,Q,'1010,311,no
11,IMPLIES (p -> q),'1011,14,CONVERSE (q -> p),'1101,1,q AND NOT p,'0010,1,q AND NOT p,'0010,310,no
11,IMPLIES (p -> q),'1011,15,TRUE,'1111,1,q AND NOT p,'0010,1,q AND NOT p,'0010,7,yes
11,IMPLIES (p -> q),'1011,0,FALSE,'0000,2,AND,'1000,15,TRUE,'1111,213,yes
11,IMPLIES (p -> q),'1011,1,q AND NOT p,'0010,2,AND,'1000,14,CONVERSE (q -> p),'1101,337,no
11,IMPLIES (p -> q),'1011,2,AND,'1000,2,AND,'1000,15,TRUE,'1111,336,no
11,IMPLIES (p -> q),'1011,3,Q,'1010,2,AND,'1000,14,CONVERSE (q -> p),'1101,335,no
11,IMPLIES (p -> q),'1011,4,p AND NOT q,'0100,2,AND,'1000,11,IMPLIES (p -> q),'1011,334,no
11,IMPLIES (p -> q),'1011,5,XOR,'0110,2,AND,'1000,10,XNOR,'1001,333,no
11,IMPLIES (p -> q),'1011,6,P,'1100,2,AND,'1000,11,IMPLIES (p -> q),'1011,332,no
11,IMPLIES (p -> q),'1011,7,OR,'1110,2,AND,'1000,10,XNOR,'1001,331,no
11,IMPLIES (p -> q),'1011,8,NOR,'0001,2,AND,'1000,7,OR,'1110,330,no
11,IMPLIES (p -> q),'1011,9,NOT P,'0011,2,AND,'1000,6,P,'1100,329,no
11,IMPLIES (p -> q),'1011,10,XNOR,'1001,2,AND,'1000,7,OR,'1110,328,no
11,IMPLIES (p -> q),'1011,11,IMPLIES (p -> q),'1011,2,AND,'1000,6,P,'1100,327,no
11,IMPLIES (p -> q),'1011,12,NOT Q,'0101,2,AND,'1000,3,Q,'1010,326,no
11,IMPLIES (p -> q),'1011,13,NAND,'0111,2,AND,'1000,2,AND,'1000,325,no
11,IMPLIES (p -> q),'1011,14,CONVERSE (q -> p),'1101,2,AND,'1000,3,Q,'1010,324,no
11,IMPLIES (p -> q),'1011,15,TRUE,'1111,2,AND,'1000,2,AND,'1000,22,yes
11,IMPLIES (p -> q),'1011,0,FALSE,'0000,3,Q,'1010,15,TRUE,'1111,213,yes
11,IMPLIES (p -> q),'1011,1,q AND NOT p,'0010,3,Q,'1010,15,TRUE,'1111,349,no
11,IMPLIES (p -> q),'1011,2,AND,'1000,3,Q,'1010,15,TRUE,'1111,348,no
11,IMPLIES (p -> q),'1011,3,Q,'1010,3,Q,'1010,15,TRUE,'1111,347,no
11,IMPLIES (p -> q),'1011,4,p AND NOT q,'0100,3,Q,'1010,11,IMPLIES (p -> q),'1011,346,no
11,IMPLIES (p -> q),'1011,5,XOR,'0110,3,Q,'1010,11,IMPLIES (p -> q),'1011,345,no
11,IMPLIES (p -> q),'1011,6,P,'1100,3,Q,'1010,11,IMPLIES (p -> q),'1011,155,yes
11,IMPLIES (p -> q),'1011,7,OR,'1110,3,Q,'1010,11,IMPLIES (p -> q),'1011,344,no
11,IMPLIES (p -> q),'1011,8,NOR,'0001,3,Q,'1010,7,OR,'1110,343,no
11,IMPLIES (p -> q),'1011,9,NOT P,'0011,3,Q,'1010,7,OR,'1110,95,yes
11,IMPLIES (p -> q),'1011,10,XNOR,'1001,3,Q,'1010,7,OR,'1110,342,no
11,IMPLIES (p -> q),'1011,11,IMPLIES (p -> q),'1011,3,Q,'1010,7,OR,'1110,341,no
11,IMPLIES (p -> q),'1011,12,NOT Q,'0101,3,Q,'1010,3,Q,'1010,340,no
11,IMPLIES (p -> q),'1011,13,NAND,'0111,3,Q,'1010,3,Q,'1010,339,no
11,IMPLIES (p -> q),'1011,14,CONVERSE (q -> p),'1101,3,Q,'1010,3,Q,'1010,338,no
11,IMPLIES (p -> q),'1011,15,TRUE,'1111,3,Q,'1010,3,Q,'1010,37,yes
11,IMPLIES (p -> q),'1011,0,FALSE,'0000,4,p AND NOT q,'0100,15,TRUE,'1111,213,yes
11,IMPLIES (p -> q),'1011,1,q AND NOT p,'0010,4,p AND NOT q,'0100,14,CONVERSE (q -> p),'1101,363,no
11,IMPLIES (p -> q),'1011,2,AND,'1000,4,p AND NOT q,'0100,13,NAND,'0111,362,no
11,IMPLIES (p -> q),'1011,3,Q,'1010,4,p AND NOT q,'0100,12,NOT Q,'0101,361,no
11,IMPLIES (p -> q),'1011,4,p AND NOT q,'0100,4,p AND NOT q,'0100,15,TRUE,'1111,360,no
11,IMPLIES (p -> q),'1011,5,XOR,'0110,4,p AND NOT q,'0100,14,CONVERSE (q -> p),'1101,359,no
11,IMPLIES (p -> q),'1011,6,P,'1100,4,p AND NOT q,'0100,13,NAND,'0111,358,no
11,IMPLIES (p -> q),'1011,7,OR,'1110,4,p AND NOT q,'0100,12,NOT Q,'0101,357,no
11,IMPLIES (p -> q),'1011,8,NOR,'0001,4,p AND NOT q,'0100,7,OR,'1110,356,no
11,IMPLIES (p -> q),'1011,9,NOT P,'0011,4,p AND NOT q,'0100,6,P,'1100,355,no
11,IMPLIES (p -> q),'1011,10,XNOR,'1001,4,p AND NOT q,'0100,5,XOR,'0110,354,no
11,IMPLIES (p -> q),'1011,11,IMPLIES (p -> q),'1011,4,p AND NOT q,'0100,4,p AND NOT q,'0100,353,no
11,IMPLIES (p -> q),'1011,12,NOT Q,'0101,4,p AND NOT q,'0100,7,OR,'1110,352,no
11,IMPLIES (p -> q),'1011,13,NAND,'0111,4,p AND NOT q,'0100,6,P,'1100,351,no
11,IMPLIES (p -> q),'1011,14,CONVERSE (q -> p),'1101,4,p AND NOT q,'0100,5,XOR,'0110,350,no
11,IMPLIES (p -> q),'1011,15,TRUE,'1111,4,p AND NOT q,'0100,4,p AND NOT q,'0100,50,yes
11,IMPLIES (p -> q),'1011,0,FALSE,'0000,5,XOR,'0110,15,TRUE,'1111,213,yes
11,IMPLIES (p -> q),'1011,1,q AND NOT p,'0010,5,XOR,'0110,15,TRUE,'1111,377,no
11,IMPLIES (p -> q),'1011,2,AND,'1000,5,XOR,'0110,13,NAND,'0111,376,no
11,IMPLIES (p -> q),'1011,3,Q,'1010,5,XOR,'0110,13,NAND,'0111,375,no
11,IMPLIES (p -> q),'1011,4,p AND NOT q,'0100,5,XOR,'0110,15,TRUE,'1111,374,no
11,IMPLIES (p -> q),'1011,5,XOR,'0110,5,XOR,'0110,15,TRUE,'1111,373,no
11,IMPLIES (p -> q),'1011,6,P,'1100,5,XOR,'0110,13,NAND,'0111,372,no
11,IMPLIES (p -> q),'1011,7,OR,'1110,5,XOR,'0110,13,NAND,'0111,371,no
11,IMPLIES (p -> q),'1011,8,NOR,'0001,5,XOR,'0110,7,OR,'1110,370,no
11,IMPLIES (p -> q),'1011,9,NOT P,'0011,5,XOR,'0110,7,OR,'1110,369,no
11,IMPLIES (p -> q),'1011,10,XNOR,'1001,5,XOR,'0110,5,XOR,'0110,368,no
11,IMPLIES (p -> q),'1011,11,IMPLIES (p -> q),'1011,5,XOR,'0110,5,XOR,'0110,367,no
11,IMPLIES (p -> q),'1011,12,NOT Q,'0101,5,XOR,'0110,7,OR,'1110,366,no
11,IMPLIES (p -> q),'1011,13,NAND,'0111,5,XOR,'0110,7,OR,'1110,365,no
11,IMPLIES (p -> q),'1011,14,CONVERSE (q -> p),'1101,5,XOR,'0110,5,XOR,'0110,364,no
11,IMPLIES (p -> q),'1011,15,TRUE,'1111,5,XOR,'0110,5,XOR,'0110,65,yes
11,IMPLIES (p -> q),'1011,0,FALSE,'0000,6,P,'1100,15,TRUE,'1111,213,yes
11,IMPLIES (p -> q),'1011,1,q AND NOT p,'0010,6,P,'1100,14,CONVERSE (q -> p),'1101,391,no
11,IMPLIES (p -> q),'1011,2,AND,'1000,6,P,'1100,15,TRUE,'1111,390,no
11,IMPLIES (p -> q),'1011,3,Q,'1010,6,P,'1100,14,CONVERSE (q -> p),'1101,389,no
11,IMPLIES (p -> q),'1011,4,p AND NOT q,'0100,6,P,'1100,15,TRUE,'1111,388,no
11,IMPLIES (p -> q),'1011,5,XOR,'0110,6,P,'1100,14,CONVERSE (q -> p),'1101,387,no
11,IMPLIES (p -> q),'1011,6,P,'1100,6,P,'1100,15,TRUE,'1111,386,no
11,IMPLIES (p -> q),'1011,7,OR,'1110,6,P,'1100,14,CONVERSE (q -> p),'1101,385,no
11,IMPLIES (p -> q),'1011,8,NOR,'0001,6,P,'1100,7,OR,'1110,384,no
11,IMPLIES (p -> q),'1011,9,NOT P,'0011,6,P,'1100,6,P,'1100,383,no
11,IMPLIES (p -> q),'1011,10,XNOR,'1001,6,P,'1100,7,OR,'1110,382,no
11,IMPLIES (p -> q),'1011,11,IMPLIES (p -> q),'1011,6,P,'1100,6,P,'1100,381,no
11,IMPLIES (p -> q),'1011,12,NOT Q,'0101,6,P,'1100,7,OR,'1110,380,no
11,IMPLIES (p -> q),'1011,13,NAND,'0111,6,P,'1100,6,P,'1100,379,no
11,IMPLIES (p -> q),'1011,14,CONVERSE (q -> p),'1101,6,P,'1100,7,OR,'1110,378,no
11,IMPLIES (p -> q),'1011,15,TRUE,'1111,6,P,'1100,6,P,'1100,80,yes
11,IMPLIES (p -> q),'1011,0,FALSE,'0000,7,OR,'1110,15,TRUE,'1111,213,yes
11,IMPLIES (p -> q),'1011,1,q AND NOT p,'0010,7,OR,'1110,15,TRUE,'1111,405,no
11,IMPLIES (p -> q),'1011,2,AND,'1000,7,OR,'1110,15,TRUE,'1111,404,no
11,IMPLIES (p -> q),'1011,3,Q,'1010,7,OR,'1110,15,TRUE,'1111,403,no
11,IMPLIES (p -> q),'1011,4,p AND NOT q,'0100,7,OR,'1110,15,TRUE,'1111,402,no
11,IMPLIES (p -> q),'1011,5,XOR,'0110,7,OR,'1110,15,TRUE,'1111,401,no
11,IMPLIES (p -> q),'1011,6,P,'1100,7,OR,'1110,15,TRUE,'1111,400,no
11,IMPLIES (p -> q),'1011,7,OR,'1110,7,OR,'1110,15,TRUE,'1111,399,no
11,IMPLIES (p -> q),'1011,8,NOR,'0001,7,OR,'1110,7,OR,'1110,398,no
11,IMPLIES (p -> q),'1011,9,NOT P,'0011,7,OR,'1110,7,OR,'1110,397,no
11,IMPLIES (p -> q),'1011,10,XNOR,'1001,7,OR,'1110,7,OR,'1110,396,no
11,IMPLIES (p -> q),'1011,11,IMPLIES (p -> q),'1011,7,OR,'1110,7,OR,'1110,395,no
11,IMPLIES (p -> q),'1011,12,NOT Q,'0101,7,OR,'1110,7,OR,'1110,394,no
11,IMPLIES (p -> q),'1011,13,NAND,'0111,7,OR,'1110,7,OR,'1110,393,no
11,IMPLIES (p -> q),'1011,14,CONVERSE (q -> p),'1101,7,OR,'1110,7,OR,'1110,392,no
11,IMPLIES (p -> q),'1011,15,TRUE,'1111,7,OR,'1110,7,OR,'1110,95,yes
11,IMPLIES (p -> q),'1011,0,FALSE,'0000,8,NOR,'0001,15,TRUE,'1111,213,yes
11,IMPLIES (p -> q),'1011,1,q AND NOT p,'0010,8,NOR,'0001,14,CONVERSE (q -> p),'1101,419,no
11,IMPLIES (p -> q),'1011,2,AND,'1000,8,NOR,'0001,13,NAND,'0111,418,no
11,IMPLIES (p -> q),'1011,3,Q,'1010,8,NOR,'0001,12,NOT Q,'0101,417,no
11,IMPLIES (p -> q),'1011,4,p AND NOT q,'0100,8,NOR,'0001,11,IMPLIES (p -> q),'1011,416,no
11,IMPLIES (p -> q),'1011,5,XOR,'0110,8,NOR,'0001,10,XNOR,'1001,415,no
11,IMPLIES (p -> q),'1011,6,P,'1100,8,NOR,'0001,9,NOT P,'0011,414,no
11,IMPLIES (p -> q),'1011,7,OR,'1110,8,NOR,'0001,8,NOR,'0001,413,no
11,IMPLIES (p -> q),'1011,8,NOR,'0001,8,NOR,'0001,15,TRUE,'1111,412,no
11,IMPLIES (p -> q),'1011,9,NOT P,'0011,8,NOR,'0001,14,CONVERSE (q -> p),'1101,411,no
11,IMPLIES (p -> q),'1011,10,XNOR,'1001,8,NOR,'0001,13,NAND,'0111,410,no
11,IMPLIES (p -> q),'1011,11,IMPLIES (p -> q),'1011,8,NOR,'0001,12,NOT Q,'0101,409,no
11,IMPLIES (p -> q),'1011,12,NOT Q,'0101,8,NOR,'0001,11,IMPLIES (p -> q),'1011,408,no
11,IMPLIES (p -> q),'1011,13,NAND,'0111,8,NOR,'0001,10,XNOR,'1001,407,no
11,IMPLIES (p -> q),'1011,14,CONVERSE (q -> p),'1101,8,NOR,'0001,9,NOT P,'0011,406,no
11,IMPLIES (p -> q),'1011,15,TRUE,'1111,8,NOR,'0001,8,NOR,'0001,110,yes
11,IMPLIES (p -> q),'1011,0,FALSE,'0000,9,NOT P,'0011,15,TRUE,'1111,213,yes
11,IMPLIES (p -> q),'1011,1,q AND NOT p,'0010,9,NOT P,'0011,15,TRUE,'1111,433,no
11,IMPLIES (p -> q),'1011,2,AND,'1000,9,NOT P,'0011,13,NAND,'0111,432,no
11,IMPLIES (p -> q),'1011,3,Q,'1010,9,NOT P,'0011,13,NAND,'0111,431,no
11,IMPLIES (p -> q),'1011,4,p AND NOT q,'0100,9,NOT P,'0011,11,IMPLIES (p -> q),'1011,430,no
11,IMPLIES (p -> q),'1011,5,XOR,'0110,9,NOT P,'0011,11,IMPLIES (p -> q),'1011,429,no
11,IMPLIES (p -> q),'1011,6,P,'1100,9,NOT P,'0011,9,NOT P,'0011,428,no
11,IMPLIES (p -> q),'1011,7,OR,'1110,9,NOT P,'0011,9,NOT P,'0011,427,no
11,IMPLIES (p -> q),'1011,8,NOR,'0001,9,NOT P,'0011,15,TRUE,'1111,426,no
11,IMPLIES (p -> q),'1011,9,NOT P,'0011,9,NOT P,'0011,15,TRUE,'1111,425,no
11,IMPLIES (p -> q),'1011,10,XNOR,'1001,9,NOT P,'0011,13,NAND,'0111,424,no
11,IMPLIES (p -> q),'1011,11,IMPLIES (p -> q),'1011,9,NOT P,'0011,13,NAND,'0111,423,no
11,IMPLIES (p -> q),'1011,12,NOT Q,'0101,9,NOT P,'0011,11,IMPLIES (p -> q),'1011,422,no
11,IMPLIES (p -> q),'1011,13,NAND,'0111,9,NOT P,'0011,11,IMPLIES (p -> q),'1011,421,no
11,IMPLIES (p -> q),'1011,14,CONVERSE (q -> p),'1101,9,NOT P,'0011,9,NOT P,'0011,420,no
11,IMPLIES (p -> q),'1011,15,TRUE,'1111,9,NOT P,'0011,9,NOT P,'0011,125,yes
11,IMPLIES (p -> q),'1011,0,FALSE,'0000,10,XNOR,'1001,15,TRUE,'1111,213,yes
11,IMPLIES (p -> q),'1011,1,q AND NOT p,'0010,10,XNOR,'1001,14,CONVERSE (q -> p),'1101,447,no
11,IMPLIES (p -> q),'1011,2,AND,'1000,10,XNOR,'1001,15,TRUE,'1111,446,no
11,IMPLIES (p -> q),'1011,3,Q,'1010,10,XNOR,'1001,14,CONVERSE (q -> p),'1101,445,no
11,IMPLIES (p -> q),'1011,4,p AND NOT q,'0100,10,XNOR,'1001,11,IMPLIES (p -> q),'1011,444,no
11,IMPLIES (p -> q),'1011,5,XOR,'0110,10,XNOR,'1001,10,XNOR,'1001,443,no
11,IMPLIES (p -> q),'1011,6,P,'1100,10,XNOR,'1001,11,IMPLIES (p -> q),'1011,442,no
11,IMPLIES (p -> q),'1011,7,OR,'1110,10,XNOR,'1001,10,XNOR,'1001,441,no
11,IMPLIES (p -> q),'1011,8,NOR,'0001,10,XNOR,'1001,15,TRUE,'1111,440,no
11,IMPLIES (p -> q),'1011,9,NOT P,'0011,10,XNOR,'1001,14,CONVERSE (q -> p),'1101,439,no
11,IMPLIES (p -> q),'1011,10,XNOR,'1001,10,XNOR,'1001,15,TRUE,'1111,438,no
11,IMPLIES (p -> q),'1011,11,IMPLIES (p -> q),'1011,10,XNOR,'1001,14,CONVERSE (q -> p),'1101,437,no
11,IMPLIES (p -> q),'1011,12,NOT Q,'0101,10,XNOR,'1001,11,IMPLIES (p -> q),'1011,436,no
11,IMPLIES (p -> q),'1011,13,NAND,'0111,10,XNOR,'1001,10,XNOR,'1001,435,no
11,IMPLIES (p -> q),'1011,14,CONVERSE (q -> p),'1101,10,XNOR,'1001,11,IMPLIES (p -> q),'1011,434,no
11,IMPLIES (p -> q),'1011,15,TRUE,'1111,10,XNOR,'1001,10,XNOR,'1001,140,yes
11,IMPLIES (p -> q),'1011,0,FALSE,'0000,11,IMPLIES (p -> q),'1011,15,TRUE,'1111,213,yes
11,IMPLIES (p -> q),'1011,1,q AND NOT p,'0010,11,IMPLIES (p -> q),'1011,15,TRUE,'1111,461,no
11,IMPLIES (p -> q),'1011,2,AND,'1000,11,IMPLIES (p -> q),'1011,15,TRUE,'1111,460,no
11,IMPLIES (p -> q),'1011,3,Q,'1010,11,IMPLIES (p -> q),'1011,15,TRUE,'1111,459,no
11,IMPLIES (p -> q),'1011,4,p AND NOT q,'0100,11,IMPLIES (p -> q),'1011,11,IMPLIES (p -> q),'1011,458,no
11,IMPLIES (p -> q),'1011,5,XOR,'0110,11,IMPLIES (p -> q),'1011,11,IMPLIES (p -> q),'1011,457,no
11,IMPLIES (p -> q),'1011,6,P,'1100,11,IMPLIES (p -> q),'1011,11,IMPLIES (p -> q),'1011,456,no
11,IMPLIES (p -> q),'1011,7,OR,'1110,11,IMPLIES (p -> q),'1011,11,IMPLIES (p -> q),'1011,455,no
11,IMPLIES (p -> q),'1011,8,NOR,'0001,11,IMPLIES (p -> q),'1011,15,TRUE,'1111,454,no
11,IMPLIES (p -> q),'1011,9,NOT P,'0011,11,IMPLIES (p -> q),'1011,15,TRUE,'1111,453,no
11,IMPLIES (p -> q),'1011,10,XNOR,'1001,11,IMPLIES (p -> q),'1011,15,TRUE,'1111,452,no
11,IMPLIES (p -> q),'1011,11,IMPLIES (p -> q),'1011,11,IMPLIES (p -> q),'1011,15,TRUE,'1111,451,no
11,IMPLIES (p -> q),'1011,12,NOT Q,'0101,11,IMPLIES (p -> q),'1011,11,IMPLIES (p -> q),'1011,450,no
11,IMPLIES (p -> q),'1011,13,NAND,'0111,11,IMPLIES (p -> q),'1011,11,IMPLIES (p -> q),'1011,449,no
11,IMPLIES (p -> q),'1011,14,CONVERSE (q -> p),'1101,11,IMPLIES (p -> q),'1011,11,IMPLIES (p -> q),'1011,448,no
11,IMPLIES (p -> q),'1011,15,TRUE,'1111,11,IMPLIES (p -> q),'1011,11,IMPLIES (p -> q),'1011,155,yes
11,IMPLIES (p -> q),'1011,0,FALSE,'0000,12,NOT Q,'0101,15,TRUE,'1111,213,yes
11,IMPLIES (p -> q),'1011,1,q AND NOT p,'0010,12,NOT Q,'0101,14,CONVERSE (q -> p),'1101,473,no
11,IMPLIES (p -> q),'1011,2,AND,'1000,12,NOT Q,'0101,13,NAND,'0111,472,no
11,IMPLIES (p -> q),'1011,3,Q,'1010,12,NOT Q,'0101,12,NOT Q,'0101,471,no
11,IMPLIES (p -> q),'1011,4,p AND NOT q,'0100,12,NOT Q,'0101,15,TRUE,'1111,470,no
11,IMPLIES (p -> q),'1011,5,XOR,'0110,12,NOT Q,'0101,14,CONVERSE (q -> p),'1101,469,no
11,IMPLIES (p -> q),'1011,6,P,'1100,12,NOT Q,'0101,13,NAND,'0111,183,yes
11,IMPLIES (p -> q),'1011,7,OR,'1110,12,NOT Q,'0101,12,NOT Q,'0101,468,no
11,IMPLIES (p -> q),'1011,8,NOR,'0001,12,NOT Q,'0101,15,TRUE,'1111,467,no
11,IMPLIES (p -> q),'1011,9,NOT P,'0011,12,NOT Q,'0101,14,CONVERSE (q -> p),'1101,198,yes
11,IMPLIES (p -> q),'1011,10,XNOR,'1001,12,NOT Q,'0101,13,NAND,'0111,466,no
11,IMPLIES (p -> q),'1011,11,IMPLIES (p -> q),'1011,12,NOT Q,'0101,12,NOT Q,'0101,465,no
11,IMPLIES (p -> q),'1011,12,NOT Q,'0101,12,NOT Q,'0101,15,TRUE,'1111,464,no
11,IMPLIES (p -> q),'1011,13,NAND,'0111,12,NOT Q,'0101,14,CONVERSE (q -> p),'1101,463,no
11,IMPLIES (p -> q),'1011,14,CONVERSE (q -> p),'1101,12,NOT Q,'0101,13,NAND,'0111,462,no
11,IMPLIES (p -> q),'1011,15,TRUE,'1111,12,NOT Q,'0101,12,NOT Q,'0101,170,yes
11,IMPLIES (p -> q),'1011,0,FALSE,'0000,13,NAND,'0111,15,TRUE,'1111,213,yes
11,IMPLIES (p -> q),'1011,1,q AND NOT p,'0010,13,NAND,'0111,15,TRUE,'1111,487,no
11,IMPLIES (p -> q),'1011,2,AND,'1000,13,NAND,'0111,13,NAND,'0111,486,no
11,IMPLIES (p -> q),'1011,3,Q,'1010,13,NAND,'0111,13,NAND,'0111,485,no
11,IMPLIES (p -> q),'1011,4,p AND NOT q,'0100,13,NAND,'0111,15,TRUE,'1111,484,no
11,IMPLIES (p -> q),'1011,5,XOR,'0110,13,NAND,'0111,15,TRUE,'1111,483,no
11,IMPLIES (p -> q),'1011,6,P,'1100,13,NAND,'0111,13,NAND,'0111,482,no
11,IMPLIES (p -> q),'1011,7,OR,'1110,13,NAND,'0111,13,NAND,'0111,481,no
11,IMPLIES (p -> q),'1011,8,NOR,'0001,13,NAND,'0111,15,TRUE,'1111,480,no
11,IMPLIES (p -> q),'1011,9,NOT P,'0011,13,NAND,'0111,15,TRUE,'1111,479,no
11,IMPLIES (p -> q),'1011,10,XNOR,'1001,13,NAND,'0111,13,NAND,'0111,478,no
11,IMPLIES (p -> q),'1011,11,IMPLIES (p -> q),'1011,13,NAND,'0111,13,NAND,'0111,477,no
11,IMPLIES (p -> q),'1011,12,NOT Q,'0101,13,NAND,'0111,15,TRUE,'1111,476,no
11,IMPLIES (p -> q),'1011,13,NAND,'0111,13,NAND,'0111,15,TRUE,'1111,475,no
11,IMPLIES (p -> q),'1011,14,CONVERSE (q -> p),'1101,13,NAND,'0111,13,NAND,'0111,474,no
11,IMPLIES (p -> q),'1011,15,TRUE,'1111,13,NAND,'0111,13,NAND,'0111,183,yes
11,IMPLIES (p -> q),'1011,0,FALSE,'0000,14,CONVERSE (q -> p),'1101,15,TRUE,'1111,213,yes
11,IMPLIES (p -> q),'1011,1,q AND NOT p,'0010,14,CONVERSE (q -> p),'1101,14,CONVERSE (q -> p),'1101,501,no
11,IMPLIES (p -> q),'1011,2,AND,'1000,14,CONVERSE (q -> p),'1101,15,TRUE,'1111,500,no
11,IMPLIES (p -> q),'1011,3,Q,'1010,14,CONVERSE (q -> p),'1101,14,CONVERSE (q -> p),'1101,499,no
11,IMPLIES (p -> q),'1011,4,p AND NOT q,'0100,14,CONVERSE (q -> p),'1101,15,TRUE,'1111,498,no
11,IMPLIES (p -> q),'1011,5,XOR,'0110,14,CONVERSE (q -> p),'1101,14,CONVERSE (q -> p),'1101,497,no
11,IMPLIES (p -> q),'1011,6,P,'1100,14,CONVERSE (q -> p),'1101,15,TRUE,'1111,496,no
11,IMPLIES (p -> q),'1011,7,OR,'1110,14,CONVERSE (q -> p),'1101,14,CONVERSE (q -> p),'1101,495,no
11,IMPLIES (p -> q),'1011,8,NOR,'0001,14,CONVERSE (q -> p),'1101,15,TRUE,'1111,494,no
11,IMPLIES (p -> q),'1011,9,NOT P,'0011,14,CONVERSE (q -> p),'1101,14,CONVERSE (q -> p),'1101,493,no
11,IMPLIES (p -> q),'1011,10,XNOR,'1001,14,CONVERSE (q -> p),'1101,15,TRUE,'1111,492,no
11,IMPLIES (p -> q),'1011,11,IMPLIES (p -> q),'1011,14,CONVERSE (q -> p),'1101,14,CONVERSE (q -> p),'1101,491,no
11,IMPLIES (p -> q),'1011,12,NOT Q,'0101,14,CONVERSE (q -> p),'1101,15,TRUE,'1111,490,no
11,IMPLIES (p -> q),'1011,13,NAND,'0111,14,CONVERSE (q -> p),'1101,14,CONVERSE (q -> p),'1101,489,no
11,IMPLIES (p -> q),'1011,14,CONVERSE (q -> p),'1101,14,CONVERSE (q -> p),'1101,15,TRUE,'1111,488,no
11,IMPLIES (p -> q),'1011,15,TRUE,'1111,14,CONVERSE (q -> p),'1101,14,CONVERSE (q -> p),'1101,198,yes
11,IMPLIES (p -> q),'1011,0,FALSE,'0000,15,TRUE,'1111,15,TRUE,'1111,213,yes
11,IMPLIES (p -> q),'1011,1,q AND NOT p,'0010,15,TRUE,'1111,15,TRUE,'1111,502,no
11,IMPLIES (p -> q),'1011,2,AND,'1000,15,TRUE,'1111,15,TRUE,'1111,503,no
11,IMPLIES (p -> q),'1011,3,Q,'1010,15,TRUE,'1111,15,TRUE,'1111,504,no
11,IMPLIES (p -> q),'1011,4,p AND NOT q,'0100,15,TRUE,'1111,15,TRUE,'1111,503,no
11,IMPLIES (p -> q),'1011,5,XOR,'0110,15,TRUE,'1111,15,TRUE,'1111,505,no
11,IMPLIES (p -> q),'1011,6,P,'1100,15,TRUE,'1111,15,TRUE,'1111,506,no
11,IMPLIES (p -> q),'1011,7,OR,'1110,15,TRUE,'1111,15,TRUE,'1111,502,no
11,IMPLIES (p -> q),'1011,8,NOR,'0001,15,TRUE,'1111,15,TRUE,'1111,502,no
11,IMPLIES (p -> q),'1011,9,NOT P,'0011,15,TRUE,'1111,15,TRUE,'1111,506,no
11,IMPLIES (p -> q),'1011,10,XNOR,'1001,15,TRUE,'1111,15,TRUE,'1111,505,no
11,IMPLIES (p -> q),'1011,11,IMPLIES (p -> q),'1011,15,TRUE,'1111,15,TRUE,'1111,503,no
11,IMPLIES (p -> q),'1011,12,NOT Q,'0101,15,TRUE,'1111,15,TRUE,'1111,504,no
11,IMPLIES (p -> q),'1011,13,NAND,'0111,15,TRUE,'1111,15,TRUE,'1111,503,no
11,IMPLIES (p -> q),'1011,14,CONVERSE (q -> p),'1101,15,TRUE,'1111,15,TRUE,'1111,502,no
11,IMPLIES (p -> q),'1011,15,TRUE,'1111,15,TRUE,'1111,15,TRUE,'1111,213,yes
12,NOT Q,'0101,0,FALSE,'0000,0,FALSE,'0000,15,TRUE,'1111,213,yes
12,NOT Q,'0101,1,q AND NOT p,'0010,0,FALSE,'0000,15,TRUE,'1111,213,yes
12,NOT Q,'0101,2,AND,'1000,0,FALSE,'0000,15,TRUE,'1111,213,yes
12,NOT Q,'0101,3,Q,'1010,0,FALSE,'0000,15,TRUE,'1111,213,yes
12,NOT Q,'0101,4,p AND NOT q,'0100,0,FALSE,'0000,15,TRUE,'1111,213,yes
12,NOT Q,'0101,5,XOR,'0110,0,FALSE,'0000,15,TRUE,'1111,213,yes
12,NOT Q,'0101,6,P,'1100,0,FALSE,'0000,15,TRUE,'1111,213,yes
12,NOT Q,'0101,7,OR,'1110,0,FALSE,'0000,15,TRUE,'1111,213,yes
12,NOT Q,'0101,8,NOR,'0001,0,FALSE,'0000,15,TRUE,'1111,213,yes
12,NOT Q,'0101,9,NOT P,'0011,0,FALSE,'0000,15,TRUE,'1111,213,yes
12,NOT Q,'0101,10,XNOR,'1001,0,FALSE,'0000,15,TRUE,'1111,213,yes
12,NOT Q,'0101,11,IMPLIES (p -> q),'1011,0,FALSE,'0000,15,TRUE,'1111,213,yes
12,NOT Q,'0101,12,NOT Q,'0101,0,FALSE,'0000,15,TRUE,'1111,213,yes
12,NOT Q,'0101,13,NAND,'0111,0,FALSE,'0000,15,TRUE,'1111,213,yes
12,NOT Q,'0101,14,CONVERSE (q -> p),'1101,0,FALSE,'0000,15,TRUE,'1111,213,yes
12,NOT Q,'0101,15,TRUE,'1111,0,FALSE,'0000,15,TRUE,'1111,213,yes
12,NOT Q,'0101,0,FALSE,'0000,1,q AND NOT p,'0010,14,CONVERSE (q -> p),'1101,198,yes
12,NOT Q,'0101,1,q AND NOT p,'0010,1,q AND NOT p,'0010,14,CONVERSE (q -> p),'1101,198,yes
12,NOT Q,'0101,2,AND,'1000,1,q AND NOT p,'0010,14,CONVERSE (q -> p),'1101,198,yes
12,NOT Q,'0101,3,Q,'1010,1,q AND NOT p,'0010,14,CONVERSE (q -> p),'1101,198,yes
12,NOT Q,'0101,4,p AND NOT q,'0100,1,q AND NOT p,'0010,14,CONVERSE (q -> p),'1101,198,yes
12,NOT Q,'0101,5,XOR,'0110,1,q AND NOT p,'0010,14,CONVERSE (q -> p),'1101,198,yes
12,NOT Q,'0101,6,P,'1100,1,q AND NOT p,'0010,14,CONVERSE (q -> p),'1101,198,yes
12,NOT Q,'0101,7,OR,'1110,1,q AND NOT p,'0010,14,CONVERSE (q -> p),'1101,198,yes
12,NOT Q,'0101,8,NOR,'0001,1,q AND NOT p,'0010,14,CONVERSE (q -> p),'1101,198,yes
12,NOT Q,'0101,9,NOT P,'0011,1,q AND NOT p,'0010,14,CONVERSE (q -> p),'1101,198,yes
12,NOT Q,'0101,10,XNOR,'1001,1,q AND NOT p,'0010,14,CONVERSE (q -> p),'1101,198,yes
12,NOT Q,'0101,11,IMPLIES (p -> q),'1011,1,q AND NOT p,'0010,14,CONVERSE (q -> p),'1101,198,yes
12,NOT Q,'0101,12,NOT Q,'0101,1,q AND NOT p,'0010,14,CONVERSE (q -> p),'1101,198,yes
12,NOT Q,'0101,13,NAND,'0111,1,q AND NOT p,'0010,14,CONVERSE (q -> p),'1101,198,yes
12,NOT Q,'0101,14,CONVERSE (q -> p),'1101,1,q AND NOT p,'0010,14,CONVERSE (q -> p),'1101,198,yes
12,NOT Q,'0101,15,TRUE,'1111,1,q AND NOT p,'0010,14,CONVERSE (q -> p),'1101,198,yes
12,NOT Q,'0101,0,FALSE,'0000,2,AND,'1000,13,NAND,'0111,183,yes
12,NOT Q,'0101,1,q AND NOT p,'0010,2,AND,'1000,13,NAND,'0111,183,yes
12,NOT Q,'0101,2,AND,'1000,2,AND,'1000,13,NAND,'0111,183,yes
12,NOT Q,'0101,3,Q,'1010,2,AND,'1000,13,NAND,'0111,183,yes
12,NOT Q,'0101,4,p AND NOT q,'0100,2,AND,'1000,13,NAND,'0111,183,yes
12,NOT Q,'0101,5,XOR,'0110,2,AND,'1000,13,NAND,'0111,183,yes
12,NOT Q,'0101,6,P,'1100,2,AND,'1000,13,NAND,'0111,183,yes
12,NOT Q,'0101,7,OR,'1110,2,AND,'1000,13,NAND,'0111,183,yes
12,NOT Q,'0101,8,NOR,'0001,2,AND,'1000,13,NAND,'0111,183,yes
12,NOT Q,'0101,9,NOT P,'0011,2,AND,'1000,13,NAND,'0111,183,yes
12,NOT Q,'0101,10,XNOR,'1001,2,AND,'1000,13,NAND,'0111,183,yes
12,NOT Q,'0101,11,IMPLIES (p -> q),'1011,2,AND,'1000,13,NAND,'0111,183,yes
12,NOT Q,'0101,12,NOT Q,'0101,2,AND,'1000,13,NAND,'0111,183,yes
12,NOT Q,'0101,13,NAND,'0111,2,AND,'1000,13,NAND,'0111,183,yes
12,NOT Q,'0101,14,CONVERSE (q -> p),'1101,2,AND,'1000,13,NAND,'0111,183,yes
12,NOT Q,'0101,15,TRUE,'1111,2,AND,'1000,13,NAND,'0111,183,yes
12,NOT Q,'0101,0,FALSE,'0000,3,Q,'1010,12,NOT Q,'0101,170,yes
12,NOT Q,'0101,1,q AND NOT p,'0010,3,Q,'1010,12,NOT Q,'0101,170,yes
12,NOT Q,'0101,2,AND,'1000,3,Q,'1010,12,NOT Q,'0101,170,yes
12,NOT Q,'0101,3,Q,'1010,3,Q,'1010,12,NOT Q,'0101,170,yes
12,NOT Q,'0101,4,p AND NOT q,'0100,3,Q,'1010,12,NOT Q,'0101,170,yes
12,NOT Q,'0101,5,XOR,'0110,3,Q,'1010,12,NOT Q,'0101,170,yes
12,NOT Q,'0101,6,P,'1100,3,Q,'1010,12,NOT Q,'0101,170,yes
12,NOT Q,'0101,7,OR,'1110,3,Q,'1010,12,NOT Q,'0101,170,yes
12,NOT Q,'0101,8,NOR,'0001,3,Q,'1010,12,NOT Q,'0101,170,yes
12,NOT Q,'0101,9,NOT P,'0011,3,Q,'1010,12,NOT Q,'0101,170,yes
12,NOT Q,'0101,10,XNOR,'1001,3,Q,'1010,12,NOT Q,'0101,170,yes
12,NOT Q,'0101,11,IMPLIES (p -> q),'1011,3,Q,'1010,12,NOT Q,'0101,170,yes
12,NOT Q,'0101,12,NOT Q,'0101,3,Q,'1010,12,NOT Q,'0101,170,yes
12,NOT Q,'0101,13,NAND,'0111,3,Q,'1010,12,NOT Q,'0101,170,yes
12,NOT Q,'0101,14,CONVERSE (q -> p),'1101,3,Q,'1010,12,NOT Q,'0101,170,yes
12,NOT Q,'0101,15,TRUE,'1111,3,Q,'1010,12,NOT Q,'0101,170,yes
12,NOT Q,'0101,0,FALSE,'0000,4,p AND NOT q,'0100,11,IMPLIES (p -> q),'1011,155,yes
12,NOT Q,'0101,1,q AND NOT p,'0010,4,p AND NOT q,'0100,11,IMPLIES (p -> q),'1011,155,yes
12,NOT Q,'0101,2,AND,'1000,4,p AND NOT q,'0100,11,IMPLIES (p -> q),'1011,155,yes
12,NOT Q,'0101,3,Q,'1010,4,p AND NOT q,'0100,11,IMPLIES (p -> q),'1011,155,yes
12,NOT Q,'0101,4,p AND NOT q,'0100,4,p AND NOT q,'0100,11,IMPLIES (p -> q),'1011,155,yes
12,NOT Q,'0101,5,XOR,'0110,4,p AND NOT q,'0100,11,IMPLIES (p -> q),'1011,155,yes
12,NOT Q,'0101,6,P,'1100,4,p AND NOT q,'0100,11,IMPLIES (p -> q),'1011,155,yes
12,NOT Q,'0101,7,OR,'1110,4,p AND NOT q,'0100,11,IMPLIES (p -> q),'1011,155,yes
12,NOT Q,'0101,8,NOR,'0001,4,p AND NOT q,'0100,11,IMPLIES (p -> q),'1011,155,yes
12,NOT Q,'0101,9,NOT P,'0011,4,p AND NOT q,'0100,11,IMPLIES (p -> q),'1011,155,yes
12,NOT Q,'0101,10,XNOR,'1001,4,p AND NOT q,'0100,11,IMPLIES (p -> q),'1011,155,yes
12,NOT Q,'0101,11,IMPLIES (p -> q),'1011,4,p AND NOT q,'0100,11,IMPLIES (p -> q),'1011,155,yes
12,NOT Q,'0101,12,NOT Q,'0101,4,p AND NOT q,'0100,11,IMPLIES (p -> q),'1011,155,yes
12,NOT Q,'0101,13,NAND,'0111,4,p AND NOT q,'0100,11,IMPLIES (p -> q),'1011,155,yes
12,NOT Q,'0101,14,CONVERSE (q -> p),'1101,4,p AND NOT q,'0100,11,IMPLIES (p -> q),'1011,155,yes
12,NOT Q,'0101,15,TRUE,'1111,4,p AND NOT q,'0100,11,IMPLIES (p -> q),'1011,155,yes
12,NOT Q,'0101,0,FALSE,'0000,5,XOR,'0110,10,XNOR,'1001,140,yes
12,NOT Q,'0101,1,q AND NOT p,'0010,5,XOR,'0110,10,XNOR,'1001,140,yes
12,NOT Q,'0101,2,AND,'1000,5,XOR,'0110,10,XNOR,'1001,140,yes
12,NOT Q,'0101,3,Q,'1010,5,XOR,'0110,10,XNOR,'1001,140,yes
12,NOT Q,'0101,4,p AND NOT q,'0100,5,XOR,'0110,10,XNOR,'1001,140,yes
12,NOT Q,'0101,5,XOR,'0110,5,XOR,'0110,10,XNOR,'1001,140,yes
12,NOT Q,'0101,6,P,'1100,5,XOR,'0110,10,XNOR,'1001,140,yes
12,NOT Q,'0101,7,OR,'1110,5,XOR,'0110,10,XNOR,'1001,140,yes
12,NOT Q,'0101,8,NOR,'0001,5,XOR,'0110,10,XNOR,'1001,140,yes
12,NOT Q,'0101,9,NOT P,'0011,5,XOR,'0110,10,XNOR,'1001,140,yes
12,NOT Q,'0101,10,XNOR,'1001,5,XOR,'0110,10,XNOR,'1001,140,yes
12,NOT Q,'0101,11,IMPLIES (p -> q),'1011,5,XOR,'0110,10,XNOR,'1001,140,yes
12,NOT Q,'0101,12,NOT Q,'0101,5,XOR,'0110,10,XNOR,'1001,140,yes
12,NOT Q,'0101,13,NAND,'0111,5,XOR,'0110,10,XNOR,'1001,140,yes
12,NOT Q,'0101,14,CONVERSE (q -> p),'1101,5,XOR,'0110,10,XNOR,'1001,140,yes
12,NOT Q,'0101,15,TRUE,'1111,5,XOR,'0110,10,XNOR,'1001,140,yes
12,NOT Q,'0101,0,FALSE,'0000,6,P,'1100,9,NOT P,'0011,125,yes
12,NOT Q,'0101,1,q AND NOT p,'0010,6,P,'1100,9,NOT P,'0011,125,yes
12,NOT Q,'0101,2,AND,'1000,6,P,'1100,9,NOT P,'0011,125,yes
12,NOT Q,'0101,3,Q,'1010,6,P,'1100,9,NOT P,'0011,125,yes
12,NOT Q,'0101,4,p AND NOT q,'0100,6,P,'1100,9,NOT P,'0011,125,yes
12,NOT Q,'0101,5,XOR,'0110,6,P,'1100,9,NOT P,'0011,125,yes
12,NOT Q,'0101,6,P,'1100,6,P,'1100,9,NOT P,'0011,125,yes
12,NOT Q,'0101,7,OR,'1110,6,P,'1100,9,NOT P,'0011,125,yes
12,NOT Q,'0101,8,NOR,'0001,6,P,'1100,9,NOT P,'0011,125,yes
12,NOT Q,'0101,9,NOT P,'0011,6,P,'1100,9,NOT P,'0011,125,yes
12,NOT Q,'0101,10,XNOR,'1001,6,P,'1100,9,NOT P,'0011,125,yes
12,NOT Q,'0101,11,IMPLIES (p -> q),'1011,6,P,'1100,9,NOT P,'0011,125,yes
12,NOT Q,'0101,12,NOT Q,'0101,6,P,'1100,9,NOT P,'0011,125,yes
12,NOT Q,'0101,13,NAND,'0111,6,P,'1100,9,NOT P,'0011,125,yes
12,NOT Q,'0101,14,CONVERSE (q -> p),'1101,6,P,'1100,9,NOT P,'0011,125,yes
12,NOT Q,'0101,15,TRUE,'1111,6,P,'1100,9,NOT P,'0011,125,yes
12,NOT Q,'0101,0,FALSE,'0000,7,OR,'1110,8,NOR,'0001,110,yes
12,NOT Q,'0101,1,q AND NOT p,'0010,7,OR,'1110,8,NOR,'0001,110,yes
12,NOT Q,'0101,2,AND,'1000,7,OR,'1110,8,NOR,'0001,110,yes
12,NOT Q,'0101,3,Q,'1010,7,OR,'1110,8,NOR,'0001,110,yes
12,NOT Q,'0101,4,p AND NOT q,'0100,7,OR,'1110,8,NOR,'0001,110,yes
12,NOT Q,'0101,5,XOR,'0110,7,OR,'1110,8,NOR,'0001,110,yes
12,NOT Q,'0101,6,P,'1100,7,OR,'1110,8,NOR,'0001,110,yes
12,NOT Q,'0101,7,OR,'1110,7,OR,'1110,8,NOR,'0001,110,yes
12,NOT Q,'0101,8,NOR,'0001,7,OR,'1110,8,NOR,'0001,110,yes
12,NOT Q,'0101,9,NOT P,'0011,7,OR,'1110,8,NOR,'0001,110,yes
12,NOT Q,'0101,10,XNOR,'1001,7,OR,'1110,8,NOR,'0001,110,yes
12,NOT Q,'0101,11,IMPLIES (p -> q),'1011,7,OR,'1110,8,NOR,'0001,110,yes
12,NOT Q,'0101,12,NOT Q,'0101,7,OR,'1110,8,NOR,'0001,110,yes
12,NOT Q,'0101,13,NAND,'0111,7,OR,'1110,8,NOR,'0001,110,yes
12,NOT Q,'0101,14,CONVERSE (q -> p),'1101,7,OR,'1110,8,NOR,'0001,110,yes
12,NOT Q,'0101,15,TRUE,'1111,7,OR,'1110,8,NOR,'0001,110,yes
12,NOT Q,'0101,0,FALSE,'0000,8,NOR,'0001,7,OR,'1110,95,yes
12,NOT Q,'0101,1,q AND NOT p,'0010,8,NOR,'0001,7,OR,'1110,95,yes
12,NOT Q,'0101,2,AND,'1000,8,NOR,'0001,7,OR,'1110,95,yes
12,NOT Q,'0101,3,Q,'1010,8,NOR,'0001,7,OR,'1110,95,yes
12,NOT Q,'0101,4,p AND NOT q,'0100,8,NOR,'0001,7,OR,'1110,95,yes
12,NOT Q,'0101,5,XOR,'0110,8,NOR,'0001,7,OR,'1110,95,yes
12,NOT Q,'0101,6,P,'1100,8,NOR,'0001,7,OR,'1110,95,yes
12,NOT Q,'0101,7,OR,'1110,8,NOR,'0001,7,OR,'1110,95,yes
12,NOT Q,'0101,8,NOR,'0001,8,NOR,'0001,7,OR,'1110,95,yes
12,NOT Q,'0101,9,NOT P,'0011,8,NOR,'0001,7,OR,'1110,95,yes
12,NOT Q,'0101,10,XNOR,'1001,8,NOR,'0001,7,OR,'1110,95,yes
12,NOT Q,'0101,11,IMPLIES (p -> q),'1011,8,NOR,'0001,7,OR,'1110,95,yes
12,NOT Q,'0101,12,NOT Q,'0101,8,NOR,'0001,7,OR,'1110,95,yes
12,NOT Q,'0101,13,NAND,'0111,8,NOR,'0001,7,OR,'1110,95,yes
12,NOT Q,'0101,14,CONVERSE (q -> p),'1101,8,NOR,'0001,7,OR,'1110,95,yes
12,NOT Q,'0101,15,TRUE,'1111,8,NOR,'0001,7,OR,'1110,95,yes
12,NOT Q,'0101,0,FALSE,'0000,9,NOT P,'0011,6,P,'1100,80,yes
12,NOT Q,'0101,1,q AND NOT p,'0010,9,NOT P,'0011,6,P,'1100,80,yes
12,NOT Q,'0101,2,AND,'1000,9,NOT P,'0011,6,P,'1100,80,yes
12,NOT Q,'0101,3,Q,'1010,9,NOT P,'0011,6,P,'1100,80,yes
12,NOT Q,'0101,4,p AND NOT q,'0100,9,NOT P,'0011,6,P,'1100,80,yes
12,NOT Q,'0101,5,XOR,'0110,9,NOT P,'0011,6,P,'1100,80,yes
12,NOT Q,'0101,6,P,'1100,9,NOT P,'0011,6,P,'1100,80,yes
12,NOT Q,'0101,7,OR,'1110,9,NOT P,'0011,6,P,'1100,80,yes
12,NOT Q,'0101,8,NOR,'0001,9,NOT P,'0011,6,P,'1100,80,yes
12,NOT Q,'0101,9,NOT P,'0011,9,NOT P,'0011,6,P,'1100,80,yes
12,NOT Q,'0101,10,XNOR,'1001,9,NOT P,'0011,6,P,'1100,80,yes
12,NOT Q,'0101,11,IMPLIES (p -> q),'1011,9,NOT P,'0011,6,P,'1100,80,yes
12,NOT Q,'0101,12,NOT Q,'0101,9,NOT P,'0011,6,P,'1100,80,yes
12,NOT Q,'0101,13,NAND,'0111,9,NOT P,'0011,6,P,'1100,80,yes
12,NOT Q,'0101,14,CONVERSE (q -> p),'1101,9,NOT P,'0011,6,P,'1100,80,yes
12,NOT Q,'0101,15,TRUE,'1111,9,NOT P,'0011,6,P,'1100,80,yes
12,NOT Q,'0101,0,FALSE,'0000,10,XNOR,'1001,5,XOR,'0110,65,yes
12,NOT Q,'0101,1,q AND NOT p,'0010,10,XNOR,'1001,5,XOR,'0110,65,yes
12,NOT Q,'0101,2,AND,'1000,10,XNOR,'1001,5,XOR,'0110,65,yes
12,NOT Q,'0101,3,Q,'1010,10,XNOR,'1001,5,XOR,'0110,65,yes
12,NOT Q,'0101,4,p AND NOT q,'0100,10,XNOR,'1001,5,XOR,'0110,65,yes
12,NOT Q,'0101,5,XOR,'0110,10,XNOR,'1001,5,XOR,'0110,65,yes
12,NOT Q,'0101,6,P,'1100,10,XNOR,'1001,5,XOR,'0110,65,yes
12,NOT Q,'0101,7,OR,'1110,10,XNOR,'1001,5,XOR,'0110,65,yes
12,NOT Q,'0101,8,NOR,'0001,10,XNOR,'1001,5,XOR,'0110,65,yes
12,NOT Q,'0101,9,NOT P,'0011,10,XNOR,'1001,5,XOR,'0110,65,yes
12,NOT Q,'0101,10,XNOR,'1001,10,XNOR,'1001,5,XOR,'0110,65,yes
12,NOT Q,'0101,11,IMPLIES (p -> q),'1011,10,XNOR,'1001,5,XOR,'0110,65,yes
12,NOT Q,'0101,12,NOT Q,'0101,10,XNOR,'1001,5,XOR,'0110,65,yes
12,NOT Q,'0101,13,NAND,'0111,10,XNOR,'1001,5,XOR,'0110,65,yes
12,NOT Q,'0101,14,CONVERSE (q -> p),'1101,10,XNOR,'1001,5,XOR,'0110,65,yes
12,NOT Q,'0101,15,TRUE,'1111,10,XNOR,'1001,5,XOR,'0110,65,yes
12,NOT Q,'0101,0,FALSE,'0000,11,IMPLIES (p -> q),'1011,4,p AND NOT q,'0100,50,yes
12,NOT Q,'0101,1,q AND NOT p,'0010,11,IMPLIES (p -> q),'1011,4,p AND NOT q,'0100,50,yes
12,NOT Q,'0101,2,AND,'1000,11,IMPLIES (p -> q),'1011,4,p AND NOT q,'0100,50,yes
12,NOT Q,'0101,3,Q,'1010,11,IMPLIES (p -> q),'1011,4,p AND NOT q,'0100,50,yes
12,NOT Q,'0101,4,p AND NOT q,'0100,11,IMPLIES (p -> q),'1011,4,p AND NOT q,'0100,50,yes
12,NOT Q,'0101,5,XOR,'0110,11,IMPLIES (p -> q),'1011,4,p AND NOT q,'0100,50,yes
12,NOT Q,'0101,6,P,'1100,11,IMPLIES (p -> q),'1011,4,p AND NOT q,'0100,50,yes
12,NOT Q,'0101,7,OR,'1110,11,IMPLIES (p -> q),'1011,4,p AND NOT q,'0100,50,yes
12,NOT Q,'0101,8,NOR,'0001,11,IMPLIES (p -> q),'1011,4,p AND NOT q,'0100,50,yes
12,NOT Q,'0101,9,NOT P,'0011,11,IMPLIES (p -> q),'1011,4,p AND NOT q,'0100,50,yes
12,NOT Q,'0101,10,XNOR,'1001,11,IMPLIES (p -> q),'1011,4,p AND NOT q,'0100,50,yes
12,NOT Q,'0101,11,IMPLIES (p -> q),'1011,11,IMPLIES (p -> q),'1011,4,p AND NOT q,'0100,50,yes
12,NOT Q,'0101,12,NOT Q,'0101,11,IMPLIES (p -> q),'1011,4,p AND NOT q,'0100,50,yes
12,NOT Q,'0101,13,NAND,'0111,11,IMPLIES (p -> q),'1011,4,p AND NOT q,'0100,50,yes
12,NOT Q,'0101,14,CONVERSE (q -> p),'1101,11,IMPLIES (p -> q),'1011,4,p AND NOT q,'0100,50,yes
12,NOT Q,'0101,15,TRUE,'1111,11,IMPLIES (p -> q),'1011,4,p AND NOT q,'0100,50,yes
12,NOT Q,'0101,0,FALSE,'0000,12,NOT Q,'0101,3,Q,'1010,37,yes
12,NOT Q,'0101,1,q AND NOT p,'0010,12,NOT Q,'0101,3,Q,'1010,37,yes
12,NOT Q,'0101,2,AND,'1000,12,NOT Q,'0101,3,Q,'1010,37,yes
12,NOT Q,'0101,3,Q,'1010,12,NOT Q,'0101,3,Q,'1010,37,yes
12,NOT Q,'0101,4,p AND NOT q,'0100,12,NOT Q,'0101,3,Q,'1010,37,yes
12,NOT Q,'0101,5,XOR,'0110,12,NOT Q,'0101,3,Q,'1010,37,yes
12,NOT Q,'0101,6,P,'1100,12,NOT Q,'0101,3,Q,'1010,37,yes
12,NOT Q,'0101,7,OR,'1110,12,NOT Q,'0101,3,Q,'1010,37,yes
12,NOT Q,'0101,8,NOR,'0001,12,NOT Q,'0101,3,Q,'1010,37,yes
12,NOT Q,'0101,9,NOT P,'0011,12,NOT Q,'0101,3,Q,'1010,37,yes
12,NOT Q,'0101,10,XNOR,'1001,12,NOT Q,'0101,3,Q,'1010,37,yes
12,NOT Q,'0101,11,IMPLIES (p -> q),'1011,12,NOT Q,'0101,3,Q,'1010,37,yes
12,NOT Q,'0101,12,NOT Q,'0101,12,NOT Q,'0101,3,Q,'1010,37,yes
12,NOT Q,'0101,13,NAND,'0111,12,NOT Q,'0101,3,Q,'1010,37,yes
12,NOT Q,'0101,14,CONVERSE (q -> p),'1101,12,NOT Q,'0101,3,Q,'1010,37,yes
12,NOT Q,'0101,15,TRUE,'1111,12,NOT Q,'0101,3,Q,'1010,37,yes
12,NOT Q,'0101,0,FALSE,'0000,13,NAND,'0111,2,AND,'1000,22,yes
12,NOT Q,'0101,1,q AND NOT p,'0010,13,NAND,'0111,2,AND,'1000,22,yes
12,NOT Q,'0101,2,AND,'1000,13,NAND,'0111,2,AND,'1000,22,yes
12,NOT Q,'0101,3,Q,'1010,13,NAND,'0111,2,AND,'1000,22,yes
12,NOT Q,'0101,4,p AND NOT q,'0100,13,NAND,'0111,2,AND,'1000,22,yes
12,NOT Q,'0101,5,XOR,'0110,13,NAND,'0111,2,AND,'1000,22,yes
12,NOT Q,'0101,6,P,'1100,13,NAND,'0111,2,AND,'1000,22,yes
12,NOT Q,'0101,7,OR,'1110,13,NAND,'0111,2,AND,'1000,22,yes
12,NOT Q,'0101,8,NOR,'0001,13,NAND,'0111,2,AND,'1000,22,yes
12,NOT Q,'0101,9,NOT P,'0011,13,NAND,'0111,2,AND,'1000,22,yes
12,NOT Q,'0101,10,XNOR,'1001,13,NAND,'0111,2,AND,'1000,22,yes
12,NOT Q,'0101,11,IMPLIES (p -> q),'1011,13,NAND,'0111,2,AND,'1000,22,yes
12,NOT Q,'0101,12,NOT Q,'0101,13,NAND,'0111,2,AND,'1000,22,yes
12,NOT Q,'0101,13,NAND,'0111,13,NAND,'0111,2,AND,'1000,22,yes
12,NOT Q,'0101,14,CONVERSE (q -> p),'1101,13,NAND,'0111,2,AND,'1000,22,yes
12,NOT Q,'0101,15,TRUE,'1111,13,NAND,'0111,2,AND,'1000,22,yes
12,NOT Q,'0101,0,FALSE,'0000,14,CONVERSE (q -> p),'1101,1,q AND NOT p,'0010,7,yes
12,NOT Q,'0101,1,q AND NOT p,'0010,14,CONVERSE (q -> p),'1101,1,q AND NOT p,'0010,7,yes
12,NOT Q,'0101,2,AND,'1000,14,CONVERSE (q -> p),'1101,1,q AND NOT p,'0010,7,yes
12,NOT Q,'0101,3,Q,'1010,14,CONVERSE (q -> p),'1101,1,q AND NOT p,'0010,7,yes
12,NOT Q,'0101,4,p AND NOT q,'0100,14,CONVERSE (q -> p),'1101,1,q AND NOT p,'0010,7,yes
12,NOT Q,'0101,5,XOR,'0110,14,CONVERSE (q -> p),'1101,1,q AND NOT p,'0010,7,yes
12,NOT Q,'0101,6,P,'1100,14,CONVERSE (q -> p),'1101,1,q AND NOT p,'0010,7,yes
12,NOT Q,'0101,7,OR,'1110,14,CONVERSE (q -> p),'1101,1,q AND NOT p,'0010,7,yes
12,NOT Q,'0101,8,NOR,'0001,14,CONVERSE (q -> p),'1101,1,q AND NOT p,'0010,7,yes
12,NOT Q,'0101,9,NOT P,'0011,14,CONVERSE (q -> p),'1101,1,q AND NOT p,'0010,7,yes
12,NOT Q,'0101,10,XNOR,'1001,14,CONVERSE (q -> p),'1101,1,q AND NOT p,'0010,7,yes
12,NOT Q,'0101,11,IMPLIES (p -> q),'1011,14,CONVERSE (q -> p),'1101,1,q AND NOT p,'0010,7,yes
12,NOT Q,'0101,12,NOT Q,'0101,14,CONVERSE (q -> p),'1101,1,q AND NOT p,'0010,7,yes
12,NOT Q,'0101,13,NAND,'0111,14,CONVERSE (q -> p),'1101,1,q AND NOT p,'0010,7,yes
12,NOT Q,'0101,14,CONVERSE (q -> p),'1101,14,CONVERSE (q -> p),'1101,1,q AND NOT p,'0010,7,yes
12,NOT Q,'0101,15,TRUE,'1111,14,CONVERSE (q -> p),'1101,1,q AND NOT p,'0010,7,yes
12,NOT Q,'0101,0,FALSE,'0000,15,TRUE,'1111,0,FALSE,'0000,1,yes
12,NOT Q,'0101,1,q AND NOT p,'0010,15,TRUE,'1111,0,FALSE,'0000,1,yes
12,NOT Q,'0101,2,AND,'1000,15,TRUE,'1111,0,FALSE,'0000,1,yes
12,NOT Q,'0101,3,Q,'1010,15,TRUE,'1111,0,FALSE,'0000,1,yes
12,NOT Q,'0101,4,p AND NOT q,'0100,15,TRUE,'1111,0,FALSE,'0000,1,yes
12,NOT Q,'0101,5,XOR,'0110,15,TRUE,'1111,0,FALSE,'0000,1,yes
12,NOT Q,'0101,6,P,'1100,15,TRUE,'1111,0,FALSE,'0000,1,yes
12,NOT Q,'0101,7,OR,'1110,15,TRUE,'1111,0,FALSE,'0000,1,yes
12,NOT Q,'0101,8,NOR,'0001,15,TRUE,'1111,0,FALSE,'0000,1,yes
12,NOT Q,'0101,9,NOT P,'0011,15,TRUE,'1111,0,FALSE,'0000,1,yes
12,NOT Q,'0101,10,XNOR,'1001,15,TRUE,'1111,0,FALSE,'0000,1,yes
12,NOT Q,'0101,11,IMPLIES (p -> q),'1011,15,TRUE,'1111,0,FALSE,'0000,1,yes
12,NOT Q,'0101,12,NOT Q,'0101,15,TRUE,'1111,0,FALSE,'0000,1,yes
12,NOT Q,'0101,13,NAND,'0111,15,TRUE,'1111,0,FALSE,'0000,1,yes
12,NOT Q,'0101,14,CONVERSE (q -> p),'1101,15,TRUE,'1111,0,FALSE,'0000,1,yes
12,NOT Q,'0101,15,TRUE,'1111,15,TRUE,'1111,0,FALSE,'0000,1,yes
13,NAND,'0111,0,FALSE,'0000,0,FALSE,'0000,15,TRUE,'1111,213,yes
13,NAND,'0111,1,q AND NOT p,'0010,0,FALSE,'0000,15,TRUE,'1111,502,no
13,NAND,'0111,2,AND,'1000,0,FALSE,'0000,15,TRUE,'1111,503,no
13,NAND,'0111,3,Q,'1010,0,FALSE,'0000,15,TRUE,'1111,504,no
13,NAND,'0111,4,p AND NOT q,'0100,0,FALSE,'0000,15,TRUE,'1111,503,no
13,NAND,'0111,5,XOR,'0110,0,FALSE,'0000,15,TRUE,'1111,505,no
13,NAND,'0111,6,P,'1100,0,FALSE,'0000,15,TRUE,'1111,506,no
13,NAND,'0111,7,OR,'1110,0,FALSE,'0000,15,TRUE,'1111,502,no
13,NAND,'0111,8,NOR,'0001,0,FALSE,'0000,15,TRUE,'1111,502,no
13,NAND,'0111,9,NOT P,'0011,0,FALSE,'0000,15,TRUE,'1111,506,no
13,NAND,'0111,10,XNOR,'1001,0,FALSE,'0000,15,TRUE,'1111,505,no
13,NAND,'0111,11,IMPLIES (p -> q),'1011,0,FALSE,'0000,15,TRUE,'1111,503,no
13,NAND,'0111,12,NOT Q,'0101,0,FALSE,'0000,15,TRUE,'1111,504,no
13,NAND,'0111,13,NAND,'0111,0,FALSE,'0000,15,TRUE,'1111,503,no
13,NAND,'0111,14,CONVERSE (q -> p),'1101,0,FALSE,'0000,15,TRUE,'1111,502,no
13,NAND,'0111,15,TRUE,'1111,0,FALSE,'0000,15,TRUE,'1111,213,yes
13,NAND,'0111,0,FALSE,'0000,1,q AND NOT p,'0010,15,TRUE,'1111,213,yes
13,NAND,'0111,1,q AND NOT p,'0010,1,q AND NOT p,'0010,14,CONVERSE (q -> p),'1101,501,no
13,NAND,'0111,2,AND,'1000,1,q AND NOT p,'0010,15,TRUE,'1111,500,no
13,NAND,'0111,3,Q,'1010,1,q AND NOT p,'0010,14,CONVERSE (q -> p),'1101,499,no
13,NAND,'0111,4,p AND NOT q,'0100,1,q AND NOT p,'0010,15,TRUE,'1111,498,no
13,NAND,'0111,5,XOR,'0110,1,q AND NOT p,'0010,14,CONVERSE (q -> p),'1101,497,no
13,NAND,'0111,6,P,'1100,1,q AND NOT p,'0010,15,TRUE,'1111,496,no
13,NAND,'0111,7,OR,'1110,1,q AND NOT p,'0010,14,CONVERSE (q -> p),'1101,495,no
13,NAND,'0111,8,NOR,'0001,1,q AND NOT p,'0010,15,TRUE,'1111,494,no
13,NAND,'0111,9,NOT P,'0011,1,q AND NOT p,'0010,14,CONVERSE (q -> p),'1101,493,no
13,NAND,'0111,10,XNOR,'1001,1,q AND NOT p,'0010,15,TRUE,'1111,492,no
13,NAND,'0111,11,IMPLIES (p -> q),'1011,1,q AND NOT p,'0010,14,CONVERSE (q -> p),'1101,491,no
13,NAND,'0111,12,NOT Q,'0101,1,q AND NOT p,'0010,15,TRUE,'1111,490,no
13,NAND,'0111,13,NAND,'0111,1,q AND NOT p,'0010,14,CONVERSE (q -> p),'1101,489,no
13,NAND,'0111,14,CONVERSE (q -> p),'1101,1,q AND NOT p,'0010,15,TRUE,'1111,488,no
13,NAND,'0111,15,TRUE,'1111,1,q AND NOT p,'0010,14,CONVERSE (q -> p),'1101,198,yes
13,NAND,'0111,0,FALSE,'0000,2,AND,'1000,15,TRUE,'1111,213,yes
13,NAND,'0111,1,q AND NOT p,'0010,2,AND,'1000,15,TRUE,'1111,487,no
13,NAND,'0111,2,AND,'1000,2,AND,'1000,13,NAND,'0111,486,no
13,NAND,'0111,3,Q,'1010,2,AND,'1000,13,NAND,'0111,485,no
13,NAND,'0111,4,p AND NOT q,'0100,2,AND,'1000,15,TRUE,'1111,484,no
13,NAND,'0111,5,XOR,'0110,2,AND,'1000,15,TRUE,'1111,483,no
13,NAND,'0111,6,P,'1100,2,AND,'1000,13,NAND,'0111,482,no
13,NAND,'0111,7,OR,'1110,2,AND,'1000,13,NAND,'0111,481,no
13,NAND,'0111,8,NOR,'0001,2,AND,'1000,15,TRUE,'1111,480,no
13,NAND,'0111,9,NOT P,'0011,2,AND,'1000,15,TRUE,'1111,479,no
13,NAND,'0111,10,XNOR,'1001,2,AND,'1000,13,NAND,'0111,478,no
13,NAND,'0111,11,IMPLIES (p -> q),'1011,2,AND,'1000,13,NAND,'0111,477,no
13,NAND,'0111,12,NOT Q,'0101,2,AND,'1000,15,TRUE,'1111,476,no
13,NAND,'0111,13,NAND,'0111,2,AND,'1000,15,TRUE,'1111,475,no
13,NAND,'0111,14,CONVERSE (q -> p),'1101,2,AND,'1000,13,NAND,'0111,474,no
13,NAND,'0111,15,TRUE,'1111,2,AND,'1000,13,NAND,'0111,183,yes
13,NAND,'0111,0,FALSE,'0000,3,Q,'1010,15,TRUE,'1111,213,yes
13,NAND,'0111,1,q AND NOT p,'0010,3,Q,'1010,14,CONVERSE (q -> p),'1101,473,no
13,NAND,'0111,2,AND,'1000,3,Q,'1010,13,NAND,'0111,472,no
13,NAND,'0111,3,Q,'1010,3,Q,'1010,12,NOT Q,'0101,471,no
13,NAND,'0111,4,p AND NOT q,'0100,3,Q,'1010,15,TRUE,'1111,470,no
13,NAND,'0111,5,XOR,'0110,3,Q,'1010,14,CONVERSE (q -> p),'1101,469,no
13,NAND,'0111,6,P,'1100,3,Q,'1010,13,NAND,'0111,183,yes
13,NAND,'0111,7,OR,'1110,3,Q,'1010,12,NOT Q,'0101,468,no
13,NAND,'0111,8,NOR,'0001,3,Q,'1010,15,TRUE,'1111,467,no
13,NAND,'0111,9,NOT P,'0011,3,Q,'1010,14,CONVERSE (q -> p),'1101,198,yes
13,NAND,'0111,10,XNOR,'1001,3,Q,'1010,13,NAND,'0111,466,no
13,NAND,'0111,11,IMPLIES (p -> q),'1011,3,Q,'1010,12,NOT Q,'0101,465,no
13,NAND,'0111,12,NOT Q,'0101,3,Q,'1010,15,TRUE,'1111,464,no
13,NAND,'0111,13,NAND,'0111,3,Q,'1010,14,CONVERSE (q -> p),'1101,463,no
13,NAND,'0111,14,CONVERSE (q -> p),'1101,3,Q,'1010,13,NAND,'0111,462,no
13,NAND,'0111,15,TRUE,'1111,3,Q,'1010,12,NOT Q,'0101,170,yes
13,NAND,'0111,0,FALSE,'0000,4,p AND NOT q,'0100,15,TRUE,'1111,213,yes
13,NAND,'0111,1,q AND NOT p,'0010,4,p AND NOT q,'0100,15,TRUE,'1111,461,no
13,NAND,'0111,2,AND,'1000,4,p AND NOT q,'0100,15,TRUE,'1111,460,no
13,NAND,'0111,3,Q,'1010,4,p AND NOT q,'0100,15,TRUE,'1111,459,no
13,NAND,'0111,4,p AND NOT q,'0100,4,p AND NOT q,'0100,11,IMPLIES (p -> q),'1011,458,no
13,NAND,'0111,5,XOR,'0110,4,p AND NOT q,'0100,11,IMPLIES (p -> q),'1011,457,no
13,NAND,'0111,6,P,'1100,4,p AND NOT q,'0100,11,IMPLIES (p -> q),'1011,456,no
13,NAND,'0111,7,OR,'1110,4,p AND NOT q,'0100,11,IMPLIES (p -> q),'1011,455,no
13,NAND,'0111,8,NOR,'0001,4,p AND NOT q,'0100,15,TRUE,'1111,454,no
13,NAND,'0111,9,NOT P,'0011,4,p AND NOT q,'0100,15,TRUE,'1111,453,no
13,NAND,'0111,10,XNOR,'1001,4,p AND NOT q,'0100,15,TRUE,'1111,452,no
13,NAND,'0111,11,IMPLIES (p -> q),'1011,4,p AND NOT q,'0100,15,TRUE,'1111,451,no
13,NAND,'0111,12,NOT Q,'0101,4,p AND NOT q,'0100,11,IMPLIES (p -> q),'1011,450,no
13,NAND,'0111,13,NAND,'0111,4,p AND NOT q,'0100,11,IMPLIES (p -> q),'1011,449,no
13,NAND,'0111,14,CONVERSE (q -> p),'1101,4,p AND NOT q,'0100,11,IMPLIES (p -> q),'1011,448,no
13,NAND,'0111,15,TRUE,'1111,4,p AND NOT q,'0100,11,IMPLIES (p -> q),'1011,155,yes
13,NAND,'0111,0,FALSE,'0000,5,XOR,'0110,15,TRUE,'1111,213,yes
13,NAND,'0111,1,q AND NOT p,'0010,5,XOR,'0110,14,CONVERSE (q -> p),'1101,447,no
13,NAND,'0111,2,AND,'1000,5,XOR,'0110,15,TRUE,'1111,446,no
13,NAND,'0111,3,Q,'1010,5,XOR,'0110,14,CONVERSE (q -> p),'1101,445,no
13,NAND,'0111,4,p AND NOT q,'0100,5,XOR,'0110,11,IMPLIES (p -> q),'1011,444,no
13,NAND,'0111,5,XOR,'0110,5,XOR,'0110,10,XNOR,'1001,443,no
13,NAND,'0111,6,P,'1100,5,XOR,'0110,11,IMPLIES (p -> q),'1011,442,no
13,NAND,'0111,7,OR,'1110,5,XOR,'0110,10,XNOR,'1001,441,no
13,NAND,'0111,8,NOR,'0001,5,XOR,'0110,15,TRUE,'1111,440,no
13,NAND,'0111,9,NOT P,'0011,5,XOR,'0110,14,CONVERSE (q -> p),'1101,439,no
13,NAND,'0111,10,XNOR,'1001,5,XOR,'0110,15,TRUE,'1111,438,no
13,NAND,'0111,11,IMPLIES (p -> q),'1011,5,XOR,'0110,14,CONVERSE (q -> p),'1101,437,no
13,NAND,'0111,12,NOT Q,'0101,5,XOR,'0110,11,IMPLIES (p -> q),'1011,436,no
13,NAND,'0111,13,NAND,'0111,5,XOR,'0110,10,XNOR,'1001,435,no
13,NAND,'0111,14,CONVERSE (q -> p),'1101,5,XOR,'0110,11,IMPLIES (p -> q),'1011,434,no
13,NAND,'0111,15,TRUE,'1111,5,XOR,'0110,10,XNOR,'1001,140,yes
13,NAND,'0111,0,FALSE,'0000,6,P,'1100,15,TRUE,'1111,213,yes
13,NAND,'0111,1,q AND NOT p,'0010,6,P,'1100,15,TRUE,'1111,433,no
13,NAND,'0111,2,AND,'1000,6,P,'1100,13,NAND,'0111,432,no
13,NAND,'0111,3,Q,'1010,6,P,'1100,13,NAND,'0111,431,no
13,NAND,'0111,4,p AND NOT q,'0100,6,P,'1100,11,IMPLIES (p -> q),'1011,430,no
13,NAND,'0111,5,XOR,'0110,6,P,'1100,11,IMPLIES (p -> q),'1011,429,no
13,NAND,'0111,6,P,'1100,6,P,'1100,9,NOT P,'0011,428,no
13,NAND,'0111,7,OR,'1110,6,P,'1100,9,NOT P,'0011,427,no
13,NAND,'0111,8,NOR,'0001,6,P,'1100,15,TRUE,'1111,426,no
13,NAND,'0111,9,NOT P,'0011,6,P,'1100,15,TRUE,'1111,425,no
13,NAND,'0111,10,XNOR,'1001,6,P,'1100,13,NAND,'0111,424,no
13,NAND,'0111,11,IMPLIES (p -> q),'1011,6,P,'1100,13,NAND,'0111,423,no
13,NAND,'0111,12,NOT Q,'0101,6,P,'1100,11,IMPLIES (p -> q),'1011,422,no
13,NAND,'0111,13,NAND,'0111,6,P,'1100,11,IMPLIES (p -> q),'1011,421,no
13,NAND,'0111,14,CONVERSE (q -> p),'1101,6,P,'1100,9,NOT P,'0011,420,no
13,NAND,'0111,15,TRUE,'1111,6,P,'1100,9,NOT P,'0011,125,yes
13,NAND,'0111,0,FALSE,'0000,7,OR,'1110,15,TRUE,'1111,213,yes
13,NAND,'0111,1,q AND NOT p,'0010,7,OR,'1110,14,CONVERSE (q -> p),'1101,419,no
13,NAND,'0111,2,AND,'1000,7,OR,'1110,13,NAND,'0111,418,no
13,NAND,'0111,3,Q,'1010,7,OR,'1110,12,NOT Q,'0101,417,no
13,NAND,'0111,4,p AND NOT q,'0100,7,OR,'1110,11,IMPLIES (p -> q),'1011,416,no
13,NAND,'0111,5,XOR,'0110,7,OR,'1110,10,XNOR,'1001,415,no
13,NAND,'0111,6,P,'1100,7,OR,'1110,9,NOT P,'0011,414,no
13,NAND,'0111,7,OR,'1110,7,OR,'1110,8,NOR,'0001,413,no
13,NAND,'0111,8,NOR,'0001,7,OR,'1110,15,TRUE,'1111,412,no
13,NAND,'0111,9,NOT P,'0011,7,OR,'1110,14,CONVERSE (q -> p),'1101,411,no
13,NAND,'0111,10,XNOR,'1001,7,OR,'1110,13,NAND,'0111,410,no
13,NAND,'0111,11,IMPLIES (p -> q),'1011,7,OR,'1110,12,NOT Q,'0101,409,no
13,NAND,'0111,12,NOT Q,'0101,7,OR,'1110,11,IMPLIES (p -> q),'1011,408,no
13,NAND,'0111,13,NAND,'0111,7,OR,'1110,10,XNOR,'1001,407,no
13,NAND,'0111,14,CONVERSE (q -> p),'1101,7,OR,'1110,9,NOT P,'0011,406,no
13,NAND,'0111,15,TRUE,'1111,7,OR,'1110,8,NOR,'0001,110,yes
13,NAND,'0111,0,FALSE,'0000,8,NOR,'0001,15,TRUE,'1111,213,yes
13,NAND,'0111,1,q AND NOT p,'0010,8,NOR,'0001,15,TRUE,'1111,405,no
13,NAND,'0111,2,AND,'1000,8,NOR,'0001,15,TRUE,'1111,404,no
13,NAND,'0111,3,Q,'1010,8,NOR,'0001,15,TRUE,'1111,403,no
13,NAND,'0111,4,p AND NOT q,'0100,8,NOR,'0001,15,TRUE,'1111,402,no
13,NAND,'0111,5,XOR,'0110,8,NOR,'0001,15,TRUE,'1111,401,no
13,NAND,'0111,6,P,'1100,8,NOR,'0001,15,TRUE,'1111,400,no
13,NAND,'0111,7,OR,'1110,8,NOR,'0001,15,TRUE,'1111,399,no
13,NAND,'0111,8,NOR,'0001,8,NOR,'0001,7,OR,'1110,398,no
13,NAND,'0111,9,NOT P,'0011,8,NOR,'0001,7,OR,'1110,397,no
13,NAND,'0111,10,XNOR,'1001,8,NOR,'0001,7,OR,'1110,396,no
13,NAND,'0111,11,IMPLIES (p -> q),'1011,8,NOR,'0001,7,OR,'1110,395,no
13,NAND,'0111,12,NOT Q,'0101,8,NOR,'0001,7,OR,'1110,394,no
13,NAND,'0111,13,NAND,'0111,8,NOR,'0001,7,OR,'1110,393,no
13,NAND,'0111,14,CONVERSE (q -> p),'1101,8,NOR,'0001,7,OR,'1110,392,no
13,NAND,'0111,15,TRUE,'1111,8,NOR,'0001,7,OR,'1110,95,yes
13,NAND,'0111,0,FALSE,'0000,9,NOT P,'0011,15,TRUE,'1111,213,yes
13,NAND,'0111,1,q AND NOT p,'0010,9,NOT P,'0011,14,CONVERSE (q -> p),'1101,391,no
13,NAND,'0111,2,AND,'1000,9,NOT P,'0011,15,TRUE,'1111,390,no
13,NAND,'0111,3,Q,'1010,9,NOT P,'0011,14,CONVERSE (q -> p),'1101,389,no
13,NAND,'0111,4,p AND NOT q,'0100,9,NOT P,'0011,15,TRUE,'1111,388,no
13,NAND,'0111,5,XOR,'0110,9,NOT P,'0011,14,CONVERSE (q -> p),'1101,387,no
13,NAND,'0111,6,P,'1100,9,NOT P,'0011,15,TRUE,'1111,386,no
13,NAND,'0111,7,OR,'1110,9,NOT P,'0011,14,CONVERSE (q -> p),'1101,385,no
13,NAND,'0111,8,NOR,'0001,9,NOT P,'0011,7,OR,'1110,384,no
13,NAND,'0111,9,NOT P,'0011,9,NOT P,'0011,6,P,'1100,383,no
13,NAND,'0111,10,XNOR,'1001,9,NOT P,'0011,7,OR,'1110,382,no
13,NAND,'0111,11,IMPLIES (p -> q),'1011,9,NOT P,'0011,6,P,'1100,381,no
13,NAND,'0111,12,NOT Q,'0101,9,NOT P,'0011,7,OR,'1110,380,no
13,NAND,'0111,13,NAND,'0111,9,NOT P,'0011,6,P,'1100,379,no
13,NAND,'0111,14,CONVERSE (q -> p),'1101,9,NOT P,'0011,7,OR,'1110,378,no
13,NAND,'0111,15,TRUE,'1111,9,NOT P,'0011,6,P,'1100,80,yes
13,NAND,'0111,0,FALSE,'0000,10,XNOR,'1001,15,TRUE,'1111,213,yes
13,NAND,'0111,1,q AND NOT p,'0010,10,XNOR,'1001,15,TRUE,'1111,377,no
13,NAND,'0111,2,AND,'1000,10,XNOR,'1001,13,NAND,'0111,376,no
13,NAND,'0111,3,Q,'1010,10,XNOR,'1001,13,NAND,'0111,375,no
13,NAND,'0111,4,p AND NOT q,'0100,10,XNOR,'1001,15,TRUE,'1111,374,no
13,NAND,'0111,5,XOR,'0110,10,XNOR,'1001,15,TRUE,'1111,373,no
13,NAND,'0111,6,P,'1100,10,XNOR,'1001,13,NAND,'0111,372,no
13,NAND,'0111,7,OR,'1110,10,XNOR,'1001,13,NAND,'0111,371,no
13,NAND,'0111,8,NOR,'0001,10,XNOR,'1001,7,OR,'1110,370,no
13,NAND,'0111,9,NOT P,'0011,10,XNOR,'1001,7,OR,'1110,369,no
13,NAND,'0111,10,XNOR,'1001,10,XNOR,'1001,5,XOR,'0110,368,no
13,NAND,'0111,11,IMPLIES (p -> q),'1011,10,XNOR,'1001,5,XOR,'0110,367,no
13,NAND,'0111,12,NOT Q,'0101,10,XNOR,'1001,7,OR,'1110,366,no
13,NAND,'0111,13,NAND,'0111,10,XNOR,'1001,7,OR,'1110,365,no
13,NAND,'0111,14,CONVERSE (q -> p),'1101,10,XNOR,'1001,5,XOR,'0110,364,no
13,NAND,'0111,15,TRUE,'1111,10,XNOR,'1001,5,XOR,'0110,65,yes
13,NAND,'0111,0,FALSE,'0000,11,IMPLIES (p -> q),'1011,15,TRUE,'1111,213,yes
13,NAND,'0111,1,q AND NOT p,'0010,11,IMPLIES (p -> q),'1011,14,CONVERSE (q -> p),'1101,363,no
13,NAND,'0111,2,AND,'1000,11,IMPLIES (p -> q),'1011,13,NAND,'0111,362,no
13,NAND,'0111,3,Q,'1010,11,IMPLIES (p -> q),'1011,12,NOT Q,'0101,361,no
13,NAND,'0111,4,p AND NOT q,'0100,11,IMPLIES (p -> q),'1011,15,TRUE,'1111,360,no
13,NAND,'0111,5,XOR,'0110,11,IMPLIES (p -> q),'1011,14,CONVERSE (q -> p),'1101,359,no
13,NAND,'0111,6,P,'1100,11,IMPLIES (p -> q),'1011,13,NAND,'0111,358,no
13,NAND,'0111,7,OR,'1110,11,IMPLIES (p -> q),'1011,12,NOT Q,'0101,357,no
13,NAND,'0111,8,NOR,'0001,11,IMPLIES (p -> q),'1011,7,OR,'1110,356,no
13,NAND,'0111,9,NOT P,'0011,11,IMPLIES (p -> q),'1011,6,P,'1100,355,no
13,NAND,'0111,10,XNOR,'1001,11,IMPLIES (p -> q),'1011,5,XOR,'0110,354,no
13,NAND,'0111,11,IMPLIES (p -> q),'1011,11,IMPLIES (p -> q),'1011,4,p AND NOT q,'0100,353,no
13,NAND,'0111,12,NOT Q,'0101,11,IMPLIES (p -> q),'1011,7,OR,'1110,352,no
13,NAND,'0111,13,NAND,'0111,11,IMPLIES (p -> q),'1011,6,P,'1100,351,no
13,NAND,'0111,14,CONVERSE (q -> p),'1101,11,IMPLIES (p -> q),'1011,5,XOR,'0110,350,no
13,NAND,'0111,15,TRUE,'1111,11,IMPLIES (p -> q),'1011,4,p AND NOT q,'0100,50,yes
13,NAND,'0111,0,FALSE,'0000,12,NOT Q,'0101,15,TRUE,'1111,213,yes
13,NAND,'0111,1,q AND NOT p,'0010,12,NOT Q,'0101,15,TRUE,'1111,349,no
13,NAND,'0111,2,AND,'1000,12,NOT Q,'0101,15,TRUE,'1111,348,no
13,NAND,'0111,3,Q,'1010,12,NOT Q,'0101,15,TRUE,'1111,347,no
13,NAND,'0111,4,p AND NOT q,'0100,12,NOT Q,'0101,11,IMPLIES (p -> q),'1011,346,no
13,NAND,'0111,5,XOR,'0110,12,NOT Q,'0101,11,IMPLIES (p -> q),'1011,345,no
13,NAND,'0111,6,P,'1100,12,NOT Q,'0101,11,IMPLIES (p -> q),'1011,155,yes
13,NAND,'0111,7,OR,'1110,12,NOT Q,'0101,11,IMPLIES (p -> q),'1011,344,no
13,NAND,'0111,8,NOR,'0001,12,NOT Q,'0101,7,OR,'1110,343,no
13,NAND,'0111,9,NOT P,'0011,12,NOT Q,'0101,7,OR,'1110,95,yes
13,NAND,'0111,10,XNOR,'1001,12,NOT Q,'0101,7,OR,'1110,342,no
13,NAND,'0111,11,IMPLIES (p -> q),'1011,12,NOT Q,'0101,7,OR,'1110,341,no
13,NAND,'0111,12,NOT Q,'0101,12,NOT Q,'0101,3,Q,'1010,340,no
13,NAND,'0111,13,NAND,'0111,12,NOT Q,'0101,3,Q,'1010,339,no
13,NAND,'0111,14,CONVERSE (q -> p),'1101,12,NOT Q,'0101,3,Q,'1010,338,no
13,NAND,'0111,15,TRUE,'1111,12,NOT Q,'0101,3,Q,'1010,37,yes
13,NAND,'0111,0,FALSE,'0000,13,NAND,'0111,15,TRUE,'1111,213,yes
13,NAND,'0111,1,q AND NOT p,'0010,13,NAND,'0111,14,CONVERSE (q -> p),'1101,337,no
13,NAND,'0111,2,AND,'1000,13,NAND,'0111,15,TRUE,'1111,336,no
13,NAND,'0111,3,Q,'1010,13,NAND,'0111,14,CONVERSE (q -> p),'1101,335,no
13,NAND,'0111,4,p AND NOT q,'0100,13,NAND,'0111,11,IMPLIES (p -> q),'1011,334,no
13,NAND,'0111,5,XOR,'0110,13,NAND,'0111,10,XNOR,'1001,333,no
13,NAND,'0111,6,P,'1100,13,NAND,'0111,11,IMPLIES (p -> q),'1011,332,no
13,NAND,'0111,7,OR,'1110,13,NAND,'0111,10,XNOR,'1001,331,no
13,NAND,'0111,8,NOR,'0001,13,NAND,'0111,7,OR,'1110,330,no
13,NAND,'0111,9,NOT P,'0011,13,NAND,'0111,6,P,'1100,329,no
13,NAND,'0111,10,XNOR,'1001,13,NAND,'0111,7,OR,'1110,328,no
13,NAND,'0111,11,IMPLIES (p -> q),'1011,13,NAND,'0111,6,P,'1100,327,no
13,NAND,'0111,12,NOT Q,'0101,13,NAND,'0111,3,Q,'1010,326,no
13,NAND,'0111,13,NAND,'0111,13,NAND,'0111,2,AND,'1000,325,no
13,NAND,'0111,14,CONVERSE (q -> p),'1101,13,NAND,'0111,3,Q,'1010,324,no
13,NAND,'0111,15,TRUE,'1111,13,NAND,'0111,2,AND,'1000,22,yes
13,NAND,'0111,0,FALSE,'0000,14,CONVERSE (q -> p),'1101,15,TRUE,'1111,213,yes
13,NAND,'0111,1,q AND NOT p,'0010,14,CONVERSE (q -> p),'1101,15,TRUE,'1111,323,no
13,NAND,'0111,2,AND,'1000,14,CONVERSE (q -> p),'1101,13,NAND,'0111,322,no
13,NAND,'0111,3,Q,'1010,14,CONVERSE (q -> p),'1101,13,NAND,'0111,321,no
13,NAND,'0111,4,p AND NOT q,'0100,14,CONVERSE (q -> p),'1101,11,IMPLIES (p -> q),'1011,320,no
13,NAND,'0111,5,XOR,'0110,14,CONVERSE (q -> p),'1101,11,IMPLIES (p -> q),'1011,319,no
13,NAND,'0111,6,P,'1100,14,CONVERSE (q -> p),'1101,9,NOT P,'0011,318,no
13,NAND,'0111,7,OR,'1110,14,CONVERSE (q -> p),'1101,9,NOT P,'0011,317,no
13,NAND,'0111,8,NOR,'0001,14,CONVERSE (q -> p),'1101,7,OR,'1110,316,no
13,NAND,'0111,9,NOT P,'0011,14,CONVERSE (q -> p),'1101,7,OR,'1110,315,no
13,NAND,'0111,10,XNOR,'1001,14,CONVERSE (q -> p),'1101,5,XOR,'0110,314,no
13,NAND,'0111,11,IMPLIES (p -> q),'1011,14,CONVERSE (q -> p),'1101,5,XOR,'0110,313,no
13,NAND,'0111,12,NOT Q,'0101,14,CONVERSE (q -> p),'1101,3,Q,'1010,312,no
13,NAND,'0111,13,NAND,'0111,14,CONVERSE (q -> p),'1101,3,Q,'1010,311,no
13,NAND,'0111,14,CONVERSE (q -> p),'1101,14,CONVERSE (q -> p),'1101,1,q AND NOT p,'0010,310,no
13,NAND,'0111,15,TRUE,'1111,14,CONVERSE (q -> p),'1101,1,q AND NOT p,'0010,7,yes
13,NAND,'0111,0,FALSE,'0000,15,TRUE,'1111,15,TRUE,'1111,213,yes
13,NAND,'0111,1,q AND NOT p,'0010,15,TRUE,'1111,14,CONVERSE (q -> p),'1101,198,yes
13,NAND,'0111,2,AND,'1000,15,TRUE,'1111,13,NAND,'0111,183,yes
13,NAND,'0111,3,Q,'1010,15,TRUE,'1111,12,NOT Q,'0101,170,yes
13,NAND,'0111,4,p AND NOT q,'0100,15,TRUE,'1111,11,IMPLIES (p -> q),'1011,155,yes
13,NAND,'0111,5,XOR,'0110,15,TRUE,'1111,10,XNOR,'1001,140,yes
13,NAND,'0111,6,P,'1100,15,TRUE,'1111,9,NOT P,'0011,125,yes
13,NAND,'0111,7,OR,'1110,15,TRUE,'1111,8,NOR,'0001,110,yes
13,NAND,'0111,8,NOR,'0001,15,TRUE,'1111,7,OR,'1110,95,yes
13,NAND,'0111,9,NOT P,'0011,15,TRUE,'1111,6,P,'1100,80,yes
13,NAND,'0111,10,XNOR,'1001,15,TRUE,'1111,5,XOR,'0110,65,yes
13,NAND,'0111,11,IMPLIES (p -> q),'1011,15,TRUE,'1111,4,p AND NOT q,'0100,50,yes
13,NAND,'0111,12,NOT Q,'0101,15,TRUE,'1111,3,Q,'1010,37,yes
13,NAND,'0111,13,NAND,'0111,15,TRUE,'1111,2,AND,'1000,22,yes
13,NAND,'0111,14,CONVERSE (q -> p),'1101,15,TRUE,'1111,1,q AND NOT p,'0010,7,yes
13,NAND,'0111,15,TRUE,'1111,15,TRUE,'1111,0,FALSE,'0000,1,yes
14,CONVERSE (q -> p),'1101,0,FALSE,'0000,0,FALSE,'0000,15,TRUE,'1111,213,yes
14,CONVERSE (q -> p),'1101,1,q AND NOT p,'0010,0,FALSE,'0000,15,TRUE,'1111,502,no
14,CONVERSE (q -> p),'1101,2,AND,'1000,0,FALSE,'0000,15,TRUE,'1111,503,no
14,CONVERSE (q -> p),'1101,3,Q,'1010,0,FALSE,'0000,15,TRUE,'1111,504,no
14,CONVERSE (q -> p),'1101,4,p AND NOT q,'0100,0,FALSE,'0000,15,TRUE,'1111,503,no
14,CONVERSE (q -> p),'1101,5,XOR,'0110,0,FALSE,'0000,15,TRUE,'1111,505,no
14,CONVERSE (q -> p),'1101,6,P,'1100,0,FALSE,'0000,15,TRUE,'1111,506,no
14,CONVERSE (q -> p),'1101,7,OR,'1110,0,FALSE,'0000,15,TRUE,'1111,502,no
14,CONVERSE (q -> p),'1101,8,NOR,'0001,0,FALSE,'0000,15,TRUE,'1111,502,no
14,CONVERSE (q -> p),'1101,9,NOT P,'0011,0,FALSE,'0000,15,TRUE,'1111,506,no
14,CONVERSE (q -> p),'1101,10,XNOR,'1001,0,FALSE,'0000,15,TRUE,'1111,505,no
14,CONVERSE (q -> p),'1101,11,IMPLIES (p -> q),'1011,0,FALSE,'0000,15,TRUE,'1111,503,no
14,CONVERSE (q -> p),'1101,12,NOT Q,'0101,0,FALSE,'0000,15,TRUE,'1111,504,no
14,CONVERSE (q -> p),'1101,13,NAND,'0111,0,FALSE,'0000,15,TRUE,'1111,503,no
14,CONVERSE (q -> p),'1101,14,CONVERSE (q -> p),'1101,0,FALSE,'0000,15,TRUE,'1111,502,no
14,CONVERSE (q -> p),'1101,15,TRUE,'1111,0,FALSE,'0000,15,TRUE,'1111,213,yes
14,CONVERSE (q -> p),'1101,0,FALSE,'0000,1,q AND NOT p,'0010,14,CONVERSE (q -> p),'1101,198,yes
14,CONVERSE (q -> p),'1101,1,q AND NOT p,'0010,1,q AND NOT p,'0010,15,TRUE,'1111,488,no
14,CONVERSE (q -> p),'1101,2,AND,'1000,1,q AND NOT p,'0010,14,CONVERSE (q -> p),'1101,489,no
14,CONVERSE (q -> p),'1101,3,Q,'1010,1,q AND NOT p,'0010,15,TRUE,'1111,490,no
14,CONVERSE (q -> p),'1101,4,p AND NOT q,'0100,1,q AND NOT p,'0010,14,CONVERSE (q -> p),'1101,491,no
14,CONVERSE (q -> p),'1101,5,XOR,'0110,1,q AND NOT p,'0010,15,TRUE,'1111,492,no
14,CONVERSE (q -> p),'1101,6,P,'1100,1,q AND NOT p,'0010,14,CONVERSE (q -> p),'1101,493,no
14,CONVERSE (q -> p),'1101,7,OR,'1110,1,q AND NOT p,'0010,15,TRUE,'1111,494,no
14,CONVERSE (q -> p),'1101,8,NOR,'0001,1,q AND NOT p,'0010,14,CONVERSE (q -> p),'1101,495,no
14,CONVERSE (q -> p),'1101,9,NOT P,'0011,1,q AND NOT p,'0010,15,TRUE,'1111,496,no
14,CONVERSE (q -> p),'1101,10,XNOR,'1001,1,q AND NOT p,'0010,14,CONVERSE (q -> p),'1101,497,no
14,CONVERSE (q -> p),'1101,11,IMPLIES (p -> q),'1011,1,q AND NOT p,'0010,15,TRUE,'1111,498,no
14,CONVERSE (q -> p),'1101,12,NOT Q,'0101,1,q AND NOT p,'0010,14,CONVERSE (q -> p),'1101,499,no
14,CONVERSE (q -> p),'1101,13,NAND,'0111,1,q AND NOT p,'0010,15,TRUE,'1111,500,no
14,CONVERSE (q -> p),'1101,14,CONVERSE (q -> p),'1101,1,q AND NOT p,'0010,14,CONVERSE (q -> p),'1101,501,no
14,CONVERSE (q -> p),'1101,15,TRUE,'1111,1,q AND NOT p,'0010,15,TRUE,'1111,213,yes
14,CONVERSE (q -> p),'1101,0,FALSE,'0000,2,AND,'1000,13,NAND,'0111,183,yes
14,CONVERSE (q -> p),'1101,1,q AND NOT p,'0010,2,AND,'1000,13,NAND,'0111,474,no
14,CONVERSE (q -> p),'1101,2,AND,'1000,2,AND,'1000,15,TRUE,'1111,475,no
14,CONVERSE (q -> p),'1101,3,Q,'1010,2,AND,'1000,15,TRUE,'1111,476,no
14,CONVERSE (q -> p),'1101,4,p AND NOT q,'0100,2,AND,'1000,13,NAND,'0111,477,no
14,CONVERSE (q -> p),'1101,5,XOR,'0110,2,AND,'1000,13,NAND,'0111,478,no
14,CONVERSE (q -> p),'1101,6,P,'1100,2,AND,'1000,15,TRUE,'1111,479,no
14,CONVERSE (q -> p),'1101,7,OR,'1110,2,AND,'1000,15,TRUE,'1111,480,no
14,CONVERSE (q -> p),'1101,8,NOR,'0001,2,AND,'1000,13,NAND,'0111,481,no
14,CONVERSE (q -> p),'1101,9,NOT P,'0011,2,AND,'1000,13,NAND,'0111,482,no
14,CONVERSE (q -> p),'1101,10,XNOR,'1001,2,AND,'1000,15,TRUE,'1111,483,no
14,CONVERSE (q -> p),'1101,11,IMPLIES (p -> q),'1011,2,AND,'1000,15,TRUE,'1111,484,no
14,CONVERSE (q -> p),'1101,12,NOT Q,'0101,2,AND,'1000,13,NAND,'0111,485,no
14,CONVERSE (q -> p),'1101,13,NAND,'0111,2,AND,'1000,13,NAND,'0111,486,no
14,CONVERSE (q -> p),'1101,14,CONVERSE (q -> p),'1101,2,AND,'1000,15,TRUE,'1111,487,no
14,CONVERSE (q -> p),'1101,15,TRUE,'1111,2,AND,'1000,15,TRUE,'1111,213,yes
14,CONVERSE (q -> p),'1101,0,FALSE,'0000,3,Q,'1010,12,NOT Q,'0101,170,yes
14,CONVERSE (q -> p),'1101,1,q AND NOT p,'0010,3,Q,'1010,13,NAND,'0111,462,no
14,CONVERSE (q -> p),'1101,2,AND,'1000,3,Q,'1010,14,CONVERSE (q -> p),'1101,463,no
14,CONVERSE (q -> p),'1101,3,Q,'1010,3,Q,'1010,15,TRUE,'1111,464,no
14,CONVERSE (q -> p),'1101,4,p AND NOT q,'0100,3,Q,'1010,12,NOT Q,'0101,465,no
14,CONVERSE (q -> p),'1101,5,XOR,'0110,3,Q,'1010,13,NAND,'0111,466,no
14,CONVERSE (q -> p),'1101,6,P,'1100,3,Q,'1010,14,CONVERSE (q -> p),'1101,198,yes
14,CONVERSE (q -> p),'1101,7,OR,'1110,3,Q,'1010,15,TRUE,'1111,467,no
14,CONVERSE (q -> p),'1101,8,NOR,'0001,3,Q,'1010,12,NOT Q,'0101,468,no
14,CONVERSE (q -> p),'1101,9,NOT P,'0011,3,Q,'1010,13,NAND,'0111,183,yes
14,CONVERSE (q -> p),'1101,10,XNOR,'1001,3,Q,'1010,14,CONVERSE (q -> p),'1101,469,no
14,CONVERSE (q -> p),'1101,11,IMPLIES (p -> q),'1011,3,Q,'1010,15,TRUE,'1111,470,no
14,CONVERSE (q -> p),'1101,12,NOT Q,'0101,3,Q,'1010,12,NOT Q,'0101,471,no
14,CONVERSE (q -> p),'1101,13,NAND,'0111,3,Q,'1010,13,NAND,'0111,472,no
14,CONVERSE (q -> p),'1101,14,CONVERSE (q -> p),'1101,3,Q,'1010,14,CONVERSE (q -> p),'1101,473,no
14,CONVERSE (q -> p),'1101,15,TRUE,'1111,3,Q,'1010,15,TRUE,'1111,213,yes
14,CONVERSE (q -> p),'1101,0,FALSE,'0000,4,p AND NOT q,'0100,11,IMPLIES (p -> q),'1011,155,yes
14,CONVERSE (q -> p),'1101,1,q AND NOT p,'0010,4,p AND NOT q,'0100,11,IMPLIES (p -> q),'1011,448,no
14,CONVERSE (q -> p),'1101,2,AND,'1000,4,p AND NOT q,'0100,11,IMPLIES (p -> q),'1011,449,no
14,CONVERSE (q -> p),'1101,3,Q,'1010,4,p AND NOT q,'0100,11,IMPLIES (p -> q),'1011,450,no
14,CONVERSE (q -> p),'1101,4,p AND NOT q,'0100,4,p AND NOT q,'0100,15,TRUE,'1111,451,no
14,CONVERSE (q -> p),'1101,5,XOR,'0110,4,p AND NOT q,'0100,15,TRUE,'1111,452,no
14,CONVERSE (q -> p),'1101,6,P,'1100,4,p AND NOT q,'0100,15,TRUE,'1111,453,no
14,CONVERSE (q -> p),'1101,7,OR,'1110,4,p AND NOT q,'0100,15,TRUE,'1111,454,no
14,CONVERSE (q -> p),'1101,8,NOR,'0001,4,p AND NOT q,'0100,11,IMPLIES (p -> q),'1011,455,no
14,CONVERSE (q -> p),'1101,9,NOT P,'0011,4,p AND NOT q,'0100,11,IMPLIES (p -> q),'1011,456,no
14,CONVERSE (q -> p),'1101,10,XNOR,'1001,4,p AND NOT q,'0100,11,IMPLIES (p -> q),'1011,457,no
14,CONVERSE (q -> p),'1101,11,IMPLIES (p -> q),'1011,4,p AND NOT q,'0100,11,IMPLIES (p -> q),'1011,458,no
14,CONVERSE (q -> p),'1101,12,NOT Q,'0101,4,p AND NOT q,'0100,15,TRUE,'1111,459,no
14,CONVERSE (q -> p),'1101,13,NAND,'0111,4,p AND NOT q,'0100,15,TRUE,'1111,460,no
14,CONVERSE (q -> p),'1101,14,CONVERSE (q -> p),'1101,4,p AND NOT q,'0100,15,TRUE,'1111,461,no
14,CONVERSE (q -> p),'1101,15,TRUE,'1111,4,p AND NOT q,'0100,15,TRUE,'1111,213,yes
14,CONVERSE (q -> p),'1101,0,FALSE,'0000,5,XOR,'0110,10,XNOR,'1001,140,yes
14,CONVERSE (q -> p),'1101,1,q AND NOT p,'0010,5,XOR,'0110,11,IMPLIES (p -> q),'1011,434,no
14,CONVERSE (q -> p),'1101,2,AND,'1000,5,XOR,'0110,10,XNOR,'1001,435,no
14,CONVERSE (q -> p),'1101,3,Q,'1010,5,XOR,'0110,11,IMPLIES (p -> q),'1011,436,no
14,CONVERSE (q -> p),'1101,4,p AND NOT q,'0100,5,XOR,'0110,14,CONVERSE (q -> p),'1101,437,no
14,CONVERSE (q -> p),'1101,5,XOR,'0110,5,XOR,'0110,15,TRUE,'1111,438,no
14,CONVERSE (q -> p),'1101,6,P,'1100,5,XOR,'0110,14,CONVERSE (q -> p),'1101,439,no
14,CONVERSE (q -> p),'1101,7,OR,'1110,5,XOR,'0110,15,TRUE,'1111,440,no
14,CONVERSE (q -> p),'1101,8,NOR,'0001,5,XOR,'0110,10,XNOR,'1001,441,no
14,CONVERSE (q -> p),'1101,9,NOT P,'0011,5,XOR,'0110,11,IMPLIES (p -> q),'1011,442,no
14,CONVERSE (q -> p),'1101,10,XNOR,'1001,5,XOR,'0110,10,XNOR,'1001,443,no
14,CONVERSE (q -> p),'1101,11,IMPLIES (p -> q),'1011,5,XOR,'0110,11,IMPLIES (p -> q),'1011,444,no
14,CONVERSE (q -> p),'1101,12,NOT Q,'0101,5,XOR,'0110,14,CONVERSE (q -> p),'1101,445,no
14,CONVERSE (q -> p),'1101,13,NAND,'0111,5,XOR,'0110,15,TRUE,'1111,446,no
14,CONVERSE (q -> p),'1101,14,CONVERSE (q -> p),'1101,5,XOR,'0110,14,CONVERSE (q -> p),'1101,447,no
14,CONVERSE (q -> p),'1101,15,TRUE,'1111,5,XOR,'0110,15,TRUE,'1111,213,yes
14,CONVERSE (q -> p),'1101,0,FALSE,'0000,6,P,'1100,9,NOT P,'0011,125,yes
14,CONVERSE (q -> p),'1101,1,q AND NOT p,'0010,6,P,'1100,9,NOT P,'0011,420,no
14,CONVERSE (q -> p),'1101,2,AND,'1000,6,P,'1100,11,IMPLIES (p -> q),'1011,421,no
14,CONVERSE (q -> p),'1101,3,Q,'1010,6,P,'1100,11,IMPLIES (p -> q),'1011,422,no
14,CONVERSE (q -> p),'1101,4,p AND NOT q,'0100,6,P,'1100,13,NAND,'0111,423,no
14,CONVERSE (q -> p),'1101,5,XOR,'0110,6,P,'1100,13,NAND,'0111,424,no
14,CONVERSE (q -> p),'1101,6,P,'1100,6,P,'1100,15,TRUE,'1111,425,no
14,CONVERSE (q -> p),'1101,7,OR,'1110,6,P,'1100,15,TRUE,'1111,426,no
14,CONVERSE (q -> p),'1101,8,NOR,'0001,6,P,'1100,9,NOT P,'0011,427,no
14,CONVERSE (q -> p),'1101,9,NOT P,'0011,6,P,'1100,9,NOT P,'0011,428,no
14,CONVERSE (q -> p),'1101,10,XNOR,'1001,6,P,'1100,11,IMPLIES (p -> q),'1011,429,no
14,CONVERSE (q -> p),'1101,11,IMPLIES (p -> q),'1011,6,P,'1100,11,IMPLIES (p -> q),'1011,430,no
14,CONVERSE (q -> p),'1101,12,NOT Q,'0101,6,P,'1100,13,NAND,'0111,431,no
14,CONVERSE (q -> p),'1101,13,NAND,'0111,6,P,'1100,13,NAND,'0111,432,no
14,CONVERSE (q -> p),'1101,14,CONVERSE (q -> p),'1101,6,P,'1100,15,TRUE,'1111,433,no
14,CONVERSE (q -> p),'1101,15,TRUE,'1111,6,P,'1100,15,TRUE,'1111,213,yes
14,CONVERSE (q -> p),'1101,0,FALSE,'0000,7,OR,'1110,8,NOR,'0001,110,yes
14,CONVERSE (q -> p),'1101,1,q AND NOT p,'0010,7,OR,'1110,9,NOT P,'0011,406,no
14,CONVERSE (q -> p),'1101,2,AND,'1000,7,OR,'1110,10,XNOR,'1001,407,no
14,CONVERSE (q -> p),'1101,3,Q,'1010,7,OR,'1110,11,IMPLIES (p -> q),'1011,408,no
14,CONVERSE (q -> p),'1101,4,p AND NOT q,'0100,7,OR,'1110,12,NOT Q,'0101,409,no
14,CONVERSE (q -> p),'1101,5,XOR,'0110,7,OR,'1110,13,NAND,'0111,410,no
14,CONVERSE (q -> p),'1101,6,P,'1100,7,OR,'1110,14,CONVERSE (q -> p),'1101,411,no
14,CONVERSE (q -> p),'1101,7,OR,'1110,7,OR,'1110,15,TRUE,'1111,412,no
14,CONVERSE (q -> p),'1101,8,NOR,'0001,7,OR,'1110,8,NOR,'0001,413,no
14,CONVERSE (q -> p),'1101,9,NOT P,'0011,7,OR,'1110,9,NOT P,'0011,414,no
14,CONVERSE (q -> p),'1101,10,XNOR,'1001,7,OR,'1110,10,XNOR,'1001,415,no
14,CONVERSE (q -> p),'1101,11,IMPLIES (p -> q),'1011,7,OR,'1110,11,IMPLIES (p -> q),'1011,416,no
14,CONVERSE (q -> p),'1101,12,NOT Q,'0101,7,OR,'1110,12,NOT Q,'0101,417,no
14,CONVERSE (q -> p),'1101,13,NAND,'0111,7,OR,'1110,13,NAND,'0111,418,no
14,CONVERSE (q -> p),'1101,14,CONVERSE (q -> p),'1101,7,OR,'1110,14,CONVERSE (q -> p),'1101,419,no
14,CONVERSE (q -> p),'1101,15,TRUE,'1111,7,OR,'1110,15,TRUE,'1111,213,yes
14,CONVERSE (q -> p),'1101,0,FALSE,'0000,8,NOR,'0001,7,OR,'1110,95,yes
14,CONVERSE (q -> p),'1101,1,q AND NOT p,'0010,8,NOR,'0001,7,OR,'1110,392,no
14,CONVERSE (q -> p),'1101,2,AND,'1000,8,NOR,'0001,7,OR,'1110,393,no
14,CONVERSE (q -> p),'1101,3,Q,'1010,8,NOR,'0001,7,OR,'1110,394,no
14,CONVERSE (q -> p),'1101,4,p AND NOT q,'0100,8,NOR,'0001,7,OR,'1110,395,no
14,CONVERSE (q -> p),'1101,5,XOR,'0110,8,NOR,'0001,7,OR,'1110,396,no
14,CONVERSE (q -> p),'1101,6,P,'1100,8,NOR,'0001,7,OR,'1110,397,no
14,CONVERSE (q -> p),'1101,7,OR,'1110,8,NOR,'0001,7,OR,'1110,398,no
14,CONVERSE (q -> p),'1101,8,NOR,'0001,8,NOR,'0001,15,TRUE,'1111,399,no
14,CONVERSE (q -> p),'1101,9,NOT P,'0011,8,NOR,'0001,15,TRUE,'1111,400,no
14,CONVERSE (q -> p),'1101,10,XNOR,'1001,8,NOR,'0001,15,TRUE,'1111,401,no
14,CONVERSE (q -> p),'1101,11,IMPLIES (p -> q),'1011,8,NOR,'0001,15,TRUE,'1111,402,no
14,CONVERSE (q -> p),'1101,12,NOT Q,'0101,8,NOR,'0001,15,TRUE,'1111,403,no
14,CONVERSE (q -> p),'1101,13,NAND,'0111,8,NOR,'0001,15,TRUE,'1111,404,no
14,CONVERSE (q -> p),'1101,14,CONVERSE (q -> p),'1101,8,NOR,'0001,15,TRUE,'1111,405,no
14,CONVERSE (q -> p),'1101,15,TRUE,'1111,8,NOR,'0001,15,TRUE,'1111,213,yes
14,CONVERSE (q -> p),'1101,0,FALSE,'0000,9,NOT P,'0011,6,P,'1100,80,yes
14,CONVERSE (q -> p),'1101,1,q AND NOT p,'0010,9,NOT P,'0011,7,OR,'1110,378,no
14,CONVERSE (q -> p),'1101,2,AND,'1000,9,NOT P,'0011,6,P,'1100,379,no
14,CONVERSE (q -> p),'1101,3,Q,'1010,9,NOT P,'0011,7,OR,'1110,380,no
14,CONVERSE (q -> p),'1101,4,p AND NOT q,'0100,9,NOT P,'0011,6,P,'1100,381,no
14,CONVERSE (q -> p),'1101,5,XOR,'0110,9,NOT P,'0011,7,OR,'1110,382,no
14,CONVERSE (q -> p),'1101,6,P,'1100,9,NOT P,'0011,6,P,'1100,383,no
14,CONVERSE (q -> p),'1101,7,OR,'1110,9,NOT P,'0011,7,OR,'1110,384,no
14,CONVERSE (q -> p),'1101,8,NOR,'0001,9,NOT P,'0011,14,CONVERSE (q -> p),'1101,385,no
14,CONVERSE (q -> p),'1101,9,NOT P,'0011,9,NOT P,'0011,15,TRUE,'1111,386,no
14,CONVERSE (q -> p),'1101,10,XNOR,'1001,9,NOT P,'0011,14,CONVERSE (q -> p),'1101,387,no
14,CONVERSE (q -> p),'1101,11,IMPLIES (p -> q),'1011,9,NOT P,'0011,15,TRUE,'1111,388,no
14,CONVERSE (q -> p),'1101,12,NOT Q,'0101,9,NOT P,'0011,14,CONVERSE (q -> p),'1101,389,no
14,CONVERSE (q -> p),'1101,13,NAND,'0111,9,NOT P,'0011,15,TRUE,'1111,390,no
14,CONVERSE (q -> p),'1101,14,CONVERSE (q -> p),'1101,9,NOT P,'0011,14,CONVERSE (q -> p),'1101,391,no
14,CONVERSE (q -> p),'1101,15,TRUE,'1111,9,NOT P,'0011,15,TRUE,'1111,213,yes
14,CONVERSE (q -> p),'1101,0,FALSE,'0000,10,XNOR,'1001,5,XOR,'0110,65,yes
14,CONVERSE (q -> p),'1101,1,q AND NOT p,'0010,10,XNOR,'1001,5,XOR,'0110,364,no
14,CONVERSE (q -> p),'1101,2,AND,'1000,10,XNOR,'1001,7,OR,'1110,365,no
14,CONVERSE (q -> p),'1101,3,Q,'1010,10,XNOR,'1001,7,OR,'1110,366,no
14,CONVERSE (q -> p),'1101,4,p AND NOT q,'0100,10,XNOR,'1001,5,XOR,'0110,367,no
14,CONVERSE (q -> p),'1101,5,XOR,'0110,10,XNOR,'1001,5,XOR,'0110,368,no
14,CONVERSE (q -> p),'1101,6,P,'1100,10,XNOR,'1001,7,OR,'1110,369,no
14,CONVERSE (q -> p),'1101,7,OR,'1110,10,XNOR,'1001,7,OR,'1110,370,no
14,CONVERSE (q -> p),'1101,8,NOR,'0001,10,XNOR,'1001,13,NAND,'0111,371,no
14,CONVERSE (q -> p),'1101,9,NOT P,'0011,10,XNOR,'1001,13,NAND,'0111,372,no
14,CONVERSE (q -> p),'1101,10,XNOR,'1001,10,XNOR,'1001,15,TRUE,'1111,373,no
14,CONVERSE (q -> p),'1101,11,IMPLIES (p -> q),'1011,10,XNOR,'1001,15,TRUE,'1111,374,no
14,CONVERSE (q -> p),'1101,12,NOT Q,'0101,10,XNOR,'1001,13,NAND,'0111,375,no
14,CONVERSE (q -> p),'1101,13,NAND,'0111,10,XNOR,'1001,13,NAND,'0111,376,no
14,CONVERSE (q -> p),'1101,14,CONVERSE (q -> p),'1101,10,XNOR,'1001,15,TRUE,'1111,377,no
14,CONVERSE (q -> p),'1101,15,TRUE,'1111,10,XNOR,'1001,15,TRUE,'1111,213,yes
14,CONVERSE (q -> p),'1101,0,FALSE,'0000,11,IMPLIES (p -> q),'1011,4,p AND NOT q,'0100,50,yes
14,CONVERSE (q -> p),'1101,1,q AND NOT p,'0010,11,IMPLIES (p -> q),'1011,5,XOR,'0110,350,no
14,CONVERSE (q -> p),'1101,2,AND,'1000,11,IMPLIES (p -> q),'1011,6,P,'1100,351,no
14,CONVERSE (q -> p),'1101,3,Q,'1010,11,IMPLIES (p -> q),'1011,7,OR,'1110,352,no
14,CONVERSE (q -> p),'1101,4,p AND NOT q,'0100,11,IMPLIES (p -> q),'1011,4,p AND NOT q,'0100,353,no
14,CONVERSE (q -> p),'1101,5,XOR,'0110,11,IMPLIES (p -> q),'1011,5,XOR,'0110,354,no
14,CONVERSE (q -> p),'1101,6,P,'1100,11,IMPLIES (p -> q),'1011,6,P,'1100,355,no
14,CONVERSE (q -> p),'1101,7,OR,'1110,11,IMPLIES (p -> q),'1011,7,OR,'1110,356,no
14,CONVERSE (q -> p),'1101,8,NOR,'0001,11,IMPLIES (p -> q),'1011,12,NOT Q,'0101,357,no
14,CONVERSE (q -> p),'1101,9,NOT P,'0011,11,IMPLIES (p -> q),'1011,13,NAND,'0111,358,no
14,CONVERSE (q -> p),'1101,10,XNOR,'1001,11,IMPLIES (p -> q),'1011,14,CONVERSE (q -> p),'1101,359,no
14,CONVERSE (q -> p),'1101,11,IMPLIES (p -> q),'1011,11,IMPLIES (p -> q),'1011,15,TRUE,'1111,360,no
14,CONVERSE (q -> p),'1101,12,NOT Q,'0101,11,IMPLIES (p -> q),'1011,12,NOT Q,'0101,361,no
14,CONVERSE (q -> p),'1101,13,NAND,'0111,11,IMPLIES (p -> q),'1011,13,NAND,'0111,362,no
14,CONVERSE (q -> p),'1101,14,CONVERSE (q -> p),'1101,11,IMPLIES (p -> q),'1011,14,CONVERSE (q -> p),'1101,363,no
14,CONVERSE (q -> p),'1101,15,TRUE,'1111,11,IMPLIES (p -> q),'1011,15,TRUE,'1111,213,yes
14,CONVERSE (q -> p),'1101,0,FALSE,'0000,12,NOT Q,'0101,3,Q,'1010,37,yes
14,CONVERSE (q -> p),'1101,1,q AND NOT p,'0010,12,NOT Q,'0101,3,Q,'1010,338,no
14,CONVERSE (q -> p),'1101,2,AND,'1000,12,NOT Q,'0101,3,Q,'1010,339,no
14,CONVERSE (q -> p),'1101,3,Q,'1010,12,NOT Q,'0101,3,Q,'1010,340,no
14,CONVERSE (q -> p),'1101,4,p AND NOT q,'0100,12,NOT Q,'0101,7,OR,'1110,341,no
14,CONVERSE (q -> p),'1101,5,XOR,'0110,12,NOT Q,'0101,7,OR,'1110,342,no
14,CONVERSE (q -> p),'1101,6,P,'1100,12,NOT Q,'0101,7,OR,'1110,95,yes
14,CONVERSE (q -> p),'1101,7,OR,'1110,12,NOT Q,'0101,7,OR,'1110,343,no
14,CONVERSE (q -> p),'1101,8,NOR,'0001,12,NOT Q,'0101,11,IMPLIES (p -> q),'1011,344,no
14,CONVERSE (q -> p),'1101,9,NOT P,'0011,12,NOT Q,'0101,11,IMPLIES (p -> q),'1011,155,yes
14,CONVERSE (q -> p),'1101,10,XNOR,'1001,12,NOT Q,'0101,11,IMPLIES (p -> q),'1011,345,no
14,CONVERSE (q -> p),'1101,11,IMPLIES (p -> q),'1011,12,NOT Q,'0101,11,IMPLIES (p -> q),'1011,346,no
14,CONVERSE (q -> p),'1101,12,NOT Q,'0101,12,NOT Q,'0101,15,TRUE,'1111,347,no
14,CONVERSE (q -> p),'1101,13,NAND,'0111,12,NOT Q,'0101,15,TRUE,'1111,348,no
14,CONVERSE (q -> p),'1101,14,CONVERSE (q -> p),'1101,12,NOT Q,'0101,15,TRUE,'1111,349,no
14,CONVERSE (q -> p),'1101,15,TRUE,'1111,12,NOT Q,'0101,15,TRUE,'1111,213,yes
14,CONVERSE (q -> p),'1101,0,FALSE,'0000,13,NAND,'0111,2,AND,'1000,22,yes
14,CONVERSE (q -> p),'1101,1,q AND NOT p,'0010,13,NAND,'0111,3,Q,'1010,324,no
14,CONVERSE (q -> p),'1101,2,AND,'1000,13,NAND,'0111,2,AND,'1000,325,no
14,CONVERSE (q -> p),'1101,3,Q,'1010,13,NAND,'0111,3,Q,'1010,326,no
14,CONVERSE (q -> p),'1101,4,p AND NOT q,'0100,13,NAND,'0111,6,P,'1100,327,no
14,CONVERSE (q -> p),'1101,5,XOR,'0110,13,NAND,'0111,7,OR,'1110,328,no
14,CONVERSE (q -> p),'1101,6,P,'1100,13,NAND,'0111,6,P,'1100,329,no
14,CONVERSE (q -> p),'1101,7,OR,'1110,13,NAND,'0111,7,OR,'1110,330,no
14,CONVERSE (q -> p),'1101,8,NOR,'0001,13,NAND,'0111,10,XNOR,'1001,331,no
14,CONVERSE (q -> p),'1101,9,NOT P,'0011,13,NAND,'0111,11,IMPLIES (p -> q),'1011,332,no
14,CONVERSE (q -> p),'1101,10,XNOR,'1001,13,NAND,'0111,10,XNOR,'1001,333,no
14,CONVERSE (q -> p),'1101,11,IMPLIES (p -> q),'1011,13,NAND,'0111,11,IMPLIES (p -> q),'1011,334,no
14,CONVERSE (q -> p),'1101,12,NOT Q,'0101,13,NAND,'0111,14,CONVERSE (q -> p),'1101,335,no
14,CONVERSE (q -> p),'1101,13,NAND,'0111,13,NAND,'0111,15,TRUE,'1111,336,no
14,CONVERSE (q -> p),'1101,14,CONVERSE (q -> p),'1101,13,NAND,'0111,14,CONVERSE (q -> p),'1101,337,no
14,CONVERSE (q -> p),'1101,15,TRUE,'1111,13,NAND,'0111,15,TRUE,'1111,213,yes
14,CONVERSE (q -> p),'1101,0,FALSE,'0000,14,CONVERSE (q -> p),'1101,1,q AND NOT p,'0010,7,yes
14,CONVERSE (q -> p),'1101,1,q AND NOT p,'0010,14,CONVERSE (q -> p),'1101,1,q AND NOT p,'0010,310,no
14,CONVERSE (q -> p),'1101,2,AND,'1000,14,CONVERSE (q -> p),'1101,3,Q,'1010,311,no
14,CONVERSE (q -> p),'1101,3,Q,'1010,14,CONVERSE (q -> p),'1101,3,Q,'1010,312,no
14,CONVERSE (q -> p),'1101,4,p AND NOT q,'0100,14,CONVERSE (q -> p),'1101,5,XOR,'0110,313,no
14,CONVERSE (q -> p),'1101,5,XOR,'0110,14,CONVERSE (q -> p),'1101,5,XOR,'0110,314,no
14,CONVERSE (q -> p),'1101,6,P,'1100,14,CONVERSE (q -> p),'1101,7,OR,'1110,315,no
14,CONVERSE (q -> p),'1101,7,OR,'1110,14,CONVERSE (q -> p),'1101,7,OR,'1110,316,no
14,CONVERSE (q -> p),'1101,8,NOR,'0001,14,CONVERSE (q -> p),'1101,9,NOT P,'0011,317,no
14,CONVERSE (q -> p),'1101,9,NOT P,'0011,14,CONVERSE (q -> p),'1101,9,NOT P,'0011,318,no
14,CONVERSE (q -> p),'1101,10,XNOR,'1001,14,CONVERSE (q -> p),'1101,11,IMPLIES (p -> q),'1011,319,no
14,CONVERSE (q -> p),'1101,11,IMPLIES (p -> q),'1011,14,CONVERSE (q -> p),'1101,11,IMPLIES (p -> q),'1011,320,no
14,CONVERSE (q -> p),'1101,12,NOT Q,'0101,14,CONVERSE (q -> p),'1101,13,NAND,'0111,321,no
14,CONVERSE (q -> p),'1101,13,NAND,'0111,14,CONVERSE (q -> p),'1101,13,NAND,'0111,322,no
14,CONVERSE (q -> p),'1101,14,CONVERSE (q -> p),'1101,14,CONVERSE (q -> p),'1101,15,TRUE,'1111,323,no
14,CONVERSE (q -> p),'1101,15,TRUE,'1111,14,CONVERSE (q -> p),'1101,15,TRUE,'1111,213,yes
14,CONVERSE (q -> p),'1101,0,FALSE,'0000,15,TRUE,'1111,0,FALSE,'0000,1,yes
14,CONVERSE (q -> p),'1101,1,q AND NOT p,'0010,15,TRUE,'1111,1,q AND NOT p,'0010,7,yes
14,CONVERSE (q -> p),'1101,2,AND,'1000,15,TRUE,'1111,2,AND,'1000,22,yes
14,CONVERSE (q -> p),'1101,3,Q,'1010,15,TRUE,'1111,3,Q,'1010,37,yes
14,CONVERSE (q -> p),'1101,4,p AND NOT q,'0100,15,TRUE,'1111,4,p AND NOT q,'0100,50,yes
14,CONVERSE (q -> p),'1101,5,XOR,'0110,15,TRUE,'1111,5,XOR,'0110,65,yes
14,CONVERSE (q -> p),'1101,6,P,'1100,15,TRUE,'1111,6,P,'1100,80,yes
14,CONVERSE (q -> p),'1101,7,OR,'1110,15,TRUE,'1111,7,OR,'1110,95,yes
14,CONVERSE (q -> p),'1101,8,NOR,'0001,15,TRUE,'1111,8,NOR,'0001,110,yes
14,CONVERSE (q -> p),'1101,9,NOT P,'0011,15,TRUE,'1111,9,NOT P,'0011,125,yes
14,CONVERSE (q -> p),'1101,10,XNOR,'1001,15,TRUE,'1111,10,XNOR,'1001,140,yes
14,CONVERSE (q -> p),'1101,11,IMPLIES (p -> q),'1011,15,TRUE,'1111,11,IMPLIES (p -> q),'1011,155,yes
14,CONVERSE (q -> p),'1101,12,NOT Q,'0101,15,TRUE,'1111,12,NOT Q,'0101,170,yes
14,CONVERSE (q -> p),'1101,13,NAND,'0111,15,TRUE,'1111,13,NAND,'0111,183,yes
14,CONVERSE (q -> p),'1101,14,CONVERSE (q -> p),'1101,15,TRUE,'1111,14,CONVERSE (q -> p),'1101,198,yes
14,CONVERSE (q -> p),'1101,15,TRUE,'1111,15,TRUE,'1111,15,TRUE,'1111,213,yes
15,TRUE,'1111,0,FALSE,'0000,0,FALSE,'0000,15,TRUE,'1111,213,yes
15,TRUE,'1111,1,q AND NOT p,'0010,0,FALSE,'0000,15,TRUE,'1111,213,yes
15,TRUE,'1111,2,AND,'1000,0,FALSE,'0000,15,TRUE,'1111,213,yes
15,TRUE,'1111,3,Q,'1010,0,FALSE,'0000,15,TRUE,'1111,213,yes
15,TRUE,'1111,4,p AND NOT q,'0100,0,FALSE,'0000,15,TRUE,'1111,213,yes
15,TRUE,'1111,5,XOR,'0110,0,FALSE,'0000,15,TRUE,'1111,213,yes
15,TRUE,'1111,6,P,'1100,0,FALSE,'0000,15,TRUE,'1111,213,yes
15,TRUE,'1111,7,OR,'1110,0,FALSE,'0000,15,TRUE,'1111,213,yes
15,TRUE,'1111,8,NOR,'0001,0,FALSE,'0000,15,TRUE,'1111,213,yes
15,TRUE,'1111,9,NOT P,'0011,0,FALSE,'0000,15,TRUE,'1111,213,yes
15,TRUE,'1111,10,XNOR,'1001,0,FALSE,'0000,15,TRUE,'1111,213,yes
15,TRUE,'1111,11,IMPLIES (p -> q),'1011,0,FALSE,'0000,15,TRUE,'1111,213,yes
15,TRUE,'1111,12,NOT Q,'0101,0,FALSE,'0000,15,TRUE,'1111,213,yes
15,TRUE,'1111,13,NAND,'0111,0,FALSE,'0000,15,TRUE,'1111,213,yes
15,TRUE,'1111,14,CONVERSE (q -> p),'1101,0,FALSE,'0000,15,TRUE,'1111,213,yes
15,TRUE,'1111,15,TRUE,'1111,0,FALSE,'0000,15,TRUE,'1111,213,yes
15,TRUE,'1111,0,FALSE,'0000,1,q AND NOT p,'0010,15,TRUE,'1111,213,yes
15,TRUE,'1111,1,q AND NOT p,'0010,1,q AND NOT p,'0010,15,TRUE,'1111,213,yes
15,TRUE,'1111,2,AND,'1000,1,q AND NOT p,'0010,15,TRUE,'1111,213,yes
15,TRUE,'1111,3,Q,'1010,1,q AND NOT p,'0010,15,TRUE,'1111,213,yes
15,TRUE,'1111,4,p AND NOT q,'0100,1,q AND NOT p,'0010,15,TRUE,'1111,213,yes
15,TRUE,'1111,5,XOR,'0110,1,q AND NOT p,'0010,15,TRUE,'1111,213,yes
15,TRUE,'1111,6,P,'1100,1,q AND NOT p,'0010,15,TRUE,'1111,213,yes
15,TRUE,'1111,7,OR,'1110,1,q AND NOT p,'0010,15,TRUE,'1111,213,yes
15,TRUE,'1111,8,NOR,'0001,1,q AND NOT p,'0010,15,TRUE,'1111,213,yes
15,TRUE,'1111,9,NOT P,'0011,1,q AND NOT p,'0010,15,TRUE,'1111,213,yes
15,TRUE,'1111,10,XNOR,'1001,1,q AND NOT p,'0010,15,TRUE,'1111,213,yes
15,TRUE,'1111,11,IMPLIES (p -> q),'1011,1,q AND NOT p,'0010,15,TRUE,'1111,213,yes
15,TRUE,'1111,12,NOT Q,'0101,1,q AND NOT p,'0010,15,TRUE,'1111,213,yes
15,TRUE,'1111,13,NAND,'0111,1,q AND NOT p,'0010,15,TRUE,'1111,213,yes
15,TRUE,'1111,14,CONVERSE (q -> p),'1101,1,q AND NOT p,'0010,15,TRUE,'1111,213,yes
15,TRUE,'1111,15,TRUE,'1111,1,q AND NOT p,'0010,15,TRUE,'1111,213,yes
15,TRUE,'1111,0,FALSE,'0000,2,AND,'1000,15,TRUE,'1111,213,yes
15,TRUE,'1111,1,q AND NOT p,'0010,2,AND,'1000,15,TRUE,'1111,213,yes
15,TRUE,'1111,2,AND,'1000,2,AND,'1000,15,TRUE,'1111,213,yes
15,TRUE,'1111,3,Q,'1010,2,AND,'1000,15,TRUE,'1111,213,yes
15,TRUE,'1111,4,p AND NOT q,'0100,2,AND,'1000,15,TRUE,'1111,213,yes
15,TRUE,'1111,5,XOR,'0110,2,AND,'1000,15,TRUE,'1111,213,yes
15,TRUE,'1111,6,P,'1100,2,AND,'1000,15,TRUE,'1111,213,yes
15,TRUE,'1111,7,OR,'1110,2,AND,'1000,15,TRUE,'1111,213,yes
15,TRUE,'1111,8,NOR,'0001,2,AND,'1000,15,TRUE,'1111,213,yes
15,TRUE,'1111,9,NOT P,'0011,2,AND,'1000,15,TRUE,'1111,213,yes
15,TRUE,'1111,10,XNOR,'1001,2,AND,'1000,15,TRUE,'1111,213,yes
15,TRUE,'1111,11,IMPLIES (p -> q),'1011,2,AND,'1000,15,TRUE,'1111,213,yes
15,TRUE,'1111,12,NOT Q,'0101,2,AND,'1000,15,TRUE,'1111,213,yes
15,TRUE,'1111,13,NAND,'0111,2,AND,'1000,15,TRUE,'1111,213,yes
15,TRUE,'1111,14,CONVERSE (q -> p),'1101,2,AND,'1000,15,TRUE,'1111,213,yes
15,TRUE,'1111,15,TRUE,'1111,2,AND,'1000,15,TRUE,'1111,213,yes
15,TRUE,'1111,0,FALSE,'0000,3,Q,'1010,15,TRUE,'1111,213,yes
15,TRUE,'1111,1,q AND NOT p,'0010,3,Q,'1010,15,TRUE,'1111,213,yes
15,TRUE,'1111,2,AND,'1000,3,Q,'1010,15,TRUE,'1111,213,yes
15,TRUE,'1111,3,Q,'1010,3,Q,'1010,15,TRUE,'1111,213,yes
15,TRUE,'1111,4,p AND NOT q,'0100,3,Q,'1010,15,TRUE,'1111,213,yes
15,TRUE,'1111,5,XOR,'0110,3,Q,'1010,15,TRUE,'1111,213,yes
15,TRUE,'1111,6,P,'1100,3,Q,'1010,15,TRUE,'1111,213,yes
15,TRUE,'1111,7,OR,'1110,3,Q,'1010,15,TRUE,'1111,213,yes
15,TRUE,'1111,8,NOR,'0001,3,Q,'1010,15,TRUE,'1111,213,yes
15,TRUE,'1111,9,NOT P,'0011,3,Q,'1010,15,TRUE,'1111,213,yes
15,TRUE,'1111,10,XNOR,'1001,3,Q,'1010,15,TRUE,'1111,213,yes
15,TRUE,'1111,11,IMPLIES (p -> q),'1011,3,Q,'1010,15,TRUE,'1111,213,yes
15,TRUE,'1111,12,NOT Q,'0101,3,Q,'1010,15,TRUE,'1111,213,yes
15,TRUE,'1111,13,NAND,'0111,3,Q,'1010,15,TRUE,'1111,213,yes
15,TRUE,'1111,14,CONVERSE (q -> p),'1101,3,Q,'1010,15,TRUE,'1111,213,yes
15,TRUE,'1111,15,TRUE,'1111,3,Q,'1010,15,TRUE,'1111,213,yes
15,TRUE,'1111,0,FALSE,'0000,4,p AND NOT q,'0100,15,TRUE,'1111,213,yes
15,TRUE,'1111,1,q AND NOT p,'0010,4,p AND NOT q,'0100,15,TRUE,'1111,213,yes
15,TRUE,'1111,2,AND,'1000,4,p AND NOT q,'0100,15,TRUE,'1111,213,yes
15,TRUE,'1111,3,Q,'1010,4,p AND NOT q,'0100,15,TRUE,'1111,213,yes
15,TRUE,'1111,4,p AND NOT q,'0100,4,p AND NOT q,'0100,15,TRUE,'1111,213,yes
15,TRUE,'1111,5,XOR,'0110,4,p AND NOT q,'0100,15,TRUE,'1111,213,yes
15,TRUE,'1111,6,P,'1100,4,p AND NOT q,'0100,15,TRUE,'1111,213,yes
15,TRUE,'1111,7,OR,'1110,4,p AND NOT q,'0100,15,TRUE,'1111,213,yes
15,TRUE,'1111,8,NOR,'0001,4,p AND NOT q,'0100,15,TRUE,'1111,213,yes
15,TRUE,'1111,9,NOT P,'0011,4,p AND NOT q,'0100,15,TRUE,'1111,213,yes
15,TRUE,'1111,10,XNOR,'1001,4,p AND NOT q,'0100,15,TRUE,'1111,213,yes
15,TRUE,'1111,11,IMPLIES (p -> q),'1011,4,p AND NOT q,'0100,15,TRUE,'1111,213,yes
15,TRUE,'1111,12,NOT Q,'0101,4,p AND NOT q,'0100,15,TRUE,'1111,213,yes
15,TRUE,'1111,13,NAND,'0111,4,p AND NOT q,'0100,15,TRUE,'1111,213,yes
15,TRUE,'1111,14,CONVERSE (q -> p),'1101,4,p AND NOT q,'0100,15,TRUE,'1111,213,yes
15,TRUE,'1111,15,TRUE,'1111,4,p AND NOT q,'0100,15,TRUE,'1111,213,yes
15,TRUE,'1111,0,FALSE,'0000,5,XOR,'0110,15,TRUE,'1111,213,yes
15,TRUE,'1111,1,q AND NOT p,'0010,5,XOR,'0110,15,TRUE,'1111,213,yes
15,TRUE,'1111,2,AND,'1000,5,XOR,'0110,15,TRUE,'1111,213,yes
15,TRUE,'1111,3,Q,'1010,5,XOR,'0110,15,TRUE,'1111,213,yes
15,TRUE,'1111,4,p AND NOT q,'0100,5,XOR,'0110,15,TRUE,'1111,213,yes
15,TRUE,'1111,5,XOR,'0110,5,XOR,'0110,15,TRUE,'1111,213,yes
15,TRUE,'1111,6,P,'1100,5,XOR,'0110,15,TRUE,'1111,213,yes
15,TRUE,'1111,7,OR,'1110,5,XOR,'0110,15,TRUE,'1111,213,yes
15,TRUE,'1111,8,NOR,'0001,5,XOR,'0110,15,TRUE,'1111,213,yes
15,TRUE,'1111,9,NOT P,'0011,5,XOR,'0110,15,TRUE,'1111,213,yes
15,TRUE,'1111,10,XNOR,'1001,5,XOR,'0110,15,TRUE,'1111,213,yes
15,TRUE,'1111,11,IMPLIES (p -> q),'1011,5,XOR,'0110,15,TRUE,'1111,213,yes
15,TRUE,'1111,12,NOT Q,'0101,5,XOR,'0110,15,TRUE,'1111,213,yes
15,TRUE,'1111,13,NAND,'0111,5,XOR,'0110,15,TRUE,'1111,213,yes
15,TRUE,'1111,14,CONVERSE (q -> p),'1101,5,XOR,'0110,15,TRUE,'1111,213,yes
15,TRUE,'1111,15,TRUE,'1111,5,XOR,'0110,15,TRUE,'1111,213,yes
15,TRUE,'1111,0,FALSE,'0000,6,P,'1100,15,TRUE,'1111,213,yes
15,TRUE,'1111,1,q AND NOT p,'0010,6,P,'1100,15,TRUE,'1111,213,yes
15,TRUE,'1111,2,AND,'1000,6,P,'1100,15,TRUE,'1111,213,yes
15,TRUE,'1111,3,Q,'1010,6,P,'1100,15,TRUE,'1111,213,yes
15,TRUE,'1111,4,p AND NOT q,'0100,6,P,'1100,15,TRUE,'1111,213,yes
15,TRUE,'1111,5,XOR,'0110,6,P,'1100,15,TRUE,'1111,213,yes
15,TRUE,'1111,6,P,'1100,6,P,'1100,15,TRUE,'1111,213,yes
15,TRUE,'1111,7,OR,'1110,6,P,'1100,15,TRUE,'1111,213,yes
15,TRUE,'1111,8,NOR,'0001,6,P,'1100,15,TRUE,'1111,213,yes
15,TRUE,'1111,9,NOT P,'0011,6,P,'1100,15,TRUE,'1111,213,yes
15,TRUE,'1111,10,XNOR,'1001,6,P,'1100,15,TRUE,'1111,213,yes
15,TRUE,'1111,11,IMPLIES (p -> q),'1011,6,P,'1100,15,TRUE,'1111,213,yes
15,TRUE,'1111,12,NOT Q,'0101,6,P,'1100,15,TRUE,'1111,213,yes
15,TRUE,'1111,13,NAND,'0111,6,P,'1100,15,TRUE,'1111,213,yes
15,TRUE,'1111,14,CONVERSE (q -> p),'1101,6,P,'1100,15,TRUE,'1111,213,yes
15,TRUE,'1111,15,TRUE,'1111,6,P,'1100,15,TRUE,'1111,213,yes
15,TRUE,'1111,0,FALSE,'0000,7,OR,'1110,15,TRUE,'1111,213,yes
15,TRUE,'1111,1,q AND NOT p,'0010,7,OR,'1110,15,TRUE,'1111,213,yes
15,TRUE,'1111,2,AND,'1000,7,OR,'1110,15,TRUE,'1111,213,yes
15,TRUE,'1111,3,Q,'1010,7,OR,'1110,15,TRUE,'1111,213,yes
15,TRUE,'1111,4,p AND NOT q,'0100,7,OR,'1110,15,TRUE,'1111,213,yes
15,TRUE,'1111,5,XOR,'0110,7,OR,'1110,15,TRUE,'1111,213,yes
15,TRUE,'1111,6,P,'1100,7,OR,'1110,15,TRUE,'1111,213,yes
15,TRUE,'1111,7,OR,'1110,7,OR,'1110,15,TRUE,'1111,213,yes
15,TRUE,'1111,8,NOR,'0001,7,OR,'1110,15,TRUE,'1111,213,yes
15,TRUE,'1111,9,NOT P,'0011,7,OR,'1110,15,TRUE,'1111,213,yes
15,TRUE,'1111,10,XNOR,'1001,7,OR,'1110,15,TRUE,'1111,213,yes
15,TRUE,'1111,11,IMPLIES (p -> q),'1011,7,OR,'1110,15,TRUE,'1111,213,yes
15,TRUE,'1111,12,NOT Q,'0101,7,OR,'1110,15,TRUE,'1111,213,yes
15,TRUE,'1111,13,NAND,'0111,7,OR,'1110,15,TRUE,'1111,213,yes
15,TRUE,'1111,14,CONVERSE (q -> p),'1101,7,OR,'1110,15,TRUE,'1111,213,yes
15,TRUE,'1111,15,TRUE,'1111,7,OR,'1110,15,TRUE,'1111,213,yes
15,TRUE,'1111,0,FALSE,'0000,8,NOR,'0001,15,TRUE,'1111,213,yes
15,TRUE,'1111,1,q AND NOT p,'0010,8,NOR,'0001,15,TRUE,'1111,213,yes
15,TRUE,'1111,2,AND,'1000,8,NOR,'0001,15,TRUE,'1111,213,yes
15,TRUE,'1111,3,Q,'1010,8,NOR,'0001,15,TRUE,'1111,213,yes
15,TRUE,'1111,4,p AND NOT q,'0100,8,NOR,'0001,15,TRUE,'1111,213,yes
15,TRUE,'1111,5,XOR,'0110,8,NOR,'0001,15,TRUE,'1111,213,yes
15,TRUE,'1111,6,P,'1100,8,NOR,'0001,15,TRUE,'1111,213,yes
15,TRUE,'1111,7,OR,'1110,8,NOR,'0001,15,TRUE,'1111,213,yes
15,TRUE,'1111,8,NOR,'0001,8,NOR,'0001,15,TRUE,'1111,213,yes
15,TRUE,'1111,9,NOT P,'0011,8,NOR,'0001,15,TRUE,'1111,213,yes
15,TRUE,'1111,10,XNOR,'1001,8,NOR,'0001,15,TRUE,'1111,213,yes
15,TRUE,'1111,11,IMPLIES (p -> q),'1011,8,NOR,'0001,15,TRUE,'1111,213,yes
15,TRUE,'1111,12,NOT Q,'0101,8,NOR,'0001,15,TRUE,'1111,213,yes
15,TRUE,'1111,13,NAND,'0111,8,NOR,'0001,15,TRUE,'1111,213,yes
15,TRUE,'1111,14,CONVERSE (q -> p),'1101,8,NOR,'0001,15,TRUE,'1111,213,yes
15,TRUE,'1111,15,TRUE,'1111,8,NOR,'0001,15,TRUE,'1111,213,yes
15,TRUE,'1111,0,FALSE,'0000,9,NOT P,'0011,15,TRUE,'1111,213,yes
15,TRUE,'1111,1,q AND NOT p,'0010,9,NOT P,'0011,15,TRUE,'1111,213,yes
15,TRUE,'1111,2,AND,'1000,9,NOT P,'0011,15,TRUE,'1111,213,yes
15,TRUE,'1111,3,Q,'1010,9,NOT P,'0011,15,TRUE,'1111,213,yes
15,TRUE,'1111,4,p AND NOT q,'0100,9,NOT P,'0011,15,TRUE,'1111,213,yes
15,TRUE,'1111,5,XOR,'0110,9,NOT P,'0011,15,TRUE,'1111,213,yes
15,TRUE,'1111,6,P,'1100,9,NOT P,'0011,15,TRUE,'1111,213,yes
15,TRUE,'1111,7,OR,'1110,9,NOT P,'0011,15,TRUE,'1111,213,yes
15,TRUE,'1111,8,NOR,'0001,9,NOT P,'0011,15,TRUE,'1111,213,yes
15,TRUE,'1111,9,NOT P,'0011,9,NOT P,'0011,15,TRUE,'1111,213,yes
15,TRUE,'1111,10,XNOR,'1001,9,NOT P,'0011,15,TRUE,'1111,213,yes
15,TRUE,'1111,11,IMPLIES (p -> q),'1011,9,NOT P,'0011,15,TRUE,'1111,213,yes
15,TRUE,'1111,12,NOT Q,'0101,9,NOT P,'0011,15,TRUE,'1111,213,yes
15,TRUE,'1111,13,NAND,'0111,9,NOT P,'0011,15,TRUE,'1111,213,yes
15,TRUE,'1111,14,CONVERSE (q -> p),'1101,9,NOT P,'0011,15,TRUE,'1111,213,yes
15,TRUE,'1111,15,TRUE,'1111,9,NOT P,'0011,15,TRUE,'1111,213,yes
15,TRUE,'1111,0,FALSE,'0000,10,XNOR,'1001,15,TRUE,'1111,213,yes
15,TRUE,'1111,1,q AND NOT p,'0010,10,XNOR,'1001,15,TRUE,'1111,213,yes
15,TRUE,'1111,2,AND,'1000,10,XNOR,'1001,15,TRUE,'1111,213,yes
15,TRUE,'1111,3,Q,'1010,10,XNOR,'1001,15,TRUE,'1111,213,yes
15,TRUE,'1111,4,p AND NOT q,'0100,10,XNOR,'1001,15,TRUE,'1111,213,yes
15,TRUE,'1111,5,XOR,'0110,10,XNOR,'1001,15,TRUE,'1111,213,yes
15,TRUE,'1111,6,P,'1100,10,XNOR,'1001,15,TRUE,'1111,213,yes
15,TRUE,'1111,7,OR,'1110,10,XNOR,'1001,15,TRUE,'1111,213,yes
15,TRUE,'1111,8,NOR,'0001,10,XNOR,'1001,15,TRUE,'1111,213,yes
15,TRUE,'1111,9,NOT P,'0011,10,XNOR,'1001,15,TRUE,'1111,213,yes
15,TRUE,'1111,10,XNOR,'1001,10,XNOR,'1001,15,TRUE,'1111,213,yes
15,TRUE,'1111,11,IMPLIES (p -> q),'1011,10,XNOR,'1001,15,TRUE,'1111,213,yes
15,TRUE,'1111,12,NOT Q,'0101,10,XNOR,'1001,15,TRUE,'1111,213,yes
15,TRUE,'1111,13,NAND,'0111,10,XNOR,'1001,15,TRUE,'1111,213,yes
15,TRUE,'1111,14,CONVERSE (q -> p),'1101,10,XNOR,'1001,15,TRUE,'1111,213,yes
15,TRUE,'1111,15,TRUE,'1111,10,XNOR,'1001,15,TRUE,'1111,213,yes
15,TRUE,'1111,0,FALSE,'0000,11,IMPLIES (p -> q),'1011,15,TRUE,'1111,213,yes
15,TRUE,'1111,1,q AND NOT p,'0010,11,IMPLIES (p -> q),'1011,15,TRUE,'1111,213,yes
15,TRUE,'1111,2,AND,'1000,11,IMPLIES (p -> q),'1011,15,TRUE,'1111,213,yes
15,TRUE,'1111,3,Q,'1010,11,IMPLIES (p -> q),'1011,15,TRUE,'1111,213,yes
15,TRUE,'1111,4,p AND NOT q,'0100,11,IMPLIES (p -> q),'1011,15,TRUE,'1111,213,yes
15,TRUE,'1111,5,XOR,'0110,11,IMPLIES (p -> q),'1011,15,TRUE,'1111,213,yes
15,TRUE,'1111,6,P,'1100,11,IMPLIES (p -> q),'1011,15,TRUE,'1111,213,yes
15,TRUE,'1111,7,OR,'1110,11,IMPLIES (p -> q),'1011,15,TRUE,'1111,213,yes
15,TRUE,'1111,8,NOR,'0001,11,IMPLIES (p -> q),'1011,15,TRUE,'1111,213,yes
15,TRUE,'1111,9,NOT P,'0011,11,IMPLIES (p -> q),'1011,15,TRUE,'1111,213,yes
15,TRUE,'1111,10,XNOR,'1001,11,IMPLIES (p -> q),'1011,15,TRUE,'1111,213,yes
15,TRUE,'1111,11,IMPLIES (p -> q),'1011,11,IMPLIES (p -> q),'1011,15,TRUE,'1111,213,yes
15,TRUE,'1111,12,NOT Q,'0101,11,IMPLIES (p -> q),'1011,15,TRUE,'1111,213,yes
15,TRUE,'1111,13,NAND,'0111,11,IMPLIES (p -> q),'1011,15,TRUE,'1111,213,yes
15,TRUE,'1111,14,CONVERSE (q -> p),'1101,11,IMPLIES (p -> q),'1011,15,TRUE,'1111,213,yes
15,TRUE,'1111,15,TRUE,'1111,11,IMPLIES (p -> q),'1011,15,TRUE,'1111,213,yes
15,TRUE,'1111,0,FALSE,'0000,12,NOT Q,'0101,15,TRUE,'1111,213,yes
15,TRUE,'1111,1,q AND NOT p,'0010,12,NOT Q,'0101,15,TRUE,'1111,213,yes
15,TRUE,'1111,2,AND,'1000,12,NOT Q,'0101,15,TRUE,'1111,213,yes
15,TRUE,'1111,3,Q,'1010,12,NOT Q,'0101,15,TRUE,'1111,213,yes
15,TRUE,'1111,4,p AND NOT q,'0100,12,NOT Q,'0101,15,TRUE,'1111,213,yes
15,TRUE,'1111,5,XOR,'0110,12,NOT Q,'0101,15,TRUE,'1111,213,yes
15,TRUE,'1111,6,P,'1100,12,NOT Q,'0101,15,TRUE,'1111,213,yes
15,TRUE,'1111,7,OR,'1110,12,NOT Q,'0101,15,TRUE,'1111,213,yes
15,TRUE,'1111,8,NOR,'0001,12,NOT Q,'0101,15,TRUE,'1111,213,yes
15,TRUE,'1111,9,NOT P,'0011,12,NOT Q,'0101,15,TRUE,'1111,213,yes
15,TRUE,'1111,10,XNOR,'1001,12,NOT Q,'0101,15,TRUE,'1111,213,yes
15,TRUE,'1111,11,IMPLIES (p -> q),'1011,12,NOT Q,'0101,15,TRUE,'1111,213,yes
15,TRUE,'1111,12,NOT Q,'0101,12,NOT Q,'0101,15,TRUE,'1111,213,yes
15,TRUE,'1111,13,NAND,'0111,12,NOT Q,'0101,15,TRUE,'1111,213,yes
15,TRUE,'1111,14,CONVERSE (q -> p),'1101,12,NOT Q,'0101,15,TRUE,'1111,213,yes
15,TRUE,'1111,15,TRUE,'1111,12,NOT Q,'0101,15,TRUE,'1111,213,yes
15,TRUE,'1111,0,FALSE,'0000,13,NAND,'0111,15,TRUE,'1111,213,yes
15,TRUE,'1111,1,q AND NOT p,'0010,13,NAND,'0111,15,TRUE,'1111,213,yes
15,TRUE,'1111,2,AND,'1000,13,NAND,'0111,15,TRUE,'1111,213,yes
15,TRUE,'1111,3,Q,'1010,13,NAND,'0111,15,TRUE,'1111,213,yes
15,TRUE,'1111,4,p AND NOT q,'0100,13,NAND,'0111,15,TRUE,'1111,213,yes
15,TRUE,'1111,5,XOR,'0110,13,NAND,'0111,15,TRUE,'1111,213,yes
15,TRUE,'1111,6,P,'1100,13,NAND,'0111,15,TRUE,'1111,213,yes
15,TRUE,'1111,7,OR,'1110,13,NAND,'0111,15,TRUE,'1111,213,yes
15,TRUE,'1111,8,NOR,'0001,13,NAND,'0111,15,TRUE,'1111,213,yes
15,TRUE,'1111,9,NOT P,'0011,13,NAND,'0111,15,TRUE,'1111,213,yes
15,TRUE,'1111,10,XNOR,'1001,13,NAND,'0111,15,TRUE,'1111,213,yes
15,TRUE,'1111,11,IMPLIES (p -> q),'1011,13,NAND,'0111,15,TRUE,'1111,213,yes
15,TRUE,'1111,12,NOT Q,'0101,13,NAND,'0111,15,TRUE,'1111,213,yes
15,TRUE,'1111,13,NAND,'0111,13,NAND,'0111,15,TRUE,'1111,213,yes
15,TRUE,'1111,14,CONVERSE (q -> p),'1101,13,NAND,'0111,15,TRUE,'1111,213,yes
15,TRUE,'1111,15,TRUE,'1111,13,NAND,'0111,15,TRUE,'1111,213,yes
15,TRUE,'1111,0,FALSE,'0000,14,CONVERSE (q -> p),'1101,15,TRUE,'1111,213,yes
15,TRUE,'1111,1,q AND NOT p,'0010,14,CONVERSE (q -> p),'1101,15,TRUE,'1111,213,yes
15,TRUE,'1111,2,AND,'1000,14,CONVERSE (q -> p),'1101,15,TRUE,'1111,213,yes
15,TRUE,'1111,3,Q,'1010,14,CONVERSE (q -> p),'1101,15,TRUE,'1111,213,yes
15,TRUE,'1111,4,p AND NOT q,'0100,14,CONVERSE (q -> p),'1101,15,TRUE,'1111,213,yes
15,TRUE,'1111,5,XOR,'0110,14,CONVERSE (q -> p),'1101,15,TRUE,'1111,213,yes
15,TRUE,'1111,6,P,'1100,14,CONVERSE (q -> p),'1101,15,TRUE,'1111,213,yes
15,TRUE,'1111,7,OR,'1110,14,CONVERSE (q -> p),'1101,15,TRUE,'1111,213,yes
15,TRUE,'1111,8,NOR,'0001,14,CONVERSE (q -> p),'1101,15,TRUE,'1111,213,yes
15,TRUE,'1111,9,NOT P,'0011,14,CONVERSE (q -> p),'1101,15,TRUE,'1111,213,yes
15,TRUE,'1111,10,XNOR,'1001,14,CONVERSE (q -> p),'1101,15,TRUE,'1111,213,yes
15,TRUE,'1111,11,IMPLIES (p -> q),'1011,14,CONVERSE (q -> p),'1101,15,TRUE,'1111,213,yes
15,TRUE,'1111,12,NOT Q,'0101,14,CONVERSE (q -> p),'1101,15,TRUE,'1111,213,yes
15,TRUE,'1111,13,NAND,'0111,14,CONVERSE (q -> p),'1101,15,TRUE,'1111,213,yes
15,TRUE,'1111,14,CONVERSE (q -> p),'1101,14,CONVERSE (q -> p),'1101,15,TRUE,'1111,213,yes
15,TRUE,'1111,15,TRUE,'1111,14,CONVERSE (q -> p),'1101,15,TRUE,'1111,213,yes
15,TRUE,'1111,0,FALSE,'0000,15,TRUE,'1111,15,TRUE,'1111,213,yes
15,TRUE,'1111,1,q AND NOT p,'0010,15,TRUE,'1111,15,TRUE,'1111,213,yes
15,TRUE,'1111,2,AND,'1000,15,TRUE,'1111,15,TRUE,'1111,213,yes
15,TRUE,'1111,3,Q,'1010,15,TRUE,'1111,15,TRUE,'1111,213,yes
15,TRUE,'1111,4,p AND NOT q,'0100,15,TRUE,'1111,15,TRUE,'1111,213,yes
15,TRUE,'1111,5,XOR,'0110,15,TRUE,'1111,15,TRUE,'1111,213,yes
15,TRUE,'1111,6,P,'1100,15,TRUE,'1111,15,TRUE,'1111,213,yes
15,TRUE,'1111,7,OR,'1110,15,TRUE,'1111,15,TRUE,'1111,213,yes
15,TRUE,'1111,8,NOR,'0001,15,TRUE,'1111,15,TRUE,'1111,213,yes
15,TRUE,'1111,9,NOT P,'0011,15,TRUE,'1111,15,TRUE,'1111,213,yes
15,TRUE,'1111,10,XNOR,'1001,15,TRUE,'1111,15,TRUE,'1111,213,yes
15,TRUE,'1111,11,IMPLIES (p -> q),'1011,15,TRUE,'1111,15,TRUE,'1111,213,yes
15,TRUE,'1111,12,NOT Q,'0101,15,TRUE,'1111,15,TRUE,'1111,213,yes
15,TRUE,'1111,13,NAND,'0111,15,TRUE,'1111,15,TRUE,'1111,213,yes
15,TRUE,'1111,14,CONVERSE (q -> p),'1101,15,TRUE,'1111,15,TRUE,'1111,213,yes
15,TRUE,'1111,15,TRUE,'1111,15,TRUE,'1111,15,TRUE,'1111,213,yes
