-0.23087182 -0.60975108 0.84591799
0.26241218 0.32139175 -0.44862512
-0.31090068 0.93817028 -0.57156317
0.47488289 0.39457244 -0.789891
-0.65895521 -0.05503522 0.71910851
0.28479935 -0.50962317 0.24798133
0.41030761 0.10466868 -0.37203184
0.71223292 -0.86116719 0.15161773
-0.09290539 -0.77665626 0.90010373
-0.98046893 0.3772597 0.90158122
0.76121669 -0.40431673 -0.34179347
0.86770457 -0.94979238 0.23642848
0.24347367 -0.46529176 0.40910131
0.95030607 -0.46184865 -0.41241552
0.33875554 -0.62051305 0.29446736
-0.17594953 0.22249331 -0.04455588
-0.02232197 0.59973716 -0.54833494
0.17410892 -0.25172688 0.13610679
0.63733772 0.29818129 -0.91889157
-0.03756184 -0.76555487 0.93840782
-0.552467 0.11541454 0.55241964
0.14919529 -0.76675728 0.63414795
-0.14496333 0.05902202 0.12023546
-0.74743592 0.81111077 0.08708252
-0.16184483 0.84424497 -0.59708116
-0.73782946 -0.06887556 0.89087111
-0.80737602 -0.08085113 0.936877
0.2377931 -0.69348453 0.55109063
0.24068581 -0.61024814 0.46149492
-0.48767179 0.46557512 0.02733349
0.81363715 -0.12321068 -0.68799927
-0.25630593 0.33881448 -0.04504491
0.74742503 -0.25318021 -0.28400333
0.47368616 -0.07975031 -0.35789783
0.99994903 -0.72697748 0.04394814
0.82860472 -0.78828693 0.10354075
-0.97033196 0.2846255 0.91153415
0.58060654 0.00514227 -0.52630414
-0.89647192 0.91548509 0.00896031
0.0395348 0.81287848 -0.80306896
0.48894295 -0.34211933 -0.1336228
-0.78353186 0.00666883 0.97919621
0.31459017 0.33126982 -0.60514041
0.32055237 0.52404112 -0.83578742
-0.50827746 -0.38109886 0.92742631
-0.26651527 0.77265539 -0.41076742
0.24353277 -0.42957881 0.27017374
0.95348287 -0.07354484 -0.7557608
-0.4821284 0.5509637 -0.0572579
0.33421074 -0.46239061 0.14082411
-0.2585062 0.32573264 0.04332672
0.76508861 -0.813903 0.10730462
0.74537426 -0.20608768 -0.43857488
0.19794999 0.67249057 -0.85108338
-0.90019007 0.66970973 0.38142848
-0.75623469 0.43994442 0.55210755
-0.44906358 0.32215162 0.14714337
0.4994315 -0.80892379 0.49152511
-0.02545689 -0.77579872 0.94960846
-0.48851676 0.03973319 0.47384808
-0.97466623 0.51652874 0.6618082
0.92063946 -0.13636041 -0.77489878
-0.56720563 0.91557464 -0.26076786
-0.57488873 0.84076573 -0.24371562
-0.0644221 -0.24040958 0.35638253
0.22963249 0.76520451 -0.92037396
0.58533665 -0.97808764 0.52930658
0.53120792 -0.34749018 -0.15454792
-0.14039605 0.12864415 0.01244372
0.65883526 -0.58186303 -0.02870118
-0.99454507 0.45540743 0.63525478
-0.64332602 0.57936736 0.21951153
-0.62535697 -0.31439419 0.99225455
0.69254175 0.28658193 -0.89957185
-0.44502141 0.98521293 -0.21961894
0.72043975 0.27262777 -0.77868749
-0.28883623 0.92971723 -0.36353022
0.65442158 0.09897722 -0.46800556
0.90721532 -0.48394689 -0.39347885
-0.11128719 -0.78150941 0.93017325
-0.99849372 0.49162248 0.58400043
-0.30287948 0.85205658 -0.47827515
0.69970325 -0.1299929 -0.42388838
0.56570662 0.75618836 -0.98329962
-0.51943369 0.93574391 -0.36679746
-0.3809581 0.81956529 -0.39480557
0.83848921 -0.76454013 0.10364378
0.23481953 -0.91430981 0.84646379
-0.38943043 0.54855017 -0.04994667
-0.38379291 0.81644493 -0.39178427
0.66663472 -0.91994932 0.31580584
0.82980006 -0.92137898 0.11683751
-0.72521238 0.18276173 0.71107982
0.01921651 0.80526748 -0.80255832
-0.6084005 0.36972883 0.31801115
0.29767458 -0.91494801 0.77208232
0.07669527 -0.65785701 0.58426512
-0.79830453 0.50018273 0.43167972
0.10034503 0.75520405 -0.81677906
-0.44219841 0.43326755 0.01288261
0.48777062 -0.76169378 0.38313119
0.60370188 -0.61924907 0.21124137
-0.20455849 -0.13232514 0.34124277
-0.20093935 -0.34170232 0.59764592
0.27791392 -0.33690798 0.10306126
-0.84999275 0.36799443 0.91890427
0.82921641 0.03611966 -0.74610371
-0.68545255 -0.08354393 0.82135381
-0.01284944 -0.82592476 0.89321446
0.19911617 -0.94158182 0.86711795
0.61620983 -0.44716471 -0.1046356
0.35519626 0.28354331 -0.57385798
-0.89021203 0.38966722 0.5073247
0.02492171 -0.91830228 0.93519818
0.29320327 -0.78689796 0.68246247
-0.01755202 -0.41951167 0.48893216
0.16101936 0.92006705 -0.80194657
0.983169 -0.3905905 -0.57594878
-0.92965004 0.43804031 0.52504219
-0.62583927 0.17114972 0.58905075
0.3336442 -0.49842642 0.29727064
-0.77458594 0.65540966 0.18625129
0.00488035 0.83355431 -0.50919206
-0.32769725 0.4013767 0.10047497
-0.07501527 0.03602776 0.04244806
-0.65400526 0.08825014 0.81840596
0.2636171 -0.52166419 0.30555746
-0.7581978 0.44885962 0.70171421
-0.72509379 0.97119138 -0.23409546
-0.15530461 0.211105 -0.01529178
0.51147048 0.44154109 -0.86424404
0.57306369 -0.43652609 0.074541
-0.98887059 0.66623353 0.3737702
-0.7969976 0.78474898 0.20142761
-0.24580187 0.93759279 -0.66043825
0.66436655 0.24725176 -0.8909066
-0.70348492 0.68285703 0.38559936
0.55608311 -0.75503548 0.19946221
-0.10258632 0.77215388 -0.404045
0.64862845 -0.74781624 0.33685552
0.92281253 -0.26722669 -0.5872422
0.77589681 -0.81147912 0.24013446
-0.86800199 0.59518296 0.5891881
0.68094458 0.40525944 -0.97864712
-0.88705335 0.72130346 0.33148539
0.02434195 0.97186074 -0.94518628
-0.11203081 -0.85396831 0.98439456
-0.5147288 0.45413718 0.11602507
-0.09080818 0.9559803 -0.55612977
0.57923279 -0.3822588 -0.13598215
0.19716774 0.23792644 -0.34199441
-0.4298976 0.2180223 0.23004868
-0.37886538 -0.42798445 0.92381301
-0.9219208 0.89307726 0.19979108
-0.75447963 0.24198779 0.63895011
0.67127535 0.32443719 -0.79936698
-0.85576593 -0.00771493 0.897472
-0.76737753 0.76708655 0.04399567
-0.94855724 0.64876513 0.39456619
0.51037255 -0.0851464 -0.38724485
0.29291431 -0.77582764 0.56703688
-0.24640903 0.83541904 -0.54150643
-0.73198973 -0.02320894 0.79628561
0.00266722 0.18565088 -0.12694609
-0.75501647 0.7998547 0.21285329
-0.45709425 -0.09704484 0.57964266
0.51911233 -0.56411562 0.07419376
0.18862395 -0.57111612 0.41955513
0.30556372 0.88589023 -0.86764985
0.31724052 0.96580508 -0.95881827
-0.12981386 -0.47211698 0.65134326
-3.82852601e-01 5.71336642e-04 7.89358421e-01
0.76029152 -0.5794583 0.11430646
-0.23063257 0.85592219 -0.58061873
0.9691757 -0.1866013 -0.73575063
0.30941586 -0.79218045 0.54479854
-0.52533774 -0.17935077 0.70858933
-0.70528394 0.61647752 0.11744781
-0.21655402 0.84356579 -0.570598
0.90910835 -0.80556345 -0.01910522
0.34155812 0.33582282 -0.61895091
0.33187654 -0.0585722 -0.23326165
-0.73701938 0.41479107 0.84726341
-0.726282 0.04225838 0.87664023
-0.24454222 -0.23729284 0.61668799
0.99520686 0.03530465 -0.76760649
0.54168889 0.22260271 -0.70336722
0.8447199 0.04223941 -0.76652311
-0.21162851 0.89935859 -0.59396454
-0.64225201 0.09967155 0.59794856
0.57025459 0.78259199 -0.92924198
-0.4554778 0.66162655 -0.07329508
0.031152 -0.66343332 0.64382786
0.65551674 0.12632908 -0.37734922
-0.82194226 0.77583091 0.31294849
-0.51840138 0.04864784 0.56639522
0.53329742 -0.74809348 0.29693647
0.87415519 -0.3769324 -0.33965973
0.65966028 0.33302889 -0.98332814
-0.33843629 0.99726973 -0.60836204
-0.81398373 0.98954081 -0.15361998
-0.44973124 -0.34673839 0.83084314
0.4445807 0.97489311 -0.88676116
-0.79214825 -0.09488574 0.98937329
-0.12313802 0.7559499 -0.59128572
-0.28838746 0.01954617 0.44528533
0.47632284 0.14353487 -0.58974907
0.48991 -0.86187751 0.60674524
-0.8420742 0.44701142 0.42010556
-0.94410094 0.76664676 0.48152134
-0.16089293 0.73235485 -0.47900933
-0.52210828 0.46037417 0.09516286
-0.0696429 -0.45708117 0.68488354
-0.83154455 0.65423088 0.70754565
0.40376665 -0.49706355 0.31304976
-0.88403095 0.99449939 0.03551679
0.77936869 -0.44299737 -0.27581645
-0.36609233 -0.11530253 0.57024734
0.29628672 0.2777147 -0.57065421
-0.20957399 0.91496038 -0.57023074
0.79966661 0.03142962 -0.65491173
-0.80453099 0.17003927 0.71713009
-0.91048488 0.68076851 0.52730318
-0.24076482 0.95027123 -0.63452253
-0.69130094 0.70954904 -0.00117678
0.7732022 0.39869365 -0.88567113
0.60332291 -0.75633638 0.15540258
-0.04406862 -0.86342227 0.91902535
-0.50364465 0.57356096 -0.05229563
0.9110573 -0.34251316 -0.53208301
0.4429665 -0.6882388 0.38749643
0.65279589 -0.09909982 -0.53807942
-0.43173409 0.91842184 -0.3118948
-0.18418651 -0.3224101 0.8199789
-0.3027818 0.58387989 -0.27612946
-0.79797503 0.29126361 0.87221992
0.60981128 -0.6038828 0.19517508
-0.02040682 -0.76964883 0.94887563
0.53783241 -0.79846801 0.35564291
0.59049832 -0.69208176 0.24883625
0.69520777 -0.88626102 0.28194057
0.62055324 0.56905483 -0.97058718
-0.20324129 -0.2512622 0.4635058
0.87824101 -0.84785156 0.08773568
0.39588132 -0.4279314 0.04736165
0.23703666 -0.07412818 -0.15047228
-0.98273704 0.33668222 0.74248826
0.84015675 -0.58984846 -0.06497501
0.55136608 -0.35823873 -0.11445204
-0.94003076 0.72656212 0.227667
-0.11500911 -0.80852481 0.94215954
-0.17000152 0.95651174 -0.7845854
-0.01714046 0.77860078 -0.64665755
-0.89837565 0.3611319 0.73258448
0.92929998 0.04310106 -0.64804707
0.82257068 -0.24801272 -0.37105724
0.67329843 0.28568909 -0.77675466
-0.19531167 0.58057618 -0.34328703
0.10915678 0.89969702 -0.98200492
0.88644276 -0.86400311 0.11047616
0.33423037 -0.48834716 0.31378917
0.52808417 0.36836939 -0.79439322
0.94535094 -0.39636483 -0.41528354
0.99788351 -0.35058007 -0.46125855
-0.37040077 -0.29481312 0.73847086
0.26593475 0.6343649 -0.62587427
0.91050729 -0.94210383 0.09514337
-0.26161006 0.93846682 -0.54244133
0.59834575 -0.18160247 -0.36108177
-0.80140086 0.60212905 0.21367458
0.64921959 0.41367786 -0.61444693
0.65621144 0.30218828 -0.56498613
-0.44306187 0.06137031 0.59973731
0.62630639 -0.33334582 -0.27436681
-0.6245098 0.44377584 0.25316805
0.6551889 -0.99871068 0.57586979
0.41573964 -0.60382547 0.23251634
0.65361623 -0.79031198 0.52554299
-0.1546787 -0.6621155 0.82771043
0.23456109 -0.74788027 0.58649189
0.44933836 -0.75653445 0.65675614
-0.98751286 0.95873445 0.03720978
0.81880555 0.59631794 -0.90849521
0.58444828 -0.6848163 0.19599862
-0.99913608 0.29590691 0.81133083
-0.92560189 0.09121235 0.8910553
-0.14915642 0.75034943 -0.47875545
0.95707844 -0.17646303 -0.65791983
0.85244247 -0.74480097 -0.02222395
0.42762203 -0.95707164 0.56220834
0.41963457 -0.95977552 0.54724925
0.83310719 0.33713223 -0.96344106
-0.43550384 -0.22124748 0.73988842
-0.28774703 0.73037507 -0.30783632
0.50648443 0.56929432 -0.91216051
0.36276664 -0.26647673 -0.06629375
-0.31448185 -0.53820908 0.87014484
0.62943754 -0.21860803 -0.30680661
-0.94000834 0.15719567 0.8933785
0.25234979 -0.82041955 0.66528635
-0.06608313 0.33321441 -0.23214814
-0.60041496 -0.1421306 0.80390955
-0.06003891 -0.33643306 0.51475283
0.11881778 0.3177411 -0.34392899
-0.49491347 -0.26192496 0.84707
-0.24613814 -0.45251283 0.93908778
-0.85358364 0.92387002 -0.05620916
0.01689375 -0.53923776 0.81466916
0.21512511 0.77125012 -0.98326625
0.93346762 -0.62818189 -0.27896016
0.0969587 0.29245487 -0.30028285
-0.30908095 -0.17310453 0.59300932
-0.17023067 -0.57914807 0.9179708
-0.04569069 0.97142536 -0.77125519
-0.81770736 -0.13023248 0.99540952
-0.48191372 0.23023642 0.27530536
0.08668645 -0.83651118 0.90917711
0.98324485 -0.39349939 -0.43696169
0.94406886 -0.95826702 0.39396924
-0.6394402 0.15071907 0.50428249
0.04122615 0.48994189 -0.4774279
0.29601945 0.70784966 -0.78645624
-0.43082988 0.15804967 0.27291184
0.62628891 0.35004546 -0.80323869
-0.45605227 -0.34729815 0.99651115
0.95200702 -0.2405594 -0.64810948
0.87963012 0.22023993 -0.80645108
0.35536851 -0.56594874 0.21061687
-0.74100439 0.00974795 0.75913571
0.16214278 0.66960115 -0.75717423
-0.67483385 0.4047105 0.42356284
0.93886178 -0.39362915 -0.41470963
0.38784271 -0.93117217 0.63593471
-0.74416641 -0.04218999 0.89690618
0.7006835 0.34861177 -0.98398505
0.03060065 0.35421286 -0.31899029
0.59563869 -0.70788111 0.14894869
-0.6371528 0.12422281 0.61122336
-0.87442062 0.44918286 0.58971282
-0.76235173 0.06838969 0.72887096
0.53872844 0.46041217 -0.9946722
0.26062727 0.04059538 -0.28522973
-0.44835811 0.89524086 -0.33244655
-0.54802305 0.77015177 -0.21348902
0.53309772 0.32567718 -0.63598465
0.79225365 -0.42998618 -0.12475264
0.35219499 -0.99249863 0.74933968
0.44472722 0.59622434 -0.80930587
-0.1737232 -0.04984144 0.32832291
0.24617255 0.65276069 -0.84254308
0.03027613 -0.42354187 0.42106634
0.36463044 0.37984744 -0.55470364
0.71445304 -0.73294696 0.1096934
-0.2170408 -0.62322385 0.98455848
-0.2871113 0.26706222 0.04788549
-0.63129252 0.28120075 0.43298463
0.7466826 -0.20853618 -0.49385673
0.9225929 -0.16177956 -0.72803503
0.42304605 -0.91788744 0.93078905
-0.23523106 -0.28557025 0.56800061
-0.81989047 0.65531396 0.25391437
0.01731706 0.83820543 -0.83943737
0.10219403 0.91984913 -0.96529591
0.98891966 0.1221587 -0.9417718
-0.07093099 0.89113196 -0.81092515
-0.52621916 -0.09993152 0.6342921
-0.31242587 -0.3685344 0.79393723
0.87765761 -0.75786069 -0.07563921
0.25548759 -0.56363228 0.42649075
-0.72531141 0.36835067 0.35727933
-0.27456341 -0.33901616 0.68240231
0.93217801 -0.20509346 -0.64685936
-0.67572203 -0.10641326 0.89049993
0.14767793 0.18236985 -0.32235911
-0.7017549 0.18281977 0.66126943
0.96226038 -0.36799964 -0.4607102
0.28353607 0.07890382 -0.34685986
0.46975705 -0.86137962 0.57248983
0.89152501 -0.18339133 -0.63389367
-0.28535478 -0.42942213 0.72849671
-0.3275705 0.61162453 -0.16260007
-0.13016256 -0.41172565 0.65383942
-0.09899924 0.25172579 -0.14025344
-0.77606615 0.36247835 0.5514308
0.91922739 -0.95611696 0.0829371
-0.94508545 -0.00161197 0.96568879
-0.07605896 0.61454493 -0.47827331
0.80908834 0.0947981 -0.64410057
-0.71968656 0.60445059 0.17395628
-0.896067 0.7958358 0.15197951
0.74135159 -0.85183964 0.32047667
0.94351012 -0.62769387 -0.22223301
-0.91139986 0.14503272 0.90319971
0.28336655 0.74618905 -0.99259988
0.32609598 -0.23033552 -0.05176022
-0.88502886 -0.05087205 0.94514552
0.19411783 0.99819186 -0.79180047
0.12174751 0.3405829 -0.38870594
0.41517426 0.48312112 -0.72754501
0.92461142 -0.46111437 -0.3807276
0.48409014 -0.38606969 -0.02663613
0.15094495 -0.81455403 0.76016189
0.14977057 0.29005415 -0.43847798
0.67493407 -0.70068993 0.04598329
-0.84952243 -0.07264624 0.96692168
-0.01929969 0.8075374 -0.72953494
0.25692114 -0.47240106 0.26523482
-0.55660121 0.33160103 0.26570727
-0.42941848 -0.15032252 0.84907477
0.92013258 -0.08882136 -0.79950636
-0.00337255 -0.48511432 0.54359886
0.93377486 0.07358007 -0.82073645
-0.644349 0.34408463 0.59793912
-0.20009341 0.57967881 -0.26926878
0.24769161 -0.18206887 -0.0624745
0.29619906 0.44012787 -0.71671368
-0.25543394 -0.30283786 0.580902
0.12484953 0.65924173 -0.65110122
0.07056567 0.53086087 -0.50754324
0.52279308 -0.81553449 0.57469705
-0.54784726 0.85755376 -0.14878204
-0.58394341 -0.1480673 0.7748678
-0.08789345 0.87485408 -0.76691673
-0.05550287 0.91417804 -0.81703322
0.14392052 -0.3193208 0.31193503
0.83154089 -0.38581384 -0.38156085
-0.06992823 0.90384832 -0.75879379
0.48473105 -0.93369396 0.60860586
-0.33580509 -0.18284429 0.60608177
-0.60258089 0.74751583 -0.09692073
-0.95735415 0.65969448 0.31473823
-0.58661385 -0.12796199 0.77030175
0.10936867 -0.56952098 0.7291612
0.80648994 -0.86028482 0.16101033
-0.56910447 0.3733074 0.19913186
-0.45133809 0.55747289 -0.05600084
-0.83353045 0.52259605 0.52058561
0.5136222 0.26489172 -0.75407561
-0.84765666 0.70142208 0.47033772
-0.90342042 0.2655194 0.66228731
-0.0444539 -0.68794153 0.75085076
-0.33486455 0.48468262 -0.05068306
0.81844947 0.05276173 -0.85395084
-0.76371233 -0.02661428 0.99999565
-0.50074226 0.63658083 -0.11814864
-0.58725717 -0.123528 0.75907013
0.86394848 -0.90855288 0.45043427
0.59906364 0.37250016 -0.60644586
0.38685306 0.5396639 -0.91848564
-0.67885126 0.99092221 -0.08170428
0.39204678 0.3946497 -0.71085245
0.42469822 -0.80728923 0.43988695
-0.47496196 -0.05739194 0.56496719
-0.41032278 0.64872942 -0.01577974
-0.44573368 0.37812099 0.07323906
0.56107595 -0.1378227 -0.40163874
0.84563587 -0.90555067 0.11188192
-0.32896144 0.46066662 -0.04406147
0.86768291 -0.52169251 -0.32629741
0.08547757 -0.57926448 0.69521735
0.75367784 -0.06576931 -0.67631913
0.36596597 0.36097214 -0.62222228
-0.45227914 0.7913751 -0.33574058
0.5980931 -0.78590303 0.25741839
0.28682006 -0.42850612 0.19198035
0.05207261 0.27097075 -0.29592568
-0.86628631 -0.0493795 0.96720181
-0.09391913 0.74427477 -0.53543234
-0.75884796 0.27509122 0.55368937
-0.9625556 0.12227608 0.87090692
0.76435006 -0.931618 0.48366257
-0.95596308 0.12270001 0.87253477
-0.19352135 0.8659338 -0.66591813
0.11487077 -0.71178363 0.705415
0.16549882 -0.48552436 0.39182567
0.06303818 -0.5990352 0.66071197
-0.14798362 0.68643569 -0.52981674
0.34445046 0.73267675 -0.74184911
-0.82496246 0.79236483 0.13138672
0.59132885 -0.04658149 -0.38745083
0.40412552 -0.87734393 0.69427765
0.91127223 -0.79019359 0.04464667
0.36025343 -0.74440621 0.47376303
0.44389634 0.31968619 -0.68157209
0.12158231 0.60055554 -0.68169054
-0.79578362 0.20842582 0.95158644
0.80993357 0.11861532 -0.85058173
0.90855802 -0.1292456 -0.75844129
0.18718667 0.81805324 -0.96669109
0.66819495 -0.4128865 -0.12611869
0.78107179 -0.05996519 -0.71734925
0.82792759 -0.0478757 -0.64833948
-0.87055884 0.53549502 0.57501754
-0.71519493 0.80268011 0.36298306
-0.70076871 0.2350064 0.46855652
-0.33768894 -0.24407441 0.67229277
-0.97887575 0.29227757 0.76284509
-0.51019862 0.29920425 0.28024552
-0.11268397 -0.84451923 0.98395521
0.68434262 -0.00099456 -0.6307837
0.33075329 -0.77734115 0.77387452
0.90165347 -0.50147052 -0.10343745
0.49943003 0.15911672 -0.61158093
0.83517304 -0.00276939 -0.81221279
0.76544551 -0.6682428 0.16913837
-0.65641085 -0.10125247 0.80014512
0.43203227 0.53392289 -0.93996517
0.77782585 0.11495058 -0.79867614
-0.68147603 0.9496584 -0.23873861
-0.5760029 0.37826659 0.3193629
-0.49132741 0.75403191 -0.24119027
-0.79685689 -0.08670134 0.98928332
-0.35316338 -0.23291387 0.74151284
0.43978212 -0.5421085 0.36957878
0.62195901 0.10025088 -0.72220023
-0.1783911 0.76034031 -0.51150784
0.17442314 -0.78068646 0.96735963
0.22716473 -0.79847102 0.68099676
-0.23626147 -0.66151139 0.90369966
-0.41496954 0.06885781 0.37521421
0.66677189 -0.61318769 0.29329283
-0.21571056 -0.41352777 0.84459541
-0.55492707 0.1481427 0.51624733
0.75310048 0.15113826 -0.74086287
-0.14390744 -0.53885893 0.76376287
0.46497103 0.70600462 -0.96927561
0.85211364 -0.09515015 -0.69820005
-0.54882335 -0.06967474 0.7474212
0.639301 -0.59241761 -0.04165702
0.8386572 0.04827703 -0.7545816
-0.1023246 -0.5651585 0.93408678
0.46903327 -0.43780283 0.08118446
0.82932518 -0.20286283 -0.47199568
-0.28728074 -0.52740351 0.86006083
0.71132828 0.35283189 -0.9331764
0.78877279 -0.89258797 0.17867983
-0.19257297 -0.03656633 0.27144683
0.4551937 -0.07688174 -0.28680694
-0.37853222 0.22636315 0.20587809
-0.3756233 0.83773869 -0.44559962
-0.01086671 -0.33589125 0.40978041
0.63630492 0.0166776 -0.58362614
0.92448487 -0.47762743 -0.30297727
0.69556821 -0.24933693 -0.24694204
0.9141257 0.03329121 -0.91154371
-0.22191355 0.31865002 -0.02978454
0.25480184 -0.25339026 0.01034661
0.8455687 -0.38989394 -0.29832585
-0.82930218 0.88221174 -0.03018504
0.96247938 -0.30123179 -0.64163417
0.6315956 -0.91663943 0.35996195
0.85829437 -0.44347706 -0.31056084
-0.53787727 -0.33473749 0.91803923
-0.51634223 -0.05661922 0.96078899
-0.60590504 0.43373843 0.20184603
-0.25793693 0.89537418 -0.56533551
-0.6444951 -0.31865908 0.99925326
0.93922348 -0.86605969 -0.05470202
-0.44522811 -0.24512414 0.98884053
-0.91124931 -0.05154602 0.99043092
0.66068992 0.42307444 -0.91861662
0.03993311 0.59069262 -0.50907473
-0.81644822 0.01072305 0.84527669
-0.93356045 0.23148539 0.74073599
0.04921028 0.95912324 -0.82558142
-0.48910768 -0.21702438 0.9744329
0.59093692 0.35809381 -0.94609742
-0.25538282 0.55185567 -0.19904299
0.70350602 -0.24632911 -0.44491436
0.00746348 -0.64772201 0.66304048
0.49222458 -0.50243302 0.17027908
-0.31180056 0.41592192 -0.02889986
0.03546307 -0.87761377 0.8801122
-0.99370105 0.90675178 0.40304124
-0.31398389 0.16723064 0.1478805
0.08221981 0.69920361 -0.60692559
-0.11602645 -0.69257374 0.94926804
-0.3169349 -0.16366923 0.48410209
0.08942756 -0.53560707 0.49483528
0.223703 -0.14787098 -0.00685366
0.15005813 -0.86118896 0.84854051
0.07832551 -0.44568811 0.44528095
0.5183638 0.42789458 -0.87330234
0.21988396 0.84726732 -0.90462013
-0.62028234 0.09838854 0.93885203
-0.81905097 0.60972732 0.23168113
0.14694526 0.92243379 -0.95546243
0.48031113 -0.73002576 0.25175179
0.129885 -0.36466045 0.26271998
-0.538691 -0.00561835 0.85861083
0.64311708 -0.26574519 -0.27120438
0.84996507 -0.981131 0.17834934
-0.92755424 0.68682672 0.4923415
0.7274603 -0.71768075 0.13035652
0.68346533 -0.66649699 0.00881132
0.49886099 0.15344561 -0.56984409
0.97128975 -0.4047131 -0.50951571
0.38890911 -0.76768489 0.42943476
0.3082208 -0.78492324 0.55363631
-0.7512676 0.79667891 0.00758215
0.4327129 -0.67539188 0.3324546
-0.95888964 0.60590842 0.55098289
-0.74027096 -0.10367118 0.87770845
0.86634207 -0.78749755 -0.00499105
0.65961475 -0.9189262 0.45028278
0.61322645 -0.89493498 0.33864189
-0.62238457 0.99130641 -0.34490399
-0.13364834 0.70782953 -0.43741068
-0.84981866 0.70730141 0.61828765
-0.38296945 0.01982133 0.36688213
-0.55250834 0.97501749 -0.41773328
0.11250232 -0.92228558 0.91137258
-0.70823028 0.06980988 0.68460543
0.75000773 -0.14234387 -0.52538486
0.26607127 0.38231998 -0.58291137
0.35462585 -0.365284 0.03897475
0.91367503 -0.53984262 -0.30872239
0.17517607 -0.80477224 0.68510882
-0.18571048 0.58000409 -0.30373948
0.56016205 -0.88215634 0.35657152
-0.50550503 0.00094235 0.54855697
-0.08368699 0.96617953 -0.76299377
0.18010467 0.36271013 -0.46555104
-0.09048965 0.75582016 -0.56241815
0.35839139 0.37452629 -0.62172647
-0.99872634 0.90924761 0.22676062
0.95578624 0.17062473 -0.88197687
0.6531263 -0.91888464 0.43376306
0.4409387 0.45537753 -0.87725173
0.4275981 0.12149702 -0.51928824
-0.16965825 -0.26123528 0.44653151
0.89792421 0.08693649 -0.95749234
-0.62163833 0.7970712 0.02528937
-0.14402881 -0.19289661 0.3730617
-0.03179614 -0.41221783 0.48744051
0.12428336 -0.73676218 0.62465602
-0.8885742 0.78050064 0.13737268
0.86060174 -0.65452281 -0.12758872
0.60007415 -0.43325049 -0.11701424
0.68031541 -0.52728155 -0.13110441
-0.62775986 -0.10705359 0.76030427
-0.40447831 -0.40352056 0.93127596
0.6735695 -0.69035132 0.06508495
-0.61206288 0.8432891 -0.22541984
0.07484671 -0.67171467 0.67118713
-0.37187875 0.75257881 -0.33743895
0.69372068 -0.94212135 0.37674389
0.6431766 -0.73800159 0.11384674
-0.36021809 0.27108388 0.24055671
-0.1534553 -0.14446058 0.34632063
0.99560083 -0.45596818 -0.53441504
0.4494261 0.1036971 -0.5087427
0.97998402 0.14563565 -0.84472256
-0.35278265 0.81471887 -0.41327627
-0.66557615 0.9834165 -0.29154219
0.99075583 -0.59181921 -0.35216177
0.91638206 -0.67844923 -0.21752665
0.10358994 -0.84252583 0.87908003
-0.38686426 0.51804117 -0.11984178
0.90416506 -0.51489713 -0.32576034
0.79159707 -0.92706255 0.13925378
0.19122943 -0.64033364 0.67304639
-0.89267586 0.69373306 0.47369386
0.49615292 -0.78458306 0.29265693
-0.39133216 0.98233633 -0.56808277
0.93220174 0.25157096 -0.93459098
-0.05656318 0.69901897 -0.58574369
0.52942642 -0.73895125 0.4164244
-0.07486148 -0.70444626 0.83506138
-0.27430359 0.04548669 0.34411154
-0.14209597 0.63887842 -0.37673268
-0.41149634 -0.24095667 0.70579877
0.98143839 -0.82641231 -0.06357222
0.47511573 0.10905583 -0.5580867
-0.57461742 0.87937886 -0.23969856
-0.5397985 -0.10036814 0.66971838
0.24409453 -0.51437711 0.27756203
0.74681728 0.14983355 -0.82794968
0.56173964 -0.99594317 0.58226186
0.8999163 -0.85179649 0.20806564
-0.78733615 0.86571621 -0.00516577
-0.51986924 -0.24813772 0.77801644
0.99036391 -0.15758875 -0.81807903
0.60816459 -0.60472186 0.19709573
0.35994763 0.76201569 -0.91805264
0.36558963 -0.87992902 0.55592877
0.81911163 -0.93565155 0.3313129
-0.59856655 0.9900867 -0.18646063
0.57531517 0.04643162 -0.59030486
0.75182384 -0.96706315 0.41084145
-0.48482269 0.92926902 -0.11898916
-0.56450973 0.85926831 -0.174055
-0.51859516 0.92461709 -0.27764895
-0.10926116 0.12570703 -0.01592467
0.74066332 -0.39170506 -0.31356113
-0.15799507 -0.28757752 0.48215502
0.51767806 0.44358684 -0.89082056
0.57927089 -0.76528143 0.20512345
-0.81106528 0.27355372 0.71857345
-0.08092045 0.51665613 -0.37047047
-0.80112637 0.83898933 0.28062474
-0.8955386 0.86998377 0.27432561
0.5571835 0.68120551 -0.89217158
0.3329427 -0.00109187 -0.32041441
0.95361352 -0.75922908 0.32142143
0.51396673 0.13953991 -0.58148697
-0.25596844 0.87226482 -0.52061466
0.92155985 -0.12314394 -0.6807093
0.90258655 -0.06658016 -0.75450737
-0.02854548 -0.57801257 0.8242962
0.72738623 -0.72966029 0.1242718
-0.88862665 0.14033119 0.82318248
-0.11626023 -0.38478669 0.75011996
0.85040487 -0.51484463 -0.05312635
0.98521712 -0.48940624 -0.3264241
-0.44797369 0.10772202 0.37019528
-0.62652148 0.32730047 0.32710716
-0.06120471 -0.62777123 0.85269887
-0.14194716 0.03153374 0.11713506
0.8334949 -0.8627751 0.15578485
0.28527454 0.44017809 -0.66451949
0.56265044 0.17224996 -0.53067669
0.89125773 -0.94954975 0.058651
-0.13242827 0.86681292 -0.56583616
-0.10386808 0.84389766 -0.61820263
0.62844643 -0.80354936 0.25241545
0.71303141 -0.61465889 0.07985225
0.45799 0.48615739 -0.94219895
0.43418742 0.53763819 -0.94147662
-0.66220996 0.40379766 0.57618581
-0.1884583 0.75781107 -0.36741604
-0.06317591 0.84826413 -0.74511163
-0.8641934 0.79869388 0.14749463
-0.11248751 0.12620587 -0.01117427
0.8484626 0.06222523 -0.69719068
0.98618222 -0.93046327 0.18668207
-0.12417337 -0.51335276 0.74280955
0.24100769 -0.3152911 0.09012851
-0.98047098 0.71754874 0.49868674
0.96439716 -0.98402189 0.09616426
-0.91351629 0.59766892 0.39090116
-0.62584839 0.34880057 0.31711306
-0.62687294 0.84044345 -0.14641586
-0.06164417 0.91991347 -0.7745914
0.78369341 -0.32337546 -0.45499298
-0.56142974 -0.28801801 0.94454733
-0.13084783 -0.52882503 0.81985566
0.01386617 0.69792387 -0.52603375
0.13796272 0.69517259 -0.72777696
-0.08952781 -0.38158162 0.8483697
0.49619578 -0.36651482 0.08891286
0.56503564 0.147624 -0.60338892
0.89262383 -0.51205959 -0.30903786
-0.24737457 -0.53776659 0.86838082
0.2019798 0.72856171 -0.88646882
0.83967552 -0.36527097 -0.38814388
-0.58246185 -0.2555149 0.86720739
-0.02659101 0.63704355 -0.587004
-0.70833853 0.31274168 0.5427392
-0.65750802 0.55571054 0.13321942
0.58307743 -0.13065499 -0.44877445
0.07686607 0.67174492 -0.48732052
0.97008743 -0.22938263 -0.67391583
0.97127142 -0.75531824 0.04992947
0.79212485 0.38400748 -0.89524158
-0.43610477 0.70575489 -0.19278243
0.88060215 -0.94615501 0.18326133
-0.16331674 0.01251816 0.16237551
0.48308716 -0.93483839 0.50513436
-0.58599422 0.68854154 0.05244721
0.84973197 -0.07991209 -0.67005501
0.97563451 0.30925507 -0.99254058
0.497547 0.00411475 -0.45377374
0.02717914 0.68266666 -0.68898524
0.74200658 0.06635778 -0.78257418
0.57437023 0.07585203 -0.56223366
-0.76397531 -0.20772795 0.97920271
-0.69419738 0.80220401 -0.07794339
0.10026392 -0.55140533 0.54901197
-0.43110763 0.38361928 0.20706592
-0.02587221 -0.25023187 0.30134735
-0.38397543 0.26605801 0.15391703
0.23730647 0.88677406 -0.88885026
-0.32213492 -0.3101877 0.70067047
-0.68196014 0.60393395 0.35334897
0.47033322 -0.81851257 0.36584155
0.45975277 0.45980431 -0.89389519
-0.40474892 -0.44643903 0.92236319
0.19490319 -0.37229045 0.19289362
-0.06666014 -0.52144074 0.73256561
0.18587235 0.67530801 -0.81198852
-0.61396483 0.34959795 0.27419667
0.72264809 -0.95374149 0.35117634
0.22886848 0.74198539 -0.8034527
0.79187256 -0.95354325 0.20144566
-0.42696176 -0.04921133 0.5238587
0.7282412 -0.30299129 -0.19778722
-0.32494285 0.6315235 -0.20948322
-0.17372226 -0.55184998 0.80335718
-0.88967516 0.63621458 0.34606882
-0.70871062 0.07324679 0.77323726
0.22117173 0.22387691 -0.36029887
-0.63208833 0.00916841 0.71891969
-0.25713036 -0.69839509 0.98791885
0.05095754 -0.56720397 0.5963916
-0.04965115 -0.62520422 0.97479192
-0.98803979 0.4945163 0.88916054
0.41707336 -0.71299143 0.37132469
-0.5625372 0.42107131 0.21276031
-0.08743415 -0.51496917 0.73603774
-0.24369678 -0.52061178 0.84521704
-0.49051591 -0.05498987 0.72166637
-0.69717076 0.14407788 0.61590603
0.13593753 -0.30404573 0.19304161
-0.67383796 0.20430085 0.52884509
0.21916538 -0.94507248 0.7286367
-0.04290083 0.71099282 -0.61547325
-0.92136613 0.23145309 0.69134605
0.51276604 -0.878811 0.3771679
0.30803722 -0.89888936 0.68624428
-0.30981275 -0.6608363 0.99000795
-0.6193596 -0.25778442 0.98172496
0.38015657 0.95785189 -0.98934292
-0.68371177 0.41457202 0.38480022
-0.85498966 0.84123542 0.45848963
-0.80417675 0.86946786 0.10310445
0.24919698 -0.55984122 0.43027691
-0.32536621 -0.57881697 0.92226907
0.12984149 -0.20382461 0.10636222
0.85428756 -0.59253361 -0.13537633
-0.70836757 0.35474604 0.39180717
-0.54969528 0.33229518 0.44626865
-0.88988318 0.97168749 -0.07642379
-0.37696783 0.19988275 0.20255778
-0.37980039 0.81152023 -0.31567494
0.59239929 -0.52440858 0.07953425
0.69560824 0.29528643 -0.81897048
0.70506909 -0.27317165 -0.29433912
0.31433904 -0.25346907 -0.00391363
0.51712879 -0.88546827 0.39636065
0.79941863 -0.30958565 -0.42531638
-0.48885509 0.99427065 -0.46069773
-0.04936819 0.8891584 -0.69661572
0.89456248 -0.25425914 -0.44408383
0.87637831 -0.52063652 -0.27594148
0.70593923 -0.13366613 -0.50121396
-0.23990377 0.9603901 -0.61603217
-0.73292329 0.00618635 0.81469223
0.46952837 -0.59580716 0.20079797
0.76285755 -0.11439686 -0.41519237
-0.51738687 0.78804812 -0.25829271
0.87237932 0.05190672 -0.7670308
-0.62170467 -0.2033562 0.90531382
-0.06560958 0.22820627 -0.15788091
0.84836912 -0.10844149 -0.52711764
0.5401031 0.64956763 -0.9612738
-0.0901559 0.66206248 -0.47644426
0.37308076 0.46367459 -0.73661654
0.31686988 0.33919175 -0.52481161
0.79955228 -0.16047278 -0.59804207
0.91150884 -0.85398405 0.10249707
-0.45627607 0.42426883 0.09671902
-0.48842731 -0.45990989 0.96208731
-0.49824662 -0.26195744 0.84127043
0.13617471 0.80435954 -0.93841879
0.83969501 0.07782383 -0.72300867
-0.28204072 -0.25644993 0.81049204
0.54655013 0.3079278 -0.79667833
-0.81505958 0.59665777 0.51978082
-0.76629571 0.24240045 0.55638334
0.94159648 -0.47380937 -0.24918078
-0.15371483 0.73796632 -0.54268801
-0.17530453 0.99318661 -0.76467582
-0.55907066 0.86435299 -0.11832418
0.93175112 -0.74351562 -0.13809378
0.63695408 0.42722333 -0.7108211
0.52800942 -0.57513538 0.1149933
-0.30503857 0.42657848 0.02949324
-0.44990988 -0.20084855 0.82461056
0.50335621 -0.6927606 0.23842412
0.53332108 0.60677942 -0.97841534
0.36090252 -0.89321245 0.91880507
0.08261311 0.98720233 -0.82845259
-0.84243913 0.0205964 0.94826582
-0.82571748 0.7021757 0.13427591
0.0814392 -0.84879023 0.99242446
-0.99204525 0.5325566 0.65970668
0.90712978 -0.6063124 -0.16253207
0.15042508 0.67812663 -0.81813934
0.17945854 0.7037386 -0.82854699
-0.51027548 0.18560405 0.42251321
-0.32473909 -0.52542186 0.85087127
-0.01987497 0.57184444 -0.36540396
0.93933909 -0.53117696 -0.34588192
-0.4686669 -0.05558403 0.53451329
0.32086746 -0.67128141 0.35282802
0.55085736 0.42504275 -0.81761025
0.38172375 -0.45260088 0.07791627
0.66129625 -0.49372186 -0.03916407
0.75017717 -0.39689052 -0.34016809
-0.4212736 -0.50877969 0.95580873
0.22646445 0.72157792 -0.87842093
-0.22248921 0.71063239 -0.45468954
0.1954775 0.62231566 -0.63202197
0.04506524 -0.8801366 0.89361291
-0.23737848 0.96352494 -0.68887018
0.66505641 -0.32063513 -0.3217775
-0.34801515 0.45597349 -0.10005569
0.91514176 -0.6808593 0.19714449
-0.11757493 -0.37157308 0.6942102
0.50764225 0.38972076 -0.82363442
-0.27780313 0.65517692 -0.21371843
-0.85632873 0.06024901 0.8627234
-0.89451805 0.63545186 0.3942216
0.45180386 -0.75284301 0.30194636
0.56986435 0.24005554 -0.77242692
0.02219436 0.44690053 -0.40528009
-0.54316746 -0.16565515 0.99785845
-0.93741264 0.17597187 0.89690269
0.13450517 -0.23505328 0.1196385
0.23927188 -0.74662237 0.5571842
0.93259473 -0.92021444 0.02809857
0.5360623 0.99679236 -0.94637954
0.40125472 -0.94692035 0.92688354
-0.24042218 -0.44827769 0.90627471
0.05853954 0.5532177 -0.46099009
0.6671399 -0.38790929 -0.21404684
0.14591589 -0.80989978 0.81845636
0.15255717 0.27891219 -0.36945175
-0.32326617 -0.34580013 0.81036594
0.52959058 0.48939241 -0.83156695
-0.96777315 0.38592808 0.66329424
0.35434026 0.74576242 -0.95341864
0.60477974 0.53880107 -0.97718908
-0.13877105 0.66893553 -0.51092606
0.3705389 -0.54421471 0.1800807
-0.22197422 -0.13772262 0.46537914
-0.82372116 0.96911445 -0.04195431
0.31617737 -0.84821994 0.57129098
0.23876279 0.58170154 -0.65232402
0.77470771 -0.92077878 0.32501149
0.57063504 -0.38196256 -0.16569037
0.90046448 -0.54879276 -0.18378596
0.72432121 -0.33725844 -0.34007962
0.224081 0.55453752 -0.54602946
0.32675593 0.99777234 -0.8213019
-0.579148 0.47242929 0.23315083
0.18365323 0.87829098 -0.85288565
0.11012485 -0.78051622 0.76996395
0.4833972 -0.50974308 0.04555423
0.84030143 -0.47625064 -0.10787092
0.27630659 0.71426837 -0.97337999
0.23927138 0.4449419 -0.60492355
-0.0490788 0.94400642 -0.75703349
-0.58468011 0.67473896 -0.0771966
-0.58629411 0.90027333 -0.30488989
0.68932921 0.46658351 -0.89182192
0.40526358 0.68166435 -0.88960614
0.70748609 -0.17222655 -0.49691856
-0.30869974 -0.59137431 0.9272579
0.49016041 -0.92241398 0.64683707
0.37929521 -0.66565291 0.71185407
0.94273244 -0.88485773 0.14596434
0.40733479 0.37651512 -0.7480125
0.2362828 -0.60510643 0.56471959
0.88531958 0.14081843 -0.95129233
0.45340225 0.50626982 -0.9160208
0.92189449 -0.77250439 -0.05865864
0.04993718 -0.29000953 0.34150623
0.48069791 -0.59291465 0.15111782
-0.81932111 0.16878225 0.73881188
0.71432952 -0.80389659 0.1093766
-0.27637972 0.94460428 -0.5649085
-0.48052432 0.8655424 -0.18564074
0.44381556 -0.68924786 0.3332086
-0.56629107 -0.06695835 0.99880755
0.64960603 -0.51310925 -0.0242855
-0.15892384 -0.68538965 0.92310249
0.87014758 -0.26105042 -0.52057849
-0.18187538 -0.15579602 0.58825191
-0.76777541 0.66616671 0.3104243
-0.60280463 0.68369352 0.04347374
0.71224984 -0.09487986 -0.60107314
0.31060907 0.0696602 -0.35925212
0.38771497 -0.22451264 -0.12920218
0.7719109 -0.04146358 -0.54724742
0.34008809 -0.52129479 0.32819819
-0.59197878 0.72637182 -0.00384159
0.75267178 0.18771069 -0.74696869
-0.16822436 -0.52017024 0.71817756
-0.95956389 0.69604363 0.33400177
-0.51748431 0.45252724 0.21466062
-0.54353187 0.00436003 0.60322705
-0.6112349 0.89639858 -0.13475896
0.50573438 0.07727825 -0.55378371
0.28342216 -0.78773692 0.626012
-0.82028203 0.16337638 0.70546626
0.02556632 0.91626077 -0.86258365
-0.95049995 0.28247914 0.72717423
0.08658261 0.80732884 -0.78328963
0.73113953 0.00761267 -0.73122224
-0.79854066 0.15999179 0.91403782
0.29798106 0.83123885 -0.84815701
-0.72099715 0.76356445 -0.02666537
0.61183539 -0.93010437 0.41982486
0.8559971 -0.48150264 -0.28175417
0.03231471 0.86993282 -0.61994055
0.81952494 -0.63038899 -0.01102031
-0.3956336 -0.46115243 0.93784235
-0.28548243 -0.6566518 0.95872369
-0.48076738 0.71599947 -0.19403457
0.54718403 -0.114352 -0.33350614
-0.34284676 0.19791123 0.17706476
0.01081587 -0.83727195 0.92604229
0.2716197 0.07102495 -0.28956068
0.0785365 -0.8697249 0.80111319
0.72985551 0.18792225 -0.81485482
0.79784986 0.35309515 -0.89322248
0.83460539 -0.24484992 -0.44209938
0.19819078 -0.29507539 0.12503102
0.67375715 -0.08865059 -0.52922482
0.40013823 -0.29563824 -0.07751427
-0.47589165 -0.46290819 0.97263964
-0.73676293 0.23415578 0.70478545
0.05682878 -0.5699324 0.61700971
0.20526224 0.46156008 -0.49572827
0.95867179 -0.63777357 -0.30082817
0.70896025 -0.44751196 -0.2307821
0.97160827 -0.93017258 0.20033596
-0.74697182 -0.00699092 0.8966206
0.4865116 -0.67221527 0.28574078
-0.07467173 -0.39466448 0.52692906
0.99939008 -0.63508157 -0.0763951
-0.09035927 -0.3376469 0.43807762
0.17057253 -0.32029489 0.23226833
0.75389173 0.12565181 -0.75788281
0.10202667 -0.55502268 0.56258321
-0.77209671 -0.07699971 0.92020553
-0.21162521 0.28467463 -0.0699434
0.8948767 0.05992094 -0.926633
-0.05780427 -0.39299609 0.45729574
-0.72193262 0.40682736 0.3460807
0.01861818 0.73448145 -0.54533738
0.75021581 -0.03159753 -0.63748977
-0.20545868 -0.43585565 0.64421248
0.31342915 0.77311548 -0.89679536
0.83905656 -0.31147865 -0.43542828
-0.52561186 0.82716267 -0.23315711
0.12863388 0.78666417 -0.7970289
0.56208672 -0.94775822 0.58252792
0.25376666 0.41948031 -0.58744217
-0.52649583 0.88002578 -0.19315747
0.10901255 0.50604668 -0.54877826
-0.91296542 0.66106007 0.40953073
0.47538967 -0.77374491 0.49948952
0.77443329 0.38949162 -0.92352444
0.65389752 -0.98326417 0.35318449
-0.80624302 0.76000569 0.09749018
0.22899465 -0.94829552 0.72650834
0.20353033 0.77052844 -0.68909856
-0.36117855 0.77389123 -0.34912379
0.81424107 -0.62554253 -0.02851561
0.24538372 -0.97415818 0.85775501
0.39590459 -0.56369252 0.18791186
-0.11288999 0.64689597 -0.44579875
-0.70115678 0.66389696 0.28820087
0.58080278 -0.1858219 -0.37608079
-0.73881003 0.66349504 0.26405119
-0.39537465 -0.49617698 0.90296254
0.92974106 0.69395279 -0.9385619
-0.56848515 0.91094227 -0.24918018
-0.77457428 0.45239969 0.437052
0.29764921 -0.83532608 0.69544271
-0.61246128 0.77456836 -0.08690503
0.11853924 -0.84865527 0.84682543
-0.13954092 0.77001036 -0.59830773
-0.96167319 0.50500401 0.53250715
-0.85078229 0.6455664 0.74068119
-0.9248864 0.24598971 0.99442599
-0.65872985 0.78156146 -0.03833239
0.60024269 -0.29913346 -0.19810235
0.75675724 -0.63747284 -0.0637981
-0.03613578 0.95600785 -0.76556119
0.10005197 0.50161102 -0.59991538
0.30783196 -0.91786 0.72816196
0.33766077 -0.9695259 0.81064989
-0.65955383 0.52651534 0.14206076
-0.47039754 0.2444883 0.38222752
-0.87523676 0.02552767 0.95947604
-0.41606824 -0.44161297 0.89903261
0.89791493 -0.74695092 -0.12369901
-0.11191809 0.84999473 -0.67690606
0.18011511 0.52871485 -0.70125609
0.7201027 -0.39922997 -0.10069518
0.30345499 -0.4258779 0.19100482
0.89295369 -0.08806604 -0.69251996
-0.19281061 0.6637649 -0.46789573
-0.25711036 -0.42976304 0.73276997
0.2414845 -0.98060808 0.8106286
0.06639475 -0.76927234 0.90993397
0.6554251 0.27195773 -0.76888186
0.05869901 -0.4905421 0.444763
0.64590198 -0.96930446 0.3347788
-0.81909518 0.82180753 0.10190257
0.25321964 0.72721819 -0.97386049
-0.32026659 0.16364171 0.2223944
0.11024252 -0.51822566 0.43448876
0.68792939 -0.51837842 0.01075787
-0.98446837 0.97059189 0.11585308
-0.40029372 0.04790422 0.43363908
0.56004149 -0.28720826 -0.16354008
-0.53768614 0.24480457 0.41160585
0.90059728 0.34228814 -0.93969141
-0.64510257 0.31704917 0.60240182
-0.80976058 0.71866754 0.6487254
0.55440462 0.31224074 -0.81911212
-0.97327231 0.31215562 0.77354632
-0.70093459 0.00549755 0.72468523
0.78883957 0.23283463 -0.89129811
0.07151753 -0.63097902 0.59409731
-0.43225316 0.84458683 -0.3307618
0.98534595 -0.68275515 -0.28619868
0.44767217 0.21084233 -0.54319602
0.15849475 0.74305639 -0.84125793
0.90663917 -0.54898837 0.02966768
-0.33715563 -0.42638927 0.89820708
0.48405263 -0.76153849 0.44812489
-0.84309691 -0.03780398 0.9331225
0.5741256 -0.26421792 -0.2354049
0.88091938 -0.93024504 0.09485739
-0.46203922 -0.3421275 0.96389137
-0.9483233 0.67346086 0.47135493
0.88521233 -0.75826247 0.0458648
-0.26929011 0.624562 -0.22127151
0.15376331 0.68819898 -0.57330311
0.34887177 -0.57302903 0.23362775
0.35084238 0.1814242 -0.45421186
0.0184189 -0.40813808 0.59316738
0.40650403 0.79578025 -0.97079673
-0.63957536 0.6351426 0.12283747
0.05765547 0.60527831 -0.50286104
0.50559649 -0.77835561 0.49601457
0.1935237 0.81178172 -0.93926662
-0.02686867 0.94213067 -0.90170395
-0.93243114 0.71211464 0.22950914
-0.32009714 -0.21027571 0.58022829
0.21650974 -0.15395216 -0.04326632
0.56772138 0.3403188 -0.71692347
-0.63442772 0.79195998 -0.02064279
-0.35723407 0.02398227 0.39815866
-0.1795303 -0.57859167 0.82458286
0.33076755 -0.67356973 0.46269905
-0.42329253 0.02838979 0.44564329
-0.89951307 0.84664957 0.1309827
-0.48541306 -0.15251177 0.66407819
0.55531985 -0.83299105 0.38063941
-0.12691774 0.65102316 -0.38759405
-0.77991445 0.90737981 0.07656413
0.19625757 0.23196426 -0.38770093
-0.02448032 -0.25751305 0.31585797
-0.89439713 0.37633936 0.64988743
0.61550855 -0.12979726 -0.45559954
0.98261983 0.19321732 -0.88876128
0.09409456 0.70298854 -0.69156763
-0.35941427 -0.33142638 0.98368836
0.86494287 0.02010939 -0.86651129
0.92541286 -0.32837539 -0.5148632
-0.21065609 -0.26156891 0.52434076
-0.92749226 0.23926407 0.86137882
0.92060679 -0.87007682 0.137382
-0.52252845 -0.12693041 0.70025455
0.307146 -0.87430536 0.71482477
-0.68024488 0.0615694 0.64864598
0.52437599 -0.64447592 0.60883771
-0.15495327 0.41250331 -0.25062842
0.13782117 -0.4502974 0.36246643
0.1089922 0.7646838 -0.63527847
0.6276771 -0.93559139 0.33338894
0.5477852 -0.99296163 0.61003203
0.45206984 0.4199381 -0.71364098
0.3260633 0.43469452 -0.74226469
0.2399061 0.40418494 -0.60107716
-0.53400659 0.93589236 -0.14868627
0.27715984 -0.26710099 0.05320494
0.96136145 -0.09847697 -0.6464687
-0.49327597 0.27390619 0.44564275
-0.13657587 0.71420255 -0.56177552
0.82203446 -0.79579939 0.17542826
-0.93520365 0.9886343 0.17872474
-0.1119232 -0.48990502 0.7609914
0.55298803 0.11790573 -0.58069698
0.279565 0.50797342 -0.68761821
0.50378493 0.41723563 -0.90609045
-0.62178897 -0.09716245 0.79490941
0.53033585 0.10182668 -0.54916355
0.69717648 0.58407632 -0.79739422
0.55949442 -0.49072371 -0.03472455
-0.72925547 0.89926367 -0.10219824
-0.71662482 0.74955029 0.04217677
0.55267646 -0.3771702 -0.14463242
0.2581817 -0.36341551 0.13679444
-0.10759766 0.66649623 -0.53572958
0.66765653 -0.42100853 -0.17787062
0.28450651 0.47955432 -0.6868008
0.69226931 -0.78521547 0.36970486
0.75789659 0.24588473 -0.7488897
-0.64889977 0.73100141 0.14921219
0.37295215 0.80025983 -0.81704975
-0.29819317 0.48346197 -0.17858655
0.70561409 -0.85755076 0.16768274
-0.29897884 0.82083411 -0.40363506
0.86482999 0.24193019 -0.80773553
0.89159453 0.19935287 -0.86544268
0.47537397 -0.98092468 0.57645929
0.9666269 -0.68321794 -0.10690173
0.7828766 -0.0753188 -0.63518395
-0.21899264 0.06863946 0.16497591
-0.7594627 -0.00223508 0.78593127
0.84492012 -0.50622317 -0.23546644
-0.95405916 0.58788614 0.48521791
0.30209852 -0.16280476 -0.12844805
-0.49248116 -0.17976516 0.67473782
0.498197 -0.78936513 0.43338602
0.77672482 0.07755157 -0.67754023
0.81544266 -0.45016766 -0.24080076
-0.49344148 0.0233567 0.83958728
-0.74786171 0.54606555 0.31128549
-0.7073762 -0.10683486 0.92125258
0.63372181 -0.25066559 -0.32223933
0.89582918 0.14026195 -0.97186972
-0.55827465 0.98663127 -0.39847193
0.20696856 0.98263244 -0.90017967
0.96561162 -0.08518775 -0.65303149
-0.82061176 0.28988506 0.8486451
-0.311474 -0.13255611 0.50286037
0.25910135 -0.33906872 0.09904493
-0.19209778 -0.48452309 0.7159448
0.41975723 0.56770275 -0.94492981
0.69527116 -0.69874318 0.11022353
0.99288945 -0.95712111 0.13969507
-0.74109681 0.66532781 0.44591929
0.44602781 0.40668726 -0.68691843
-0.75334569 0.02545493 0.7909714
0.78339269 -0.99057712 0.20857647
-0.78402739 -0.16228201 0.97393721
0.35159204 -0.74233133 0.39158649
-0.66700383 0.71606552 0.0475244
-0.02330054 0.97364518 -0.60627479
0.99695948 -0.84305656 -0.04040941
0.26270637 -0.00975792 -0.17515823
-0.07439093 -0.31526195 0.41034516
-0.25933725 -0.51871907 0.90689468
-0.36227252 -0.11288919 0.48567492
-0.37431487 0.51271732 -0.11771392
0.34314971 -0.81672246 0.577629
-0.64245117 -0.09304779 0.75037227
-0.86550314 0.86562305 0.00397099
-0.42570431 -0.23262632 0.74103724
0.83578058 -0.68823748 0.05486248
-0.02380055 -0.30109696 0.43172987
0.88632004 -0.73467861 -0.10070855
0.13445282 -0.33292802 0.2453097
0.98922622 -0.18977366 -0.4066707
-0.84653062 0.9891178 0.32690811
0.37658027 -0.77310884 0.40877143
-0.19710998 -0.28492606 0.56588684
-0.17940383 0.0939214 0.11087376
-0.61140893 0.01417665 0.68281757
0.92338441 -0.92015588 0.20210129
0.84901444 0.04107371 -0.82843186
0.64673239 -0.68086031 0.07420911
-0.18358162 -0.57308411 0.91756434
-0.34835075 -0.30566342 0.97253247
-0.8534174 0.76644819 0.0914102
0.65896807 0.03773265 -0.66151556
-0.62929568 0.13895644 0.56031563
0.72971382 -0.18589029 -0.51992148
0.74021414 0.29645218 -0.98556984
0.21949271 -0.53695388 0.45406955
0.62624153 0.59971619 -0.79814236
-0.5358518 0.44129022 0.16441477
0.36897951 -0.19478162 -0.0970771
-0.55503064 -0.35192816 0.93050948
-0.03148882 0.52089032 -0.48394177
-0.26904021 0.63721612 -0.33952442
0.27806966 0.31993619 -0.46455356
-0.81865269 0.17021899 0.7008032
0.80662118 -0.51981658 -0.22803537
0.31927529 -0.77556555 0.58683361
-0.28764672 0.71578569 -0.4180548
-0.30204172 -0.65927274 0.98191984
0.29891204 0.6870671 -0.75571935
0.57424271 -0.89892879 0.52179209
0.22094678 -0.83372312 0.72311696
-0.62685799 0.97609245 -0.30174351
0.37585099 -0.79787875 0.48150175
-0.86418646 0.59813349 0.54882362
0.01712354 0.87515614 -0.75837499
-0.33126784 0.83802867 -0.47146965
-0.9511599 0.63025648 0.3714362
-0.33178384 -0.13736095 0.61734685
-0.08359412 -0.63181371 0.74397642
0.11677013 0.91716645 -0.96018639
0.76036204 0.30283953 -0.83306375
0.57443326 0.41223143 -0.95058399
0.64138494 0.12057775 -0.74168294
-0.62599541 0.77713067 -0.14014209
-0.26003631 0.4611224 -0.15222649
0.91851325 0.10608474 -0.57452678
0.62330611 -0.09065866 -0.51989032
0.66732152 0.58742716 -0.966426
0.60890751 -0.35263571 -0.23210314
-0.99986385 0.40227404 0.70116852
-0.15775785 0.5152592 -0.31392163
0.02327185 -0.63578122 0.91584303
0.37850985 0.13786696 -0.36692124
0.64888239 -0.73777344 0.2135303
-0.12460243 -0.17273283 0.44978681
0.23712585 0.88769787 -0.99764503
0.0574691 -0.42737216 0.4199029
-0.08288265 0.31036486 -0.17732156
-0.77021055 0.69711266 0.10031462
0.67279213 0.48626304 -0.84355283
0.34635078 0.54178419 -0.8320358
-0.29988141 -0.17352432 0.53252787
0.81213663 0.03311966 -0.68788617
-0.0093369 -0.6162447 0.64639387
0.64736798 -0.81817133 0.49852355
-0.16676435 -0.29856393 0.47228139
-0.40637377 -0.24981896 0.71172799
-0.45788594 -0.23709946 0.7084851
0.79405534 -0.7457681 0.20594207
-0.61529951 0.21747089 0.49212956
-0.36369271 -0.12615923 0.61254913
0.55502148 -0.12656823 -0.3599709
-0.9036613 0.51326446 0.40884645
-0.0772263 -0.76707885 0.8876023
0.77819369 -0.80616507 0.08405736
0.23797356 -0.02829826 -0.13711857
-0.20201327 0.04433109 0.22610343
-0.45483191 0.63132079 -0.12545138
0.47728816 0.08181422 -0.5464097
0.46249605 -0.78563957 0.4193474
0.78995139 0.14942469 -0.8138033
-0.20686814 0.71334257 -0.43827068
-0.80129399 0.40007114 0.57494896
-0.0683067 -0.37395593 0.46315281
0.31926562 0.20503476 -0.49645729
-0.85990869 0.26242026 0.69470132
-0.43844345 -0.25662938 0.79449257
-0.99043577 0.55772986 0.6094809
-0.58354674 -0.10535998 0.92746742
0.51555043 -0.95325778 0.70657289
-0.33061025 0.8901909 -0.48555741
0.10377257 -0.45695936 0.47029259
0.42785503 -0.95983088 0.81734291
0.90818668 -0.79930378 0.10311497
0.68786512 0.23403144 -0.75224401
0.70085216 0.39945093 -0.79497156
0.47154073 -0.76214074 0.40293426
-0.66463087 0.61556144 0.27924129
0.75696646 -0.44581443 -0.30596714
0.09445657 -0.74964563 0.75721636
0.48624559 -0.24959676 -0.22324394
0.277553 -0.57093817 0.48488445
0.76982535 0.55347754 -0.8940961
-0.40845222 0.79746177 -0.32947628
-0.68980281 0.16063682 0.54997514
0.87598986 -0.57240503 -0.30247695
-0.0285555 -0.22212112 0.26451609
-0.80282817 -0.03041713 0.92247184
-0.4806196 0.2902614 0.32937705
0.058853 -0.64293985 0.61925688
-0.11789344 0.5290999 -0.39233825
0.7687285 -0.6326025 -0.07302711
-0.25401821 0.24773267 0.01228589
0.72912333 -0.80283861 0.24182318
-0.57555763 0.5017158 0.1974142
0.05181847 -0.72796592 0.72278091
-0.28205291 0.12608369 0.20911278
0.55486165 -0.73765547 0.22376382
0.00197269 0.86565232 -0.85038196
-0.85512961 0.08490065 0.86669539
0.05413634 -0.82702811 0.98224607
0.67853658 -0.81191847 0.19988755
-0.9166397 0.83840104 0.17598217
0.10900612 -0.50491926 0.42932161
0.42420816 -0.9307327 0.93097647
-0.21864898 -0.43481713 0.65913026
-0.82589409 0.04722761 0.84202662
-0.75707104 -0.02745726 0.78705129
0.9797572 -0.809503 -0.11803219
0.73213248 -0.36303631 -0.20670224
-0.95538138 0.63441113 0.39697526
-0.46337732 0.11937937 0.39395745
-0.33447539 -0.1807769 0.63529136
0.96169783 -0.13299196 -0.79684568
0.72840501 -0.68747642 0.17476343
-0.0262756 -0.79297934 0.88869282
0.01583744 0.51486974 -0.46426675
-0.22739996 -0.09428382 0.41772167
-0.52020201 0.54813778 0.19602732
-0.72218572 0.37295587 0.42492308
-0.95251438 0.34418963 0.62734058
0.69547873 -0.23860347 -0.40570953
0.3027383 0.3618931 -0.59004253
0.17953099 0.83105603 -0.94620247
0.53263703 0.42383986 -0.81796582
0.18337137 0.71527737 -0.85607436
-0.64480141 0.30440835 0.38791991
0.67395524 0.25612032 -0.88933234
0.3211473 0.18072448 -0.48327012
-0.91906481 0.70882336 0.36855436
-0.42547413 -0.24230261 0.74906114
-0.33238124 -0.31653911 0.66776867
0.54393007 -0.80395236 0.28149357
0.83967945 -0.87993158 0.18922728
0.38961873 0.29718653 -0.60875064
-0.27410102 0.03077732 0.27868073
0.18359985 -0.70740912 0.53907212
0.74287995 -0.33459662 -0.22348599
-0.14273923 0.7566444 -0.60081343
0.18895312 0.07623262 -0.21984511
-0.19126948 0.39337686 -0.18414154
0.89430248 -0.64024512 -0.12803363
-0.81955322 0.24519729 0.64563336
-0.29212511 -0.23715606 0.76817401
-0.86447259 0.54834406 0.36958474
-0.55362689 0.39086877 0.22629572
-0.16627857 0.86465596 -0.60087895
0.92193374 -0.85032004 -0.06465958
-0.41587498 -0.4367739 0.97090452
-0.67002885 0.18625718 0.81273215
-0.80295261 0.80367859 0.01985399
0.39542738 -0.89475801 0.55163866
0.66934476 -0.39257705 -0.13431566
0.36620109 0.98251918 -0.83883903
-0.41647045 -0.2798584 0.89539795
-0.38814845 0.59563484 -0.17106678
-0.7472544 0.14210421 0.69699086
-0.64144702 0.26874346 0.40518637
0.73169357 0.44242222 -0.85507003
-0.22640399 0.02854142 0.32432419
-0.17216233 0.91789132 -0.70391015
0.51062234 -0.36275483 0.03750146
0.77191306 -0.64237979 0.03324301
-0.74562419 0.90510264 -0.05627741
-0.84376097 0.80091387 0.21772462
-0.82908912 -0.04499393 0.95484151
0.01965383 0.97835091 -0.65836792
-0.40705039 0.96095651 -0.30318153
-0.15251472 -0.06940025 0.27189853
-0.09513648 -0.72873907 0.98374694
-0.90851113 0.41099422 0.69619169
-0.13410991 0.99853464 -0.71689317
0.24150052 -0.50967245 0.37590581
0.76577582 -0.52473687 -0.18799329
0.83923691 -0.93911895 0.1263158
-0.6528007 0.55221511 0.1948873
-0.92591678 0.92133904 0.25704423
0.32365188 -0.66423834 0.40862959
-0.39303523 0.73829989 -0.31723397
-0.54008427 -0.37006848 0.93190412
0.38082228 0.21577731 -0.43933135
0.29309268 0.40123713 -0.63906641
-0.64693608 0.82687859 -0.15674819
0.32941474 -0.13497085 -0.1536873
0.07035788 -0.67936111 0.61212805
0.78044517 -0.25380194 -0.51321177
-0.60563952 0.83962356 -0.20866102
0.88693759 -0.24704804 -0.52034435
-0.7876451 0.6780082 0.35013825
-0.53865077 0.69998622 -0.07848137
0.58489032 0.14588761 -0.38312803
0.98468261 -0.58208423 -0.24445387
0.87640818 -0.63722005 -0.10106136
0.80103082 -0.76518751 0.00777768
0.34613065 -0.60483869 0.26053972
-0.90902661 0.43691018 0.82670403
0.31751912 0.62844112 -0.75136122
-0.88125035 0.27900816 0.84888998
-0.87192051 -0.01867954 0.99259461
0.80821574 -0.96668562 0.16075438
-0.70034011 0.09405178 0.6472674
0.7080856 0.34878498 -0.84641093
0.14036237 -0.58843167 0.51000635
0.52799412 -0.55352439 0.03266396
-0.53423137 0.72962947 -0.13778984
-0.65566119 0.41820012 0.26372313
-0.61472872 0.22651017 0.41524291
0.13422999 0.93861495 -0.86462812
-0.67514548 0.18913136 0.56174059
0.90832442 -0.98571737 0.2374851
0.94182036 -0.57841388 -0.18362742
-0.48749916 -0.22171316 0.9234206
0.62494622 0.46992123 -0.87086494
0.93167318 -0.30411539 -0.42312558
-0.03399095 -0.76819651 0.99759773
0.94580845 -0.06149656 -0.87756935
0.25373789 -0.89119207 0.73464225
-0.78684593 0.58789926 0.21850625
0.13021598 -0.80385949 0.85879712
0.0220447 -0.59321354 0.77365242
0.50367673 -0.93650284 0.50430688
0.50219014 -0.92683866 0.52401424
0.09765097 0.54654468 -0.61297208
0.32518852 0.71835835 -0.85314882
0.32326108 -0.99108861 0.69905326
0.29993862 0.45670021 -0.56585529
-0.15250781 -0.4921005 0.64823481
-0.70741423 0.20251017 0.63383063
0.04527642 -0.66292491 0.76262614
0.64949506 0.47519867 -0.88437665
-0.3293187 0.66023597 -0.29481332
-0.61594671 0.90796443 -0.04583685
0.66800326 -0.26033482 -0.40760454
-0.95835076 0.74008254 0.33247177
0.87260314 0.04255468 -0.88568556
0.23978851 -0.57278818 0.34485069
0.76984089 -0.76797802 0.08904537
-0.54659041 0.34900905 0.23200569
-0.6335414 0.12726763 0.52448595
0.70115318 -0.55359556 -0.00189883
-0.57541335 0.35727704 0.22494773
-0.26890311 -0.35615661 0.70236577
-0.19747451 0.59156988 -0.24485936
-0.43342804 0.69636691 -0.17146257
0.39657722 -0.88552684 0.71865503
-0.63960737 0.53301253 0.11218465
0.49477488 -0.64396804 0.19864693
0.15549002 -0.6956247 0.72812739
0.13749364 0.90463446 -0.90800773
0.41025302 0.34731552 -0.55553778
-0.07943263 0.79802938 -0.68924332
0.33475775 -0.47959593 0.21170006
0.13181379 0.83160913 -0.74693737
0.26455974 0.44711932 -0.64524797
0.79257893 -0.71389883 0.23818858
-0.99517162 0.13936151 0.92232071
0.68489884 -0.45695946 -0.18259967
0.13416003 0.43088346 -0.51885777
-0.81930773 0.26466399 0.87273382
0.32224416 0.49625208 -0.68412888
0.51263867 -0.48914958 0.42036775
0.84187143 0.1548285 -0.93197528
0.30110089 0.19459355 -0.46573848
0.66635743 0.1855184 -0.56201238
-0.7389864 0.29960627 0.70942411
-0.34863815 0.35290527 0.04770781
-0.27677163 -0.3846667 0.92555978
-0.84489826 0.14335102 0.93604581
0.70017139 0.2507257 -0.83822354
-0.49557595 0.63462993 -0.10850032
-0.8739397 0.04418255 0.93501564
0.68739895 -0.0670084 -0.58720376
0.64768326 -0.1532959 -0.47077422
-0.04314873 -0.50131238 0.58899123
-0.28877181 0.10703213 0.22930687
0.57698429 -0.19569164 -0.2724248
-0.16366538 0.8258387 -0.48183097
-0.84486424 0.05757329 0.8432232
0.9330578 -0.40017263 -0.35786978
0.84331583 0.04051819 -0.66154284
0.95865942 0.11874758 -0.97295743
0.71663279 -0.02459625 -0.64550515
-0.82948601 0.98284938 -0.0068179
-0.73559815 0.66224836 0.37758236
-0.32112579 -0.38165883 0.77261947
-0.92000291 0.85212477 0.13885939
-0.23023779 -0.37692767 0.90566946
-0.87669687 0.11040402 0.87576074
-0.41552578 0.74311078 -0.25188835
-0.68967223 0.74552985 0.1312904
0.7524307 -0.49459302 -0.23601941
-0.19134491 -0.23198427 0.42764342
-0.94217129 0.34732311 0.75885768
-0.48327625 -0.34810828 0.85968061
-0.88712155 0.06176462 0.91474652
0.15550218 0.58723078 -0.71837452
0.43920787 -0.94443485 0.99808321
-0.33973854 -0.16942339 0.51177592
-0.40445347 -0.14533974 0.56375395
0.57175581 -0.27187942 -0.29894117
0.49633304 -0.24241714 -0.1495455
-0.25829657 0.21357037 0.05854748
-0.79368618 0.3091037 0.64471442
0.40573255 -0.17913315 -0.19295942
-0.46246476 0.98192089 -0.49252788
0.89005812 -0.46381906 -0.27242305
0.52004247 -0.91577829 0.46874394
0.3457698 0.50089348 -0.84555821
0.15509796 -0.58689212 0.46452403
0.49246108 0.11357481 -0.53776299
0.18724112 -0.70736638 0.63208056
0.32326556 0.35338151 -0.67650973
-0.52039709 0.68686409 -0.12586733
0.98667104 0.23005826 -0.90063371
0.25829184 -0.57940518 0.46443217
-0.56135969 0.68491237 0.03773901
-0.21746365 0.16386489 0.15477828
-0.46154277 0.66175996 -0.18629594
0.52485734 -0.72424038 0.57146218
0.361556 -0.21526943 -0.05871643
0.12668523 -0.65090488 0.92534352
-0.41898089 -0.38639565 0.91787116
0.15368162 -0.07010706 -0.07078743
-0.46208111 0.95766517 -0.19180453
0.47621852 -0.09205698 -0.36357293
0.76033588 -0.81567072 0.17608508
-0.4291079 0.64265242 -0.02367012
0.62822793 -0.25142595 -0.37024671
-0.95560589 0.28704567 0.96585362
0.86627067 0.28075784 -0.94323031
0.00935045 0.85428858 -0.82247557
-0.20978651 0.78264478 -0.36694227
0.92888316 -0.68629693 0.01614018
0.18992695 -0.69750584 0.81040149
-0.23420767 -0.44541223 0.92106998
0.21990664 0.92004357 -0.87328617
0.77162354 0.03165964 -0.76103331
-0.69544476 0.31225065 0.42524995
0.85298046 -0.80373232 0.12578647
0.9482428 -0.19966987 -0.68289927
-0.89887168 0.53350382 0.42895718
-0.17876338 0.81919404 -0.38756252
-0.28929834 -0.16710803 0.8418288
0.30734826 -0.71432172 0.45226277
-0.81691594 0.8732999 -0.00932246
0.34070821 -0.28754751 0.06897917
0.22106085 0.83776098 -0.80259165
0.9652099 -0.21159899 -0.47190051
0.16146551 -0.82989834 0.68466329
0.4552656 0.30356207 -0.70019465
0.4201167 -0.76119476 0.35747729
0.46474641 0.11791987 -0.46384486
0.90106618 -0.83879477 0.41121605
-0.60359285 0.30661206 0.39464807
0.87370375 0.16509694 -0.66384913
-0.50522767 -0.13562157 0.96992539
-0.46276451 0.73139556 -0.04320246
0.97231859 -0.32949646 -0.46272992
0.80549119 -0.32541421 -0.41344732
-0.68786396 -0.21391292 0.97218935
0.76485669 -0.27736833 -0.38361491
-0.80184754 0.13220814 0.87763508
0.80130339 -0.38044071 -0.37119224
0.08514097 -0.74672759 0.81278109
0.23840596 -0.97016715 0.92834687
-0.06098167 0.79183621 -0.61638239
-0.31274267 0.92048488 -0.55961033
-0.6056203 0.67546085 -0.01609929
0.34513191 0.53074722 -0.77701201
-0.9237131 0.02119715 0.95712758
0.63850419 0.41280669 -0.94695389
0.7610456 -0.11426946 -0.61345424
-0.28122871 -0.58441368 0.91432801
-0.91078697 0.78980238 0.13537141
-0.23586476 0.00153446 0.30261686
-0.22772804 -0.15986355 0.78609994
-0.03965008 0.84223254 -0.61415569
0.06196987 -0.8065908 0.97777481
-0.20200128 -0.5805356 0.89987246
-0.38507761 0.79362918 -0.16841104
0.03762926 0.1213835 -0.15690778
-0.41566077 0.79120341 -0.30492239
0.42670852 -0.24202718 -0.1501381
0.81540825 -0.03763642 -0.77048919
-0.30189113 0.60824402 -0.24175712
-0.63654014 -0.17241114 0.81079109
-0.02203175 -0.61263912 0.68078298
-0.65004459 0.70929731 -0.05159141
-0.01949712 -0.34698965 0.39101648
0.8589527 -0.8765795 0.07943813
-0.69180591 0.17965964 0.53625739
0.63434879 -0.82890857 0.38102286
0.31457172 0.54690955 -0.85836314
0.52343496 -0.98776947 0.50793248
0.93437725 -0.07710038 -0.79191061
0.96518877 -0.30013864 -0.43126853
-0.57763524 0.93136607 -0.33960582
0.19788154 -0.45375314 0.28807344
-0.43755532 0.16364006 0.37363816
0.26646576 -0.03134426 -0.14487882
0.3588861 0.42882065 -0.65259588
0.22244012 0.63225991 -0.76863204
0.60074397 0.25743353 -0.82113231
-0.68521292 0.80696906 0.06000582
0.7958826 -0.60975104 -0.04226041
-0.8814701 0.83200349 0.17261375
-0.84575383 0.59471212 0.31692422
-0.67244626 0.93012194 -0.1870061
0.13567161 -0.94287351 0.95446108
0.3916636 -0.3936011 0.03771966
-0.1355548 0.85765921 -0.52668492
0.80967447 -0.73527906 -0.06865486
0.2443301 -0.83596659 0.96979734
0.17279853 0.3553954 -0.46306693
-0.3780682 -0.19445182 0.72765858
-0.81446259 -0.12474912 0.94561295
0.84337823 0.49097861 -0.95769239
0.21555727 0.18177999 -0.37814078
-0.57167276 0.72628764 -0.05755201
-0.40247154 0.80301072 -0.21122239
0.06573124 -0.40255557 0.49785098
0.24325498 0.23550789 -0.47427946
0.04476727 -0.96126215 0.92409196
0.04478718 -0.42639664 0.52796918
0.73474116 0.29980689 -0.89769553
0.72274119 0.00317464 -0.72285842
0.35312796 0.41629608 -0.75455865
-0.3419308 0.86225373 -0.34938513
-0.02390646 0.99895262 -0.64015669
-0.62198715 -0.25580245 0.95296577
0.16387355 -0.28567624 0.15344529
-0.6199563 0.07545297 0.6333746
0.43756773 0.35686642 -0.69155807
-0.19632177 -0.4549567 0.80598165
0.77992359 -0.50052124 -0.12976701
-0.67329015 0.64386983 0.24225029
-0.65769032 0.997503 -0.29084827
0.40279319 -0.95710736 0.8515035
0.19871722 0.57523475 -0.72333032
0.26529632 -0.97053635 0.76231561
0.61390915 0.12079694 -0.55840951
-0.78842064 0.98200578 -0.15089154
-0.20206282 -0.64395482 0.87883023
0.48159673 -0.5890769 0.20894507
-0.24195228 0.92966233 -0.64898639
0.94101259 -0.76006236 0.08423625
0.60438857 -0.75202403 0.19428937
0.49620704 -0.93106048 0.46539845
-0.96482336 0.63320537 0.46399716
0.73587657 0.32687889 -0.93615421
0.48629322 0.20252241 -0.60102553
-0.0724412 -0.55245594 0.80746545
0.02212419 -0.86412457 0.93310462
-0.5504976 0.77168116 0.04508655
0.3949021 -0.27644175 -0.07554188
-0.43845438 0.4636914 -0.01855907
0.81527061 -0.29081313 -0.3831522
0.68945386 0.15323855 -0.71265683
0.08024419 0.87845729 -0.8486282
-0.21230724 -0.77238911 0.99261917
0.03812304 0.53177951 -0.48416044
0.38794612 0.56413969 -0.78853251
0.47157246 0.36375688 -0.71657751
0.06483452 -0.69655243 0.77980964
-0.38774991 -0.50966731 0.93072651
0.52952815 0.48824423 -0.86019292
-0.66810125 0.76476223 -0.02699616
-0.91162844 0.11929884 0.83977156
-0.12866189 -0.37822151 0.51541894
-0.91589752 0.92818838 0.25184756
-0.10336544 0.94592411 -0.78401224
0.48874775 0.44289582 -0.88525803
-0.07216424 0.98226433 -0.75792786
-0.72924113 -0.17358984 0.91659563
0.24952419 0.66211854 -0.77961138
-0.44753808 0.0191836 0.52362729
0.11437318 0.44377728 -0.49679656
-0.32037678 -0.51389132 0.9591845
0.4870672 0.23365031 -0.61464431
0.23028836 -0.57187932 0.49077108
0.04751262 0.61167245 -0.61578289
0.75039792 -0.3897501 -0.12014246
0.74815772 -0.84376659 0.40946303
0.55227482 0.2570658 -0.75141322
0.36605323 0.62885504 -0.76766428
-0.78586854 0.13474578 0.66324692
-0.20151991 0.98847707 -0.72902068
0.97391693 -0.84507076 -0.10607613
-0.47199245 0.53413945 -0.03313659
0.87765526 -0.16257782 -0.65225508
-0.67006716 0.51987935 0.18856098
-0.95945668 0.93518387 0.15527539
0.32102133 -0.84358799 0.58452096
-0.84747002 0.28233363 0.62253582
-0.57588242 0.14091408 0.46765306
0.47698869 -0.57687255 0.10264308
0.57453877 0.36084963 -0.66168351
-0.09477325 0.98504918 -0.58198472
0.97015929 -0.85192099 -0.08013636
-0.84344611 0.42206936 0.51722451
-0.01063543 -0.52417165 0.61972146
0.99308112 -0.26639133 -0.65562421
0.76563254 -0.50319937 -0.21658219
0.99461012 -0.63588605 -0.05255837
0.73999606 -0.88637422 0.18913346
-0.98996656 0.28482912 0.7081797
-0.96936942 0.7060511 0.38867801
0.45921759 -0.69636919 0.56945944
-0.09015527 0.0661303 0.03227266
0.06400877 -0.7822375 0.7598405
0.12777839 0.3813066 -0.42971605
0.0771122 -0.47068 0.5631473
-0.55033466 0.91974164 -0.23271363
-0.50717924 0.47825626 0.0545577
-0.99614471 0.64304227 0.41595377
0.43730831 -0.99525206 0.56382728
0.59264318 0.54480915 -0.98795833
0.52834159 -0.64983058 0.1318396
-0.67814699 0.54864809 0.24146649
-0.9022753 0.61060285 0.30622906
0.50686066 -0.274206 -0.21723027
0.71146195 -0.19724909 -0.39016903
0.80237574 -0.03143509 -0.44877208
0.25514558 -0.10859915 -0.13736553
0.6652715 0.0562642 -0.57771048
-0.86269531 0.68701719 0.2702792
-0.25957738 0.26000621 0.00214643
0.52011228 -0.00933912 -0.40268752
-0.51885435 0.55179711 -0.01155871
-0.80766156 0.74624508 0.25274272
-0.15246679 -0.38767765 0.82423548
0.79304973 -0.85299391 0.11894903
-0.1336296 0.68157707 -0.49971871
0.29314064 0.05616231 -0.2571502
0.26220564 -0.9300968 0.74548068
-0.63252745 0.50576134 0.51821363
-0.84483614 0.9398479 0.16544274
0.97488143 -0.48031695 -0.44921579
0.0297388 -0.66398278 0.69683718
0.62751365 -0.31408474 -0.13920844
-0.6797894 0.24034083 0.54893031
-0.28853204 0.47306996 -0.1039009
-0.64405466 0.19592573 0.7143287
0.56908436 0.42808082 -0.90408274
-0.71961165 -0.10914435 0.94270435
-0.28560825 -0.37811627 0.92261918
-0.1660659 0.73033577 -0.46554568
-0.6181244 0.27756099 0.36873215
0.25078997 0.62684698 -0.78770248
-0.60562367 0.99184007 -0.1333816
0.84623947 0.20286442 -0.93504336
0.48528442 -0.05881868 -0.31927358
-0.05045883 -0.62536926 0.79894077
0.94989825 -0.3666052 -0.36872747
-0.96644876 0.5250094 0.45319745
0.378122 -0.91363526 0.581156
-0.67222354 0.93932732 0.17718137
0.10970641 -0.04996276 -0.05539322
0.95214495 -0.36848613 -0.55224011
-0.02945424 -0.5905008 0.83591624
-0.87811079 0.32366573 0.69656281
0.24759751 0.87717665 -0.90033259
-0.91090641 0.76812673 0.20080386
0.03913227 0.62134594 -0.58845524
0.75863598 -0.04271878 -0.69721525
0.47474521 -0.960537 0.55842692
-0.31250998 0.55827288 -0.18820431
-0.9513904 0.85699562 0.13250293
0.58674198 -0.12185166 -0.43793399
0.2342275 -0.79619659 0.60877956
-0.8769368 0.43255263 0.62909816
0.37107859 0.55950292 -0.77089799
-0.30767431 -0.02912369 0.4293994
0.61964666 -0.20873872 -0.31536498
0.48577126 0.66180269 -0.98404534
0.31946386 -0.64181156 0.37721506
0.33484639 0.31231262 -0.52629784
-0.62994711 0.27171198 0.36329521
-0.32881445 -0.29738976 0.64268416
0.03782443 -0.54871368 0.61715294
-0.82516895 0.66434857 0.31301031
0.60614326 -0.73811401 0.13804323
0.37994031 -0.9280497 0.84133135
0.58180064 0.16410084 -0.73218874
-0.05380812 -0.61752947 0.77953769
-0.23335838 0.51266267 -0.22124096
-0.44769333 0.61507071 -0.15279959
0.44626844 -0.91590788 0.59626199
0.81832801 0.34260322 -0.90118723
0.9371511 -0.94797338 0.62519411
-0.07810617 -0.48202265 0.79657979
-0.64396926 0.21405038 0.52984533
-0.01972825 0.38014244 -0.32298131
-0.34724706 0.51677405 -0.10785168
-0.63108996 -0.04411505 0.85867913
-0.07914309 -0.83118679 0.91694283
0.28906332 -0.19610033 -0.088415
0.70454898 -0.99844272 0.46167302
-0.82465485 0.36816305 0.45787215
-0.0274376 0.58462206 -0.44092955
0.28423806 0.47723952 -0.7456296
-0.40712289 0.97133675 -0.38946031
0.85637024 -0.42532146 -0.24812813
0.33261217 -0.31783113 0.08555442
-0.33129291 -0.53007926 0.93767984
-0.829293 0.24057324 0.81147085
0.28386649 0.25344099 -0.50298483
-0.02786107 0.89845315 -0.78675512
-0.51891544 0.39348752 0.28839565
-0.34201981 0.75341808 -0.34430911
-0.04360313 -0.46440758 0.55364076
-0.31011063 0.63471538 -0.22485286
-0.07234736 0.31895258 -0.23283793
-0.78885859 0.8600648 -0.02652561
-0.18149494 -0.36498378 0.5916892
0.41031618 0.35471319 -0.7369087
0.00821554 0.9854149 -0.98245195
0.05627363 -0.79384467 0.8320711
-0.7330615 0.15024791 0.613707
0.84453924 -0.06749425 -0.71719
0.23509673 -0.79786784 0.60317769
0.29549992 0.81245233 -0.78915709
0.4113878 0.2419509 -0.57634766
-0.96349035 0.47770612 0.50129978
0.9093915 -0.55960174 -0.332226
0.22368479 0.79070848 -0.85975827
0.89394008 -0.49400411 -0.33747045
0.96507638 -0.4826558 -0.34051009
0.54341357 -0.58240413 0.25788365
0.18426143 -0.83263895 0.71586915
-0.05752324 -0.86647945 0.94449165
0.15027893 0.8729327 -0.96922528
0.17939251 -0.4311717 0.55685086
0.51959302 -0.08636213 -0.31596822
-0.26147967 0.37361311 -0.05038876
0.2086674 -0.49510562 0.46097494
-0.94677083 0.97162366 0.12144632
0.25936048 -0.75446992 0.56081771
0.9543298 -0.33424342 -0.56382105
-0.06637186 0.77062638 -0.65055001
0.47374584 0.12705424 -0.53084029
-0.98829878 0.91340409 0.10547922
-0.74550525 0.44955592 0.42112366
-0.86405653 0.11855479 0.82594721
-0.96860494 0.34445281 0.69414584
-0.08700763 0.77269636 -0.57870051
0.90606346 -0.62925576 -0.22378709
-0.38519198 -0.27270374 0.72759697
0.67192582 -0.02179016 -0.57300046
0.14085238 -0.36290567 0.23903685
0.39203005 -0.53967986 0.18257968
-0.17506863 0.67001677 -0.47771725
-0.70937984 0.22912088 0.54208006
0.31153644 -0.17978011 -0.04771819
-0.13596322 -0.62506823 0.89272189
-0.50230806 0.93856497 -0.36149751
-0.56700183 0.58298208 0.08494168
0.299337 0.12676878 -0.36042997
0.43494363 -0.56401534 0.16343605
0.17402572 -0.55404413 0.41008959
0.60491208 0.21303041 -0.76857522
0.50913584 0.01973613 -0.51361749
0.87408515 -0.89027582 0.36387609
0.4218206 0.60631533 -0.87681949
0.04076377 -0.62238429 0.82750908
0.78128931 0.0105688 -0.73804213
-0.84971066 0.89066717 0.03551793
0.73569398 -0.98616153 0.27860845
-0.88080143 0.37589972 0.5985775
-0.4643455 0.80918733 -0.33014904
-0.35572857 0.89121692 -0.48678066
0.48824367 -0.34795875 -0.1003549
0.68845888 -0.22777308 -0.33730098
-0.44710179 0.04591575 0.67621365
0.35849302 -0.89794104 0.63542675
-0.9185466 0.84932925 0.12014078
-0.76160093 0.20194639 0.6610795
-0.55556162 -0.05127097 0.80925555
0.18622494 -0.93492615 0.8384304
-0.23168203 0.91327765 -0.62195273
0.86569036 -0.91727202 0.34024092
0.81843923 -0.39317711 -0.25988338
0.18621446 0.44029784 -0.4860173
0.0526968 0.55815684 -0.54966216
0.69688596 -0.07617874 -0.51680489
0.93285929 -0.99883226 0.09017412
-0.85782306 0.65979328 0.24978708
0.12070335 -0.52624976 0.4735115
-0.01755466 -0.17840994 0.26869961
-0.89992825 0.20877801 0.92938375
-0.98701183 0.63871212 0.64856983
-0.35422546 0.19049379 0.17794812
0.31963731 0.08291085 -0.35768489
-0.71656531 0.50317882 0.31081615
0.79298762 -0.00608688 -0.6008834
0.15940568 0.08661885 -0.21337804
0.57095919 -0.99449431 0.5445199
-0.12722619 -0.12313862 0.25294972
0.65651375 -0.75874021 0.70101674
-0.68706486 0.59320906 0.19524727
0.10509401 -0.62645746 0.67598717
-0.22253869 0.69915336 -0.41664687
0.83738531 -0.99048166 0.44155721
0.747109 0.1989955 -0.91176415
0.56124398 0.22983709 -0.68628426
-0.02412522 0.98003603 -0.81897444
0.33327564 -0.63789262 0.3988297
0.83634237 -0.41225362 -0.18700354
-0.39690831 -0.23013575 0.65242421
0.98556869 -0.29668386 -0.64923518
0.72991055 -0.59951539 -0.05520353
-0.56454156 -0.18081365 0.76633724
0.9778136 -0.7856694 -0.14475995
0.6928644 -0.68591485 0.29804085
0.81465899 0.03538201 -0.73822305
-0.69468839 0.34129505 0.35350749
-0.17337568 0.86600153 -0.41719084
0.29030071 -0.77679931 0.62876109
-0.05109435 0.84293643 -0.65141362
-0.31054277 0.81930995 -0.50017989
0.09688683 -0.65438797 0.731026
0.65492587 -0.92454073 0.5194717
0.91042607 0.08811763 -0.73995598
-0.53133695 0.16248155 0.48051921
-0.36075699 0.7018839 -0.23171839
0.25089938 0.1801574 -0.37325137
0.79758206 -0.27141157 -0.37917898
0.60351167 -0.57303497 0.11662152
-0.05905568 -0.86781819 0.95181041
0.49900188 0.39836397 -0.87804543
-0.44635159 -0.42796839 0.96515379
0.48067448 0.11482524 -0.58426024
0.96608831 -0.04125385 -0.61331965
-0.89079177 0.5015022 0.50114413
0.27258083 -0.94000332 0.80705135
0.81557079 -0.71781526 0.00768378
0.95311239 -0.92593846 0.19665256
-0.44282539 0.62731549 -0.12958569
-0.3981659 -0.06661803 0.47759471
-0.02336742 0.78932845 -0.57593505
0.46372519 0.32469168 -0.72649852
-0.27903833 -0.41956783 0.70937743
0.00960667 -0.71250202 0.73066261
0.74389736 -0.63006451 -0.0801364
0.29016113 -0.56084085 0.28022897
0.91603229 0.07350979 -0.9201211
0.04312612 0.94968134 -0.96426268
0.92972223 -0.77996525 0.04001168
0.09554918 -0.83945185 0.8408443
0.39788332 -0.50152195 0.13494644
-0.55671155 -0.38393837 0.9807033
-0.80077046 0.38260551 0.89119707
0.55209906 -0.49866115 -0.04472546
0.45794 -0.97139135 0.76435874
-0.32737244 -0.30420068 0.91021745
0.78016995 -0.4986279 -0.22745583
-0.67452106 0.58871519 0.15710952
0.74343422 -0.50273749 -0.20940681
-0.85569833 -0.01952989 0.96647745
-0.57823988 0.82845423 -0.17472872
0.44126551 -0.58846543 0.24991339
0.02368023 -0.78155281 0.85779835
0.80419173 -0.8346163 0.22792639
-0.75408593 0.88764077 -0.1040997
-0.92674242 0.7285818 0.25229826
0.51700641 0.22184406 -0.72308947
0.53548421 -0.90491846 0.40527393
0.42833644 0.78527863 -0.9920307
-0.58940836 0.18141767 0.41038861
0.47386352 -0.51207038 0.05396889
0.410703 0.89524111 -0.9607287
-0.71267527 -0.21810042 0.94676549
-0.68542868 0.14111458 0.56216569
-0.75326188 0.02992297 0.80419596
-0.33758231 -0.40849263 0.75198763
0.59922294 0.2833753 -0.7306729
-0.88458405 0.08974566 0.80807386
0.27529526 0.21501782 -0.41625308
0.19008908 -0.82131478 0.67265911
0.95135601 -0.10789937 -0.82158742
0.50192712 0.27960754 -0.73119521
-0.33900306 -0.43900139 0.89882272
0.28712792 0.26963852 -0.50367501
-0.15137905 -0.52901269 0.7911498
0.02744352 0.72843957 -0.48182504
0.30265269 -0.44840059 0.1608554
-0.54474254 0.63541034 -0.08061534
0.90232885 0.15849302 -0.83005794
0.86150407 -0.97411894 0.28389695
0.16098562 0.80103039 -0.92838207
-0.84629538 0.28537621 0.70828181
-0.44849683 0.76492093 -0.2535596
0.08799318 -0.32711345 0.313628
0.03532833 0.87205731 -0.7384838
0.2021334 0.75260526 -0.86514659
0.59913396 0.35099347 -0.76801384
-0.06240304 -0.53268661 0.60661613
-0.20761757 0.45372193 -0.2042593
-0.18396682 -0.04125028 0.31605565
-0.8447399 0.0909138 0.85955492
0.60345995 -0.68137643 0.13571344
0.3455481 -0.77127254 0.478271
-0.34718396 0.43368018 -0.04177517
0.97354025 -0.71198297 -0.10455916
-0.46336969 0.78693296 -0.01392673
-0.2846775 -0.42672812 0.82368454
0.37796023 -0.36165711 0.04757437
-0.14964253 -0.19649523 0.36407693
0.55889671 -0.98828889 0.56629231
0.54942275 -0.81036921 0.52013028
-0.93675525 0.20204332 0.73771632
-0.49234126 0.53584262 -0.04349116
-0.67730044 -0.17845758 0.87301119
-0.62205799 -0.28689694 0.96974375
-0.77817615 0.60473924 0.17830464
0.07704114 0.92448496 -0.92249728
-0.95999862 0.31581306 0.99451635
-0.25220299 -0.46835129 0.82433545
0.76124813 0.30794477 -0.97597258
0.85562768 -0.63319056 -0.06083405
-0.60291466 -0.27338626 0.98585755
-0.8197542 -0.06468708 0.91069613
0.23887009 0.87857794 -0.89226832
0.21795747 0.14577227 -0.36310251
-0.66806837 0.31279024 0.59125603
0.45923323 -0.73396669 0.4217002
-0.5929031 -0.28905796 0.95527627
0.37267869 -0.92617901 0.79966302
0.24912756 -0.80196151 0.71300804
0.19574354 -0.80639988 0.66116486
-0.46683948 0.84232386 -0.30087126
-0.56826897 0.45087364 0.18387599
-4.90302072e-01 6.60574410e-01 -3.05056081e-04
0.30880237 -0.46372812 0.29667213
0.62718216 0.13249374 -0.72263147
-0.10910326 -0.21393745 0.41168171
-0.87359482 0.40967113 0.48626523
0.6138592 -0.65973043 0.08387393
0.9807935 -0.56931316 -0.39329429
0.58590427 0.37655327 -0.83742418
-0.9069046 0.45614939 0.46128571
-0.18808496 0.88062667 -0.58286988
0.64147715 0.50097203 -0.87904248
-0.15230207 -0.22561421 0.42845519
0.24481719 -0.2663536 0.09423259
0.09834919 0.11454503 -0.2034616
0.58837522 0.22442579 -0.73903592
0.47865184 -0.9842381 0.58525545
0.51174309 -0.88983624 0.44907138
0.88029042 -0.36161412 -0.47950862
0.14228421 -0.49726205 0.82639316
-0.73524246 0.06000341 0.89612647
0.68545105 -0.34522179 -0.29847305
0.85691293 -0.6070297 -0.1133486
0.5952555 0.62632136 -0.72124135
0.98681741 0.07139085 -0.81016024
0.75442439 -0.79061394 0.18072436
0.25071736 -0.53763005 0.31271313
-0.38438067 0.84091321 -0.09032476
0.2786719 -0.11662621 -0.16174971
-0.79933268 0.38082236 0.47238971
-0.83120932 -0.07055866 0.91988291
0.22460042 0.71445659 -0.90344823
-0.72594499 0.65222417 0.10031198
0.00196492 -0.60317617 0.75207847
-0.01854144 -0.88942725 0.96178432
0.27371779 0.75834581 -0.84691567
-0.98706185 0.67576534 0.44940792
0.40599608 0.61683165 -0.98840427
0.86303226 -0.17873382 -0.41268683
0.65448988 0.50741312 -0.91809976
0.59007954 -0.86735101 0.40122943
0.16267181 -0.69377754 0.54306876
-0.36329977 0.94804762 -0.51652618
0.45408546 -0.51142886 0.05751553
0.31372086 -0.152832 -0.10201065
0.69621504 -0.83989393 0.14671343
-0.94850287 0.84585405 0.26910982
0.01178059 -0.7204829 0.72795284
0.42823178 0.35888174 -0.78673302
-0.2627641 0.50123767 -0.18290552
-0.01491906 -0.51002606 0.78668678
0.0758701 -0.97440597 0.89927095
-0.35910234 -0.30241977 0.78962182
0.86663708 -0.51109159 -0.23060564
-0.56939792 -0.22550258 0.96494855
0.60847522 -0.0228451 -0.51475309
-0.77364639 0.78687654 0.0469378
-0.16440319 0.91129317 -0.64804298
-0.21459603 -0.58202753 0.98824963
0.95843834 -0.98114706 0.47543485
0.91794084 -0.61913914 -0.09560586
-0.6942178 0.7621559 -0.04815327
-0.62577498 0.45730313 0.18524682
-1.14235753e-04 -2.95691275e-01 4.69583572e-01
0.61271193 0.27527288 -0.83377417
-0.23727696 0.49514142 -0.19702606
-0.99558744 0.5677956 0.85829239
0.06655393 -0.71105737 0.66930064
0.29109575 -0.65134899 0.67878335
3.45695296e-01 -2.90211377e-01 -2.13291981e-04
0.35555712 -0.11019574 -0.2245096
-0.90077767 0.08716644 0.86588237
-0.8447839 0.71844451 0.23140226
-0.33996409 0.19961487 0.20424523
-0.84878738 0.19056415 0.68165963
0.67003457 -0.01988471 -0.5118237
0.6271361 0.35289883 -0.89730015
0.96324478 -0.92482714 0.13068607
0.96349134 -0.3357871 -0.61400548
0.02590098 -0.7047567 0.86130368
-0.15132396 0.44316018 -0.2251217
0.95869478 -0.68069955 -0.14028659
0.31590761 0.55250802 -0.71798721
-0.20238545 0.23689958 -0.01209404
-0.36986231 0.39795326 0.04043304
0.43518306 -0.74902473 0.33952551
-0.71195256 0.82121372 0.10920901
-0.35413496 0.94567773 -0.54802164
0.67309945 -0.93505801 0.44226395
0.30575353 -0.70342176 0.40082064
-0.02480627 -0.49164451 0.78541618
0.57649285 -0.65363243 0.11905299
0.9898928 -0.36187574 -0.59100316
0.63939679 -0.28356078 -0.3228675
0.88706669 -0.93614811 0.0722182
0.08386989 0.44718247 -0.48149795
0.16960552 -0.31324032 0.19115403
0.05634601 -0.43270289 0.47302145
0.44213581 -0.79179907 0.48703371
-0.14662165 0.42081944 -0.26786059
-0.27708966 -0.06687598 0.39279574
0.67964111 -0.76964362 0.43905192
0.50941357 -0.88586512 0.67996884
-0.60102448 0.09556684 0.71937973
-0.18315867 0.87772704 -0.42196502
-0.61056317 0.07753427 0.57821211
-0.19135983 -0.22418682 0.45257836
0.74743285 -0.77099235 0.21797639
0.97472933 -0.89966698 0.16102769
-0.53861669 -0.34167744 0.90893352
0.49774324 -0.98456476 0.71900378
0.79882978 0.15632814 -0.92560086
-0.37943208 0.74523542 -0.32965069
-0.49852657 -0.041212 0.58027022
-0.85775415 0.95588084 0.12205223
-0.4988391 -0.27266977 0.95044124
0.82966815 -0.32075471 -0.45594649
-0.85610208 0.18229548 0.95656559
-0.00080537 0.09529621 -0.09421033
0.03881564 -0.9980857 0.99884586
0.20529649 -0.83240972 0.74181862
-0.67842916 0.15199484 0.91236057
0.27624378 0.39348436 -0.63988917
-0.5384295 -0.31262827 0.9644439
0.36565853 -0.9395112 0.77829729
0.03402468 0.77363253 -0.74556284
0.46630967 -0.80225624 0.42316076
0.94363519 -0.00095664 -0.89125072
-0.23909493 0.55763522 -0.24623416
-0.87118773 0.48088634 0.49472026
0.96686706 0.02907121 -0.98416368
-0.3533205 -0.37218066 0.79229562
0.40126381 -0.97425121 0.61157421
0.18914304 -0.26843105 0.13899374
0.36615671 -0.9780468 0.84794308
-0.61902954 0.29181965 0.56131497
-0.29097576 -0.35618018 0.77212793
0.51759798 -0.8278922 0.57307954
0.01296721 -0.81343182 0.8054784
-0.09688017 0.76945119 -0.55060993
0.04893804 0.41555993 -0.44446575
0.11636368 0.73893209 -0.70082234
0.5267451 0.47286344 -0.86492303
-0.24219863 -0.14561561 0.50304647
0.54233776 -0.878849 0.76116984
0.33588303 -0.85369546 0.52762179
0.78165748 0.09632682 -0.81003926
0.64013441 -0.58967339 0.08618803
-0.41527821 0.84770393 -0.43024268
-0.60772907 0.9668576 -0.31532046
0.77588197 -0.00517996 -0.64188044
0.76813681 -0.89303857 0.18579502
-0.44209243 0.25377207 0.21344721
0.60402587 0.15909643 -0.70888215
0.35490328 -0.56433137 0.48333008
0.59856964 -0.64503157 0.09580057
0.42559785 -0.96698154 0.76101754
-0.78218754 0.49589276 0.43304484
0.7345329 -0.38264873 -0.31006418
0.31285475 0.4940379 -0.77463706
-0.37254279 0.42748585 0.00057235
0.22375494 0.56528275 -0.73175039
-0.41131127 0.84341972 -0.41495571
-0.72276259 0.05284831 0.85624738
0.44707341 -0.39031403 0.07120689
0.78069432 -0.6273181 -0.02200984
0.14605896 -0.97696643 0.97021632
0.51435105 -0.96498208 0.46855661
-0.76629922 0.35695416 0.45477273
-0.35593767 0.26723022 0.17691593
0.4247417 0.54566732 -0.9434564
0.86473723 -0.08510693 -0.48521513
-0.19179216 0.61504145 -0.40901206
0.00403864 -0.55904258 0.72779202
0.52266041 0.06508591 -0.52952848
0.63960303 -0.99009108 0.36664742
0.0877428 0.66870005 -0.64600734
-0.05727432 -0.47939834 0.56971879
-0.28183963 0.34614938 -0.02506516
-0.88320375 0.61368671 0.43747329
0.49011277 0.17073336 -0.54675592
-0.12342278 -0.46884955 0.66694821
-0.85839306 0.6572185 0.2747885
0.61296434 -0.33651642 -0.25711243
0.8582686 -0.97254189 0.147419
-0.91371391 0.92202908 0.33408221
0.61510173 -0.37825328 -0.18958341
0.75408568 -0.39729887 -0.27963313
-0.18864462 -0.4949492 0.75083885
-0.23480296 0.22597134 0.01985318
-0.50996285 -0.17674113 0.68680635
0.60481656 -0.83699961 0.40267263
-0.25155947 0.86507066 -0.5446578
-0.51284104 0.93677596 -0.33247821
-0.12191369 -0.55283358 0.80868381
-0.9707849 0.52843338 0.64612639
-0.30284163 -0.30292143 0.60986481
0.57948785 -0.95437433 0.55166775
-0.48151874 -0.05327054 0.63255298
-0.95038531 0.96436309 -0.00395361
0.82366521 0.05700315 -0.78235652
-0.46140372 0.62607 -0.03918791
0.11868524 0.44164993 -0.50687853
0.22379826 0.63437266 -0.78909461
-0.47935174 0.69614231 0.11961939
0.90094326 -0.1967804 -0.6694037
-0.4534847 0.21657495 0.23828626
-0.67780221 0.02371799 0.72720014
-0.28216388 0.56358911 -0.24249518
0.61236316 -0.31477416 -0.24342735
-0.44608767 0.21794144 0.28214354
0.22315579 0.48466218 -0.69289292
0.04441824 -0.77894419 0.87416591
-0.39811799 0.9880739 -0.50779616
-0.59706995 0.06866679 0.5345336
0.49175803 0.72534625 -0.90655188
0.64214078 -0.3000281 -0.17246065
0.71581314 -0.28881408 -0.38608191
-0.39215294 -0.44477677 0.87185291
-0.87899341 -0.01641008 0.91785535
0.08218111 -0.60809827 0.53264501
0.45539703 -0.0926829 -0.31739597
0.61631876 0.38465848 -0.90875311
-0.76399357 0.18084318 0.69737889
0.83002473 -0.78456517 -0.01471381
0.87915179 -0.80224183 0.11733828
-0.1311309 0.44532243 -0.23268444
0.76842646 0.19541322 -0.89148681
-0.92207391 0.36139013 0.8613219
-0.72716731 0.71376691 0.05442593
0.83579504 -0.68094533 -0.12428683
-0.18938142 -0.28978549 0.58049421
0.78686071 0.37454519 -0.92000136
0.87396543 0.15267628 -0.93261377
-0.82497942 0.49614058 0.47336957
0.00270947 -0.98658857 0.99226171
0.77679273 -0.90392363 0.15122712
-0.47465797 0.37820886 0.13504756
-0.23966462 0.87573278 -0.4501942
0.4098305 0.74449752 -0.96968908
-0.01542377 0.60779461 -0.54229539
0.20683754 -0.66144795 0.62550579
-0.32957158 0.91649422 -0.37354175
0.0287273 0.27259387 -0.29367493
0.36827062 -0.55857468 0.2049141
-0.95935361 0.9316263 0.6152487
0.24853864 -0.62968599 0.61761636
0.43006318 -0.5225967 0.111477
-0.1573174 0.74852602 -0.53320331
0.86330313 -0.34748805 -0.3343699
0.62551165 -0.79482762 0.18597136
-0.90534311 0.43516396 0.6746006
-0.88028723 0.82718577 0.08032633
0.08510725 -0.6038218 0.56679905
-0.32198052 -0.2103289 0.67941669
0.59605479 -0.81603836 0.34609667
-0.95926776 0.46711018 0.52816004
-0.65373904 0.98690321 -0.19107725
-0.96483394 0.75535628 0.29928163
-0.87359501 0.79843474 0.18628698
0.20602654 -0.98041554 0.9230873
0.88309126 -0.88283873 0.08051374
-0.954118 0.47895525 0.70659464
-0.03134986 0.9633312 -0.83691223
0.52777604 0.28810732 -0.60033773
0.98744206 -0.59059574 -0.29795207
-0.16989646 0.62149282 -0.45084819
-0.54796879 0.60163106 0.00820815
-0.2693808 0.09084486 0.23761756
-0.55250305 0.82536948 -0.21595663
0.95869299 -0.40233937 -0.47057322
0.21344022 0.74044704 -0.81804354
-0.04428948 0.69715487 -0.61983164
0.39046319 0.52179603 -0.78650129
0.85684782 -0.84509819 0.19659036
-0.28402098 0.90031929 -0.42262012
-0.97258694 0.85721103 0.33597022
-0.95828916 0.16771551 0.93009867
-0.67488542 0.93125497 -0.16432045
-0.74428675 -0.03381566 0.87718875
-0.78148639 0.08860546 0.73451484
-0.14715414 0.74290132 -0.39676421
0.51012974 -0.64729976 0.23622044
0.44732871 0.50106223 -0.9310615
-0.28234123 -0.2350875 0.74170742
0.61561674 -0.85175795 0.30440085
0.05915093 -0.7890084 0.75604687
-0.72034448 0.96085385 -0.17496667
0.75398057 -0.41780286 -0.2051436
0.43200554 0.70568545 -0.99962106
-0.77684919 0.97890927 0.20004457
0.05815466 -0.86304338 0.86148745
-0.65182193 0.75595786 -0.02327963
0.17302221 -0.92542628 0.77019923
-0.96560222 0.65146921 0.45792184
0.89748406 -0.4222392 -0.3616767
-0.62056125 0.17548999 0.52017207
0.01016458 -0.88480955 0.88414548
0.64130096 -0.47950181 -0.09484825
-0.03235816 -0.67402878 0.81440235
-0.80764311 0.25904941 0.56243254
0.46062083 -0.37333419 -0.03141928
-0.67380025 0.67245282 0.02333825
-0.54060037 0.92818099 -0.28772834
0.30106119 -0.48439907 0.32579963
0.26205372 -0.62289858 0.52567724
-0.45242699 -0.35940062 0.83367255
0.25816552 -0.73628223 0.62998659
-0.98349824 0.755712 0.24170872
-0.24924095 -0.21123642 0.52644737
-0.71391534 0.61035579 0.27931055
0.00345892 0.71934517 -0.66093534
-0.02785353 -0.1873906 0.3233708
-0.22305896 -0.47345553 0.94010081
0.75551081 -0.19119641 -0.48915831
0.57122722 -0.64921029 0.16607016
-0.29187963 -0.09340124 0.4069246
-0.60735003 0.25389812 0.46294693
-0.85574148 0.86380571 0.08133515
-0.20117688 0.07495017 0.13367996
0.85277369 -0.28270559 -0.35960965
0.2382233 0.74222643 -0.72032153
-0.88739739 0.06430687 0.84710897
-0.78820579 0.68806694 0.1263909
0.47197054 0.27516792 -0.57901197
-0.44912244 0.34796901 0.10421051
0.01817193 0.47694661 -0.36579348
0.73249984 -0.9309992 0.26702465
0.14743171 -0.73612916 0.71082471
-0.65052139 0.05922141 0.63025519
0.44588061 0.50806634 -0.93218197
0.31220336 -0.60643824 0.38155623
0.97253219 -0.52336113 -0.43081743
-0.19298105 0.54756062 -0.34476035
0.39725067 -0.13172568 -0.23492316
-0.92090138 0.66385938 0.28581362
0.49666364 -0.04681449 -0.446298
0.66935706 -0.06766967 -0.52733506
0.77808827 -0.81612766 0.08961975
0.82958533 -0.75800532 -0.02355774
-0.71397271 0.65095892 0.4153097
-0.48213841 0.3219202 0.24701204
0.50858695 0.45559226 -0.77362247
0.13349528 0.84075206 -0.96985057
0.77888343 -0.69183801 -0.00626608
-0.29087351 -0.64584824 0.98599045
0.34485394 0.59610418 -0.9277394
0.86353389 -0.24169677 -0.45836792
0.98772602 -0.94160404 0.0551047
0.49316072 -0.78850742 0.34077763
-0.37992983 -0.11797417 0.51925157
0.53089244 -0.78684559 0.40719075
-0.75753521 0.63606396 0.21423794
0.85363424 -0.6976206 -0.05010355
-0.66768777 0.14882379 0.62110289
0.69136494 0.53060591 -0.87866568
0.37572392 -0.54943287 0.24185068
-0.86502074 -0.00842223 0.92432815
0.48234856 -0.78708852 0.43133417
0.6042176 -0.80615866 0.48093449
0.511576 0.51904197 -0.97927157
-0.08922222 -0.30640214 0.43497845
0.29793467 -0.65425118 0.39259909
0.07866765 0.17446357 -0.24123309
-0.32707034 -0.6205102 0.95726345
0.83661582 -0.51689826 -0.31334817
0.38588312 0.44048854 -0.80792985
-0.86606145 0.22731071 0.77971559
-0.29575564 0.91981748 -0.33893298
0.92261376 0.14149156 -0.9930307
-0.48000362 0.67528759 -0.18072705
0.37002924 0.36280786 -0.72600653
-0.42836645 -0.28842926 0.7945313
-0.12995112 0.12013614 0.0441381
-0.54962067 0.97294609 -0.39330833
-0.94505822 0.95830114 0.06086826
-0.72401182 0.87887361 -0.06678708
-0.80983342 0.19923056 0.62604719
-0.24975971 0.94658715 -0.62211308
0.91483165 -0.43132087 -0.41523484
0.50723368 0.04585864 -0.3708325
0.49796173 -0.07418565 -0.31405125
0.6145351 -0.02148125 -0.59086083
0.11363349 0.73705548 -0.81494004
0.91343677 -0.80072057 -0.07044874
0.83063588 0.27336373 -0.74610164
-0.57732555 0.83315512 -0.23666791
0.07980835 0.83914796 -0.73150052
0.20400338 0.65011061 -0.82724081
-0.33833378 0.65919435 -0.31128163
0.4733361 0.41735729 -0.74782397
0.69749513 -0.63459762 -0.02262411
0.37947167 -0.47427585 0.09910028
0.01671372 -0.81623615 0.93942476
0.58379113 -0.13958786 -0.42542085
-0.29691956 0.84427044 -0.48761728
-0.65214106 -0.02002368 0.79637926
0.65925332 -0.50362172 -0.06058421
0.74833343 -0.08192457 -0.63042533
0.93633377 -0.08840419 -0.6534431
-0.35315273 -0.14876315 0.68238616
0.22227592 0.41410024 -0.59923917
0.71809073 -0.85939512 0.44771139
-0.53312392 -0.26906138 0.8719959
-0.78954198 0.48408908 0.48023621
0.61783445 -0.10488221 -0.4458348
0.10024057 0.70211331 -0.72528567
0.85971796 -0.05566509 -0.79497644
0.65372981 -0.03832007 -0.60627866
-2.79599881e-01 -4.47708079e-05 3.66163060e-01
0.53489761 -0.96008266 0.65153109
-0.39526368 -0.19491949 0.77634926
0.66904528 0.29050242 -0.91454021
-0.66772827 -0.16889201 0.84818535
-0.36530244 -0.50391236 0.89212653
-0.11733763 0.77701123 -0.41584016
-0.88367548 0.75585398 0.25490398
-0.18246166 -0.43327922 0.72846802
-0.38452324 0.7475684 -0.30552914
-0.30391348 0.21253325 0.18763005
0.40210693 0.10652243 -0.48159717
-0.76648488 0.9914281 -0.16632097
0.57780588 0.76886681 -0.9715166
-0.47406501 -0.3324405 0.86456739
-0.09048509 0.68053279 -0.57378436
-0.96040073 0.51847304 0.73364292
-0.02263449 -0.43392678 0.65557517
0.89410287 0.00936651 -0.79235484
0.73742749 -0.89794837 0.29273895
0.05188528 0.76522538 -0.67100685
0.36491004 0.46129121 -0.73222346
-0.19820966 -0.25246591 0.53549947
0.63962606 -0.86759698 0.48665916
-0.57071347 -0.00456411 0.64938532
-0.11227136 0.865539 -0.68581136
-0.5259995 -0.2367282 0.82062407
0.38352805 0.17639741 -0.49815129
0.62731298 0.22944855 -0.74622908
0.60480855 -0.34338936 -0.16431193
0.85912861 -0.55384555 -0.07704035
0.8212898 -0.31270283 -0.32277757
-0.67182629 -0.19159523 0.86991684
0.84691419 -0.53927857 -0.11964797
0.50008921 -0.56935219 0.26222407
0.89578743 -0.67890556 -0.03879877
-0.24790225 0.68691626 -0.32303002
-0.20525153 -0.17495117 0.39849493
0.06702415 -0.88411308 0.84786601
0.60760294 -0.82992167 0.30296226
0.92839198 -0.52578932 -0.16914438
-0.85250561 0.73496057 0.26410312
-0.6681257 0.89352896 0.0240815
0.42395628 0.45666853 -0.78719326
-0.63376305 -0.22534043 0.98989452
0.5334657 -0.23705356 -0.22462966
0.4106548 0.48969441 -0.84968473
0.14362659 0.8920249 -0.98612522
0.80527213 -0.84470198 0.14617606
-0.92680345 -0.04872926 0.98296384
-0.66653383 -0.22115774 0.9527742
0.15908947 0.64425003 -0.79350891
-0.46452481 -0.07303442 0.72689773
-0.29653311 0.83115725 -0.51196213
0.93128986 -0.61845748 0.08007174
0.56050747 0.07268061 -0.57497811
0.2849612 -0.37146042 0.1459292
0.61654067 -0.15242074 -0.41867145
-0.7765156 0.84368276 -0.04147731
0.54244478 -0.16380665 -0.36477008
0.18134605 -0.58170959 0.46819325
-0.22451732 0.98445247 -0.68089269
0.82561053 -0.88997741 0.06972167
-0.47751836 -0.42074328 0.97212894
0.31319708 0.10908343 -0.29896099
0.20386216 -0.96723029 0.80635254
0.73465726 -0.99285991 0.37442559
0.28349916 0.31832226 -0.4964639
0.03390064 -0.72835506 0.7330169
-0.04020525 0.9066252 -0.56548522
0.82879903 -0.55235551 -0.23476233
-0.79528182 0.39258448 0.4504376
-0.2606831 0.92529781 -0.61876374
-0.48896751 0.88043223 -0.23008866
0.6360545 -0.32228631 -0.27948027
0.41901591 0.28886251 -0.59326293
0.80900533 0.32100252 -0.86779203
0.25361713 0.75948973 -0.93926633
-0.96790629 0.58481571 0.40045396
0.30584818 -0.74531409 0.52168054
0.91741724 0.10287063 -0.8472872
-0.98590223 0.25935503 0.76004333
-0.11130674 0.83436048 -0.59960961
-0.70185909 0.234261 0.47313969
-0.02413808 -0.76342786 0.82572998
-0.31992165 0.28094787 0.07129895
0.12676033 -0.5481992 0.44158282
0.36434343 0.16414697 -0.49633201
-0.63319119 -0.14420389 0.88987548
0.67230525 -0.82251866 0.3460638
0.17764124 0.71106506 -0.78748313
-0.95074211 0.61771688 0.46034248
-0.88494896 0.84518083 0.10372482
0.43013163 0.42001939 -0.60122186
-0.55164356 0.61615881 0.07980473
0.70407749 0.32344735 -0.95061861
0.22089698 0.41183544 -0.56641751
0.75963908 0.32317386 -0.93250267
-0.21138902 -0.51517671 0.75204249
-0.23443058 0.92704595 -0.39483864
-0.82062158 0.97193389 -0.14824903
0.92612416 -0.9752485 0.11147937
-0.75248798 0.56946018 0.24682729
0.25179731 -0.5016824 0.3435345
0.61388791 -0.59695823 -0.00106147
0.93439063 -0.37054608 -0.46538068
0.8201381 -0.76340149 0.09868349
0.70233318 -0.36638368 -0.31784795
0.25843644 -0.55378349 0.45513207
-0.80822955 0.68906634 0.15153437
0.67879921 -0.65744116 0.00356334
0.94605432 -0.36437386 -0.42784192
0.19119514 -0.96176785 0.85689279
-0.69988856 0.95531916 -0.25329073
-0.72872196 0.98814574 -0.04057442
-0.18268021 -0.12398821 0.40553277
0.15257982 0.66463598 -0.7983341
-0.84827183 0.67486588 0.19513537
-0.74203521 0.44607102 0.35819333
0.74114466 -0.99327108 0.28176017
-0.21051449 0.48379603 -0.25390637
0.4068245 -0.82618701 0.47855155
0.94937296 -0.56678974 -0.28589052
-0.51951672 -0.10305414 0.66051526
0.86965282 -0.82416292 -0.01419337
0.25900467 0.94314714 -0.9021592
0.98590839 -0.17096104 -0.80689369
0.11701941 0.48208981 -0.49087903
-0.44008974 -0.02077972 0.72002506
0.90399818 -0.55167457 -0.15697024
-0.91490849 0.78926779 0.28466892
0.42855561 -0.54095555 0.22397932
0.21232048 0.33036049 -0.53581231
0.44502639 0.58548439 -0.82115968
0.05919559 -0.65432903 0.60373252
-0.75245876 0.64210111 0.21246525
0.21094928 0.58763139 -0.76190402
-0.70716013 0.81522519 -0.06864631
0.88035628 -0.01114519 -0.68503555
0.30675817 0.09181981 -0.37310315
0.58070415 -0.81207928 0.28125979
-0.12853758 -0.17289386 0.34518839
0.73857378 -0.12171748 -0.5292567
0.66520443 0.61571648 -0.92134968
0.28181704 -0.82500109 0.61720976
-0.92295812 0.25484329 0.98474316
0.99441895 -0.67666211 -0.25915182
-0.17029634 0.79067826 -0.56320194
-0.59776062 0.50798817 0.1217223
0.60189574 0.31038608 -0.89064475
0.87271223 -0.67514052 -0.04447625
-0.76431141 0.83640701 -0.03050534
0.99054916 -0.61209502 -0.06625874
0.2614037 0.4449373 -0.5191132
0.1745143 0.7504176 -0.78952261
-0.75381372 0.67562686 0.23249428
-0.76346809 0.39440738 0.41357104
0.61626084 -0.13273748 -0.34515869
-0.27155461 0.69709538 -0.34326458
-0.19345824 -0.24030494 0.46415678
0.29220029 -0.5215026 0.25933945
-0.17437569 -0.44616995 0.79797799
0.36735638 -0.23339533 -0.10885276
0.83492411 0.01911109 -0.75606089
-0.93346291 0.59994733 0.90816786
-0.12150738 0.80838016 -0.58794983
0.53522684 0.39775766 -0.76112304
0.93387583 0.18085374 -0.8933308
0.4263697 0.40988231 -0.56547859
-0.41053092 0.71360869 -0.19414477
0.50977491 0.72927337 -0.9622971
0.89974942 -0.86890665 0.16030155
0.54003847 -0.44766829 0.09113384
-0.52232233 0.06343961 0.47218265
-0.85271338 0.93074749 0.08773464
-0.53682268 0.70795434 -0.13674091
0.1513422 -0.66064629 0.70814442
0.22798228 0.90957583 -0.85120881
-0.96908036 0.18999645 0.7982998
0.53819503 0.54211726 -0.95694126
0.61001325 0.06768968 -0.49828683
0.50033907 0.30132049 -0.76722843
0.17212841 0.0558017 -0.21019515
0.7505419 0.3402102 -0.95257301
-0.25466093 0.82088081 -0.56102156
0.42956991 -0.85269417 0.92161407
-0.18499225 -0.60884499 0.92765088
-0.44064242 -0.35087719 0.85349622
-0.77676055 0.73613063 0.10135001
-0.86247807 0.79000119 0.08607208
-0.44421868 0.21840189 0.27285044
-0.6331452 0.83102868 -0.02712441
0.43372072 -0.37632579 0.05351576
0.69093021 -0.90592046 0.28634434
-0.17891456 -0.42146033 0.60172848
-0.62713744 0.6916381 0.08945726
0.65992593 -0.57041367 -0.07784423
-0.49485073 0.11249643 0.4310223
0.86613985 -0.53041759 -0.31006964
0.3818151 -0.7255859 0.47990943
0.4241965 0.31639166 -0.69424509
-0.23405269 -0.56583832 0.80232306
-0.71649432 -0.00928192 0.8245173
-0.54466594 0.52871308 0.03076539
-0.6377647 -0.04741172 0.71605674
-0.52262156 0.68493047 -0.13241435
-0.2334649 -0.35551244 0.68187319
-0.72334628 0.80157871 -0.00463096
0.529649 -0.79442435 0.37947654
0.52979112 -0.93797798 0.52694154
-0.1006975 0.91204596 -0.60500432
-0.2489032 -0.01633487 0.3559989
0.50264316 0.36343905 -0.83616438
0.66325535 0.26039067 -0.9014817
-0.29371337 0.86654981 -0.44791924
-0.00085865 0.66948584 -0.4807702
-0.63911163 0.68432755 0.05882065
-0.43194853 -0.1911156 0.72026082
-0.50031196 -0.24693883 0.90930537
-0.2027526 -0.49905947 0.71370029
-0.4580066 0.79599339 -0.09668391
0.80873968 -0.9044427 0.11660677
0.11862939 -0.42908163 0.44679347
0.44743552 -0.58539474 0.3798533
0.12133658 -0.79207197 0.68174739
-0.34712237 -0.56289675 0.94885591
-0.2837526 -0.56600812 0.86690825
0.31733427 0.2053163 -0.4930797
0.41370684 -0.49524729 0.09148636
-0.04857333 -0.28965489 0.42279578
-0.24988449 -0.38981751 0.64344169
0.19415387 -0.09185659 -0.01501752
0.12022762 -0.77609987 0.78971822
-0.56562066 0.90053689 -0.24990004
0.63900525 -0.24333703 -0.31200136
0.21596448 0.90917469 -0.98621557
0.21507542 -0.53955963 0.38850185
0.33241212 0.08756888 -0.38522097
-0.76503423 0.29600598 0.50080026
-0.54737716 0.73836398 -0.11823824
-0.06639494 -0.70261254 0.91846203
0.67204054 -0.16023475 -0.491579
0.88992432 -0.76619228 0.00408473
0.81433424 -0.7130724 -0.09874353
-0.17128295 0.92502802 -0.55566865
0.30028071 -0.72021534 0.68005956
0.02277375 -0.66614839 0.67027135
0.66929533 -0.05075144 -0.56245437
-0.08604549 -0.68128692 0.98811744
-0.79490871 0.19187014 0.77014758
0.0060994 -0.94173341 0.9449849
0.09492945 0.83102171 -0.90698107
0.78910543 -0.21641325 -0.26799841
0.33763345 -0.63338999 0.30223184
0.22532563 -0.33890793 0.1525344
0.8193241 0.08686967 -0.61382834
0.86382951 -0.14338612 -0.6941474
-0.57987618 0.06357971 0.60512352
0.81111692 -0.7242898 0.01278942
-0.03102601 0.07014397 -0.03820281
0.41736906 -0.15682537 -0.1638857
-0.10602236 -0.45927793 0.60700369
-0.72094256 0.12302722 0.60096927
0.5928646 0.80065104 -0.98469189
-0.49171908 -0.15045807 0.74085468
0.96860765 -0.99631578 0.18594351
0.85803466 -0.19443059 -0.48040569
0.12686176 0.21434687 -0.33691661
0.22829276 0.54394203 -0.74206633
0.44492094 0.70360734 -0.96491804
-0.13625447 -0.76200667 0.96461446
0.89974868 -0.68544178 -0.13027092
-0.60388081 0.37275196 0.6314802
0.49288683 -0.86850012 0.37859927
0.70571565 0.44079406 -0.82256566
-0.12421257 0.62507831 -0.38907944
0.25311573 -0.80679211 0.56897389
0.65382853 -0.66002973 0.01124278
-0.23654766 0.24761404 -0.00487736
-0.43164405 0.2460081 0.21616743
0.44576972 0.82193822 -0.75768514
-0.919989 0.39547662 0.92805675
-0.55579851 0.73008998 -0.11183275
0.0616982 -0.64022658 0.62537176
-0.60011597 0.23793671 0.54221265
-0.3698043 -0.14191998 0.74137999
-0.56931603 0.13245294 0.45074163
0.80826881 -0.58068119 -0.20611163
-0.95854684 0.41061887 0.78732777
0.00483405 0.89483938 -0.84285264
0.00541723 0.72721575 -0.65233385
0.08462773 -0.20608833 0.12520267
0.92876621 0.08194616 -0.80331515
-0.98027632 0.80023654 0.52912753
0.69565791 -0.52910101 -0.16405315
-0.46728759 0.70993162 -0.20532338
-0.60801999 0.74411989 0.00547008
-0.07519401 -0.39956781 0.60475947
0.14918359 0.97974381 -0.99719301
-0.49593798 0.77930532 -0.26367914
-0.84659039 0.64208166 0.26352175
0.99280705 -0.63075842 -0.35400729
0.03446991 0.34106493 -0.36775745
0.31860821 0.5478911 -0.7698576
-0.04321482 0.45152384 -0.40145201
0.82236629 0.13617557 -0.89107526
0.3633048 -0.79090311 0.45274317
-0.54170369 0.2439843 0.6332947
-0.37595602 -0.57182105 0.96395363
-0.73215073 0.58077385 0.2671338
0.34647149 -0.42118985 0.08418721
-0.24999971 0.75288232 -0.20804477
-0.85161814 0.43043374 0.65010328
0.15515219 0.73451982 -0.69984281
0.50403838 -0.28935895 -0.13340847
-0.60972021 0.33927547 0.47423027
0.95120052 -0.07323027 -0.8295577
0.97250117 0.19799961 -0.82884406
0.52766637 0.20403785 -0.67860147
-0.52417467 0.67733367 -0.09773183
-0.3215545 0.06261737 0.26500583
0.60364555 -0.15235129 -0.31464302
0.46900122 -0.77526548 0.37284055
-0.25076462 -0.5200691 0.88841337
-0.59021622 -0.34829648 0.95437741
-0.55899288 0.69321272 -0.02746915
0.32220961 -0.71889645 0.44416766
0.79249884 -0.1640183 -0.62398822
0.80965958 -0.48074993 -0.20125179
-0.4678555 -0.300727 0.84078324
0.14165004 0.68041378 -0.74014048
0.58029676 -0.40226686 -0.11646132
0.01764285 -0.58805406 0.60284395
0.95955404 -0.73804926 0.09151147
-0.49343538 -0.11869802 0.63927186
-0.41664603 -0.35134029 0.87399036
0.70166125 -0.95028815 0.43843359
0.21073532 0.72412515 -0.81509692
0.06003613 0.31433291 -0.32154004
0.55776867 0.52272032 -0.94698038
0.60273154 0.3805299 -0.95194655
0.96759638 0.1114831 -0.91637308
0.21422503 0.2251401 -0.40388253
-0.03406941 -0.59520804 0.66327702
-0.98159151 0.69361998 0.50818184
-0.78930127 0.69481546 0.20741797
-0.95307246 0.17280622 0.82783523
0.37237863 0.87763325 -0.9789152
-0.03063814 -0.46427176 0.79569863
-0.88595388 0.21113399 0.81713981
-0.42059471 -0.32027677 0.74362307
-0.9493584 0.59996963 0.39720656
-0.38589009 0.97903207 -0.3178523
-0.58516193 0.38010785 0.26756598
0.32032776 0.12297928 -0.39180027
0.54159916 0.15477202 -0.5719662
0.68649082 -0.46824009 -0.10759481
-0.88865532 0.80284738 0.12842874
-0.44143065 0.13662639 0.34592389
0.35053758 0.01950632 -0.34125974
-0.80475992 0.80273401 0.11578238
0.97888776 -0.9922214 0.44536979
-0.1142816 0.15972758 -0.00674122
0.41088699 -0.08573013 -0.28976549
0.97723014 -0.22506804 -0.66042117
0.46922361 0.49663527 -0.84278259
-0.41680372 0.28041787 0.20377934
0.20372302 0.42325336 -0.61948989
0.70479999 0.34135953 -0.98578136
0.47643796 -0.15701721 -0.26332641
0.72786517 -0.22396269 -0.37363664
-0.3035097 -0.07035582 0.49279163
-0.78739241 0.11159962 0.79882669
0.69968171 -0.50500447 -0.02747684
0.55633447 -0.26946363 -0.19782268
-0.00091396 0.51920164 -0.43145467
0.90555334 -0.29010901 -0.61487184
-0.12469866 -0.78443942 0.99481527
-0.8703563 0.70534926 0.59069994
-0.46304853 0.80256011 -0.17344049
0.28190799 0.3617162 -0.63195823
0.41220218 0.42705103 -0.64441234
0.53260484 0.4896238 -0.92129326
-0.4459863 -0.31428278 0.82622226
0.42577381 -0.86719718 0.5406351
0.25335907 0.64944921 -0.82708607
0.26491995 0.76291906 -0.81586403
0.67013403 -0.66359695 0.06043365
-0.65457019 0.03904241 0.66707981
0.62242112 0.20354934 -0.57203995
0.13746857 0.26752455 -0.35270244
0.04290919 0.84866429 -0.76819496
0.00623161 0.96178711 -0.94530799
-0.60798742 0.35153696 0.28895496
-0.40903133 0.71066568 -0.23624641
0.27894697 -0.53477961 0.38500367
-0.58322022 0.274201 0.35220103
0.5917074 0.27387998 -0.65362676
0.73679248 -0.72758489 0.20812356
0.92243929 -0.01464047 -0.79432838
0.82313483 -0.04986578 -0.64753862
0.74235682 0.15049245 -0.81667233
0.76954925 0.01270574 -0.71480727
0.83748951 -0.77449169 0.04487011
-0.14042624 0.7842741 -0.47973576
-0.65947394 0.83825171 -0.14169644
-0.95961113 0.43935523 0.53750704
-0.97612357 0.4952807 0.79616165
-0.20636548 -0.28782737 0.50400008
0.99603734 -0.40570872 -0.56357366
-0.07308048 -0.19248703 0.27567883
0.75599424 -0.26242156 -0.3785264
0.19014875 0.95496481 -0.93277439
0.65391062 -0.11960751 -0.42264322
-0.26159198 0.20349329 0.17107263
0.05069644 0.71696626 -0.58352452
0.74318462 -0.61862357 0.10485442
0.80395185 0.09396804 -0.6913633
0.63766132 0.37886068 -0.80635831
-0.42437941 0.92287572 -0.41278879
-0.48914828 -0.07635803 0.65189071
0.76797175 -0.85058533 0.23267109
0.93365795 -0.50714453 -0.36369593
-0.97464786 0.99119608 0.22192097
-0.17059438 -0.46856421 0.65458953
-0.48815114 0.6015209 -0.08247789
0.34765497 -0.35635287 0.04555702
0.32236469 -0.85030266 0.64290343
-0.77237858 0.13768895 0.77096496
-0.56032343 0.78457923 -0.04708119
0.25759542 0.54126998 -0.70123088
0.35073647 0.5225396 -0.712752
0.5969431 -0.98782283 0.53675817
-0.27969021 -0.37068026 0.7661007
0.93842118 -0.66393914 -0.21791187
0.90579628 -0.00718514 -0.7960604
-0.3927867 0.22454309 0.28301739
-0.21346755 0.69696844 -0.41672631
0.28501358 -0.61953755 0.38330148
0.28540075 -0.66288447 0.42043751
0.5402907 -0.94725481 0.5093747
-0.85079452 0.73689731 0.1661166
0.96205443 -0.99212101 0.16045456
0.74576324 0.11583496 -0.83594331
0.0806851 -0.37579721 0.47061922
0.68279501 -0.94564646 0.5670324
0.35698655 0.51549295 -0.86562607
0.75192936 -0.11586996 -0.5853329
-0.68540556 -0.20665598 0.98064394
0.72035633 0.26225888 -0.90355594
0.14061044 -0.78768249 0.79006387
0.95921958 0.07106518 -0.77650798
-0.54983703 0.07409364 0.53839306
-0.11102774 -0.66620859 0.95073999
-0.88060879 0.71228659 0.27884579
-0.76537908 0.8005875 0.04089839
0.39587171 -0.91196506 0.79269638
-0.47353326 0.56725343 0.07832018
-0.1537739 0.24095502 -0.05883466
-0.26324068 0.92538117 -0.52786211
0.23958405 0.1249069 -0.33898913
-0.79221129 0.12914629 0.88384208
0.44249401 -0.83126306 0.40458454
-0.15455866 0.77863608 -0.62215631
0.12633349 0.78979451 -0.8516879
-0.2901584 0.03652561 0.25936047
0.36531647 -0.57727906 0.34840773
-0.83974312 0.59433172 0.30611433
0.24393125 -0.26054146 0.04763949
-0.04744477 0.47420207 -0.36692259
-0.2831446 0.13959858 0.18276598
0.20632676 -0.86695603 0.85779644
-0.78182568 0.85178489 0.10089896
-0.97115129 0.28716439 0.96243496
-0.75238146 0.41641345 0.55665853
0.61718487 0.64929483 -0.82201042
0.66746183 -0.32234453 -0.26696316
-0.01542978 -0.53289541 0.77300705
-0.14501364 -0.27925373 0.5323513
-0.43005092 0.5751525 -0.06908208
0.8261257 -0.44730629 -0.28511898
0.16920708 -0.55255605 0.38797712
0.68826155 0.10871866 -0.71976349
-0.61907954 0.39750689 0.57071453
-0.08445585 0.85874101 -0.72074926
0.18365995 0.74312562 -0.76875974
0.07379408 -0.78553067 0.72248143
-0.51306724 -0.15243064 0.88910999
0.19228957 -0.85833163 0.67363639
-0.85251438 0.83292236 0.33125036
-0.45378778 0.98329158 -0.4379309
-0.6134021 0.92646444 -0.13078742
0.78042727 -0.93797863 0.30481532
0.6291441 0.1161888 -0.65916694
0.44643086 -0.58121584 0.28448784
0.52084813 0.48417159 -0.95583406
-0.14410491 -0.44068048 0.67818335
-0.2259335 -0.28028444 0.73410795
0.23132252 0.62692103 -0.83864038
-0.47795077 -0.36463003 0.99504448
-0.22781419 0.68235852 -0.31733062
0.80464233 -0.81456731 0.07353046
0.1176111 -0.72455979 0.68049053
0.18039779 0.39943777 -0.54959902
0.5148051 0.81464961 -0.84052228
-0.17336858 -0.34712208 0.56136181
-0.57429271 0.17349915 0.41577747
-5.34356964e-01 6.28701586e-01 1.61691848e-05
0.21432636 0.69427336 -0.89018902
0.55822605 -0.32246138 -0.19785374
-0.5541965 -0.03314363 0.66331458
0.86476546 -0.54292152 -0.24785173
0.61637312 -0.60787221 0.15833625
-0.23358677 0.22159733 0.03079977
-0.10362384 0.85289102 -0.51741783
0.56759331 -0.59133525 0.02525767
-0.34622036 -0.1699798 0.53431186
-0.72718568 0.28732293 0.57820237
0.78912218 -0.66358907 0.0399832
-0.04651288 0.68832674 -0.49632599
-0.42273786 0.65675221 -0.2064852
0.06489684 -0.93305342 0.92422195
0.99932964 -0.58780999 -0.36014262
-0.14501998 0.85722895 -0.69258461
-0.61525867 0.1872571 0.43012755
0.07571514 0.80443467 -0.67406618
-0.10319555 0.39121932 -0.28524866
0.21923504 -0.20597136 0.03683953
-0.18660285 0.03892748 0.20798206
0.32158329 0.71806968 -0.84333126
0.13792274 0.79430529 -0.86110726
0.8329022 -0.58904683 -0.20546009
-0.1233973 0.88530873 -0.66596836
-0.40828701 0.00181233 0.64876934
-0.97516692 0.89175119 0.20971913
0.94677633 0.17761405 -0.81435904
0.85667526 -0.82818062 0.19565891
-0.05080336 0.99349425 -0.92005109
0.77075183 -0.76431262 0.18806339
0.49898599 -0.7710194 0.29860504
-0.32572979 -0.40324435 0.83038257
-0.03763143 -0.88763006 0.95026812
-0.15409083 -0.24585832 0.52703324
0.03538191 -0.193856 0.17045633
-0.04953605 0.70115451 -0.5133007
0.4610622 0.66124839 -0.90822894
0.58282127 -0.73448775 0.20798979
-0.19682506 -0.50992159 0.89123923
0.68118113 -0.56662708 -0.05005726
0.50750836 -0.53036209 0.06315547
-0.34776313 0.96526408 -0.55420906
0.50381985 -0.69043153 0.20716771
0.37537198 -0.90718705 0.77880816
0.54551763 -0.18059041 -0.30603998
-0.03137427 -0.64073607 0.71350392
0.59619729 -0.75028627 0.30379252
-0.13667176 0.60353955 -0.41473576
-0.80851584 0.47139025 0.4660867
0.74809553 -0.75995946 0.09642224
-0.61131069 0.24046234 0.40645314
0.7072664 -0.02370743 -0.68098195
0.55193475 -0.97581926 0.42923974
-0.55275553 0.41111337 0.2967785
0.49123818 -0.92980761 0.46117862
0.411617 -0.55533136 0.26597418
-0.93979444 0.10985478 0.86346945
0.60443084 -0.98249266 0.73711541
-0.80948398 0.18148397 0.68528255
-0.95526133 0.37547096 0.86042917
0.70753312 -0.69968251 0.02661924
0.08517566 0.38417005 -0.31909251
0.2102597 -0.81627993 0.80060211
0.67467615 -0.82526406 0.3196711
-0.34608514 -0.30137966 0.70616629
-0.76399512 0.78699203 0.03403146
0.55378519 0.24169859 -0.62297218
0.61625472 -0.77010392 0.28937803
-0.13893761 0.24663957 -0.08228953
-0.42030579 0.96890449 -0.47933649
-0.89518689 0.89195352 0.01613993
0.52109052 -0.81469688 0.30129687
0.55832189 0.33204658 -0.70767258
-0.60020937 0.42369039 0.39826454
0.71960715 -0.67517813 0.24553897
-0.39344632 -0.17124867 0.60090793
0.43489886 0.21633881 -0.64914676
0.17799238 -0.70575144 0.91424625
0.67250725 -0.6773796 0.19777312
-0.81883861 0.18401887 0.64903355
-0.40658858 0.47689809 -0.0649691
0.64298427 0.17673673 -0.73391591
-5.39479511e-04 5.92535674e-01 -5.64981298e-01
-0.69803325 0.59969938 0.26627759
-0.35402382 0.04222792 0.51882554
-0.69093256 0.21229998 0.73923739
-0.2345305 0.07258876 0.22687377
-0.0069626 -0.82200184 0.92502937
-0.31493442 0.61320247 -0.25290502
0.3912991 -0.09146918 -0.27961278
0.74965073 -0.67589031 0.0710962
0.35514112 -0.38175703 0.07707673
-0.81254284 0.10928579 0.76605804
0.13528911 0.76373875 -0.81825988
0.21374524 -0.94918197 0.74936714
-0.53312391 0.1123499 0.60410831
0.47519926 0.29726937 -0.70768434
-0.79653475 0.95347239 0.00852313
0.88881434 -0.80513425 0.0560718
-0.48082045 0.8406641 -0.31216271
-0.9082741 0.16769208 0.98996897
0.86268962 0.04030624 -0.88903588
-0.62090091 -0.14004388 0.99913915
-0.02422614 -0.69550068 0.80035923
-0.36233295 -0.22534677 0.72039362
-0.03905929 0.41300385 -0.26107663
0.88312925 -0.33593817 -0.51741293
0.44389651 -0.97725644 0.6345922
-0.19867819 -0.09972563 0.31142784
0.33619923 -0.84103309 0.51992494
0.33640038 -0.45964442 0.14085295
-0.83850539 -0.06266055 0.98524312
-0.25327165 0.86329764 -0.6091642
-0.68255054 0.01962234 0.8691298
-0.99954765 0.85288918 0.18512267
0.23723181 0.83419427 -0.96763799
0.44565797 -0.81172176 0.37562706
0.13068581 -0.8654917 0.82859457
0.37449841 -0.66383952 0.39163842
0.20703698 -0.76174796 0.58341575
-0.1729619 -0.73153428 0.94401204
0.85284064 -0.5569895 0.03492532
-0.5149346 0.74785278 -0.09349729
0.99554301 -0.9384192 0.20393543
0.8553019 0.01477646 -0.66770371
0.65438075 0.41886489 -0.88393917
0.6559595 0.06901157 -0.71920976
0.88588992 -0.59118638 -0.13703503
0.50885019 -0.85201825 0.65903863
0.34434447 0.06113739 -0.40272686
0.75283248 0.26678829 -0.80551752
-0.19499677 0.16271019 0.12117102
-0.36160134 -0.15088452 0.89723884
-0.18074243 -0.60189462 0.78506415
0.32636764 -0.97981124 0.68069293
-0.61389209 0.71323704 -0.05920571
0.54437433 -0.94517752 0.68753068
0.64678232 0.55268296 -0.91080524
-0.85318579 0.06445659 0.971439
0.82478021 -0.48836837 -0.2290377
0.71592878 0.19137654 -0.71236886
-0.47360035 0.86695247 -0.35584773
-0.99019572 0.90928678 0.29934625
0.384432 -0.40316852 0.07485482
-0.41042022 -0.29531235 0.9132023
-0.94231467 0.32173077 0.72274355
-0.67505019 -0.1635824 0.92827
-0.30467045 0.49356952 -0.1786667
0.31280487 0.19851642 -0.49156171
0.17645258 0.7244657 -0.83311001
0.67147633 -0.79248739 0.19573815
0.51956461 -0.7848586 0.4419621
0.24261255 -0.81980049 0.64328554
0.94282194 -0.70615295 -0.02605829
-0.95442442 0.94043616 0.45584763
0.85370101 0.05592678 -0.90347645
0.43165547 -0.87696708 0.45446992
-0.4044101 0.42463649 0.1226904
-0.38321364 0.93815527 -0.54894904
-0.97804185 0.05025263 0.94329932
0.80314969 0.43461644 -0.95779599
0.16974596 0.89548991 -0.91021256
-0.70702047 0.97627706 -0.25780521
-0.61706807 -0.00764872 0.68045765
-0.84170201 0.18301819 0.77511558
-0.66255785 0.13844064 0.53792555
-0.50991494 0.49209668 0.06681957
-0.97818474 0.82012439 0.22882281
-0.24164199 -0.41638683 0.7582283
-0.67632594 -0.31618569 0.99544933
-0.5502012 -0.09636315 0.90029255
-0.97048334 0.40899098 0.62287052
0.50252736 -0.04897392 -0.40971916
-0.01761819 -0.46320842 0.54418281
-0.9057467 0.30642832 0.64692053
-0.14647868 0.96725925 -0.65829629
-0.18234537 0.17287421 0.01168533
-0.82861874 0.4094751 0.44387846
0.19829892 0.92029861 -0.89121749
-0.47298736 -0.18720301 0.83139399
0.04403555 0.49480954 -0.43793305
-0.57958164 -0.02332821 0.65358268
0.69733084 -0.82357079 0.18028389
0.76357178 0.0953801 -0.7163764
0.00102119 -0.80348271 0.80678583
-0.44092148 -0.46684566 0.94465316
-0.07848123 0.85829412 -0.69208386
-0.51076653 0.76415341 -0.14936672
-0.65733726 -0.01408704 0.77725634
-0.13224452 0.5213805 -0.30286995
0.57075728 -0.19922588 -0.30234565
0.43119978 0.14192066 -0.54616183
0.78462168 -0.90512011 0.16617151
0.92735574 0.01632427 -0.91713667
0.83231851 -0.38021225 -0.3975386
-0.98885034 0.31674826 0.83770111
0.75889187 0.1458068 -0.82885269
-0.94561768 0.10196219 0.8803235
0.36993322 0.27957483 -0.62326965
-0.11781129 -0.84673382 0.97609624
-0.07974716 -0.68313857 0.90412444
-0.71992682 0.47057147 0.25793579
0.82407789 -0.28043304 -0.41533426
-0.52219637 0.79183081 -0.20044742
-0.15463352 -0.16145777 0.34398976
-0.97379654 0.58894625 0.81357269
-0.12021822 -0.69749116 0.90695897
0.95094122 -0.88145609 0.21064819
0.21113707 0.02339227 -0.17260435
-0.39854874 0.17655322 0.31340037
-0.62601045 0.989402 -0.30296567
0.49770414 0.37650713 -0.82513341
0.23594212 0.58083042 -0.80861288
-0.71168217 0.14798255 0.63926992
-0.13783203 -0.61721143 0.77547186
-0.58805786 -0.20663756 0.87386012
0.54460718 -0.83143533 0.48219386
0.92570904 -0.36758397 -0.53277727
-0.06674368 0.58209575 -0.49863599
-0.35595352 -0.52900482 0.97224327
-0.49551045 0.95766716 -0.44659465
0.03429295 0.71884889 -0.63513301
0.99096475 -0.80444684 -0.14903741
-0.35676964 -0.37448661 0.84037245
-0.28972126 0.94543474 -0.546679
0.89173751 -0.06335177 -0.77944064
-0.78387157 0.11936803 0.91857527
-0.66393398 0.8530446 -0.18791414
0.8858161 -0.52933586 -0.30995649
-0.6771426 0.85212484 -0.09759023
0.95723075 -0.74724671 0.31815022
-0.17493188 -0.26385751 0.60144165
0.30452725 0.36006153 -0.66211469
-0.73099861 0.17572607 0.5814649
0.15853818 -0.50318368 0.39503885
-0.05055758 -0.4684317 0.52513793
-0.16195305 -0.55117699 0.73399742
-0.7465587 -0.03301438 0.79343174
0.36352476 0.51810047 -0.77830928
0.66785729 0.05478952 -0.50988941
-0.5179529 -0.37486724 0.90868245
0.56526299 0.2725495 -0.83628958
-0.92298932 0.93094889 0.0661407
-0.85450942 0.50615734 0.38423819
0.18778648 0.44217463 -0.5289965
-0.36655797 0.28744423 0.30820066
-0.34090653 0.79630204 -0.42208615
-0.22694711 0.4041269 -0.16164137
-0.91085466 0.52143231 0.48456148
-0.97955629 0.9856299 0.04985369
0.60382611 -0.55180938 0.18834821
-0.08664414 -0.71782891 0.85860125
-0.72800515 0.22584801 0.52564345
0.51954553 -0.99793283 0.74312689
-0.54469427 0.87060972 -0.07249848
0.96527394 0.14936615 -0.99346419
-0.57645293 0.86391384 -0.22621544
0.39215964 0.48590267 -0.61061777
-0.89343133 0.10792309 0.81533252
0.86305114 -0.9955605 0.15432905
0.44078191 0.67054457 -0.90322563
0.99133838 -0.10681539 -0.77999953
-0.02644464 -0.59918785 0.62683926
-0.52238026 0.95149381 -0.2844044
0.86800212 -0.73761416 -0.03071618
-0.97146413 0.57397253 0.63732404
0.98407222 -0.64252318 -0.32029967
0.0407024 -0.57318369 0.54161372
-0.33418433 0.00227218 0.47453076
-0.34596573 0.82152079 -0.29331571
-0.43293182 0.9963373 -0.47290872
-0.35258888 -0.45307159 0.80684002
0.54788698 -0.76352597 0.33093985
0.90589386 -0.99521883 0.23359489
-0.33246468 -0.05580246 0.41009534
-0.39849066 -0.40180451 0.82568871
-0.03346159 -0.6466292 0.93959899
-0.01598569 -0.58955266 0.78911459
0.04835309 0.68532875 -0.60922655
-0.84478988 0.68044136 0.21792301
0.38809675 -0.74722907 0.92072019
-0.1751074 -0.4820655 0.94785019
-0.48794006 0.0583949 0.67935547
0.2735643 -0.6703395 0.64397025
-0.96970044 0.16789551 0.81087739
0.07009999 -0.46531461 0.49513597
0.37459556 -0.54151915 0.29751739
0.85855242 -0.85445201 0.20931803
0.4289834 -0.79984808 0.48136593
0.48753976 -0.93857516 0.63797501
0.92509816 -0.96471327 0.51747446
-0.62809093 0.35757487 0.31951295
-0.50929573 -0.14294033 0.81511911
-0.67258569 0.6706065 0.0609284
0.35298395 0.08062361 -0.31404866
-0.48155657 0.46676194 0.17618056
0.36626692 0.60167691 -0.82502646
0.21346114 0.91213754 -0.97185565
0.70843903 -0.75307426 0.08726333
-0.95941662 0.01922799 0.97915836
0.18428822 -0.55240139 0.83426605
-0.34082611 -0.21224687 0.60243935
-0.17866467 0.36160482 -0.17802986
-0.68686019 -0.05237749 0.88029051
-0.57019797 -0.22746754 0.82228965
-0.75943452 0.73119684 0.1648537
-0.61792425 -0.29486209 0.93980488
0.62201971 -0.05777971 -0.53678958
-0.44781771 0.02587585 0.51445528
0.29478754 -0.91530601 0.87152653
0.82969052 -0.23167707 -0.57043452
-0.81119732 0.22365515 0.67645892
0.52835051 0.2945145 -0.60312237
0.65998481 -0.00548781 -0.59980753
-0.3354749 -0.19578035 0.59511982
0.79606 -0.36610815 -0.32561627
0.68814963 -0.86886942 0.26145263
-0.8551768 0.99259827 -0.09562467
0.1394562 0.77712726 -0.80045627
-0.1811859 -0.38528655 0.6188569
-0.77543027 0.81039798 0.15180454
-0.40469826 0.98882744 -0.2204548
-0.11180303 -0.57706566 0.71683782
-0.96374839 0.82471737 0.28173164
-0.27356112 0.2499291 0.05720493
0.65433049 0.37928814 -0.98930934
-0.51596504 -0.33025329 0.98743844
0.18115564 -0.49949064 0.36896083
0.69142852 -0.54640491 -0.08036467
0.34415981 0.17686097 -0.48240074
0.88296272 0.23684127 -0.67989032
-0.98747171 0.30461472 0.96882304
0.34045711 0.0049059 -0.26393923
0.43422334 -0.94354093 0.56510198
0.2755654 0.52253512 -0.63916902
-0.45478716 0.93355697 -0.47813656
0.54872529 -0.58012929 0.08611851
0.33045075 -0.79141685 0.47800248
-0.84393317 0.69099895 0.39316411
-0.03074073 0.95686847 -0.68871692
0.46619447 -0.39587878 0.12951185
0.29834656 -0.66549803 0.6954872
0.36375322 -0.90748424 0.68493072
-0.85355486 0.64960036 0.45273591
-0.20919444 -0.35918223 0.71984262
-0.8281673 0.83193208 0.0264908
0.25572743 0.58694935 -0.77216354
-0.12002348 -0.39623223 0.68789767
-0.48621808 0.81192947 -0.2919855
-0.67953618 0.03686059 0.71870332
-0.05428112 0.3422012 -0.27870634
0.15082905 0.80675827 -0.80329662
-0.1736418 -0.09611097 0.32201537
0.78831165 -0.20528682 -0.57154497
-0.96390048 0.73434567 0.31915971
-0.00283035 0.42980896 -0.32371245
-0.24993776 -0.39185713 0.92031247
0.79656358 -0.51106493 -0.2080889
0.6864759 -0.32213293 -0.32076663
0.25910597 -0.36171116 0.17361468
-0.2921362 0.24770553 0.10474258
-0.22701736 -0.46638386 0.71957906
0.74040292 0.87467741 -0.93685336
0.18082553 -0.32786974 0.18409789
0.8098014 -0.85486894 0.0725864
-0.22597207 -0.4355302 0.66439241
0.20025639 0.77487364 -0.89522435
0.88878906 0.09597924 -0.65723261
0.18508138 -0.82862553 0.79972247
-0.26058148 -0.53041239 0.81166304
-0.11880994 -0.53525926 0.69297993
0.44000811 0.43811711 -0.80681526
-0.49120314 0.51045285 0.06618554
0.56279232 -0.19575462 -0.27925628
-0.89822239 0.81892618 0.15681739
0.53261654 -0.32212487 -0.18694424
0.74512977 0.27609809 -0.99364246
-0.19461109 -0.19649137 0.56312689
-0.81417188 0.93186986 -0.02748392
0.03977555 0.61412657 -0.63641319
-0.50551511 0.98957742 -0.37237124
0.17081944 -0.74458642 0.64486872
0.60636692 0.01968622 -0.588995
0.90165112 -0.93057953 0.03940854
0.85956983 -0.69456845 -0.11475133
0.36371602 -0.30100534 0.01959595
0.03498393 0.91043349 -0.90564292
-0.98710335 0.09851249 0.94561627
0.67575524 -0.7417394 0.07634703
-0.19181858 0.91902249 -0.70589628
0.81506607 -0.96970415 0.18148633
0.58952949 -0.48724525 -0.03942385
0.5689156 -0.79420291 0.6317923
-0.6592581 -0.00904911 0.82735399
-0.40505847 -0.37010471 0.98225242
-0.03933218 -0.80887695 0.89984651
-0.89289842 0.43331446 0.71078787
0.68824623 -0.80875169 0.30930911
0.72737777 0.01722304 -0.66578909
-0.05597758 -0.73299876 0.81346735
0.28422201 -0.8760117 0.77440826
-0.64881223 0.35848289 0.34167802
-0.62667964 -0.10808454 0.9196309
-0.96022886 0.5013205 0.57104196
0.18891541 -0.68706197 0.62660831
-0.60528021 0.94833121 -0.04470938
0.60992511 -0.10650846 -0.434547
0.71360289 0.41124321 -0.89693794
0.14490688 0.57947119 -0.64012759
0.32375075 0.57137824 -0.77142217
0.55847319 0.47889704 -0.94849471
-0.78370639 0.85854741 -0.00167225
0.93664653 0.08022722 -0.97256983
0.77430474 -0.92759863 0.25163199
-0.05387366 -0.80552799 0.88445905
-0.3093716 -0.22972368 0.69849648
0.744233 0.00158262 -0.58864658
-0.03269245 0.76743316 -0.61661052
-0.90470937 0.48139982 0.48893629
0.97384543 -0.04870647 -0.87226795
-0.79466949 0.27426272 0.65655393
-0.66936311 -0.10672258 0.82040414
0.87065164 -0.40650851 -0.38308883
-0.56891967 0.80970412 -0.20026671
-0.60245103 0.97475574 -0.35854296
-0.40055966 0.16911333 0.3084292
0.67846825 -0.13109196 -0.35196854
-0.52009486 -0.20767567 0.78399647
-0.53067173 0.09736663 0.571741
-0.66667424 0.42903006 0.29007477
-0.45245258 0.10897592 0.34925962
0.20659073 0.84439894 -0.69541546
-0.49360743 -0.02285063 0.62311345
0.8000004 -0.51501216 -0.14439066
-0.15812835 -0.18364636 0.38312694
0.64908782 -0.25290802 -0.33131832
0.24945343 -0.55312452 0.33520275
0.77431848 -0.10840701 -0.64380817
0.73110723 -0.3678453 -0.31282071
-0.31951385 0.19704459 0.16176606
-0.08364624 -0.1267551 0.23661701
0.24076385 0.73550368 -0.9207926
-0.62650443 -0.29653619 0.98425848
-0.06152992 -0.48266456 0.61730469
-0.68092663 0.74293641 -0.03421887
0.29677328 0.49160063 -0.7199082
-0.23560908 0.90127171 -0.60434106
-0.53553698 0.42210541 0.19881152
0.72875399 -0.11943689 -0.42938548
-0.92412548 0.98907102 0.34004621
0.01295901 -0.36295073 0.48460734
-0.25542726 -0.67394877 0.95088233
-0.1536209 0.82217812 -0.62679429
-0.04797452 0.89589768 -0.71498715
-0.67742202 -0.06947882 0.79560521
0.66737556 -0.54041904 -0.09980751
-0.28362747 0.6629836 -0.35848805
-0.70891776 0.38345898 0.66416354
-0.67519935 0.94578718 -0.17542379
0.00988306 -0.73565017 0.79639925
0.81344228 -0.46476817 -0.16354845
0.73170245 -0.97732653 0.61781531
0.87401941 0.23533659 -0.91560627
0.155735 -0.21167748 0.07866312
0.19521119 -0.69356012 0.52498742
-0.99126795 0.42879781 0.68758361
-0.44378593 -0.30226057 0.82481847
0.43348215 -0.60853781 0.24501779
-0.63591154 -0.1066386 0.79477808
0.91885791 -0.21466272 -0.49687629
0.63658274 -0.49601319 -0.12155223
-0.27893056 0.90184271 -0.60919054
0.07692134 -0.97634538 0.92513633
0.73647268 -0.2060278 -0.29029248
-0.63469575 0.72899442 0.03608407
-0.81710905 0.21493586 0.79695995
0.19442975 -0.53859681 0.40867467
0.83767704 0.32694597 -0.94573624
0.54924706 0.4604721 -0.96941604
-0.69526094 0.80217488 0.21242215
0.55448304 -0.98994969 0.51092362
-0.76819787 0.65005422 0.19992889
0.57920953 0.42135492 -0.77633587
-0.04295277 -0.70425904 0.89404968
-0.929844 0.42808177 0.71738247
-0.30231915 0.95261396 -0.47480922
0.70865849 0.24685337 -0.91466726
-0.24990794 -0.30194413 0.80152355
-0.76689314 0.05807756 0.76902872
0.34373641 0.47308025 -0.80990941
0.98756569 -0.80364641 -0.08658784
0.40667983 -0.77462735 0.58512751
-0.2644079 -0.6164216 0.95126132
-0.38101961 0.35796977 0.02787155
0.69599394 -0.04675831 -0.54254578
-0.94859746 0.36502848 0.63619937
0.04814027 0.90673482 -0.82282277
0.8810826 -0.88729043 0.07900842
0.84688851 -0.58326771 -0.14348149
-0.08626511 0.77393019 -0.64630073
-0.99832034 0.77864148 0.28972089
0.68937428 -0.4700464 -0.21246044
-0.8855814 0.91429204 -0.01081993
0.13570855 0.91664109 -0.90981756
-0.61785524 0.52747715 0.11729964
-0.89081678 0.87758465 0.24308535
0.48842901 0.23173884 -0.61884759
-0.42818123 -0.17993372 0.61028324
-0.74036623 0.11138517 0.83809982
-0.17343738 -0.39874327 0.81213493
-0.44538583 -0.00707945 0.51932724
-0.22457306 -0.65186069 0.87886292
0.8851845 -0.01532441 -0.8104261
-0.70872325 0.36107557 0.47852537
0.31350034 -0.78443903 0.53676023
-0.48564352 0.33367214 0.24852926
0.1364128 -0.25221846 0.11710674
0.89327396 0.18197931 -0.99433052
0.30580789 -0.33563937 0.14478648
-0.18795457 -0.4229535 0.87467343
0.57014531 -0.69046196 0.16217898
0.27759497 -0.92588506 0.89578261
0.46861333 0.16163205 -0.54360618
-0.19484461 0.97524245 -0.72721341
-0.94394764 0.60360424 0.57304914
-0.15295485 0.98604316 -0.64508887
0.12534215 -0.72371789 0.61677591
0.4126231 -0.66478644 0.31699749
0.47994162 -0.86171699 0.40880242
-0.84562131 0.18643106 0.93918447
0.56327887 -0.00591329 -0.50220733
-0.08114446 -0.58943808 0.73568195
-0.72929659 0.87264299 -0.08335327
-0.49674885 0.37079993 0.22031459
0.70695743 -0.17128458 -0.41678339
-0.70464207 0.71390623 0.05265387
0.25967708 0.59895478 -0.85085403
-0.03617458 0.48153575 -0.44515823
0.84269266 0.08026346 -0.78702317
-0.40722033 0.58355696 -0.14210841
-0.1769213 -0.28808232 0.5373538
-0.96150219 0.17777102 0.96863773
0.59372342 -0.95100793 0.70263924
-0.61556313 0.81495866 -0.06780531
-0.43229616 0.6535641 -0.21643781
-0.59258116 0.68937832 0.00635823
-0.77971053 0.08620624 0.70715046
0.90774238 -0.76852733 -0.02400614
0.06050957 -0.64967303 0.60754959
0.027276 -0.9051614 0.99209393
0.93539049 -0.11759708 -0.66445647
0.78456099 -0.70610963 0.07788856
-0.96069978 0.2398603 0.98601989
-0.98483144 0.87297539 0.12724013
0.65431155 -0.33354805 -0.15982781
-0.15490469 0.90291952 -0.70275444
-0.35935868 -0.06509536 0.46039427
0.34480252 -0.88710018 0.85323008
-0.77738701 0.99138805 -0.20876712
0.8170688 -0.98501399 0.28836404
0.73044205 -0.67640832 -0.01918466
-0.09978049 0.42700956 -0.31024503
0.89321023 -0.30398622 -0.43744066
0.76261846 -0.71692487 0.01851494
0.73135025 -0.62115158 0.01265445
-0.51390339 -0.22244172 0.89383715
0.53659107 -0.81543374 0.53348638
-0.72730965 0.70702569 0.18779457
-0.63637689 0.72327652 0.1650411
0.65225562 -0.58811169 0.01022974
0.10374134 0.96226646 -0.55305337
0.12093688 -0.69945737 0.66133875
0.69442548 0.34176925 -0.86037584
0.86444719 -0.48462006 -0.22707018
0.18067155 0.89651442 -0.93637425
-0.52724729 0.12371704 0.56662393
-0.15006537 0.9414483 -0.77425971
-0.68832706 0.06146329 0.63015172
-0.48224981 -0.17547054 0.66185451
0.0109781 -0.18349699 0.22366781
-0.28809684 0.22601398 0.08197644
-0.45366311 0.64422533 -0.05368376
-0.09694576 -0.749091 0.86908323
-0.94376518 0.59039497 0.54613825
0.41204262 0.22453638 -0.62091672
-0.84407342 0.61275122 0.80877764
0.45293532 0.6553647 -0.87099774
0.08648974 0.10669738 -0.17719617
0.47388759 -0.62126736 0.20425369
0.4721843 -0.00130406 -0.41855485
0.26032693 -0.83111554 0.63064097
0.4098354 -0.32379337 -0.08108188
-0.03351896 0.40268368 -0.36339013
0.23667902 0.50106417 -0.72427904
-0.58470668 -0.39239954 0.99457725
0.66197356 0.34556108 -0.99686376
0.77533738 -0.61318429 -0.10432805
-0.31213894 0.30475033 0.02192777
-0.88672013 0.47099464 0.43899003
-0.49224794 0.45776704 0.03684632
-0.80207243 0.78172181 0.49565771
-0.9245754 0.93268954 0.03401486
-0.92229027 0.28590435 0.82628523
0.46820002 -0.26079019 -0.15027866
0.94028239 -0.45992871 -0.36874941
-0.10578615 -0.40416412 0.56773621
-0.53552406 -0.27823771 0.91970501
0.74102346 -0.59842965 -0.13034581
-0.24546366 -0.10993051 0.40770271
-0.60680008 0.09098558 0.52315785
0.79014659 -0.22213537 -0.4605549
0.79065068 -0.85372024 0.12433456
0.77782236 -0.02650633 -0.62387559
-0.82708117 0.13300617 0.74951751
-0.13139143 0.36637301 -0.17292188
0.61635803 -0.37864207 -0.1701519
0.10777979 0.62911716 -0.70924541
-0.36143203 -0.58318727 0.989211
0.84968325 0.16798431 -0.74687569
-0.75051832 0.50100649 0.30090632
0.84575323 -0.99308448 0.31761431
-0.52235827 0.28665375 0.2638605
0.4963806 0.61405935 -0.90711586
0.01894686 0.54276775 -0.52993183
0.67747586 -0.44432772 0.05188968
0.91779022 -0.04422644 -0.83716451
-0.97510812 0.9612998 0.03338863
-0.07662189 0.47640401 -0.37179001
-0.00610658 0.36080452 -0.28403351
0.83568816 -0.00680229 -0.75160131
0.59347161 -0.94104468 0.36026445
0.81726634 -0.01270862 -0.72830573
0.50767828 -0.52205864 0.10621855
0.83797764 0.03735212 -0.77414995
-0.17959919 0.6214817 -0.43551494
0.94658564 -0.80408792 0.06685982
-0.93266556 0.70883113 0.66559388
0.84178952 -0.05523798 -0.64155788
0.35303766 -0.05601416 -0.21519489
-0.72190375 0.43412135 0.32180682
-0.79838772 0.93920109 -0.1249746
0.68761471 0.29297298 -0.96925614
-0.93450619 0.87603152 0.13178969
-0.56061791 -0.12217969 0.77356533
0.74914968 -0.71451632 0.23198113
0.12134418 -0.99076315 0.99752117
-0.16522154 -0.16304328 0.39898811
-0.2293786 -0.22204236 0.52214649
-0.7450451 -0.10398439 0.90790976
0.92296777 -0.7426292 -0.14252629
-0.2295871 0.17808513 0.05236566
-0.97132572 0.78655214 0.19234135
-0.54723753 0.64798984 0.17740326
0.85827037 -0.87635145 0.26901363
0.46817016 0.13411039 -0.59401797
-0.29286265 -0.29868104 0.69879973
0.62442302 0.24265516 -0.73689755
-0.20352705 0.80417082 -0.49814285
0.4983251 -0.73318405 0.32609745
-0.93301107 0.04721764 0.96987977
0.81216651 0.23231106 -0.92687033
0.81917131 0.04833378 -0.61117705
-0.94918988 0.33960368 0.62359342
0.33844054 -0.90069825 0.76372951
-0.72964177 0.02114293 0.74934088
0.29572359 -0.90197665 0.71707931
0.02964901 -0.82180669 0.92037703
-0.76020926 -0.23013211 0.99238698
0.74895021 -0.9055431 0.55584356
-0.26126196 0.20757341 0.06982032
0.27729636 -0.20232713 -0.01549032
-0.51487468 0.52849436 0.01960359
-0.85508862 0.10790043 0.97815598
0.62954999 -0.22835342 -0.34240482
0.77379596 -0.99143476 0.39831274
-0.37026754 0.32432184 0.15824584
0.44963256 0.4356665 -0.67152819
0.29882908 -0.60115646 0.34299118
-0.14301415 0.71728011 -0.50982058
-0.25283821 -0.34039587 0.62708378
-0.73631304 0.20931912 0.55324461
-0.32055364 0.08883841 0.31320839
0.1919388 -0.79381648 0.60977414
-0.24734944 -0.14754476 0.43080783
0.77362341 -0.37604177 -0.2235929
0.36239781 0.31831171 -0.60770493
0.96522203 -0.93681856 0.34941852
0.02662597 0.44483476 -0.46345852
-0.77126588 0.81630963 0.124984
0.0034219 0.90431493 -0.862222
0.4910209 -0.79843246 0.33239798
0.88012157 -0.46517608 -0.4097165
0.18529277 -0.91666099 0.87576535
-0.06745803 0.85017199 -0.64624509
-0.35954781 0.23744674 0.20953731
-0.58520506 0.86673876 -0.21569629
0.56501565 -0.79177145 0.33816913
-0.88800022 0.90832052 0.35775851
-0.21999224 -0.02034593 0.27832791
0.96270564 -0.85294206 -0.07895046
-0.42492652 0.79696001 -0.13679681
-0.17997396 -0.71934355 0.95040276
-0.1191246 -0.41092121 0.53245348
-0.93439882 0.40823336 0.77663051
0.15595324 0.64943143 -0.63708472
0.016734 0.38739587 -0.40311295
0.86840571 0.05501576 -0.79520834
0.99796463 -0.60423708 -0.27534659
0.489444 0.54513452 -0.83774646
-0.85152446 0.48887414 0.52625345
-0.67049302 0.98791875 -0.28463756
-0.66342881 -0.16961382 0.88108853
-0.22950118 0.47434841 -0.23250181
0.43327904 -0.05713884 -0.34586285
-0.02088636 -0.4942367 0.55189137
-0.71818481 0.43111924 0.40545982
-0.20868913 0.92793027 -0.38506421
-0.48202308 0.83352825 -0.15681482
0.77007672 -0.37650198 -0.35596314
0.58792915 0.3026531 -0.60391659
-0.87611005 0.55103975 0.57952534
0.42929687 -0.92339424 0.51143598
0.8817369 0.04116668 -0.82596885
0.67817473 -0.66600591 0.16641128
0.98155099 -0.01467001 -0.79838644
-0.06692435 -0.18477888 0.33915026
0.77901229 -0.69816258 -0.01991634
0.65878903 -0.23423807 -0.33779396
-0.23997111 0.80882954 -0.54638178
0.74214029 -0.90426575 0.38289796
-0.15581649 0.89946168 -0.42778446
-0.17893192 -0.731674 0.94426088
0.51800971 -0.90280724 0.59666317
-0.32360672 0.85631729 -0.25971489
0.53373925 -0.89891401 0.42476492
0.50421085 -0.29802286 -0.1304206
-0.80244063 -0.04229993 0.87546477
-0.3385789 -0.17690712 0.5901808
-0.52725279 0.93241426 -0.31623472
0.85253098 -0.19387576 -0.63401584
-0.5116753 0.87309792 -0.29122684
0.8094582 -0.15740012 -0.45650709
0.25351886 0.44672686 -0.6331761
0.94807224 -0.68977644 -0.24429625
0.61927005 0.38517712 -0.90225088
0.54035669 0.5033288 -0.94005623
-0.29882449 -0.60586484 0.96178224
0.69727992 0.15011482 -0.80061743
-0.24852551 0.70624399 -0.43519595
-0.35776436 0.59809823 -0.17472458
0.44277834 -0.93893083 0.89359906
-0.31095717 0.44278585 -0.11952959
-0.27930725 0.83470924 -0.45784264
0.20855203 0.695789 -0.8821351
0.63836753 -0.55977085 0.043005
0.98819581 -0.82422058 0.14752315
0.13072592 0.3352076 -0.44492566
-0.49567634 -0.3361459 0.88177182
-0.90915023 0.68817775 0.46476627
0.4997185 0.246412 -0.64594926
-0.25993566 -0.21449273 0.54036514
0.6307836 0.44096145 -0.96267777
0.56070135 0.65417714 -0.94624689
0.9828773 -0.50887837 -0.2783255
0.57762018 -0.34293343 0.00747061
-0.62207003 0.70661469 -0.05439404
-0.82871347 0.27378304 0.70199204
-0.80051626 0.59896238 0.24109165
-0.65695884 0.15883247 0.77542587
0.53727032 -0.73990194 0.37429114
0.11933915 0.84702272 -0.94516293
-0.24860579 0.33080913 -0.04549029
-0.80147361 -0.03670218 0.87321629
-0.47976002 -0.3507705 0.8735655
0.28125499 0.572289 -0.71681183
0.63856262 0.02519994 -0.53236176
-0.25739436 0.01437867 0.31255803
0.30679591 0.63879026 -0.91117874
0.16908496 0.65304749 -0.78523836
0.54182659 -0.26392226 0.00264547
0.00535817 -0.35034838 0.46112393
0.65943451 0.47983746 -0.81927243
0.84655557 -0.66971164 -0.08640806
-0.28493055 -0.57400426 0.92853665
0.69464446 0.38929675 -0.99137883
0.07107154 -0.4627247 0.46589131
-0.83881616 0.09524722 0.89875355
-0.97552626 0.71000387 0.3102427
0.7132551 -0.0868306 -0.3783254
0.07733497 0.69893013 -0.70513303
0.39274222 0.52830146 -0.84468607
0.12816823 -0.90082672 0.92723893
0.07272471 0.46841325 -0.52840627
0.76150328 -0.92367225 0.29826721
0.11915571 -0.34002941 0.28283981
-0.64608284 0.17006292 0.58019721
0.23221217 0.81219952 -0.89338763
0.24509972 0.39089126 -0.5333685
-0.14334081 -0.50924926 0.67371957
0.45706149 0.01730597 -0.44415132
-0.93125738 0.12633407 0.81322526
0.75961033 0.0228308 -0.70646631
-0.34204859 0.85557961 -0.50515669
0.07917194 0.48911631 -0.55175533
-0.29920743 -0.41892578 0.81082211
-0.63028168 -0.18396488 0.82457456
0.63658931 -0.87891403 0.3564591
0.66667224 0.55998514 -0.95961618
0.68608107 -0.18318263 -0.46052067
0.81132216 -0.67369925 0.0442537
-0.40844409 -0.44193362 0.90367329
0.43233366 0.38718466 -0.77826865
0.76093164 0.21557326 -0.83316311
0.67296113 -0.81819417 0.28502197
-0.71677007 0.13198941 0.66993933
-0.78036807 0.58276472 0.24472836
0.5662868 0.40155195 -0.91897322
0.04985584 -0.86065591 0.94658646
-0.29791066 0.07618947 0.31869804
0.28801163 0.6814731 -0.92421252
0.3861454 -0.96427893 0.94320804
0.03296016 0.76333888 -0.5084851
0.42730774 0.25084676 -0.65894151
-0.65490762 0.44073831 0.30834536
-0.60419056 0.31352424 0.3502094
0.1083148 -0.48276372 0.47775819
0.93583594 -0.50981233 -0.40540879
-0.41124241 0.01231913 0.45879826
-0.26963215 -0.07494564 0.37642191
0.56132843 -0.59724306 0.14927673
-0.08447754 -0.60847825 0.69514188
-0.97099209 0.36887684 0.69972942
0.90697661 -0.73006672 -0.15922369
-0.91328362 0.98771533 0.37683519
-0.44043921 0.21875904 0.37130723
-0.08842964 -0.57218096 0.92483808
-0.08985212 -0.40694666 0.57315344
-0.84243434 0.70298705 0.20732324
-0.06276114 -0.68865049 0.78493498
0.74278681 -0.62600472 -0.07308417
0.76600129 0.67165243 -0.93643725
0.51986952 0.05331389 -0.5355486
-0.36412774 -0.09887267 0.47309298
0.91489068 -0.00408927 -0.6060015
-0.48328529 0.86349132 -0.37515987
-0.1533053 0.67671546 -0.3764824
0.15639014 -0.98755877 0.90220696
0.74189286 0.17120171 -0.88783549
0.83691355 -0.25467203 -0.42573344
-0.27051055 0.12694735 0.14639051
0.86914226 -0.03947804 -0.72866832
-0.08614839 -0.72625111 0.95235285
-0.9445573 0.77202702 0.25820576
-0.74816593 0.35295575 0.54994972
-0.35491442 -0.05163696 0.46448951
-0.06424027 -0.61765542 0.83072803
-0.71462627 0.51033996 0.2149015
-0.16461238 -0.20066618 0.41556745
-0.58650195 -0.19290481 0.81959092
-0.91342828 0.50178637 0.60048832
-0.42312798 0.92122596 -0.36585056
-0.23111072 -0.65325171 0.98118711
-0.66115449 0.84487067 -0.09888057
-0.37373116 0.29123745 0.09155634
0.55735235 -0.44185877 -0.06991403
0.52130855 -0.72215224 0.29656633
-0.76446662 -0.14587006 0.9241965
0.12204729 -0.97118861 0.95501662
0.3435618 -0.48588642 0.15539882
0.10496121 -0.95148283 0.877783
0.82068058 -0.28368081 -0.5247526
0.20277791 -0.84128818 0.93612703
0.60258538 -0.33593772 -0.25572824
0.73923502 -0.98987939 0.40672458
0.95364063 -0.89995255 0.20274614
0.31776677 -0.69866331 0.46139079
0.56701145 -0.43029603 -0.10414513
0.40763485 -0.27840169 -0.05302863
0.52586484 0.21580661 -0.63657909
-0.91947659 0.27108681 0.65881372
-0.80066292 0.26557358 0.76271981
0.89306761 -0.61061129 -0.23059815
0.72607727 0.72332856 -0.98683396
0.54916669 -0.90530869 0.46446598
-0.1696213 -0.47586401 0.98832319
-0.75182941 0.98296911 -0.08948094
0.85165501 0.23153023 -0.99355571
-0.30854152 0.94423879 -0.53307477
0.66728185 0.09985084 -0.71024213
0.70031291 -0.8755566 0.23054023
-0.19649322 -0.27661721 0.65106743
0.02963561 -0.75485388 0.72838895
-0.31802225 -0.00923318 0.33733144
-0.01068449 0.78699215 -0.57748077
-0.78133053 0.59813578 0.39827576
0.80057212 -0.65564853 -0.0874307
-0.95954878 0.50799825 0.70490338
0.39426381 -0.99052978 0.99717925
0.09097436 0.95794388 -0.71763647
-0.05267224 0.8507933 -0.53621927
0.3092218 0.46826358 -0.71504924
0.41879706 -0.35995378 0.17573432
0.05013791 -0.54475084 0.57941927
-0.17663335 -0.64167582 0.88055773
0.43168966 -0.49184098 0.13859784
0.49407918 0.09410948 -0.57515098
0.86475075 -0.4878175 -0.2963195
-0.45136459 -0.07507193 0.62201704
-0.50485481 -0.26993043 0.96540375
0.04945519 0.29414997 -0.31671576
0.37065163 -0.31861842 0.05051388
0.14613236 0.26304365 -0.36129483
0.95942332 -0.56806682 -0.3867101
0.46654845 -0.77294201 0.31172487
0.24430116 0.31193534 -0.4827486
-0.94378897 0.67992778 0.37246755
-0.41990772 0.4612937 0.04588574
0.50959289 -0.13222801 -0.23009596
-0.82882065 0.83816358 0.01552911
-0.82988604 0.51365497 0.40824969
-0.35203546 -0.28977577 0.68530867
0.66386647 -0.93323993 0.52338054
-0.2483099 0.11585058 0.13917485
0.91484093 -0.95573933 0.25239274
0.41319285 -0.91314529 0.5271932
-0.30705345 0.07740258 0.23459199
-0.03849961 -0.35948591 0.6251705
-0.06126056 0.83499431 -0.66106513
-0.27178264 -0.107298 0.39818413
0.46809506 -0.11315395 -0.21181445
0.07790092 0.903743 -0.83351845
-0.34216501 -0.43628963 0.81395809
0.24201871 -0.75975573 0.55377066
0.45410455 -0.33858713 -0.04886463
0.53181743 0.49449045 -0.8448571
0.65158639 0.18404393 -0.75632589
0.78428502 -0.92052673 0.1427206
-0.29479017 0.39797539 0.0453431
0.78295465 -0.3756808 -0.4028513
-0.65939775 0.83932041 0.30117526
0.50415193 -0.93906096 0.86074606
-0.79072344 0.45788021 0.51128525
0.79201573 -0.39509909 -0.29883607
0.67075302 -0.08324191 -0.39978063
-0.72648705 0.70065102 0.07749137
-0.23049712 0.47191595 -0.11376189
0.20213657 -0.48665645 0.3894421
0.41758984 -0.67059774 0.4916528
0.17759356 -0.97270011 0.90883462
0.25248658 -0.47528869 0.23554419
-0.59818132 0.87301571 -0.23616691
0.0641295 -0.72734886 0.8099727
-0.36656516 -0.44261498 0.88483642
-0.79401743 0.63372946 0.35704363
0.70421119 -0.31276424 -0.33129051
0.74733459 0.06171411 -0.64403522
-0.30270529 -0.29447618 0.67297569
0.54132226 -0.51567828 0.03911743
0.68624186 -0.50192811 -0.16271872
-0.10973932 -0.44562992 0.88716919
0.29375359 -0.5350778 0.31658198
-0.57436998 -0.27902677 0.87994118
-0.17773799 0.82769226 -0.56208957
0.23413028 -0.88943976 0.82941892
0.50735892 0.50436164 -0.921016
0.5112188 -0.57189708 0.10106876
-0.85906999 0.21704198 0.81113392
0.64918299 -0.79786614 0.35675414
-0.6269828 0.14100541 0.54938694
0.04461824 0.96071723 -0.80603358
0.3330711 0.17580897 -0.48544708
0.6393362 0.27166298 -0.82022527
-0.67117647 0.09209854 0.64401528
0.45642996 -0.20021767 -0.21564141
0.38158871 0.48880254 -0.78043261
0.41520284 -0.15211097 -0.24299903
0.50907162 -0.81988266 0.32872097
0.39486198 -0.79898455 0.50858159
0.14757081 0.59384473 -0.65357294
-0.4259772 0.46968103 0.1389473
-0.01135165 0.76895144 -0.65256496
-0.15782495 0.72757452 -0.56195352
0.63610232 0.17956569 -0.80989653
-0.64294929 0.9114153 -0.24600451
-0.85109109 0.15521615 0.7417011
-0.382629 0.65464844 -0.16770439
0.01534851 -0.72764185 0.95976211
-0.35655534 0.66179237 -0.26175869
-0.70729627 0.86542324 -0.00403663
-0.20507771 -0.04970805 0.26590467
-0.48978188 -0.21660858 0.83355208
0.17944966 -0.15006792 -0.01411748
0.38791781 0.79043268 -0.78266898
-0.87409813 0.36119936 0.89519256
-0.01056123 0.94758914 -0.83569987
-0.54232114 0.25606432 0.32646746
0.79821036 0.25738956 -0.88558858
-0.00875772 0.78796485 -0.74253787
0.58201242 -0.68995207 0.14922993
0.52021597 -0.85675369 0.42980914
-0.28707977 -0.21656173 0.74582747
0.95883813 -0.7720285 -0.17372895
-0.66484214 -0.15313034 0.84379896
-0.16414043 0.8479658 -0.5123447
-0.24468118 -0.60711029 0.91254709
-0.67729938 0.13522003 0.56568807
0.35952154 -0.8866319 0.6419346
0.67960417 0.34225076 -0.72476494
-0.06347261 -0.60260703 0.73656958
0.51634872 -0.63766376 0.25226018
-0.3772219 0.90352664 -0.42334077
-0.11914158 0.96937843 -0.73958631
-0.06402336 0.34031865 -0.26438516
0.57449103 -0.26465002 -0.22626775
0.784103 0.23847484 -0.89938834
0.18058788 0.52283924 -0.65339722
-0.34932201 -0.37361176 0.8998696
-0.5749589 0.13895607 0.46951212
-0.17706027 0.69985145 -0.42621646
0.12301437 0.64926436 -0.76429414
-0.98473268 0.33372855 0.91003809
-0.46003715 0.78027061 -0.14870091
-0.11806524 -0.59289201 0.92501742
0.70145992 0.35342955 -0.84871947
0.46925573 0.0330075 -0.45194876
0.06529344 0.86168671 -0.90214117
0.06881968 0.50176418 -0.56167383
-0.33687439 0.93764756 -0.4848102
-0.25912531 -0.17663502 0.45582738
-0.91254219 0.6609457 0.72227561
-0.88690978 0.48570741 0.60545099
0.07285798 0.62669643 -0.67413538
0.23076486 0.29323762 -0.52120992
0.01277569 -0.17809138 0.18132139
-0.74139189 0.58403143 0.20539344
-0.26841545 -0.26889642 0.56252964
-0.89725186 0.34003923 0.64231279
-0.59912049 0.68883162 -0.00570401
0.5399811 -0.86727831 0.42004583
-0.18152934 0.71555501 -0.38232646
0.43688134 -0.77823756 0.45107012
0.57767388 -0.25773446 -0.26382342
-0.63416689 0.6826679 0.00869434
0.73873701 -0.70009507 -0.01617193
0.42720329 0.12172658 -0.35961207
0.84148063 -0.45755659 -0.28873287
0.78010559 -0.32536295 -0.43788466
-0.17901521 -0.54399083 0.86260075
-0.31499871 0.44587031 -0.11176332
-0.737919 0.97534897 -0.09403551
-0.72668143 0.66505309 0.13061833
-0.41917756 0.70763963 -0.22113878
0.75882003 -0.31477409 -0.37903132
-0.23654162 0.78260329 -0.43480147
0.29248782 0.10538359 -0.38777257
0.38250753 -0.25537794 -0.11219715
0.2277485 0.60672308 -0.65984724
-0.13165217 0.77910709 -0.60618001
0.86802398 0.0105286 -0.60934269
-0.84414557 0.19200954 0.96673226
0.28350836 -0.96012896 0.82898507
0.46787899 -0.76190529 0.39809527
0.54980135 -0.89457493 0.48493767
0.15283123 0.11083181 -0.24431238
-0.60836496 0.06600835 0.75816936
-0.30253809 0.34247118 0.05712623
-0.47740699 0.08926597 0.51416599
-0.35809517 0.27693904 0.09091649
-0.16931016 -0.55524407 0.80790335
-0.66678015 0.54477763 0.17215272
-0.04975976 -0.89750594 0.9983695
0.19080978 -0.78247462 0.6413703
0.92388273 -0.29336975 -0.55626089
0.78647027 -0.16657202 -0.56196307
-0.5681514 -0.03425201 0.63158435
0.11824978 0.73120333 -0.7112356
-0.93576521 0.68674962 0.38975081
0.00303605 0.5936942 -0.59084195
0.17415033 -0.27536798 0.17970076
0.60070557 -0.74498494 0.16979181
0.3715909 0.68547712 -0.94985747
-0.13854333 0.73777652 -0.39146295
-0.00380444 0.87498367 -0.83367247
-0.15662447 -0.52275097 0.89285384
-0.75882155 0.56109313 0.44649829
-0.78973275 0.50889014 0.77274814
-0.91559772 0.54922257 0.44505128
0.50803788 -0.39069547 0.00291167
0.04609151 0.45503798 -0.49445176
0.91814149 -0.10116029 -0.7638359
-0.77693787 0.5450055 0.23224628
-0.42812675 0.0537145 0.59597115
0.1667273 -0.89804532 0.92921789
0.08283993 -0.25697492 0.18086127
0.52555924 0.35973927 -0.84878435
-0.0764056 0.20977388 -0.13254059
-0.01816262 -0.522498 0.55074586
0.58264579 0.23261188 -0.73648591
-0.15997868 -0.82164171 0.99493291
0.64356309 -0.80502153 0.17370224
-0.48079335 0.7408059 -0.25833463
-0.89101758 0.81269803 0.14114815
-0.61015744 0.43391734 0.22697934
-0.35540779 -0.32466386 0.78719297
0.92073667 -0.70511791 -0.08883478
0.87242267 -0.93098167 0.17706765
0.01572324 0.22947472 -0.22597475
-0.96695892 0.93352501 0.03574662
-0.50429449 0.83377001 -0.24944751
-0.07888946 -0.38295801 0.85241694
-0.80293077 0.86635813 0.01357335
-0.95385812 0.09974124 0.99025658
0.59635052 -0.13702476 -0.44909911
0.66477791 0.40666646 -0.89379266
0.30015249 -0.34071342 0.08768262
-0.22363336 -0.58394401 0.85272522
-0.90871126 0.14008361 0.79330394
-0.14679546 0.52929666 -0.34297046
-0.40709704 -0.10301377 0.53759951
0.28691574 -0.66663307 0.50109069
-0.1053033 -0.73059305 0.85144482
-0.44852634 0.8452724 -0.39465192
-0.09639366 0.78865635 -0.61493161
0.09236688 -0.94061661 0.88369176
0.76914939 -0.41646879 -0.35134119
0.66858333 -0.14071462 -0.28199173
-0.58380594 0.85778325 -0.11320775
0.54217048 -0.89002299 0.55506567
-0.06369821 -0.45067141 0.80720687
-0.65627582 0.05558609 0.66349862
0.71091328 -0.80281274 0.13406981
0.22022659 0.4700776 -0.6130854
-0.65867336 0.86110296 -0.12389127
-0.91919985 0.98422813 0.00889203
-0.06062944 -0.68607031 0.92200974
0.30488622 -0.91674342 0.72266214
-0.15349897 0.58992872 -0.41633118
-0.72891543 -0.18052704 0.92693568
-0.26710169 0.29737674 0.0151813
0.22108598 0.65753244 -0.79381898
-0.71457528 0.40629138 0.44326788
0.96862909 -0.40384933 -0.44264319
-0.39180909 0.82303346 -0.27701507
-0.5961611 0.73933537 -0.10036829
-0.61690331 0.04931335 0.78438434
0.27169351 0.50617811 -0.7446999
0.05418525 -0.8422696 0.80765884
0.41240362 -0.8488865 0.48449227
0.71371448 0.07511057 -0.56152398
-0.68673782 0.74815265 0.09266514
-0.43877021 -0.46581462 0.96667462
0.78306616 -0.8879619 0.26785995
0.15287484 0.65450024 -0.58206122
-0.19863639 0.81155175 -0.44337651
0.85932924 0.91631626 -0.95156056
0.92321436 -0.32725543 -0.48846155
0.42462317 -0.63086963 0.40288875
-0.04927588 0.41020568 -0.31353243
0.89458104 -0.10316433 -0.70629093
0.48496858 0.10099607 -0.47688812
-0.46564474 0.93583854 -0.19671439
-0.95969363 0.95317177 0.16864432
0.04794484 0.53772709 -0.51142427
-0.82047073 0.71290578 0.18209097
0.80222337 -0.78062325 0.39249155
0.49832214 -0.52336165 0.07418379
0.0594533 -0.5369099 0.47777106
0.86735795 0.3432594 -0.94484464
0.69448882 0.49956595 -0.93269898
-0.36830645 0.17286389 0.27419483
0.68776268 -0.27786417 -0.29701625
0.21466581 -0.91282544 0.70510407
0.8030545 -0.08390676 -0.60366116
-0.57621995 0.32939396 0.5951458
0.25640307 0.67865928 -0.85923824
0.24754153 0.55484958 -0.62711551
-0.38943482 0.33108254 0.07022338
0.76707421 -0.94912616 0.39812968
0.19802981 0.51074169 -0.68482449
0.84905691 -0.38581914 -0.45416332
-0.09816398 -0.30779421 0.88304894
-0.26691166 -0.09003973 0.5070189
0.95604261 -0.62650045 -0.3254313
-0.80842265 0.43613522 0.45923325
-0.20355964 -0.63114888 0.87734857
0.38103384 -0.82339825 0.46783664
0.06193692 -0.6713752 0.61548529
0.28143749 -0.26128596 0.06418907
-0.57083073 0.50818776 0.15664709
0.94637403 -0.42731949 -0.48845094
0.37985623 -0.95588982 0.67541545
-0.62710189 -0.08731825 0.75219166
0.39174154 -0.92869011 0.62390099
-0.08149101 -0.40208404 0.74048594
0.97734668 -0.11889963 -0.57609193
0.7471794 0.13329657 -0.85912771
-0.27144442 0.9137856 -0.63566992
-0.21179769 0.60972977 -0.35210392
0.13953489 -0.55039331 0.43517242
0.66875321 -0.82765226 0.23900476
0.81553012 -0.47482627 -0.3203495
-0.49730483 0.0571786 0.44249467
0.62482123 -0.53986066 0.00259918
-0.5338752 0.98941368 -0.42982274
0.85502445 -0.97419062 0.32482806
-0.24591869 -0.59732254 0.99262672
-0.59916946 0.91718617 -0.23048703
-0.68076208 0.942999 -0.13375959
0.35196007 0.4118959 -0.63904203
-0.67602598 0.74410363 -0.03585127
-0.5794422 0.96755298 -0.37878301
0.14495297 -0.70230436 0.77561781
0.79350765 -0.46754243 -0.27938085
0.14373764 -0.92857501 0.79553993
0.71282914 -0.15116579 -0.53715578
0.33382585 0.34645688 -0.65495369
-0.63630028 0.42901195 0.26696383
0.45480365 -0.7238818 0.31582287
0.61241924 -0.3885584 -0.14267994
-0.1214283 -0.62133102 0.81780425
-0.57391827 0.46571302 0.13310557
0.65228575 -0.82219089 0.3600666
0.84341153 0.08400567 -0.78877406
0.23286867 -0.37734222 0.14685115
0.62602343 0.05137657 -0.59317285
-0.15035479 0.83723748 -0.59759568
0.83130904 -0.92295467 0.15761572
-0.63200795 0.75177598 -0.0986815
-0.95960502 0.02376712 0.98053813
0.21718991 0.00687322 -0.19710144
-0.73426326 0.54942745 0.19082534
0.66526793 0.19359496 -0.76094567
0.63256277 -0.66768039 0.12635756
0.72779561 0.1484246 -0.82334173
0.67967105 0.16414511 -0.72612436
0.51897412 0.46979583 -0.98147074
-0.07392679 0.39250346 -0.25447415
0.54101963 -0.36604583 -0.06317735
0.24929552 0.34135551 -0.50293778
0.38034804 -0.99071275 0.85957369
-0.98263707 0.65290282 0.41152246
-0.72754064 -0.11800111 0.93965458
0.61948086 -0.58219404 0.10439495
-0.33440944 0.57304934 -0.17299503
-0.67703797 0.49134397 0.2882272
0.9930583 0.12440353 -0.82190367
-0.55364299 -0.33274991 0.95675245
-0.82145971 0.74872747 0.29256274
-0.64654241 -0.00773244 0.93485589
-0.21185695 -0.37286341 0.85393203
0.56160322 -0.21312263 -0.25277
-0.96660902 0.50770776 0.8094226
-0.71181011 0.53957248 0.20106843
0.5827483 -0.98588153 0.66040006
-0.4988232 0.04195657 0.51923528
0.52629202 -0.00492715 -0.49857791
0.4652921 0.38369801 -0.58033272
0.33651547 0.37867882 -0.69455023
0.18274473 -0.77236835 0.80122169
-0.47172053 -0.18064172 0.67827827
-0.84464025 0.68168337 0.20654328
-0.56955356 0.96957301 -0.28990884
0.95946209 -0.0500337 -0.82882038
-0.29633675 0.95329691 -0.25399516
-0.81566057 0.03943508 0.93797781
-0.83369976 0.18677268 0.95934857
-0.37487139 -0.33223097 0.72740004
-0.53795579 0.30391705 0.30539891
0.79256271 0.1401774 -0.89569981
0.84050336 0.25560544 -0.78811474
0.73005848 -0.93858314 0.29944781
-0.44442703 -0.36057623 0.84541347
-0.63877756 0.52863607 0.23270045
0.42399331 0.00687009 -0.38318942
-0.97247688 0.47139392 0.78899996
-0.33548423 -0.15023525 0.5632582
-0.2693423 -0.13104439 0.55024024
-0.12696568 0.61173107 -0.46761403
-0.11268044 0.66163668 -0.49664711
0.23154353 -0.77120159 0.61900001
-0.39730395 -0.10597182 0.53837758
-0.56349473 -0.13676303 0.79567062
-0.97950878 0.79130218 0.66799434
0.28978252 -0.98826771 0.70132891
-0.04369154 0.12695835 -0.07513704
0.64628582 0.2973544 -0.92989306
0.50464603 -0.82983982 0.4602835
0.79858603 -0.93803749 0.29413003
-0.78925135 0.83149736 0.11234344
0.16638256 -0.94109298 0.92462895
-0.68048916 0.86470024 -0.09222866
-0.17112547 -0.55519407 0.7711099
-0.7126771 0.07094255 0.77189871
-0.27256544 -0.03292975 0.36361238
0.40216873 -0.17219352 -0.2089349
0.63016024 -0.79596457 0.20805275
0.52664299 -0.5522998 0.11526359
-0.64366436 0.72105986 0.04030821
-0.79097783 0.85905751 0.10158287
0.2553723 -0.84890978 0.95583591
-0.95468535 0.87668312 0.38833049
-0.01183865 0.41437874 -0.39719784
0.93840114 0.08657075 -0.99222399
0.24250638 0.2927008 -0.53230975
-0.11580795 -0.25227837 0.50346262
0.89203893 -0.87176921 0.1930365
0.35896878 -0.38398629 0.05583364
-0.94160433 0.59676745 0.56451285
-0.60120999 -0.08771794 0.70582292
-0.55096398 0.35634914 0.30901626
-0.59195527 -0.24986591 0.85067452
-0.49764995 -0.2850585 0.79434294
0.56447288 0.24149605 -0.66321998
-0.57034753 -0.31727268 0.97888918
-0.84231233 0.7545825 0.28539964
-0.05127443 -0.5949952 0.64966853
-0.83138303 0.76732821 0.10339506
-0.66870523 0.00665069 0.94769339
0.90561337 -0.4389216 -0.45758559
0.0117646 0.13585746 -0.14266995
0.11544984 -0.96471918 0.87481157
0.40578032 -0.40056774 0.11052051
-0.71758603 0.37714897 0.46392994
-0.2501321 0.87893019 -0.52519044
-0.27813104 -0.16205834 0.54788096
-0.74339772 0.81036793 0.06805516
-0.02716457 -0.71366225 0.96571118
0.46270686 -0.83792384 0.52794077
-0.76586926 0.03220451 0.88228807
-0.03197082 -0.38752595 0.48403024
0.7142489 0.15425747 -0.85486238
-0.4308353 0.21663475 0.31894536
0.9548544 0.21655476 -0.80673292
0.61225389 -0.99972998 0.45703001
-0.60709918 0.68808466 -0.01570469
0.79723908 -0.07200533 -0.67042458
0.3340952 -0.65212302 0.35103004
-0.01120831 0.5036687 -0.47506032
0.5915531 0.3254554 -0.68142241
0.54933686 0.14283395 -0.66839908
-0.52400165 0.98657285 -0.30744577
0.02315924 -0.7428822 0.73025586
0.93390919 -0.28127399 -0.59989917
-0.18842615 0.63515875 -0.30770511
0.0314281 -0.61720131 0.92229142
0.99194104 -0.86499733 0.07173335
0.72177642 0.28169884 -0.95598014
-0.98153973 0.82639858 0.36724661
-0.25256984 0.69308971 -0.38971197
0.04432384 0.95446817 -0.8920701
-0.96527964 0.33130139 0.99930954
-0.70553107 0.00687708 0.87311028
-0.54739643 0.42648763 0.17207641
-0.68846681 0.78284732 0.06596885
-0.48226496 0.50806099 -0.00142109
-0.33057778 0.02289876 0.34423792
0.62369254 -0.92828013 0.3683324
0.45469858 0.35179239 -0.64467511
-0.28997463 0.67522092 -0.35159959
0.26880058 0.51720273 -0.71109597
0.97549912 -0.85921359 0.05156861
0.53259122 -0.28406305 -0.2367972
0.17490646 0.72487978 -0.85731425
0.01107666 -0.89962542 0.91909113
-0.23052681 0.53169546 -0.23278554
-0.11335402 -0.13677112 0.40292498
-0.26129531 0.89518961 -0.56736299
-0.31823753 -0.31725684 0.63720016
0.52568537 0.42902512 -0.87940661
-0.92842374 0.67828364 0.37022981
-0.18884527 -0.24152832 0.56890083
-0.00897848 0.53901016 -0.50048598
-0.61380672 0.94256032 -0.30892186
-0.21686338 -0.71791705 0.9584721
0.12293951 -0.71577679 0.68305107
-0.32158322 -0.07533448 0.49983209
-0.72165562 0.39890087 0.37680693
0.35323414 0.54281026 -0.72561383
-0.48750238 0.36994856 0.25322808
0.31713193 0.43532275 -0.69812583
0.57524114 -0.33920408 -0.20080563
0.00758841 0.62790399 -0.55939469
-0.83252108 0.72702875 0.24983551
0.31979622 0.27140819 -0.40247515
-0.14536082 -0.14249702 0.38877518
-0.0319466 0.58217006 -0.36742116
0.72580865 0.42013451 -0.81266256
0.51613751 -0.73734123 0.3421731
0.1166381 0.46904627 -0.53100423
-0.30330773 0.41188245 -0.07369044
0.23256751 0.11916185 -0.3147564
-0.73529504 0.28496623 0.66069142
-0.79249693 0.05540486 0.76088761
-0.94833395 0.49073071 0.81756071
-0.45572743 0.89942322 -0.39299788
0.41595769 -0.79529352 0.50365943
-0.0232771 0.83085361 -0.63690524
-0.52771682 0.26709859 0.34662968
0.663792 -0.4241289 0.14481945
0.09151493 -0.01921826 -0.06823521
0.33625976 -0.78421515 0.50081578
0.08647452 -0.20671124 0.17194115
0.8588997 -0.50487979 -0.09095371
0.95870429 -0.53448169 -0.25529993
0.09692713 0.65374698 -0.59739521
0.89112625 0.36093536 -0.96687049
-0.37408312 -0.25000006 0.6817205
0.0506782 0.60487535 -0.64649518
0.4714044 -0.11636609 -0.29816283
0.62610423 -0.78379613 0.38056852
-0.26578496 -0.60959761 0.96561983
-0.08757972 -0.73076435 0.95148169
0.87016739 -0.6431835 0.13108054
0.12732582 0.49010554 -0.55968067
0.9355941 0.62427268 -0.84419745
-0.03618231 -0.85807148 0.897188
0.27955044 0.43149924 -0.70084387
-0.09311005 0.78160654 -0.61632899
-0.8507289 0.70825061 0.26338895
0.08949024 -0.84446563 0.91171729
0.1527717 0.53619854 -0.55522221
0.33426814 -0.44207242 0.28544973
0.55601262 -0.16894822 -0.23930403
0.36070394 -0.36826489 0.07504509
0.77248198 -0.96284331 0.3322169
-0.52562955 0.70205759 -0.08388542
-0.0936033 0.71884487 -0.48435153
-0.54660149 0.08291071 0.53814076
0.31543488 -0.38190376 0.08981673
0.76644524 -0.80245045 0.07610927
0.45617267 0.23367181 -0.6705314
0.33755395 -0.77768346 0.72725315
0.06385688 0.8076292 -0.83417749
-0.03099452 0.88239652 -0.84782081
-0.46573011 0.55762785 0.01478528
0.08591842 -0.30829682 0.23369242
-0.11790499 0.89429637 -0.63756389
0.34058854 -0.46220686 0.17778471
0.89988766 -0.94715084 0.05255603
0.40522638 -0.82828821 0.45992526
-0.21983557 0.43207153 -0.15110651
0.55478623 -0.87598235 0.33158376
-0.23683024 0.38414759 -0.09779297
0.91599375 -0.80490033 -0.06503245
-0.69509356 0.93377338 -0.01834697
-0.29742783 -0.53984924 0.85773347
0.74987546 -0.62883763 -0.02219535
0.75743979 -0.39434452 -0.32813609
-0.12759827 0.69974847 -0.49692191
0.52257589 -0.56386181 0.12465662
0.12994498 0.77933372 -0.59935613
0.67343922 0.24995789 -0.69577633
0.24138934 0.7596974 -0.99465438
0.22490451 -0.82460772 0.91578312
-0.76187157 0.30375405 0.46038009
0.45732308 -0.17200359 -0.18677148
0.65154376 -0.79235442 0.39296677
0.20505589 -0.88629615 0.81694694
0.04975721 -0.79780311 0.78303604
0.97319797 -0.59912695 -0.06792899
-0.96654467 0.50047782 0.50728959
-0.74193263 0.09202571 0.94544036
-0.66402086 -0.22154426 0.88980074
-0.77939774 0.11773288 0.77513932
0.03965479 -0.74895097 0.83151056
0.36407295 -0.79356568 0.76906085
0.08050419 0.84592703 -0.86134495
-0.19112386 -0.0257455 0.21785568
0.72194614 -0.9796815 0.62638206
0.85311281 -0.83750801 0.29354274
0.06182994 0.72417234 -0.54865452
0.7014455 -0.65430043 -0.0439913
0.09333342 0.92443513 -0.85449061
-0.90193398 0.50781682 0.70036641
-0.03282536 0.28497142 -0.18089841
0.04428106 -0.64791631 0.66963468
-0.87197491 0.71767551 0.15588483
0.49562916 0.23216504 -0.63146672
-0.96132028 0.90248245 0.31728276
0.82309948 0.06525118 -0.85084897
-0.72204096 0.23454359 0.63767592
-0.77631229 0.33929129 0.50708755
0.03202661 0.40804697 -0.33670888
0.16706253 0.44638299 -0.52653352
-0.92274664 -0.07228955 0.99693043
0.16876432 -0.20774027 0.05212763
0.58297234 -0.23123162 -0.28078479
0.37572289 -0.73020114 0.39658683
0.27875837 -0.77338536 0.57187973
0.29782236 0.54630878 -0.69424495
0.27934035 -0.97690853 0.72662672
0.5100581 0.19741926 -0.68249414
0.52369044 -0.72393896 0.20072285
0.2724762 0.83344724 -0.85989413
-0.6642911 -0.09646837 0.84609761
0.53835071 -0.9030656 0.52094553
0.53020658 -0.71312641 0.31105138
9.93166930e-01 -9.39995283e-01 2.00970966e-04
-0.41749933 0.85588067 -0.430247
0.51739148 -0.08055873 -0.30696174
0.65339042 -0.07640277 -0.49964805
0.02586998 0.50172446 -0.48467368
0.39756352 -0.47214947 0.07554707
0.32772712 0.179551 -0.48993105
-0.14028854 0.48919656 -0.20755723
0.32960613 -0.59808731 0.31541157
0.96433771 -0.62895466 -0.16725316
0.42392411 -0.76759988 0.6593941
-0.28009575 0.77008877 -0.44969419
0.96214403 -0.02400262 -0.9351665
0.21493587 0.82195593 -0.97030171
-0.27471208 0.94360083 -0.58087231
0.55479772 0.3897775 -0.8431056
0.3963876 -0.82626184 0.44534198
-0.4231502 0.45536149 0.05848287
-0.3494325 -0.19405377 0.59930558
0.92124267 -0.79859548 -0.04618121
0.17475608 -0.93841735 0.94639804
0.8809308 0.42075003 -0.93831961
0.70034214 -0.29930908 -0.09485937
0.96139686 -0.80902682 0.111111
-0.82199746 0.91860726 0.06822885
0.62297625 -0.34323219 -0.22285422
-0.89960087 -0.02011273 0.95251518
-0.06096055 -0.45575556 0.5638013
0.71304362 0.25461078 -0.67407351
0.32291071 -0.78403726 0.48837359
0.64667056 -0.57930807 -0.06089728
0.17347155 0.24772668 -0.38254182
-0.86338716 0.83139009 0.0930314
-0.42382379 -0.44129773 0.87903591
0.99380655 -0.6280404 -0.02138963
0.88301215 0.06414996 -0.81558278
-0.64492853 0.3435769 0.43072153
0.35819562 -0.98627935 0.91010711
-0.53430644 0.85545619 -0.23528299
-0.89618874 0.94872229 0.05449304
-0.87255063 0.11266031 0.91707542
-0.62383669 0.76157995 -0.06289789
-0.94883076 0.93964445 0.07228385
0.1654714 0.57534025 -0.73942906
0.33984305 0.53456847 -0.84945376
-0.32170923 -0.42667215 0.79107224
-0.87942737 0.42924426 0.54449749
-0.42629133 0.96009988 -0.48191768
0.17056809 -0.74747869 0.85558911
0.939005 -0.81041693 0.22808889
0.83139545 -0.85808851 0.15227422
-0.04166052 0.83608771 -0.71130362
-0.42271162 -0.42009357 0.93655311
0.72080155 0.35715596 -0.87029495
0.46986191 -0.23288807 -0.22993548
0.2209365 -0.32829374 0.11955769
0.57641017 -0.41678342 -0.05836199
-0.90071637 0.68410493 0.22244029
0.73243524 -0.47006317 0.00523185
0.57087746 -0.46977244 -0.01285314
-0.02216205 -0.6741626 0.98780832
-0.28347631 0.94923604 -0.51529453
0.00857222 0.74000356 -0.69258967
-0.65264646 0.29689169 0.39201299
-0.74277005 0.68464163 0.31478176
0.88384966 -0.49945549 -0.26841622
-0.10815037 -0.45727315 0.63050626
-0.42896143 -0.10861239 0.55264844
-0.47159734 0.83695314 -0.33154563
-0.9860346 0.55771551 0.53194395
0.2130905 -0.65101655 0.54049388
-0.55707002 0.38492921 0.49797544
-0.9543652 0.690132 0.40532708
0.45188652 -0.97739592 0.74123245
0.64277611 -0.94021087 0.34456618
-0.66698815 0.03872008 0.87489476
-0.34782968 0.62046957 -0.18959003
0.36664794 -0.74784856 0.45155559
-0.05428082 -0.9082675 0.99783061
-0.90654119 0.45392384 0.48584239
0.75574691 -0.75697095 0.15599696
0.4313819 0.52063244 -0.90953713
-0.72767101 -0.02203146 0.86844565
0.98458573 -0.48567372 -0.41431527
0.97148558 0.07401273 -0.98546532
0.64041977 -0.55144721 -0.07265041
-0.09594922 0.63265884 -0.51033173
0.1702252 0.7108067 -0.78513494
-0.45347135 0.89712647 -0.24818209
0.83562472 0.23476379 -0.60508467
-0.72804745 0.53786361 0.2556962
-0.89942038 0.61630408 0.39637134
-0.19604717 0.7850428 -0.5043088
0.22059586 -0.95731352 0.91761462
-0.24551474 -0.25344958 0.50236556
-0.51643381 0.64062461 0.05113176
-0.00923284 0.99018977 -0.92751456
-0.05593948 -0.31544219 0.40580167
0.1911574 0.97017884 -0.81264987
-0.70613227 0.36200987 0.36883885
0.47469542 0.42239317 -0.76835985
0.82071992 -0.03180623 -0.72377867
-0.07926151 0.9893749 -0.8737523
-0.59508366 0.54606107 0.08559564
-0.75927907 -0.01809776 0.79586354
0.19992194 -0.65731273 0.51265963
-0.07462058 0.54125578 -0.33413729
-0.60874351 0.73456137 -0.03922295
-0.61414241 0.59723317 0.03334498
0.05789972 -0.68248862 0.69929929
-0.05897933 -0.52120352 0.67146769
0.1740325 0.83980019 -0.91215595
-0.33664657 -0.15358574 0.63867053
0.67750585 0.22920233 -0.87003676
0.38197337 -0.60892081 0.30610326
0.17424063 0.79495932 -0.76294839
-0.09264085 -0.36346104 0.49469623
-0.96996488 0.67398189 0.50701706
0.99552388 -0.31882361 -0.56238987
-0.29831174 -0.05057346 0.41641565
-0.10904578 0.8719479 -0.50917125
-0.60970247 -0.26332594 0.88539969
-0.89464472 0.38142792 0.94081231
0.41645826 0.472939 -0.7851027
0.19325748 0.71596802 -0.73868621
-0.87844326 0.47718323 0.46330136
0.89363148 0.18967109 -0.85698942
0.49191104 -0.73469979 0.30593252
0.14912977 0.65323539 -0.78317263
0.01063168 -0.45514554 0.49499144
0.85984257 0.05055891 -0.88160301
-6.00635460e-01 6.12532167e-04 6.52825910e-01
0.39108168 0.3956522 -0.78128662
0.78830351 -0.26179215 -0.47333829
-0.51163092 0.89627928 -0.37994212
0.12684444 0.0613206 -0.14748624
0.76426111 -0.4818164 -0.16058582
0.38725955 0.35364515 -0.5619893
-0.71796412 0.19371163 0.53134971
-0.76506486 0.38586012 0.81881951
0.57148999 0.26253554 -0.7248774
0.63372114 0.59723328 -0.98174965
-0.23609859 -0.26289389 0.50211543
0.73415033 0.14717273 -0.84413051
-0.39030023 0.05200962 0.5097597
0.98587346 -0.9947447 0.09637809
-0.95726509 0.93335389 0.15525919
0.52204149 0.26168264 -0.7033926
-0.00526152 -0.7007592 0.91194226
0.71217884 -0.88392618 0.55897326
0.35480774 -0.54962005 0.26853172
-0.02567752 -0.38312895 0.46918119
0.61686378 0.42913499 -0.90903443
-0.9662459 0.91475993 0.18401221
0.20109668 -0.7886778 0.85645289
-0.08369232 0.319413 -0.16805217
-0.40379307 0.28837075 0.15264679
0.94020729 0.29441885 -0.91090787
0.01475562 -0.83836736 0.86838595
-0.70906528 0.11462287 0.68312889
-0.10217713 -0.44860471 0.6616557
0.88038446 -0.36777985 -0.35700873
0.7092242 0.27051074 -0.8798467
0.9210423 -0.43720417 -0.34690336
0.19009477 -0.8102588 0.66108006
-0.47648874 -0.03270742 0.56021958
0.28213342 0.73207022 -0.884379
0.58281085 -0.28562762 -0.16606538
-0.76350145 0.62585658 0.18061526
0.71850251 -0.84756662 0.31340379
0.58030916 0.51415104 -0.998414
0.37641629 -0.95318802 0.83613755
-0.04817198 0.18773955 -0.13074171
0.55412472 -0.6776874 0.16913291
-0.27003825 0.70029891 -0.40021798
0.887888 -0.32108086 -0.53602933
-0.96075872 0.65949547 0.48391839
-0.19362611 0.26528541 -0.05458064
-0.86286448 0.36328985 0.53241585
0.2670505 0.86295464 -0.82348836
-0.94913553 0.23111998 0.73269176
-0.46368264 0.14372137 0.34931396
0.55437282 -0.82217219 0.46468275
0.3571163 0.56234614 -0.80029058
0.23435871 -0.77419474 0.78802716
-0.30225669 0.8400684 -0.48892904
-0.32816996 -0.36080236 0.92073534
0.04802073 0.53118017 -0.45195321
-0.85421826 0.21819103 0.74753454
0.03717671 -0.82218542 0.94946101
0.30581792 -0.72639672 0.4285073
-0.13623751 0.17681011 -0.02764581
0.76014677 0.21020302 -0.95735005
0.48226452 0.22532308 -0.63439078
0.99755726 -0.47044027 -0.49342654
-0.15262458 0.71718281 -0.32367564
0.82766993 -0.77080399 0.41434289
0.31733583 0.58626376 -0.89647964
-0.33903707 -0.05181611 0.39732268
0.63965789 -0.09664905 -0.38875703
-0.48030838 0.99427144 -0.37949102
-0.13241448 -0.7832428 0.94161853
-0.02651306 -0.74225316 0.82135284
-0.01413071 0.69012781 -0.62895514
-0.38538886 0.84349317 -0.37265016
-0.15852542 -0.37689635 0.55709936
0.47698418 -0.54588485 0.2474339
-0.6035585 0.24427955 0.67528358
-0.43681438 -0.1216709 0.74249263
-0.17766462 0.97596991 -0.59469299
0.81672257 -0.57175902 -0.02336858
0.45397817 -0.75002321 0.45098472
0.0156205 0.34831099 -0.34341408
-0.03450697 -0.91039931 0.97324184
-0.68882002 0.98885579 -0.18638609
0.15986869 0.15716682 -0.30769322
-0.91015029 0.12188117 0.79995786
-0.0986026 -0.70096219 0.98989119
-0.98533099 0.67116696 0.68957638
-0.39061129 -0.40716933 0.81540236
-0.82297322 0.91974404 -0.02964747
0.35011046 -0.39655969 0.08834188
-0.95982272 0.23593134 0.72879145
-0.56606629 -0.01144545 0.57947282
0.22986978 0.83782946 -0.88652661
-0.79001325 0.64016216 0.29616499
0.17773571 -0.88139396 0.9298226
0.96792187 0.26968352 -0.86786307
0.31002243 0.57809471 -0.70229557
0.24220204 0.94190598 -0.99250267
0.04434573 0.32484961 -0.26079643
0.68017247 0.63437662 -0.99042423
0.00357575 0.34514056 -0.3287035
-0.45223688 -0.1955451 0.92872347
-0.03404915 -0.76582668 0.81269263
0.26260565 0.66028233 -0.90123104
0.07009114 0.64227171 -0.70901335
-0.09864277 -0.57489491 0.77522482
-0.61610966 0.50722788 0.12877693
-0.64120331 0.37862227 0.58913062
-0.72485219 0.2536295 0.49466483
0.62378496 -0.14778064 -0.43978848
-0.14777731 -0.43843247 0.63170126
-0.29482114 0.78741261 -0.34745314
-0.43863704 0.81649136 -0.33232606
0.97991938 -0.85203562 -0.119272
-0.74920343 0.99851779 -0.17148768
-0.16012084 0.76492994 -0.54014844
0.96758747 -0.28248481 -0.51613398
0.6323581 -0.54753694 -0.04307175
0.92347133 -0.22245999 -0.60874596
-0.2225836 -0.60916821 0.91184731
-0.79149473 -0.11045468 0.97105528
-0.78081897 0.95079972 0.07884818
0.40992779 0.1014284 -0.47332932
0.78655158 -0.63273431 -0.11724257
0.08514649 -0.79648211 0.78644243
0.26743074 0.97620607 -0.87507112
0.53437896 -0.93858819 0.40996037
-0.46652117 -0.25940024 0.74753404
0.70838103 0.44362376 -0.94245224
-0.56177305 0.10418208 0.50405015
0.63011753 0.13976369 -0.72260742
0.22566866 0.49739868 -0.66205226
-0.42146682 -0.10962052 0.57586472
0.65070601 0.03485802 -0.56582652
0.98467871 -0.59358881 -0.14716232
0.68072447 -0.97129741 0.30623286
0.61192558 0.41869401 -0.96733152
0.48183641 -0.24308685 -0.09996618
0.50427271 -0.17928677 -0.24721121
-0.52463793 0.52440861 0.13601196
0.60172751 -0.6944783 0.28209051
-0.68993129 0.35715997 0.39816937
0.10300335 0.51762303 -0.58235189
-0.74590744 0.54242686 0.34329205
0.39076339 -0.71025885 0.36858218
0.70985046 -0.90850805 0.26822732
0.83974496 -0.46004637 -0.12812993
0.65824954 0.39038771 -0.92127153
-0.97214256 0.60262517 0.4552675
-0.83342657 0.40497455 0.48694094
0.26697998 0.42558622 -0.69228375
-0.50708488 0.12783383 0.59697874
0.92144597 -0.94089138 0.39644798
0.94505744 -0.64659967 -0.01831294
0.51677139 -0.29693193 -0.21116077
0.89256481 -0.17900578 -0.40617511
0.42185362 0.4702081 -0.61954867
0.69348883 -0.81747437 0.17856546
0.23061879 -0.96351463 0.76048683
0.17543345 0.78580467 -0.9460704
0.53434223 -0.20205627 -0.31900444
-0.38676264 0.62743573 -0.23020017
0.08259768 0.91372776 -0.69530936
0.55814383 -0.90977562 0.58343331
-0.84235985 0.12928884 0.72665575
-0.30587144 -0.56376529 0.99903848
-0.84602366 0.25822218 0.60696464
-0.17715537 -0.64039069 0.87922693
0.18072716 0.77232628 -0.81892028
0.89536275 0.11281038 -0.9119747
0.80863938 -0.83926632 0.28492461
0.56900978 -0.96419124 0.4389423
0.81066672 0.28549318 -0.91525819
0.74914065 -0.8707393 0.54333899
0.63487105 -0.75243921 0.16228214
0.57527993 -0.13850422 -0.40493677
0.02650857 -0.35631798 0.35432198
-0.75900804 0.08843269 0.98926736
0.13931524 -0.73828808 0.75108419
-0.39083915 0.40973154 -0.01687318
0.10865697 -0.48175572 0.40970266
-0.69245162 0.54856499 0.36813681
-0.75065482 0.17806741 0.77111037
-0.69380071 0.25789554 0.6659185
-0.69073395 0.73425248 0.16625963
-0.36506847 0.99685304 -0.4559673
0.11437302 0.4168913 -0.43939105
-0.20806624 -0.48007291 0.83881071
-0.59239668 0.34865459 0.29327727
0.57856516 0.21718385 -0.76177668
-0.32055942 -0.45456263 0.88097762
-0.42053974 -0.03039024 0.56077871
0.87006064 0.03988384 -0.8520213
-0.83081338 0.2858607 0.88566761
0.4958994 -0.30039108 -0.1842338
0.67069488 0.31806285 -0.91119597
0.22846853 -0.75713257 0.82500903
-0.51916883 0.17574227 0.35990111
-0.46016694 0.61258794 -0.10481359
0.86802992 -0.89169174 0.11880178
0.74330291 -0.53423479 -0.14971998
0.39386002 0.77082438 -0.94871112
0.86893211 -0.1808404 -0.62503534
0.36354746 0.81239268 -0.89404988
-0.96958708 0.68250715 0.38191147
-0.14854815 -0.64633381 0.9560236
-0.3699451 -0.43026084 0.81838541
0.9650568 -0.09752261 -0.64879593
0.13967713 0.90870969 -0.86573644
0.79619881 0.02508686 -0.7773347
0.04187252 0.65377739 -0.63394499
-0.04326846 0.88263428 -0.72147852
-0.07424953 -0.66832389 0.87498991
0.84533034 0.1462409 -0.93656016
-0.3654631 0.16872847 0.24346764
0.71618482 -0.51851381 -0.188927
0.07037328 0.37040038 -0.42440702
-0.56826487 0.47075873 0.17639994
0.92012843 -0.288424 -0.56646573
0.06154137 -0.81095625 0.7543022
-0.20664739 -0.08927725 0.52098262
0.88190415 -0.29234437 -0.54803203
0.21500642 0.71199212 -0.83921878
-0.17439205 -0.5463862 0.74444766
-0.23509891 -0.5431668 0.81325117
0.63212008 -0.59746301 0.09481986
-0.4423944 0.91831302 -0.04724608
0.84460602 0.64195456 -0.99739405
-0.33190537 0.60444501 -0.21299437
0.48292428 -0.69103928 0.30850737
-0.90429375 0.30524727 0.84952356
-0.45688277 0.53446216 -0.06571397
-0.89913969 0.24647981 0.79161389
-0.71852416 -0.18896575 0.91902712
-0.36922531 0.97244978 -0.57172024
0.19326564 0.63115166 -0.71458952
0.69926909 -0.99718931 0.37454376
-0.50863883 0.06353392 0.53802643
0.5693668 -0.74915139 0.21892263
-7.14603676e-01 6.95526430e-04 9.87597133e-01
0.46502532 -0.2467607 -0.03094771
0.41587926 -0.87254007 0.59338883
0.70456667 0.02818653 -0.5892709
-0.02810183 0.19020443 -0.11773067
0.11331657 -0.95254799 0.87618537
0.19546292 0.56903334 -0.74153774
-0.72123764 0.54530747 0.44634589
0.58608343 -0.96951484 0.43097014
-0.71749977 0.25904001 0.56537192
-0.06780178 0.66957508 -0.40034142
-0.66949011 0.06429253 0.61594985
0.37322646 0.26083031 -0.58056547
-0.20639112 0.41698994 -0.11437682
0.64890565 -0.9143789 0.37817777
0.203327 -0.78416413 0.61430761
-0.61866217 0.79428927 0.01901079
-0.71362491 -0.05478923 0.78355064
0.04576366 0.67148192 -0.58533155
0.03687148 0.59027691 -0.59106374
-0.00454678 0.83587368 -0.64311509
-0.48967708 -0.40287444 0.98342509
0.76226518 -0.02809764 -0.72933788
-0.3987356 0.4372664 -0.0124945
0.78659341 -0.9630243 0.39199918
-0.44660471 -0.07823535 0.52521934
-0.22988883 -0.3997915 0.75086042
-0.06665974 0.55102266 -0.47051162
-0.31764017 -0.26928417 0.60196318
0.26270778 -0.98570603 0.78976239
-0.70856613 0.68187188 0.06814307
0.76177215 -0.49959282 0.05083998
-0.88980478 0.34556272 0.56649752
-0.78011701 0.41871901 0.46933544
-0.20544519 0.83152882 -0.53458529
-0.39771804 -0.13433705 0.57354907
-0.02201729 0.85686147 -0.77327984
0.41599663 0.48461472 -0.82427479
0.10277338 0.80555403 -0.78327685
0.94394984 -0.36265457 -0.55981864
0.45619192 -0.71637699 0.38339131
-0.22356622 0.39003143 -0.09422579
0.18236222 -0.64147332 0.49112439
-0.9091154 0.52427338 0.42365931
0.84045001 -0.97212984 0.14792202
-0.52149399 0.15811673 0.39564122
0.00873195 -0.89212176 0.98438842
-0.44800812 0.55092744 -0.02112693
-0.48520984 0.48129854 0.00503863
0.86112339 -0.24604445 -0.47469764
0.68230809 -0.49614507 0.1218777
0.46169684 -0.79110997 0.47176188
0.33304127 -0.87882561 0.66764109
-0.96755403 0.8507943 0.11896179
-0.78919183 0.35346833 0.56297286
0.6349497 -0.89369448 0.30019439
0.01324007 0.4331175 -0.4025256
0.65114286 -0.24079654 -0.3998186
0.20928708 0.65789529 -0.8663969
-0.75459018 0.3913185 0.61141392
0.41775226 0.54628851 -0.82091766
-0.81685508 0.52726466 0.4951319
-0.0359391 -0.56273124 0.91737212
0.0495316 -0.4686563 0.57276357
0.78153897 0.01183088 -0.64416408
0.90468106 -0.54423171 -0.26060084
0.23091386 0.84214178 -0.94427953
-0.69531027 0.90595802 -0.03097846
-0.29329501 -0.0820817 0.37715811
0.24173172 -0.8227387 0.63026707
-0.85529232 0.8912453 0.04375837
-0.61149694 0.99073266 -0.35430978
0.83505209 -0.67596058 -0.03111754
-0.16760376 0.40449304 -0.20313827
0.56014532 -0.59818135 0.0611351
0.4245388 -0.79328181 0.40106339
-0.2317506 0.42457632 -0.11591453
0.97166095 -0.68493722 -0.08604997
0.96158375 -0.92412592 0.31478812
0.81992158 -0.41105476 -0.37189512
-0.5424821 -0.25155218 0.86779602
-0.03793998 -0.41721702 0.51135097
-0.23198831 0.85629463 -0.56286705
0.94577598 -0.1593374 -0.72136426
0.1338941 0.85110014 -0.97946294
0.88092077 -0.70599375 -0.1282497
0.85334983 0.07484628 -0.86828509
0.76456205 -0.89760699 0.58079493
0.54038156 0.11606602 -0.62575433
0.97034667 -0.60163842 -0.15600614
-0.41833225 0.47802889 -0.03319075
0.71073055 -0.00167723 -0.69095267
-0.05749835 -0.69682921 0.80601987
0.66296962 -0.73868874 0.14148925
-0.2287623 0.40246914 -0.14497502
-0.03791029 -0.62439877 0.81998326
0.25108104 -0.95546951 0.76817841
0.47289891 0.53466467 -0.80941926
0.31916305 -0.53529601 0.22158093
0.43436619 0.89137767 -0.9611301
0.51889886 0.23895751 -0.74004922
-0.63091422 0.7450786 0.10756753
-0.08091444 -0.30856505 0.40040303
0.27440357 -0.6215461 0.37582906
-0.1946989 -0.50721142 0.92927548
-0.67569305 0.32972939 0.40072306
0.43999508 0.64557806 -0.97664181
0.89337395 -0.23567926 -0.60437164
0.36595064 0.2938741 -0.46305282
-0.32640172 0.50622263 -0.14607243
-0.20394732 -0.39379117 0.79840333
0.76060555 -0.49691194 -0.0930794
0.74150743 -0.50316415 -0.10935114
0.36108648 0.35142472 -0.68914486
-0.46616336 0.50237001 -0.01913841
0.74018124 -0.09690528 -0.56114296
-0.80212442 0.23864145 0.78190468
-0.38173144 0.06534583 0.38645019
-0.33058071 -0.18764056 0.7429232
0.51398559 0.25701293 -0.7605615
-0.40793594 0.83041759 -0.26751271
-0.94638384 0.70070584 0.28724006
-0.50835246 0.45581396 0.19656862
0.2607546 0.53062632 -0.70878635
0.32518034 -0.95671809 0.67989167
-0.66437705 0.16644125 0.50841677
-0.01189181 0.76751419 -0.65589731
-0.82813567 0.30778248 0.56057341
-0.1989336 -0.6336063 0.89848647
0.72588556 -0.87089541 0.20531183
-0.13430244 -0.52362173 0.83705911
-0.23304068 0.76317406 -0.47069901
0.9717967 0.13391348 -0.86409107
0.01733478 -0.70227297 0.77909193
0.51740182 -0.74628332 0.34834487
0.39427817 0.52496388 -0.74527504
0.7105018 0.24394882 -0.9356659
0.92435482 -0.67397879 -0.03879514
0.50594067 -0.9077243 0.65720332
-0.63300354 0.30907319 0.34182149
-0.87671006 0.40738055 0.59368497
-0.122677 -0.37631304 0.52164331
0.39944929 -0.76220902 0.46660825
-0.44682116 0.28872253 0.26343102
-0.67756375 0.77093361 0.19720557
0.05046412 -0.76506895 0.78275144
-0.34866536 0.2565176 0.09973765
0.08941677 0.48073292 -0.30660419
0.26079992 -0.31329159 0.07652579
0.23079675 0.46807933 -0.67815414
-0.45155385 -0.47707708 0.96454861
0.27054659 0.41684166 -0.65295099
-0.64568381 0.03338167 0.63344646
-0.40360628 0.70368622 -0.28940081
0.20054337 -0.36024656 0.47320937
0.36840816 0.33970341 -0.63314562
0.36670716 -0.33076472 -0.00676032
0.49388198 0.22816101 -0.63519853
-0.56944821 -0.25881965 0.87936489
0.25579873 0.63953548 -0.79303641
-0.36093112 0.74431154 -0.25608972
0.07917509 -0.42345813 0.49403529
-0.71307125 0.8969863 -0.16952321
-0.17110169 -0.44231149 0.72349603
-0.4098745 0.81027228 -0.21628138
0.45449798 0.2377638 -0.65258958
0.46056182 -0.14440969 -0.24766689
-0.65149423 0.16271533 0.54423112
-0.82254597 0.94963113 0.16363913
0.17204637 -0.82179163 0.94812148
-0.90418492 0.27578676 0.67552781
0.21081991 0.71371056 -0.85368369
0.96291158 0.02853196 -0.9774507
-0.64247227 0.82535799 -0.14733568
0.37062591 -0.26371968 -0.06531863
0.74733533 -0.69449482 0.03389644
-0.2349265 0.36325044 -0.03270058
0.55576765 -0.64486735 0.12361506
0.46535396 -0.5965396 0.14094511
-0.50879223 -0.4215308 0.95309382
0.42588152 0.20342699 -0.54603611
-0.77686526 -0.18706543 0.97762159
0.24120877 0.79344832 -0.99944254
-0.32752991 -0.06124515 0.45595629
0.55381653 -0.14509749 -0.39265618
0.90677713 0.15179694 -0.94888197
-0.32470112 0.52443062 -0.16579299
0.36956341 0.56120033 -0.69119308
-0.08218463 0.66994257 -0.53478507
-0.90467447 0.01290385 0.95299325
-0.84424267 0.02296098 0.90358424
-0.23552386 0.58892986 -0.33806135
0.36912892 0.19529335 -0.46596982
0.28677737 -0.94515391 0.78639075
-0.24573838 0.05423452 0.20231641
-0.2722148 -0.43616086 0.8429021
0.79561614 -0.58667134 -0.15864837
0.69516954 0.09367064 -0.63118652
-0.14769854 0.90925617 -0.61069774
0.9535685 0.0076849 -0.89311067
-0.76400989 0.12161985 0.64892907
-0.45944005 -0.32585644 0.83556658
0.16379136 0.73669893 -0.84171746
-0.65104781 0.72441071 -0.02368612
-0.02751281 -0.67486942 0.83349544
-0.71235741 0.32878245 0.41334482
-0.77266781 -0.05097415 0.92869309
0.80190458 -0.80543044 0.33914835
-0.74540517 0.01348336 0.87492131
0.82100426 -0.96701703 0.1852976
0.58017429 0.77820293 -0.82945585
-0.84028818 0.62231248 0.40153796
0.49666602 -0.28012737 -0.0940963
0.45704021 -0.62324614 0.34677527
0.51695241 -0.19190524 -0.26623667
0.74508044 -0.4861525 -0.23885315
-0.77242365 0.70568273 0.16971344
-0.321653 -0.07937787 0.41033706
0.00610749 -0.81319958 0.84815898
-0.57548487 0.78314722 -0.04929261
0.17143387 -0.88035403 0.90396366
0.63470118 -0.69507877 0.15625181
0.00143749 0.90589082 -0.71618369
-0.3341258 0.59364955 -0.21124804
0.82482555 -0.84184915 0.24501486
0.78323334 0.11901401 -0.76428116
-0.13468739 -0.69319686 0.98313242
0.84759704 0.22898722 -0.92499047
-0.9826301 0.69900748 0.4767339
0.77874736 -0.9594389 0.18858558
0.96529099 -0.43424091 -0.24453462
0.44609626 0.2500926 -0.55363371
0.90288233 -0.51196709 -0.21994049
-0.84861764 0.97816632 0.17101756
-0.13755856 0.65470227 -0.33055391
0.40994111 -0.83772081 0.43172177
-0.91886864 0.47843828 0.62128001
-0.88098758 0.47693824 0.43680579
-0.1163862 -0.24347932 0.36085148
-0.32783695 0.86401524 -0.47306713
0.81465766 0.54427182 -0.91695849
-0.50650308 0.6505584 0.03982658
-0.22993106 -0.27399952 0.81425769
0.43132055 0.34497942 -0.61695301
-0.2703807 0.23544084 0.03838052
-0.13655324 -0.54277758 0.79365452
-0.63588092 0.9463562 -0.24288602
-0.25260267 -0.37116059 0.81151427
0.12628999 0.58451071 -0.59588703
0.27528135 -0.16422536 -0.01163836
0.59511264 -0.024626 -0.55787832
-0.72702496 0.77800941 0.15108251
-0.58526049 0.07743587 0.84942155
-0.21910605 -0.59099885 0.89615247
-0.42543183 0.00589321 0.4433724
-0.46681294 -0.36209268 0.96219382
-0.24810532 -0.15538637 0.46103039
0.55346906 -0.63383801 0.11175918
-0.81576982 -0.15596122 0.97312051
0.38247579 -0.83805959 0.53065205
0.22022383 0.87409682 -0.9875236
0.2087079 0.7858177 -0.94374316
-0.98494479 0.71842557 0.27690205
0.23033861 -0.85761137 0.7951812
0.72996942 0.33834903 -0.97870548
0.11633005 -0.72683212 0.9443956
-0.32434055 0.14286279 0.35616451
-0.01328819 -0.75160928 0.85540273
-0.28525653 0.63758384 -0.24432883
-0.49540331 0.89222697 -0.3569524
0.04472288 0.68175324 -0.64649641
-0.00652824 0.77187087 -0.55442838
0.40317739 -0.58744957 0.27495659
-0.11298505 -0.61466507 0.81869731
-0.26912083 -0.6662978 0.97517783
0.21989668 0.2572921 -0.37231962
-0.63213492 0.38032636 0.32379249
0.80745799 -0.19241865 -0.33325491
0.26312093 0.4018137 -0.65466835
0.7574673 -0.16501141 -0.45717297
0.68696475 -0.96982045 0.2930731
-0.82270184 0.83295834 0.013615
-0.12367952 0.98627573 -0.75439385
0.95694434 -0.56567427 -0.16045077
0.38563709 -0.57822189 0.34755975
0.84184094 -0.59272099 -0.14546527
-0.87262505 0.62129164 0.3565294
-0.13612603 -0.39024213 0.5899987
0.45594738 -0.77364966 0.47514451
0.59111272 -0.51277955 0.09395266
-0.26477178 0.97681234 -0.47265364
0.86606809 -0.52703561 0.02058626
0.47107819 0.33209316 -0.79082712
-0.45596348 -0.1888213 0.70179391
-0.23790735 0.33766749 -0.08570167
-0.67211367 -0.1672244 0.89263893
-0.08051816 -0.31879835 0.49771163
-0.53183385 0.04165799 0.55561045
0.77608473 -0.85867738 0.17888184
0.51593875 -0.4959332 -0.01314329
-0.54514013 0.80276315 -0.19036563
0.06990811 -0.45585499 0.47887555
-0.41322083 0.78006645 -0.23604167
-0.4786212 0.00102183 0.52059727
0.86028955 -0.91230686 0.12011187
-0.8860055 0.6685128 0.56766774
-0.74343948 0.08666311 0.66672966
-0.27864629 -0.35815002 0.68342555
-0.61025606 0.98433982 0.09227627
-0.83687511 0.56985924 0.40275276
-0.69335835 -0.07357824 0.85888595
-0.57749544 0.83326796 -0.19639626
0.90965535 0.07211189 -0.68560088
-0.92164488 0.65469629 0.36190777
0.08336107 -0.53301252 0.49755737
-0.74519602 0.24326297 0.65671024
-0.16629135 0.59191835 -0.36846147
0.57986825 -0.91320647 0.62116738
-0.81970058 0.58813505 0.31186562
-0.10828082 0.94063032 -0.62259884
-0.53313081 -0.18844558 0.9704415
-0.6427072 0.86473704 -0.19719649
0.96735267 -0.41440667 -0.21115435
0.1698525 -0.96280083 0.84954321
-0.81760942 0.41041393 0.42060142
-0.42495638 0.34866715 0.20306306
-0.27681788 0.32432062 0.03042272
-0.92708007 -0.00924407 0.95396534
-0.77164385 0.33766505 0.67358926
-0.42067227 -0.07677572 0.57231334
0.68416844 0.39874111 -0.84561995
-0.32844962 -0.29659777 0.9381594
0.95471299 -0.366051 -0.48536248
-0.67393942 0.63752269 0.15265115
-0.25263105 -0.5701034 0.84587183
-0.99034389 0.3587737 0.92640484
0.73542297 -0.80188269 0.0886199
-0.21833956 -0.64336783 0.95258484
-0.33135947 0.92230978 -0.50299759
0.82453795 -0.21750742 -0.52186417
0.09861071 0.43831389 -0.46376133
0.22861135 -0.5015694 0.47483807
0.41505393 0.61916457 -0.89853538
-0.02058359 -0.5920159 0.63796916
0.44964516 -0.33630513 -0.10994396
-0.84256121 0.06940988 0.7924719
0.78909573 -0.27630799 -0.48631427
0.48313339 0.32420012 -0.72593976
-0.95160946 0.62057174 0.35189253
-0.5364556 -0.12657403 0.76266423
0.69929779 -0.0588886 -0.60773775
0.17859086 -0.58330758 0.44156788
-0.02403531 -0.58451717 0.6917476
0.06439813 -0.57650114 0.76567272
-0.51645083 -0.33066202 0.85997411
-0.48624778 0.97518323 -0.44825706
0.08740303 0.9752081 -0.92947825
-0.11452176 -0.59054717 0.7736726
-0.23466883 -0.71783441 0.99572534
0.81646043 -0.7774961 0.10947115
0.49684158 -0.38197088 -0.09349101
-0.36692236 -0.35840883 0.76651552
-0.60463425 0.28686924 0.34605958
0.20241725 0.85125233 -0.72622089
-0.62540912 -0.06636656 0.69458554
-0.94976912 0.04488893 0.96675993
-0.84967012 0.17107364 0.78237094
0.6253146 0.18499483 -0.76181972
-0.38494292 0.29762737 0.15837792
-0.78435018 0.08781219 0.89714854
-0.3309225 -0.60525185 0.95379325
0.48391821 -0.83359931 0.42511828
0.25607577 -0.70379508 0.46981748
0.63353975 0.32878406 -0.87598535
-0.29082765 -0.55208532 0.89226909
-0.26632819 0.55248705 -0.27609802
-0.53619382 0.30905821 0.24818266
-0.64895104 0.89371145 -0.22279886
0.6210466 -0.36833186 -0.2228813
0.26554086 -0.68537988 0.47624993
-0.23209374 0.93980778 -0.70585963
-0.88776186 0.97487299 -0.0637881
0.90588484 -0.03481473 -0.84958106
0.38148982 -0.89825643 0.65047381
-0.90099512 0.39646455 0.7239166
0.51084603 0.18340831 -0.66953872
0.40326713 0.50381923 -0.89634693
-0.16265966 -0.59904235 0.81598681
-0.44953752 0.95516084 -0.30871598
-0.06236517 0.67893812 -0.59523753
-0.00412069 0.40893641 -0.37921401
-0.73587328 0.11338433 0.70084483
0.58433969 -0.98141399 0.64506823
-0.7843474 0.09907088 0.81612675
0.77661219 0.0103703 -0.49993387
0.69924271 -0.12562368 -0.38793846
0.83852516 -0.87088973 0.16694401
-0.58179267 0.72124522 0.06484387
-0.53655305 -0.31864957 0.96163272
-0.38345727 0.32538802 0.10180266
0.60376192 -0.84507521 0.24277477
0.39765951 -0.1165807 -0.2577279
0.639041 -0.34517612 -0.27687233
0.35988599 -0.75309172 0.90295208
-0.1443024 -0.58273509 0.8913586
-0.94470443 0.15595219 0.8531467
0.30525417 0.61409147 -0.90098414
-0.49522482 -0.33124668 0.86318264
-0.10434279 -0.01152844 0.14291799
0.84800936 -0.74349295 0.01880207
0.70412529 -0.22939357 -0.43411291
-0.33650698 0.95266945 -0.40857143
0.16090368 0.7926198 -0.87464196
-0.41346188 0.10190484 0.39851997
0.10207463 0.12452301 -0.1975874
0.42275026 -0.8958898 0.95366696
0.7120561 -0.84097207 0.46736136
-0.35631671 -0.31862453 0.75338447
-0.09535097 -0.41281342 0.51544344
-0.05684117 -0.46098757 0.63805292
-0.83479173 -0.11479823 0.99593523
-0.045597 -0.53174686 0.59061485
0.95216374 -0.77958253 0.07620971
0.32292668 -0.13662102 -0.15121224
0.4665304 -0.37113255 -0.09107852
-0.11493314 -0.36268927 0.52919813
0.47297281 -0.89001406 0.45805974
-0.25442892 0.87174314 -0.59674445
0.51373531 -0.07147235 -0.31139283
0.56052329 -0.50247596 0.01822037
-0.04732736 0.28891264 -0.16043871
-0.08491201 0.7143494 -0.56116384
-0.89201362 0.5898351 0.84213369
0.09601937 -0.7697116 0.75225514
0.33130253 0.52090371 -0.74449239
-0.8315662 0.01046401 0.8786467
0.22516778 -0.58584905 0.37233849
0.2766205 0.08121493 -0.30100568
0.31267854 -0.12133626 -0.1798341
-0.48137296 -0.11877494 0.66562668
0.14847763 0.19283697 -0.3271353
-0.6525829 0.97600848 -0.1449007
-0.83941266 0.15701109 0.77614771
0.08508094 -0.57532603 0.49319996
0.05504215 -0.80547746 0.95070074
-0.22554111 -0.49569783 0.76781672
0.07663986 -0.40394237 0.4216419
-0.21903009 0.97325034 -0.54305813
0.20340076 0.82543758 -0.92639811
-0.56025377 0.8331867 -0.03533813
0.92755577 -0.42731416 -0.38259811
-5.76160075e-01 6.25191074e-01 4.36096730e-04
0.0816636 -0.66480953 0.61919282
0.42990116 -0.49347257 0.14481678
0.36038027 -0.05449136 -0.2511737
0.95723981 -0.24623948 -0.48220387
-0.85284959 0.91940071 -0.01992673
-0.24063171 0.33854486 -0.06058472
-0.48526102 0.3566706 0.32639201
-0.65879768 -0.09645548 0.8041053
0.43630527 0.33367465 -0.6322523
-0.27875041 0.38443635 -0.08547058
0.82490513 0.01552171 -0.61620515
0.01138401 0.2137957 -0.19722024
-0.28765402 -0.24090791 0.6390382
-0.77195076 0.8268961 0.07998108
0.59961978 0.16524657 -0.65129406
0.50222509 -0.98169552 0.55771496
0.88883678 -0.03970706 -0.78671149
0.97955587 -0.99479552 0.35600258
0.30269213 -0.92201096 0.70535392
-0.94313812 0.19180063 0.78127923
0.63174705 -0.09872829 -0.3982146
0.53341971 -0.49879381 -0.00105184
-0.55256681 0.06954055 0.48388068
0.45115882 -0.84716633 0.40063158
0.24163363 0.59548293 -0.76921524
-0.47639426 0.63682204 -0.00835698
0.03500861 -0.40505447 0.48037004
0.62852346 -0.73945131 0.30344586
0.35653285 -0.61771267 0.28200282
-0.14113972 0.81303864 -0.60154008
-0.48453575 0.66772758 -0.11345419
-0.29648829 -0.24521926 0.79194425
-0.05571083 -0.54188827 0.7668063
0.95153119 -0.86880418 -0.05415355
-0.95398298 0.46561548 0.51221542
0.53809617 -0.10094516 -0.38908266
-0.19154799 0.61023032 -0.40215251
-0.46288162 0.40054677 0.13538295
-0.55299891 0.13291622 0.76303456
-0.18363414 -0.57365437 0.85173298
-0.42556285 0.47601883 -0.03923879
0.44601744 -0.32156602 -0.01542657
0.03357996 -0.54550111 0.71672874
0.64109293 -0.37667232 -0.13883842
0.33511435 -0.76691544 0.538924
0.83893653 0.166554 -0.97253978
-0.40220821 -0.05576871 0.62852827
-0.89068532 0.70312638 0.34405342
-0.69252956 -0.17853396 0.90507437
0.56960647 -0.85158824 0.38325049
-0.14136561 -0.02492646 0.19840713
0.44224591 0.06645924 -0.45517755
0.6184398 0.2911559 -0.83677535
0.24641598 -0.66298306 0.48235987
0.25154724 0.57581262 -0.74332058
-0.92666181 0.93802374 0.12689906
-0.34086199 -0.51958202 0.96519303
-0.20598378 0.65595762 -0.39430469
-0.50246223 0.57069364 -0.01226097
-0.61441245 0.56733349 0.23001666
-0.21479488 0.92853784 -0.60349372
0.67323028 0.17193646 -0.67837276
0.04991672 -0.28538476 0.31168725
-0.3738384 -0.04035526 0.44420483
-0.30754142 0.93389302 -0.57313753
0.42991198 0.4188383 -0.84089273
0.23230919 -0.10061895 -0.09103963
0.6776038 -0.01253281 -0.5921399
0.58424256 0.43705469 -0.87072736
-0.966482 0.2800066 0.89350354
0.94302571 -0.46003353 -0.34539316
-0.40750596 0.52945978 -0.06931335
0.53342895 -0.88300104 0.35424214
-0.86668251 0.32728095 0.56353143
-0.62613499 0.06355069 0.71091085
0.43365672 -0.92278815 0.59984957
0.23291809 -0.93386011 0.70556234
-0.59550253 0.97147195 -0.19856206
0.527006 -0.84323222 0.36783654
-0.79254732 0.28114608 0.57817166
0.87343415 0.0542642 -0.62755783
-0.98113728 0.71254582 0.31073669
0.79744514 -0.34029802 -0.4242371
-0.13775165 0.93133817 -0.77587952
-0.63338506 0.64317639 0.19292699
0.61083426 -0.83670483 0.55092063
-0.2270195 0.63104947 -0.31615857
0.66843943 0.34093417 -0.89874538
0.40281486 -0.16606947 -0.23355633
0.94889706 -0.38688934 -0.47745135
0.8399837 -0.91332812 0.16894317
0.55411893 -0.57591444 0.05554034
-0.97992262 0.36780466 0.64929171
-0.7604459 0.42914982 0.54472275
-0.29081961 0.94481453 -0.52362577
-0.36030629 -0.36373923 0.72448376
0.61134814 -0.47744192 -0.11360261
0.73286514 -0.87057162 0.31842553
-0.97069945 0.13669134 0.88788327
0.06611136 0.88624026 -0.70927506
0.04148767 0.89126714 -0.9267125
0.4604774 -0.61327762 0.15490062
-0.45509128 0.19436278 0.34470009
0.9003668 0.20612813 -0.87674869
0.16828628 0.33546114 -0.43318249
-0.88497529 0.28870921 0.81927653
-0.26047662 -0.32107373 0.66837078
-0.90229542 0.79968738 0.18451412
-0.50576246 0.17477772 0.46310133
-0.73679818 0.54953548 0.19783815
-0.97775085 0.54610389 0.5843197
-0.55614531 -0.10240971 0.67138082
-0.13947889 0.72212652 -0.48445185
0.36777452 -0.82973655 0.65057561
-0.55705458 0.56597122 0.20054504
-0.46035243 0.07136022 0.49896805
0.35498074 0.38117192 -0.67286086
0.78218011 -0.52694955 -0.20534776
-0.90382083 0.68827835 0.29646593
-0.62946374 -0.13765477 0.83054642
0.29330854 -0.35636206 0.06885394
0.90206894 -0.5108707 -0.23470278
-0.13320812 0.27593852 -0.07623978
-0.62499629 0.51699823 0.21291709
0.31078807 0.00363799 -0.23199428
-0.19458724 0.80763132 -0.60798279
0.1874677 -0.59357715 0.46125782
0.68852145 -0.9927625 0.50969631
0.06452507 -0.74384586 0.99758938
-0.37663345 0.75796571 -0.2027098
0.80545436 -0.82758018 0.31902902
-0.55374437 0.36753908 0.22387189
-0.59935771 0.99995741 -0.35124199
0.5990573 -0.18382748 -0.41504033
-0.36321699 -0.41325788 0.79141031
0.98875127 0.05890625 -0.90832258
-0.05130729 0.70243524 -0.46604389
0.67947799 -0.88191436 0.32917932
-0.62199426 0.28218868 0.39211511
-0.87003174 0.84848726 0.14476798
-0.21598239 0.93789338 -0.68578129
0.97383003 0.07805471 -0.96819603
-0.72193162 0.67936947 0.1791314
-0.31557289 0.46736425 -0.1412642
-0.44094356 0.4207816 0.12668168
-0.55802371 0.89593794 -0.23661744
-0.87556729 0.34807538 0.72519886
0.74226118 -0.54245863 -0.08277365
0.00660148 0.34447472 -0.28192954
-0.63627359 0.22668826 0.42466106
-0.83407048 0.98909559 0.1150773
0.12565421 -0.89595528 0.96922512
-0.11610332 0.63576059 -0.38121203
0.67440148 -0.53998598 -0.03264319
0.0550666 0.33932512 -0.38446191
-0.13187186 0.92406581 -0.78841216
0.21905363 -0.59486837 0.53316389
0.96094749 -0.31271161 -0.51763486
-0.58650808 0.49419227 0.17681219
-0.44081252 0.88476083 -0.41703212
-0.22048849 0.51077658 -0.25341445
0.79925369 -0.72760524 0.01511696
-0.76107624 -0.01787082 0.84808961
-0.1533565 0.69163894 -0.50583496
0.6367515 0.64787754 -0.9327408
-0.50268356 0.03993354 0.53503788
0.36737051 -0.94580861 0.8067801
-0.46528663 -0.09682293 0.86101221
0.10003312 0.69054986 -0.75610772
-0.31731136 -0.02018322 0.34722851
-0.97772023 0.09876126 0.89935503
0.00774889 -0.56056187 0.62709061
-0.88756867 0.46614454 0.50302312
-0.43123808 0.54043636 -0.07975927
0.0836412 -0.66555298 0.64464336
0.24189649 0.58696207 -0.68919895
-0.76314307 -0.15231922 0.93109693
-0.4512255 0.64347309 -0.12107798
0.37615426 0.23134606 -0.60084518
0.80929064 -0.91560522 0.25112351
0.11488159 -0.19078844 0.10535704
-0.96138162 0.83680222 0.12966601
-0.01833987 0.79890019 -0.65357021
0.69346298 -0.93716234 0.29351145
-0.85348392 0.37432372 0.66487987
0.47783863 0.53265503 -0.99172599
-0.43583869 0.56227277 -0.11587768
0.03343392 -0.76808693 0.8542862
0.90527853 -0.53225616 -0.13637006
-0.33585168 -0.43624657 0.97777226
0.70853389 -0.94448667 0.2915532
-0.64776999 0.33135767 0.45844426
0.3179126 -0.778881 0.77349594
-0.58992936 0.40040248 0.54709824
0.27637929 0.34656111 -0.60928144
0.27092786 -0.29246595 0.08157755
0.83943734 0.32148009 -0.92257213
0.63929266 0.13899795 -0.69963381
0.65852206 -0.12386551 -0.49269367
-0.06157276 0.83421996 -0.75054286
-0.23990119 0.69327406 -0.32021704
-0.46239438 0.56908875 0.03569091
-0.91727309 0.74624106 0.41295656
-0.34776794 0.67864438 -0.17718351
-0.68957633 0.1990396 0.65067996
0.46799363 0.1458445 -0.4961309
0.93911942 -0.00705447 -0.92069282
-0.96884191 0.46976034 0.58932473
0.30567394 -0.56056711 0.36879894
0.59806289 -0.54196353 -0.04595336
0.13512105 0.80378417 -0.90768125
0.92943086 -0.06608446 -0.79855926
0.90591514 -0.11709969 -0.70863662
0.50930447 -0.08276878 -0.19384144
0.63190305 -0.7272139 0.43609349
-0.93837412 0.85240016 0.24304017
0.82544387 0.08732742 -0.8747037
0.56073028 -0.0565212 -0.42603786
-0.22276815 -0.40876071 0.8080802
0.13158793 0.70513039 -0.632484
-0.96826543 0.44079988 0.57898805
0.97816457 -0.12298145 -0.75820319
0.88065847 -0.99368533 0.32449085
0.40810258 0.68656065 -0.99930267
0.9039394 -0.86468843 -0.02807918
0.34241814 -0.48062526 0.14938332
-0.09841466 -0.56428106 0.84123447
0.44796482 0.56560507 -0.8722944
0.68035318 -0.1464784 -0.50133308
0.89775105 -0.30594859 -0.26933949
0.75435607 0.18958956 -0.77803438
-0.98926931 0.64430167 0.83037141
-0.93811844 0.91357282 0.03677674
-0.43263943 0.70404859 -0.26893821
-0.38239505 0.89499324 -0.13503134
-0.20920671 -0.37429 0.59350181
-0.8705746 0.53038985 0.3771863
0.71780861 -0.94021346 0.25343992
-0.38442833 -0.47570582 0.87066742
-0.57341019 0.40946607 0.20751686
-0.78361055 0.75134707 0.06150601
0.13450331 0.68299912 -0.78617258
-0.8382117 0.21129158 0.75511349
-0.17660758 -0.7391716 0.95438393
-0.83147944 -0.12248099 0.99228072
0.89876074 -0.32306862 -0.35361681
0.36372003 0.34006427 -0.63711808
-0.76497676 0.92322121 0.01980002
-0.44811809 -0.09920775 0.62249297
-0.81307053 0.24608219 0.57269091
-0.76517088 0.46509608 0.47095327
0.37029743 -0.18920574 -0.12332918
-0.34921691 -0.36317272 0.76138125
0.26459318 0.32248033 -0.57458793
-0.79948763 0.36592184 0.50829813
0.21989916 0.37518488 -0.57242931
0.50146292 -0.47693748 0.10429395
0.2608967 0.8178845 -0.77620564
0.73769527 -0.58970567 0.01245349
-0.99578234 0.94569053 0.20702884
0.87529587 -0.27748886 -0.47142294
-0.43962602 0.77226599 -0.1185707
0.08625876 -0.9847022 0.94575174
-0.70298939 0.64651549 0.38354916
0.72978011 -0.98782239 0.95009061
-0.58952319 0.04718661 0.90048767
-0.38916346 0.08278229 0.31545036
-0.35421129 -0.29389579 0.93016384
0.071449 0.2455072 -0.30506785
-0.40168215 0.31955934 0.24052358
0.82787295 0.04067075 -0.83060337
-0.68514879 0.04695224 0.71580409
-0.12457119 -0.65159345 0.95732549
0.72286545 -0.68169082 0.06307466
-0.02907191 -0.52088885 0.81691296
0.67581238 0.35835926 -0.98147883
0.92531352 -0.59750721 -0.26744418
0.9053182 -0.6683098 -0.22456483
0.02961203 -0.77554862 0.86866409
0.08375694 0.41863657 -0.41133734
-0.02513615 -0.26459025 0.33864446
0.94160345 -0.21175164 -0.47746187
0.16845145 0.66000254 -0.80776652
0.32642581 -0.9028184 0.64640307
-0.31549368 -0.35832458 0.97345331
-0.7149813 0.75497428 0.2714888
-0.27623695 0.65347037 -0.36153119
-0.3271307 0.50632784 -0.08420016
0.91120893 -0.85837492 0.09138061
0.4331183 0.12386264 -0.51508518
-0.14223253 0.69081977 -0.23494829
0.41238757 -0.76332086 0.3680688
-0.77707749 0.30551382 0.90440145
0.18981744 0.41703307 -0.47150459
0.35598519 0.40963276 -0.70720075
-0.69309369 0.20315155 0.65136286
0.3551586 0.32345647 -0.62306349
0.62039343 0.37093928 -0.89600949
0.44047071 0.17584461 -0.61384393
-0.74497916 -0.06846613 0.86533171
-0.91606989 0.15390219 0.96672979
0.75695159 0.11708139 -0.71339044
0.54586897 -0.53614206 -0.00634237
-0.82214571 0.89886063 0.29941968
-0.75495327 0.70285263 0.0522034
0.43559784 -0.39124891 -0.01629118
-0.43258144 0.31192347 0.12418584
-0.08789748 -0.57351328 0.6731573
-0.22923467 0.91251369 -0.6272326
0.17618549 -0.9699933 0.85361488
-0.41961361 -0.19120591 0.63270787
-0.66763525 0.59808262 0.11039074
0.90136703 0.11796866 -0.82712001
0.87553566 0.0575232 -0.86310875
-0.34602906 0.99453026 -0.60317987
0.23950576 -0.3120652 0.11026289
0.76956541 -0.94269265 0.24608354
0.62290293 -0.95052776 0.82182126
-0.86957659 0.14546282 0.77224825
0.44592184 -0.83467056 0.54277875
-0.09611258 -0.78740467 0.90661611
-0.45659865 -0.06149401 0.58759724
-0.88636302 0.32692937 0.73082895
-0.23957355 0.57622253 -0.27497919
0.03080232 0.86139198 -0.7307186
0.36719371 0.53272956 -0.87513405
0.01182205 0.9451542 -0.8066336
-0.51699388 0.98421196 -0.21878819
-0.61561897 0.28535183 0.40607959
-0.77659166 -0.03285874 0.85002274
0.89854064 0.20889334 -0.99417499
0.83682999 -0.04438059 -0.74948264
0.21909359 -0.79661749 0.62757685
0.72737443 -0.49530855 -0.09148283
-0.34453232 0.08858442 0.25729977
-6.30999869e-01 2.53976150e-04 8.50598136e-01
0.75059388 -0.89851816 0.41389692
0.09815345 0.46823211 -0.53973159
-0.79883038 0.34763184 0.47036822
-0.1029316 -0.63949765 0.79185587
-0.05551387 0.45684328 -0.3889789
0.80453671 0.39569311 -0.93423493
0.55618584 0.36392467 -0.89574898
0.91512369 0.00164274 -0.77411457
-0.39043213 -0.45202292 0.84474215
-0.65589115 -0.27238433 0.98986746
-0.80059993 0.41130576 0.50898111
0.47590639 0.42330475 -0.78672256
0.92166844 0.21631763 -0.95557628
0.67707157 -0.62411792 0.11343287
-0.39759325 0.01210019 0.44529536
0.59736664 0.03225366 -0.57682672
-0.57575455 0.49360012 0.12275341
0.96181485 -0.80268588 -0.05804176
0.75592204 -0.7883675 0.163267
0.59931232 -0.0218052 -0.4311389
0.55681428 -0.77735916 0.3437858
-0.62125426 0.48976957 0.23642866
0.91775496 0.6135287 -0.929561
0.23862036 -0.61348744 0.4770284
0.82021693 0.52991545 -0.98304509
-0.53272229 0.78045073 -0.24667035
0.93568853 0.08525535 -0.7811088
0.23971722 0.91020609 -0.76442083
9.86422253e-01 2.86218683e-04 -9.49644591e-01
-0.40363437 -0.15544159 0.9988154
-0.43819393 -0.26162555 0.86413306
-0.94413374 0.63349924 0.42044665
-0.60825459 -0.05523607 0.97354403
0.40896824 -0.72708771 0.45005737
0.16698304 0.46372544 -0.62706836
0.76404585 -0.8622099 0.45287071
-0.25683972 0.11053907 0.22843438
0.61876356 -0.77512015 0.17630327
0.31678657 -0.52596801 0.3856055
-0.7778977 0.78642012 0.03689732
0.66980779 -0.1843612 -0.46829813
0.67512142 -0.0924795 -0.53085393
0.48416631 -0.40605816 0.20806191
0.97399379 0.09158947 -0.95914237
-0.46638932 0.79972356 -0.23024876
-0.3909309 0.20501985 0.39850178
-0.10612217 -0.56870215 0.74210622
-0.83164011 0.39853662 0.85027579
0.69798817 -0.18208668 -0.40707903
0.13741626 -0.72848449 0.84305363
0.95643674 -0.1520762 -0.75676754
0.76106861 0.3305868 -0.71278978
-0.39115586 -0.47910942 0.939394
-0.69137277 0.02589522 0.95689822
0.44204454 0.44401736 -0.74446062
-0.03708947 -0.93000245 0.97275752
-0.97160874 0.81878119 0.44180489
0.41606404 -0.8116799 0.48226864
-0.05252605 -0.22360986 0.30000201
-0.23333243 0.66478818 -0.10736286
0.98175095 -0.43507781 -0.35314246
-0.03301987 -0.72520985 0.87522311
-0.38434876 -0.05186982 0.45248495
-0.93044481 0.59628387 0.37493932
0.15980395 -0.91219226 0.77273185
-0.43765869 0.72318208 -0.13133917
-0.54991039 0.74623044 -0.11462646
0.26803718 -0.97742929 0.93200466
-0.32315625 -0.48927788 0.88470848
-0.19898288 0.28796686 -0.04726805
-0.02856309 -0.75559149 0.86673451
0.10339247 -0.83379872 0.78159867
-0.10292803 0.99588488 -0.86988935
0.45877168 -0.7506764 0.54438061
0.84502009 -0.77280278 0.01987052
0.35792459 -0.26591544 -0.08524951
-0.03528868 0.57166712 -0.33458111
-0.2395391 0.72026772 -0.30135022
-0.3273005 -0.19966158 0.68998147
0.68313699 0.00801307 -0.67113284
0.62327455 -0.12637586 -0.46994758
0.08986435 0.07580348 -0.13587474
-0.31182466 -0.43214031 0.78249715
0.69576082 -0.4132553 -0.25979388
-0.41969742 -0.17832724 0.63689649
-0.01454913 0.38472214 -0.26343823
0.38232525 0.13645629 -0.45888922
-0.79699252 0.1399053 0.76514599
-0.47636893 0.3881452 0.09315258
-0.20555545 -0.54229106 0.96498696
-0.07342324 -0.53383582 0.75749968
-0.30201111 -0.20761412 0.54864229
0.90898515 -0.52140341 -0.37079953
-0.28016642 -0.1319389 0.65435314
0.38679074 -0.74315551 0.44099834
0.11397974 -0.91548622 0.84096447
0.98029506 -0.36504627 -0.4388151
-0.83400307 0.2143685 0.62314001
-0.05410895 0.12572359 -0.06395146
0.82395208 -0.56046713 -0.22807909
0.49424535 -0.49760443 0.02041894
0.33451591 -0.90336564 0.87937833
0.40748034 0.52604793 -0.85299918
0.17043706 0.80829183 -0.78092601
-0.09580598 -0.46478201 0.69362537
-0.41540933 -0.03226621 0.46739181
-0.847554 -0.07274551 0.96975052
-0.75735082 0.60998683 0.28807392
0.54009981 0.45118411 -0.9567187
-0.89142305 0.12497184 0.76753207
0.79606137 -0.58512091 -0.19527398
0.65293396 -0.57957261 -0.05238589
-0.14824323 -0.42244982 0.77298755
-0.73070244 0.46334093 0.39713496
0.19965713 -0.87218199 0.90022414
0.34133903 0.79043924 -0.97185119
-0.76660441 0.61637749 0.40839223
0.13067071 0.26934828 -0.37721958
-0.32156612 -0.13874797 0.47763056
0.29457371 -0.99858197 0.74281169
-0.38443369 -0.44784488 0.86350943
0.71928688 -0.00110441 -0.69296537
-0.17353649 -0.22042372 0.40053293
-0.46494701 -0.49017853 0.96371467
-0.22438889 -0.3044749 0.78534496
0.61468003 0.20873791 -0.82250841
0.47147515 -0.04674536 -0.38605958
-0.93809105 0.99693521 0.30686333
-0.48435713 0.43376287 0.09810422
0.87241819 -0.36768613 -0.48492275
-0.45938886 0.45005635 0.12587049
0.88671288 -0.75735617 0.05320206
0.63509001 -0.73120078 0.17773298
-0.92415993 0.74562659 0.32996241
-0.94217929 0.9846947 0.02149363
-0.03063254 -0.19297966 0.33852817
0.67423229 0.43978747 -0.87896941
0.02973566 0.0791093 -0.0741567
0.15702976 0.55635556 -0.63868245
-0.0403893 -0.40615981 0.52561479
0.28112664 -0.1245711 -0.15608739
-0.158301 -0.47056442 0.65396405
0.84823769 -0.68891441 0.19900549
-0.73585149 -0.18801935 0.95477146
-0.41448414 0.77958115 -0.36417344
0.71900761 -0.19889106 -0.47842319
0.13241558 -0.17089491 0.08218466
0.89021405 0.04790226 -0.85096034
-0.53876372 0.96733292 -0.41133441
0.80322546 -0.54062852 -0.18502313
0.01638249 -0.4627413 0.46708338
-0.36507687 -0.34800315 0.72689802
0.21212205 -0.08298494 -0.12299187
0.10000452 -0.44749163 0.56387202
-0.62017788 0.13544487 0.56032844
-0.04448982 -0.48155345 0.77827803
-0.20859132 -0.52750458 0.9165138
0.058238 -0.6789652 0.83485989
0.60855213 -0.58951344 -0.00522636
0.47107062 -0.9455317 0.49196874
-0.69417509 -0.07443645 0.94284303
-0.43919926 0.67481742 -0.21873001
0.30106206 0.22990617 -0.5270003
-0.28737388 -0.14598649 0.61817759
-0.05174939 0.80386344 -0.69677008
0.67679342 0.29069718 -0.95724356
0.31511601 0.20643948 -0.43989921
0.89756898 0.18515082 -0.81504032
0.08177325 0.77640647 -0.79908783
0.30851873 -0.31710098 0.07475837
-0.08268829 -0.37638951 0.57625932
0.33842872 0.0467761 -0.33389745
0.92346991 -0.92550178 0.1845847
-0.63150258 0.27485333 0.46246971
-0.76215553 0.7330088 0.24111931
0.47898162 0.96558027 -0.89447298
0.89388019 0.53431402 -0.94126519
-0.93114973 0.58847907 0.37138387
0.51386197 0.75110882 -0.8711096
-0.43751958 -0.17992404 0.92530471
0.47004447 -0.93806261 0.77028876
0.5928863 0.5308184 -0.70789044
-0.82760969 0.50366075 0.34734464
-0.94551566 0.66020558 0.76654537
-0.31532896 0.95110039 -0.49408795
-0.96885422 0.59588049 0.51259672
-0.46192086 0.88229289 -0.17527022
0.57026079 0.5922693 -0.86152539
0.03259363 0.7823557 -0.73587127
-0.77744941 0.61344102 0.32715797
-0.57193855 0.74091436 0.10007752
-0.46190081 0.28837747 0.20140463
0.13571061 -0.72925821 0.67311597
0.05735046 0.73580712 -0.70414158
-0.78799063 0.47639568 0.47781363
-0.29275952 0.16546479 0.14825141
0.690756 0.04918633 -0.65608866
0.10470423 -0.35539732 0.32098226
-0.26993915 0.57359412 -0.22858639
-0.57929465 0.70337969 -0.10752773
0.79725474 -0.4570204 -0.3390212
0.32252071 -0.67652627 0.58271175
0.51061159 -0.69031778 0.25248893
-0.82919802 0.46812473 0.59987233
0.66100121 -0.35264227 -0.11061338
-0.19218689 0.98536138 -0.73284817
0.33555702 -0.87796067 0.74847369
0.78627963 0.20922296 -0.918893
0.69495779 -0.50615314 -0.08690836
-0.81626646 0.341991 0.77298707
-0.97599686 0.81091293 0.62904481
-0.37172289 -0.31163388 0.7272407
0.88036482 -0.18615578 -0.59084392
0.21740924 -0.73346265 0.57947307
-0.33999818 -0.21543871 0.61875075
0.66449533 -0.09079981 -0.38907438
0.29828983 -0.29906774 0.02635198
0.96815233 -0.82723361 -0.02982164
0.48706017 -0.41622345 0.17192337
-0.13235263 -0.35198922 0.58721816
0.53118375 0.12221381 -0.62629074
-0.10287426 0.69058746 -0.58330077
-0.70013135 0.32758596 0.41001709
0.40979751 -0.64623273 0.41503437
-0.91698048 0.59101973 0.509996
-0.35504844 0.72586105 -0.21700368
0.08864585 -0.8679542 0.95122298
0.1847787 -0.6453433 0.53182106
0.13754087 0.83804355 -0.92354518
-0.76362755 0.73764253 0.28190057
-0.38072617 -0.50212423 0.98852146
0.90918829 -0.35569942 -0.47751265
0.92127147 -0.78772632 -0.12080767
-0.04378487 0.33116851 -0.28332017
0.85034841 -0.96329249 0.18253135
0.37141052 -0.72765398 0.74305586
-0.91420033 0.4862083 0.55680858
0.50124949 0.74498705 -0.94497111
0.70245539 -0.15017984 -0.45601734
-0.13041141 -0.26036545 0.42594397
-0.20715357 0.81633877 -0.52683553
0.19762262 0.1687642 -0.33294815
-0.06725684 0.44432285 -0.34680892
0.51755578 0.15969426 -0.59531105
0.6177782 0.00739931 -0.52912832
0.14931434 -0.42337246 0.37663632
0.25216311 -0.27071704 0.03616451
0.57132025 -0.68639713 0.14507488
0.68854596 -0.1368556 -0.49960206
-0.70172379 -0.01897459 0.87637103
0.68526558 -0.89606089 0.25058116
0.64553021 0.35556963 -0.91261926
-0.89311145 0.11141963 0.94659886
0.44449685 -0.88381694 0.55480949
0.44659779 -0.58620865 0.34594224
0.2597137 -0.45466883 0.23724276
0.90131972 -0.16904889 -0.67745352
-0.81794663 0.7061352 0.17533507
0.70893344 -0.98776391 0.60301058
0.46376121 0.4813159 -0.81704481
-0.62893972 0.07640037 0.7810362
-0.52626329 0.04119944 0.48657396
0.16329977 0.62166515 -0.67574237
-0.23972486 0.85837167 -0.45198305
-0.01308922 0.52347382 -0.46054185
0.28147664 0.77535314 -0.7826832
-0.80306005 0.81229737 0.10083752
-0.31605302 0.83370396 -0.17653296
0.70198187 -0.96180949 0.27744044
0.37944062 -0.03408426 -0.31231703
0.84990625 -0.74517565 0.068941
-0.40602171 -0.01839888 0.54364261
-0.04179316 0.7577967 -0.4069713
0.36268826 0.78303929 -0.75496981
0.58834718 -0.65260813 0.67856475
0.3766996 0.03755804 -0.39357979
0.81725847 -0.15168036 -0.62110427
0.44255961 -0.03860729 -0.29634817
0.77803161 -0.92306684 0.6486623
0.50370782 -0.2191386 -0.23759068
-0.159283 0.59254264 -0.4231816
-0.24292631 -0.73849406 0.9860141
0.98642385 -0.37822794 -0.36668875
0.16823872 -0.80247515 0.96376181
0.4999314 -0.14173603 -0.33435079
-0.20723866 0.73597416 -0.26735696
-0.30750852 0.04575929 0.27048708
0.17722657 0.85288032 -0.83479895
0.78521682 -0.21538645 -0.42313747
0.25850574 0.6469524 -0.89412891
-0.35034092 0.65025111 -0.17095256
-0.70916846 0.27090845 0.44065119
0.63640701 -0.72006286 0.30059877
-0.53863013 0.56658026 0.1000967
0.34259543 0.82891921 -0.9929162
-0.12359997 0.72981218 -0.3424581
0.99637419 0.11166999 -0.99336514
0.82420777 -0.88064081 0.08744321
-0.38235665 0.66646317 -0.23559748
-0.61467475 0.97061082 -0.23989362
0.75190296 0.110924 -0.70148712
-0.87182725 0.99634257 -0.04337833
0.91713877 -0.67931162 -0.20347021
-0.66066103 0.4521793 0.31191667
-0.64075911 0.82348136 -0.16619988
-0.03264834 0.79047485 -0.52423945
0.83910279 -0.83245472 0.15437306
0.42538735 -0.85250002 0.67629615
0.56063689 -0.01425189 -0.44321948
-0.15727563 0.91335691 -0.44339163
-0.58432951 0.49784164 0.13173709
0.68373631 0.26772951 -0.88619372
-0.93976798 0.86815553 0.24522979
-0.67191398 0.31864998 0.50562616
0.73705467 -0.03261574 -0.59493925
0.33060343 -0.53440036 0.31497769
-0.90914644 0.80122527 0.12176573
-0.09781122 -0.61395574 0.72646696
0.14858439 0.71815213 -0.82072756
0.52451248 0.3881502 -0.90558535
0.34798081 -0.71848855 0.42942112
-0.10989046 -0.7170792 0.88969129
-0.45696669 0.83694293 -0.3709949
0.24092223 0.65241161 -0.8519196
0.12493556 -0.78627364 0.92840709
0.79202993 -0.02280356 -0.66988715
0.18249859 0.88420376 -0.94187132
-0.23826407 0.97820557 -0.60374016
0.04699923 -0.27375555 0.29077765
-0.09871688 -0.63057216 0.74823968
-0.97619277 0.59437745 0.60375732
0.29260524 0.97211042 -0.89129918
0.10563218 0.1809235 -0.23973223
-0.39791108 0.1104395 0.290622
0.86867645 -0.01288037 -0.5373451
-0.88840625 0.31180818 0.66090257
0.70133776 0.33944956 -0.86984208
0.51786131 -0.25466254 -0.19854978
-0.36459255 -0.33643911 0.714813
-0.9264247 0.64260092 0.36238187
0.97090022 0.24519791 -0.92130197
-0.99795408 0.98454411 0.05219344
0.08890604 0.91172892 -0.99153138
0.90494013 0.13318815 -0.87666404
0.35141216 -0.53856542 0.21821576
-0.53241487 -0.09913428 0.85993281
0.7260571 0.06921992 -0.66903123
0.05536726 0.33661063 -0.37059544
-0.74172681 -0.00576064 0.91588837
-0.93770588 0.03788323 0.97599542
-0.99300136 0.83801236 0.21528099
-0.42224308 0.63646767 -0.16582263
-0.67750041 0.30606935 0.4387018
-0.160541 0.53542067 -0.21984617
-0.54631372 0.88081893 0.138274
-0.28864474 0.92021689 -0.5595
-0.3839197 -0.05326338 0.74821042
0.50667384 0.06559433 -0.51244531
0.40471684 0.62684147 -0.93229638
0.31254792 -0.36198509 0.07245517
-0.01088613 0.8630292 -0.56788777
-0.53952548 0.99736291 -0.40114656
0.08170655 -0.83622464 0.84320852
-0.50149437 0.43686057 0.07791868
0.80549676 -0.88103135 0.42665252
0.78720475 -0.81912275 0.34340641
0.801935 0.37407214 -0.81155532
-0.43130939 0.94794894 -0.4809814
0.89174967 -0.17437546 -0.57796145
0.7548799 -0.48277905 -0.11553348
-0.45960614 -0.32170759 0.93166928
0.33304274 -0.93281426 0.6306442
-0.91186272 0.88916634 0.11116989
-0.77982573 0.31839484 0.51175406
0.34314839 0.39000853 -0.68663393
0.92955278 -0.47081572 -0.25808696
-0.03079731 0.63625501 -0.53432714
0.03683062 -0.22700853 0.20498825
0.25782312 0.67114543 -0.84482372
0.92505527 -0.96449827 0.12108156
0.18074674 -0.53815017 0.41464208
0.96274256 -0.28381443 -0.56257616
-0.85866902 0.35596617 0.74354545
0.11682398 -0.86186532 0.75550999
0.25807236 0.87349638 -0.98355829
-0.83835741 0.91958168 -0.04544523
0.78176649 -0.24721716 -0.42740755
0.39505993 -0.37271189 -0.0172554
0.27114919 0.6117054 -0.85479894
-0.01909287 -0.60636529 0.73185928
-0.68995804 0.21439531 0.67145654
0.34045431 -0.88068208 0.58955065
-0.5548338 0.30604298 0.25145227
0.93124041 -0.5185559 -0.28318567
0.04593111 -0.2897568 0.32747932
-0.88195517 0.36874117 0.59584197
-0.19883743 -0.43352694 0.88417981
0.36385332 -0.93061006 0.69807871
-0.45851065 0.04457173 0.43581294
0.39297096 0.17595976 -0.53897638
-0.95536396 0.95142024 0.20245803
-0.70437996 0.18536818 0.5260299
-0.29039261 -0.4834443 0.81428477
0.55606298 -0.57737552 0.0388648
-0.03773661 -0.75243067 0.79939016
-0.00725749 -0.20246837 0.21603913
0.46767625 0.35695473 -0.71096972
0.96606385 -0.43031258 -0.46564375
0.34224631 0.03901992 -0.30083203
-0.13165382 0.27246291 -0.100882
0.9395544 0.12960458 -0.9576644
0.93178776 -0.23419245 -0.51060362
0.86084494 -0.81058291 -0.04635641
-0.1836409 0.36734745 -0.1304376
0.74793668 0.38294113 -0.8900453
-0.19195529 0.78809101 -0.53699506
-0.78057758 0.1756472 0.62331208
-0.63831792 -0.03163507 0.90511316
0.4348271 -0.62986179 0.22055442
-0.14390583 -0.25989129 0.41038627
-0.65589068 0.70733211 0.03281498
0.45007436 -0.51288504 0.08742455
0.90903231 -0.19391382 -0.64806787
-0.58459826 0.96714128 -0.29593421
-0.49679679 0.94824702 -0.08259826
-0.66968281 -0.05175356 0.73539596
-0.56311598 0.86463537 -0.22498834
0.92528814 -0.52275842 -0.14373662
-0.19262982 0.81286034 -0.44057768
0.33639718 0.6997077 -0.94694027
-0.62815343 0.71354983 -0.07946424
-0.26232372 0.60999191 -0.3038639
0.24878654 0.59437912 -0.75979665
0.67292648 0.35817935 -0.8924187
0.85331924 -0.28432957 -0.566628
3.53317373e-05 -6.24988304e-01 7.35095229e-01
-0.04790645 -0.62615063 0.7468432
0.39305971 -0.60203865 0.24275704
0.20646243 0.84844997 -0.97151553
-0.7723207 0.99794793 -0.1951058
-0.49166228 -0.06707889 0.57757023
0.92519533 -0.4517484 -0.45606973
0.57037283 -0.77713249 0.59724765
-0.34080289 0.66028768 -0.31058638
0.64236737 -0.39167665 -0.16759848
0.29605168 -0.30952101 0.02894214
0.33691359 0.17394637 -0.44225324
0.23079398 -0.45286321 0.22236323
0.5553811 0.45388483 -0.78323025
0.96876272 0.03387286 -0.97576454
0.16468298 0.53938441 -0.55028403
-0.1257896 -0.5113282 0.64405784
0.21125597 -0.26551997 0.14927432
-0.3063975 -0.50644468 0.98464057
0.67717304 -0.6003089 0.02295886
0.3372493 0.19058392 -0.524532
0.82837039 0.04148127 -0.75952182
-0.54775716 0.50744743 0.08606278
0.92959597 -0.14342202 -0.44723722
-0.14449825 -0.60397671 0.86924095
0.15561805 -0.75368574 0.64108657
0.75088424 0.22362916 -0.85758849
-0.40048918 0.90811484 -0.35748584
-0.8484855 0.19854752 0.73129329
0.48163325 0.66167171 -0.99349831
0.85920101 -0.82235775 0.00681708
0.94808343 -0.33106581 -0.52697902
-0.88913258 0.29787882 0.60256942
-0.20328062 -0.20179322 0.43779628
0.18514085 0.47623443 -0.57831923
0.01329885 -0.58293817 0.65215828
-0.69108013 0.0557713 0.77015174
0.77024829 -0.5776974 -0.16986624
0.84838883 -0.98375942 0.14976046
-0.86705442 0.93905159 0.16965011
-0.95012121 0.30997804 0.67860643
0.56308074 -0.87178726 0.41306053
0.4059679 -0.8064756 0.49354548
0.2855535 0.58044896 -0.74488836
0.05237259 0.89180783 -0.94398253
0.5907371 -0.33679755 -0.10668205
0.87767688 -0.14007277 -0.65187019
-0.3020466 0.97819525 -0.66336741
0.22920938 0.34802982 -0.5496575
-0.24949537 -0.54739398 0.9739098
-0.9591899 0.51022781 0.9236875
0.66906128 -0.60292139 -0.0112207
-0.67508926 0.01353587 0.68016923
0.64303145 -0.15834416 -0.44717321
-0.13771442 0.31565342 -0.11281179
-0.84956546 0.6355752 0.27549349
0.38316104 0.6774461 -0.9156189
-0.59406748 0.76995893 -0.02525035
0.43526454 0.56466759 -0.89148807
-0.10249324 -0.26202381 0.45796968
-0.5727876 0.77146783 -0.18212398
0.63055724 -0.88977944 0.53193553
-0.0569243 -0.63485566 0.81512717
0.18356771 0.65443322 -0.75521443
0.67388981 0.33541204 -0.93083996
-0.57482734 0.15222105 0.42687661
-0.47215728 -0.35994183 0.85856588
-0.23484057 0.85095043 -0.29544096
0.18034861 0.93871767 -0.96425379
-0.49424247 0.91413371 -0.19158196
-0.26345042 -0.2554221 0.57558093
-0.95784415 0.96660807 0.18168046
-0.02636049 -0.16977303 0.2004585
-0.36558354 0.10658 0.41342911
0.87447764 -0.10426909 -0.51604712
-0.73573584 0.82897623 0.06386036
-0.28206863 -0.18674398 0.49260799
0.89362715 0.05623915 -0.71501535
0.87123628 -0.90664366 0.16425721
-0.68749002 0.98396964 -0.24219305
0.84897084 -0.9402846 0.18495692
0.63330044 -0.64758545 0.0896227
-0.07845222 0.33327167 -0.25413409
-0.43557723 -0.11876538 0.61161597
0.43274497 -0.12089459 -0.28221886
0.94280959 -0.98080504 0.09120435
0.42794458 0.56593264 -0.93367404
-0.89943392 0.51698837 0.48655562
0.41084074 -0.02428428 -0.32968899
0.9004811 -0.11889902 -0.7472678
0.36328339 -0.72375856 0.54113275
0.2735392 -0.91985534 0.80069219
0.59270044 -0.8056001 0.55775927
0.89154923 0.17847447 -0.9386247
-0.3511572 0.5525996 -0.19582661
-0.34597306 0.09976022 0.35412772
0.18641776 0.78873631 -0.77204339
0.31200831 0.58322816 -0.78108301
0.16807736 -0.63619196 0.47533881
-0.58813906 0.02589596 0.62814533
0.46863979 0.32786186 -0.62226842
0.28330562 -0.04817017 -0.2341686
-0.12754454 -0.81684138 0.97026183
-0.04753108 -0.61720004 0.83137117
0.12224272 -0.9607303 0.889379
0.72943895 0.07579862 -0.69524166
-0.81611649 0.02172007 0.97746238
0.09172748 0.67623952 -0.71971957
0.14702861 -0.74024222 0.59365852
0.41668589 -0.53114848 0.24484068
-0.31235827 0.56789327 -0.15045168
0.99898999 0.18743308 -0.96562371
-0.382275 0.85890084 -0.47261136
0.26796111 -0.81656509 0.95081626
-0.78826169 0.02679276 0.91774352
-0.16020115 0.52825952 -0.3511716
-0.78506198 0.82179129 0.22790924
0.30037681 -0.16906666 -0.0743094
-0.52578118 -0.051175 0.82704015
-0.76430015 0.49215517 0.51314127
0.95110678 0.08316058 -0.91966788
0.89178414 -0.58820756 -0.1505334
0.4177618 -0.47823136 0.1903614
0.32930112 -0.53372857 0.36869883
0.70316721 -0.48190666 0.07251805
0.26715599 0.84563296 -0.62167649
-0.77683474 0.09507037 0.72586276
-0.3329993 0.49707901 -0.14923619
-0.90279211 0.54295166 0.42317875
-0.19337093 0.11924184 0.07476426
-0.11053455 -0.70089709 0.87665931
0.24919958 0.55453837 -0.65591445
-0.61591507 0.24486528 0.44011735
-0.13355785 0.83935508 -0.68390907
0.4111683 -0.67818231 0.35783476
0.93324929 -0.4924745 -0.22390803
0.71771011 -0.60755214 -0.03031086
0.69253707 -0.30595779 -0.37882931
0.5644992 0.14511578 -0.65830219
0.2439818 -0.35703887 0.13279365
-0.10647748 -0.69438142 0.88086305
0.52956929 -0.65807448 0.18239605
0.04937329 -0.46635331 0.5296464
0.37232582 -0.80812064 0.43746435
-0.20039809 0.42511342 -0.19485311
0.34880858 0.77011862 -0.9643117
-0.48169509 0.85923458 -0.30448333
-0.68431537 0.76786319 0.38150519
0.15114842 -0.66912606 0.86304814
0.63441636 -0.86747778 0.43693913
-0.32187313 -0.39902662 0.7559008
-0.02947633 0.54165286 -0.46678496
-0.88743264 0.10888904 0.94997243
0.65853712 -0.92872945 0.55339716
0.43764201 0.60691954 -0.8796341
-0.43330082 0.58944591 -0.13637008
-0.06739606 0.80934079 -0.41339901
0.15396961 -0.81206718 0.9634103
0.25573011 -0.29902073 0.07550765
-0.90357402 0.48296894 0.75878487
0.86313757 -0.99633178 0.73375685
0.70793199 0.12735987 -0.83085603
0.13821326 -0.68667838 0.57202231
0.64828519 -0.07952849 -0.50417716
-0.03839762 0.380307 -0.27729967
0.70257586 -0.45495344 -0.19316198
0.02950419 -0.81076684 0.78156676
0.85172974 -0.96744328 0.33387278
0.24486072 0.71552817 -0.7845008
0.53332221 0.04832215 -0.38439121
0.02120794 -0.48382493 0.68679897
-0.53100659 0.87338675 -0.2035835
0.38801021 -0.86828052 0.68754447
-0.21442273 -0.01663827 0.25207953
0.91567412 -0.20955682 -0.61884481
-0.80291504 0.97479214 -0.07920251
0.76554829 -0.44163724 -0.21832337
-0.87566846 0.58048863 0.56002134
-0.86546259 0.91840717 0.28474614
-0.57471534 -0.15184698 0.78857763
-0.90195621 0.42081347 0.85486349
0.95155833 -0.8916168 0.07399602
0.2826727 -0.17750738 -0.03058398
-0.11737259 -0.76890965 0.91978075
0.66610725 0.41731227 -0.98022621
-0.24913842 0.18112759 0.10609204
-0.248176 0.99136009 -0.58530784
-0.96583634 0.39796632 0.60037963
-0.87240874 0.99920327 0.00467884
0.09955933 -0.82857701 0.73971444
-0.63299306 0.95858081 -0.15206179
-0.26962975 0.62430781 -0.28401999
-0.48096605 -0.17487174 0.94169999
0.49443757 -0.28517261 -0.20182242
-0.80098603 0.22474003 0.75177076
-0.57455784 0.51327373 0.21789236
0.25836645 0.52541516 -0.78219666
0.03243287 0.69382495 -0.71716726
-0.53633515 -0.31571559 0.94294978
-0.36784915 -0.20155044 0.58151842
-0.58839011 0.1929208 0.39755284
0.72400236 0.43312262 -0.94672584
-0.36591018 0.67111103 -0.19263775
0.17441642 0.5984189 -0.62170503
-0.69664138 0.1773953 0.62396618
0.51632283 -0.74978309 0.23925997
-0.08492643 0.32621345 -0.1828933
-0.02949231 0.68373791 -0.4638453
-0.68953869 0.94339393 -0.17628023
0.73528444 0.15351858 -0.69692245
0.88112332 -0.96674248 0.16429587
-0.22961788 -0.39439741 0.76834922
-0.04803204 -0.36795233 0.51387994
-0.38433793 0.22587152 0.22455466
0.8397689 -0.38444441 -0.26153305
-0.40814009 -0.36921654 0.79423843
0.79955855 -0.18858764 -0.54791477
-0.89274126 0.55336306 0.42297034
-0.43596923 0.90911954 -0.41490343
-0.91290884 0.3146053 0.92016685
0.33881031 0.12290115 -0.43890275
0.46015513 -0.46646807 0.04930401
-0.21288874 -0.20114699 0.41980523
0.50613369 0.6839856 -0.9500874
0.94067783 -0.95431888 0.01430871
0.61842213 0.51528691 -0.94457702
-0.82674239 0.01455059 0.81819598
0.88782533 -0.30776064 -0.54316861
0.16919211 0.1996226 -0.31288897
-0.16869404 0.77816794 -0.56372755
0.43243035 -0.93682861 0.55148287
0.70794189 -0.96797943 0.32153696
0.8819869 -0.99646812 0.25836275
0.28946428 0.55549562 -0.69630207
-0.8219831 0.22437385 0.65136101
-0.23840618 0.97142868 -0.62782878
-0.64876883 0.68187151 0.01616086
0.09875932 -0.65376208 0.69942709
0.69152379 -0.49569091 -0.18749858
-0.32059079 0.14682269 0.36434173
0.64788646 -0.97163369 0.75332397
-0.15617219 -0.52942009 0.86366232
0.07364009 0.78703787 -0.65732942
0.53722042 -0.03629271 -0.49497257
0.78882694 -0.8040467 0.07778002
-0.75292814 0.66213422 0.27746132
0.33940278 0.12900983 -0.41186492
-0.54456011 0.48062505 0.15128348
0.07470473 -0.96772716 0.89639572
-0.49988958 0.98827713 -0.13908578
-0.57622382 -0.35613413 0.97224618
-0.41763092 0.876158 -0.45600586
0.28091186 0.50850339 -0.77309993
-0.09848369 -0.46100152 0.61678541
0.12638413 -0.66065967 0.66354399
0.86031224 -0.34255942 -0.36269099
0.23317792 -0.6451966 0.53933675
-0.47669413 0.06742827 0.43146624
0.37319059 0.22505651 -0.58961034
0.98552188 0.40028673 -0.94678349
-0.0900914 0.48222859 -0.33059429
-0.26487242 0.83754498 -0.38982063
-0.76405702 0.00556804 0.76837141
0.67435004 0.30135714 -0.73568186
-0.39661974 0.81075809 -0.18169601
0.70986222 -0.96333731 0.4435793
0.36555377 0.44374576 -0.78440915
-0.39587503 -0.17750742 0.58314376
-0.72177181 0.56851115 0.42355174
0.89911086 -0.47973721 -0.38666696
0.32286929 -0.30322137 0.01608748
-0.7637395 0.55209866 0.30517181
-0.53069784 0.0364114 0.63754983
0.80574345 -0.10045793 -0.41168043
0.33660193 0.88509668 -0.99972344
-0.15718995 -0.42064717 0.76541895
-0.38407151 -0.11588003 0.50898708
0.90885157 -0.34188795 -0.36600012
-0.99676208 0.95509822 0.14570703
-0.54744771 0.60321011 0.07597516
-0.31331779 -0.47418424 0.79229239
-0.46083125 -0.18549887 0.94919944
0.25488119 -0.45973036 0.25164496
-0.28603524 0.52603702 -0.23317503
-0.91166272 0.97203719 -0.05802343
-0.01604916 -0.87568965 0.94239888
-0.44924539 -0.06171589 0.78210585
0.54391864 0.65254517 -0.90153091
0.43052853 0.07197988 -0.49069801
-0.3624867 -0.12864182 0.52643484
-0.77401892 -0.19012073 0.98581004
-0.18452126 0.90766532 -0.66926763
-0.75036397 0.01344713 0.98557589
0.82630242 -0.68661116 0.17637105
-0.49545982 0.68732717 -0.13944987
0.33938373 0.59843303 -0.91587239
0.0950221 -0.32513347 0.23173836
0.84699073 -0.07437007 -0.68233691
0.43067388 -0.70282018 0.34663867
0.9623221 -0.47445882 -0.44930752
0.57317247 0.28449267 -0.69021512
0.08390063 -0.93625469 0.86493424
-0.8703281 0.33217605 0.68810889
0.66626116 0.31508064 -0.80561124
0.70036585 -0.05912089 -0.62081377
0.60327278 -0.61518821 0.08687289
-0.74544403 0.43979077 0.37657091
0.2841284 0.70966552 -0.97758083
-0.50332385 -0.12174038 0.79987956
0.72162649 -0.80009815 0.12842869
0.32135631 0.08036425 -0.38470592
0.9728405 -0.15927979 -0.77129358
0.99574446 0.06890382 -0.89035777
0.62509394 -0.71376064 0.25424091
0.58100111 -0.88366769 0.30714192
-0.45599423 0.57733491 0.01138023
0.69311933 -0.26552618 -0.26697378
0.17725368 0.94785786 -0.79056572
-0.86270067 0.64403724 0.33558897
-0.94885176 0.902039 0.21720142
0.93920012 -0.77174801 -0.15134046
0.76765953 0.35826454 -0.88454078
0.97195369 -0.57379732 -0.34046331
-0.87137041 0.27160573 0.73956108
-0.90006372 0.23256379 0.67678271
-0.13272017 0.86927375 -0.62236923
0.56726431 -0.82708701 0.32612291
-0.48825924 -0.20898103 0.94327362
0.40421365 -0.87060267 0.61096766
0.0468409 -0.69577055 0.80418658
0.03805422 -0.46945583 0.5011645
-0.39490547 -0.10223344 0.5598328
0.40142235 -0.90016647 0.5454997
-0.2722326 -0.24843543 0.52430858
0.07626439 0.92328376 -0.958613
0.39451544 -0.85138948 0.46182296
0.54525446 -0.09763809 -0.41370895
-0.99728508 0.32585948 0.70922814
0.24382311 0.6447905 -0.8151735
-0.48802666 -0.07832593 0.59214194
-0.42781998 0.99019556 -0.46268705
0.25746152 0.41298832 -0.46706255
0.76773195 0.39092479 -0.89864287
0.04268368 0.48196328 -0.34488395
-0.95226885 0.64042862 0.51442187
0.09729572 -0.57057674 0.73118975
0.53326543 -0.64641812 0.19687864
-0.64914644 -0.10789349 0.89118502
0.64536513 0.16436028 -0.76489909
-0.67865381 0.34982008 0.37657133
0.56134076 0.10184129 -0.58734588
0.05759501 -0.79528358 0.83316915
0.34109181 0.81552281 -0.99485528
-0.88400546 0.22385379 0.72756222
0.69817967 0.17322824 -0.73453841
0.47204351 0.63878914 -0.6913053
0.60191068 0.31787711 -0.74987635
-0.01683327 0.78882714 -0.7563841
0.08116619 0.93354085 -0.87784838
-0.24370453 -0.47251716 0.84331974
0.1013752 -0.23992484 0.17745431
0.41563578 0.38270143 -0.58659174
-0.53912524 0.98982254 -0.40624156
0.22461212 0.47341673 -0.65779004
0.17997506 -0.8635405 0.73231155
-0.83703045 -0.03904875 0.97677043
0.47680276 0.33158548 -0.76167825
-0.48323414 0.42667602 0.1377654
-0.87552636 0.8197929 0.1329421
-0.32954341 -0.55463341 0.92290055
-0.40522536 -0.24886329 0.74435595
0.84946089 -0.26998638 -0.40834174
0.51221923 -0.86209316 0.35888753
0.00289947 0.43751339 -0.30635702
0.24473779 -0.97019087 0.8508485
-0.1654861 0.92210181 -0.58553157
-0.84621179 0.22233655 0.72327919
-0.24008891 -0.02293418 0.44493026
0.98625045 -0.87707955 0.26928673
0.55587707 -0.0871292 -0.45886842
-0.84450196 0.28844058 0.83892546
-0.81261154 0.14517882 0.81945638
0.52823346 -0.52428395 0.03385221
-0.1010696 -0.72348799 0.85337423
0.49149589 -0.82324123 0.39309473
0.34657598 -0.43454453 0.22266307
-0.22836623 0.01560193 0.30237004
0.13235478 0.52949645 -0.52129606
0.73671138 -0.56432031 -0.09024863
-0.80098039 0.47146871 0.38929691
0.00510027 0.70919276 -0.43459515
0.88386907 -0.79348039 -0.0511013
0.39793496 -0.84632633 0.73656421
-0.74344428 -0.06213452 0.84305243
0.58734034 -0.32895661 -0.22580558
-0.34855056 -0.32651054 0.72788346
0.80670244 -0.82472348 0.29062135
0.84212086 0.28589771 -0.98338238
0.85532189 0.01535441 -0.76922325
-0.5752061 0.70065494 -0.0573521
0.25178507 0.78065177 -0.9759795
-0.8212569 0.81169914 0.09858036
0.15026254 -0.86558414 0.79223223
0.77978288 -0.73121192 0.1462337
-0.33580952 0.25065075 0.12669559
-0.79749984 0.82315495 0.32856749
0.6088118 -0.64092012 0.04384904
-0.76439782 0.68957745 0.15601739
-0.81154701 0.03228978 0.80464854
-0.43015256 0.48337989 0.08244359
0.60276741 -0.27312074 -0.25611264
-0.64558177 0.05125388 0.6048024
-0.2338943 -0.34662963 0.59181034
0.49000302 -0.14754103 -0.26146194
0.73572465 -0.28907236 -0.34862668
-0.1165028 -0.56228647 0.69660856
0.66478776 0.443387 -0.92945002
-0.0289677 0.42620989 -0.39696343
0.08005777 0.30142457 -0.34026281
0.75512666 -0.27070888 -0.47322923
0.6537446 -0.16860791 -0.45737983
0.7875847 -0.80673318 0.10319221
-0.69702064 0.4093065 0.32711575
0.26187315 -0.04159106 -0.15864413
-0.28789395 -0.20631339 0.53220307
0.00115146 0.39624784 -0.36729229
0.67055203 -0.71554732 0.0735796
0.67787688 0.03987907 -0.63226199
0.59313072 0.14265703 -0.70889684
-0.71641275 0.33578127 0.39345379
-0.96421054 0.37952319 0.75416665
0.82433221 0.21992532 -0.995311
0.3008867 -0.91537501 0.71099308
-0.03744554 -0.31785959 0.5095721
0.86524199 -0.68279099 -0.1653675
-0.79455199 0.52870558 0.76098128
0.41686366 0.08739605 -0.37353147
0.61241387 0.22395262 -0.78265947
0.08448207 -0.78344534 0.77519101
-0.83038046 0.34799805 0.519465
0.12233151 0.75221756 -0.84602131
-0.60949052 0.94962147 -0.1247848
0.84940993 -0.40977692 -0.31029831
-0.84241921 0.68406392 0.22587803
-0.07989534 -0.70167479 0.93458789
-0.47015541 -0.16356494 0.73490248
-0.24788173 -0.4600992 0.79642992
0.51113835 -0.76757287 0.45769021
0.08983225 0.5674246 -0.48984916
0.78781528 0.11919411 -0.72285533
-0.31559788 0.99978889 -0.66996281
0.06464418 -0.58840824 0.68341921
0.68032274 0.21489704 -0.57756572
0.46439663 -0.64928206 0.23424149
0.53208992 0.71573184 -0.96353756
-0.17383114 0.63821506 -0.3814908
-0.17047092 0.95737236 -0.74026553
-0.10512786 -0.38342834 0.69457574
-0.92078986 0.04776747 0.87925374
-0.54739109 0.44456026 0.46244925
-0.58937835 -0.04328186 0.67084255
0.01704738 -0.37324859 0.43386611
-0.92873397 0.59539541 0.37568712
0.5571025 0.52478803 -0.93094095
-0.00881001 0.73653938 -0.71110682
-0.14475471 0.33214671 -0.16669802
-0.29496276 -0.32725444 0.69013867
-0.36322062 0.46395393 -0.08235707
-0.9728817 0.41883527 0.56496897
0.86157998 0.00334587 -0.70122146
-0.07934175 -0.13625982 0.21786575
-0.87631579 0.90129423 0.04719261
0.33642979 0.56490007 -0.7532513
-0.00951771 -0.33155391 0.38439734
0.85653713 -0.74610797 -0.10140449
0.4391195 0.56666468 -0.87178596
0.39036604 0.70244048 -0.77566581
-0.23857545 0.74186966 -0.29270699
0.55585693 -0.11528128 -0.40244073
0.11453343 -0.89197524 0.78899587
0.85106724 -0.56625263 -0.24472154
0.24538783 -0.75688559 0.56981723
-0.22883583 0.94592164 -0.68248267
0.92451665 -0.35348819 -0.56663955
0.4225851 0.04710074 -0.4618211
0.41982013 0.65054363 -0.97098192
-0.83715609 0.23350879 0.92109041
-0.69254072 0.05327129 0.68293572
0.94868268 -0.47283429 -0.4190385
0.21449574 0.44611144 -0.53449769
0.33921131 0.08258413 -0.28784038
-0.32285409 -0.06792367 0.41946677
-0.04429307 0.4408332 -0.30347227
0.48634077 -0.58608851 0.15771397
-0.56624434 -0.23453169 0.88058857
0.19916911 0.4419054 -0.59320569
0.59385422 0.34549155 -0.91180638
-0.54912836 0.65972899 -0.06976313
-0.97357223 0.1134521 0.91093558
-0.30793329 0.45712654 -0.14757829
-0.05074101 0.45612816 -0.37806259
0.41537142 -0.88213602 0.71666727
0.26119062 0.78287673 -0.78298552
-0.03586314 0.72427841 -0.58273416
0.45864846 0.70353732 -0.89359207
0.6549373 0.40512661 -0.98065371
0.37782609 0.38668348 -0.76149483
-0.9829852 0.70972931 0.30744515
0.41227378 -0.41420764 0.00351754
-0.89876217 0.96104172 -0.06126384
0.84727908 0.09070255 -0.86636657
0.3992187 -0.7175076 0.4241168
-0.28933366 0.16839135 0.14617834
0.81299838 -0.24178259 -0.5108031
0.44630623 0.55524765 -0.96500288
-0.6787604 0.48839572 0.35389062
-0.39111084 -0.39029943 0.86248409
0.15213202 -0.98231667 0.94322328
-0.21836695 0.7343318 -0.42317757
0.52808833 -0.81086025 0.33561864
-0.46937631 0.32548189 0.18744679
-0.51343757 0.06270784 0.46891048
-0.08537298 0.32496674 -0.22463992
-0.70127345 0.82069593 0.06565436
0.35383312 0.9351045 -0.98484524
-0.22996242 0.19743712 0.06455655
-0.54344764 0.77531923 -0.07851387
0.85531509 -0.65069266 -0.14993725
0.25695024 0.44097697 -0.66588408
0.47472403 -0.94938178 0.67698982
-0.59786335 0.31121945 0.30868216
0.94735533 -0.82576048 -0.09220197
0.92716997 -0.58738336 -0.29225274
-0.26116473 -0.58274466 0.86947723
0.90916352 0.04713482 -0.88100655
-0.72460278 0.05347841 0.76972979
0.40430112 0.33554358 -0.51349955
0.99659833 -0.00642816 -0.87975395
-0.66066368 0.12547676 0.64009512
0.97932111 -0.99506441 0.07761336
-0.28546067 0.56542404 -0.19145408
0.82301758 -0.6004823 -0.18989639
0.26644954 -0.57284865 0.31360767
-0.71998666 0.94082489 -0.18346069
-0.8587188 0.05429767 0.94416252
0.98292519 -0.89018971 0.35951685
0.64080201 0.12005025 -0.65390661
0.19091931 0.63881116 -0.73169542
0.80470898 -0.73847775 -0.05372137
0.20246187 -0.1251051 -0.05843682
0.07959145 -0.86094453 0.89210742
-0.86233116 0.56068151 0.4074644
-0.08430372 -0.78824467 0.87514514
-0.67847813 -0.21347048 0.96733097
-0.60701639 0.34330762 0.4056681
0.24982854 0.21375177 -0.31281384
-0.03897853 0.28857805 -0.19958385
0.50689725 0.34952269 -0.53871814
0.24914294 -0.22508044 -0.01520279
0.262827 -0.82532453 0.61642233
0.77502354 -0.89506308 0.36777778
-0.17085966 0.32327834 -0.15225949
0.09732049 0.63616323 -0.63550494
0.46404503 0.58543526 -0.81007283
-0.8545291 0.95761342 0.20434109
0.25662326 -0.89150308 0.761305
0.7423513 0.42367293 -0.92826194
0.22369419 0.09114708 -0.29398462
0.54409958 0.51954889 -0.92608514
0.61463836 -0.79601945 0.210028
0.46307892 -0.45774892 0.00175517
-0.16521997 -0.57956198 0.94247096
0.99600003 -0.90422111 0.20853356
0.17650134 -0.51821606 0.42339703
0.25775142 -0.65600368 0.43845348
0.40617269 0.21639542 -0.59093121
0.68049454 0.37550201 -0.93482551
0.76718602 0.11877521 -0.66810008
0.33803414 -0.45973411 0.21116178
-0.66653847 -0.01126917 0.79458755
-0.06626426 0.80142931 -0.57184538
0.76443386 -0.89447083 0.15459546
-0.82870675 0.82241739 0.29969572
-0.23086354 -0.69414975 0.9704651
0.96673791 -0.14035215 -0.79140637
0.30800995 0.11380874 -0.32449713
-0.97387052 0.31462183 0.95604773
0.64139061 -0.1883617 -0.32609765
-0.94519414 0.72611022 0.2258343
0.03759056 0.85068645 -0.87905879
-0.12683429 0.03727643 0.12529521
-0.08032382 -0.40266077 0.64042147
-0.76490754 0.50623191 0.41579554
-0.68513158 0.12381884 0.763603
-0.50130921 0.79434065 -0.27057592
0.74431657 -0.40292389 -0.26403907
0.19110999 -0.82212685 0.74187688
0.72440106 -0.81498602 0.26129283
-0.57810247 0.76969572 -0.11181592
0.04525756 0.21482951 -0.21532424
-0.64575002 -0.0923233 0.75395431
-0.12843901 -0.46635859 0.71069292
-0.21932329 -0.49947955 0.92161566
-0.27075859 0.31660353 0.08955014
-0.65685521 -0.08104397 0.96630419
0.35989449 -0.0390342 -0.31751039
0.24247802 0.25819846 -0.47147567
0.04903698 -0.18428332 0.16919211
-0.96295007 0.21103097 0.85568281
-0.88943175 0.76818529 0.31399936
-0.30561308 0.24861403 0.06650523
-0.53594209 0.67499848 -0.11748526
-0.21343673 -0.71577609 0.94485327
-0.53563705 0.35496638 0.28236981
-0.79347601 0.71661824 0.20711395
-0.86788664 0.22571837 0.76028816
-0.72259713 0.73544262 0.01325645
-0.70537386 0.32593396 0.49614603
-0.06517584 0.54169278 -0.46696
-0.68349732 0.35572397 0.38179872
0.34105439 -0.51586971 0.18165443
-0.24498792 0.64461844 -0.36498533
-0.09903834 0.80429651 -0.64695238
0.65694302 -0.07423032 -0.40494178
0.02128866 0.89668694 -0.76159274
0.20546491 -0.26416813 0.06629389
-0.87325865 0.52440979 0.47074794
0.44878375 -0.74242939 0.3921052
0.74310637 -0.3991923 -0.26530258
0.17228916 -0.61564292 0.50315534
0.26234385 0.30311685 -0.5551194
0.45681983 0.39121738 -0.63744102
-0.81330077 0.55596071 0.30942714
-0.37943139 -0.34228273 0.74292105
0.06752786 -0.63536296 0.77908786
0.38153873 0.62424739 -0.94351369
-0.13759983 0.91167699 -0.73079591
0.35772518 -0.98837023 0.88092056
0.35480734 -0.15042382 -0.08205128
-0.13871773 0.81337414 -0.62754135
-0.82348678 0.04163326 0.8564226
-0.11068743 0.60540872 -0.49146218
-0.18779812 0.42920729 -0.12213623
0.15166474 -0.33054278 0.18606506
0.15652209 0.3412816 -0.46039709
-0.95616753 0.82397513 0.30031224
-0.80657376 -0.01442244 0.82978471
-0.32441605 0.92918075 -0.60172965
0.69222455 -0.98571901 0.4218381
-0.88453593 0.71864774 0.21586399
0.85503971 -0.7178486 0.01867542
0.02281539 0.94200445 -0.83341195
-0.26933833 -0.05747395 0.43299546
-0.28428753 0.95008872 -0.60280298
0.20954518 -0.58113674 0.44148016
-0.9290757 0.58528196 0.43803778
0.60353392 -0.29234035 -0.2752732
-0.53217 -0.08675165 0.64627862
0.93038884 -0.18713198 -0.71856915
0.61202351 -0.69574584 0.12096804
0.05397851 -0.75742062 0.85219581
-0.00639423 -0.17477311 0.22505048
-0.38872759 0.91442941 -0.5133459
-0.53482101 -0.33263472 0.87226899
0.8450501 -0.72434664 0.00200645
-0.83585092 0.48585078 0.37101364
0.31005781 -0.45692175 0.15615864
0.26304378 -0.52416746 0.55835014
-0.24180388 0.66892174 -0.40311868
0.26448565 -0.86092107 0.76762496
0.11324721 -0.62836376 0.59276099
-0.26589221 -0.54411518 0.81802383
-0.29205329 0.61443553 -0.29930762
-0.21822 -0.33625193 0.57440404
0.58432075 -0.84429586 0.31191641
0.21920583 -0.68149581 0.51494651
-0.75507908 -0.02853615 0.84229897
-0.20333028 -0.39979624 0.62195286
0.61117059 -0.42460333 -0.04082512
-0.50696033 -0.2920184 0.81043292
0.2629082 0.44439943 -0.68695581
0.19340025 -0.69793152 0.58589973
0.43330666 -0.26291628 -0.13244267
0.26799575 0.47997305 -0.71009664
-0.08201177 -0.43361052 0.54692014
0.97110981 -0.12415264 -0.63935725
-0.29796282 0.355425 -0.03799407
0.5409074 0.36915658 -0.86706416
0.43526599 0.53551562 -0.71552831
0.96659831 -0.25992572 -0.64191074
-0.93752977 0.97787515 0.3981779
0.73647141 -0.5817474 0.03170846
0.37823273 0.64318242 -0.99005884
0.89403715 -0.21565715 -0.66115943
-0.58396119 0.96102344 -0.32277477
0.40820024 0.71808437 -0.82016235
-0.64662244 0.87271627 -0.05849955
0.67035794 -0.68410821 0.02533185
0.1149268 0.99478393 -0.86589968
0.40193344 0.43664256 -0.8312867
-0.91591649 0.57920967 0.50361816
0.78965059 -0.99275637 0.47977049
0.56646518 0.22420872 -0.72523178
0.22859388 0.24269195 -0.45613219
-0.73087514 -0.14184041 0.96692552
0.82976531 0.01588484 -0.54933629
-0.35105647 -0.54194357 0.96243965
-0.92630572 0.77607348 0.18543904
0.36417386 0.48944901 -0.79151571
0.12438126 -0.240237 0.16936707
-0.43151391 -0.44273416 0.94523481
0.79881315 -0.99754561 0.25664257
-0.36389437 -0.42187271 0.9528122
0.81046246 0.28976727 -0.93628389
0.53410829 -0.52475538 0.01803166
0.14789787 0.19580363 -0.32869059
0.56276663 -0.72633069 0.16593905
-0.41446437 0.52035862 -0.02290725
-0.17267283 0.991233 -0.63311208
0.17018756 -0.97721845 0.84354759
-0.06057305 -0.54032609 0.67214535
0.8369901 -0.82797381 0.14495096
0.38916566 -0.34029835 0.0020795
0.83040749 -0.61325516 -0.04549757
0.86843618 -0.76484509 -0.06936465
0.63504048 0.39927198 -0.81151199
0.25175947 -0.71359646 0.52633448
0.50440452 0.62309751 -0.87862488
0.26332952 -0.9192126 0.70211503
0.85474891 -0.04864719 -0.66028679
0.99115607 -0.9516213 0.16195838
0.90260106 -0.99084551 0.29220413
-0.36478041 -0.30181152 0.6994443
-0.79199735 0.13551034 0.67406478
0.59688111 -0.14721529 -0.37569325
-0.25378892 -0.34732453 0.71316411
-0.40648161 0.55945448 -0.14138375
0.44119208 -0.10375448 -0.26154544
0.38264431 -0.91999946 0.65164499
0.10426852 -0.71743614 0.7777886
0.29655897 -0.62612789 0.42189587
-0.57431848 0.82223866 -0.1359293
-0.32282656 -0.12685676 0.45477111
0.68498836 0.16661237 -0.84065487
0.95902244 -0.8965283 -0.04488547
-0.93189452 0.48070128 0.55269555
0.53953323 -0.80171826 0.27205753
-0.99690713 0.53526632 0.47760805
0.60003405 -0.86069995 0.40697263
0.58872826 -0.73247091 0.4029541
0.85490879 -0.1045002 -0.63774592
0.13723338 -0.97498922 0.92750557
0.93043982 -0.23477155 -0.66598433
-0.30326024 0.93456792 -0.59495603
-0.86534231 0.24811438 0.70461983
0.45869543 0.80157023 -0.94338139
0.48915004 0.41102152 -0.88737079
-0.32220554 0.25521576 0.06802261
0.7752433 0.54264208 -0.99071179
-0.76252289 0.99458387 -0.22234519
0.76671761 -0.69254799 0.08795924
0.11748387 -0.96461163 0.88951889
0.03995326 -0.94383961 0.91300223
0.65530073 -0.91763066 0.35266384
0.55932853 -0.86286915 0.52306807
0.61719937 -0.79783275 0.3839458
-0.43569221 0.66420334 -0.20827965
0.06030675 -0.34635675 0.30811622
-0.35206743 -0.60186548 0.96036637
-0.03760527 -0.68825401 0.78080386
0.18231069 0.30404422 -0.37770981
-0.89056208 0.45482912 0.79810033
0.39378939 -0.92271113 0.54294219
0.75147032 -0.93111338 0.21605999
0.00048659 0.36447292 -0.26684995
-0.99802297 0.43527647 0.75634852
-0.98105488 0.98349112 0.10958833
-0.45498654 0.98194298 -0.40500801
0.69364251 0.33170876 -0.84359927
-0.9841529 0.20145266 0.87081446
0.71480317 0.25053739 -0.8423632
0.26549622 -0.34305794 0.07835526
-0.8398319 0.73603787 0.16766412
-0.46521056 0.92900256 -0.20429109
0.41757059 0.58124772 -0.9554664
0.32553732 -0.30383048 0.03898956
-0.02194619 -0.38328256 0.4117997
0.29719008 0.38167013 -0.66852342
-0.50938624 0.72465585 -0.19577167
-0.72689127 0.36304383 0.41207223
0.93634782 -0.78080539 0.09830971
-0.04960616 0.51797955 -0.46255021
-0.44030603 0.73777967 -0.04875381
0.0136584 0.96220523 -0.94445901
0.48219013 -0.28858964 -0.14198275
-0.15683488 0.98072425 -0.44304192
0.50677408 -0.07386374 -0.32753787
0.08804691 0.3733596 -0.3694863
0.42161362 0.28589861 -0.67554518
-0.28259399 -0.16335289 0.54106947
-0.03095318 0.61068075 -0.55048584
-0.80744899 0.41010369 0.47419001
0.03052043 -0.89195696 0.88566743
-0.89761699 0.83600451 0.08792065
-0.39404552 0.68113425 -0.24690973
-0.91952384 0.55933577 0.46291563
0.48325937 -0.99858171 0.76876628
0.43853316 0.55593671 -0.95207717
0.79553706 -0.51338565 -0.25933122
-0.35333793 -0.2345767 0.70382054
0.14203448 0.21672142 -0.30289234
0.85860275 -0.24384854 -0.59759781
-0.20720014 0.54729611 -0.17610388
-0.76811029 0.47206516 0.31961047
0.91979363 -0.19848229 -0.7009028
-0.57960684 0.33720588 0.29545159
-0.70272505 0.84198329 0.06169114
-0.4206121 -0.07716212 0.633619
-0.29894533 -0.06792653 0.47375159
0.01959904 -0.65403883 0.82150431
-0.92788647 0.87695116 0.08286394
-0.04424903 -0.64172886 0.79491948
0.91556849 -0.5488755 -0.356524
0.71612039 -0.26380874 -0.24162938
0.18031782 0.7065693 -0.80349161
-0.02480945 -0.90974041 0.96266892
-0.16472448 0.69110314 -0.50665806
0.04102018 -0.53750212 0.70068061
0.50569175 0.41243755 -0.76160134
0.0220307 0.54487798 -0.43998319
0.44736509 0.54176286 -0.88616141
-0.49214572 -0.25467369 0.85103237
-0.5475499 -0.09790613 0.70012204
0.64911442 0.21977742 -0.81970227
0.65792889 -0.64329725 0.04296077
0.72765489 -0.03093672 -0.61640718
0.80790887 0.20604381 -0.7503361
0.03573706 0.68802672 -0.70196338
-0.47973391 -0.30774023 0.8670075
0.1568292 -0.3145706 0.29472387
0.53207081 0.17968577 -0.69723481
-0.29428556 -0.2875316 0.66969386
0.07829118 -0.48392217 0.56091884
0.09040708 -0.8504573 0.76192792
-0.63838315 0.72974383 -0.05547179
-0.10243389 0.34208184 -0.21582346
0.01001691 -0.62346374 0.77740088
-0.54147067 -0.13389657 0.77979297
-0.68987774 0.49405968 0.37685419
0.18490735 0.97733494 -0.90688065
0.8469696 -0.59225634 -0.22426211
-0.19859693 -0.28824405 0.5204151
0.93358718 -0.02266153 -0.79036804
0.66618274 -0.9335208 0.39775664
-0.61165656 0.63912212 0.00273846
0.60027443 -0.59759057 0.38897591
0.62069308 -0.76366013 0.1503831
-0.19473873 0.86666414 -0.63790726
-0.58225175 0.01368071 0.886068
-0.52037502 -0.3172101 0.94178695
-0.94884422 0.64424932 0.43495333
0.18535169 -0.87546134 0.86470871
0.39265955 0.42686071 -0.56717244
0.25560856 0.39963425 -0.62301237
0.00389288 -0.5458014 0.56087405
0.65789618 -0.34797442 -0.232694
-0.33052688 0.27230423 0.0921735
0.99680416 -0.83887801 -0.12836756
0.24843868 -0.65403522 0.45307892
-0.76894108 0.22126455 0.84141632
0.22109991 -0.17744019 -0.03696679
0.60721106 -0.39554507 0.02799674
-0.34294693 -0.28415855 0.81024923
-0.16302563 -0.69086366 0.91439783
0.3973353 0.44039446 -0.76712868
-0.04256411 0.39937667 -0.30326908
-0.48602018 0.40932741 0.13738838
0.78668531 -0.20774418 -0.51778991
-0.30376772 -0.38864177 0.94043932
0.71632888 -0.41479026 -0.20969218
-0.45349415 0.70276048 -0.16195796
-0.99021965 0.41815465 0.74567549
0.2686524 -0.46819516 0.3629942
0.40316135 -0.63270231 0.35758559
-0.4634637 0.99953711 -0.50533593
0.31478368 -0.81151719 0.80798816
0.18171281 -0.78417034 0.61957758
-0.36558349 -0.26738375 0.67848837
-0.39981836 0.5808814 -0.06314721
-0.13883094 0.61245577 -0.43842099
0.58149959 -0.90279568 0.56671391
0.47257755 0.83110744 -0.9758889
0.11830891 0.83111979 -0.68489301
-0.68866833 0.7436733 0.07573391
-0.62661203 0.82235145 -0.08818566
0.81131034 0.10579899 -0.82097531
-0.04423016 0.95238655 -0.81414978
0.91510745 0.24339317 -0.9091239
-0.61223072 0.65848771 0.19511323
0.93468823 0.6318867 -0.86335779
0.56973883 -0.20310217 -0.23574453
0.03033671 0.7140091 -0.65974878
-0.68757922 0.17477786 0.60732428
0.37669891 0.86604347 -0.85148604
0.27894899 -0.75246981 0.49831559
0.8430373 -0.91083185 0.25828812
0.20592119 0.86761065 -0.90507794
0.26530111 0.78301413 -0.96242047
-0.96370535 0.30967993 0.83732345
0.44813689 -0.91297122 0.49145683
0.17570376 0.48986836 -0.58265208
-0.86226256 0.11156786 0.80209878
-0.0230644 -0.77405008 0.80572444
-0.90896205 0.96087073 0.04516365
0.47765897 0.96252289 -0.84814577
0.66972879 0.02757887 -0.68954379
-0.02305994 -0.72705465 0.83916231
0.25118431 0.70498601 -0.93251179
-0.99329624 0.04099628 0.9635823
-0.50412218 0.19573294 0.36061422
0.57329407 -0.91861457 0.44835429
-0.84324017 0.7427432 0.19383553
-0.87953798 0.0696022 0.94213659
-0.08195486 -0.50080668 0.70959338
-0.94887335 0.26799694 0.84895129
-0.56095986 0.80933526 -0.14975652
0.95103955 -0.0954383 -0.81803603
-0.98747234 0.35543468 0.69046242
-0.78990965 0.16722402 0.694803
0.21523322 -0.68950983 0.91684386
-0.71814301 0.32471342 0.49123756
-0.17767832 -0.7153895 0.93571458
0.21435938 -0.8818907 0.69631964
-0.73784259 0.80605275 -0.01019178
-0.8905618 0.72906024 0.21613521
-0.45681498 0.42426154 0.10620846
0.850725 -0.33156084 -0.28713079
-0.32955576 -0.4499542 0.79388536
0.25440713 -0.85335369 0.65260246
0.97317407 -0.80352264 0.23308269
0.27764091 0.18728402 -0.39780708
-0.67011128 0.95071927 -0.23337943
0.30156412 -0.33892562 0.0390209
0.18518892 0.57325022 -0.75810699
-0.46006696 0.67152508 -0.13684661
-0.33431482 0.892433 -0.46061378
-0.53556276 0.37714694 0.22571758
0.4989009 0.5592412 -0.87013583
-0.89664768 0.45909988 0.78295276
0.61758499 -0.95920776 0.92908594
0.60307473 -0.4063529 0.07197571
0.45982241 -0.96283846 0.78345504
-0.51777938 0.73326181 -0.02841544
0.82931512 -0.19850772 -0.33853565
0.52245995 -0.12156357 -0.26676226
-0.45559207 0.06376574 0.51638351
-0.12140635 -0.31318713 0.47784037
-0.96542287 0.49398872 0.66647759
0.10457516 0.95996268 -0.99594938
0.35359888 0.23146205 -0.45306886
0.27186275 0.27047013 -0.53618671
0.84682383 0.11897395 -0.73402624
-0.53962324 0.23624173 0.35282497
-0.00310625 -0.80795213 0.95306815
0.99390835 -0.09067584 -0.71393743
0.82500186 -0.19969302 -0.52138952
0.63301685 0.40363337 -0.89764568
0.46221432 -0.25039036 -0.09720819
-0.80626679 0.35478307 0.52972758
0.99474087 -0.95671558 0.09761023
-0.17177445 -0.29919695 0.52549734
-0.73979161 0.47768645 0.26726682
-0.09646029 0.72921636 -0.4090784
-0.94423602 0.60637617 0.3391474
-0.82102284 0.51684299 0.44805141
-0.67180968 0.38273479 0.53917937
0.08993068 0.99645493 -0.93886405
-0.20257623 0.08866823 0.15804298
0.98531859 0.18229295 -0.78123022
-0.27844483 0.98075124 -0.51247894
-0.31751755 0.3904365 -0.02608746
0.2211767 -0.43396604 0.21379297
0.79888923 -0.5136544 -0.14548608
-0.82676385 0.03160016 0.88844991
-0.8707156 0.48946465 0.43842965
-0.89381452 -0.06032902 0.95977117
-0.77326763 -0.10820122 0.88742698
-0.98729236 0.62469371 0.45249434
-0.44972983 -0.34891221 0.87135423
-0.42724145 0.98151735 -0.53888436
-0.54915901 -0.01274937 0.80676663
0.29918868 -0.35523748 0.06604645
-0.47781616 -0.23565217 0.79467404
0.25358396 -0.51102376 0.31735944
0.85358056 -0.49844436 -0.29638041
0.78818268 -0.93702334 0.35458092
-0.2394876 0.05559569 0.22188574
0.83174788 -0.99168753 0.37243147
0.81464705 -0.43699144 -0.3387458
-0.58085426 0.19682596 0.57909979
0.88839067 -0.33297761 -0.46093918
0.42604102 0.56789152 -0.90456783
0.45788606 -0.9879038 0.80226391
-0.16665862 0.0153678 0.1796185
0.76929531 -0.70824297 0.01260819
0.69781963 -0.7849388 0.50433663
-0.83758886 0.12799829 0.83368763
0.60917661 0.27777769 -0.87160671
-0.81978089 0.24276885 0.64383753
-0.06626481 0.67138874 -0.54427442
0.09644223 -0.66550084 0.67045751
0.64738879 -0.32898272 -0.24101282
0.06461425 0.1282274 -0.19071375
-0.97260018 0.37411866 0.63357249
-0.33524053 0.6669379 -0.31677768
0.35154718 0.5288625 -0.69383451
-0.16414033 0.89917671 -0.73428356
0.50851616 -0.95546395 0.61256056
0.26409381 -0.67138934 0.40955178
0.69191497 0.23205097 -0.82645638
-0.31184781 -0.21503139 0.53430151
-0.60461991 0.3821606 0.25623711
0.16273426 0.05993856 -0.19769184
-0.90492051 0.0176212 0.99732042
0.50870235 -0.50105358 0.0116368
0.66474663 -0.84728376 0.27699296
-0.75405251 0.13672235 0.74528625
0.80878336 0.32386961 -0.96213835
0.59768516 -0.96621931 0.3948174
0.01128312 0.63401913 -0.63159862
-0.86319492 0.21780109 0.97162974
-0.86980658 0.79622777 0.32148984
0.95319423 -0.16434869 -0.59118805
0.91300716 -0.35385964 -0.54272638
-0.57555109 -0.03124015 0.68927016
-0.9114077 0.7335885 0.18738459
0.92147267 -0.33641532 -0.55372325
0.82235713 -0.83089416 0.24490764
-0.72632466 0.53955306 0.20958376
0.15218014 -0.52228619 0.44259028
-0.62259039 0.20869343 0.4417888
0.12096443 0.05044115 -0.16502096
-0.52188356 0.26074371 0.36108377
0.41325025 -0.94716686 0.75421812
-0.63542235 -0.09124904 0.7274098
-0.85074782 0.46438361 0.49186141
0.70662881 -0.51979366 -0.14862506
-0.64189482 0.589855 0.20367172
-0.52276389 0.37335114 0.24692988
-0.89669737 0.16808238 0.81096578
0.81614389 -0.31096662 -0.16666603
0.92147121 -0.30749203 -0.386297
0.81077818 -0.89512845 0.13606217
-0.29099496 0.08765264 0.26467801
0.57936667 0.24945267 -0.58027683
0.79441967 0.09985418 -0.82710932
-0.25988179 0.66021975 -0.33691661
0.79099828 -0.64085643 -0.01085066
0.18059928 -0.12564962 -0.04284176
0.08644693 -0.48485848 0.6398043
-0.15755612 0.44471421 -0.23007357
-0.43000706 0.59851708 -0.14613899
-0.94697139 0.46691294 0.49589773
-0.49970558 0.83387993 -0.21014106
0.73858631 -0.46485059 -0.03148015
0.34008903 -0.53165486 0.22725509
-0.40718852 0.86597448 -0.2924755
0.74499231 -0.32680414 -0.30981545
-0.81861148 0.48563266 0.37380848
-0.80492157 0.02540733 0.83345951
-0.83702974 0.23833884 0.72736331
-0.19721762 -0.1994415 0.4279857
-0.552244 -0.28322861 0.89340063
0.87851518 -0.28449547 -0.59099737
-0.18851112 -0.51585765 0.72578946
0.52297107 0.49033207 -0.87289531
0.37946827 -0.93545889 0.72765765
0.13541172 -0.55982062 0.51447551
-0.61199595 0.85923248 -0.12546273
0.52834259 -0.88097366 0.41088957
-0.59892804 0.97660552 -0.33210851
-0.48437757 -0.06188535 0.61067801
-0.66975734 -0.18341408 0.9393949
0.94408472 -0.99054333 0.58801854
-0.91017209 0.08600568 0.93598378
0.82146164 -0.68684315 -0.05265558
-0.18288023 0.3120828 -0.07436287
-0.63890779 0.464404 0.4653763
-0.72002198 0.73877845 0.00612402
-0.57799076 0.80473654 -0.12920636
0.0642017 -0.60016866 0.88422994
0.66288129 -0.61403884 0.09449627
0.72662098 -0.38437459 -0.14402578
0.87744021 -0.7190868 0.20141011
0.07771962 0.66412762 -0.64393145
0.97641782 -0.70583775 -0.25029842
0.87322965 -0.09700048 -0.70605462
-0.18497812 0.66727039 -0.3713793
0.52851116 -0.46208236 0.03003377
0.64809925 0.11224329 -0.71857722
0.46184641 0.71246628 -0.91775827
0.58601416 -0.98626992 0.45969268
0.27414218 0.66843971 -0.88582074
0.84602254 -0.76240167 0.04287451
0.12603904 0.72570993 -0.82671435
0.87653075 -0.87495732 0.15550886
-0.53933111 0.5673385 0.27460925
0.30783162 0.34762268 -0.64479251
-0.74103229 0.42515479 0.35211941
-0.96876688 0.81077639 0.27632499
-0.21425943 -0.3283008 0.58471158
-0.54645835 0.86299812 -0.05819156
0.65459061 -0.83006624 0.21175796
-0.64852678 -0.01737291 0.88894515
-0.6663378 0.20948676 0.53935446
-0.55313116 -0.01227141 0.59432951
-0.94392259 0.37649033 0.73223504
-0.11438772 -0.70495051 0.89330646
0.76483212 -0.68301833 0.16370825
0.24806389 0.69091113 -0.87289625
-0.97330442 0.73928612 0.33760156
-0.79120772 -0.02814941 0.95647797
0.33320865 -0.96753717 0.786691
-0.36974805 0.35626729 0.1204159
-0.27357494 0.41415896 -0.11611428
0.85459928 -0.83265322 0.02353824
0.58327069 0.27106539 -0.83471317
-0.6654504 0.40529895 0.28768504
0.47115223 0.61087101 -0.9566985
-0.42491859 0.61367423 -0.05806104
-0.36525897 -0.05361865 0.44504532
0.69052823 0.28893433 -0.93705702
-0.90144342 0.71208042 0.27642811
0.0582529 0.74325339 -0.77577091
0.93215202 -0.16058632 -0.6428135
-0.93983496 0.61253032 0.38647241
-0.64151344 -0.0265878 0.92899504
-0.57584344 0.36244306 0.22190831
0.10292669 0.30807141 -0.36255378
0.27752113 0.29286218 -0.51252046
-0.94062593 0.14353506 0.95645702
-0.14854871 -0.3468489 0.62183889
0.3967777 0.73597307 -0.98682338
-0.44908064 0.01538292 0.76086306
0.7224435 -0.46884105 -0.03587718
0.18543311 0.90997833 -0.97327387
-0.63761408 0.26267648 0.44180027
0.83552623 -0.97066672 0.16100182
0.70791946 0.19070544 -0.84460516
0.5345706 -0.48360657 0.04056395
0.00654744 0.48004299 -0.44752436
0.85143211 -0.02856998 -0.78823565
-0.51775527 0.32128166 0.3292233
0.51499251 0.01049263 -0.50720442
-0.53357952 -0.21813861 0.75485965
-0.25208755 -0.24414463 0.61895052
0.99703967 -0.85610405 0.17710747
-0.47418493 -0.20115979 0.68326305
0.62005934 0.25817234 -0.76986761
-0.43304062 -0.34107185 0.79149898
0.82769539 0.08471903 -0.86600445
0.07517682 -0.97084072 0.913027
-0.386597 0.32476513 0.13618135
0.17940615 0.9831703 -0.99103229
-0.91380198 0.12518157 0.81971889
0.36639157 -0.73170153 0.58188804
-0.81773876 0.13128114 0.90861478
-0.25128068 -0.46571765 0.7441543
0.66809952 0.78803531 -0.85627794
-0.63979569 -0.04794806 0.72625952
-0.0940364 -0.32946667 0.51519682
0.15162839 -0.52727181 0.44029168
-0.65500526 0.49041269 0.21804624
0.92958152 -0.22396389 -0.57802527
0.7225414 -0.22553243 -0.4904683
-0.95320588 0.78543401 0.45975467
0.73256371 -0.26684436 -0.39681452
0.41540576 0.45221446 -0.80084978
0.38308451 -0.76823722 0.4796918
0.78132223 -0.06789891 -0.69386793
0.9679188 -0.23779483 -0.53858934
0.36222963 0.25051092 -0.56549597
-0.5386689 0.97810937 -0.08914815
0.87787021 -0.64597968 -0.09651014
0.96402475 -0.81613252 0.19868413
0.75548028 -0.31232173 -0.33350708
0.27830756 -0.83827141 0.73395856
0.32901239 -0.46068205 0.19673183
-0.87672392 0.45309401 0.61969861
0.92431636 -0.44698842 -0.41945436
-0.34474506 0.67650602 -0.23570468
0.44230664 -0.93479624 0.56074388
-0.79053819 0.31089636 0.49461849
-0.94793713 0.30512826 0.71475349
-0.85931304 0.84121252 0.21153257
0.25012487 -0.67510094 0.48873489
-0.62867652 0.99811734 -0.36270745
-0.13097946 0.72643053 -0.54554773
0.91733382 -0.23043606 -0.37462841
-0.47074762 0.75238119 -0.15584934
-0.64125371 0.83109362 -0.18628715
0.67984503 0.48351061 -0.96721239
0.97531005 -0.98960899 0.11140003
0.07058602 -0.79116241 0.8677029
0.92595251 -0.43786396 -0.36778277
-0.26096652 -0.52865378 0.93963195
0.39133207 -0.93272369 0.70483857
-0.79779212 0.73546277 0.28451353
0.83937188 -0.7733656 0.02510963
0.41335562 0.6771662 -0.97242103
0.36036919 0.27058334 -0.56708895
-0.09995669 -0.73027403 0.96242563
-0.32920244 0.17423673 0.24879652
0.37005084 0.20827989 -0.57481791
-0.91735648 0.67439823 0.50039055
-0.4494888 0.50855276 0.15869383
0.95038163 -0.52061052 -0.39001299
-0.21534141 -0.53747775 0.80405906
-0.84111729 0.5810495 0.34728793
0.12893285 -0.78481533 0.9314436
-0.9980738 0.69460108 0.52594509
-0.73205322 0.2442363 0.68565938
-0.9479057 0.13833825 0.9204463
0.13164032 0.76677535 -0.83883872
0.31562223 -0.09239373 -0.15930244
0.06444615 -0.21492055 0.2376578
-0.05989362 -0.29590526 0.377332
0.56657127 0.67606572 -0.94893418
0.13626956 -0.41848997 0.33778529
0.17029665 -0.84601747 0.82367672
-0.80619177 0.11156984 0.85795447
-0.21594457 -0.10544894 0.32328339
0.59683641 -0.9563416 0.48814217
0.70679158 -0.56431156 -0.09179511
-0.52837252 -0.18439921 0.79653957
-0.72282815 -0.02122769 0.81924044
-0.5784222 0.16139421 0.41848476
-0.06382841 -0.42465977 0.5699469
0.74662008 0.51654958 -0.99399066
-0.69467473 0.12653677 0.59952263
0.37125925 0.07838242 -0.38085291
-0.57924383 0.01911603 0.60308596
-0.63456599 0.19886322 0.52808833
-0.40413766 -0.27380445 0.79481063
0.61547997 0.26121655 -0.7377065
0.57921292 0.13015696 -0.6425765
0.4147075 0.47464683 -0.88892796
-0.37401265 -0.50272498 0.90418135
-0.90420867 0.95284304 0.00678729
-0.42499687 -0.35223273 0.80289922
-0.31571197 -0.41739537 0.82737093
0.48924631 0.1086252 -0.57915449
-0.48789185 0.30156986 0.24133166
0.24791127 0.61358597 -0.76916748
0.21945026 -0.54700576 0.35233972
0.61125483 0.21391951 -0.7615914
-0.12120142 -0.10063773 0.23100797
-0.64436099 0.95352604 -0.00328672
-0.98210068 0.92418242 0.09648303
-0.83427435 0.32069978 0.57266806
0.58707569 -0.54585869 -0.00152653
0.41968462 0.42312142 -0.83635296
-0.04806543 0.35121735 -0.2372279
0.78139196 0.31805204 -0.97818348
-0.0789101 -0.8341942 0.92740778
0.80901641 0.2682632 -0.93431134
0.52416216 -0.88122319 0.72057779
0.26491962 -0.46409594 0.36412991
-0.08530944 -0.54201356 0.71639439
-0.55188483 -0.04245425 0.5994686
-0.78719562 0.67737352 0.12690229
0.49951415 -0.82365702 0.7131742
0.35593088 0.05207613 -0.38742019
-0.31692383 0.77271729 -0.45560621
-0.94190494 -0.00775072 0.99168638
0.32700752 -0.64495435 0.32447698
0.98455937 0.20256759 -0.80566793
-0.20862498 -0.59918545 0.98996726
-0.01380511 -0.76075968 0.86641267
-0.96403257 0.25766315 0.92753009
0.44040959 -0.0347631 -0.32249065
-0.48328466 -0.20705393 0.77528968
0.96001363 -0.69455625 -0.25535208
-0.58599151 0.55641465 0.09425958
0.70104185 -0.84611591 0.1941409
0.89187926 0.14484669 -0.94550873
-0.24700023 -0.2192117 0.54331282
0.91179198 -0.21543454 -0.55127756
-0.92555342 0.71005473 0.30992105
0.80134892 -0.45973585 -0.17558622
0.88677985 0.36179776 -0.91311596
0.24846326 -0.50926983 0.27653651
0.72901456 -0.52643332 -0.16403534
-0.0821207 -0.30545989 0.41569108
0.79670858 -0.0950954 -0.67772811
0.0384126 -0.91746175 0.8946489
0.95622957 0.0692563 -0.58696089
-0.7627486 0.13895964 0.93797334
-0.6577838 0.56879475 0.17768634
0.05996833 0.91779742 -0.83305736
0.05699481 -0.76930141 0.75389347
-0.46323508 -0.19461246 0.717717
-0.01287003 0.28989538 -0.21401346
-0.02239469 0.89044287 -0.65741162
0.74893518 -0.69111361 0.09395137
0.82846743 0.02283613 -0.75550268
0.62134863 0.10883746 -0.71248897
0.55691794 -0.69756698 0.14202398
0.03940266 0.63362968 -0.53443769
-0.27535097 -0.62312803 0.98991081
-0.89369879 0.92359026 0.05883043
0.28089982 -0.72994323 0.8955591
-0.0187549 -0.71502535 0.88003379
0.80882364 -0.41628074 -0.21894125
-0.69797084 0.60737889 0.16729226
-0.0899804 -0.75509493 0.86037249
0.26081257 -0.34847342 0.11134586
0.20060284 -0.68702948 0.53644062
-0.45239999 -0.51504785 0.99156756
0.41314598 -0.85155866 0.56568034
-0.82197532 0.40064797 0.55365495
0.85554112 -0.01298161 -0.70038258
-0.95194115 0.79791715 0.34393613
0.79865015 -0.991654 0.2538516
-0.60775765 -0.10511808 0.75289244
0.33366281 -0.68420985 0.37152218
-0.0860594 -0.61336182 0.82697914
-0.25777101 -0.03626645 0.32556657
-0.60420799 0.36350143 0.41896162
0.05910546 -0.45988906 0.59082793
0.17067452 -0.80796846 0.75809875
0.60500383 -0.97876035 0.51899462
0.64012474 0.10201073 -0.67357443
0.73621063 -0.34787211 -0.15311397
-0.85022259 0.46007539 0.40913802
-0.7856819 0.86263569 0.31636857
0.07686845 0.43229825 -0.36506581
-0.66020244 -0.03713208 0.80756164
0.87948892 0.20286548 -0.95719974
0.52514064 -0.41141772 -0.03180184
-0.97373546 0.37602227 0.74657925
-0.37230172 0.73851197 -0.2153771
-0.79948164 0.94479787 -0.06330674
0.27739386 -0.89242803 0.62017918
0.50650969 0.49740007 -0.99349689
-0.28345309 -0.61617648 0.97383905
0.80489531 -0.91624081 0.19331295
0.15597773 0.73759134 -0.88137214
0.37318435 0.43910482 -0.78881247
-0.76982453 0.52690095 0.28399049
0.2499137 -0.98820591 0.76996197
0.11218656 0.4289181 -0.53321631
-0.23793212 0.80531158 -0.5393116
0.24377894 -0.81835073 0.5747174
-0.48286777 -0.1845671 0.72114787
-0.41188222 -0.27478614 0.7295475
0.72758419 -0.09802405 -0.52448377
0.95332357 0.0674248 -0.93649347
-0.57986185 0.86418176 -0.20415359
0.90477707 0.08938077 -0.86480891
0.99177945 0.20428185 -0.87151613
-0.79961266 0.08161965 0.78280943
-0.36808943 0.32680591 0.06580891
-0.10396312 -0.24569215 0.47788338
0.52176745 0.42138803 -0.91627877
0.3900544 -0.03279429 -0.2927709
-0.37257559 -0.58000241 0.97125335
0.34388313 0.70618881 -0.87174324
-0.78682182 0.15359998 0.88586727
0.74146392 -0.58292185 -0.13731086
0.63668985 -0.513656 -0.11955613
0.35965159 -0.90056669 0.67510451
0.6625047 -0.25185135 -0.33447407
0.42400401 -0.81483392 0.4945509
-0.94545993 0.63741164 0.30926455
0.40328829 0.43315573 -0.61927191
0.91245396 -0.81904926 -0.02468194
-0.17203142 0.84691371 -0.53283057
0.75346736 0.10736369 -0.80507289
-0.99414126 0.30032152 0.79371795
0.05789779 0.8126339 -0.7975041
0.34375547 -0.04462507 -0.28400253
0.22911944 -0.76241601 0.61434508
0.15365736 0.56761155 -0.68412862
-0.16184481 0.68158397 -0.44976637
0.79177899 -0.18295713 -0.44446058
-0.13275095 -0.7766763 0.99747145
-0.41006101 0.91458191 -0.2647608
-0.01549497 0.3850765 -0.24202386
0.05348831 0.98466211 -0.87975794
-0.64739916 -0.02780313 0.75715144
0.66636385 0.34894495 -0.8920243
0.19360445 -0.57233131 0.46914615
-0.49853269 0.90388158 -0.3850241
0.8208087 -0.73274413 0.07542732
0.33771603 -0.67535866 0.49835043
0.650454 -0.61982593 -0.01215026
-0.8073708 0.83809318 0.10133461
-0.8043548 0.0642376 0.8143825
-0.88807567 0.58140828 0.30991565
0.93701437 -0.63890906 -0.10753964
0.24133767 0.46371618 -0.52610615
0.55639912 0.13950773 -0.59338928
0.10952375 0.63100512 -0.52005648
-0.81593257 0.97170584 -0.13798039
-0.8040283 0.66190493 0.21123486
-0.43827348 -0.28229917 0.92136541
-0.86540388 0.29882106 0.57581162
-0.80677248 0.7946721 0.46697605
-0.73970004 0.82609651 0.06991797
-0.30850186 -0.3121908 0.69514606
0.05126134 0.86954104 -0.89188111
0.14744546 -0.62379658 0.5483384
0.77668484 -0.2190099 -0.45864863
-0.24168759 0.52318214 -0.2676971
-0.52255896 0.79678335 -0.24929404
0.83119858 -0.43635374 -0.31945866
-0.0368998 0.99640258 -0.7745652
-0.43572228 -0.03439381 0.47837119
-0.81153547 0.65306023 0.38860807
6.85473259e-01 -5.10924559e-01 5.86985119e-04
-0.02223501 0.93453945 -0.90462049
-0.1023317 0.94037259 -0.70188444
0.40681783 0.70723994 -0.92177257
0.24373514 0.43069768 -0.62715039
0.44108201 0.75376059 -0.89996156
-0.88044572 0.35911088 0.6659615
-0.82773299 0.46564278 0.44690294
0.08690094 0.89927763 -0.89939072
0.14175059 0.72922805 -0.61320543
0.78538251 -0.56097976 0.19223821
0.8182125 -0.4905975 -0.26652047
-0.31515497 0.57628658 -0.19773675
0.5917186 0.07577484 -0.61604516
-0.60601619 0.77813288 -0.15574702
0.31394647 -0.75533865 0.47035086
-0.31257042 -0.64033841 0.97257186
0.74436839 -0.51325342 -0.14129436
0.81747245 -0.00487037 -0.72835706
0.7138569 -0.12425516 -0.47464198
0.5375173 -0.78577614 0.26924734
0.76815982 0.21537421 -0.92246682
-0.33755488 0.77581525 -0.30960749
0.11988167 0.77943724 -0.88496309
0.10603855 -0.75258428 0.80423704
0.36123882 0.87790801 -0.96680543
0.65516946 0.04226329 -0.5729032
-0.8984764 0.43168201 0.60961894
-0.13993359 -0.53318398 0.69913713
-0.42695532 -0.10585508 0.58918574
-0.50445059 0.6422134 -0.09216252
0.42662452 0.90125107 -0.95217052
0.09306144 -0.4870809 0.59647626
0.74564394 -0.61578171 -0.11988679
0.12376058 -0.6402085 0.53187111
-0.95481945 0.73161576 0.25956829
-0.78207878 0.51745366 0.44191525
-0.58148901 0.16292188 0.51953827
0.56829673 0.03059934 -0.58641851
0.30113308 0.31054366 -0.51919111
-0.53205956 0.90141637 -0.24859379
-0.60352151 0.273204 0.39680847
-0.89886878 0.57498847 0.42767348
0.01588214 -0.47413232 0.52241908
0.60125831 0.09905861 -0.58090719
-0.26164977 -0.39411841 0.75092469
0.80310838 -0.67083763 -0.12431093
-0.1019593 -0.18614785 0.32777764
0.42008711 -0.92506965 0.88610634
0.87477633 -0.63487862 -0.15224983
0.57882412 -0.60388793 0.1497002
-0.46891237 0.54498874 0.0098405
-0.16230641 -0.27436557 0.44092749
-0.33527218 0.56761473 -0.16333091
0.31810504 0.92674852 -0.99231355
0.66746745 -0.09127616 -0.34339303
0.09935534 -0.68733921 0.84717037
-0.68046987 -0.0380958 0.87458167
-0.38842838 0.04553284 0.34664752
0.01384395 0.31034405 -0.27457775
0.61445635 -0.28874478 -0.30100423
0.86428278 0.27646974 -0.77998116
0.8585655 -0.61255973 -0.18905497
0.45636203 0.26345509 -0.57774527
0.86237645 -0.48783739 -0.32837463
-0.68656068 0.1874373 0.71319367
-0.72099234 0.47897673 0.30325397
-0.00788073 -0.5564663 0.66555991
0.75460868 -0.7087226 0.00824507
0.23533926 -0.76026165 0.61038736
0.9009926 -0.30188553 -0.55975581
-0.87118123 0.57502844 0.33932292
-0.92616575 0.1913099 0.89292286
-0.29725797 -0.49234828 0.81787663
0.82913687 -0.94923808 0.44297136
-0.25915362 -0.45612568 0.7880786
-0.36263519 0.77850127 -0.13589274
0.78822011 0.23623589 -0.98874492
-0.74554786 0.85956544 -0.04293784
0.50452066 0.39221631 -0.74836693
0.07399646 -0.93441745 0.94548048
0.04591312 0.93337313 -0.81204934
0.70813431 -0.09985768 -0.4899103
-0.32740287 -0.24583017 0.57694523
-0.039511 0.46265315 -0.38005797
0.52341412 -0.37110595 -0.06177458
0.19409882 0.43176509 -0.49217607
-0.81445118 0.82244681 0.01225674
0.32226517 0.79208405 -0.93696573
0.34919841 0.42801303 -0.76868253
-0.60442119 0.63979511 0.09715879
0.79059229 0.38016174 -0.98606245
0.87634025 -0.26709887 -0.41263023
-0.67473473 0.70665448 0.05252748
-0.12118517 0.93304309 -0.79910698
0.17510968 -0.02836464 -0.0956444
-0.84306948 0.791488 0.09853421
-0.37346842 0.7664445 -0.29431394
0.0577972 -0.67267564 0.74819619
0.96510389 -0.26423604 -0.4142097
0.24007422 -0.60426814 0.48528895
-0.44590608 0.51588491 0.04021706
-0.62424888 0.4279609 0.29930723
-0.78169838 0.25190454 0.74850652
-0.56599125 -0.37937148 0.96157592
-0.05482467 0.98773495 -0.57425712
0.12193303 -0.60767227 0.58535493
-0.23618435 -0.3545455 0.70740369
-0.57340575 -0.35322967 0.936335
0.96608865 -0.50471318 -0.38284189
0.42469585 -0.79728483 0.47099716
-0.58212179 0.03345509 0.95382721
-0.24259486 0.35864962 -0.11432335
-0.89949095 0.75205458 0.19265607
-0.16418066 0.20486813 -0.03056382
0.97681391 -0.87238679 0.1535747
0.28418436 -0.60585614 0.57465468
-0.53504387 0.75912724 0.02871018
0.39789384 -0.17282787 -0.207376
0.35559001 -0.94469794 0.80856557
0.70964715 -0.13462374 -0.52722435
0.64468292 0.26397279 -0.86065897
0.08066283 -0.54826893 0.56844252
-0.79507445 0.16890274 0.68567351
-0.21245856 0.68334881 -0.41417599
0.27491098 0.92392543 -0.95784732
-0.48636029 0.61089434 -0.10304178
-0.65836541 0.76189098 0.02296674
0.09832677 -0.49827539 0.58712575
0.33938133 -0.86692421 0.55767032
-0.49656305 0.62648813 -0.03972341
0.63123241 -0.71027546 0.23954858
0.7193615 -0.20828611 -0.37805297
-0.52598609 -0.28723699 0.8530866
0.93243131 -0.01127325 -0.66814588
0.8685199 -0.94637143 0.12412331
-0.93271964 0.50973188 0.576321
-0.18979115 -0.35787748 0.61382051
0.48511394 -0.22834413 -0.07712673
-0.3606541 0.5404727 -0.14263041
-0.07158968 -0.59344543 0.90615911
-0.88732684 0.30178094 0.6501372
-0.51359068 0.99037914 -0.23212263
-0.33350008 0.94947909 -0.50162425
0.21877912 -0.12765646 -0.07036805
-0.66782307 0.48965116 0.26680578
0.80991271 -0.95049349 0.28407972
-0.98709933 0.32512761 0.83785658
-0.36316697 -0.25574361 0.65424365
0.86085993 -0.62820985 -0.20472795
0.13087669 0.61734055 -0.64610829
0.73531187 0.60780237 -0.92104457
-0.21736547 0.59247548 -0.23327124
-0.90130459 0.97542814 0.25663081
-0.29378566 0.43589109 -0.09081054
0.00758134 -0.46275653 0.46495651
0.59263567 -0.76565047 0.29834464
0.78001121 -0.35183977 -0.35542357
0.56922575 -0.91623989 0.45601535
0.37784109 0.46965834 -0.84079872
-0.7125927 -0.12004962 0.86124255
0.87099203 -0.58345976 -0.18299991
0.08301163 -0.33901166 0.29237132
0.3231179 -0.86126307 0.59139942
-0.20699319 0.59338773 -0.37224383
0.6390631 -0.81065173 0.22321381
-0.79676347 0.49150007 0.60328281
-0.897318 0.18140317 0.82888799
0.83888102 0.46554811 -0.92749866
-0.62206107 -0.24051906 0.88954545
-0.57735757 -0.14573324 0.91476317
0.82390782 -0.18898592 -0.51397256
0.5386047 -0.30391323 -0.16128588
-0.89632559 0.43659377 0.82994248
-0.22066846 0.51914044 -0.28645731
0.34128514 -0.5891559 0.30098895
0.44585355 0.045488 -0.46872036
0.30069458 0.38169388 -0.65780512
0.83355891 -0.7857671 -0.00137977
0.23551815 -0.33915107 0.17973427
0.99119833 -0.1364048 -0.66086312
0.05655666 -0.97068998 0.92557903
-0.59186921 0.3663905 0.24603677
0.54821467 0.15629945 -0.61553976
0.53016961 0.5532386 -0.97490431
-0.53228726 0.21939169 0.3172792
-0.75699354 0.095205 0.76538724
0.41077314 -0.72338752 0.33519597
-0.66440726 0.13324665 0.79464976
0.35510679 -0.47657627 0.14380562
-0.92369806 0.70744697 0.27317979
0.52986629 0.34364608 -0.849108
0.99768807 -0.1742582 -0.67555071
-0.36572044 0.38571371 -0.01020919
-0.17689026 -0.31829055 0.68914922
0.88317478 -0.99648317 0.53553528
-0.78602488 0.08982835 0.81492523
0.51576518 -0.87582351 0.44848743
0.83551 0.1635869 -0.99898526
-0.31462856 -0.3531911 0.68977216
0.50535951 -0.27605494 -0.19930745
0.02376896 -0.61492829 0.68797431
-0.90020348 0.64924198 0.26052333
-0.92330762 0.83297192 0.13003826
0.65864821 -0.29749279 -0.28244269
0.85973832 0.25637751 -0.93715892
-0.83135373 0.27592933 0.59347814
-0.03813011 -0.21089895 0.26943255
-0.74129285 0.04692869 0.80443133
-0.91635338 0.5517091 0.3903321
0.63759541 -0.93937881 0.47799328
0.88633853 -0.48047372 -0.14403857
0.32240449 -0.29908877 -0.00659414
0.88316242 -0.03398942 -0.78372285
0.0419324 0.70863188 -0.71431923
0.22681513 -0.54931795 0.3936865
-0.84449717 0.56476133 0.40330998
-0.61265461 -0.2569584 0.89201662
0.12773647 0.55705452 -0.46671728
0.19632702 -0.57331998 0.49379876
-0.21928638 0.78538421 -0.53760209
0.37004812 0.32497944 -0.55342098
-0.56504556 0.35265503 0.29767669
-0.66285661 -0.04699243 0.7697726
-0.31130537 0.33267931 0.00470758
0.75994032 -0.72843217 0.06525669
-0.85883609 0.98427003 -0.03721209
-0.73487975 0.21895446 0.84786216
-0.36750173 -0.19188404 0.65529552
0.8514655 -0.98964825 0.30565611
-0.2370111 -0.44288915 0.97362644
0.56491954 0.02784293 -0.46219309
-0.22284286 -0.40304785 0.65740785
0.02388201 -0.72920244 0.93981726
0.29305488 -0.60280399 0.33927108
-0.64934209 -0.00661126 0.76731727
0.9239486 -0.85208247 -0.06604862
-0.8152705 0.45451908 0.48536657
-0.56931236 -0.07484302 0.96894414
0.63213475 -0.32492488 -0.24234409
-0.78049652 0.83329362 -0.00447991
0.92140019 -0.86483694 0.01681368
0.38030771 -0.98323843 0.95747993
-0.21600353 -0.44831909 0.88495212
-0.03530923 0.5672191 -0.44788975
0.5437111 -0.23295015 -0.197166
0.45858697 0.54013738 -0.93580099
-0.83096496 -0.07487486 0.95567526
-0.99427297 0.48426243 0.61890516
-0.26826861 0.64616083 -0.36138455
0.49117946 0.58537428 -0.91495549
-0.06227883 -0.1775834 0.29030925
0.9136274 0.17977934 -0.83721846
-0.00687373 0.70541755 -0.65812935
-0.88386815 0.70453232 0.32973987
0.69905621 -0.79823416 0.27739839
0.03212137 0.9985558 -0.95612973
-0.44866838 0.78217948 -0.18624616
0.93086773 -0.75259559 -0.14998874
0.36160089 0.08794084 -0.39019045
0.77773049 -0.35240812 -0.20815478
-0.84439746 0.6235875 0.40848987
-0.13230065 0.98757294 -0.83546485
0.30523086 -0.69978325 0.88549691
0.59923667 -0.67748459 0.12990936
-0.12969463 0.76917148 -0.56165345
-0.47329856 0.96794792 -0.30917633
0.96367041 -0.37973277 -0.55060082
-0.89856775 0.49268364 0.56071429
-0.96553174 0.67818001 0.51531784
-0.51628732 -0.31036712 0.88269625
-0.0042351 0.07795373 -0.0540492
-0.28121727 0.982014 -0.54116493
0.13540931 -0.82090709 0.84597331
-0.40623042 0.92399022 -0.32732398
-0.81491602 0.92204522 -0.03252235
-0.69816241 -0.12708685 0.8301373
0.36244606 -0.75104671 0.39751265
-0.88309119 0.05778302 0.84565833
-0.87416007 0.66284049 0.21839843
0.48168061 0.54965463 -0.88453917
-0.84335712 0.46515814 0.73450299
0.08421685 -0.79040721 0.71504731
0.48602892 0.0943208 -0.55084276
-0.94238858 0.92920759 0.01607428
0.88315792 0.0843003 -0.75876299
0.58418157 -0.96459897 0.52384207
0.70537803 -0.03402596 -0.64936342
0.90319093 -0.39881235 -0.47442719
0.08384224 0.5830455 -0.66543073
0.17364249 -0.84381924 0.73582673
-0.30835569 -0.38542427 0.72860222
0.18244342 -0.04534124 -0.12183943
0.55651379 -0.34392745 -0.10992459
0.18419288 -0.41014326 0.33294781
-0.10581612 0.27233284 -0.15409589
0.31626745 -0.36534373 0.1031487
-0.6767222 -0.0269245 0.82391164
-0.62271226 0.39367423 0.59361196
0.92206081 -0.51867117 -0.36274472
0.73347276 0.20182576 -0.92320104
-0.13795267 -0.61630695 0.89633271
0.8180205 0.25048984 -0.84470438
-0.01302292 -0.48434569 0.50447628
-0.10528171 -0.63927563 0.80348146
0.06002871 0.82761462 -0.81344867
-0.35889895 0.61138812 -0.1986612
0.89906156 -0.96236258 0.42510927
0.80749693 -0.49359508 -0.30706238
0.76260947 -0.43345622 -0.10657581
-0.50869507 -0.10351125 0.77818871
-0.95529938 0.47697462 0.5141386
-0.72459729 0.29549779 0.48032832
0.85268907 -0.5429943 -0.13520072
-0.73883269 0.80180224 0.06746199
0.03671888 0.68175019 -0.42040243
0.77014335 0.28754482 -0.80278416
0.91574614 -0.55185626 -0.27149634
0.43417292 0.03126795 -0.35840484
0.44207278 -0.90604593 0.51243498
0.97106287 0.26974829 -0.93128526
-0.43537043 0.37372912 0.14929961
-0.62519464 -0.01352733 0.66781734
0.35970174 -0.57256396 0.26064699
-0.64094069 -0.28092291 0.93577805
0.82100306 -0.27918306 -0.36421923
0.75179433 -0.20383772 -0.42044436
0.30663779 0.17406724 -0.41031687
-0.31348023 -0.41334948 0.95693775
-0.25056049 -0.39429698 0.72833342
-0.78527288 0.63913123 0.23824534
0.70341441 0.08554255 -0.68171974
0.63473269 -0.99700249 0.46898088
0.70978242 0.55549728 -0.95322329
-0.71977011 0.5987131 0.38138584
-0.64069031 0.14229769 0.57111179
0.74180967 -0.14217788 -0.56226021
0.88675253 -0.74664062 -0.0558997
0.93066025 -0.70252102 -0.09848955
-0.28959802 -0.09473464 0.3923233
-0.9509492 0.41773616 0.53419135
-0.40201956 -0.49125785 0.95538326
-0.45198947 -0.45657468 0.9824631
0.61753494 -0.57266342 0.1034945
-0.16007211 0.79040585 -0.53982902
-0.62588113 -0.06338472 0.69158586
-0.15789165 -0.15851702 0.3192514
-0.35778502 -0.42344409 0.9166465
0.14188241 0.76949565 -0.90831357
-0.2604343 -0.47740738 0.81718732
0.77812722 -0.9847143 0.38612025
-0.85356693 0.9364516 -0.06790569
-0.24302408 0.90268607 -0.61959486
0.35110793 0.5919543 -0.83607906
0.97741945 -0.73012019 0.10078568
0.80867473 -0.28778489 -0.30089829
0.71409196 -0.11853327 -0.57358318
-0.89587262 0.7630512 0.34006901
-0.25230934 -0.44734603 0.79604087
-0.65617982 0.07736833 0.58153874
0.68141462 -0.52587033 -0.06494726
-0.8089165 0.77886324 0.12287285
-0.81570503 0.24738029 0.69954001
0.42331085 -0.95442308 0.67505552
0.13760805 -0.16206187 0.07578481
-0.30461813 -0.54859615 0.94355788
-0.66648166 0.10156142 0.59313681
0.35504072 0.02326503 -0.36630634
-0.54412068 0.98194593 -0.33181715
0.28355521 0.90267102 -0.89006357
-0.69785819 0.8130001 0.11366457
-0.76568982 0.0475076 0.73877052
-0.51823917 0.98188817 -0.2640283
0.47443065 -0.71842784 0.25402112
0.18759222 -0.88528078 0.71443051
-0.05463614 0.98777505 -0.87872059
-0.78374619 0.03615221 0.7712397
-0.21824822 0.84468145 -0.5334071
0.85432331 -0.3820207 -0.43778159
0.86319244 -0.66269609 -0.19839575
-0.19214796 -0.67106765 0.89004415
0.3577564 0.41650502 -0.73108403
0.43363354 -0.68280674 0.32515505
-0.02630104 -0.61670461 0.68776259
0.41182231 0.25897254 -0.54836791
-0.33832074 0.77542564 -0.26395764
0.73033697 -0.88488392 0.18783982
-0.30967889 -0.06567982 0.43179457
-0.70312345 0.99654394 -0.18196059
0.03623561 0.92219245 -0.80422161
0.51691664 -0.57576719 0.38979002
-0.1756566 0.45442815 -0.18506049
0.32014341 -0.54061797 0.37754035
-0.16757398 0.76710401 -0.46804359
0.2362346 0.55707959 -0.77429204
0.93972666 -0.6653449 -0.12308003
0.29477736 0.88327056 -0.94199938
-0.99498655 0.35924151 0.7470559
0.30547318 0.89913342 -0.67020195
0.97645827 0.05970088 -0.87109507
0.36767785 -0.62311441 0.34081745
0.87679741 -0.57930772 -0.15587121
-0.1004159 0.56751113 -0.37406571
-0.05579611 -0.28515744 0.341777
-0.70998519 0.8775691 -0.15230606
0.80859941 0.1665807 -0.8849087
-0.43597194 -0.24780725 0.75240206
0.17564044 0.26303618 -0.42394941
0.20480318 0.92442829 -0.94058359
-0.48222723 0.05121557 0.51460602
-0.73045797 0.48081904 0.28155422
0.15606453 -0.46628978 0.33514403
-0.65344158 -0.11112674 0.8063101
0.10462073 -0.97650459 0.91484293
0.09638303 -0.84855013 0.9439911
0.3728841 -0.10403965 -0.26185331
0.41086837 -0.78822076 0.49509769
0.65390031 -0.82599988 0.56505215
0.52343504 -0.66674799 0.3827398
-0.84696037 0.12134476 0.73299879
0.30914095 -0.37766165 0.09453953
0.63010851 -0.88860589 0.53099113
-0.54117071 0.45174681 0.23345348
0.41580962 -0.72868705 0.36937943
0.58716223 0.18447237 -0.64194266
-0.27826843 0.89576159 -0.54968856
0.37998411 -0.14950657 -0.21636387
0.24912102 -0.88351462 0.77412257
0.27665262 -0.7485401 0.58885574
-0.51220138 -0.00121254 0.53695882
-0.3935501 0.88088762 -0.36216281
0.46453991 0.46347438 -0.92032652
0.64707445 -0.58459994 0.01204087
0.44028305 0.42983354 -0.81962151
0.03820109 0.73027375 -0.72613238
-0.2503742 0.56069356 -0.27511363
0.36015073 0.67499431 -0.98928468
0.40749035 0.656483 -0.76154355
-0.56321199 -0.20710288 0.78801891
0.8149972 -0.56406151 -0.23871714
-0.3958077 -0.28802832 0.75526527
-0.9540831 0.5915681 0.37230316
0.97150773 -0.11206297 -0.75970965
0.16578248 -0.82148915 0.85391176
0.40092117 -0.75119613 0.50377667
-0.88464838 0.9744524 -0.01586393
-0.64872343 0.04242185 0.62213867
0.84376719 -0.92052874 0.13427053
0.3103993 0.41593444 -0.70136094
0.22402383 0.71057982 -0.67392318
-0.78283928 0.2135903 0.59256338
0.79822915 -0.42039027 -0.21877385
0.23015702 -0.55459609 0.51090145
-0.48412166 -0.10683703 0.59914448
-0.99654639 0.25687109 0.75952439
-0.91765285 0.34274744 0.92629502
0.96588509 -0.70632299 0.00595076
0.86023848 -0.99575173 0.17170442
-0.83263229 0.43872476 0.40939759
-0.46664355 0.18558207 0.30174738
0.93914322 -0.49328915 -0.36348204
-0.47949113 -0.37135749 0.85786078
0.26151716 -0.93469382 0.72570024
0.61693452 -0.29587975 -0.10869567
0.19298433 0.37638644 -0.46251988
0.34590219 -0.22117173 -0.05329068
-0.32397359 -0.46111949 0.81452243
-0.3345805 -0.4359994 0.80388674
0.35416212 -0.74463445 0.43668843
-0.6674596 -0.26202799 0.95901539
-0.17752851 -0.61319867 0.83337794
-0.54175719 0.82877627 -0.28398911
-0.4383853 -0.23600683 0.77948944
-0.30536176 -0.47465335 0.80975584
-0.75714898 0.4229382 0.45848845
0.8323223 0.06122283 -0.52698055
-0.30719779 0.78735876 -0.43296374
-0.59089707 0.69075675 0.37613072
-0.99009286 0.34288225 0.90674251
0.21741107 0.80189729 -0.72315559
0.3434007 0.77677853 -0.71732849
-0.75171012 -0.12020204 0.94874144
0.20914644 0.91309629 -0.78941845
0.64304156 -0.40094331 -0.21466905
-0.70099177 -0.01408241 0.77555314
0.8101452 -0.5287089 -0.23075827
-0.82309386 0.32624762 0.71711825
0.89670973 -0.35273873 -0.14265
-0.20789767 0.43552481 -0.08053271
-0.74364093 0.22400556 0.53487204
0.09190744 -0.71313172 0.84657829
0.21348247 -0.63266552 0.48259033
0.45133029 -0.87491128 0.45578876
0.66932712 -0.0679743 -0.4949754
-0.88563307 0.87050315 0.1709074
-0.1346969 -0.37304235 0.5547971
-0.12200325 0.8342872 -0.70700661
0.68343252 -0.63257768 0.12277817
0.76996233 0.53745163 -0.99809757
-0.44746032 0.7722282 -0.32304537
0.57154972 -0.77900596 0.22074726
-0.6043368 -0.22834467 0.90128882
0.81870729 -0.91140968 0.28779159
0.77578945 -0.19934677 -0.54479389
0.35336113 -0.92776695 0.62182318
-0.35568284 -0.4543232 0.8901953
0.27789068 0.57794624 -0.84486349
0.49593233 -0.50628611 0.01652912
-0.75972565 0.39067795 0.49672413
-0.74395243 -0.12536811 0.90120172
0.13497431 0.40763356 -0.53787479
-0.74788806 -0.10897065 0.93458986
-0.47880163 0.89568329 -0.38474373
0.53352983 0.50562839 -0.98122828
-0.0570041 0.18343267 -0.07313872
-0.4514414 0.62155377 -0.0123408
-0.16009621 -0.36648852 0.61635291
-0.0678701 0.67662673 -0.56868309
-0.87502634 0.11293732 0.88744855
-0.05585203 0.95323362 -0.75517875
-0.68058338 -0.23816584 0.96734738
-0.03709354 -0.23991999 0.27791242
-0.40424748 0.93693052 -0.52662149
-0.90627268 0.62003348 0.86073253
0.68207726 0.38458235 -0.89982294
0.78689945 0.3248972 -0.9301162
0.75740241 0.11053618 -0.85676321
0.09306193 0.84518706 -0.79743616
0.36425135 0.37649859 -0.67108253
0.60406529 -0.42575613 -0.11803668
0.91434984 0.03265617 -0.81628323
0.05361347 -0.23948915 0.24661077
-0.25944995 0.98691015 -0.48645707
0.55576775 -0.8720515 0.35323541
-0.47911418 -0.04127752 0.58169782
-0.32645193 0.96204768 -0.42862971
0.99367738 -0.26516077 -0.435995
0.84510951 -0.46216417 -0.35205413
-0.40889162 0.84103847 -0.39604895
0.32376347 -0.56829884 0.35140334
0.40530186 0.26900991 -0.55258392
-0.43017836 0.22200752 0.22254841
0.70554514 -0.97892365 0.46472154
0.63070221 0.4452063 -0.84252875
0.50192748 -0.1448531 -0.32609659
-0.72006752 0.56594694 0.25536514
-0.12575125 -0.57047448 0.80278094
0.86121564 -0.53871273 0.03060512
-0.05056513 -0.49042434 0.55030399
0.46044334 0.30304127 -0.57329682
0.19776027 -0.69644665 0.56094249
-0.45633904 0.37244457 0.10815005
0.82018524 -0.69263455 0.09987502
-0.9926076 0.91232196 0.23384298
0.47255995 -0.99836073 0.57627867
-0.56049411 0.18205906 0.5071381
-0.53625493 0.62675048 -0.07580074
0.48499312 0.49454746 -0.62220835
0.96534161 -0.45945441 -0.2393264
-0.10342453 -0.50934751 0.80442342
-0.343663 -0.30597901 0.82230385
-0.60243491 0.73675058 -0.06796159
-0.24790043 0.8584251 -0.41425999
0.52275517 0.37106846 -0.725263
-0.54833625 0.38481587 0.25561705
-0.52178338 -0.32124625 0.87104886
0.10643242 -0.63412706 0.5608899
-0.35954173 -0.0048804 0.36588706
0.61089415 -0.91757341 0.93431113
-0.10080532 -0.86153368 0.99321715
-0.28955303 0.90227296 -0.60112841
0.34285822 -0.06354213 -0.17750807
0.13489459 -0.80009031 0.7077268
0.82551702 -0.8326561 0.15739556
-0.18621545 0.76147173 -0.54749432
-0.41219233 0.81635573 -0.30825557
0.27079832 0.40812129 -0.52912509
-0.97996337 0.59519152 0.82116745
-0.31076528 0.49222539 -0.17284685
0.893186 -0.89541179 0.00634512
-0.56440177 0.45748294 0.15123002
0.38871271 -0.60172652 0.2242139
-0.7186863 0.86814567 -0.03634593
-0.90420639 0.61314987 0.30815742
0.76212651 -0.44164387 -0.16409237
-0.11036393 -0.12280746 0.27546421
-0.91183337 0.30685497 0.89226524
0.20216338 0.54746374 -0.62855317
0.78580093 0.18731069 -0.95699127
-0.31883807 -0.32992616 0.68236892
-0.77719079 0.54021815 0.29153813
-0.61072729 0.64806663 0.04752427
0.83090608 -0.93719014 0.14293664
0.69850747 0.42290643 -0.8652212
0.73432287 -0.8627217 0.20464223
-0.26319836 -0.11247649 0.59288511
0.388842 -0.57290986 0.24577726
0.59286909 0.40529855 -0.9300426
-0.49045682 0.78118069 -0.22051364
0.59466167 0.38164431 -0.87004235
0.52472788 -0.24140457 -0.28317639
0.10265159 -0.54441806 0.50732355
0.6792686 -0.06106053 -0.59706359
-0.69705137 0.61578934 0.11428707
0.412918 0.09078553 -0.45537307
0.88004219 0.21200712 -0.99961334
0.46329391 0.4236213 -0.84044245
-0.66862484 0.44248582 0.26343383
0.55147608 -0.45281214 -0.0950865
0.83502699 -0.76876434 -0.02505026
0.35640442 0.78632602 -0.93789434
0.53672463 0.43783286 -0.7980278
0.20098442 -0.54382771 0.64262745
0.69043143 0.14039696 -0.6293535
-0.49008896 0.12956461 0.65735241
0.81995251 -0.31654603 -0.4031045
0.75509916 0.13635336 -0.87115814
0.27713445 0.43158773 -0.53981921
0.10647365 -0.01078672 -0.09084879
0.34434681 -0.60768545 0.5365656
-0.61117552 0.71318339 -0.02296816
0.77384758 -0.67691584 0.0050804
0.65479351 -0.08081767 -0.32488292
0.45098265 0.21492096 -0.65439429
-0.27146641 0.71789567 -0.27863238
-0.37509283 0.83451251 -0.40919883
0.65675956 0.05793461 -0.5750707
-0.54953682 -0.03438501 0.74281545
0.09082094 -0.69744833 0.8145164
-0.83555586 0.86269706 0.12891049
0.03521959 0.62167207 -0.56482433
-0.40393154 0.91948903 -0.4907498
0.82450278 0.08947781 -0.82107123
-0.34948412 0.7704984 -0.17923598
0.55619817 -0.92959017 0.76067364
0.645049 0.19973267 -0.83993324
0.67597537 0.31774605 -0.79231164
-0.46708538 -0.26142653 0.76132601
-0.16215431 -0.09526179 0.26679444
-0.72291756 0.37929945 0.41700798
0.96027167 -0.8570742 -0.07322145
-0.07856994 -0.63629371 0.74398157
-0.05846084 0.4144124 -0.31046813
-0.68051557 0.1200023 0.630292
0.69024179 0.26454447 -0.91316671
0.0137506 -0.24278937 0.27767842
0.78410815 0.12867531 -0.89894936
0.52946074 0.32717725 -0.84168733
-0.89552608 0.60822316 0.40072824
-0.99931174 0.98716981 0.09325888
-0.43657524 0.35799494 0.14934829
-0.88012861 0.49604337 0.39067207
0.83317734 -0.15993626 -0.60779015
-0.17141114 0.46301328 -0.23038478
0.08896363 0.67751394 -0.4246862
-0.61939333 0.71465179 0.03600959
0.99488848 -0.16940243 -0.54808906
0.10626019 -0.43710411 0.40258133
-0.30990584 -0.10430138 0.49974199
0.47918265 -0.92619132 0.45069746
0.76082541 -0.24198134 -0.41579863
-0.59993803 0.55604076 0.35260005
-0.72759627 0.91420819 -0.15470249
0.79586581 0.07400984 -0.62447211
0.95540066 -0.40085837 -0.35663924
0.75728744 -0.74513651 0.21194292
-0.41479241 0.67440451 -0.07263698
-0.67673052 0.66487847 0.20162693
-0.75582697 0.68751152 0.07123425
-0.60088977 0.759527 0.01470881
-0.96363099 0.88508779 0.20415989
0.08643408 0.33663074 -0.34093645
0.7171878 -0.03327522 -0.62567205
-0.06406578 -0.61740979 0.80943123
0.58747812 -0.12701615 -0.30348588
-0.19825572 -0.29232197 0.49497301
0.13511294 -0.61295156 0.48112431
-0.28468427 0.60643588 -0.2909141
0.93213826 -0.49132006 -0.40069973
0.8476976 -0.47739939 -0.00161354
-0.08772046 0.74623755 -0.57151607
0.38082437 -0.98889845 0.71850304
0.15034393 0.60309016 -0.74229879
0.22452542 0.10259579 -0.26045566
0.57689321 -0.86778207 0.4379315
0.0497299 -0.71807635 0.71301276
-0.90962523 0.37708803 0.54576354
0.36155403 0.58997749 -0.88909372
0.1001181 0.90573169 -0.70872362
0.46562852 0.27356999 -0.62222593
-0.020698 -0.7687012 0.90093786
0.30371571 0.65777628 -0.84355306
-0.60925223 0.16014764 0.58918398
-0.45853452 -0.04347977 0.56991087
0.21088591 0.79014073 -0.70254419
0.12313264 0.79267393 -0.91342532
-0.62910818 0.45436383 0.2420888
0.43388634 -0.78808011 0.47409161
-0.89820442 0.61923039 0.54057892
0.45751288 -0.79853039 0.40107218
-0.04935405 0.94425118 -0.68028592
-0.77664615 0.06022795 0.81233287
0.64964004 -0.37603532 -0.22124831
0.04687845 0.55864184 -0.60262274
-0.5545059 0.39938106 0.21562273
0.01990201 0.57788022 -0.49216857
-0.66612694 0.99813114 -0.2118034
-0.58268491 -0.12772183 0.8594499
0.22050495 -0.82097679 0.68854431
-0.00790654 0.53969425 -0.52791578
-0.69233611 0.22519586 0.48913655
-0.64250283 0.45293952 0.33358194
0.7983804 -0.79849353 0.31052377
-0.81669327 -0.09179786 0.98038537
-0.54097855 0.68896567 -0.11827136
0.86667636 -0.90668051 0.08202019
0.39165322 0.66150985 -0.67212966
-0.94635018 0.51142584 0.48980365
-0.76583294 0.39379705 0.46348733
-0.81561782 0.87742962 0.21542346
0.7579818 0.05422329 -0.79909813
0.57459096 0.40694451 -0.74442356
-0.47953227 0.94608127 -0.38901352
-0.66253301 0.18820511 0.49063457
-0.79564435 0.95175911 -0.09601017
0.60629652 -0.56935765 0.24233668
0.21746762 0.22049594 -0.40685056
-0.90227837 0.87760961 0.0591917
-0.25809441 0.82722356 -0.51865498
-0.18817109 0.34058084 -0.1371253
-0.45868584 0.19987955 0.29394648
-0.09843102 -0.53468146 0.65224438
-0.57792637 0.5385767 0.11819926
-0.49765292 0.86732308 -0.20065692
0.45089656 0.15808856 -0.51073471
0.67068684 0.21204805 -0.74492132
0.88815593 0.11872688 -0.82099473
0.42462972 0.84781099 -0.93572205
-0.14406136 0.35078643 -0.1769161
0.55998355 -0.81653025 0.25899934
-0.47408463 -0.24838521 0.92680654
-0.11809457 -0.66399719 0.96391008
0.14345936 0.91594081 -0.60143355
-0.78882747 0.05457103 0.81966959
-0.09448477 0.33576446 -0.19283617
0.74611409 -0.96564503 0.27871076
-0.21351702 0.95285033 -0.60036204
0.43087012 0.70294999 -0.72815745
0.44938625 -0.93512292 0.76995742
-0.22284012 -0.37095962 0.69634185
0.12912841 -0.95071649 0.99824269
-0.33112571 0.2629777 0.07613873
0.60240406 -0.62273395 0.16216589
-0.95280734 0.45793469 0.59700662
-0.1530568 -0.12408816 0.34215314
-0.80800675 0.26766177 0.82117972
0.5429021 -0.59959025 0.09107234
-0.73625884 0.44941852 0.3486172
0.21467742 -0.54526842 0.5385584
-0.4737524 0.68634996 -0.12510368
0.58844996 -0.89385655 0.39628569
-0.54369362 0.09376359 0.49109358
-0.51234056 0.06177554 0.53695906
-0.43070854 0.03366164 0.40567333
-0.54639718 0.03470669 0.68817195
0.99588044 0.10416805 -0.92693875
0.39068555 0.37411441 -0.6929298
0.97989658 -0.68821337 0.21592139
0.98253003 -0.72113082 0.00266438
0.74566409 0.13591209 -0.68694139
0.38027415 0.0837421 -0.28918381
-0.81646137 0.65464621 0.21487797
-0.31350247 -0.48018188 0.79791257
-0.04792596 -0.84103488 0.90679833
-0.04702704 -0.35048073 0.46759287
0.22986752 -0.61456889 0.39510288
-0.16513258 0.9002453 -0.50942901
-0.20661145 -0.11158868 0.40249429
-0.68144229 0.27725083 0.4901708
0.23035853 -0.83114335 0.70041672
0.52129623 0.12798495 -0.52721387
-0.63151627 0.29666051 0.44884745
0.82690596 -0.6308894 -0.19388135
-0.05326386 0.48381355 -0.34442003
-0.96450441 0.31460005 0.68852916
0.87606554 -0.37233299 -0.44371233
0.81405122 -0.97882139 0.31403169
0.31851206 0.58485808 -0.65569533
-0.09088207 0.57457834 -0.30474267
-0.27409765 0.91071321 -0.57881407
0.88091422 -0.48336785 -0.2403995
0.33017951 -0.96640011 0.65189335
-0.37197683 0.2047586 0.29661532
0.12836222 0.91231551 -0.99261526
0.14789566 0.40923476 -0.36835651
0.57785794 0.15905543 -0.72733547
0.16086509 -0.74476257 0.86297133
0.21046904 0.44498007 -0.62741904
0.50208108 -0.67253035 0.34007197
0.6725148 -0.91192147 0.32146436
0.03114321 0.49360992 -0.47671701
0.92032519 -0.63366978 -0.06155643
-0.95687716 0.4830757 0.60597783
0.86291138 0.17324199 -0.72508967
0.45586349 -0.43063186 0.19705252
0.11667033 0.21934537 -0.31568348
-0.16639672 -0.32058093 0.51577992
0.81975921 -0.67033036 -0.05768792
0.42423316 -0.164494 -0.15474992
-0.28615416 -0.33234157 0.68332938
0.72623988 -0.92907422 0.34901262
0.59651875 0.64460201 -0.98652296
0.44944555 0.50695011 -0.84048018
0.08595822 -0.7642381 0.75301751
-0.78526216 0.61631099 0.40898315
0.78186518 -0.61829681 -0.12565252
0.5177457 -0.85910032 0.80214893
-0.58390647 -0.0041611 0.595334
-0.5865579 -0.08120379 0.81969466
0.17212503 -0.88472483 0.79450045
0.79602744 -0.74659329 0.18336877
0.28429835 -0.95599648 0.94302932
-0.18092936 -0.47709923 0.87391125
0.85936231 -0.346498 -0.39331621
0.75719267 -0.55732925 -0.19961562
-0.91750045 0.69932698 0.57699164
0.04825799 -0.26431214 0.26720381
0.51312515 -0.59482435 0.14847799
0.00755393 0.73338877 -0.69246214
0.91880222 0.02186196 -0.77507347
-0.99699494 0.33212331 0.754679
-0.585096 0.40157142 0.39652353
-0.76248922 0.02987284 0.94264843
0.2080305 -0.99303481 0.83066315
0.33892848 -0.93518246 0.77701965
-0.77212633 0.33236114 0.47951208
-0.0387391 -0.79162057 0.97687492
-0.63947041 -0.32630857 0.98046485
-0.59058547 0.74797364 -0.15345955
0.93923083 -0.85753814 0.10942592
0.67018624 -0.43532952 -0.21875128
0.39133707 -0.61928978 0.23246122
0.13738385 0.34313458 -0.37773647
-0.41171058 -0.21342133 0.67558525
0.62792854 0.51567489 -0.91253972
-0.70952331 0.87977705 -0.04499767
-0.75658206 0.94899013 -0.01107906
-0.6953022 0.90966188 0.01633855
-0.85959436 0.12480084 0.86304722
-0.13610287 0.22331466 -0.02086745
-0.44308773 0.58624855 -0.04062508
-0.11186776 -0.65057603 0.8272982
0.25691177 0.13030017 -0.36224302
-0.98508278 0.76217136 0.40540873
0.57778421 -0.13108312 -0.41590353
-0.76289974 0.74178647 0.08136261
0.36270351 -0.05249143 -0.24136214
0.54596206 0.34291294 -0.79555238
-0.49691435 -0.28582928 0.8067197
0.90715484 0.13020218 -0.83880407
-0.98401856 0.40419114 0.95557411
0.6963569 0.29050113 -0.97519224
0.41180949 -0.9947934 0.79905494
0.71550004 -0.74818195 0.13804453
0.88735364 0.11379226 -0.97539317
0.23321167 -0.81031743 0.60361931
0.12769146 -0.59025425 0.57857428
-0.40011402 -0.46578691 0.91667882
0.40653001 0.35434674 -0.65083283
0.74948234 -0.17415872 -0.4309192
0.8493045 0.60769407 -0.94552149
0.19550702 0.80128382 -0.94501898
-0.55150404 0.92599536 -0.30628676
0.86538834 -0.3180187 -0.51418152
0.21446259 -0.22338178 0.04864538
-0.09068001 -0.54059374 0.84751049
-0.78258365 0.65728307 0.14429619
0.90781029 -0.3161952 -0.5615399
-0.0116191 -0.71817342 0.74544675
0.43919892 -0.40777257 0.03221901
0.79174985 -0.35142266 -0.33607601
0.80328654 -0.85841567 0.1947847
-0.75081053 -0.17177345 0.975508
-0.63029382 0.81457278 -0.16769234
0.65481023 -0.96215424 0.36205251
-0.69590479 -0.14892256 0.97698286
0.35291535 -0.62539543 0.30338309
-0.27676054 0.76676085 -0.45362662
-0.95156669 0.20811662 0.77420063
0.79143723 -0.77453176 0.3537754
0.65989709 -0.54133069 -0.11774011
-0.58291584 0.78925534 -0.1830378
0.45152764 0.66355241 -0.88990195
-0.98497171 0.33655058 0.80526054
-0.1617641 0.7741302 -0.40780999
-0.312351 0.55811352 -0.09748102
-0.03286069 0.47702445 -0.36102961
0.81677604 -0.12507181 -0.63851634
-0.24500164 0.09149733 0.15765015
0.72953326 -0.70737968 0.02733865
0.18409214 0.7669232 -0.86520545
0.96615622 -0.00884676 -0.827157
0.78177085 -0.45914225 -0.02152897
0.49783781 -0.82681229 0.35203407
0.89591285 0.42290458 -0.92039983
-0.04454096 0.66416626 -0.49605
-0.7471726 0.44853575 0.42838693
0.59635676 0.29180075 -0.84841103
0.67105484 -0.78003874 0.19178459
0.99339978 -0.21733392 -0.73586445
-0.55485544 0.65307285 0.05836327
0.42605186 0.49890594 -0.72262648
0.27035807 0.72392475 -0.74609554
0.11879291 0.60489976 -0.57936019
0.37910791 0.25916721 -0.49734164
0.4777201 0.35970715 -0.70372996
0.76251736 0.29386268 -0.93334481
-0.54618886 0.58562684 -0.03134533
-0.42066976 0.61919183 -0.07953181
-0.5477161 0.93738365 -0.3323492
0.35095079 -0.90624576 0.61569392
-0.58979305 -0.13446194 0.78444602
-0.60719076 0.0702662 0.5772035
-0.54983759 -0.37210002 0.94027896
0.3970193 0.16204355 -0.37278559
0.80223196 -0.22146736 -0.56615212
0.93545268 -0.87555813 0.04419107
0.28926828 -0.87549355 0.67099536
0.26761535 -0.1529347 -0.11425184
0.29652181 -0.82779065 0.55722068
-0.45048087 -0.32625365 0.97608698
0.08284816 0.37070723 -0.34453617
-0.46735594 0.67422256 -0.04247698
-0.72989097 0.27704419 0.55675806
0.45146255 0.09388722 -0.51390733
0.516294 0.3896935 -0.74660218
0.85392155 0.16195574 -0.82786018
0.58244163 -0.25576547 -0.23866787
0.06406411 -0.5692239 0.60099664
-0.07059852 -0.69090985 0.91446629
-0.58062988 0.79568492 0.14433777
-0.80654478 0.97685149 -0.09284515
0.0407583 0.79625736 -0.71496082
-0.52845133 0.58059663 -0.03196143
-0.27854965 -0.64493375 0.96139755
-0.61410875 0.81352629 -0.1085898
-0.30477026 -0.26748242 0.66140567
-0.41503822 0.27379458 0.19314519
-0.80780422 0.23052501 0.61895179
-0.26430076 0.38901973 0.01818236
0.08533456 -0.78942045 0.90576711
0.18174517 0.77554441 -0.88083885
0.2858393 -0.88754365 0.94482124
0.35517535 -0.93081424 0.68906373
-0.68794519 -0.10822914 0.86575489
-0.19551012 0.88832801 -0.42567577
0.45247195 -0.82152681 0.5198008
0.13103362 -0.69597129 0.70004893
0.46800749 0.47232241 -0.92439776
-0.15000194 -0.31710386 0.54785078
0.2492652 0.62623115 -0.76999398
-0.42355325 0.07200362 0.56622923
-0.97121172 0.17634798 0.97287899
0.02717482 0.68669789 -0.64976838
-0.07787381 0.97614827 -0.51145087
-0.14227807 -0.69475709 0.8755267
0.97961384 -0.00342918 -0.96043163
-0.05577828 -0.50875493 0.62565622
0.14675699 -0.4007895 0.57972807
0.88489207 0.1362812 -0.88690339
-0.988566 0.7204702 0.35627678
-0.47985307 -0.36491332 0.94391582
0.82584001 -0.11814323 -0.66517703
0.00831942 -0.77153123 0.80523882
0.36341599 -0.58233528 0.22294943
0.63950543 -0.81071368 0.32703845
-0.64862617 0.03673558 0.65978325
0.80352119 -0.8995814 0.10645816
0.70771459 0.1738291 -0.86118051
-0.62229128 0.12250583 0.54247603
-0.3224679 0.96367225 -0.54879433
-0.87108335 0.97652063 0.07050184
0.7803615 -0.98658776 0.42687604
-0.90352505 0.37505635 0.57546411
0.611066 0.49664249 -0.88518272
0.85820834 -0.20683139 -0.45900041
0.00560146 -0.54048723 0.56896964
0.28050563 -0.36004088 0.10598805
0.20601524 0.78131595 -0.95062483
-0.10017853 -0.05524851 0.18152539
-0.32145096 0.20449839 0.15556941
-0.40828741 0.70707543 -0.15218783
-0.38181658 0.24992612 0.15853022
-0.34129415 0.7343229 -0.30543306
-0.94068134 0.03037084 0.9227441
0.71818283 -0.68145544 -0.01376231
0.24123595 0.4957623 -0.73048891
0.24808059 -0.18737235 0.03057734
-0.10840604 0.66078709 -0.49300392
0.14708496 -0.72483038 0.6534677
-0.42998401 -0.30285466 0.74094612
0.82358695 -0.83948879 0.02569791
0.28213372 0.48490113 -0.74351862
0.15358777 -0.77222399 0.7101802
-0.08872335 -0.46713275 0.73553531
-0.09424974 -0.39677823 0.54418625
-0.37538417 0.59224239 -0.08122196
0.61019305 -0.8233429 0.37290155
-0.34325625 0.88687 -0.52761694
-0.56210687 0.52136265 0.12251603
0.30551306 -0.8859488 0.6456528
-0.38924607 0.91078697 -0.33574614
-0.70677768 0.7615764 0.07531541
-0.94297916 0.26500143 0.75167089
-0.48372458 -0.27612674 0.90689573
0.72318404 -0.71778017 0.05728253
0.51194288 0.59805671 -0.99508444
0.61532301 -0.42336568 -0.05481383
0.12651867 -0.55500071 0.63015623
-0.92177218 0.41143693 0.56210772
-0.09184151 0.96553053 -0.77968399
0.831534 -0.19560317 -0.50712703
-0.56487922 0.42678235 0.18289185
0.91291628 -0.09107931 -0.81588647
0.79110096 -0.96862888 0.66131219
0.19388713 -0.62981224 0.54800981
-0.06507935 0.95068891 -0.81010296
-0.87644232 0.35932809 0.8865424
0.58621436 -0.13824647 -0.31520366
0.02224553 -0.47163028 0.47325791
-0.93074863 0.19832764 0.81308564
-0.05575441 -0.61927235 0.85954709
-0.29471833 0.23401485 0.10416334
0.45296059 -0.89776537 0.44918909
-0.01323796 -0.73331398 0.82244054
-0.36443582 -0.31288551 0.82662635
0.71299604 -0.94517896 0.3461012
0.6944109 -0.09195942 -0.53090527
0.43210227 -0.67264991 0.29145623
0.45400715 -0.01874908 -0.34137462
0.04052915 0.60181219 -0.64176424
-0.00302953 0.44538606 -0.440104
0.87507541 -0.31377207 -0.54126151
0.17967603 -0.02243393 -0.13955376
0.15946886 -0.48893798 0.54245493
-0.31185197 -0.41187606 0.79368509
0.11073165 -0.78947437 0.9852319
-0.74950418 0.40995605 0.40700277
0.61805726 0.22203504 -0.83857265
0.95537609 -0.70859748 -0.12634093
-0.58654757 -0.0497262 0.64503419
0.41053332 -0.48772267 0.26399354
0.07010402 0.55570845 -0.50230841
0.80853701 -0.04264484 -0.68765777
0.91693558 0.06972063 -0.92927687
-0.16878042 -0.42430822 0.60373518
0.61223026 0.44996941 -0.73479673
-0.44132399 0.49778887 0.06518215
0.86573849 -0.09302682 -0.57175256
-0.10617687 -0.63326256 0.96263273
0.91641013 -0.11997187 -0.66710553
0.56914117 -0.93235735 0.47742844
0.2951119 0.82904142 -0.79200716
-0.41338614 0.24633258 0.1783639
0.50438107 -0.79639228 0.31532538
-0.38877717 0.41962077 0.10312897
-0.95011084 0.4355494 0.53745393
0.72248548 0.42180316 -0.80857193
0.02526718 -0.82257639 0.87786105
-0.81042405 0.79235453 0.09998354
0.38476012 0.31203869 -0.6961551
0.43335787 0.41824641 -0.69125885
-0.48753723 -0.00857266 0.64310344
0.49858741 -0.29525568 -0.19628518
0.02847232 -0.36985314 0.49298888
0.98398216 -0.19758988 -0.53796387
-0.14649254 0.91664618 -0.60816807
-0.02787924 0.70793532 -0.58972675
0.58728717 -0.85426134 0.44907797
0.2132131 0.80895668 -0.94361508
-0.12381578 -0.54633688 0.74452812
0.44468771 -0.92081284 0.50557128
0.1249831 -0.40321419 0.40855933
-0.3779408 0.74515825 -0.23201319
-0.56199917 0.71321642 -0.13556813
0.30546787 0.34058522 -0.60921722
0.68906778 -0.62222576 0.02867093
0.59837494 -0.59962833 0.08088079
0.57495961 -0.25666649 -0.2748154
-0.93476384 0.12587467 0.83780735
0.33690517 0.42248303 -0.73115595
0.18078585 -0.39938738 0.36890966
-0.52133098 0.27623079 0.2724102
0.67821412 -0.71083043 0.05451258
0.61817582 -0.79435139 0.3018784
-0.06828654 0.67805843 -0.5155037
-0.70976308 0.63682526 0.16311346
-0.94869949 0.32099866 0.63460659
0.0565129 0.36434921 -0.33813796
-0.21450975 0.05175405 0.19850874
0.46265515 0.5804386 -0.86261163
0.09022158 0.2609542 -0.31073001
-0.41329912 -0.2055646 0.77370338
0.75353971 -0.31217668 -0.40196685
-0.46638952 0.1036675 0.38151149
-0.11025863 0.90701661 -0.74139754
-0.79705097 0.93958369 0.05070865
-0.12938663 -0.44626592 0.60472293
0.26305413 0.95750857 -0.92577821
0.7434291 -0.42727171 -0.29796566
0.82745099 -0.78681832 0.09116225
-0.66359802 0.57763779 0.37424459
-0.7301978 -0.14843074 0.90093843
0.43234527 -0.20453131 -0.20137213
0.02231894 0.58537327 -0.55814949
0.4653413 -0.60383754 0.14596448
0.5466398 -0.73902416 0.34046944
-0.12071996 0.98730297 -0.72161584
-0.05517376 -0.385942 0.80223953
0.79472365 0.08867706 -0.72770763
-0.17702113 0.38288004 -0.0596539
-0.69210026 0.92374907 -0.22186235
-0.62683652 0.32948291 0.37660136
0.12323241 -0.5591202 0.53143866
0.05860786 0.54566733 -0.52554551
0.23761928 -0.41026805 0.23727296
-0.42282561 0.10020277 0.33098005
0.32369559 -0.14913365 -0.16609603
-0.09966514 -0.65530746 0.94023116
0.08869771 0.87638649 -0.86303852
0.47289439 0.00066624 -0.44030742
0.51354897 -0.79063321 0.59093262
0.82012933 -0.94494906 0.28364614
-0.13397784 0.33368428 -0.15089245
0.71364767 -0.99114958 0.3477229
0.00109459 0.90854385 -0.64957956
-0.49968179 -0.27453786 0.82830341
0.32237931 -0.05239552 -0.25233133
-0.8953612 0.39600414 0.75374875
0.87310932 -0.43163919 -0.40292459
-0.82294242 0.820706 0.22214257
0.4104431 -0.71681185 0.3237449
0.31804768 -0.42103166 0.26753539
0.8459033 -0.7033468 0.08726768
0.6440959 0.19178336 -0.70531677
-0.09035202 0.79922929 -0.6860792
0.51023655 0.44320369 -0.93720527
-0.27742872 0.2776441 0.04789029
-0.40046909 -0.51568753 0.95483561
-0.09256136 -0.51436007 0.61282455
-0.50177683 -0.21106223 0.87442456
-0.29724495 -0.53124158 0.83302914
-0.71960291 -0.14479964 0.95091642
-0.26160087 -0.52764084 0.96809283
-0.71074317 0.28583963 0.50621118
0.87596201 -0.2752243 -0.52170326
0.27797585 -0.79707569 0.52784069
-0.0059048 0.99378861 -0.88776554
0.928761 -0.84260278 0.01643994
0.68375647 -0.66390263 0.09519751
-0.08454906 0.4797982 -0.39357215
0.41004643 -0.89027799 0.48845197
-0.28687483 -0.13305112 0.46291105
-0.36259337 0.26309542 0.12689475
0.51772357 -0.51965699 0.15911604
0.12360692 0.27204893 -0.39488103
-0.03500196 0.32160489 -0.27499413
0.71772906 -0.60788098 0.04642614
0.83328519 -0.66506692 0.02102442
-0.55417882 0.62980307 0.00860436
0.0796285 0.89325287 -0.87217934
-0.12259455 -0.64812021 0.89871381
0.03967086 0.84497869 -0.76060327
-0.43782116 0.99915519 -0.55968832
0.8262627 -0.98170296 0.17189585
-0.11326526 0.89347978 -0.64111559
0.0797549 0.84950578 -0.85612351
-0.4762721 -0.10486485 0.60063664
-0.9564373 0.28499503 0.72300037
0.87320735 -0.54596205 -0.08284343
0.34860047 -0.35055018 0.08426231
0.78207877 0.04519716 -0.64404489
0.92497062 -0.19262727 -0.72485903
0.37529701 -0.61914181 0.2466997
0.01647456 0.98268934 -0.82485936
0.53216102 -0.96247826 0.48288137
-0.50896632 -0.34074199 0.95497944
0.30829332 -0.59258813 0.38564208
-0.51237966 -0.34315747 0.98372154
-0.97154475 0.69658187 0.31548752
0.36699122 0.6022082 -0.91637392
-0.09044327 0.70793288 -0.5534157
-0.80336482 0.77440761 0.18878828
0.58995741 -0.04354835 -0.49742998
0.492913 -0.90775908 0.55233127
-0.94365089 0.73408738 0.45721263
-0.22981171 -0.26458134 0.49687563
0.59531065 0.16709594 -0.52765658
-0.22031448 0.88258965 -0.63521605
0.52309264 0.38876231 -0.86230815
-0.3396624 0.75471384 -0.34775483
-0.60296295 0.78565894 -0.14407234
-0.5934798 0.29501491 0.41152268
-0.1485827 -0.01547154 0.18531008
-0.59285493 -0.09952871 0.70900296
0.384746 0.62999689 -0.99695935
0.02971382 0.10189106 -0.12390432
-0.55053134 -0.08121677 0.79220093
-0.39396692 0.79151967 -0.37422604
-0.81834359 0.97987438 -0.12399
0.6900162 0.27996693 -0.91536309
0.56956539 0.44179267 -0.88279001
-0.71437769 0.8188986 -0.0512807
0.05322352 -0.67713756 0.85970328
0.27843339 -0.65828121 0.4965366
-0.73413613 0.89505991 -0.08297533
0.44802454 -0.42037906 0.02821811
-0.79779775 0.56214783 0.30238481
-0.00116623 -0.98737965 0.99610792
-0.95650959 0.57905199 0.40344377
0.35715765 -0.52294053 0.18660375
0.78426177 -0.43614049 -0.19536094
0.92671204 0.26135083 -0.99427918
0.13103423 -0.85419311 0.74538842
0.13971487 0.87558109 -0.69938689
0.23015072 -0.52341778 0.59333873
-0.05495203 -0.83720613 0.95199934
0.4650265 0.21800721 -0.67574279
0.02072295 -0.78231694 0.85129822
0.08976512 0.77226921 -0.78356262
-0.51505346 -0.19851343 0.72828834
-0.08036744 0.20909939 -0.09760275
0.62315559 -0.28622381 -0.26252271
-0.47062907 0.51416779 0.08605449
-0.87471428 0.94126208 -0.0472527
0.19141318 0.9884545 -0.99599149
-0.99040863 0.90272535 0.11676084
0.6040886 0.40480214 -0.6826067
-0.21583408 0.66049454 -0.36965414
0.34114191 -0.95383857 0.64313786
0.19188546 -0.65298176 0.46705443
-0.41385609 -0.2330636 0.74801096
-0.53203988 -0.16912239 0.79625101
0.80200857 -0.89133091 0.18355513
0.353417 0.66655822 -0.80866443
0.3526341 0.00149117 -0.32501692
-0.88172943 0.78325291 0.17588818
0.52182064 0.47865006 -0.94886532
-0.3609436 -0.3364791 0.7126396
0.19118151 -0.64917818 0.50995773
-0.38528441 0.38729449 0.10406449
0.62162697 0.3415988 -0.82543715
0.37704541 -0.99545785 0.90577619
0.45246791 0.75111817 -0.98476192
0.96261033 -0.95107915 0.03030958
-0.41305981 0.87421578 -0.33340538
0.67989829 -0.13641843 -0.40548153
-0.14781172 0.54402398 -0.27155291
0.70268838 -0.24819719 -0.43950621
-0.05515579 0.86882683 -0.65566131
0.99288189 -0.73782093 -0.19947254
-0.4931075 0.46012931 0.06999809
-0.00801247 -0.74357703 0.75239879
-0.44185356 -0.37751016 0.95252862
0.30642951 0.67779733 -0.81863943
-0.68299224 0.00872404 0.69577719
-0.57016139 0.85835827 -0.13318494
-0.90964282 0.24128052 0.81857899
-0.26509482 -0.5415139 0.81948626
-0.9834854 0.77969952 0.41620871
0.21488026 0.84223077 -0.6696494
0.90332556 0.14386686 -0.82157075
0.46076735 -0.61354998 0.19057931
0.8042505 0.129912 -0.8922184
0.85314323 0.23364786 -0.89127662
-0.09703512 -0.34121141 0.45348709
0.30242754 0.15448261 -0.38013833
0.1518559 -0.7949637 0.64663503
0.38209115 0.46841901 -0.76866641
0.69353066 0.41364057 -0.9260107
0.39875444 0.09580013 -0.4606489
0.95944257 -0.39242022 -0.47544174
0.06485764 -0.98816283 0.92653983
-0.40024131 0.42956263 0.08348176
-0.52440803 0.92536863 -0.38988238
0.81761738 -0.02769709 -0.58163448
-0.75570119 0.87534127 0.16083431
0.52849738 -0.05074111 -0.39464252
-0.00892896 0.45268227 -0.38800004
-0.9709969 0.98350334 0.14831132
-0.61411318 0.49148548 0.13402247
0.7303308 -0.63418425 0.28434528
0.23333627 -0.6985115 0.61417937
0.84325419 -0.56278852 -0.07885776
-0.62130811 0.83542767 -0.11360327
-0.09259851 0.45580573 -0.34201869
-0.14901694 -0.70967345 0.87218435
-0.33975043 -0.13208657 0.57352977
-0.71044295 -0.11801736 0.95240787
0.66513105 -0.91345374 0.28564703
-0.75567013 0.81834499 0.09692211
0.92387316 -0.01537018 -0.73995423
-0.7171605 0.69699986 0.10116435
-0.41659925 0.6197702 -0.14300759
-0.39178763 -0.06154874 0.48722675
0.46302466 0.50945819 -0.90465643
0.16067832 0.36298701 -0.45226059
0.20651469 0.55734061 -0.67177685
0.47535851 0.22531434 -0.66066094
0.63323187 0.3707253 -0.96154365
0.35775709 -0.51178711 0.23481383
-0.65649939 0.7618153 -0.08710464
-0.28921176 0.77323075 -0.41327855
-0.47947056 0.28371612 0.24260184
-0.59536939 0.62339709 0.12478004
0.57147437 0.33551824 -0.89797435
-0.19774353 -0.44973924 0.70522044
0.49511639 -0.46905986 0.004393
0.32751701 0.7055194 -0.90489647
0.10750752 -0.74187737 0.68830831
-0.85233184 0.19691346 0.67287434
-0.71532302 0.46592407 0.37395675
-0.40780709 0.90934539 -0.36439884
-0.82081217 0.05773194 0.78395613
-0.12484548 0.61148961 -0.25169292
0.06999899 0.61359039 -0.60754659
-0.14308274 -0.75086921 0.98751423
-0.16427258 -0.43456172 0.72995249
-0.93273572 0.44598457 0.65179178
0.7078794 -0.22024994 -0.46907147
0.51622533 -0.06283483 -0.35801901
0.41160863 -0.93009146 0.58965751
-0.04981835 -0.8166691 0.90053092
-0.07612531 0.97574504 -0.62426626
0.27350058 0.59706958 -0.7983216
-0.15917819 0.71522983 -0.53893826
0.26365483 -0.90966998 0.68818338
-0.68902586 0.6530583 0.06894747
0.1147521 0.72668791 -0.79240781
0.36290732 -0.12204959 -0.22988709
-0.0732256 0.64237667 -0.51571041
-0.39253057 0.90568206 -0.38522151
-0.66292702 0.77866601 -0.00353973
0.14838411 -0.83387487 0.86359171
-0.76607609 0.14043244 0.66018504
0.05554021 0.85958903 -0.91050573
0.11130374 -0.54778921 0.48621837
0.95751943 0.0999736 -0.77631124
0.31800317 0.69169372 -0.72506212
0.4465373 0.13746736 -0.52866112
-0.98296692 0.83909663 0.2235067
0.02484582 0.73123198 -0.54916955
0.85714327 -0.14825023 -0.62622126
-0.2535499 -0.52906133 0.9941867
-0.71283501 0.65594244 0.2470474
0.47445869 0.25526879 -0.67377054
-0.81425966 0.71992212 0.31305318
0.80904519 -0.2451017 -0.51917346
-0.7536539 0.66161045 0.11367641
-0.69868258 0.32581797 0.58590115
0.26738481 -0.87837613 0.74930127
0.27014691 -0.84949362 0.61482406
0.73931267 -0.22714475 -0.50277746
0.52442084 -0.80526102 0.31681525
-0.11799392 -0.02006805 0.1584791
0.03158843 0.74790547 -0.41995531
-0.9160048 0.42893493 0.54439431
0.73358359 -0.32682342 -0.38021361
0.73987485 -0.79817406 0.10795401
-0.79282855 0.63995832 0.15966176
-0.98330434 0.36145794 0.66744017
-0.93387351 0.48897694 0.48898205
0.72456219 0.27687968 -0.79584283
0.95853004 -0.64702027 -0.29029842
-0.5304948 0.08690737 0.76744656
-0.84566851 0.83562328 0.31711621
-0.89290804 0.67722795 0.52727235
0.60915399 -0.54318898 0.11197247
0.97534347 -0.78017663 -0.19166645
-0.67377945 0.01744821 0.86911577
-0.26935878 0.63628554 -0.2069518
-0.65700137 0.54572559 0.11381516
0.16701554 0.84933642 -0.86905309
0.00632086 -0.36066879 0.42906547
0.44831528 0.65959969 -0.95999095
0.79758024 0.05378643 -0.78507814
-0.28427761 -0.31744055 0.66935236
0.79509753 -0.3149204 -0.42021245
-0.42800348 -0.06710462 0.58608787
-0.66555701 0.88252303 0.33959994
0.58224712 -0.88072726 0.7190479
-0.40682002 -0.08011634 0.57011991
0.37028171 -0.05566186 -0.30915119
0.53391452 -0.37041521 -0.07340992
-0.96016838 0.50453545 0.48864686
0.07341805 -0.90761792 0.9469733
0.54027581 0.68306428 -0.7889674
0.09957675 0.92643052 -0.97891053
0.68873752 -0.98857346 0.30540266
-0.21012743 0.038271 0.18062131
0.03705312 0.61337634 -0.54850111
-0.23171686 0.77873357 -0.52861997
-0.59288701 0.32692337 0.45081276
0.7914496 -0.81224622 0.13613313
-0.44489023 0.38813799 0.06869658
0.44177145 0.58000215 -0.83877916
0.61821007 -0.70787763 0.0970709
0.39506286 0.43582282 -0.78933293
0.02576315 -0.71174857 0.7085314
-0.83745808 -0.09282375 0.98209957
-0.03136755 0.27287283 -0.20274097
0.13556281 -0.6153453 0.51479893
-0.39595355 0.08033541 0.37065327
-0.76748283 0.28151938 0.49046269
-0.58790251 0.34361673 0.31073067
-0.42487566 0.12113322 0.30966066
-0.23723245 0.74008562 -0.45820261
-0.27073517 -0.3546831 0.72584325
0.59940544 0.05734182 -0.65167856
-0.76291998 0.17206281 0.63562269
-0.82964954 0.40518192 0.49475166
0.37399045 0.65745134 -0.94779081
0.7174219 -0.00220506 -0.70017059
-0.31188803 -0.43709261 0.83769165
0.47034962 -0.87396559 0.68582685
-0.81770744 0.29232049 0.56936458
-0.49837497 -0.23544885 0.85760673
-0.68548435 -0.22277363 0.9634851
0.8189159 0.30171035 -0.95073859
-0.74931624 0.11864151 0.85434348
0.64206391 0.20781539 -0.81949241
-0.33510062 0.47185616 -0.10151178
0.88765622 -0.96915042 0.13081576
-0.51177167 0.80303667 -0.18827553
-0.7813895 0.00604939 0.80414453
-0.82887073 0.90578682 0.00445083
-0.6352721 0.98219246 -0.30902535
-0.88653325 0.87564911 0.35916925
0.768505 -0.11186528 -0.62557624
-0.51963803 0.75583297 -0.16583971
0.0966343 -0.81486559 0.81572907
-0.56343242 0.74142327 -0.17062239
-0.7393203 0.07502438 0.8461881
-0.61007483 0.12867274 0.48282758
0.69074857 -0.7035727 0.0740941
-0.18963668 -0.70145051 0.92739952
-0.13546286 0.34095905 -0.08823773
-0.25119214 -0.02257788 0.29545229
0.64918534 0.27478861 -0.9129256
0.47802746 -0.99744995 0.54961111
-0.47132403 0.84463519 -0.16449393
0.56929289 -0.48428109 -0.06568444
0.88543529 0.16534144 -0.9186413
0.99899424 -0.78834318 0.0413129
0.4493988 -0.97400086 0.72005549
-0.19509985 0.73328763 -0.30888315
0.53037919 -0.5005438 -0.01143254
0.38980312 -0.79453165 0.49722009
0.55489704 0.15622677 -0.59712488
0.83910099 -0.90265948 0.11375088
-0.93956182 0.52066599 0.43327688
0.77889199 0.01836349 -0.71308479
0.57707088 -0.0321337 -0.53079258
0.6514167 -0.96142082 0.31178307
0.89870478 -0.79012248 0.29772058
4.04570144e-06 -2.26095640e-01 3.25923970e-01
0.89701562 -0.40728705 -0.35044723
0.58317831 -0.48143531 -0.04965584
-0.99380276 0.80585765 0.52776683
0.72284482 -0.83211237 0.14270672
-0.18500739 -0.37401863 0.78228539
-0.21204724 0.68904792 -0.45668021
-0.05450648 0.66914754 -0.55751049
-0.11564738 -0.70031846 0.81651996
-0.73083923 0.88769397 -0.08058471
0.70914395 0.42444079 -0.98900443
-0.45007312 -0.03510698 0.49383793
0.64419596 0.26838017 -0.90167275
-0.79632928 0.8952574 -0.04008423
0.98917217 -0.78685175 0.23749313
0.07117954 -0.52635521 0.56096124
0.40390861 -0.68575028 0.32938886
0.78668437 -0.31095996 -0.43145796
-0.80460331 0.38496691 0.47635366
0.60203674 -0.39935233 -0.17719176
-0.29971069 -0.30409611 0.88827153
-0.78158452 0.49964346 0.64916108
0.47749441 -0.80557532 0.8005894
0.25867983 -0.5591577 0.46003406
-0.01201454 -0.75138964 0.87014623
0.00112025 0.48413007 -0.36602794
0.03267155 -0.77893747 0.84506305
0.46501015 0.23576516 -0.66019576
0.44492556 0.53891651 -0.83007065
-0.76732079 0.93094108 0.11810119
-0.94597018 0.47805375 0.68174329
0.95933225 -0.56795911 -0.3639744
-0.33221319 -0.5038045 0.99038162
0.29702675 -0.08919467 -0.16181638
-0.53345036 -0.33849631 0.8862706
-0.4394744 0.76265975 -0.24752392
0.22296122 -0.53351096 0.36782439
-0.2105034 0.75903082 -0.49536743
-0.7292097 0.46643858 0.74861951
0.87345222 -0.62106551 -0.10092878
0.47576672 0.06803842 -0.42748304
0.31707908 0.45581136 -0.62526982
-0.62402875 0.0859413 0.66383743
-0.68958367 0.66108959 0.15172179
0.93758334 -0.62081328 -0.19210517
-0.50275922 0.91845677 -0.31223481
0.09439398 -0.74492085 0.7402079
-0.76160272 0.63444423 0.21138309
0.26363372 -0.88954076 0.70580407
-0.44745392 -0.39069249 0.95189089
-0.82221556 0.19360364 0.63038351
0.99825539 -0.55155269 -0.34714642
0.43288665 0.33763098 -0.66720572
0.72158265 0.01910448 -0.67508464
-0.84579645 0.55665357 0.63185946
-0.46584792 0.13913082 0.3510932
0.11395225 0.86845496 -0.98007213
0.54840304 0.44252329 -0.94018314
-0.91378471 0.30295359 0.64332573
0.63636647 -0.91486081 0.42885309
0.4785379 -0.79362343 0.35489198
-0.54037006 0.31425893 0.30184256
0.60193011 -0.37424044 -0.1714191
0.84525889 -0.64564265 -0.0462639
0.03823253 -0.72793966 0.76826584
-0.28414629 -0.61052926 0.93874272
0.62370535 0.53529306 -0.96052964
0.73179426 0.17866759 -0.89427508
0.45884965 -0.57139697 0.21065174
-0.39805586 0.69896785 -0.11606125
0.98543246 -0.21890558 -0.62314995
0.25767656 -0.4455703 0.19894402
0.68682053 -0.08738015 -0.56716851
0.32929411 -0.61096671 0.40492327
0.72412104 -0.0012703 -0.69014947
0.49312899 -0.99111162 0.5760965
0.52296978 0.33602505 -0.84156543
0.2262211 -0.98817299 0.88858491
0.13516285 0.05742046 -0.18732339
0.38685014 0.93018562 -0.98235953
0.273456 -0.91308533 0.74033551
0.62361978 -0.74129114 0.20063423
0.0035089 -0.56814645 0.64310071
0.34564924 -0.37313909 0.13395067
-0.23183328 0.45393995 -0.19180194
0.77314902 -0.87223483 0.20685329
-0.65732868 0.86700619 0.02403182
0.66244219 0.27107129 -0.62853747
-0.44542996 0.49314924 0.1175955
0.09683481 0.79020612 -0.83347412
0.11754582 -0.88250617 0.77193102
0.69203622 -0.57717658 -0.11398563
-0.09125427 0.75566836 -0.44675367
-0.03081057 0.05042472 -0.00984073
0.78528503 0.18403714 -0.82889312
-0.49764434 0.90463421 -0.2542172
0.9440413 -0.55557552 -0.047855
0.74391432 -0.41532483 -0.30991492
-0.55171693 0.94091944 -0.35522608
0.60570963 0.25096687 -0.70529642
0.75396378 -0.61846184 0.34123949
0.75888846 0.31435065 -0.92123146
-0.2697496 -0.31754466 0.59807955
0.72742553 -0.33103716 -0.24432362
0.40156736 -0.90116813 0.53227095
0.85134265 -0.56445663 -0.23008372
0.23645617 -0.75319889 0.79426112
0.00203516 0.55737933 -0.55894859
0.39085819 0.40969928 -0.66590283
0.68899463 -0.75024974 0.07362822
0.63219668 -0.86494655 0.29160152
0.18793587 -0.79341248 0.85952387
-0.88046841 0.7741637 0.25412216
0.4633896 -0.35098481 0.05319866
0.93779897 -0.83436984 0.02091859
-0.86396733 0.59323044 0.28495406
0.79081713 -0.65113225 0.03826599
-0.55799726 -0.03725617 0.66007881
0.75308845 -0.41627429 -0.12316132
-0.57638025 0.64664504 0.17550006
-0.52133407 -0.09323896 0.70025582
-0.64717127 0.8004302 -0.10292915
-0.98329068 0.33310602 0.95512034
-0.35712832 0.63581918 -0.11110186
0.9604842 -0.6620608 -0.22863908
0.64439614 -0.32650939 -0.26692228
0.31449715 0.15226201 -0.43420091
-0.511599 0.04403372 0.5210236
-0.9114671 0.91609727 0.24070768
-0.57338299 0.75463429 0.14495496
0.64840543 -0.02894906 -0.60634917
0.16366269 0.84080326 -0.67785587
-0.74713103 0.41073769 0.37081801
-0.54578623 -0.31649875 0.88042526
-0.71227326 0.03086274 0.83883696
-0.23814217 -0.37352099 0.64535324
-0.99999754 0.27229723 0.73704368
0.67735672 0.45495939 -0.90541873
0.03279479 -0.53937807 0.60955515
0.7109257 -0.04241482 -0.48229258
-0.29717671 0.10914171 0.1905411
0.06906909 -0.59837339 0.54959475
0.87427965 -0.70666105 0.09384263
0.7867904 -0.36034015 -0.32936102
-0.95587649 0.26354525 0.85589591
-0.57700547 0.69008883 0.07633936
0.00930861 0.59491444 -0.6022198
-0.7384684 0.01631373 0.87536634
-0.25666109 0.36817934 -0.05560014
-0.79464844 0.34581679 0.49114147
0.23102617 0.8683842 -0.96751013
-0.28813212 0.15724739 0.14169178
0.83362392 -0.07391405 -0.73827031
0.54800399 -0.39655109 0.12985142
0.21228437 -0.02839472 -0.15694796
0.1985614 0.81181504 -0.96592638
0.28235846 -0.2373433 0.10147424
-0.48609403 0.99925212 -0.45256372
0.80329166 0.49374451 -0.94262025
0.70298504 0.0799639 -0.59900604
-0.3869601 0.94598251 -0.44752782
-0.98687677 0.60065189 0.53039913
0.59889856 -0.51460687 0.06216951
0.14558149 0.91919238 -0.99876882
-0.82938418 0.39011218 0.48276371
0.48944237 0.56497534 -0.92505194
0.54588459 -0.47296475 0.22939549
-0.25735067 0.59812682 -0.27696137
0.87838286 -0.49596399 -0.339
0.55435809 -0.38290686 -0.04957075
0.64751099 -0.62261398 0.12426433
0.50329379 0.61908991 -0.96793114
-0.46842608 0.33622165 0.13616386
-0.5520309 0.51238776 0.07009672
-0.86367513 0.53101451 0.74020899
-0.25289681 -0.42356935 0.68591371
0.32349156 -0.8484475 0.64521566
0.34919512 -0.92388019 0.94489912
-0.89872696 0.98295096 0.09377607
0.38769176 0.73382627 -0.8487718
-0.50640569 0.07115791 0.45936836
-0.77088865 0.77413815 0.1254568
0.41887831 -0.91011069 0.5269243
-0.39789688 0.63627693 -0.07786591
0.26299014 -0.5222803 0.3461582
0.43455351 -0.79467451 0.428555
-0.63473952 0.74987466 -0.08776147
0.4782264 0.17267391 -0.61844895
-0.99120452 0.24245273 0.84741003
0.59159684 -0.27371775 -0.12796431
0.6372382 -0.82818813 0.20508944
0.73870332 -0.77648556 0.070718
-0.0167244 0.92526662 -0.886489
0.38005566 0.67925151 -0.92560869
-0.50554447 0.01438303 0.53909785
-0.19616013 -0.37662729 0.92009248
0.0167947 -0.17773054 0.18435161
-0.20525245 -0.22074783 0.45503201
0.41896179 -0.6136257 0.5887153
0.03885651 0.01104591 -0.04475491
-0.87433762 0.09511399 0.95978777
0.05909898 -0.57416863 0.86358594
0.97868363 0.02433449 -0.95309929
0.81657328 -0.23589959 -0.47873298
-0.6660753 0.79017441 -0.03764084
0.50991354 -0.83668805 0.43874465
0.35600644 -0.8958274 0.86449336
0.42581013 0.17060841 -0.5662838
0.66630803 -0.96867883 0.4202253
-0.85033263 0.18941141 0.83947344
-0.35995206 -0.06531697 0.72404439
-0.61181344 0.42152809 0.29384547
0.19914415 0.66188541 -0.83274003
0.06959227 0.22020229 -0.21085428
-0.3079832 0.24864956 0.07053476
-0.72875151 0.87077366 0.15002365
-0.39775618 0.7790169 -0.34780901
0.93862691 0.03293635 -0.81741629
0.47187107 -0.51899735 0.06075987
0.62185151 -0.69197936 0.07432543
0.30428242 0.32678218 -0.60172792
-0.33950339 -0.10785429 0.69311651
-0.54153192 -0.37240592 0.93641911
-0.62051146 0.51936522 0.14769813
0.5112883 -0.98678637 0.49130622
0.54070367 -0.79698639 0.31149647
0.16798446 0.7374206 -0.70706071
-0.64011642 0.37045332 0.37693175
-0.94467358 0.12884085 0.8536983
-0.97193167 0.90345233 0.08228823
-0.99572358 0.17523452 0.96017205
-0.18038067 -0.3723646 0.60331309
0.66185882 -0.78708477 0.39038099
-0.59706024 0.0407509 0.63432085
5.99054049e-04 -6.95113035e-01 7.03394981e-01
-0.14104538 0.80143973 -0.65014439
0.75341958 -0.32488295 -0.42745042
0.02279311 0.86663763 -0.72185366
0.27079963 -0.97532056 0.73191239
-0.45440406 -0.5072157 0.97128208
0.63504614 -0.27389458 -0.2806717
-0.60314419 0.78708783 -0.08182094
0.88095814 0.05680783 -0.92037641
0.26648946 -0.29214544 0.0383246
-0.72171358 0.97989064 -0.23898886
-0.07404161 0.83622459 -0.66373938
0.91175638 0.07408568 -0.77541705
0.16700252 0.96351646 -0.83144378
0.43333426 -0.86547838 0.44949941
0.23815934 -0.75019511 0.53075981
-0.92900635 0.91517196 0.23565725
0.09740315 0.65867354 -0.58388151
0.40107737 -0.06415448 -0.28205646
-0.90532621 0.67380733 0.28934929
-0.62344519 0.80635731 -0.17528201
0.3127019 -0.80501712 0.68695766
0.13906817 -0.68224652 0.58048945
0.83140217 -0.01383468 -0.78815599
-0.6422183 0.54528784 0.23483866
0.83859407 -0.85524603 0.1295289
0.58995812 -0.40245087 -0.14002315
-0.00985817 -0.88649845 0.99267644
0.40490462 -0.86461496 0.57653251
0.69326609 -0.18110785 -0.46638972
0.69043216 0.02326821 -0.63556374
-0.11315174 0.93883044 -0.69202152
0.57247275 0.63952772 -0.9677077
-0.72704619 -0.21726255 0.96039558
0.45437227 -0.20950189 -0.24140523
0.48341531 0.4372738 -0.90646657
0.82438466 0.01578788 -0.75598833
0.20899435 0.64847171 -0.85290758
0.29395932 -0.08001884 -0.19027589
-0.98331857 0.30184836 0.97613918
0.74695176 -0.3183164 -0.20102428
-0.06088121 -0.74244285 0.85642451
0.51199769 0.88448482 -0.85966765
-0.01756694 -0.20920035 0.28109543
0.99392274 -0.0735656 -0.79776964
-0.81343803 0.54376754 0.35094446
0.20766581 0.32210869 -0.51899617
0.82949409 -0.75177924 0.02489773
0.16075421 -0.798981 0.73140953
-0.18428074 0.14900233 0.04623569
-0.39163228 0.09143145 0.34087892
0.15747104 -0.62599215 0.63295307
-0.08393415 -0.70020354 0.81284974
0.18849118 -0.98758049 0.83068753
0.32925559 0.44851017 -0.74675998
-0.72517624 0.99641318 -0.05640479
0.66348856 0.21035033 -0.85956172
0.01718973 0.11769968 -0.10759373
0.26028118 0.75254057 -0.94667374
-0.34716616 0.9649086 -0.35040666
0.37119899 -0.14205975 -0.20637367
-0.23496818 -0.07879968 0.34405231
-0.7317279 0.11807901 0.62967252
0.75494327 0.23348479 -0.94928764
-0.56920813 -0.21817692 0.89769506
0.60348757 -0.30500676 -0.17964593
-0.53233168 0.75594981 -0.01318828
-0.35917222 0.4928386 -0.11508024
-0.50571608 -0.40549814 0.9457082
-0.49350894 0.61086516 0.04775355
-0.75945825 0.31067433 0.60230868
0.21948061 -0.75780856 0.59427258
0.1127905 -0.33657344 0.30611073
0.1122695 -0.70370654 0.75084725
0.42539987 -0.12253452 -0.26112901
-0.78129504 0.31237727 0.50325088
-0.34200322 0.17609003 0.229295
0.38521247 -0.01244936 -0.27320229
0.60160097 -0.84876099 0.41663324
-0.8967537 -0.05311361 0.99410964
-0.28041658 0.82029499 -0.32176913
0.20549868 -0.77975128 0.67446962
0.93116792 -0.02260911 -0.8211835
0.90375034 -0.60722701 -0.07051285
0.55204733 -0.33589331 -0.20875506
0.85975149 -0.96343788 0.10409552
-0.28012616 -0.36105565 0.65877492
0.83494326 -0.83377427 0.06132142
-0.71323391 0.05455826 0.77986656
0.14782268 -0.80147193 0.70071017
0.53644364 -0.01109306 -0.50223435
-0.35001635 -0.08626734 0.54759129
0.41822293 -0.81857406 0.49070528
0.69688296 0.06770961 -0.6090947
-0.85725702 0.35035027 0.54265425
-0.34164775 0.72357332 -0.35517576
-0.37897581 -0.21016864 0.64269239
0.22911069 0.22493676 -0.43197189
-0.53957972 0.52164863 0.07141746
0.87580152 -0.92656899 0.29202735
-0.73593524 0.54588447 0.28701641
0.45382649 0.25115521 -0.67147245
0.69475275 -0.37570453 -0.28726973
0.87114914 -0.11032476 -0.45918775
0.28158404 -0.60845749 0.67206532
0.04999796 -0.19347545 0.19276593
0.15122682 -0.84623371 0.72802307
0.68318674 -0.0925279 -0.5688112
0.35240664 -0.21841058 -0.01782638
0.74907253 0.18485213 -0.91561455
0.6660677 -0.04879824 -0.5169456
-0.57757413 0.91637108 -0.13038678
0.85657696 0.02427274 -0.82973606
0.85050418 -0.92246393 0.16116796
-0.60741215 -0.10993804 0.81564449
-0.20819019 0.82398576 -0.25179651
0.98740857 -0.78076101 -0.06501301
0.06472804 0.53851778 -0.42096429
-0.94274665 0.22602599 0.8511902
-0.49598971 0.59772384 0.12262877
-0.63234698 -0.01144715 0.81010616
0.1620011 -0.68740036 0.95981723
-0.03522235 -0.73401501 0.81360852
-0.05154134 -0.37501904 0.53320092
0.68262219 0.22053667 -0.74728546
-0.35607599 0.77151719 -0.34143925
0.22445389 -0.70452431 0.48223867
0.4547968 0.4924037 -0.69027625
0.25438898 0.72885489 -0.77491496
0.5375648 0.42614794 -0.93155356
-0.60169446 -0.26627121 0.87969492
0.81583223 -0.95908982 0.31016969
-0.56338833 0.69294223 -0.1087332
0.40356819 -0.96727248 0.7127647
0.66954801 0.35124539 -0.91696208
0.41168708 0.71420676 -0.91809781
0.07430214 0.89934991 -0.84668016
-0.68402673 0.37356413 0.36067067
-0.48971066 0.87314357 -0.37981057
0.19386961 0.21460677 -0.36916058
0.79403329 -0.08719794 -0.68153216
-0.05328615 0.7916543 -0.36279051
0.34521885 -0.84655375 0.55266741
-0.7391819 0.44311849 0.32429919
-0.82938628 0.9261537 0.0984198
-0.84340223 0.46216734 0.48875858
-0.95202678 0.54808226 0.5135248
0.49826077 0.45578965 -0.93893062
-0.53250737 -0.009096 0.7611993
0.26004797 -0.64094689 0.55495813
-0.91638948 0.21675684 0.96388796
-0.00676305 -0.89968893 0.98780147
0.63852395 -0.17155225 -0.37791177
0.54014213 -0.46896892 0.24116863
0.47919407 -0.79691321 0.32524931
-0.19779201 0.88340937 -0.22200086
0.56173899 -0.86752144 0.37462905
-0.39213329 -0.40142968 0.87355839
-0.22600236 -0.67187346 0.92862933
-0.65768594 0.09956211 0.5930617
0.90252825 -0.69499006 -0.18952562
0.97159492 -0.71558483 0.17731308
-0.72787848 0.70842498 0.09100168
0.42527468 -0.16583514 -0.23647499
0.85929964 0.25820383 -0.89825319
-0.28405056 -0.52879593 0.84187458
-0.50776914 0.69354112 -0.1627156
0.15752337 -0.45027584 0.35719791
-0.0188977 0.89343763 -0.81656237
-0.57571286 0.80839344 -0.18527688
-0.02497192 0.88655065 -0.85632912
0.72586822 0.21857692 -0.93738095
0.11974213 0.81222408 -0.89680977
0.53259452 -0.51993372 0.0153396
0.97636126 -0.98377994 0.22516728
0.34388226 -0.72134962 0.39861295
0.48226292 -0.7516252 0.5336337
0.62383891 -0.25214633 -0.3563889
0.60102407 0.31457935 -0.74450676
-0.70592955 0.92582749 -0.02548392
0.48589448 0.15843579 -0.50235552
-0.14726697 0.13963886 0.05834367
-0.74737531 0.34085414 0.46237596
-0.35333412 0.72974954 -0.27125391
0.51593034 -0.64324551 0.177659
-0.77130079 0.59461088 0.40177371
0.38375208 -0.56418323 0.19473179
-0.93031185 0.73137447 0.43228408
-0.57855583 0.40183778 0.23366589
0.29244352 -0.43865946 0.25638024
0.76236518 -0.49938992 -0.1242093
-0.70281124 0.57585725 0.18427605
-0.12228368 -0.72861952 0.85782499
0.95162981 -0.12060145 -0.6706335
0.79545429 -0.67430834 0.10005712
0.57421549 -0.76791005 0.60976302
-0.47410929 -0.32147458 0.83509427
0.95448759 -0.61496708 -0.1619183
0.66290834 -0.514713 0.02589133
0.80628902 -0.39216623 -0.4074402
0.67066607 -0.75361164 0.09212643
0.4376752 0.72578738 -0.96335469
0.65659996 -0.31992427 -0.24246851
-0.72048353 0.52700369 0.37911277
-0.27798803 -0.6493885 0.93422917
-0.35015062 -0.49930722 0.97282599
0.68963179 -0.01139641 -0.66896099
-0.01449742 -0.60732475 0.62498962
0.03389713 -0.79737104 0.85586905
-0.18313537 0.61641711 -0.42102218
-0.50185834 0.06377139 0.86587166
0.97719401 -0.90519273 -0.00149046
-0.18575673 0.77766324 -0.43309128
-0.63167971 0.10481185 0.81755418
-0.54902987 -0.31487556 0.86840943
0.33817359 -0.90030727 0.56797379
-0.41340307 0.97275777 -0.46509707
0.30219079 -0.65459971 0.45106783
-0.68785825 0.63681081 0.26735334
-0.55858009 0.452623 0.27284131
-0.86633463 0.72126456 0.19898821
-0.38624589 -0.53660332 0.98962395
8.91361374e-01 -8.78243678e-01 -1.94900895e-04
0.49661916 -0.5022657 0.0243811
-0.88467835 -0.01093974 0.93944745
-0.63427173 0.72990874 0.15996277
0.20961482 -0.68831148 0.49077168
0.97391323 -0.68862682 -0.23442664
0.72404549 0.31425917 -0.85891728
0.35482619 -0.63462902 0.44122562
0.81523955 -0.87279285 0.09031645
0.56714311 -0.70374567 0.66234743
0.11481816 0.75320389 -0.79601024
0.74936 -0.27955859 -0.22370665
0.04692468 -0.93876833 0.94208406
0.13038749 0.70538431 -0.81384226
-0.23649679 -0.42154855 0.8628249
0.84820874 -0.49248472 -0.31598416
0.9704786 -0.54756608 -0.31861892
-0.14181207 0.98369381 -0.73815072
-0.58662713 -0.2780233 0.96223816
-0.68764148 0.07398001 0.69294145
-0.16534549 -0.43353618 0.63493219
0.68679866 0.49602427 -0.94554939
-0.98516776 0.81247295 0.2308258
0.0773861 -0.61261844 0.73996819
0.47042121 -0.46115941 -0.00301698
0.20056247 -0.44459429 0.24961778
-0.67005174 0.94720966 -0.16578383
0.75450416 -0.57194112 -0.11780278
0.01079053 0.88964249 -0.69276642
-0.72863692 0.40566532 0.33578088
-0.11566216 0.98068762 -0.77512391
-0.06471509 0.97313686 -0.84682383
-0.48518992 0.99042928 -0.21071916
0.2909976 -0.09504231 -0.18149323
-0.39400268 0.58240111 -0.06811282
-0.66910845 0.56465041 0.31965985
0.49304 0.53277336 -0.99471422
-0.6721049 0.32314153 0.36724656
-0.31189029 0.09760933 0.36283854
0.37380388 0.54358643 -0.83400105
0.33801042 0.97707257 -0.9329747
-0.71792583 0.68938358 0.09556406
-0.98435509 0.44190239 0.65746779
-0.09013147 0.47136009 -0.1986899
-0.35531845 -0.22391907 0.61687699
-0.00086503 0.79610214 -0.58651245
-0.29017238 -0.6377596 0.96777113
0.16078438 0.78706326 -0.92025046
0.19819265 0.52961269 -0.71696982
0.5946207 -0.90654585 0.33999764
0.12115338 0.58051894 -0.49941253
0.80313866 -0.20815464 -0.3914876
0.89360062 -0.06427545 -0.6745866
-0.42593011 0.91971842 -0.3129938
0.95610029 -0.81840662 0.16931461
0.67322803 0.41076967 -0.96381189
0.10930117 -0.94349133 0.91686274
-0.18812332 -0.25943508 0.47108423
-0.1357158 0.59388055 -0.40936677
0.52642428 -0.85212239 0.33389698
-0.93691519 0.70610283 0.25597204
0.1116342 0.68517007 -0.74067418
0.51235295 -0.53261866 0.09680283
-0.82749279 0.35126488 0.50573577
-0.59774052 -0.01730843 0.68849935
0.54875641 0.62519142 -0.9095961
-0.31555554 -0.23774717 0.5581195
-0.9519021 0.62086683 0.54561047
0.41903507 -0.99359183 0.7622359
0.94479601 0.08512474 -0.96950437
-0.47572843 0.31292322 0.35406669
-0.66798538 0.58511829 0.14045267
0.48968361 0.57529981 -0.97402351
0.02397592 0.62715603 -0.44394796
0.0566106 0.87427685 -0.92264265
-0.81702726 0.83186939 0.09250337
0.3401684 0.07894145 -0.38591047
-0.69763607 0.60248893 0.24611457
-0.00966019 -0.18684597 0.21285971
0.98301875 -0.82276533 -0.055631
0.31612417 0.06703846 -0.38026898
-0.04973544 -0.59705611 0.64821809
0.0376601 -0.7244944 0.88178123
0.90250311 -0.59873403 -0.20781191
-0.68393031 0.89987758 -0.12612297
-0.25866413 0.595671 -0.26847481
-0.32369889 -0.11871166 0.45432056
0.54596225 -0.17147423 -0.37342907
0.85303925 -0.76205791 -0.07019504
-0.81390016 0.043426 0.87748101
0.26341224 -0.07860024 -0.11708082
-0.04293942 -0.47032908 0.60221284
0.50989501 -0.90027972 0.53132118
-0.124685 -0.48038245 0.62921599
-0.04802868 0.6417211 -0.59360939
-0.12227344 -0.04108247 0.19530344
-0.40698948 -0.2472516 0.83362234
0.68894243 0.0283115 -0.4702489
-0.74692348 0.02757975 0.97010822
-0.72189913 0.01765503 0.93680178
-0.87379536 0.1135703 0.9291165
-0.37207991 -0.13428591 0.60334519
0.94938068 -0.38143768 -0.48436169
-0.0779131 0.74711697 -0.59909698
0.93931368 -0.32515647 -0.42769197
-0.10461469 0.98343376 -0.83240492
0.21843057 0.80253563 -0.95111522
0.63566576 -0.44854689 -0.07784269
0.76445176 -0.10591579 -0.52764565
-0.5955646 0.03174215 0.97959656
0.23809491 -0.33280971 0.11382502
0.87248793 -0.21861273 -0.64471007
-0.09971266 0.90007998 -0.61623903
-0.36145642 -0.27413732 0.74852203
-0.15362418 -0.63158954 0.89771118
0.28421557 -0.8318407 0.54858377
0.81872702 -0.88845986 0.47158179
0.31565558 -0.74146672 0.81324065
0.21967963 -0.65699319 0.54149168
-0.85800536 0.84023285 0.17334736
0.54370827 0.43686733 -0.90675353
0.98617587 -0.18985962 -0.7486776
0.15806229 -0.71779326 0.70249225
0.16900922 0.56794556 -0.68182996
-0.63382524 -0.22555693 0.89949266
-0.28326741 -0.45324758 0.76277038
-0.19263026 0.91643618 -0.72178064
-0.92456809 0.12788628 0.80236608
0.09697867 0.97268182 -0.79752694
-0.74494261 -0.10252265 0.92931994
-0.22468926 -0.28657253 0.65794003
-0.27108787 0.80708693 -0.34294474
-0.64968219 -0.04749878 0.8498013
-0.02770708 0.99710294 -0.8781579
-0.6919492 0.3652365 0.51832393
-0.83718662 0.63333653 0.60577696
-0.48715408 0.57597827 -0.05600286
-0.99629929 0.77358723 0.37545722
0.73055063 -0.157478 -0.44647523
-0.81463164 0.37660478 0.4950973
-0.34896855 -0.2476468 0.5996821
-0.58745207 -0.16905109 0.77341538
-0.23699303 0.24669408 0.10203075
0.50537791 -0.03688882 -0.38321654
0.47024131 0.04649661 -0.38670355
-0.23486961 0.11142133 0.12590745
-0.6907277 0.01911165 0.67437858
-0.1468125 0.87394704 -0.58293399
-0.84621105 0.91830256 -0.06786469
0.68088762 -0.38591329 -0.25348855
0.52954527 0.38628127 -0.87268033
-0.23456032 -0.38921858 0.70442121
0.35987567 0.56494371 -0.91539614
-0.38820286 0.48964899 -0.01021181
0.92769049 -0.08180111 -0.70037378
-0.89450824 0.18469857 0.7134517
-0.3964851 0.6923835 0.07894941
-0.88978655 0.78424114 0.19536746
0.43463796 -0.06102918 -0.37069849
-0.25393429 0.4381647 -0.14820245
0.8189872 -0.90822059 0.21417946
-0.51637283 0.63048541 -0.05874297
0.22063709 0.80796941 -0.86154654
0.79287606 -0.58691503 -0.05811602
0.4485172 0.59351041 -0.98795033
-0.11770171 0.72619962 -0.33783912
0.01573293 0.54654673 -0.55182067
0.88527467 0.27299464 -0.89257804
0.12525742 0.87757798 -0.95072338
-0.77758709 0.5703615 0.32996781
0.01166084 0.84285458 -0.77085284
0.72099592 -0.25732171 -0.33164459
0.27205258 -0.9035995 0.64635462
0.45321806 0.53425842 -0.62460345
0.734674 0.1469321 -0.74139567
0.89909969 -0.94845493 0.06223634
-0.70260175 0.64635994 0.09682124
0.52010497 -0.43797291 -0.0461442
-0.92022293 0.6017898 0.59020921
0.10742107 -0.99897177 0.99576806
0.08578992 0.80136857 -0.8186692
-0.09945686 0.90549566 -0.64725743
-0.87206524 0.01673294 0.88591094
0.1069824 0.84916171 -0.57196211
0.97158875 0.13182439 -0.67556067
-0.49694616 -0.25852875 0.8163611
-0.89588554 0.56535356 0.49394181
0.57454907 0.52705301 -0.75428154
-0.29184506 -0.17418442 0.53842528
0.23821243 0.07656955 -0.27381906
-0.08379087 -0.25567583 0.3447628
-0.98870204 0.98230605 0.13835433
0.62041484 -0.25978687 -0.35843101
0.38636399 0.15320445 -0.41440656
-0.57892217 0.50150337 0.3414726
0.73307419 -0.84766078 0.15261555
0.95133922 -0.9785558 0.25660277
-0.4092659 0.91265433 -0.21166022
-0.46238508 0.12683885 0.47635484
-0.43581383 0.04673808 0.42710128
-0.26810485 -0.53120532 0.87357743
0.50948 0.04207744 -0.42702616
0.11007976 0.84054408 -0.91845087
0.84387472 -0.30797014 -0.25267512
-0.91024166 0.82347423 0.11731308
0.18053297 -0.83468354 0.73197356
-0.63593678 0.17507511 0.47261431
0.59119899 0.41398366 -0.8412221
-0.25324318 0.71345474 -0.4291915
-0.33089719 0.78345015 -0.37380607
0.01898278 0.96136359 -0.91331882
0.19936221 -0.75253735 0.66563509
0.82482899 -0.58969255 -0.07260353
0.07554733 -0.56053593 0.79992302
-0.05570754 -0.28200279 0.50039496
0.5942879 0.10098149 -0.50833797
0.58212355 -0.03764036 -0.51748912
-0.33461092 -0.57001224 0.93964674
-0.24082353 -0.06052319 0.32568758
0.12340716 -0.803018 0.69723048
-0.10268512 -0.38116681 0.53610711
-0.53967963 0.82434627 -0.15785214
-0.63383762 0.3055169 0.62932628
0.06232902 -0.83178688 0.94654676
-0.13269838 -0.10806033 0.24668957
0.82952435 -0.75839184 0.00803522
-0.1249051 -0.22186677 0.45411191
0.80085834 -0.1450219 -0.65455232
-0.09041819 -0.68448666 0.83263862
0.87010078 -0.53199781 -0.23832324
0.72515103 -0.85492422 0.42555884
0.96114177 -0.40234037 -0.55315415
-0.91582689 0.95005181 0.42167888
-0.38805426 0.17134365 0.24734915
0.63507729 -0.17585056 -0.41547078
0.83551176 -0.05813475 -0.73552459
-0.09088622 -0.23671807 0.40046061
0.36604608 0.53830303 -0.78629228
-0.43068458 0.72116626 -0.27313931
0.98492091 -0.66178879 0.06674015
0.96903315 -0.35839078 -0.59619988
-0.60256953 0.71899427 0.00085088
0.38227148 0.3129968 -0.56937223
-0.60469625 0.8593384 -0.12064979
0.05593404 0.97646307 -0.92521277
-0.3737223 0.11212431 0.29346179
0.75863049 0.32085957 -0.9808249
-0.79841999 0.77705373 0.02883243
-0.97220696 0.24748799 0.88628759
-0.40096167 -0.36253817 0.78251488
-0.96849901 0.53776622 0.4851702
0.31764141 -0.80347936 0.64792511
-0.16731274 -0.66993416 0.88279457
-0.46025862 -0.04608824 0.50710466
0.98555219 -0.9755018 0.49889916
0.69291441 -0.27954488 -0.32097174
-0.15643762 -0.47844624 0.70219174
-0.29305992 -0.27548659 0.68832586
-0.63973356 0.54406189 0.11008706
0.88779112 0.11949902 -0.84185125
0.06801595 -0.79471659 0.7478993
0.07998349 -0.47579822 0.41678264
0.30014598 -0.9722757 0.75805166
0.89509383 -0.54642723 -0.18053484
-0.71912474 0.97290113 -0.21823191
-0.50120514 0.06828718 0.51600615
0.64881523 0.28312411 -0.84358989
0.52079821 -0.17510905 -0.28869257
0.66232706 -0.70350368 0.06914131
-0.28891364 0.5906694 -0.25731573
0.41499941 0.54015175 -0.94022192
-0.31162871 -0.13455015 0.52740081
0.29999687 0.41623545 -0.59061069
-0.3681665 0.93002677 -0.45547824
0.79491522 -0.22613797 -0.29879305
0.63452417 0.08871456 -0.65887156
-0.71903969 0.0646843 0.68555224
-0.74105915 0.16380843 0.60005642
-0.99430669 0.17658592 0.86254229
-0.61531793 0.8215208 -0.1404692
-0.27720863 0.17491974 0.15017437
0.55081146 -0.09348088 -0.33582648
-0.1217504 -0.67207216 0.93142695
0.83644328 -0.95578438 0.25810068
0.51694587 0.5349285 -0.94052671
-0.87288616 0.56121772 0.43004076
0.8499542 -0.56471385 -0.2801933
0.6009973 -0.69785436 0.18843787
-0.33484514 0.16886624 0.21107079
0.74943183 -0.56749725 -0.12842269
0.3815777 0.34362895 -0.69938053
-0.75760737 0.72895126 0.32495735
-0.72489071 0.75187881 0.18048743
0.96255831 0.01282642 -0.9206989
-0.71093452 0.71924666 0.04674533
-0.04861208 0.2295878 -0.14161407
0.6006237 -0.64579559 0.11617611
0.16972629 -0.60527018 0.65516462
0.37242376 0.5713172 -0.64785655
-0.01894161 0.56578775 -0.49843309
0.69100994 -0.38696025 -0.11990731
0.20071272 -0.97020126 0.81381849
-0.12719782 -0.5040368 0.63386614
0.0145333 0.48899992 -0.46334375
0.61865296 -0.85042378 0.33625236
-0.79735698 0.79522301 0.05019342
0.78428677 0.1357394 -0.89074335
-0.51078683 0.03528999 0.50949419
0.42519716 0.12131087 -0.44983247
0.91745912 -0.89332513 0.057385
0.57182203 -0.44777563 -0.0515253
0.51854141 -0.43785275 -0.0742895
-0.47736932 -0.02319901 0.56374058
0.12462562 -0.91911981 0.94060337
0.84045778 -0.3919507 -0.2168919
0.31578233 0.80191961 -0.84901639
-0.30613401 0.37332387 -0.06012777
0.19399037 -0.34151716 0.15225038
0.80526051 -0.43592614 -0.35238275
0.15593604 -0.79109025 0.66826093
0.84639569 -0.08911273 -0.36702291
-0.92355997 0.09886449 0.88652522
-0.50757164 -0.41869007 0.96712949
0.12887102 0.57055609 -0.6410849
0.26556611 0.26078921 -0.49031971
-0.72036034 0.66898433 0.07707127
0.73198639 0.09380372 -0.81455578
0.66587806 0.29803021 -0.69857998
0.82528907 -0.37402524 -0.42318046
-0.05359649 0.69683801 -0.63891456
0.21772612 0.77898244 -0.93681661
0.77734368 -0.45568895 -0.21525125
-0.05565793 0.36002978 -0.30060747
-0.56697721 -0.39193645 0.98854715
-0.63498342 0.05365138 0.98434775
0.10633116 -0.96740443 0.87301407
-0.26683944 0.4633741 -0.06176632
0.69754023 -0.82714443 0.25319509
0.95061037 -0.27342356 -0.654438
0.17631626 0.69382607 -0.85743955
0.87624818 -0.3942983 -0.3508997
0.11686685 -0.48497784 0.76496812
0.3295641 0.08489315 -0.39985671
0.25980529 0.70341356 -0.91574722
0.26017714 -0.09261031 -0.11019266
0.77253536 -0.81066418 0.31620214
-0.78456863 0.76694517 0.01809623
0.92782799 -0.79016068 -0.00508404
-0.82656056 0.83007914 0.35870256
0.55519976 -0.45182935 -0.06339768
0.37326421 -0.93842115 0.95009228
-0.39547891 -0.18924626 0.70626959
0.09995036 0.66998715 -0.70619586
-0.64022598 0.75710599 -0.10822377
0.33770987 -0.5165368 0.22410173
0.02056364 -0.26694935 0.26741546
-0.06845673 0.64086393 -0.33814227
0.9807172 -0.32621862 -0.48507559
-0.53950476 0.00870631 0.53655529
0.27218244 -0.2960422 0.02440474
0.29154643 -0.8742596 0.78339885
-0.65018214 0.69425105 0.00966545
0.59279514 -0.66372513 0.17541597
-0.51345478 0.96343928 -0.29160017
0.48550545 -0.80651729 0.40119693
-0.04820716 0.54673535 -0.44799056
0.8610448 -0.07721214 -0.77690803
-0.20276473 0.1202693 0.08509892
0.70413745 -0.85794311 0.44575334
0.66234869 -0.85167223 0.53321607
0.45753053 0.26977988 -0.70085915
-0.28931105 -0.17130893 0.55521278
-0.53003917 0.90263678 -0.22847454
-0.57597918 0.803363 -0.02112525
0.81247652 -0.23335159 -0.44947214
0.57670605 0.79996276 -0.99608238
-0.23855117 0.89785543 -0.45735377
0.56514608 -0.47384637 -0.07172167
-0.79949277 -0.00169553 0.83798843
-0.42653879 -0.0182883 0.5388443
-0.26304623 -0.26820231 0.65920022
0.65498002 -0.71217601 0.41234737
-0.45418372 -0.10627711 0.73347581
0.28071872 0.34304391 -0.58588403
0.83321318 0.14549522 -0.62858386
0.18771229 0.6662181 -0.78069965
0.36907939 0.6614499 -0.97159566
0.8993439 -0.82110977 0.05417354
-0.81508895 0.24900633 0.76685735
0.38420045 0.00912723 -0.29829405
0.67826805 0.20438544 -0.68719664
0.77782917 -0.42758217 -0.25748012
0.64695812 0.33975268 -0.82598798
0.38620759 -0.95197137 0.64289065
0.99947582 -0.99182586 0.2052093
-0.23262211 0.27363549 0.08720245
0.48548017 -0.08637366 -0.36024149
0.49664755 -0.70681947 0.25810801
-0.25133968 0.93051602 -0.42574659
-0.17795857 0.63345116 -0.31080122
0.01726603 0.7185087 -0.72304073
-0.24237795 0.81366502 -0.5230043
-0.69221193 0.58729433 0.14110537
0.15517429 -0.92831337 0.89421487
0.99081579 -0.46223539 -0.52450824
0.46044077 -0.13418103 -0.2688524
-0.78402386 0.66100691 0.45123303
0.54361182 0.20135048 -0.73364137
0.17287331 -0.8561898 0.87759897
0.20026676 -0.06631106 -0.10984672
-0.37458843 0.82202653 -0.11550724
0.25315746 -0.63598855 0.57836664
0.70449622 -0.23774867 -0.41381901
0.34551244 -0.96355913 0.65893894
0.0370794 0.36561024 -0.39581185
0.99685382 -0.33889668 -0.51893841
-0.51865345 0.95277331 -0.38136448
-0.13536013 0.70759891 -0.47525146
0.73910308 0.0241044 -0.59931473
0.62322849 -0.0795844 -0.51079238
0.07603716 0.23118125 -0.28879047
0.94583406 0.00533978 -0.84740156
-0.08499786 0.61211632 -0.48503139
-0.08076797 -0.7462675 0.82982671
0.7916625 -0.91464921 0.30408852
-0.29273094 0.71883564 -0.41373914
-0.99772503 0.28878291 0.99897697
0.35269599 0.18739485 -0.52239482
0.63813033 0.23184482 -0.77027571
0.33395616 -0.71768957 0.41350659
0.51418934 0.00800896 -0.31496779
-0.58128528 0.34352039 0.28096252
-0.9147312 0.5204249 0.58246834
0.77446251 -0.61931314 -0.03853162
-0.23095745 -0.41444137 0.70467449
0.64564212 -0.184047 -0.3398605
0.29299672 -0.65814473 0.4965496
0.59114056 0.22380647 -0.68364729
0.64493439 -0.28845379 -0.22385645
0.44555959 -0.84160348 0.41521057
-0.91371879 0.49680915 0.67456143
0.01359157 -0.81293554 0.95218172
0.1425593 -0.75622247 0.65498905
-0.00372013 -0.36685975 0.54225322
0.64131339 0.14132656 -0.747958
0.43347499 -0.19623982 -0.22867339
-0.61323211 0.96842275 -0.24973796
-0.54987618 0.11746388 0.43341655
-0.85397117 0.6329597 0.37106065
-0.045759 -0.70376889 0.78446843
0.73803813 -0.83223549 0.23607952
0.49846186 0.48136415 -0.78190032
-0.35538557 -0.53031431 0.89351066
-0.93668067 0.58165515 0.39161951
-0.60681187 0.88933912 -0.07269531
-0.07502288 0.80129008 -0.70550792
-0.45160415 0.89206399 -0.35946577
0.55915394 -0.12633489 -0.3576019
0.42654658 -0.93937393 0.68285314
-0.36386337 0.40884077 -0.0102689
0.54114647 -0.86761811 0.45857665
-0.07544026 0.30826726 -0.21515469
-0.04364885 -0.62906752 0.74869052
0.11748174 0.13985683 -0.22893915
-0.68853127 -0.02744602 0.76478985
0.50580129 0.38571421 -0.68782196
0.47787261 -0.45463028 0.0838297
0.81631335 -0.45088987 -0.09944653
0.82018601 -0.89973999 0.26266206
0.9310336 -0.16042353 -0.67526452
0.64907301 -0.44270222 -0.16107048
-0.996435 0.43973261 0.86006932
-0.93825769 0.44204783 0.93734031
-0.18884082 0.98369181 -0.71893388
-0.00921245 -0.31596004 0.34143371
0.59065595 -0.86224686 0.27791609
0.48604177 -0.96835538 0.7607246
-0.04875932 -0.25698647 0.36970277
0.46793973 0.25927626 -0.65816824
-0.20618516 0.23824533 -0.0068735
-0.2005073 0.54310956 -0.24527066
0.10209087 -0.8725454 0.83186616
-0.98558244 0.09736451 0.91410938
-0.67782186 0.80653803 -0.03531292
0.03898247 -0.61285484 0.57823462
-0.0188795 0.91699219 -0.72997859
0.25473319 0.37770401 -0.4642769
0.48713632 0.68476473 -0.71967322
-0.52798587 0.33984499 0.2534535
-0.93218933 0.88465184 0.10536424
-0.1949917 0.62880707 -0.32232018
0.78247569 -0.1664203 -0.56233357
0.10150366 0.98300138 -0.78769245
-0.4408792 0.38330008 0.09687922
-0.76202264 0.18810484 0.68809466
-0.23563291 -0.04531715 0.33918395
-0.40078003 -0.14888037 0.63079308
-0.29234863 -0.47764442 0.84337625
-0.572625 0.21559205 0.38155289
-0.14827465 -0.68100998 0.8781967
0.00913345 0.14833787 -0.14837083
0.64558118 0.67932956 -0.83630567
0.58614013 -0.5723077 0.02941478
-0.76390863 0.70900587 0.09915198
-0.69064538 -0.0804881 0.86964502
-0.22589156 0.49149732 -0.18898298
0.46772924 -0.13812734 -0.17397561
-0.45241765 -0.35751484 0.81313721
0.98936744 -0.29823475 -0.60087958
0.76026968 0.05330365 -0.67793701
-0.4658647 -0.34910082 0.86953454
0.69624032 -0.3707124 -0.27149529
-0.59360822 0.86764394 -0.13739238
0.53276288 0.12379039 -0.61824602
-0.97032062 0.91222257 0.22554192
-0.78426529 0.60850952 0.1821221
0.83057619 -0.80898721 0.15236938
0.81660255 -0.00897778 -0.80451457
0.1252636 0.54720544 -0.55946748
-0.78230258 -0.07960262 0.91701218
-0.96698377 0.7079482 0.47176694
0.25619146 -0.85459879 0.67283822
0.93268335 -0.10502689 -0.72727304
-0.95512428 0.39812435 0.59779433
-0.35789646 0.08992717 0.32730619
0.20764078 -0.85424849 0.65787096
0.71115096 -0.95969496 0.37016091
-0.00788181 0.65556391 -0.61154102
-0.87139218 -0.05785118 0.94191604
0.21728314 0.17190862 -0.3332531
0.10128331 -0.22465864 0.1520678
0.40977795 -0.72892561 0.59813538
0.61148775 0.24826151 -0.72283
0.27335173 -0.93240381 0.67309962
0.02181574 -0.66775324 0.73745704
-0.18507151 0.88528929 -0.49781256
0.1863336 -0.90918881 0.86214374
-0.68790122 0.50811863 0.26425004
0.26383253 -0.48327871 0.30179684
0.65926164 0.72992983 -0.95356682
0.31484243 -0.95283636 0.80452944
0.41867814 0.53794487 -0.69004967
-0.53298169 0.93440453 -0.13056568
0.96262431 -0.18016016 -0.67700182
0.57987788 -0.3317719 -0.20986687
-0.78272354 0.97705008 -0.08001873
0.44404525 -0.17383993 -0.21232765
0.62823931 0.21487587 -0.62548704
0.88333121 -0.56031302 -0.25413882
0.28656969 -0.95909523 0.90635654
0.46592991 -0.47240686 0.05105709
0.07597289 0.95223636 -0.95399809
-0.22880178 0.57553538 -0.24080136
0.84389105 -0.53997763 -0.27820892
-0.6407971 0.04989613 0.68268622
0.65782085 -0.61610306 -0.00209286
-0.1244901 -0.23550118 0.39762755
-0.34798605 -0.21727787 0.66910838
-0.64508069 -0.0718545 0.78189423
-0.05598997 0.7808829 -0.70355036
-0.12556589 0.54086421 -0.41411555
0.62948743 -0.92198919 0.76594185
-0.58977635 0.30476535 0.6654877
0.24458494 0.51615796 -0.71986655
-0.55907277 0.69793089 0.14700047
-0.84960375 0.38801801 0.46694508
-0.64789352 0.36395856 0.3424657
0.44302033 -0.80872728 0.45372135
-0.98503013 0.18752573 0.9402196
-0.56380876 0.97039709 -0.33046137
-5.24643271e-01 4.31216570e-04 7.12086332e-01
0.07215151 0.78764456 -0.67204011
0.96563071 -0.65488832 -0.08819403
-0.75181905 0.15386366 0.62468667
-0.97294506 0.92469483 0.08261413
-0.98659604 0.6017212 0.51886191
0.62325329 -0.02437549 -0.59311022
-0.60091911 0.07224657 0.62527442
-0.63369034 -0.05714775 0.77335888
-0.48678541 0.41752207 0.15724738
-0.539031 -0.09545813 0.79272724
-0.57574166 0.50609084 0.14149153
0.69341921 -0.67147541 0.00635146
0.74235116 -0.74170956 0.30762962
-0.93385388 0.36259934 0.67212597
-0.82232639 0.8115039 0.05321372
0.85670699 -0.03448155 -0.74983343
-0.20545765 -0.09995593 0.37880638
0.19602085 -0.49567136 0.37086886
0.68784964 -0.70104183 0.2410598
0.34267452 0.42527516 -0.72465839
0.99741323 0.28570433 -0.85321157
0.75436619 0.40016461 -0.95533482
0.72493471 -0.37224954 -0.16575902
0.75305634 -0.66341703 -0.07435119
-0.0100454 0.54830564 -0.47366214
-0.03571543 0.47329464 -0.3279504
0.6938996 -0.94608048 0.3610848
-0.7459128 0.2481078 0.60927204
0.65943963 -0.00305711 -0.57895731
0.79616334 -0.05079256 -0.58800754
0.61715288 -0.84750218 0.34371941
-0.00774759 -0.22405383 0.26422374
0.50591571 0.19007571 -0.68543166
-0.66524615 0.20701843 0.59896
0.39830968 -0.3595752 0.01600231
-0.6035072 0.3204735 0.28782238
-0.65131674 0.91607807 -0.22609241
-0.54548733 -0.34778936 0.95962337
-0.54452129 0.9544312 -0.32723162
0.49388789 -0.14240931 -0.28867852
0.37711706 0.32284018 -0.6964934
0.8961899 -0.65669637 -0.1200594
-0.87467618 -0.05022189 0.95144384
-1.64905991e-05 9.19523483e-01 -8.60343521e-01
-0.87125263 0.85155827 0.20751545
0.39872311 -0.55832712 0.34949875
0.5608386 -0.21195028 -0.23137319
-0.14306319 0.57075599 -0.42466859
0.41265674 0.40759739 -0.70726345
0.6081915 0.40555404 -0.7497383
0.29885779 0.16039651 -0.41724627
0.13091435 -0.78644468 0.71038873
-0.72357775 0.11343437 0.61945073
0.21367697 0.54352358 -0.51388371
0.3918251 0.04238914 -0.36043656
-0.71691126 -0.20646613 0.98401699
-0.58995124 0.68874971 -0.06658931
0.20499093 0.56214844 -0.69938509
-0.59691513 0.8681411 -0.15266023
0.78148081 -0.99972934 0.22930538
-0.40933733 -0.18719682 0.69823506
0.8089311 -0.92698474 0.19015623
-0.47230218 0.52546413 0.00349842
0.06171164 0.73082767 -0.74029236
0.13180397 0.73661756 -0.84082734
0.85265675 0.03358459 -0.68045315
-0.87047406 0.49340459 0.40809245
0.54025211 0.37160672 -0.8678416
0.53598504 -0.66116062 0.32511525
-0.42147589 -0.50445948 0.98702764
0.43339899 0.43631172 -0.75775946
-0.99128096 0.39702478 0.94900417
-0.5454028 -0.4131682 0.96560254
-0.79611817 0.24310189 0.76234878
0.03190396 0.535249 -0.56668054
-0.92694332 0.80057964 0.25239925
0.62552322 -0.08623784 -0.48551412
0.68303463 -0.00626643 -0.37774736
0.36780076 0.76302964 -0.82812006
0.67656128 0.61489379 -0.86771821
0.86079507 -0.44833031 -0.39837586
0.29842173 -0.63626377 0.35544952
-0.55197968 0.88364823 -0.09548174
0.06909049 0.47053339 -0.5025496
-0.77186048 0.61201219 0.36407383
-0.28306216 0.79124686 -0.39997952
0.57859524 -0.95753302 0.42358666
0.17424052 0.12639354 -0.1827131
0.9777997 -0.00145032 -0.72284956
0.39568652 0.9465911 -0.93580896
-0.23354231 0.45747032 -0.21403201
0.69824076 -0.96415486 0.32865339
-0.15769057 0.42944193 -0.1913297
0.63003113 -0.84686421 0.38641614
-0.52996875 0.0152026 0.80211555
0.03283489 -0.88948653 0.91464675
0.78608952 -0.79806834 0.08763417
0.99292324 -0.441601 -0.36885899
0.21436087 0.24875671 -0.35172411
-0.61872054 0.69798778 -0.041843
-0.1629044 0.79735804 -0.41866388
0.20870445 0.54821993 -0.75166697
-0.37213738 -0.29972638 0.68457446
0.3079317 0.2330376 -0.42591622
-0.59861192 -0.05196605 0.83269797
0.4477836 -0.0192523 -0.41184231
-0.2817741 0.54294139 -0.18882619
-0.51125719 0.50966443 0.05744168
-0.06319111 -0.65121386 0.95639739
0.76155193 0.12356577 -0.83666342
0.01729808 0.80792686 -0.82329272
-0.93728051 0.97274795 0.42570709
0.603346 0.47988521 -0.99730556
-0.43229394 -0.13562287 0.64740509
0.92270583 -0.7139926 0.13709135
-0.97130178 0.07951916 0.92340176
0.8210464 -0.71135596 0.24380502
-0.27937058 0.36440996 0.02675096
0.00983157 0.44058767 -0.44648486
0.93659169 0.09539263 -0.94548852
-0.91987434 0.29256236 0.92508486
-0.62416275 0.46397632 0.20252841
0.54762471 0.23037754 -0.72232569
0.29297961 0.89124514 -0.67219058
0.67288775 -0.70249574 0.12327643
0.42406518 0.30110646 -0.66072131
-0.19491574 0.55009547 -0.25914174
-0.84099903 0.12538214 0.72047387
-0.93117747 0.84164044 0.28988281
0.29693099 -0.86246799 0.56648308
-0.14009874 0.86315658 -0.63402755
-0.69477397 0.80238035 -0.04608239
-0.59621064 0.27475866 0.32346387
-0.75574004 0.43110453 0.50326904
-0.28200683 0.95536545 -0.66456477
-0.83977696 0.85959208 0.1070594
0.41288057 0.18117825 -0.52827576
0.08106582 -0.68760772 0.68433092
0.55764315 -0.72328667 0.58098448
0.26323185 -0.88554367 0.77511772
-0.86787949 0.30842713 0.58470776
-0.65692017 -0.04377858 0.84041662
-0.25567713 0.36557669 -0.06981004
-0.75173199 0.92974849 0.03486721
-0.23763334 -0.27879014 0.60785676
-0.20414284 0.02500787 0.1839762
0.38162076 0.51257142 -0.86939015
-0.51484948 -0.21570954 0.97390287
-0.06980373 -0.55472143 0.66044896
-0.26542715 0.47448685 -0.14529097
-0.77182453 0.51053125 0.35197017
0.93778465 -0.33138876 -0.48601507
0.22395978 -0.90754072 0.73051916
0.06731107 -0.91287639 0.95943318
0.63380707 0.78927922 -0.97042148
0.18177854 0.73325199 -0.57761451
0.40640154 -0.26435397 -0.08632927
-0.68516968 0.91952103 -0.0621653
0.13673562 0.79925262 -0.91721983
0.48395993 0.37355766 -0.69324459
0.72741866 0.18321706 -0.77641456
0.3712474 -0.9712488 0.63759405
-0.08155305 0.38710042 -0.25038502
0.95244203 -0.8699882 0.2063448
-0.05303636 -0.85139259 0.96652401
0.14825124 0.85850484 -0.96192019
0.14235002 -0.53132077 0.44007418
-0.22772237 -0.15292951 0.50849524
-0.11797892 0.86967986 -0.71413742
0.52009625 -0.8374676 0.33906218
0.34044915 0.1397907 -0.44706913
-0.91086722 0.79387576 0.30061891
-0.80081258 0.63233279 0.32156992
0.73780863 0.27958613 -0.87847432
-0.17327964 -0.36035954 0.70202999
0.20613652 -0.92142936 0.85124916
-0.87116236 0.36526123 0.51970898
0.71350183 0.48598998 -0.99708144
-0.29136044 0.28962189 0.0766438
0.70595976 -0.55658738 0.02441833
0.0856501 -0.79289482 0.74055608
-0.37616165 0.54452574 -0.05219751
0.84671567 -0.11651035 -0.61558001
0.36849345 0.40746791 -0.59638151
-0.1524969 -0.38341926 0.56345573
-0.58676282 -0.01651795 0.71295907
0.72646631 0.29227417 -0.92087648
0.17339157 -0.77874704 0.75805328
-0.63631209 0.31282534 0.41331118
0.59420034 -0.41445887 -0.10743555
-0.5957549 0.84727863 -0.19742235
0.20742337 -0.42818988 0.39110938
0.57923147 -0.92437456 0.6247914
-0.62661032 -0.07494491 0.7106176
-0.82398825 0.34876159 0.74844671
0.46887951 -0.94717283 0.7078382
-0.01602032 -0.48474654 0.55268328
0.42255639 0.51729945 -0.91592859
-0.97918113 0.83007518 0.16481169
0.1859403 -0.29494607 0.1271489
-0.16088882 0.77818119 -0.46488943
0.04949276 0.93136117 -0.84823045
-0.12982161 0.8855175 -0.69982129
0.90835322 0.40985113 -0.96753457
-0.07953948 -0.31931646 0.40045029
-0.74121087 0.22186189 0.58555245
-0.59059833 -0.01021513 0.70283982
-0.39336254 -0.44870386 0.84924073
0.74954106 0.23242717 -0.9509661
0.41928103 -0.81629301 0.46221695
-0.72777806 0.76548316 -0.02978821
0.14787107 0.68847843 -0.82007099
0.19800394 -0.5298277 0.34712628
0.60322923 0.49252896 -0.65738065
-0.72318177 -0.21826398 0.97468844
0.19355341 -0.79534475 0.6951083
-0.73038256 0.18897589 0.7554039
0.3742042 -0.29332823 -0.03055575
-0.14302778 -0.18904833 0.4127013
-0.8489362 0.63736989 0.40583675
-0.57525608 -0.16078705 0.76485505
0.30934863 0.56230905 -0.82574229
0.91978449 -0.58730424 -0.16535096
-0.08533191 -0.42554792 0.74680975
0.57166479 0.07132124 -0.50134624
-0.10724696 0.46400847 -0.25973196
-0.06390335 -0.39185585 0.5554348
0.83394543 -0.10220949 -0.7147321
0.05003183 0.57875094 -0.58175515
0.3663328 0.55435369 -0.81263604
-0.80056613 0.66475469 0.37859103
-0.14409267 -0.84219941 0.99548113
0.47747279 0.07616905 -0.5481078
0.62538222 -0.02105364 -0.54526236
0.8593309 -0.11467535 -0.59966405
-0.86663247 0.88424297 0.49138672
-0.56624576 0.20461749 0.37986241
-0.26251419 0.87077906 -0.48325608
0.377836 0.52858451 -0.88007493
0.02405705 0.18918238 -0.19766744
-0.43791733 -0.00091055 0.48337636
-0.04363913 0.53343085 -0.35168335
9.18640842e-01 -8.89249353e-04 -9.08388744e-01
0.22645084 -0.6920383 0.59560613
-0.2978941 0.21753806 0.17808448
0.8929102 0.22405606 -0.87382557
0.82962113 -0.05670289 -0.59602521
0.36585653 0.76305034 -0.90161876
-0.15363137 -0.59277188 0.75263694
0.84422532 -0.52117801 -0.30063227
0.70871325 -0.2873192 -0.36068281
0.35195267 0.31642315 -0.64045182
-0.40665238 -0.33564747 0.86758403
-0.82158246 0.21478744 0.6609467
-0.08601539 0.863244 -0.75144873
0.78629528 -0.24954012 -0.4359781
-0.0410722 0.90879052 -0.8149639
0.14833639 0.86092338 -0.87983107
0.25177402 0.24858665 -0.42395458
-0.00837783 0.09267293 -0.08413701
0.31224674 0.41655542 -0.7122824
0.00117293 0.88817023 -0.80130641
-0.59360242 0.79981811 -0.162982
-0.96486507 0.305955 0.85197696
0.16070103 0.55506278 -0.54983519
0.83228878 -0.96245108 0.28095141
7.56142138e-01 -5.00625235e-01 -6.64552949e-04
-0.16281517 -0.41266936 0.6437043
0.12927558 -0.68995764 0.82129264
0.49180657 -0.92307545 0.53339687
0.12645924 0.38062077 -0.35539176
-0.25489739 0.18439614 0.07335061
0.64447886 0.22278436 -0.78670522
0.02762934 0.9631558 -0.68806784
-0.22109289 0.35204287 -0.05221304
0.09083736 -0.36380419 0.29812119
-0.20814319 0.48313995 -0.20283558
-0.75492956 -0.01736727 0.90560677
0.51370332 0.59363156 -0.87818447
0.09521034 -0.64553969 0.67678254
0.22957292 -0.47930555 0.33945219
0.57968373 -0.84447952 0.27942468
0.17087458 -0.03302356 -0.13515301
-0.8991535 0.92477324 0.08626474
0.43421034 0.25744542 -0.63641161
-0.66993835 -0.11463785 0.80821879
-0.17587285 -0.48867565 0.76529811
0.88356008 -0.91088078 0.11322695
0.39092081 0.43500961 -0.71750663
-0.10923498 0.91722365 -0.77649317
-0.70637318 0.42489367 0.39614615
-0.54438639 0.74557087 -0.04474587
0.75153986 -0.73854625 0.03289111
-0.70295367 0.08962043 0.63672041
0.68225641 -0.83064814 0.16726933
0.39260653 -0.22123318 -0.09537272
-0.20312667 0.61089184 -0.34356807
0.5621286 -0.60687362 0.27024637
0.79213513 0.33660674 -0.84794529
0.29720011 0.7316649 -0.98334384
0.7943882 0.38327995 -0.8061871
-0.30629561 -0.05599979 0.56547062
0.15634838 0.58041756 -0.70442313
-0.66970405 0.85421196 0.07309097
-0.62901819 0.1229022 0.65661436
-0.69295901 0.93658393 -0.07924706
0.86022479 -0.01028365 -0.79526746
-0.92890319 0.6792684 0.35797534
-0.29745378 -0.52729473 0.93244732
-0.46010836 0.61798897 -0.02834828
0.94688633 -0.97896632 0.14330318
-0.79012808 0.8555074 -0.04910943
0.26865397 -0.89558848 0.70450907
0.05533032 -0.80287052 0.75121468
-0.72108961 0.55074941 0.38002758
-0.21234746 -0.48640392 0.70861579
-0.23091363 -0.03590668 0.31461724
0.33038766 -0.58291133 0.36296398
-0.34373658 0.99234527 -0.6198226
-0.45210032 0.97103231 -0.38194868
0.27586887 0.58667732 -0.84267546
-0.21387 0.70314487 -0.41659181
0.95816948 -0.43821047 -0.46792294
0.67459765 -0.50562317 -0.15961367
0.59792258 -0.79616549 0.25317913
-0.61194147 0.77031617 -0.10727612
0.88225056 -0.86203634 0.03978719
0.09442713 0.54208315 -0.54491726
-0.41255081 0.08602705 0.44638187
-0.94743548 0.45269505 0.52598857
0.58650719 0.21672435 -0.62346205
-0.19128023 0.49713627 -0.19449886
0.02062306 -0.71589056 0.76803658
-0.86333527 0.17334049 0.98728511
0.13794384 -0.67496242 0.62485872
0.62687568 -0.46805457 -0.13786063
0.679641 -0.91788647 0.25119487
0.71057611 0.27416055 -0.86896569
-0.83724734 0.02977069 0.86708663
0.78699832 -0.96126159 0.41779093
0.85323008 -0.80066414 -0.04956595
-0.84286184 0.5139791 0.54931039
-0.67939721 0.63026595 0.06106075
0.27628179 -0.17442197 -0.04371015
0.72800042 0.12815078 -0.8430025
-0.49183039 0.30697479 0.33034736
-0.99200181 0.17908046 0.88276831
0.67206227 0.42693351 -0.95312521
0.25325431 0.31463001 -0.54852793
-0.3236078 0.01714354 0.31591228
0.23682118 0.88069179 -0.96596049
-0.75268624 0.40954147 0.3878919
-0.60814955 -0.03307374 0.85354625
-0.92348759 0.731383 0.2322284
-0.1459013 -0.58897474 0.75796858
-0.91396638 0.31309198 0.70412203
0.79592028 -0.23252658 -0.3961523
0.58511943 -0.38863722 -0.06892165
-0.75541113 0.90814503 -0.1281959
-0.77577562 0.07389036 0.80965578
0.04871792 0.51687964 -0.51485076
0.29219772 -0.74523241 0.49032306
-0.59173948 0.1166234 0.67202024
0.82290275 0.16470182 -0.70418507
0.47765602 -0.41377505 -0.05079958
0.5641764 -0.43274925 -0.06294938
0.35042924 -0.60147693 0.31346642
0.73910968 -0.23326486 -0.37582406
0.64981898 -0.17504184 -0.34369318
0.67104327 -0.68531222 0.08247948
0.6147002 0.00115633 -0.33097627
-0.44042786 0.27610265 0.28268175
-0.63218021 -0.20526239 0.96673803
-0.16837544 -0.30831853 0.4944811
-0.520877 0.60114444 0.21329273
-0.57071709 0.34599427 0.6755235
0.82487643 0.26016888 -0.98435422
-0.52100511 0.06012313 0.47995077
0.15723625 -0.80387517 0.85882728
-0.28651621 -0.52288564 0.93883252
-0.23467894 0.90638941 -0.54068358
-0.35605184 -0.23022316 0.67766304
-0.10171928 -0.64536611 0.76128649
0.8257868 -0.46712481 -0.06528786
-0.92834364 0.00814481 0.98348208
-0.34368706 -0.03349399 0.41808581
-0.97530971 0.54625051 0.90845456
0.61730991 0.15342108 -0.76286205
0.85600373 -0.0791688 -0.75010536
-0.27857808 0.30290312 0.00568212
-0.87133231 0.33750573 0.55498463
-0.91178726 0.70046373 0.29046991
0.38962564 0.26935828 -0.36299332
0.54189237 -0.79785481 0.34467242
0.16370986 0.42591538 -0.47265409
0.64726821 -0.69843665 0.10284797
0.02981976 0.50701798 -0.40666924
0.31771448 0.55966344 -0.77740008
-0.75156831 0.68261063 0.17954972
0.48175691 0.42213196 -0.89043378
0.43928714 0.13729851 -0.57194103
-0.99390475 0.79331691 0.37218381
-0.29686669 -0.51840965 0.87272952
-0.62317301 0.77796531 0.29797469
-0.37750924 0.62442634 -0.20874033
0.71808591 -0.80549 0.36743683
-0.17207818 0.994706 -0.73076694
0.86571436 0.00775318 -0.68501277
-0.97099341 0.84783479 0.35923085
0.36007669 -0.32346909 0.01445242
0.23583884 0.71358371 -0.93126636
0.58744649 -0.73808474 0.51652326
-0.98433254 0.11685886 0.94713422
0.23004119 0.86132154 -0.92407858
-0.65380727 0.73475915 -0.07439536
-0.60668149 0.0447117 0.74904961
0.94262811 0.0676777 -0.88297151
0.18040978 -0.67531339 0.56172682
-0.17241943 -0.50701518 0.68724039
-0.22497974 0.12547804 0.14850715
-0.92420923 0.50253565 0.7364894
0.39710129 0.45112329 -0.81851235
-0.06061226 -0.46025798 0.56905929
-0.43850175 0.49921652 0.12623943
-0.83045529 0.37774945 0.6076453
0.88878387 -0.09483644 -0.70713097
-0.33080085 0.08147567 0.29633867
-0.14857571 0.01368164 0.13886911
-0.69465204 0.6121393 0.18338811
0.19582506 0.59243049 -0.732314
-0.57658246 0.02757228 0.89118037
-0.59304501 0.78016059 -0.12120837
0.95164661 -0.98377163 0.09476604
0.49699695 -0.42309595 0.01716696
-0.67999384 0.74128862 0.12434674
0.1400984 -0.3191732 0.30678958
-0.53571709 0.6429854 0.00949088
0.15576381 0.74005997 -0.84340025
-0.36606097 0.17261342 0.22932691
0.71562732 0.22946571 -0.9399669
0.75378524 -0.54086507 -0.08620642
-0.97298687 0.11564596 0.92223412
-0.48243221 -0.32875941 0.88087582
-0.97036605 0.50363635 0.7377561
0.35742011 0.5154585 -0.6560341
0.97446478 -0.60212187 -0.09821502
-0.71367748 0.52914569 0.29465406
-0.9544547 0.1252345 0.92229365
0.8363192 -0.33675852 -0.3619536
0.18452742 0.29860618 -0.45249651
-0.26889165 -0.21571551 0.57932576
-0.29769859 -0.44751361 0.80979087
0.99849832 0.12500551 -0.90355732
0.88452002 0.18919118 -0.94498324
-0.07929343 -0.41829108 0.52060976
-0.27381235 0.62038213 -0.26084681
-0.72925289 -0.00154424 0.91227435
-0.58721356 -0.35969929 0.99224488
-0.13399709 0.63484858 -0.46702173
-0.32075367 0.9810823 -0.6482439
0.24317638 0.42420489 -0.66617269
-0.06968655 0.82567194 -0.74978703
-0.99531625 0.56585005 0.65892985
0.38451384 -0.31998682 -0.05949216
-0.61738082 0.90810047 -0.20751051
0.03913115 -0.79684958 0.81942579
-0.88865942 -0.01418778 0.96290294
-0.79618787 0.79663253 0.23706332
-0.84881159 0.47693453 0.43459787
0.52140026 -0.41892215 0.02181536
-0.91224968 0.85437095 0.12227499
0.11166823 0.76629834 -0.6741641
-0.3780327 -0.28922303 0.6839208
0.6835281 0.31869561 -0.89639491
0.46843647 -0.1253565 -0.25659464
-0.33955429 0.87422855 -0.45593844
0.41069457 -0.15604391 -0.2488127
0.00664279 0.85853307 -0.86213958
-0.78955977 0.02995826 0.80078884
-0.21017903 0.93146874 -0.34277865
0.87983985 -0.77545406 0.00427437
-0.44687716 0.85825619 -0.07444595
-0.63654865 0.15591281 0.55880196
0.54195294 -0.25669665 -0.12995449
-0.00907487 0.7735169 -0.7348328
0.97167426 -0.568347 -0.15933207
0.10810202 0.52038437 -0.55746263
-0.97822297 0.47789974 0.59892015
0.20566064 -0.76882884 0.62244107
-0.91129378 0.15652495 0.78724707
0.45389149 -0.76957235 0.33395698
0.56452317 0.07533549 -0.59336575
0.73676173 -0.00110532 -0.67194277
-0.53679949 0.35601038 0.3011644
-0.65933524 0.74816865 -0.07921166
-0.54405582 0.22140688 0.32922276
-0.28039782 0.16345104 0.17304228
0.4836778 -0.15242913 -0.31866545
-0.63328948 -0.02165679 0.90246482
0.1800063 0.99365181 -0.85465816
0.03273418 -0.61989637 0.69763339
-0.93038237 0.19084238 0.83410496
-0.83896504 0.59984248 0.53414723
0.66905042 -0.92769659 0.3074592
0.97347868 -0.20772732 -0.74726074
-0.91350111 0.591289 0.39470835
-0.51108389 0.92535857 -0.31902062
0.99549726 -0.94693018 0.013517
0.48628257 -0.69627844 0.30613684
-0.30562491 0.62146299 -0.2784013
-0.39178875 0.15700727 0.33072541
-0.99655064 0.97080715 0.27933538
-0.57378964 0.61139933 -0.02556984
-0.77510387 0.24230742 0.68011671
-0.76955962 0.93489832 -0.02500156
-0.28166054 -0.33845114 0.71616351
0.60453631 0.61805848 -0.9901226
0.50711302 0.03537659 -0.49280442
-0.79473071 0.96484403 0.10238377
0.2025442 0.27826284 -0.37015161
-0.19803517 -0.35398048 0.64860709
-0.85272553 0.6896288 0.21226166
-0.37560107 -0.16300208 0.79248574
-0.3711152 -0.4593452 0.86182884
0.26730004 0.1146373 -0.37618944
0.90428082 -0.86424744 0.00517158
-0.85401611 -0.0384612 0.91301266
0.01500009 0.84375304 -0.83332617
-0.40678838 -0.15694529 0.66611947
0.55634825 0.02451661 -0.51813169
-0.95350439 0.43723316 0.57576347
-0.51453849 0.03054664 0.55875548
0.3265911 -0.65337612 0.40717663
0.7580118 0.02633711 -0.63824685
-0.95930749 0.76942028 0.34124644
-0.62221964 0.04154604 0.66207074
-0.96160432 0.53889228 0.475981
-0.23479917 -0.50297162 0.93770012
0.652237 -0.44186743 0.05165154
0.4036673 -0.855203 0.90403472
-0.62613554 -0.12602981 0.86495691
0.94040381 -0.44429074 -0.2903551
-0.09749716 0.86310971 -0.62902485
0.42186755 0.51598322 -0.91932718
-0.9924902 0.23385214 0.77793681
-0.77163023 0.67671929 0.15742774
0.35696774 -0.7258472 0.41269925
-0.91695511 0.63421763 0.30253691
-0.74586631 0.45149181 0.39266029
-0.72702682 0.28297149 0.46665805
-0.11182226 -0.42556832 0.72405409
0.25838282 0.54042764 -0.78049125
0.8206444 0.24557014 -0.85353511
0.05440893 0.80110761 -0.55739439
-0.73887068 0.15123565 0.71865601
-0.91405981 0.79055851 0.29768759
0.72695824 -0.47243751 -0.25420915
-0.42519589 0.74545336 -0.28663558
0.76966055 -0.45872624 -0.22474432
-0.49167818 0.88912281 -0.35726074
-0.61400671 -0.11307382 0.94502773
-0.36784644 0.413588 0.01225068
0.57750593 0.43150271 -0.86156082
-0.82226517 0.05599788 0.89258108
0.3201578 -0.48424731 0.2920548
0.96918127 -0.26000914 -0.37243593
-0.79098952 -0.06951597 0.88817746
0.23374378 0.92168431 -0.86589972
0.45269589 -0.39927567 -0.01322474
-0.39356242 0.89847376 -0.40039762
0.8602112 -0.83164345 0.10500468
0.4432961 0.41871718 -0.81927398
0.74658459 -0.95461322 0.64917113
0.1839245 0.41793536 -0.56096154
0.28272385 0.59234624 -0.66571899
0.81908815 -0.58510856 -0.23281189
0.06392936 0.4412043 -0.4139501
0.82412953 -0.5227517 -0.12502318
0.02885012 -0.42792303 0.46008913
-0.31104156 -0.23761266 0.62036675
-0.57732334 -0.0510961 0.65912243
-0.58423895 -0.07975516 0.98888415
0.55932311 0.43747447 -0.65077443
0.15361676 -0.73732364 0.77670974
0.00096872 0.73371229 -0.70333722
-0.96135439 0.24914596 0.7428205
-0.51187695 -0.13436765 0.77699289
-0.55169626 -0.03901094 0.66481897
-1.30822731e-04 -6.23580335e-01 7.59571102e-01
-0.87744559 0.43741707 0.46437612
0.9229498 -0.37673523 -0.50848338
-0.83856684 0.8985781 0.3142086
-0.37282217 0.35507019 0.11337717
0.59834946 0.03818257 -0.62772341
0.06816176 -0.08334676 0.02101713
0.85037611 -0.99047428 0.46602723
0.36728469 -0.23195886 -0.11127915
-0.55978612 0.76997636 0.15416099
0.51492038 0.20288518 -0.63946371
-0.76608716 0.78104761 0.03895964
0.13970068 -0.18429882 0.07985919
-0.86546219 0.30013926 0.61669791
0.70597293 0.32424098 -0.84567971
-0.56670665 0.45092036 0.12452623
-0.03788795 0.92699229 -0.65528556
0.58750367 -0.91128322 0.44205743
0.56882459 0.16803709 -0.72362333
0.7274425 -0.95357468 0.54666362
0.70897744 -0.9173618 0.42945302
-0.23330538 0.56377759 -0.22124534
0.52214226 -0.89796958 0.60971866
0.48736084 0.03528903 -0.49097228
-0.83677015 0.59993122 0.27176921
0.2676207 -0.23715097 0.05448678
-0.09446018 0.59751357 -0.37668778
-0.91696896 0.43558319 0.50985451
-0.41471033 -0.1527086 0.58752807
-0.05773564 0.87965193 -0.72632555
0.58172996 0.46923704 -0.96614713
0.58169706 0.18340213 -0.60383424
0.81964241 0.31833213 -0.93549665
0.07739178 -0.33320922 0.30565334
-0.50574853 -0.21074544 0.85585689
-0.11221444 -0.37765512 0.68411823
-0.35421531 -0.07407526 0.43592402
0.66819788 -0.84591428 0.65845348
0.73678695 0.0972278 -0.74547173
-0.05385076 -0.51132183 0.63063758
0.13918799 0.51249065 -0.51754685
0.59496173 -0.007654 -0.53612403
0.87160141 0.09843562 -0.95677956
-0.0901334 0.44155363 -0.35089947
0.15932235 -0.74425434 0.60738328
-0.80078072 0.87261817 0.07533296
-0.89755677 0.45141404 0.61877573
0.34353138 -0.78132611 0.66047992
-0.41441328 0.34854712 0.11496314
-0.83610762 0.63047144 0.28385014
-0.81163646 0.89180534 -0.05341967
-0.72858882 0.35507539 0.39254895
0.51016245 -0.93082242 0.63182251
0.57321021 0.59185953 -0.83234171
-0.47272469 -0.18022907 0.70487626
0.99983049 -0.38078278 -0.59649208
-0.73497913 0.6212774 0.16812654
0.57357569 -0.89678372 0.44327177
0.39701059 -0.53787427 0.24720266
-0.6365835 0.94085376 -0.05941336
0.36269241 -0.10581055 -0.2087109
0.08050003 -0.88756433 0.90703657
-0.04513583 -0.7428587 0.946263
-0.73811317 0.64849495 0.4487775
-0.92664209 0.24985246 0.76049559
0.74720906 0.20149942 -0.70319094
-0.99233451 0.94960046 0.12559431
0.27572462 -0.47868543 0.2288028
-0.5367709 -0.18677356 0.90538263
0.58249375 0.11910307 -0.48579681
0.01231552 0.31756475 -0.3051414
-0.05975435 -0.7012011 0.8779963
-0.38573046 0.02032919 0.41511206
0.4132313 0.26531111 -0.57768275
0.70278027 -0.38355391 -0.30766042
0.71588097 -0.51288938 -0.13546965
0.03734775 0.96029925 -0.9304687
0.40494431 0.7530305 -0.98253158
0.36996125 0.67036741 -0.96208243
0.08379671 -0.42832951 0.3632629
-0.52773241 0.52639749 0.17539314
0.51947665 0.32566858 -0.83699731
-0.55449326 -0.21541645 0.77791886
0.15723102 0.44504741 -0.53255316
0.90913174 -0.45198602 -0.25848253
0.08913735 0.34853063 -0.37519749
-0.19864323 -0.01395452 0.27970078
-0.62130803 -0.19788867 0.94179465
-0.78803684 0.19336468 0.703107
-0.00631723 0.81055309 -0.6376418
-0.36288847 0.49301602 -0.10611629
-0.79129774 0.2347992 0.71373038
0.26025099 -0.80875546 0.55558026
-0.38690014 0.68895491 -0.02846957
-0.99601942 0.20467541 0.94582063
0.7494212 -0.34173322 -0.34962833
0.80913962 0.22247928 -0.96545182
-0.03161473 -0.33668509 0.3967014
-0.40061365 0.6978525 -0.28911147
0.52424172 -0.4954784 0.01528367
-0.75716295 0.82987328 0.1386755
0.65240479 0.32229373 -0.7926516
0.56477082 -0.25558211 -0.25247036
0.25191265 0.96910271 -0.83474065
-0.49415669 -0.42427513 0.99648408
-0.29020293 -0.59859177 0.89874846
0.27208849 0.41000336 -0.5871608
0.42187469 -0.51793184 0.13238916
-0.0998517 -0.64235284 0.90599735
-0.44337106 0.26856164 0.21677288
-0.43834102 0.95854842 -0.38968558
-0.82575255 0.93999885 -0.10347989
0.16009416 0.47410416 -0.53549993
0.16334284 -0.42168762 0.27100333
0.51746265 -0.07727053 -0.42724704
-0.58351183 0.86236622 -0.00737741
0.99010956 -0.78941174 -0.06027058
-0.03913051 -0.40672873 0.46017523
0.74004562 -0.2681019 -0.45209812
0.24864899 0.64964076 -0.87972247
-0.87464517 0.32201857 0.55424711
0.4724809 -0.97551313 0.68273235
-0.61323163 0.62223069 0.01511765
0.19389255 -0.51740936 0.61058706
-0.5092456 0.26056562 0.28287786
-0.46735491 0.47597721 0.18134802
0.33540908 0.37926635 -0.6948754
0.32283454 0.58651222 -0.85140144
0.18899825 -0.60445648 0.47721669
-0.5051431 0.97687968 -0.46574394
0.09604426 0.53850247 -0.56260236
0.89507814 0.12803967 -0.75520459
0.85141991 -0.01984573 -0.78125189
-0.1129205 -0.59270039 0.78028823
-0.57376084 0.93311888 -0.17106998
0.45039887 0.68494894 -0.70686796
-0.67574894 0.90455887 -0.19604991
0.98486783 0.01787691 -0.57414701
-0.43214442 0.49459663 0.00669052
-0.46785566 0.94228233 -0.44997468
-0.47436507 -0.09999512 0.72075069
-0.46114606 -0.19856005 0.89590653
0.16772221 0.01985087 -0.18233634
-0.28875925 0.57099903 -0.24305807
0.7516245 0.12258982 -0.86703685
0.94605671 -0.12797021 -0.74578591
-0.07748959 0.8625262 -0.76580784
0.15544336 0.65350316 -0.71525172
-0.30668055 -0.09295834 0.43884481
-0.26661171 -0.21547757 0.50401701
0.10352432 0.98621333 -0.90745615
0.16345685 -0.84714265 0.77778262
0.91584962 -0.49808857 -0.35822728
0.33882238 0.84281872 -0.92159699
0.76774903 0.1989774 -0.88802849
0.08405524 0.23860468 -0.24063534
0.26883253 -0.91482578 0.75309054
0.52620647 -0.61933087 0.29310672
0.31673733 -0.61668016 0.3146833
0.84887634 0.14298191 -0.68171387
-0.39545011 0.99439439 -0.51071775
-0.49476111 -0.16386437 0.65989269
0.29468186 -0.07397695 -0.13252456
-0.55726563 0.31791449 0.24579198
-0.17312952 0.88664271 -0.70234027
-0.18776184 -0.36160105 0.58491548
-0.79482482 0.72389345 0.10431601
-0.56032732 -0.280625 0.98128058
-0.72931782 0.84662784 0.11720593
0.80302269 -0.48357363 -0.26562996
-0.75502923 0.66960809 0.16296795
-0.262941 0.7941209 -0.49037003
-0.7944676 0.07486992 0.83868361
-0.84785183 0.39901945 0.72807333
-0.36989893 -0.3611786 0.810014
0.5422804 -0.20627479 -0.31165144
0.30647162 -0.63499176 0.34313081
-0.53797683 0.08959589 0.50392461
0.10978166 -0.80381836 0.77452525
0.84699175 0.17072478 -0.93521567
0.45243405 -0.88938639 0.46404836
0.02924504 -0.60088527 0.60167627
0.23886558 -0.290664 0.12061571
-0.71566411 0.23000751 0.58164948
0.12872457 -0.69139076 0.62043465
0.10160451 0.56438298 -0.58769959
-0.81032682 0.69843529 0.37034306
-0.59616532 0.98769027 -0.22433023
-0.55270817 0.74277171 0.17332668
-0.9663647 0.90538243 0.09703573
-0.28371706 0.11176135 0.17509447
-0.84042535 0.46275505 0.48776516
0.98813673 -0.33798503 -0.53687572
0.91417359 0.25847284 -0.96362729
0.47794044 0.46189576 -0.85415017
-0.83581998 0.37128265 0.59776512
0.84281472 -0.54021811 -0.19720704
0.59198353 -0.4334106 0.05064427
0.34606808 -0.83182713 0.76927054
0.10953323 -0.43957325 0.40566381
0.34369865 -0.59719484 0.31491364
0.83077032 0.29405035 -0.9742346
-0.53849991 0.16436219 0.71151218
-0.68003851 0.76707427 0.21221703
0.56201631 0.4019329 -0.95549358
0.58450736 0.66611789 -0.96667896
-0.61902448 0.59799858 0.11195222
0.06648965 0.59094071 -0.59706169
-0.28867458 0.59884266 -0.1756838
0.77650633 0.13089137 -0.89046154
0.17113614 -0.15989799 0.00453793
0.41026235 -0.3834992 0.21938499
-0.66000954 0.86425118 -0.18337244
-0.19013699 0.72834481 -0.52459016
-0.98896987 0.81536117 0.22691832
0.93764053 -0.03837196 -0.75437569
-0.37590078 -0.16150242 0.63394837
0.52773403 -0.15438938 -0.2722072
-0.62271844 0.27084866 0.48564185
-0.80647093 0.84172707 0.05420198
0.60849067 -0.61719262 0.04207975
-0.73032316 0.83709939 -0.05741608
-0.13712854 0.93040583 -0.73722638
0.350625 -0.72324945 0.37307946
0.15950414 -0.80599279 0.97393404
0.79776402 -0.05381177 -0.67880399
-0.19637621 0.69062287 -0.43991142
-0.1614015 -0.55232637 0.9537512
-0.53396225 -0.30060292 0.88967406
-0.26133182 0.45894164 -0.14094318
-0.06683962 0.64925225 -0.54079669
-0.92763272 0.42193729 0.54887109
-0.4335609 -0.37100284 0.80947645
0.78915068 -0.96144264 0.65524189
0.78385868 -0.81928677 0.20029712
0.70812355 -0.73900498 0.14514589
0.60752744 0.29302736 -0.89998654
-0.72300166 0.04238045 0.83161826
0.2979641 -0.0945626 -0.15744669
0.37324716 -0.12243158 -0.22980307
-0.0255554 -0.62355302 0.76334089
0.11626357 -0.96760716 0.88276915
0.83696465 -0.46479999 -0.34896844
0.82940035 -0.14912891 -0.48963262
-0.11146847 0.9451851 -0.68213144
0.3080922 0.42964523 -0.70639688
-0.57616555 0.70719368 0.01253896
7.93552912e-05 -3.92784300e-01 4.79224423e-01
0.75133901 -0.95403136 0.51295267
0.18979245 -0.42987045 0.2703517
0.27790285 -0.82287826 0.67810683
0.79602034 -0.75533717 -0.03199206
0.52852325 -0.98398313 0.46543173
0.62495203 -0.42468791 -0.11993862
0.94886833 -0.1149685 -0.59493742
-0.60300592 -0.08311739 0.89396907
0.64623636 -0.02639905 -0.49347615
0.71021045 -0.06439357 -0.38858965
-0.64862537 0.71529366 0.16746402
-0.37553285 0.57929085 -0.07876476
-0.16502959 -0.15875432 0.37804495
-0.03428428 0.95045762 -0.81933539
0.65677705 -0.36543002 -0.26372765
0.42648182 0.471421 -0.81986787
0.30583347 0.80033114 -0.78999183
-0.72039755 0.07315703 0.66105625
0.38081007 -0.46357958 0.19035499
-0.40939074 0.84481699 -0.34361309
0.82458881 -0.20289483 -0.49864844
0.32235304 -0.62661029 0.3959004
-0.68788103 0.82348911 -0.01866898
-0.55241373 0.86796243 -0.31387299
-0.37764047 0.89138783 -0.4000647
-0.75194563 0.07490846 0.67960523
-0.1202763 0.59218696 -0.39377617
0.89566202 -0.15402014 -0.61357435
0.67350551 -0.70046811 0.29110357
0.21201144 -0.88127364 0.84187345
-0.89260348 0.029449 0.93622408
-0.66855991 -0.19637354 0.96008275
-0.48469966 -0.0436823 0.55154233
0.2810791 -0.59760907 0.35567556
0.6567116 -0.49128819 -0.06819091
0.94743939 -0.57580087 -0.14430481
-0.01835906 0.89907495 -0.78522623
0.56579995 -0.02860129 -0.5239629
0.11044991 -0.22751801 0.17468788
-0.72370302 0.52281767 0.26276566
-0.05787871 0.74751956 -0.54269417
0.93429772 -0.40030271 -0.42266619
0.71384681 -0.03071618 -0.68299469
-0.02468359 0.89395027 -0.76151587
-0.89820733 0.56470854 0.59435498
-0.54950222 0.7993704 -0.15090085
-6.55423219e-01 5.43743603e-04 6.99878944e-01
0.30396415 -0.6451524 0.41499712
0.23922705 -0.96792588 0.92872212
-0.10533865 -0.68367496 0.8070944
0.66865262 -0.11150578 -0.51417974
0.96602321 -0.48642541 -0.39055219
-0.70574862 0.76674023 -0.02986579
-0.13894779 -0.66944938 0.82417442
-0.63015831 0.90961498 -0.06284057
-0.24003016 -0.30376828 0.69737198
-0.63180373 0.65159255 0.01665359
-0.18733875 -0.11420284 0.33759356
0.86130172 -0.71445322 0.32509942
0.17441897 -0.14306232 -0.01518364
-0.64486207 -0.0485263 0.7616896
0.40296138 0.34952656 -0.74205054
-0.29987391 0.46795746 -0.116757
-0.41759334 -0.29007329 0.84754962
-0.0676901 -0.64305171 0.80066047
0.8608581 -0.36371112 -0.48626536
0.07198783 0.54796293 -0.59586023
-4.56364627e-01 4.59995834e-01 -8.77224899e-07
-0.71103531 0.15907391 0.56201663
0.17724045 -0.39253814 0.21577729
-0.40053407 0.15063374 0.28747142
0.27077207 0.742688 -0.85721374
-0.93896574 0.58518089 0.36847408
0.61721186 -0.31292957 -0.30072707
-0.17513 0.64866685 -0.41242009
-0.91475903 0.58194896 0.42570028
-0.30443105 0.10114681 0.28753659
-0.81549942 0.32771145 0.63209729
-0.31839514 0.86161614 -0.42785803
0.14308313 0.42569749 -0.54522435
0.75722235 -0.77200211 0.04824652
0.40613634 0.63637466 -0.80375537
-0.73821857 0.71982749 0.20387091
0.71103786 -0.79213156 0.10612262
-0.22002644 0.86556226 -0.4663621
-0.6513967 0.75747066 0.00268029
0.36986464 -0.93499963 0.5872465
0.69351643 -0.87443975 0.35139404
-0.72512071 -0.04074216 0.81561772
-0.13060607 0.77498697 -0.63682668
-0.05253977 0.55197531 -0.43266234
0.94689792 -0.29027643 -0.62018295
-0.44403132 0.99943546 -0.5332293
0.90349986 -0.51322897 -0.38300081
-0.58006045 -0.08523761 0.70354394
0.80782996 0.01259936 -0.68951722
0.98159633 -0.78074915 -0.11777082
0.25617024 -0.72312892 0.61937268
0.95205964 0.05305158 -0.99639589
0.87586426 0.06784331 -0.86869267
-0.32892581 0.88155937 -0.52543846
0.39538502 -0.50736762 0.15011649
0.43548005 0.01562538 -0.43835764
-0.91404135 0.86563371 0.09644235
-0.94146496 0.18380746 0.79816311
0.60546986 0.18994263 -0.65101487
0.08223057 0.76172471 -0.70985012
-0.61466879 0.26286926 0.40167468
0.65823104 0.07570198 -0.72602364
0.17191945 -0.78615726 0.73738684
0.12247152 -0.43028406 0.45726724
0.06844894 -0.53597347 0.48458889
-0.99042013 0.5292347 0.4823865
0.66201646 0.01544007 -0.63907558
0.07252716 0.00844912 -0.08097305
-0.81746934 0.40009648 0.53194751
0.7374379 -0.79667416 0.41050059
0.89204623 -0.0482608 -0.77388619
0.46440223 -0.48542427 0.12576024
0.87644268 -0.59933767 -0.19098498
-0.54533286 0.52985155 0.16649627
-0.73139525 -0.23026277 0.99136297
0.72946271 -0.44741968 -0.27891491
0.29295053 0.66237761 -0.68278377
0.3057795 0.608411 -0.7576633
0.45685307 -0.70886314 0.33483455
0.91056382 -0.50346959 -0.38796539
0.06883691 0.5273201 -0.47489417
0.56448882 -0.96784234 0.67161987
0.52085279 -0.85440188 0.57969831
-0.14362041 0.90196066 -0.63465819
0.90887975 -0.65505024 -0.16379369
-0.44662527 0.98433431 -0.34015068
0.80564745 0.17632353 -0.96534466
0.11897804 -0.82172212 0.85466205
0.67831867 -0.9088066 0.34024674
-0.81536396 0.85406107 -0.01085801
0.3932392 0.94326592 -0.95795493
0.54784491 0.12137332 -0.58950445
0.97071661 -0.67892239 -0.28091119
-0.89241815 0.52571244 0.70842567
0.99117037 -0.61922348 -0.34666338
-0.08200193 0.21814215 -0.10211356
0.9715105 -0.96213711 0.34344238
-0.60690164 0.08502199 0.5515046
-0.01802399 -0.50043065 0.57302648
-0.20347306 -0.34487124 0.90372188
-0.62353792 -0.00388478 0.67753971
0.59013001 -0.42356568 0.1399539
0.830612 -0.84859408 0.03147187
0.96507424 -0.07936282 -0.61297922
0.41725534 0.62938125 -0.94714496
-0.46666686 0.84034415 -0.29070416
0.84387004 0.38512229 -0.9446984
-0.87640997 0.29904439 0.72706875
0.94490645 -0.07899897 -0.65751172
-0.79439259 -0.01103782 0.89505759
-0.18500534 0.546853 -0.32321548
-0.86566635 0.23202651 0.66143867
0.15919019 0.92750371 -0.90676003
-0.65587499 -0.22947328 0.89096482
0.71461044 -0.45461624 -0.25573819
-0.96678823 0.96590536 0.06559624
0.4590205 0.48862214 -0.87124864
0.68820001 -0.74201548 0.21241186
0.37928783 0.34186549 -0.56668305
-0.0600191 -0.35970896 0.46250447
-0.68773448 -0.19307346 0.95935012
-0.99778055 0.58308469 0.4401162
-0.12555882 0.65319483 -0.51808017
-0.31723966 -0.11051868 0.51433489
0.479475 -0.50048954 0.25134575
-0.78044244 0.79962375 0.11952068
0.00092339 -0.29483483 0.47554106
-0.69624051 -0.02725445 0.90731857
-0.37957623 -0.21421586 0.70534577
0.07289651 -0.72963613 0.88178935
-0.81632755 0.00831692 0.84529698
0.02738711 -0.66239664 0.64865853
0.68614931 -0.66842999 0.1592702
-0.55141921 0.77490813 -0.19631027
-0.17203362 -0.51475527 0.72310173
-0.47781173 0.93107149 -0.39169421
-0.75915129 0.73746343 0.04592889
0.33017185 -0.87262805 0.66109189
0.84185625 -0.67868505 0.09897096
0.87616092 -0.19259743 -0.63780023
-0.74507628 0.07138445 0.71552335
0.8135487 -0.07903736 -0.7014058
0.30595803 -0.96753489 0.78219815
-0.08432437 -0.75075179 0.91404429
-0.52308806 0.85829744 -0.18649371
-0.97354299 0.78323063 0.28123569
-0.06605731 0.82399329 -0.62920647
0.63062959 -0.66001163 0.17160934
0.69754682 -0.14043017 -0.45216819
-0.78673431 0.75188573 0.07614126
-0.36844264 0.9263816 -0.54830964
-0.95073144 0.70821588 0.31216036
0.23614665 -0.80476029 0.58503292
-0.72197029 0.93727048 -0.2142288
-0.96938037 0.78005603 0.8074494
0.58140638 0.34113875 -0.83951235
-0.91146835 0.06268718 0.87346655
-0.32210166 0.06116001 0.40053819
0.67237271 -0.21145634 -0.35092193
0.1394861 0.96222093 -0.80988083
0.61484788 -0.29860634 -0.13551094
-0.32074579 -0.13926069 0.51362795
0.65773008 -0.71366343 0.44356448
-0.9379155 0.11647637 0.92429082
-0.39464478 0.95939508 -0.36538073
-0.98526587 0.51341735 0.52119788
-0.91885585 0.60112837 0.72104165
-0.06140996 0.72130417 -0.54478235
-0.60633501 -0.26371012 0.91590502
0.89004035 0.11101164 -0.95168001
0.15856963 -0.51515437 0.41301893
0.57123 0.12432699 -0.692401
-0.9243175 0.4330129 0.57537251
-0.83132446 0.25900921 0.5725473
0.44499943 0.17682749 -0.60857386
0.45117745 -0.08396779 -0.35084074
0.21757854 -0.99090759 0.85545736
0.47350842 0.15853484 -0.51337603
-0.34016224 0.78393051 -0.28613704
-0.61166017 0.63950725 0.17998034
0.67879673 -0.70486212 0.06811407
0.1632695 0.61526371 -0.73590401
0.60695067 -0.59009751 -0.01196707
0.76289567 0.31625083 -0.95054322
-0.26007568 -0.06211659 0.35878297
0.69073141 -0.57913937 0.12064845
0.22367633 0.41897813 -0.61303461
0.66532236 -0.5723186 0.00585127
-0.13578031 0.6580677 -0.32335364
0.63750171 -0.71100534 0.39475315
0.63222703 -0.36754721 -0.17837177
0.54830227 0.23535282 -0.65326106
-0.61007834 0.45431603 0.44734476
-0.45275784 0.63164442 -0.17679029
-0.85789374 0.89549055 0.13050018
0.06536023 0.26611208 -0.32729422
-0.6049399 0.22599395 0.6837621
-0.31845311 -0.39154704 0.81004258
-0.69573888 -0.17391732 0.94104264
-0.61277539 0.24379155 0.47098039
0.08418748 0.97537384 -0.99515271
0.29502839 -0.42501588 0.13178725
0.38914986 0.46268076 -0.80898672
-0.77483188 0.32847212 0.55542115
-0.39549223 0.63334464 -0.00722965
-0.64329262 0.08356346 0.60340776
-0.28233091 -0.64380923 0.95857613
-0.49239426 -0.2227937 0.82133466
0.72033326 0.16310183 -0.76681816
0.75453622 -0.73904315 0.3843383
-0.79542339 0.32627702 0.52484051
0.72724842 -0.62286189 -0.08380314
-0.95508161 0.26524787 0.91068454
-0.68677404 0.00817613 0.82112844
-0.137049 0.97831006 -0.78737567
-0.22935032 -0.22387888 0.49971671
0.10763416 0.69783955 -0.76099328
-0.67612427 0.9717196 -0.15256818
0.20971651 0.96842076 -0.81001304
0.39263892 -0.31683867 -0.04010658
-0.98445509 0.3618626 0.65457004
-0.51674524 -0.1249663 0.74365324
0.1685182 -0.79641777 0.6707845
-0.82622971 0.10727092 0.81646239
0.58874838 -0.89253875 0.33578276
-0.75459624 0.04921475 0.97587353
-0.50738791 -0.20812095 0.72355242
0.23228295 0.89398069 -0.76335837
-0.93987118 0.86030238 0.1475827
0.08294666 0.33682929 -0.41709791
0.6150689 0.13120927 -0.7047405
0.55547567 0.10896959 -0.64774751
-0.99663516 0.95885248 0.0478926
0.83213252 0.18398759 -0.87001155
0.88437093 0.17919836 -0.9165222
-0.13460005 -0.27456912 0.43198009
0.50090416 0.52057243 -0.92891832
-0.22835656 0.77723995 -0.50335542
0.56154567 0.14196554 -0.54305616
-0.62372317 0.83276651 0.00735403
-0.10867009 -0.60588405 0.80565069
-0.2122127 0.87160188 -0.6329405
0.3343324 -0.65174464 0.35692591
0.58182748 0.05653797 -0.37977233
0.75063655 -0.61418901 -0.11620521
-0.44245115 0.04890121 0.419451
1.50958337e-04 -7.18367377e-01 8.22986459e-01
0.05296225 0.57127352 -0.53202431
0.06744345 0.17100689 -0.19670463
0.20685629 -0.7602007 0.7401149
-0.114155 0.91374086 -0.68258179
0.65796833 0.00534557 -0.5264278
0.51503069 0.19892911 -0.70246
0.56056041 0.36786203 -0.79906028
-0.51836524 0.5746247 0.03736135
0.15514072 -0.50574444 0.4397995
0.65987285 -0.4481636 -0.11946671
-0.66421817 0.0203191 0.71940731
0.75515358 -0.25877461 -0.3264614
-0.07136912 -0.6179094 0.73649516
-0.49264344 -0.26870175 0.80679247
0.16361695 0.77244024 -0.89822404
-0.21938846 -0.61123326 0.93838863
0.30135824 0.63238464 -0.72740277
0.67834351 -0.02353883 -0.60589477
0.33724053 -0.7824887 0.46146963
-0.38500855 0.09086504 0.45471624
0.57167159 0.42846822 -0.98021882
0.49750053 -0.42009498 -0.03603598
-0.36483985 -0.09652795 0.47567171
-0.10308873 -0.47740174 0.75449897
0.93661714 -0.63221396 -0.27570707
0.69294045 -0.43576884 -0.23153222
-0.09467129 -0.2857816 0.56486691
-0.41242305 0.90414561 -0.34943827
0.35658349 -0.71434389 0.42361269
0.95715148 -0.81623405 0.01106088
-0.80271572 0.99892443 -0.03156499
0.43713028 -0.53337043 0.17605802
-0.77968831 0.48935167 0.42136651
-0.73680557 -0.13629237 0.88484401
-0.95989282 0.19311227 0.78386534
0.87159273 -0.95643148 0.14847854
0.80659989 -0.79478742 0.02609328
0.97109721 -0.79737518 0.07618266
0.55314424 -0.20474488 -0.31516673
0.55939036 -0.87594586 0.8693817
0.15111381 -0.26102634 0.11083366
-0.41179605 -0.46373921 0.94048475
-0.34464585 0.80815713 -0.28153357
-0.05573615 -0.47174778 0.58108817
-0.3765533 -0.12846305 0.55113919
0.5825619 -0.35486657 -0.04134311
0.78726895 -0.27763378 -0.26559828
-0.89696658 0.75048672 0.27857606
-0.39050352 0.02452724 0.46404604
0.64862162 -0.68848115 0.16393726
0.52365157 -0.09846526 -0.36313123
-0.02828488 -0.59880685 0.70795899
0.59940446 -0.03688218 -0.54796309
0.68406561 0.32039966 -0.95514913
0.13862228 -0.89858314 0.87137275
0.69392851 -0.14727966 -0.43801787
-0.10461199 -0.13280881 0.31458998
0.45758804 -0.45875009 0.19992119
0.66956972 -0.10797906 -0.54696634
-0.04926242 -0.60605581 0.76239624
0.98173686 -0.0966375 -0.81717815
-0.74159613 0.64174674 0.23877327
0.16362219 -0.58797094 0.43554712
-0.83822082 -0.03583329 0.97737583
0.30264788 -0.56280106 0.28300032
-0.62559007 0.9795122 -0.27133385
-0.77006849 0.04254975 0.76015363
-0.39941064 0.79832684 -0.33614409
0.94139392 0.26524007 -0.94868569
-0.40115154 -0.56321028 0.9811578
0.33440314 -0.07077184 -0.23288877
-0.26050512 0.08427064 0.25406322
-0.55476766 -0.15420317 0.74285452
-0.73931019 0.10629484 0.80923906
0.04906474 -0.77972122 0.93042773
-0.36410634 -0.31527592 0.73266676
-0.77408174 0.44931488 0.34913569
0.46469199 -0.8131874 0.36674695
-0.96618945 0.94612475 0.29678322
-0.27662729 -0.38717434 0.68485472
-0.81892122 0.76538699 0.17229833
-0.30827701 0.86476962 -0.13167766
0.7980184 -0.96340069 0.2651046
0.21746573 0.69140159 -0.73714597
-0.49766926 -0.3274765 0.93857198
0.68178799 -0.95563099 0.57569632
-0.81416481 0.10596093 0.90452942
0.47857977 0.41747871 -0.85199376
0.82465374 -0.79941526 0.04296499
0.77753117 -0.71345411 0.08408714
-0.59415701 -0.33232505 0.95679897
0.69296791 0.1385565 -0.71915565
-0.31033281 0.01472067 0.40153594
-0.95737015 0.89954108 0.06178864
-0.46372676 0.44482887 0.05253987
-0.06457933 -0.26552517 0.36872227
0.34793597 0.31097065 -0.48725943
-0.71925747 0.44811331 0.39777281
-0.87692597 0.70217915 0.29547509
0.10484802 -0.26820673 0.18171948
-0.9994854 0.09735853 0.90968878
0.83585088 -0.26830152 -0.56582243
0.62382768 0.40356388 -0.84887526
-0.27127124 -0.18381329 0.58160179
0.77270202 -0.01886985 -0.65424838
0.97412639 -0.17635 -0.72686044
0.65602617 0.35645817 -0.83528362
-0.59085582 0.55052946 0.05165113
-0.73763902 0.10539171 0.65475602
-0.38847654 0.10974666 0.36836008
0.72237301 -0.50665433 -0.20997123
-0.1561053 0.87847237 -0.66724481
0.36875023 0.80816659 -0.91365278
0.84674119 -0.71747766 0.18249969
-0.76769851 0.23370523 0.57910532
-0.25244862 0.93290586 -0.60876827
-0.40162346 -0.32419837 0.74969537
-0.53253562 0.09234272 0.46077793
0.12553432 0.93123771 -0.89344179
0.5073049 -0.85356117 0.49336053
0.68494258 -0.38711694 -0.2577267
0.10159018 -0.32907977 0.23132991
0.18374386 0.63535755 -0.79316032
0.29966559 -0.34427111 0.06310109
0.29687674 -0.31783184 0.02274914
-0.47410845 -0.23330382 0.90471045
0.81053725 -0.94789959 0.18283946
0.63141958 -0.98109796 0.58197644
0.50492562 0.62976024 -0.9827019
-0.22709854 0.80797266 -0.50182068
-0.45285562 0.31952001 0.15983268
-0.77927516 0.11249621 0.80320827
0.27503442 0.03666135 -0.21108212
0.95918682 -0.4220272 -0.45546868
-0.41738892 0.87272377 -0.00484297
-0.11484912 -0.3950222 0.51686541
0.35301491 0.39363677 -0.72072456
-0.3895534 -0.25239305 0.70164962
-0.55437175 0.88196576 -0.16202411
0.82162343 0.35166534 -0.87243723
0.49214179 0.20438328 -0.65524601
0.67614278 0.34133567 -0.6876621
0.87942695 -0.83014479 -0.01293356
-0.23396355 0.13221402 0.23640776
0.23434175 -0.90738719 0.69395872
0.75420058 -0.64153623 -0.09022974
-0.79574845 0.92923306 0.00175684
0.03202944 -0.67265003 0.71765908
0.52220584 0.36601025 -0.76658106
0.6688774 -0.11749364 -0.48893768
0.37763986 -0.63486262 0.36456177
-0.85166208 0.37742747 0.71707165
0.65055116 -0.04174008 -0.45155796
0.75122229 -0.50784175 -0.09785535
0.36499879 0.99300912 -0.83566273
0.50002441 -0.06736556 -0.42687634
0.17239903 -0.54328842 0.39189366
0.58395841 -0.91348789 0.39511531
0.90796877 -0.18607331 -0.46425995
0.21311089 -0.06454771 -0.08762561
-0.88500871 0.9201601 -0.03029853
-0.29525491 -0.3669772 0.67946235
-0.21264186 0.2937721 0.00442844
-0.58402011 0.38851307 0.37417038
0.85845637 -0.50211377 -0.21737502
0.73763152 -0.21408316 -0.49905458
0.4042012 -0.83879506 0.50657552
0.1771931 0.97995939 -0.95441744
-0.69124113 0.21070912 0.49906397
0.73844712 -0.1668571 -0.53725095
-0.50319155 0.75117359 -0.1786711
0.64858997 -0.18669535 -0.39134374
-0.80441951 0.5667646 0.24215042
-0.69790581 0.59256391 0.16557271
0.30628237 0.70561751 -0.95039977
-0.50246247 0.91938012 -0.192816
-0.3245994 0.9902139 -0.56977741
0.82367425 -0.0499435 -0.54052189
-0.08947924 -0.39552624 0.54545798
0.65816498 -0.6212916 0.0068653
0.44411275 -0.95801884 0.59104895
-0.86461706 0.85161992 0.12247074
0.78200712 -0.01967577 -0.72411241
0.11026036 -0.49747239 0.44291654
-0.90670236 0.48129494 0.55258153
0.96587165 -0.64390724 -0.23519051
0.68458268 -0.22420877 -0.43973827
0.60878507 -0.9822522 0.50943326
-0.72690857 0.3785089 0.51058107
0.79676498 -0.6142927 -0.0755513
-0.99664403 0.7252729 0.50729876
0.19611934 0.33475024 -0.48170606
0.08940711 0.13484115 -0.21937619
0.18631477 0.20680243 -0.37428407
-0.80734564 0.95814095 -0.09644574
-0.93173636 0.74508868 0.27640425
0.38215031 -0.93360207 0.59936727
-0.85153275 0.99221984 0.00589501
0.4791112 0.52280827 -0.84319812
0.46433132 0.60014254 -0.99409254
0.21349618 -0.95736103 0.77700407
-0.55956012 0.78461573 -0.10242234
-0.35369124 0.77892301 -0.31123031
-0.10126332 -0.42184061 0.57908097
0.94780753 -0.22071754 -0.69580871
-0.95547476 0.69875606 0.70274117
0.83847797 -0.93563446 0.39892577
0.56725446 0.15379182 -0.70466516
-0.06485709 0.9366261 -0.85214801
0.94554343 -0.77535698 0.33698097
-0.89324759 0.6934851 0.25118216
0.32158288 -0.16335926 -0.09677664
0.20198623 -0.61261909 0.72189966
0.9139812 0.10078905 -0.90556726
0.83576436 -0.05106317 -0.49511183
0.8108013 -0.59729353 0.00829732
-0.91124393 0.17178404 0.78043788
-0.9282911 0.35151902 0.65095911
0.5926096 -0.73472637 0.19995134
0.3219282 -0.59736966 0.46397004
0.8921713 -0.62094835 -0.23658832
-0.64440048 0.99432834 -0.31480832
-0.14117218 -0.6235999 0.92240082
0.88695945 -0.95086021 0.18942473
0.21598954 -0.81690859 0.64488903
-0.84232513 0.58847757 0.28981583
0.72077183 -0.71052403 0.13157072
-0.03798666 0.88761776 -0.69599686
0.20445342 0.54908801 -0.60635604
0.61346552 0.16159878 -0.75069168
0.08101412 -0.32476973 0.29430381
0.24013056 0.95812662 -0.69557389
0.18382929 -0.82760122 0.65807616
0.11955913 -0.60882724 0.51379405
0.81224891 -0.11921814 -0.64153314
0.12358339 -0.35239885 0.32460012
-0.14141585 0.66264177 -0.50279844
-0.59738642 0.53682559 0.10603706
-0.77547797 0.16216361 0.64465711
-0.69879688 0.23378758 0.55474326
-0.70681248 0.220292 0.53146158
0.29180128 -0.60876528 0.38695542
-0.71487077 0.48806006 0.28550136
-0.70313988 0.40464526 0.33260341
-0.69121341 0.34219111 0.60829305
0.95910013 -0.51417918 -0.40455494
0.39924271 -0.82852989 0.43993713
-0.64767944 0.68001913 0.01850831
0.61199632 0.16972892 -0.76337286
0.03756461 -0.47936734 0.59441214
0.92586531 -0.1075125 -0.58146897
-0.95869281 0.95309162 0.02664816
-0.57282414 -0.19987787 0.87109552
-0.88929141 0.02861462 0.86433852
-0.23653733 -0.17666146 0.60627798
-0.91523465 0.96199423 0.14354137
0.31981395 0.2884302 -0.60482254
0.86261714 0.04447459 -0.56076249
-0.91070396 0.0949657 0.87252954
-0.00330007 -0.40274616 0.45168449
0.68029143 -0.52852827 -0.13724903
0.26166592 -0.66420138 0.45393365
0.4555194 0.08886871 -0.49275282
0.27035812 -0.05219456 -0.20034427
0.12496716 0.46689449 -0.44606719
0.67692607 0.35098789 -0.95733301
0.10775875 0.26457361 -0.24638787
0.58060936 -0.1516006 -0.42687586
0.18366227 0.06700326 -0.22349359
0.60275432 0.17170849 -0.62132516
-0.24458181 0.85426328 -0.56928963
0.71062877 -0.94308684 0.34573605
-0.86682535 0.60838076 0.47202111
-0.22737428 0.72532637 -0.38251658
-0.86872304 0.8287869 0.05734271
0.78552771 -0.11714531 -0.39581482
0.31220712 -0.89230268 0.61639689
-0.0298172 0.4850914 -0.36444747
-0.1975619 0.55194423 -0.32920891
0.49658573 -0.97869079 0.52331582
-0.46228097 -0.33339301 0.82260907
-0.39827714 0.60900515 -0.12750232
-0.63312046 0.88710979 -0.10711235
0.5398117 -0.41174917 -0.12018745
0.18665431 0.55526182 -0.54215262
0.74886325 -0.04334603 -0.63909543
-0.77655971 0.17706111 0.73175164
0.96532712 -0.09502686 -0.86171494
-0.58156147 0.06729966 0.69512189
-0.81139713 0.57735246 0.23901164
-0.74127069 0.55754564 0.39697087
0.05853511 0.87649659 -0.58202195
-0.55253713 0.92280674 -0.1913765
0.18486161 0.9929367 -0.97139926
-0.81412812 -0.17141316 0.99434119
0.81530473 -0.88124662 0.27728548
0.50895139 -0.04365196 -0.39008627
0.06887462 -0.39322225 0.43250097
0.99793088 -0.70375895 -0.09048852
0.91871368 -0.01745973 -0.62131226
0.67400497 -0.98198193 0.42221584
0.82748586 -0.73174182 0.13071807
0.66517529 -0.82216391 0.29275602
0.38618095 0.21427774 -0.59616721
0.79618806 -0.88616013 0.36595589
-0.28589885 -0.46589148 0.79115081
-0.77860542 0.16434387 0.89205069
0.6359257 -0.71959908 0.12475455
0.61536801 -0.46500269 0.19063621
0.20007077 0.66139307 -0.85330298
0.31604462 -0.80019993 0.63778565
0.10199927 0.56511613 -0.57717588
0.78018293 -0.25547149 -0.36130102
0.94074303 -0.5604722 -0.21916346
0.24252887 0.52113821 -0.67568212
0.62006436 0.09224992 -0.60639014
-0.77585766 0.14507365 0.75728696
0.70276125 -0.59392456 0.10712987
-0.13375013 -0.35233189 0.64354586
-0.00277675 -0.43347464 0.4943844
0.97219828 -0.16359876 -0.77252929
-0.36853762 0.9152237 -0.51098322
0.47293069 0.45262951 -0.76314231
-0.57269329 -0.12048402 0.88406205
0.58360648 0.30633259 -0.87711154
0.31036272 -0.91249089 0.66681867
0.58255763 0.01617324 -0.46361453
-0.52059745 0.03792843 0.54557826
0.06653498 0.94391644 -0.90921976
-0.74159205 0.92757268 -0.06889269
0.19184242 0.63395052 -0.76309311
0.633367 -0.14321498 -0.46807173
-0.95352379 0.79181983 0.23949882
-0.86724093 0.75442038 0.14365993
-0.33565049 -0.2585368 0.61664782
0.30662556 -0.93528198 0.79461251
0.42779136 -0.83651185 0.60912812
0.30025195 0.72521836 -0.94985568
-0.99671597 0.87368656 0.2032566
-0.25462221 -0.56771788 0.8261826
-0.70764129 0.15580355 0.93665242
0.7622682 -0.96272306 0.24761216
-0.56986447 0.66602884 -0.04420656
-0.6762022 0.13985312 0.66044355
-0.14743019 0.45862356 -0.24229874
-0.62011906 -0.04323484 0.68173284
-0.40250842 0.48884249 -0.08400405
-0.68752762 0.57031007 0.18589963
0.9909627 -0.60329589 -0.28406427
-0.73114783 0.69735452 0.13603317
0.54389959 -0.88480323 0.4640556
0.99908828 -0.57926618 -0.38979363
-0.7551617 0.42418456 0.44948111
0.76563278 -0.2897911 -0.42273485
0.89554667 -0.44926169 -0.26283883
0.58601397 -0.91575037 0.33721321
0.93308568 -0.90531759 -0.02174604
-0.20937187 0.10263071 0.11785639
5.85418470e-01 -5.60511808e-01 -1.59207414e-04
0.75879046 -0.3270904 -0.17556339
-0.99320176 0.70454532 0.32422241
0.88933253 0.16903411 -0.65473942
-0.18120117 -0.47798629 0.78235592
-0.708806 -0.22774147 0.97987887
-0.8356181 0.47541602 0.58785867
0.39920807 -0.96365315 0.67603402
0.44585637 0.5336669 -0.56657139
0.19978605 -0.09052413 -0.09559154
-0.13663871 -0.18356965 0.3496912
-0.06278182 0.78498323 -0.53722102
-0.98498254 0.62688798 0.67901104
-0.08356224 0.2353323 -0.08154056
-0.3604757 0.50930858 -0.10745383
0.50204846 -0.5251417 0.04663917
-0.5216895 0.4023076 0.17293295
-0.90106851 0.64260363 0.50589466
-0.31990867 -0.50755162 0.9398071
0.42557628 0.287699 -0.63644724
-0.03856892 0.90621279 -0.70698316
0.31978435 0.43115087 -0.74160736
0.04214367 0.98303312 -0.88912592
-0.52606473 0.36566725 0.2487845
0.91530086 -0.76470301 -0.05723563
0.30639252 0.69668122 -0.97200443
0.36132018 -0.96460903 0.65360024
-0.68336408 0.69440673 0.01728311
0.67096255 -0.92372376 0.38859095
-0.29461798 -0.1031609 0.44101346
0.66867457 -0.5103155 -0.14649764
-0.27335841 0.31580864 0.03004282
0.40680101 -0.37747761 -0.01767592
-0.03944842 0.99384107 -0.83502837
-0.56149171 0.28474678 0.33992324
0.47277784 -0.70384354 0.272051
0.13503689 0.86540741 -0.97765786
-0.45351848 -0.34101795 0.83705149
0.13559876 0.76642653 -0.7128212
0.17212937 0.78548358 -0.66124843
0.58405409 -0.7301359 0.15136374
0.94468254 -0.43097811 -0.38026081
-0.16535731 0.83992154 -0.59041076
-0.29641578 0.79315657 -0.17271263
0.99173277 -0.43772141 -0.37878962
0.30599409 -0.52137637 0.52521232
0.60475861 0.44508022 -0.99841925
0.26795252 -0.95405376 0.81513231
0.93232127 -0.26761701 -0.54211515
0.21580537 0.81838942 -0.97478818
-0.13342984 -0.43231849 0.57951623
0.98061939 -0.02241646 -0.71822662
0.03811821 -0.52347302 0.9234685
0.47647865 -0.6581159 0.1965851
-0.59206071 0.94537672 -0.2103877
0.95113203 -0.90236334 0.19439286
-0.50837849 0.90159058 -0.37600261
-0.69295591 0.4628273 0.33363848
-0.55953152 0.46077516 0.25170872
0.26848407 -0.38127569 0.18089813
-0.47505458 -0.30654363 0.86180525
0.87705168 -0.2640672 -0.53330802
0.7556727 -0.27031871 -0.40541602
0.45460566 0.37917398 -0.74924207
0.39425195 0.19545351 -0.48115163
-0.08253347 -0.52418708 0.76462101
-0.6721522 0.83580158 -0.14747484
0.45377364 -0.82072991 0.63162953
0.15704063 -0.64030029 0.54156094
0.54606909 -0.85587707 0.55338579
0.96111426 0.04022608 -0.87931398
-0.60485189 0.525329 0.18440976
0.17492221 -0.90689528 0.78959385
-0.75905013 0.59383231 0.54985665
0.57265023 -0.01760312 -0.45831275
0.92606821 -0.30633448 -0.40981793
0.63121796 0.11538897 -0.52557136
0.13326855 0.83188029 -0.88934087
-0.8999721 0.66038822 0.40870257
-0.66004613 -0.04346904 0.8291487
-0.67228738 0.16138947 0.63843928
0.9054059 -0.12842766 -0.5992044
0.86150937 -0.98179124 0.55535966
-0.27777076 0.2599067 0.02938599
-0.67123055 0.81829964 0.02436296
0.90736387 0.28233051 -0.81793875
0.99581171 -0.87212743 -0.06824503
0.67482603 -0.90493189 0.28807212
0.7966276 0.17376314 -0.69073975
-0.37524146 -0.51913031 0.91569948
0.46251958 -0.31429917 -0.03087591
0.66435088 -0.30450709 -0.11981759
0.30778413 -0.60329527 0.43383062
-0.71379232 0.08174035 0.71692761
-0.41927213 -0.36044722 0.84517149
-0.93298518 0.31080838 0.67963687
-0.42668231 -0.50687179 0.98399847
0.13155714 -0.03152808 -0.09969258
0.1222544 0.49075246 -0.60165014
-0.70990162 0.30057015 0.41814035
0.32570777 -0.59268855 0.31273777
-0.10097251 0.49128777 -0.20606122
0.10596514 -0.61927074 0.68483522
0.54825237 -0.32014125 -0.16039225
-0.92768864 0.62303198 0.54020441
0.06241772 -0.91244211 0.98267427
-0.37171486 0.09277976 0.29594175
-0.32187641 0.03224777 0.30499261
-0.8540954 0.93837166 -0.07150685
0.30646694 -0.78953387 0.77381628
0.93465042 -0.20588903 -0.71105179
0.77102541 -0.9056953 0.19195918
-0.41006413 0.98601198 -0.54915108
-0.88481488 0.41345322 0.59497884
-0.222813 -0.49653499 0.82618235
0.4677493 0.54362469 -0.9499013
0.86064863 -0.18615426 -0.63505988
0.87923332 -0.60387044 -0.26867115
-0.92844033 0.63666958 0.68581382
0.52019197 -0.85009054 0.57926996
0.77408217 -0.05174686 -0.51424496
-0.29031262 -0.44429849 0.91337293
-0.56660304 -0.00646313 0.77557164
-0.76069495 0.94162525 -0.16418666
0.48270048 0.62155492 -0.95385765
-0.89138788 0.11314045 0.82803791
0.38883695 -0.69834321 0.63100145
0.01121124 0.57866877 -0.29756654
0.15668511 -0.62714013 0.48428049
-0.88971419 0.33961018 0.69706683
0.37831929 -0.49013012 0.17011239
0.21698174 -0.610431 0.41277581
0.92443773 -0.82773772 -0.08475012
0.20835875 0.85450791 -0.74534342
0.33170031 0.25940216 -0.44540754
-0.35309691 -0.35473587 0.80090034
-0.3167204 -0.52751412 0.97285566
0.96561156 0.01708617 -0.86224744
0.64566911 -0.3592771 -0.16332843
-0.0544558 0.67200468 -0.51191518
0.59914218 0.51754762 -0.92574677
-0.91338919 0.4182364 0.5519328
-0.45336523 0.11298968 0.42030633
0.63513538 0.25472263 -0.7469849
0.06621176 0.68007478 -0.73344875
0.9827738 -0.59285245 0.15221463
0.86115234 -0.27521514 -0.58269539
-0.17616552 -0.40562855 0.59518449
0.07086918 -0.4232496 0.36067121
0.32905343 -0.83692711 0.70535389
-0.09740865 0.75957018 -0.65115859
0.66884766 -0.60524582 0.13310095
0.37717784 -0.72746022 0.36616023
0.92357844 -0.08470745 -0.70942677
0.47585508 -0.04182451 -0.43283339
-0.14547325 -0.2974928 0.48781348
-0.49067699 -0.04437476 0.64667959
0.94489213 -0.35747849 -0.58039194
-0.88357315 0.91459042 0.23323396
0.31925047 0.66862058 -0.75168371
-0.32575555 -0.60521278 0.96030813
-0.75125461 0.78848136 0.07334403
0.44108486 -0.94153835 0.69582822
-0.34370826 0.71664047 -0.09421048
-0.44805917 0.75648313 -0.26012041
0.10880475 0.83507801 -0.91946451
-0.06597814 -0.75385906 0.98500273
-0.44247524 0.24522587 0.30738607
-0.25858955 0.63650148 -0.34493703
0.37999027 -0.97639341 0.72011224
-0.76077547 0.24723225 0.56692141
-0.39433116 0.55758622 -0.08497537
0.84711603 -0.42171927 -0.37963248
0.18800405 -0.81101646 0.67414686
-0.25047814 0.80821879 -0.53565087
0.97107912 -0.06509109 -0.71346307
-0.67533239 0.50265766 0.23039933
0.04523009 0.70732451 -0.53058066
0.99790894 -0.50767208 -0.34217952
-0.86079582 0.15589143 0.82439209
0.90514644 -0.66506372 -0.21409216
-0.23645991 -0.0258857 0.35922095
0.33821022 -0.93869017 0.60067879
0.35155615 0.46731586 -0.80898127
-0.51080935 0.72033021 -0.17199609
-0.63687979 0.28215998 0.39947006
-0.42548102 0.61027058 -0.05755889
0.4205814 -0.6016547 0.25666173
0.29869475 -0.97871984 0.71418923
-0.25671918 0.19730404 0.07357359
0.67887242 -0.58036282 0.0958498
-0.38702948 0.93865708 -0.50162098
0.13018334 0.7295858 -0.5912358
0.37916804 -0.7262382 0.56955116
0.44378642 -0.80709858 0.47779627
0.53819558 0.45745003 -0.9291669
0.75215992 0.24613798 -0.87458861
0.13960282 -0.74803158 0.65876972
-0.75519226 0.31283334 0.48728299
4.69990424e-01 -4.45753602e-01 -2.33748953e-04
-0.49243545 0.76825284 -0.19269161
0.33911929 0.57910193 -0.77393242
0.1662035 0.24794867 -0.40272461
-0.29467946 0.54048158 0.00803257
-0.84501228 0.13589382 0.71413487
0.77495097 -0.18339109 -0.50223084
-0.32524371 -0.31104858 0.70587109
0.90251253 -0.94218125 0.08843385
-0.77397943 0.9006422 0.01632994
0.27414757 0.17277344 -0.42541645
-0.55634765 -0.00940676 0.58096518
-0.4616065 0.93840864 -0.47308359
-0.35001889 -0.16990013 0.6174673
0.94327605 -0.43801367 -0.36685511
-0.00096585 -0.15173267 0.19942472
0.11065319 0.18644299 -0.27524804
-0.68410339 0.40590609 0.55593726
-0.66608735 0.78569803 -0.06972578
0.86695375 -0.48447516 -0.31574602
0.22611515 0.55847541 -0.73787219
0.63096076 -0.58480923 -0.04144336
-0.48815439 0.80304106 -0.30034552
0.63198756 -0.78045985 0.29497082
0.65191608 0.2303376 -0.84505907
-0.93538853 0.30338775 0.64229499
0.8599388 -0.92064025 0.1498762
-0.10688243 -0.65209253 0.87233579
0.18582743 0.87279139 -0.95990754
-0.6231574 0.11338937 0.53693624
0.10868539 -0.43890277 0.35358641
0.43794541 -0.42253258 0.23211415
-0.6099527 0.45714139 0.15498713
-0.84286484 0.60354686 0.447489
-0.78649382 0.02910958 0.91907582
-0.64701804 0.28410678 0.93108225
0.14733192 -0.46203522 0.35450461
-0.45279776 0.53626709 -0.06339547
0.63283422 -0.8449109 0.50995237
-0.14404587 0.85934408 -0.51009988
0.7766552 0.227283 -0.94313756
0.80916118 -0.94365637 0.24749452
0.21691511 0.31908685 -0.40785403
-0.4313087 -0.02827978 0.54876167
-0.60693079 0.95811509 -0.30887323
0.35846542 0.62706386 -0.75389726
0.16649951 0.22586311 -0.31600627
-0.33756626 0.88207479 -0.5344621
0.26713447 -0.02952251 -0.18080731
-0.81219297 0.84028049 0.05064685
0.30521459 -0.58715231 0.3184473
-0.31592626 0.9321763 -0.40174957
0.76899625 -0.41129202 -0.35236455
-0.71004543 0.24096993 0.57744111
-0.36225942 -0.10544978 0.64526623
0.23172257 -0.58990639 0.39096067
0.51116357 -0.89042122 0.67794457
-0.59147143 -0.14392753 0.97739961
0.5003883 0.08741232 -0.42590064
0.66242987 0.0157773 -0.57252221
-0.1599653 -0.76886237 0.97030049
0.52464553 0.2081745 -0.58387523
-0.48399941 0.80480249 -0.28565108
0.20599205 0.28170559 -0.47049269
-0.48436005 0.01853884 0.51005046
-0.17873333 -0.08053365 0.34867446
0.98641329 -0.79413402 -0.0983873
0.2146099 -0.40741849 0.24757488
0.76206308 0.12832136 -0.7992662
-0.01196838 -0.20955026 0.27177083
-0.24752818 0.59040914 -0.32416172
-0.68945975 0.48070171 0.319602
-0.43637981 0.08027754 0.52471541
0.64209785 -0.81375469 0.23008189
-0.82054926 0.88744705 -0.03758327
-0.090135 0.64022369 -0.5225153
0.72007606 -0.77688655 0.20867554
-0.3038251 -0.62867453 0.97324286
-0.51463462 0.8418911 -0.01732507
-0.23764676 -0.63058236 0.87444804
0.56599165 -0.0026992 -0.54875838
0.59536763 -0.37797594 -0.17381469
-0.93490968 0.59544462 0.46498229
-0.5269486 0.64662177 -0.07437976
0.92309843 -0.87059523 0.07896014
0.95010217 -0.20253693 -0.74335362
0.7431952 -0.431604 -0.20225412
0.02813306 -0.79310845 0.79274681
-0.28519039 -0.04012894 0.57172786
0.51510647 -0.55018362 0.15706207
-0.76239059 0.52353866 0.28949429
0.87253552 -0.96136505 0.11402413
0.03433355 -0.81947125 0.98452695
0.33615899 -0.81549958 0.56506618
0.09796709 0.67127493 -0.59021216
0.41201596 0.32949896 -0.72203406
-0.02775022 -0.34569761 0.49187089
-0.50351931 0.38624384 0.37540422
-0.46810215 -0.4019508 0.95853077
0.68037852 -0.74654709 0.16891601
-0.46694195 0.74886667 -0.164646
0.45199111 -0.08959074 -0.31981528
-0.79690045 0.24730809 0.73231019
0.09394522 -0.66838677 0.7270692
-0.38448827 0.89465196 -0.38075895
0.96755011 -0.01203479 -0.78065492
0.38939291 -0.31055466 -0.04969712
0.30083882 -0.51063306 0.26505335
-0.85044071 0.21730376 0.68794943
-0.51760122 -0.24006867 0.78101772
-0.0176952 0.71262453 -0.50531301
0.4527033 0.32281986 -0.66133629
0.51747233 -0.73798307 0.25058577
-0.31816886 -0.51836229 0.87902237
-0.57472257 0.76088774 -0.13518643
0.70126068 -0.16506186 -0.40801412
-0.11853185 0.21395764 -0.07625471
0.66417503 -0.81736373 0.16410112
0.64274331 -0.28707082 -0.34180267
-0.48645531 -0.19368621 0.88973585
0.20036725 0.99258384 -0.96052947
0.17314548 -0.72954063 0.55842421
0.56087388 -0.6871586 0.15719762
0.55878373 0.30679474 -0.76537451
-0.10984417 -0.8101141 0.98256955
-0.00542515 -0.02158147 0.02945999
-0.91930113 0.96039293 0.15436055
-0.34483544 0.58722642 -0.19297913
0.26836764 -0.38479089 0.16875811
-0.96057541 0.70133926 0.3277422
0.50708908 -0.65421859 0.32825896
-0.01175832 0.81377412 -0.70154067
-0.32311383 0.61695996 -0.21430642
0.8671835 0.0804565 -0.84800634
0.59051885 0.4677582 -0.72506394
0.95821842 0.08490724 -0.95256636
0.97441329 -0.21648124 -0.65503306
-0.56242288 0.72988844 -0.14200498
-0.19325769 -0.50471637 0.75551165
0.38141192 -0.01667813 -0.32913479
0.37421257 0.24366062 -0.55809407
-0.65920651 0.18613311 0.63316975
0.11090624 0.87639042 -0.85954222
0.89004961 -0.79635267 0.1645077
-0.34266474 0.98599221 -0.59801321
0.54994532 -0.9359745 0.42818153
0.40854799 -0.54342525 0.14396688
0.34822861 0.63249001 -0.93779376
0.0146572 0.92790419 -0.90744384
-0.71438879 0.1851884 0.56778827
0.63329742 -0.88428683 0.25698536
-0.5789852 0.26167855 0.31953947
0.40184906 -0.98455776 0.86913566
0.51995703 -0.61304086 0.17437899
-0.88326888 0.70913344 0.24384207
-0.60700189 0.41940338 0.25989278
0.78432125 0.09977031 -0.73079253
-0.98133705 0.16864889 0.85849163
0.20406122 0.69767036 -0.83931776
-0.16727569 0.45907846 -0.245462
-0.46364903 0.64502436 0.11711769
0.22377455 0.98404582 -0.82197114
0.93005871 -0.47893234 -0.37135224
-0.78611989 0.73075384 0.28956416
-0.44683379 0.18992611 0.36563482
0.76128137 -0.14460248 -0.46459085
0.01888063 -0.10748051 0.09364255
0.2665748 -0.96447978 0.70505345
-0.9872309 0.06306255 0.94427627
0.68389362 -0.72013199 0.06580094
-0.59705762 -0.29329635 0.89580403
-0.06492686 0.58089218 -0.47270456
-0.04586469 -0.17265381 0.22317465
-0.20169235 -0.22916827 0.43292626
-0.53820429 0.93707519 -0.16932297
0.95751283 -0.00808216 -0.94699669
0.06927677 0.60280116 -0.56414021
0.89204487 -0.40539814 -0.28558953
-0.96764891 0.6160605 0.42667989
0.85133161 -0.5029861 -0.21104382
-0.52377715 -0.43194257 0.98988632
-0.39840307 -0.23909747 0.75932732
-0.28900104 0.08931932 0.31288349
0.20533997 -0.80841014 0.64106051
0.04018456 0.53228319 -0.56598177
0.52400764 -0.04326613 -0.42799899
0.55597168 0.57130834 -0.94216464
0.13152343 -0.64149264 0.76767444
0.20657903 -0.13997014 -0.03321857
-0.49123615 0.57786042 0.01679468
-0.64695579 0.73586311 -0.04386149
0.30810984 -0.91250733 0.60652639
0.46050515 0.10839479 -0.53977019
0.07921422 0.59787276 -0.57369109
0.28985283 0.60462847 -0.72872124
-0.48388438 -0.02972152 0.59277059
0.8410884 -0.77754167 -0.01970245
0.22169821 -0.41693531 0.26067287
-0.51697567 0.64590468 0.00832343
0.73108416 -0.60418899 0.0428818
-0.01389084 0.22868691 -0.18130354
0.31764338 0.39534708 -0.70965804
0.9461243 -0.85247004 0.12527665
-0.73076856 0.56460907 0.30528182
0.35935745 0.78437761 -0.9992682
0.43058243 -0.92729454 0.61150322
0.41285428 -0.77685673 0.47074604
0.48947699 0.54462499 -0.9593539
0.61689875 -0.86697342 0.2553767
0.74960843 0.29092189 -0.84971688
-0.68643995 0.94896576 -0.17318801
-0.41638611 0.24145727 0.25789467
0.12487348 -0.44064813 0.32274347
-0.74592014 0.90477866 -0.11633276
-0.26159532 0.43750019 -0.14029449
0.9052819 -0.17425251 -0.62152729
0.91445497 -0.95206576 0.13781969
-0.36750316 0.97447243 -0.44374678
-0.8107419 0.45638918 0.35445358
0.82605378 0.04390399 -0.78644385
0.37188621 0.53659414 -0.90267676
-0.3737434 0.79985249 -0.40211424
0.04799619 0.72671234 -0.72690941
-0.46356827 0.77926346 -0.22252647
-0.62148782 0.89262434 -0.11896012
0.88969826 -0.89667821 0.20652569
-0.16928132 0.95381131 -0.66970357
0.16731217 0.41229831 -0.44521054
0.54455707 0.43741531 -0.70040356
0.14510646 0.20907816 -0.32854041
0.72596865 -0.92187513 0.23225578
-0.08457342 -0.4504297 0.55824991
-0.06868826 -0.68262247 0.85961742
0.56757318 -0.71080825 0.17552714
0.45766648 -0.58495938 0.14362096
-5.88743900e-04 -8.26478596e-01 8.98576617e-01
0.38211326 -0.78173248 0.45958274
0.32466478 0.37418539 -0.6935239
0.57313467 -0.81272575 0.24018815
0.63233668 -0.02609959 -0.58514057
-0.49546669 -0.31043125 0.83270686
0.38978075 0.11104927 -0.44923987
-0.04198522 -0.75118158 0.93096062
0.90116924 -0.03848074 -0.79242636
-0.77333427 0.8282935 0.23370674
0.14886602 0.65667857 -0.7881098
-0.01657044 0.49753727 -0.44608332
0.59764477 -0.95292419 0.938683
-0.08125454 0.85572272 -0.76406048
0.62797674 0.53634637 -0.80785832
0.12863853 0.74271832 -0.77988907
-0.30952761 0.92698081 -0.59930885
0.70907413 -0.96842359 0.33733663
0.57704645 -0.56661447 0.0773874
0.22112766 0.58507153 -0.73247361
0.1342739 0.53748947 -0.64093894
-0.20147373 0.69556749 -0.38541806
0.91327045 -0.88207215 0.10078415
-0.92981373 0.35516938 0.58718215
0.59887428 0.48191603 -0.95100191
-0.04352598 0.76685968 -0.53858444
0.06559988 0.77025879 -0.73173302
-0.40316316 0.77633257 -0.3470827
-0.29776465 0.46572315 -0.13919937
-0.4280641 0.47853574 -0.03079664
0.85567686 0.1686766 -0.88317033
0.69873724 -0.04311844 -0.49247999
0.01560367 0.27830362 -0.26645855
-0.69293412 0.07678678 0.72654493
-0.39544433 -0.29994128 0.76372385
-0.30896402 0.91811216 -0.28089637
-0.10149347 -0.71606883 0.9103391
-0.18941396 0.23491494 -0.0017204
-0.26747188 0.07500673 0.21743497
0.76462997 0.34356947 -0.82227904
0.08456589 0.2347991 -0.31579236
0.87477631 -0.62311493 -0.20729794
0.9662192 -0.55886325 -0.34675987
0.11102743 0.85393399 -0.84935799
-0.10582729 0.85291799 -0.61622042
0.0782263 -0.53010996 0.46102155
0.68820292 -0.41894896 -0.16626964
0.94209689 0.08134687 -0.6756038
0.32709739 0.76050244 -0.97896109
0.45002085 -0.96329158 0.64875707
-0.01515593 0.45597114 -0.42478786
0.52620893 0.72459453 -0.86276542
0.34183177 0.07823408 -0.40820726
-0.81561362 0.96179041 -0.0631318
0.14631467 0.83586606 -0.93856166
0.67316764 0.44416136 -0.92740899
0.29703313 -0.65781508 0.52575085
-0.27212408 -0.29778167 0.59917771
0.83424499 -0.85281536 0.35624002
0.22584492 0.10513643 -0.29540186
0.80144783 -0.60019537 -0.10851134
0.54832694 -0.96586468 0.47275429
-0.33643836 -0.26677139 0.67425016
6.31920571e-01 -6.12061182e-01 3.40161021e-04
0.0585762 -0.64535223 0.77235739
0.60168435 -0.67162012 0.09110213
0.20568146 -0.97416207 0.87499693
0.62301766 0.12744409 -0.72040765
0.70426162 -0.67272193 0.0357634
-0.96532436 0.84884009 0.19877369
0.87756424 0.08483423 -0.92110706
-0.72828504 0.50023726 0.75289329
0.40241754 -0.30949588 -0.03074444
-0.65229009 0.14380715 0.51351666
0.15884906 0.48528092 -0.38374223
-0.99785433 0.69960619 0.47692306
0.83876456 -0.86797731 0.06665065
-0.02623637 -0.79461782 0.90071308
-0.97855503 0.64289149 0.56552688
0.83250458 -0.06016591 -0.6264167
0.74025275 -0.0118292 -0.67744764
0.23269765 0.19810951 -0.39429412
-0.96486139 0.34296702 0.86947258
-0.65931447 0.67059518 0.16467084
0.01743851 -0.23850068 0.31077967
0.82090256 -0.41766146 -0.24344862
0.35473627 0.39466111 -0.73444188
-0.76597868 0.73770398 0.21912358
0.26397428 -0.23933013 -0.0163653
0.3528909 -0.41058415 0.05822724
0.79681159 -0.92382693 0.27701562
-0.74109105 0.27343701 0.49851463
0.80340306 0.31136567 -0.80566981
0.76406928 -0.26571133 -0.48585771
-0.39448501 -0.02814579 0.69633669
0.61521519 0.49352159 -0.85430122
0.97003393 -0.55268752 -0.36251854
0.48959754 0.60360159 -0.79905119
-0.6919016 -0.07132338 0.93437106
-0.59942094 0.17505254 0.51709349
-0.03254109 -0.66482034 0.81730072
-0.10397507 -0.58987035 0.71410009
-0.91124532 0.49639425 0.46010108
-0.3639601 -0.30865221 0.72694641
-0.10080162 -0.79720048 0.98723493
0.72520079 0.17284617 -0.46087912
0.30772664 -0.74184283 0.82658329
0.01906057 -0.92620512 0.95301104
0.78996874 -0.50795226 -0.12218676
0.80854214 0.1308652 -0.81654791
-0.70323393 0.81485752 0.154637
-0.99127972 0.7005694 0.37028377
-0.94357759 -0.00463943 0.99278591
-0.17595502 0.97232533 -0.69873306
0.74558693 -0.20450501 -0.34549045
-0.3617713 0.52692146 -0.11729632
0.43341869 0.28481768 -0.6913477
-0.74609914 0.41799289 0.54030034
-0.63055764 -0.06371843 0.98681234
0.11888571 0.89556455 -0.90748985
-0.85726848 0.78792107 0.09756679
-0.49391342 -0.36578098 0.99515299
0.95599434 -0.13093306 -0.58963207
-0.04670432 -0.16019304 0.26055141
0.66406739 -0.69641879 0.03392941
0.5083717 0.08677231 -0.58127509
0.50026993 0.49301099 -0.93640465
-0.88818444 0.37830425 0.55612594
0.08622903 -0.68217082 0.66682306
-0.67459102 0.20921611 0.9082404
-0.01159827 0.05566563 -0.03942074
-0.20186804 -0.43321851 0.75570542
-0.00515337 0.37122323 -0.35852617
0.19076241 -0.89104894 0.82703161
-0.31816949 -0.22146053 0.57062321
0.7791134 -0.08881333 -0.63137312
-0.22455066 -0.61797779 0.9648899
0.13411839 0.21439525 -0.25689781
0.78455532 -0.92521634 0.45085947
0.59159109 0.19242569 -0.78370249
0.03453912 0.36012484 -0.38665372
0.49588045 0.27819309 -0.42116345
0.42491233 -0.10197534 -0.32185626
0.33272837 0.46565026 -0.78673897
0.35533517 -0.37597167 0.06514061
0.63538107 -0.29700167 -0.21770614
-0.67759495 -0.02452804 0.78726582
-0.65588284 -0.04544848 0.74993526
-0.38978612 0.06956027 0.55904871
0.44592341 -0.84161294 0.3981646
0.84430142 0.12031145 -0.90077715
-0.21046746 0.7735319 -0.4581809
-0.0232174 -0.1636842 0.19770025
-0.1219677 -0.42379963 0.59643983
0.83564485 0.47800059 -0.96091558
-0.0284314 0.23233465 -0.1722346
0.73783784 -0.23302479 -0.38453885
-0.71328353 0.42432215 0.38689249
0.45390891 0.38064962 -0.73073027
-0.84931243 0.36298224 0.83420194
-0.40858351 0.78964635 -0.25747809
0.51486356 -0.84476125 0.42373729
-0.3872882 0.96887021 -0.56302118
-0.96460583 0.16244447 0.93327911
-0.53645137 0.92666086 -0.29757674
-0.0444973 -0.32136244 0.60042799
0.77154111 0.57709319 -0.95866856
-0.17746174 0.89107952 -0.34027739
0.66368782 -0.42656313 -0.23452067
0.29241868 -0.7738032 0.73605826
0.39361322 -0.71136517 0.56922661
-0.625665 0.61149175 0.11355575
-0.20041004 -0.00815027 0.32670219
0.40511498 0.4206149 -0.74510942
0.71113506 -0.91198976 0.25640099
0.16659266 -0.20922135 0.07593885
-0.27108193 -0.29613758 0.67687207
0.73815571 -0.86050126 0.13365482
-0.97337021 -0.02016648 0.99600197
-0.67182018 0.88619037 -0.13066924
0.51559764 0.20129356 -0.66058574
0.03294523 -0.68279389 0.73188015
0.21663973 0.42104607 -0.55408237
-0.90140637 0.81897956 0.23039034
-0.41502933 0.14393463 0.27120487
-0.552614 -0.32701264 0.899431
0.28342704 0.35636036 -0.5961461
-0.16005358 -0.05469933 0.25054456
0.59041382 0.93330553 -0.87158234
0.93727001 -0.48860567 -0.15703403
-0.7333434 0.29187532 0.48418372
-0.50673542 0.14279358 0.47873509
-0.85744567 0.54248022 0.41518278
-0.2296959 0.11262732 0.15963196
0.42629976 -0.75195159 0.56759617
0.89777336 -0.26588369 -0.54383575
-0.03467747 0.77243264 -0.55169351
0.41859189 0.16386524 -0.54864812
0.10821967 0.49196564 -0.4517314
0.83369637 0.08990181 -0.72916171
-0.46224697 0.92539133 -0.21207852
-0.6669485 0.01316366 0.73301576
-0.12583416 0.82118157 -0.5647738
-0.36559035 -0.5136564 0.94819222
-0.23868868 -0.51121118 0.99044384
-0.68597364 -0.12255727 0.85354957
0.41107279 0.61492583 -0.86611837
0.83604676 0.12296432 -0.85251562
0.38771305 -0.99934953 0.69422443
-0.33984946 -0.35387696 0.82966085
0.62096781 0.6060354 -0.97037025
-0.46306207 0.47527763 0.15847948
-0.45104415 -0.29552521 0.95482078
0.7156497 -0.18760578 -0.4518372
-0.29949832 0.81274146 -0.24754453
-0.25234642 0.91148396 -0.47691546
0.13482921 0.85970735 -0.83977125
0.69721022 -0.49063997 -0.20643279
-0.05526664 0.71077489 -0.43462605
0.07951315 0.88763531 -0.68687067
-0.02246473 0.88909018 -0.81475916
0.48863625 0.01585313 -0.46344302
-0.62950138 0.04897709 0.62044947
0.22269455 -0.90421205 0.89582476
0.91204746 -0.56063244 -0.18652873
0.64558872 -0.74369573 0.21791453
-0.37749603 0.65469178 -0.19736243
-0.0473152 0.75310783 -0.57038072
0.87856044 0.10675003 -0.84393998
0.61247839 0.14599464 -0.7001146
0.82441396 0.00175602 -0.62659172
-0.94792542 0.20247581 0.79996554
0.55036671 0.78439235 -0.98359495
-0.90030471 0.59221665 0.31881841
0.43588169 -0.80751202 0.67656138
0.57258546 -0.75636407 0.22121385
-0.39303119 -0.41963457 0.99790729
0.82026299 0.26673616 -0.97630957
0.46459561 -0.37115426 -0.04313827
0.84948132 -0.60123851 -0.24345804
0.23126251 0.141223 -0.34024055
0.79344422 -0.92611065 0.2936786
0.78133345 -0.88147578 0.21266436
-0.73015522 0.27391244 0.51922641
0.26864928 0.32225524 -0.55785745
0.51999613 -0.68804746 0.17803862
-0.54013069 0.32788337 0.30911428
-0.37971487 -0.09723921 0.68754326
-0.30545418 -0.09293891 0.41218758
-0.59482053 0.3814087 0.2952769
-0.65653095 0.6845585 0.03135459
-0.54511148 -0.29615525 0.9293065
0.83186081 -0.08884322 -0.73955539
0.30109613 -0.76451933 0.60295584
-0.59661725 0.7156087 0.07673397
-0.37030629 0.56700144 -0.07437043
-0.42676919 0.89401047 -0.28353547
0.941305 -0.81223818 -0.08291461
-0.01473384 0.41133664 -0.35357604
-0.65756672 0.9394586 0.02431205
0.46562215 -0.78934244 0.70333637
0.84008419 0.17863636 -0.98812201
-0.49277643 0.16255111 0.39923999
-0.17275765 -0.75899676 0.96536544
-0.08218191 0.53739786 -0.44825847
0.09790001 0.60869178 -0.5508278
0.99036273 -0.75312034 -0.02225501
0.92277553 0.06691328 -0.79015641
-0.85031003 0.40161213 0.53429772
-0.99555155 0.64994772 0.48573005
0.43675539 -0.93786515 0.57349077
0.85782676 0.12357407 -0.92824452
-0.15890798 -0.77393951 0.98041304
-0.80990245 0.51964087 0.31203972
0.14002419 0.28342236 -0.42340825
-0.54428197 -0.17203306 0.77148109
-0.97795976 0.22566414 0.88765275
-0.84416415 0.20495944 0.67602432
0.65128323 -0.17724713 -0.46579821
-0.64312029 0.09104837 0.83018171
0.95077512 -0.90027263 0.09585115
0.59971984 -0.50584317 0.00510156
0.97895033 -0.57124893 -0.33529133
-0.37493211 0.31903073 0.12474448
0.72180367 0.24873717 -0.95855676
0.49748329 -0.62040186 0.20694404
0.92260665 -0.44634784 -0.26771176
-0.30540111 -0.22508977 0.58631297
-0.25896988 -0.4984552 0.77635521
-0.73132595 0.07290463 0.79898393
0.15061532 0.71004787 -0.73081565
-0.89470439 0.18221981 0.74383777
0.58452943 -0.95473464 0.60454
-0.86385673 0.30781704 0.57965718
0.62847573 0.10506096 -0.67468354
0.29601075 -0.92495001 0.77046515
0.21275199 0.53417078 -0.65105062
0.87085899 -0.74537182 -0.07605827
-0.45939595 0.78210343 -0.2423457
0.98237491 -0.86704125 0.15673151
-0.31244174 0.77645416 -0.35933873
0.48942934 0.63891661 -0.99537065
0.0983042 0.73781919 -0.79245111
-0.80557329 0.14795746 0.80887155
-0.54185936 0.9838558 -0.26712536
-0.14754863 0.83468766 -0.65133724
-0.19718554 -0.54913433 0.7721691
0.10451866 -0.78710101 0.7220038
0.11579906 0.13643668 -0.24958434
-0.33875931 0.98992146 -0.58065915
-0.35066093 -0.35896463 0.73531956
-0.18753773 -0.32436158 0.82642679
0.60771872 -0.42759201 -0.17403676
0.342846 -0.05186482 -0.23729997
0.90568135 -0.76471648 0.12858252
-0.40217955 0.77962408 -0.3293684
0.18083961 -0.50523974 0.40473308
0.28218415 0.63718739 -0.81001762
-0.71612733 0.05522249 0.67244292
0.15800088 0.83677159 -0.89659211
0.70254141 0.00177429 -0.60196033
0.52308323 0.15047146 -0.65350253
0.20755607 -0.64786507 0.63187284
0.97397628 -0.66633313 -0.27487482
-0.66522194 -0.15599012 0.89963577
0.64416365 -0.51645103 -0.12238621
0.50672764 0.04047912 -0.51589099
0.99308204 -0.32968974 -0.50768633
0.16799676 -0.88026412 0.83502571
0.19765291 -0.46583835 0.33842462
-0.70198923 0.04759961 0.82527864
0.6187537 -0.14411276 -0.30553341
0.35036521 -0.17011881 -0.15825702
-0.12775033 0.88195649 -0.63462246
-0.79268645 0.53443974 0.34049707
-0.1550424 0.95649246 -0.47538488
0.54533071 -0.09544921 -0.3731019
0.82163777 -0.16814048 -0.61333902
-0.96118251 0.87249874 0.2719957
0.80252935 -0.01989839 -0.55192283
-0.21997786 0.50654115 -0.21723456
-0.2107193 0.50639976 -0.13905295
-0.17819677 -0.65855863 0.84116032
-0.04043304 0.92692459 -0.87097726
-0.31641708 0.14647174 0.1883798
0.31440416 0.2757457 -0.48743389
-0.64501416 0.87476136 -0.1051647
0.3966615 0.64251212 -0.92802112
-0.0156485 0.83060855 -0.68891971
0.28489924 0.79014022 -0.90329372
0.71908326 -0.95965309 0.32450333
0.243378 -0.17501952 -0.03804602
-0.74521931 0.9759648 -0.12923636
-0.60915094 0.25706972 0.3932591
-0.85541044 0.84810495 0.0621863
-0.24946698 0.54792891 -0.27100844
0.67701739 -0.42641843 -0.21873255
0.32447491 -0.27308175 0.01043267
0.6085437 0.09840001 -0.56238523
-0.91938142 0.80768127 0.17242015
0.34280759 -0.94154428 0.80508038
0.70533672 -0.39046222 -0.0597669
-0.57181855 0.86665391 -0.10398422
-0.72079411 0.07147982 0.67121089
0.27218857 -0.51378546 0.3747734
0.36957264 0.58007688 -0.88293338
-0.24612676 0.3059663 0.03105401
0.23086377 0.6457348 -0.75871512
-0.67464319 0.18897078 0.70211405
0.83934766 -0.57059183 -0.143981
0.55353307 0.72163136 -0.98299102
-0.94656875 0.37780861 0.56998806
0.28573457 0.03973576 -0.32196059
0.27007006 -0.48453687 0.23431261
0.94589018 -0.28756889 -0.59287443
-0.6123609 0.87612918 -0.1007976
0.3238522 -0.2156952 -0.08815013
-0.54392534 0.7844067 -0.10072582
-0.08644035 0.36935615 -0.26905363
0.06230903 0.81960246 -0.82056082
-0.09182216 0.46504932 -0.35204603
-0.57686835 0.14627882 0.64224227
0.73596207 0.01123932 -0.65946982
-0.60285282 -0.02452872 0.76158202
0.74320619 -0.27615308 -0.32447464
0.16784022 0.58067817 -0.60059503
-0.78351788 -0.01700735 0.9918102
-0.27830913 0.43164524 -0.04444865
0.03829393 -0.46717611 0.75311951
-0.65655436 0.26341463 0.40961834
-0.69788731 0.96689081 -0.15802204
0.22283243 -0.73603087 0.71122988
0.70646791 -0.25371402 -0.2181672
-0.33338831 0.21733626 0.17901945
-0.85452555 0.55823503 0.57352397
-0.2498576 0.75979014 -0.4928361
-0.13136894 -0.72014191 0.9799042
0.47118896 -0.74728697 0.45991171
0.37592995 -0.02485308 -0.26654272
0.61096303 -0.07198846 -0.48288471
-0.91561903 0.34518273 0.81405853
-0.33824144 0.49320039 -0.04471988
-0.91447353 0.62078795 0.36530585
0.55098964 -0.08248183 -0.35798254
-0.02123958 -0.61725017 0.74304431
0.80735386 0.26009992 -0.99242686
-0.48602518 -0.02368221 0.80272241
-0.62942214 0.75457263 0.048854
0.25525131 0.29726891 -0.55047028
-0.82278741 0.44133202 0.50619633
-0.49183735 0.24922404 0.45694603
-0.05134431 -0.28196639 0.33734061
-0.99263371 0.44747437 0.64393922
-0.29016595 -0.06490045 0.3927273
-0.52748568 0.41640465 0.32854505
0.51571624 0.60992321 -0.8150694
-0.51996129 0.78327449 0.01482878
-0.56761436 0.25550004 0.36158405
-0.3842723 0.05426806 0.44505638
0.53925656 -0.97157358 0.81760587
-0.8131665 0.29071474 0.62310093
0.95783563 -0.98343695 0.2497278
-0.57134921 0.42408242 0.19442412
-0.38989407 -0.27003041 0.95757396
-0.88542393 0.76269726 0.32274944
-0.06511619 0.39068625 -0.31092205
-0.55392277 -0.38172192 0.95721111
0.70992787 -0.15585671 -0.51446059
-0.80064115 0.44520598 0.3829125
-0.29774774 -0.50232815 0.86478521
-0.37405071 0.51904762 -0.1103369
-0.72758113 0.85539611 -0.11899101
0.42718026 0.63984326 -0.88169203
-0.98697899 0.76443 0.37953964
-0.53081976 -0.25937818 0.96912034
0.61424887 -0.8453624 0.30612642
-0.14561434 0.97550307 -0.8102234
0.00867951 -0.51980299 0.51579819
0.04102895 0.67012517 -0.61440943
-0.86232199 0.75810613 0.14274441
0.19379211 -0.87587125 0.99954621
-0.35143538 -0.2409262 0.65486177
-0.77263079 0.80560026 0.10962131
0.42818815 0.4155387 -0.78136873
-0.91679975 0.60852294 0.37981803
-0.3652203 0.32193527 0.11048117
0.66161134 0.40260011 -0.85822323
0.7844472 -0.49816022 -0.06393924
-0.79439253 -0.11995033 0.95140815
0.44051741 -0.28344501 -0.12170164
0.86737334 -0.16398989 -0.60140766
-0.97229517 0.99041604 0.56100144
-0.74223165 0.00832528 0.92465335
-0.84779984 0.47958419 0.74904019
0.13827666 -0.71024292 0.91867142
0.4325644 -0.83088777 0.41178881
0.07894867 -0.84373103 0.79309802
-0.9834477 0.85428003 0.1841877
0.34715214 -0.44998355 0.11627456
-0.68441644 0.77843094 -0.06070297
-0.4530616 0.38575091 0.13614559
0.98319762 -0.18142176 -0.72864386
0.87423821 -0.54726158 -0.22269536
0.57991687 -0.0315492 -0.52374055
-0.93608276 0.78114529 0.19570317
-0.57837713 0.19145427 0.45790314
0.24801542 -0.34682754 0.2029949
0.91803604 -0.39750629 -0.50883682
-0.2616868 -0.31579546 0.58754378
0.06816529 0.99464243 -0.92951045
0.24222222 0.59917143 -0.69093136
0.79306669 0.17972203 -0.95816519
-0.32543069 0.74754259 -0.40846931
0.06392016 0.71194326 -0.60321608
0.91040552 -0.61780971 0.00473961
-0.92438407 0.54532378 0.58560103
0.90138576 0.39108106 -0.95221965
-0.76130337 0.78613691 0.14245877
-0.6266745 0.39345209 0.24101399
-0.18518005 -0.7494984 0.93741611
-0.47432381 0.04771327 0.45125608
-0.63904327 0.07858755 0.62943407
-0.67018546 0.98665388 -0.25938978
0.18592548 0.80405158 -0.81017144
-0.64650136 0.73515914 0.12083912
-0.51645337 -0.10397927 0.75566763
-0.07306971 0.11641119 -0.0313805
0.00730217 0.9002431 -0.78959184
-0.73597047 0.01191102 0.74366287
-0.46214912 -0.13069807 0.62408274
-0.70485045 -0.13018093 0.85947588
-0.64662836 0.41846141 0.23576157
-0.55726439 0.92514642 -0.2485102
-0.88228863 0.86982744 0.06231296
-0.32631361 0.65266513 -0.24171166
0.8091346 -0.41715254 -0.13719189
-0.73594432 0.24009977 0.50536656
0.15262494 0.83651092 -0.88778347
-0.80415418 0.05729512 0.80961517
0.99877812 0.2505889 -0.92533705
-0.30380038 0.18008207 0.1305999
0.71118247 -0.6637453 0.07018439
0.24409937 -0.20754919 0.06260728
0.03569461 0.75311529 -0.69935401
0.76726674 -0.51517798 -0.18694035
-0.20903264 -0.00435805 0.23500109
0.0621606 -0.72327113 0.69537331
0.53898025 0.47192619 -0.9578251
0.4806317 0.04327244 -0.35007132
-0.20736982 -0.39495023 0.90705391
0.34453572 -0.91985341 0.63284559
0.32454339 -0.67432923 0.35195549
-0.52588345 -0.00211934 0.68286497
0.39720942 -0.62431676 0.23248991
-0.50394087 -0.13759154 0.66679936
-0.8519246 0.08198901 0.77184861
-0.28037617 0.67778272 -0.25717513
0.73805459 0.21434095 -0.85204149
0.89446209 -0.49305657 -0.25814949
-0.50850847 0.01318538 0.49894895
-0.6903652 0.8056803 -0.08850461
0.42896636 0.68239411 -0.88364906
0.46500778 -0.01228319 -0.44280202
-0.72784205 0.52973142 0.20549603
-0.28465991 -0.14313346 0.51698767
-0.01579744 -0.37013597 0.4060138
0.54754199 -0.84052156 0.37246203
-0.68455415 0.23445574 0.59247826
0.79138009 0.09495956 -0.83597908
-0.37712726 -0.39707043 0.88440098
0.18576875 -0.89662668 0.79643931
0.99016263 -0.80193321 0.03963831
0.13445513 0.2355465 -0.2389039
0.75406371 0.25892464 -0.93543664
-0.24570041 -0.25410761 0.62007368
-0.16181005 0.84916755 -0.66048595
0.63179231 0.08815375 -0.6923784
0.61650847 -0.19685178 -0.2642491
0.23372292 0.55430865 -0.77891736
-0.73145227 0.90314975 0.07893809
0.75119818 -0.74878511 0.0750884
0.71722472 0.16151593 -0.81794969
0.96725245 -0.16471366 -0.71518518
-0.17340707 -0.58593849 0.88519465
0.81483979 -0.72192126 0.11105475
0.34553691 -0.85190704 0.74793079
0.92655659 0.27016309 -0.70230223
0.68369659 0.37951617 -0.90282401
0.14395366 0.18545413 -0.29805557
-0.01817268 -0.03803093 0.05886441
-0.46661289 -0.31892046 0.83747501
-0.05675331 0.40678749 -0.2230872
-0.05396791 -0.38421532 0.89336692
-0.07167866 -0.62732679 0.89544128
-0.72270461 0.79237079 0.18484468
0.97616309 -0.97644597 0.20005301
0.51775221 -0.88307617 0.84539619
0.2441713 -0.87505869 0.69460731
0.78640151 -0.92964681 0.23535714
-0.62480164 0.10299324 0.90872953
-0.19949031 -0.44316652 0.76094165
0.50282742 0.5923877 -0.8881432
-0.6987488 0.42092881 0.32356646
-0.99415812 0.04127497 0.99102084
0.30309083 -0.50115967 0.30316986
-0.51823155 0.05634343 0.47635962
0.14896229 0.95342521 -0.96789734
0.85107065 -0.56983704 0.05459329
-0.96754534 0.67109316 0.39874336
0.390787 -0.97199498 0.73312116
-0.34219816 -0.11593515 0.64595968
0.81251765 -0.39194862 -0.33371483
-0.95408989 0.57300846 0.70869596
0.30784329 0.741078 -0.90280363
-0.62357613 0.00570909 0.78255049
0.86973439 -0.0331726 -0.82179153
0.04405216 0.98909149 -0.93694243
-0.62949396 0.36813993 0.35093303
-0.56704742 0.67941505 -0.03833713
0.00106619 0.2438934 -0.21938361
0.17082391 0.29974016 -0.46061137
-0.64582329 0.06152179 0.72523844
0.41837446 -0.92697147 0.63802701
-0.39737143 0.44273233 0.13003593
0.00875225 -0.36164472 0.35505915
0.63673327 0.30530781 -0.79805146
-0.83127858 0.800719 0.19808724
-0.95556232 0.11975833 0.94998881
0.65710798 -0.30628156 -0.31377652
-0.16730755 -0.65944592 0.85525457
-0.68498652 0.53422302 0.37134436
0.35969567 -0.79781377 0.53842551
-0.73624787 0.45047696 0.75440017
0.12168009 -0.57977918 0.47296286
0.26112808 -0.95385692 0.70747365
-0.11544622 0.926536 -0.75095959
-0.48769817 0.84410404 -0.17721283
-0.73001076 0.38232101 0.55061087
-0.87299861 0.59757643 0.54453155
-0.120063 -0.08386909 0.25542978
0.29697312 0.7170946 -0.8397082
0.65467272 -0.98019528 0.46021514
-0.97713539 0.53236425 0.56406584
0.20865203 -0.71386857 0.56726163
0.71104926 -0.90081846 0.28042393
-0.36490735 0.54785766 -0.0950479
0.31393152 -0.76310654 0.52459651
-0.69873477 0.92132899 0.08541026
0.52489311 -0.70699659 0.3743277
0.37797871 0.51464334 -0.87562858
0.17006984 -0.76304071 0.73251411
0.60829454 -0.84195634 0.27557285
0.90791221 -0.27807766 -0.42177917
-0.6293696 -0.21083687 0.84717068
0.82158562 -0.81585857 0.32938457
0.75263262 0.17573041 -0.75408902
0.3536145 0.21914317 -0.39410798
-0.91397551 0.86127632 0.11476484
-0.83521304 0.72953451 0.11290899
0.3400453 0.18131419 -0.51872201
0.40361636 -0.21663127 -0.12747818
-0.98967313 0.4955487 0.73548225
0.08625288 0.32755801 -0.28558705
0.29647808 -0.66191444 0.56838398
0.75934188 -0.94398594 0.31450197
0.30481933 0.03147776 -0.31597822
0.16667579 -0.98576938 0.8794351
0.6530379 0.36129964 -0.71096287
0.98983449 -0.56891078 -0.39636043
0.25597447 -0.97179296 0.73792368
-0.70915311 0.15903078 0.58113221
-0.09744425 -0.86162969 0.99444233
0.91717327 -0.5951178 -0.29957115
-0.26608639 0.65310738 -0.30282679
0.28994235 0.34904971 -0.60536696
0.18447333 -0.9811451 0.93167457
-0.6136121 0.81933521 -0.13530788
-0.42314222 0.38057598 0.12480428
-0.09958482 0.67013891 -0.50748155
-0.371 0.56133689 -0.14147337
0.10342238 0.56586862 -0.60943553
-0.35503515 0.27924968 0.07815035
0.17849562 -0.79879776 0.73621725
-0.79014452 -0.04034436 0.84060563
-0.75685608 0.70136591 0.22597237
-0.3976245 -0.04792596 0.44716562
-0.68908167 0.25262171 0.51305004
0.35051091 0.7754243 -0.95086912
0.63829159 0.10890483 -0.72417292
0.3431094 -0.34345358 0.00100385
0.34313815 -0.55860445 0.23197041
0.98479281 -0.72803353 -0.13227135
-0.00126507 -0.32368617 0.45258769
-0.48795184 0.18414561 0.58185417
-0.99995591 0.243111 0.81804544
0.64042514 -0.81347428 0.2045105
-0.32519292 -0.28764603 0.76649818
0.51268307 0.24348142 -0.72464446
0.5920018 0.430535 -0.779841
-0.05203603 -0.423563 0.48352038
-0.67436838 0.98752183 -0.1640883
0.54910821 -0.41265016 -0.05387697
0.85069049 -0.4664139 -0.23591501
-0.65917379 0.22112535 0.70347294
0.88937063 -0.37465836 -0.47704956
-0.44147225 -0.08951634 0.54285385
0.99390187 0.04657146 -0.98238457
0.04158981 0.53548487 -0.50698797
-0.99518674 0.16600129 0.8305454
0.44142513 -0.90390407 0.90292937
0.70729182 -0.54499334 -0.10076253
0.18852038 0.33356484 -0.42229711
-0.8713798 0.68257089 0.2777912
0.43278116 -0.85480445 0.51098077
0.65381526 0.0351251 -0.57917149
-0.6851957 0.6859109 0.20296332
-0.58602931 0.08160595 0.77976673
0.72614559 -0.16688049 -0.45745846
0.82797834 -0.40959238 -0.10282539
0.0808752 -0.46276274 0.45022072
0.20894227 -0.52964958 0.35025972
0.24851493 0.16885287 -0.35207143
0.87729366 -0.04741083 -0.74239237
-0.51661315 0.39299528 0.28344485
0.94035655 -0.39951918 -0.53560702
-0.53569104 0.34895205 0.26260906
-0.98234267 0.34588044 0.83998252
0.50267035 -0.11323179 -0.35890838
-0.29808976 -0.33039566 0.64031314
0.92240664 -0.60791899 -0.21828057
0.75122205 0.12678787 -0.48052071
0.71193583 -0.04139893 -0.64341479
-0.27085484 -0.4502088 0.99740146
0.48393464 -0.03803111 -0.37123742
0.84688129 -0.20137849 -0.51756594
0.90436297 0.05750074 -0.9093342
0.55432901 0.31687921 -0.82732691
-0.51366004 0.2030765 0.44546067
-0.42053092 -0.38242048 0.93727347
-0.77194106 0.93822891 -0.07279834
-0.26167289 -0.35802284 0.72662076
0.49028989 -0.29555653 -0.01186849
-0.04773924 -0.5757128 0.66971873
0.62577794 -0.60752442 0.15741307
0.65923896 0.00844565 -0.62339984
-0.59084306 0.30235479 0.47405885
0.51914905 -0.9852418 0.51661997
-0.48124934 -0.1681149 0.77350953
-0.38338429 0.58796443 -0.16458319
0.7252749 -0.19429668 -0.45215809
0.99517928 0.13110262 -0.99713195
0.98057458 -0.00303662 -0.95350323
0.05748633 -0.54449381 0.52859896
0.28622183 0.27540385 -0.48625648
-0.74232353 0.21125353 0.61248456
0.10246819 -0.40171275 0.30531942
-0.22249439 0.72582929 -0.43669587
-0.02668161 0.73362608 -0.62815001
0.20000343 0.75295145 -0.90528356
0.03002079 -0.51072955 0.95548571
-0.74146016 0.52529957 0.25948662
0.14220265 0.79460958 -0.93420445
-0.17267033 0.27847361 -0.09337554
-0.60676869 0.56305064 0.05591301
0.60411301 -0.42707306 -0.13039128
0.82593449 0.23665037 -0.70620117
0.90245242 -0.23076157 -0.607241
0.23404272 -0.36898437 0.19231213
0.47623117 -0.96191096 0.69508147
-0.44986213 -0.26234151 0.98551111
-0.974581 0.4475898 0.5285043
-0.10111736 -0.52558298 0.63992256
-0.35621647 0.27656055 0.08610573
0.32460529 -0.99854628 0.78386899
0.55001885 0.46410955 -0.78634101
0.75822956 -0.47919713 -0.21612494
0.48479932 0.06375151 -0.53853879
-0.79089196 -0.00512161 0.82980597
-0.14826885 0.77729373 -0.56844487
0.19886353 -0.98004264 0.9550927
0.60112057 0.35159554 -0.75029187
0.45134556 0.08544352 -0.51981304
0.4856401 -0.26048632 -0.19133104
-0.98389364 0.62912855 0.40220018
-0.74884398 0.74059959 0.10339117
-0.33714495 -0.51575425 0.94068822
-0.4839564 -0.37964286 0.95984227
-0.08520471 0.81732777 -0.477201
0.41282891 0.07092579 -0.41708786
-0.32897114 0.28427297 0.10426083
-0.88570545 0.72059694 0.29361628
-0.64447148 0.10920212 0.67916126
0.24321789 0.53071001 -0.75743828
-0.7379424 0.17130638 0.56667825
0.71594485 -0.87675671 0.19523687
0.02532467 0.94607353 -0.89711728
-0.131009 0.70451494 -0.56531997
-0.86452536 0.49550091 0.38117005
0.56914338 -0.45575486 0.00077674
0.45623364 0.46262985 -0.75298182
-0.31612466 0.45871026 -0.11181746
0.49369179 -0.08261643 -0.33265187
-0.71963796 0.0743698 0.67078153
0.13087204 0.63009416 -0.76048855
0.71262368 -0.65587288 0.0202578
0.57382942 -0.00437028 -0.56382244
-0.35088338 0.79788599 -0.10169314
0.15776074 0.43463475 -0.52435052
0.22460356 0.78950832 -0.83614057
-0.9025784 0.96059059 0.21750424
0.85934134 -0.72499653 -0.12409752
0.01475963 -0.65325798 0.98864795
-0.20451535 -0.48045662 0.73294381
-0.58451904 0.42778444 0.2233201
0.7633171 0.22220613 -0.95234305
0.20635527 0.02318137 -0.21921065
-0.91458475 0.5760421 0.43561723
-0.5615497 0.02952085 0.56661408
-0.72585432 0.39299331 0.33457872
0.6843438 -0.10404193 -0.4587972
-0.68331774 -0.08909392 0.95371645
0.17120689 0.27979526 -0.42995586
-0.79870985 0.58298169 0.26079812
0.5827841 -0.52815331 -0.00961232
0.34658223 -0.6049713 0.37312236
0.2440801 -0.93760312 0.79139486
-0.12360043 0.15158122 -0.02593451
0.99169127 -0.80211662 -0.08913933
-0.86892713 0.707985 0.63983268
0.92665049 -0.85905318 0.10076373
0.65504775 -0.95865673 0.43105347
-0.77607726 0.87671023 0.01982091
0.79841234 -0.48718258 0.03266309
0.09458572 -0.59011034 0.49584771
0.80868213 0.43885565 -0.95393987
0.84096795 -0.6534074 -0.16415204
-0.07200096 0.50794885 -0.3073203
-0.20791602 0.69462393 -0.41673785
0.22085359 -0.95586547 0.89056861
-0.83497489 -0.06348915 0.91243832
0.87963901 -0.98026994 0.21078309
-0.73594175 0.45427085 0.28608663
0.85432408 0.24385578 -0.80207131
0.88642689 -0.55721688 -0.14996798
0.66205556 -0.5976387 0.03907612
0.97470549 0.04745734 -0.89383102
-0.77798508 0.27897094 0.52643296
-0.30236656 -0.33833156 0.73984502
-0.19135156 -0.48460169 0.67754278
0.04700489 0.8400556 -0.85316603
0.56915549 0.64727764 -0.93876311
0.18289482 0.76293026 -0.7818906
-0.42942897 0.05456441 0.45747482
-0.07791679 -0.33659886 0.4255394
0.29727172 0.35476337 -0.6139713
0.67161264 -0.78220893 0.12064842
0.48986833 -0.96555175 0.57608477
-0.66976377 0.17928069 0.61087159
-0.38869286 -0.14091232 0.70581931
-0.31241553 0.56844286 -0.12093032
-0.90901195 0.94328001 0.26569685
-0.35815164 0.35431332 0.03773558
0.59840473 0.02970509 -0.49323429
-0.07676251 -0.41554795 0.62714084
0.06731762 -0.55140236 0.48529363
0.79292077 -0.14679409 -0.62346963
-0.77405594 0.76775441 0.08326336
0.57201516 0.13592622 -0.59096308
0.98451112 -0.11647361 -0.85373139
0.18874264 -0.69736579 0.55538085
0.4629865 0.15597127 -0.52891584
-0.56939636 0.82090149 -0.11150717
0.42026477 0.58386909 -0.9998365
0.97686204 -0.10703995 -0.64139926
0.26424972 0.01103873 -0.16040446
0.30747259 0.2980057 -0.45029615
-0.60957169 0.7800236 -0.15982452
-0.38483807 -0.23844831 0.67339769
-0.45512216 0.4654697 0.05061012
0.49289132 0.18592708 -0.64823476
-0.19238638 0.55406648 -0.33997904
0.97321022 0.0384487 -0.84585907
0.97561626 -0.04275409 -0.89541627
0.47535362 -0.76789753 0.31710923
-0.90173643 0.81786277 0.16664935
0.6862553 0.33323138 -0.67868444
0.98390602 -0.23652576 -0.62768606
0.27139114 0.59280187 -0.77743682
0.60035126 -0.9593855 0.38552711
0.20994181 -0.86672327 0.88221441
0.79330419 0.41131285 -0.94792412
0.95608262 -0.95018982 0.01106081
-0.07054739 -0.4330096 0.73916963
0.11805474 -0.55436634 0.771688
0.47154467 -0.01449503 -0.26236624
-0.94924969 0.87809084 0.13429558
0.33560794 0.3063241 -0.63093853
0.38845639 -0.52344981 0.2954851
0.32661126 -0.79026121 0.49361306
0.02861796 -0.08944446 0.06236781
-0.5790549 0.66861249 0.12591282
0.05903358 0.41359501 -0.4583025
0.14437882 -0.75429585 0.78239616
0.69177825 0.4853455 -0.95381176
0.5994268 -0.80343164 0.36047317
-0.19265068 -0.19147886 0.43149856
0.85438134 -0.99830638 0.36134361
0.71550908 -0.880995 0.26720538
0.93130449 -0.78236628 0.10986345
-0.65320693 -0.06880045 0.8281369
-0.1974275 0.32882327 -0.05910191
-0.68765187 -0.15614437 0.94494292
-0.32003543 0.02925286 0.37335957
0.30928823 -0.46895251 0.22794147
0.87834829 0.0116261 -0.81792885
-0.08180379 -0.63406083 0.80084878
0.5380067 0.55388388 -0.90283135
0.85708181 0.18522929 -0.92181904
-0.22232269 0.9163279 -0.34499672
-0.8561143 -0.05730591 0.95417117
-0.37652078 0.18170317 0.25830762
0.15907632 0.35775115 -0.4838295
0.03488587 0.49155201 -0.47971387
0.71040189 -0.86366345 0.16459356
0.00056599 -0.49614134 0.55122765
0.32265929 -0.85438348 0.62475059
-0.02974037 -0.28132173 0.38896599
-0.99758271 0.94216636 0.16759693
-0.37093012 0.89873703 -0.40688596
-0.95633998 0.27134495 0.70603349
0.47808322 -0.20320172 -0.16180843
0.37862863 -0.71484898 0.3848043
0.05135696 0.80093331 -0.77062219
-0.71991233 0.5473434 0.22853625
0.02287031 -0.88438061 0.9346018
0.06275374 -0.38988136 0.33937798
0.55560725 -0.30481148 -0.18835326
0.09235486 0.46493362 -0.5317115
0.38509592 -0.90708533 0.62999818
0.79288314 0.35363705 -0.95246588
-0.41375141 -0.36187036 0.82608352
0.55439568 -0.94681442 0.44038401
0.46178487 -0.81418458 0.38059065
-0.2446323 -0.23637887 0.80902725
-0.26495952 0.78913837 -0.48375427
-0.26487737 0.87328894 -0.44634299
-0.98610653 0.45322677 0.55859445
0.67375488 -0.57300762 0.10218646
0.48187058 0.20356755 -0.68070084
0.1568704 0.96868508 -0.95232104
-0.40530434 0.73184577 -0.28998572
0.13288469 0.9817122 -0.99686592
-0.95606329 0.18447699 0.80803318
0.03692629 -0.85263766 0.98522599
-0.40291934 0.85255041 -0.43520282
-0.29569469 0.95392167 -0.36625632
-0.41635965 0.40974475 0.11837472
-0.79673394 0.1358933 0.84576052
0.41826475 -0.34478975 0.03779247
-0.4547167 -0.35703505 0.98483863
0.78071297 -0.20631108 -0.54917366
0.78372914 -0.31429234 -0.43678668
-0.0204714 -0.35044024 0.37222805
-0.28888856 -0.23763938 0.90995056
0.07899727 0.82298053 -0.88634963
-0.87352753 0.0978589 0.88725199
0.71142105 0.1112273 -0.7796666
0.12788097 0.42385753 -0.50888588
-0.3718536 -0.47296192 0.9304445
0.79770557 -0.52252548 -0.09880447
0.83372491 -0.18292989 -0.59594007
-0.4402064 -0.11868836 0.56956048
-0.62193479 0.26204739 0.40254523
-0.89458679 0.69015429 0.25994848
0.90654555 -0.84401498 0.28282673
0.69027551 -0.80238702 0.20861596
0.88102133 -0.24088375 -0.60035664
0.02451694 -0.76453587 0.76026499
-0.68810366 -0.13008186 0.9438727
0.40643048 0.8696027 -0.96756634
0.31565328 0.00205709 -0.3056648
-0.62178413 0.31462294 0.32950345
0.86780128 0.18123529 -0.92774837
0.70312582 -0.27303776 -0.3793111
0.75728856 -0.90921306 0.3649216
-0.24634881 0.12429829 0.14542922
0.20852674 0.59444181 -0.72116403
-0.47571111 0.51801481 0.12050958
-0.97696889 0.34173203 0.65619906
0.60618032 -0.97551317 0.46787221
0.69256875 -0.63550752 0.10571495
0.91060554 -0.68389293 -0.07597595
-0.43579628 -0.25988805 0.71115678
-0.34840869 0.54629804 -0.13640474
-0.39798528 0.18320553 0.23332947
0.95986094 -0.76104938 -0.1978037
-0.17643368 -0.61266894 0.83738757
-0.79129565 0.92405722 -0.12754416
0.78108472 -0.87525454 0.29797995
0.93985932 -0.16892025 -0.74712345
0.20163829 0.88558853 -0.93565252
0.03791525 0.30572327 -0.30454009
0.37534541 0.07195348 -0.41740103
0.9278224 -0.11930349 -0.79199214
-0.39695103 -0.15097281 0.55608754
0.73994339 -0.01405018 -0.72411236
-0.88564094 0.60338487 0.37486236
-0.02012304 -0.13334221 0.15347011
-0.23874271 -0.23666299 0.48538391
-0.42400384 -0.01748323 0.4976154
-0.52586252 0.44099447 0.1023651
0.99528968 -0.00257763 -0.75660346
0.89621048 -0.27187355 -0.37699907
0.42435989 -0.81192687 0.48550409
-0.52175017 0.80952151 -0.2068799
0.39808636 0.69222466 -0.90340806
-0.89383532 -0.00407276 0.92510519
-0.85760302 0.75053583 0.2872574
0.192131 0.15371328 -0.31871718
0.43829787 0.10400505 -0.51979798
0.32056889 -0.88491936 0.61559367
-0.26638422 -0.04742818 0.3269419
-0.73713202 0.12833136 0.98739005
0.94175147 -0.68817093 -0.15273988
-0.09267838 0.21553439 -0.11886346
-0.76593099 0.7516361 0.02534094
-0.89661946 0.2404654 0.67602798
-0.67763125 0.67620332 0.12363378
-0.82391757 0.22977215 0.69904732
-0.48209248 0.99502946 -0.10947691
-0.13606377 -0.27612005 0.41276938
-0.49659319 0.86241432 -0.24058295
0.34163328 -0.5046824 0.27576356
0.00116103 0.8102607 -0.59744832
0.52250984 -0.92168508 0.41800248
0.94115961 -0.19876656 -0.63452581
0.4387546 -0.72125566 0.30659515
-0.20023261 0.31904587 -0.03054074
0.72466606 -0.22124954 -0.39222843
-0.84619832 0.6223729 0.28549577
-0.52417123 0.73232874 -0.13529206
-0.16219203 -0.08961381 0.29100444
-0.02711311 -0.42546122 0.45844788
0.43914842 -0.62610855 0.21771331
0.56955838 0.08194322 -0.61416942
-0.25510814 0.47411686 -0.09581151
-0.87014795 0.44217107 0.44324569
-0.21497899 -0.28711469 0.73563404
0.52513117 -0.5157097 0.01625041
-0.63828072 0.31334024 0.38779241
0.10475328 -0.76646784 0.7242813
-0.94620257 0.24657683 0.72893562
0.38762351 0.17454038 -0.46547595
0.60422902 0.33569442 -0.91265391
-0.42786901 -0.42370036 0.87498985
-0.93259956 0.92112502 0.03216413
-0.40009722 -0.26642839 0.7523859
0.98676382 -0.21369704 -0.69960032
-0.06325991 0.72816583 -0.62018784
-0.2071373 0.61822127 -0.35242701
-0.34676489 -0.30996295 0.7133279
0.52189434 -0.46035941 0.03860977
-0.97923812 0.9238121 0.29807909
0.82798559 0.13140472 -0.88700193
0.43643485 0.61940984 -0.99593621
0.55953266 -0.66256886 0.15922941
-0.51676431 0.9143371 -0.20481655
0.5462926 -0.85921771 0.36867677
-0.82996419 0.19152877 0.80166968
-0.25634974 -0.43535308 0.77309769
0.80551575 0.14896986 -0.94810852
0.90193437 0.39202405 -0.9244387
0.48876925 -0.15778417 -0.26899307
0.57487944 -0.69958369 0.3801019
-0.92831307 0.9651578 -0.00421029
0.46335179 0.58732264 -0.67236051
0.92287653 -0.43695582 -0.28851844
-0.57892463 0.156991 0.70530617
-0.76307585 0.21676663 0.91985646
0.69615806 -0.93528713 0.44652412
0.19745604 -0.70685432 0.55428793
-0.21064538 -0.20971687 0.49842572
0.96589295 -0.44472443 -0.4126719
-0.73975137 0.78788645 -0.00365184
0.36350045 0.96937883 -0.94660509
0.81257546 0.16966664 -0.7726979
0.12525159 -0.48779404 0.54306407
-0.54919605 0.5870106 0.11821346
-0.05228571 -0.75171529 0.8489357
0.21278419 -0.56282767 0.48340984
-0.94642567 0.83186572 0.14728212
0.11274642 -0.79386811 0.69510217
0.85403797 -0.94154946 0.15701484
-0.68843218 0.34667561 0.36856172
-0.44719423 0.31199206 0.2606668
0.74929173 -0.09038305 -0.63846338
0.76634313 0.12187331 -0.54630326
-0.90326036 0.28770139 0.63107135
0.2797942 0.69383161 -0.96641332
-0.79614335 0.43166356 0.43330446
-0.41384796 0.09439867 0.4376864
-0.31863747 0.06763211 0.25269856
-0.5412517 0.89581818 -0.32441726
0.02479329 -0.57421855 0.60600666
0.98143269 -0.89995476 0.10438651
-0.25199191 0.88343968 -0.51436418
0.8309573 -0.50453281 -0.28270078
0.82066434 -0.4985393 -0.1641581
0.04491198 0.58307673 -0.54547325
-0.83779198 0.40273104 0.77575359
0.89878005 -0.85822626 0.17267417
-0.45071546 0.04210064 0.4639328
0.75093702 0.13338557 -0.6954056
0.99555203 0.10720368 -0.98173973
-0.57507409 0.84544225 -0.26942711
0.71456654 0.06743747 -0.77155498
0.92150866 -0.89443511 0.28201719
0.59433056 -0.53649435 0.16608196
-0.99562992 0.74327728 0.31034126
0.98919882 -0.86008083 -0.02971334
-0.11298257 -0.28137729 0.4194535
0.21705323 -0.69316541 0.54533157
-0.35272641 -0.1551417 0.64872228
-0.79828418 0.87586967 -0.05426664
-0.22702746 -0.30005016 0.64237875
-0.3083884 -0.20277574 0.57523306
-0.28590181 0.88515822 -0.4644223
0.03185203 -0.37143096 0.34865022
-0.53038417 0.7143747 -0.1544983
-0.29057946 0.97307706 -0.36139676
0.06579591 -0.80890321 0.79286064
0.37314565 -0.05118797 -0.2790493
0.15718335 -0.49375409 0.38160896
-0.78627992 0.21900426 0.69076301
0.79632388 -0.72060094 -0.03623887
-0.43686195 0.99197111 -0.48253938
0.03791879 0.61779985 -0.60302342
-0.81959051 0.68410106 0.39445676
0.09855941 -0.94494641 0.85541659
0.13954846 -0.74849683 0.89510737
-0.37116463 0.67728821 -0.26186828
0.10761036 -0.95227588 0.85102807
-0.69834938 0.81462578 -0.03605964
-0.13962079 -0.06650404 0.25915663
-0.38454589 0.83906074 -0.3797542
-0.21393535 0.6747776 -0.41120124
0.12082595 0.83170038 -0.83733045
0.80632517 0.32904574 -0.97888514
0.85499428 -0.36502623 -0.30599776
0.72016139 0.32299802 -0.95275743
-0.57658826 0.03060881 0.69504005
0.07903177 0.935527 -0.95261777
0.32679094 0.81279934 -0.85577756
0.16894201 -0.46844048 0.40032144
-0.15565646 -0.76764904 0.97733405
0.36845063 0.57933607 -0.76943107
0.73293756 -0.45249445 -0.09975799
0.89935961 -0.13297938 -0.65741785
0.22949356 -0.84515158 0.65119776
-0.80233396 0.91100324 0.13853215
0.83038432 -0.98066815 0.18790153
-0.25190463 -0.62560168 0.9205906
0.08831179 -0.60554674 0.54231637
0.47856439 -0.63372749 0.20980294
0.90924013 -0.13467423 -0.75950137
0.52843702 -0.83540136 0.49701858
-0.16098985 -0.50715897 0.72867491
-0.86638294 0.41347992 0.83719781
-0.65851574 0.39117024 0.28622567
0.89680933 -0.6096684 -0.12827204
0.06001135 -0.67390924 0.64129977
-0.53932824 -0.16687955 0.78346016
0.0760329 0.41167854 -0.32510196
0.48218756 -0.79161069 0.44432768
-0.24472989 0.98123561 -0.47512783
-0.41346211 -0.37340028 0.83796094
-0.85575444 0.33330094 0.58397577
0.62534379 0.1729813 -0.76074969
-0.84435486 0.89634003 0.40154639
-0.72833039 0.22105018 0.55819286
-0.00579694 0.59301644 -0.54574647
-0.29246162 0.33614567 -0.04006849
0.91658272 0.3474746 -0.94305004
0.58462999 0.05697481 -0.54192908
0.22532408 0.94874993 -0.98792249
0.37600423 0.53818067 -0.89064178
0.78220861 0.49666601 -0.96694297
-0.18650091 -0.45719273 0.83751665
0.06948888 0.78954123 -0.77668288
0.5444421 -0.20385018 -0.30490578
0.94973688 0.11843816 -0.96192709
-0.3335976 -0.32858112 0.72011895
0.53312051 -0.77397877 0.49957973
-0.5969169 0.8904855 -0.1581301
0.18837523 -0.57395453 0.38697909
-0.43504032 0.84387861 -0.2924237
0.43770926 0.37694951 -0.80162343
0.76810396 -0.96845381 0.25893449
0.53444406 -0.84874267 0.32505698
-0.8526347 0.30360045 0.9893983
0.43844099 -0.91005169 0.52605203
-0.20119494 -0.53751902 0.76968454
-0.348282 -0.35961116 0.7223514
-0.71556571 0.35826747 0.710444
0.9315029 -0.38832344 -0.47954936
0.57193791 -0.96717623 0.5459027
-0.40453077 0.71334781 -0.26972887
0.50325375 0.38291324 -0.73234059
0.97599719 -0.93285242 -0.01197161
-0.61045491 0.09903848 0.62332503
0.48179442 0.46768443 -0.6343926
-0.93556394 0.81070615 0.31086819
0.92010821 -0.33861014 -0.26896899
0.64809125 -0.83766983 0.69038464
-0.56817869 0.07229716 0.61912861
-0.38954694 -0.24797177 0.71734602
0.15558591 0.3981007 -0.54651011
0.78801191 -0.42947273 -0.18765081
0.71868552 -0.87199234 0.30671706
0.68363761 0.03449242 -0.63052757
-0.51720483 0.4992223 0.06058248
-0.97554737 0.84797603 0.21531254
0.52626461 0.6789195 -0.99906379
0.68918425 0.16572187 -0.78166264
-0.27313123 0.96371719 -0.64756603
-0.76599577 0.91276877 -0.08308715
-0.24053942 0.86587815 -0.42990541
-0.86061003 0.72774386 0.34829045
0.73808721 -0.43481904 -0.27713315
-0.56131196 0.99914576 -0.06886458
0.18080054 -0.94009859 0.86647792
-0.15645122 -0.4844466 0.65031679
-0.98456697 0.30831009 0.70860471
-0.61409248 0.30172434 0.69110434
-0.05540706 -0.76976369 0.84246722
0.49115375 -0.84890836 0.41778855
0.65248331 -0.08732811 -0.50105251
0.50688241 0.39379752 -0.87524806
0.47270646 0.11723289 -0.51372261
0.8112056 -0.86839638 0.14748852
-0.99680944 0.41360184 0.69471178
-0.42995437 -0.2053726 0.65956776
-0.64975934 -0.17447426 0.96665614
0.12722392 -0.31949404 0.33143112
-0.8517798 0.37198482 0.53023512
-0.58584033 -0.04090591 0.63385129
-0.44186886 0.71619181 -0.16733739
-0.66531286 0.65975631 0.09847038
-0.69219505 0.37950836 0.35344585
0.02619454 0.78836217 -0.74137693
0.52664406 -0.9596559 0.63803523
0.68556168 0.12669184 -0.71395059
-0.86150928 0.22479715 0.90102625
-0.66231512 0.24229167 0.42969551
0.38938895 -0.28601303 -0.09699452
-0.03819603 0.39432921 -0.31614937
0.80555184 -0.37763107 -0.34378407
-0.31055812 -0.40709301 0.80130532
0.10161158 0.14914288 -0.2428303
-0.47788317 0.4106985 0.07496722
0.26748762 0.00942699 -0.19516852
0.83225217 -0.77710993 0.02392135
0.38463313 0.42904862 -0.76355937
-0.9287482 0.85355458 0.61725953
0.55749085 0.12022746 -0.62887305
0.35193745 -0.40199638 0.06677028
0.41981512 0.51526172 -0.86322846
0.39823764 -0.69309705 0.50050887
-0.67596145 -0.16939554 0.85168665
0.9242767 -0.58520506 -0.19256435
-0.50598304 0.08688328 0.52550785
-0.63179948 -0.10554827 0.80644003
0.70793144 -0.87909222 0.32534646
0.41674357 -0.52411276 0.40167275
0.86355109 -0.86348393 0.01052286
-0.71967155 -0.22211554 0.99342768
0.51876085 -0.79704901 0.48522258
-0.94905324 0.95195037 0.63082834
-0.41402961 -0.15959915 0.59410419
0.84493008 -0.56729779 -0.26051804
-0.74946469 0.07989216 0.90198928
-0.76205822 0.44656209 0.54090295
0.7877944 -0.99805175 0.41735272
0.42074715 0.12472823 -0.48751695
0.36570824 -0.65539011 0.3054768
0.87478063 -0.28650071 -0.49895989
-0.28013948 0.51919419 -0.17672806
0.63533691 0.50134887 -0.84743063
0.4096941 0.27238729 -0.59013085
-0.39030839 0.69951056 -0.26947971
-0.96423347 0.86835696 0.38884235
0.93854691 -0.34882741 -0.4671206
-0.8953295 0.86755381 0.58154666
0.89703405 -0.69380091 -0.12854764
-0.12765863 0.84625636 -0.68769738
-0.77650831 -0.04322069 0.97397619
0.65882708 -0.65631387 0.00155331
0.0694774 -0.44032375 0.44537614
0.12951031 -0.71896105 0.68323685
-0.78137297 -0.03917109 0.82239905
-0.96925962 0.56964351 0.41971872
-0.9524769 0.64077258 0.32005267
0.62695705 -0.13861707 -0.36249141
0.89129935 -0.53611642 -0.21817988
0.84389149 0.2284244 -0.93153513
0.23799129 0.59067292 -0.65314747
-0.66702978 0.67177974 0.03524335
-0.41931061 -0.43021011 0.88753668
-0.91943668 0.26586071 0.68420355
-0.10664078 0.85459826 -0.69861803
0.50333509 0.68645316 -0.99796956
-0.47708854 0.35966986 0.15504674
-0.61147332 0.0147404 0.70096031
-0.50700433 0.5356495 0.05834181
0.92385523 -0.54093336 -0.2167898
0.49664925 -0.43543429 0.01134708
-0.23132216 -0.19610843 0.88423718
0.06970519 -0.81319264 0.86213323
-0.54930193 0.59998249 -0.00684404
-0.5114381 -0.3835406 0.93946082
0.80269067 -0.11579762 -0.51625146
-0.2408208 -0.63989679 0.92377286
-0.60416099 -0.2229361 0.84412173
0.85248518 -0.4387672 -0.35115149
0.28869968 -0.47257771 0.27909975
-0.0775342 -0.53227165 0.66106307
0.10750203 -0.19586448 0.09266052
-0.44116128 -0.11110676 0.62771391
0.271683 0.31658622 -0.47830583
0.52244354 -0.4317026 -0.04909208
0.88716728 -0.71120586 -0.17337263
0.47390704 -0.5218951 0.19527864
0.41092308 -0.21367808 -0.16041407
-0.41737582 0.63039122 -0.21219322
-0.04369273 0.66406936 -0.52646917
0.77239074 -0.8106998 0.35023032
0.53825252 -0.88084757 0.45315027
0.24000659 -0.88980316 0.75461794
-0.9065648 0.5636903 0.49828159
0.23837925 -0.56524178 0.40502982
0.72135652 -0.10697521 -0.52773764
-0.96833716 0.50412271 0.56410584
-0.9305735 0.75158528 0.58220532
0.50400228 -0.70768815 0.26332458
-0.30524195 -0.43486328 0.80891709
0.01734183 -0.93096479 0.97743291
-0.87878732 0.24091064 0.85449775
-0.58531656 0.16147177 0.46313314
-0.89437002 0.41689539 0.52162399
-0.48755162 0.38856591 0.18106994
-0.21924505 0.99235511 -0.68927815
-0.87225353 0.94334118 0.03046786
0.17283259 -0.5205795 0.49787947
-0.12494481 0.85304819 -0.69016239
-0.17426565 0.71211243 -0.50601914
0.01287171 0.63421062 -0.5051104
0.87075294 -0.22605416 -0.58733498
0.35640449 -0.67889889 0.58340969
0.49740362 -0.91548639 0.66699733
-0.32459855 0.93321873 -0.35815608
0.04596557 -0.61266334 0.96519899
0.97041327 -0.69894178 -0.25094089
0.1668415 0.35574486 -0.5000134
0.43994976 -0.88648537 0.44720665
0.40781269 -0.96319564 0.72683088
-0.70462109 0.17854155 0.62702345
-0.31597522 -0.02245419 0.44970168
0.10170832 -0.70245495 0.61044938
0.04102277 -0.59389094 0.77320429
0.55109584 -0.13428111 -0.36902622
0.55803865 -0.69097052 0.37887045
-0.08247056 0.91069482 -0.65219063
-0.04854487 -0.69299596 0.87310026
-0.32655177 0.18139749 0.14710077
0.47038011 0.698349 -0.89402986
0.83587569 -0.26545325 -0.51538599
-0.9058259 0.10543615 0.98060137
-0.5693101 0.76596871 0.06158433
0.77668678 -0.90009492 0.44857249
0.93689495 0.30584253 -0.96449273
0.65218153 -0.36924051 -0.24293917
0.02053584 0.48922167 -0.45913947
0.65139123 -0.84240296 0.26690666
-0.74370789 0.02741637 0.88339645
-0.26686982 -0.27801267 0.65885328
-0.13503037 0.73898251 -0.57551319
0.14286386 -0.74994291 0.66412161
-0.22139746 -0.38369824 0.69707382
0.95199851 -0.5925731 -0.25411621
-0.3020248 -0.4854176 0.79155829
-0.93999569 0.48239591 0.77682421
0.18211639 -0.60769703 0.45928659
-0.12233803 -0.38826557 0.67652578
0.88742642 -0.28246644 -0.52141403
0.21219308 -0.0279981 -0.14995154
0.59061278 -0.0652855 -0.47055962
-0.41394236 0.9729022 -0.4233627
0.72435542 0.51272815 -0.97505917
-0.96388297 0.73870522 0.29565222
-0.40704684 0.88341855 -0.37854478
-0.5255862 0.99668999 -0.10138894
0.92186047 0.0356284 -0.91331735
0.25086509 -0.74402957 0.64255495
-0.06990972 0.5151504 -0.40511003
-0.39027422 -0.24216668 0.95526872
0.98691275 -0.59357495 -0.18632449
0.45222264 0.59630523 -0.97212025
-0.11870647 0.44163707 -0.31034097
0.76442225 -0.17710011 -0.53664647
-0.41369857 0.82948007 -0.32585394
0.81007829 -0.5391835 -0.22310198
0.10637288 -0.72544284 0.79079018
0.94220985 0.00630296 -0.87220931
-0.28636616 0.90252791 -0.60437102
0.42979991 0.1999979 -0.5667967
-0.6716359 0.11830207 0.56549917
0.01017892 0.89498019 -0.86869325
0.83326385 -0.96711671 0.21944293
-0.26909459 0.84134461 -0.49134514
0.34863639 0.56286567 -0.81911189
0.2435127 -0.62803097 0.6335269
-0.68526288 0.87249497 -0.09735348
-0.91754434 0.89617135 0.19432574
-0.57767233 0.81990702 0.06821433
0.57487484 0.38885314 -0.77542851
-0.79376111 0.70602237 0.22071428
0.04601766 0.81559732 -0.80814235
-0.30466615 -0.19359349 0.59801217
0.05153553 -0.48513255 0.55839856
-0.54340242 0.86375734 -0.31599482
0.12435481 0.88046617 -0.83518059
-0.57848243 0.71942211 -0.05190163
-0.50986407 0.83703591 -0.17438446
0.96709719 -0.60968906 -0.31827528
-0.19160697 -0.72804111 0.93323267
0.40833454 -0.40251683 -0.00442506
-0.68242961 0.52108812 0.41242651
0.8562618 0.04682165 -0.7369381
-0.18384789 -0.47261239 0.65841619
-0.549265 -0.0521895 0.63398663
-0.86206872 0.85244702 0.05405596
0.21750449 -0.72169088 0.80160946
0.13999816 0.73595277 -0.77682093
-0.62789953 -0.27722447 0.96994011
-0.72856832 0.68154749 0.10999312
0.23603825 0.00476536 -0.19827446
-0.07202629 0.46919871 -0.39039259
0.32412664 -0.75810048 0.62680226
0.61789951 0.58159026 -0.9222275
-0.20089071 -0.62410216 0.93826067
-0.89498558 0.39090447 0.60672227
0.31204706 0.37464617 -0.64831951
-0.30527137 -0.18328963 0.53276047
-0.42054632 0.80445704 -0.26356701
0.33693634 0.80502479 -0.78945046
0.2773293 -0.68076469 0.41684038
-0.83534771 -0.08041194 0.99297304
-0.79050799 0.39535331 0.53144556
0.14123108 0.59037829 -0.67788759
0.17778179 0.35158077 -0.48788983
-0.35995585 0.64731888 -0.10103239
-0.43717163 0.62018132 -0.09739301
-0.15565936 -0.19555712 0.42632394
0.52947718 -0.77820699 0.28631235
-0.59474814 0.12847327 0.92690632
-0.16320027 0.8241518 -0.57862265
-0.40518427 0.31138991 0.34816056
0.27921217 -0.89158811 0.77956394
0.3732877 -0.14507854 -0.21791587
0.06848191 -0.87715512 0.82754187
0.34080145 0.71981219 -0.97551749
0.61228761 0.32996429 -0.87344924
-0.17542485 0.81493448 -0.56769682
0.98808343 -0.80134723 -0.1426207
-3.85443554e-01 -1.68901291e-04 4.43220235e-01
-0.21903953 -0.39525589 0.65455653
0.09121132 0.95756547 -0.93230883
0.71602499 -0.45311354 -0.14140573
-0.5156865 0.49454464 0.17353743
0.49118616 -0.06696677 -0.38319917
-0.07980926 0.64185574 -0.55792945
0.24361877 -0.85601148 0.71271042
-0.4886789 -0.19073119 0.70646057
-0.62875428 0.16124155 0.56978891
0.76359181 0.19843402 -0.77531553
0.66079361 0.20577377 -0.79933846
-0.04518917 0.20496854 -0.13517648
0.54198836 -0.62729025 0.20687288
0.451653 0.03579747 -0.42069894
0.57214608 0.34754659 -0.89366674
-0.74722696 0.053183 0.71940062
-0.2321003 -0.18936851 0.72780001
0.08378751 -0.69952321 0.81970209
0.37511028 -0.64661351 0.35653157
-0.82156647 0.13908796 0.74240408
0.47134406 0.17669561 -0.57721203
0.94467806 -0.55031178 -0.39170669
-0.68448288 0.93157614 -0.12872563
0.90597859 -0.49622304 -0.39961514
-0.82039743 -0.03490308 0.88617952
0.95738565 -0.30376015 -0.64509537
-0.29979424 0.46190171 -0.0472764
0.48325726 -0.01177046 -0.46424169
0.91664472 -0.91450169 0.05199175
0.57242119 0.50247995 -0.85493909
-0.73159403 0.81978914 -0.07958532
-0.57233167 0.79058639 -0.12271994
0.67456878 0.25106465 -0.8040795
-0.01812056 0.50146182 -0.45615434
-0.71320801 0.62911208 0.28584066
-0.01833607 0.65752734 -0.58379663
-0.40133162 -0.24569427 0.71840254
0.2766508 -0.17284308 -0.10164652
0.7275794 -0.52315716 -0.06754964
-0.51583611 0.27492947 0.29889208
-0.71567772 0.60522492 0.12986519
-0.7934248 0.91798381 0.00247632
0.04399075 0.37709787 -0.37366584
-0.72233023 0.72957453 0.01556134
-0.27628876 -0.35959217 0.77234439
-0.49699249 -0.01603701 0.58155237
-0.19302136 -0.56849208 0.91531497
-0.99436487 0.1679957 0.92856116
-0.86748016 0.34581526 0.59626562
0.08028391 -0.58191062 0.94038101
-0.54310816 0.6659999 0.1690282
-0.91292988 0.91289529 0.03996883
0.26133652 -0.91028809 0.70048623
-0.70596876 0.82004908 -0.07810691
0.45922629 0.66205057 -0.93244092
0.98519168 -0.06532857 -0.7194764
0.51198454 0.18013626 -0.64210063
0.23749737 0.7998284 -0.66291055
-0.03683093 0.96092293 -0.7821232
-0.23922677 -0.43739869 0.83985388
-0.04306953 0.69150272 -0.61927546
0.9795893 -0.20792844 -0.6469819
0.52842829 0.04322661 -0.51676886
0.48871872 -0.41483229 -0.07216003
-0.13429179 -0.46660914 0.81462935
0.34795058 -0.7361521 0.4788651
0.62635929 0.07718449 -0.62849439
-0.72428869 0.48499893 0.33013143
-0.60895173 0.87265828 -0.05612105
0.82333309 0.2069663 -0.75625011
-0.56091159 0.31460057 0.4622917
0.06918804 0.94699186 -0.78602082
0.04447119 0.3982858 -0.36790163
0.00815959 -0.36108929 0.67609486
-0.99191224 0.06233614 0.99731124
0.09858278 0.4212477 -0.4467569
0.11765641 -0.22019714 0.1325139
0.03615805 0.4718626 -0.48137028
0.33550222 0.71206128 -0.8277173
0.15909422 0.28142877 -0.39313742
0.75186798 0.18288864 -0.93088724
-0.1416083 -0.8240985 0.99306448
-0.28106852 0.76119468 -0.2537972
0.7572786 -0.41779846 -0.33146965
0.68913396 0.08065807 -0.69043825
0.974498 -0.82011747 -0.09066305
0.91804745 -0.61953835 -0.0806935
0.15946222 0.74428431 -0.89420749
-0.14782916 -0.49278493 0.71462648
0.95827631 -0.08419351 -0.86377765
-0.01267845 -0.59420156 0.65716099
0.00448126 0.14876793 -0.14331525
0.02818815 0.6994461 -0.6705793
0.58421417 0.06779404 -0.64588674
-0.02080327 0.88044088 -0.67066053
0.64606265 -0.54781877 -0.008287
0.9038344 -0.97586651 0.12320936
-0.92807935 0.31201356 0.68915976
0.11344556 -0.97165928 0.9981769
-0.19327919 -0.1496127 0.51912961
-8.12955768e-04 8.77420548e-01 -8.09560664e-01
0.54769063 -0.98927027 0.51496493
-0.4525812 0.12892091 0.54716205
0.76501694 -0.87195273 0.17837661
0.17762443 0.04243744 -0.2175305
-0.66131648 0.51306269 0.19542269
-0.23210866 -0.49534767 0.81479362
-0.12782122 0.74195212 -0.5919683
0.794497 -0.10348094 -0.35701536
-0.77564086 -0.15748147 0.9709302
0.09204415 -0.81624429 0.77567964
0.07115224 0.45364636 -0.47496431
-0.93964404 0.8027946 0.17300306
0.15400678 0.57282994 -0.64916585
0.17164527 -0.17407099 0.02396506
0.2954846 -0.3235893 0.03143314
-0.67300096 0.53014423 0.16515823
0.53721579 -0.50932371 0.0835191
0.30695086 -0.44120334 0.20746746
0.35164778 0.26571571 -0.38376922
0.03105162 -0.63342109 0.84436438
0.96755757 -0.78426612 -0.0423811
-0.10238745 -0.44005265 0.58386618
-0.23472015 0.8279644 -0.45586274
0.38839385 -0.10501892 -0.25543942
-0.09227052 -0.62643582 0.81526899
-0.98519247 0.86483565 0.43108963
-0.09655015 -0.66933501 0.93101022
-0.56234244 -0.26631788 0.85486549
-0.54639269 0.46690771 0.13367104
-0.52293658 0.29314424 0.25104424
0.23402808 0.41104109 -0.64366476
-0.65632844 0.46942909 0.1953942
-0.42405801 -0.23230152 0.67215378
-0.89378042 0.57174433 0.37308578
0.9835238 -0.16440494 -0.76848266
-0.04201283 -0.7562068 0.937007
0.87907776 -0.55962635 -0.30813017
-0.17187878 0.99103844 -0.80122168
-0.78394306 0.66094715 0.17162302
-0.10761492 0.79981695 -0.67492358
-0.95743414 0.35661413 0.77222798
0.7648236 -0.50912793 -0.21160458
0.82106607 -0.1976703 -0.57744605
0.71789804 -0.3515469 -0.32444528
-0.33523978 0.16789987 0.19597135
-0.36821863 -0.38945844 0.76299404
0.56274934 0.3895431 -0.93712221
0.35877818 0.45464858 -0.64873461
0.35264818 0.51739947 -0.8025472
0.4857994 0.71846048 -0.89904832
0.03065069 -0.86641277 0.88360696
0.51469674 -0.52018579 0.02112404
-0.34364963 0.83255615 -0.43891399
-0.03874831 -0.71269652 0.92549548
0.99207439 0.34550438 -0.85786366
0.36702944 0.89148625 -0.9409282
-0.26970804 0.16422786 0.12710695
-0.85718025 0.13304236 0.73692041
-0.01284317 -0.28649615 0.33067324
0.08920973 -0.25015872 0.29135583
-0.31465154 -0.19521851 0.58418231
0.52700987 -0.67752659 0.31602435
-0.8625316 0.41619046 0.61936982
-0.14170458 0.90219974 -0.59974903
0.16586411 -0.50199709 0.57207383
0.12896617 -0.7093619 0.63262501
0.07733553 0.94035797 -0.93340068
-0.42626276 -0.26744587 0.71045498
0.97187718 -0.47608422 -0.16697275
0.53371672 -0.59722604 0.24435666
-0.9439892 0.02824474 0.94157149
0.43183731 0.34506649 -0.57830759
-0.18154601 -0.6254774 0.91935241
-0.70761337 0.93466431 0.0205096
-0.40182733 -0.11350261 0.55259238
-0.37916239 0.40837211 0.07345197
-0.01765347 0.92161071 -0.78297465
-0.35630595 0.98820867 -0.59713871
0.55213158 0.26373888 -0.70525527
0.61513621 -0.9636812 0.52628261
0.00857193 0.76864765 -0.55101129
0.39504662 -0.32405438 -0.06043078
-0.93423711 0.76548715 0.50240728
-0.07503512 -0.3850342 0.69028276
0.39327985 -0.02435177 -0.34703094
0.15208491 -0.60182305 0.62189446
0.67874478 -0.18559331 -0.48438438
0.91625748 -0.59684989 -0.18995058
0.05454658 -0.15367185 0.11362684
0.18319636 0.05804796 -0.16026702
0.14798165 -0.93714358 0.90970986
0.32029149 -0.47352402 0.18234692
0.36251907 -0.9142602 0.81622361
-0.99479974 0.60513152 0.47735285
-0.50687928 0.13089274 0.49763
0.97380487 -0.04638573 -0.84727126
0.46493316 0.36920314 -0.73054731
0.60698673 0.29439973 -0.87030831
0.70634743 -0.66566298 0.11982976
-0.35135053 -0.27548626 0.73773002
-0.44944824 0.77659852 -0.22220472
0.64460394 -0.2433145 -0.34222144
0.61364784 -0.52299334 0.13775374
0.59049138 -0.1198646 -0.42350821
-0.51596287 0.45033401 0.08531639
0.14203016 0.74865195 -0.6740147
-0.29108562 -0.22578038 0.56038463
0.81127371 -0.42731656 -0.29587533
-0.78467039 0.88112823 0.00945227
-0.5090506 0.30253628 0.31502941
0.97939786 0.03591452 -0.96829023
-0.40886236 -0.26088139 0.81936883
0.81309341 -0.99320884 0.20714599
-0.50962468 -0.07429671 0.71179295
0.16999879 -0.57541075 0.4641037
-0.49401622 0.98173866 -0.24602964
-0.12008365 -0.60912352 0.74673809
0.49851488 -0.96632953 0.61083369
0.0179892 0.77081236 -0.69908318
0.7563683 -0.10084575 -0.64522252
0.89897036 -0.0158456 -0.81905138
-0.16103991 -0.51375022 0.74430368
0.86623444 -0.76621203 0.22680201
0.72878671 0.25570381 -0.60700727
-0.35426515 0.55624986 -0.19741059
-0.94689537 0.18366855 0.79152843
0.29359466 -0.17822821 -0.07468986
-0.43970529 0.77534131 -0.19282248
0.05549383 -0.63422049 0.78721254
-0.79612514 -0.06616801 0.91514296
-0.72081902 0.82565339 0.20521905
0.28777741 -0.74181098 0.83370219
-0.14381389 -0.16506493 0.40951889
-0.51844395 0.43654131 0.17114955
0.256617 0.41708942 -0.62020666
0.94867139 -0.46404634 -0.26166466
-0.03699508 0.57191284 -0.27832154
-0.49913119 -0.15891763 0.67943333
-0.57203154 0.80150515 -0.10669008
-0.38349898 0.38718351 0.0203088
0.59896545 0.20553691 -0.69361022
0.21915319 -0.57638988 0.50673959
-0.60250719 -0.1260983 0.88355759
0.92511764 -0.25087316 -0.5262717
0.72530302 -0.09814253 -0.55166841
-0.63914613 0.32426397 0.49143434
-0.19154523 0.66270198 -0.36446161
0.92341279 -0.36565183 -0.31324781
-0.43834713 0.39016286 0.09115762
-0.69810599 0.29195481 0.41846194
0.15818191 -0.28176818 0.16357226
0.58950617 0.1898099 -0.7337133
0.01418888 -0.2841544 0.34487232
0.3136489 -0.48426692 0.1887939
0.34434962 -0.14185228 -0.16471741
-0.78151425 0.49920685 0.42611038
0.56883902 -0.68575382 0.77793798
0.29005954 0.64208625 -0.92188135
-0.37553326 -0.28831932 0.83646162
-0.86413759 0.4025205 0.47599415
-0.33661519 -0.25621871 0.75407188
-0.89321043 0.22709355 0.95916897
-0.33799979 0.4215794 -0.04672886
0.20237587 0.7977587 -0.9641627
0.27305986 0.52022354 -0.64758934
0.7955448 0.19009642 -0.77626828
-0.88167121 0.6269644 0.44270945
0.81218508 -0.07493854 -0.6781173
0.48752429 -0.69483915 0.63724978
0.98595855 0.0062287 -0.84876069
-0.45967837 0.00354411 0.50662213
-0.84864372 0.34313331 0.52547077
0.58019024 -0.21881785 -0.26435348
0.60115154 -0.93574228 0.34557848
-0.46217211 0.33381805 0.22328606
0.1236049 0.30949766 -0.37705798
-0.83758355 0.93639596 -0.04414786
-0.95703744 0.97640654 -0.00161223
-0.71498876 0.13251498 0.66246658
-0.81810529 0.68560363 0.57731189
-0.53559998 0.08773224 0.44971218
0.78784155 -0.96121285 0.3814961
0.58518982 -0.76350557 0.23662856
0.83437803 -0.78539579 0.28025743
0.33048889 -0.31825379 0.04479904
0.20227296 0.21257178 -0.39515387
-0.64032285 0.70623325 0.4638116
0.01465942 -0.48403755 0.65410265
0.14244718 -0.59973313 0.4620828
0.26434219 0.20048965 -0.39911005
0.10495288 0.75504584 -0.76133447
-0.20752412 0.28642905 -0.0236045
-0.56523471 0.74901393 -0.02476258
-0.40784532 -0.01207024 0.45256805
0.50450924 -0.03170958 -0.40861186
-0.9276368 0.86790662 0.09324796
-0.16385568 0.73621194 -0.50335232
0.5021767 0.29023668 -0.65016202
-0.31184318 0.53274447 -0.21465122
-0.67777917 0.11966376 0.56313951
-0.31449784 -0.29614859 0.84878942
-0.72845705 0.3943553 0.41155066
-0.28103126 -0.34000864 0.66304185
0.19551145 0.87554364 -0.91608113
0.63780611 -0.6194666 0.02986478
0.2620904 0.55578228 -0.76346668
-0.81107592 0.54948136 0.35574442
0.90582108 0.08016898 -0.91551962
0.31994156 0.6829362 -0.84005544
0.14828845 0.90484424 -0.84141215
-0.23890625 0.59285944 -0.26048289
0.44869147 -0.37984523 0.01399443
-0.29498849 0.05182497 0.26045095
0.82922963 -0.28573339 -0.35535248
-0.77032734 0.60239041 0.21296474
-0.84037795 0.13990218 0.82255544
0.48252524 -0.25905164 -0.21903915
0.14236252 -0.7468682 0.74866453
-0.48682054 0.15403383 0.34360268
-0.89441005 0.80928913 0.47718782
-0.69744226 0.73949021 0.118204
0.15441633 0.68773512 -0.77461353
0.7978849 -0.20637383 -0.5361831
-0.11721616 0.79569978 -0.58376214
0.98528551 -0.79084899 -0.00686758
-0.20188029 -0.50870229 0.84339282
0.22972559 -0.6676122 0.49059998
0.64908545 -0.10050987 -0.54813151
0.23572657 0.76517269 -0.81472313
0.93905054 -0.9987304 0.19324391
0.51586348 -0.8412239 0.44558053
-0.08372641 0.95984831 -0.78142165
0.07551049 -0.33759256 0.27520615
0.32610276 0.62268807 -0.76781081
0.79483754 -0.63635892 -0.13904858
0.65017319 -0.1015763 -0.37349801
0.41182963 -0.57741377 0.24173154
-0.15874897 0.91732332 -0.60869184
-0.96155883 0.11528512 0.85483244
0.64556211 -0.06496478 -0.47214521
0.01644818 0.87843867 -0.65032614
-0.09391221 0.54285665 -0.42557576
0.19451094 0.17761039 -0.32140179
0.55004377 -0.90060223 0.36761804
-0.25814786 0.77608799 -0.40230929
-0.62366075 0.70187655 -0.02187635
0.45550639 0.05119537 -0.48036802
0.44105378 -0.33640675 -0.06877156
0.84922749 0.18080098 -0.93243452
0.75671675 -0.79990176 0.17083264
-0.78465674 0.78762717 0.26807868
0.93453916 -0.89832395 0.17216453
0.45337119 -0.11611198 -0.21459254
-0.86531945 0.19193893 0.7330995
0.72188467 -0.19521515 -0.31113776
0.99045539 -0.72862611 -0.23139537
-0.31043739 0.91615108 -0.54658102
0.03940411 -0.02322606 -0.0102279
-0.47758974 0.04113044 0.57766113
0.74917684 0.20768397 -0.82749637
-0.06903166 -0.74235918 0.94416141
-0.16152644 0.13233163 0.05818253
0.16384725 -0.94540083 0.86988227
0.45510597 0.30101068 -0.74322691
-0.14524952 -0.61350196 0.76017194
0.32198962 -0.36386133 0.10041661
-0.954718 0.75750655 0.22070929
0.32647195 -0.76394163 0.49647553
-0.19317647 0.13738076 0.10047175
-0.68275934 0.54509612 0.24061232
0.98249154 -0.4029045 -0.55612693
-0.71967018 0.15976333 0.60035766
0.56207798 0.55631436 -0.98915906
-0.41364249 0.49626377 -0.01987619
-0.12337374 -0.68600763 0.83911753
0.98803634 -0.92152418 0.15736535
0.25121935 0.12600705 -0.32038465
0.3295454 -0.72014332 0.72116797
-0.9904673 0.91366791 0.08922396
-0.18810119 -0.44939128 0.64308232
-0.01679609 -0.31313954 0.39520432
0.91409128 -0.98194647 0.35004479
-0.00602205 0.79561485 -0.77698631
-0.16708049 0.92601669 -0.51833207
0.45519926 -0.72167153 0.36370497
0.62248934 0.26252379 -0.81364302
-0.03012636 0.6040872 -0.50661843
-0.90273134 0.79857849 0.31886279
0.48693359 -0.4102249 0.06013298
0.31388686 -0.90760583 0.71602184
0.09215816 0.74060553 -0.55458013
-0.31184289 -0.29795732 0.65259445
-0.84297319 0.56595269 0.39292803
-0.93316367 0.2479032 0.70233883
-0.79928586 0.66852164 0.14537154
0.5382426 -0.91226245 0.44464902
0.93018986 -0.89854002 0.08768343
0.05985851 -0.57365047 0.67733916
0.18176851 0.30181707 -0.45218021
-0.21144305 0.16130532 0.0534478
0.72895455 0.19241412 -0.84832303
0.06068021 0.89222616 -0.76494775
-0.58444407 0.96919304 -0.00445264
-0.184247 -0.4301257 0.71818383
-0.82326802 -0.01832994 0.84284639
0.58888185 -0.39099343 -0.14164448
0.94613226 -0.39460896 -0.39371076
-0.65017787 0.29871063 0.40024712
-0.5504543 0.06173142 0.72484806
-0.1722402 0.74831575 -0.42208007
-0.85597758 0.69282474 0.4125915
0.69200264 0.24525228 -0.80387451
-0.3009856 0.23241886 0.09796231
0.7398101 -0.77621742 0.08173974
0.13490406 -0.8485487 0.82101679
0.52160607 -0.60364833 0.09912399
0.75589673 0.19385496 -0.86644251
0.90248994 -0.85802073 0.0553476
0.375765 -0.6757852 0.47560199
0.42513317 -0.1350004 -0.26339772
0.93733332 -0.7501643 0.04983992
-0.64668153 0.4341621 0.33380187
0.24862202 0.72330242 -0.80425031
-0.86631628 0.38941923 0.51255522
0.841819 -0.64178397 -0.01623899
-0.30010505 -0.14392907 0.62502908
-0.33677738 0.83229351 -0.42971648
-0.53004138 -0.30990871 0.88122005
-0.33313523 -0.43129467 0.82646713
0.56040642 0.30368917 -0.84714761
-0.5372594 0.88598539 -0.20845696
-0.69497275 0.0686891 0.85092536
0.19505214 -0.52678256 0.39536643
-0.11523502 0.31241024 -0.17899097
-0.52393234 0.69324825 -0.13567087
0.76083625 -0.0022989 -0.71029642
-0.87108405 0.43114234 0.45630024
0.12491557 -0.50842358 0.59074595
-0.75795084 0.0891332 0.836852
0.45030199 0.66330718 -0.96848725
-0.27714825 -0.47990551 0.82357163
0.00101864 0.66155318 -0.53850514
-0.41935138 -0.2661304 0.79705887
0.30285047 -0.7574038 0.69247217
-0.47456749 0.61832138 -0.13486454
-0.53523276 0.49685878 0.09010932
0.81415664 0.2127188 -0.77516252
-0.67863586 -0.02261882 0.88410327
-0.08545984 -0.41572567 0.55415104
0.56132641 -0.02035847 -0.43504895
-0.01582976 0.23022105 -0.21354131
0.77067683 -0.08380455 -0.67042089
-0.84854627 0.57807825 0.30293966
0.97862644 -0.19237654 -0.73860131
-0.21450555 -0.50101282 0.79230049
0.11645177 0.85056482 -0.95718204
0.5555743 -0.04095856 -0.50170686
-0.79435023 0.58321327 0.21727463
-0.81957355 0.53689157 0.37215448
0.01695819 0.4284617 -0.41509886
-0.74188593 0.70207091 0.54056695
-0.05184436 0.21445959 -0.15156473
0.05619912 0.7046956 -0.73258561
-0.98491182 0.37032971 0.79809666
-0.10196575 0.77663286 -0.6380297
-0.88365182 0.53800003 0.3861947
0.01546859 0.3450877 -0.35599495
0.378843 -0.99304956 0.92247604
-0.50907995 0.85532774 -0.29015042
0.74255002 -0.93535043 0.20148684
0.75303981 0.22391571 -0.97546558
0.24264151 -0.69695433 0.72449137
-0.19788026 0.14405686 0.07167806
0.03657486 0.6468399 -0.66883198
0.86459195 -0.13326014 -0.59675936
0.42074456 -0.99455192 0.73889069
-0.83221419 0.96846641 -0.00768792
0.5523514 0.93692644 -0.97448981
0.13982245 -0.62641071 0.90469868
-0.00373072 0.97702163 -0.93635404
-0.6337425 0.35716186 0.27871652
0.86988021 -0.37951267 -0.38207448
0.68205854 0.09646487 -0.76520897
0.87807909 0.24935 -0.87973841
-0.51604612 0.72498217 -0.19922953
0.58647302 -0.21147013 -0.23016049
-0.57307983 -0.15640207 0.78118335
0.54683706 0.53518627 -0.94885526
-0.4799729 0.36265499 0.23803645
-0.97158928 0.72110018 0.59697465
-0.46489398 0.84480991 -0.30394104
0.98573918 -0.66412511 -0.19847139
-0.49745123 0.24009618 0.32824764
-0.3874226 -0.53451576 0.98894969
-0.65324772 0.25255676 0.40680037
-0.44329148 0.84869302 -0.2691738
0.85211692 -0.50594713 -0.3273302
-0.66280281 0.79494923 0.0574367
-0.49730342 -0.14968791 0.71933486
0.45047419 0.51360167 -0.93308395
0.80306471 0.12615117 -0.67953837
0.67237656 0.19208626 -0.82582999
0.05079609 -0.20630647 0.19149716
0.88177902 -0.60364915 0.04367477
-0.43706925 -0.31290025 0.86036067
-0.93891711 0.75810703 0.20866043
0.5769805 0.7676545 -0.96051033
0.04653615 0.89431516 -0.90274545
-0.03295085 -0.62434449 0.76726056
-0.15421052 0.5637471 -0.32645084
0.296637 0.44455935 -0.54428843
-0.5686116 0.49427431 0.18062102
-0.87904391 0.58032422 0.41851695
0.82457525 -0.39780398 -0.35436981
0.72397546 0.52370336 -0.96010769
-0.47795318 0.9336931 -0.45050727
0.90990474 -0.17265172 -0.68168817
0.41177188 0.30191321 -0.51883979
0.06147382 -0.74221959 0.79302184
-0.37059106 -0.26216903 0.67498075
0.18634345 -0.99181716 0.82190483
-0.01339884 0.45300512 -0.38907861
-0.50158778 0.85427518 -0.14843582
0.81747876 -0.63326879 -0.1340133
-0.85384674 0.84753806 0.15304407
0.17392221 0.02127732 -0.18071188
-0.10741395 -0.27781345 0.44726893
0.69498227 0.02174844 -0.4555045
0.2559259 -0.9233222 0.76978994
0.67382195 -0.87835376 0.20867978
-0.92962155 0.37056409 0.69818596
-0.49051346 0.79620821 -0.30318368
0.33965541 -0.42650137 0.15240947
0.6695627 -0.94638432 0.45984893
-0.71283399 0.36975694 0.39466016
0.48136383 0.45772406 -0.70977308
0.29781602 -0.7871343 0.68353297
0.20491802 -0.687222 0.9177105
0.6557008 0.03177425 -0.63776619
0.18261233 -0.64543949 0.84888329
-0.2599794 0.86864132 -0.56149251
0.8881759 0.22207894 -0.9601671
-0.14158572 0.62362699 -0.42885676
-0.74871176 0.04363798 0.72855372
-0.19358876 -0.13548412 0.36416514
-0.53787862 -0.2784623 0.87445875
-0.50834023 0.81549152 -0.08135365
0.9945322 0.21853224 -0.93478148
0.49183031 -0.99062679 0.50410573
0.45603209 -0.46229037 0.11839719
-0.51906526 0.81574552 0.07640309
0.92388322 -0.88484097 0.08852073
0.94417543 -0.22173998 -0.58845945
-0.19450546 -0.57933748 0.77640826
-0.6438644 0.53943731 0.13190298
-0.76289176 0.68642008 0.12549415
-0.43642899 0.79583026 -0.18087991
-0.91939745 0.45237609 0.5500676
-0.77240138 0.99023423 -0.10609736
-0.10166777 -0.63321365 0.76178546
-0.97632974 0.85852684 0.36417493
-0.4723403 0.67354002 -0.14721389
-0.82158249 0.19997248 0.79130188
-0.55299939 -0.04638234 0.62240505
-0.4574646 -0.40356412 0.86518702
0.76410389 -0.95640673 0.34655966
-0.64839849 -0.14556576 0.97936693
0.59327562 -0.83410708 0.3627365
0.50487461 0.26869558 -0.62778921
-0.01474058 0.79657777 -0.73507346
0.43007737 -0.24678826 -0.15829977
-0.44101714 -0.12973206 0.65740977
0.35432479 -0.60022192 0.26057584
-0.55758385 0.742256 -0.04921813
0.04492714 0.75925006 -0.69817338
-0.76017307 0.52491024 0.43875348
0.24574053 -0.75982658 0.76085763
-0.20373316 -0.4322106 0.7917837
-0.71477352 0.66076345 0.45706138
0.79798567 -0.7877007 -0.01011977
-0.15574712 -0.33649827 0.52440304
0.39147837 -0.60762211 0.29587548
-0.19747041 0.7291586 -0.52921584
-0.80974936 0.73911455 0.11741124
0.8220261 -0.94745062 0.23359281
0.68066697 0.32775987 -0.95337705
-0.78049162 0.98110971 -0.13891509
-0.88824715 0.36074799 0.55800834
0.33696982 0.62955679 -0.85747517
0.1179904 0.25403365 -0.30119012
0.94160321 -0.01449754 -0.87128595
-0.83419036 0.94071649 0.0498069
-0.92029876 0.73054164 0.21137775
-0.11992025 -0.51636099 0.65116931
0.82831021 -0.89998463 0.14817857
-0.94744592 0.56422108 0.59343152
0.6866072 0.23660304 -0.740909
-0.73085741 -0.06869748 0.80643977
0.39478272 -0.55850661 0.22264499
0.97490249 -0.61119161 -0.26554657
0.27651896 0.36719613 -0.64171144
-0.18647644 -0.39063364 0.8238407
-0.27216922 -0.60007138 0.88219768
-0.34842979 -0.15168984 0.82139494
0.66461065 -0.72138648 0.06693001
0.85718703 0.1595763 -0.72062643
0.66305306 -0.5140862 -0.06593642
0.13538883 0.88925491 -0.84416265
0.38594033 0.2500988 -0.62876605
0.5580193 0.6768871 -0.91299806
0.25941705 0.88865556 -0.85795229
0.89781385 -0.05814775 -0.69743105
-0.50725663 0.15432118 0.5036087
-0.41618701 0.6220055 -0.15229743
-0.92929745 0.30871755 0.8653153
0.63367222 -0.09683962 -0.46111217
-0.26037788 0.42438286 -0.15112257
-0.87460315 0.45466308 0.77679706
-0.6140652 0.42598541 0.28538123
0.29664101 0.48046784 -0.5645213
-0.47424855 0.02268782 0.47303212
-0.20742379 0.89966967 -0.49600359
-0.11974 -0.24857114 0.46702321
-0.46965726 -0.17031237 0.6998495
0.04286323 0.54814368 -0.57366847
0.73334312 -0.44926559 -0.2774222
0.56229626 0.05570859 -0.55776649
-0.41525911 0.11882944 0.31595188
0.27551882 -0.25145801 -0.00042852
0.78131292 -0.86109703 0.08091212
0.40797876 0.36540242 -0.74104999
-0.2029763 0.80075178 -0.5142765
0.6892352 -0.81318579 0.13450252
-0.56924562 -0.19639106 0.80888758
-0.65763779 0.07163584 0.8005077
-0.44330976 0.6887706 -0.06228695
-0.2063395 0.70740998 -0.43213529
-0.60394771 0.44213525 0.19055093
-0.59818642 0.77692093 -0.08731659
0.21455265 -0.31778689 0.14894821
0.79048427 -0.66243169 0.23508472
-0.57296869 0.97000813 -0.16093101
0.20340097 -0.38609618 0.33924266
-0.13477033 0.74590562 -0.49004532
0.35126327 0.91441812 -0.97247663
0.72208996 -0.53613379 0.01086778
0.71416347 0.13126111 -0.83321475
0.69156124 0.4214945 -0.90777419
0.25273661 -0.83126074 0.66785389
0.40820839 0.45121293 -0.75621259
-0.86653356 0.08648876 0.83849521
0.42245661 0.24551711 -0.50887689
0.61035996 -0.62158766 0.0761774
0.70861574 -0.39896232 -0.1420132
-0.2579815 0.98871608 -0.70466908
-0.94000319 0.31042212 0.83439357
-0.50715378 0.29429514 0.26023588
-0.17290169 -0.57002763 0.76752818
-0.19664133 0.96395734 -0.43104291
-0.34238735 0.25704493 0.10961089
0.74409368 0.3415862 -0.99484959
-0.24128606 0.93340339 -0.40222305
-0.74182245 0.85227169 0.11017766
0.22032331 0.32838353 -0.4837356
0.33477242 -0.88012244 0.56843304
-0.67591194 0.5810165 0.32185463
-0.88960333 0.36433433 0.54769734
0.13248516 -0.59568423 0.54874289
-0.42707096 -0.42454208 0.86745086
0.25804128 0.47197754 -0.57474647
-0.82038631 0.34861947 0.98393503
-0.9281191 0.93248608 0.34314212
0.38386678 -0.62869949 0.25055117
-0.5707217 0.77606685 -0.12890178
0.69769495 -0.971953 0.30100143
0.13403885 0.33231784 -0.44918084
-0.88246455 0.59589653 0.34285629
-0.17192913 -0.71843355 0.93308605
0.19330113 -0.74933088 0.70201187
-0.84017977 0.50880634 0.51226399
0.19266454 0.71267997 -0.89103467
0.3891778 0.14587783 -0.43957519
-0.05527125 0.49577642 -0.34913112
-0.14410042 0.86637233 -0.71182132
0.38523799 -0.43320546 0.0583664
0.90133584 -0.66742816 -0.0681226
0.92710009 -0.84295803 -0.03586978
0.26226921 0.4817498 -0.72881476
-0.06312858 0.54021416 -0.39725072
0.6918891 0.1063534 -0.73378003
-0.20831244 -0.36017239 0.65571763
-0.11537563 -0.646391 0.80915871
-0.08786127 0.65485311 -0.51449439
0.54633312 -0.04340725 -0.4238975
-0.52072369 0.86989953 -0.26875455
0.38536678 0.12223748 -0.45794326
-0.73049317 0.94057745 -0.19663507
-0.18225676 -0.38681672 0.62942664
-0.52555836 0.18523491 0.41920959
0.40235739 -0.43015585 0.17767463
0.85211483 0.12681156 -0.947628
0.03322937 -0.78694048 0.79327698
0.60196371 -0.22279372 -0.22812446
-0.89394679 0.17841001 0.76834231
-0.80952948 0.19830508 0.65731095
0.17215788 -0.59830664 0.49740972
-0.24495702 0.44159047 -0.16575993
-0.88076963 0.87247598 0.09975186
-7.16889810e-01 9.91267514e-01 7.80540249e-04
-0.84069546 0.90842262 -0.06126796
-0.77628097 0.13747822 0.76678454
-0.56305886 0.72917907 -0.03269763
0.40031851 0.62593652 -0.82179181
-0.79810014 0.32269218 0.74825711
0.61618169 0.32125518 -0.69510509
0.68806568 0.43724381 -0.86459491
-0.76690255 0.8095193 -0.03860337
0.06780901 0.66986679 -0.68325568
-0.31062797 -0.26191777 0.727587
0.78795364 0.13533526 -0.87405751
-0.97592837 0.41292938 0.5740883
-0.62206964 -0.27690579 0.98444891
-0.83615481 0.23376337 0.72661051
0.10586892 0.89062447 -0.5656494
0.189053 0.60129195 -0.72777525
-0.46216651 0.59311299 -0.05871621
0.52693611 -0.0384183 -0.36136126
-0.24171196 -0.2808144 0.58926648
0.98900746 -0.32194317 -0.64449464
0.51840494 -0.54182804 0.1567359
-0.66533802 0.47247746 0.35101492
0.30764561 0.1226619 -0.39361381
0.79058409 -0.8409761 0.21918366
0.30532245 0.63147832 -0.9196481
0.18634854 -0.7389495 0.81750547
-0.08474324 -0.4351523 0.56553092
0.00836592 0.45205025 -0.45638098
-0.74768103 0.00562477 0.74565172
0.67974144 -0.99026227 0.50424535
0.34922519 0.40767058 -0.58820464
-0.41743954 0.614615 -0.17873065
-0.92819918 0.99919048 -0.06998898
0.15603527 0.60935315 -0.54559516
-0.00542445 0.96344521 -0.90006163
-0.86808974 0.26629284 0.61114521
-3.45943142e-04 5.50179787e-01 -3.42887530e-01
0.0892802 -0.7189902 0.6738535
0.73335069 -0.4808492 -0.23803793
0.88190737 -0.20948672 -0.62259064
5.09882617e-04 -6.96448606e-01 8.55069560e-01
0.55325083 -0.50042973 -0.01523598
0.46990537 0.14594824 -0.58861908
0.15525122 -0.78729666 0.9728524
0.78461872 -0.85364922 0.22516765
0.67516615 -0.0803911 -0.53511839
0.864987 -0.5209153 -0.27731563
-0.09946485 0.23545126 -0.1235782
-0.86853321 0.96739568 -0.06086939
0.60378831 -0.61607743 0.06307804
0.14587456 0.73824044 -0.86797469
0.20224299 -0.42379399 0.34690852
-0.966105 0.24739822 0.96517251
-0.21774119 -0.54133987 0.78093848
0.19050882 0.20674173 -0.31183673
-0.95995483 0.10778752 0.95522044
0.75310501 0.21765895 -0.74980873
0.22487378 0.97459279 -0.78721519
-0.02615428 -0.85787745 0.91470058
-0.55967411 -0.04341148 0.74278172
-0.31493441 0.17398095 0.16890186
0.78884227 -0.21506954 -0.53010968
0.31912223 -0.83103724 0.54836986
0.23674096 -0.64452088 0.44197809
-0.72506178 0.95604413 0.00197564
0.157576 0.39731391 -0.55012457
-0.41958425 0.26911243 0.20293537
0.4897835 0.68433263 -0.78777279
0.09612008 0.59600801 -0.60499766
0.89131746 -0.30524744 -0.33435964
0.58330491 -0.84479715 0.368857
-0.83498273 0.48606008 0.65566457
0.66796175 0.36386733 -0.89887194
-0.65045392 0.51228921 0.13944567
0.57599432 -0.05787208 -0.4735318
-0.05426179 0.90980287 -0.49881328
0.9769539 -0.34626657 -0.42602452
-0.07501381 -0.54268574 0.74388581
0.28229174 0.13876477 -0.38579255
0.05170059 0.62575453 -0.6262893
-0.78826849 0.34406466 0.72882804
-0.33445951 0.39783588 0.02092859
-0.87613946 0.48641027 0.81939873
0.50692093 0.29278907 -0.75138448
-0.94421545 0.66110162 0.28396063
-0.99547974 0.29283445 0.95529469
0.16290311 -0.74108429 0.74115436
-0.99476594 0.3223444 0.79525577
-0.3770034 0.40249647 0.00941935
0.50861942 -0.9473981 0.92337256
0.23734829 0.78136163 -0.8987953
0.9823828 0.08897523 -0.97384098
0.7575908 -0.79132852 0.10983333
0.15142942 -0.08909891 -0.04461529
-0.30394228 -0.15208936 0.49096096
-0.95972146 0.618298 0.6392817
0.53232178 0.45909203 -0.9233066
0.41030897 0.38801783 -0.70582706
-0.75316953 0.20398118 0.69210047
0.16178949 0.68097248 -0.73182952
0.60594017 0.20646109 -0.79799396
0.50535535 -0.60681601 0.11952715
-0.00913079 -0.33423566 0.43153295
0.16802011 -0.43291286 0.34524498
0.25081363 -0.88335137 0.76972112
0.70273545 -0.45480072 0.0228811
0.78519631 -0.43963467 -0.31874213
0.40222979 0.00754704 -0.34756007
-0.88580166 0.69337258 0.41889519
-0.82409102 0.78728574 0.07941144
-0.90072357 0.3668045 0.60624266
-0.33989347 0.76038638 -0.31318394
0.27737752 -0.21665846 -0.04198516
-0.90164634 0.85251956 0.29444927
0.285462 0.31618478 -0.46632754
0.4902263 0.75410379 -0.77350835
-0.4304827 -0.16984202 0.72084206
-0.56893272 0.46990154 0.1948921
0.25140739 0.79885438 -0.98295284
-0.89415282 0.5268674 0.51229257
-0.63507509 -0.02976523 0.71212388
0.31000849 -0.38249811 0.09005223
-0.47312846 0.36941089 0.13774084
0.02958932 0.84299072 -0.7304412
0.38589026 -0.22551648 -0.08736771
-0.04667065 0.72626719 -0.49850488
-0.65595509 0.35879165 0.3869744
-0.74248949 0.97453318 0.1098187
0.10875785 0.72687263 -0.65977027
-0.43407055 0.64184889 -0.17658627
-0.89994377 0.20295345 0.70915192
-0.09783016 0.38275405 -0.27597188
0.54635083 -0.73199006 0.20310221
-0.57454761 -0.38481148 0.96029674
-0.06190192 0.88743406 -0.73989619
0.58969652 -0.42166611 -0.09242364
0.83459417 -0.62595361 -0.01044079
-0.83114102 0.12981605 0.71659055
0.95357495 -0.47570795 -0.44517243
0.23947059 -0.87483174 0.72272019
0.52777898 0.46541434 -0.81368656
0.93032131 0.041228 -0.93077547
0.14441216 -0.61440816 0.50629919
-0.94458749 0.26500374 0.68384338
-0.37335107 0.95956967 -0.46450513
-0.92796046 0.57772451 0.42275037
0.87086511 -0.8689483 0.0502862
0.85606578 -0.08154111 -0.74102381
0.34781523 0.27693512 -0.49818748
-0.14163687 -0.31721949 0.63519139
-0.2989606 -0.5758604 0.88579626
-0.89921394 0.62890761 0.30028895
-0.79202048 0.66793398 0.23965036
0.29688808 0.62786777 -0.91619723
-0.57845668 0.66104731 0.04412326
0.17250436 -0.7752133 0.6557879
0.91673335 -0.54688387 -0.33641906
-0.47818895 0.00426136 0.49025224
-0.18208255 0.81577695 -0.56482346
-0.33700954 -0.26201558 0.62749494
0.88708638 -0.23249034 -0.38865835
-0.6154002 0.50035947 0.22518835
0.24953043 -0.83578296 0.65837851
-0.90494299 0.60336714 0.4479324
-0.26871834 0.02189357 0.2593162
0.79693394 -0.03554364 -0.42635299
0.11424247 0.84058694 -0.95341406
0.88218839 0.0202473 -0.75894024
-0.93172333 0.55960721 0.37565031
-0.24008384 -0.10906774 0.49487939
0.74918942 0.33032444 -0.64521605
-0.97531056 0.65989309 0.39127348
0.7525973 0.24351504 -0.77425284
-0.69027655 0.99125339 -0.15294241
-0.51851097 -0.13013105 0.74019166
0.57709101 -0.67733452 0.15367716
-0.70019938 0.14957249 0.91460037
0.19001273 -0.65784638 0.79915227
-0.76736059 -0.08701313 0.99030498
0.89368912 -0.88288874 0.04552187
0.63284964 -0.86555976 0.48549752
-0.66910625 0.02587523 0.66469504
0.53582222 -0.86202788 0.75476253
0.36971549 0.10709242 -0.41891896
0.20056026 0.54862536 -0.74805359
-0.28571639 -0.06210304 0.47281203
0.61253957 -0.97371394 0.45090548
-0.86970627 0.95328556 0.13034371
-0.15510223 0.86022874 -0.62865339
0.17392919 -0.32671704 0.15913547
-0.47025002 0.28713929 0.24879711
-0.07194001 -0.7080064 0.90466774
0.98056589 -0.23930638 -0.64268863
-0.43351373 0.66769559 -0.16008734
0.14862273 -0.98711702 0.89649235
-0.04441921 -0.61544185 0.71032709
-0.06415293 0.24849869 -0.17081575
-0.77469066 0.59106144 0.34066315
0.3441651 0.80761685 -0.95024468
0.82539674 -0.78881715 0.05468603
0.73362418 0.02280633 -0.69928065
0.71600919 0.50684744 -0.96294011
0.69927352 -0.35077577 -0.22570167
0.08755786 -0.2161397 0.13121728
-0.32535198 0.91151642 -0.51929327
0.62307544 0.24801961 -0.79375756
0.45940445 -0.79127569 0.42872861
-0.42483511 -0.20664713 0.70514756
0.84507854 0.10362208 -0.68604235
-0.02366663 0.44878976 -0.27488626
0.50515064 -0.99824796 0.68053796
-0.96465854 0.61633385 0.43939033
-0.24188078 0.81497624 -0.53573296
0.00616445 0.18668193 -0.18089233
-0.12455174 -0.3040854 0.47800535
0.74344337 -0.38619522 -0.15322995
-0.03528183 0.92548108 -0.85242419
-0.7597018 0.8477517 -0.06988937
0.82787928 -0.72059921 0.15080375
0.67358415 0.31396443 -0.93228343
0.44197998 0.66409267 -0.97251187
-0.64384799 -0.20449658 0.86109311
0.13469823 0.70959012 -0.75218099
0.25625482 -0.96500646 0.71718385
-0.43327006 -0.01565137 0.88287191
-0.11517045 0.87284863 -0.5310447
-0.39416997 0.99209697 -0.49328598
0.85468143 -0.40329891 -0.31570654
-0.55046279 0.03409718 0.59478775
0.84328273 0.07049787 -0.54614632
0.64031252 -0.18048743 -0.38126631
0.64358368 0.35808236 -0.94597111
0.69578425 -0.21420968 -0.35799467
0.78540285 -0.29664866 -0.42489068
0.35533292 0.14361382 -0.46013475
-0.84132251 0.63024735 0.34708904
-0.86428892 0.52735139 0.47336385
-0.98765973 0.64716444 0.617668
0.84385112 -0.96536736 0.24499503
0.88157255 -0.94297491 0.07536227
0.06102812 0.2862696 -0.29980853
0.03079499 -0.51587585 0.62489948
0.38604226 -0.79587895 0.67900303
-0.98941066 0.15547845 0.92957683
0.0940856 0.78079522 -0.61185652
0.12246609 -0.66386745 0.84430818
-0.01548223 -0.87582666 0.930341
-4.29405780e-04 6.64746822e-01 -5.47013890e-01
-0.48859855 0.93592727 -0.29704158
0.36943304 -0.69521508 0.82444863
0.41208656 -0.86313627 0.45752828
0.26904098 0.53057492 -0.39460796
-0.21858815 -0.70610555 0.98672577
0.217983 -0.638235 0.5023089
-0.55643425 -0.04582952 0.70695214
-0.75407783 0.45054903 0.8942
-0.89009366 0.36877114 0.53583016
0.3187346 0.58761878 -0.65925594
0.97845016 -0.20318424 -0.73117353
-0.32967263 0.50129712 -0.03840635
0.86590729 -0.94811745 0.17443105
0.49844286 -0.02419923 -0.47393523
-0.35731992 0.04032587 0.49497666
0.71243822 -0.68878031 0.19083203
-0.3440716 -0.61549123 0.98169079
0.45166759 0.01762466 -0.44517124
-0.59972743 0.87786594 0.00163248
-0.18641127 0.73843269 -0.31491488
0.92091383 0.28404558 -0.91860229
0.79520206 -0.1282601 -0.60239085
0.25340437 -0.99963556 0.85183193
0.85153993 -0.6119698 -0.11593598
-0.0508212 0.76157474 -0.44400809
-0.35650008 -0.48145843 0.87243312
-0.45491842 0.74434143 -0.2347276
-0.26868862 0.73238787 -0.3688958
0.84528939 -0.19261782 -0.41528917
0.55689611 -0.70197961 0.43191941
-0.10501406 -0.78863549 0.95054117
-0.07515238 -0.13281501 0.21768317
0.25489285 0.60401606 -0.8528408
-0.07027394 -0.57227813 0.7105747
0.86640817 -0.09500421 -0.68730482
0.33417458 -0.53505579 0.21060625
-0.79666357 0.80834379 0.35248875
-0.62379745 0.3066915 0.46048955
0.4335155 -0.98667207 0.57445328
0.4957089 0.524242 -0.91599004
0.48415134 -0.24151059 -0.12109897
-0.71493471 0.62405936 0.68106914
-0.89278502 0.05657559 0.97256786
0.69106567 0.18861999 -0.74234946
0.04529951 0.26385441 -0.3055497
0.33060031 0.11917778 -0.44406888
-0.26042212 -0.18673395 0.51292934
-0.18822824 -0.47659995 0.73666667
0.56917598 -0.42229606 -0.11819104
-0.19449451 -0.67503631 0.90097642
-0.50703778 0.49236683 0.09892608
-0.655356 -0.00331862 0.73475236
-0.55194434 0.16994943 0.44767328
0.42207666 -0.70236484 0.52480757
-0.03625773 0.41476569 -0.33906992
0.0359275 -0.57535463 0.54545315
0.04389325 0.15417284 -0.1540744
-0.58131632 0.20820267 0.40819808
0.64070251 -0.14301548 -0.402254
0.02711022 -0.79463423 0.86296043
0.25164551 -0.41744349 0.17838929
0.59060956 0.14729297 -0.5137519
0.6231645 -0.30216142 -0.2706306
-0.98634305 0.26564447 0.76788091
0.41966626 -0.00738077 -0.30002318
-0.91306736 0.91698996 0.26311432
-0.79782554 0.27160077 0.82657061
-0.19770931 -0.75276624 0.95893872
0.0279731 0.74456949 -0.74324579
-0.18527332 -0.67512961 0.96541866
-0.1283384 -0.59406467 0.73251059
0.21150572 -0.63170557 0.77831698
-0.54735172 0.07043772 0.51752775
0.54177706 0.54707749 -0.9088106
0.58710572 -0.07945328 -0.45875414
-0.86737829 0.29218929 0.60870415
-0.95686071 0.87963081 0.09483312
-0.45648417 -0.22013494 0.70520883
-0.09325462 -0.63513617 0.98656298
-0.48531904 -0.24322547 0.91287483
-0.42833095 0.13450743 0.42990284
0.47084764 -0.33319567 -0.13280114
0.5529415 0.43149838 -0.98167539
0.59400809 -0.78746189 0.23131159
0.42614327 0.21318475 -0.52203209
0.5207661 0.40595013 -0.90956456
-0.78406952 0.35986964 0.4570575
-0.13125669 -0.31391214 0.46068166
-0.28931056 -0.41173477 0.70982894
0.85266956 -0.74291533 -0.10510517
0.69502209 -0.78568214 0.18175053
-0.32135911 0.94981796 -0.40804764
-0.05133204 0.96784232 -0.58824702
0.51743479 -0.26617322 -0.21514384
-0.28361992 0.94975251 -0.59091884
0.90333571 -0.85685176 0.1528283
-0.38289761 0.35050221 0.03957445
0.74272826 0.00871749 -0.68445319
0.88889288 -0.72798982 -0.117321
-0.64590784 0.07703029 0.64068465
-0.40830171 -0.48834587 0.91639143
0.48590011 -0.85153478 0.44342223
0.01575954 0.32152867 -0.29449242
-0.9881872 0.5643242 0.77087057
-0.47620895 0.98402875 -0.37815898
0.4886069 -0.84709757 0.4735604
-0.70850069 0.29343198 0.46474659
0.74315005 -0.59967284 -0.08360748
0.42121569 -0.89361248 0.87011048
-0.40842842 -0.16689269 0.57548148
0.42324749 -0.51392597 0.12164678
0.70632717 0.21940243 -0.89918557
0.44325861 -0.98054355 0.83434749
-0.16964138 -0.58736158 0.80335285
-0.00927926 0.40131996 -0.34968669
-0.19718315 -0.25062895 0.50595094
-0.17733484 -0.25841771 0.57467571
-0.02314586 -0.64805731 0.79335498
0.69177034 -0.85748231 0.19320696
0.58935017 -0.34739586 -0.12257058
0.06601471 -0.80563009 0.80427806
0.43045097 0.58941045 -0.92470802
-0.22661304 0.64332667 -0.2991796
0.49180429 -0.68082734 0.21208976
-0.76083641 0.69777686 0.22317403
0.22174123 0.33462117 -0.54899307
0.09443693 -0.6265337 0.58376865
-0.12504301 -0.12790229 0.34702066
0.2736917 -0.8152136 0.84987302
0.61926366 -0.21469404 -0.39943422
0.02580537 -0.71117865 0.77006829
-0.37759072 0.20971723 0.19452854
-0.58124874 0.30985519 0.59836773
0.15375104 0.06799669 -0.20854164
-0.4888151 -0.35313298 0.90125161
0.40046595 0.65159841 -0.97338667
-0.75046982 -0.11031198 0.88399244
-0.97898295 0.97196464 0.22308468
-0.00966373 0.93506457 -0.77692924
0.51950098 -0.05910421 -0.45164692
-0.50013863 0.62633929 -0.07461206
0.34252119 0.06851705 -0.30502243
-0.66942533 -0.05639912 0.87605317
-0.57959236 -0.09034181 0.68902704
-0.92623709 0.58311284 0.49371384
-0.40743964 -0.27899625 0.74160333
-0.36141454 -0.11006799 0.54388593
-0.35735788 -0.28575967 0.93935276
0.51136361 0.27239661 -0.76721345
-0.36608541 0.56547707 -0.04759438
0.26981142 -0.51365834 0.25795331
-0.53746407 -0.00642708 0.59603332
-0.30129717 0.58243418 0.04201711
-0.72436208 0.86192287 -0.09119406
-0.6868347 -0.06900258 0.82645576
0.0226105 0.52618032 -0.51249718
0.05223991 -0.61327472 0.80591556
0.27026991 -0.98854444 0.91712452
0.64559304 -0.02234779 -0.57817578
0.98006822 -0.80700445 -0.07672155
0.97751188 -0.70172475 -0.19848044
0.31209926 0.42349763 -0.73208672
0.69540731 -0.52739798 -0.14060327
0.89222769 0.11609784 -0.8663958
0.50559878 -0.21567004 -0.2209481
-0.0987588 -0.46245145 0.87510607
0.47144617 -0.02362767 -0.38497871
-0.77988228 0.06228389 0.91157712
0.75169153 0.25243269 -0.98452812
-0.48562247 0.84679132 -0.28842421
-0.68475039 0.53585116 0.31216779
0.98098085 -0.73551417 0.18335671
-0.75738565 0.38842065 0.62262691
-0.39465867 0.44406652 -0.00064921
0.80276211 -0.31805253 -0.47125845
-0.27569724 0.96729666 -0.55852549
-0.24982655 0.79693833 -0.51232874
-0.82427562 0.54722465 0.3172583
0.16386592 -0.87430737 0.91007532
-0.39906337 -0.39675601 0.85680905
-0.9625922 0.52909288 0.91303094
-0.53120694 0.91620839 -0.33818758
0.60153118 0.05864404 -0.47226926
0.63305752 0.23931476 -0.75997567
-0.35003478 0.57046366 -0.21414793
-0.48058617 0.86046816 -0.22861091
0.38894488 0.76236999 -0.99347622
0.2992708 -0.99278458 0.71984329
0.78730245 -0.97433071 0.26632534
0.90028714 -0.02040147 -0.85288885
0.10309126 -0.87335166 0.97500361
0.63401538 0.00740795 -0.63976975
-0.89935383 0.79830137 0.60287727
0.07895449 -0.45046504 0.54087711
-0.83817931 -0.07913734 0.98128202
0.98072052 -0.98541367 0.1476931
0.32303427 0.34982859 -0.66606127
-0.0738271 0.68374343 -0.58351355
-0.13399821 0.72091088 -0.56342239
0.01745821 -0.69662157 0.84708482
0.44693434 0.10124595 -0.52198201
0.52227114 -0.02142221 -0.49620478
-0.97367071 0.33019855 0.70534938
-0.40215921 0.7022349 -0.26119831
0.01523631 -0.85321535 0.8562462
0.91142633 -0.09370286 -0.69242621
0.00467322 0.611672 -0.53480076
0.63354724 -0.32703303 -0.06667248
-0.10672997 0.98091889 -0.66064176
-0.79197539 0.18619442 0.85403808
-0.83440614 0.04180571 0.81012971
0.94641778 -0.20849758 -0.59710901
0.04539946 -0.68461706 0.78605699
0.57371885 0.23307918 -0.79462459
-0.72319601 0.78051019 0.03098924
0.79567957 -0.84584376 0.10650978
0.73867869 -0.29705353 -0.4326182
0.24910755 -0.04183063 -0.19251918
-0.30419311 -0.08003447 0.43126203
-0.85385917 0.87836537 0.12152244
0.02238314 0.94935262 -0.87228404
0.77013077 -0.88682733 0.39903684
-0.73281391 0.46065925 0.55449397
0.67128202 -0.70875158 0.2377912
0.53920053 -0.16588789 -0.27307886
-0.97926732 0.73431487 0.30657545
0.70114543 0.57517689 -0.95311114
0.71712503 0.14548721 -0.74716955
0.71227385 -0.47451389 -0.22807481
0.78111461 -0.12148105 -0.5125787
0.06774053 0.65177251 -0.6804974
0.90720352 -0.07989462 -0.68629292
0.61838292 -0.13481125 -0.4178794
0.24533345 -0.77837946 0.53338234
-0.83733494 0.38440785 0.75248088
0.3510402 -0.25434937 -0.04840106
-0.8784263 0.24545367 0.99365728
-0.94407456 0.3221107 0.76357387
-0.90353018 0.52886315 0.67774649
-0.89928629 0.07648408 0.92418395
-0.87213806 0.55797898 0.54980648
0.8520375 -0.36466427 -0.46962891
-0.23745148 0.74600665 -0.23138863
0.76420083 0.39023591 -0.95289302
0.94153939 -0.30168653 -0.63119257
0.9783229 -0.25778556 -0.53513696
0.69012608 -0.28090124 -0.38174409
-0.2357529 -0.18472672 0.46745791
-0.006354 -0.86944144 0.88835661
-0.74356021 0.18341467 0.61214775
-0.01616614 -0.34634222 0.42958383
-0.76690114 0.98997092 -0.09607685
-0.40141333 -0.44179186 0.86870466
0.00259402 -0.38002624 0.40356238
-0.41309752 0.56085896 -0.13437851
0.35382997 -0.68290107 0.41810616
0.66360579 -0.69802676 0.16403524
0.25038142 -0.86246356 0.93361993
-0.71011205 0.51577202 0.2091822
0.4509502 -0.7669794 0.40972088
-0.79574588 0.51073574 0.29273877
0.92750131 -0.54684599 -0.34357294
0.93366729 -0.26765432 -0.65614304
-0.0417063 0.98280352 -0.42409693
0.6099218 -0.78876216 0.23405445
-0.26248931 0.93117268 -0.60374627
0.93280644 -0.06542352 -0.85056173
0.64449897 -0.10004609 -0.43547993
0.22172943 -0.40022892 0.17953579
-0.62685966 0.30913903 0.44301239
-0.07660816 0.83257008 -0.74484931
0.47639125 0.5041105 -0.9052327
0.51793064 -0.93675047 0.44850824
-0.06888248 0.31958395 -0.23228097
0.56361546 -0.35782503 0.07440831
-0.66740056 0.6782145 0.0300284
0.04034617 0.55354725 -0.43326891
-0.3017119 0.74947606 -0.41524528
0.81630912 -0.62006986 -0.08543419
-0.41682686 0.45438828 0.0869036
0.16268122 0.46016442 -0.56571004
-0.63387911 0.83406782 -0.09059602
0.94505033 -0.16641262 -0.70767543
-0.21653082 -0.10889526 0.38651513
0.37611387 -0.40115628 0.02951126
0.58808458 0.36008087 -0.82594863
0.89827685 -0.09778966 -0.60684419
-0.63047112 0.92408065 -0.18821231
-0.8583348 0.8495608 0.12825119
-0.72629749 -0.07366596 0.88329873
0.70994493 -0.28984155 -0.35032867
0.27437528 -0.77872681 0.53832229
-0.90471122 0.83632181 0.07030193
0.55452126 -0.61902617 0.15570506
0.67023237 -0.25198541 -0.41627524
-0.3582865 0.77119103 -0.33763846
-0.12706928 -0.22203917 0.53057953
0.58832383 0.07827865 -0.64621113
0.20481698 0.98516833 -0.82252589
0.94341444 -0.6182647 -0.25874258
0.91013612 -0.26205904 -0.60890412
0.5938238 0.49986396 -0.968576
-0.82675326 0.7950357 0.19429593
0.19917956 0.47739064 -0.61524788
0.81321332 0.03031692 -0.5370382
0.41653625 -0.14733555 -0.26325858
0.68892479 -0.92559716 0.37574622
0.97333754 -0.95842263 0.13591687
0.26381491 0.56987896 -0.67563705
-0.53667433 0.92267584 -0.2407238
0.34812398 -0.51710367 0.18100405
-0.26460863 0.97747439 -0.32745738
0.45039263 -0.44352788 -0.00333323
-0.8728569 0.19524338 0.72574596
-0.70185709 0.18494839 0.9620976
-0.27407138 -0.2713763 0.5801087
0.14711606 -0.97156011 0.875747
0.38790609 0.4416125 -0.70831705
0.21842282 -0.06377771 -0.04317976
0.28191373 -0.96457727 0.79635229
-0.34521832 0.73324726 -0.22822741
0.4414858 -0.8324942 0.47466674
-0.71766333 0.70722486 0.03387196
0.67721373 0.12234256 -0.6034385
-0.50319238 0.24540206 0.32492737
0.11603853 0.76689846 -0.61830514
-0.13469419 -0.31214887 0.60399185
0.27132797 -0.79617894 0.53219192
0.05331667 0.98443921 -0.78344652
-0.48422133 0.94572458 -0.36016971
0.50535903 0.51683608 -0.92721553
-0.26842028 0.48016178 -0.06328916
0.09798111 -0.05510813 -0.03782094
-0.12889474 0.75785058 -0.62814782
-0.06501585 -0.36990423 0.44239171
-0.031364 0.51082694 -0.40337626
0.0221187 -0.87709749 0.91480391
-0.29168444 0.06742904 0.3158398
0.58116084 -0.59758954 0.27247669
-0.13206297 -0.17517349 0.48312647
-0.4083785 -0.37587323 0.93373745
0.90333763 -0.58651799 -0.23786469
-0.86708832 0.19621145 0.6859458
0.48383399 0.9340464 -0.96886072
-0.19372055 -0.26317938 0.4872353
-0.38710401 0.1643782 0.24668031
0.16173551 -0.8288056 0.808049
0.11811916 -0.48949947 0.54114327
0.58547412 0.35975862 -0.89717356
-0.71429926 -0.05864502 0.80955518
0.12006652 -0.57002648 0.55201107
-0.42936674 0.83956186 -0.32720195
0.63507717 -0.01146872 -0.52052173
0.51622233 -0.20946129 -0.18721375
0.24527106 0.51059191 -0.48083663
-0.52930854 0.39142238 0.28223606
0.66150178 -0.84042143 0.27732814
0.40117419 -0.71967709 0.43843919
0.58883625 0.17485857 -0.75679593
0.94753751 -0.8473959 0.43091634
-0.32589967 -0.57832376 0.92516027
-0.07115934 -0.37228869 0.46760378
0.46470023 -0.5411149 0.07968133
-0.22601342 -0.47388382 0.76741557
0.4039269 -0.08324874 -0.28160444
0.00944636 0.9778319 -0.69222574
-0.44747754 0.71618778 -0.12797594
0.91585907 -0.96815904 0.10243174
-0.61243716 0.05261064 0.58441001
-0.22885192 -0.46738183 0.7261037
-0.34113383 -0.06996411 0.44399637
-0.4063478 0.59641233 -0.03464196
-0.46033256 -0.28218438 0.7490176
0.26474096 -0.68821909 0.42543858
0.42025059 0.20401421 -0.58755755
-0.11987962 0.79352861 -0.64501504
0.06600692 0.29939285 -0.35297663
-0.9254607 0.41776182 0.68301644
0.70490672 -0.52459862 -0.17131384
-0.54104736 0.60788154 -0.06607467
0.49723787 0.40015516 -0.74842412
-0.44324075 0.53109662 -0.05073491
0.42145109 -0.12814604 -0.29128977
0.23111625 -0.86752704 0.70534631
0.05429676 0.47905874 -0.51771266
-0.55335616 0.5372518 0.33857637
-0.15288502 0.81777833 -0.62833071
-0.81533708 0.92087953 -0.07819989
0.564618 -0.83884557 0.52891741
0.01264397 -0.75895146 0.90704575
0.9859979 0.11932092 -0.89929543
-0.46302105 0.16111974 0.31136282
0.19872218 0.75215402 -0.75776782
-0.40262234 -0.02991433 0.59256535
0.95062845 -0.54522998 -0.40365835
-0.87318835 0.99950214 0.18935528
0.00971634 -0.8052276 0.86491339
-0.81078366 0.02353818 0.80539279
-0.59999802 0.99563334 -0.35627451
0.38193565 -0.51451856 0.22874838
-0.25154018 0.76884858 -0.45729672
0.76334231 -0.76870499 0.00720407
0.73611452 -0.33181053 -0.3713407
0.55836788 -0.67533823 0.31206852
0.02538127 0.76172857 -0.70804825
0.35515953 -0.49652417 0.1756583
-0.95335297 0.78006933 0.34247137
0.27663689 0.67883465 -0.89189622
-0.679756 0.08726413 0.85852183
0.38030698 -0.54804695 0.21906945
-0.82338883 0.48307157 0.38518495
-0.3815214 -0.16247844 0.56736419
-0.55039889 0.01187608 0.55661113
-0.89886678 0.06506081 0.93589493
0.0664078 0.71994542 -0.52682616
0.74788564 -0.25208115 -0.42042615
0.17773348 0.675046 -0.82400904
0.45678399 -0.77920528 0.51607853
-0.59339331 0.19929523 0.46446502
-0.78886446 0.84665576 0.09057622
-0.49096888 0.80831951 -0.18683215
-0.58258347 0.59946899 0.11138956
0.75724076 -0.22442145 -0.46733187
-0.61030977 0.13149093 0.48982814
-0.58883465 0.82826959 -0.16726918
-0.88271997 0.58166664 0.36532332
-0.22249098 -0.48311486 0.75572748
0.40128647 -0.94331969 0.59472401
0.36248785 -0.93949551 0.67832201
-0.09103425 0.54176226 -0.37394325
-0.82352072 0.75286316 0.38670147
-0.51938635 0.05701475 0.65206969
-0.5139877 0.4659643 0.09675837
-0.92514374 0.77308936 0.23901934
0.47842918 0.39402725 -0.82614827
0.47348666 -0.99559235 0.55285139
0.16311021 0.58437958 -0.72847147
0.46264903 -0.65969103 0.24835658
0.79561341 -0.17729894 -0.60807591
-0.69857817 0.2229234 0.50130597
0.27635966 -0.94013747 0.72011655
0.47652928 0.58890397 -0.9156621
0.17114998 0.95394359 -0.88174689
-0.45603052 0.06007381 0.42780248
-0.14711758 0.55879168 -0.36422685
-0.96971424 0.97046639 0.33879033
-0.93871133 0.22114745 0.72010368
-0.44826509 0.03571506 0.44272461
-0.68393234 0.42679399 0.49953977
-0.01338448 -0.23064872 0.34171559
0.32780307 -0.54447916 0.22379936
0.97455762 -0.06653018 -0.69740263
0.66937918 -0.9279545 0.33859214
0.32030103 0.65267157 -0.96280553
0.50237475 -0.86526821 0.43039237
0.11388983 0.90506036 -0.97608849
-0.24521276 0.647998 -0.3305855
-0.21564844 -0.58148125 0.82895693
0.41509013 0.91589135 -0.97454718
-0.5380682 -0.00377814 0.57924184
-0.69756303 0.27547853 0.57508367
-0.90529294 0.81141715 0.25283697
0.95691621 -0.27177903 -0.50015244
-0.48342996 0.07408917 0.45089318
0.2931163 -0.27652818 -0.01444484
-0.15863214 0.19604707 -0.03318264
0.98323198 -0.02143676 -0.92550134
-0.28904533 0.40577346 -0.07576989
0.86217995 -0.69749868 -0.0761622
0.64993257 0.46380402 -0.90669175
-0.25401171 0.28731431 0.00070999
-0.55171821 -0.2460158 0.84655533
-0.08490475 0.60896881 -0.44976293
0.27771235 0.54029279 -0.80970784
0.50797262 -0.73075345 0.25250285
0.52012328 0.50596468 -0.94835923
0.28610205 -0.47302808 0.26430235
0.3170978 -0.28706473 0.06798784
0.18344052 -0.94426818 0.86369566
-0.36007477 0.46987577 -0.0281856
-0.86591028 0.67872937 0.19915327
-0.94542645 0.5419782 0.77863409
-0.5707187 0.35028521 0.28185227
0.56291299 -0.30459221 -0.23633155
0.58250668 -0.5610434 0.06413705
0.70527626 -0.82082082 0.12134407
0.81632289 0.11014134 -0.90918794
-0.73123732 0.39681654 0.42620498
-0.96699117 0.64746792 0.37683554
-0.34827238 0.5964041 -0.21385754
0.50381954 0.46980458 -0.76373511
0.85248587 -0.75119338 0.10172358
0.44049035 -0.73340781 0.47146936
-0.32495061 -0.27165902 0.74945884
0.14821427 -0.34425721 0.2014059
0.71157828 0.29228307 -0.90800013
-0.75086959 0.70025417 0.23697809
-0.83719127 0.11697087 0.83288312
0.52199127 0.0228262 -0.44710766
0.21229449 -0.74641318 0.74930376
0.3185824 0.31378525 -0.60701162
0.60884792 -0.3256431 -0.18660286
0.46959754 0.2750979 -0.65123537
-0.11523871 -0.79008434 0.94410761
-0.32625313 -0.18705452 0.68718407
-0.90895825 0.02886431 0.97648442
0.09181586 -0.97521763 0.92669024
-0.68430686 0.64927933 0.10392639
-0.03462441 0.77511756 -0.58858482
-0.66180047 0.60652504 0.15287085
-0.04694993 0.94242768 -0.82461223
0.80968165 -0.50155309 -0.24491979
-0.41833724 -0.05726707 0.71291819
0.74771915 0.24454104 -0.97516314
0.05377475 0.85457733 -0.87650558
-0.26066486 0.93577308 -0.58256068
-0.13655386 0.98303834 -0.77963585
0.90892053 -0.89289099 0.17366303
0.62477552 -0.79286968 0.28629052
0.37666416 -0.80360082 0.75323299
0.44459346 0.34117983 -0.75107053
0.92542917 -0.47582837 -0.44828899
-0.82716595 0.28942916 0.70419373
0.86440997 -0.70576903 0.00576672
-0.86674951 0.57684459 0.3764579
-0.79096034 0.97279594 -0.07473438
0.75680756 -0.68179685 -0.02775829
0.54317981 -0.29570378 0.02745299
-0.94024763 0.72633835 0.36473425
-0.04564877 0.88735933 -0.84018745
-0.65151528 0.05053343 0.61142597
-0.38131821 0.03076694 0.47975219
0.96015074 0.01105649 -0.88661735
-0.37053568 -0.10919435 0.512539
0.95182965 0.07156167 -0.68129471
0.82675267 -0.93625366 0.2568266
0.89348064 0.03739225 -0.92738724
0.69557901 -0.67691275 0.06912575
-0.33531401 -0.21231071 0.55306762
-0.29393966 0.92748598 -0.52655668
-0.98930358 0.97297042 0.06173227
-0.24421342 0.55629793 -0.21589771
-0.85311548 0.10108091 0.81228003
0.82152553 -0.12450906 -0.55644398
-0.70888083 -0.0450525 0.89139703
-0.51418836 0.76972522 -0.07886729
-0.79638309 0.34666322 0.48488259
-0.82662022 0.21592477 0.69262159
0.92694543 -0.29777101 -0.49646441
0.6939977 -0.12574797 -0.50932754
0.85523928 0.0028797 -0.79038102
0.36626248 -0.06012613 -0.30410236
0.14992895 0.48548875 -0.61322542
-0.63920751 -0.07162577 0.7598036
-0.88016853 0.97980807 0.01449472
0.50209319 -0.93170004 0.4780159
-0.95258474 0.07946709 0.9263777
0.51339357 -0.85166733 0.48279159
-0.10190156 0.87740029 -0.76412758
0.47101896 -0.97971001 0.79647903
0.21403439 -0.63810221 0.49508636
0.22307232 -0.44860195 0.27493617
0.38262679 0.33721041 -0.6673953
-0.66559537 0.52009995 0.18628816
0.27818771 0.11653385 -0.39299983
0.50268676 0.78943986 -0.77653352
-0.16267706 0.8550633 -0.65422792
-0.47404446 -0.28665696 0.92499149
-0.26386376 0.65971925 -0.31018364
-0.73566315 0.78290487 0.15787201
0.25782682 0.58880669 -0.67904295
-0.08785635 -0.11819475 0.22714351
-0.8692248 0.07725384 0.81499365
-0.84352994 0.35250743 0.59023498
0.15828009 0.87206794 -0.87462354
-0.54272502 -0.2880385 0.8419485
-0.77770047 0.41347262 0.57099932
0.60143836 -0.88944133 0.37216051
0.34921309 0.64582325 -0.85216744
-0.70589826 0.92124805 -0.16648658
-0.4956959 0.62233787 -0.10749123
-0.60188546 0.96407607 -0.33690245
0.52854764 -0.40432415 -0.05450532
0.82332557 -0.74805122 0.0513645
0.41107674 -0.70225004 0.46854569
-0.56214019 0.83985201 -0.00516736
-0.10734277 0.86158374 -0.64095472
-0.76743905 0.80879867 0.00951989
-0.39143688 -0.45768451 0.8817683
-0.85549184 0.90832557 -0.03524034
0.02509589 -0.51954958 0.50866425
0.98699239 -0.49007354 -0.45604134
-0.76967168 0.96135964 -0.12299441
0.08045839 -0.67914435 0.73302524
0.04418147 -0.35818072 0.54098492
0.78142641 -0.09641799 -0.50655401
0.28520046 -0.18003738 -0.07468399
-0.00642045 -0.3041562 0.35888772
0.12926717 -0.94228082 0.85304941
-0.09783793 0.31300595 -0.20039939
0.79593547 -0.56257359 -0.18468193
-0.9534825 0.8379968 0.34134714
0.90164746 -0.75391283 0.19330658
0.81875099 -0.2838295 -0.5286078
0.10402979 0.2058642 -0.28173544
-0.65175423 0.46364494 0.23196255
-0.22014833 0.4424187 -0.22220767
-0.01824708 -0.33548884 0.42361465
-0.93856399 0.3587595 0.91638564
0.77019138 -0.49372515 -0.24901885
0.09537 -0.85663944 0.76652273
0.81091786 -0.29955303 -0.31669047
0.66275418 -0.70511742 0.40736865
0.40729745 -0.45191955 0.09231414
-0.64117167 0.85897036 -0.12623055
-0.09940962 -0.12007828 0.38949767
-0.12148411 0.738182 -0.530247
0.15289989 -0.56554972 0.65176512
-0.51243886 0.63067914 0.03059039
-0.12113302 -0.39115469 0.53857232
-0.62832782 0.37741048 0.42826064
-0.74079568 -0.09801002 0.99215608
-0.56921761 0.68365707 -0.03280042
0.32831734 -0.93930897 0.79485755
-0.52178312 -0.09179647 0.77554329
-0.04476498 0.88435014 -0.66749866
0.34426743 -0.42094068 0.10950097
-0.25593829 0.6981704 -0.30323738
-0.75040908 0.43807227 0.38233732
0.1103843 0.7035106 -0.70749571
-0.10972153 -0.26292448 0.40726938
0.00816617 -0.17729002 0.18628558
0.86939612 -0.8396688 0.24725898
0.66049002 -0.33539932 -0.29490414
-0.92347977 0.84201791 0.11278601
0.16032529 0.23082404 -0.3467028
0.03370905 -0.25859171 0.23260511
-0.88268576 -0.0043395 0.95781573
-0.00891653 0.44182734 -0.33755637
0.99348922 -0.03242019 -0.8991977
0.41393303 0.40553451 -0.81477389
0.1823082 0.66736787 -0.79187971
0.35513025 -0.37038373 0.10244212
-0.41182463 0.413236 0.07555127
-0.46916087 0.19200946 0.29004703
0.29189507 -0.69898987 0.51173322
-0.25493805 -0.32152302 0.69820206
-0.21732912 0.82501298 -0.37336568
0.06493607 -0.20773385 0.19112586
-0.21249544 0.77763221 -0.53958887
-0.69904685 0.40433452 0.35411789
-0.91173421 0.05230798 0.9934666
-0.39051609 0.63072538 -0.12891307
0.86101762 -0.38321731 -0.41661328
0.23009105 -0.48548123 0.2616691
-0.16914426 -0.23253247 0.54268415
-0.20668591 -0.26943505 0.54001456
-0.83060096 0.32650216 0.80395855
-0.60101472 0.79687219 0.05260723
-0.62557832 -0.24229835 0.88037152
0.57471407 -0.92165712 0.39806172
0.59907652 -0.19917933 -0.39596959
-0.72312253 -0.07467801 0.89603548
0.82677988 -0.14996664 -0.55677859
-0.13599393 -0.45207731 0.70136654
-0.77038515 0.87805681 -0.04630229
0.16491824 -0.26275685 0.10046451
-0.87709804 0.92640249 0.06880279
-0.77067974 0.84920517 0.05975412
0.07313018 -0.84378577 0.9396602
-0.94184338 0.46423941 0.5208623
0.08976672 -0.41584774 0.5518763
0.13493692 -0.87423854 0.94817081
0.81003256 -0.22546842 -0.45440357
-0.4923386 0.49316141 0.00461829
-0.16571975 -0.06397953 0.39417909
-0.36313834 -0.50329869 0.88758805
0.80808531 0.55190072 -0.96231831
0.09078616 0.59429354 -0.6828728
0.70676788 -0.42927787 -0.22721965
-0.7033152 0.52927383 0.50989871
-0.63050258 -0.06604519 0.70638937
0.87086576 -0.26464349 -0.56291616
0.32885348 0.48530336 -0.78409149
0.29275638 -0.73417894 0.56276397
-0.257535 -0.13152549 0.46240137
0.45033561 -0.99934684 0.80897521
-0.56048507 -0.13714827 0.78555478
0.2955323 -0.6316717 0.33775365
-0.58274781 0.904733 -0.16616112
0.64497979 0.22878395 -0.81928163
0.92929591 -0.4312225 -0.35459419
0.76005122 -0.74256139 0.02444367
-0.73572791 0.415528 0.44669762
-0.88638316 0.16714398 0.75487858
0.28441169 0.72626816 -0.86775842
0.52889263 0.33042529 -0.74916799
-0.24500687 0.38133003 -0.09717684
0.24696734 -0.79769627 0.67976837
0.80410327 -0.47613928 -0.24526477
-0.69559128 0.65294681 0.18349366
0.04746932 0.77888266 -0.68895909
-0.8943563 0.79556221 0.22901499
-0.26634047 -0.61725983 0.96911063
-0.79972882 0.937586 0.07556058
0.16872793 0.250673 -0.38098853
-0.58162823 0.7243234 -0.12446228
-0.73103985 -0.05593164 0.88792296
0.88057867 -0.95126241 0.11128439
0.26555208 -0.9325342 0.71357462
-0.98513556 0.67347765 0.41892997
-0.16721876 -0.1856634 0.45651742
-0.41214085 0.59290137 -0.13618729
-0.06030753 0.82974387 -0.6251013
0.48669278 -0.58143729 0.171083
-0.47721721 0.19551514 0.28581402
0.71607873 -0.68848047 0.17323153
0.46497614 0.57190528 -0.89756148
0.7349448 -0.42887563 -0.24155732
0.18742724 0.41226285 -0.45201502
-0.03192973 0.49988115 -0.39500354
0.54799681 0.41806998 -0.95251684
-0.14914339 0.58087388 -0.38012847
-0.44385079 0.04265573 0.41919586
-0.0915662 -0.36457854 0.47546717
0.75825081 -0.77474962 0.02631083
0.99384542 -0.05856791 -0.76527204
-0.71432001 0.74652539 0.06852847
0.58901238 -0.28350759 -0.19147613
0.53138592 0.12546963 -0.62223025
0.77630118 -0.24858248 -0.47319732
0.64947435 -0.84641344 0.21063474
-0.58728274 0.85801646 -0.22046941
-0.41609922 0.70776582 -0.23703649
0.94378694 -0.99593464 0.27471358
0.37162785 -0.64567967 0.35249899
-0.78666215 0.98992648 -0.10587133
0.47954788 0.43749023 -0.85615492
-0.47996328 0.38921873 0.16513626
-0.08293756 -0.49909232 0.64454579
-0.7593592 -0.04346183 0.90854161
-0.56916566 0.53929689 0.10165852
0.9975432 -0.78113766 -0.18318027
-0.78370239 -0.15226834 0.9737797
-0.7815704 0.7607032 0.10556073
0.79423883 0.21446223 -0.88923166
0.42702732 0.41889583 -0.77080784
0.90566489 -0.92728363 0.13094826
0.39101568 -0.18751762 -0.11510454
0.27221634 0.99537477 -0.9248839
-0.66166025 0.40996386 0.39271828
0.16188974 0.45333249 -0.55827857
0.34740036 -0.76473364 0.45959175
-0.90928178 0.5404516 0.46246528
0.82208779 0.16153289 -0.86643867
-0.48562591 -0.15999697 0.64633021
-0.58748423 0.79365041 -0.18252037
-0.585528 0.31797485 0.28520168
0.55975128 -0.05900937 -0.28360823
0.03208658 -0.583373 0.73918138
0.63371193 0.25677476 -0.6717607
-0.36045559 0.71603201 -0.19046597
-0.18845206 0.28791128 -0.07268357
-0.08243937 0.93058614 -0.83753631
0.43776474 -0.80102662 0.46378897
-0.26958643 -0.42262268 0.84346285
-0.70311334 0.26621718 0.46199156
-0.15330069 -0.80849795 0.98235905
-0.49135914 0.88996805 -0.32203195
0.41294917 -0.34764268 -0.00060687
0.14784245 0.66173362 -0.71286384
-0.58913929 0.14876502 0.51534695
-0.47601233 -0.27060773 0.8210577
-0.93296386 0.42198889 0.59402134
0.5769607 -0.69741733 0.18594183
-0.2439498 -0.07351962 0.33798575
-0.11344715 0.92798508 -0.80063061
0.31282092 -0.97535817 0.71401315
0.59942353 0.02914779 -0.58357252
0.92719894 -0.45761412 -0.28983783
0.28257483 0.43880547 -0.66393561
0.85621512 0.03911824 -0.89509666
0.0952122 0.80909737 -0.79400357
-0.34378374 -0.23055967 0.68202348
-0.29611982 -0.62281935 0.97670677
0.86992699 0.13030242 -0.90083871
0.71620676 -0.31938761 -0.21160487
-0.29102216 -0.37283975 0.94860147
0.18469095 -0.9819151 0.87265021
-0.36437191 0.08181337 0.40574982
0.33156502 0.35974744 -0.54641494
-0.86818945 0.83464142 0.07601056
-0.82255187 0.84720909 0.31777341
-0.19800059 0.94194356 -0.56309004
0.31211726 0.75507834 -0.8876695
-0.69352112 0.83382949 0.14242719
-0.53934362 -0.28369932 0.95431268
-0.69292783 0.86960933 -0.03166138
0.20384102 0.88895846 -0.90027556
-0.33037393 0.94401813 -0.42381215
0.57949806 -0.30962464 -0.23430581
0.38349096 0.31780519 -0.69329257
0.66684263 -0.76080555 0.37623124
0.95764309 0.31690292 -0.98372934
-0.44644281 -0.34170106 0.95184082
-0.53139074 -0.44207182 0.97395301
0.18354545 0.54338949 -0.67599425
-0.75366356 0.65001145 0.18025255
0.5491089 -0.66247163 0.14780884
0.4437714 0.53951302 -0.98004769
0.58888262 -0.90832434 0.39536416
0.28655882 -0.54889977 0.30232966
0.22592047 -0.50066846 0.28719226
-0.53173305 -0.15725565 0.85648627
0.66374784 0.18531437 -0.72870364
0.97161899 -0.68713361 -0.08981552
-0.67127371 0.32054528 0.38150237
-0.59532959 0.83816385 -0.14310217
-0.3884956 0.77684654 -0.09425169
-0.03080344 0.92650361 -0.87036167
-0.20048224 0.00796856 0.19762014
0.24430009 -0.54769448 0.40556245
-0.62696372 0.55262837 0.21686573
0.92371754 -0.19074486 -0.68941304
0.16915359 -0.61772298 0.51725515
-0.56571896 0.75855433 -0.16314255
-0.62413772 0.58240684 0.0744573
0.64203757 -0.61423764 0.00123764
0.50465082 -0.2644943 -0.17779156
-0.10873594 0.57495701 -0.45467188
0.40186303 -0.96321401 0.71093334
0.27428724 -0.77015268 0.52606603
-0.78566457 0.39074812 0.47970726
0.45955927 -0.95811693 0.64865874
0.16912097 0.56865518 -0.72475398
-0.34961457 0.40284108 -0.03372963
-0.5470813 -0.08432508 0.65248237
-0.78677777 0.13076168 0.68422334
-0.85017562 0.06421162 0.81468065
-0.30747977 -0.14363909 0.4593335
0.6268621 -0.67724996 0.11331093
-0.89622703 0.69541447 0.30725073
-0.47589331 -0.34500976 0.88931035
0.97323092 0.04394253 -0.80987741
0.81786156 -0.72757322 0.18443743
0.48783955 -0.83473595 0.37939669
0.25508869 -0.00328084 -0.20448177
0.80309886 0.02825273 -0.71669247
0.33917828 -0.86221312 0.68281274
-0.81931668 0.79054282 0.1601319
0.43583808 0.34376697 -0.75842395
0.05610354 -0.01591811 -0.03289305
0.10664701 0.72075558 -0.8108923
-0.99208501 0.50246365 0.51258734
0.56729348 -0.94732572 0.64775729
-0.58121767 0.42683766 0.24714762
0.27362292 -0.38003271 0.16607032
0.45786832 -0.72702222 0.49887064
-0.83043868 0.41071983 0.44600737
-0.85322945 0.80796377 0.30171487
-0.22481488 0.53613662 -0.24115002
0.72758346 0.11171267 -0.74980967
-0.97678438 0.51460776 0.67634101
-0.03230759 0.84799798 -0.6997597
0.34382446 0.50290228 -0.7801293
-0.77044946 0.21479504 0.78700869
0.68836894 -0.58977326 0.166457
0.61537471 0.43701966 -0.94753309
0.64492877 -0.44730026 -0.01755182
0.73310518 0.36556971 -0.90534197
-0.07564156 -0.25681694 0.43045691
0.01389274 0.98954629 -0.97924369
-0.40077943 0.42560787 0.12729662
0.20639501 -0.82157807 0.79104014
0.42931691 0.10017298 -0.4973865
-0.95385707 0.79773495 0.29351062
0.3818758 0.57370688 -0.87790264
-0.96608042 0.55257575 0.4621455
0.2216889 -0.66083405 0.48971985
-0.69638853 -0.00217004 0.73515133
-0.78391841 0.12650826 0.76621028
0.82908026 0.08222058 -0.88776956
0.07113431 0.41979126 -0.47633922
-0.53021188 0.98893195 -0.37749672
-0.4152057 0.25528779 0.18483327
0.87514944 -0.27217285 -0.51300713
-0.61772954 0.5465212 0.18640725
0.59580362 -0.42624988 -0.11572079
-0.12985517 -0.12528135 0.44575831
-0.19983539 -0.27600783 0.66200756
0.24647979 -0.89886124 0.71067699
-0.31863275 0.95342334 -0.57453757
0.31202724 -0.44161195 0.13248043
0.95487788 -0.48520808 -0.31828907
0.68843629 0.08837464 -0.58187494
0.86383903 -0.85685833 0.06670987
0.5988853 -0.23298818 -0.3633599
0.75338575 -0.43103105 -0.22173221
-0.02165626 -0.66341107 0.75576768
0.73433688 -0.88653471 0.40900611
-0.22785004 0.88868242 -0.52696123
-0.81303413 0.16252537 0.79416514
0.18485938 0.08325797 -0.24287297
0.80498803 0.00400234 -0.66480042
0.10690817 -0.6875261 0.7678701
0.89014419 0.08360704 -0.93466709
-0.16251155 0.59062341 -0.32681056
0.71345287 -0.86503088 0.3532922
0.94528639 -0.40270365 -0.44729271
0.92930751 -0.98740133 0.26507353
0.88157241 -0.50615167 -0.18290392
0.45854596 -0.27664382 -0.10737021
-0.15187657 0.17048326 0.03001989
0.10850028 -0.83910693 0.87292149
-0.95416678 0.70033482 0.26803009
-0.33870164 -0.18186793 0.55323347
-0.25771589 -0.45065089 0.72602622
0.60546221 -0.70950326 0.14987132
0.3795761 0.27389326 -0.64724986
-0.76764165 -0.10384427 0.87470637
0.74271872 0.80903879 -0.76349027
-0.34723606 0.34429894 0.04130624
-0.5190257 0.08488812 0.46400486
0.26996163 0.53064617 -0.75649122
-0.15118349 0.49114676 -0.33240834
-0.74454901 0.74257066 0.02265281
-0.66794271 -0.19668014 0.87526918
0.35244353 0.65043427 -0.99097189
-0.5798661 -0.04003705 0.79802182
-0.25892973 -0.13748296 0.59698272
-0.99505937 0.2828862 0.93127507
-0.92702748 0.12416081 0.82865348
0.72827355 -0.88340081 0.28295805
0.78780428 -0.25999905 -0.519716
0.19653078 0.56512126 -0.71813702
0.71452742 -0.12230056 -0.42082092
-0.99772921 0.1383271 0.93240081
-0.76994389 0.87884912 -0.02383713
-0.23331156 0.62490414 -0.32701887
-0.21287776 0.46474634 -0.24065058
0.95262258 -0.73811384 -0.00398949
0.32928814 0.76893516 -0.90102404
0.57191451 -0.32484345 -0.12993536
-0.44984289 0.79294618 -0.2924885
0.30079886 0.64273696 -0.93523553
-0.65318013 0.78219827 -0.04578189
0.45261195 0.85964532 -0.99403048
0.29177667 -0.09412267 -0.18489568
-0.39530809 -0.25379661 0.87441695
-0.98056816 0.41334166 0.61896135
0.35716509 -0.52564402 0.38763126
0.70528361 0.32061707 -0.96681704
0.56305726 -0.82764271 0.31262945
0.09095449 -0.99009012 0.98783393
-0.59538018 -0.04718468 0.82039992
-0.86995543 0.41364202 0.77921361
-0.63499544 0.11805656 0.73099837
0.54794861 -0.77221051 0.22812783
0.15223114 -0.91282265 0.80642557
0.15362119 0.4637968 -0.40558994
0.05470618 0.88119937 -0.7141304
0.30773823 0.8516919 -0.93880755
0.15999035 -0.68111299 0.64324257
0.40557053 -0.82117209 0.52938478
0.11537977 -0.50930741 0.42034331
-0.26710901 -0.20285262 0.48080261
-0.81952123 0.68616367 0.23714675
-0.60656219 0.53300398 0.15447388
0.74436472 -0.41630443 -0.31211886
-0.63584417 0.87520907 0.00498206
0.31229661 0.49388939 -0.77860908
-0.20579382 -0.72987752 0.95316581
0.62379026 -0.79143952 0.46106638
0.92657431 -0.64504352 -0.23506677
0.44052018 0.8404825 -0.96396211
-0.49098102 0.6149525 0.09696726
-0.1616075 -0.38151687 0.60923612
0.72280374 -0.09730986 -0.56741549
0.16460653 0.80846201 -0.88031777
-0.83299296 0.51903487 0.44081322
-0.66559366 0.71582651 -0.03082709
-0.56006591 0.95397856 -0.23381013
0.25587739 0.57246662 -0.82023769
-0.85090394 0.40844603 0.49641736
0.05600165 0.80787227 -0.69466075
-0.54023752 0.78187439 -0.18433912
0.82922303 -0.12399884 -0.69693888
-0.3156912 -0.29067373 0.77045269
0.63495504 0.40541013 -0.95973217
0.85330295 -0.65228342 -0.10458791
-0.41321313 -0.07775811 0.53359589
0.89592132 -0.08274075 -0.7571198
0.50181675 -0.32295732 -0.16377722
0.26026237 0.67946344 -0.93187396
-0.41584998 -0.50532245 0.94391857
-0.48666213 0.0588041 0.54271648
-0.4894687 0.85007371 -0.21682671
0.84407914 0.33436958 -0.98289222
-0.37500086 -0.1234272 0.55347134
-0.45164855 0.41099787 0.04777102
0.05411475 0.61206252 -0.61968639
0.71605613 -0.57829883 0.10199821
0.77823694 -0.32406792 -0.28691073
-0.12608091 0.37767826 -0.16706984
0.49609995 0.24342934 -0.69995451
0.49327582 0.20642528 -0.66622353
-0.44867838 0.76118203 -0.18728003
-0.64306149 0.70825163 0.39812501
0.49954876 0.08482356 -0.51019502
0.23944826 0.68819689 -0.59077962
0.04229002 -0.67657614 0.82622058
0.4375132 -0.9151137 0.62265183
-0.98789349 0.53575796 0.5965325
0.7235659 0.1189194 -0.83073462
-0.15546739 0.57050976 -0.28636379
-0.20000762 0.74315854 -0.42429628
0.71937103 -0.24247612 -0.46354639
-0.19836925 -0.25764624 0.62418237
-0.25367731 -0.10756048 0.37152187
0.54286497 -0.6323504 0.13562356
0.56403578 0.50585178 -0.9959543
0.39129538 -0.45020173 0.10947161
0.75268536 -0.85864518 0.33820373
-0.04958454 0.94180567 -0.74142555
0.71361604 0.61590485 -0.94214525
0.28896341 0.12777127 -0.37716879
-0.2883353 0.23275507 0.06465444
0.62392551 0.28238424 -0.88528511
-0.15315885 -0.27207254 0.45393651
0.64249132 -0.4720939 -0.07907611
0.54956896 -0.17340982 -0.24700296
0.73891166 -0.16157488 -0.56409595
0.08751583 -0.92139764 0.99369578
0.76414256 -0.33534296 -0.35910197
0.07182634 -0.45845781 0.43004922
0.44328783 0.7078846 -0.9955431
0.11846692 0.86183894 -0.6633486
-0.63589011 0.39133051 0.29204583
0.56064559 -0.92672866 0.4704522
-0.32287331 -0.30136093 0.6247298
0.88371733 0.66249527 -0.91701444
0.97329077 -0.01710174 -0.93161735
0.78151029 0.3370143 -0.90401197
-0.49950755 -0.25098297 0.9397647
0.41425431 -0.97282137 0.57217331
-0.8224876 0.98491854 0.11977389
-0.85068254 0.85640677 0.0294473
0.01939058 -0.54558171 0.68150388
0.49767346 -0.97105228 0.57120389
-0.37179591 0.34407743 0.20083328
0.98331086 0.1275823 -0.94320605
0.75804646 0.02614209 -0.78247541
0.84158489 -0.59479677 -0.17396999
0.91659253 -0.29531779 -0.56769613
0.7813326 -0.9555196 0.23377899
0.48337198 -0.61748771 0.21286099
-0.00693927 -0.66169593 0.67596937
0.82694036 0.20138781 -0.80746356
0.63578289 0.0224193 -0.54746115
-0.73675713 -0.12547301 0.95124028
-0.07231967 0.8633418 -0.68062002
-0.51885453 0.97526028 -0.28243939
-0.20045792 0.72649115 -0.40465227
0.04941011 0.53423744 -0.35753773
0.63459865 0.24891988 -0.81278787
-0.02652554 -0.68602388 0.72432011
-0.86171068 0.4417348 0.47416095
0.5828435 -0.04084028 -0.4476099
0.06548419 -0.84502703 0.84351347
0.84494641 -0.39399285 -0.4255481
-0.95644383 0.09464266 0.95904273
-0.21383555 -0.50472421 0.79123429
-0.10290546 0.88854644 -0.52223988
-0.29342253 0.67566107 -0.36904231
-0.48051247 0.40719135 0.09905712
0.43140646 -0.10354495 -0.23187211
0.52995843 0.34771559 -0.79562579
-0.60778099 0.7031293 0.14718401
-0.8032851 -0.08387863 0.89713663
0.82923509 -0.69282438 -0.09116
0.70974733 -0.8083997 0.46572526
-0.86407916 0.76489831 0.22971996
0.92241044 -0.81526164 0.26508205
-0.29131599 0.76784913 -0.46251928
-0.16580151 0.71411574 -0.49008412
0.78241281 -0.03392652 -0.70411555
0.37469623 -0.19541385 -0.16806981
-0.82567492 0.17426023 0.95727693
-0.86597606 0.78369317 0.0904938
-0.22256692 -0.49648159 0.7393903
0.18395845 0.07466737 -0.25759412
0.90857025 -0.60514274 -0.29132024
-0.40898797 -0.28969388 0.8548292
-0.69269375 0.50454187 0.42454449
0.07988353 0.9173848 -0.97655855
0.10739306 0.11132502 -0.17204835
0.3959831 -0.93794031 0.61517913
0.42738151 -0.2223471 -0.16842317
0.42758644 -0.75126347 0.4982065
-0.22705421 0.72447996 -0.30668513
0.75698806 0.38666883 -0.97221596
0.60800059 0.43594049 -0.93779036
-0.95346827 0.76109243 0.24927073
-0.4576142 0.95598511 -0.48710673
-0.6340535 0.04949306 0.73047333
-0.15196076 -0.31882303 0.50869964
-0.32865291 0.10115823 0.24855389
-0.84116529 0.91217896 0.09237033
-0.57066259 -0.01322421 0.70651947
0.44543939 0.18027793 -0.59723526
0.86471326 0.15428663 -0.88600098
0.94472833 -0.76841765 0.2962644
0.08989111 -0.10009556 0.04609489
-0.45257731 -0.47142063 0.93001167
-0.55908506 -0.13154582 0.80172823
-0.71441246 0.35039948 0.47194327
-0.52923076 0.63151803 0.0213115
-0.39385083 -0.4423635 0.94445862
0.43238348 -0.68359348 0.270607
-0.7635921 0.9319902 0.07852198
0.29715144 -0.63840062 0.40704119
-0.19530027 -0.44502959 0.85920976
0.57827999 -0.78497384 0.37254973
0.13337467 0.18355993 -0.28124786
0.51803322 0.18788456 -0.56761739
0.28818004 0.21898202 -0.39625092
-0.92455582 0.6029366 0.46918098
-0.28962626 0.9507786 -0.50883587
0.10475468 0.38293596 -0.41270203
0.07491959 -0.7667946 0.71031519
-0.62870205 0.86093444 -0.20441955
0.44057087 -0.88573635 0.59435584
-0.06161355 0.74257615 -0.46716569
0.65042435 -0.58842816 -0.03344864
0.80290647 -0.17604735 -0.58935046
0.23607806 -0.98632261 0.85996139
0.21824195 0.81558404 -0.78548291
-0.85031124 0.65797583 0.20193906
0.16146117 -0.57841655 0.49762873
-0.57497222 0.52147527 0.25023929
0.97783877 -0.97269685 0.0118071
0.21167727 -0.04318763 -0.14813123
0.46450398 0.05395315 -0.51319399
-0.9497044 0.78326164 0.23923761
-0.5238094 0.03646986 0.52849172
-0.62372339 0.83063874 -0.07511979
-0.89199003 0.22909955 0.72464318
0.34363545 -0.22710605 -0.11514475
0.23492286 -0.77160207 0.74910835
-0.50719969 -0.28596513 0.8885963
0.68151413 0.1906924 -0.85332035
0.1139692 -0.40466033 0.39665512
0.42687332 -0.40170221 0.00349509
-0.4960738 0.41744956 0.19223988
-0.65333459 0.72293491 -0.03063001
-0.0879167 -0.17908933 0.27418079
0.72280395 -0.87195707 0.20577438
0.04145146 0.85799009 -0.68001487
-0.09718237 -0.73218308 0.87151756
-0.57487802 0.24528113 0.38451831
0.0460424 0.95103558 -0.81005144
0.5149128 -0.42521559 -0.02469936
-0.21976802 -0.53244401 0.91045568
-0.61224539 0.47001628 0.16020222
-0.23656687 0.40446353 -0.13943062
0.40115057 -0.94293472 0.6502047
-0.42027473 0.69486428 -0.230462
-0.92139362 0.94873996 0.19984202
-0.10050947 -0.14683883 0.30928105
0.51272738 -0.22104077 -0.26730156
0.78296311 -0.35492943 -0.26084864
-0.54414497 0.75929838 -0.2071289
-0.55556297 -0.3101902 0.9308187
-0.70740452 0.46244144 0.51531396
-0.34719805 0.71184167 -0.30852002
-0.79975521 0.5111912 0.30675187
-0.13199678 -0.6464669 0.89493851
-0.69087703 0.25851994 0.49126481
-0.83694117 -0.09123024 0.94646015
0.2021116 -0.57985186 0.40457306
-0.59150138 0.86738493 -0.0892104
-0.94328183 0.28834033 0.81128722
0.13573054 0.92064556 -0.90793653
-0.74037609 -0.16475704 0.90863323
0.74081274 -0.81713479 0.08266048
-0.73863449 0.44690551 0.60115348
-0.49925004 -0.08946614 0.67028294
-0.90162002 0.05542072 0.96886859
-0.32009307 -0.20621567 0.75778987
0.65421607 -0.05444737 -0.4584147
-0.82423596 0.17309205 0.84038626
0.63522893 -0.91600041 0.62414407
-0.94349922 0.79003538 0.41619158
-0.73853971 0.02928348 0.72138902
-0.90258844 0.96796315 0.16308173
0.20667806 -0.33070056 0.16996445
-0.98034718 0.21316911 0.97803826
-0.39643664 -0.56196299 0.98720176
0.06571287 -0.5340776 0.48336757
0.4963208 -0.95330159 0.98783625
0.36674007 0.44896896 -0.81144735
0.7259646 -0.99315767 0.44725273
0.80588527 -0.41617679 -0.34138273
-0.39004789 0.91431395 -0.45063823
-0.56589274 -0.34913198 0.96972994
-0.94500382 0.74790459 0.21386934
0.28985183 -0.74784718 0.4896027
-0.83479885 0.62558423 0.2971567
-0.50465455 0.14755103 0.51805923
0.15563241 0.89928521 -0.97567123
-0.52156713 -0.36069251 0.93041224
-0.78656635 0.50363251 0.47332215
-0.57432863 0.28855667 0.29829683
0.58752093 -0.55740133 0.04554926
0.86185947 -0.04664531 -0.79643356
-0.94062895 0.30900328 0.71552165
-0.75525445 0.45462203 0.43273172
-0.08301679 -0.49947291 0.62330475
-0.92342061 0.85129722 0.3637911
-0.67358439 0.20915158 0.48468291
-0.20627786 -0.69729495 0.9788436
0.94273929 -0.59572449 -0.2278123
-0.80730715 0.38914917 0.4334365
0.88332741 -0.88015973 0.01442534
-0.84896781 0.86361442 0.13290615
0.99533023 -0.54676598 -0.34377443
-0.16490292 -0.12812962 0.39137263
0.61483621 0.39949357 -0.90428744
0.82591971 -0.86458957 0.2155404
0.50977553 0.04936319 -0.4698653
0.14190212 0.20982539 -0.28217298
0.0109959 0.09383548 -0.10041449
-0.4325507 0.61976884 -0.03780338
-0.81517866 0.2974851 0.98766462
0.78457582 -0.49384011 -0.16466112
-0.17376018 -0.27732043 0.55866111
0.92825425 -0.28345026 -0.52666138
0.43659818 0.6862244 -0.90922937
-0.3351016 -0.45073553 0.78724275
0.54694194 -0.67359667 0.29563393
-0.63847142 0.1111627 0.56125697
0.3574935 0.68304929 -0.80428828
-0.07131753 -0.07997117 0.16441332
-0.30285435 -0.19719716 0.5087879
0.48662361 -0.7705538 0.2926344
-0.83296221 0.4720145 0.58813305
-0.18380242 -0.58734808 0.9352933
-0.10834514 0.78402215 -0.66328377
0.14319892 0.98437101 -0.78375033
-0.72370225 0.29814957 0.54879351
0.06452352 -0.33898697 0.27804607
-0.71622895 0.76314758 0.10861837
-0.23209896 0.96714516 -0.41395189
-0.30714251 0.97329499 -0.62942023
0.42113364 -0.50136418 0.14267421
-0.5489992 0.49279324 0.16129211
-0.44583038 0.24976399 0.24884995
-0.13415333 0.65972398 -0.28470212
0.26257456 -0.63916985 0.57392836
0.60608522 -0.80107955 0.28020025
0.44015798 -0.87637528 0.43989161
0.24771567 0.92275431 -0.95307752
-0.31905064 -0.54081186 0.92474522
-0.393554 0.8793501 -0.38340129
0.88314004 -0.8026765 0.1355355
0.89755784 0.28409645 -0.83749499
0.36283646 -0.97874284 0.63296855
0.75034457 0.44167304 -0.98637069
0.6720508 -0.62893043 -0.03332081
0.34463142 0.84916152 -0.98447773
0.20523998 -0.46230311 0.36181123
-0.64862147 0.71669462 0.05029426
0.24109782 0.11239116 -0.27312048
0.70624962 0.26265789 -0.95012671
0.96802443 0.37409273 -0.97449147
0.50094061 0.18148364 -0.57044242
0.32542037 0.83685991 -0.90951075
-0.62185283 -0.08972183 0.95694546
0.94807869 -0.39997311 -0.51958646
0.25478989 0.67509174 -0.90119566
-0.58336433 0.51879035 0.11199041
-0.13432527 0.37068103 -0.19868043
-0.70534442 -0.17539659 0.90694573
0.16529787 0.63868721 -0.74065797
-0.15605547 0.63859024 -0.22537832
0.21274692 0.9036678 -0.8159276
0.28346084 0.82232557 -0.80228955
0.77342694 -0.05200585 -0.60938831
-0.67432525 0.42435123 0.25461317
-0.51012862 0.41188707 0.24051932
-0.2230866 0.84766351 -0.40970253
0.38402364 0.17142956 -0.51635845
0.54524926 0.47372497 -0.90634946
-0.5857912 0.14554693 0.49837594
0.7009358 0.32512676 -0.91878071
0.01967209 -0.61044627 0.68742518
-0.42969754 0.46236297 0.18081157
0.08347417 -0.89887383 0.95860079
0.18050179 -0.51925036 0.34353089
-0.00712962 0.59001473 -0.53723371
-0.81766195 0.1000322 0.93732588
0.02595819 0.79347196 -0.79118591
-0.05110234 0.89243821 -0.75308677
0.56789829 -0.26971339 -0.16489783
-0.61728554 0.03916663 0.75216255
0.78644153 -0.28997492 -0.29811877
-0.14246358 -0.0214987 0.16686619
0.15263187 -0.50191075 0.46572
-0.47064824 0.16053734 0.47761984
0.39040505 0.05214262 -0.41647839
0.52315013 0.84768909 -0.85332677
0.28081266 -0.7966164 0.73131877
0.13127618 0.30437935 -0.37803883
0.65998919 0.56645737 -0.92715291
0.39173308 0.85138122 -0.90153735
0.21999702 0.37126729 -0.59108953
-0.43244771 0.80637134 -0.35735309
0.25292894 -0.36349005 0.11318206
-0.16182278 0.87837932 -0.63150359
0.68980212 -0.71585743 0.27640992
0.25524774 0.81012748 -0.98772308
0.8926273 -0.08109569 -0.69042608
-0.01473734 0.75611595 -0.64798459
-0.91824308 0.22473853 0.85701718
-0.13556489 0.83105172 -0.56161313
-0.97332201 0.53263415 0.56107452
0.33201531 0.55106989 -0.7994876
0.92508262 0.09772338 -0.98588804
0.33868588 -0.61244038 0.39545723
0.31893256 0.92929368 -0.9751511
-0.08829846 -0.75559586 0.84705387
-0.61241794 0.21472159 0.63599541
0.43651496 -0.34572005 -0.01481429
-0.79488786 0.13560103 0.71465062
0.89320461 -0.05113725 -0.78370262
0.05153338 -0.38459476 0.36877913
0.12329769 -0.82276397 0.77730357
0.07529275 -0.67412556 0.64007887
-0.48627401 0.81886413 -0.21154838
0.94640529 -0.85733733 0.08607152
-0.59042992 0.00299092 0.62299614
-0.86507336 0.12190611 0.77066877
0.2918586 0.29930081 -0.58227406
-0.39380571 0.93872112 -0.37304007
-0.03359232 0.84021408 -0.61166186
0.42150372 -0.98824957 0.67942694
0.33185395 -0.52570965 0.24439577
0.98711775 -0.97976572 0.19267706
0.96134259 0.01153901 -0.93465746
0.69420631 -0.35320415 -0.23315248
0.47795867 -0.96663189 0.61975866
0.85277875 -0.99120154 0.24890327
-0.29309642 0.70247072 -0.37814969
0.91483776 -0.07203429 -0.50642914
-0.07918936 -0.65994124 0.96349634
0.74789811 -0.12672997 -0.44705695
0.12270326 0.64885788 -0.6911546
0.95262911 -0.20947972 -0.59574362
-0.97421889 0.75789868 0.53344705
0.16197204 -0.79000978 0.64715566
0.73086746 -0.80806985 0.20380435
0.34388118 0.44793694 -0.75055363
-0.41397981 0.95371766 -0.33637046
0.25152085 -0.51472332 0.41163377
0.73592116 -0.36640333 -0.27655631
0.03584195 0.68146756 -0.68798099
0.58272017 0.43142669 -0.86036609
-0.06032743 0.99485667 -0.8709537
-0.10311381 -0.48979603 0.74035619
-0.65491282 0.99763197 -0.15287293
0.47120105 -0.59141374 0.12589668
0.55023575 -0.53943904 0.11464042
-0.20136781 -0.66027341 0.91018546
0.99438783 -0.63221903 -0.16735489
-0.70287592 0.74401593 0.00453219
-0.56533866 0.72512655 -0.08470361
-0.52565531 -0.26594383 0.91042688
-5.64853958e-05 7.91547002e-01 -7.63221871e-01
0.51218848 0.45033631 -0.85790762
-0.35292217 -0.35754824 0.77485343
-0.9796603 0.8068009 0.17418632
-0.74262237 0.89493935 -0.13340371
-0.02319531 0.96405467 -0.86080491
-0.52689831 0.66174474 -0.06465749
-0.90748442 0.31400093 0.76089183
-0.69811796 -0.00939097 0.79656066
0.77324442 -0.34340723 -0.2714168
-0.5461807 0.80351573 -0.25354504
-0.55423788 -0.29801889 0.88968482
-0.03051981 0.98790969 -0.86819836
-0.1268105 -0.69730239 0.83350574
-0.65045391 0.91294042 -0.17417621
-0.49747051 0.57091535 -0.06226318
0.21788259 -0.17087627 -0.03838172
0.05209852 0.91510522 -0.84805336
0.1363886 0.89203121 -0.9062873
0.46714309 0.52535478 -0.8912081
-0.71403462 0.74292229 0.06857524
0.85093591 -0.25043148 -0.57051705
0.76536768 -0.98130534 0.32150831
0.812545 -0.94487336 0.5089488
-0.26211333 0.38552323 -0.11815642
-0.50576971 0.85933763 -0.27851581
0.22782146 -0.30101793 0.13697715
0.91199778 0.10985203 -0.96181703
-0.26541087 0.60816601 -0.29080417
-0.72336809 0.88884224 -0.11587747
-0.19152207 0.38059838 -0.17136025
0.7899795 0.09124063 -0.84020944
0.41263409 -0.25665981 -0.11388752
-0.05348242 -0.52707005 0.61027913
-0.96682719 0.60055355 0.47777965
-0.12687652 -0.36811876 0.5042161
0.17757504 -0.88939971 0.83226902
-0.87991038 0.48296978 0.6088942
0.98485457 -0.39095677 -0.49348183
-0.62433721 0.55515536 0.21541239
-0.33274356 -0.12397128 0.5180187
0.19720714 -0.93673818 0.8534816
0.48951243 0.09353772 -0.51569376
-0.54529142 0.08834568 0.78937465
-0.65001053 0.5743697 0.43344043
0.13646791 -0.77121404 0.81356482
-0.50357884 0.07943272 0.54483251
-0.21057264 -0.48506518 0.81824874
0.28977752 -0.93717941 0.65620567
0.87798647 -0.52827407 -0.15767894
0.03412281 -0.75286877 0.77175872
-0.28135416 -0.46728061 0.8706114
0.87830479 -0.34224253 -0.50576311
-0.77106953 0.14754715 0.64188255
-0.44169077 0.69447473 -0.0154838
-0.69045118 0.01106481 0.73583822
-0.72265544 0.86886984 -0.08714444
-0.01148808 -0.68155319 0.95890026
-0.25035281 -0.13217274 0.38960802
-0.4433622 0.0599797 0.53337345
0.27244072 0.8906788 -0.92039293
0.6735255 0.49477311 -0.91813763
-0.69527922 -0.03540887 0.84079855
0.78544019 -0.96512054 0.32960552
-0.89657221 0.54904497 0.36256334
-0.10658503 -0.568167 0.79211823
-0.52250426 -0.34558454 0.97119941
-0.60678792 0.89597762 -0.19631666
0.94658125 -0.30298579 -0.39743722
0.97532029 -0.25913252 -0.64873109
0.3641125 -0.08509529 -0.26518388
0.51725158 0.55137603 -0.99113598
0.69992662 0.48635696 -0.89189887
0.35614073 -0.57710123 0.26260054
-0.15392677 -0.67434706 0.99902117
-0.7318973 0.92534058 -0.18868034
-0.37004556 0.11811531 0.35870614
-0.53743165 -0.20204423 0.97407674
-0.6982812 0.93067877 -0.15943243
0.8550653 -0.04255492 -0.54924248
0.41446659 -0.5742498 0.25232464
0.45029143 -0.98296839 0.7926177
-0.73768614 -0.06750829 0.95503624
-0.42409419 -0.39769506 0.87158047
-0.99784513 0.9259424 0.1985387
-0.7865713 0.1537553 0.65905184
-0.13474831 -0.00723231 0.15058352
-0.84511764 0.42940357 0.68912654
0.82040279 -0.70352592 0.06192593
0.16701196 0.49482791 -0.63647919
0.64814828 0.05351185 -0.66484939
-5.48136372e-01 6.83749468e-01 -2.52798048e-04
0.32004046 -0.80137097 0.84989618
0.82875316 0.26216674 -0.93084878
0.40762594 -0.93842312 0.76107322
0.54575372 -0.52369529 0.06953721
-0.26716739 -0.4991643 0.87821923
-0.20684584 0.64582603 -0.42735281
0.35267017 -0.71245988 0.3693516
0.56231166 -0.8945664 0.44617987
0.87101918 -0.75278819 0.01487219
-0.62415643 -0.28228725 0.94886063
0.17988863 -0.2647393 0.12981057
0.88461149 -0.37228653 -0.33039578
0.88961421 -0.93377708 0.09978847
-0.71358329 -0.0677613 0.99531499
0.10117279 0.19256044 -0.28299643
-0.04849812 -0.6997107 0.78564259
-0.07643459 0.93260339 -0.78866044
-0.60036492 0.01764868 0.65142692
0.65546466 -0.38921833 -0.18163389
-0.16076882 -0.43643639 0.83678958
-0.15619319 0.22051172 -0.0583432
-0.52967994 0.35223539 0.17861156
0.16880736 0.02293752 -0.15418621
-0.16561198 0.45334444 -0.25268476
-0.53317847 -0.15045482 0.87480758
-0.75628075 0.47173294 0.53639952
0.24643213 -0.90078907 0.88118058
0.24679728 -0.7381071 0.89758914
0.05419179 0.28644272 -0.2891372
0.07027761 0.01253207 -0.0814455
0.70799175 0.31796911 -0.93394134
-0.65562823 0.43211255 0.25708187
0.57050594 0.67310263 -0.89728461
-0.01347922 -0.63373375 0.65803708
0.34429263 -0.56378401 0.24810094
-0.82306365 0.19087467 0.80498403
0.60806396 -0.32852783 -0.11149203
-0.5019665 0.83856727 -0.29641975
-0.00640387 -0.34455195 0.4821359
-0.93087637 0.1841277 0.8489084
-0.9510197 0.95061246 0.02074796
-0.81215144 0.62822162 0.31266592
-0.81447793 0.06608888 0.77576276
0.2201031 0.87064211 -0.89073381
-0.34439245 0.66636081 -0.29215148
0.66925576 0.16633657 -0.8105579
-0.1232339 0.79504432 -0.61082735
0.64866096 -0.02654673 -0.57063616
0.36992964 0.56326122 -0.83435098
0.75474207 -0.38864906 -0.32750859
-0.48984687 0.43155552 0.19652216
0.67974999 -0.14134938 -0.3494328
-0.7602064 0.23230179 0.6938056
-0.47330262 0.66597702 -0.04012464
0.68520604 0.15367822 -0.74335376
-0.54835527 -0.08199952 0.63566084
0.70858107 -0.19989099 -0.39931517
0.99479813 -0.88558532 -0.01476695
0.2915789 -0.79755425 0.8758649
0.98932926 -0.54663186 -0.34233757
0.28883122 -0.82758302 0.97203568
-0.41825138 0.5358803 0.07624122
-0.15915578 -0.4180905 0.72365834
0.35446272 -0.48121856 0.15150238
8.99742995e-01 1.68422068e-04 -8.58180144e-01
0.08545822 0.79811285 -0.74802334
0.6796108 -0.44172687 -0.20335153
-0.20637332 -0.30464615 0.74981371
-0.39040615 -0.49103776 0.89420514
-0.76285694 0.6220316 0.58913243
-0.92394125 0.72650551 0.19784216
-0.11315292 0.33815521 -0.19840333
0.49443844 0.54281809 -0.64278231
-0.80228341 0.09128628 0.71788444
0.09452325 0.30865044 -0.28506179
0.81287632 -0.33948366 -0.39520783
0.68527655 0.03053863 -0.71252637
0.19479721 0.70474204 -0.78939972
0.8584157 0.08586963 -0.83196628
0.2946854 0.76548012 -0.98153419
0.77108715 0.09470159 -0.82566296
-0.46741906 -0.06592657 0.55494995
-0.48998628 0.04447228 0.59076374
-0.18931762 -0.45876918 0.75527212
0.13321285 0.37258203 -0.49819582
0.41917084 -0.815876 0.40323315
0.95420013 -0.54236378 -0.23980828
0.61137766 -0.863594 0.27455054
0.11724632 0.30615783 -0.42338096
-0.47999027 0.97863992 -0.32614148
0.30364943 0.39111986 -0.66501212
0.29557282 -0.56638984 0.36007969
-0.26263514 0.62727465 -0.35327258
0.40425687 -0.6154267 0.35610465
0.34451348 0.39438592 -0.65815619
0.718922 0.49449366 -0.9301354
-0.27729409 0.74716062 -0.38727583
0.30722578 0.1487664 -0.41062265
-0.4657818 0.93576116 -0.03585724
-0.35417069 0.57089816 -0.15881752
-0.80155304 0.92475182 0.10823224
-0.79420861 0.11429954 0.93815714
-0.30313741 0.84596993 -0.31313898
0.31270705 -0.62785456 0.32133966
0.23522868 0.85016974 -0.76998475
0.10450716 -0.62237609 0.58246388
0.91167076 0.00564885 -0.69881086
0.57098408 -0.86952577 0.48842959
0.66351425 -0.57390946 -0.05870851
0.197949 0.38408129 -0.50978016
-0.48304168 0.13862292 0.52763911
0.92943046 -0.77693948 -0.12249532
0.91295545 -0.91265932 0.09771776
0.16440822 -0.55681282 0.54413598
0.44096814 0.64716484 -0.91825453
0.95347648 -0.24473971 -0.69090814
0.67438763 -0.24735097 -0.23714868
0.91355384 0.08130235 -0.92060198
0.83845151 -0.61096229 -0.19631725
0.55147695 -0.79123193 0.39637488
-0.99137127 0.8469691 0.17951024
0.31512302 0.54839826 -0.81011233
0.16191701 0.64986698 -0.74503324
-0.16596666 -0.19663256 0.46869894
0.16404949 0.4118362 -0.56727953
-0.11773365 0.99597935 -0.8428995
0.60091424 -0.27981766 -0.30125278
0.0596443 -0.48175288 0.49837469
-0.81157424 0.91032077 -0.05766994
0.18264667 0.47917011 -0.51758591
-0.3747577 -0.38523097 0.86580566
-0.36981731 0.56676733 -0.13801116
0.81449167 -0.15654747 -0.58203476
0.93190006 -0.87512144 0.18009366
0.39916823 -0.55174956 0.25291388
0.6404327 -0.23902616 -0.38243884
-0.31119729 0.67803597 -0.34926411
0.61221494 0.53425464 -0.82062906
-0.00259695 0.81413119 -0.795981
0.63773463 -0.8593085 0.35450169
-0.46793298 0.29153604 0.19248267
0.54223457 0.2747906 -0.80912256
0.06472928 -0.27956136 0.25400989
-0.327133 -0.32969921 0.7097339
0.7360459 -0.594498 0.04147925
-0.85457712 0.61268118 0.29319903
-0.49790233 -0.29361186 0.86855141
0.97561867 -0.28910198 -0.51724347
-0.08140106 0.34037546 -0.14611874
-0.99376529 0.20081163 0.87152642
0.29207836 -0.89355067 0.79481371
-0.67151314 0.63849351 0.03349013
0.83519208 -0.9449456 0.16304946
0.08472888 -0.96644874 0.95061025
0.02592455 -0.48074563 0.46146332
0.1192055 0.91783355 -0.96989892
-0.92298263 0.44830419 0.50047844
-0.54402607 0.97418429 -0.35680113
-0.72612652 0.65622823 0.22690125
-0.28238847 0.75824582 -0.26821453
-0.12797611 0.83562702 -0.66874678
-0.34200357 0.7030703 -0.30035803
0.09109387 0.69313708 -0.72489348
0.23948197 0.74374613 -0.9234491
0.73243358 0.17894032 -0.74126577
0.37476075 0.72391399 -0.84761752
-0.93356537 0.76032627 0.29884681
-0.31257784 -0.54874281 0.89997127
-0.74763538 0.23474506 0.53483563
-0.85578638 0.86186039 0.15326877
0.46458377 -0.91737123 0.49268269
0.09744893 -0.44348925 0.37951835
0.05772767 -0.41284703 0.45088484
-0.1182064 0.92127331 -0.73183801
0.56212247 0.32103495 -0.66750467
-0.78459192 0.0228774 0.80187745
0.14194482 -0.57887375 0.63861759
-0.41379773 0.86792422 -0.34101932
0.08980562 -0.78332129 0.71390315
-0.39938861 0.83286666 -0.22455442
-0.4785412 0.17139877 0.51458458
-0.66024226 0.68628484 0.04793596
-0.92537122 0.83183949 0.39613644
-0.77478922 0.06442512 0.87642597
0.20458603 0.27326947 -0.44392106
0.204055 -0.93265139 0.77797459
0.54019122 -0.45059871 -0.05540778
-0.11724364 0.32215951 -0.14993315
0.45949013 -0.6230931 0.19523755
-0.58950426 -0.19384832 0.80328351
-0.47663377 0.86405049 -0.26316449
0.83895772 -0.01916356 -0.65777838
0.77281364 -0.72597133 0.11975752
-0.33078413 0.64856572 -0.2377829
0.77351718 -0.40301837 -0.20878633
0.19615132 -0.76985689 0.59215067
-0.87120743 0.33002373 0.6543631
-0.4224863 -0.05700479 0.58532456
-0.01549996 -0.69637401 0.96738129
0.13966252 -0.29300036 0.17475535
0.74717955 0.25402336 -0.82740018
-0.33840104 0.00958508 0.5039251
0.05298564 -0.75792009 0.90122839
0.43639024 0.61793531 -0.94387366
0.03326147 -0.56460114 0.60115214
-0.99861142 0.31355984 0.99438414
-0.96919225 0.85938438 0.21840029
0.78617516 0.04036978 -0.6250188
-0.15878347 0.96160682 -0.7242491
0.94084836 -0.57352122 -0.21334112
-0.0863888 0.36674116 -0.27775868
0.28047427 0.0939632 -0.37081737
0.69579156 0.12911046 -0.68046402
-0.84410949 0.58850776 0.45476221
0.82161319 -0.52686218 -0.25514826
0.14024013 -0.8839603 0.92688532
0.15854894 0.38590494 -0.48509337
-0.15291011 -0.55771155 0.99428286
0.90452658 -0.97336217 0.75744517
0.81265671 -0.93526288 0.36509682
-0.87202632 0.68791129 0.24206534
0.30061337 0.33798445 -0.62639082
0.93916133 -0.71682399 -0.09507536
0.35918614 -0.63316547 0.28444785
-0.70691953 0.56444808 0.17762507
-0.92596932 0.3945669 0.57981113
-0.52717832 0.68259264 0.07367781
0.97260693 -0.69728613 -0.09310986
0.24309847 0.52677548 -0.75624388
0.61556148 -0.27059643 -0.21300431
-0.91979051 0.37220519 0.6168501
0.74108198 0.19060021 -0.92889422
0.3134217 0.07125612 -0.34884167
-0.16453267 0.60706486 -0.33987472
-0.46545585 0.55705102 0.02218573
0.50565304 -0.72491321 0.45949983
0.64368114 0.27383803 -0.8311756
0.82091818 0.07240447 -0.67594006
0.92508367 -0.778225 -0.00685695
-0.2244582 -0.25037779 0.62683997
0.87308766 -0.31272086 -0.44194338
-0.19607207 -0.41891966 0.65439139
-0.62856114 0.85941272 0.02835166
-0.5682646 0.90369057 -0.26988744
0.1142601 0.18160254 -0.29297864
0.81909539 -0.84319328 0.38849684
-0.53231389 -0.0032027 0.58137125
-0.98989306 0.95636387 0.46036911
0.54192073 0.32907574 -0.85106117
0.91505166 -0.83078357 0.00743197
-0.644128 0.52582017 0.14808169
-0.81225319 0.84925108 0.21393677
-0.00965141 0.96094673 -0.78023049
0.22659492 -0.5725371 0.35485735
0.90735705 -0.33095413 -0.39869327
-0.64900958 -0.20179192 0.93529696
-0.85215175 0.86825266 0.16845122
-0.46623217 0.6896502 -0.05094315
0.1676644 -0.39634071 0.28060266
-0.89378775 0.07608618 0.9487743
-0.50924367 -0.2892226 0.89759268
-0.71300694 0.12842649 0.62964663
-0.9307713 0.26874575 0.87900236
0.45090791 0.64813593 -0.89108279
0.83507857 -0.49140875 -0.18039821
0.208913 0.74459867 -0.86999666
0.05297937 0.70386437 -0.7500309
0.64619844 -0.05244023 -0.45995494
-0.35164049 0.12120163 0.27873049
0.75532332 -0.54095729 -0.16332392
0.2130154 -0.45524646 0.27403188
0.95132524 -0.58305764 -0.29502447
-0.28548224 0.74896485 -0.38708643
0.79199778 0.03250484 -0.8187792
0.35873876 -0.09470202 -0.24186515
0.94224279 -0.12042006 -0.80388923
-0.53704844 0.66904835 0.10630902
-0.10603588 0.52232655 -0.37990553
-0.24169898 0.85120705 -0.50417381
0.7950704 0.19468374 -0.92519237
0.12429336 -0.47824459 0.36494769
-0.35947885 0.48527425 0.03512092
0.16127019 0.91682 -0.77111274
-0.18473417 0.3667917 -0.12005838
-0.71234752 0.28661183 0.44587478
-0.8814511 0.66691802 0.34210844
-0.1855708 0.33554146 -0.10139841
-0.65687106 0.3428008 0.82527558
0.0035817 0.39882626 -0.39399637
0.8336308 0.02022844 -0.70101027
0.89127885 -0.25360587 -0.60307366
0.3046938 -0.916487 0.66260163
-0.08633033 -0.68716645 0.79114378
-0.12651208 0.61468509 -0.44183751
-0.25541698 0.80034005 -0.51365341
0.62244024 -0.568638 -0.01434717
0.78043589 0.21046117 -0.55648921
0.91178922 -0.97667346 0.08887061
0.08199373 -0.85031291 0.93497114
0.11620113 -0.97916504 0.92761865
-0.4241492 0.17767177 0.26545977
-0.14623062 -0.34607028 0.50648667
0.82144433 0.07767789 -0.77692614
0.16803185 0.69996677 -0.85293933
0.09304312 -0.5862566 0.77785615
0.93281785 -0.59979617 -0.27412241
-0.8176714 0.28571592 0.58002804
-0.49238341 -0.30156713 0.84010311
-0.93692633 0.52809716 0.56168839
-0.71958817 0.16018495 0.60500281
-0.05184975 0.47930685 -0.34081243
-0.2033804 0.63759696 -0.39801533
-0.38170295 0.48300752 -0.05832047
0.44295963 -0.45162628 0.05202541
0.99370254 -0.31812386 -0.63365279
-0.5832894 0.17490817 0.51995654
-0.14274517 0.7438482 -0.44755388
-0.78892204 0.5091948 0.39119307
-0.49334312 -0.03435769 0.63747407
0.91884909 0.17312018 -0.85683795
-0.97693925 0.52880759 0.85376549
0.46187717 -0.62598751 0.35962748
0.52536012 -0.79570384 0.37107372
-0.59466317 0.92489154 -0.15375725
0.00982379 0.60155736 -0.61081766
-0.34601736 -0.31160031 0.67736811
-0.22108 0.9799058 -0.48747817
-0.64526292 0.71319974 0.11308595
0.73032119 -0.21954383 -0.47853285
-0.23201154 0.71198075 -0.47142654
0.9047781 -0.8168823 -0.06525904
-0.12593727 0.68414715 -0.55652134
0.90256566 -0.63829015 -0.18940688
-0.77006953 0.96101189 0.02666758
0.70910972 -0.74135889 0.06925757
-0.79887384 0.72902932 0.08078731
0.42762091 -0.44889377 0.23089806
0.94533696 -0.88833732 0.1031898
0.07393006 -0.44108814 0.38943363
-0.56335129 0.84286227 -0.27299421
-0.88106349 0.33573071 0.66387789
0.30776738 -0.91635371 0.61260529
0.90477316 -0.70712686 0.06544309
0.92555216 -0.1296856 -0.78578402
-0.06524792 -0.26379702 0.34020787
-0.3314037 0.68392644 -0.31825934
-0.3518962 0.11664708 0.2991581
0.31219276 0.55684068 -0.85279987
-0.15288298 -0.50306589 0.67445347
0.51985587 -0.15717035 -0.22611667
0.94548549 -0.57563914 -0.33006449
-0.4436994 0.71779592 -0.26022347
0.28393436 0.82981624 -0.8397846
-0.99545796 0.33347793 0.84293399
-0.8056323 0.21840649 0.60644359
-0.47900725 0.96250321 -0.28191467
-0.6125889 0.14409639 0.50233815
0.7518955 -0.8159145 0.19256273
0.48196187 -0.82105269 0.45600455
0.60163255 -0.75344521 0.63476913
-0.82023371 0.34135719 0.71042002
-0.71259336 0.08673974 0.8706873
-0.40701943 -0.03673873 0.62341092
0.55552193 0.33419698 -0.86758209
0.25082991 0.68939117 -0.9196118
-0.79198415 0.11519104 0.75137708
-0.80951847 0.25300402 0.68136465
0.36989375 -0.7863609 0.53614616
-0.27233142 -0.32046636 0.59616922
-0.71506964 0.26843486 0.622367
-0.22499133 0.58437999 -0.25536206
-0.69827904 0.87810422 -0.15490077
0.35458527 0.71489378 -0.8447683
-0.1349653 0.96245882 -0.58899072
0.05384701 -0.56914068 0.86340751
-0.83360221 0.0178139 0.93488736
0.74511876 -0.11768115 -0.46185932
-0.70089474 0.65488984 0.22471193
-0.8244456 0.40855042 0.48862255
0.8176654 0.04071725 -0.78839741
0.7278692 0.11750687 -0.6588694
-0.27946126 -0.56709825 0.85065463
-0.24018477 0.95978534 -0.52158109
0.55634561 -0.63983631 0.29317528
0.00060077 0.52018099 -0.49270462
0.65393641 -0.89489651 0.3394074
0.69871121 -0.31623391 -0.30823669
-0.3957932 -0.40512398 0.89770297
-0.8059894 0.08479968 0.80413541
0.5567217 -0.60132415 0.26998138
-0.88841643 0.40692982 0.55763512
-0.23124491 0.86904113 -0.58523097
0.41663284 -0.78762876 0.63753246
-0.74256034 -0.19271603 0.98284801
-0.61914941 0.53236742 0.09968747
-0.28701294 0.29273232 0.00442149
-0.81959177 0.64678572 0.22433344
0.7364321 -0.78558135 0.21595165
-0.12618198 0.72623031 -0.58230664
-0.82515259 -0.14347833 0.97059411
0.48362084 -0.44739881 0.12393338
0.466797 -0.11845417 -0.30045825
-0.26271257 0.75598512 -0.47835896
0.83703083 -0.90331764 0.18429834
0.05932644 0.47638138 -0.4106539
0.86231575 -0.55428823 -0.11070823
0.49215037 -0.84633559 0.42282652
-0.20178926 -0.4618714 0.96478781
0.59210349 0.4781883 -0.8779098
-0.25449244 0.69661144 -0.42794245
0.57993025 -0.9291616 0.49160118
0.27644896 -0.39826694 0.17920014
-0.25446606 0.87076514 -0.4461434
0.65276088 -0.43991379 -0.20583246
0.66773574 0.00247511 -0.66316456
0.19691137 -0.54321049 0.52525565
0.56738298 -0.91995297 0.47967277
0.43704201 -0.98107423 0.62707031
0.70853282 0.6473071 -0.96798586
-0.8535051 0.56793782 0.32308337
-0.93113941 0.98918955 0.06163852
0.88421808 -0.88145609 0.16583344
0.18328353 0.35990328 -0.40592723
0.6857457 0.32096594 -0.80867075
-0.40604449 -0.48289596 0.93023551
-0.2700943 0.86730119 -0.52208686
0.98973525 -0.24608307 -0.54254929
-0.47793677 -0.23390118 0.72909401
0.08365722 -0.22048788 0.19187182
-0.25312776 0.50946807 -0.20707214
0.24667713 0.55421865 -0.54811148
0.3866631 -0.52563735 0.18131965
-0.22762092 -0.35807857 0.6637986
-0.32987288 -0.32267861 0.73542787
0.88742381 -0.64486464 -0.23089446
-0.33356283 -0.46070056 0.87073417
0.36900398 0.59857511 -0.68137578
0.76160346 -0.02951964 -0.53481891
-0.00490052 0.96289881 -0.80320726
-0.15919567 0.47119122 -0.23165204
-0.00793617 -0.51601441 0.58707015
0.18995445 0.58151069 -0.48769405
0.08611434 -0.48460902 0.44927253
-0.57580651 0.34652519 0.33761864
0.10395643 0.74006906 -0.64539712
0.60736194 -0.81244288 0.23508974
0.39097422 0.83474211 -0.99787226
0.393206 -0.76793754 0.51356181
-0.35368209 -0.22568708 0.61481238
-0.74224431 0.24983395 0.53659514
-0.64465059 0.33447163 0.44341884
0.83407185 -0.86889761 0.07251369
-0.97945531 0.64017271 0.34153245
0.51366063 -0.55233164 0.21619013
-0.85383484 0.60569925 0.3723463
0.25545674 0.06966833 -0.28624821
0.50989322 0.82782529 -0.96221253
-0.01423355 -0.7353123 0.78063774
-0.3101633 0.78772195 -0.39152177
-0.66727517 -0.22958763 0.90283012
-0.88048087 0.0375795 0.93487385
0.86529287 -0.02552579 -0.74351159
0.08414238 0.36070033 -0.42913824
0.05451888 0.45918976 -0.46812201
-0.41955663 -0.01999005 0.52096102
0.25870945 0.74398361 -0.60899958
-0.38383569 -0.34189543 0.78749416
0.50970876 -0.73714137 0.3803587
-0.09357299 0.89597929 -0.6953469
-0.73496634 0.94475606 -0.17485348
0.1984257 0.19185888 -0.2710167
-0.52626153 0.28821374 0.39537656
0.29022864 -0.87237887 0.66040911
-0.16288282 -0.4521384 0.84104043
0.94378593 -0.27934734 -0.47121735
0.9235675 -0.83159389 0.079881
0.12038904 -0.96821745 0.97997345
0.62648385 -0.72451765 0.37615202
-0.08340392 0.7299718 -0.64149695
0.74149692 -0.52494577 -0.1896588
-0.26989477 0.78863161 -0.4473024
0.18263784 0.21406858 -0.34125794
-0.64290624 -0.00486518 0.85191062
0.13057723 -0.512109 0.40486944
0.2136401 -0.15662515 -0.02074917
0.25466839 0.13385425 -0.31518563
0.37966343 -0.82213228 0.47687909
-0.84212096 0.07680777 0.80792354
0.67513119 0.23473854 -0.8807776
-0.71694994 0.88987022 0.00676217
0.76998308 0.42824138 -0.9389585
-0.17491986 -0.52883977 0.77128001
-0.71692808 0.87032031 -0.0149329
0.55002353 -0.09585216 -0.43310016
-0.31144701 0.46592462 -0.09226503
-0.43467966 -0.16922138 0.8679238
-0.22691219 -0.50719423 0.78424023
0.19334049 -0.94616894 0.77586568
0.82683227 0.29997092 -0.90585785
0.09620337 0.66536856 -0.67931946
0.88003722 -0.15711022 -0.6969303
-0.63435756 -0.20117738 0.98032272
-0.32235502 0.91674877 -0.53045708
0.17155425 0.30898852 -0.43066578
-0.63255977 0.11403631 0.64548329
-0.85069099 0.52068052 0.42618445
0.1493423 -0.80424662 0.89337583
0.8130961 -0.48385425 -0.29539973
-0.45588434 0.48296368 0.00861599
-0.9616829 0.29620089 0.73180108
-0.68180371 0.52994972 0.15604759
-0.79270261 0.66366174 0.29419905
0.58930862 -0.71311574 0.18496377
-0.07169724 -0.57938114 0.6884484
-0.74143696 0.70375615 0.21178402
0.92037095 -0.10446424 -0.69377955
-0.70484432 -0.06671204 0.8802595
-0.82791507 0.81875912 0.06831641
-0.488124 0.55821957 -0.04305624
0.21870117 -0.47798378 0.46858553
-0.35499323 0.91541188 -0.45962264
0.3054673 0.07755179 -0.3623197
-0.87577359 0.29732373 0.70348761
0.15949593 0.93668271 -0.94961501
-0.34572737 0.89735893 -0.55011872
0.33014757 -0.83351464 0.54338895
0.38877362 -0.69054335 0.35317919
-0.099849 0.91237844 -0.70616597
0.18534663 0.55530411 -0.57474
-0.27354946 -0.54901151 0.82807261
0.51924185 0.45214804 -0.93383412
-0.11520794 0.72271056 -0.59534731
0.86449201 -0.38845295 -0.13192031
0.31819722 0.38266215 -0.56018982
-0.29216626 0.60563681 -0.30845007
0.67088285 -0.27516782 -0.3042459
0.54903885 0.87216842 -0.89965949
0.88892729 -0.41733633 -0.41087371
-0.2211247 -0.10350537 0.33582695
-0.93451473 0.21239337 0.75033314
-0.69937205 0.90808074 -0.07471337
-0.64813812 0.47797638 0.19488132
0.87772389 -0.65362815 -0.13869173
-0.44308803 0.18007106 0.33739614
0.04021909 0.96443575 -0.82804668
0.64492667 -0.99555169 0.35572941
0.67085873 -0.73379246 0.13180646
-0.27071721 -0.04509608 0.43194341
0.49427969 -0.70652064 0.28461204
-0.83431989 0.22981265 0.63910658
0.43380302 -0.6743109 0.26519627
0.46964267 -0.92987334 0.88604538
-0.92008544 0.07016938 0.93633775
-0.34256176 -0.36381224 0.72880352
0.0363744 -0.58846047 0.94157236
0.59167541 0.01664909 -0.59093349
-0.81890728 0.23851554 0.65427609
0.81813542 -0.5723429 -0.15143761
-0.46618543 -0.24583071 0.84544829
-0.75522814 0.23065779 0.81037911
0.88978593 -0.11042642 -0.76476623
0.47664955 -0.67634034 0.66862465
0.39630486 0.36309977 -0.70694053
-0.39976139 -0.290116 0.6973274
-0.66674494 0.37069899 0.37186519
-0.23707261 -0.55048932 0.82840659
0.49614853 -0.93934584 0.49194754
-0.47916491 -0.0151472 0.60777107
0.47204915 0.00558296 -0.26063835
-0.88536848 0.650644 0.31442561
-0.07601568 -0.65897396 0.8067583
0.86621724 -0.57490887 -0.14567298
0.2847525 -0.83322284 0.57539165
0.32766373 0.03350236 -0.32293932
-0.79549807 0.28380741 0.52891154
0.70769081 -0.17926662 -0.51315177
-0.8985525 0.5506367 0.51895267
0.95406461 0.23675604 -0.99718715
0.84259062 -0.47879364 -0.33729119
0.30310628 0.4895539 -0.77444433
0.88384774 -0.55252847 -0.30463575
-0.41923937 0.00875997 0.44555695
-0.34850444 0.16188079 0.20264604
-0.71965491 0.24272998 0.50590178
-0.24325877 -0.61032212 0.9196467
0.82339529 -0.99357519 0.27895123
-0.40799146 0.02901727 0.52629234
-0.47339161 -0.25662779 0.8319834
-0.49055172 -0.06654867 0.62389143
0.4217893 -0.64100834 0.29067007
0.96437537 -0.58821084 -0.33738783
0.57894171 -0.00433577 -0.55023932
-0.76061972 0.82644452 -0.03386261
0.63311111 -0.50690282 -0.12294431
0.57974992 -0.94193136 0.75506491
0.34431516 0.70708524 -0.85625882
0.94906716 -0.26996834 -0.53687917
0.749999 -0.30402171 -0.43871134
-0.25709755 0.69673962 -0.30273768
-0.68753581 0.73655064 0.05685394
-0.36644356 0.32423976 0.08433995
0.45831879 -0.35636133 0.06583772
-0.95503651 0.18980604 0.91932673
0.38744249 -0.48387729 0.23861029
-0.48513875 0.16358956 0.34732503
-0.6502188 0.28211534 0.43336518
0.30575627 0.23868081 -0.49568003
0.53304612 -0.06108624 -0.46664628
0.3794977 -0.91169472 0.70329567
0.01303596 0.72983804 -0.66599876
-0.47031061 0.28566732 0.21154829
0.65490532 -0.22430047 -0.40212192
0.55840312 0.26238285 -0.6424568
0.10677719 -0.70186146 0.83408454
0.64240317 -0.34388517 -0.22714587
0.80763777 -0.29595747 -0.48616032
0.33266983 -0.70123522 0.50107515
0.24784229 -0.78540623 0.8410873
-0.90459223 0.86664807 0.8858378
0.77382993 0.18732618 -0.79995402
-0.98732505 0.73999099 0.43639552
0.32433664 -0.94542146 0.74723703
0.14328341 -0.62358463 0.59833361
0.44682257 0.65484215 -0.83025493
0.24765469 -0.84021993 0.73821107
-0.48737778 0.51765311 0.13376461
-0.51404528 0.04495607 0.58709488
0.79670934 -0.58821452 -0.1827483
0.83267383 -0.49466341 -0.30417156
0.09672999 -0.59426392 0.69027965
-0.38187395 0.80394207 -0.37268054
0.66030506 -0.2926798 -0.35023814
-0.01704843 0.87677684 -0.84107531
-0.52906083 0.72536881 -0.18669864
-0.60378636 0.37256706 0.25035608
0.49564156 0.52479172 -0.89187613
0.31804898 -0.79102705 0.65151894
0.02582403 0.47074464 -0.42204781
-0.65232847 0.40859785 0.26333786
-0.77851863 -0.07604114 0.90241927
-0.49790602 -0.05333942 0.66236633
-0.42645045 0.33849657 0.0982474
0.94192564 -0.99171666 0.11097071
-0.31273681 0.93319758 -0.56658406
0.85935047 -0.82300476 0.02997717
0.72463149 -0.42796999 -0.21842811
0.35111179 0.65066705 -0.81796537
0.94290024 -0.5366724 -0.15380552
0.52288205 0.34913236 -0.72641933
-0.94116534 0.01833166 0.92409023
-0.42726899 -0.13796625 0.75720732
-0.16296539 0.42332339 -0.24793318
-0.42786704 0.83871482 -0.33806765
-0.99408926 0.52346267 0.66065981
0.69316431 0.34152612 -0.94210233
0.97572731 -0.91309715 0.08175301
-0.5747146 0.49078065 0.12032001
-0.61963178 -0.19931169 0.94107848
0.29790806 -0.55309686 0.35282693
0.06559023 -0.59936183 0.72858677
-0.48813183 -0.18749426 0.76130381
-0.9272938 0.26175193 0.67299363
-0.1486625 0.92124148 -0.76519864
-0.85473248 0.09132623 0.81536556
0.37666629 -0.70237158 0.37526492
0.96511974 -0.47949721 -0.41119574
0.66655049 0.16631619 -0.67461176
0.74409386 -0.07210082 -0.60648652
0.51281822 0.62148327 -0.79831689
0.0045872 -0.86214252 0.99904869
-0.16299038 -0.30231659 0.53766716
0.58750857 -0.83480234 0.43852935
0.72925409 0.18645495 -0.79648869
0.57139451 -0.73506038 0.52772804
-0.77211422 0.74585408 0.44402322
0.55648126 0.20630394 -0.47823948
0.21455818 -0.80452393 0.75543207
-0.32024345 -0.5886012 0.94671308
-0.66550282 -0.06788643 0.80046572
-0.72292674 0.70907706 0.01818923
0.51028887 -0.89546316 0.53593757
0.97382615 -0.68516755 -0.01944632
0.55123976 -0.97251141 0.56937112
-0.06497329 -0.40926107 0.67096194
0.18340665 0.58464542 -0.68656935
-0.28934202 0.75952405 -0.44759357
0.37356192 -0.94621587 0.61725901
-0.19700335 -0.14549718 0.38926036
-0.89985232 0.68851549 0.58143016
0.11453112 0.45611534 -0.45304495
-0.75015377 0.32751285 0.50766677
0.35842148 0.01574441 -0.32217558
-0.03895215 0.77624128 -0.73305113
0.50455233 -0.57490088 0.17879601
0.32516009 0.66290586 -0.88687885
-0.85817177 0.57696303 0.35570448
-0.96011668 0.21177076 0.85978268
-0.91168838 0.30757059 0.76270116
-0.11091818 0.90604955 -0.68743603
-0.68507473 0.69290468 0.41978676
-0.17868483 0.4473391 -0.19124406
-0.31137976 0.16166884 0.1663357
-0.33623752 -0.51901204 0.91356258
-0.35604055 0.65515769 -0.29575682
-0.59492954 0.38840702 0.29462117
0.22198874 0.79248759 -0.75789258
-0.27304387 0.69250765 -0.40328041
0.44417414 0.22046519 -0.58121622
0.9415606 -0.97545777 0.04672825
-0.73899584 -0.1474382 0.8886041
0.89897622 -0.34383068 -0.40149042
7.48055961e-01 -6.72167512e-01 -2.46866089e-04
0.77565142 -0.42562532 -0.27560007
0.51693023 -0.1714049 -0.2867381
-0.2771446 -0.31261389 0.78084163
0.71887891 -0.10527062 -0.5697805
0.09809325 0.9290999 -0.69839796
0.09681993 0.86292024 -0.87750568
0.39879875 -0.41527674 0.05857332
0.60239329 -0.14837724 -0.43528139
-0.3213281 0.81431108 -0.32667303
0.36898463 -0.88611964 0.55632828
-0.7394374 0.25965831 0.5642946
0.57985253 -0.77132735 0.20880585
-0.24617645 -0.00258544 0.28717995
-0.74821935 0.41606791 0.51238284
-0.51027265 0.29861968 0.24104835
0.29345865 -0.16007708 -0.0777714
-0.34334199 -0.25652707 0.6650322
0.9015185 -0.54428092 -0.23270861
-0.08768537 -0.33935622 0.61474441
-0.88739554 0.19586478 0.88787533
0.44704698 0.59251846 -0.91739903
-0.14046514 -0.45749943 0.94043656
-0.66762779 0.15024074 0.94261212
-0.80005637 0.13877304 0.68744014
0.63364724 -0.78932086 0.34973883
0.21200235 -0.64973758 0.47487986
0.17985876 -0.95283469 0.86236746
-0.3031129 0.89304989 -0.56803187
0.82572209 -0.52282707 -0.15932054
-0.32290132 0.64779873 -0.20539718
0.36386645 -0.48292962 0.16424126
0.94287702 -0.67066113 -0.26907451
0.275529 0.6122751 -0.75598384
0.54751644 -0.60996786 0.27586676
-0.84345762 0.6132137 0.3209466
-0.19020691 0.83512816 -0.55768235
0.00529144 -0.27000051 0.27820204
-0.58745965 0.6193583 -0.01570301
-0.74178413 -0.04446534 0.85312543
0.4690787 0.37503841 -0.83935572
0.47486699 0.27047731 -0.69660173
-0.16249464 0.83514607 -0.58388437
0.50393103 0.22765514 -0.68154078
0.65862235 0.33409376 -0.93740418
-0.70969465 0.86898359 0.08562736
0.32956499 0.59939706 -0.87721397
0.33854068 -0.05447684 -0.25343754
0.58232081 -0.99286405 0.53449736
-0.61219228 -0.02246756 0.98180688
-0.5808702 0.82279958 -0.17002683
0.99785887 0.10068822 -0.60151422
-0.0445619 0.90357922 -0.79447405
0.98256908 0.18346754 -0.77832253
0.55104445 -0.63316902 0.09727545
-0.75374221 0.55092086 0.38137423
0.6901195 0.43146408 -0.92112091
-0.30272069 0.36906117 0.06142597
-0.99630618 0.58705649 0.50148148
-0.52593819 0.01516623 0.560103
0.302637 0.86661609 -0.89099377
-0.58158679 0.27395698 0.47320823
0.76398156 -0.86665559 0.19684481
0.66089096 0.03807232 -0.67311543
0.13110842 0.36413582 -0.4901068
0.57496038 0.52976086 -0.9025971
-0.73589718 0.86606612 -0.12853886
-0.6174432 0.50997771 0.45680413
-0.43400304 -0.27582674 0.92562066
0.67856344 -0.79550525 0.27314432
0.44919841 -0.27993572 -0.01096737
0.64511666 -0.55513214 -0.03864087
0.58407895 0.37518161 -0.81791973
-0.23406541 0.97935439 -0.70669325
0.4567876 0.38056792 -0.81246331
0.85007371 0.13369177 -0.89882413
-0.48571079 -0.05539105 0.56995279
0.60187853 0.20541465 -0.77116986
0.1292053 0.31791464 -0.33419331
0.87977861 0.21425334 -0.89290786
0.74537376 -0.07688134 -0.65234494
-0.25151677 0.82043237 -0.32161923
0.77372699 -0.8803592 0.17057099
0.72299928 -0.37559821 -0.14246079
-0.34264417 0.49934857 -0.09951178
0.05510089 0.81138022 -0.54239792
0.38948867 -0.82231362 0.45282751
0.92129937 -0.9562871 0.25985926
0.02356364 -0.63106795 0.80177834
0.52068417 -0.59263553 0.10503073
0.01510915 0.29580764 -0.26834836
0.87066809 0.21131427 -0.89914277
-0.08393031 0.12116663 -0.0184472
0.36714582 -0.00441773 -0.28153075
-0.34787946 -0.1468805 0.60929545
0.26179709 0.91330123 -0.93483619
-0.30733509 0.78741433 -0.37097872
-0.43117502 0.41856144 0.06039148
-0.80357311 0.93834644 -0.03625595
-0.67396732 0.19963226 0.57815136
0.37184671 0.61416202 -0.86889251
-0.95074365 0.72660312 0.56028377
-0.86395939 0.78107153 0.12222213
0.68432537 -0.67716973 0.01456427
0.64588147 -0.40014672 -0.22944772
0.01701577 -0.4773558 0.80017508
-0.32223649 0.12286393 0.2016529
-0.44846693 0.88961383 -0.35895714
-0.7594768 -0.15149398 0.96086287
0.75169972 -0.06465885 -0.4857127
0.87227219 -0.44077156 -0.00174208
-0.35828354 0.72093848 -0.24962847
-0.04423984 -0.91007863 0.95466288
0.78929762 0.06872381 -0.71366679
0.45318796 0.26809735 -0.69872658
0.59223967 0.29549219 -0.70279068
-0.25054151 0.00335516 0.2844495
-0.69465977 0.4191957 0.36944526
0.36833053 0.3136859 -0.62049907
-0.33504738 0.32348561 0.02786548
0.8494047 -0.41996045 -0.39689256
0.23100138 0.40566547 -0.50402497
-0.08929695 -0.65658682 0.77303097
0.44217345 -0.41604103 -0.02219889
-0.11955481 -0.72323514 0.92639917
-0.43075313 -0.15092819 0.6413447
0.4895986 0.75595759 -0.97063776
0.55833282 -0.39165612 -0.15938903
0.88495541 0.1143973 -0.97926831
0.37158159 -0.99513294 0.7404166
0.74916838 -0.96133949 0.37762901
0.84080893 -0.69482249 0.21550274
-0.77356397 0.03467301 0.75638525
-0.92044848 0.91723028 0.03166763
0.63915899 0.17428512 -0.75262317
0.49309367 0.53340126 -0.87912246
-0.02728898 -0.51773271 0.65878408
-0.28168153 -0.37904108 0.69854813
0.28976223 -0.20171867 -0.07926446
0.15052692 -0.52850797 0.45223238
0.38327048 -0.7670536 0.60443984
-0.46552846 0.24730799 0.28373195
0.45148523 -0.04429354 -0.30815778
0.37787256 -0.69133702 0.53412042
-0.13043267 -0.39519489 0.63008254
-0.47631798 -0.43620922 0.92751962
0.33901226 -0.99102774 0.65596601
-0.24456451 0.84200202 -0.55039067
-0.10609621 0.0008988 0.11449583
-0.64864335 0.04710526 0.81412978
0.03511132 -0.93131933 0.92163535
0.30452199 0.63092807 -0.86912031
0.75107285 -0.78030494 0.26378348
-0.52928113 0.61181757 0.00934038
0.34769136 -0.86106032 0.59490338
-0.64011632 0.3896887 0.42718754
0.5099816 -0.98194922 0.62442043
-0.82929042 0.79975803 0.1339868
0.95873985 -0.08973253 -0.70337481
-0.21032331 0.76354368 -0.53050883
0.18799303 0.67022006 -0.74501153
0.45245711 0.47025745 -0.80871169
-0.82285253 0.75440654 0.29787895
0.74996533 -0.41192537 -0.15887322
0.63735309 -0.20828054 -0.36759328
-0.64104054 0.63278503 0.10148628
-0.20119289 -0.46746337 0.78865571
0.48958048 -0.93678915 0.51042577
0.15942284 0.86754022 -0.97999519
0.43911416 0.71108496 -0.98081156
-0.27511261 0.62567651 -0.26710411
-0.59777322 -0.2744617 0.94002205
0.9635274 -0.67186781 -0.18807168
-0.57315697 -0.10796759 0.79699248
0.91580393 -0.31554888 -0.46947331
-0.10825601 -0.64599096 0.82251159
0.99677319 -0.35326034 -0.60723077
0.26664292 -0.61674888 0.35504
0.31207646 -0.36949924 0.21832275
-0.45328223 0.8160843 -0.17519432
-0.55836415 -0.17961154 0.85090689
-0.68029667 0.14706335 0.699239
0.04507003 -0.20839676 0.26989122
0.4184145 -0.87079051 0.61012784
0.19967164 -0.66665607 0.53063066
-0.8295502 0.46193689 0.46191576
-0.83111165 0.24655966 0.58720437
0.22273726 -0.69564274 0.48913418
0.50881028 -0.15816336 -0.32275807
0.67006185 -0.26940729 -0.28513357
-0.89127128 0.41935093 0.5412271
0.85934267 -0.12402419 -0.60814958
-0.17736887 0.95056689 -0.56797059
0.78731549 0.05234647 -0.70485315
0.36915187 -0.71717685 0.38648706
0.9433114 0.28104141 -0.95100156
0.045266 0.60717793 -0.43224685
-0.85534466 0.12006505 0.87201127
-0.12193205 -0.61920415 0.81663332
-0.96426399 0.0701631 0.91872028
-0.42716584 -0.33713713 0.81669677
0.28392375 -0.14094672 -0.14293187
-0.15211917 -0.1074351 0.31031093
0.8223634 0.07125565 -0.76022653
-0.46392629 0.28827022 0.20518851
-0.45237921 0.96472406 -0.42932896
-0.32689835 0.2946998 0.26151998
-0.07332841 -0.59369223 0.76717087
0.08772297 -0.65362478 0.65118833
-0.89917393 0.42863028 0.57466954
0.44786911 -0.87054697 0.43890002
-0.79364941 0.53312392 0.26212971
-0.42284507 -0.17814203 0.72477175
-0.28905406 0.14291783 0.18375472
-0.38979475 0.72322098 -0.19705747
0.09358564 -0.92903088 0.86495563
0.19368519 -0.11156576 -0.03462618
0.52343972 -0.3341441 -0.16767559
0.25512526 0.38264713 -0.59566818
0.21632381 -0.88234954 0.70791109
-0.47880659 0.75348013 -0.17352389
-0.73051819 0.98177938 -0.01312583
-0.30186896 -0.41691059 0.84903389
-0.90522896 0.02478661 0.91666706
0.51722231 -0.45021458 -0.00659842
-0.15883775 0.7859561 -0.62593369
-0.56785264 0.45450593 0.24724417
0.14667873 -0.8908805 0.81527677
-0.35418439 0.57836953 -0.15730942
-0.2228865 -0.58893017 0.83522376
0.18389073 0.7821291 -0.69405694
0.19517602 -0.48809926 0.32995006
0.87670068 -0.05873073 -0.77526258
-0.39024272 0.14757585 0.31419493
0.15723182 -0.32256773 0.20053155
0.39620467 0.90424538 -0.86814927
-0.54165783 0.02071043 0.58471711
0.53904027 -0.96092889 0.76530993
0.83202712 0.40154216 -0.78157283
-0.78702694 0.20084512 0.61513699
0.90380681 -0.82148469 -0.08140489
-0.65752381 0.77107792 0.04072306
0.74568998 0.36363375 -0.99381512
0.91295432 -0.98850168 0.10295358
-0.85069102 0.84697999 0.00947475
0.48124164 -0.50459111 0.19845779
-0.84144017 0.42843552 0.72279617
-0.29733136 0.76215023 -0.36775198
-0.67310323 -0.22097557 0.93461864
0.69933845 -0.40350023 -0.25031494
0.16808897 -0.54820185 0.46065885
-0.45089975 0.62622768 -0.12889856
0.66661743 -0.49310303 -0.16419879
-0.67533511 0.2581419 0.70915941
0.1501531 -0.74511569 0.71579092
0.96922457 -0.92635785 -0.00634195
-0.32998841 -0.18434144 0.58783207
0.2873797 -0.72124991 0.74825432
0.5953358 -0.0997125 -0.32787028
0.16897067 0.36539769 -0.51231898
0.34130178 -0.70097592 0.51484074
0.99325392 -0.58314147 -0.37950259
0.5367812 -0.51515401 0.01638882
0.50961402 0.73462724 -0.97768088
-0.53130506 -0.13683387 0.84847755
0.388793 -0.19196503 -0.14716443
-0.19426695 0.91932257 -0.6927956
-0.00313899 0.51617984 -0.46233678
0.72214801 -0.84126778 0.29560184
0.35854963 0.40236358 -0.53562738
0.77702781 0.06576937 -0.59665424
-0.674281 0.28696174 0.41535891
0.85585273 -0.71185917 -0.13113471
-0.31351107 -0.44949481 0.96950841
0.09095459 0.59400499 -0.55559455
-0.83406448 0.80125773 0.04546109
0.89969401 -0.18497479 -0.62272236
-0.90043278 0.65278439 0.31147045
-0.11815602 -0.78675247 0.92838382
0.8772709 -0.32156219 -0.43233342
0.71482009 -0.33150841 -0.27497864
0.50337995 0.60621677 -0.86988598
-0.92095821 0.30309488 0.78149563
0.22597963 0.75993568 -0.97761551
-0.00471916 -0.4406972 0.55114908
0.04650637 -0.32936576 0.32278619
0.80050987 0.25970491 -0.86021211
0.66301905 -0.15060447 -0.37866909
0.94817029 -0.12894724 -0.74676695
-0.50035246 0.25450728 0.2538801
0.93464319 -0.49819932 -0.38383491
0.39583118 -0.50169258 0.23960774
0.00963317 0.95619015 -0.71182783
0.02289673 -0.74252898 0.82709866
0.21619117 0.94488067 -0.87731418
0.7861478 -0.47794418 -0.16497725
-0.20545614 0.55442593 -0.31988312
-0.49738303 0.25688188 0.26613876
0.36813635 -0.30849712 -0.04561151
0.91335944 -0.83904287 0.1330701
-0.85921921 -0.04855586 0.94428577
0.72402656 -0.67013682 0.1189428
0.47033671 -0.43148847 -0.02655013
0.48788956 0.07873641 -0.53214847
0.69857216 -0.72623645 0.32438373
0.84476802 -0.10281921 -0.56745908
-0.06998677 -0.35931201 0.48945047
-0.07485505 -0.69288652 0.97909806
0.71566914 -0.72195846 0.03517263
-0.37232958 0.67315388 -0.17848844
0.56179466 -0.71096409 0.41586
0.17394482 -0.39390615 0.2765257
0.58334727 0.41963465 -0.99116114
-0.94681227 0.10151666 0.94759189
0.85838634 -0.4678372 -0.30649931
0.51359746 0.14539554 -0.64648806
0.48969966 -0.37685339 0.03844003
0.49365039 -0.38126492 -0.0946693
0.91423199 -0.98783269 0.22602051
0.6336339 -0.74646553 0.17384691
-0.92300013 0.48122713 0.51603555
0.06683445 -0.84262972 0.78190199
0.08232196 0.8104852 -0.80090991
0.43983622 0.42569401 -0.84682117
-0.22982359 0.25348618 0.04411539
-0.20267158 -0.57777243 0.78295327
0.47304224 -0.89507155 0.5450285
-0.2123351 0.68861522 -0.20934091
-0.46544046 -0.31851956 0.93830196
-0.2102759 -0.53169392 0.86060639
-0.74639343 0.45275043 0.57134948
0.76620372 0.1683277 -0.89213954
-0.12521441 -0.34957148 0.75973689
-0.12999282 -0.67249626 0.88084338
-0.12160111 -0.81627113 0.97203105
0.08333641 0.39363312 -0.4637327
0.81797882 0.12790418 -0.93388476
-0.88469053 0.06403649 0.97747275
-0.54618526 -0.22153634 0.90535437
-0.8735591 0.10992453 0.85817908
-0.2336878 -0.50917814 0.8367171
0.12660182 0.91139836 -0.82567271
-0.25376466 -0.29398715 0.68010113
0.80342194 0.24559598 -0.98782361
0.75321526 -0.47571132 -0.27594755
0.0666334 -0.66980045 0.72668599
-0.78008782 0.57586123 0.43976737
-0.36884854 -0.58604156 0.96186767
0.66207918 -0.10165915 -0.50512354
0.08426189 -0.54653142 0.46255429
0.53937871 -0.44993913 -0.08539977
0.11379525 -0.98715326 0.88802571
-0.02957788 0.47241491 -0.3995642
-0.41384861 0.6505306 -0.1949202
0.71011231 0.44998147 -0.99649107
-0.00438187 -0.59481975 0.65736574
0.03761093 0.99515695 -0.96307033
-0.17057257 0.24698597 -0.03385312
0.97864162 -0.5020192 -0.39556686
-0.79970307 0.91394137 -0.01445367
0.38701352 -0.97249728 0.75071919
-0.87830965 0.67403309 0.25123388
-0.06342851 -0.70154625 0.94422354
0.55816521 -0.83588965 0.77383564
0.8277819 0.36115881 -0.94675321
0.2449794 0.74688629 -0.96469707
0.09691613 0.99569854 -0.80966545
0.00470665 0.40189908 -0.34692628
0.09228932 -0.38048204 0.30542128
0.57876217 -0.20317274 -0.36805826
-0.05460518 0.69685393 -0.59293068
0.49787404 -0.22938324 -0.2278863
0.26648776 -0.97299848 0.7301792
-0.75994285 0.73660413 0.26480079
0.92017819 -0.66643756 -0.05155942
0.79852662 0.21906638 -0.86439394
0.5446324 0.44146228 -0.95621876
-0.45591427 0.19883088 0.32421197
0.90769249 -0.001325 -0.86397464
0.83782696 -0.44999643 -0.3719544
0.96538179 -0.54932782 -0.38969768
0.21952777 0.61695089 -0.77454594
-0.80109713 0.67092108 0.33512371
0.65459811 -0.31510552 -0.08917597
0.87985149 -0.72263602 -0.13842153
0.00286646 0.57633431 -0.56876706
0.36886787 -0.03721753 -0.27452018
0.40368045 0.62802688 -0.7095156
-0.62072316 0.70070446 -0.06261611
-0.3181472 -0.11820199 0.44052371
0.39536971 0.4306857 -0.63667819
-0.63096304 0.26117938 0.40166238
-0.82086517 0.21308648 0.73911142
-0.06541677 0.40212526 -0.31331454
0.32837867 0.95560057 -0.96194403
0.5486742 -0.96633208 0.60580783
0.72402276 -0.37874104 -0.18980593
-0.63772257 0.74623631 -0.09732358
0.36304958 -0.71840478 0.60604645
0.47920895 -0.83014801 0.54418818
-0.73790933 0.66177395 0.18088371
-0.93488501 0.75138733 0.29471386
-0.63679754 0.12653288 0.63191199
-0.84437229 0.78927157 0.13819412
0.9294583 -0.04059428 -0.82434876
-0.72189635 0.68626687 0.12932583
-0.68527733 0.44920898 0.42483732
0.4393999 -0.98978892 0.58054545
-0.9816937 0.57718856 0.55839858
0.39901245 0.6873808 -0.91586369
0.18528826 0.33218048 -0.51687429
0.29257222 0.73005416 -0.84848609
0.12958534 0.97718821 -0.89951018
-0.96216213 -0.02716729 0.99874098
0.1520798 0.92592544 -0.87108868
0.38489808 -0.42995909 0.17661187
0.9105823 0.30995875 -0.86603709
0.18571441 -0.70361638 0.59989032
0.31956101 -0.77007189 0.54480558
0.84155677 -0.20688213 -0.59115929
-0.18362817 0.53712474 -0.25939112
-0.02874539 -0.7248299 0.79738015
-0.18657816 0.7289575 -0.53084473
0.50439084 -0.79412837 0.8998018
0.26250531 0.85245974 -0.92888293
-0.69439549 0.60856326 0.10617356
0.41753834 0.1595319 -0.55877423
0.0213269 -0.49726835 0.66194933
0.91311937 -0.36123919 -0.12434892
0.44321813 0.18728176 -0.6103417
0.24768567 -0.34952411 0.11282225
-0.91107694 0.86958597 0.06873428
0.96679023 -0.44483893 -0.47772028
0.17075628 -0.53771795 0.4744447
0.63162613 -0.20059384 -0.34372436
0.16050485 -0.85487507 0.73267829
-0.67419723 0.12267225 0.70579568
0.49562785 -0.67767723 0.1970322
0.62177974 -0.20740535 -0.38690346
0.20227008 0.70797571 -0.73411712
0.9714535 -0.53448543 -0.24635863
0.96642414 -0.9047252 -0.04043697
-0.89767927 0.96412398 0.00896822
0.59451891 -0.89518883 0.51845465
0.41888893 -0.80275623 0.42880139
0.25193592 0.80545124 -0.79628396
0.45784719 -0.39251659 0.00445043
-0.18296968 0.79430356 -0.57592692
-0.48515493 -0.32570549 0.8454194
0.84228647 0.06532482 -0.9028605
0.94896188 0.17816761 -0.8612458
-0.73956768 0.69320669 0.07610952
-0.0513303 -0.46666164 0.64279025
0.81642982 -0.47274164 -0.1747084
0.46177359 -0.20665993 -0.2488156
0.80479732 0.0747627 -0.76031245
-0.49445564 -0.11928237 0.90488082
-0.19887932 0.49638804 -0.27973993
0.99911626 -0.62135277 -0.25860147
0.15153693 -0.63058209 0.49667525
-0.75786529 0.13515197 0.95545648
-0.24000187 0.00164529 0.24407724
0.10297535 -0.77898292 0.77182477
-0.00207053 0.58123955 -0.49848463
0.88735623 0.05077272 -0.78600913
0.52659874 -0.60056118 0.28682849
0.49251557 -0.03001876 -0.43149937
0.70137771 -0.27295423 -0.30286802
0.42773367 -0.85701574 0.45459957
0.54865564 -0.89500854 0.41374077
0.14737413 0.69545056 -0.72138204
0.44987137 -0.72734918 0.46289457
0.24105796 -0.79480287 0.62465679
-0.94713317 0.40682999 0.63577643
-0.49448404 0.87823522 -0.38176815
0.88121488 -0.66303388 -0.14153617
0.52719025 0.48927267 -0.93337336
0.4650991 -0.72099459 0.44660284
0.08110458 0.49885689 -0.57759158
0.21437644 -0.84866976 0.73578874
0.28024212 0.63791507 -0.89416982
-0.66161425 0.71248227 0.02251082
-0.63273587 0.64529116 -0.0025538
-0.54277974 0.93543294 -0.38052538
-0.7023703 0.91366948 -0.08335857
-0.18101422 0.78705962 -0.44659916
0.37375188 -0.31602927 -0.04764637
0.80058869 -0.90587732 0.42160762
0.24798651 0.54573297 -0.76473165
-0.28530087 -0.18691093 0.52262301
0.12292704 0.73157986 -0.76174291
-0.84398975 0.43158962 0.43631407
0.40081438 0.44891258 -0.82775049
0.03130377 0.90383886 -0.78551212
0.49267066 0.2740016 -0.5271033
-0.85766129 0.88196804 -0.01785213
-0.81211014 0.57319943 0.25918768
-0.27024785 0.87461797 -0.52422558
0.70235569 -0.69319421 0.12226629
-0.74455809 0.54145837 0.60302232
-0.78337081 0.14927544 0.65694364
0.50329565 0.6464654 -0.94061817
-0.23717294 -0.59629243 0.91312715
0.19589926 -0.41994798 0.28995526
0.99488327 0.05458829 -0.97028842
0.37196937 -0.11805061 -0.07923653
0.58635672 0.25051644 -0.63047302
0.80574718 0.30566767 -0.90189153
-0.3659105 0.87114344 -0.44437598
-0.83158429 0.04861957 0.82737302
-0.57643808 0.56588817 0.15769388
0.6752172 -0.66355651 -0.00446958
-0.48821806 0.6016995 0.04438017
-0.43650557 -0.29147867 0.73032829
-0.00777208 -0.20239608 0.21603597
0.20348571 0.91207549 -0.8522278
0.67297914 -0.97366102 0.34619816
-0.49866917 -0.4793578 0.98486623
0.77947234 -0.41421772 -0.34772984
0.51967744 -0.93737481 0.4575405
-0.47238851 -0.17876235 0.89428325
0.57299643 0.17554022 -0.70013584
-0.53641492 -0.19423434 0.81809601
0.08503271 -0.87921597 0.99468142
-0.45068905 -0.44094769 0.99069959
0.43799488 0.26988686 -0.6742675
-0.33109072 0.56485244 -0.10246081
0.25641466 -0.21123818 -0.00721861
0.33815122 0.54211742 -0.8446174
0.30991289 0.82389627 -0.92656793
0.73976657 0.23275463 -0.9060889
-0.52391764 0.15600415 0.37046199
-0.05560047 -0.35021397 0.52312711
-0.56606504 0.99356178 -0.42213225
0.92328475 -0.59099802 -0.19572104
0.72980056 0.26590599 -0.79491263
0.43484781 -0.30666435 -0.00575336
0.30452142 -0.22258258 -0.07244993
-0.49376542 0.92722541 -0.36998732
-0.00531474 -0.61869183 0.80286675
0.31387829 0.01952036 -0.32777224
0.82829365 -0.82473009 0.32084973
-0.11658248 0.44298341 -0.30348038
0.41548497 0.50797106 -0.91139781
0.87029259 -0.10813745 -0.68602605
-0.62143867 -0.17414805 0.89078206
-0.61747287 0.34283205 0.33273234
0.65133506 -0.25490461 -0.37871109
-0.25964687 -0.27724169 0.79336741
-0.16030486 0.53584166 -0.33672269
-0.91376782 0.37140432 0.6870956
-0.06226331 -0.40386942 0.48066102
-0.72322039 0.22646593 0.54425677
-0.47424499 -0.28365751 0.88186017
-0.62150188 -0.18462801 0.9085828
-0.18161021 0.00973752 0.17477785
0.33940696 0.56237324 -0.70305091
-0.45801153 -0.22878435 0.70638515
0.213354 -0.99772564 0.91604397
0.56440804 -0.65205823 0.30255793
-0.4139151 0.19989262 0.26775427
-0.04716765 -0.65414131 0.72494051
-0.1198404 0.58237606 -0.35924742
-0.59569055 0.09177331 0.54969529
0.89482086 -0.06449731 -0.68473492
0.06911099 -0.97653768 0.99126031
0.94468342 -0.84134156 -0.09091821
0.44252117 -0.48544409 0.11254193
0.09217188 0.00811722 -0.09939309
0.03861827 -0.57610588 0.56385644
0.82976681 -0.90301656 0.54642059
-0.79169834 0.65991804 0.51973891
-0.04594881 0.97844229 -0.86638155
-0.1814161 0.80279013 -0.57479851
0.94618884 0.08274198 -0.93586452
0.95993822 -0.27879318 -0.54534005
0.11111145 -0.44587938 0.48055856
0.20803791 -0.20002815 -0.00774732
0.3089455 -0.15583368 -0.13093222
-0.78812169 0.31265285 0.58445222
-0.66091165 0.13279417 0.73181004
0.21590343 0.47917423 -0.64907612
0.13804905 -0.31010907 0.20323498
0.03157738 0.38528093 -0.39097412
-0.36940758 -0.52589637 0.90763541
0.16940201 0.17827128 -0.33013148
-0.77266199 -0.05211954 0.87665884
0.44266959 0.14883423 -0.5297959
-0.2974666 0.93009164 -0.47827904
-0.82872792 0.55672867 0.70393571
0.53643359 -0.28882206 -0.08352756
-0.29594421 -0.11701153 0.46184662
-0.38703859 0.49463337 -0.00361163
0.39151 -0.94370454 0.82393771
0.64381685 -0.58406264 0.02326778
0.08064103 0.82843879 -0.80053298
0.02083122 0.52111723 -0.43223715
-0.50745828 0.40366796 0.11742878
-0.39598274 -0.40996331 0.95005767
-0.72374674 0.05509942 0.94036388
-0.81487338 0.50459109 0.32890581
-0.64054222 0.40397771 0.27286159
-0.51491492 0.11391369 0.44687647
-0.35125741 0.94694391 -0.4429187
-0.96085291 0.41093025 0.68892292
0.41797715 0.15573727 -0.54817305
0.35820342 0.47817361 -0.78992457
-0.92500233 0.92754802 0.08642578
0.68620534 -0.85726863 0.28198883
-0.1655649 0.73224586 -0.52364931
-0.95811612 0.33061436 0.81151696
-0.11422413 -0.17011112 0.34022669
-0.65154549 0.58824094 0.25326268
-0.78919106 0.21779408 0.6036414
0.83035361 0.19649682 -0.75971245
0.55399888 -0.14994579 -0.28080543
0.38032845 -0.63724629 0.50190197
0.43596997 -0.93752852 0.5870828
0.60638061 -0.23161257 -0.33280696
0.64819212 -0.83048111 0.27012523
0.73986436 -0.20736837 -0.52852536
-0.50936716 -0.28074594 0.82151819
0.21398665 0.82379262 -0.93140102
0.17233299 0.46598263 -0.59921227
-0.76000239 0.95845207 0.31977833
0.94697301 -0.258796 -0.43592549
0.12653076 0.70615287 -0.6824127
-0.10222215 0.75026531 -0.62583467
0.4738216 0.57308104 -0.83746056
0.78755724 -0.78143333 0.15408175
0.99950204 -0.36908841 -0.52024151
0.07463291 -0.82039015 0.7968086
-0.36863399 -0.46587538 0.85063277
0.54761451 0.07359314 -0.60623388
0.73490029 0.37381394 -0.93189604
0.98549269 0.11411621 -0.94592879
-0.32477532 0.99922492 -0.48334727
-0.06445337 -0.49444426 0.97792175
0.59037351 0.34072581 -0.67339993
-0.3535516 0.51758548 -0.15465037
0.61912856 -0.58044402 0.14610836
0.39211635 0.8792831 -0.97263959
-0.25402082 0.97437932 -0.59054622
-0.8079585 0.76839359 0.12076891
-0.22425121 -0.16012233 0.42204759
-0.7450946 0.2810722 0.75124735
0.51871202 0.71748096 -0.97911424
-0.7946792 0.96658871 -0.0269207
0.03228893 -0.4454144 0.48008874
0.32650961 0.09522559 -0.42011304
0.59029136 -0.02256699 -0.53154421
-0.73870524 0.81811735 -0.00423512
0.05381338 -0.81178707 0.78863733
0.25888047 0.60803996 -0.79307499
-0.02429127 -0.20020575 0.27481347
-0.38330981 0.88946957 -0.49864889
0.39022619 0.60701151 -0.8696305
-0.24937578 0.72672783 -0.44135732
0.48682664 -0.86416664 0.50298213
0.33246761 0.5291241 -0.72389961
-0.77079437 0.5646824 0.27666618
-0.72927002 0.26278672 0.7292444
0.17843058 -0.61165074 0.43410648
-0.36754304 -0.1927189 0.71162986
0.83093232 -0.41251716 -0.22524134
0.45235057 0.24984944 -0.653642
-0.85227956 0.40196051 0.66490178
0.96186895 -0.12391264 -0.80834116
0.23363403 -0.59833848 0.42023934
0.13329255 0.46590483 -0.5479277
-0.09549757 0.87915571 -0.51204014
-0.06422223 0.58473532 -0.5132093
-0.86063532 0.8517265 0.04982986
0.15148576 -0.02107507 -0.10317373
0.54970286 -0.69224048 0.31843821
-0.3337176 0.98595631 -0.57901401
-0.63215231 0.64351248 0.07138004
-0.28112864 -0.51027053 0.88744321
-0.91972095 0.89412071 0.22150976
-0.57434199 -0.23505687 0.85782599
0.78438914 -0.93737385 0.24131055
-0.55631224 0.64468622 -0.07971922
-0.40892532 -0.37149524 0.79202354
0.65817682 0.36775897 -0.96547772
0.21406052 0.73962049 -0.67350491
0.49097378 -0.93732314 0.61325858
0.88197842 -0.74676928 0.05288591
-0.15875768 -0.24842265 0.42937427
0.68451593 0.02099826 -0.70206187
0.9947978 -0.54645312 -0.41798395
0.19396957 0.51045385 -0.62785681
0.74115209 -0.75899814 0.11355236
0.65841592 -0.94424561 0.35446267
0.24828888 0.33469703 -0.55284796
-0.4416921 0.05405973 0.45879066
-0.56959257 0.71896672 -0.09620367
0.90130207 0.35054879 -0.99722639
-0.56388924 0.29267762 0.42659637
0.10533526 -0.43982622 0.34019808
-0.71893293 0.45222605 0.2696923
0.78689978 -0.42603002 -0.27772558
0.48804308 -0.54045257 0.28094552
0.52224971 -0.04430228 -0.47207557
0.09587082 -0.41312813 0.40801971
-0.9247568 0.36815875 0.6279762
0.24693533 -0.26719387 0.19923104
0.75433742 -0.73206716 0.15773179
0.2846297 -0.48745234 0.31885211
0.21603827 0.92445726 -0.97415549
0.88230269 -0.69208096 -0.07366451
0.52971139 -0.9926403 0.61164245
0.87916746 -0.03831179 -0.71923653
-0.89542596 0.51109382 0.50252569
0.88002336 -0.97374607 0.42530241
0.03606209 -0.58274086 0.87740292
-0.714581 0.09624431 0.85396524
0.72393946 -0.88198884 0.56374625
0.73801828 -0.88672399 0.21022546
0.41780148 -0.58257134 0.25728868
-0.38798365 0.65514541 -0.15701632
-0.90041862 -0.06163855 0.96689178
-0.6898892 -0.01767056 0.98215079
-0.83910782 0.63827478 0.25978876
0.97554136 -0.63000159 -0.25782726
0.68697583 0.41546531 -0.96582992
0.66861279 -0.9704089 0.33275296
0.54414578 -0.57547862 0.18273303
-0.01425916 0.98836177 -0.77377902
-0.4650764 0.08759556 0.38593539
-0.71520221 0.96784923 -0.14679423
-0.97892852 0.77087351 0.32105934
0.15312565 0.98445148 -0.94664499
-0.80282998 -0.10618869 0.98885926
0.88606538 -0.3406159 -0.36404896
0.47799447 0.08284657 -0.50977735
-0.65403487 0.82071972 -0.0664397
-0.01273284 0.82463542 -0.60276895
0.47067273 0.15652492 -0.61857533
-0.29389395 -0.12652427 0.46919348
0.24980364 0.53953864 -0.55414796
0.44151806 -0.70759001 0.38753484
0.84781314 -0.52302761 -0.27880659
0.98206302 -0.27908876 -0.58218107
0.66243105 0.0440409 -0.66156608
0.17342435 0.99486787 -0.9188323
0.73219097 -0.57544935 0.1215481
-0.36097286 -0.02316003 0.38741451
0.13072993 -0.59531472 0.95806289
0.71239244 0.21381038 -0.91141582
-0.74469487 0.13260524 0.76163931
0.6483115 0.15064923 -0.72783315
0.24716134 0.33494604 -0.4932862
-0.02373199 -0.63660448 0.69540675
-0.91676389 0.45603233 0.92751498
0.5959711 0.53447397 -0.95972679
0.43079306 0.26606668 -0.59572231
0.26474376 -0.55839441 0.41701927
-0.46801846 0.45644214 0.01690774
0.69195161 -0.87782248 0.26498704
0.46352939 0.52158575 -0.94327622
0.07639187 -0.99171666 0.9485233
0.38161725 -0.62017778 0.30226413
-0.5815121 0.21380024 0.40839739
-0.79428152 0.88836467 -0.08898884
-0.11262322 0.36584068 -0.14886711
-0.42891549 0.31521361 0.14915981
-0.62343478 0.99823057 0.17371748
0.61820218 0.26721664 -0.87460069
-0.91430851 0.68875586 0.5439264
0.7286839 -0.79251326 0.18334229
0.7378876 0.37532032 -0.90733575
0.33506113 0.4216277 -0.72189324
0.71708428 -0.57046405 0.08902049
0.53603653 0.24957257 -0.75198642
0.81029633 -0.59625512 -0.18139882
-0.20080898 0.98657605 -0.50522727
0.68520927 -0.74722983 0.14220954
-0.78595955 0.91643426 -0.10497576
-0.5297057 0.04392301 0.74721926
-0.88143494 0.32311408 0.79222645
0.68383642 -0.95206815 0.39548176
0.98964598 -0.72028934 -0.22395349
0.29556175 0.52129861 -0.70040296
-0.26145992 0.0766748 0.30870669
0.91878804 -0.59734503 -0.29782748
0.03147988 0.49940501 -0.41463175
0.8191838 0.18023267 -0.85144846
-0.45461203 0.954962 -0.46624191
-0.32620323 -0.604983 0.95770308
0.90180597 0.79786461 -0.98253042
0.36000529 -0.29895063 0.0188809
0.93652405 -0.78908504 -0.04331045
0.13702421 0.51075178 -0.60287789
-0.98107012 0.12870659 0.8717417
-0.27084329 -0.49673483 0.85675282
0.95948007 -0.36160043 -0.42588163
0.9295807 -0.98301872 0.14878448
0.42074704 -0.12598011 -0.23683632
0.57054867 0.55794212 -0.94519015
0.37370334 -0.25301114 -0.01774871
0.94966661 0.13552421 -0.91797404
0.7680491 0.42375049 -0.89910489
0.74216936 -0.45499665 -0.15315452
0.22526997 0.95612616 -0.86582448
-0.9922079 0.42931591 0.67821059
-0.61672373 0.01519636 0.68208376
-0.62145365 -0.07512468 0.70835805
0.77290284 -0.83900944 0.1452264
-0.52963101 0.43484611 0.22890395
-0.85205311 0.19365793 0.85662325
-0.87129488 0.95823272 0.05197565
0.44235655 0.4014686 -0.82009679
-0.25002391 -0.50069794 0.85228253
-0.56830832 0.7104201 -0.09294809
-0.51050779 -0.43153884 0.98315121
0.40336526 0.77586669 -0.99302994
0.64184393 -0.31055114 -0.18274291
0.97057811 -0.19506974 -0.75969186
0.19077968 -0.71562411 0.72326971
-0.03674304 0.27246826 -0.23248911
-0.83706841 -0.06401388 0.97099968
0.61988444 0.04254921 -0.63132544
0.63108902 -0.91458519 0.30492938
0.12844517 -0.9290318 0.93984652
-0.93926456 0.61096548 0.44629502
-0.29163441 -0.63831944 0.92998204
0.93813687 -0.09280604 -0.77956605
0.99616863 -0.0902339 -0.76746135
-0.65606388 0.08805891 0.58478459
-0.45633483 0.55026493 0.12399033
0.66181023 0.13896225 -0.6322091
-0.45501566 -0.12034493 0.58829358
0.7844297 -0.01265568 -0.76914032
-0.47030238 0.56484549 -0.0093338
0.68777118 0.48974456 -0.87889357
-0.44426837 -0.53411992 0.98754952
-0.87929192 0.81249381 0.09284241
0.92077688 -0.47661717 -0.22821445
0.02888484 0.75486385 -0.62019342
-0.27028471 0.36790872 -0.0586638
0.90364206 -0.54813935 -0.34044882
-0.32570176 0.42723662 -0.07968364
-0.63701951 0.97084839 -0.32606148
0.03643158 0.40912481 -0.41082317
0.42368718 -0.38520944 0.02072822
0.93512473 -0.0857357 -0.64403023
0.09453756 -0.56606827 0.50268865
-0.69015944 0.08273431 0.79627959
-0.14328825 0.48218358 -0.33477641
-0.22500979 0.42562203 -0.18777022
0.68646485 0.12631298 -0.77312667
0.43998843 -0.30683577 -0.11107964
0.07653236 0.4280587 -0.49198926
0.43948913 0.68400769 -0.98611199
-0.30022173 -0.21319627 0.58660312
0.95662424 -0.80542911 0.01343659
0.58086245 -0.72721063 0.15201476
-0.83771907 0.30979057 0.78500215
-0.78998025 0.73503535 0.06592315
-0.23094368 -0.58623898 0.84085642
-0.94239639 0.71163004 0.63820927
0.42983097 0.26919845 -0.66959663
-0.92741277 0.88969068 0.10898361
-0.89828324 0.94463359 -0.04361311
0.49432725 0.33088829 -0.79523186
-0.65484903 0.99876048 -0.15269635
0.16579327 0.452448 -0.52990918
-0.05858201 0.84230722 -0.4050805
-0.7119627 0.55242142 0.35427745
0.38810311 0.38285926 -0.71041711
-0.96004536 0.59926297 0.45748943
-0.30823386 0.18844965 0.17535038
0.61146697 -0.7313465 0.24737109
0.93460492 0.15395751 -0.83400851
0.54610634 -0.77335257 0.23758007
0.77857405 0.26000555 -0.9394681
0.40223394 -0.53604531 0.14522885
-0.85360339 0.11029507 0.74374483
0.49880637 0.23659363 -0.62938375
0.0370519 -0.30089803 0.43316199
-0.31670968 -0.28838369 0.63821632
0.14291437 -0.80042737 0.85630066
0.92873693 -0.57243698 -0.29639634
-0.93028961 0.44017619 0.62369663
0.03162271 0.79948721 -0.66164452
-0.11360291 -0.67888265 0.83086757
0.22334356 0.98400659 -0.8605567
-0.9880937 0.49888611 0.7424472
0.07869108 -0.91667588 0.95329577
-0.37869918 0.99506808 -0.55943094
0.98080768 -0.81213239 0.04691365
0.55128348 -0.71646895 0.19589911
0.35129236 -0.94271595 0.77920717
0.77267127 -0.92094744 0.20458213
0.13362493 -0.47684019 0.46182232
0.67037816 -0.02137363 -0.41638139
0.28512371 -0.30113796 0.02890386
-0.4003109 0.76718658 -0.26905541
0.7606481 0.13319188 -0.8042927
0.51391633 -0.62263864 0.28744776
0.12981242 0.16132817 -0.28373382
-0.32018871 0.02651114 0.36342599
0.9786753 -0.49237459 -0.34674002
-0.41325149 0.1314542 0.3493256
0.80706456 0.21065631 -0.77429778
0.30256353 0.68010222 -0.79331953
0.60808851 0.52135006 -0.96734681
0.13811352 -0.56217675 0.50480784
-0.29144223 0.06573097 0.2306776
0.20082306 0.59838976 -0.78636987
0.81017677 0.32280325 -0.92346747
-0.69902552 0.30127523 0.40097538
-0.59072065 0.02412399 0.76183436
0.48866858 -0.68121909 0.53468013
-0.83533629 -0.11052066 0.97479274
0.49018483 0.95743717 -0.9704017
-0.93922185 0.87646719 0.32211933
-0.57858019 0.10858972 0.73896008
0.23251802 -0.11341481 -0.04855911
0.93891449 -0.80738594 -0.0526631
0.28908971 -0.89535859 0.61194406
0.44491408 -0.64645984 0.40145125
-0.98721724 0.36687909 0.74372891
-0.5137143 0.43405587 0.12463858
-0.27639108 0.15748799 0.15520753
-0.70996871 -0.20410221 0.96232497
-0.18153062 -0.44915399 0.79370732
-0.46744358 0.08650829 0.43989738
-0.21428635 0.67898423 -0.37290802
-0.05209257 0.89731273 -0.83425293
0.53970401 -0.7358632 0.22453966
-0.22251869 0.86648017 -0.61622546
0.46480163 -0.27554697 -0.09926584
0.98415117 -0.38739787 -0.48357313
0.60450266 0.03123537 -0.61451497
-0.44683987 0.42923353 0.08394249
-0.51884699 0.68858266 -0.1536005
0.79566383 -0.54503271 -0.17215969
0.34107843 0.52870559 -0.80571653
0.74704576 -0.76394638 0.42836791
-0.93231852 0.47366633 0.5567013
8.38490163e-01 -5.41789040e-01 -1.22012240e-04
-0.24263359 -0.53173766 0.79507372
0.69257289 -0.65802847 0.21999943
0.09234945 0.63309236 -0.51359148
0.0612147 0.61479636 -0.66403439
-0.1869386 0.96147075 -0.64113084
-0.83444165 0.26090404 0.64558214
-0.65327238 0.97376305 -0.29305938
0.17746194 0.76209745 -0.79703316
-0.07660629 0.42957389 -0.34274224
0.27389454 -0.20140792 -0.03828604
-0.72919248 0.16350759 0.5881417
0.00258128 -0.62246074 0.92805592
0.45906654 -0.0919266 -0.30020435
0.2744932 -0.26600371 -0.00309943
-0.17886818 -0.28328059 0.48718384
0.14299124 -0.58330953 0.65655415
-0.35490242 0.84568106 -0.29680963
0.22432988 0.74289216 -0.92837536
-0.18889148 0.29056313 -0.099133
0.49853431 -0.280132 -0.1563527
0.7310932 -0.93250323 0.24875308
-0.81599337 0.02932134 0.98714179
0.61423568 -0.37314576 -0.21779238
0.98244318 0.06768141 -0.77607277
0.31864037 -0.97455388 0.66895665
0.21808246 -0.18208624 0.04424942
-0.94299836 0.56862491 0.74440019
-0.5673006 0.9290551 -0.23735641
0.8454741 -0.52185609 -0.30121842
-0.10592195 0.7440072 -0.5577811
-0.61824092 0.87911586 0.10739817
-0.96214757 0.66979496 0.62863462
-0.50228716 0.66610008 0.01761595
0.66255267 0.23076835 -0.71002359
0.75766688 -0.03281965 -0.69293975
0.24448663 -0.81210102 0.77483467
0.75867737 0.22276885 -0.81539629
-0.03241708 0.73499576 -0.60911635
0.9018834 0.16142218 -0.67987865
-0.66497777 0.9860475 -0.31050509
0.07012411 -0.38656528 0.39433315
-0.05518116 -0.82885237 0.88545886
-0.37637059 -0.26845775 0.7633554
0.33400052 -0.99418851 0.79361123
0.8416628 -0.80594025 0.15202831
-0.40190001 0.73603334 -0.22274742
0.41811891 -0.72615288 0.48147875
0.504975 0.33109622 -0.72845653
-0.91894781 0.31355834 0.63367172
-0.35394344 -0.1163124 0.51659433
-0.42802314 -0.37016894 0.79924503
-0.3284755 0.87975685 -0.49988736
-0.1799408 0.8052665 -0.47238727
0.70871876 -0.90778656 0.40639975
0.29710746 -0.83710528 0.85999517
0.31211589 -0.35895005 0.20453998
-0.38519352 0.95467047 -0.30511313
0.95446177 -0.96619788 0.17835175
0.31828067 -0.07047201 -0.2462801
0.3401919 -0.6089047 0.35615967
0.2999025 -0.61342162 0.51908272
0.75930508 -0.71568957 0.21374908
-0.85533495 0.85600628 0.00959164
-0.27287247 0.37461382 -0.08396144
0.67380391 0.32209824 -0.94228164
-0.35330486 -0.42663172 0.82988534
0.53376729 -0.23049137 -0.27967677
0.08638866 -0.60394263 0.69396789
0.22654823 0.50894603 -0.65390295
0.07614844 -0.51168036 0.55281196
-0.74830306 0.28662517 0.57812654
0.12497834 0.88367763 -0.87251146
-0.86266475 0.30788665 0.58431916
0.68169004 0.28999684 -0.95163737
0.29614312 -0.44558921 0.15288536
-0.02226584 0.50734071 -0.43513723
-0.83482857 0.78685951 0.35235471
-0.71310612 0.42146514 0.29226696
-0.57663777 0.71030466 0.00127334
-0.55682362 0.10564636 0.48808694
-0.3509008 -0.18460671 0.57702681
-0.58509767 0.83186254 -0.15639041
0.00973576 0.72098442 -0.7256684
-0.68821397 -0.039523 0.73828635
-0.51771711 -0.01216254 0.98836482
-0.44938687 0.24313703 0.3074061
0.09624167 0.8602069 -0.74736042
0.99573932 -0.30763439 -0.60893343
-0.65941396 0.88567984 -0.13072545
-0.65292534 0.87864257 -0.20612176
-0.18178597 0.84461706 -0.63966582
0.66850536 -0.49019214 -0.1390113
0.8267922 -0.21327212 -0.57230018
-0.77768353 0.60953873 0.2702913
-0.9628501 0.42433035 0.60887439
-0.6072111 0.09805407 0.71042625
-0.50133758 -0.03828275 0.72738129
0.15988359 -0.57491697 0.44453371
0.39913741 0.70613679 -0.89805731
0.8336246 0.09502428 -0.8950846
0.33734405 -0.7219476 0.52590337
-0.33786147 -0.35740506 0.70942119
-0.89815878 0.02191127 0.91222134
-0.35595516 0.91121256 -0.35836096
0.31493447 0.44615003 -0.54747279
-0.11443854 -0.15252013 0.43794774
0.8773571 -0.49244516 -0.14656084
-0.18427077 0.86850498 -0.54167495
0.02653688 -0.71947149 0.71857686
-0.37223486 0.35281365 0.10922631
-0.97099849 0.57793914 0.42431461
-0.19462367 0.72069958 -0.42835945
0.93087077 -0.85051051 0.18718533
0.64365738 -0.75114081 0.15296839
-0.52982559 0.07316691 0.60484152
-0.622012 0.12561611 0.64849353
-0.35892231 -0.23904312 0.69424838
-0.78525486 0.9744617 -0.16481893
0.81770803 0.39467764 -0.94848229
-0.62031707 0.94141203 -0.21260298
0.72211208 -0.82350019 0.18964931
0.69282199 0.26315684 -0.93067581
0.97570804 -0.2115545 -0.52969513
-0.06081573 0.95765565 -0.68286899
-0.37747589 -0.04347472 0.42318102
0.83649307 -0.68132065 0.14097801
-0.15490198 0.35941136 -0.12933567
-0.40844282 0.61053626 -0.07510552
0.08231575 0.86781448 -0.8673712
0.43835213 -0.98573871 0.6171084
0.53524016 -0.68906608 0.24657837
0.1506123 -0.68437136 0.61081807
0.73255327 0.09375359 -0.78032802
0.41482123 0.35615874 -0.65283681
0.43497259 -0.15097754 -0.22989427
-0.41848254 0.33123996 0.31524733
0.70919118 -0.78005261 0.22047341
-0.78765958 0.83413378 -0.01887589
0.65479553 -0.93074486 0.46716504
0.74083638 0.29197919 -0.99694572
-0.15230102 -0.45540823 0.6157835
-0.93202667 0.30970485 0.65442999
0.44417738 0.77226436 -0.84559074
0.54923013 -0.96854532 0.44201878
0.71405031 -0.41148674 -0.30141452
-0.96655716 0.5371038 0.44053837
0.88822356 -0.69305996 -0.14581907
0.86458201 -0.0411401 -0.78410963
0.48633291 0.44462754 -0.73779146
0.34355908 -0.69983175 0.46085287
-0.43451389 -0.38534332 0.95877878
-0.34105525 -0.39076777 0.75258247
-0.75743655 0.0247217 0.79795413
0.36932012 0.36567631 -0.69403421
-0.43234382 0.5102905 -0.05072999
0.76708566 -0.93665787 0.43953348
0.23587177 0.44576689 -0.56893294
0.0370229 -0.50731165 0.51865452
0.11323983 -0.90658972 0.79633212
0.09453684 0.5501273 -0.50233404
-0.79378991 0.68737368 0.21099549
-0.448148 -0.04983651 0.51659025
-0.6028733 0.65561081 0.08479042
0.60092949 -0.63440949 0.06053894
0.83852595 0.2330211 -0.97398401
-0.76091869 0.30914971 0.68578916
0.43065919 0.20721148 -0.4095045
-0.77102561 0.17481325 0.98760888
0.77434893 -0.0899197 -0.62741865
0.15657048 -0.48370062 0.51980547
-0.5274917 -0.39164199 0.95983479
-0.53801068 0.40072003 0.15002343
-0.64853727 0.86797403 -0.21167236
0.48116212 0.52468285 -0.96661831
0.38543901 -0.14527669 -0.22224595
0.84707693 -0.33165825 -0.44958765
0.69301744 0.01588776 -0.64476415
-0.36115957 0.49402801 -0.08677928
0.87230689 -0.97039624 0.16066673
-0.84676501 0.48225166 0.52558371
0.47311608 -0.22661212 -0.14528949
0.86026041 -0.86758497 0.11886331
0.27281818 0.58506348 -0.80868357
0.57788544 0.77746596 -0.89431577
-0.95077335 0.08170699 0.88146752
0.53820646 0.30890794 -0.74414752
-0.67294503 0.65579553 0.30634976
-0.0430973 0.8397391 -0.60073701
0.68654075 0.21044432 -0.88305713
-0.3249533 -0.46059951 0.97055638
0.5014448 -0.25369687 -0.23980705
0.36313838 -0.7099807 0.38167443
-0.49003302 -0.24196193 0.82354132
-0.77910228 0.34479842 0.55121658
0.85344749 -0.52047292 -0.30687125
-0.75583027 -0.13759027 0.98868872
0.7889581 -0.02343502 -0.61025397
-0.09500458 -0.42205211 0.58245562
0.97371753 -0.82636818 -0.01718199
0.548896 -0.41605999 -0.12901728
-0.85232485 0.58581632 0.47328955
0.07186987 0.71662903 -0.64711084
0.35064345 -0.82601491 0.53671536
0.53814555 0.31762037 -0.60159577
-0.48810929 -0.10592817 0.62866528
0.60764386 0.89493296 -0.9716843
0.74030274 0.38078589 -0.9062966
-0.31955166 0.63205481 -0.28835828
-0.05561977 -0.37016921 0.55525701
0.77445269 -0.83776126 0.2847799
-0.5610722 -0.19625381 0.78027596
-0.97470028 0.69938821 0.51646417
0.69018917 -0.60769466 -0.04059699
0.51072133 -0.51715732 0.05161502
0.1086999 -0.81249868 0.7112622
-0.39223166 0.36529418 0.1847236
-0.94077115 0.58956052 0.47464286
-0.94317479 0.92717866 0.42243906
-0.73145241 -0.06964736 0.98441962
-0.29396566 -0.29899658 0.80471562
-0.51088559 0.97879661 -0.4043064
-0.70208208 0.29314123 0.5434628
0.70689448 0.14607936 -0.82074456
-0.98240072 0.75218383 0.28087918
0.28350137 -0.63453879 0.48196017
0.71159645 -0.98465066 0.28144055
0.87430796 -0.9227439 0.72594585
-0.02564128 -0.46548732 0.50357926
-0.87407013 0.26479954 0.99416145
0.85406995 -0.00576207 -0.57328391
-0.64463974 0.12224334 0.86410512
0.98404054 -0.52430363 -0.44648768
0.30625495 -0.39177463 0.09016463
0.09727061 0.86622285 -0.91078025
0.27299231 0.57526421 -0.60344665
0.599752 -0.62573266 0.04093583
-0.66683165 0.00493368 0.77644133
-0.62550765 0.43994633 0.18635543
-0.15332692 -0.83930416 0.99472876
0.62622127 -0.68406165 0.28962487
-0.31339315 0.56087076 -0.21590746
0.50048256 -0.54064265 0.31504247
0.40909706 -0.7635508 0.76838828
-0.53722976 0.57518913 0.20298502
0.34651143 0.38688825 -0.6694926
-0.60093353 0.28584801 0.47191617
-0.38945719 0.92734367 -0.48468983
0.97236013 -0.77501832 -0.19140045
0.88803305 -0.83554769 -0.05032077
-0.48371734 0.48965411 -0.00109674
0.82740643 0.18162574 -0.96987374
0.11805967 0.60971935 -0.64238509
0.91989274 0.12042354 -0.76399992
0.23527577 -0.95838608 0.84684973
0.31490712 0.7731751 -0.99139603
0.89620681 0.20066945 -0.80074682
-0.85243838 0.31860645 0.89830804
0.18852415 0.70488078 -0.88052986
0.26773954 0.22118033 -0.47971289
0.47359323 -0.89300141 0.52378826
-0.76908217 0.68407214 0.20628668
-0.87140744 0.38280769 0.50801892
0.54531293 0.4173564 -0.95740748
0.28079614 -0.51443048 0.41788887
-0.57353027 0.0878405 0.48716446
0.70413071 -0.08622029 -0.59998394
-0.64118589 0.47710267 0.21402707
0.51122752 -0.86411618 0.38108533
-0.51060786 0.81516368 -0.14437093
-0.75299438 0.27526335 0.52560783
0.58076432 -0.97908792 0.62291987
0.56595229 -0.38576107 -0.14536502
0.22053729 0.73275977 -0.84604549
-0.38390466 -0.25457661 0.66627718
0.27139591 -0.70263271 0.57860677
-0.88009968 0.97898818 0.12989722
0.75836068 -0.74816433 -0.00890984
0.8096463 -0.32507739 -0.31608369
-0.43855511 -0.52334262 0.99341995
0.19204936 0.37570466 -0.44852305
0.01538366 0.48256791 -0.46184648
0.04227464 -0.68426737 0.6764684
-0.65757791 0.23723772 0.52851631
0.09803283 0.61585931 -0.6789452
-0.82574453 0.28732371 0.66996435
0.87033696 -0.31908908 -0.36147386
0.82265611 0.31467654 -0.9720808
-0.15288785 -0.6407516 0.86078406
0.33030907 -0.70487172 0.661383
0.24429233 0.7643383 -0.88670952
0.8986838 0.12937108 -0.96477603
0.91044035 -0.42840523 -0.43016048
0.43149355 0.13425042 -0.53315234
-0.90518611 0.17772828 0.74364974
0.96368916 -0.1010686 -0.70805986
-0.4153336 -0.20235713 0.72117168
0.15001464 -0.89525658 0.83130041
0.98646572 -0.94155581 0.11918295
0.95052066 -0.01359818 -0.83275488
-0.07292609 -0.62657635 0.7440866
0.22015772 -0.87236217 0.65566759
0.44735618 -0.61411286 0.54056593
0.22451919 -0.97916125 0.78257365
0.01881799 0.67906479 -0.69234476
0.90216408 -0.39081839 -0.46449709
-0.30110425 -0.47625789 0.81772004
0.24449547 -0.89909911 0.9557811
0.55776645 0.03791216 -0.52464083
0.47588306 0.01399106 -0.47527651
-0.5178339 -0.13543039 0.81757514
0.80185094 -0.22318365 -0.55604729
0.67848175 -0.29871796 -0.32727796
-0.78025183 0.24960956 0.64494877
0.93380326 -0.25509997 -0.66721505
0.64639862 0.0606432 -0.49305941
-0.35512478 -0.18374668 0.54453348
0.50634528 0.23888891 -0.69100352
-0.97927582 0.82712276 0.40474826
-0.88689326 0.18067256 0.72434969
0.53609692 0.24911991 -0.74230244
0.37741671 -0.71300603 0.47573061
0.14576127 0.37270943 -0.41393856
-0.20501271 -0.53602639 0.77290347
0.13028227 0.45816031 -0.57909597
0.45638866 0.35345399 -0.62398657
0.06835377 -0.86804684 0.86871366
-0.40875633 0.6211847 -0.05915208
-0.14501359 -0.45365458 0.62029123
-0.05926028 0.48415868 -0.40685833
0.7283977 0.25680921 -0.82244972
0.85269679 0.00620121 -0.84693016
-0.96065503 0.56825733 0.6919321
-0.08569501 -0.78693789 0.94565923
0.74677234 -0.60799369 -0.12331902
-0.83852032 0.45933224 0.39598724
0.15244751 0.39182064 -0.5405559
0.98078423 -0.5090008 -0.33914505
0.74390642 -0.35155226 -0.31963371
0.69386201 -0.31245437 -0.32334596
0.08721518 0.55581801 -0.57162899
-0.92971447 0.82000276 0.38802138
-0.7356179 0.50632004 0.26879631
0.38769512 -0.47388541 0.13093404
-0.88121418 0.47959257 0.64466825
0.53493175 0.30896304 -0.838833
0.46495124 -0.38577176 0.07364759
0.93488509 0.0526606 -0.938415
0.08070755 -0.36899385 0.30297574
-0.95036117 0.93144039 0.07831383
0.08686609 -0.67145941 0.76533574
0.27368116 -0.81993244 0.62673658
0.80395404 0.21698026 -0.88442302
0.99843511 0.24156073 -0.90961899
-0.46582843 -0.19256519 0.78322145
0.07164233 0.57079869 -0.51236965
0.71994467 -0.160052 -0.39396362
-0.2457975 -0.64292198 0.89332752
0.63348408 0.33045149 -0.96100039
-0.0811855 0.95569822 -0.79733438
-0.33695214 0.00686701 0.36541135
0.30137336 -0.57947721 0.37624324
-0.38620246 -0.26376853 0.8700052
-0.29054517 -0.31096828 0.63201364
0.50407992 0.59689328 -0.83833248
-0.54212055 0.7557771 -0.07930306
0.24881262 0.93097825 -0.94665851
-0.15736302 0.49615127 -0.21190985
-0.52622103 0.09669791 0.51079994
-0.83611006 0.72796668 0.16391231
-0.52204834 0.90958302 0.02875723
-0.16913437 -0.63046428 0.80224241
0.35102379 -0.85983911 0.53442769
0.72631258 -0.48329104 -0.10880338
-0.73493763 0.28153817 0.58692358
0.47866667 0.22760842 -0.67318494
0.69253518 0.55436857 -0.9885915
0.25658856 -0.77262003 0.95877892
0.85696256 -0.13952027 -0.67267372
-0.13054328 -0.34182086 0.53022132
0.4115646 -0.1101343 -0.28147874
0.16134862 0.67400798 -0.77687031
-0.97462228 0.80331754 0.19825416
-0.32441533 -0.50212916 0.87400028
0.0925674 0.89141212 -0.61864263
0.33784483 -0.21838741 -0.10232336
0.48235255 -0.73817784 0.42497649
0.41837302 -0.68731236 0.33081074
0.95997477 -0.0804795 -0.83011451
0.88843243 -0.62071526 -0.10774216
-0.0791587 0.67910689 -0.52161956
-0.30514738 0.41823082 -0.10714948
-0.13052438 -0.24622285 0.41950558
0.21181989 -0.01597743 -0.14522083
-0.02176375 -0.51979995 0.75753015
0.25707378 0.3746606 -0.53900808
0.36158912 -0.74093582 0.62351052
-0.69096403 0.62102057 0.07648306
0.26727158 -0.7773493 0.87260159
0.70308019 -0.1619792 -0.49087971
0.22745794 0.67229532 -0.82492925
-0.62244604 0.94292549 -0.05418176
0.61006168 -0.74586319 0.17271504
0.88484166 -0.64971258 -0.22408292
0.75719772 -0.25098079 -0.46438903
0.69988241 -0.95316569 0.60755711
0.37839549 0.03963858 -0.38802149
0.50071617 -0.55224483 0.2993866
-0.10485664 -0.58980846 0.78461422
0.01520243 0.53720281 -0.47861663
-0.13600523 0.2622324 -0.0526169
-0.23179668 -0.19026244 0.56772513
0.85597531 -0.84938395 0.01866574
-0.56538546 -0.33966819 0.91644746
0.31831739 -0.6394143 0.45769575
-0.24582647 -0.39237067 0.65884392
0.9103107 -0.41483839 -0.35291329
-0.45567532 0.08272015 0.41703049
-0.75422691 0.55120473 0.3116339
0.46289127 0.02062247 -0.43834425
0.08532604 0.45954632 -0.47804684
0.85388422 -0.00433925 -0.80021062
0.92004656 -0.89146058 0.06529356
-0.06852462 0.72655185 -0.60483954
-0.37715832 0.14185951 0.25181564
-0.52668098 0.14394336 0.40466141
0.68818661 -0.65832091 0.08043727
-0.65455498 0.37254855 0.35824646
-0.23726414 0.9515192 -0.51070697
-0.37944302 -0.39263428 0.83389071
0.39410816 -0.44705529 0.3602062
0.72022449 -0.30462646 -0.1208581
0.54834946 0.41390412 -0.80419959
0.97862067 -0.36642283 -0.54413989
-0.72006337 0.63447914 0.16505823
-0.72673655 0.60178702 0.13614709
0.43721403 0.47189047 -0.77691432
0.56525336 -0.79136446 0.35470441
0.72719451 -0.63866725 -0.05279913
-0.4826792 0.92600701 -0.35634327
-0.89116469 0.25216595 0.63936811
0.40936158 0.70351976 -0.93560816
-0.57570922 0.28065201 0.36487176
0.94926793 -0.23707139 -0.62927122
0.77873692 -0.85051894 0.15784735
0.10089345 0.72650543 -0.78274802
-0.49670332 0.00976773 0.61827914
-0.88106255 0.42944293 0.46180868
-0.36541617 -0.17674382 0.56947608
-0.94582817 0.4400313 0.65835811
0.44721044 -0.03017398 -0.21723064
0.10090346 0.77694118 -0.77261594
-0.80201569 0.33381427 0.51256113
-0.1793687 -0.18672094 0.41175117
0.68022376 0.55515875 -0.88970533
0.62252798 -0.58608486 -0.00542713
0.35267396 -0.74688113 0.48135031
0.2439074 -0.74330825 0.57999645
0.09045027 -0.78357134 0.95067546
-0.83824611 0.58567188 0.49579975
0.8505388 -0.81604684 0.09430205
-0.66447631 -0.23726047 0.92480071
0.81646655 -0.90379849 0.13234991
0.79915957 -0.76266291 0.13895657
-0.91427041 0.20688638 0.93998066
0.36120789 0.10146169 -0.37216896
0.844898 -0.30470058 -0.45914138
0.3059888 0.7402688 -0.97676071
-0.89645725 0.93706109 0.18537942
-0.25746022 0.84474947 -0.56433546
0.70999276 0.40908998 -0.80325767
0.81553628 -0.88460915 0.38657159
-0.91937749 0.41566797 0.75434657
-0.43667771 0.86205205 -0.38871155
-0.6250033 0.6637826 0.24954472
0.68085877 0.35228331 -0.98090438
0.35007539 0.57420828 -0.90462266
0.64827753 0.33768961 -0.9748916
-0.35780165 0.35571697 0.09249532
0.16462342 0.52827221 -0.68600061
0.64305966 0.48583275 -0.92999712
0.56559196 -0.07375393 -0.39847084
0.10924996 -0.64312828 0.98708363
0.98386691 -0.01319619 -0.93329034
0.60825015 -0.11804531 -0.45986486
0.98549491 -0.28865692 -0.55051798
-0.91717495 0.96463641 0.12689732
0.01104726 -0.44655851 0.43740579
-0.29657244 0.50825315 -0.06925902
0.26238857 0.3575977 -0.61659231
0.39720394 0.12663189 -0.43843074
0.70472574 -0.46200555 -0.20063451
0.92818434 0.57095463 -0.98511529
0.57745781 0.52416843 -0.92978016
0.59092287 0.42586995 -0.88129088
0.76725088 0.31775749 -0.75481979
0.16927723 -0.50722452 0.3921646
0.76912603 -0.85168807 0.11978629
-0.97605226 0.25374518 0.89568958
0.26260726 0.47936258 -0.60443469
-0.24590102 0.82035247 -0.46035263
-0.58778127 0.05620147 0.66965261
0.657763 -0.19003797 -0.23405034
-0.33913214 0.82428162 -0.12894983
0.63969509 -0.85945798 0.51205328
-0.88330011 0.83370819 0.07538723
0.36997413 0.96919256 -0.99403809
-0.53719987 0.49807933 0.18307667
0.34943373 0.55233368 -0.85611701
-0.22539292 0.84661313 -0.61514346
-0.41415529 0.08998838 0.4775274
0.77193727 -0.30060939 -0.15725283
0.19340495 0.81520049 -0.80775058
0.47227158 0.71744314 -0.92623297
0.80418406 0.0450789 -0.84786017
0.0246191 0.82083733 -0.82579535
-0.02877568 -0.32687706 0.44070447
0.08724053 0.6939549 -0.63044143
0.26187796 -0.26738015 0.03229602
-0.74089802 0.37192331 0.53055472
0.57651121 -0.59575129 0.0986438
-0.91216845 -0.00545872 0.92632004
-0.45511455 0.82719491 -0.32389498
0.0154707 0.59200136 -0.52248199
-0.5777845 0.7269118 0.04960314
0.59397714 -0.56072261 0.1826191
0.51944225 0.25208281 -0.75292826
0.96875254 -0.48567346 -0.46002444
0.09128368 -0.15299656 0.18568733
0.0036935 -0.27015072 0.27676585
0.22900828 -0.59272617 0.41501809
0.30193131 0.75404225 -0.90540241
0.77916269 -0.95741984 0.31812967
0.17586087 -0.64480263 0.69665532
0.94937912 -0.18271826 -0.44075406
0.34640406 -0.87590866 0.57632475
0.01532039 0.09198249 -0.09394742
0.53593984 -0.20792785 -0.24418078
0.50358126 -0.57589451 0.23750166
-0.32356656 0.80228394 -0.28222082
-0.09339968 0.67344419 -0.46364822
0.84024243 -0.72017697 -0.09380708
0.15237183 -0.538934 0.47297647
0.05014373 0.90749658 -0.80760598
0.90342731 -0.64595798 -0.19097213
-0.32068642 -0.06693012 0.51100205
0.64765257 -0.53712179 -0.10425805
0.26934402 -0.56392213 0.49671953
0.09204982 0.7181698 -0.80524956
0.30934071 -0.40970471 0.25850953
0.2689076 -0.05748566 -0.19449719
0.00223123 -0.32911252 0.3513199
0.73454969 -0.00674179 -0.71383382
-0.73488051 0.97141337 -0.09648043
0.80091015 -0.05637783 -0.71924702
-0.39410072 0.06406793 0.36721539
-0.96051112 0.7684241 0.45435487
-0.1235509 0.9395797 -0.763643
-0.13600382 0.66412651 -0.44780833
0.35334342 -0.06565917 -0.28540699
-0.38856603 -0.3988081 0.98895192
-0.59421676 0.80985925 -0.17017943
-0.15455363 0.92499508 -0.75513889
0.9925321 -0.73531646 -0.20314988
-0.39674117 -0.16342294 0.57034845
-0.339716 -0.60846853 0.99153928
0.75972305 0.18146278 -0.89475444
-0.6395078 0.16972691 0.58446744
-0.58488271 -0.28645262 0.91714631
0.33330627 -0.71440524 0.4047062
0.67349147 0.12281178 -0.75318936
0.11446476 -0.30538384 0.24915155
0.06852123 0.80375914 -0.78863431
-0.25029672 0.23399948 0.01918668
0.57074628 -0.17710287 -0.30362704
0.51886868 -0.77185907 0.3913379
-0.85167329 0.44797084 0.62291883
-0.74727606 0.77548649 0.01669816
0.86909308 0.07784048 -0.87555425
-0.23992641 -0.58994554 0.85695539
-0.21523092 -0.29396278 0.54926947
0.66930876 -0.92831113 0.28223157
0.55033742 0.39709904 -0.78280235
0.7445875 0.22432788 -0.90798199
0.65662367 -0.49441648 -0.05095329
0.98412435 -0.5797703 -0.06298444
-0.25663706 -0.19665916 0.53433943
-0.76245156 0.05653845 0.74712211
0.43991456 0.28528737 -0.7197577
0.61698684 -0.72849152 0.20387213
0.66426776 -0.12933301 -0.3178431
-0.25427152 -0.02222229 0.30008582
0.10252952 -0.34726644 0.28177109
-0.95628881 0.11064545 0.85239687
0.36933466 -0.52595598 0.30726917
0.84532074 0.12011543 -0.9010319
0.03338456 0.30501165 -0.32334577
0.00244668 0.97083301 -0.9683987
0.61803803 -0.24363611 -0.30095164
0.85992953 -0.12027721 -0.67519436
0.27506896 -0.34827054 0.07603888
0.37698197 0.51944329 -0.63365612
0.27587067 -0.83367901 0.56778849
-0.36965299 0.34194373 0.09252682
-0.97518849 0.86708705 0.13482528
-0.79917248 0.44505844 0.46557546
0.52087395 0.30208283 -0.78002601
-0.88557002 0.37896025 0.64716977
0.79088338 -0.81897574 0.17382208
-0.40070848 0.87921122 -0.26961838
-0.17162936 -0.70072903 0.95140118
0.0293361 0.96266675 -0.74368555
-0.37638967 0.05660872 0.34061244
0.02177959 -0.34413924 0.4061547
-0.19377529 -0.31138193 0.57835173
0.04788125 0.70885442 -0.68491545
-0.61513305 -0.10301152 0.74010829
0.82791826 0.47761356 -0.99715332
0.5291964 0.15816076 -0.67921921
-0.83846039 0.08360176 0.7561848
-0.37313655 0.95042554 -0.49229322
0.20003972 0.68902243 -0.77010181
0.59712275 -0.8792023 0.51017572
0.4877089 0.41883068 -0.65057879
-0.33464776 0.30160477 0.10290967
0.89088961 -0.88519678 0.33048285
0.50880395 -0.16475344 -0.33671107
0.98034004 0.00545073 -0.83462999
0.55411149 0.41639317 -0.93786896
0.51577812 -0.99075445 0.52658551
-0.40065727 0.07722244 0.36199571
-0.99055976 0.81707389 0.31554306
0.85033071 -0.30100804 -0.50027309
0.65770063 -0.2528798 -0.33417867
0.71043 -0.72382889 0.04661142
0.12041871 -0.68574431 0.8189769
-0.28824817 0.27948893 0.02471939
0.74977207 -0.25217406 -0.40909812
-0.52169488 0.47945154 0.10861495
0.24525367 -0.4668137 0.26105286
-0.90312539 0.53419051 0.42045673
-0.38241089 0.99710973 -0.37262903
-0.38332402 0.3824271 0.11774958
0.39739667 0.5956123 -0.92531251
-0.32908249 0.11984022 0.22311778
0.52894032 -0.88068784 0.57715751
0.28190079 0.80009782 -0.95004732
-0.4115473 0.89881147 -0.42241377
0.69370412 -0.94246053 0.31360951
0.39108873 -0.6134856 0.34990833
0.40932181 0.53676679 -0.88189446
-0.28927811 -0.36020842 0.76721359
0.18646091 0.93208505 -0.94558227
-0.91702812 0.53980509 0.47084112
-0.42225262 -0.40921277 0.86628578
0.30208957 0.73065223 -0.85527243
-0.82039877 0.60383648 0.32748542
-0.29515414 0.78829596 -0.38865107
0.07792272 -0.32471442 0.27423959
0.59264864 0.50997349 -0.91800487
-0.69435155 0.4112385 0.37936049
-0.12347239 0.23895857 -0.11542063
-0.79229771 0.53476227 0.27917639
-0.17736459 0.0607854 0.12237643
0.9909857 -0.80313502 -0.10346341
0.81079415 -0.56849598 -0.09403048
0.00365728 -0.17348046 0.2167124
-0.19888197 -0.24163493 0.51243408
0.26638604 0.5456668 -0.71400072
-0.59828926 -0.36573324 0.99415214
-0.58602585 0.65883322 0.0354287
-0.08319911 0.56774232 -0.3425916
-0.14956837 0.97082084 -0.81418325
0.3044945 0.2667794 -0.49002241
-0.26532686 -0.22273356 0.54694418
0.96789838 -0.23285511 -0.69357362
-0.28352416 0.86850806 -0.56736717
0.77188901 -0.51403734 -0.24691155
0.80532702 -0.66357055 -0.1297166
0.28397569 -0.90616004 0.94362006
-0.48420268 0.84688755 -0.05917087
-0.04566376 0.68842186 -0.63869037
-0.12567918 -0.6937654 0.94911223
0.98016035 -0.05187862 -0.9162279
-0.38337281 0.78136562 -0.35524653
0.19057146 0.33955654 -0.52639705
0.59417538 -0.75330818 0.1800646
0.91260641 0.08364115 -0.71149611
0.3100903 0.50934283 -0.78244388
-0.66520982 0.91232112 -0.16768008
-0.55086281 0.96693854 -0.29014483
-0.10883809 0.32671706 -0.20718164
0.83941843 -0.31593327 -0.5016478
-0.84445888 0.92622392 -0.03635318
0.59517272 -0.82604066 0.24065086
-0.47517414 -0.02176698 0.58113505
0.54683014 0.15192727 -0.67694163
0.49402633 0.48931812 -0.91875591
0.51838262 -0.25381532 -0.25967537
-0.65732219 -0.28616298 0.99647516
0.64860697 -0.85590903 0.33749726
0.83520885 -0.15524678 -0.49072829
-0.60018988 -0.14406441 0.78844651
0.08367299 0.59025276 -0.52080502
0.79983184 0.05919613 -0.631746
-0.74677828 -0.01107792 0.79587466
-0.83896455 0.66970071 0.27746711
0.62331271 -0.04227761 -0.42603186
0.36990371 -0.76649258 0.49887722
0.05189219 0.20964212 -0.24079989
-0.71002213 0.27243014 0.45538266
0.69318232 -0.99773806 0.33004108
0.04228768 -0.34596984 0.33646818
-0.80640511 0.68603339 0.28345962
0.58507534 0.68113735 -0.96134826
-0.80856538 0.8739431 0.21706061
0.24920322 -0.83522907 0.75834929
0.75586248 -0.79548691 0.08703967
-0.18710402 0.84875487 -0.63167388
0.8159044 -0.63033541 -0.05742146
0.48864548 -0.85462228 0.4305615
0.14701931 0.5161408 -0.6017901
-0.73006576 0.79495221 -0.05413543
0.12867423 0.94288643 -0.85804359
0.71466306 -0.74955645 0.04789052
0.41370135 0.44867633 -0.72349468
-0.25896665 -0.55326737 0.84735021
0.6518725 0.46753366 -0.95044225
-0.87916425 0.80511802 0.08820355
-0.0028233 -0.68615733 0.97314466
0.96793625 -0.70152649 -0.21010334
-0.10556616 0.2455542 -0.09436257
0.29318278 -0.81976754 0.86240616
0.33676108 -0.01639113 -0.28414077
0.40237622 0.38239248 -0.7577296
0.45469219 0.23356296 -0.64531622
0.24267322 0.29478704 -0.48946988
0.58667973 -0.85655486 0.31706777
-0.2164275 -0.50097514 0.75614726
-0.41636025 0.42694939 0.03755038
-0.74671663 -0.00466865 0.77971367
-0.29290506 -0.08027493 0.42952736
-0.63417798 -0.13595229 0.81675631
-0.97445727 0.31279823 0.69694259
-0.30287873 -0.27689632 0.62375062
0.24066081 0.72244148 -0.7837836
0.50374313 0.34203516 -0.75172366
0.46723067 0.57281991 -0.97458169
0.9051865 -0.39521731 -0.48800826
0.93758441 -0.40218273 -0.34761181
0.57608396 -0.85519363 0.32007194
-0.87608663 0.36619371 0.52759687
0.23551911 0.49366351 -0.72314892
0.36495354 0.56661738 -0.87495372
-0.84876249 0.3290343 0.66990504
-0.20218637 -0.41958969 0.74820882
-0.17374325 -0.08569175 0.29605237
0.36778508 -0.6256263 0.30609695
-0.51248412 0.37958126 0.29922426
-0.9251872 0.3370864 0.61087912
-0.64854163 -0.2049409 0.95985048
-0.68003213 0.69015123 0.24790635
0.7934315 0.29666436 -0.97366944
-0.13511131 0.93154147 -0.70120922
-0.09628256 -0.34692739 0.44967662
-0.28217661 0.71278945 -0.3430728
-0.12135862 0.61237014 -0.44411733
-0.31913046 0.18374143 0.17847082
-0.05307587 -0.71450037 0.84701481
-0.75837476 -0.15077991 0.92703478
-0.57769199 0.81925701 -0.20663663
0.60935671 -0.77374418 0.33287393
0.5646505 0.15219783 -0.64568023
0.4427612 -0.97999533 0.66595696
0.01976871 -0.91484824 0.97776976
-0.57888694 0.24187822 0.36604606
-0.82715024 0.28321144 0.5665992
0.15161847 0.92365131 -0.67867903
-0.12118603 -0.65158546 0.79161561
-0.16637118 -0.5506915 0.73304864
0.10190309 -0.63325957 0.70194434
-0.65921112 0.17579437 0.56560615
-0.22449187 -0.48480527 0.7434551
-0.35668186 -0.0760916 0.53663634
0.03108094 0.77686033 -0.78168284
0.10670655 -0.20554602 0.17925146
-0.60735503 0.65310127 0.16472409
0.53265256 -0.88378377 0.62226143
0.15854865 -0.86893991 0.92362208
0.20295773 0.50957476 -0.57069139
0.65229789 0.05765139 -0.67392107
0.43892991 0.66222763 -0.83260409
0.31061955 0.72670415 -0.91303188
0.17556527 -0.43294301 0.31297775
-0.72403744 0.92418461 -0.06726746
9.23430294e-01 -7.81336042e-01 8.01626410e-04
0.20271844 0.28741886 -0.36577737
-0.75412462 0.0044896 0.78309238
-0.58544023 -0.18256444 0.81310908
0.9768457 -0.52492775 -0.38608555
-0.98419096 0.54329418 0.73879685
-0.44570621 -0.4897801 0.98185408
0.4758096 -0.81428811 0.38066833
-0.40701801 0.65534472 -0.14680074
0.40439917 -0.99045663 0.6466753
0.54187421 0.57528667 -0.64756484
-0.99821087 0.66406054 0.35464321
-0.59581576 0.71520127 0.32066472
0.03081677 0.8637648 -0.80745039
0.60766982 -0.26911548 -0.24873912
0.31973646 -0.05914688 -0.2401577
-0.07250773 -0.81640349 0.95308317
-0.40221537 -0.50918239 0.9484777
-0.36106105 0.27359778 0.12706174
-0.94952434 0.85557636 0.15662245
0.56791225 -0.64811765 0.18929206
-0.64594515 0.20181923 0.52719404
0.91663091 0.02198512 -0.92611821
-0.86518365 0.6720823 0.73257379
0.68630624 -0.96249819 0.42177098
0.55078402 0.343016 -0.83334008
-0.527942 -0.14944715 0.74037848
0.47290441 -0.52526582 0.14101682
-0.79078677 0.29803121 0.65025497
-0.51574354 -0.26372041 0.88082201
0.84973969 -0.05939469 -0.64547079
-0.53477835 0.28415353 0.32935744
0.30610351 -0.12789697 -0.16215312
0.66764755 -0.31864049 -0.31085956
0.55195101 -0.03513211 -0.45356958
0.54817868 -0.65983366 0.16696112
-0.77282175 0.72845547 0.4894467
-0.56129916 0.22271117 0.41411303
-0.77695384 0.84149881 0.01219221
0.39899682 -0.97322129 0.65262862
0.36674916 0.89843706 -0.99887755
-0.97533137 0.75235331 0.52194627
0.25647684 -0.72052017 0.84745165
0.82424595 -0.68649306 0.01106532
0.55699544 0.07533878 -0.56555594
0.44118249 -0.76744739 0.39277519
0.6865532 0.34322397 -0.96956518
0.99715975 -0.88261684 0.04125616
-0.11427111 -0.0930492 0.39884589
-0.50093116 -0.13630138 0.85240962
-0.46103342 -0.37283641 0.85618179
0.00984302 -0.69369043 0.71768571
-0.6956357 0.79419488 0.05663225
0.1810558 0.42504295 -0.50204501
0.88802887 -0.33067427 -0.47469445
-0.49460882 -0.02815651 0.95769973
-0.69613678 -0.14738962 0.93050461
-0.32507497 0.83148652 -0.41440102
-0.66488382 0.95346694 -0.18385237
0.69773535 0.24046607 -0.76525285
-0.94576081 0.11490666 0.87091753
-0.55555422 -0.04382715 0.66205829
0.80226785 -0.51253754 -0.17624668
0.7628546 -0.71062774 0.00331199
0.84729121 -0.94602764 0.1107507
0.6247618 -0.18151773 -0.29303981
0.76934433 -0.53938039 -0.19174638
0.25543888 0.84594623 -0.96121896
-0.54283349 0.32895554 0.2421601
-0.72671883 0.75212727 0.10547876
0.17274919 0.62564199 -0.78342321
-0.23735807 -0.60404294 0.87296947
0.11709038 0.44086009 -0.45389863
0.68248377 0.2071183 -0.85397203
0.28483719 -0.77654777 0.50070902
-0.81566118 -0.12539292 0.94217214
0.62072025 -0.06752284 -0.44164974
0.13684004 -0.73010854 0.87643869
0.35140078 0.02250652 -0.29375941
0.15990489 0.4366136 -0.50144631
0.43404273 -0.54780706 0.13904521
-0.53892534 0.08288932 0.49138719
-0.3530447 0.88225476 -0.46209661
0.71412327 -0.02905043 -0.59630765
-0.45301134 0.71090071 -0.12378624
0.55107037 -0.92809831 0.52511553
0.55586293 -0.90967336 0.65351747
0.72729723 -0.91409917 0.69200941
0.71964747 0.12578631 -0.62005262
-0.98580675 0.69292229 0.52822523
-0.01792076 0.20669605 -0.17035189
0.18532473 -0.34851403 0.18532958
0.39764648 -0.82182438 0.58424629
-0.33899801 -0.30941283 0.71738789
-0.31653651 0.08098962 0.27706135
0.65929284 -0.42189768 -0.19807134
-0.9908275 0.85335423 0.16936702
0.79772353 -0.36114444 -0.33861054
0.63339879 -0.37541263 -0.21654122
0.0591191 0.81545576 -0.53566792
-0.06520214 -0.08851041 0.16991206
0.37204498 0.58374548 -0.79746075
-0.09479131 -0.55729995 0.87808728
0.70048171 -0.9402579 0.3485977
0.50613686 0.46834956 -0.84392665
-0.48530002 -0.04323604 0.62392153
0.10353306 -0.67959692 0.84839235
0.69220764 0.14708484 -0.61578353
-0.01094039 -0.52103868 0.58879259
-0.49572984 0.91996967 -0.33672371
-0.80980458 -0.00471669 0.97701154
0.42817172 -0.41348515 0.06554904
0.96864418 -0.65530376 -0.24651744
-0.20054396 0.48062207 -0.21050691
-0.41120117 0.01323407 0.44005595
0.19859635 0.82776967 -0.90131442
-0.15855765 0.59723166 -0.36037038
0.98922363 -0.86882717 -0.00175513
-0.41931058 0.05788433 0.50494829
-0.22626447 -0.39049297 0.93050859
0.00251399 -0.60918142 0.93988402
-0.52320341 0.21292053 0.34152413
-0.83366633 0.10490906 0.79298231
0.90714614 -0.44302714 -0.36317604
0.99076705 -0.30958348 -0.56504704
-0.37798158 0.84961076 -0.38971705
0.34652623 -0.84991017 0.63801629
0.43549692 0.44046089 -0.72438693
-0.00911567 -0.70920127 0.72320219
0.84260253 -0.75653487 0.08603611
0.12988643 -0.2076588 0.0808548
0.70297056 0.11937803 -0.80793926
0.09020413 0.1555414 -0.21898517
0.28547736 -0.27448435 0.02219878
0.82939713 -0.72892489 0.18116661
0.12556148 -0.39418184 0.26873172
0.71672185 -0.30948419 -0.29058285
-0.46563408 0.35999792 0.19410959
-0.92770915 0.98736344 0.27372073
0.36654804 0.77704427 -0.97975361
-0.65980188 0.13227077 0.5737861
-0.36669597 -0.48585036 0.85341045
0.77339425 -0.75666224 0.38163194
-0.30819936 -0.09003614 0.40524927
0.91794595 0.04304417 -0.94807062
-0.85093756 0.277668 0.58030828
0.77958441 -0.27881118 -0.44821347
0.4164754 0.4927529 -0.65082257
0.40188889 0.15070335 -0.54399209
0.16470069 -0.32896976 0.27126711
-0.73929366 0.96366009 -0.20043583
0.05048255 -0.76295237 0.73922533
0.79784724 -0.44517138 -0.33884299
0.51059068 -0.79291917 0.42324653
0.91569791 -0.58394172 -0.26351825
-0.41278356 0.98100928 -0.53925335
-0.39051741 0.56271725 -0.11980858
-0.73740884 0.53645889 0.29547901
-0.63128732 0.87498814 -0.18247784
0.74471232 -0.23637559 -0.42200157
0.03393531 0.39015998 -0.41929894
-0.71630044 0.61710006 0.18430528
0.66424373 -0.99357528 0.56465424
-0.82461651 -0.00480777 0.89493862
-0.4639346 0.58129816 -0.10546369
-0.86795494 0.01378105 0.95193125
-0.69584023 0.5848226 0.50732698
-0.13716042 -0.55874778 0.71218017
0.09120186 -0.81914046 0.82888573
-0.68518776 0.23935472 0.49746936
0.28036903 0.53720004 -0.67623899
0.54774083 -0.75640908 0.2692474
0.01551688 0.50105288 -0.44733802
-0.62551565 -0.04445789 0.84432003
0.07183899 -0.72081079 0.83919232
-0.13223925 0.14570589 0.04425673
-0.18122247 0.67682277 -0.47258845
-0.60605651 -0.14021169 0.8734421
0.916282 -0.30751587 -0.46001332
0.70731042 -0.68853227 0.05733331
-0.90148188 0.69003301 0.22595889
0.39678179 -0.74170887 0.34591343
0.10927199 -0.4305954 0.32914576
0.31320393 0.41251373 -0.69763787
0.11639125 -0.56566403 0.45978034
0.53202016 -0.88812092 0.51244751
0.42134152 -0.08614324 -0.30381188
0.58321913 -0.70517657 0.23644313
0.82595141 -0.48104782 -0.12366737
0.12873412 0.41709167 -0.51750862
-0.52951775 0.22740109 0.3881602
0.81776169 -0.73154594 -0.04939734
0.28553577 -0.74565941 0.64277728
-0.66100381 0.70077579 -0.01336573
0.05268259 -0.25514176 0.24201918
0.02395326 0.93205 -0.86276895
0.85310753 0.12474164 -0.96611349
-0.39513586 -0.38732837 0.98789437
0.79327477 -0.90399507 0.25392263
-0.39723479 0.64180689 -0.19237095
0.03513245 0.48008037 -0.41681838
-0.69075734 0.95852091 0.03647138
0.04289241 -0.88766991 0.99636579
-0.52912414 0.0338765 0.54884988
-0.31565422 0.38313536 0.03281785
-0.50613301 0.38647674 0.12817312
-0.94993133 0.84460443 0.18399956
0.31186509 0.26999596 -0.5060383
0.96874254 -0.00795746 -0.74954853
0.82037052 0.38841565 -0.99515495
-0.8289183 0.80845995 0.42489918
-0.21548093 0.47381784 -0.21818135
-0.06490092 0.99392805 -0.81099592
-0.48747395 0.23053519 0.29593837
0.38852474 0.24807975 -0.54822687
-0.80324645 -0.06628024 0.90420724
-0.80711826 0.06158879 0.84209339
-0.42619956 0.85791822 -0.33077581
-0.94128068 0.23667659 0.87304175
-0.36499405 0.48364555 -0.04977517
0.66078342 0.51115688 -0.73488074
-0.32378011 0.72001507 -0.34769337
-0.79122888 0.203511 0.66820706
-0.10572926 0.34311635 -0.17922207
-0.93702164 0.53566856 0.44073124
0.66759056 -0.63569226 0.19215686
-0.32356738 0.29855098 0.02923185
-0.9379946 0.71097087 0.39136695
-0.35056021 0.25610516 0.19372814
0.50048853 -0.4904924 0.02540274
-0.80337711 0.52159183 0.40583358
-0.24482444 0.83751342 -0.54366168
0.15577653 -0.9823789 0.82743272
-0.02367429 -0.71296101 0.99271942
0.6117358 -0.97410847 0.57542441
0.2061431 0.47343307 -0.61949143
0.12651018 0.0118416 -0.12257609
-0.30813453 0.74736849 -0.43165698
0.00496435 -0.78044369 0.82447036
-0.17251955 0.92074463 -0.72633348
-0.01256452 0.57735363 -0.52211773
-0.51254999 -0.31790887 0.94811797
-0.84119314 0.12128908 0.75870415
-0.87127071 0.09182874 0.79837165
0.36201413 0.49994859 -0.73990786
0.47189989 0.55457573 -0.91899187
0.46172006 -0.71690686 0.32727161
-0.43972612 0.05069899 0.44711701
0.7366078 -0.91459752 0.25685609
0.96105607 -0.8152678 -0.05491238
0.28786035 0.38196623 -0.49365493
0.86025331 0.07748928 -0.84480843
-0.25904543 -0.57021986 0.86759843
0.6918451 -0.60564768 -0.01021338
0.48003086 -0.09967859 -0.31368692
0.26437164 -0.74261206 0.56340021
-0.38146085 -0.20880303 0.84445919
-0.00465503 -0.56120129 0.59872782
0.59486518 -0.71722645 0.25084283
-0.35334445 -0.54442255 0.9348944
0.99184989 -0.22126542 -0.6796135
-0.22323496 0.88985813 -0.57425059
-0.93118335 0.93462418 0.35868906
0.54793587 -0.71038962 0.26676184
0.12184795 -0.81631251 0.78918918
-0.91483963 0.06040696 0.92446799
0.02641421 -0.89280174 0.94824917
0.05780426 0.4969275 -0.480013
-0.152742 0.32190048 -0.14080052
0.92934133 -0.99697344 0.33041828
0.03573437 -0.86496183 0.83005447
-0.4220567 0.41265379 0.18784623
-0.40241929 0.94368295 -0.26532705
0.02233251 0.59007715 -0.51109748
-0.38497067 -0.20506878 0.61890191
-0.70378442 0.28759335 0.62364254
-0.44286912 0.13955327 0.30908026
-0.7904019 0.65120181 0.25308255
0.18314793 -0.78938487 0.67241026
-0.55552679 0.86141273 -0.10007273
0.98605143 -0.50350384 -0.47526704
-0.04211156 -0.79344705 0.85273393
-0.4852673 -0.13963858 0.670769
-0.96104692 0.12717187 0.98111558
-0.97872824 0.98873327 0.11507053
-0.2650835 -0.58482448 0.86419584
0.82781547 -0.53593002 -0.28019471
-0.4626133 0.98768983 -0.30174329
-0.79735639 -0.03096762 0.8426171
-0.59719825 0.67005616 -0.01858599
0.08445376 0.29280125 -0.32689068
0.28965844 -0.75019327 0.48255209
0.36450111 -0.07037923 -0.24502904
0.99911412 -0.66868806 -0.21977276
-0.1915748 -0.43617509 0.84456242
-0.08185097 0.46672203 -0.33446556
0.52926563 0.17519234 -0.65306534
-0.1323716 0.82074035 -0.63315584
0.39037615 -0.42879373 0.08230888
0.96525592 -0.78614421 -0.17341218
0.29943435 -0.95261178 0.76392283
-0.00425007 0.62460625 -0.60646514
0.01358448 0.80424924 -0.51078106
0.06503445 -0.56877428 0.7442113
-0.09646148 -0.80626387 0.99754838
-0.29968801 0.01934962 0.3733336
0.07343288 0.46102673 -0.51196596
0.98928596 -0.7147598 -0.24605278
0.97389874 -0.6504597 -0.27304998
0.18826223 -0.50693885 0.36459127
0.83164009 -0.79631644 0.00859326
-0.67966005 -0.03717383 0.72348731
-0.41892237 -0.33420082 0.85508909
-0.40552979 0.39622683 0.05252172
0.46468188 -0.98895741 0.56459902
0.21308343 -0.86964686 0.94498766
-0.5857946 0.28185896 0.67800706
-0.07297373 -0.75063789 0.87258612
-0.1108853 -0.71344718 0.92916419
-0.60242342 0.66335737 0.08919169
-0.89811236 0.75688161 0.17007323
-0.57983459 -0.30517535 0.97394271
-0.83832962 0.76339256 0.12561903
0.90455781 -0.41505131 -0.23345238
-0.72005401 0.01160991 0.9886935
-0.20282662 -0.32482779 0.76916184
0.13760826 0.48574426 -0.56858686
-0.14511981 0.85612419 -0.56013062
-0.60245758 0.26427851 0.46693103
0.7454824 -0.71696848 0.04465187
-0.76727916 -0.15017958 0.96192465
0.86061358 -0.82584023 -0.0132375
-0.45073399 0.076336 0.47524017
0.6621893 0.35367671 -0.95780074
0.65688829 0.27170338 -0.78520907
0.2581496 0.49194565 -0.65489169
-0.80549499 0.40568169 0.48508678
0.73038254 -0.25731819 -0.43708445
0.55387033 0.46527358 -0.87660941
-0.14119571 -0.15340412 0.4019802
0.49567941 0.31717099 -0.71095488
-0.86082371 0.56503889 0.49228211
-0.96194052 0.77490091 0.20851264
-0.46886991 -0.14167768 0.63219711
0.89693166 -0.1647816 -0.65316728
0.70670904 -0.01122524 -0.65626762
-0.49006263 0.04624912 0.49919931
0.96517001 -0.53355381 -0.34521454
0.17391015 -0.9665342 0.86228302
-0.57896339 0.62572991 0.0660594
0.63174462 0.27857319 -0.74711651
0.47035678 -0.63414915 0.4782977
0.9156859 -0.52566858 -0.01207788
-0.18495421 0.67418676 -0.36491431
-0.26062649 0.79866077 -0.37159976
-0.04530216 -0.60078723 0.76332429
0.32041611 -0.30095615 0.0006388
0.46770273 0.21826109 -0.64700265
0.64047148 -0.39771498 -0.10679979
0.83216513 -0.13900011 -0.58039858
0.95709189 -0.25166447 -0.58399475
0.68509435 0.24834421 -0.81844446
0.69221888 -0.14609776 -0.53917982
0.59649551 -0.9820861 0.69007922
-0.82398325 -0.02056341 0.90130042
-0.07855812 0.79054894 -0.65876421
0.02297536 0.25486052 -0.27447639
-0.13747521 0.94197676 -0.6090462
0.10732722 -0.54487733 0.52983236
-0.19450302 0.21720265 -0.01336007
0.83885995 -0.08939603 -0.68627078
-0.18502694 -0.69807806 0.94508882
0.18153804 -0.55023833 0.84354518
0.84729031 -0.56682418 -0.16841571
0.09206406 0.63739912 -0.63548428
0.36105903 -0.96830526 0.61665115
-0.45095606 0.0557792 0.54279927
-0.91477931 0.8160483 0.28951093
-0.76830331 0.1942515 0.87388823
-0.10548121 -0.78125669 0.91133167
0.78217364 -0.91005707 0.34756683
0.827221 0.09715649 -0.62115947
-0.09284852 0.55257007 -0.45381244
-0.1957924 0.76514901 -0.52901431
0.06689856 -0.66399893 0.63455223
0.58964653 -0.30407915 -0.22067865
0.46683249 -0.05042097 -0.35306744
-0.46061055 0.81839841 -0.34539687
-0.09761804 0.50909776 -0.39436145
0.60328614 0.21331413 -0.76094904
-0.68302718 0.85692974 -0.07017196
-0.38267181 0.67801579 -0.0569021
0.15822539 -0.84102312 0.70492048
-0.11274011 0.69674477 -0.34906694
-0.74763771 -0.16530635 0.94161875
-0.11316818 -0.39496263 0.60955946
0.19418525 0.66028734 -0.81500892
0.72048391 -0.70910188 0.2580122
-0.36838264 -0.39660777 0.92981605
0.32106105 0.23207911 -0.40534693
-0.74780484 -0.06768059 0.86197113
0.44947553 -0.67358472 0.24951882
0.43393717 0.06951477 -0.46748779
-0.94549153 0.53720104 0.43871648
0.74068489 -0.32821075 -0.35895378
0.5134457 0.01516237 -0.51774193
-0.62130182 0.04738428 0.88121414
0.29192384 -0.2160917 0.05466313
0.70183297 -0.05890827 -0.57246942
0.09268937 -0.69543175 0.64812205
0.55584053 -0.55731565 0.09121414
-0.7853068 0.87648041 0.00652261
0.89367379 -0.92744576 0.11736876
-0.81376472 0.44739468 0.50284198
-0.52627613 0.06791639 0.56347382
0.53509983 -0.65700776 0.15132831
-0.08059753 0.69781819 -0.6018243
-0.16117231 -0.41514772 0.63375351
-0.13103983 -0.44200271 0.75025834
-0.27706594 -0.49538054 0.99506594
-0.08067695 0.97801773 -0.88602817
0.84679857 -0.59340361 -0.25045811
0.04448838 0.93744249 -0.86938574
0.88234945 -0.40673489 -0.26627456
-0.89920133 0.48136193 0.50649133
0.55466383 0.10755331 -0.56637684
0.96038497 -0.98952554 0.49720727
0.37030164 -0.82409768 0.45518106
0.56464557 -0.36521788 0.01210772
-0.5779015 -0.22623347 0.83166648
-0.52317783 0.94347319 -0.38168396
-0.56209363 0.62727193 0.08180739
-0.00881158 -0.45661501 0.67305734
0.75631758 0.17095358 -0.79684809
0.18781684 0.54159505 -0.6770216
0.24220859 -0.23030215 0.02744521
-0.36861341 0.93877596 -0.15689343
-0.96495544 0.93671629 0.07389824
0.13037549 0.78392501 -0.7950804
-0.94788919 0.9792509 0.00204628
-0.14227968 -0.55955391 0.78241026
-0.06762196 -0.57062044 0.78752201
-0.68125611 0.55312564 0.14875758
-0.23453998 0.74236922 -0.27368125
0.03690033 -0.85347484 0.84361922
-0.09115169 -0.46576817 0.5960638
0.93308056 -0.91910413 0.32728347
-0.02657901 0.82154718 -0.69446857
-0.94838012 0.60534754 0.35505772
-0.52863976 -0.36645737 0.92776628
-0.01718835 0.61450604 -0.54898716
0.04685596 -0.49704096 0.52668651
-0.91705537 0.28596975 0.75650459
0.99027312 -0.6756825 -0.26613879
-0.53351237 0.15951453 0.38663817
-0.62469568 -0.34559212 0.97731786
0.05188405 -0.87005767 0.91257149
-0.6507649 0.02795702 0.64345896
0.62263424 0.15861091 -0.54088247
0.9331974 -0.1727696 -0.5990724
0.31749141 -0.89699085 0.72534196
-0.62648886 0.94739541 -0.26532445
-0.92121544 0.39569961 0.75561077
-0.63136804 -0.19815272 0.86277083
-0.30123745 0.65703051 -0.35275721
0.23227009 0.40593733 -0.63547816
0.18809623 0.24904828 -0.36059667
0.64206104 0.3911787 -0.7094462
0.2753185 0.27287463 -0.48767677
0.65174025 0.01820457 -0.60082096
0.22311972 -0.23531196 0.08400095
-0.87406431 0.6909477 0.21984106
0.06759073 -0.47726595 0.43518185
-0.40097506 0.07920516 0.53303751
-0.63242765 0.75073657 -0.07279873
-0.86548883 0.33792146 0.85933127
-0.66835156 -0.21797468 0.90208562
0.6190669 -0.84387365 0.32165212
-0.65996417 0.71940032 0.04766602
-0.35991226 0.25616152 0.21442979
0.27562291 0.81324851 -0.90259996
-0.73869783 0.5468205 0.24023187
-0.66867114 0.88615063 -0.20032012
0.29596221 -0.13549835 -0.09027799
0.64173136 -0.83634281 0.28571588
-0.60905019 0.3698478 0.37926702
0.37757009 -0.54894119 0.17224892
0.25227666 0.98461542 -0.93633214
0.11890331 -0.78715668 0.70609894
0.07713016 -0.83913171 0.84601662
-0.74345031 0.32111119 0.56312966
0.78687055 -0.43507166 -0.322029
0.65616746 -0.62027777 0.064285
-0.25500287 -0.1030895 0.40062385
0.57176084 -0.02271836 -0.48689094
0.63610667 -0.78650601 0.20181538
-0.6191618 0.20079976 0.49827128
-0.46680075 -0.35534825 0.84282192
0.00176683 -0.66077456 0.66105158
-0.69047204 -0.0315943 0.98051262
0.28054787 -0.37269756 0.11169154
-0.54595511 -0.21168203 0.79235881
0.72203629 -0.66851837 0.14293031
0.11193055 0.89482293 -0.83392227
-0.60175635 0.42299271 0.2527927
-0.47014005 0.68436622 -0.17137776
0.69924655 0.2462178 -0.91998473
-0.75520779 0.12771711 0.73776208
0.08045325 0.9596086 -0.97300238
-0.39672375 -0.1688656 0.61936068
0.48026701 -0.91602355 0.49110311
0.53874883 0.22048166 -0.753731
-0.40903854 -0.03117265 0.61763975
0.86829354 -0.18686914 -0.57067786
0.56293558 0.76003688 -0.97442324
-0.27469855 0.6218937 -0.21217516
-0.48864418 0.9532741 -0.44517161
-0.74334975 0.99955403 -0.24906515
-0.67263733 0.7595107 -0.0088405
-0.10849082 0.4558195 -0.28250987
-0.41634118 0.67684614 -0.1351682
-0.48789038 0.90515188 -0.34153081
0.51081458 0.1261798 -0.60778351
0.5669125 -0.95130263 0.42201041
0.51255654 -0.87930748 0.41909427
0.7064145 -0.81666766 0.12157677
-0.97369488 0.42374098 0.58679893
-0.20150338 -0.36989832 0.7778291
-0.69017637 0.32917755 0.61440555
0.47334172 -0.78229073 0.57801419
0.39942013 0.55638657 -0.90941908
-0.59869549 0.91662186 -0.09550712
0.5998228 0.17728511 -0.75974487
0.11239255 0.86184603 -0.95226807
0.4014864 0.62056415 -0.85084113
0.33812949 0.1527288 -0.47453679
-0.63981108 0.37025303 0.45719675
0.0269822 0.78015969 -0.52919026
0.98580699 -0.00760317 -0.95710217
0.16490201 -0.86306854 0.75444128
0.20996291 -0.90991711 0.81048194
0.77933265 0.07983639 -0.81911069
0.46334503 0.34467543 -0.6595079
0.66216361 0.14198456 -0.71795176
-0.62789233 0.03427688 0.66653608
-0.42603652 -0.28893066 0.78322315
0.76663883 -0.89749113 0.14033056
-0.22179175 -0.10922278 0.36914508
0.6717756 -0.70717239 0.06135634
-0.62557476 0.78206046 -0.01357418
-0.69020522 0.54930441 0.14901615
0.75136158 -0.87048114 0.37563519
0.50324615 -0.84848906 0.4149936
-0.62212202 0.06273756 0.81613496
0.2864774 0.8963428 -0.99499402
0.26204357 0.12361005 -0.3813951
0.56530249 0.64938831 -0.96256259
-0.1121011 0.40409085 -0.27136647
0.17981059 0.8854207 -0.87781449
0.47098293 -0.96919008 0.50692256
0.0371797 -0.12442657 0.15139433
0.1335927 0.80528898 -0.72016103
-0.76464833 0.70260797 0.1456973
0.47220383 -0.53425529 0.11471509
0.06513489 0.87884858 -0.86378742
-0.8728225 0.74048507 0.63984576
0.1350848 -0.43260084 0.62791174
0.94920555 -0.97980121 0.16490364
-0.01632549 -0.8189419 0.86711753
-0.94186389 0.93403699 0.06196099
0.31584236 -0.606038 0.31718106
0.02429795 0.97163221 -0.94670718
0.96654379 -0.63351478 -0.32056417
-0.66175363 -0.24788701 0.9245301
-0.18947442 0.03793431 0.21743204
0.0288261 0.72497291 -0.4594795
-0.5143294 -0.2170805 0.78199896
0.89684144 -0.55276144 -0.24044822
0.2457251 -0.29477963 0.08609009
0.15475338 -0.74649546 0.60193488
0.74582986 -0.27557994 -0.40786172
0.57852683 -0.92920949 0.35409828
0.74087992 -0.27875451 -0.40199439
0.62777228 -0.24494682 -0.29855855
0.61609005 -0.62543314 0.03290672
-0.94981998 0.2284885 0.74457399
-0.14637665 -0.56008734 0.74873751
-0.20431612 0.95504317 -0.65037149
0.13456171 -0.6427908 0.59941213
0.70391573 -0.17454072 -0.38267797
-0.66265942 0.14692851 0.52260423
-0.02151754 0.86300793 -0.69486253
-0.55752343 -0.31203381 0.87640999
0.13393181 -0.43806068 0.34693725
-0.63504691 0.18419831 0.58436859
0.70802717 0.2229907 -0.86870444
0.17634909 0.60448336 -0.64730968
0.38023802 0.6380171 -0.92626898
0.772262 -0.27486354 -0.49553705
-0.0157636 0.72321477 -0.53916893
0.03484838 -0.73295983 0.72367654
0.20809987 -0.76658606 0.7361763
0.44898924 -0.36948406 -0.01966362
0.13949039 0.7155949 -0.80486961
-0.84727 0.69466745 0.26550523
-0.10988381 -0.10135062 0.27070233
-0.06354277 0.47177477 -0.40339678
-0.86588668 0.41291456 0.99418891
-0.29759748 -0.55495695 0.90763455
0.74845859 0.20220954 -0.86788819
-0.86580296 0.84950337 0.0542202
-0.42099013 0.1775069 0.34528058
-0.85502681 0.80278258 0.17730022
-0.40324199 0.78507095 -0.19892868
-0.73312208 0.56828894 0.2883568
-0.23876408 0.54115465 -0.24558674
-0.44952164 -0.44352976 0.91603234
0.8599582 0.00945945 -0.83571177
-0.88988843 0.55073153 0.44799286
0.27076001 0.38553776 -0.47852838
-0.41489373 -0.54980582 0.96700466
0.52444447 -0.95548796 0.57466778
-0.49606058 0.75300205 -0.24938206
0.18318173 -0.81495924 0.70320185
-0.1281402 0.63996598 -0.51172058
-0.08387498 0.93940615 -0.76869414
0.82172611 -0.34295683 -0.4756995
0.54573106 0.25014295 -0.77295039
0.32787729 0.5588136 -0.76094302
0.36132935 -0.20886931 -0.01255187
0.31875368 0.28848483 -0.40706217
-0.76048499 0.38529165 0.86557602
-0.10093088 -0.29324769 0.39906733
-0.24703395 -0.4375066 0.76739973
0.18649197 0.46952964 -0.41494386
0.90197648 -0.78830729 0.02440407
-0.51202885 0.71078614 -0.13726512
-0.84261328 0.4880527 0.80029045
-0.59787622 0.66850893 0.07911453
-0.44909413 0.68044202 -0.18486753
0.19049666 -0.60600858 0.4689049
-0.03890035 -0.29600397 0.33878923
0.69695639 -0.84608001 0.35469172
-0.65412992 -0.10651309 0.98816224
0.19700976 -0.40256277 0.24222693
0.19661907 -0.51690245 0.46140556
0.89977838 -0.51729985 -0.31753903
0.19595914 0.63132288 -0.74416237
-0.51156559 0.09036015 0.45452992
-0.63099294 -0.30679077 0.98379284
-0.54160745 0.8084966 -0.15468989
0.15360992 0.68498112 -0.74985682
0.42455979 -0.91522137 0.81254324
0.02515495 0.24722625 -0.2188335
-0.51955367 0.24855858 0.29850627
-0.48723243 -0.12836308 0.75724845
0.84229656 -0.55312696 -0.24800291
0.31905331 0.38585898 -0.66513263
0.45842572 0.70295253 -0.96622206
0.13790303 0.78321457 -0.81123605
0.79986015 -0.73340993 -0.01747762
-0.78887906 0.67859125 0.3189319
0.91842271 -0.07075976 -0.79715704
0.45085866 -0.63853781 0.20283883
-0.24741247 0.50645476 -0.13583282
-0.32990583 -0.28274733 0.81721402
-0.82200287 0.6218663 0.36208099
0.16008097 -0.42628199 0.29313467
0.32545893 -0.76892764 0.60647614
0.54023918 0.43595642 -0.76215976
-0.67797139 0.76798562 0.05273344
0.03819973 -0.6997814 0.86749744
0.32905293 0.46949077 -0.6021995
0.46744476 -0.98614146 0.92218015
-0.32137402 0.44831982 -0.02309669
-0.20372851 -0.55579529 0.90934679
-0.90024577 0.3670854 0.53760118
-0.510964 0.34982 0.19590084
0.86223425 0.27219627 -0.88343273
-0.88031636 0.43987109 0.60726666
0.99490658 -0.87027316 0.19925892
0.3170829 0.65289574 -0.93542247
-0.7419516 0.93612897 -0.1035442
0.51828457 0.22101478 -0.69555467
0.6058695 0.43859153 -0.76024055
0.06821519 -0.42223254 0.44307029
0.15559528 0.84351367 -0.92358316
-0.53423083 -0.20515375 0.79454955
-0.56859313 -0.24061879 0.88627639
0.50307969 0.46514566 -0.6439336
0.95105382 -0.80031358 -0.12872177
0.29119673 0.24409621 -0.52118815
-0.43905389 0.91537387 -0.32884401
-0.61862366 0.2723797 0.39651413
-0.42928978 -0.10368488 0.53727485
-0.39981227 0.72763627 -0.2012123
0.12542037 -0.5986448 0.5775799
-0.30041748 -0.61570587 0.96280501
0.79254812 -0.87698813 0.18699932
0.1094568 -0.54529689 0.67674013
0.97152452 -0.76016567 -0.0234693
0.02662942 0.7287057 -0.73481683
-0.93789422 0.52866368 0.41706234
0.46707881 0.35648503 -0.78727319
-0.48842778 0.6563753 -0.16435265
0.37951063 0.30019566 -0.60738685
-0.88428046 0.13016581 0.82310861
0.83373313 0.30822379 -0.96056884
-0.48993537 0.24280002 0.44481291
-0.20285007 0.99914537 -0.72980384
-0.7541094 0.61539816 0.29843145
-0.79639671 0.35491769 0.86839198
-0.87445027 0.76163101 0.23027932
0.46475092 -0.06256102 -0.34685897
0.90681929 -0.3936325 -0.44228319
-0.28101114 -0.413538 0.74449857
-0.92308037 0.70575784 0.41698029
-0.7841082 0.74483865 0.12951121
-0.77679186 0.17665157 0.60129843
0.73409558 -0.90643672 0.46071129
-0.20962784 -0.38510446 0.78736503
0.48828103 -0.6916153 0.2034501
-0.03081125 0.89418448 -0.78031613
0.01017442 -0.77571246 0.90944791
0.43839966 -0.72315272 0.36232451
0.20190781 -0.87544534 0.68585958
-0.12426087 -0.70069079 0.89743822
-0.43402246 0.5938317 -0.06896017
-0.57855895 -0.26655992 0.86696276
0.1960431 -0.94618798 0.8730383
0.14284601 -0.15206856 0.01681707
-3.12425971e-01 2.12201220e-04 4.11683341e-01
-0.03613068 0.56073312 -0.39039038
-0.61582313 0.81103287 -0.07900742
-0.62931423 0.05935942 0.64113243
0.34859127 0.69039514 -0.95215047
-0.32687758 0.43642561 0.13856754
0.34981291 -0.00558498 -0.27810996
0.84532135 -0.7033385 -0.05158582
0.20945557 -0.70026234 0.54109483
-0.88795558 0.03816305 0.85464927
-0.92536199 0.66939519 0.40745378
-0.75942139 0.07609241 0.72929386
-0.56644662 0.69238399 0.12067619
0.84610346 -0.07851981 -0.75570823
-0.45769541 0.7990416 -0.23362355
0.4752466 0.52859561 -0.73608251
0.36858265 -0.45052644 0.08267983
-0.28077006 0.85156609 -0.42907336
0.55154125 -0.51294462 -0.01692751
-0.6331294 0.23450234 0.65808587
0.09871509 -0.74507806 0.70088396
-0.82343542 0.71226729 0.12209845
-0.76864091 0.28793119 0.51062983
-0.21875332 0.66094618 -0.39253448
-0.26166307 0.49453557 -0.23263134
0.0848471 -0.78481314 0.70563781
0.0722852 0.59038755 -0.46677795
0.93040635 0.14185086 -0.82747437
0.43003248 -0.15463058 -0.08212126
0.05326003 0.35679433 -0.32995577
-0.71049475 0.70091405 0.03151524
-0.14149129 -0.43284854 0.57973881
-0.45948758 0.50126332 -0.03439668
-0.5420521 0.95558529 -0.19225402
-0.87730534 0.20628847 0.77073868
0.81084686 -0.21355474 -0.38614885
-0.53744969 0.19487782 0.41795683
0.69411 0.39428017 -0.76787019
0.84807451 -0.33565011 -0.45602438
0.92337103 -0.17535212 -0.53520092
0.96653815 -0.18157481 -0.69592417
0.65451083 -0.27600043 -0.36191708
-0.56685511 0.45339215 0.23509639
0.05348294 0.61906969 -0.65808387
-0.83427097 0.51978324 0.46807669
0.05040081 0.52547452 -0.572654
0.46075587 0.26751768 -0.57672858
-0.6749094 0.85643149 -0.06922419
0.35471878 -0.19576615 -0.15570348
0.10626939 0.51480752 -0.61513195
-0.51377259 0.91294493 -0.1468259
0.21423429 0.55808917 -0.72361813
-0.60541828 0.97143304 -0.26975741
0.93679068 -0.8544191 0.1444133
-0.93069649 0.61987667 0.42212165
0.32064962 -0.56550784 0.24888271
-0.05149461 -0.55497868 0.74483075
-0.72763125 0.8999536 -0.06237085
0.53731204 0.05753149 -0.34181009
-0.59241707 0.52660087 0.10827384
0.92811117 -0.96325486 0.08168805
0.44405599 -0.81996841 0.52811135
-0.18991035 -0.08262024 0.27438466
-0.77069429 0.62290627 0.22413651
0.26864508 -0.81832461 0.66559819
0.06551085 -0.60393648 0.78990459
0.71150273 -0.10388949 -0.59714187
-0.51177444 0.23038453 0.28746589
0.76388227 0.05992385 -0.7562271
0.33480633 -0.2966566 0.00446627
0.91322941 -0.59043695 -0.23024469
-0.8111055 0.43092763 0.4894112
0.67745752 -0.2295748 -0.39097301
0.44742014 0.21051071 -0.65285077
-0.93858174 -0.04509849 0.99885304
0.31236066 0.29809739 -0.59656837
-0.12468091 0.14621139 -0.01897121
0.41169619 -0.80177203 0.4669933
0.3837528 -0.56572709 0.21200406
-0.88340679 0.54089368 0.59501613
0.85070473 -0.6660117 -0.0650028
0.46880984 -0.50561921 0.14885563
-0.21657548 -0.16526207 0.40318178
-0.84048071 0.90075859 0.05907198
0.80269619 -0.74912801 0.06985217
0.48428601 -0.63703731 0.28212327
-0.81006431 0.40519763 0.42530251
0.69675914 -0.01688911 -0.58510625
-0.00834264 -0.65494081 0.69330595
0.9126356 -0.79811459 0.07608126
0.19471873 -0.91017396 0.7849993
-0.787916 -0.01092617 0.8566876
0.47855247 0.13752153 -0.53950061
0.00363089 0.85002999 -0.78167021
0.09418202 -0.61265187 0.85085302
0.12038277 0.92635502 -0.93421837
-0.95769999 0.1582706 0.81558696
-0.19322403 -0.18657134 0.51885048
0.75339799 -0.43479636 -0.29931874
0.71791775 -0.99600632 0.28899745
-0.66400046 0.10320471 0.56792477
-0.93174384 0.44290848 0.86516519
-0.77203514 0.27229267 0.67598065
9.35790998e-01 1.47399900e-04 -7.16859411e-01
0.5884716 -0.52151432 -0.06437977
0.2623122 -0.95752908 0.74705208
-0.61788539 0.71957237 0.00943642
0.53179817 0.24064964 -0.67192828
-0.72685247 0.49352228 0.43144223
0.74737416 0.28286086 -0.9298102
-0.60162003 -0.26001947 0.87681436
-0.7250077 0.8048574 0.06054794
0.90657798 -0.82168171 0.09592631
0.62255859 -0.74151641 0.22774436
0.38835496 0.11858065 -0.25759925
-0.89536106 0.87578614 0.11530645
-0.01762516 -0.4322618 0.4744603
-0.31199226 0.62445905 -0.08789871
-0.95173404 0.55273716 0.65076477
0.06558975 0.72131545 -0.72074628
0.37543132 0.2610017 -0.51472606
0.09124222 -0.89023506 0.88497938
-0.686812 -0.11309947 0.89270617
0.97069027 0.11020259 -0.94048129
0.9350119 -0.18383044 -0.66731475
0.69246182 -0.71135913 0.04982843
0.12022191 -0.64601288 0.78421328
-0.26075762 0.63022961 -0.32699753
0.06510206 0.20488847 -0.26171906
0.6600631 -0.31436131 -0.1891119
0.41536104 0.38157806 -0.70648831
-0.60171421 -0.10561077 0.80078159
0.58687785 -0.91418002 0.36450322
-0.94042336 0.64944873 0.51934133
-0.10113517 -0.29694629 0.41312992
0.73338106 -0.03100138 -0.58209852
-0.94484854 0.84789724 0.72134565
0.63162107 0.60412116 -0.86782751
-0.3319484 -0.55019186 0.89638381
-0.11559394 -0.08023562 0.2547582
-0.88759327 0.74285522 0.40758193
-0.77285372 0.60020059 0.2098818
0.27724652 -0.97449729 0.80201463
-0.05411503 -0.02475649 0.09060858
0.72800799 -0.93967942 0.37138203
-0.99434924 0.57532821 0.75304706
-0.05930971 -0.12960767 0.25671703
-0.78738822 0.49874202 0.28870547
0.55862065 -0.77514455 0.62467981
-0.66043202 0.72956293 0.08279271
0.60543734 -0.88833061 0.32420951
-0.56989837 -0.33134656 0.92717026
0.68687039 -0.62984876 0.2261011
-0.81001236 0.67767672 0.18417518
-0.03569519 0.94317659 -0.79065828
0.33137256 0.56891365 -0.87894733
-0.44993984 0.92578292 -0.34282127
-0.00190729 -0.77916118 0.99799061
-0.71960745 0.96142175 0.11138938
-0.24104304 0.99965934 -0.50953582
0.23156209 0.26278155 -0.45866737
0.59870831 -0.05975195 -0.50919172
0.63337652 0.2258432 -0.82856467
0.71358603 -0.70413588 0.20489427
-0.26863886 -0.61144849 0.94477472
-0.03364432 -0.18351137 0.24598689
0.34250072 -0.42266293 0.13832244
-0.32079438 0.24685448 0.2666026
-0.76784645 0.10907382 0.84438193
0.37495359 -0.96433474 0.80513217
-0.84678615 0.30926357 0.83119422
0.1580752 -0.80411295 0.92637079
-0.66088014 0.26582504 0.57351077
0.22306089 -0.05348801 -0.11317
-0.56230511 0.40193628 0.28264909
0.388984 -0.86145248 0.70024042
0.69632754 0.33621176 -0.89538891
0.25315353 -0.40914504 0.15632095
-0.4447222 -0.13447928 0.73100537
-0.50719049 -0.25031239 0.88107043
-0.22106779 -0.39956544 0.79981932
0.94973844 -0.15669595 -0.7797708
-0.05373872 -0.55133131 0.62397976
-0.2522068 0.71800879 -0.41128842
0.19530122 0.68148282 -0.77198227
0.13796159 0.02448729 -0.13355486
-0.31305619 0.89855233 -0.55760691
0.55717621 -0.53936446 0.03718997
0.83507428 0.43241511 -0.97262771
0.44963447 0.42111452 -0.86285318
0.29761473 -0.67753883 0.50272877
-0.00451869 -0.46628443 0.7434211
0.2867373 0.13640007 -0.34287544
0.97195584 -0.11379037 -0.73072284
-0.14146994 -0.48839817 0.65890055
0.35715272 0.3633563 -0.58102834
-0.36771875 -0.48250432 0.95865889
0.01653566 0.7351677 -0.61167283
-0.65766129 0.50140299 0.1563896
-0.12302773 0.98540056 -0.81469909
-0.8236077 0.75456501 0.07687705
-0.64020879 0.78075834 -0.12136587
-0.19297969 0.86282532 -0.46668852
0.52112378 -0.38536856 -0.0605286
0.61511999 -0.40569261 -0.04860349
0.62334575 -0.66419924 0.08055987
0.37354034 -0.41489978 0.09879551
-0.97117837 0.66491657 0.60562585
0.18165364 0.34201791 -0.50095704
0.15971201 -0.82766988 0.78418434
0.55653646 0.29567692 -0.83000093
0.28188698 0.40006091 -0.61450042
-0.89125763 0.97239602 -0.04958766
0.46984116 -0.46757651 0.10061152
0.75303461 -0.10400746 -0.60022414
0.36715691 -0.79249028 0.93169267
0.09842448 -0.44972449 0.38550761
-0.14990139 0.5638649 -0.37510977
0.67867385 -0.32299872 -0.17058294
0.40265562 0.12107323 -0.27258607
-0.64416371 0.74355824 -0.08583634
0.49220726 0.21617864 -0.5089553
0.89165264 -0.06059134 -0.81502932
0.16827805 0.81150124 -0.80724382
0.92139173 -0.94697049 0.53793757
0.43201937 -0.77903684 0.35508399
0.86480196 -0.60960145 0.08436876
-0.94644972 0.65865247 0.37724104
-0.26564654 -0.26578172 0.6041412
0.88912236 -0.66669839 -0.07475969
-0.01652037 0.85628838 -0.60965244
0.26395238 0.61962741 -0.74720888
-0.92548781 0.4135378 0.62882117
-0.50853457 0.85938536 -0.32742619
-0.15881195 0.3170245 -0.09793379
0.52740209 -0.26537323 -0.19747181
-0.94319444 0.66716657 0.79046111
-0.12253473 0.71904876 -0.48543303
0.62176796 -0.01916824 -0.5788307
-0.77189709 0.94015132 -0.09959866
0.48506378 0.25852946 -0.71427274
-0.52162598 0.16365627 0.52546049
-0.57369791 -0.17778398 0.7799136
0.85204647 -0.14059072 -0.66774341
0.4343563 -0.70137497 0.41498121
-0.54348337 0.12553474 0.47670844
-0.97575815 0.13345049 0.97974273
-0.00143606 -0.4514353 0.86389328
-0.15251863 0.70517455 -0.3546595
0.29624125 -0.66603654 0.67642947
0.71284964 -0.7786357 0.62983165
0.30802699 0.51474712 -0.76405071
-0.75306186 0.37593653 0.61454821
-0.6035749 0.60227328 0.07350846
-0.81035421 0.40527309 0.42609812
0.83095382 -0.78896147 0.00410978
0.71131103 0.20253041 -0.81288681
-0.88593501 0.71777644 0.27279598
-0.45752783 0.4517475 0.02857283
0.85793274 -0.41732068 -0.43783181
-0.395566 0.92927065 -0.41714609
-0.01314187 -0.65301931 0.74806612
0.10552676 0.73000084 -0.64075905
0.94564598 -0.31012201 -0.42514522
-0.68182084 0.06713086 0.62218963
-0.44937056 0.86714988 -0.40046497
0.68647539 -0.9646208 0.2874437
-0.23345831 0.93567336 -0.54994097
0.63608113 -0.54140417 0.11219301
-0.96585639 0.71904823 0.28915084
0.34068201 0.79407368 -0.85453922
-0.48539727 -0.04842047 0.6895089
-0.26618777 -0.53044914 0.93806286
-0.1583925 -0.35385293 0.55622558
0.3799686 0.65375057 -0.79794533
0.42052888 0.78664599 -0.77311194
-0.51839703 -0.28595515 0.90388477
-0.82073343 0.18995069 0.84515505
-0.14838637 0.98286934 -0.73456476
0.14628406 -0.96128213 0.89112599
0.71152829 -0.04782983 -0.46546364
0.3277122 -0.9363056 0.90677985
-0.25024166 0.80939504 -0.54851057
-0.75377339 0.3375536 0.94284212
-0.50151465 -0.06088474 0.76327524
0.5084454 -0.64889999 0.15706604
0.43091261 -0.90936216 0.58754968
-0.07467228 -0.91876686 0.99367657
-0.42553191 -0.3411238 0.82761136
0.2909176 -0.43959308 0.18000905
0.27474724 -0.5633031 0.31526605
0.69887474 -0.98030864 0.52413966
0.63885468 -0.61042652 0.03924763
0.40654644 -0.09872638 -0.29164095
0.98348227 -0.29137734 -0.60307077
0.35263139 0.60004332 -0.9412925
0.31603152 0.65353732 -0.90501287
-0.6284937 0.71512868 0.01144481
-0.43587389 0.31626389 0.1270824
0.28466546 -0.44977109 0.18319235
-0.09527834 0.81190093 -0.58966818
0.80970469 -0.27546086 -0.40310484
0.96155394 -0.58899591 -0.31339087
-0.73211561 0.99348332 -0.253256
-0.92338819 0.0543177 0.88918435
-0.67328658 0.260854 0.41436164
0.75942895 -0.29793285 -0.38172809
-0.02808493 -0.68183011 0.9758758
0.60166574 -0.72539573 0.15588824
-0.16535803 0.88249977 -0.61038601
0.43412225 0.66382973 -0.72665715
-0.42625429 0.28773584 0.16004531
-0.96285568 0.28883599 0.72710101
0.27154139 0.44607526 -0.66126076
-0.33966913 -0.31601824 0.75647492
0.02822709 -0.73526361 0.73583274
-0.06927893 0.78269597 -0.5577861
0.294805 -0.80321005 0.60590376
-0.50396094 0.84159592 -0.29036354
-0.15592149 0.80908418 -0.61065449
-0.99367723 0.632251 0.5843164
0.64226254 -0.85807823 0.21913318
-0.97400635 0.84856151 0.12739058
-0.85717226 0.18553522 0.86231175
0.94839574 -0.68443208 -0.0856923
-0.24746463 -0.40072528 0.6715916
0.09412083 0.70006694 -0.68781002
-0.25841236 0.69407225 -0.41543452
-0.52255306 -0.34031558 0.90162919
0.48046678 -0.83702485 0.37806239
-0.47397115 0.74965536 -0.26904269
-0.6882919 0.98159161 -0.08743732
0.80996678 0.30320521 -0.94941088
0.76165014 -0.21102247 -0.48408401
-0.21696113 -0.33315534 0.77368261
-0.66999051 0.59184658 0.26357519
-0.12456315 0.68660408 -0.48139571
0.78991519 -0.07831464 -0.68495463
-0.67528828 0.32917739 0.45516768
0.28160236 0.65806083 -0.83621699
-0.87726725 0.96550949 0.13764553
-0.64407757 0.17836456 0.57862324
0.08365093 -0.64254069 0.77512381
0.99577705 -0.82264875 0.13267637
0.56669506 -0.97260074 0.57743577
0.2634268 0.16795839 -0.40158589
-0.85937907 0.72611488 0.33071061
0.34394172 0.19512815 -0.53800066
-0.79355391 0.61157167 0.52986998
0.91019618 0.1590189 -0.97446067
-0.53849176 -0.12600651 0.70638625
0.09416107 0.49116268 -0.48561452
0.37370987 0.68627514 -0.90479832
-0.9938758 0.73231403 0.43366171
-0.51784266 0.45660899 0.08828097
0.01430634 0.72916578 -0.67792958
-0.94012155 0.4507688 0.66479506
-0.41084733 -0.55474738 0.97190826
-0.38355432 -0.41516954 0.93378697
0.45234592 0.72823084 -0.944697
-0.78378019 0.30414168 0.58045424
-0.33603551 0.60811529 -0.20100983
0.49155135 0.14409735 -0.61861383
0.81067652 -0.151582 -0.3639222
-0.12718511 -0.57957615 0.76130233
0.30406272 0.39668502 -0.59117915
0.05417374 -0.49461108 0.45062617
0.28370996 -0.91493409 0.93942029
0.37282335 -0.63685385 0.42774259
0.33693038 -0.50604896 0.17800592
0.05796319 0.53831245 -0.40983479
0.57101189 0.44072471 -0.73229439
0.68337723 -0.29032642 -0.37386104
0.20408482 -0.94747849 0.79845707
-0.30610965 0.21724976 0.1250764
-0.77004966 0.65615589 0.30191511
0.69270832 -0.18178948 -0.39336411
0.39783878 0.51144503 -0.78057169
0.78501115 -0.12714301 -0.53597228
0.35613603 -0.99820663 0.81775206
-0.40065008 0.31278697 0.12450469
0.53406267 -0.82634526 0.33413496
0.52150221 -0.63142792 0.17028192
-0.84885426 0.65180725 0.2154997
0.0491129 0.97815749 -0.81745082
-0.04493294 -0.63840084 0.91874706
0.14559345 -0.49123607 0.46313797
0.81672772 -0.20846412 -0.56666781
-0.97716855 0.58348727 0.42672126
-0.18042982 -0.31033877 0.68932002
0.60847699 -0.47133779 0.04974608
0.58173225 -0.03257722 -0.29382402
0.95069251 -0.77998881 -0.09612859
0.25944665 0.47385998 -0.70664889
-0.02457238 0.59936796 -0.45731797
-0.34950595 -0.33179426 0.68710323
0.98258525 0.02002072 -0.98639946
-0.36323738 -0.50478946 0.93614047
0.78826419 -0.6391468 -0.10437928
0.27733837 0.89124294 -0.96077886
0.77687766 -0.37360597 -0.31969017
-0.42614244 0.2089308 0.27837423
0.36403099 0.3107963 -0.62367305
-0.19492504 0.78565237 -0.37317915
-0.40548064 -0.4486755 0.9035991
-0.70043815 -0.2437267 0.96913897
-0.07223245 -0.5926147 0.67277157
0.28179423 -0.93840594 0.77972464
-0.93609877 0.57722438 0.55863634
-0.60293239 0.8458889 -0.20774358
-0.33040714 0.22685289 0.12789313
-0.02163741 0.45872672 -0.43121073
-0.85218254 0.32990672 0.56151619
0.22053614 0.31618559 -0.51193615
-0.39531179 0.84742911 -0.42149951
0.88948224 -0.20968392 -0.65475738
0.74980545 -0.87052184 0.13752045
-0.21653375 -0.48370238 0.76971407
0.66323376 -0.80409839 0.36290199
0.16555324 0.87393309 -0.80246754
0.76754486 -0.94879174 0.8688291
0.54341216 -0.96538245 0.46700573
-0.9038819 0.7273148 0.2923856
-0.89804532 0.39441115 0.80373518
-0.753091 0.41090076 0.60235472
0.95178995 -0.99135147 0.45309249
-0.05246906 0.95768966 -0.80967993
-0.07536044 -0.08040726 0.18947303
-0.92788989 0.72130038 0.26285147
0.5023835 -0.39854686 0.04787928
0.90043213 -0.48870998 -0.30570554
0.90847114 -0.49953995 -0.3179114
0.71731946 0.30983847 -0.97329096
-0.88374773 0.18265368 0.77184344
0.76563994 -0.71377423 0.12633232
-0.92978299 0.54922007 0.44654639
-0.77292199 0.72179797 0.19148182
-0.95235352 0.98275158 0.02696832
0.91703009 0.24208675 -0.76120932
-0.32387585 -0.19058557 0.88735279
0.14168332 0.37191367 -0.50531346
0.43049097 -0.92931066 0.53323215
0.86783309 -0.40460082 -0.45845623
0.46909702 -0.60424875 0.20122186
0.92669202 -0.58851794 -0.28122857
-0.18098411 0.46906539 -0.22828216
-0.03154486 0.62879689 -0.5902437
-0.20070794 -0.12562805 0.36737932
0.55862741 -0.76528117 0.24298326
0.76285096 -0.82622308 0.19776373
-0.29633353 -0.42297887 0.98619903
-0.19390455 0.91558596 -0.67284543
-0.05711756 0.96532863 -0.86611539
0.76210183 -0.21919534 -0.49012001
0.87499282 0.0582918 -0.76675382
-0.70189682 -0.11830517 0.92684362
0.70489998 -0.11312272 -0.39856177
0.56802298 0.60808277 -0.99350848
0.5455295 -0.36293077 -0.1784663
-0.87663434 -0.06992682 0.98024135
0.53225781 0.29020127 -0.74691689
0.06322026 0.5478222 -0.60978295
0.2021197 0.79777212 -0.86267244
-0.61380558 -0.36801702 0.98560182
0.22969675 -0.35345173 0.1824904
0.05513105 0.34223309 -0.36430933
0.1914093 -0.97498794 0.83675034
-0.68667193 0.36998621 0.54397326
0.80592533 -0.99350162 0.48242053
0.04628049 0.58435853 -0.62224219
0.3128354 -0.44285374 0.1618067
-0.58821886 0.62225956 -0.00823983
-0.99677463 0.67430538 0.75030262
0.74587191 -0.01202843 -0.72323657
-0.60004471 0.80210736 -0.18653777
0.75156477 -0.90029531 0.27521722
-0.5527574 -0.12096087 0.74582839
0.18301625 -0.95370961 0.9670739
0.32795143 0.04155481 -0.35332999
-0.71764291 0.36663616 0.46100416
-0.13019475 0.0479046 0.11843568
-8.69888206e-01 6.68228660e-04 8.91509715e-01
0.99018489 -0.02402368 -0.59981525
0.82063439 -0.13634105 -0.57352224
-0.82879096 0.82116439 0.1104973
0.59135555 -0.74707804 0.17375858
-0.69258478 -0.01041228 0.78814186
0.98355024 -0.58910052 -0.28552063
0.04027836 0.94836101 -0.94946512
0.76581898 0.37109585 -0.95371247
0.38193362 -0.43839117 0.07278424
-0.09724112 0.44163388 -0.3425939
-0.79158412 0.72940229 0.17334509
-0.83979715 0.49006493 0.48056983
0.11600118 0.93515096 -0.91001501
-0.6248288 0.05116579 0.84132538
0.29928711 -0.95230895 0.7252813
0.92605873 -0.43320213 -0.16610414
-0.09623754 0.58473534 -0.42540293
0.03410563 -0.70482478 0.87657813
-0.67534541 -0.07982123 0.81420074
-0.38033139 0.0283869 0.47392497
0.3853444 0.65008682 -0.8808071
0.77113366 -0.59530381 -0.01205531
-0.16665689 -0.52724064 0.70050708
0.03924891 -0.45023488 0.49556101
0.85495223 -0.27304461 -0.53057269
-0.1806627 0.02568821 0.17977837
-0.63733005 -0.20172666 0.92466351
-0.18158022 0.8645325 -0.64698069
0.37661502 -0.63910254 0.33971313
0.73463707 -0.13970911 -0.59192624
0.30103358 -0.33109652 0.07167233
-0.70373531 0.52440654 0.24803657
-0.63797273 0.27926487 0.56423691
-0.63860881 0.40172575 0.44313544
0.08673423 0.32410757 -0.387703
0.97982472 -0.20575462 -0.4901488
-0.15318638 0.47187643 -0.21699015
-0.54813876 0.69035459 0.02549305
-0.28183022 0.52149243 -0.12751416
0.24735161 -0.55358008 0.34498574
0.45053049 -0.087594 -0.23136844
-0.32351663 -0.21234817 0.73804522
-0.47908246 -0.08943635 0.61008678
-0.31524523 -0.65930079 0.99318875
-0.14462192 -0.44546242 0.65142207
0.91149377 -0.22843683 -0.54956294
0.11463114 -0.54569993 0.49313779
0.30962223 0.18906369 -0.48653911
0.3191735 -0.83414634 0.82090008
-0.90275709 0.26716022 0.89666273
0.41953028 -0.61409038 0.34705372
-0.19140663 0.65181217 -0.38593228
-0.67432299 0.45505057 0.28431827
0.51198809 -0.06275357 -0.43045451
0.70863667 -0.41004426 -0.26458661
0.2989805 -0.74544377 0.581248
0.24092419 0.75388776 -0.95732439
0.64329322 0.95723418 -0.96717793
0.53514829 -0.90361849 0.46514036
-0.06775583 0.96685731 -0.86474882
-0.90055453 0.98864551 0.02445645
-0.40966769 -0.28986722 0.70643736
0.55456884 0.4140555 -0.87986937
0.04477571 -0.27648873 0.24481742
0.56931155 -0.94904592 0.40896467
0.03290187 -0.38716732 0.5722351
0.61247996 -0.75978069 0.26200749
0.94151143 -0.45231006 -0.33701618
-0.83030593 0.42687107 0.48281117
0.66626529 -0.43059143 -0.17743962
-0.51896934 -0.15836514 0.80860267
-0.22046018 -0.47067389 0.78744773
0.08610223 0.47048177 -0.52487821
0.50940666 -0.55448157 0.07438994
0.08140008 -0.17759616 0.1212794
-0.90831389 0.83283907 0.37850849
0.72565969 -0.0471228 -0.54547305
-0.68540149 0.46252991 0.28642956
0.85323664 0.00205523 -0.59571665
-0.22362054 -0.1798834 0.45103274
-0.35160874 -0.39999734 0.87265821
-0.50924547 -0.36086579 0.87675512
0.87517092 -0.98519698 0.23715388
0.86143954 -0.73534375 0.12269017
-0.45261878 -0.41436894 0.87898002
0.49579422 -0.57098331 0.25107128
0.23051381 -0.76803339 0.54477614
-0.37224168 0.57514587 -0.16735929
0.1157215 0.79444557 -0.88333396
0.70157113 0.58318943 -0.91266597
0.41289119 -0.97607929 0.69175233
0.59867942 -0.70980214 0.46659113
0.67914969 -0.90884356 0.37754425
-0.98309716 0.4789983 0.58628677
0.98984994 0.11010905 -0.99919804
-0.01159507 -0.73552008 0.8276221
0.34042542 0.58984963 -0.91560041
0.63792535 -0.69957762 0.23857363
-0.2661473 -0.6616857 0.99113419
0.7993257 -0.54983402 -0.10946414
0.15376202 -0.76888157 0.85570124
0.24510755 -0.81671813 0.86555525
0.43226278 -0.10392633 -0.20230668
0.2953448 -0.81907001 0.85499075
-0.68205146 0.23919994 0.46392652
-0.47273051 -0.35520722 0.91493021
-0.73891006 0.05788609 0.7557377
-0.8303935 0.75925791 0.08913663
0.77180992 0.00140629 -0.72602295
0.51233438 0.31508656 -0.80013584
-0.08691944 0.21800975 -0.08766838
0.12108388 0.89318358 -0.99519921
0.25332485 0.87301447 -0.81752852
-0.14252941 -0.30482415 0.59910886
0.76132644 0.06271357 -0.740069
-0.67612668 0.81031989 -0.05209595
0.57139048 0.40186225 -0.84480695
0.58184986 0.51869333 -0.95231739
-0.13073553 0.99223657 -0.65343748
0.5172851 -0.99341873 0.52326547
-0.71275732 0.86843326 -0.09655103
0.75731461 0.54358669 -0.98500253
-0.13166671 0.63798967 -0.49258361
-0.23807321 -0.35271574 0.61406534
0.88200639 -0.19316684 -0.66096791
-0.13278312 -0.81886638 0.95935491
0.31860163 -0.81782472 0.5898211
0.40813505 -0.54970544 0.29529665
-0.80243209 0.00784545 0.97142773
0.28064145 -0.85617683 0.68277537
0.05159958 0.23569541 -0.24967854
0.22509627 -0.11179596 -0.07654512
0.19316279 -0.97743997 0.83183004
-0.0129926 -0.73422509 0.81845365
0.13295305 -0.8452831 0.72884143
0.40507479 -0.49163496 0.16524718
0.46727496 -0.44465287 0.02559326
0.21578711 -0.90670081 0.76170902
-0.25195497 -0.39717012 0.80495389
0.71833833 -0.39301273 -0.31824909
-0.68876223 -0.02125658 0.77440284
0.0335231 -0.28964933 0.32458273
0.94523808 -0.05626545 -0.8729278
-0.77190201 0.64330118 0.26698967
-0.47272483 0.60008311 -0.08662085
0.44220896 0.6754357 -0.93721061
0.6220623 0.557727 -0.99858181
-0.62285741 0.99889155 -0.34951141
0.61887431 -0.96296194 0.34562479
-0.03164685 0.93078143 -0.83911727
0.64290334 -0.06095708 -0.47094938
0.35764441 -0.00754876 -0.32287346
0.66338062 -0.2661888 -0.38201934
-0.7477113 0.10651092 0.65929093
0.95071266 -0.116121 -0.67519695
0.82760409 -0.18391687 -0.63138915
-0.63829962 0.53203368 0.4505575
-0.28312033 0.89011981 -0.42901654
0.92229137 -0.52643213 -0.35572512
-0.80176659 0.67819295 0.12980551
-0.23631292 -0.22075991 0.63674912
-0.70495196 0.07669457 0.94292951
-0.26998224 -0.4968383 0.95643653
-0.28925586 0.02315723 0.35081501
-0.27730628 -0.32770767 0.6162179
-0.07044865 0.48937361 -0.31452019
0.66079614 -0.41722754 -0.14654633
0.52628413 0.9455163 -0.87683614
-0.87887499 0.72252197 0.26536917
0.30775059 0.57180506 -0.83777853
0.25416434 -0.70583456 0.49579433
-0.14696118 -0.26342106 0.44499531
-0.63727285 0.13819927 0.86750989
0.45534941 -0.04750779 -0.28713384
0.2752252 -0.55079348 0.34912977
-0.35736092 0.08955139 0.38521869
-0.02717015 0.60678989 -0.51251613
0.59778038 -0.20345923 -0.37581275
0.02438934 0.91768855 -0.89339137
-0.79374985 0.61296053 0.29744644
0.65669447 -0.30183661 -0.25290974
-0.30717732 0.73723048 -0.32022098
-0.48273608 -0.26868217 0.95245485
0.25551777 -0.67003628 0.77677363
0.63410731 -0.13072176 -0.36376154
-0.30627355 -0.50429097 0.84824773
0.78506621 -0.30812492 -0.32446202
-0.78895963 0.93201593 -0.10867101
-0.53074943 0.78275578 -0.24581541
-0.00101171 0.32440697 -0.26396443
0.09613694 -0.78156411 0.71524646
-0.56036505 -0.32913045 0.92010614
-0.37866648 0.90870417 -0.49987524
-0.88342267 0.7195598 0.29741865
-0.17528604 -0.56797 0.74555681
-0.37677617 0.71900038 -0.28371245
0.81746604 -0.30649434 -0.37798137
0.45175145 -0.60838644 0.25751615
0.63117194 0.1446075 -0.72144639
0.2788477 -0.53911988 0.35119687
0.07044983 0.18719687 -0.25494033
0.10087659 0.73414112 -0.68954254
0.02973524 -0.72095002 0.94996824
0.86242882 -0.20358568 -0.58119353
0.981604 -0.25988624 -0.52289062
0.35753868 0.6207067 -0.83304993
-0.01934624 0.88329352 -0.72414456
0.70833066 0.16564285 -0.51850957
0.34376058 0.65755243 -0.98517395
-0.91610678 0.43458704 0.52938101
0.07827572 0.17687898 -0.2502322
0.24962119 0.38702975 -0.51053635
0.33579706 -0.01335199 -0.28981893
0.33023276 -0.11335213 -0.21065977
-0.95960984 0.39477534 0.66912697
-0.97763292 0.7475047 0.46823556
7.40406803e-04 -5.18015066e-01 7.60729447e-01
0.95882171 -0.06426532 -0.76946111
0.07661189 0.96392876 -0.88535176
0.61353058 -0.68225556 0.15701287
0.35780977 0.03035291 -0.37599386
-0.3850829 0.93400647 -0.48762218
-0.63644249 0.83604153 -0.13643478
0.82738833 -0.12169027 -0.64283598
0.52998568 0.19892541 -0.64967102
0.93649985 -0.81744828 0.15834844
0.35813825 -0.81534642 0.51620602
0.36440746 0.23561355 -0.53207017
0.84048192 0.13735585 -0.84322476
0.17554927 -0.32109268 0.20244601
-0.45507959 0.16942363 0.65778408
0.44812722 -0.96361989 0.64431556
-0.30365973 -0.26944976 0.77451384
0.26966919 -0.7038839 0.51336247
-0.12437351 -0.39106431 0.55758783
0.54745865 -0.83537514 0.33714747
0.51170844 0.57300646 -0.96303785
-0.51802963 0.58023459 0.02515281
0.20827132 -0.95677738 0.82840845
0.95315255 -0.48182495 -0.39399377
0.72812439 -0.77940352 0.35384204
0.46529963 0.26010373 -0.7071906
0.68352983 -0.41267504 -0.22566737
-0.69099665 -0.16721988 0.90937274
0.13260765 -0.74805873 0.97964677
-0.46146498 0.94897577 -0.47166869
0.71365119 -0.06843567 -0.64180568
-0.93802102 0.81747834 0.45573065
0.97380257 -0.4265065 -0.50100852
-0.71236085 0.73769183 0.1151783
0.84890886 -0.32759649 -0.17939468
-0.14723755 -0.4835222 0.71103409
-0.28029627 0.04054514 0.41171173
-0.69750335 0.09978401 0.8567507
-0.07272715 -0.70120992 0.81900716
0.14268954 0.61883325 -0.66068486
0.34693246 0.65789156 -0.85232396
-0.21779145 -0.40731332 0.65483467
-0.72012025 0.96190312 0.01230832
-0.75683407 0.46677418 0.30065647
0.60827102 0.23621158 -0.83404594
0.88192293 0.08112556 -0.81946196
-0.94575019 0.59875102 0.59830439
0.54927467 0.22467418 -0.55455078
-0.73735503 0.25678014 0.62515455
-0.08994857 -0.47110684 0.57828975
0.26609567 -0.34798934 0.29781167
-0.03865353 -0.34167809 0.45157948
0.32656036 -0.61262894 0.39881335
-0.03686927 0.81064987 -0.72308067
0.8541517 -0.31054172 -0.45995646
0.25758413 0.66827298 -0.91248631
-0.27765248 -0.46944611 0.88768749
0.96894374 -0.13794847 -0.8105305
-0.85224066 -0.06920365 0.92493273
0.93843596 -0.47992133 -0.21648133
0.15785484 -0.82135003 0.68166192
-0.23322137 -0.33572224 0.96911731
-0.67440187 0.21743517 0.56097806
0.63317862 0.26551708 -0.80450103
0.205593 -0.2618384 0.08445116
0.19134864 0.72623544 -0.69711346
-0.32644412 -0.21823058 0.98235109
0.22518814 0.24769963 -0.44448014
0.99586535 -0.21746152 -0.61981426
-0.70824852 0.39749181 0.47525192
-0.02514208 0.96077703 -0.85169412
0.5176801 -0.98473223 0.52487346
-0.14805192 0.79255705 -0.58895282
-0.39804862 0.96257741 -0.29393434
-0.17994965 -0.31846578 0.62867934
0.38029846 -0.38864823 0.06136832
0.48182394 0.62961976 -0.93203304
0.55381495 -0.44151786 -0.08905699
0.86593064 0.05294111 -0.68223504
-0.2139331 0.1930169 0.0423971
0.78947416 -0.43755682 -0.12353176
0.92736498 -0.13989846 -0.67413024
0.95938319 0.31992019 -0.87187916
-0.56820672 -0.27075293 0.89458576
-0.85972766 0.12359489 0.94044862
0.53797718 0.48190107 -0.87503379
-0.7601342 0.15075117 0.65335143
-0.65125102 -0.0340683 0.73169951
-0.01545557 -0.41219658 0.52268094
-0.11790365 0.34779411 -0.19238534
-0.93608445 0.23197324 0.76214015
-0.27167413 -0.12336839 0.39569055
0.45270344 0.42388247 -0.79944148
0.29873615 0.77496168 -0.98602917
0.35958888 -0.17098932 -0.1140941
-0.77638344 -0.07317709 0.95913137
0.29864912 -0.35877201 0.06132489
-0.10746046 -0.39224169 0.54669956
0.97037885 -0.20428632 -0.76129409
-0.81203775 0.09310959 0.94519546
0.16955482 -0.58132911 0.69907696
-0.28041657 0.69849498 -0.35443528
-0.06756231 0.7793853 -0.6815039
0.99744854 0.02667236 -0.84827602
0.95975189 0.33437986 -0.88158587
-0.90587045 0.93525696 -0.00752705
-0.32909313 -0.23166083 0.76310279
-0.11757337 0.62699205 -0.32921395
-0.46028752 -0.01341025 0.64244897
0.97240657 0.05732808 -0.72028646
0.4261871 -0.84616224 0.43672365
0.04613629 0.69003944 -0.6155968
0.04776879 -0.79748185 0.9059888
0.31066881 0.65991194 -0.67732499
-0.48516064 -0.45618947 0.95450138
-0.77451098 0.189943 0.60376128
0.57771806 -0.24053634 -0.2519516
-0.15244774 0.69518624 -0.5006673
0.1262928 -0.94753083 0.92042754
-0.75197287 -0.139766 0.91948634
0.02804235 -0.63959688 0.77599339
-0.33302803 -0.06917597 0.44429159
0.91893751 -0.17673665 -0.71675542
0.96517853 0.16266695 -0.8236109
0.9954078 -0.75753819 -0.11809888
0.56818863 -0.92370603 0.44167905
0.48854308 -0.81520392 0.41966745
0.65011442 0.62917304 -0.95976751
-0.63035929 0.71026588 0.055585
-0.84964124 0.83426044 0.04717415
0.11744972 0.88177078 -0.94868294
0.40415842 0.08310267 -0.44967023
0.12332515 -0.63943001 0.65655056
-0.76857587 0.31770616 0.58723797
-0.45886349 0.73840534 -0.27052098
0.42804228 -0.97101693 0.78547928
0.27774846 -0.13155516 -0.12550322
-0.89313002 0.76381783 0.25844657
-0.03774024 0.13951459 -0.06748788
0.11275669 -0.56588776 0.4793388
0.7074898 0.46348491 -0.97868565
-0.26840193 -0.31123636 0.63997587
-0.41911393 0.78179004 -0.23246327
0.31089171 -0.16047649 -0.04210597
-0.09480287 -0.23917505 0.3858948
0.35156316 0.53761884 -0.80955559
-0.80540619 -0.0523114 0.92402729
0.46492671 -0.92815996 0.61253506
-0.58228413 -0.34979995 0.97414609
0.1936185 -0.33422485 0.20440735
-0.54028239 -0.02493182 0.88724607
0.2877698 0.09270728 -0.35462952
0.63099715 -0.52909525 -0.07923719
0.77965749 -0.54182417 -0.1972257
0.42270631 -0.31205517 -0.01204272
0.86769887 -0.35013981 -0.48062692
-0.46772823 0.57388264 -0.07458028
0.61221312 0.48067844 -0.86423752
-0.63530601 0.364676 0.52787433
0.9410427 -0.64866389 -0.26726958
-0.32855721 0.53467282 -0.18266403
0.6802861 -0.0566594 -0.60855183
0.99641461 -0.53893388 -0.44244966
0.90256046 -0.92425531 0.10940823
-0.62725591 -0.03244815 0.74441474
0.55140401 -0.07471375 -0.4732527
-0.40673263 -0.36146282 0.8315911
-0.71637976 0.68079859 0.04399085
0.85102146 0.04769339 -0.82941647
-0.86672108 0.76002836 0.19847904
0.27664498 -0.56553812 0.34868968
-0.95737605 0.4333887 0.68793086
0.04184357 -0.71385718 0.70510228
0.59408862 -0.58680669 0.04488137
-0.28199572 -0.29493971 0.66957334
-0.38975207 0.03516412 0.47545596
0.39127231 -0.87756634 0.93254792
-0.73111532 0.07170157 0.9382278
0.85123029 0.16877538 -0.78307515
0.91399558 -0.84919041 -0.02270578
-0.25720814 -0.4246345 0.7081683
-0.12928772 0.90871017 -0.68808534
-0.50048403 0.61822043 -0.04721405
-0.78989645 0.90927416 -0.10899446
-0.19419809 -0.67895825 0.92499063
-0.27349566 0.22693156 0.07601769
0.82124333 -0.77690471 0.13642028
-0.6854276 -0.02930684 0.75988443
-0.83083944 0.33530871 0.61995751
0.44416175 -0.81402425 0.43032385
0.03137831 -0.46038191 0.84750239
0.44258962 -0.21128682 -0.22890015
-0.15706502 0.96204334 -0.78366652
-0.91670988 0.43922526 0.62405761
0.98570621 0.06410995 -0.94307464
-0.44631453 0.33021235 0.20149155
0.01927222 0.81811449 -0.74214998
0.6141386 0.30259382 -0.90566156
-0.27079412 0.95361368 -0.63797903
0.05902265 -0.01606043 -0.03998065
-0.91056823 0.80505965 0.14694774
0.77520062 -0.81209706 0.04120304
-0.53851211 -0.19438091 0.76439323
-0.40047232 -0.46160301 0.96885419
-0.89623048 0.51989014 0.43043264
0.83747552 -0.14132255 -0.56387378
-0.33719327 0.89683435 -0.33351448
0.55715066 -0.96213422 0.41264634
-0.61836052 -0.06688029 0.72735803
-0.69419414 -0.07266497 0.89214694
0.26455163 0.20270789 -0.42536358
0.69849302 0.25419799 -0.94156412
0.99017563 -0.67634103 -0.08101845
-0.50272143 0.20488965 0.35659345
0.04176765 0.68917005 -0.55045135
0.84306966 -0.48547293 -0.33316728
-0.79266759 0.82238996 0.1810604
-0.33012836 0.8912012 -0.5092857
0.87578137 0.18132318 -0.98730664
-0.1822668 -0.57186858 0.99960133
0.56446221 -0.54977311 0.095297
0.15452523 0.45628012 -0.563482
0.42845117 0.00434395 -0.36856841
-0.20213148 0.74120758 -0.48854076
-0.15047197 0.51830454 -0.28465144
0.70479032 -0.11075211 -0.48146008
-0.00768064 -0.74685818 0.85477889
0.90512509 0.212351 -0.9611148
-0.57577292 0.07723917 0.55498234
0.63312567 -0.32203482 -0.10717241
-0.52073671 0.89182657 -0.24731321
0.27543356 0.52240817 -0.67268148
-0.30806363 0.82823014 -0.3621221
-0.96413621 0.7992232 0.21447846
0.37271646 0.64169814 -0.89721455
0.64074456 -0.44988279 -0.17241789
0.86643173 -0.56968471 -0.29088844
-0.78514835 -0.08366339 0.89883979
-0.13387152 0.79968056 -0.58878974
0.43689969 -0.0981824 -0.28303212
-0.57532712 0.94216403 -0.30955126
0.94463863 0.15304748 -0.87212279
-0.58393827 -0.0189317 0.84901262
-0.9876901 0.69221636 0.33367791
0.58735858 -0.40759149 -0.1740106
-0.51586374 -0.26321696 0.95123414
-0.29082472 -0.65619425 0.96427688
-0.41538731 -0.33399259 0.87343259
0.27402107 -0.94889269 0.7019831
-0.08925697 0.90119497 -0.76349503
0.8403394 -0.11198831 -0.6956851
-0.63519614 0.83447296 -0.16514019
0.10292711 -0.47191761 0.46921998
0.17344512 -0.84111147 0.75723586
0.94478418 -0.58117692 -0.31454106
0.69141421 -0.5028269 -0.14507005
0.79786281 0.09438431 -0.85957027
-0.84134666 0.89139918 0.0956778
0.71965246 -0.51515708 -0.12645023
-0.32883169 -0.55025683 0.95479277
0.38913828 -0.00625227 -0.35788275
-0.31312802 0.37494336 0.05065326
-0.60960456 -0.21356762 0.85089946
-0.31452848 0.03034325 0.4764173
0.62381449 -0.05531354 -0.53377296
0.14789705 0.84952462 -0.93748547
-0.75739174 0.85374475 0.09269415
0.60829436 -0.51225963 0.08678816
-0.88250109 0.84269075 0.432859
0.46505781 -0.86099191 0.44315869
-0.14670602 -0.60197565 0.87646688
-0.05711822 -0.53365258 0.63308272
-0.10369625 0.89886202 -0.69844422
0.0790623 0.65712241 -0.50022306
-0.23779136 0.34033068 -0.02899067
-0.60746798 0.89277212 -0.13375806
-0.8183027 0.87107301 0.21613782
0.05583688 -0.68295123 0.6880845
-0.94023485 0.97286447 -0.02236472
-0.4205391 0.03166647 0.56786996
-0.08362616 -0.28703372 0.37711421
-0.0681131 -0.73553177 0.85966529
0.4849944 0.37938375 -0.82977868
-0.70009428 0.63068154 0.07958853
0.70078315 0.29226743 -0.95651993
-0.7865663 0.50465257 0.2995371
-0.63088823 0.57724475 0.14013435
-0.15499297 0.8750869 -0.6501342
-0.5394924 -0.23759518 0.89045321
-0.76718695 0.20887533 0.66656999
0.00873501 -0.30841485 0.31105481
0.00862849 0.15769892 -0.14002111
-0.3590008 0.96057177 -0.49115187
-0.12707361 -0.38539735 0.57345039
-0.17262478 0.99787685 -0.76544313
0.26536611 0.89754204 -0.92945491
0.04162806 -0.69852112 0.96493701
-0.41978189 -0.20158758 0.86226082
-0.20268816 0.71687832 -0.31121664
0.48263653 -0.89635349 0.63138838
-0.64558027 -0.14832168 0.84845281
0.2961757 -0.93317057 0.75316241
-0.8994435 0.82950584 0.09544463
-0.30352467 0.76119792 -0.45506657
-0.18737061 0.86030281 -0.65263414
0.86310596 -0.45273649 -0.38633631
-0.424768 -0.29369766 0.87361163
0.97023088 -0.56121024 -0.36380539
0.47295565 -0.46231614 0.03156611
-0.19430123 -0.51511946 0.74665947
0.31657064 0.14698461 -0.43333889
0.66159853 -0.03805661 -0.48038717
0.84928872 -0.6241106 -0.12868529
-0.36797478 -0.2854297 0.79571684
0.34514974 0.26272628 -0.56703098
0.51121834 -0.4080975 -0.05499045
-0.95895105 0.81538852 0.34147465
-0.05579636 -0.79977678 0.99426045
0.99778159 -0.30418116 -0.57539543
-0.54524946 -0.34299889 0.94131096
-0.71420207 -0.24093833 0.98833482
-0.72122701 0.69668487 0.16747343
0.48252892 -0.67077608 0.23613038
-0.68791578 -0.24075112 0.94875978
0.62396008 -0.08363548 -0.51754878
-0.75963347 0.89110197 -0.11225362
0.8932005 -0.44404681 -0.23755295
-0.3775118 -0.07035096 0.51898576
0.1987877 -0.79542587 0.66519311
-0.76190736 0.16863798 0.74016859
-0.97485478 0.67917623 0.56854062
0.33170568 -0.47646371 0.31749082
0.96314464 -0.90023267 0.33636072
-0.09214296 0.16297068 -0.06402219
-0.04033818 -0.55663615 0.65899491
0.8822352 0.24278139 -0.93905664
-0.68371652 -0.0131751 0.78891229
0.46559379 -0.55553639 0.18211292
-0.01285144 -0.64234121 0.87084073
-0.16748314 0.40974354 -0.21545005
-0.84278038 0.17722607 0.87266253
0.88559628 0.31149135 -0.82099081
0.31703578 -0.73139808 0.61714964
0.96077046 -0.37050718 -0.42930778
0.65250586 -0.62853543 0.00423284
-0.4219824 0.66382341 -0.22097724
-0.16345595 -0.68745931 0.86367911
-0.92722513 0.01243504 0.92091052
0.21004011 0.58677875 -0.72571673
0.07365537 -0.80046263 0.97224315
-0.60075035 0.4168569 0.19236495
0.24774603 0.83241783 -0.78279522
-0.3536497 0.96373516 -0.55306355
0.36813969 0.2605449 -0.53402349
-0.54088078 0.18489803 0.53666041
0.68656999 -0.75319858 0.17900562
-0.70132184 0.43175148 0.32904553
0.32130165 -0.76615163 0.61821428
-0.74512675 0.45514022 0.30516364
0.51393449 -0.63809251 0.18661177
0.92222719 0.26969513 -0.97810523
0.55496973 -0.31884596 -0.14427573
0.03190972 0.46519176 -0.47006373
-0.76993819 0.86742305 0.21973007
0.14326974 0.81151324 -0.75053682
-0.77799208 0.99279031 -0.16890839
-0.48708478 0.79338762 -0.20848449
0.24942808 0.7077311 -0.89966473
-0.49564857 0.90435239 -0.3460337
0.69095067 0.47870256 -0.79544241
0.34929311 -0.42917045 0.26780988
-0.87945026 0.81505271 0.11746656
0.0889911 -0.43109028 0.45221659
0.23448095 -0.37903898 0.39231778
0.4612919 -0.25625623 -0.11809811
0.0726905 0.77778024 -0.76022745
0.22064197 -0.48261393 0.54557889
-0.77346752 0.36357754 0.48730856
-0.26687395 0.28109273 -0.00804302
0.13424442 -0.42377778 0.30120218
-0.60051863 0.27921509 0.475846
0.41479966 0.23056509 -0.61046452
-0.40097554 0.77521028 -0.36880591
0.26323637 -0.62890085 0.38859818
-0.53249077 -0.04928055 0.64013735
0.90001018 -0.51938757 -0.2778288
0.14156526 -0.08583567 -0.03800258
-0.73991071 0.0033987 0.99567186
-0.79691771 0.26171656 0.66348024
0.37338798 -0.6499248 0.28711335
0.71493211 -0.41123005 -0.23262371
0.19680585 -0.8881937 0.73210958
-0.58989813 0.58585559 0.02822789
-0.764381 0.81851299 -0.00098603
-0.95286767 0.75904285 0.46627981
0.24612958 0.98997798 -0.84523252
0.17505203 -0.12709076 -0.02439612
-0.03166849 -0.03167797 0.09531186
0.55905835 0.38358122 -0.87607782
-0.57826215 0.13750002 0.49105961
0.67463529 -0.79220168 0.14760419
-0.16357363 -0.34162544 0.5371212
-0.4770172 -0.36145101 0.99847869
-0.86291099 0.34556405 0.87314449
-0.27158542 -0.63927474 0.94135327
0.2676966 0.98261749 -0.90796218
0.06597048 -0.59246462 0.69033943
-0.04024817 0.27508833 -0.21421596
0.69953778 0.46864605 -0.75414909
0.20600304 -0.72740593 0.63743672
0.39659492 -0.97556768 0.58880445
0.77006704 0.15404286 -0.78822262
-0.04641631 -0.25040459 0.40080902
-0.05273885 0.21829012 -0.15315289
-0.40225763 0.56250879 -0.10566245
0.17131189 -0.13966467 -0.02970983
0.52699838 -0.98051069 0.49155492
0.41030459 -0.41837895 0.02357183
0.96737585 -0.50305878 -0.45999139
-0.27988661 -0.21731785 0.67898416
-0.31610926 -0.51757674 0.85563972
0.77000684 -0.69014159 -0.01789706
0.38737089 -0.85437974 0.47056278
0.86598921 -0.19484991 -0.64288848
-0.60208026 0.2842456 0.58132921
0.36002187 0.7456431 -0.93616075
0.00291168 0.94845811 -0.92214092
-0.24264583 0.25345162 -0.00132392
-0.09236681 -0.63069 0.72788196
-0.19660919 -0.01068409 0.34167105
0.50745926 0.08716624 -0.5555509
-0.94611719 0.89573126 0.10382994
-0.72479492 0.71268611 0.04168698
0.08447826 -0.96931259 0.88686771
-0.81108135 0.42004388 0.42736514
0.4767123 0.48915428 -0.77143327
-0.16193998 -0.57461177 0.8177182
0.42126473 -0.82849583 0.44754417
-0.91431745 0.71806779 0.4439769
0.23688827 -0.30957886 0.14793468
0.74711345 -0.4563207 -0.22229798
-0.84031107 0.08337221 0.82811752
-0.11236753 -0.42995312 0.83620061
-0.13328994 0.63838708 -0.33200958
0.66188268 -0.60156925 0.03136777
-0.56046628 0.82782957 0.25366683
-0.21765234 -0.45464815 0.70108106
0.22465219 -0.98266064 0.87097238
-0.97600436 0.25185836 0.84159424
-0.79965071 0.71419615 0.16865799
0.98242585 0.13200097 -0.66315847
-0.56887544 -0.27817239 0.91420437
-0.55387938 0.68049921 -0.01368213
0.69485827 0.2740385 -0.96116919
-0.96851214 0.7147978 0.28275461
-0.29285016 -0.57133726 0.87910167
-0.11881818 -0.23248696 0.41456921
0.5822972 -0.17535333 -0.32380088
-0.2951104 0.86819004 -0.51264253
-0.43243177 0.35428583 0.16928694
0.16456416 -0.73685823 0.91412624
0.90371121 -0.05903747 -0.76937209
0.81753317 -0.90474949 0.17546129
0.52210046 -0.36400257 -0.11816816
0.87818566 -0.7214991 -0.15259079
0.75285337 0.25956577 -0.9899436
0.49210467 0.4531456 -0.92071318
-0.10890955 0.69590562 -0.42477434
0.54224481 -0.46985063 0.02646057
0.28090083 0.14437669 -0.40631061
0.09603213 0.25391268 -0.22730425
0.26758508 0.53766757 -0.71003775
-0.56845864 0.42681352 0.16436334
-0.47184752 0.03861958 0.5665906
-0.56030275 0.72821091 -0.04652201
-0.28787734 -0.43148207 0.72568831
0.37918208 -0.84654891 0.5199609
0.7409155 0.3008312 -0.94013976
-0.12965102 0.64565493 -0.51171501
-0.39851869 0.94851833 -0.34412672
0.42410866 -0.00346951 -0.40284103
0.4363025 -0.21180124 -0.22308863
0.48205065 0.32492463 -0.75870256
0.08496627 -0.96610956 0.95186657
0.33699776 -0.94769418 0.85149287
0.4921976 -0.47937073 0.08357182
-0.07301425 0.93173384 -0.71015057
0.50080289 -0.4798361 -0.00197233
-0.36414588 -0.23626465 0.73315143
-0.94374265 0.9873756 0.12619728
0.77545416 0.21944875 -0.66204784
-0.50488916 0.82825128 -0.08924589
-0.80782217 0.59272923 0.27879093
0.86973549 -0.62605475 -0.2256002
0.34203444 0.85257127 -0.94738068
-0.45824738 0.45208929 0.06931534
-0.25904794 0.47586623 -0.05396577
0.46687346 0.06733341 -0.37854438
0.021016 0.90244782 -0.76297027
0.74433832 -0.23440167 -0.49964415
-0.77561223 0.52734981 0.53280974
-0.69097265 0.99784419 -0.21008931
-0.45305852 0.21682299 0.40879067
-0.35739946 -0.21622972 0.57371363
0.08161601 0.89252849 -0.88913631
0.45652312 0.42233315 -0.85727916
-0.99682168 0.90478901 0.23015722
0.03902176 -0.45307436 0.43388829
-0.18993017 -0.35176559 0.61049584
-0.26010251 -0.32592889 0.72619121
-0.34915802 0.88815026 -0.51431686
-0.90490148 0.92285546 0.16745649
0.55967426 0.77603191 -0.99288748
0.79788917 -0.87377685 0.17340641
5.58333197e-01 -5.43194429e-01 -2.07635237e-04
0.7704649 -0.6366235 -0.09158522
-0.97871959 0.86132498 0.39584139
0.60319674 -0.58202605 0.03090256
0.90689809 0.06855655 -0.90308061
0.80291179 0.18043066 -0.74246935
0.10669965 0.95977296 -0.9786503
0.04474125 -0.75504417 0.97463988
0.9096688 0.1498736 -0.9385839
0.40317087 0.55196095 -0.93009072
0.89027196 -0.82540663 0.45592502
-0.86948066 0.18071323 0.89266619
-0.99224708 0.7608597 0.28827384
-0.03092248 0.77490127 -0.65049715
-0.79731535 0.59830622 0.67697917
0.68149032 0.45417772 -0.99679565
-0.91654994 0.73094539 0.19356103
0.9103229 -0.45330274 -0.4250055
0.93911788 -0.19078955 -0.48350115
0.12095414 0.48800348 -0.52876531
0.43163015 -0.31617463 0.07569488
-0.47617668 0.04227436 0.6560112
0.31590269 0.60358723 -0.75019133
0.6976659 -0.91200499 0.46613873
0.59415749 0.12809266 -0.69418715
-0.34886073 -0.23259069 0.64222011
0.78753628 0.27991073 -0.95995365
0.46986567 0.52325397 -0.77884786
-0.51712056 0.03255627 0.67070794
0.46027591 -0.90527231 0.60769556
-0.16155346 0.52264123 -0.29249071
-0.16419166 -0.30465487 0.47259748
0.79473165 0.12585336 -0.85823971
0.45824368 -0.8963057 0.68072603
-0.60986743 0.24466157 0.66485805
-0.14561624 -0.26327527 0.44381861
-0.39787044 0.95095626 -0.51571199
-0.6339161 0.89970776 -0.26119286
-0.37699314 -0.01007742 0.50352789
-0.06859127 -0.43514417 0.63559584
-0.5144762 0.70215401 -0.18087439
0.52306113 0.31356422 -0.81239198
-0.74486183 0.00481508 0.86592683
0.58121612 -0.95638489 0.55389143
-0.67527228 0.54463702 0.29813809
-0.89512722 0.33927642 0.85238692
0.59695737 -0.51854537 -0.02921399
-0.70727146 0.05597317 0.73785162
0.11792924 -0.78759362 0.96923447
0.61348923 -0.30579366 -0.22956065
0.30411296 0.29047246 -0.45541372
-0.89074621 0.92862528 0.04322356
-0.73437433 0.84747736 -0.10700671
0.83715329 0.36259684 -0.96350435
0.49495893 -0.93627843 0.79737852
0.30558551 -0.76187219 0.48883722
0.64060947 -0.83411122 0.33915508
-0.70366657 0.70042062 0.31687965
0.4543064 -0.78394533 0.41624919
-0.29008092 -0.58487909 0.90044411
-0.57908986 0.51105403 0.12992271
0.21523466 -0.43950583 0.30152528
0.04441551 0.80163989 -0.79597716
0.98035884 0.01994967 -0.98307512
0.37637093 -0.54761464 0.2883483
0.49078885 0.70722541 -0.88257159
0.11693472 0.84860926 -0.7660356
0.35794145 -0.86203342 0.61147284
0.22323763 0.49859417 -0.60364433
0.43448731 0.51898766 -0.91361347
0.3982165 0.17623872 -0.48969749
0.00329309 -0.53563676 0.59678878
-0.09188735 -0.56394986 0.81590989
0.97634101 -0.22622143 -0.73891552
0.62666937 -0.72803938 0.33011883
0.33567762 0.68842417 -0.77993249
-0.3358523 0.57358318 -0.16192292
-0.22958369 0.54479689 -0.25922115
-0.76773377 0.0158871 0.80267663
-0.47128224 -0.22789939 0.71719595
-0.89214547 0.71950355 0.19631303
0.77661674 -0.59105688 -0.10487789
-0.22695961 0.17344847 0.05614918
0.47572526 0.66886242 -0.95619467
-0.08750676 -0.62633557 0.72832239
-0.86832701 0.19972437 0.83612146
-0.84561563 0.15613731 0.77189179
-0.85651803 0.47189788 0.47441611
0.30252989 -0.99268976 0.98959773
0.36704567 -0.71656613 0.46093283
0.95847049 -0.58233539 -0.05077055
-0.62888107 0.63504805 0.10221587
0.67678022 0.22559018 -0.81903992
0.44116016 -0.99981404 0.74378338
-0.62779798 0.64535218 0.04910955
0.24468708 -0.52498447 0.39563503
0.02992374 -0.72894919 0.75127402
-0.05217617 -0.6421887 0.79143909
-0.4737594 -0.04551225 0.59515891
0.06215532 0.96884642 -0.95181083
0.7228571 0.28264797 -0.99431413
0.75333687 -0.28268954 -0.38139752
0.76157916 -0.21164087 -0.54580306
0.12047458 0.47311287 -0.5683148
-0.54129492 0.77198484 -0.09359003
0.53367445 0.41777413 -0.74241414
0.98645255 -0.61175992 -0.05070912
-0.32656587 0.86992344 -0.53349412
0.55127275 -0.59161744 0.08688699
0.50360778 0.46068743 -0.93571166
-0.32833152 0.69518107 -0.2953502
-0.94282197 0.61968722 0.37990806
0.70479263 0.11235348 -0.80601942
-0.67055697 0.55734407 0.5097698
0.6418309 -0.73320314 0.50224686
-0.53364933 -0.02843779 0.76032215
-0.78436256 0.19201676 0.77543687
0.2939712 0.71748784 -0.71336394
0.42523764 -0.14027083 -0.26209366
-0.42577795 -0.07991731 0.74802462
-0.74549447 0.62293022 0.36643701
-0.61142435 0.93725086 -0.31294553
-0.15429536 0.71800835 -0.48754034
-0.88258757 0.07291216 0.92498818
-0.66518077 0.32371204 0.35830756
-0.80740792 0.25661892 0.57487628
0.23049506 0.5711182 -0.59529264
-0.1546096 0.92876093 -0.73998955
-0.4424268 -0.08631089 0.56786353
-0.36392003 0.09795735 0.27191521
-0.8502053 0.87227081 0.04493852
0.52947059 -0.83614264 0.37138942
-0.22105723 -0.62650136 0.91305394
0.62321124 -0.53124808 0.14124339
0.94009113 -0.68387767 -0.24580989
0.53306199 -0.01050729 -0.43385023
-0.51338281 -0.32987326 0.86546424
-0.29983166 -0.19904743 0.52457391
-0.58806278 0.79897334 -0.03138383
0.83833031 -0.24728361 -0.34927732
-0.8773529 0.2779066 0.71842724
0.23885092 -0.34495984 0.13795456
-0.94190497 0.33961673 0.7105212
0.40624995 -0.83173617 0.5813805
-0.00775905 -0.3856145 0.54009177
-0.91648973 0.83022883 0.09132032
-0.86769203 0.73574428 0.13588905
0.17865767 0.67417287 -0.81616361
0.99445248 -0.88885402 0.15117839
0.62371568 0.04700735 -0.54593288
-0.4039683 0.97767363 -0.55036653
-0.01365353 0.4387051 -0.28843311
0.60167738 0.58199643 -0.94618464
0.56497012 -0.87080815 0.5486795
-0.43120537 0.08656761 0.38337669
0.66618502 -0.0992048 -0.41463006
0.85921895 -0.09004008 -0.57900367
0.28098771 -0.96411751 0.74506871
-0.78905304 0.7418998 0.08304511
-0.78688041 0.40032903 0.40653636
-0.61980406 -0.18412297 0.81221525
0.48889662 -0.11049548 -0.2117952
-0.98360114 0.35986027 0.66859854
-0.51691278 0.9902794 -0.24014091
0.51611113 0.47198169 -0.89780748
0.77299606 -0.48953686 -0.16706549
-0.77369569 0.56977611 0.45644834
-0.22819726 -0.65144988 0.9559381
-0.19733062 -0.49075874 0.81473155
0.51647158 0.58848098 -0.90824919
-0.12341711 0.38011544 -0.25026524
0.82681846 -0.46572942 -0.14097367
0.11800906 0.82087777 -0.82424793
-0.93826583 0.77662487 0.19593718
-0.97760557 0.53817576 0.72061824
-0.05394879 -0.32709937 0.39197808
-0.50374536 0.32425426 0.18051712
0.43859306 -0.71222743 0.39134126
-0.23086915 -0.46808131 0.72301479
-0.62209567 0.19055315 0.48454433
0.92158037 -0.87110994 0.06900793
-0.92294297 0.80067613 0.71457022
0.33417722 -0.90119013 0.61417606
0.78132728 0.15837421 -0.79126141
0.57752579 -0.0159646 -0.49725693
0.54536772 0.3404682 -0.82087869
-0.50076803 0.95452631 -0.31697121
-0.02347733 0.43063372 -0.3964653
0.48467824 -0.90780051 0.46577773
-0.48443328 0.74658583 -0.22720848
0.23016597 0.51573642 -0.6749552
-0.49008966 0.41093423 0.22344266
0.22639418 -0.95474326 0.86731712
-0.75576175 0.76284015 0.11264293
-0.6399865 0.00101612 0.68772123
-0.9445958 0.38756827 0.70852334
0.12105855 -0.86258515 0.94178523
0.52264803 -0.00472938 -0.51073222
-0.39026552 0.77215634 -0.35344396
0.58166462 -0.67627436 0.31589428
-0.04213009 -0.88378718 0.94897825
0.91191586 -0.6097055 -0.15578766
0.60781771 0.51702745 -0.93992449
-0.4833283 0.79684225 -0.24222147
0.58911444 -0.90849815 0.71147776
-0.06083995 -0.57289277 0.65089835
0.45121154 -0.69467055 0.3659719
-0.30957438 0.08333463 0.23483158
-0.91535287 0.84676522 0.16781261
-0.22713927 -0.4404063 0.98867744
-0.21516854 -0.64706412 0.97012643
-0.54514734 -0.16689175 0.75688604
-0.09591029 0.94697448 -0.57584892
-0.16193386 -0.69339586 0.90478475
0.93359528 -0.89696783 0.01685609
0.63539005 -0.74946543 0.14055787
-0.63259277 0.86163119 -0.13338073
0.19668666 0.40976674 -0.5857114
-0.09480373 0.54196665 -0.35595507
0.92663576 -0.02289076 -0.88467052
0.76862188 -0.5042606 -0.13928613
0.46011119 -0.40850172 0.0103061
0.90605152 -0.88495872 0.36695763
0.13263264 0.74522594 -0.78667287
0.2855548 -0.77209092 0.69696059
-0.14382398 -0.3833091 0.57447554
-0.280273 0.74815861 -0.44784249
0.81900768 -0.59423112 -0.03541291
-0.83464653 0.90477036 0.06975751
0.2404487 0.44768243 -0.57845705
0.81970998 -0.71697183 -0.05660206
-0.73099405 0.42069664 0.47153279
-0.68727416 -0.02390664 0.76701118
-0.89290999 0.08908582 0.88893717
-0.46249953 -0.05882132 0.83731673
-0.31356361 -0.28412735 0.70194986
0.35430565 0.26121034 -0.57656913
0.05971259 -0.5291699 0.47465128
-0.85523809 0.11304711 0.88979407
0.01303921 0.75589197 -0.56791131
0.37931787 0.58050449 -0.74379332
0.7359688 0.26603923 -0.9492805
0.74040365 -0.65592801 -0.03855687
0.64879384 0.30183122 -0.8048704
0.45654695 -0.98988056 0.88548912
-0.07175921 -0.35823353 0.44569015
-0.612954 0.92452761 -0.15169513
0.40417896 0.39484238 -0.71196896
0.61917473 -0.73161515 0.12071451
0.46296373 -0.6640266 0.20219713
-0.04511642 0.69984735 -0.62519387
-0.83995631 -0.05134281 0.90632609
0.02511748 0.9525227 -0.82682359
0.48815203 -0.70520934 0.24326865
0.28495906 0.13647136 -0.37173731
0.13393205 0.74395118 -0.82798029
-0.73007148 0.33183235 0.46871901
0.12325335 -0.67027551 0.61575659
-0.65328226 0.89685039 -0.21274229
-0.96217054 0.38080297 0.70883436
-0.6035463 0.88397875 -0.22379373
-0.47755057 0.62752086 -0.14103628
0.82112488 0.21508201 -0.96645877
-0.07296466 0.65475612 -0.43326573
-0.92784201 0.65317748 0.29426952
-0.51157893 0.30233672 0.32574849
0.92589227 -0.08370713 -0.78958905
-0.06222899 0.00479405 0.07447898
0.5181193 0.37439788 -0.77661251
-0.38721838 0.96863382 -0.55853061
-0.68286999 0.61403136 0.22013336
0.62766325 0.28685953 -0.79755979
0.93381698 -0.23545352 -0.34887308
0.204986 0.43574253 -0.54370687
0.3992122 -0.04010099 -0.30750049
0.64923718 -0.77482225 0.15710818
-0.05683286 -0.68456882 0.76803072
0.2884883 0.2755572 -0.48272648
0.6138821 0.59892081 -0.87724856
-0.91034741 0.94033402 0.03420059
0.52304025 -0.38132492 -0.13831112
0.65489654 -0.4215792 -0.07537971
0.99765343 0.04046628 -0.74664806
-0.69660708 0.62353424 0.14991555
-0.1877292 0.89836809 -0.64668809
-0.34973997 -0.36967525 0.77881945
-0.39817605 0.76018574 -0.20517178
-0.34937933 0.60901487 0.0929032
0.91420491 0.06170071 -0.90593146
-0.89946711 0.48494875 0.44549731
-0.1721258 -0.6051622 0.84450561
0.15693021 -0.90766255 0.84376217
-0.3950956 -0.20568719 0.65934155
0.02831116 0.97725735 -0.84236594
0.88270948 0.08505599 -0.86924075
-0.78637941 0.92624702 -0.04299784
0.71912878 -0.13286978 -0.52309403
0.36720069 -0.90037836 0.64076908
0.33477431 -0.50777712 0.18350305
-0.81969486 0.61674368 0.53947032
-0.43679296 -0.36989459 0.87548172
-0.52090999 0.77725817 -0.20972035
0.76792593 0.21073324 -0.82727179
-0.14378298 -0.79276309 0.97937114
0.89828272 -0.41747992 -0.47932295
-0.9735827 0.51259935 0.48477873
-0.15343388 0.50504108 -0.30311875
0.14057973 -0.47712081 0.56556728
0.3575882 0.25851198 -0.57812568
0.46800472 0.72936705 -0.98294788
0.04526436 -0.70911261 0.86187277
-0.8743382 0.4386496 0.47948513
0.72917898 0.12353724 -0.71589313
-0.74762495 0.09308726 0.94562808
-0.11657531 0.80323572 -0.68338561
-0.86111876 0.69129908 0.28960064
-0.94558137 0.28431374 0.68154025
0.78570295 -0.48979741 -0.16964259
-0.82650223 -0.15302214 0.98115913
-0.79714354 0.0818591 0.78925108
0.33657327 0.31233114 -0.54922672
-0.46871584 0.77109664 -0.1088319
0.80218812 0.07845576 -0.67496052
0.45413807 0.35989721 -0.80166506
0.16907528 0.18444809 -0.34578383
0.4668597 0.00465862 -0.45200692
-0.22129631 -0.27078966 0.75605152
-0.32258736 -0.27730458 0.61878877
-0.55067426 0.33470709 0.36096474
-0.40686758 0.6708561 -0.04418793
0.55076449 0.29526522 -0.84149249
0.59857617 -0.39476106 -0.18081066
0.40564555 0.11528363 -0.46222473
0.26159843 0.80810297 -0.90681381
-0.5812155 0.31920542 0.43042922
0.51165399 0.75055183 -0.96153118
-0.87635727 0.26391567 0.73381024
0.62382195 0.26093948 -0.86622073
-0.41817446 0.92165788 -0.30879772
0.9342311 0.01107089 -0.85032459
0.39477086 -0.08275767 -0.30795564
-0.52946601 -0.06409441 0.81448049
0.11728623 -0.81033746 0.80287636
-0.42244952 0.22387649 0.23662151
0.85389917 0.05324467 -0.59671872
-0.94227674 0.06806493 0.91227258
0.97148065 -0.47218642 -0.44661176
0.88660043 0.16354198 -0.6610179
-0.13067732 0.56197884 -0.42667735
0.18586183 0.75930916 -0.9135048
0.3198539 -0.85212273 0.68646934
-0.13765184 0.8585442 -0.63858066
0.1058321 0.4717111 -0.55534121
-0.03436214 -0.80073604 0.94324186
-0.41170351 -0.38659878 0.86897378
-0.1471213 0.548534 -0.36463296
0.1001104 -0.61265382 0.81579708
0.27335877 -0.75887052 0.59747405
0.74015798 -0.6198989 0.10894525
-0.68964622 -0.08269819 0.89115576
-0.55041997 -0.18013254 0.88720672
-0.65841496 0.54786487 0.19279804
0.30822135 0.00501196 -0.27707139
-0.76779406 0.04450208 0.94902503
0.96846555 -0.07238074 -0.83983256
-0.30532676 0.87508431 -0.33501448
-0.9280597 0.06705812 0.87046848
-0.48228512 -0.40251324 0.90448527
0.48870825 -0.03820674 -0.44825731
-0.07898461 -0.59925879 0.82779576
0.67783902 -0.63168922 0.04606055
-0.80059668 0.05430483 0.92961472
-0.09003104 0.66748939 -0.35327476
0.02323563 -0.72210822 0.79306413
0.66775097 -0.64893245 0.11446488
-0.57659124 0.0835653 0.57031157
0.47819981 -0.29490331 -0.14331158
0.16331883 0.76581817 -0.86469484
-0.1373349 0.56074426 -0.41403189
-0.59832868 0.76463551 0.02384897
0.60129754 -0.76493749 0.17479677
0.4039297 0.31302462 -0.6659287
-0.69312524 0.89784523 -0.13216185
-0.65712627 0.27028482 0.47521428
0.6882196 -0.10022548 -0.5847709
-0.54575821 -0.18530221 0.90592215
-0.17794769 -0.42988536 0.63010454
0.55365437 -0.62093243 0.09166855
0.03129894 0.68388835 -0.69877902
0.31374618 -0.35935063 0.18429278
0.42893084 0.575132 -0.97497737
0.1635985 -0.67593941 0.60338387
-0.80432491 0.97279968 -0.11261179
-0.60860824 0.8761961 -0.26025738
0.21139444 -0.90056299 0.81222079
0.91844864 -0.61392044 -0.30160023
-0.6804234 -0.20530263 0.92766177
0.28432461 -0.15763537 -0.08225898
-0.79355807 -0.08739186 0.98668606
-0.53956677 -0.20543899 0.97366381
-0.13273987 0.77403348 -0.59411092
0.91488459 0.03873325 -0.92906868
0.99977512 -0.32709532 -0.59193716
-0.16858389 -0.57967027 0.81394518
0.45024954 -0.73589725 0.48027494
-0.59781382 0.49939006 0.10684732
-0.16555664 -0.53626089 0.71897935
0.99984466 -0.86471015 0.30559091
-0.4064289 0.64172347 -0.15168943
0.62898241 0.09283872 -0.68499121
-0.67034337 0.2324188 0.49307989
-0.85234412 0.7899662 0.17260729
0.05112459 -0.51803364 0.49425739
-0.80665161 0.18571037 0.67005126
0.22868836 -0.79370607 0.60617218
-0.61036269 -0.21455978 0.86247592
0.29372302 0.62050277 -0.81343535
0.16072375 -0.97964897 0.95221697
-0.09325325 0.12097389 0.00169184
-0.50457227 -0.31872041 0.88084652
-0.86740947 0.4022954 0.61137296
0.33782457 -0.36807474 0.10795371
0.33702835 -0.59926203 0.27019033
-0.15096521 -0.54667408 0.83825487
0.75481211 0.20969218 -0.87246572
0.05832389 -0.86806242 0.85705688
0.30840472 -0.65807635 0.73974534
0.88575879 -0.5698173 -0.17117144
-0.37592584 -0.38106634 0.91801456
0.08214453 0.3717621 -0.29011859
-0.69423393 0.18231234 0.84160008
-0.05579916 0.06940914 -0.01240996
0.42297617 0.31952735 -0.61460381
0.90494674 -0.96670219 0.15060347
0.76072896 0.33980608 -0.84102926
-0.29182691 -0.13280115 0.4909244
0.08266762 -0.94542267 0.98935561
0.9283164 -0.21109492 -0.64152865
0.71004213 -0.08076 -0.62714964
0.59491325 -0.71759907 0.28570252
0.95137446 -0.29187509 -0.64969426
-0.66829096 0.96471616 -0.18047269
-0.5857102 0.17458116 0.57020465
-0.63279311 0.65332614 0.13704339
0.68831818 -0.25657679 -0.3549407
-0.75710926 0.22875076 0.54362377
-0.54786012 0.43556292 0.23558458
0.51505434 -0.4579767 0.03531037
-0.33301384 0.99798754 -0.64305023
0.96172432 0.08144885 -0.99694057
-0.0577259 0.42320206 -0.22757498
0.297673 -0.86910427 0.74379658
-0.25475878 -0.50398238 0.81709677
-0.31215168 0.72274666 -0.12182529
0.25866666 0.56412662 -0.81533543
0.22848684 -0.54204817 0.40240696
-0.92027387 0.30914865 0.78024757
0.82271728 -0.81671323 0.03980593
-0.77704948 0.32801802 0.45952111
0.85849816 -0.9637438 0.57532516
0.40925269 0.32372795 -0.70922182
-0.57539225 0.2199356 0.41543246
0.8447876 -0.62386317 -0.12546454
-0.01503186 0.64225615 -0.60129354
0.71326867 -0.76367578 0.06644691
0.81730995 -0.21831914 -0.54002629
-0.07101059 -0.4668979 0.69965684
-0.23455453 0.03776974 0.20310855
-0.81698188 0.16782864 0.69170672
0.4217339 0.24489415 -0.5706201
0.97533917 -0.20619551 -0.60590727
-0.3233969 -0.54769717 0.89527235
-0.73130777 0.1390687 0.80063975
-0.54550014 -0.0192739 0.67427222
-0.81748929 0.68164165 0.24875018
0.99957387 -0.88726001 -0.01162577
-0.11363144 -0.45044743 0.74949975
0.49006002 0.32245176 -0.72057428
-0.80749873 0.3105358 0.56633585
0.34686475 -0.30587072 0.04663421
-0.25245726 0.7916589 -0.44839399
0.10382599 -0.70950966 0.74627017
-0.66492276 0.6962608 0.02870812
0.93781921 -0.03163582 -0.85740851
-0.91816387 0.37451442 0.80698256
0.03884363 -0.71915938 0.81454913
0.35813231 -0.42683631 0.22420145
-0.08351652 -0.3961849 0.66614277
0.25905639 0.70204624 -0.82107536
0.37575618 -0.77574665 0.55894229
0.11438419 0.92734587 -0.78912871
0.29344434 0.3974585 -0.62601976
0.20698326 -0.64496906 0.55081328
0.36284269 -0.15275083 -0.19289892
0.64920538 -0.90544117 0.34138434
0.40649761 0.21814706 -0.57211366
0.29041609 0.73235148 -0.94785866
-0.87313011 0.36422562 0.8552361
-0.23407854 0.72115521 -0.45880885
0.40900145 0.68275284 -0.9672715
-0.3394525 0.18034433 0.16797289
0.603843 0.3910268 -0.93948021
0.64134439 -0.06358545 -0.47640892
0.2378529 -0.60340953 0.36593128
-0.04205264 -0.58350656 0.88922637
-0.53367785 0.53898963 0.10509938
-0.84893591 0.99823981 0.08219105
0.69579362 -0.56977731 0.00699632
0.95334729 -0.56953119 -0.26898851
-0.4222713 -0.08601139 0.5683126
-0.65088126 0.72713067 0.06282014
0.19844521 -0.56096524 0.38993911
-0.86111968 0.95665211 0.19074018
0.73888548 0.42706641 -0.821771
-0.93195194 0.40269931 0.58760745
0.39206835 -0.06796384 -0.30312052
-0.9450977 0.9280342 0.08832068
0.4899546 0.11584762 -0.46290462
-0.42484472 0.67585396 -0.20141746
0.49294782 0.39073044 -0.7092934
0.93779278 -0.46984111 -0.46320192
-0.07551089 -0.12047537 0.33797143
0.94266043 -0.89671946 0.01050462
0.94331178 -0.83934963 0.02205073
-0.09339219 -0.3436928 0.46646275
-0.91114769 0.59597699 0.42798173
-0.71526795 0.04029125 0.69648295
0.99015853 -0.92764632 -0.03809755
0.94656182 -0.0290626 -0.63326968
-0.70459886 0.58829325 0.20595621
0.93377321 -0.70977363 -0.09051896
0.55467737 0.45516579 -0.9690256
0.95196441 -0.78695417 0.14734653
0.42700933 -0.34759801 -0.06478246
0.09770387 0.14017211 -0.21964147
-0.01431892 0.80769085 -0.72003885
-0.18539701 -0.40089666 0.61840916
0.1515211 -0.27216436 0.18215585
-0.67487854 0.31771974 0.45196538
0.15400887 -0.89770485 0.90301842
0.89087283 0.30761641 -0.95733113
-0.29390584 0.99897175 -0.5333524
-0.00394624 -0.3426745 0.47279231
-0.40607669 0.78066722 -0.33423471
0.80515483 -0.8160818 0.34026729
0.33564998 -0.50663618 0.20737526
-0.01849795 -0.05945587 0.09592693
0.29091696 -0.85458679 0.83088633
-0.46843428 -0.0585488 0.58106764
-0.41222036 0.5647088 -0.11027132
0.89724105 -0.18470594 -0.65589639
-0.50775459 0.77200835 -0.24189071
-0.34003171 0.59207488 -0.03174075
0.83433208 -0.37931456 -0.45256672
0.28411734 0.32975845 -0.36390822
-0.02006713 0.62236806 -0.55067894
0.15702561 -0.69201466 0.76915421
-0.24328703 0.46271631 -0.19654403
-0.31587796 0.38655996 0.02668325
-0.85537036 0.3589335 0.86540454
-0.73549119 0.23058631 0.57251243
0.14607907 0.80795725 -0.93124399
-0.35801795 -0.04161742 0.5105466
0.13271946 -0.74304033 0.64646505
-0.87581101 0.60732323 0.40575263
-0.24283101 0.55622868 -0.25514568
0.42578014 -0.68785308 0.36951956
-0.93421985 0.96483422 0.04276066
0.07995731 0.17553118 -0.19949589
-0.374306 -0.54761247 0.98296792
0.57431246 -0.99855109 0.71845554
-0.59027927 0.50545005 0.1924856
-0.94185374 0.91887427 0.18323695
-0.10600677 0.37620343 -0.25768818
0.60949518 -0.85073912 0.31137101
-0.65141859 0.93960517 -0.27883164
-0.43412977 0.86581769 -0.26121977
-0.66267582 0.7529785 0.11563201
-0.95167744 0.52790009 0.8127007
0.30565528 -0.68689141 0.42328799
-0.99216175 0.36476508 0.64776256
0.12470491 0.50309781 -0.525207
-0.71002445 0.37746974 0.7194163
-0.12264727 0.99185486 -0.7040187
0.88499337 -0.06948604 -0.81321073
0.14654846 0.64753144 -0.78161607
-0.09080468 -0.40872412 0.52188872
0.60569602 -0.05132009 -0.50426709
-0.33989208 -0.36352614 0.81548517
0.40197001 -0.42662718 0.11532351
-0.61889571 0.19476608 0.54588597
-0.14320532 0.59680345 -0.41684225
0.58491609 -0.18676656 -0.30339467
0.32583522 -0.86298193 0.67117398
0.35558951 0.61912094 -0.89419923
0.70575632 -0.28208359 -0.28442897
-0.85382921 0.91199015 0.19511305
-0.37730006 0.21601799 0.28106017
-0.78753072 0.24644806 0.66869614
0.53989226 -0.82317778 0.66564191
-0.99915802 0.38209978 0.68595952
0.37657224 0.29631123 -0.63015184
0.43745559 -0.87668398 0.53035383
0.39811301 0.62972002 -0.98288147
-0.206239 0.48213062 -0.22046724
-0.0071016 0.23169579 -0.20843585
0.41144693 0.60789009 -0.84735457
-0.52896604 0.05189113 0.50685315
0.45420599 0.28291265 -0.63847262
0.18140579 0.96947379 -0.85462945
-0.35583836 -0.23321206 0.81853984
-0.8964518 0.25644058 0.70083443
0.43697013 -0.89416217 0.80388762
0.23354281 0.75322442 -0.74473531
0.73977272 -0.1002569 -0.5037969
0.30075208 -0.84635474 0.60272131
-0.76980517 0.05139973 0.88345892
0.81651506 -0.81450315 0.21330667
-0.13332108 -0.61705216 0.95464114
-0.3029848 0.87347678 -0.39745121
0.98396446 -0.06929556 -0.90809874
0.39762631 -0.86543381 0.6855991
-0.62010929 -0.19372972 0.96991969
-0.39571809 0.65887059 -0.17810728
0.12803714 -0.53148166 0.41767879
-0.18673506 -0.62775991 0.93066441
-0.26223019 0.90774376 -0.53659416
0.34476602 -0.7211508 0.55760187
0.03385894 0.99786969 -0.9727161
0.89159814 -0.46005542 -0.40798879
-0.04689589 -0.57160646 0.72331612
-0.79130112 0.58274587 0.25604928
0.88975872 0.23088697 -0.87221128
-0.07182464 0.80502423 -0.39799143
0.41376568 0.32021756 -0.56329612
-0.75409383 0.48483703 0.27133184
0.30764674 0.05213271 -0.27713826
-0.85653373 0.61526664 0.3132184
-0.51895703 0.60952698 -0.0722907
0.0814756 -0.81600234 0.83655746
-0.79674017 0.14124347 0.84783686
0.88954448 -0.34983012 -0.40304203
-0.05119385 -0.78088214 0.87831847
0.17133592 0.76407452 -0.72264156
0.32335443 -0.84923531 0.70020778
-0.08276827 0.69907311 -0.58648079
0.85482535 0.06247178 -0.88992201
0.83075251 0.1480546 -0.92909367
0.29187778 -0.53209194 0.47133662
0.99940705 -0.49882649 -0.39753174
0.22330706 0.81141611 -0.95268098
0.77050343 -0.1872655 -0.4941839
0.8319883 0.22526484 -0.72662243
0.39712187 0.0935966 -0.3022827
-0.54771315 -0.19793064 0.94327646
0.78234501 0.36330209 -0.63624472
0.15514584 -0.61211126 0.57316111
0.89162913 -0.92327079 0.18912549
0.65742893 -0.40337674 -0.21981224
-0.71599279 0.68772447 0.03110897
0.06012787 -0.4442905 0.50313789
-0.72671838 0.06856325 0.84042567
-0.49175049 0.33716554 0.25373083
-0.20706025 -0.69032686 0.93405206
0.51368215 -0.90704996 0.41432095
-0.47421965 0.43268668 0.0542037
0.57320623 -0.66645018 0.10443177
0.81507218 -0.78647293 0.34366877
-0.65956166 0.53035798 0.22985453
-0.37014848 -0.39540434 0.78570176
0.24485903 0.80221115 -0.94931156
0.20331391 -0.34021653 0.16990354
0.36044684 -0.27528407 -0.0813367
-0.55245839 0.00609634 0.59734235
0.80225718 -0.85515218 0.11304746
-0.14097337 0.93132235 -0.68940436
0.58221664 0.32003073 -0.78029089
0.22101019 -0.64416838 0.54754399
0.28573001 0.32603345 -0.57343804
0.9136145 -0.24257608 -0.65767307
0.43068957 -0.0885386 -0.27880519
0.78891833 -0.98423246 0.29169935
0.30326727 -0.09573574 -0.15397033
0.58804778 -0.46254821 0.06412371
0.29814308 0.41993889 -0.65207617
-0.56591993 0.29051939 0.362775
0.73116879 0.10599278 -0.68118537
0.51805494 0.06586002 -0.5729057
0.95787744 -0.58980704 -0.11118147
0.96862526 -0.24004368 -0.63316609
-0.23543538 0.10413946 0.13796516
0.52702887 -0.86883291 0.71742948
0.18669222 -0.69806304 0.56017618
-0.9349411 0.991319 0.09966617
0.72678834 -0.9689528 0.4531568
0.32127989 0.0957914 -0.40003462
-0.46350343 -0.41851709 0.96858058
0.96046299 -0.24709086 -0.46565678
-0.54859242 0.97329563 -0.31607718
0.06489637 0.60908458 -0.56039217
-0.97712979 0.90995939 0.24258457
0.35001642 0.76991716 -0.94658094
-0.56113807 0.31084204 0.3566361
-0.91398376 0.84984941 0.06766568
0.80945037 -0.29531927 -0.43769837
-0.45809777 0.90300381 -0.21575868
0.3829178 -0.52196485 0.1468503
-0.97906649 0.49810721 0.60093313
-0.89491776 0.60025874 0.69330674
0.40392152 -0.94402139 0.71685924
-0.42459291 0.03908232 0.55947623
-0.90392751 0.81423998 0.25597778
0.58944173 -0.7286784 0.16308602
-0.00096389 0.77401688 -0.60322415
-0.52762306 -0.39028985 0.96621409
0.80657878 -0.78138937 0.01588503
0.61294336 -0.64007717 0.2273191
-0.07012838 0.03721567 0.04543122
0.5540138 0.65261172 -0.82920946
0.60408524 -0.52719813 -0.05979539
-0.47765503 -0.11857936 0.72063073
0.28405892 0.50912391 -0.7655203
-0.36891949 -0.21383826 0.78908395
0.41885434 0.57106802 -0.97681461
0.00355698 0.45299931 -0.40729951
-0.04688823 0.36566143 -0.21735255
-0.73555346 0.61750674 0.38543435
-0.54019914 0.23385132 0.32847347
0.94177143 -0.26498682 -0.65923205
-0.64909239 -0.14487222 0.84702864
-0.4386145 0.23041571 0.36820669
-0.1319169 -0.59448217 0.8497569
-0.04643381 0.89022633 -0.69893792
-0.56038944 0.75805442 -0.12290395
0.4431528 -0.23581809 -0.10299856
0.71317568 0.08539023 -0.79403488
-0.65633083 0.28666159 0.51070102
-0.54917822 -0.29976224 0.90469746
-0.84797231 0.80933972 0.10089777
-0.63769119 0.82191262 0.11139725
-0.5312838 -0.38905517 0.92496822
-0.06988688 -0.42694723 0.60128274
-0.96234667 0.95753637 0.3556703
0.1283739 -0.98939043 0.98829014
-0.60150956 0.61752955 0.49382771
0.05787873 0.9826818 -0.98136007
-0.19634572 -0.19779002 0.56409886
0.12007457 0.74177536 -0.64797141
-0.77134243 0.84041041 -0.025551
0.83936102 -0.72729277 0.06799454
0.47621929 -0.06338124 -0.38610456
0.98594652 -0.65692212 -0.31763969
0.81330086 -0.53801785 -0.25194413
0.75069044 -0.7548344 0.0824642
-0.19459925 -0.41467341 0.61275662
-0.6569061 0.01424823 0.73584743
0.56304043 -0.56249478 0.08762684
-0.12074677 0.93711378 -0.53262611
0.52785022 0.51789919 -0.97207518
0.96896546 -0.09499167 -0.86674739
0.66022522 -0.94811072 0.34275839
-0.42854444 0.97869828 -0.24716033
-0.67467164 -0.27263199 0.98544233
0.48228199 0.52760811 -0.76642476
-0.29010859 0.34408324 0.07888522
0.06017109 0.92853204 -0.91078401
0.61006934 -0.38761866 -0.22099462
-0.66469863 0.07443842 0.86925524
0.28778284 -0.71142526 0.80860276
0.74465542 -0.32679642 -0.37840657
0.83028117 -0.18064459 -0.56086689
-0.36668549 -0.4213636 0.86702353
-0.62218668 0.45667903 0.29163532
-0.91941587 0.98195976 -0.03074162
-0.49400711 0.29150839 0.25273994
-0.94865951 0.68381039 0.33356892
0.16844641 -0.82919442 0.67304849
0.30727599 -0.56962144 0.26970378
0.87422602 -0.2241038 -0.47796012
0.2757263 0.53695907 -0.78857355
0.81875676 -0.87561491 0.12322537
-0.27503043 0.01918064 0.27854958
0.17445297 0.51860758 -0.61346982
-0.8557692 0.40960277 0.69073406
-0.53892538 -0.44060631 0.98033482
-0.90304382 0.06742035 0.96150086
-0.35144923 -0.43817169 0.81596147
0.79330823 0.52323937 -0.77003254
-0.53404069 0.19224697 0.39276727
0.25796109 -0.81582379 0.56506943
-0.76409484 0.54338034 0.22861275
0.19271328 -0.60808469 0.47423501
-0.2657995 0.12038608 0.1589673
0.50741456 -0.88782222 0.59032387
0.08549885 0.65652816 -0.69300986
0.28373591 -0.70579947 0.42491562
0.51387897 -0.80449073 0.32141372
-0.74143792 0.02383423 0.79430357
0.34705 -0.22151427 -0.10440381
0.0283781 -0.64390088 0.98253429
-0.55534373 -0.21484639 0.83239932
-0.30392726 -0.62215916 0.95348036
-0.02238328 -0.68724949 0.76577552
-0.29442556 -0.11103183 0.42556404
-0.2089098 -0.13060226 0.472237
0.2641852 0.07970158 -0.34276838
-0.57105065 -0.14647451 0.88214605
-0.36931302 -0.35616581 0.84069152
-0.81904784 0.31573845 0.66990091
-0.82965983 0.08171295 0.79581276
0.09989466 0.85385658 -0.86908463
-0.78166818 0.12770389 0.80358369
-0.26257347 -0.68857635 0.96246236
-0.81198444 0.60273221 0.4378518
0.88812248 -0.24983054 -0.42928594
0.01255121 0.73243515 -0.51323697
-0.99063238 0.68066982 0.45528043
0.41167916 -0.78802979 0.43588305
0.3710086 -0.88415511 0.552997
-0.32858148 -0.04842871 0.57259732
0.56374139 0.40670806 -0.86845906
0.16092368 0.53007058 -0.61396028
-0.12169833 0.23865136 -0.09271994
-0.75391937 -0.10343115 0.8624598
-0.35882651 -0.14679809 0.53413639
0.65421962 -0.19953493 -0.3441605
-0.15345694 -0.30791539 0.51205878
0.96651647 -0.67503035 -0.27985362
-0.17637526 -0.19992994 0.41448443
0.634942 0.42226826 -0.91569199
-0.41403545 0.1719246 0.25811319
-0.00821749 0.46712418 -0.36732553
0.86861545 -0.55465196 -0.23422317
0.74127095 0.42783431 -0.90121825
0.36237824 0.13612145 -0.46834003
0.42460701 0.12957388 -0.48778704
0.92057609 -0.26648706 -0.58675891
0.89575265 -0.49941862 -0.13956251
0.04840858 -0.54027946 0.54418473
0.38699057 0.18274183 -0.56456342
0.68685116 -0.94568451 0.38722648
-0.95822636 0.7393058 0.25887245
-0.30870168 0.05258958 0.46771017
0.53181494 -0.10966544 -0.39642644
0.93178466 0.16465049 -0.82541869
-0.73438216 0.04629999 0.99428785
0.99262287 0.03933998 -0.88083084
0.68838915 -0.49066464 -0.18242613
-0.95245193 0.06447224 0.90526473
-0.84007937 0.92047066 0.13680489
0.83192276 -0.5191097 -0.23984039
0.88168636 -0.52808571 -0.34776669
0.6177353 0.0042561 -0.60363395
0.0661063 -0.78059957 0.96160353
-0.85783849 0.12872976 0.87201623
-0.12647764 -0.55280083 0.76681439
0.39319143 -0.96126595 0.68795473
-0.77361355 0.76382447 0.05632
0.33569909 0.75320052 -0.79492392
-0.4321471 -0.45494753 0.92796283
0.28022459 0.50410739 -0.58301458
0.2537511 -0.27398872 0.12862906
0.10830738 -0.69732734 0.68744661
-0.2788991 -0.20851587 0.600849
-0.61765489 0.95047204 -0.18846468
-0.50278479 -0.13215399 0.88900739
0.57909792 0.35500028 -0.77648447
-0.51658473 0.10663492 0.46990708
-0.20727604 -0.30160781 0.51964906
0.49060403 -0.65502655 0.34235875
0.10168188 0.96667819 -0.6353178
0.77669012 -0.6880109 0.13175292
0.80680617 -0.21012695 -0.4939571
0.63376634 -0.38854362 -0.03709609
-0.95551946 0.4415228 0.89812168
-0.74352039 0.19407535 0.58398474
-0.36785198 0.03935178 0.33682847
0.94926051 0.06546337 -0.83836142
0.79400677 0.0293617 -0.67488498
-0.02318771 -0.13978443 0.18462452
-0.5478168 0.07218131 0.53529574
0.8291611 -0.13573659 -0.58143838
0.54930092 0.16290585 -0.5915181
-0.40367227 -0.33419886 0.79666655
0.6854502 -0.64910932 0.23187126
0.33140268 0.35971257 -0.60342484
-0.27501082 0.31496298 -0.00745918
0.61447729 -0.20981933 -0.31334441
0.85611739 -0.41851633 -0.28992318
-0.16402279 -0.47363886 0.84257142
0.77441536 0.24718579 -0.92646731
-0.95441608 0.23711709 0.77900197
-0.38749023 0.04017491 0.36589905
0.10848833 -0.18736277 0.10494498
0.64100239 0.43252173 -0.9882618
-0.47562667 -0.23187232 0.79584985
-0.81616706 -0.05489599 0.89557061
0.610564 0.20321834 -0.78170786
-0.95791225 0.4123372 0.57829495
-0.37243225 0.69226892 -0.29562584
-0.55475315 0.92217015 -0.07600416
-0.39493084 -0.08845866 0.48827539
-0.43555686 -0.44369511 0.90378122
0.78935687 -0.61184079 0.06297632
-0.21427207 -0.1060441 0.35899414
0.40256247 -0.68150679 0.36330889
-0.0521676 0.93856014 -0.86765027
0.17372995 -0.96105495 0.86248863
0.6858251 -0.47116821 -0.12596641
-0.06702413 0.70707725 -0.39807069
0.38720966 0.35409996 -0.72410669
-0.28131796 -0.21267594 0.66627599
-0.86239382 0.0499497 0.84756972
-0.05169877 -0.59342717 0.7667922
-0.20999484 0.06196306 0.16836427
-0.65028383 0.72699326 0.20362962
0.68079512 -0.15403363 -0.51984529
0.56866532 -0.95728649 0.44716562
0.43033596 -0.93002981 0.6558516
0.44959795 0.47976488 -0.83312168
-0.46009049 0.79762583 -0.20253048
0.80443418 -0.38867458 -0.31304081
0.90020199 -0.13681007 -0.49281155
0.26533381 -0.2238674 0.03021313
-0.15653569 -0.40629206 0.66552718
-0.95504175 0.71383045 0.25141223
0.04239376 0.44904557 -0.39258104
-0.00911013 0.97077738 -0.7520328
-0.52709717 0.96562553 -0.43355946
-0.16327455 0.31311545 -0.12192036
-0.71255169 -0.26595657 0.98274491
0.43429441 -0.5832587 0.21139747
0.88204922 -0.74817946 0.16106464
0.0290302 -0.1464302 0.17813118
-0.68085015 0.67339706 0.113677
-0.58949639 0.44310595 0.2045981
-0.15863967 0.49760109 -0.15262296
0.25976081 0.23450382 -0.48862734
0.71481228 -0.74960537 0.03916909
0.84294442 -0.00101829 -0.81255541
0.23464716 -0.67079915 0.65732592
-0.28936912 0.78171084 -0.32123268
0.33937002 0.16772302 -0.42535074
0.80021862 -0.52796071 -0.2096663
0.81868569 -0.24253056 -0.36216941
0.34142562 -0.84064191 0.53031938
-0.63055385 0.63662316 0.16278601
0.68788066 -0.76808883 0.25494601
0.68337147 -0.8066703 0.26337654
-0.90992037 0.86228459 0.06295518
0.7633091 -0.05498343 -0.5449754
0.49007749 -0.73280801 0.32771752
0.78560789 -0.14489748 -0.60672744
-0.72500564 0.59169913 0.32136211
-0.91477518 0.41975182 0.50388535
0.26618613 -0.84888321 0.59541838
0.74582842 -0.84821861 0.32346613
-0.17591781 0.82318834 -0.50796245
-0.73454345 0.81083919 -0.0166199
-0.86531042 0.60238709 0.27099065
0.02383809 0.97626461 -0.85882429
0.29643095 -0.62114816 0.37462121
0.70206692 -0.34756437 -0.29846582
0.68245607 0.12220141 -0.64714885
-0.69362393 -0.06304859 0.78401465
0.98020668 -0.82322491 -0.12193041
0.37299742 -0.47734836 0.1561716
0.86659751 0.17348249 -0.91511553
-0.47842205 0.78039141 -0.17476303
-0.86560002 0.61585134 0.30481144
-0.3502322 0.47929975 0.00861325
0.53771772 0.04238954 -0.56847425
0.90125568 -0.49302742 -0.35133384
-0.09374108 -0.00524876 0.1450733
0.68441873 -0.7204052 0.21613232
0.13249654 -0.26319486 0.16351304
-0.8874168 0.67164508 0.25374253
-0.61619343 -0.05849812 0.80154267
0.706153 -0.60048717 -0.04036379
-0.78378882 0.05693973 0.90854808
0.6416187 0.50852707 -0.87863981
-0.23947751 0.56518047 -0.32543559
-0.20534698 -0.4949456 0.71964636
-0.77208655 0.89844273 0.1096629
-0.73537646 0.35093674 0.61774248
0.96918784 -0.02916058 -0.75983411
-0.9757958 0.64813846 0.35528539
0.52267143 -0.52582555 0.11378725
-0.18153272 0.18971012 0.03999536
-0.0986602 0.63294435 -0.50086367
-0.15108237 0.66460715 -0.38550728
0.61394687 -0.41573334 -0.15703049
-0.89246408 0.22146516 0.7871063
0.89701362 -0.69667325 -0.04164623
-0.209513 -0.16505228 0.44682943
0.62510895 0.31579971 -0.72991757
0.24055537 -0.63930159 0.43994823
-0.05043644 0.84520417 -0.79348276
-0.51132685 -0.0261908 0.58283467
0.63920101 0.53865706 -0.95483197
-0.99798353 0.7287299 0.27074642
-0.95052212 0.9828157 0.27589047
-0.98468142 0.54019265 0.83314536
0.71480799 0.42679991 -0.75513682
0.83473722 -0.86835337 0.21497362
0.5105593 -0.78110122 0.44534292
-0.95876595 0.8527276 0.33946143
0.4388577 -0.13542071 -0.26581294
-0.36552899 -0.34015678 0.86655081
-0.68436608 0.85261617 -0.03269328
-0.21505193 0.5760767 -0.1439043
-0.14663794 -0.48786482 0.82702202
-0.74600153 -0.02732784 0.84111005
-0.45415665 -0.27467859 0.76569939
0.74043285 -0.72746789 0.09105775
-0.75410482 0.87682416 -0.06345441
0.25745482 0.41665588 -0.56532227
-0.09264726 0.96064855 -0.86318453
0.80806153 -0.16216782 -0.54482059
-0.39910069 0.79349095 -0.35461267
-0.60619713 -0.16650575 0.8841047
-0.5562789 0.4249604 0.15045148
0.60435631 0.40762895 -0.80244735
0.46044091 -0.72971579 0.4683153
0.84766693 -0.6995337 -0.03909377
0.24628306 0.92783184 -0.7092229
0.83201451 -0.95547288 0.20836179
0.99995894 -0.87714837 0.14013446
-0.90559454 0.93415965 0.0879312
-0.1239085 -0.02810098 0.2427873
-0.34220756 -0.46136136 0.98953971
0.76018265 0.31576009 -0.68988771
0.78727168 0.25769192 -0.94352401
-0.42110398 0.80446863 -0.36020325
0.95198226 -0.79988724 -0.00269176
0.80916515 -0.16515362 -0.49684711
0.82728301 -0.94718639 0.38446507
0.17690386 0.36068361 -0.47168711
0.97082773 -0.68557533 0.05549392
0.97762641 -0.82622206 -0.08447634
-0.17222635 0.93169029 -0.70240209
-0.9082811 0.69077677 0.22861734
0.52687224 0.3493577 -0.68930094
0.17899968 -0.40926598 0.33384393
0.49637404 0.5007332 -0.94770646
-0.33026348 0.81616182 -0.29919316
0.72952468 -0.53494052 -0.08835533
0.45899529 0.00174306 -0.45367606
0.99000961 -0.41389577 -0.30637947
-0.86615253 0.4053793 0.60673729
0.38079112 -0.15559281 -0.21499611
0.77091583 -0.8290807 0.55900329
-0.67431106 0.78359517 0.03908971
-0.48377945 0.9140745 -0.37500465
0.63681088 0.27711639 -0.90061991
0.33211677 0.03209122 -0.30361329
-0.69174305 0.76574195 0.11031225
-0.31059468 0.14078458 0.20610121
0.67649744 -0.88255249 0.28059259
-0.81512758 0.73466768 0.21875607
-0.32672831 0.25707236 0.09023942
0.350622 -0.1408758 -0.1669094
0.26176864 0.3457823 -0.56591594
0.56861019 0.26706729 -0.81121511
0.82616745 -0.11247853 -0.62580662
-0.25386212 -0.1151281 0.45659402
0.19826641 -0.84810351 0.68072138
-0.60730431 -0.2569298 0.86904303
-0.45701174 0.0667099 0.51443408
0.47616832 0.68122997 -0.96258024
-0.89363771 0.24322393 0.77047786
0.51191484 -0.95167443 0.48672581
0.14270562 0.78778649 -0.71920085
0.15650707 -0.42433729 0.32547598
0.6970183 0.04062715 -0.68062071
-0.9813538 0.64907698 0.49001229
-0.3659381 -0.37840424 0.88178797
-0.83813318 0.32007624 0.60950225
0.79959257 -0.01105848 -0.73973772
0.45866141 -0.91877762 0.46956069
-0.36296211 0.49935421 -0.09678046
-0.73683639 0.76450763 0.04151279
-0.00225918 0.46695433 -0.41277373
0.83802084 -0.78895649 0.24589972
0.78858953 -0.57095474 -0.20890703
-0.11740874 0.41255116 -0.27437588
-0.26249529 0.96451659 -0.53217856
-0.00201829 -0.61501094 0.67878581
0.61890575 -0.55069257 -0.0474164
-0.51858781 0.08600094 0.45331933
-0.25022944 0.95554035 -0.44700341
-0.74452547 -0.08930059 0.84387297
0.77046229 0.30559219 -0.99549501
-0.29483413 0.68153619 -0.36495322
-0.41839995 0.52773751 -0.04070189
0.40129977 0.45931762 -0.74201559
0.00621888 0.80758044 -0.78900895
0.58261431 0.01995917 -0.52665224
-0.05225786 0.83136438 -0.73103302
-0.35812681 0.45976738 -0.06971452
-0.69012273 0.24621879 0.85041947
0.65197082 -0.55471709 -0.05504805
-0.83058668 0.69870134 0.20007658
-0.80651224 0.64735426 0.53632389
-0.79016879 0.47059492 0.6645975
-0.2914358 0.34328216 -0.00184606
0.59290306 0.24846551 -0.78610556
0.95910691 -0.66430749 0.05778497
0.23429203 -0.63734038 0.46952152
0.21498528 0.42683031 -0.62844747
0.43469832 -0.84810973 0.49648508
-0.73578872 0.94046331 -0.0730107
0.71025631 0.27778657 -0.61725894
0.83490014 -0.68306689 -0.05261689
-0.05720374 0.82999213 -0.75113674
0.22484788 0.22057729 -0.38763051
-0.7886367 0.49727263 0.30834443
0.74401349 -0.36042562 -0.31217171
-0.89133994 0.0876989 0.84777097
0.51959409 0.4091118 -0.86714917
0.01820364 0.88284667 -0.63830479
0.49897883 0.40674183 -0.84501757
-0.91561948 0.47205314 0.53731702
-0.39449585 0.6592306 -0.21463034
-0.96595238 0.62347906 0.39135616
0.12970442 -0.46880991 0.3604681
-0.23543458 0.35423707 -0.10090111
0.93925811 -0.22319151 -0.59108309
-0.86948122 0.72426698 0.17847379
0.02963489 -0.75337273 0.96975042
-0.62250641 0.2088278 0.53738355
0.62201742 -0.84217353 0.42141135
0.45243327 0.28409239 -0.71379582
-0.14507718 -0.2822507 0.51655676
-0.01560268 0.6410694 -0.56404795
-0.97866632 0.92399539 0.06584175
0.61272395 0.53251112 -0.93482916
0.18760343 0.48133804 -0.51100143
0.82197767 -0.71807062 0.0770409
0.43672809 -0.6404616 0.24407157
0.38306602 -0.74988236 0.41769375
-0.90341308 0.89960466 0.09077166
-0.18669933 -0.09419908 0.3177808
0.32880368 -0.89371534 0.56794844
0.80523547 0.45854018 -0.98418145
-0.42144567 0.78660852 -0.29021117
0.62570291 0.7313855 -0.89374015
-0.59902226 0.50926401 0.20277305
0.65940605 0.44621609 -0.86387136
-0.43767435 -0.06225699 0.61988683
-0.95041725 0.76620709 0.311471
0.27608378 -0.99487213 0.7730996
0.47172182 -0.52502461 0.06670026
-0.97105611 0.27005275 0.75285156
-0.4436251 0.58215125 -0.08587509
-0.10866253 0.98225259 -0.78091885
-0.51588668 0.69676295 -0.17406544
-0.38494606 -0.06507928 0.45239003
0.28239396 0.70005327 -0.93510763
0.79819645 0.44165382 -0.88717515
0.82399086 0.24119272 -0.97624502
-0.56420946 0.9104326 -0.27222839
0.71068791 0.28561404 -0.84110208
0.69098275 -0.88676754 0.28101849
0.83958537 -0.87854416 0.11893025
0.61743026 0.45806175 -0.8969894
-0.78218905 0.18074397 0.69270854
0.16579062 -0.72663323 0.66166846
-0.01398166 -0.63041942 0.67497637
0.36908414 -0.1010598 -0.25709122
-0.26632939 0.5524564 -0.27388062
-0.70863205 0.15875676 0.59191006
-0.34395258 -0.62123802 0.99311519
-0.63521326 0.97524055 -0.10967752
0.66093639 -0.88543482 0.41597194
-0.0904049 -0.52100869 0.88108131
0.95423264 -0.17620503 -0.70599792
0.94425626 -0.96902868 0.21101157
0.59989665 -0.82710377 0.26505284
-0.11037805 -0.41579595 0.55313846
-0.98248933 0.43082517 0.61567099
-0.19364968 -0.23487738 0.50500367
-0.77709241 0.79079009 0.0265898
-0.70428772 0.59473504 0.17104898
-0.36151176 0.64167034 -0.10618331
-0.23579258 -0.41080942 0.69905318
-0.53580145 0.43735235 0.21263984
-0.24834254 -0.51037783 0.82339142
-0.71886907 0.87302338 0.23844429
0.71090958 0.03975685 -0.72092359
-0.03040341 -0.20920162 0.28082753
-0.98548574 0.40906472 0.89165281
-0.99498284 0.40134044 0.77674338
0.00758979 0.69365124 -0.61970533
-0.77055243 0.10508822 0.72021126
-0.97791672 0.55241219 0.64517871
-0.48163605 0.89964299 -0.40474358
-0.14981107 0.69248484 -0.48855381
-0.76959976 0.5773381 0.37053526
-0.73028064 -0.11473971 0.87085144
0.34567871 -0.20726197 -0.12597969
0.92784361 0.18385193 -0.99638395
-0.01749329 0.33679262 -0.31713627
0.4263179 0.65056889 -0.91588407
0.94505887 0.20994718 -0.91748105
0.84585072 -0.95337236 0.34200846
-0.29411732 0.43594958 -0.12068376
-0.94020988 0.50813485 0.56252137
0.78008998 -0.36414308 -0.37941042
0.04397692 0.61767833 -0.63463212
0.60132423 -0.32333956 -0.2186134
0.09708449 0.75262696 -0.77524473
-0.70625702 -0.25977178 0.99238205
0.7214528 -0.7743781 0.089101
-0.71703619 0.99633648 -0.27106589
-0.70435045 0.73538662 0.40584462
-0.76294577 -0.07893277 0.84426967
-0.16778321 0.50224754 -0.31161712
0.02194949 0.45077532 -0.27254477
0.42657171 -0.90064174 0.51194254
-0.05687933 -0.12010233 0.22914015
-0.7246868 0.20702241 0.63648045
-0.79970295 0.03982704 0.76810705
0.89191476 -0.56618842 -0.24858959
0.71289338 -0.18463697 -0.3955463
0.37530966 0.41040729 -0.6902816
-0.45974116 -0.29199144 0.75931083
0.46216052 -0.8411878 0.67096071
-0.61133228 0.62828644 0.00541336
-0.23187372 -0.35499266 0.63850498
0.79937155 -0.64840962 -0.13244957
0.93632614 -0.68244361 -0.1173076
-0.7903123 0.47751911 0.35961752
-0.6184523 0.02616526 0.60185057
-0.45440611 -0.27502096 0.85270267
-0.61542053 -0.21083868 0.86904384
0.26301403 -0.03048248 -0.17196589
0.60591502 -0.21182436 -0.36751398
0.77028807 -0.09959011 -0.64250182
0.17291623 -0.80700816 0.87024764
0.57803194 -0.6991511 0.20623549
-0.0890491 0.42436967 -0.29733754
-0.0359239 0.76658755 -0.72745166
0.81722775 -0.87897886 0.62407286
0.42859107 0.40203166 -0.82059404
-0.41303466 0.84280813 -0.42681551
-0.05262955 0.71061438 -0.65495641
0.26205022 -0.2748331 0.04972831
-0.35932848 0.65491332 -0.18838183
-0.3905982 0.91747626 -0.50535384
0.32122557 0.69791668 -0.79792628
0.84969179 -0.44702984 -0.26345579
-0.16054711 0.9227963 -0.71900665
0.30279535 -0.96220403 0.81594906
0.57678177 0.37578077 -0.72118356
0.55702901 -0.66545506 0.10944978
0.41181463 0.57460572 -0.88578574
-0.58193526 0.7365288 -0.12883345
-0.7358843 -0.14018336 0.88583809
-0.99825711 0.49334154 0.55979353
-0.77366893 0.77137197 0.09802361
0.5489022 -0.41276797 -0.02931233
0.80607972 -0.23640233 -0.50637147
-0.4881876 -0.14322751 0.67939314
-0.61710415 -0.1285372 0.7815588
-0.16165548 0.73705379 -0.50490683
0.86038421 -0.00418047 -0.76961749
-0.01695796 -0.68144407 0.99680036
0.41741646 0.17079157 -0.52082721
0.71550441 0.02784163 -0.66928606
-0.35324312 0.91875014 -0.2888804
0.58258095 -0.3377139 -0.10999326
-0.30365915 -0.48801066 0.84042064
-0.2957619 0.59440162 -0.29532414
0.3533853 0.69823613 -0.9219043
0.47681 0.46159879 -0.86926434
-0.8904508 0.99405587 -0.08180443
-0.11119742 0.24896318 -0.10681316
-0.39897625 -0.37669854 0.92967204
-0.83819659 0.90022248 0.13170853
0.45835257 0.61452653 -0.9128664
-0.35941269 0.99666709 -0.50685612
0.42225847 -0.70424395 0.44608652
0.6041573 -0.553969 0.03134547
0.76241632 0.02899006 -0.73241205
-0.44904918 -0.39963148 0.89995579
-0.84807569 0.96693386 -0.03740195
0.02581138 0.91285089 -0.87636568
0.15312336 -0.48834377 0.36455472
0.74005094 0.13264789 -0.8638533
-0.65816722 -0.17288306 0.87636812
-0.79243274 -0.14543879 0.97462572
-0.43058408 -0.33472026 0.8371317
-0.87746328 0.13672003 0.84381159
-0.22618573 -0.46388063 0.98790954
-0.77383345 0.40878192 0.38377446
0.85784675 -0.59607106 -0.25596874
-0.98079255 0.47396942 0.61341779
0.35141688 -0.12770533 -0.13541734
0.61569112 -0.5175672 -0.09487883
-0.2585865 0.13928658 0.16913842
0.01051408 0.96245616 -0.96958144
-0.88196677 0.55428987 0.59622799
0.69071145 0.13945948 -0.69530893
0.54592904 0.19314091 -0.62897943
0.19814702 0.32996034 -0.47987501
-0.6183219 0.18846839 0.59864366
-0.99977932 0.95921553 0.17180875
0.02393806 0.46775964 -0.47427477
-0.73565324 0.6846212 0.11286761
-0.17728965 -0.45663505 0.70702367
-0.17149791 -0.38034709 0.59937091
0.27472066 0.37830523 -0.48220109
0.67901861 -0.52562579 -0.12182715
0.47559117 -0.55819193 0.17908252
-0.18260676 0.67833729 -0.32352737
0.51913389 -0.849393 0.41272871
0.93321534 -0.06124325 -0.74910529
0.22717185 -0.28841181 0.08227789
0.40921871 0.70975956 -0.97113347
0.14856082 0.72430366 -0.84986639
0.35344167 0.23586537 -0.46151825
-0.53553937 0.44078614 0.37360787
0.00297613 0.56902361 -0.54716229
-0.51845337 0.77969108 -0.23149542
0.08348372 -0.68790363 0.73342654
0.3451419 0.09127605 -0.43564298
0.73785138 -0.89749721 0.22125106
-0.18059901 -0.4338106 0.6805635
0.49975771 -0.48388167 0.04626827
0.45408957 0.3493454 -0.53949106
-0.30643214 0.68819722 -0.32142575
0.38450085 -0.40154264 0.11774446
0.78945543 -0.20607445 -0.53602797
-0.37455961 -0.49177056 0.98483063
0.45428672 0.16193385 -0.60975779
-0.45168984 -0.35399129 0.83463005
0.94834477 0.0641461 -0.78018859
0.91254596 -0.51406453 -0.36278432
-0.18803596 -0.23540048 0.52931198
-0.00560582 0.90872315 -0.86518892
0.76179834 -0.45779694 -0.25640425
-0.52067812 0.80070101 -0.18851797
0.83764443 -0.88097617 0.12168625
0.15110519 0.98593346 -0.940976
0.23131079 0.54083874 -0.75178283
0.58273977 -0.33309961 -0.20302248
0.35391725 0.21729764 -0.44641767
0.33111749 -0.35243993 0.14617557
-0.5673656 0.430751 0.29755691
0.66473586 -0.90247321 0.37188833
0.2623426 -0.7701158 0.78832088
0.41122362 -0.70007849 0.29248427
-0.81965293 0.90478149 0.12554951
-0.72073486 0.76712819 0.20614416
0.08242292 0.77466923 -0.77573897
0.13994288 -0.85204884 0.80058983
0.1018213 0.19817967 -0.29276947
-0.95689065 0.84548984 0.31514575
0.03690485 -0.80889624 0.86415221
0.41843057 0.5858365 -0.83548104
0.32897571 0.67691331 -0.95594213
0.85972778 -0.40222521 -0.38991244
-0.83364432 -0.05703839 0.98509035
0.66348803 0.30631574 -0.75377302
-0.33931003 0.46948376 -0.07450745
-0.12201016 0.78755595 -0.62326668
0.69900252 -0.67465601 0.02196354
0.37876026 0.37320414 -0.58539742
-0.51927355 0.22634631 0.37518633
0.5078428 0.39605701 -0.53890849
-0.90926397 0.49355799 0.6060591
-0.0431332 0.98653909 -0.85138887
-0.67906669 -0.11668398 0.99450835
0.34476883 0.6749686 -0.9793514
-0.08958614 -0.27838534 0.54372635
-0.04544445 -0.30568824 0.37831831
-0.82189286 0.8331153 0.11186442
0.68541466 -0.62200658 -0.00858468
-0.30694823 0.21124384 0.10732065
0.33383561 0.80936785 -0.97368042
0.82024777 -0.40720213 -0.11451452
-0.33380326 0.78893477 -0.29277266
-0.27541999 0.93761835 -0.44645647
-0.2095325 0.94023624 -0.69897932
-0.73035313 0.05392185 0.70989818
-0.04424149 -0.16350238 0.32431498
0.49053037 0.76746105 -0.94056622
0.26294411 -0.15361399 -0.09371072
0.48252136 0.31464142 -0.68652816
0.44590943 -0.46672814 0.04536189
0.87988139 0.20552146 -0.97941218
-0.78462464 0.49908814 0.31106391
-0.73574609 0.48811583 0.26259224
0.3192069 0.68564766 -0.98856329
-0.61317887 0.08697859 0.62397086
-0.14445243 0.53000571 -0.27168448
-0.5243971 0.91544542 -0.34191193
-0.66531768 0.55697229 0.18685484
0.35671387 -0.12003919 -0.19155524
0.52709357 0.58506783 -0.96473098
0.770293 0.33369019 -0.93766567
0.60884474 0.44808585 -0.92317943
-0.2638085 -0.38919975 0.86771861
-0.93036294 0.19510128 0.93142309
0.36446588 0.55602108 -0.89211825
0.81681171 -0.97106329 0.22477732
0.98645866 0.03414751 -0.92756029
0.64435418 0.36197465 -0.98380336
-0.25863918 0.01768402 0.24305922
-0.11879112 0.72883458 -0.52063278
-0.60843591 0.98550554 -0.06906126
-0.56534725 0.00992077 0.56034394
0.86638957 -0.23369267 -0.44393393
-0.23168628 -0.37456213 0.76030566
0.66968311 0.03080701 -0.68254988
0.68433735 0.80834108 -0.93424073
-0.51598025 0.86265481 -0.3417673
-0.40484327 0.62987303 -0.18971418
0.79268114 -0.32381451 -0.46763201
0.57174261 -0.36292452 -0.03807488
0.56866682 0.62526091 -0.9919758
0.97092451 -0.26691292 -0.57221109
-0.6085243 0.13229968 0.72210703
-0.76311855 0.97444636 -0.10338906
-0.88083773 0.83772262 0.56015661
0.3318718 -0.60440323 0.39149074
0.07761566 -0.76061727 0.81919734
0.88802311 -0.40246585 -0.39361838
0.26586787 -0.75626542 0.55151502
0.18994105 0.60025816 -0.71412737
-0.74587153 0.87526371 -0.12622814
0.75784805 0.06897462 -0.73033755
-0.43762707 0.94313559 -0.45371161
-0.42486637 0.84817646 -0.41877889
0.62108205 -0.77772143 0.32761826
-0.60358878 0.30412292 0.41808466
-0.54803361 -0.2002626 0.95102759
-0.10276515 0.93105988 -0.50546007
-0.04559149 -0.27721069 0.54920306
0.60205415 0.37347529 -0.82406888
0.71935727 0.54119507 -0.97728086
0.31061047 -0.91050035 0.60721392
-0.21374849 -0.47633212 0.9369826
-0.14996565 0.79991925 -0.57936528
0.73746149 -0.33030274 -0.11921796
0.66682583 -0.89737071 0.23876071
0.87563027 -0.45048219 -0.09368145
0.89358137 -0.69513047 0.01337972
0.80865262 -0.53619432 -0.24117668
0.75547724 -0.24168087 -0.4333994
-0.12679993 -0.20635934 0.42160197
-0.27892885 0.65518259 -0.33622818
0.79244197 0.01016409 -0.59812449
-0.76704663 0.83009804 0.04482481
-0.5464709 -0.21068468 0.79506335
-0.9336382 0.99280279 0.04196862
-0.10974996 0.60855431 -0.48372866
-0.11110001 0.93226823 -0.81107801
0.33599626 0.24598708 -0.48861404
0.44384481 0.72245765 -0.86311752
0.05066446 -0.8653506 0.97504727
0.73886156 -0.97928842 0.45610168
-0.9778816 0.1597222 0.97238295
-0.60747618 0.89532753 -0.1551868
-0.19372388 -0.4563382 0.76914533
0.09384769 -0.69211128 0.6229685
-0.80355714 0.26934728 0.61630291
-0.35396079 -0.51857264 0.95786779
0.47322989 -0.89427748 0.43063583
-0.61457128 0.83110839 -0.0727592
-0.00476239 0.62884669 -0.49423668
0.83570602 0.41908953 -0.95947477
0.52472715 0.43968335 -0.92862833
-0.45038605 0.86552659 -0.25715852
-0.21993542 -0.25548628 0.5042743
0.34292919 -0.77011697 0.51396758
0.26227518 0.4575464 -0.58774317
-0.75787345 0.97759178 -0.04719125
0.02987765 -0.6743988 0.64523666
-0.69699516 0.43371713 0.27716059
-0.00461317 0.69058487 -0.39919564
-0.90720225 0.5728224 0.99173897
0.60904166 -0.04306848 -0.47477233
-0.92830876 -0.00792678 0.99321876
0.96538014 -0.69496649 -0.03002509
-0.61645934 -0.22259869 0.86511461
0.43065236 0.54278976 -0.86121529
-0.57524725 0.60734438 0.05774094
-0.91376784 0.08236016 0.92265444
-0.79014215 -0.11430553 0.96869339
-0.06130815 -0.66482056 0.79855247
0.07630323 0.61730881 -0.6099089
0.76345206 0.16423937 -0.86360869
0.89515131 -0.2365828 -0.65238191
0.27497169 0.35282406 -0.5954537
0.61229945 0.18326769 -0.77171332
0.25388112 0.16831315 -0.40764336
0.01664932 0.76728778 -0.67489967
0.80392444 0.2088773 -0.98275245
-0.33723923 -0.11517856 0.51310261
-0.79093335 0.97759466 0.34656428
0.36732821 0.68126911 -0.64438041
-0.01961809 0.67289723 -0.51044976
-0.70495887 -0.22268755 0.93158829
-0.68807801 0.55485507 0.36136146
-0.91544163 0.0472082 0.97520044
-0.63692633 0.89286551 -0.22525855
0.26290266 -0.43723974 0.19695833
0.29985892 -0.04082087 -0.25522903
-0.43836448 -0.22556883 0.6867711
-0.80052095 -0.07866822 0.91724377
0.85897995 0.27401552 -0.87119932
0.31434042 -0.78093043 0.5052215
0.7620753 0.09395891 -0.77686999
0.85831352 -0.5627733 -0.27187838
0.75018981 0.26612962 -0.94267465
0.26137761 -0.44519986 0.19485246
0.3083923 -0.74813279 0.49383445
0.12700091 0.84149739 -0.75940379
-0.69019558 0.15523758 0.55001708
-0.04777683 0.97485234 -0.91025576
0.55702306 0.1929392 -0.72158477
0.96158335 -0.75202653 -0.12109082
0.67929567 -0.16000271 -0.51478773
-0.37318283 -0.27781533 0.66567228
0.73769749 0.04034914 -0.59151107
0.1244559 -0.65835971 0.93630607
0.41796819 -0.30427466 -0.07774815
-0.4445164 0.57193137 -0.10406402
-0.10697339 -0.59230042 0.7574274
-0.43175629 0.19552812 0.3093231
0.61048217 0.41990539 -0.94822097
0.49170536 -0.775707 0.38355308
0.04345121 0.46258279 -0.47389839
-0.21761979 -0.47967063 0.81148721
0.48733062 -0.39081225 -0.08319807
0.90056129 -0.16143024 -0.65978007
-0.29736499 0.29423925 0.0110461
0.84501351 -0.43807317 -0.25302885
-0.89943333 0.50312913 0.52050917
0.74613847 -0.80231993 0.58368839
-0.92691144 0.78861566 0.19274541
0.78130727 -0.15445803 -0.55072001
0.73936064 0.65839658 -0.94811738
0.59116245 -0.99723182 0.55113091
-0.41125494 -0.29099145 0.88750861
0.83143192 -0.30279177 -0.36282452
0.5265788 0.30558694 -0.56413449
0.19911004 -0.98260923 0.96311463
-0.98341279 0.94568184 0.23345511
0.47442328 -0.69634257 0.32420093
-0.32810883 0.86742345 -0.50267031
-0.13443174 0.24146002 -0.09889256
0.03700903 -0.21004986 0.32966041
-0.70137061 -0.0678459 0.85306045
0.61607035 -0.15589914 -0.36392858
-0.1416125 -0.64261324 0.82769485
-0.30764617 0.83868795 -0.5265529
0.05166456 -0.56423401 0.58818822
0.94240784 -0.90708843 0.08084764
0.26796188 -0.43708912 0.20103651
0.88004141 -0.5199077 -0.3410385
-0.67603778 0.76240073 0.01065006
0.38283641 0.56450429 -0.81735889
0.70808034 -0.73974024 0.17904749
-0.2027797 0.70506593 -0.37257355
0.21716708 -0.59871688 0.39098849
-0.11926458 0.43710449 -0.22853093
0.66936343 0.4220492 -0.89490528
-0.06303244 0.91715794 -0.78213525
0.5254724 0.63982491 -0.81146254
0.14082264 0.86082794 -0.73857811
0.77247838 -0.49425445 -0.23679592
0.34170162 -0.99943311 0.67069392
-0.57003374 0.21125924 0.41326955
-0.69754322 0.16770419 0.56055054
-0.92933815 0.70744145 0.23172796
-0.70817441 0.18120589 0.61773776
0.0550081 0.0046384 -0.05875938
-0.75584979 0.14584258 0.79111339
-0.70200521 0.26689623 0.5429848
0.16542754 -0.81727329 0.67024384
0.98018695 -0.89719152 0.29108092
0.63154153 0.30364298 -0.89112527
0.03599912 0.89386096 -0.79184187
0.96775745 0.1787373 -0.87298516
-0.77427869 0.55853554 0.30054439
-0.62109833 0.94693214 0.00322665
-0.29035293 -0.52472602 0.84250727
-0.35310851 0.92887267 -0.45133424
0.22682488 -0.95493227 0.92503344
-0.31667976 0.63978629 -0.19241401
-0.08930575 -0.19472025 0.44688238
-0.82191264 0.92683394 -0.03122218
0.68273839 -0.34997779 -0.27804742
-0.31404101 0.54008225 -0.19877678
0.50016609 0.51774079 -0.89277767
0.27847614 -0.11493028 -0.11537329
-0.64374795 0.35385303 0.33793476
-0.66750802 0.82409879 0.23684592
0.11933638 0.36957191 -0.48392786
-0.45773703 -0.48581911 0.94527659
0.56959231 0.37326656 -0.81595088
0.09873784 0.46417521 -0.48508349
-0.41546449 -0.15685212 0.79422515
-0.72935116 0.2554374 0.9181373
-0.47535839 -0.20797431 0.75888423
-0.70686675 0.13846218 0.59853538
0.26738054 -0.78986853 0.57924688
0.16032291 0.27029037 -0.35961442
0.25851012 0.77671633 -0.88619483
0.14873073 0.76292738 -0.85468471
0.56927805 0.37954641 -0.9133452
0.58807018 -0.78425101 0.25158254
0.71310232 -0.60498334 -0.00450808
0.30392768 -0.90087359 0.75356326
0.95232005 -0.74449881 -0.16025386
-0.09018501 0.93756958 -0.58703661
0.17398054 0.45464512 -0.56991126
-0.16008527 0.98293923 -0.58422628
-0.78985632 0.33375374 0.52431898
0.21195504 -0.54694886 0.37264239
0.64173825 -0.07512238 -0.42657898
0.88028573 -0.19570305 -0.5884037
0.9879038 -0.53108031 -0.44495173
-0.01336749 -0.65898572 0.68402971
0.05369378 -0.76705523 0.74055093
-0.20289824 0.81528 -0.55828279
0.4363712 -0.92283865 0.74857385
-0.01264763 0.2010051 -0.183307
0.4294253 0.02412778 -0.36798758
0.61719072 -0.43639609 -0.14000575
-0.69315344 -0.07769609 0.96164768
0.67868543 0.67832298 -0.92574054
-0.19280907 0.86437252 -0.5326085
0.77465556 -0.67146132 0.05101372
0.91761136 -0.59241865 -0.23055461
0.87400924 0.65854786 -0.93760118
0.68445742 -0.14450592 -0.4538565
-0.99218638 0.55964122 0.87788547
-0.46975806 -0.3452166 0.95489674
0.28799216 -0.3115903 0.02995082
-0.50152513 0.97205882 -0.29607049
0.50441662 0.59324585 -0.95205816
-0.18116727 0.47371781 -0.28229758
-0.92517135 0.24141507 0.68937008
0.52795308 0.05456384 -0.56797466
0.63382473 -0.85971543 0.227959
0.19089632 0.85267963 -0.65628833
0.11424982 0.6712602 -0.56036611
0.31449956 0.47832443 -0.72923201
-0.65645831 0.18472355 0.97754378
-0.88502542 0.62413364 0.26163759
-0.10810814 -0.59931409 0.71551573
0.42232335 -0.43915564 0.1212843
0.59878821 0.05278323 -0.6496373
-0.4039233 -0.43478122 0.9451743
-0.5537554 -0.11788154 0.72253746
-0.06367142 -0.66020764 0.72787462
-0.73617305 0.03849227 0.85563718
0.29780509 0.77383129 -0.93541114
0.96880108 0.02261551 -0.94481829
-0.57946761 0.37730361 0.23232562
-0.14562436 0.63843398 -0.41531833
0.85918203 -0.3530741 -0.37012388
0.63817155 0.16575812 -0.65524888
-0.11494938 0.83429427 -0.39408892
0.97090163 0.27979492 -0.98678453
0.00430833 0.22751949 -0.18876361
0.60459623 0.15189782 -0.51271555
0.07548816 -0.9519996 0.88679197
0.42785531 -0.58818196 0.21535347
-0.05692847 0.3453821 -0.2732004
-0.52866052 0.93753252 -0.33264682
-0.1208707 -0.35723789 0.56486583
0.6248201 -0.62755742 0.30120374
0.92494369 0.1284328 -0.78999497
-0.27364276 -0.14967365 0.4655529
0.66111949 -0.42783662 -0.15941844
0.65978269 -0.93719994 0.33832441
-0.04579809 -0.24609326 0.35998864
-0.2273167 -0.493499 0.96304859
-0.90421485 0.18938065 0.93900061
0.45941183 -0.08532592 -0.34492619
-0.26950674 -0.15842832 0.586745
0.97228741 -0.8345123 0.06231474
0.8330572 0.24192707 -0.87902236
-0.35029044 -0.17025037 0.54181616
0.23944299 0.93232674 -0.82123377
-0.87030623 0.48924218 0.45403793
0.8464954 0.04671873 -0.73188939
0.66650378 -0.20995762 -0.27116262
0.8566485 -0.59556019 -0.17525777
0.53441649 0.47175739 -0.98127206
-0.92283337 0.43892423 0.80367908
0.55183786 0.60960087 -0.80866374
-0.53164453 -0.34944691 0.91675044
-0.31483854 -0.18911707 0.5084675
0.20897319 -0.57335039 0.43751861
0.94027545 -0.29091773 -0.59301246
-0.07031975 0.43525769 -0.28519021
0.54151705 -0.86511195 0.42752432
-0.64228651 0.46813305 0.33689602
0.48793489 0.44256876 -0.8442891
-0.27975573 0.65054381 -0.28844234
-0.08998629 -0.74907634 0.95176455
0.00338566 -0.40507678 0.45314563
-0.00256946 -0.64600144 0.7206506
-0.66423778 0.00327443 0.7152847
-0.72286907 0.67652812 0.05138045
0.47486061 0.44960482 -0.7814558
-0.83596165 0.0977151 0.73985745
0.74546283 0.3583598 -0.95596474
-0.00930403 0.66244497 -0.63218939
-0.24304604 0.76298286 -0.27054014
-0.95141482 0.4099337 0.57151534
0.29243752 -0.91735454 0.85878645
0.70546902 -0.47272138 -0.17097505
0.67388334 -0.13013252 -0.42345526
-0.93521352 0.68625449 0.65312699
0.51420345 0.00958059 -0.48791782
0.96133883 -0.45098763 -0.44952941
-0.42958259 0.05143446 0.49470052
0.48550358 -0.85000913 0.464998
0.10162755 0.67273406 -0.46558589
-0.09250345 0.55515535 -0.33681802
0.22425974 -0.51674303 0.304479
0.50396023 0.0752488 -0.48787024
-0.84807676 0.53081968 0.47723456
0.06056998 0.78017542 -0.84044712
0.98402648 -0.5365673 -0.40926357
-0.19161536 0.78750914 -0.49826787
0.77078048 -0.090029 -0.60626045
0.59889369 0.21045283 -0.79447215
-0.78262702 -0.03195178 0.825111
0.76380134 -0.45770996 -0.22637806
0.74798808 -0.54856676 -0.1713812
0.15356921 0.86029572 -0.75362045
0.22066079 -0.73079242 0.75230692
-0.1783506 -0.13910563 0.45314743
0.4477944 0.55682444 -0.9901516
-0.8038288 0.56391916 0.28060755
0.37016354 -0.94708973 0.72357172
0.80523254 -0.19535942 -0.57339086
0.85057716 0.22772147 -0.91445551
-0.65462909 0.14189258 0.57868663
0.31490113 -0.90292104 0.63103474
0.38148579 -0.97529986 0.69878523
0.78454287 -0.46951692 -0.30496497
0.13881066 0.14148773 -0.17337244
0.71146789 0.20095437 -0.88393636
0.08471708 0.9456564 -0.94916854
0.60879114 0.12706546 -0.59657138
0.65249598 -0.74787004 0.16643573
0.38219672 0.53428453 -0.68932088
-0.61433976 -0.08245733 0.77959186
-0.34839926 0.42425288 -0.05648532
-0.40900656 0.75038164 -0.24209345
0.65474645 -0.56225177 -0.07023431
0.23141682 -0.21687277 -0.00904736
-0.91465389 0.61884183 0.41535051
0.54763007 -0.93406734 0.52720853
0.52403021 -0.1843293 -0.27420607
0.80242175 -0.58789285 0.12578502
-0.71217167 -0.02071908 0.86109113
0.62665026 0.21688852 -0.79906972
0.06749141 0.86073738 -0.85358699
0.53752147 -0.19249755 -0.31601141
0.61109382 0.3134817 -0.79836306
-0.43574913 -0.01500102 0.53140682
-0.71851672 -0.15840078 0.96342076
-0.55321607 0.42457646 0.21140935
-0.09944132 0.47746132 -0.26790262
-0.17592678 -0.62174788 0.91940404
-0.90784938 0.49574947 0.68288998
-0.94957451 0.34870075 0.81080174
-0.82477793 0.4141385 0.46127553
-0.43991781 -0.40995455 0.96431162
-0.63375765 0.57868453 0.15501219
-0.64871846 -0.2571902 0.92736989
-0.01342885 0.89797471 -0.73886857
0.14224796 -0.82147571 0.69479819
-0.21627529 0.08957907 0.1481679
0.05152803 0.99656116 -0.81480906
0.62584631 -0.30969047 -0.26365614
0.60876766 -0.46283546 -0.07080387
0.36297627 -0.85778049 0.65795266
-0.93026 0.820039 0.2442171
-0.91770194 0.74763939 0.27298564
-0.70385387 0.96606499 -0.1067796
0.40358156 -0.91157663 0.78057459
0.24438923 0.71168974 -0.90389643
0.20527819 0.09790805 -0.29657248
0.80362111 0.21535908 -0.73975068
-0.51913666 0.84092154 -0.23234058
-0.89929471 0.39291438 0.62635049
0.64774865 -0.74765529 0.1650999
0.66065035 0.22343829 -0.75715897
0.34313896 -0.93375732 0.62398088
0.65937637 -0.45317018 -0.18999101
0.82817161 -0.50319115 -0.2119791
0.8018306 -0.74212243 -0.05614572
-0.98492402 0.05244045 0.94702757
-0.65931028 -0.0157837 0.69513641
0.79213111 -0.18566893 -0.52919068
0.45512055 0.27876853 -0.72429291
0.5362706 -0.69502238 0.16815377
0.43996192 0.57379776 -0.85108919
0.95424922 -0.73395214 0.35074616
0.50298921 0.40401139 -0.74985919
-0.97345248 0.48166513 0.83803307
0.75062386 -0.63914339 0.07317943
0.98482438 -0.57817674 -0.39575501
0.37927223 0.96759834 -0.96816718
0.6972122 0.21966683 -0.69338166
-0.13714385 -0.69663228 0.85001924
0.98719258 -0.66835208 -0.04914268
0.26973919 -0.76492027 0.68259634
0.90781622 -0.43163116 -0.32713951
0.66317966 -0.9440732 0.3760276
-0.94169378 0.24496631 0.72344818
-0.0641312 -0.27720978 0.34857857
-0.08214228 0.31183509 -0.21708579
0.56862648 -0.85471463 0.33651593
0.59556889 0.18911467 -0.77034242
-0.72557127 0.13958257 0.64271368
0.90869931 -0.61324871 -0.29531652
-0.18044457 0.29671419 -0.10814235
0.20803061 -0.24638199 0.06591254
-0.62615537 0.4290504 0.26598114
-0.76422647 0.70232778 0.0776873
-0.58623824 0.83134276 -0.20389272
-0.88028467 0.58575053 0.46323526
-0.5796557 0.58845213 -0.00372482
0.04753311 0.54468734 -0.47999457
-0.6749254 0.3961166 0.32922786
0.09340834 -0.67794855 0.63330586
-0.75704491 0.15146986 0.7243898
0.60349503 -0.1435819 -0.45016145
-0.89335466 0.78044892 0.12250673
0.99066382 -0.75602126 0.28730155
0.79042894 0.01230337 -0.75105347
0.56448888 -0.85522973 0.47779794
-0.7803255 0.69173822 0.34771715
-0.36404007 0.9024093 -0.49959888
0.36564282 -0.93928566 0.6192027
0.56768245 -0.03185886 -0.52436436
0.65922718 -0.21394048 -0.33220605
0.25328497 0.63351301 -0.80765688
0.70219604 -0.84967921 0.3815293
-0.41211981 0.86624125 -0.43054369
-0.28805797 -0.06556424 0.36633081
-0.86614733 0.90138352 0.11577709
0.69510765 0.13081369 -0.82122892
-0.17998684 -0.59795201 0.97102939
0.57423421 -0.62175332 0.31307754
-0.10552455 0.73639062 -0.50222105
0.44288132 0.32025108 -0.70539423
0.22912767 -0.44783091 0.2661093
-0.36356083 0.69150168 -0.31215062
-0.91751471 0.66984353 0.48669746
0.7498702 -0.06135289 -0.55449624
0.53324701 -0.53325351 0.04591021
0.84785951 0.07381591 -0.84088139
-0.81610677 0.77811227 0.16349427
-0.7359256 0.83444173 0.02733688
0.33025463 0.67596412 -0.79434501
0.6191244 -0.64808858 0.16735688
0.92719348 0.15855039 -0.77689216
-0.47697386 0.82110823 -0.25627403
0.32290916 0.51205117 -0.82822081
0.1418967 0.83972127 -0.88371583
0.13235906 0.88454482 -0.88166523
0.1584016 0.78450652 -0.89633353
0.92558106 -0.98250733 0.20054655
0.80689744 -0.90649523 0.54225428
0.69784611 -0.16510275 -0.33671043
-0.95456045 -0.02500072 0.99469013
0.85505769 -0.65514434 -0.06817186
0.01993688 -0.75032943 0.94348277
-0.04058977 -0.44326945 0.56814468
-0.94422772 0.82058239 0.18552279
-0.24029614 0.61649116 -0.35739806
-0.34001795 0.14473641 0.20187749
0.78130742 0.25822497 -0.94462805
-0.42733018 -0.4920864 0.97683162
-0.81253162 0.59013065 0.273419
0.56841444 -0.63859262 0.07596007
-0.37042752 0.9513381 -0.49821217
-0.90245601 0.90364869 0.00160195
0.50639975 -0.03308369 -0.46602454
-0.82364321 0.72325064 0.12273994
-0.80290566 0.71748905 0.38293112
-0.10515282 0.30234607 -0.13140777
-0.67616515 0.11572049 0.64048729
0.55353565 -0.33789092 -0.12868103
-0.28981131 0.47610319 -0.14101232
-5.41012126e-01 9.07579505e-01 3.15372357e-04
0.77388444 -0.35478722 -0.15350205
0.20431042 -0.55870052 0.42459001
0.71406445 -0.4201736 -0.28574012
-0.43342142 0.85003307 -0.33831842
0.56820859 -0.43275435 0.07825079
-0.99262412 0.98499461 0.03910734
0.70975567 -0.7682182 0.12213746
0.70298568 -0.75366727 0.05923102
0.40936153 0.22758678 -0.52647299
0.03352376 -0.43732713 0.63723578
-0.71647224 0.07669995 0.7639472
0.09953223 -0.6353536 0.70195122
0.18474867 -0.81709032 0.86753688
-0.88171572 0.96214886 0.05315667
-0.41716044 0.86343717 -0.38188213
0.67412947 -0.75935777 0.1840009
-0.52856038 0.8853483 -0.34199739
0.55876113 -0.84269042 0.31233806
0.91652256 -0.13163971 -0.7373013
-0.39258622 0.3324231 0.09287477
-0.52879681 0.78974037 -0.04145943
-0.72141985 0.95890581 0.10547331
0.31818067 0.32075469 -0.6304731
-0.02512879 0.6353386 -0.35275154
-0.21039306 0.5488364 -0.20883479
0.6436279 0.20415505 -0.82908464
0.61049618 0.37748418 -0.79361178
-0.59877582 0.03960938 0.58619707
0.7133213 -0.0864856 -0.30150614
-0.58509854 0.84339256 -0.08619358
-0.77311751 0.53094214 0.51234541
0.07598642 -0.93881721 0.90406576
-0.05288357 0.76206653 -0.69264124
-0.36995731 0.99932124 -0.53669969
0.61897854 -0.10463925 -0.300817
0.32280782 -0.70983679 0.63112625
0.83242903 0.11131529 -0.84120281
-0.91105846 0.31891101 0.7618537
0.94378744 0.12059175 -0.95756301
-0.00393058 -0.62579943 0.68112276
-0.93882455 0.44288519 0.59932875
0.13480076 -0.52289779 0.46576492
0.35287481 0.37248083 -0.61862198
-0.65359867 0.02401726 0.67298197
-0.25318144 -0.4836332 0.7403377
0.76875515 0.03406706 -0.62688445
0.66298104 0.43224692 -0.93953634
-0.47505959 0.16489448 0.42651532
0.62826274 -0.86934919 0.60735428
-0.42668567 0.74878201 -0.18495044
0.62250564 -0.76570353 0.28619211
-0.83653208 0.06117669 0.82301763
0.33034898 -0.76710302 0.49767995
0.58003954 -0.96339442 0.46093271
0.93557685 -0.32968868 -0.43264401
0.19159279 -0.59088557 0.46160329
-0.84854498 0.58131373 0.3866551
0.55064862 0.38592979 -0.82780288
-0.53602997 0.35577063 0.20687944
0.84997363 0.19384035 -0.86027098
-0.33484098 0.02638147 0.32365311
0.16321719 0.55496302 -0.67369387
-0.47324012 0.59768011 -0.05253216
0.5290982 -0.7350897 0.2571976
0.55443711 0.82360972 -0.98350145
-0.23228079 0.89551022 -0.62835384
0.89041675 0.15879341 -0.90713552
0.14281851 -0.28282942 0.14959399
0.11476069 -0.73949023 0.63776661
-0.08959721 -0.43614226 0.54968032
0.0077577 -0.5209447 0.54446479
-0.37321352 0.25159608 0.29217784
0.95137581 -0.25513814 -0.56148413
-0.76312925 0.61537787 0.21752908
-0.54872754 -0.18720393 0.97165558
-0.83562359 0.93783907 -0.03835371
-0.8734265 0.00241773 0.9702296
-0.0918726 -0.54754339 0.7964982
-0.01692284 0.94167258 -0.88585272
0.00538958 -0.78882225 0.82881724
0.23842926 -0.6796388 0.69260708
-0.52412614 0.73288407 -0.12852919
-0.6288231 0.7933244 -0.12543869
-0.90113079 0.57067917 0.3821978
-0.76511906 0.09002858 0.76641504
-0.54740512 0.07068198 0.61049903
0.242645 0.75481994 -0.97972415
0.48035034 -0.32402104 -0.14051068
0.51834157 0.1662965 -0.62309452
-0.16781428 0.78008364 -0.34614154
0.65195033 -0.52223511 -0.09766478
0.99843288 -0.62664461 -0.28836748
0.95449675 -0.70564603 -0.08286202
0.07777224 -0.50621554 0.50573253
0.61153954 -0.30276531 -0.19578353
0.90785635 -0.79335417 0.04886658
0.14112809 0.57239485 -0.50400692
-0.47458845 0.46948461 0.00697812
0.06555803 0.82421521 -0.79341797
0.05465626 0.97384907 -0.96287804
0.31296245 -0.88626326 0.78579949
0.73186902 -0.81716893 0.1163794
-0.08404677 0.38300083 -0.26055248
-0.34947153 0.15194238 0.25980562
-0.45544949 0.38342748 0.38038502
-0.98583269 0.55854254 0.46655197
0.03659292 0.40697538 -0.36398071
-0.36376957 0.8183679 -0.38240191
-0.80168455 0.60255951 0.62071229
-0.01077543 -0.39359649 0.6433068
-0.11607468 -0.69346642 0.89927644
-0.88341743 0.3045094 0.61244271
-0.98310623 0.6354639 0.61996792
0.52143217 0.23581772 -0.7000007
-0.13863706 0.71029522 -0.43530619
0.17780497 -0.4821225 0.56365053
0.43747021 -0.59095012 0.42250829
-0.48845548 -0.10464644 0.82495116
0.161851 0.39383691 -0.41266192
0.36709556 -0.65122733 0.42181538
-0.90653866 0.99515343 0.10606719
0.06535093 0.66825374 -0.65643125
0.30703405 -0.61435513 0.51436804
-0.34957905 0.68178581 -0.20786916
0.62318969 0.15817652 -0.75407291
0.48330818 -0.99354906 0.65600611
0.71218483 -0.45216257 -0.15933498
-0.01819187 0.3304369 -0.28408515
-0.31653726 0.18125505 0.16206955
-0.35832085 -0.16819876 0.71090081
-0.68325329 0.15070941 0.67137103
-0.26364884 -0.26075577 0.69108433
0.25082804 0.69130901 -0.80502
0.10486004 0.67814521 -0.66331246
0.10444674 0.38357149 -0.47949951
0.2287106 0.08061466 -0.28269546
0.25776237 -0.64500373 0.39658836
0.6015041 0.4477827 -0.86040922
0.7725468 -0.07623324 -0.46514566
0.51442673 0.3055859 -0.78300731
-0.67206947 0.86473576 -0.15567338
-0.63694864 0.89200628 -0.18354169
0.85222826 -0.94370495 0.40822064
0.30913529 -0.54956595 0.30276801
-0.45603209 -0.25128093 0.71595892
0.04745056 0.79505948 -0.6626984
0.161647 0.16558722 -0.24619871
0.60301533 0.39987471 -0.92945112
0.61414915 0.31543513 -0.91278341
-0.29820553 0.7845546 -0.4476027
0.06464572 0.49030123 -0.49707361
0.86954435 -0.42926476 -0.24217897
-0.78671913 0.75851 0.03780058
-0.766648 0.72918796 0.1041608
0.74513115 -0.4007147 -0.25074664
-0.99390623 0.97687462 0.03893861
0.88716638 -0.5847323 -0.21541626
-0.79848473 0.55648517 0.34775433
-0.71155143 0.81036784 0.15874302
0.635745 -0.33007761 -0.19926891
-0.70275685 0.99168824 -0.04770963
0.8619776 -0.05522022 -0.58647148
0.8751513 -0.4797837 -0.19032208
-0.24041619 0.52680566 -0.26974949
-0.89756046 0.45227874 0.7711786
0.19551856 -0.74380955 0.56015791
0.72388326 0.0915667 -0.7637464
0.10706522 0.52565688 -0.46299064
-0.32749397 -0.4666404 0.86292085
0.25483579 -0.97024731 0.78694017
-0.40689695 -0.39095489 0.91190155
0.37753287 0.32694851 -0.69361111
0.0995521 -0.90079694 0.83156182
0.41422136 -0.99501043 0.69753117
-0.88472627 0.05781297 0.87602854
0.32478074 0.47168332 -0.52476774
0.57362645 -0.79182667 0.219821
-0.55027663 -0.13604356 0.80362803
0.50318431 0.10639981 -0.44466446
0.79825819 -0.29104982 -0.36531722
0.80537328 -0.4668275 -0.26381537
-0.58478763 0.08980088 0.55525288
0.73220004 -0.81519381 0.09420793
0.72596367 0.18206986 -0.90073119
-0.26158018 0.33371008 -0.0374809
-0.66782813 -0.14586485 0.96660778
-0.95689151 0.29396968 0.7001469
0.4835013 -0.0111619 -0.31430073
-0.72272222 0.07936015 0.80607444
0.28876947 -0.98774721 0.82584796
0.65722841 -0.89098623 0.59543619
0.66955662 0.30035526 -0.96935444
-0.28373993 -0.01350824 0.31693963
-0.9920481 0.23532282 0.76981012
-0.69416668 0.30783922 0.38652515
-0.99446719 0.7404028 0.31934816
-0.40274088 0.64083252 -0.10199361
0.72257925 -0.07609694 -0.61946709
-0.68642326 -0.05544463 0.76812241
-0.46904619 -0.01374119 0.55174287
0.06283436 0.89905438 -0.83407248
-0.117632 0.23887881 -0.07658799
0.93711698 -0.27621835 -0.5573859
0.13131047 0.62642183 -0.63021904
0.40052473 0.65773923 -0.9696274
-0.18261987 -0.53417471 0.86443554
-0.48793291 0.73311539 -0.1245717
-0.72734753 0.47478023 0.47781316
-3.00915581e-01 3.22824742e-01 2.64745857e-04
0.28610539 0.83033628 -0.9154137
-0.85986985 0.19050014 0.73002956
-0.03409547 0.89623933 -0.84754631
0.8807049 -0.15171966 -0.56553708
-0.62989184 0.11567796 0.53016771
-0.47641703 0.04064982 0.48608593
0.67759967 -0.72239071 0.04960835
0.85191622 -0.96777028 0.63978216
0.43344356 -0.64487862 0.22131409
0.17219088 0.50182801 -0.61562621
-0.23980723 -0.09885574 0.4207863
-0.50823683 0.96574067 -0.29614988
0.28730079 -0.42961841 0.20402838
0.25398787 0.72295231 -0.95612455
-0.87887752 0.29686359 0.6503771
-0.62537997 -0.05726313 0.70170975
-0.916619 0.67974291 0.52577054
-0.66657857 0.83042286 0.06397636
-0.40957011 0.94198017 -0.38184479
-0.97964607 0.39909866 0.95145677
0.67574884 -0.73818506 0.14254898
0.23817204 -0.86828571 0.86105791
-0.99906889 0.41317899 0.92952714
0.92217172 -0.48731801 -0.39942638
0.84350514 -0.07302815 -0.77028965
-0.42661211 -0.10687238 0.6565739
0.71063689 -0.02117793 -0.58346557
0.72614888 -0.88093602 0.61615043
0.80269925 -0.81884248 0.01723268
0.2404251 -0.84995253 0.62360657
-0.1171898 -0.71807891 0.89628511
0.54424285 0.33312337 -0.83328108
0.45552013 0.37515642 -0.79177562
-0.90158598 0.26915331 0.68403939
0.61771479 0.20438767 -0.72419975
-0.9524107 0.85107508 0.34035136
0.67287235 -0.64732653 -0.01967491
0.17648167 -0.31054352 0.20791996
-0.82306638 0.09681809 0.8151699
0.38606662 0.49537052 -0.85804534
0.37194478 0.4182068 -0.78108949
0.41650006 -0.27094675 -0.12250766
-0.0896632 0.49224776 -0.30348391
0.05328672 0.5539204 -0.56910971
-0.54551018 0.81248706 -0.24522661
0.77429672 0.66116358 -0.91478279
-0.1592183 -0.66140599 0.99548924
-0.38700457 0.17228969 0.21672034
0.30230364 -0.86350969 0.62335881
0.31289548 0.67492368 -0.94918622
0.8128581 -0.45150444 -0.08846739
0.91846376 -0.79597356 0.01674039
0.34935746 0.15839084 -0.45534537
-0.79951272 0.6328666 0.2970068
0.03183174 -0.10354735 0.09317496
-0.09702533 -0.68351103 0.78739296
0.85286496 -0.93949682 0.21348058
0.16293844 -0.98928268 0.89546012
0.37683004 -0.77053605 0.52822301
-0.1539165 -0.27514558 0.50349659
0.70540244 -0.18133928 -0.33334527
0.08415207 0.96162259 -0.85727386
-0.3200028 0.19467196 0.2051941
-0.18077967 -0.25364681 0.61383923
0.5525829 0.08138151 -0.5786988
-0.26143868 0.55028192 -0.24687232
0.76761943 -0.78453007 0.11746884
-0.6888623 0.90074265 -0.10945354
-0.97472266 0.68503272 0.35182041
0.05020089 -0.73474666 0.78236347
-0.0250862 -0.64721255 0.87309445
0.63185242 0.26630251 -0.6881259
0.78687273 -0.93886655 0.24174187
-0.85602586 0.66323066 0.22834783
-0.95354258 0.57591772 0.43157863
0.83617042 -0.68169317 0.02668675
0.7697561 -0.08890365 -0.57503191
-0.24851157 0.83856149 -0.47739895
-0.25398725 0.59810341 -0.32767444
-0.63848498 0.40105463 0.32979434
0.40064513 0.76975971 -0.96693745
-0.85098219 0.70456464 0.31369309
0.69001547 0.04398898 -0.71705853
0.73669034 -0.06996495 -0.65801907
0.48385896 0.03851403 -0.49282266
-0.12880119 0.86994175 -0.65813387
-0.89325449 0.8025681 0.1463578
-0.39624967 -0.18171624 0.63141393
0.91759026 -0.30247088 -0.26638422
-0.79506023 0.0141752 0.86826095
-0.85441869 -0.08623778 0.97966453
-0.32314728 -0.15744805 0.63605759
-0.34959076 0.88460036 -0.48717463
-0.13695242 -0.27944005 0.47448614
0.89815712 -0.0784563 -0.77942417
0.92027409 -0.14900827 -0.68930966
0.1403066 -0.01257176 -0.12599747
0.39987617 -0.77246259 0.49627305
0.06092003 -0.95395184 0.92705878
0.63904399 0.43775536 -0.94727854
0.9414111 -0.68920599 -0.19320188
0.41537152 -0.72187573 0.33881401
-0.4761397 -0.33801519 0.88988853
-0.11960939 -0.53460592 0.79627537
-0.0401825 0.51687573 -0.33560431
-0.46214803 0.99902361 -0.40095263
0.49346557 0.55119559 -0.95195084
0.77153419 0.30652156 -0.83226072
-0.33938766 0.15244882 0.24174202
-0.17350834 -0.26860594 0.60265133
-0.05379029 -0.47101666 0.60007352
-0.64790037 0.61250138 0.10298716
0.01506427 -0.80012164 0.83174036
0.55689153 0.44342109 -0.99885348
-0.15265127 -0.27032461 0.46335053
-0.08709772 0.55188162 -0.44933346
-0.99677008 0.52690863 0.60242395
0.28395643 0.20091203 -0.39197603
-0.83725807 0.96460597 -0.07591888
0.68240758 -0.8128301 0.19056856
0.22733919 0.34389821 -0.54296103
-0.55541292 0.23185037 0.42360619
-0.99161205 0.23189043 0.79853142
0.64594284 -0.54469171 -0.05864297
-0.0464076 0.69665631 -0.57101965
0.49642854 0.35507204 -0.67945242
-0.16518612 -0.60588969 0.91547767
-0.9287099 0.07464809 0.95449373
0.08603066 0.18163859 -0.19171237
0.0241731 -0.91734863 0.9281955
-0.36436143 -0.33930822 0.97441326
0.75546083 0.21202375 -0.85363003
-0.68096854 0.38655238 0.42244183
0.04808604 0.58336112 -0.61733401
0.9564324 -0.82377999 0.12815839
0.19545394 0.97565966 -0.90403578
0.69194349 -0.9444738 0.45288931
0.16921186 0.83326808 -0.96803607
-0.29058442 0.17731241 0.11794935
0.14840822 0.20648671 -0.34514606
0.66581429 0.39317036 -0.89363396
0.04347508 0.99759044 -0.92952408
0.83541693 -0.10538119 -0.57697598
-0.72971956 0.66504829 0.19536305
0.93700185 -0.04308669 -0.77840009
-0.3954391 0.96460045 -0.43185887
0.94724252 -0.19768334 -0.71442868
0.48355728 -0.62504382 0.2630343
-0.27214642 0.4789947 -0.19750458
0.75061185 -0.69810433 0.14633913
0.58083619 0.40131725 -0.90327225
-0.26641437 -0.37125329 0.73712076
0.39253332 -0.41806252 0.03184538
-0.84124408 0.93415375 0.10673513
0.17749362 0.72641083 -0.88732501
0.66396619 -0.38920644 -0.19971267
0.51824023 -0.52322535 0.03401454
0.77105849 -0.35022848 -0.32207542
-0.74896358 0.9048602 0.17573639
-0.57532736 0.13702855 0.75446328
-0.6787795 0.89376118 0.07458227
-0.42967734 0.25167666 0.54620472
0.08689818 0.78567565 -0.63803388
0.07483451 0.33061995 -0.40261192
0.03553059 0.6981074 -0.66244603
0.7474293 -0.20133175 -0.44251766
0.11140858 -0.6280147 0.55064433
0.24027754 0.05127414 -0.28979019
0.71315062 -0.89568633 0.36760044
-0.33628301 0.55474029 -0.17563952
-0.45923198 -0.11031903 0.96886455
0.41934935 0.21193949 -0.6251562
-0.80909402 0.18940721 0.97232318
0.83340888 -0.14834245 -0.63324684
0.19341942 0.39657784 -0.45176729
0.62009076 0.19783428 -0.55809946
0.02307263 0.6966638 -0.58871436
0.69017468 0.29400252 -0.83309349
-0.06015753 -0.91422662 0.98600005
0.05705089 0.89349592 -0.92239465
0.05362983 -0.57669133 0.52732176
0.01512516 -0.41406028 0.67983823
-0.60328258 0.90610096 -0.18817135
0.51559769 -0.94417255 0.51809559
-0.22899596 0.35068091 -0.11039094
0.26291947 0.78964673 -0.98507748
-0.01862046 0.4070741 -0.3043387
0.20811894 0.75412273 -0.94933744
-0.79225611 0.42375693 0.39410964
-0.37562719 0.99069793 -0.31675017
0.51587304 -0.36574846 -0.11672876
0.25877359 -0.3482112 0.14761821
0.23353233 -0.79652901 0.74843753
0.78802381 0.26921378 -0.8550317
-0.4132838 0.91160484 -0.19994211
-0.60021886 0.2547672 0.38987745
0.15956258 -0.35526516 0.26802475
0.43072797 -0.35303359 -0.07107773
0.73233501 0.1774887 -0.66516271
0.26730262 0.47486818 -0.62920374
0.75776939 -0.37303187 -0.24783804
0.77821504 -0.21870212 -0.54987792
-0.76443725 0.094297 0.67083266
-0.32500771 0.95564368 -0.61150842
-0.56914366 0.99920412 -0.18241244
-0.67871539 0.17461207 0.53348535
-0.15931602 0.81420987 -0.55217962
0.21163431 -0.75682226 0.64512779
0.80274737 -0.69181871 -0.07697195
-0.63676774 0.70203216 0.09685064
-0.95958981 0.46801347 0.76144439
0.61472992 0.34009019 -0.80274559
-0.13636006 -0.5101864 0.74545336
-0.36256908 -0.54969261 0.98291198
-0.33270363 -0.55277628 0.91245731
-0.58866352 0.72759699 -0.06869462
0.27450164 0.63736667 -0.81734417
0.26673989 -0.91539367 0.7770123
-0.52212449 0.79232881 -0.17801249
0.01529422 -0.55185052 0.64062946
0.91769374 -0.19101801 -0.71683552
0.8433124 -0.52150166 -0.28425674
0.6714577 0.48245739 -0.72908165
0.84865777 -0.08625966 -0.74887278
0.00811746 -0.07448251 0.08445852
-0.70033696 -0.08125001 0.7885692
0.34493697 0.55202116 -0.76549248
0.73308751 0.4468503 -0.84264385
0.11336667 -0.75160336 0.65780973
-0.71763219 0.78968409 0.06421225
0.87891333 -0.83520334 -0.04177088
-0.53429001 0.95860615 -0.41825589
0.18200541 0.89777554 -0.98040125
-0.40268466 0.60080953 -0.17460326
-0.2258972 -0.48349473 0.76864165
0.38726834 -0.54752041 0.22938308
-0.79414679 0.4129705 0.43289493
0.74116402 0.33258263 -0.88418888
-0.42966111 0.07668525 0.55540793
0.69241774 0.06863103 -0.66004275
0.95052341 -0.95676563 0.03161336
0.35877289 -0.44783751 0.31282609
0.63395542 -0.062932 -0.40611066
0.44235425 -0.51974511 0.19255218
0.5469714 -0.78746907 0.40076131
0.05130913 -0.6937308 0.68129795
0.15805596 0.56389228 -0.70065205
0.15962927 -0.9154979 0.83084543
-0.97667348 0.03546345 0.98287694
-0.65273094 -0.23966617 0.92030366
0.07945879 -0.265323 0.23862995
0.40340778 0.26425897 -0.63250354
0.72439666 -0.68742919 0.21615954
0.26071978 -0.99825557 0.94960438
-0.24712769 -0.18795204 0.47323998
0.1013297 -0.09910454 0.02301527
0.795693 -0.90987884 0.15232051
0.55706121 0.15352734 -0.52136602
-0.07420191 0.28795478 -0.19291276
0.69073565 0.1838986 -0.86055212
0.29101194 -0.40547871 0.17962838
-0.26398575 0.74432423 -0.4433512
-0.66494874 -0.21792915 0.90922564
-0.31915514 0.88339781 -0.4403851
0.15504367 -0.90261619 0.99630055
0.47917125 -0.53979196 0.1395933
-0.72295834 0.43846568 0.35796049
-0.30149345 0.17698035 0.17899337
0.4038722 0.43566265 -0.78611505
0.97160082 -0.99817491 0.09844358
-0.75488531 0.29513774 0.84552671
0.69511094 0.4156949 -0.96601573
-0.25990115 0.27050402 0.03908998
0.00238068 0.0672226 -0.06939346
0.36219539 -0.51480575 0.16773506
0.72705844 -0.47516344 -0.24849494
0.34445169 -0.29848724 0.01647043
0.67337683 0.30600902 -0.94085417
0.07468921 0.14769551 -0.18691525
0.64347378 -0.76547314 0.1635943
0.23109405 -0.80210651 0.64463428
0.05993394 -0.77243182 0.7337168
0.36644292 -0.7672447 0.55699651
-0.76801231 0.91220898 0.01092311
0.87810794 -0.66676711 -0.14977803
0.02180932 0.95339208 -0.88008966
-0.94805185 0.21400608 0.7626517
-0.34290837 -0.41547903 0.81692912
-0.01148401 0.48029778 -0.43476368
-0.94381696 0.376647 0.78846035
-0.44653319 -0.23326711 0.88324508
0.2964338 -0.26797621 -0.02090667
0.69627276 -0.57197842 0.07492814
0.97033644 -0.39458481 -0.56423141
0.5372324 -0.85734027 0.45091384
0.84698544 -0.38815295 -0.26687074
-0.01462248 -0.71893411 0.87187896
-0.68563548 0.50128517 0.23181129
0.74595392 -0.72599694 0.01372783
-0.96359239 0.08515221 0.90519649
0.92541427 -0.86638383 0.19976657
-0.30149383 -0.16549478 0.49101152
-0.82680119 0.88539347 0.14072509
-0.03819365 0.9432315 -0.8529134
0.78097443 -0.25699116 -0.47919762
-0.31538517 0.94256808 -0.53986158
-0.98101286 0.99274225 0.13985311
0.9212669 -0.79792094 0.09915007
0.71826793 -0.33431478 -0.36790168
0.86649051 -0.91333547 0.34186505
-0.13964647 0.59227823 -0.36555517
0.43042127 0.52643075 -0.65490791
0.31327356 -0.62124333 0.42798058
0.5353509 0.49733595 -0.99795547
0.1522908 -0.82481402 0.68966082
-0.37002607 -0.4297054 0.80366211
-0.82085961 0.92709767 -0.04158347
-0.95695663 0.50125785 0.74348409
0.45059651 0.62653113 -0.91022754
0.5217554 0.74377286 -0.89909524
0.97058142 -0.53155887 -0.43186936
-0.19159539 0.75716863 -0.43145532
-0.28548525 -0.39775469 0.74211949
0.80075763 0.25020155 -0.77733078
-0.53657576 0.6207106 -0.02844384
-0.14320196 0.90204729 -0.58015257
0.40416556 0.23593478 -0.61085284
-0.28158282 -0.43400989 0.77318234
0.37726811 -0.14664211 -0.22138518
0.23832695 0.53748712 -0.74675027
-0.43188448 -0.34477731 0.84329558
0.84616837 -0.860631 0.12480505
0.48415661 -0.27373796 -0.13217751
-0.36283291 0.32051905 0.15929901
-0.76485735 0.26464034 0.5260551
0.15226533 -0.91263967 0.99997031
0.67939527 0.33361542 -0.84940792
0.21425833 -0.43939664 0.28186538
0.24291374 -0.6806313 0.50675146
0.888906 -0.8523874 0.00938988
0.39813174 -0.2009461 -0.04796163
0.87098916 -0.86080856 0.09718208
0.41307023 -0.81924 0.41930329
-0.31654956 -0.37066658 0.71167825
0.08965531 0.24315028 -0.31987548
-0.18397572 0.21236395 -0.01585889
0.90760268 -0.91083669 0.053568
0.84154189 -0.57391045 -0.13126277
0.03056272 0.44287297 -0.4419574
0.83304547 -0.60400704 0.12053866
-0.43620641 -0.30619766 0.77153348
-0.00334564 0.82386856 -0.76383448
0.5554509 0.54182977 -0.8750492
0.98804324 -0.41633088 -0.287369
-0.81570917 0.09921946 0.97294306
-0.7932122 0.32801981 0.56438248
0.58654527 -0.92159046 0.36368126
0.34968082 -0.1683257 -0.10283143
0.53228479 -0.98662366 0.61402015
-0.96513953 0.41711532 0.62811779
0.06078465 -0.42565353 0.62031374
-0.73963518 0.19791842 0.73905052
-0.89668442 0.08082752 0.82209571
-0.91265202 0.60739996 0.40288709
-0.01674223 -0.50678558 0.64006484
0.28635803 -0.58302542 0.61411222
-0.18430923 0.80514732 -0.55885925
0.00639939 -0.80136996 0.94971823
0.85315955 -0.72318677 0.13967812
-0.3173635 -0.35116229 0.85630402
0.21965691 0.85524364 -0.92377258
-0.01401886 -0.35113481 0.47248277
0.32880055 0.55557898 -0.71833554
0.58296841 -0.16347336 -0.4113582
-0.45670054 0.73690505 -0.23409033
0.17910446 0.42809785 -0.57435217
-0.30524303 -0.5387516 0.99415046
0.72717404 0.41155489 -0.96559131
0.03102332 -0.48089726 0.54665111
-0.42904313 -0.43072968 0.9075505
0.85959904 -0.21988181 -0.59823565
-0.6582996 -0.12627707 0.85349097
0.45210314 -0.78454316 0.47987808
0.94524837 -0.4351069 -0.49889913
-0.54804246 0.16386901 0.45218685
0.81639361 0.07778625 -0.50789284
0.19855585 -0.9834653 0.86886478
0.065054 0.12301575 -0.17923716
0.74553452 -0.72113916 0.30042892
0.96065844 0.10304952 -0.98967175
0.72584498 0.17712817 -0.75262917
0.40723827 0.57084033 -0.7963923
0.24872171 -0.74778287 0.70515125
-0.57898841 0.07457433 0.60484563
-0.92745051 0.36782874 0.81455583
0.94160863 -0.44091972 -0.33093348
0.14798218 0.64417657 -0.68029613
0.64006593 -0.2481254 -0.39171865
-0.04618226 -0.48659518 0.85859425
0.07601545 0.83384937 -0.71830963
0.55115149 -0.04930431 -0.38166489
-0.62822215 0.97421268 -0.19328214
-0.82828814 -0.02381912 0.8527524
-0.33748387 0.9013213 -0.43255077
0.82164382 -0.34201828 -0.23875582
0.56178851 -0.68087337 0.2292249
-0.70003793 0.49281002 0.39550767
-0.33330564 -0.00482885 0.41592867
-0.73234672 -0.17432161 0.92582305
0.47775767 0.5294102 -0.91817511
-0.65316987 -0.08644544 0.95430541
-0.53256923 -0.4551253 0.99312559
-0.78658179 0.13934116 0.85673884
-0.76392952 0.50147731 0.36285325
0.01547147 0.73865334 -0.64957235
0.62106595 0.50085239 -0.96762493
0.46127754 0.05012209 -0.50700354
0.30722419 0.55288997 -0.77350174
-0.94660949 0.56657607 0.94307615
0.56936652 -0.1588367 -0.3329384
0.117984 -0.6331632 0.71539947
0.91921845 0.13035171 -0.94640653
0.69733991 0.20032523 -0.88372998
0.37972764 -0.71350577 0.51251585
-0.15231411 0.68696706 -0.4149718
0.51058 0.11265367 -0.60224363
-0.28324421 0.7897705 -0.29060227
0.96365067 -0.43782704 -0.40075004
0.70892981 -0.26218329 -0.34625309
0.64191734 0.20697999 -0.79331654
-0.63199712 0.90006595 -0.22335604
-0.23056399 0.39502159 -0.10039549
0.55612584 -0.56269736 0.02157573
0.4241314 -0.72953618 0.42334279
-0.25614036 0.8265862 -0.39740316
0.37854203 -0.39554333 0.24376619
-0.92912334 0.27018954 0.66990966
-0.195724 0.30807404 -0.09068389
-0.43266024 0.7522566 -0.18110478
-0.68618854 0.87633009 -0.17024904
0.05249206 -0.70066888 0.75172121
-3.81408546e-01 -4.82224673e-04 5.11370119e-01
0.00901839 0.35793947 -0.35315838
0.05344887 0.45961326 -0.37654806
-0.90174602 0.99975135 -0.05111094
-0.97314275 0.19694689 0.88934195
0.59720503 -0.2840371 -0.13677997
0.83753528 -0.84163121 0.17250952
0.60116835 0.35599247 -0.91521154
0.10214886 0.84404345 -0.8048406
0.22944657 -0.45919608 0.28090378
-0.61635601 0.75276016 -0.07697581
0.4965858 -0.65598696 0.17390523
0.50879493 0.27811217 -0.61625785
0.25705086 0.53091252 -0.76678153
0.02715078 0.17559697 -0.17010778
0.9083581 0.13149867 -0.74224607
-0.19909126 -0.67634002 0.98374322
0.79108237 -0.75601468 0.05177779
-0.53930375 0.69786463 -0.11304371
-0.26181738 -0.35290204 0.63749749
0.09032437 0.47906629 -0.49038877
-0.54743899 0.74383053 0.14039482
0.95459482 -0.5720771 -0.36390391
-0.46548265 -0.09503598 0.70034476
-0.30064914 -0.14663786 0.58250038
0.70547215 -0.53792649 -0.10119689
0.81921571 0.07225935 -0.67524922
0.84863037 -0.07203593 -0.71096405
0.14170985 -0.62493617 0.58831393
0.94432285 -0.21494187 -0.65644745
-0.71149401 0.62546284 0.16680581
0.2583347 0.00921661 -0.19291457
-0.49567556 0.90550227 -0.22301619
0.27794195 -0.87561977 0.88149461
-0.03726862 0.75122528 -0.49871042
0.19743697 0.43263156 -0.52817357
0.1678738 0.54692695 -0.56909129
-0.27920206 -0.10271261 0.57076097
0.97765025 -0.66408489 -0.26762478
0.29324661 -0.4235258 0.18532046
0.64479725 0.40234801 -0.83903011
0.40694813 -0.62548524 0.28261572
0.90640946 -0.98766181 0.27316594
-0.16209938 0.69227964 -0.47213377
-0.57482786 -0.00766666 0.60919509
0.05032329 -0.59556168 0.56670386
-0.31153218 -0.49005298 0.90191344
-0.15290344 -0.66187115 0.88208561
-0.60817607 0.51789062 0.09325417
-0.36578576 0.77285604 -0.33685619
-0.60847702 0.58497921 0.13262694
0.61709344 -0.99205146 0.53033305
-0.99372207 0.4325562 0.70600756
0.60099618 -0.57049841 0.0307181
-0.15252054 0.34890752 -0.17759866
-0.34752725 0.41069707 0.03208306
0.74399392 -0.2094599 -0.45959595
0.86035312 0.04014544 -0.69622169
0.12948907 0.76775313 -0.60796981
0.55493642 0.01512993 -0.39497596
0.04103026 -0.68685748 0.78659769
0.09855014 -0.74281855 0.68309998
-0.46356422 0.60448227 0.02355285
0.77492683 -0.69479092 0.0130351
-0.73162082 0.37967442 0.37675619
-0.69539455 0.66255308 0.1014617
-0.69972704 0.5027229 0.26787502
-0.23260986 0.07427726 0.22236759
-0.92368525 0.13437689 0.84039648
0.91812743 -0.48025016 -0.33338585
0.80457112 -0.27528307 -0.44523456
0.48395861 -0.01947911 -0.29940527
-0.60099774 0.45302722 0.1800524
-0.29180608 -0.48661375 0.91063776
0.6712853 0.25666177 -0.75357827
-0.76290926 0.83752958 0.06723481
0.12225327 0.982206 -0.87509946
-0.08685267 -0.40217017 0.68744679
0.44231396 -0.86436733 0.63027537
0.59428762 -0.6344408 0.23911004
-0.81070571 -0.03624398 0.98168306
-0.2191298 -0.76403366 0.98343102
0.67127215 -0.00728674 -0.53142066
0.01374103 0.59422458 -0.59468973
-0.53898799 0.49621026 0.30481782
-0.76645003 0.34840368 0.53190117
0.39064853 -0.16610399 -0.17828607
0.12154005 -0.13371298 0.04396206
0.16639332 -0.70853159 0.63271432
-0.70757877 0.60449479 0.10788267
0.37160525 -0.08026651 -0.28181121
0.64199563 -0.786465 0.20292553
0.72147645 -0.52307455 -0.1947022
-0.72522744 0.1904123 0.64104993
-0.70997763 0.97764689 -0.20654948
0.24924515 0.69312229 -0.81286513
0.04670955 -0.2310332 0.18728057
-0.78737923 0.7379002 0.20230943
-0.57610352 0.01235893 0.58155129
-0.24523453 0.55341166 -0.15826157
-0.22030667 -0.54720549 0.91276979
-0.91162996 0.18621936 0.82584404
-0.34351291 -0.24112941 0.6056952
0.06344738 -0.6526826 0.71491341
-0.80684385 0.58828257 0.33427153
-0.59684533 0.34497234 0.27422568
-0.82654842 0.97601584 0.10569681
-0.78873137 0.99824338 -0.13814914
-0.0546291 -0.63729037 0.83509901
-0.0319725 0.96292671 -0.74361481
0.59567138 0.44246907 -0.89742033
0.81977578 -0.47358196 -0.26194452
-0.36668323 -0.13097991 0.52045628
-0.91007651 0.52959245 0.50696587
-0.10350711 0.48542413 -0.37350556
0.38385919 0.4794771 -0.65353337
0.31690695 -0.34392021 0.14158854
-0.34198279 0.8330377 -0.45047354
-0.2478415 -0.45618404 0.86457573
-0.2813086 0.42045362 -0.11570862
0.61604646 0.44232667 -0.99980828
-0.45597423 -0.33291454 0.84052343
0.46124665 -0.70040523 0.62125853
0.54480667 -0.49464448 -0.00534824
-0.82049385 0.72407964 0.19549686
0.22539318 0.674122 -0.76786308
-0.80415852 0.6364213 0.34076084
-0.77017357 0.68834225 0.08776915
-0.14036974 0.22801466 -0.07075818
0.74677778 -0.68661243 0.13131209
0.37326318 -0.10601734 -0.21244758
-0.35295357 0.20307618 0.15396937
0.81616501 0.41792607 -0.90720742
-0.73780543 0.36058461 0.63065822
-0.03124688 0.8533264 -0.81833097
-0.12960309 0.55726184 -0.24068399
-0.10420922 0.02556457 0.0815366
0.81957276 -0.99516828 0.32055898
0.7257398 -0.90227922 0.488086
0.07355925 0.95079862 -0.9025621
-0.51715787 0.93854422 -0.32281208
-0.50745861 0.78386267 -0.03571375
0.87447934 -0.98076883 0.56644459
-0.37567747 0.93624611 -0.54982341
-0.70478825 0.14720134 0.62876743
-0.70967627 0.28938756 0.44969144
-0.15656009 -0.59023976 0.85029067
0.26902198 -0.88046425 0.63590837
-0.0087772 0.70225299 -0.44807061
0.79675372 -0.13091929 -0.37524079
0.0534981 0.96898993 -0.58728584
-0.06438717 0.95753948 -0.56904832
-0.94354785 0.31899818 0.8378511
-0.76605368 0.34520037 0.97260817
0.00132402 -0.45710119 0.52618085
-0.98602245 0.49030889 0.56523498
-0.37408517 -0.12436236 0.51744594
-0.86442296 0.98542513 0.39116525
-0.72585527 0.97549448 -0.21875355
0.11825744 0.90674061 -0.90379132
-0.99342745 0.48744142 0.75744514
0.15921226 -0.71143707 0.56312176
0.31097011 -0.06877348 -0.17071557
0.54623489 -0.91488351 0.45014316
0.99480054 -0.37130495 -0.56118093
-0.43875008 0.62577768 -0.1730925
0.53350273 -0.74928951 0.43774777
0.16170625 -0.81605916 0.70329685
0.70347759 -0.19559784 -0.40327166
-0.83826343 0.903717 -0.05601832
-0.19892252 -0.32965837 0.60310894
-0.20360311 -0.65574866 0.91830517
-0.88481897 0.97721847 -0.07737789
0.96735957 -0.53006832 -0.24138329
-0.83276478 0.16986415 0.81248329
-0.17356926 -0.05994338 0.25737473
0.71777971 -0.78371776 0.08571148
0.98487471 -0.18110768 -0.61485022
0.80067287 0.16500245 -0.7415743
0.62731132 -0.29306749 -0.22801397
0.00739266 0.49801912 -0.44310751
-0.47514564 -0.30994863 0.93356395
0.99051789 -0.96378254 0.50399438
-0.41116821 -0.34919281 0.96377278
0.23041248 0.44320095 -0.67267439
0.91187187 -0.88624466 0.16225202
0.44014056 0.42113399 -0.82834863
-0.54137771 -0.19441038 0.8049212
0.61070477 -0.58103981 -0.02429263
0.96933688 -0.04683664 -0.72758874
-0.26544779 0.44032288 -0.00519239
-0.76787864 0.9889855 -0.16372853
0.01554355 -0.53449942 0.69645325
0.11465978 -0.58910612 0.49010071
0.59399656 0.52504404 -0.81355104
0.4880065 -0.66173941 0.23660675
0.25376013 -0.25869889 0.01102223
-0.66037248 0.83366108 0.02871624
0.53839588 -0.13700818 -0.20792699
-0.50350676 -0.09189667 0.64137767
-0.93097264 0.24547702 0.91516305
0.93503819 -0.89257914 0.09797531
-0.46050033 -0.30654506 0.81468556
-0.95752288 0.92706283 0.18915785
0.80935156 -0.71177266 -0.09528374
-0.44625869 -0.01778853 0.48028719
-0.93869223 0.63496552 0.524288
0.07909742 0.87947518 -0.92829842
-0.16595127 0.80992945 -0.63860389
-0.40364585 0.89821749 -0.25698332
0.55775799 -0.547437 0.03541203
-0.55247312 0.50142341 0.11986398
0.73000111 -0.11486865 -0.52965343
0.40748938 -0.77549322 0.40670381
0.15987176 -0.62395156 0.49617754
0.83556584 -0.09677538 -0.66101991
-0.6960834 0.43624129 0.30721601
0.47167551 0.53050937 -0.98892895
0.32527721 -0.43437727 0.1858147
0.49717656 0.56698822 -0.97801322
-0.85761556 0.42980129 0.81042664
0.6590498 0.54549167 -0.97205019
-0.47431584 0.55616067 0.03471981
-0.2876533 0.38657382 -0.05833504
-0.64231685 0.17179569 0.59013804
0.77224251 -0.565276 -0.12801854
0.50593372 -0.66494975 0.20811462
0.32839318 0.31721418 -0.59255817
0.96210667 -0.09342003 -0.78134051
0.67845053 -0.95762562 0.31319688
0.76745044 0.11425161 -0.82091831
0.14910545 0.7517962 -0.87056247
-0.95086022 0.04699129 0.94343025
0.57400007 0.38000167 -0.93995494
0.69456281 -0.62236789 0.05090752
0.43723003 -0.73652892 0.39411011
0.1474803 0.16419856 -0.28617595
0.64303279 -0.14851816 -0.48590309
-0.96841398 0.1728747 0.84395423
-0.18893721 0.48939345 -0.29806814
0.9162867 -0.84790994 0.05915125
-0.69973078 0.34758578 0.47148213
0.19872275 0.75777188 -0.81096758
0.73356983 -0.70475078 0.11097242
-0.52591415 -0.02462167 0.58349251
0.23453686 0.69963867 -0.78340537
0.33207916 0.65753087 -0.94318465
0.10136956 -0.08241561 -0.01584975
0.36546443 0.2878897 -0.52989579
0.30964667 0.59979842 -0.70553823
0.48320949 -0.8764672 0.46147261
-0.90815161 0.56293343 0.48526007
-0.70648089 0.08820313 0.9466401
-0.13367997 0.99305688 -0.80109885
0.36667786 0.10247944 -0.33810381
-0.64417261 0.53159257 0.18410081
-0.90315934 0.65419065 0.40395541
-0.41054291 0.58491286 -0.16241022
-0.62906318 0.10138694 0.55473556
0.73741411 0.28230826 -0.84362119
0.64652478 0.42529512 -0.91395583
0.32974777 -0.9989732 0.6994314
-0.00698827 0.63302207 -0.62247831
0.40827655 -0.72365188 0.3257929
-0.48684072 0.58647431 -0.07669428
-0.8547406 0.94607998 -0.05999193
0.76883915 0.17476251 -0.89382266
0.6642738 -0.05761119 -0.57466967
0.48244191 -0.41696199 0.11461262
0.16612062 0.46863131 -0.58959402
-0.63947447 0.14681676 0.50288232
-0.27432926 -0.57605054 0.89950898
-0.57392439 0.82967624 -0.00184476
-0.33413753 -0.45450936 0.97074298
0.22273219 -0.89999663 0.97745366
0.38519784 -0.97394812 0.66417587
0.61854964 0.61975441 -0.88333127
-0.26643702 0.61546867 -0.25778447
0.8548696 -0.94966507 0.10684023
-0.76791502 -0.01227152 0.89085465
-0.26253178 0.66280685 -0.35130433
-0.46643133 0.73808536 -0.13367915
0.14264498 0.71323204 -0.854447
-0.92044305 0.1152787 0.85951877
0.70933363 -0.82207184 0.32356792
-0.1315635 -0.37283512 0.91035961
-0.33543786 -0.44101411 0.7871765
-0.72302407 0.11902298 0.72766498
-0.69408189 0.35495497 0.40046786
-0.29004843 0.68968275 -0.37510676
-0.75196209 0.40019568 0.38926292
-0.06993905 -0.66364729 0.77454391
0.2891361 -0.351718 0.08114609
0.04748201 -0.25552988 0.21078448
0.46305232 -0.76200694 0.42640739
0.55496626 -0.27895313 -0.20885433
0.38399035 0.61265478 -0.68223166
0.21413795 -0.13605706 -0.07598636
-0.73842175 0.05073209 0.68854313
0.33313328 -0.62154547 0.44643296
-0.01980945 -0.67869905 0.73834845
0.74800223 -0.965897 0.29846624
0.06431926 -0.39687586 0.43742547
0.6406554 0.05874242 -0.61693461
0.59335662 -0.06534557 -0.4810539
0.88216046 -0.80521263 0.03228938
-0.88101686 0.79662031 0.0873203
0.64967372 -0.8833538 0.27129667
0.49912912 0.18799067 -0.64844128
0.27931756 0.29313633 -0.39482436
0.66956314 -0.06404039 -0.59521313
-0.86726654 0.73630957 0.15872871
-0.90899182 0.6039185 0.35483599
-0.63655311 -0.10347783 0.78335752
-0.97433428 0.53473758 0.72635039
-0.18318077 0.94209772 -0.67573135
-0.70704866 0.90732055 -0.16803719
-0.83456543 0.9904017 0.00941882
0.36502244 -0.6807548 0.59859368
-0.71075949 0.01405764 0.72537378
0.62963292 -0.23447972 -0.18479328
0.23178755 0.25167142 -0.46302952
-0.68797716 0.60451417 0.2321119
0.44919877 -0.45327705 0.13408465
-0.25071176 0.18167862 0.12445055
-0.12528057 0.66930122 -0.45020598
0.01220223 0.98478635 -0.85486632
0.51504198 -0.63651212 0.17529455
0.45518242 -0.08869242 -0.36523388
0.71749792 -0.90075427 0.34322404
0.46397452 -0.81338931 0.47226601
-0.53808998 0.44268674 0.31491947
-0.91708358 0.75994534 0.16775
-0.31177145 -0.45826381 0.9535589
-0.48834708 0.42693724 0.17571133
0.80046672 -0.24898726 -0.40398152
0.59140054 -0.48997445 -0.04960186
-0.42375232 0.76040637 -0.25885541
-0.49947362 -0.28595006 0.81450037
-0.4796389 -0.07741935 0.97708147
0.05999801 0.45860421 -0.46097073
-0.17945695 -0.47297479 0.74511287
-0.32736626 -0.52303617 0.90681838
-0.8492901 0.88189946 0.26555946
-0.78561517 0.04680761 0.76466623
-0.37125964 0.3827583 0.11628264
-0.28989876 0.62874697 -0.2539023
-0.03292773 -0.89132331 0.96175132
-0.09744346 -0.50442523 0.68667133
-0.72356318 0.53576669 0.27180724
0.14836947 0.77981218 -0.72751745
0.99674922 0.21033369 -0.93810121
0.72037819 0.23603474 -0.85287851
0.17722662 0.36365194 -0.48782513
-0.59977071 -0.1060035 0.72900405
-0.8286855 0.06551898 0.91344272
0.17412341 -0.8635301 0.91954444
0.05813348 -0.60895725 0.56205971
0.55193532 -0.34720902 -0.16879429
-0.71484646 0.96985568 -0.17738217
0.49328673 -0.48747273 0.00437031
0.366675 -0.94871727 0.64015845
0.88923588 -0.1139539 -0.61560739
0.18005512 -0.55514092 0.39982065
-0.37536415 0.75971539 -0.12727772
-0.16133048 -0.32952037 0.63936491
-0.2856071 -0.09944612 0.42615117
0.73759571 0.00923797 -0.74661706
-0.1848424 0.28598769 -0.05742083
0.08641902 0.42700472 -0.43460344
0.98984639 -0.86498781 -0.00335936
0.17896297 0.60184106 -0.72336348
-0.62352723 0.09879546 0.58959628
-0.6159318 0.788747 -0.16485436
-0.73664778 0.52419865 0.35665695
0.22650934 -0.91439254 0.81144692
-0.57999216 0.20272585 0.71327524
-0.34080439 0.33561559 0.02741282
0.4141827 -0.59535696 0.24415453
0.50739746 -0.77191913 0.28055759
0.17692692 0.7795665 -0.93051324
-0.82018975 0.34764097 0.5219259
0.37316661 0.11900032 -0.45312274
0.84527133 -0.4201801 -0.4153995
0.96813296 -0.61039719 -0.29925838
-0.61498999 0.18700761 0.46093608
-0.91384732 -0.04339883 0.9750627
-0.11763897 0.93548231 -0.7662611
0.51682043 -0.93382159 0.70455425
-0.14592427 -0.21940868 0.39393972
0.08388947 0.79133784 -0.81505385
-0.23257155 0.43303314 -0.19204859
0.66441001 0.32567773 -0.98902242
0.57747112 0.05270726 -0.60924216
0.02254411 -0.52598273 0.54315481
0.31891126 -0.75168026 0.64774326
-0.9291662 0.22110953 0.78433267
-0.16243069 -0.60207845 0.84165355
0.00753769 0.37860978 -0.35852886
0.03233422 0.45397976 -0.41713397
0.27318362 -0.7839776 0.51305932
-0.95472509 0.9800292 0.4192319
-0.03948811 -0.86293446 0.98040073
-0.60820713 0.3700196 0.26872095
-0.16164499 -0.59674477 0.81179533
-0.70997788 0.68412708 0.22552566
0.49809534 0.94335968 -0.99015739
-0.53662115 -0.0874361 0.6993788
0.76290621 -0.63572121 -0.0887828
-0.27996324 0.57322937 -0.2843329
-0.8552005 0.06480948 0.85899853
-0.28838931 0.59338246 -0.29233856
0.93402452 -0.45921583 -0.40502885
-0.27305359 -0.41824439 0.93968973
-0.42271374 -0.11048466 0.83234264
-0.75317923 -0.02442493 0.81115142
-0.0315787 -0.58438151 0.71992306
0.74436588 0.28370598 -0.96763057
-0.90074432 0.52737709 0.75920433
-0.0461918 -0.76007314 0.89220215
-0.46159141 0.69331576 -0.20946313
0.88766532 0.13415952 -0.94181528
0.20692149 -0.61523139 0.49208575
-0.41913604 0.9287724 -0.50489465
0.15863641 -0.52096912 0.38267608
0.42668993 0.60484527 -0.98417218
-0.24604015 0.40649094 -0.14828354
0.38597681 -0.05985777 -0.31961409
0.43045096 -0.76788658 0.4027548
-0.61585281 0.82627821 -0.04484538
0.58180977 0.42259531 -0.91095923
0.86218881 0.02660443 -0.87362597
-0.22178307 0.45109862 -0.20715735
0.81076901 0.01408217 -0.80126401
0.51603256 -0.9816379 0.64175516
-0.83937635 0.05883207 0.78087546
0.97489287 -0.58248453 -0.27362307
0.1813106 0.46935814 -0.55649774
0.04569369 0.67296334 -0.62976142
0.92438934 -0.03492258 -0.69846075
-0.74309843 0.90656918 -0.07602844
-0.89342347 0.87049431 0.33618068
-0.91550879 0.18630855 0.85304957
0.4194782 0.66048565 -0.77696458
0.07067991 0.51897302 -0.45283121
0.00260195 0.79615398 -0.63984256
-0.86604658 0.44209472 0.59150306
-0.14322701 0.52977101 -0.31868902
-0.43401848 -0.02576006 0.57298284
0.56239077 -0.99657632 0.75337607
0.35828727 0.39508584 -0.75012332
0.48608319 -0.12998553 -0.34486058
-0.88766194 0.58777381 0.7574798
0.64498003 0.03734582 -0.62184039
-0.17764377 0.49933671 -0.22043589
-0.72494772 0.09799067 0.78410257
0.28652571 -0.41786338 0.1706418
0.18172817 -0.48969513 0.36304666
0.56704668 -0.53582691 0.01400909
-0.2734273 -0.29620316 0.61912729
0.76239923 0.05221683 -0.72465048
-0.2156519 0.36114409 -0.12851674
0.80702042 -0.89546205 0.11641092
-0.22062597 -0.47461866 0.83450199
0.9040819 -0.03700605 -0.82633745
0.39548465 0.66343262 -0.96795294
-0.13421634 -0.25587583 0.39479197
0.81587471 -0.15757128 -0.50098038
0.3263022 0.54602779 -0.82521914
0.69556427 -0.45623808 -0.14320988
0.26656705 0.61211679 -0.71504388
0.36645827 -0.52399136 0.19262704
0.08806382 -0.81651568 0.86633335
0.08807591 -0.19109112 0.12669657
-0.52862337 0.88049412 -0.21111983
-0.57635632 0.13212032 0.49859777
0.97713031 -0.92538587 -0.03957253
-0.13932306 -0.40273047 0.60734192
0.38212107 0.73684659 -0.82132042
0.99990478 -0.85612244 0.14383418
-0.77536199 0.48249935 0.32058837
-0.3663029 0.51696312 -0.0526115
0.70855116 -0.70497342 0.28446988
-0.42910016 0.992194 -0.33970269
0.05197155 -0.56087783 0.56062856
0.34252215 -0.890043 0.81074638
0.05506703 0.5854397 -0.58114445
-0.92676549 0.4175769 0.69857402
0.77921921 0.12477047 -0.88276486
-0.19397422 0.45335556 -0.10926498
-0.01644451 0.76090318 -0.70300447
-0.98524527 0.65509191 0.51558496
-0.91237016 0.29303505 0.91816994
-0.04626822 0.75988766 -0.61151117
-0.3133868 0.45346543 -0.03099195
-0.40749361 -0.40346823 0.92452721
-0.02040984 -0.87648282 0.89756123
-0.51537162 -0.34043176 0.97888136
0.81439993 -0.08002126 -0.70412876
-0.69990116 0.39524337 0.33334981
0.09128441 0.61309821 -0.65490596
0.63635356 -0.62699788 -0.00359003
-0.49779729 -0.08302589 0.69666097
0.98351354 -0.14509228 -0.64584925
-0.46968577 0.03471372 0.44260938
-0.11685358 0.75586547 -0.63743356
-0.88910658 0.95554872 0.02941042
-0.9253657 0.60567019 0.36790512
0.2936273 -0.87040571 0.61352068
0.72131692 -0.4624109 -0.01802207
-0.19845832 0.47114218 -0.16841599
0.9398521 0.44367489 -0.79682214
-0.23003547 -0.17155709 0.48316896
-0.90754239 0.8416511 0.07932881
0.30139386 -0.73315511 0.54037461
-0.97217476 0.51697066 0.6837866
0.17285384 -0.40036797 0.23073497
0.06453486 0.37996241 -0.41729867
0.67643751 -0.50237138 -0.11647042
-0.51057703 -0.39814073 0.92017222
0.11013386 0.67441635 -0.75013107
0.15571009 0.26171992 -0.30834369
0.75170296 -0.67521534 0.04573636
-0.09662056 0.75255807 -0.41764948
0.31347178 0.63055972 -0.93585078
0.86677902 -0.86283751 0.55077656
0.87322205 -0.9844635 0.14272647
-0.04142285 -0.88516114 0.96692055
-0.37513329 -0.25651413 0.67031953
0.65963219 -0.79890199 0.532761
-0.59695736 0.48541692 0.14886475
-0.94950552 0.94194744 0.282856
-0.19271155 -0.50696725 0.86495934
0.89876524 -0.75481185 -0.02417738
-0.16895637 0.78716296 -0.52619518
0.28903724 0.08631666 -0.28372732
-0.31870035 -0.40308191 0.79142167
0.07518494 -0.38003498 0.38781437
0.96022452 -0.84303163 -0.11102324
-0.8035964 0.5350382 0.42813791
-0.66240829 0.73937708 -0.06179324
0.99981199 -0.3721848 -0.61345068
-0.15446802 -0.63250157 0.90423373
0.7702684 -0.68693747 0.0215945
0.07937676 0.23781702 -0.31503909
-0.63278311 0.62862119 0.33668026
0.53977136 -0.1550368 -0.29120375
0.58136894 -0.98975715 0.86867041
-0.17795099 -0.366827 0.61322486
0.50861106 0.47189874 -0.9571566
0.56357958 -0.78952187 0.45549752
-0.12477704 0.72897073 -0.57930665
0.6867814 -0.38836519 -0.25448337
0.01013814 0.63986728 -0.62989022
0.53652089 -0.32402785 -0.14327027
0.63641501 -0.98640574 0.39910061
0.81710602 -0.68351113 0.05404612
0.60522299 -0.67616032 0.20447081
0.10172135 0.74155072 -0.64237763
0.82251599 -0.38674103 -0.40086046
-0.5913962 0.11644508 0.54346748
0.30927458 0.00805483 -0.27953969
0.66496746 0.06023306 -0.58160516
0.29163473 0.45782001 -0.64276826
0.13393601 0.77447558 -0.62170144
0.17680249 -0.90044127 0.87919027
-0.33778325 -0.01471651 0.40993928
0.67439497 -0.68470955 0.11399372
0.89848687 -0.85435863 0.19112941
0.56254019 0.29746087 -0.78711337
0.84927334 0.25665865 -0.93621258
0.07250772 0.87292711 -0.92812791
0.50192612 -0.37013603 -0.07797273
-0.39453797 -0.40722953 0.99177286
0.98446849 -0.69596325 0.04374158
0.85633278 0.16783582 -0.9996429
0.57361031 0.48836477 -0.79262202
-0.93055207 0.50007925 0.91556469
0.45827713 0.05698781 -0.44693641
0.87029198 -0.75297092 -0.08588785
-0.95968475 0.21990231 0.84150435
0.0717079 0.80003917 -0.84450328
-0.06298578 0.39133542 -0.30274137
-0.80588273 0.33725386 0.66540043
-0.01648987 0.20268885 -0.17153607
0.99822264 -0.35027254 -0.48545294
-0.12511156 -0.68866844 0.93396601
-0.55978817 -0.34411013 0.92172393
0.97832666 -0.16572998 -0.7353972
0.28069486 -0.54955119 0.32140751
0.61221527 0.80946443 -0.92195989
-0.97975115 0.5592785 0.57709112
-0.47245555 0.88670031 -0.35146226
-0.33702878 -0.16116343 0.65152574
0.14239371 0.55168873 -0.63269396
0.54120602 -0.59504629 0.07629764
-0.96859129 0.1559098 0.82945395
0.79454468 -0.86554439 0.24518395
0.61039819 0.22674742 -0.81204517
0.2957204 -0.35477364 0.07730197
-0.15909614 0.57201429 -0.3635843
-0.34066225 -0.32167625 0.86702269
0.44829003 -0.97696107 0.53792936
0.80681752 -0.0796387 -0.48858811
0.80875122 -0.13110523 -0.4745606
-0.55075 0.55833936 0.18072149
-0.70153521 0.22901145 0.49737438
0.27814962 0.5528579 -0.6183186
-0.83808546 0.62953767 0.24653412
-0.58833601 0.60207123 0.09292005
0.63239171 -0.7459616 0.44955446
-0.2848649 0.97290227 -0.5795014
-0.36189052 0.63620808 -0.21627304
0.47979299 0.30107313 -0.6519705
-0.46791686 -0.29626078 0.88832273
-0.87767915 0.61228562 0.28841439
0.90905494 -0.05148466 -0.73178445
-0.52591607 0.75079881 -0.20461777
-0.26738967 -0.03310181 0.3331088
-0.09326082 -0.80919575 0.9572444
0.05779634 -0.64095654 0.88001144
0.59562577 0.39002444 -0.95899065
-0.98949106 0.08432894 0.90734641
0.01523422 -0.10406637 0.14516409
-0.04370982 0.67611203 -0.4467137
0.48558474 0.31808952 -0.77591844
0.44975663 0.46400766 -0.74994639
-0.46150638 0.75943468 -0.20690601
0.90465838 -0.25830181 -0.62759982
0.87537738 0.55908173 -0.93939079
0.56002547 -0.33561657 -0.19649225
0.42738881 0.39341431 -0.77864143
0.30224698 0.60588641 -0.7150901
-0.27178417 0.8496356 -0.56488428
-0.3329666 0.72442108 -0.37579945
-0.55342622 -0.37062083 0.94475362
0.34384502 -0.9883183 0.7315561
0.31998532 -0.36034589 0.04620105
-0.99041928 0.69325324 0.60909018
0.36521525 -0.49895048 0.16053012
-0.43478147 -0.50753453 0.97903716
0.21175121 0.93768765 -0.88538089
0.49857634 0.12937631 -0.40823683
-0.23866362 -0.38178131 0.6912919
-0.0630869 -0.13596322 0.21718527
0.94140147 -0.80454079 0.37951125
0.14581394 -0.6435008 0.79690318
-0.16238287 -0.56950002 0.76972691
0.5960731 0.01739377 -0.38161193
-0.47775151 0.90635698 -0.36290091
0.90775621 -0.56688804 -0.0336512
-0.59843177 0.69905371 -0.03962227
0.05573089 0.87282809 -0.70368759
-0.72510742 0.96408587 -0.18044828
-0.55715673 0.95308458 -0.39391476
-0.69773525 -0.03351611 0.75850123
0.40654968 -0.93454251 0.67847121
0.57757345 -0.14154996 -0.26523896
0.46301845 0.28156799 -0.6924879
0.97949638 -0.30104083 -0.65945547
0.1205602 0.89566363 -0.88116283
0.05284442 0.35783389 -0.3184051
-0.13804378 -0.76825882 0.96586307
-0.8539566 -0.00528464 0.88662986
0.70290466 -0.62204051 0.00817487
0.20640515 -0.48221239 0.30298322
0.32974634 -0.08614145 -0.20326434
-0.38598618 0.00373335 0.43790806
0.20466519 0.40861686 -0.49050055
-0.45622942 -0.40267698 0.94292332
-0.56484961 0.96928003 -0.23106725
-0.10393055 -0.64848801 0.87944291
-0.28838051 0.95913425 -0.65053934
-0.08896473 0.79114239 -0.62435473
-0.37704886 0.76677738 -0.32243146
0.3347731 0.60876175 -0.75646023
-0.25086774 0.7656061 -0.51239414
-0.81440067 0.02248232 0.83179034
-0.05827085 -0.85011988 0.94460789
-0.78402771 -0.00212142 0.85245074
0.75965741 0.1292407 -0.82257567
0.43506538 0.19889538 -0.38621389
0.00706201 -0.43391332 0.45653963
0.85743838 -0.34758607 -0.48930186
-0.63627715 0.09005098 0.58952339
0.39415412 0.47624017 -0.86594887
0.23497384 -0.73209551 0.74845453
0.26228254 0.83934945 -0.85750508
-0.87408038 0.72866813 0.3521875
0.38636111 -0.99096019 0.76820306
-0.32931035 -0.10416348 0.43777582
0.78012927 0.06758561 -0.84153247
-0.30495528 -0.27667281 0.61753702
-0.53677107 0.97407537 -0.24641408
0.73982836 -0.52253201 -0.19111501
-0.91102885 0.5215717 0.62095632
-0.49032198 -0.07723939 0.63493549
-0.90019032 0.23921489 0.89912685
-0.59921486 0.23372341 0.38144523
-0.9139018 0.7699627 0.20946929
-0.19287837 0.24447335 -0.04073346
0.77358153 0.46515757 -0.95407939
0.0727646 0.80480611 -0.8483471
0.1160985 -0.51113132 0.63594629
-0.70726089 0.80204194 0.00982932
0.21572608 -0.607463 0.73943501
-0.77963518 0.36378381 0.55466473
-0.43051425 -0.01353564 0.55622544
-0.63670159 0.81670416 -0.10694331
-0.57413182 -0.03368387 0.69002319
0.86873696 -0.29902665 -0.47185153
0.87909414 -0.04607943 -0.77750125
0.75086297 0.2426281 -0.77076558
-0.36561542 0.04648161 0.56393288
0.33396844 0.08475069 -0.39103508
0.43063918 0.55194765 -0.93042975
0.0051441 0.62438091 -0.47939302
0.82158097 -0.43711164 -0.09121657
-0.22620805 0.99997912 -0.43098166
0.1472773 -0.64970011 0.74958322
0.75244101 0.64613623 -0.95154894
-0.12404813 0.73988975 -0.4295965
0.08080467 0.93943543 -0.99880248
0.28732615 0.48239387 -0.76428458
-0.71622651 0.54747461 0.30856829
-0.52671759 0.48758458 0.07907763
-0.08814028 -0.66897771 0.79215419
-0.69998728 0.15488304 0.61004178
-0.38931197 -0.5128539 0.90296774
-0.81859248 0.27359511 0.77458721
-0.44759165 0.552322 -0.08327098
0.28100868 -0.56192923 0.30120308
-0.98273698 0.14742529 0.88635937
0.92279451 -0.83605039 -0.04411988
-0.54722878 -0.25417036 0.84685451
0.88755389 0.14554532 -0.8330694
0.65368447 -0.76954224 0.26452587
-0.14628119 -0.65633118 0.84854173
0.82378479 -0.11489451 -0.64533488
-0.67657176 0.87283066 -0.05129622
0.49662616 -0.19951387 -0.27405126
-0.44512744 0.98474819 -0.47190481
-0.34029015 0.69852224 -0.35194572
0.27734425 0.33511234 -0.5948929
0.68874235 0.15601008 -0.83497758
-0.02144686 0.73500631 -0.68902336
0.6411348 -0.70931123 0.08853091
-0.66823166 0.44429931 0.39249335
0.99122853 -0.00200903 -0.87604768
0.84397705 -0.99904634 0.44660525
-0.07085984 -0.60158536 0.68282935
0.4384764 -0.06774193 -0.34464656
0.530917 0.41097144 -0.79884061
0.65384829 -0.12806209 -0.35125315
0.83878547 0.13228417 -0.72116674
0.70899109 -0.90938662 0.2975002
-0.02384005 -0.19496357 0.45091936
0.30944255 0.58550743 -0.88867276
-0.30684659 -0.49389439 0.92404831
0.64961606 -0.04860328 -0.41163609
-0.53265154 0.27092359 0.33366439
0.66385988 -0.75786671 0.24099156
0.42674097 -0.82578071 0.72395471
0.4400066 -0.52667356 0.14464427
-0.14592275 -0.51763283 0.83116613
0.48867997 -0.824799 0.38919287
-0.63856183 0.27852702 0.48611172
0.29141175 0.10154421 -0.26852682
-0.87190157 0.09562628 0.86590007
-0.41317728 0.82437289 -0.39995149
-0.4618443 -0.18139792 0.73923143
-0.23202752 0.8845249 -0.64903761
0.24317703 -0.69862775 0.56771758
-0.22979509 -0.2872479 0.60358729
-0.28698336 0.89908225 -0.52230109
0.68990759 -0.60349225 0.05833333
-0.17420503 -0.19245475 0.37169496
-0.62668833 0.03184663 0.75657733
0.75378611 -0.98068666 0.60645673
0.56003883 -0.07327502 -0.44796173
0.73484469 -0.11644024 -0.55599723
-0.46505387 0.86847954 -0.0079078
0.70636365 0.32484231 -0.95139521
-0.46019939 0.55001493 -0.0680082
-0.27583385 -0.25368806 0.64293006
0.2397654 -0.30426442 0.16349355
-0.24605862 0.64499541 -0.26603312
0.49867642 0.66831053 -0.93417726
-0.32263224 0.47640463 0.07049639
0.93812368 -0.25573714 -0.52948413
0.69570522 -0.56286343 -0.10957869
0.8431973 0.01220322 -0.74975262
-0.38627597 -0.29823468 0.87635706
-0.63045453 0.55197759 0.15980621
0.35406259 -0.61388107 0.3787834
0.48927685 -0.94551342 0.72550996
-0.30701297 0.73178621 -0.27241845
-0.11452562 0.48656568 -0.28632661
0.91125159 -0.86090206 0.01740528
0.30483107 0.82784641 -0.88547016
-0.44623994 0.33588122 0.17858431
0.30928084 -0.86766385 0.57269192
0.40157068 -0.43865424 0.07691892
0.12288868 0.70549327 -0.65686034
0.51115853 0.27384674 -0.75718099
0.3641812 -0.28856704 0.03278282
0.04119355 -0.86382899 0.9609628
-0.73014611 0.98473089 -0.18617233
0.49051805 0.55830413 -0.86068999
-0.40119695 -0.29572227 0.80150732
-0.51026371 -0.36242178 0.90389993
0.96218743 -0.24048962 -0.61259312
0.29461389 0.31187322 -0.5869847
0.84206019 0.02783772 -0.63662903
0.2795225 -0.28618202 0.05730536
-0.2214523 0.48312386 -0.24498805
0.77766159 0.28597724 -0.87226938
0.61669735 0.14132239 -0.65213642
0.63744505 -0.01242067 -0.55992363
-0.3506001 -0.29415976 0.78581238
0.50121579 -0.9380604 0.53763203
0.87888789 -0.6206722 -0.04257387
-0.25644551 0.62366664 -0.34558688
0.78171118 0.22656785 -0.93112059
-0.63817555 0.48508213 0.21545943
0.50879578 0.73186718 -0.98729111
0.529533 -0.24246863 -0.11496798
-0.76878875 0.44752768 0.36441478
-0.7920813 0.22671511 0.59925088
0.69593986 0.51029036 -0.81359227
0.30024456 0.88219918 -0.9780788
-0.44940744 -0.18839526 0.73523358
0.51559337 0.11915403 -0.62030314
0.58462167 0.50744344 -0.98743499
0.28896916 0.81020276 -0.99095332
-0.67195292 0.94218191 0.00546216
-0.20650892 -0.32601727 0.56680608
0.43704702 0.15593472 -0.4599763
0.21182524 0.54457961 -0.71240061
0.29929398 0.65038931 -0.74701789
-0.38298736 0.74728631 -0.28941952
0.64514177 -0.5269017 -0.00321976
-0.53600658 0.07183258 0.46680344
-0.69496366 0.61401312 0.22577131
0.18289075 0.84630891 -0.9388389
-0.03302681 -0.54724759 0.71910938
-0.6706429 -0.1370551 0.85426741
-0.37668293 0.9148448 -0.53116015
0.84938806 -0.72285454 -0.1091159
-0.78957026 0.26144884 0.58297638
-0.56672895 0.66261281 0.37843933
0.09733642 0.22628618 -0.28904412
0.08005123 -0.4803242 0.49895039
0.6776733 -0.54109767 -0.1105121
0.92783869 -0.64573863 -0.23967985
-0.37865824 -0.24572554 0.6982081
0.42259939 -0.82367575 0.42563349
-0.43318303 0.83728669 -0.28116184
0.56379892 0.10095749 -0.65563293
0.37797742 -0.66901431 0.32900298
-0.09936251 -0.86888913 0.9997292
-0.18775331 0.88866088 -0.5723929
0.2898198 0.36858748 -0.62319029
0.87170552 0.03714997 -0.89182187
-0.35253249 0.83693419 -0.14388677
-0.45791994 -0.30013994 0.79287942
0.41383856 -0.9589252 0.57716599
0.72865597 -0.07176033 -0.6148547
0.59697555 -0.94557106 0.41207876
-0.45000735 -0.21069855 0.68885001
-0.45606249 0.66923507 -0.15164112
-0.23151943 0.47631823 -0.14512482
0.09218236 0.84004947 -0.92612812
-0.81030488 0.37557546 0.56537346
-0.57893892 0.33513147 0.49021416
0.36627285 0.6172523 -0.94224448
0.61218813 -0.66278885 0.3530548
-0.31452687 0.82049097 -0.40894293
-0.56573755 0.52336138 0.14965068
-0.44557114 0.9876377 -0.36728795
0.77767273 -0.14701491 -0.60672949
0.83530527 -0.33000888 -0.49079625
0.86120573 -0.96208176 0.24056177
-0.18247608 0.70293641 -0.49369913
0.02287296 -0.45064806 0.43944815
-0.18893589 0.64321706 -0.39746394
0.43840049 -0.20585307 -0.18430785
-0.00879124 -0.70814574 0.73352965
0.92394329 -0.13866277 -0.57272548
-0.46004353 -0.28102293 0.93919758
0.58263045 -0.6050132 0.08783503
0.75763205 0.63170776 -0.95791466
-0.17794183 0.71501924 -0.46986288
-0.90534508 0.96469597 0.00596204
-0.83158332 0.83941284 0.05212051
-0.54195467 0.39804049 0.20199152
0.73067858 0.17925903 -0.83849126
-0.38206508 0.85740923 -0.0878991
-0.45359978 -0.37648263 0.88036895
0.04778017 0.63423427 -0.62984091
-0.18702311 0.39199193 -0.16908211
-0.77574358 0.06492006 0.92407187
0.24137749 -0.7826036 0.58757482
0.12143889 0.75042574 -0.61743943
0.23406639 -0.61697539 0.49005539
0.71389088 -0.22249502 -0.39281242
0.51945062 -0.81008006 0.47034376
-0.81590465 0.03697518 0.89018589
-0.58084949 0.402977 0.18437611
0.05529125 -0.35222005 0.33097915
0.31864715 0.60378829 -0.68074049
-0.52566842 -0.02539534 0.55995041
-0.32155146 0.76906218 -0.43477903
0.66483483 0.01932397 -0.53967879
0.25265312 0.23753645 -0.44794293
0.94325935 -0.8609667 0.1961408
-0.1700762 0.64634782 -0.44344932
0.43991338 -0.97666692 0.66608285
-0.39369955 0.46512248 0.11417754
-0.08095156 0.73286061 -0.64054548
-0.50491139 0.02920656 0.56143365
0.0190313 -0.32334239 0.34050213
0.94583133 -0.61397223 -0.28067346
0.63129959 0.02230293 -0.62418439
-0.66342484 0.79668688 0.0268445
-0.26802022 -0.56559898 0.96805142
0.09217807 -0.67012524 0.64556481
0.71047994 -0.59667928 -0.10526088
0.47906313 -0.35026553 -0.11030283
-0.39479583 -0.11133425 0.61165846
0.9936148 -0.08769593 -0.83260151
0.57723852 0.18301935 -0.61158053
0.70873286 0.03833533 -0.74034739
0.1784971 0.6871545 -0.63073293
-0.41868369 0.16322511 0.31083813
-0.93056966 0.56325955 0.42488119
0.25180864 -0.54470565 0.35182834
0.50296702 -0.38164265 -0.02716004
-0.47375856 0.65189401 -0.13123162
0.15890899 -0.94368485 0.98051658
-0.22076946 0.94676794 -0.69914008
-0.70897791 0.72293183 0.12161076
0.8891951 -0.9938737 0.40800658
0.27157333 0.51063761 -0.50579218
0.89008059 -0.16036502 -0.45242463
-0.20309052 0.29704723 -0.06222395
0.55431041 -0.93448306 0.42958254
-0.54249011 0.25771159 0.35600264
0.6388284 -0.6143065 0.04020033
-0.84213498 0.36357072 0.50273348
-0.65449671 -0.01374882 0.69143861
0.3342981 -0.16294241 -0.0782033
0.43928855 0.56026088 -0.91100806
0.58436941 -0.80871062 0.24797746
0.5629894 0.6129573 -0.83032882
0.41989694 -0.0690738 -0.30327758
-0.40201636 -0.04737687 0.5402754
0.8150887 -0.48587403 -0.16710474
0.44240601 -0.37356331 -0.03671624
-0.06256105 0.9609635 -0.64992479
0.40119677 -0.07436201 -0.25946808
-0.24888543 -0.39626943 0.66454379
0.72331551 0.15737483 -0.73242142
-0.18069828 -0.44136919 0.68834357
-0.59120791 0.62743221 0.14034972
-0.27555927 0.68239641 -0.39309856
0.31890391 -0.83784905 0.85198615
0.40547089 -0.94094059 0.60269008
-0.12865642 -0.3457912 0.51997185
0.08331207 -0.26060933 0.3680687
-0.42965883 -0.37942489 0.96394238
-0.49149598 -0.22197113 0.71386279
-0.76350247 0.92307939 -0.10033082
0.49551227 -0.71343523 0.27340793
0.78262938 -0.98943285 0.26470075
0.11467507 0.85170044 -0.7638178
0.63265306 0.31834865 -0.9187316
-0.52601252 0.72128574 -0.02903372
-0.81923059 0.19523201 0.62425261
0.3737485 0.13657732 -0.50664593
-0.46503719 0.44454417 0.03652447
-0.84073977 0.00339573 0.93316597
-0.25218075 -0.13711013 0.39855125
-0.24919806 0.73950204 -0.44265007
0.18850312 -0.61514027 0.55414402
-0.46397515 0.87956699 -0.38558803
0.73962503 0.29428635 -0.75702274
0.88189932 0.27453949 -0.96540567
0.49911505 0.25543219 -0.65632685
-0.14617069 0.6446756 -0.49738017
0.91787445 -0.81763504 -0.03175327
-0.44335273 0.65741238 -0.15074562
-0.0795983 0.96501313 -0.7955754
0.07673646 -0.43705989 0.53650048
-0.17180817 0.61108368 -0.41435971
-0.00316704 -0.62953024 0.7167472
-0.83132926 0.59714644 0.25354516
0.75741981 -0.23038222 -0.36428706
0.78332384 -0.42835756 -0.30114514
0.16186701 0.96742894 -0.99362033
0.07308273 0.50571663 -0.49678736
0.77105623 -0.05211627 -0.60776784
-0.928087 0.56045176 0.49345935
-0.37088285 0.80053726 -0.34574126
0.98082513 -0.00606504 -0.93775904
0.8845526 -0.65141826 -0.17103207
0.84715183 -0.29917073 -0.40174619
-0.95325268 0.43622303 0.75085109
0.6397769 -0.25148346 -0.26655397
0.28888811 -0.18709743 -0.07964171
0.64458218 -0.3474173 -0.23676873
-0.15314492 0.93806246 -0.69190974
-0.54579904 0.0854167 0.60442898
0.95533141 -0.3319665 -0.61625131
-0.7518386 0.69909598 0.06045837
-0.63351324 0.10518287 0.61897095
0.78039789 -0.86371841 0.09854612
-0.58414799 0.89229553 -0.19768532
0.91818763 -0.61555074 -0.23750399
0.69522187 0.49602583 -0.99770522
-0.72999258 0.80281416 0.10400238
0.71979229 -0.7083393 0.04318544
0.49460248 -0.87364582 0.4063451
-0.14997371 0.44873061 -0.18807048
-0.92124913 0.4120479 0.78581749
0.29666595 -0.30822471 0.0834493
-0.11660544 -0.32789264 0.47766836
0.04001126 0.6946583 -0.72652288
0.63643076 0.43466286 -0.9678227
0.95973517 -0.42816938 -0.16275108
0.40701643 -0.20970422 -0.18627412
-0.84592796 0.52497364 0.38858717
0.37348259 -0.54802657 0.21490678
0.23486867 0.72181083 -0.87166296
-0.69700986 0.90369506 -0.02985254
-0.24533572 0.3591613 -0.06655397
0.53758803 -0.66355579 0.22873901
0.36403848 -0.34748563 -0.01570001
0.77895735 -0.63204671 -0.14524641
-0.97760206 0.92591477 0.13175407
0.99139947 0.20425435 -0.99446783
0.00103474 0.26928799 -0.20156203
-0.76568999 0.1883584 0.71419664
0.75541571 0.18159225 -0.87731321
0.02443627 0.60869055 -0.47112807
0.07132821 -0.37219305 0.44264462
-0.63446546 -0.17063186 0.91110069
0.37917915 -0.92586501 0.80415808
0.4562936 0.5644443 -0.91306797
-0.60724629 0.73079825 0.03153536
-0.57248691 0.3693513 0.36913945
-0.3041344 -0.08776952 0.4381536
-0.62097422 0.53210809 0.21406945
0.44571915 -0.84383269 0.80989069
0.70333096 0.23150189 -0.82996903
0.42189895 0.16863862 -0.38969767
0.77732276 -0.03144245 -0.65559944
-0.48078049 -0.07465334 0.65543288
0.32753928 0.52824066 -0.74007125
-0.64612309 -0.26829924 0.99279842
-0.79709827 0.41259839 0.5642618
-0.01436333 -0.62674585 0.69815388
0.93598003 -0.57336098 -0.00977622
-0.28097329 0.92312719 -0.42481623
-0.98462627 0.91587854 0.3923124
-0.1770043 0.98730424 -0.77336357
-0.34339188 -0.5723797 0.99829177
-0.74779169 0.19104051 0.57578093
0.59040315 -0.66917195 0.32157545
0.07357013 -0.3096878 0.29473822
-0.44976299 -0.03831763 0.51292747
0.65929165 -0.56630055 0.030293
-0.10468052 0.86464553 -0.46559794
0.45343206 -0.48363388 0.09377449
-0.11972998 0.56996595 -0.38942469
0.64588904 -0.39824497 -0.23189949
0.9027965 -0.90298269 0.15436025
0.19432383 -0.94089673 0.83661101
-0.28084782 -0.16004617 0.47378276
-0.97073566 0.49299756 0.52651846
0.86964558 -0.4929278 -0.18275737
-0.45395299 0.07365034 0.53127505
0.25162717 -0.43896573 0.28491172
0.16710207 -0.08847017 -0.04245174
0.96629609 -0.20248028 -0.66772004
0.59914231 -0.29039085 -0.28612688
-0.37694338 -0.21884292 0.75391346
0.17727529 0.56838519 -0.73116134
-0.9359141 0.36361604 0.76964261
-0.22015056 0.86346919 -0.3960347
0.7514009 -0.06006665 -0.67932639
0.0152081 -0.92019897 0.99327607
-0.64004992 0.55834544 0.22088351
-0.71017897 0.26307977 0.96744417
-0.14160886 0.20693156 -0.06403548
-0.18635647 0.91409765 -0.63855519
0.66644078 0.23801227 -0.76353713
-0.01267398 0.72297935 -0.69734733
-0.08683433 -0.51124332 0.62802288
-0.19428172 -0.55140669 0.92379036
-0.90997251 0.58187266 0.47754449
0.50172736 -0.38857178 0.00061709
-0.00337481 -0.26598228 0.27061997
-0.82876232 0.78014446 0.08661265
0.27316445 0.9741665 -0.86254389
0.5806756 -0.82409654 0.25997216
0.02537961 0.95563861 -0.75335881
-0.67256017 0.92536438 -0.1060929
-0.77672969 0.66299293 0.23123504
0.12659252 0.67535644 -0.77279002
-0.9901735 0.83461196 0.17813479
0.87156084 -0.95877741 0.15922855
-0.35549227 0.71010403 -0.34749398
0.91966801 -0.29694952 -0.53856893
0.95206052 -0.81359174 -0.07282888
0.00111908 -0.67704982 0.78504593
0.39532609 -0.86171893 0.47811703
0.24283735 -0.63125966 0.50913079
-0.76066213 0.55089256 0.31784357
-0.47921626 0.884934 -0.39865018
0.19821207 -0.69200469 0.58151727
-0.03034696 0.28976347 -0.24803856
0.80523071 0.02802025 -0.82418633
0.61258394 0.27464354 -0.69973367
-0.71329153 0.11263867 0.87550165
-0.59412476 0.76621406 -0.08734088
-0.27681634 0.9810548 -0.46320201
-0.86528264 0.08229233 0.95360347
-0.56986326 0.04475698 0.60693939
-0.57868254 0.04480033 0.58895064
0.56553154 0.29028458 -0.78178987
-0.04634272 0.57023412 -0.46460153
0.97626451 -0.83264854 0.01431603
-0.2180313 -0.15830237 0.39906193
-0.8889809 0.09821535 0.8029
-0.5064094 -0.34762877 0.93264114
-0.56827559 0.32674806 0.25807694
-0.87760063 0.89356867 0.31232384
-0.54084769 0.45160474 0.19501616
0.61820349 -0.852001 0.3566384
-0.6332562 0.7328483 -0.07056462
-0.20412158 -0.11390435 0.36118384
0.370766 0.18475339 -0.49676865
0.98586812 -0.59814206 -0.34618131
0.56257602 -0.75256225 0.2079188
-0.45577214 -0.06202417 0.74151972
-0.81885124 0.20281137 0.85681851
-0.74783461 0.99668894 -0.16686178
0.66056246 -0.22809313 -0.29907618
-0.38630421 0.42864289 -0.01308758
0.0077033 0.30438758 -0.23351745
0.75840294 -0.51209766 -0.16269228
0.30469338 -0.1840098 -0.08719779
0.73000623 0.01930233 -0.53588917
0.71372103 -0.64474789 0.01164898
0.10643104 -0.97061783 0.86671316
-0.69376389 0.27711783 0.73766586
0.58982962 0.14632642 -0.73556614
0.01925167 -0.3328921 0.65999912
0.14590464 0.47720144 -0.50861066
0.97514105 -0.63989435 -0.23299829
-0.32894911 0.66842879 -0.17778999
0.74985731 -0.54138111 -0.1722977
0.90054762 -0.07265512 -0.5793462
0.74019874 -0.9340832 0.25967027
0.50302017 -0.31381611 -0.10400128
0.86371318 -0.43812569 -0.40796059
-0.29130039 0.43204292 0.05987572
0.7513945 -0.66966443 0.13812992
0.95666664 -0.85355613 -0.0284627
0.21725242 0.48386846 -0.65792399
-0.23920506 -0.01505767 0.27646466
0.91986223 0.54991153 -0.94488108
-0.72079634 0.95602254 -0.05139068
-0.21816514 -0.20896236 0.53031587
-0.18352245 0.19336313 0.00959107
-0.73045358 0.22473979 0.72133072
0.94623328 -0.24268248 -0.63772266
-0.16494718 0.66967582 -0.36667258
0.40804426 -0.89147818 0.68352852
-0.14386071 0.4907489 -0.248822
0.39548845 -0.76858411 0.37670624
0.9045612 -0.08313217 -0.79618344
-0.5474283 0.95295795 -0.39593
-0.8948535 0.21202338 0.85397686
-0.89125976 0.19484584 0.87830424
0.55643456 -0.2396791 -0.24538361
-0.83509625 0.5804152 0.4711062
0.49500826 -0.91024373 0.48815909
0.4299513 -0.6481608 0.30562606
0.96964237 -0.73252668 -0.15668281
0.25680745 -0.47716102 0.22844776
0.2226916 0.80298573 -0.96659252
0.46476216 0.47686465 -0.75662791
-0.48087 0.91286703 -0.374666
0.51128188 -0.55333986 0.17646632
-0.32376436 0.30663948 0.06682181
0.14066244 -0.71943993 0.6270592
-0.47512901 -0.43118798 0.93376091
-0.44331225 -0.07815457 0.94506736
0.11689913 -0.0305286 -0.08065183
0.3383247 0.05315252 -0.38930832
0.79792419 -0.97938138 0.35143926
0.04568246 -0.45734154 0.66912075
0.57219789 -0.17721344 -0.26748262
-0.48612207 0.07270904 0.49234719
-0.52317667 0.0539374 0.48146057
0.54680556 -0.61787696 0.24184159
0.16053529 0.76784368 -0.91737588
-0.72848014 -0.02934655 0.81314634
0.73284012 0.17121354 -0.89548219
-0.02654053 -0.72266484 0.8779149
0.34634541 0.43454315 -0.76115732
0.04828754 0.88643204 -0.88439299
0.11815633 -0.79575355 0.94734322
-0.63469748 0.2361242 0.41104264
-0.79067514 0.64387958 0.2192951
0.41785373 -0.96761562 0.75048601
0.00653762 -0.43447282 0.49381985
0.49583002 -0.45658137 0.16524888
-0.77804528 0.99554227 -0.11861759
-0.55140282 0.49096173 0.25313776
0.27931945 -0.5214388 0.25513908
0.23774641 0.98344573 -0.97267346
8.84763687e-01 -8.64810859e-01 -5.55660906e-04
0.93508265 -0.68055657 0.12173053
0.24997811 -0.80794206 0.61319237
0.94709749 0.00512917 -0.90420856
-0.85350477 0.51696261 0.44092048
-0.28481434 0.81126761 -0.27343351
0.29997155 0.49624323 -0.73831707
-0.5863048 -0.0365812 0.88376049
0.29684452 -0.96705742 0.70283055
0.76959372 0.06207241 -0.70397125
-0.84164687 0.08850212 0.91984851
-0.26630718 -0.52301761 0.80318934
0.22706143 0.90383765 -0.9024235
0.59150102 -0.78689354 0.35847735
0.37029031 0.83009937 -0.95650566
-0.6772033 0.88958454 0.02502963
-0.66070887 0.45736171 0.25718075
0.13812315 0.79358352 -0.89605783
-0.9093234 0.88141807 0.12664157
-0.34987252 0.99000066 -0.43060389
0.80011637 -0.97260533 0.30094529
-0.969897 0.83804166 0.33712194
-0.40024241 -0.10722965 0.50861955
-0.61300243 -0.24970308 0.88395161
-0.8940154 0.84893633 0.10544166
0.80988905 -0.21271793 -0.52175693
-0.64588412 -0.20476254 0.97318685
0.62351606 -0.03676752 -0.55504034
0.79606116 -0.01555379 -0.70010755
0.19144187 -0.4653675 0.53545023
0.77196625 -0.49393729 -0.22738561
0.38968207 -0.8164289 0.43245626
-0.68894429 -0.06340674 0.8795545
0.62897003 0.46938221 -0.94646281
-0.74349265 -0.19839032 0.95164288
0.99573506 0.00744095 -0.9807825
0.72559466 -0.25796987 -0.37411693
0.08087554 -0.78847628 0.79113627
-0.31566138 -0.275316 0.75539542
0.93468511 -0.65472934 -0.22361138
0.43678817 -0.63807793 0.21463931
0.77841997 -0.02990716 -0.67395394
0.33096378 -0.82896886 0.7332281
0.46695461 -0.34106396 -0.08129965
0.6341896 -0.62990006 0.04964415
0.8468109 -0.70901492 0.08359781
-0.39370904 0.87102689 -0.34802948
0.03172898 -0.61027657 0.75453984
-0.04172999 0.18940257 -0.12579233
0.91085219 -0.76182318 0.0243111
-0.24884015 0.8128758 -0.49699075
0.03464137 0.45966669 -0.44662689
-0.96194855 0.6486352 0.54215055
-0.61918313 0.01527895 0.63705654
0.87255146 -0.49344788 -0.24869385
0.85424867 0.20407454 -0.96455601
0.48285166 0.42597147 -0.89756073
0.51125116 -0.7827973 0.30362809
0.15381251 0.83490514 -0.94584062
0.37450488 -0.49053547 0.16740476
0.3142064 0.81194874 -0.92579241
0.14340144 0.79805891 -0.9213926
-0.31368297 0.7295836 -0.32264968
0.51604713 -0.0471831 -0.4070995
-0.5159524 -0.34322555 0.95789907
0.51388161 0.65722291 -0.98522227
0.37086365 0.55609825 -0.84549339
0.9956799 -0.92435366 0.11570353
0.68745257 0.10737726 -0.55119563
0.10316007 0.43620409 -0.40459146
-0.73194148 0.87249634 -0.00746764
-0.74248763 0.752025 0.11402335
0.97767373 -0.9187725 0.13631523
0.76296657 0.35025016 -0.86018181
0.29077222 0.08903767 -0.34257658
0.55356433 -0.88543635 0.39232519
0.99085076 -0.03586288 -0.93816544
-0.40064986 -0.13011298 0.59801221
0.77466608 -0.17478141 -0.55232574
-0.57461183 0.07446563 0.52741386
-0.8566434 0.26899162 0.86689516
0.82419003 -0.40209662 -0.31932423
-0.6169349 0.83682644 -0.02832847
0.04997417 0.83106531 -0.8068217
0.81876665 -0.06148353 -0.63789021
-0.146554 -0.64522502 0.80222292
0.25041483 -0.88902149 0.64369205
-0.27885293 -0.38671558 0.69686324
-0.84102337 0.63653943 0.20609589
0.56033255 -0.773018 0.29104592
-0.86440811 0.64052137 0.23508849
0.97083588 -0.09627027 -0.74399327
0.23497896 0.54651024 -0.77931398
0.88724715 -0.90325753 0.07820893
0.60815114 -0.45788558 -0.06559598
0.22958363 -0.80914043 0.97045244
0.76158344 -0.57268479 -0.08011099
-0.1730948 -0.47278575 0.6722887
-0.30836199 -0.37998774 0.82388232
-0.10014416 -0.08591139 0.19185567
-0.05728196 0.37402384 -0.25080772
-0.47542524 0.31198253 0.37449562
-0.14652178 -0.09026671 0.27251893
0.66995356 0.40749459 -0.80516056
-0.15501108 0.8321412 -0.46783718
-0.71044088 -0.04486352 0.79381988
0.29394419 0.87025982 -0.99660889
0.21848316 -0.42905749 0.23997483
0.60934746 -0.44264611 -0.10146939
-0.23515817 0.34487645 -0.09511761
-0.00356929 0.78176965 -0.67498046
0.97471996 -0.77097797 -0.06342646
-0.53868776 -0.02396928 0.57261642
0.0890487 0.42056664 -0.42991349
-0.33768127 0.46898283 -0.0707068
0.00276079 0.26825681 -0.26348434
-0.23817444 0.84218695 -0.57079243
0.83447545 -0.18804525 -0.54896153
0.03064232 0.66687468 -0.51257569
-0.45120787 -0.29091572 0.90538947
0.77187198 -0.41286367 -0.23724622
0.97034546 -0.46794111 -0.1210578
0.15959254 0.58882889 -0.68561292
-0.05181627 -0.62839152 0.68559036
0.02779452 0.18465721 -0.20053201
0.68889949 -0.44437792 -0.10968438
0.69863351 0.09620512 -0.76656706
0.96792519 -0.52801817 -0.32065258
0.39175511 -0.88597401 0.52016287
-0.87934227 0.85581229 0.05995233
-0.0504065 0.61573899 -0.54873467
0.51126643 -0.04885307 -0.37529754
0.06514448 0.78440746 -0.83006943
-0.67616494 0.01585314 0.66617694
0.46081433 -0.55173977 0.14288099
-0.03355239 0.91671629 -0.84377847
-0.7845651 0.60287977 0.3191597
0.83181616 -0.45795214 -0.28548562
-0.952538 0.37832514 0.57866464
-0.57863956 -0.0674273 0.69893412
-0.76282488 0.40897603 0.41409798
-0.53041073 -0.10970631 0.75776354
-0.28137475 -0.12726972 0.44819806
-0.95433095 0.70668196 0.41590573
-0.38377825 0.06187274 0.39615856
0.65009183 0.76317461 -0.87000362
-0.55043536 0.22336627 0.37672897
-0.79385172 0.90306775 0.03277303
-0.56916348 -0.31226801 0.96060091
-0.42208011 -0.08953699 0.54605177
-0.15975883 -0.55079503 0.73810522
0.12586806 0.65241691 -0.75767028
0.02532024 0.43862299 -0.45180556
-0.3596993 0.62193634 -0.18563464
-0.59720663 0.46646694 0.33916294
-0.59735794 0.01991646 0.63365763
0.38987717 -0.75142655 0.73543595
0.27559677 0.58373199 -0.82214366
-0.67763582 0.91693589 0.0034104
0.4830756 -0.27689858 -0.16229331
0.55840882 -0.64922873 0.14812574
-0.99154883 0.32091005 0.89179422
0.26554352 0.31338632 -0.4921807
-0.05322827 -0.11528761 0.26134282
0.54576914 0.29188329 -0.76039312
0.1253134 0.90400168 -0.84854543
-0.38527368 -0.15392528 0.56861614
-0.12848343 -0.71491894 0.87525801
0.64132354 -0.85838675 0.42805751
-0.52850379 -0.38996178 0.9945344
-0.01951051 -0.07096659 0.11125386
-0.34206306 -0.57311778 0.97671819
0.84954693 -0.98146284 0.28883885
-0.5373958 -0.29131944 0.84924212
-0.35500478 0.58261305 -0.20600022
-0.90693828 0.90668215 0.26460242
-0.90368549 0.63888919 0.35830474
0.90530245 0.1338851 -0.77813109
0.38239813 0.43061184 -0.69312777
-0.14262478 0.80339261 -0.52472383
0.22456073 0.60584436 -0.79931534
-0.61726545 -0.14594572 0.92729724
-0.01051451 0.73612175 -0.67005843
-0.91108871 0.99285421 -0.0252469
-0.44006472 0.13260817 0.30989047
-0.98662973 0.60157462 0.38733146
-0.1056102 0.24448328 -0.13265943
-0.64616602 -0.16999324 0.87860631
-0.2052989 -0.37392456 0.58945346
0.74574671 -0.53393894 -0.13537276
-0.78567185 0.42875207 0.3840023
-0.78349194 -0.0693335 0.99087478
-0.3195776 -0.50434137 0.87159361
0.04212535 -0.24245097 0.23670273
-0.064526 0.72827042 -0.64728278
0.57258331 -0.98224584 0.45952615
0.13488328 -0.88202027 0.81015852
0.67348379 0.77599225 -0.99130909
-0.83077373 0.26536331 0.82370561
-0.88416586 0.76573266 0.1491007
0.00665392 0.76802258 -0.73349359
0.21874134 -0.70572847 0.94841841
0.3977942 -0.74601447 0.40747946
-0.15964197 0.18285735 -0.01651153
0.89159484 -0.72324644 -0.02185575
-0.27972959 -0.6844955 0.98083044
-0.64671262 0.8998324 0.06838365
0.47972661 0.02647196 -0.38492431
0.65193457 -0.69436553 0.2288202
-0.58667469 -0.27947156 0.92143179
0.92630781 -0.18580092 -0.71448518
0.12119168 -0.80262444 0.9542569
-0.92977877 0.62943983 0.3510841
-0.33496167 -0.28708198 0.89758751
-0.78212512 0.15428957 0.63741247
0.24220801 -0.90179928 0.7650024
-0.98234781 0.24097491 0.7670112
0.4236317 -0.00123764 -0.2659781
-0.68964146 0.77504767 -0.05643733
0.92880201 -0.97727328 0.10044901
-0.57054892 0.85474946 -0.04535286
-0.86571988 0.25951045 0.75647336
0.43129126 -0.94733084 0.62997383
0.54779671 -0.81260938 0.29798381
0.84871093 -0.83460602 0.0855055
-0.63701803 0.44640071 0.27097356
0.67753284 -0.41179082 -0.25629722
-0.13725004 0.81352014 -0.60399778
-0.95850042 0.74066065 0.25297789
0.87961578 -0.72449848 -0.08913903
-0.81169111 0.84057463 0.02486604
-0.2422933 -0.43119655 0.90589668
0.24504995 -0.62694591 0.41660434
-0.86281677 0.60190363 0.47431919
0.93933895 -0.91188799 0.12571299
-0.35439151 -0.35242898 0.96278836
0.9248092 -0.85683859 -0.01125991
0.56332635 0.25198338 -0.77812241
-0.27315066 -0.38158593 0.73457509
-0.30536467 0.64879859 -0.25722337
0.2504733 0.19144564 -0.32127866
-0.46564635 0.60316264 -0.06540608
0.43120075 -0.30398538 -0.08061134
-0.48316451 -0.04552234 0.57182068
-0.56321624 0.99615094 -0.3252058
-0.34772998 -0.18692748 0.53480632
0.76318161 -0.71956793 0.05326309
0.8578165 -0.02209502 -0.79991072
0.69355829 0.37635626 -0.69401896
-0.21764879 0.90048559 -0.67583596
0.57416258 -0.50583228 -0.02502397
0.90514694 -0.3850012 -0.38182824
0.8772587 -0.81767901 -0.01172466
-0.64275908 0.69943389 -0.00295401
-0.00887052 0.90549772 -0.88103623
0.57004663 -0.74030752 0.18301714
0.84469993 0.03747404 -0.63191129
-0.39703235 -0.02882777 0.78511527
0.05762058 -0.57932772 0.814568
-0.3201005 0.40269249 0.03319729
-0.99401216 0.80161351 0.21032727
-0.40657894 -0.23977299 0.80338203
-0.76785722 0.86384539 -0.00996785
0.00773503 -0.23174199 0.27068889
-0.39942136 0.51250538 -0.05485358
-0.73541258 0.61382672 0.35405956
0.76849571 0.108809 -0.82806025
0.70686452 -0.79145471 0.0907149
-0.11231701 0.75505002 -0.51773245
0.20478889 -0.90997523 0.72414401
0.30576036 0.59631208 -0.81105186
0.59537957 -0.8473782 0.29690974
0.96978055 -0.59145714 -0.27866641
0.45087947 -0.73514745 0.32425115
0.42729846 -0.9334569 0.54943012
-0.55208592 0.82841314 -0.25760316
0.31045039 -0.05344419 -0.19979091
0.25976975 -0.32090616 0.09776602
-0.10996594 0.27623241 -0.1637667
0.35661188 0.57989317 -0.88470237
0.93330509 -0.42962135 -0.48783805
0.87739321 0.13711964 -0.88570801
0.59207251 0.31243988 -0.76998558
0.23543958 0.61624712 -0.82645904
-0.56591524 0.39865732 0.23711103
0.47982675 -0.28037515 -0.18436301
-0.98641753 0.08045944 0.91880232
0.43600887 -0.87434044 0.53333988
-0.86990524 0.38255007 0.5933749
-0.53090045 -0.15727155 0.80292686
0.11399608 -0.20275873 0.09402146
0.23692927 0.61008682 -0.83685289
0.03697291 -0.35536778 0.37489724
-0.30622372 -0.32235864 0.67664708
0.43766788 -0.08575491 -0.31597132
-0.35165461 0.37222379 0.05596514
0.63973074 -0.71979125 0.14308011
0.063381 -0.1074431 0.06398269
-0.55109813 0.16193345 0.51229986
-0.77182503 0.17398455 0.89388018
-0.98434936 0.38549463 0.65681419
0.59088902 -0.8614821 0.3698895
-0.39254077 -0.31160947 0.70689568
0.71838589 -0.03953661 -0.59433829
-0.90955532 0.37973704 0.73681257
0.53065512 0.36227428 -0.82131353
-0.63372455 0.93496444 0.00487103
-0.151014 -0.24707415 0.47439069
0.44969379 -0.71131368 0.33703792
-0.42191278 0.74446113 -0.2727093
0.81642598 -0.95182564 0.37670285
-0.40955009 0.10943992 0.44299463
0.50400896 -0.81281762 0.31024345
0.14579885 0.44614336 -0.55165029
-0.90214742 0.41607196 0.5946554
-0.68179943 0.77008373 -0.07751447
-0.71126761 -0.01369812 0.88106341
-0.67304339 -0.2422963 0.99505772
0.5225104 0.18695631 -0.70900726
0.47840121 -0.11066007 -0.26200151
-0.90284975 0.22607615 0.7626682
0.45056839 0.0721965 -0.52059619
-0.59521462 0.16888093 0.43645971
0.66768182 -0.48288398 -0.11553045
0.59744747 -0.34488435 -0.22389334
-0.27615647 -0.57556807 0.89492397
-0.92012359 0.99188819 0.11990143
-0.82293479 0.63475144 0.38697007
-0.61379043 0.87604355 -0.18906089
-0.47954666 0.36660018 0.16675237
-0.36237258 0.56460919 -0.0603479
0.48278894 0.35366345 -0.76429691
0.6589397 0.42269165 -0.84296373
-0.77692083 0.55602489 0.23029301
0.64508726 -0.93605249 0.47350463
0.54377066 -0.08312493 -0.31081352
-0.01745163 0.35298478 -0.26377885
0.54497319 0.12482687 -0.62391433
0.54420382 -0.94333943 0.51623244
0.68464475 -0.84386257 0.59971362
0.98473959 -0.77551489 0.08094056
0.18585031 0.72917739 -0.88301375
0.00656666 0.52140044 -0.46223561
0.50385798 -0.36106411 -0.05502786
-0.65234624 -0.05130224 0.72778264
-0.5492286 0.88024637 -0.31797249
-0.30489699 0.48900476 -0.05235059
0.98680313 -0.64529802 -0.2841721
0.37042946 -0.98728274 0.89135335
-0.16551001 0.99900769 -0.63495567
0.59729472 -0.69573322 0.26537963
-0.52290503 0.27660335 0.34241116
-0.73715701 0.29280868 0.44837409
0.20872912 -0.49651813 0.29029214
-0.357758 0.20733963 0.16657987
-0.46282314 0.35143011 0.16376752
-0.59535772 -0.15032441 0.84192163
0.85593621 -0.14868155 -0.48568475
-0.06292092 -0.29928546 0.5573349
0.97361537 -0.35434547 -0.57883664
-0.31415284 -0.39233462 0.8666146
-0.19904952 -0.59219109 0.83473351
-0.82276541 0.24896528 0.57385608
0.80201204 0.48550664 -0.94014621
0.60527785 0.49258331 -0.99394753
0.08403232 -0.98912589 0.96820191
-0.66921473 0.99828949 0.07560155
0.91206454 -0.94501917 0.12579002
0.3992144 -0.85133933 0.64425381
-0.62182373 0.16781899 0.49889767
-0.08169125 -0.71506806 0.82375774
0.80351108 -0.68780411 -0.11255801
0.20820157 0.62424 -0.65707509
-0.18942068 0.88084389 -0.48482985
-0.72503961 0.48364264 0.29850893
-0.28846986 -0.48328489 0.91457986
0.46656092 -0.69659568 0.34416687
0.46727061 -0.21126372 -0.21619259
0.72011913 0.24535507 -0.92083856
0.40835265 0.70144569 -0.89696666
-0.42338638 -0.26946578 0.85047575
0.57671907 -0.59583803 0.20837745
0.56257153 -0.13810113 -0.4217959
0.51646441 -0.38817154 -0.10783308
0.63464014 -0.52199466 -0.0610837
0.42404185 -0.48185501 0.2798101
0.01990226 -0.54726189 0.75797191
-0.61052835 -0.14145038 0.81318914
-0.47436096 -0.32241968 0.868055
0.76631508 -0.91091374 0.31600063
0.14836124 0.66776035 -0.79536804
0.9799239 -0.75232047 -0.19348794
0.95958997 -0.34563872 -0.57517775
-0.60266184 0.34292132 0.31968202
0.75793924 -0.56904093 0.05142416
-0.03678314 0.8744328 -0.77192296
0.06673359 -0.31965258 0.30267077
0.21816152 -0.93157138 0.77709079
0.24844448 0.16352497 -0.3692314
0.55052105 -0.16408032 -0.34207083
0.61957566 -0.61771807 0.1501178
0.5702618 0.61476197 -0.99865775
-0.08241112 0.50781105 -0.39345295
0.62392835 -0.81169231 0.19573215
-0.23109958 0.77399591 -0.46145838
-0.26549768 0.46847936 -0.06738011
0.92592307 -0.60112488 -0.14220973
-0.81831349 0.9174753 -0.09072546
-0.09572295 0.5287641 -0.41296487
-0.76386131 0.9740979 -0.14767681
0.70005462 -0.72931864 0.04455493
-0.63773725 0.06122296 0.58510104
0.75821067 -0.31813528 -0.28165185
-0.52221293 -0.18133359 0.83831839
0.47320254 -0.776052 0.35364076
0.47313798 0.99354828 -0.92817095
0.49993014 -0.7914252 0.49029567
0.74110674 0.28888919 -0.90693876
-0.23553266 0.61275815 -0.2437059
0.85628201 -0.17570167 -0.42152649
0.87652783 0.19307303 -0.99082857
-0.3304293 0.94113071 -0.54514231
0.23753612 -0.83900708 0.72273931
-0.81032355 0.83436368 0.04649471
0.86829548 -0.6117821 -0.16435446
-0.18618301 0.7039588 -0.50563106
-0.36278861 0.90919929 -0.49339165
0.42006825 -0.84494024 0.58563273
0.27193966 -0.58245932 0.32352647
-0.59704162 0.86206895 -0.21083023
0.20169128 -0.47745123 0.35856803
-0.21359141 0.82051657 -0.54921327
-0.81390022 0.67800038 0.23981737
0.81660688 -0.37174451 -0.24924822
0.49444779 -0.79741828 0.35061049
-0.22502664 0.86506879 -0.52213989
-0.84737064 0.67317024 0.52828613
0.59077314 0.34926937 -0.64864646
0.66832283 -0.32620648 -0.30790825
0.43830279 -0.8742325 0.8004088
-0.44904728 -0.48614101 0.95195283
-0.1332825 0.41689341 -0.27210058
-0.81463708 -0.00671009 0.87883462
0.3748872 -0.58776472 0.35650093
0.02470619 -0.23364639 0.30887322
0.55201406 -0.70055121 0.26963514
0.60425086 0.33828545 -0.9375231
-0.41695767 0.18380427 0.2674132
-0.09634864 0.86595243 -0.73926452
0.17725206 0.76763939 -0.90891794
-0.86694765 0.05590766 0.85592762
0.25639292 -0.68325085 0.58153677
-0.9813516 0.5367953 0.810167
0.65589988 0.2255454 -0.81020567
0.65095247 -0.31076881 -0.29900256
-0.89737807 0.44874519 0.88286854
0.8358961 -0.50323078 -0.13752405
0.15552608 -0.62550446 0.61294788
0.87328111 0.277393 -0.86310132
-0.14597073 0.60983284 -0.42582649
-0.24101433 -0.6458001 0.99760774
0.22723827 0.43809426 -0.50712949
0.33902457 0.71497628 -0.92527171
-0.80944124 0.46662069 0.35877335
0.03426743 0.62428596 -0.59093391
0.35053634 0.56566963 -0.89874232
-0.86584449 0.06058757 0.85360458
0.81032427 -0.92817689 0.14480503
0.5557911 -0.92318201 0.50202782
0.27932213 -0.31972668 0.08094435
-0.59833458 0.92332331 -0.21582237
0.15774352 0.35810832 -0.51217218
-0.57099183 0.16683775 0.52753858
0.38560876 -0.51837437 0.19544482
-0.40703788 0.13373816 0.29136257
-0.22270252 -0.59523332 0.87371159
0.41274953 -0.98763166 0.59416235
0.7544468 -0.68654174 0.53100935
-0.69961794 -0.19140004 0.93838642
-0.07630181 0.64504588 -0.51664568
-0.29729584 0.78438774 -0.37957325
0.54852619 0.45997872 -0.89497248
-0.73425856 0.4339362 0.46531986
-0.51909141 0.21104052 0.31222733
-0.68180477 0.64585462 0.15230303
-0.57749939 0.87310591 -0.21412713
0.13482912 0.25072295 -0.3813178
-0.73988692 0.66070539 0.11004788
0.28715014 0.72500489 -0.91524826
0.09467525 0.52181883 -0.6143436
-0.68458156 0.42439119 0.59915254
-0.90255599 0.98580301 0.26186831
-0.6490692 0.6389335 0.02895207
-0.19248221 0.03036877 0.32915856
0.64434278 -0.07058158 -0.53266656
0.43195319 -0.42743671 0.04084117
-0.65919422 -0.15864558 0.89327777
0.91185526 -0.81003381 -0.05200455
-0.54595908 0.47897942 0.19044946
0.45640947 -0.64643207 0.48588973
-0.67521304 0.03105759 0.70070795
0.55129588 0.34352585 -0.7131145
-0.6844195 0.22951243 0.86394619
-0.25947534 0.82473062 -0.54220314
-0.15267305 0.99469057 -0.83669334
-0.66162727 -0.2198759 0.89987274
-0.64117346 0.69332335 0.20936502
-0.09920956 0.58949525 -0.46874476
0.22911698 -0.92674497 0.81425027
0.789734 -0.52211567 -0.16961024
-0.15373973 -0.11991767 0.35749575
0.90264861 -0.75067042 0.02359623
-0.3610337 0.27733249 0.12460442
0.56297611 -0.7427944 0.1891542
-0.4921955 0.77481782 -0.25103314
-0.95835289 0.60301021 0.37665082
-0.61394368 0.99098257 -0.31998675
0.0167073 -0.33241577 0.608622
-0.93582147 0.57781421 0.50854253
0.08258723 0.56969643 -0.56153676
-0.73059647 -0.06414565 0.87302234
0.85125007 -0.75069519 -0.06065106
-0.44352358 0.84822526 -0.36822783
-0.61863557 0.96434888 -0.3137699
0.93461304 -0.4896509 -0.27583365
0.07592973 0.84388309 -0.87614457
-0.50093244 -0.37526946 0.88858165
0.76971577 -0.67509671 0.16010531
-0.70971904 0.35846488 0.61996847
0.2343679 -0.89658701 0.72701741
-0.14833035 0.57514999 -0.37460331
0.59022446 -0.27696288 -0.31208689
-0.97779301 0.93886166 0.27142994
-0.56707898 -0.25934802 0.85035203
-0.1796969 0.73032715 -0.41367702
0.6175782 -0.69364096 0.22519444
0.35410753 0.60541778 -0.94188395
0.39702444 -0.54228999 0.16939923
-0.33196873 -0.23820226 0.64998829
0.34661659 0.70964813 -0.8674869
-0.70367592 0.68877261 0.44140503
0.86280566 -0.81223436 0.09469643
0.96057833 0.07376689 -0.85707425
0.20944195 -0.93141639 0.89246798
-0.47545714 -0.02037215 0.65538531
-0.95511003 0.16356889 0.97455443
-0.37501254 0.45650514 0.09867041
0.51777055 -0.16225331 -0.29710481
-0.74517568 0.80785996 0.03554683
-0.53995244 -0.31715557 0.86206407
0.70418522 -0.78969664 0.10615654
-0.29530238 0.78012619 -0.32839618
-0.48408618 -0.23938104 0.72982853
0.66199667 -0.9308434 0.60079915
0.3497776 0.36900802 -0.54819682
0.09143189 0.60481526 -0.63194155
-0.30540996 0.69125556 -0.30968533
0.87210974 0.16173847 -0.74127239
0.81422314 0.01338377 -0.82200002
0.12452739 -0.56609979 0.5264319
-0.53486292 0.90717338 -0.29435603
-0.65877488 -0.05789271 0.73415083
0.44279349 -0.95353099 0.5383241
-0.84591959 0.80106389 0.08066176
-0.18631045 0.96294558 -0.73427396
-0.75637983 0.89199478 -0.11845052
-0.96370547 0.31247952 0.83626793
-0.81257393 0.54417499 0.26892358
0.56561181 -0.92168332 0.49246315
0.20574245 0.74633327 -0.93390167
0.82126931 -0.29525753 -0.50774153
0.34368156 0.5590348 -0.85980808
0.86777157 -0.53872829 -0.19744633
0.58045793 -0.8570854 0.29106956
-0.88393354 0.98906975 0.13080078
0.80190846 0.27208799 -0.78357751
-0.48643051 0.41428544 0.12264642
-0.82540256 0.93605048 -0.0207585
-0.000301 -0.12359086 0.1527308
0.13848016 0.57181912 -0.48185931
0.80074854 -0.32348663 -0.29348609
0.44586845 0.52666575 -0.95811991
0.31150777 -0.49515059 0.24546034
-0.19275865 -0.21161388 0.46425361
-0.69545378 0.94737132 -0.24353588
-0.52748921 0.47838612 0.13851601
0.57743204 0.32430067 -0.851285
-0.51628974 -0.26353944 0.87154787
0.32653001 -0.06265193 -0.247606
-0.91060001 0.4390936 0.50076545
0.05837076 0.97738188 -0.91856238
0.6468235 -0.9557188 0.4176098
-0.86030068 0.75807917 0.1049551
-0.65243945 -0.1335417 0.87805368
0.39601987 0.23441317 -0.54372009
0.25462295 -0.78246328 0.86871224
-0.53130539 0.21006642 0.32467371
-0.64505309 0.00304563 0.71764436
0.15284209 0.9547575 -0.78918594
-0.58067404 0.91537015 -0.32491664
0.82631677 -0.31293267 -0.45795238
0.72258543 -0.27700664 -0.34903612
-0.89940878 0.10027154 0.9488792
-0.46793845 -0.31678634 0.95818988
0.29692424 -0.95801035 0.87004923
0.07837218 -0.37484816 0.34609571
0.46740496 -0.95648856 0.7216304
0.4029115 0.29683467 -0.65457608
0.00962264 0.94858426 -0.77673606
-0.92246676 0.8145289 0.36754366
0.17052594 0.00263127 -0.10381751
0.37849064 -0.00046519 -0.35061871
0.86489168 -0.23345695 -0.60111636
-0.5477943 -0.17224737 0.78057598
-0.35555455 0.73674242 -0.35499828
0.16276709 0.72990703 -0.86872331
0.48364261 0.48167051 -0.88836766
0.35641539 0.16096789 -0.51479359
-0.50438399 -0.07539345 0.64665972
0.33461507 0.53166694 -0.58674497
0.09960285 0.71526601 -0.80272716
0.05846371 0.29750801 -0.35456648
0.43004289 -0.77548166 0.4936278
0.40519754 -0.43752016 0.03665345
-0.04125121 -0.67387596 0.89335317
0.31449356 -0.88963937 0.73272461
0.36775171 0.53967202 -0.87179573
-0.0987098 -0.32113991 0.48822775
-0.4440251 -0.16545287 0.64080092
-0.63426291 0.77049407 -0.05689737
0.47213307 -0.34053708 -0.11466522
0.91795096 -0.82143411 0.0887315
-0.1811348 0.91046628 -0.55729753
-0.5707979 0.80448952 -0.18647983
0.59668499 -0.54292786 0.06287077
-0.45766429 -0.18304882 0.66518305
-0.1899249 0.03973553 0.15380506
0.5804578 0.99850879 -0.97264492
-0.18444689 0.11013019 0.0866387
0.00818863 0.258968 -0.23892593
-0.11649105 -0.22331064 0.40970443
0.46551434 -0.94584562 0.49219997
0.68427289 0.10689623 -0.5367652
-0.5643581 -0.22690409 0.89450941
-0.84756246 0.52097506 0.58595523
0.12355518 0.84999869 -0.81472105
0.910736 -0.88811011 0.00216665
-0.02840548 -0.69165846 0.82769815
0.55597713 -0.07239829 -0.2247845
0.85851209 -0.03112578 -0.78293779
0.04055343 -0.7369371 0.77424408
0.29457692 -0.5750928 0.29091909
0.959066 -0.70519681 -0.20686334
-0.83280511 0.72726029 0.28252545
-0.52458413 -0.44696557 0.98442239
-0.51965517 0.8146328 -0.29163895
-0.15595456 0.92400784 -0.7280819
-0.73046185 0.08708361 0.73346775
0.17929489 -0.95038582 0.93828629
0.22748163 -0.0963641 -0.04542462
0.49352671 0.47805706 -0.95006489
-0.91420038 0.00835367 0.97309838
0.46165832 -0.94491917 0.54480245
0.89818428 -0.23268175 -0.57349857
-0.65946813 0.24174183 0.51136267
0.10489585 0.53284516 -0.51721936
-0.76550032 0.77101066 0.0305384
0.92333716 -0.60284542 -0.3004096
0.20751443 -0.05962566 -0.1188941
0.95055408 -0.89895829 0.10109226
-0.10489037 -0.4457383 0.58340204
0.68013019 0.20143298 -0.85507663
-0.86401957 0.98767431 0.18166437
-0.71368929 0.52348765 0.24234637
0.40801292 -0.18538257 -0.21355606
0.61482377 0.35227608 -0.82848686
-0.54512487 0.60365934 -0.0304191
-0.00205971 0.62868968 -0.61781383
-0.3235552 -0.45821133 0.89150013
0.97278491 -0.50562353 -0.44409608
0.04801372 0.67032322 -0.6888666
-0.40321542 0.83095472 -0.35307069
0.29464319 0.54631238 -0.75380979
-0.52996236 -0.23072874 0.97106959
-0.05072668 0.79452386 -0.65797908
-0.78926081 0.68244497 0.15159205
-0.62611014 -0.06706589 0.8397046
-0.3802337 0.55462141 -0.14272362
0.3635799 -0.5173975 0.25782547
0.46824549 -0.81555403 0.36504577
-0.03575212 0.86111686 -0.49790327
-0.65350419 0.55142628 0.33095027
-0.24838943 0.90315392 -0.60697051
-0.91405298 0.46517877 0.54408899
-0.37449247 0.36998092 0.0185788
0.16468385 -0.86505971 0.75556239
0.55762882 0.1611612 -0.63172264
-0.67493635 0.50068253 0.30082432
0.01652917 0.66684085 -0.6178103
-0.32198419 -0.23565423 0.58829127
0.12037099 0.46953439 -0.45133316
-0.97860675 0.51795857 0.64279467
0.60525625 0.23538494 -0.71384865
-0.29378905 0.92870375 -0.4815854
-0.35309322 -0.27410436 0.78023809
0.89188145 -0.49495347 -0.13083438
0.90511147 -0.61659434 0.06093353
0.46396129 -0.83343683 0.47123696
0.84473304 -0.70899844 0.38026562
0.74522176 0.0255258 -0.73887382
-0.33873236 0.30998755 0.11909311
0.40874596 -0.02817482 -0.2571813
-0.97980749 0.7335921 0.62196173
0.4408251 0.6597549 -0.724269
0.80596886 0.0669237 -0.75559724
0.36986527 -0.92689525 0.6081329
0.40827902 -0.02810568 -0.37251665
0.28402716 -0.04220558 -0.23150622
-0.55214025 0.82094866 -0.21411023
-0.31553786 -0.11814269 0.48742113
0.03517192 -0.58541658 0.81571736
-0.85987055 0.99036858 0.03370545
-0.88191595 0.47490052 0.51462076
0.87145056 -0.98641024 0.45871401
0.49126426 -0.69134019 0.22899949
0.4441159 0.14820688 -0.58881173
-0.22955328 0.96230144 -0.64149126
0.66001543 -0.7642548 0.21486205
0.56674245 -0.20266817 -0.26347389
0.34749519 0.99793928 -0.86734043
-0.69325702 0.92193629 -0.18658981
0.59447774 0.18928623 -0.66947535
-0.92092469 0.59594878 0.47488383
0.24659831 -0.9163692 0.92204563
-0.81945118 0.34862028 0.84495562
-0.43458222 0.23672937 0.2787658
-0.56368966 -0.098278 0.70925754
-0.29658842 -0.48550679 0.83510499
0.71906912 0.11127492 -0.78851292
0.36006801 -0.90720347 0.77690866
-0.52805649 0.90387902 -0.37241263
-0.10735485 0.46700917 -0.35387353
0.21199992 -0.88733239 0.76496933
-0.68638803 0.07204058 0.65031931
0.62811978 -0.86020148 0.25364106
0.08009776 -0.69280551 0.97791649
-0.71085295 -0.06457167 0.82036679
-0.55919921 0.06077438 0.58714549
0.40769972 0.25702206 -0.55972145
0.67577496 0.19835547 -0.71789454
-0.19527337 0.95687615 -0.70565994
0.61219536 -0.61532347 0.0177721
-0.55696924 -0.20971341 0.98092319
0.50773646 -0.73779127 0.37567547
-0.99682069 0.35936393 0.71226931
-0.80064368 0.78514393 0.26493879
0.04503895 -0.35373099 0.41930341
0.79176367 0.3156444 -0.86084538
0.0778399 -0.64133449 0.57044961
-0.08376386 0.37328306 -0.21241733
-0.21576113 0.96422287 -0.63518273
-0.06196815 0.57092389 -0.50633206
0.29521692 0.65221369 -0.72029555
-0.39687835 -0.08456443 0.53899748
0.2823322 -0.90965216 0.89410317
-0.21288105 -0.53606194 0.82226812
0.91003599 -0.591706 -0.28153538
-0.90163008 0.76511162 0.14636951
-0.15760938 -0.44807032 0.71964474
-0.09113457 -0.41099071 0.6495739
0.27543929 -0.85770021 0.64254063
-0.97363433 0.93488445 0.07809819
-0.74679318 0.89549382 -0.10880463
-0.53236849 0.49765444 0.1316973
-0.83911561 0.40874713 0.4913532
0.31329464 0.67812144 -0.9199228
-0.21144133 -0.26737609 0.64904994
-0.9971142 0.90909773 0.09096233
-0.40020285 -0.2501558 0.67398316
-0.47783709 0.8610658 -0.34730145
0.32056707 -0.54123294 0.33741961
-0.67005308 -0.16917989 0.99777687
-0.61688271 0.8169094 -0.08863224
0.33865864 -0.80823147 0.5812161
-0.46232442 0.12362288 0.57452815
-0.22551729 0.9473969 -0.71169284
0.16628228 0.44258182 -0.54499171
0.67614679 0.23718686 -0.88792848
-0.34838818 -0.22659414 0.64055105
0.39911002 -0.05087 -0.31673805
0.14618754 0.63411393 -0.75022999
0.99894609 -0.91606558 -0.04919084
-0.5992162 -0.10724033 0.86716051
-0.41417486 0.35191846 0.14183818
-0.58675502 -0.09770977 0.75174159
0.13871335 -0.61561837 0.48067695
-0.02139159 0.77187111 -0.70492937
-0.48262145 0.35210734 0.19465308
0.08477646 0.54197643 -0.52900723
-0.79258584 0.94719698 -0.12883447
0.60995548 -0.21273184 -0.27908964
-0.89131761 0.47060536 0.4851304
-0.26110757 0.34365593 0.00196977
0.82185001 0.26063641 -0.99900676
0.18642225 -0.66353944 0.49693799
-0.11106108 0.76798097 -0.59702631
0.17623976 0.07341474 -0.23374846
-0.82949272 0.83945089 0.35054079
-0.51076319 0.60936129 0.04529074
-0.17741397 -0.45172688 0.64030575
0.57482277 -0.36307799 -0.16182676
-0.68408071 0.90483505 -0.21925078
-0.66150709 0.96512051 -0.27826892
-0.12470676 -0.68742334 0.90759673
0.66452341 -0.81523112 0.20115994
-0.92833611 0.38679992 0.71210684
0.34480968 -0.18755726 -0.09702034
-0.4519906 0.53737133 0.04590673
-0.60647597 0.98488251 -0.3739404
0.34499592 -0.0963324 -0.19920454
0.47594246 -0.70239062 0.35951758
-0.68252777 0.69842948 -0.00875824
-0.24159861 -0.57443422 0.88122975
0.42177165 -0.08037111 -0.24940267
-0.88161197 0.241002 0.87918383
-0.01607962 -0.56102147 0.88299267
-0.38327071 0.91294614 -0.4730907
0.08658913 0.6885482 -0.69975123
-0.77605565 0.36354485 0.51164858
0.70706256 -0.10439697 -0.50409291
-0.42624068 0.69020951 -0.24379214
-0.5149008 0.11964871 0.42378755
0.01741473 -0.75906648 0.84463772
0.69341939 0.32798289 -0.92461194
0.74561182 -0.62431323 -0.03850003
0.36562537 0.1077204 -0.47009858
-0.60035079 -0.04165095 0.65413024
-0.10987549 -0.67246671 0.86160514
0.54287903 0.29843133 -0.58064546
-0.00782222 0.85209619 -0.69904161
0.42561216 -0.90405015 0.60142208
-0.7934133 0.89107106 0.23762618
-0.28822145 0.95067134 -0.62726321
0.52818105 -0.46436929 -0.0620208
0.16269353 0.59940749 -0.7461441
0.72447508 -0.29251585 -0.22456414
0.86709869 -0.15980109 -0.59413146
0.71038888 -0.15424544 -0.43649577
-0.32840805 0.31922038 0.02532608
-0.01179426 -0.57049482 0.59356898
0.32100471 -0.85244012 0.6307842
-0.29791673 -0.49138712 0.83844733
0.76507951 0.3985904 -0.99459288
0.94978402 -0.39180333 -0.48025476
0.99153142 -0.38895763 -0.48716256
0.1538683 -0.59776387 0.51463306
-0.00813368 -0.56441744 0.61468599
-0.18499263 0.84790213 -0.62028392
0.26076324 0.52822426 -0.7092899
0.27553466 0.89415867 -0.97727115
-0.76207166 0.1223921 0.64453966
-0.81471192 0.17647554 0.65966757
-0.26920303 -0.49522558 0.95020558
-0.1666249 0.82655394 -0.49548409
0.33878737 0.18092522 -0.47376371
-0.56040108 0.98047535 -0.42002451
0.63167183 0.19907032 -0.66697278
-0.96180288 0.95839024 0.30690529
-0.22682633 0.71782903 -0.34074038
0.41588334 0.44047843 -0.82126237
-0.58307969 -0.19283673 0.86402054
0.58175044 -0.75285616 0.18487797
0.79746768 0.01645353 -0.61225701
0.81637125 0.11407689 -0.85591629
0.27683602 0.61023281 -0.68872876
0.56166167 -0.03765493 -0.5184265
0.2258144 0.47038315 -0.64126176
-0.28588669 -0.29633194 0.73841418
-0.27079437 -0.1087184 0.39040525
-0.03272399 -0.62198333 0.82546001
0.6147027 0.17530486 -0.78227631
0.85934882 0.4017703 -0.98446831
0.66195907 -0.61192046 0.1511141
0.09829652 0.96542439 -0.96118067
0.29549837 0.53867888 -0.58920804
-0.92766052 0.79687235 0.14881946
-0.56649441 0.38340494 0.26061125
-0.76900464 0.8941997 0.23344836
-0.21505852 -0.24242793 0.53635019
0.60230518 -0.84828899 0.45722478
-0.16125616 0.6795916 -0.51673428
0.69860113 -0.90244879 0.21440968
0.63992326 0.49360549 -0.95098203
0.12026557 0.35544759 -0.27745299
0.18584076 0.70205446 -0.74743569
-0.09077335 -0.64649867 0.94287579
-0.62769654 0.18966627 0.44566738
-0.20172698 -0.41650729 0.87901569
-0.78005797 0.23023686 0.56701117
0.15601551 -0.61719473 0.90116886
0.00538275 0.75066961 -0.66325163
-0.15535299 0.82909519 -0.57182904
-0.88955665 0.79078852 0.09883513
0.30348014 -0.02392793 -0.17307394
0.73574356 0.09859593 -0.6696979
0.80771897 -0.78512918 0.06496169
0.71073668 -0.50650712 -0.14659189
0.19352246 -0.32211265 0.16489909
0.25627921 -0.74979352 0.55283861
0.82599298 -0.78001664 0.14315758
-0.58116101 -0.27833641 0.91369605
0.65907016 -0.96254875 0.62283029
-0.21441553 0.59119265 -0.34920179
0.94021894 0.11276525 -0.87012008
-0.59960824 0.84067792 -0.18365889
