0.9675949,0.02916879,0.00099896,0.99881093
0.97712591,0.0245509,0.08248231,0.9992387
9.61226549e-01,5.98689056e-04,5.12571380e-02,9.98346326e-01
0.93023949,0.01056374,0.0972867,0.99440157
9.74523054e-01,1.22264361e-04,9.63842984e-02,9.97383087e-01
9.86699310e-01,6.43941890e-04,8.06850531e-02,9.99813745e-01
0.98099186,0.00185948,0.07462553,0.95044278
0.98338549,0.0032483,0.00728294,0.99473269
0.94887987,0.01110172,0.09926859,0.99360862
0.99651172,0.00421504,0.04512885,0.99998774
9.69343184e-01,4.72855975e-02,4.16891847e-04,9.71806776e-01
0.94341366,0.07178416,0.01434662,0.99623575
0.91910998,0.01052931,0.00259545,0.99096109
0.98603472,0.03957596,0.09348687,0.99970369
9.30092019e-01,1.36057931e-02,8.01394249e-04,9.94370323e-01
0.99702708,0.01415028,0.01790084,0.99963707
9.33727941e-01,2.17523615e-02,8.12750998e-04,9.91106920e-01
0.98261164,0.09000598,0.01936536,0.93266687
0.98769851,0.00393552,0.01911517,0.99352512
9.44809958e-01,4.23947191e-04,3.41004509e-02,9.94628797e-01
0.97773129,0.01430941,0.00684203,0.99907847
0.99076186,0.03290593,0.00616681,0.97106909
0.98401661,0.01790468,0.00612522,0.99961553
0.99707607,0.02913846,0.06346615,0.99999095
0.92787935,0.06071126,0.00789989,0.99041163
0.98463569,0.01337205,0.02880267,0.99261163
9.53825464e-01,9.49420630e-04,7.64776159e-02,9.95909351e-01
0.96834374,0.00586377,0.0591575,0.99868373
0.99200988,0.0318307,0.00776149,0.99992994
0.93509204,0.041064,0.02155801,0.9951713
0.98725379,0.01502498,0.00270714,0.99293727
0.99549139,0.07346119,0.01118768,0.9854521
9.43587933e-01,2.06246534e-04,1.40550443e-02,9.95322507e-01
0.98023447,0.03258647,0.04025529,0.99934066
9.43991736e-01,1.92749657e-05,7.01387458e-02,9.96360024e-01
0.98215777,0.04853001,0.0080157,0.99966977
9.62631386e-01,7.44747781e-02,6.91789116e-04,9.90079353e-01
0.9633352,0.04261102,0.00294971,0.91269143
0.96914839,0.00723142,0.03452941,0.99827137
9.70625188e-01,2.76932530e-04,7.08528874e-02,9.98380875e-01
0.9975274,0.01920443,0.02004468,0.99998926
0.96262604,0.06693113,0.00310992,0.99844942
0.98965871,0.02187463,0.01585004,0.98060653
0.96043963,0.00883499,0.00141066,0.97664922
9.52909054e-01,7.27209897e-04,4.26150843e-03,9.51263036e-01
0.99532753,0.04968149,0.00307284,0.95336197
0.9460075,0.00297162,0.01634905,0.94559284
0.99221322,0.0548837,0.02440375,0.99989787
0.98772252,0.04401011,0.08542289,0.99984543
0.90439037,0.00307186,0.05569318,0.98423963
0.92089366,0.03199981,0.02212098,0.99170057
0.98450434,0.03548506,0.00546653,0.99926782
0.95255309,0.00952052,0.08391489,0.99749735
0.99421985,0.06013122,0.00110244,0.99985159
9.37143209e-01,1.58906024e-02,8.96330760e-04,9.86598407e-01
0.96113804,0.06788733,0.02583917,0.99480075
0.9201109,0.08903182,0.00119424,0.99077577
0.97212398,0.00450955,0.03825851,0.9767165
9.18925426e-01,1.60291749e-02,7.71582927e-04,9.91792926e-01
0.96389402,0.00432204,0.01714811,0.99859674
0.99904011,0.09834271,0.04448595,0.99999476
9.48606407e-01,2.12211625e-02,1.04858750e-04,9.94949792e-01
0.9977943,0.04417281,0.07006912,0.9999712
9.21971263e-01,2.98963609e-03,1.91497237e-04,9.92744154e-01
0.98278351,0.05678478,0.00158238,0.9988461
0.99645665,0.0293323,0.01758347,0.99978018
0.97377682,0.02390918,0.00967221,0.99908074
9.45775228e-01,8.56817483e-04,3.33676712e-02,9.95183889e-01
0.95740897,0.01069777,0.02085424,0.99802186
9.29907517e-01,2.95806050e-05,6.87053779e-02,9.94343043e-01
0.97517986,0.03901721,0.00522216,0.99809548
9.49471375e-01,7.34083628e-02,2.57778136e-04,9.95283010e-01
0.93724939,0.03726165,0.05665951,0.99549638
9.61607621e-01,7.04631978e-02,4.03658067e-04,9.95412039e-01
9.77498455e-01,2.90367495e-04,1.45448305e-02,9.85265995e-01
0.99396508,0.08781983,0.07624772,0.9734626
0.91585674,0.00767622,0.002478,0.93246785
0.95877675,0.08783268,0.03665997,0.96361526
0.99658868,0.01284403,0.07156244,0.98847549
0.97258306,0.01896142,0.03636239,0.98590642
0.90310101,0.07297407,0.07028154,0.98779269
0.96311394,0.0035639,0.01079019,0.99842238
0.97606134,0.00303358,0.00780612,0.99938122
0.90818069,0.08030348,0.00293214,0.98984496
0.95493969,0.00866318,0.0138727,0.99516944
0.98225954,0.01620984,0.03758355,0.99966056
0.98674009,0.07232056,0.04461962,0.99630408
0.98609308,0.06645348,0.00144013,0.99978067
9.15472464e-01,3.53437304e-03,6.02198799e-04,9.91544173e-01
0.96253166,0.02936148,0.01704486,0.99848684
9.63815778e-01,2.61827640e-04,3.58639266e-02,9.98592362e-01
0.98274744,0.01035408,0.00499729,0.99967052
0.96163129,0.07927668,0.00209408,0.99798842
0.95461524,0.00667965,0.01292536,0.98983641
0.98604193,0.00950705,0.00685008,0.99794236
9.60608482e-01,1.80206131e-04,5.65465854e-02,9.58580994e-01
9.79246701e-01,8.13408429e-04,4.84511367e-02,9.99548201e-01
0.94836877,0.01882727,0.03069728,0.99704043
9.29819143e-01,8.72683272e-04,1.39266038e-02,9.91744517e-01
9.04135888e-01,1.94465062e-05,2.45863408e-02,9.64335499e-01
9.70758207e-01,2.83322917e-02,2.36815419e-04,9.76715400e-01
0.93060539,0.00547667,0.0164142,0.99401947
0.90832237,0.0200253,0.00589482,0.98934091
0.97233267,0.01692942,0.06463568,0.9980401
0.99499774,0.01397598,0.02233029,0.99251955
0.92710213,0.00592784,0.04768941,0.9614489
9.36589986e-01,1.26543995e-04,6.17450232e-02,9.95430510e-01
0.99703348,0.02877792,0.03531534,0.99997112
0.99521145,0.01429506,0.07466888,0.99819896
0.99533918,0.00378604,0.06419318,0.99996948
0.98022764,0.02921829,0.00134102,0.98757169
9.25562787e-01,4.20119639e-02,1.44696585e-04,9.93096261e-01
0.98496022,0.0403593,0.00765069,0.99943596
0.95122784,0.00656074,0.00185916,0.99649508
0.97275096,0.04784572,0.01483419,0.99796287
0.97497696,0.00801345,0.07932125,0.99928872
0.98790333,0.02226752,0.0927807,0.99968359
0.97460222,0.04189167,0.01084238,0.99932133
0.94352014,0.00141836,0.01164413,0.99478796
0.97804071,0.0023746,0.01417546,0.99948824
0.97058037,0.0618417,0.02727775,0.99530159
0.90623796,0.018776,0.05021903,0.98923983
0.91978818,0.00223188,0.02028598,0.99131725
0.96676552,0.00115708,0.03793958,0.99101377
0.98093822,0.02439261,0.01402001,0.99944059
0.99086894,0.07163325,0.00548313,0.97613058
0.99332401,0.0889761,0.04825028,0.99995321
0.98210152,0.01121817,0.0015153,0.95923139
0.99436722,0.06515128,0.01904286,0.99996791
9.43518433e-01,9.34853489e-04,1.27030672e-02,9.96353425e-01
9.09272574e-01,2.22833555e-05,1.70342113e-02,9.73834424e-01
0.95083624,0.00134942,0.00419861,0.99733297
0.99067082,0.07200138,0.02445437,0.94215681
0.99663062,0.02569774,0.01120245,0.99993387
9.40732282e-01,3.56532375e-04,1.20694501e-02,9.95361266e-01
0.92496821,0.00697965,0.00655929,0.99402543
0.90787722,0.03397628,0.08608854,0.97584968
9.83310702e-01,3.81429422e-04,4.33267034e-02,9.98858482e-01
0.99016853,0.017468,0.09132422,0.99879456
9.41229173e-01,3.43207980e-02,2.91053511e-04,9.25772718e-01
0.99180881,0.02715832,0.01285552,0.9983417
0.98698826,0.04457843,0.06648107,0.99869007
0.97859541,0.05482146,0.01666084,0.99485439
9.29725253e-01,2.06244862e-04,3.52028154e-03,9.18210836e-01
0.96398221,0.08175328,0.02485621,0.92212756
0.96948504,0.06297746,0.01202139,0.96820597
9.59307717e-01,1.53663422e-02,9.72508764e-04,9.97385509e-01
0.9820826,0.00151502,0.01531937,0.99957128
0.97866691,0.04117688,0.01609196,0.99898133
0.98992077,0.00140812,0.09591392,0.99720353
0.93506412,0.00189483,0.00272399,0.99510516
9.45253956e-01,1.09827414e-04,9.40673924e-03,9.96576447e-01
0.95930863,0.00263207,0.05727739,0.97701438
9.72121660e-01,5.72144136e-02,5.84015113e-04,9.95803465e-01
9.16709599e-01,1.40105692e-02,4.02171405e-04,9.48796275e-01
0.97690407,0.00461373,0.0122636,0.9986746
9.19921673e-01,1.09165852e-02,4.81976471e-05,9.78102453e-01
0.99828266,0.02237763,0.09635012,0.99964791
0.9920869,0.02840775,0.04177502,0.99993083
9.26139410e-01,3.27314928e-02,5.15087464e-04,9.85639036e-01
0.97309369,0.03606513,0.09745552,0.99922606
0.94033233,0.014503,0.01427866,0.99552568
0.96209439,0.00403212,0.02468855,0.99845475
0.97236751,0.06726259,0.05849322,0.99861614
0.91120794,0.01502273,0.02566095,0.97930291
0.96450173,0.00115349,0.01218792,0.99864068
0.99191061,0.01625703,0.01741679,0.99989087
0.90714022,0.00102165,0.09407329,0.98933417
0.91152404,0.01761142,0.00409818,0.98768516
0.91995801,0.00588781,0.01714609,0.99244417
9.80722636e-01,1.42451602e-04,6.69842976e-02,9.80308504e-01
0.92689617,0.00379773,0.01124936,0.98633962
9.48364319e-01,2.73149408e-04,1.47420726e-02,9.97044244e-01
0.94065576,0.02312369,0.00422331,0.99527035
0.92467146,0.00672548,0.02138885,0.97844045
9.11012042e-01,6.18393700e-03,3.88018009e-04,9.90530104e-01
0.99484027,0.02022997,0.06467746,0.99984875
9.58242532e-01,3.16009605e-05,4.60575733e-02,9.97964508e-01
0.98203748,0.03979973,0.06231806,0.9996261
9.28837069e-01,4.08424030e-02,2.81140280e-04,9.77419881e-01
0.93160144,0.03695142,0.00164209,0.976575
9.43298861e-01,1.43962906e-04,8.40783905e-02,9.92876270e-01
0.98024981,0.06126592,0.00154408,0.996493
0.98129038,0.01529133,0.00251215,0.99856435
0.99189068,0.04144397,0.02989082,0.95375598
0.99704056,0.03073362,0.0549858,0.99999079
0.92132915,0.03679759,0.03463741,0.99276137
0.95575702,0.06925216,0.00158901,0.9978114
0.96443318,0.00447718,0.04458201,0.96138479
9.15116942e-01,8.22183459e-02,2.44686398e-04,9.83117557e-01
0.96027358,0.00969053,0.00159762,0.99826339
0.9923046,0.04601205,0.04638968,0.99929962
9.85821690e-01,2.29968242e-04,9.94492558e-02,9.97575442e-01
0.98126314,0.00188083,0.03387808,0.99957741
0.98522476,0.06898251,0.00698691,0.9993509
0.98338542,0.00249073,0.01993049,0.99923152
0.99849504,0.09383109,0.06235755,0.99999771
9.57208869e-01,7.31752877e-04,8.45963645e-03,9.81002482e-01
0.9732012,0.0013253,0.05184626,0.99921052
9.13098661e-01,4.95496645e-02,6.85988559e-05,9.79299902e-01
0.96147175,0.0043794,0.00180923,0.99812976
9.80000544e-01,7.56900003e-02,1.02024652e-04,9.93874957e-01
9.28647365e-01,9.90715300e-02,7.06677726e-04,9.89905189e-01
0.90911201,0.05014273,0.05756525,0.98837388
0.98896211,0.09970329,0.02247623,0.99561149
0.98748289,0.00290785,0.02353018,0.99684076
0.97010004,0.04031792,0.03671563,0.99641658
0.9579369,0.02953187,0.02525379,0.9964771
0.94742987,0.09787015,0.00929178,0.98469368
0.9957913,0.01621028,0.01927199,0.98079969
0.91075398,0.00173295,0.0077305,0.99047875
0.98020126,0.02018494,0.09270653,0.99617571
0.99385847,0.07114984,0.02201734,0.9999617
9.36913998e-01,8.39030801e-05,3.68704709e-02,9.95259043e-01
9.38741305e-01,6.36114076e-04,4.10922109e-03,9.95758636e-01
0.93323145,0.00590261,0.01706606,0.99173482
0.98051008,0.01287295,0.06183997,0.99957334
0.99806717,0.01252542,0.09483426,0.9841113
0.9738771,0.01012126,0.00112801,0.99739804
9.35025771e-01,3.56921665e-05,8.99628438e-02,9.09191601e-01
9.52472074e-01,2.33182526e-04,4.64321060e-02,9.97387348e-01
9.70013618e-01,5.55711820e-02,3.75783520e-04,9.75021338e-01
0.92902108,0.00892302,0.0294738,0.97297632
0.99482183,0.00747161,0.03758248,0.99995363
0.91356508,0.01044448,0.07966835,0.99105805
0.94682981,0.06971771,0.01232007,0.99660922
0.98236715,0.00246707,0.00636104,0.99955963
0.94082121,0.00250452,0.0051049,0.99594918
0.95272932,0.00115987,0.00854472,0.97282779
0.99380207,0.03287062,0.00458009,0.999954
9.11185758e-01,2.73390321e-04,7.87169312e-03,9.90206795e-01
0.94755352,0.01309244,0.00650596,0.98398103
0.95443584,0.02743449,0.00416997,0.99772198
0.94310929,0.01834904,0.00118883,0.99572801
0.92581795,0.00403678,0.01284076,0.99107948
0.95445301,0.00194324,0.02840037,0.9977395
0.95386572,0.00100758,0.00136948,0.99610819
9.08009623e-01,1.15388432e-05,7.08722359e-02,9.89764666e-01
0.98058998,0.00334209,0.01984051,0.9996084
9.11567516e-01,8.34796342e-02,2.26497739e-04,9.72593288e-01
0.9980447,0.045804,0.02655733,0.99997412
9.28019080e-01,9.50907089e-04,1.10913849e-02,9.93898533e-01
9.32524976e-01,1.94670914e-02,1.61698327e-04,9.94784036e-01
0.99781331,0.08253458,0.0891826,0.99999504
0.94634766,0.0184882,0.07278818,0.99679477
9.04735639e-01,1.72127855e-02,7.80870290e-04,9.82083332e-01
9.02273083e-01,1.19519162e-05,3.64148553e-02,9.77826909e-01
0.94130454,0.00569818,0.00510722,0.99611945
9.72680330e-01,9.90994987e-02,1.06897850e-04,9.99084860e-01
9.05744984e-01,6.69154296e-02,4.99502208e-06,9.55561799e-01
0.97849187,0.00908935,0.08095469,0.99926221
0.97715973,0.0492904,0.00781929,0.99945371
0.9427043,0.00204114,0.00759411,0.99572028
9.30263520e-01,1.12854489e-05,6.00204458e-02,9.93378971e-01
0.98595033,0.00530401,0.0597088,0.90486949
0.98058277,0.03805708,0.01376001,0.99368388
0.90333495,0.02791648,0.00690943,0.98788588
0.99223558,0.03080148,0.03365644,0.99993422
9.46344004e-01,9.42591395e-03,6.05755225e-04,9.84912023e-01
0.95163542,0.00500987,0.00878067,0.95927361
0.99523783,0.01192739,0.02537151,0.99997485
9.70353500e-01,3.30752859e-04,1.73721253e-02,9.99058687e-01
0.99101577,0.00158627,0.06985749,0.99988315
0.96962939,0.02490104,0.00485029,0.99901132
0.95490264,0.00219555,0.01112202,0.99639486
0.99333261,0.01527938,0.07365274,0.99995493
0.94456215,0.00172399,0.06269696,0.99581871
0.96923447,0.05802136,0.00422182,0.99888548
9.44352254e-01,5.80394447e-02,1.60733372e-05,9.50625367e-01
0.97397948,0.00678795,0.06299424,0.99791225
0.98286759,0.00436774,0.02182804,0.99968972
0.97921239,0.02599244,0.07907013,0.99729657
0.97940451,0.0900181,0.0056906,0.99955389
9.15017717e-01,4.87697484e-05,9.64038084e-02,9.84482163e-01
0.93043407,0.00222176,0.03856769,0.99305438
9.39410545e-01,3.49566836e-02,3.64574237e-05,9.87688241e-01
9.48423793e-01,8.00329275e-04,5.41998131e-02,9.95675230e-01
0.9919342,0.096285,0.01775535,0.99791869
0.99201661,0.0702638,0.09363805,0.99993248
0.93870712,0.02606045,0.00102128,0.99409756
0.96625933,0.00593773,0.00223653,0.96914493
0.9892682,0.00884836,0.00411279,0.99976874
0.9981693,0.03003473,0.02689647,0.9999496
9.41286418e-01,4.05455134e-04,2.65306269e-02,9.90974553e-01
0.98586275,0.00196793,0.03289381,0.99979316
9.41763627e-01,3.27307542e-04,8.18222887e-03,9.96058428e-01
9.53381550e-01,1.84274193e-04,7.47525956e-02,9.81839420e-01
0.98628568,0.00222535,0.01073714,0.99961016
0.90972975,0.00121563,0.00627555,0.94815317
9.58906445e-01,2.08277118e-04,4.91165098e-02,9.87023856e-01
0.91127237,0.00108134,0.00278206,0.96873977
0.95674931,0.09994286,0.01630958,0.99796059
9.23519827e-01,1.06926764e-02,3.42963247e-05,9.69575970e-01
0.99219161,0.00885398,0.02633092,0.99993336
0.97926265,0.00337236,0.07237908,0.99954632
0.90584201,0.00307274,0.00194172,0.98414875
0.99779541,0.02252033,0.05098928,0.99997701
0.97655216,0.00215355,0.00938692,0.99933744
0.96296449,0.02026593,0.06497666,0.9977921
0.98153722,0.00713262,0.01068444,0.99878281
9.19698673e-01,6.95870981e-04,5.73172457e-02,9.89864235e-01
0.96910062,0.00249075,0.02262433,0.99853125
0.99181163,0.00482468,0.06614167,0.99991998
9.75127805e-01,4.51628722e-02,8.73588315e-05,9.96976639e-01
0.94328807,0.08375249,0.00621619,0.99639132
0.96264422,0.0942724,0.00409591,0.99849383
9.50553592e-01,7.30542879e-02,4.63272867e-04,9.95855171e-01
0.91724245,0.00374124,0.00653648,0.99186305
0.96590844,0.00419442,0.0201521,0.97766679
0.97598844,0.00104509,0.02602275,0.98597861
9.20782608e-01,3.82097944e-04,3.80982338e-03,9.84034148e-01
9.89049444e-01,5.12866107e-02,5.78767455e-04,9.49869046e-01
0.99545224,0.01183784,0.09058012,0.99950049
0.96990643,0.00257828,0.02784724,0.99874072
0.97042502,0.00514701,0.04894747,0.9759702
9.55215748e-01,9.34389865e-02,7.46410029e-05,9.97240872e-01
0.95385537,0.01407071,0.03185848,0.99765259
0.9649229,0.08505917,0.0018108,0.99867158
0.96382592,0.01038071,0.00634665,0.99842945
0.97195704,0.00639665,0.05724438,0.99913409
0.96679467,0.00120756,0.00195451,0.99659846
0.98012872,0.00165581,0.00396592,0.99728593
9.16459168e-01,2.55797580e-05,3.40955574e-02,9.64230648e-01
0.93552263,0.00223145,0.00295273,0.96372063
0.99675836,0.05417771,0.0087984,0.94105085
0.99113233,0.01819589,0.00263312,0.99908884
0.9673338,0.02240173,0.07984433,0.99720183
9.68160570e-01,4.15701347e-02,6.56856206e-04,9.85271075e-01
9.57172666e-01,6.18676461e-03,2.45739147e-04,9.95198879e-01
0.92702385,0.01655981,0.00878187,0.98170266
0.96729443,0.0830434,0.00881185,0.99632649
0.99532257,0.07804878,0.01400841,0.9999653
0.97115794,0.01270831,0.03198914,0.99856502
9.85602838e-01,9.79213687e-04,4.58457331e-02,9.98809461e-01
0.95865967,0.00462692,0.07583968,0.99789388
0.95970536,0.01366305,0.08267102,0.99809617
9.44158328e-01,6.62235535e-04,5.57073889e-02,9.96500707e-01
0.98307606,0.00690392,0.06813042,0.99961448
0.94315303,0.05871276,0.03018464,0.99633588
9.54176977e-01,5.92016931e-02,4.75576494e-04,9.97689610e-01
0.99425542,0.00192519,0.06038996,0.99991788
0.9725702,0.04187776,0.03596417,0.98386157
0.90543554,0.03198438,0.08047129,0.98917835
0.96006632,0.001929,0.01803365,0.99656567
0.98773943,0.06816151,0.04254168,0.99983487
9.32901237e-01,2.63831446e-02,8.65883279e-04,9.94847058e-01
9.86138967e-01,9.91590414e-04,1.67680648e-02,9.99800007e-01
0.98589723,0.00688094,0.00247945,0.99964438
0.99929986,0.08052298,0.0784867,0.99995879
0.98546841,0.00231749,0.05500952,0.99961773
9.80856515e-01,1.95883711e-04,6.26180802e-02,9.99334903e-01
0.94175235,0.01446897,0.0014716,0.98998802
0.94903541,0.05808668,0.00223437,0.9971235
0.95124598,0.0011526,0.04469003,0.99737337
0.99547714,0.00282868,0.07237173,0.98274006
0.96073711,0.03510782,0.03879175,0.9909218
0.98010185,0.05619496,0.00189304,0.99591976
0.92962615,0.01766529,0.06415659,0.99363677
9.29434235e-01,2.88381263e-02,6.44294751e-04,9.08106577e-01
0.91374519,0.00613555,0.02212923,0.96335475
0.9624979,0.00648453,0.00150505,0.99180436
0.96195162,0.03428537,0.0100469,0.99793743
0.9703634,0.00639376,0.00343684,0.99905861
0.91382103,0.01971339,0.02537434,0.99111633
0.94965232,0.01071191,0.00445033,0.95477576
9.02856795e-01,3.67287272e-04,1.72494418e-03,9.10419238e-01
0.99725061,0.07431115,0.00357629,0.9999918
9.20044112e-01,9.13793301e-05,1.05515571e-02,9.92351890e-01
0.93192854,0.01099744,0.08158647,0.99298405
9.76103704e-01,2.05770062e-02,5.33342182e-04,9.99262368e-01
0.97190926,0.03012106,0.0112927,0.9988643
0.99850237,0.07440948,0.09406337,0.98405715
0.93001721,0.00124207,0.01956511,0.99361596
0.93344306,0.00335083,0.00432428,0.95157302
9.79031933e-01,8.46293771e-02,3.87106862e-04,9.83992927e-01
0.93201522,0.00145101,0.06520245,0.9936132
0.9790591,0.02322278,0.02216114,0.99951845
0.9840203,0.0154065,0.00798985,0.97107154
0.98396789,0.04377441,0.03986895,0.99972791
0.96790987,0.01488433,0.02660976,0.98876718
0.98353012,0.03027274,0.00161453,0.99967631
0.96337582,0.03403237,0.00253271,0.99844739
0.95400071,0.00434641,0.08205959,0.99770319
0.90644199,0.00297873,0.00116725,0.97912949
0.99679957,0.00783497,0.03693024,0.96817592
0.91674925,0.02796857,0.05499836,0.99122101
9.69352653e-01,6.18629823e-02,4.17613202e-05,9.98516773e-01
0.92279045,0.00806888,0.00361492,0.99273808
0.93751916,0.00495296,0.04437781,0.99519509
0.97974579,0.00518264,0.04541863,0.99957261
0.95444356,0.04191814,0.01174074,0.99647767
9.04504036e-01,4.20443397e-06,5.55630762e-02,9.87418063e-01
0.91256012,0.00353086,0.02201395,0.9873456
0.98491277,0.02948743,0.05487007,0.99970584
0.99612876,0.08723151,0.08450222,0.99998366
0.99636465,0.08941398,0.00416012,0.99972446
0.90560141,0.00145459,0.02562394,0.98900534
0.95996031,0.00770511,0.00151927,0.99819228
9.57695245e-01,7.42923265e-02,4.62437059e-05,9.96862458e-01
0.93707575,0.06876548,0.00488111,0.99481158
9.25989193e-01,1.97675245e-04,1.90943932e-02,9.93434863e-01
0.91232494,0.070515,0.02645087,0.97442748
0.98950225,0.00156572,0.09328786,0.9996969
0.95422653,0.00331257,0.04785519,0.99584056
0.9846023,0.05725195,0.00880761,0.90144483
0.93469801,0.00302459,0.02479398,0.99426133
9.55732645e-01,2.38244312e-02,6.80386320e-04,9.92734760e-01
0.99902632,0.07863601,0.07675975,0.95370608
0.98917018,0.01387638,0.01861791,0.99965084
0.97117174,0.01022059,0.00989414,0.99911228
9.55061551e-01,7.32787938e-02,2.37688196e-04,9.97480537e-01
0.93917589,0.03570339,0.09182607,0.99397206
9.52983649e-01,3.38167013e-03,3.54427860e-04,9.05413691e-01
0.92419742,0.0025887,0.03362452,0.9561055
0.92196861,0.00133956,0.05033158,0.99287818
0.99212068,0.06867994,0.00502895,0.99993687
9.72515723e-01,2.47073789e-04,4.49741100e-02,9.95260966e-01
0.98752462,0.00129546,0.01349404,0.99966203
0.98540582,0.08909606,0.01190022,0.93442181
9.18135913e-01,3.50132901e-04,4.21068505e-03,9.92106529e-01
0.98302934,0.00564921,0.00356947,0.98815325
0.92274314,0.08512602,0.03176431,0.99302109
0.97570816,0.00481089,0.07538617,0.99898568
0.9863579,0.00245667,0.09220489,0.9995035
0.97362313,0.00594919,0.08854857,0.96114975
0.9914488,0.03165096,0.00792237,0.99992276
9.36132607e-01,4.34129870e-02,6.24205513e-04,9.90747192e-01
9.83199138e-01,3.12870020e-02,7.49159210e-04,9.99479564e-01
9.61797077e-01,3.28965769e-04,1.35739393e-02,9.91878084e-01
0.96570008,0.02901226,0.0080457,0.99873478
9.70705624e-01,2.50242243e-02,3.35251572e-04,9.97815476e-01
0.93951202,0.09430255,0.02177621,0.99580076
9.00311221e-01,2.99171665e-04,8.70353245e-03,9.21759609e-01
9.27958881e-01,2.07880048e-04,9.88319115e-02,9.93296312e-01
0.98884892,0.00992249,0.00603447,0.92609491
0.92093657,0.0014933,0.05838688,0.98965067
9.58118583e-01,6.90261206e-03,7.43343484e-04,9.86859007e-01
9.16523232e-01,7.74331431e-04,4.92442411e-03,9.89050503e-01
9.84210385e-01,3.62193204e-04,3.62684184e-02,9.99667800e-01
9.23902631e-01,3.71061507e-05,2.21303710e-02,9.71720864e-01
0.9892228,0.05235691,0.00229043,0.99980419
9.08548448e-01,7.21492846e-02,1.32291127e-04,9.89587665e-01
0.92284031,0.00201979,0.0627186,0.98654767
0.99444418,0.08467163,0.04318234,0.99421446
0.97503645,0.00818144,0.00951709,0.99929523
0.94407885,0.00238904,0.01211578,0.99516177
0.96412715,0.00461798,0.03896124,0.99858722
0.90885443,0.00959021,0.00693905,0.99002536
0.99809625,0.05303412,0.01401318,0.99961381
9.42895499e-01,1.11922443e-02,2.87560589e-04,9.96322210e-01
0.9717903,0.018844,0.001099,0.99315791
0.99597297,0.01688869,0.04868383,0.99998309
0.96603267,0.0370308,0.00189794,0.99876463
0.93247385,0.06521025,0.01441866,0.9805455
0.98941083,0.07323211,0.00366903,0.99985547
0.98773877,0.00418938,0.01373609,0.99984592
9.44101641e-01,5.08453076e-04,5.75219016e-02,9.94147114e-01
0.92681201,0.00463718,0.01317531,0.96260804
0.96075258,0.00465167,0.00856959,0.99233814
9.24670491e-01,1.79095323e-02,6.86832788e-04,9.93352974e-01
9.45018611e-01,1.57129834e-04,2.04879074e-02,9.95078515e-01
0.99354666,0.00947372,0.00726972,0.99916434
0.91469987,0.02000534,0.00528238,0.95010248
0.98807952,0.06203338,0.00106515,0.99985197
0.9476424,0.0715372,0.0391887,0.99332742
0.97319934,0.0221382,0.00900765,0.99399844
0.99804324,0.01150847,0.08917923,0.99999591
0.99668838,0.07930582,0.09777335,0.97937558
0.96279652,0.00110827,0.01248553,0.99787493
0.95928357,0.00159265,0.01413338,0.99717186
9.52053465e-01,2.89302434e-02,1.93650787e-04,9.85385819e-01
0.93276463,0.06059618,0.00377552,0.9590841
9.12066259e-01,2.04406069e-05,6.74093757e-02,9.45136809e-01
0.90182678,0.06736199,0.00750101,0.98829131
9.48700468e-01,2.24647430e-04,3.71401095e-02,9.90242610e-01
0.90950964,0.00199735,0.03161697,0.98304858
9.04129694e-01,6.79482618e-06,3.55486137e-02,9.85528116e-01
0.98018368,0.0762047,0.0020819,0.99635824
0.96289535,0.0343775,0.00432825,0.99851682
0.97522504,0.0042737,0.01350065,0.9843879
0.99201034,0.01133581,0.01268987,0.99960367
0.94719169,0.02808519,0.0819311,0.98930156
0.95040905,0.00107442,0.06742706,0.99642903
0.97265397,0.06844461,0.02671006,0.99905805
0.92084709,0.0343351,0.0307029,0.99249766
0.99897227,0.06238604,0.08454784,0.94986414
9.62998391e-01,7.85213888e-05,4.76633957e-02,9.98339427e-01
0.96634735,0.00206419,0.01298717,0.99113624
0.96823858,0.04411548,0.01399424,0.99892074
0.9287611,0.00594946,0.00973391,0.99414586
0.98150044,0.06912528,0.0019601,0.99959119
0.9169904,0.08452572,0.01677105,0.99174601
9.56429233e-01,3.53324437e-05,6.54457520e-02,9.97750294e-01
0.97575335,0.09575686,0.06569047,0.95067028
0.92551202,0.00661638,0.0320391,0.99355401
0.98587972,0.03744037,0.0067914,0.99963167
9.42184577e-01,5.23373746e-05,4.05188520e-02,9.94680317e-01
0.93329969,0.00942056,0.01187513,0.99171698
0.92310593,0.00207792,0.02354367,0.99293538
0.97411623,0.01166489,0.02535705,0.99879269
9.07179246e-01,2.80541710e-03,2.63421835e-04,9.83701581e-01
0.97773561,0.00134012,0.00714446,0.9994816
0.96162823,0.00268801,0.04775216,0.99837181
0.98315553,0.03639755,0.01218091,0.99871147
9.09576016e-01,3.30226381e-02,1.41078687e-04,9.66766075e-01
9.81976443e-01,7.37074797e-04,2.46457779e-02,9.98859742e-01
0.9464198,0.00685219,0.00124584,0.97820899
0.98933886,0.00369407,0.02229396,0.90680757
9.47114824e-01,9.58326368e-02,7.50814290e-05,9.73542148e-01
0.99296482,0.00257482,0.06151674,0.99923766
9.09924463e-01,4.92595232e-04,5.44237624e-02,9.90124073e-01
0.96789164,0.01655956,0.00310109,0.99876328
0.92005492,0.08303296,0.00738813,0.98598641
0.98281398,0.06243686,0.02781945,0.99873155
9.74114041e-01,7.25561887e-02,8.49287578e-04,9.99292422e-01
0.96646836,0.00416333,0.03159858,0.99879764
9.25689252e-01,4.01590479e-04,1.12467277e-02,9.93422867e-01
9.51901742e-01,5.39766859e-04,2.93315304e-02,9.93208507e-01
9.22040982e-01,8.54377201e-04,3.90235712e-03,9.92898508e-01
0.93693876,0.02721999,0.00599073,0.994841
0.98025538,0.0463304,0.00228074,0.99959107
0.9356657,0.01511387,0.05463246,0.98436078
0.98909823,0.01968629,0.00107871,0.95455558
0.98395086,0.01130223,0.06598798,0.99972079
0.99506913,0.08419245,0.00452443,0.99997514
9.25310794e-01,7.76683287e-04,5.22672122e-04,9.93052760e-01
0.94726798,0.00814915,0.00887739,0.99160477
0.99508431,0.08897205,0.01972249,0.99997503
0.97522305,0.07124817,0.01745814,0.99935438
9.14636522e-01,8.06105896e-02,8.26667112e-06,9.91132662e-01
9.61127643e-01,1.55479169e-03,8.58637784e-04,9.75826660e-01
0.9207268,0.01129221,0.04187582,0.9924634
0.98918031,0.0274219,0.01916966,0.98811022
0.9900955,0.01746394,0.00757046,0.99500426
0.99350425,0.02784955,0.00383766,0.99977576
9.79196647e-01,6.61375015e-04,6.00158021e-02,9.99540858e-01
0.91404297,0.00473161,0.06555534,0.9912226
9.75355805e-01,7.88435605e-02,1.10973684e-04,9.99350465e-01
0.9791566,0.06024191,0.02896571,0.99953205
0.95849993,0.00927518,0.02527072,0.99426526
9.38714288e-01,8.72606298e-04,6.42582175e-04,9.95753625e-01
0.97416158,0.08776389,0.00101333,0.99929418
0.95956445,0.04335738,0.03838084,0.99772227
9.59625963e-01,6.30384214e-04,6.85193047e-03,9.97653471e-01
9.44837117e-01,2.59973126e-04,1.27118963e-02,9.90880566e-01
0.99103324,0.01136693,0.00881223,0.99989856
0.92436595,0.01920533,0.04697646,0.99317276
9.49313113e-01,2.88858577e-04,3.06799482e-02,9.89026320e-01
0.94499814,0.00464702,0.01511266,0.99604783
0.91233797,0.00102077,0.00261483,0.97868296
0.94456408,0.0307066,0.04679727,0.93211575
0.95544343,0.00172871,0.00099908,0.99381363
0.92716646,0.03879709,0.0349006,0.99461173
9.90807297e-01,9.31650139e-02,3.96160647e-04,9.99866173e-01
9.52192921e-01,3.52738993e-02,3.96914443e-05,9.78216278e-01
0.94656625,0.0127295,0.05097996,0.99513893
0.90570441,0.05056246,0.02358658,0.98926682
9.24814128e-01,7.67494748e-02,3.21383670e-05,9.93199825e-01
9.17302649e-01,3.81497714e-02,2.40921216e-04,9.84832138e-01
9.04385718e-01,2.22899023e-04,9.17459003e-03,9.73205294e-01
0.99509698,0.02411007,0.0468799,0.99997083
9.19173796e-01,1.41875952e-05,3.55629214e-02,9.54652596e-01
0.99520805,0.0828443,0.00998017,0.99944308
9.71332537e-01,8.13725288e-02,8.86018503e-05,9.99027476e-01
0.94704827,0.0013417,0.09503849,0.94139697
0.92569669,0.0083446,0.06479409,0.99357452
0.98078108,0.05987759,0.00501817,0.99961604
0.97007061,0.01209297,0.00174974,0.99902657
9.47724225e-01,8.13434080e-02,2.89966524e-04,9.96964352e-01
9.06963066e-01,2.71443334e-04,3.62720350e-02,9.79722214e-01
0.9575957,0.00562843,0.07081329,0.90836965
0.99531198,0.06311553,0.03381611,0.99997775
0.96019024,0.04620033,0.00395336,0.97988971
0.94077788,0.01851572,0.00718754,0.9960348
0.95425989,0.00152008,0.03749056,0.99460553
9.35754690e-01,4.52321741e-02,1.40164710e-04,9.94880072e-01
9.48301478e-01,5.32263059e-05,3.54116655e-02,9.96028278e-01
9.48548503e-01,9.27901974e-03,3.04175100e-04,9.14461727e-01
0.98618508,0.00283449,0.00880754,0.99961538
0.95468283,0.00817153,0.00561008,0.99773737
9.24718831e-01,4.74626553e-02,6.94376900e-04,9.93357089e-01
0.97013174,0.02268398,0.00136816,0.9990486
0.99034536,0.02471184,0.00776809,0.99989624
9.35372079e-01,2.94868759e-02,3.22889583e-04,9.94192600e-01
9.25167863e-01,1.09076854e-04,4.70543698e-03,9.93367281e-01
0.9343225,0.00111474,0.04536016,0.96558491
0.97501438,0.01449449,0.01848336,0.99721838
0.93220022,0.08878336,0.002917,0.99431462
0.92857573,0.00234135,0.01833175,0.9650466
0.97476522,0.00177929,0.0024869,0.99690225
0.95729338,0.06348909,0.04481393,0.98590421
9.30933319e-01,5.28385587e-03,6.15871314e-04,9.89122626e-01
9.37044361e-01,2.99351797e-02,7.03292586e-04,9.88101141e-01
0.93324648,0.00718801,0.09286216,0.99267686
9.73061474e-01,4.20513217e-02,6.87975023e-04,9.98581737e-01
0.96047885,0.00347563,0.00456399,0.99728802
0.99057384,0.01059034,0.09697318,0.99366179
9.59329644e-01,8.10465904e-03,5.92484925e-04,9.52860393e-01
0.95308794,0.08356643,0.02816009,0.99133785
9.49124468e-01,4.69014073e-02,1.58719515e-05,9.80199587e-01
0.92352452,0.0406885,0.06555433,0.99318154
9.50207107e-01,8.39484058e-04,8.67116573e-03,9.96027569e-01
0.98913896,0.05506495,0.00215212,0.99966406
0.94661988,0.001153,0.08461629,0.99162155
9.16177895e-01,8.48185738e-04,2.19971460e-02,9.90815239e-01
0.96971131,0.03406471,0.00186456,0.98795302
9.74682129e-01,7.18020328e-03,7.81221705e-04,9.97118328e-01
9.69152696e-01,8.33244823e-03,4.37176937e-04,9.98779890e-01
0.90822692,0.02025043,0.04983368,0.96025078
0.97880017,0.04447543,0.01507646,0.9990905
9.10823318e-01,1.14821579e-02,2.84202605e-04,9.90332942e-01
9.73966365e-01,2.49143665e-04,2.64468253e-02,9.99214205e-01
9.33000796e-01,4.02229638e-02,4.93081432e-04,9.50753002e-01
9.52169848e-01,9.61748986e-05,1.04666828e-02,9.96488104e-01
0.96876312,0.00113156,0.00939482,0.95662923
0.92543703,0.09782867,0.00214939,0.93227809
0.96971317,0.02032154,0.00301789,0.99015469
0.99177605,0.01104396,0.02588338,0.99993123
9.65383832e-01,5.77394190e-05,8.25897230e-02,9.91228030e-01
0.94936927,0.00720991,0.00114078,0.99428085
0.95675306,0.02193869,0.01104338,0.99737821
9.77332071e-01,2.47261869e-02,7.21158262e-04,9.99461141e-01
9.38157891e-01,1.67043599e-04,6.33428718e-02,9.95387961e-01
0.94056317,0.08098065,0.00146347,0.99480934
0.99019596,0.02876666,0.00194965,0.99978119
0.97268066,0.00762277,0.05258873,0.99919757
0.97417804,0.00646917,0.00321326,0.99871635
0.99032552,0.01737478,0.0971067,0.94752036
9.58870107e-01,6.86126348e-05,4.69799516e-02,9.69629714e-01
0.97265126,0.00130172,0.02422772,0.99840305
0.98888139,0.05330818,0.00201494,0.99984385
0.90809135,0.0012975,0.01608587,0.98975931
0.94628796,0.06664585,0.00224291,0.98652117
0.95288906,0.06736464,0.00236938,0.99756144
0.99105387,0.01114011,0.05131486,0.99991846
9.14860662e-01,1.06006601e-03,9.40408136e-04,9.55019462e-01
0.91287849,0.07296289,0.0063285,0.98975361
0.99496025,0.04350936,0.02681635,0.99986957
0.98516042,0.07960076,0.08175837,0.9393812
9.44238047e-01,9.36414225e-04,2.20695116e-02,9.96480230e-01
0.99515661,0.04763328,0.04414629,0.99997623
0.9619972,0.02038871,0.04153322,0.99843593
0.9809062,0.01471409,0.03964473,0.99928064
0.93405578,0.00130384,0.09775069,0.99328128
0.98628313,0.01520763,0.02706547,0.99978233
0.92300359,0.00723366,0.05829493,0.99202762
0.93249556,0.00108941,0.03431619,0.98965112
9.90845373e-01,5.97843660e-04,6.36289845e-02,9.99092787e-01
0.99149407,0.00141029,0.05542605,0.94026741
0.99550821,0.05151555,0.04275121,0.99997963
0.98670477,0.01646134,0.04158638,0.9881244
0.99270397,0.00344812,0.01826557,0.99989086
9.32787916e-01,6.30861332e-04,1.39334232e-02,9.46805388e-01
9.74063902e-01,5.45362975e-05,8.63460200e-02,9.98509857e-01
0.97060079,0.0512952,0.06426905,0.99908226
0.95163209,0.01497228,0.02742719,0.99656397
0.99166578,0.01402818,0.00363663,0.99992819
0.93712908,0.00285863,0.00318289,0.99550324
0.93787003,0.04042262,0.00893299,0.9606901
0.96256275,0.00619486,0.01701317,0.99647943
0.97099973,0.00749702,0.08905753,0.94663771
0.94827786,0.0016819,0.0121031,0.99157856
9.39453683e-01,4.64823265e-06,9.85269095e-02,9.94912826e-01
0.92915876,0.00900699,0.0729514,0.99405361
0.99754524,0.01831147,0.0352875,0.95410201
0.94934613,0.06196292,0.00165168,0.99697977
0.92874327,0.00456162,0.03914012,0.99407274
0.9650994,0.04348388,0.01629048,0.96497787
0.96981036,0.02927116,0.00294291,0.998799
0.94841123,0.02731948,0.00659234,0.99654457
0.99476695,0.00277586,0.07800572,0.9997121
0.97966701,0.00965973,0.02611094,0.99832103
9.86243602e-01,1.71455066e-04,8.37981875e-02,9.79046061e-01
0.99515188,0.00437668,0.07931082,0.99983127
0.98808826,0.01641442,0.00663628,0.99984086
0.99568466,0.0324098,0.06551777,0.98880715
9.41863638e-01,1.05422454e-02,6.82365653e-05,9.96059995e-01
0.9659777,0.01105009,0.00218003,0.99867319
0.98934379,0.03956469,0.08282085,0.99987603
0.91601572,0.00469594,0.04361786,0.98679558
0.97795838,0.00865346,0.01229824,0.9971592
9.86422321e-01,6.54182006e-04,6.93971035e-02,9.99809297e-01
9.69579718e-01,5.81715892e-02,1.60847795e-04,9.98639764e-01
0.93038226,0.05576775,0.01569241,0.99207875
0.92516251,0.00153198,0.07125605,0.97455451
9.65299634e-01,2.33703581e-02,2.54400129e-04,9.98664093e-01
0.98386665,0.02539127,0.00524524,0.99973088
9.19951207e-01,1.49488499e-02,1.93745931e-04,9.92434259e-01
0.98000664,0.06361914,0.05837734,0.99823759
0.90834178,0.00737337,0.06783142,0.98976471
9.51020691e-01,9.19924651e-02,8.76720657e-04,9.96436146e-01
0.9854266,0.08734044,0.00603561,0.99419167
0.97012931,0.03342596,0.01573223,0.99884517
0.99909635,0.03669266,0.09807674,0.99966105
9.53428199e-01,3.11270145e-02,5.63487443e-04,9.13905556e-01
9.81013208e-01,1.67418938e-04,7.55371554e-02,9.99621851e-01
9.83442641e-01,1.73149659e-02,6.72168033e-04,9.96157305e-01
0.94179397,0.05249946,0.01193942,0.99606532
0.99204988,0.09986875,0.00140196,0.99949374
0.99746715,0.03170236,0.0578062,0.99997029
0.99333726,0.0026795,0.06970873,0.99970624
9.12570798e-01,2.75582895e-02,8.86225945e-06,9.83858890e-01
9.70787914e-01,3.17618822e-04,3.61951144e-02,9.90603016e-01
0.94756313,0.06035265,0.03910163,0.99612932
9.51637795e-01,8.99821331e-04,4.66952170e-02,9.97423731e-01
0.98469589,0.03149105,0.00347931,0.99856181
0.97106003,0.01208814,0.03189214,0.9991126
0.99693095,0.02249732,0.03464917,0.99998055
9.17812507e-01,3.68686260e-04,1.62143096e-03,9.20111946e-01
9.15518732e-01,8.76912203e-02,2.52526211e-04,9.91554967e-01
0.92998988,0.0123313,0.00122575,0.9786829
9.76750422e-01,6.69485628e-04,3.80205132e-02,9.99031023e-01
0.97077546,0.00344434,0.01000394,0.99837502
0.95312668,0.00421637,0.00120138,0.99757195
0.99623063,0.09348116,0.00180917,0.97446324
9.02005720e-01,5.20647578e-02,1.31188980e-05,9.88128306e-01
0.92810202,0.01082073,0.024825,0.96413531
0.97132564,0.01029708,0.09615906,0.99692371
0.93244831,0.09422238,0.05898198,0.99476673
0.98594539,0.03837786,0.00650776,0.99978828
9.60206667e-01,3.23083727e-02,1.30357047e-04,9.98162330e-01
0.96591581,0.00438584,0.01837236,0.99875595
0.92007164,0.0121795,0.00216893,0.97998893
9.28436931e-01,4.00937305e-04,4.42982752e-02,9.92616333e-01
9.48111347e-01,2.18913565e-03,5.90683014e-04,9.46332825e-01
0.98609575,0.04171042,0.09867949,0.99978822
0.97024011,0.00414994,0.01941741,0.99905076
0.98819939,0.04119453,0.04775498,0.99985658
9.37121411e-01,1.38272404e-04,1.25554041e-02,9.95452734e-01
0.98573089,0.05234324,0.05042024,0.99964465
0.90217054,0.02173583,0.00364575,0.94891873
0.99535059,0.01146953,0.05950861,0.99997818
0.95984291,0.01391791,0.06026754,0.99820451
0.99478828,0.00302095,0.09150899,0.98790081
0.97629394,0.0863491,0.02273882,0.99941047
9.56169678e-01,2.73336219e-02,1.62483916e-04,9.97898834e-01
0.95112856,0.01505437,0.0168399,0.99634882
9.19230242e-01,4.79228361e-02,1.62785351e-05,9.83939524e-01
0.98959057,0.0145345,0.06335593,0.99988744
0.99699905,0.00819595,0.08150362,0.99999086
9.80007887e-01,8.87461309e-04,5.87806600e-02,9.99578019e-01
9.08758213e-01,5.99191267e-02,1.18283063e-05,9.89856713e-01
9.00963313e-01,5.46257617e-04,3.02838541e-02,9.70373187e-01
0.99708976,0.00260493,0.09435596,0.95132775
0.90650593,0.00145294,0.07514205,0.94850914
0.97080247,0.00317593,0.07571214,0.99904011
0.95605319,0.09400976,0.00886492,0.99786684
0.9933859,0.03996455,0.03166731,0.9999556
0.98169051,0.00297998,0.01189306,0.99796746
0.96089481,0.00181011,0.04275154,0.95320593
0.99170598,0.09869359,0.00158884,0.97734548
9.38653084e-01,4.13661407e-04,2.23438067e-02,9.95705137e-01
9.68310199e-01,3.80334260e-05,9.80402503e-02,9.98408134e-01
0.97831952,0.0826801,0.00809229,0.99915145
0.99344975,0.01932734,0.05873462,0.99995465
0.99440731,0.01965068,0.00592622,0.99901463
0.99651355,0.04177973,0.03155434,0.99997548
9.39459788e-01,8.77675859e-02,2.50417688e-05,9.56466768e-01
0.97147537,0.0219897,0.02558125,0.99913659
0.97906093,0.00855967,0.00503414,0.99946818
0.93900768,0.01344465,0.03904818,0.99579131
9.46446253e-01,3.66017884e-02,5.98333376e-05,9.73876901e-01
0.97271931,0.03367791,0.05175503,0.99778413
0.9961277,0.03125436,0.05797178,0.99991104
0.95536072,0.00560027,0.03514734,0.97938401
0.97282992,0.08948846,0.06981774,0.92658457
9.76094281e-01,3.18218630e-04,4.24507542e-02,9.98781079e-01
0.94400834,0.01192158,0.05165641,0.98936386
0.99600748,0.07388778,0.01043663,0.9951406
9.12844430e-01,6.57565095e-02,6.86453117e-05,9.90960172e-01
9.61869458e-01,4.85348050e-04,3.67941976e-02,9.73559709e-01
0.99507375,0.05633795,0.02275328,0.9999697
0.90751204,0.01725849,0.0641115,0.97078953
9.13757723e-01,3.72075001e-05,6.95261948e-02,9.82500902e-01
0.92887493,0.03606683,0.09806696,0.99141934
0.98710488,0.00769401,0.03574066,0.99982734
0.99550306,0.06794014,0.06078903,0.99992274
0.95034834,0.00102657,0.00296958,0.99727463
0.96992308,0.03052473,0.04286379,0.99902381
9.48358817e-01,3.68624147e-04,5.46296188e-03,9.96797982e-01
9.44244992e-01,1.22532553e-02,3.20991660e-04,9.92059661e-01
0.99676393,0.05250473,0.01317659,0.99998943
0.97218246,0.08272391,0.0145588,0.99910622
0.94890693,0.08315718,0.00189624,0.97218369
0.99101431,0.00610192,0.02031262,0.99990652
0.98564241,0.03929992,0.04269912,0.99889127
0.9662473,0.01480136,0.00109985,0.99860235
9.02514794e-01,5.21697987e-03,4.37864318e-04,9.87792927e-01
0.98322561,0.08596259,0.04152552,0.99970862
0.98572807,0.0172119,0.01272446,0.99978222
0.98433391,0.01187055,0.00186639,0.99973768
9.41804713e-01,9.13435905e-02,1.65628966e-04,9.81998629e-01
0.98270415,0.01843563,0.00889001,0.99885693
9.61810880e-01,6.64035488e-04,1.14461616e-02,9.98368082e-01
0.96762252,0.0028996,0.01072943,0.99139045
0.98039753,0.0080939,0.02023051,0.99923996
0.99535468,0.03677195,0.00279247,0.98887904
0.933629,0.00160183,0.00731006,0.99497053
0.96130879,0.00612137,0.00233038,0.99814512
0.9146047,0.0693264,0.02684151,0.98952379
0.98581637,0.07255588,0.00138762,0.99979301
0.99214126,0.00161109,0.09814229,0.99993529
0.9445768,0.04122476,0.02914472,0.99631793
0.90715982,0.00124238,0.00100619,0.98706268
9.74742520e-01,9.91742295e-04,5.41329000e-02,9.99103997e-01
0.90701555,0.00577938,0.01264432,0.98934161
0.99076575,0.06936819,0.05948596,0.99070017
0.96773841,0.00340762,0.0147463,0.99888721
0.99419378,0.01269393,0.01464216,0.9998664
9.33546573e-01,3.95887936e-02,8.28973438e-05,9.94593403e-01
0.99444434,0.00353659,0.05336824,0.93639997
9.08517367e-01,3.14931607e-02,8.52839016e-04,9.88486971e-01
0.99557846,0.09617898,0.0079483,0.99938125
0.98553191,0.04474613,0.01233754,0.99926566
0.94871905,0.01798806,0.00493439,0.997051
0.94266193,0.09242087,0.00634786,0.99543875
0.90444453,0.05644689,0.04277572,0.98682485
0.99445285,0.03308273,0.03429274,0.99996692
0.98230112,0.01494921,0.00896323,0.98955243
0.99360738,0.00587808,0.02761968,0.99949029
0.99835882,0.09271556,0.04871335,0.9946628
0.99218055,0.00652272,0.01800347,0.98039488
0.98019299,0.06010099,0.01685123,0.99957348
0.98111394,0.09423526,0.00752835,0.99682213
9.49893097e-01,2.34245246e-04,8.60842020e-02,9.85937647e-01
9.52536449e-01,6.55885604e-02,2.93546589e-04,9.91186059e-01
0.99787091,0.08500364,0.01867549,0.96893041
0.99721746,0.06714155,0.00679713,0.99998251
9.60937516e-01,2.28728626e-04,7.47039736e-02,9.98218941e-01
0.99783517,0.0084836,0.07229962,0.99992514
0.99793358,0.06560479,0.01195244,0.9999957
0.90428524,0.05987065,0.00111197,0.98891869
0.98908091,0.05957466,0.00188006,0.9998624
0.9922593,0.02325507,0.00916837,0.99993358
0.97745673,0.01188808,0.00537318,0.95347651
0.92719829,0.04609813,0.00308201,0.98784884
0.95512274,0.00914875,0.00138964,0.9942898
9.26381739e-01,9.99487295e-02,7.49470528e-04,9.93723526e-01
0.95039677,0.0010792,0.03502544,0.99296705
9.41976285e-01,1.04069772e-04,2.13146618e-02,9.54788256e-01
0.98690831,0.02631695,0.0071025,0.99982403
9.47478245e-01,7.07013215e-04,3.86861383e-02,9.88241455e-01
0.92674743,0.0157662,0.02197498,0.97930966
0.97358545,0.01914471,0.01282259,0.99925706
0.92151703,0.04418768,0.00691462,0.9927163
0.92176489,0.01999555,0.07567911,0.9925017
0.97665105,0.00326207,0.00708516,0.99939476
9.48749098e-01,7.78869783e-04,3.98790431e-03,9.97090248e-01
0.99491767,0.08701652,0.05799121,0.99996238
0.99145066,0.00607066,0.0113832,0.99991797
0.93914754,0.00250116,0.00473432,0.99552788
0.98681851,0.00402436,0.02216582,0.99959838
0.93643267,0.01241174,0.00873041,0.99537145
0.9082775,0.02703718,0.07128845,0.90826549
9.62444606e-01,4.24260305e-05,6.39276630e-02,9.77086831e-01
9.52655794e-01,3.15259993e-02,4.20494728e-04,9.76379059e-01
0.97491979,0.05144827,0.00316115,0.99927976
0.90939592,0.00157526,0.00193997,0.98113197
0.99634219,0.04176071,0.00394803,0.99995051
0.98508344,0.02870576,0.05419481,0.93199089
0.95481337,0.0424178,0.07848328,0.99739592
9.75914646e-01,3.04674001e-04,2.18047163e-02,9.99273578e-01
0.95027631,0.02259559,0.06666295,0.99725916
0.92060335,0.02458715,0.08872383,0.98742319
0.97414453,0.04623727,0.08604253,0.99829051
0.93102019,0.0175963,0.00703851,0.99449038
0.98842081,0.03377807,0.05682461,0.99557997
0.96321907,0.00782673,0.07910715,0.99853196
0.96665086,0.08124925,0.00408293,0.99878328
0.99822076,0.04165033,0.04504999,0.9999779
0.99519649,0.00445223,0.07165086,0.95328578
9.75269922e-01,9.96099283e-02,6.88651539e-04,9.71660063e-01
0.99914732,0.05319081,0.08315354,0.99998986
0.95971109,0.01887078,0.07481315,0.9958599
9.25985404e-01,3.59746539e-04,1.47929779e-03,9.93545381e-01
0.98088285,0.03141388,0.04880388,0.99962018
0.96460112,0.01100348,0.00330587,0.99867052
0.92185885,0.07664034,0.06028951,0.99284327
0.99469636,0.02524084,0.03316824,0.99997087
9.76929354e-01,4.16926928e-04,9.89696001e-02,9.99430413e-01
0.98401362,0.00977456,0.00573556,0.99973596
0.9975421,0.07568232,0.03243725,0.99999225
0.97585334,0.0498187,0.01604603,0.99539475
9.06212984e-01,9.00289652e-02,2.90231670e-05,9.87045260e-01
9.49680835e-01,1.66695689e-02,8.81757141e-04,9.96652028e-01
9.67597910e-01,9.67353172e-02,1.80413193e-04,9.98879541e-01
0.98375982,0.04859885,0.01885642,0.99563686
0.99744588,0.03464406,0.05169367,0.99970275
9.37767873e-01,9.40859953e-05,5.17456172e-02,9.94654383e-01
0.96293306,0.01885199,0.00376487,0.99851756
0.99022321,0.01229017,0.0101559,0.99983628
9.12258848e-01,6.29983762e-04,6.80257628e-04,9.34284514e-01
0.99279777,0.04558135,0.00278722,0.99994102
0.93190108,0.08939153,0.00340456,0.99468328
0.9313811,0.0436939,0.00307569,0.95163413
9.20889405e-01,2.98190594e-04,2.27505886e-03,9.92649766e-01
0.9552054,0.05808481,0.00337234,0.99780532
0.98917613,0.02128189,0.02300012,0.99986587
0.98964441,0.03116219,0.06130408,0.99985598
0.94227668,0.07785616,0.090441,0.94045524
9.55928301e-01,3.23395817e-04,1.89239391e-02,9.97854544e-01
0.9821345,0.00277963,0.00337573,0.99799778
9.87822206e-01,7.25036233e-02,5.44000617e-04,9.95486589e-01
0.9089451,0.0224679,0.00235527,0.98495516
0.98537656,0.03680851,0.04913674,0.99890974
0.96903986,0.033487,0.01250004,0.99832727
9.51806841e-01,3.11667979e-05,6.52261466e-02,9.97434080e-01
0.97392918,0.00113277,0.04463534,0.98229063
0.98761655,0.08246368,0.01440501,0.99984264
9.47529092e-01,9.34969078e-05,6.52000598e-02,9.96615393e-01
0.97555815,0.06975911,0.0839911,0.99900214
9.56995192e-01,9.72268014e-03,1.53981836e-04,9.92930909e-01
0.92803536,0.01625076,0.04014412,0.99412273
0.91582709,0.00811362,0.00585525,0.99003943
9.48416707e-01,6.66529563e-04,3.50075841e-03,9.91228566e-01
0.9983234,0.01108447,0.09161988,0.99995031
0.99239677,0.02126129,0.00326193,0.99993423
9.31375180e-01,1.51342528e-05,5.24796576e-02,9.94582097e-01
0.98681207,0.00404639,0.00642715,0.99949565
9.01076325e-01,5.30091546e-05,1.47927327e-02,9.88053472e-01
9.79310594e-01,1.49509174e-02,6.96824297e-04,9.99533607e-01
0.98048367,0.03416233,0.01059705,0.9992968
0.99740305,0.03583655,0.03096065,0.9999932
0.90212343,0.00131233,0.01331143,0.98033652
0.93946066,0.05154484,0.00178982,0.9955518
0.98886164,0.00135989,0.01449867,0.99976999
0.97545809,0.02813186,0.00150295,0.99934284
0.9953842,0.04720749,0.01165685,0.99997849
0.98399103,0.00294811,0.01865707,0.99969206
9.55945067e-01,1.46624078e-02,4.00702131e-04,9.96843746e-01
0.91352023,0.01522817,0.00979899,0.99101668
0.92600222,0.00102046,0.04836463,0.91511927
0.94625615,0.01058169,0.00274476,0.99677571
0.94290244,0.00800774,0.00270835,0.9952006
0.98461229,0.07378147,0.00679024,0.98844221
0.94794563,0.02390954,0.00983621,0.99583575
0.90765559,0.00439079,0.05181533,0.90657148
9.20289656e-01,6.20200636e-04,1.99973174e-02,9.92435824e-01
9.05373409e-01,7.86214359e-05,6.18830151e-03,9.89040585e-01
9.42407610e-01,4.98719036e-04,1.68334430e-02,9.92842210e-01
0.98152212,0.01815193,0.09127249,0.99963767
0.90220839,0.01791068,0.0109841,0.98833765
9.88416082e-01,8.98554690e-02,4.13050230e-04,9.99597999e-01
0.99403955,0.07775448,0.08678931,0.99996405
0.93470488,0.00980033,0.02159202,0.99474463
0.996306,0.04361742,0.04159346,0.99995155
0.98977216,0.00486462,0.00550346,0.99989263
0.99744084,0.07714403,0.04877978,0.98358956
9.61160627e-01,2.48035736e-04,7.42621520e-02,9.50902124e-01
0.99861027,0.0728356,0.02359852,0.97929807
0.97117892,0.00883624,0.02050455,0.99726551
0.96146085,0.09825794,0.01969436,0.99376609
0.91646033,0.03744347,0.07458,0.99174166
0.92751684,0.02781982,0.00118524,0.99392792
0.99136005,0.04985011,0.090098,0.99992189
0.98168836,0.00166395,0.06764152,0.9008087
0.93590978,0.02515076,0.04533531,0.99460793
0.92871263,0.00405482,0.01134249,0.98075049
9.64845318e-01,5.59547743e-04,7.71402759e-03,9.98381648e-01
0.9866154,0.01584719,0.04625153,0.93511515
0.98827432,0.08988337,0.00185237,0.99952715
0.92823786,0.06655209,0.00170062,0.98029338
9.01546317e-01,1.39965446e-05,7.18872708e-02,9.33466022e-01
0.95751063,0.05462939,0.01932234,0.99666791
0.94582118,0.00706592,0.03333584,0.99664549
0.96621287,0.05656111,0.02436968,0.99768466
0.9774504,0.01151306,0.01743585,0.99655375
9.75372137e-01,5.74298910e-04,8.79089643e-02,9.99121402e-01
9.37658783e-01,4.91352354e-05,2.81392409e-02,9.94334044e-01
0.90465317,0.02810645,0.01899428,0.93536593
0.96905812,0.03389181,0.00329982,0.99879309
0.98132807,0.00312222,0.01345768,0.99956691
0.97359907,0.02011077,0.00205644,0.99884492
9.57010728e-01,3.32941799e-04,1.13663464e-02,9.68159626e-01
0.99155961,0.04041471,0.02214103,0.98835886
0.95033687,0.05399825,0.01084505,0.99727264
9.10165407e-01,6.03842811e-02,2.76088060e-05,9.90292800e-01
0.9956347,0.02314107,0.00810743,0.99559119
0.96678204,0.01189103,0.04164517,0.99833942
0.90880122,0.00697493,0.00107198,0.99002969
0.95383341,0.07052813,0.00340852,0.99748755
9.12440779e-01,3.22714800e-02,1.43107219e-04,9.90408096e-01
0.94997874,0.09567227,0.01836746,0.99034065
0.98221173,0.00950679,0.08245484,0.974513
0.90550397,0.04656508,0.01883486,0.98780278
0.95176233,0.00452161,0.01273962,0.99716437
0.96351953,0.00358928,0.01464767,0.99389331
0.90025219,0.00173488,0.01785648,0.98787075
9.24186689e-01,3.59312982e-02,1.08802308e-04,9.91618176e-01
0.98973842,0.00206897,0.06952463,0.99976276
0.95365378,0.00521609,0.0429055,0.99127627
0.90314183,0.01831024,0.00980821,0.97794357
0.99089441,0.00481318,0.01154665,0.99989258
0.93379345,0.00591516,0.00151369,0.99424471
9.48268878e-01,2.59152642e-02,1.70746884e-04,9.96979328e-01
0.99169798,0.07549692,0.02870959,0.95149524
0.94174057,0.02759745,0.02898133,0.99618552
0.99687356,0.08039471,0.00730585,0.99131532
9.45004167e-01,8.85354656e-05,5.66086315e-02,9.96445220e-01
0.93181965,0.00129036,0.08381145,0.98896624
0.96136903,0.08549579,0.08447622,0.98595896
0.90451684,0.0150965,0.05420525,0.98893883
0.92325019,0.08429866,0.01316367,0.98806453
9.12469018e-01,3.17851421e-02,9.14923897e-04,9.89799930e-01
0.98939846,0.02661838,0.04745777,0.99981812
9.00871651e-01,3.30363825e-03,1.59791312e-04,9.86535085e-01
9.46910969e-01,2.23869358e-04,4.24123072e-02,9.96335954e-01
0.98210134,0.0034133,0.03239104,0.99398729
0.99807706,0.03078792,0.07512705,0.99619114
0.90610284,0.01133617,0.03387319,0.98830688
0.97903001,0.02263908,0.02249948,0.97445149
0.97744038,0.0022582,0.08156144,0.94657876
9.28770454e-01,5.29229195e-02,4.00992543e-05,9.46705314e-01
0.92576179,0.02884083,0.08772939,0.99299959
0.90177325,0.00458397,0.01293428,0.98827287
0.91607944,0.00170353,0.0238869,0.98953372
0.97991949,0.04324391,0.09404504,0.99911362
0.92172746,0.01274462,0.05483853,0.95413385
9.20653150e-01,8.92859090e-02,1.22522425e-04,9.92617650e-01
0.93533051,0.00473185,0.00099482,0.99443511
0.97370655,0.03407165,0.0043561,0.99925958
9.22577226e-01,2.01117774e-04,3.31309749e-02,9.92992773e-01
9.44307052e-01,1.10995679e-02,7.17273913e-04,9.85687414e-01
0.97778227,0.01101142,0.00138285,0.99944817
0.91497998,0.00535201,0.09056043,0.98414791
9.54542086e-01,1.61297111e-02,7.16168261e-05,9.97562765e-01
9.34354615e-01,1.23261424e-02,4.80148981e-04,9.95046123e-01
9.65876776e-01,4.49475248e-04,2.21965457e-02,9.88319983e-01
0.99413574,0.0029086,0.0430004,0.99176728
0.994568,0.08951891,0.00907035,0.99398947
0.95232694,0.00308186,0.05091619,0.99671635
9.71601090e-01,9.67081937e-02,3.57334388e-04,9.96412651e-01
9.39918251e-01,1.10776890e-04,9.33491792e-03,9.95921822e-01
9.21578237e-01,1.05551408e-02,7.56417507e-04,9.90826988e-01
9.27635633e-01,4.68930017e-06,9.83953276e-02,9.93907391e-01
0.98996654,0.08337895,0.00312768,0.99643607
0.9481833,0.02853657,0.00357551,0.99634627
0.94985044,0.01785531,0.00098893,0.9026183
9.19055866e-01,5.95592243e-05,2.11006091e-02,9.92300169e-01
9.76543046e-01,2.19381673e-04,9.49348738e-02,9.99288596e-01
0.98104227,0.00668039,0.08688802,0.92313484
0.98467648,0.0101893,0.0049928,0.99468521
0.91093548,0.08022588,0.06035754,0.99006414
9.45796438e-01,2.68240806e-05,6.50212855e-02,9.69922650e-01
9.36853814e-01,8.07941143e-04,4.59096056e-03,9.95283765e-01
0.94366329,0.00490859,0.05992295,0.99253108
0.96176221,0.06549493,0.01246617,0.99609291
0.93605435,0.01296113,0.00224784,0.99533398
0.92135359,0.0644283,0.00784976,0.99264291
0.98054686,0.02240016,0.01996462,0.99929236
0.99373841,0.00284509,0.07994047,0.99995981
0.93893236,0.00314626,0.02174893,0.98437288
0.98923881,0.01340648,0.00527779,0.99912047
0.90691614,0.02078125,0.0168296,0.97487744
0.9827779,0.00864801,0.02914903,0.99127347
0.96224118,0.01375506,0.0155541,0.99780665
9.65712254e-01,7.95001296e-03,9.50515296e-04,9.94787654e-01
0.97609432,0.03810221,0.02384969,0.99773418
9.82570160e-01,7.31090021e-04,1.22653867e-02,9.99537842e-01
0.99343386,0.00536223,0.01652398,0.99742475
9.88510649e-01,8.80026898e-04,5.61058034e-02,9.99864785e-01
9.48280955e-01,2.93395552e-02,5.76899484e-04,9.90380608e-01
0.95678485,0.06699802,0.0026255,0.99659797
0.9874273,0.00223705,0.09953442,0.99982422
0.95815792,0.01381925,0.00235949,0.99321094
0.9794669,0.00245588,0.05793863,0.99729388
9.46450183e-01,1.24341067e-04,9.74997164e-03,9.96806254e-01
0.9659908,0.01894217,0.06206085,0.99875865
0.99072593,0.00576963,0.0720809,0.99990549
9.14306467e-01,8.13063498e-02,1.74281939e-04,9.25100751e-01
9.28032291e-01,2.76125346e-02,5.38942847e-04,9.86271464e-01
0.99048016,0.08366429,0.06208771,0.99990664
0.91663281,0.00238802,0.00773137,0.99179411
0.98960799,0.01817501,0.07084232,0.99983986
0.92728524,0.09063165,0.00969874,0.99375246
0.96774397,0.0116148,0.00241841,0.99888993
0.96041692,0.09773172,0.08206771,0.99823552
0.91608049,0.00233641,0.00671462,0.99081225
0.97584696,0.00908677,0.01384585,0.99899631
0.99243806,0.0024044,0.09204479,0.99993972
0.94650897,0.00124771,0.06704868,0.99059222
9.88101637e-01,6.22100315e-04,9.39559652e-02,9.99621552e-01
9.39630235e-01,1.46348928e-04,7.53915495e-03,9.92541302e-01
0.93725013,0.05432363,0.02746168,0.98738365
0.98562763,0.0032505,0.02886773,0.99833677
9.63711082e-01,3.78286969e-04,9.32355195e-02,9.94380264e-01
0.97417216,0.01401228,0.00316497,0.99929757
0.94650373,0.00271105,0.00515304,0.99667793
0.99393956,0.03631806,0.00441467,0.99996227
0.9447314,0.00333576,0.01084921,0.99111396
0.90734835,0.0130252,0.00266769,0.90084561
0.9506421,0.00704736,0.0051671,0.99712827
0.95960403,0.05039208,0.00579941,0.93556116
0.97309061,0.02825437,0.04752515,0.99166873
0.9869915,0.00293932,0.09030089,0.94950273
9.51571607e-01,2.36372719e-05,5.34705281e-02,9.96667079e-01
0.97861755,0.00210489,0.0862621,0.99907962
0.98741422,0.02802571,0.04557871,0.99977454
9.90647715e-01,8.01047393e-04,9.75841269e-02,9.95776527e-01
0.97052967,0.06644831,0.098571,0.97409488
0.96117883,0.066941,0.00229709,0.99542286
0.9653199,0.00913163,0.01867521,0.99871084
0.95620256,0.02443199,0.06262597,0.96465902
9.73111554e-01,5.76125724e-05,6.23590187e-02,9.99237107e-01
0.93399558,0.03084137,0.02963157,0.99477706
0.97813246,0.01461882,0.05637652,0.99234117
0.99280972,0.00608441,0.02850242,0.99994392
0.9895206,0.03796345,0.02584074,0.94170835
9.45735360e-01,9.31344329e-04,9.09873307e-02,9.84902775e-01
0.99817831,0.0340845,0.09827361,0.99999661
0.9896831,0.03028229,0.06332922,0.99989059
9.12993653e-01,2.16201676e-04,5.40570469e-03,9.15924817e-01
0.98137885,0.00151077,0.01952611,0.99963327
0.94830305,0.02176903,0.06493844,0.99683955
0.9231326,0.00174406,0.03997642,0.99280434
0.90316817,0.00560781,0.08472081,0.98863435
0.98385285,0.01068474,0.02254991,0.9993714
0.98513911,0.04205308,0.0192167,0.99976353
0.95093967,0.01285316,0.03689597,0.99697947
0.98229513,0.04539302,0.00152108,0.96217548
0.99601909,0.04974826,0.01481543,0.99997652
0.98159831,0.00438451,0.0846216,0.99964361
0.95779986,0.00964849,0.00402605,0.99206225
0.99707815,0.04518208,0.07993417,0.99648168
0.97168668,0.00235792,0.08624472,0.97410567
0.92700513,0.05895318,0.01268694,0.99383171
0.91440293,0.04845608,0.01621947,0.9691754
0.91378391,0.04618685,0.04461935,0.99010186
0.97929743,0.00509238,0.00122574,0.99661816
0.94196438,0.00113408,0.06748761,0.97303417
0.95017521,0.03305785,0.04085357,0.99708858
9.21095688e-01,8.69178603e-03,6.26740092e-04,9.90346150e-01
0.95575724,0.03705264,0.01202671,0.99779078
9.28325449e-01,3.61159518e-04,2.32184256e-03,9.04622527e-01
0.99202329,0.03659418,0.02142321,0.99989668
0.99632184,0.02623907,0.01317433,0.99989106
9.50055437e-01,1.75537472e-04,3.75944702e-02,9.58533000e-01
9.84947162e-01,5.04305431e-04,2.76436838e-02,9.97550263e-01
9.52031045e-01,5.26080504e-04,3.55474275e-02,9.96657468e-01
0.9792038,0.05033539,0.02093659,0.99655498
0.95909409,0.00646463,0.00126409,0.99708604
0.92477627,0.05005123,0.00914337,0.98603344
0.93538382,0.00165317,0.05693672,0.98862979
0.99014771,0.07543693,0.00226351,0.99989527
0.90695888,0.07075002,0.00940171,0.92703827
0.99770665,0.06033646,0.00984059,0.99999333
9.10207144e-01,2.60232819e-05,1.42830401e-02,9.68052055e-01
9.21154764e-01,2.81369684e-05,3.71152859e-02,9.62586970e-01
0.93226044,0.00409726,0.01033298,0.99102096
9.04653601e-01,8.79653288e-03,2.30369105e-04,9.72070526e-01
0.97488003,0.00889988,0.05420017,0.99901678
0.93813006,0.00262304,0.00289017,0.99251748
0.9629358,0.01057889,0.05204305,0.99760166
0.98066084,0.02117565,0.00108225,0.99922657
0.98871468,0.03477912,0.02204236,0.99986965
0.90239448,0.00703839,0.01306557,0.98768362
9.68093213e-01,1.69060310e-04,2.29461860e-02,9.39246744e-01
0.93215622,0.01428686,0.06660976,0.97355357
0.99780019,0.01916232,0.03757311,0.99999478
0.95596793,0.01654165,0.00747985,0.99599886
0.98076031,0.00272956,0.01443012,0.99958626
0.98213328,0.00402675,0.08096791,0.99950864
0.9539467,0.00131017,0.0036292,0.9976556
9.16409207e-01,5.49040241e-04,1.44162353e-02,9.78175711e-01
9.38883386e-01,8.98492300e-02,1.27333854e-05,9.68540813e-01
0.96181643,0.00108732,0.04239403,0.99839239
0.97719611,0.02303828,0.00234633,0.97312041
9.61081532e-01,3.59007885e-05,8.23912141e-02,9.73261998e-01
0.96978593,0.03027717,0.02100357,0.99597869
9.55442869e-01,1.87697617e-04,5.89300342e-02,9.97485556e-01
9.51593787e-01,2.01517156e-02,1.73900230e-04,9.97076622e-01
9.50005192e-01,5.58390529e-02,8.68204651e-05,9.97183607e-01
0.95526558,0.04569334,0.01008197,0.98499114
0.99090398,0.00447797,0.03311378,0.99991439
0.97723357,0.04579342,0.07152042,0.9993148
0.92674523,0.03503076,0.01605134,0.99379042
0.97296016,0.03321852,0.07029003,0.99921244
9.87326168e-01,5.08672916e-04,2.74250290e-02,9.49276500e-01
9.34692262e-01,5.55075696e-02,2.13452517e-04,9.93621865e-01
0.99510214,0.00892323,0.09807703,0.99996338
0.90371279,0.00548262,0.01098017,0.98653871
0.92584498,0.00110955,0.00978887,0.9936117
0.96319372,0.00241367,0.00164482,0.97373861
0.96134246,0.01432552,0.02255815,0.99483962
0.96445872,0.05762739,0.00448652,0.92265504
0.97935849,0.00118046,0.01657135,0.99935412
0.9621647,0.00177228,0.0023487,0.99587294
9.14023867e-01,1.94063185e-04,2.29784674e-02,9.85956141e-01
9.63100386e-01,7.39970506e-02,1.08652296e-04,9.97659732e-01
0.98744159,0.03493666,0.02567918,0.9995274
0.9415534,0.01436187,0.01282736,0.99614968
0.99471483,0.05158703,0.02495347,0.99983139
0.95687238,0.03777997,0.01839474,0.99554321
0.98556897,0.01492257,0.00260833,0.99977404
9.89241519e-01,8.70558603e-04,2.77323543e-02,9.99878201e-01
0.97146952,0.01620952,0.03832622,0.99907507
0.93209135,0.07887143,0.0722923,0.99753714
9.55372699e-01,2.37204514e-04,5.00848287e-02,9.96363840e-01
9.86319819e-01,6.44563346e-04,5.23974731e-02,9.99781337e-01
0.97908884,0.01759649,0.07070608,0.99954144
0.99491799,0.04756119,0.061719,0.99997265
9.04967519e-01,4.05846331e-02,1.60770229e-04,9.89090673e-01
0.96333304,0.06284585,0.01558042,0.9618891
9.71798579e-01,9.07732761e-04,3.02841015e-03,9.96563771e-01
0.98141208,0.00512668,0.00164959,0.99960428
0.9808083,0.04380226,0.00734834,0.9176218
9.50098988e-01,6.68335753e-04,1.58240445e-02,9.97237228e-01
0.93330051,0.00457873,0.00290215,0.99482992
9.84798671e-01,5.68233260e-04,1.70609324e-02,9.99703967e-01
0.98699315,0.00624324,0.00855507,0.99918282
9.13660443e-01,2.53308103e-02,8.58787380e-05,9.91140575e-01
0.90469634,0.00604056,0.08216725,0.98607435
0.9810609,0.00230901,0.01725517,0.99959984
9.07751218e-01,1.64894195e-05,3.54573251e-02,9.85654671e-01
9.44136846e-01,3.85269919e-02,2.38015625e-04,9.80875009e-01
0.99629988,0.06807219,0.00768424,0.9582596
0.98748514,0.04661693,0.01528907,0.99880325
0.98629747,0.05332691,0.01918095,0.99980701
0.97108462,0.0451523,0.03274278,0.99891178
9.59711811e-01,1.80470125e-04,1.52647271e-02,9.98236671e-01
0.93670151,0.06175984,0.0368388,0.94714628
0.9629661,0.00958633,0.05861539,0.99852194
0.9726474,0.00333089,0.00397902,0.99909861
0.96850243,0.02288421,0.07650785,0.99793284
9.17480372e-01,3.24204735e-04,1.06760768e-03,9.35553350e-01
9.66409765e-01,6.70840845e-03,4.12721004e-04,9.91967139e-01
0.99652943,0.05980283,0.01474776,0.98191501
0.95813517,0.04367562,0.06296541,0.99809209
0.93866232,0.00168086,0.08295066,0.99378509
0.95155107,0.00597795,0.04179295,0.98528168
0.98125979,0.07305722,0.02828751,0.95072591
0.94793743,0.02363547,0.0027635,0.99694933
0.94792445,0.0025305,0.00497803,0.99607734
0.91359543,0.00227909,0.02143463,0.991128
9.18179041e-01,9.64503171e-02,4.08948386e-04,9.73393153e-01
0.94371216,0.02224868,0.02124127,0.99642588
9.33202683e-01,5.27355896e-02,7.38516770e-04,9.63023190e-01
9.81614064e-01,5.17887715e-02,6.75894293e-04,9.98843460e-01
0.92675353,0.07461022,0.00314146,0.99108823
0.95878539,0.00131412,0.0019398,0.99813177
0.98612137,0.06096934,0.00829066,0.99547654
0.99125253,0.08183686,0.01409886,0.99987446
0.95203884,0.0234405,0.09734285,0.99746733
9.30135385e-01,7.33957163e-02,4.73394949e-05,9.93800283e-01
0.9809166,0.0067146,0.03208455,0.99962056
0.93759881,0.01243792,0.00537249,0.99550845
0.96573298,0.00564885,0.06644615,0.99859939
0.93427878,0.09134426,0.02108772,0.98853737
0.99458624,0.06893047,0.08297347,0.99973892
0.92543713,0.00953926,0.00490294,0.99219191
0.97458642,0.00593242,0.00101738,0.99913685
9.08781378e-01,9.74411294e-03,8.06808515e-05,9.89937856e-01
9.40461133e-01,4.52754988e-02,4.50597972e-04,9.93193122e-01
0.96996832,0.00722636,0.01369497,0.97494657
0.91129956,0.00634446,0.05323404,0.99059503
0.93820576,0.00429981,0.09726972,0.99473718
0.9791891,0.00117983,0.05404011,0.99944477
9.57099671e-01,1.13668558e-05,8.31370135e-02,9.45401766e-01
0.99567893,0.00201535,0.06076977,0.99972973
0.99730659,0.04077697,0.02271337,0.99999265
0.94915335,0.0018552,0.01596859,0.99713568
0.99268496,0.04444359,0.02542686,0.99967635
0.99608665,0.00317663,0.08824452,0.99998257
9.41246070e-01,2.14927569e-04,2.14738436e-02,9.94855528e-01
0.94774309,0.02060195,0.01067077,0.90657934
9.87184617e-01,9.24743592e-02,2.73460152e-04,9.99831091e-01
0.91652171,0.00282406,0.01112738,0.99174552
0.91986333,0.08642443,0.00570913,0.99244217
0.95264757,0.0198938,0.01039193,0.99690381
0.95159882,0.00216897,0.04989603,0.9479574
0.92623708,0.04716279,0.06486564,0.99353248
9.48394192e-01,9.60216231e-02,8.61537377e-06,9.89051927e-01
9.52026392e-01,8.75059459e-02,3.61093956e-04,9.93092329e-01
0.97497964,0.01105709,0.0061054,0.95173025
0.93741749,0.01046701,0.00740109,0.99547122
0.91529139,0.00135074,0.00450811,0.99126781
9.17111079e-01,6.98323634e-03,3.07160881e-04,9.84150504e-01
0.92775372,0.01909416,0.00152367,0.99396861
0.97317133,0.08744635,0.06566725,0.99922993
0.95946013,0.00362807,0.00518781,0.99405015
0.97623846,0.00425362,0.00710635,0.99893501
9.03386199e-01,1.61474665e-05,5.16004403e-02,9.88690452e-01
0.97318291,0.00648827,0.03197786,0.99911651
0.90864862,0.0567294,0.00406757,0.98305544
0.92585454,0.04450483,0.00650514,0.98849539
0.98060227,0.02125336,0.08671151,0.99960842
0.92353321,0.01917349,0.001032,0.99314068
9.21270632e-01,9.82806347e-04,9.83652581e-04,9.92554887e-01
0.94304259,0.02499806,0.02238145,0.99628775
0.95724804,0.03830418,0.01610423,0.99791565
0.98928904,0.00103832,0.02168399,0.99986999
0.99128313,0.04255308,0.0553352,0.99991798
0.9626216,0.009276,0.0593491,0.97088056
9.58745695e-01,7.39887889e-04,2.07892251e-02,9.98147623e-01
0.96918572,0.00634027,0.00364015,0.99896761
0.98430386,0.00497228,0.00738161,0.99219515
9.56851345e-01,8.15094923e-02,5.25118676e-05,9.97965007e-01
0.94304877,0.02377517,0.02333589,0.99593357
0.93568825,0.01291038,0.04185605,0.99515205
0.99535407,0.04945741,0.05450617,0.99979862
0.93176976,0.05627285,0.06243353,0.99466049
9.77743016e-01,4.99018048e-05,9.09702703e-02,9.98559735e-01
0.94725024,0.05600507,0.03348277,0.99685966
0.9913296,0.06244918,0.00469984,0.99992324
0.9344742,0.01875375,0.00316015,0.98687238
9.03407753e-01,8.03883363e-05,4.92043076e-03,9.88687925e-01
9.01164368e-01,3.62275930e-04,3.24379240e-02,9.87958227e-01
9.15326683e-01,2.43373652e-04,6.03028751e-02,9.38702337e-01
0.98086116,0.03363933,0.05546852,0.999491
0.95149021,0.05274591,0.00157291,0.90258708
9.79447652e-01,9.97197708e-04,4.01769956e-02,9.99073999e-01
0.96970787,0.01107639,0.0220593,0.99897132
0.91348436,0.03347582,0.0109306,0.98820205
0.99149408,0.07616273,0.0041663,0.99975703
9.41439363e-01,6.14500415e-02,6.53877691e-04,9.95989171e-01
9.88362765e-01,9.94925233e-04,5.42571545e-02,9.96862469e-01
9.61543979e-01,6.10878503e-04,2.70752156e-02,9.97988938e-01
0.97000641,0.0576208,0.0285148,0.99009085
0.9983622,0.07196677,0.04355602,0.99997584
0.97473111,0.04018852,0.00416243,0.99882509
0.91122231,0.00127209,0.07821429,0.99057228
0.99510396,0.03271746,0.05690997,0.95520774
0.98786241,0.02128389,0.07678577,0.99980805
0.92271758,0.00123204,0.09424299,0.93815254
0.96898326,0.08261296,0.05622424,0.90351857
9.90015256e-01,4.55048021e-04,7.87720998e-02,9.99886141e-01
0.90419965,0.06815985,0.05138689,0.97146836
9.87220122e-01,7.40721065e-02,2.45197028e-04,9.99808423e-01
9.34104026e-01,7.29295402e-05,9.77578303e-03,9.95038242e-01
0.99296119,0.00302006,0.03998356,0.99992852
0.98620259,0.00180892,0.05269271,0.99980326
0.9680137,0.00492404,0.00201792,0.99655311
0.99358073,0.06703349,0.01147759,0.99845066
0.99646743,0.01709736,0.03500571,0.99997035
9.58087481e-01,3.63647541e-04,1.73845886e-02,9.98089136e-01
9.39665030e-01,1.68417107e-02,5.19288751e-04,9.95887226e-01
0.94854745,0.00630786,0.08285692,0.99706608
0.96100804,0.01518156,0.02590007,0.99817645
9.44273235e-01,7.13939050e-04,2.06681847e-02,9.96512070e-01
0.93621941,0.00138157,0.00100837,0.99462941
9.10707700e-01,2.78621034e-02,8.74059417e-05,9.89612170e-01
0.96823151,0.00327343,0.02932577,0.99888664
0.92570874,0.04223541,0.00633846,0.9823229
0.96382671,0.03319314,0.00164774,0.99754717
0.92014146,0.00154875,0.02614875,0.9917087
0.97623992,0.03252578,0.08633524,0.97811516
0.9381975,0.08629609,0.01467418,0.99555404
0.93371005,0.00568877,0.0012,0.99305809
0.9874641,0.01528687,0.02110752,0.99886656
0.99249604,0.09867499,0.08331046,0.98518028
0.9655971,0.00818899,0.02305707,0.99833401
0.99752959,0.0663326,0.01747281,0.99997201
9.05082334e-01,2.01652493e-04,9.08632674e-02,9.88496031e-01
0.94688237,0.07136759,0.09333462,0.96215765
0.94903574,0.04663584,0.00180849,0.9201821
0.92843607,0.04219714,0.00586012,0.99280032
0.93120841,0.03165731,0.00956975,0.99389009
9.63440161e-01,2.57092381e-02,6.44918961e-04,9.98549690e-01
0.94546347,0.01209476,0.0489267,0.99669304
9.64569910e-01,7.14080053e-02,9.48020951e-04,9.98468300e-01
0.97409654,0.00501651,0.07450232,0.99898885
9.63804329e-01,4.05862843e-04,1.32297439e-02,9.85930620e-01
0.91771271,0.0010778,0.03557014,0.966834
0.92429359,0.00362786,0.05242318,0.99333513
9.48123768e-01,5.27969569e-04,9.85978836e-02,9.96969478e-01
9.54998027e-01,3.81952251e-02,2.36650516e-05,9.91038638e-01
0.92429137,0.00877535,0.09737311,0.98057572
0.99599053,0.05899745,0.00244051,0.99960279
9.07300713e-01,1.45312030e-02,6.73055791e-04,9.89395279e-01
0.98364969,0.00169668,0.01751453,0.99972252
0.99709881,0.03361781,0.00906102,0.9995767
9.22870890e-01,2.22888948e-02,5.47591320e-05,9.93062098e-01
9.62260075e-01,5.99103113e-02,7.33280957e-04,9.97540320e-01
0.9807087,0.05610198,0.00505377,0.99961319
0.97357336,0.00128356,0.07999827,0.99926314
9.46523730e-01,2.96852674e-02,1.05506111e-04,9.96543450e-01
0.9068265,0.02567855,0.0033447,0.98950242
0.97243637,0.05893299,0.08686011,0.99900179
0.97025906,0.03483258,0.01108134,0.99905331
9.54107372e-01,8.57515047e-03,5.18756361e-04,9.97654009e-01
0.99095932,0.07727089,0.01396366,0.98663537
9.58919657e-01,2.64849254e-02,7.69978082e-04,9.97724399e-01
0.94131141,0.02009029,0.00103153,0.99578364
0.9905528,0.02659583,0.00140037,0.99990658
0.94667981,0.00253627,0.06604767,0.99681818
0.97230183,0.0192958,0.06899419,0.98492125
0.95343041,0.00881042,0.00661393,0.99753491
0.91952136,0.0041061,0.01379073,0.98470075
9.76927105e-01,1.37437804e-02,5.44733322e-04,9.97570590e-01
0.99424157,0.00211079,0.09788851,0.99996613
0.96739008,0.03642188,0.00125447,0.99874599
9.39075000e-01,2.91309612e-02,1.82808492e-04,9.60444677e-01
0.94733229,0.0092039,0.01304983,0.9739212
0.90317392,0.02082076,0.01038423,0.98641175
0.96569203,0.03243239,0.00132939,0.99476007
0.9345093,0.00374657,0.0075877,0.99511224
0.98517358,0.00787209,0.08992705,0.96115289
0.9822837,0.09151291,0.04336094,0.99668027
0.93734545,0.001515,0.02253356,0.99090689
9.82514515e-01,4.59114215e-02,8.43310095e-04,9.99282879e-01
9.84669207e-01,2.67239826e-04,6.70672530e-02,9.99757188e-01
0.99555563,0.08474096,0.03442806,0.99789121
0.95501403,0.00116552,0.01870568,0.9977843
9.01579355e-01,3.06232508e-03,3.44323429e-04,9.88121149e-01
0.99178906,0.00204943,0.08865208,0.9999272
0.94039582,0.01559163,0.00846205,0.9965738
9.27711718e-01,5.70491884e-04,7.40624039e-04,9.75894264e-01
0.9852126,0.02270195,0.00571543,0.99977331
0.99105888,0.0411918,0.06239003,0.99990583
0.94427663,0.01475705,0.00448182,0.99645372
0.93126867,0.03205976,0.01627739,0.99353955
0.95231905,0.00141142,0.00255883,0.99739741
0.97042798,0.03550423,0.00229687,0.99907193
9.83213145e-01,6.22295918e-02,2.93290112e-04,9.99694094e-01
9.33998270e-01,7.70452100e-04,3.34554262e-02,9.94642661e-01
0.94254204,0.03723679,0.0207766,0.90449033
0.96532317,0.01647831,0.01801703,0.93055592
0.92098398,0.02458896,0.00422961,0.98645876
9.88945414e-01,7.46575367e-02,6.91837251e-04,9.99858394e-01
0.91026561,0.03395239,0.00238301,0.99004784
0.99805432,0.02117389,0.05557953,0.9999917
0.99718441,0.08353506,0.00915109,0.99997574
0.99463454,0.02094167,0.01094215,0.99993939
9.23900156e-01,2.93167079e-02,3.88838069e-04,9.92829510e-01
9.37434122e-01,1.85817709e-02,8.18401679e-05,9.92517783e-01
0.96075572,0.01258989,0.00462178,0.99469139
0.99019485,0.00564349,0.03646834,0.99975009
0.91496079,0.03384966,0.01940638,0.99142495
0.96329939,0.00360866,0.0061114,0.99854712
0.99508436,0.06842671,0.01212069,0.99997432
0.90656339,0.00134083,0.09278629,0.98898892
9.21691080e-01,2.29313164e-04,7.45314199e-02,9.92402363e-01
0.9367652,0.01549051,0.0121121,0.99443348
0.9891177,0.0394865,0.04294262,0.9998409
9.16499879e-01,4.19209736e-02,4.56813417e-04,9.91089280e-01
0.9948263,0.05941908,0.01276397,0.94453402
0.97680195,0.05257784,0.00115607,0.99943543
9.61109732e-01,6.01808230e-02,1.30758648e-04,9.51685420e-01
0.98729664,0.06806011,0.0506819,0.99980076
0.91405599,0.06729686,0.04776794,0.98881878
0.93471831,0.04250109,0.0041851,0.99428528
9.72885148e-01,9.81866333e-02,3.27559510e-05,9.99220755e-01
0.96666035,0.00832052,0.00857452,0.99873906
0.96044938,0.00572963,0.03928835,0.99201521
0.91560284,0.0015446,0.02876035,0.99114368
9.85946123e-01,6.89441210e-02,4.75274262e-04,9.99791972e-01
0.97678288,0.0180158,0.00519405,0.96395361
9.48771053e-01,3.06330239e-04,4.30258742e-02,9.41971505e-01
0.91431814,0.00643911,0.00935075,0.95810707
0.98175531,0.00769818,0.03913078,0.99965461
0.99715802,0.08440037,0.01433958,0.99999031
0.98542231,0.02358371,0.00982991,0.99978023
0.932134,0.0054131,0.0052373,0.97920748
0.99781034,0.0462854,0.01028176,0.94113935
0.99327924,0.0047055,0.05830916,0.99987191
0.91739123,0.0065135,0.00957496,0.98934408
9.25654586e-01,1.42558199e-03,3.54273008e-04,9.78663772e-01
9.52397946e-01,8.11118715e-02,4.05431336e-05,9.97099428e-01
0.91820439,0.00203756,0.03340439,0.97196206
0.99756674,0.04340268,0.03906748,0.99613206
0.96150068,0.00269465,0.00559499,0.99840462
0.90685534,0.05209185,0.00776135,0.98943836
0.90627277,0.00190565,0.00102429,0.97845024
9.57352747e-01,6.20931951e-02,2.87077927e-04,9.98017631e-01
0.91617065,0.00985546,0.0039654,0.96134054
0.98519101,0.06307091,0.00865598,0.99832684
9.66098685e-01,5.94597600e-02,1.44001262e-04,9.95676540e-01
9.40827831e-01,4.19510394e-02,1.29763354e-05,9.90614364e-01
0.96764182,0.00152917,0.00930171,0.99884766
0.91536433,0.00407158,0.0020883,0.99152225
0.99356478,0.02337639,0.02242528,0.99986241
0.98992364,0.00191768,0.0659261,0.97244592
0.98382769,0.00184886,0.0925427,0.99972934
0.96254799,0.00100814,0.02878712,0.99743904
0.98163947,0.01379627,0.08257381,0.99949985
9.41662314e-01,2.55762986e-04,2.66495945e-02,9.35425329e-01
0.98764627,0.00988565,0.00501867,0.94102575
0.95084704,0.02150543,0.00361689,0.99578538
0.94049303,0.00183075,0.0243645,0.9937861
0.90739757,0.01076403,0.05210011,0.98605605
9.85847005e-01,7.77112932e-04,1.45645062e-02,9.98592843e-01
0.97238044,0.07752318,0.00500151,0.92578064
0.99384235,0.00342627,0.06581183,0.9999551
0.96575869,0.0017903,0.00413207,0.99871343
0.98316325,0.04696349,0.09017653,0.99965822
9.84237714e-01,9.46335301e-02,4.41626294e-04,9.99434510e-01
0.97141811,0.00704126,0.01506469,0.9985724
0.99204146,0.01198407,0.0300165,0.99894807
0.92173524,0.0301852,0.05687359,0.99270758
0.97322842,0.0183564,0.01245588,0.99855464
0.93099986,0.0026602,0.00413221,0.99290264
0.98376248,0.0767072,0.06805613,0.99960444
0.99836438,0.0145869,0.09397642,0.99687244
0.99617891,0.0205403,0.0450016,0.99997021
0.97960091,0.00591948,0.08019954,0.99922403
0.98375318,0.01798931,0.02558304,0.97753084
0.95285296,0.01309208,0.00572621,0.99618561
0.99188969,0.01502797,0.0207835,0.93978753
9.73701484e-01,4.08035418e-02,9.61075956e-05,9.99259527e-01
0.98510278,0.00234198,0.07280437,0.999099
0.97574395,0.01712419,0.00285907,0.9993656
0.98643822,0.00169265,0.050269,0.99944371
0.97336596,0.04470358,0.00573556,0.99872675
0.92648075,0.03759929,0.00133921,0.99333454
0.95218617,0.00908914,0.00308357,0.99731596
0.98699494,0.00269272,0.01753163,0.99982477
9.06658109e-01,1.36068789e-04,4.58553483e-02,9.87850773e-01
0.98079361,0.00177103,0.01462035,0.99226242
9.72121591e-01,8.80325517e-02,9.31250880e-04,9.99015446e-01
0.9820701,0.02445383,0.02468268,0.99919386
0.98724998,0.08548188,0.00622862,0.99982097
0.98502287,0.06303614,0.00233451,0.99958179
0.98645533,0.07620949,0.01182342,0.99981149
0.9908411,0.01268424,0.00517609,0.99991251
0.99432456,0.0558438,0.00987416,0.99994799
0.91493629,0.00240999,0.00332981,0.98934894
0.95698297,0.01818109,0.0094106,0.99798304
0.95391948,0.01369752,0.04080116,0.99766761
0.987152,0.07726239,0.00103533,0.96122489
0.98420218,0.02709058,0.00206869,0.99973163
0.94182125,0.00204503,0.01392829,0.99586844
9.36558464e-01,3.52285766e-02,4.09057710e-04,9.95329171e-01
0.96176358,0.06705345,0.01777361,0.99840504
0.93415563,0.00127863,0.00214371,0.99505675
0.9077743,0.00846614,0.00359185,0.98841036
0.99720307,0.02386703,0.05996481,0.99463926
0.99664357,0.09576138,0.00648708,0.96653473
0.99193792,0.08270038,0.02183614,0.9999335
9.64384340e-01,1.13984011e-04,5.89207497e-02,9.98476685e-01
0.99519409,0.03404609,0.00333941,0.99990586
0.9769383,0.03771568,0.01279672,0.99783353
0.90558769,0.00154648,0.00562197,0.98456775
0.93229678,0.04391027,0.00674071,0.99461312
0.99929045,0.0619893,0.07873723,0.9518155
0.93333543,0.00326688,0.00183115,0.96504508
9.54577315e-01,4.06682203e-04,3.05049491e-03,9.57784090e-01
0.99768637,0.00665588,0.09230689,0.99999044
9.36171455e-01,2.95789993e-02,1.05643618e-04,9.94095979e-01
0.96081947,0.04254045,0.01861033,0.99784194
9.70138525e-01,8.29412730e-04,7.81629429e-03,9.98839987e-01
0.99384263,0.01661099,0.09060885,0.96302005
9.53475062e-01,4.24650091e-04,9.93421674e-02,9.96951151e-01
9.83292133e-01,8.09500989e-04,8.56182916e-02,9.92310843e-01
0.9679034,0.02251765,0.03813677,0.99850656
0.97491853,0.05983579,0.06472866,0.94779289
0.96812849,0.09478751,0.0032316,0.9989091
0.99128828,0.05838917,0.00196577,0.9532386
9.79911191e-01,6.77789305e-02,6.90108959e-04,9.87213627e-01
0.91791281,0.07363707,0.00099245,0.99198955
0.99592093,0.03015621,0.03246532,0.99997824
9.50084187e-01,1.13272446e-02,6.57059166e-04,9.96833000e-01
0.98844332,0.07712784,0.09321605,0.99779828
0.97417364,0.01457213,0.01868017,0.99924313
9.88780388e-01,5.59566495e-02,6.95330255e-04,9.99864437e-01
0.99560975,0.00975281,0.0297032,0.99998031
9.26563690e-01,7.87969278e-05,3.06067901e-02,9.87624434e-01
0.98791747,0.04836933,0.07222582,0.96739853
9.10109147e-01,5.28383557e-04,4.23331543e-02,9.88270250e-01
0.90685229,0.02164106,0.04684481,0.98953954
0.96761237,0.08072706,0.04364328,0.9984222
0.99516775,0.0446976,0.08344175,0.99997602
0.92935467,0.06778473,0.01272812,0.99365662
9.37571906e-01,1.57454339e-02,5.20228365e-05,9.93205168e-01
0.98839985,0.01058415,0.01219686,0.90554981
9.19509147e-01,1.32509233e-04,3.21456804e-02,9.85678629e-01
9.79694335e-01,7.00396227e-04,6.99004411e-02,9.97953999e-01
0.99270852,0.00603246,0.01307494,0.94494338
0.98538498,0.00821649,0.03866096,0.98990157
0.97695811,0.01956158,0.05990015,0.94300944
9.15620046e-01,2.37498660e-04,2.05624888e-02,9.90395711e-01
9.15628838e-01,5.84260947e-02,4.77540755e-05,9.91580448e-01
0.94988843,0.04124179,0.01319303,0.98537424
0.90540989,0.05269955,0.01060977,0.98724244
0.99907537,0.04170206,0.08995047,0.96997165
0.99401739,0.0209334,0.03161332,0.99977398
0.9770717,0.02022962,0.04609085,0.99944744
0.92753553,0.00548927,0.06123035,0.96883611
0.98585427,0.04575742,0.01358383,0.98229526
0.90254955,0.03113157,0.02709874,0.98835838
0.98942266,0.00687368,0.0059793,0.9310785
0.95250606,0.00709896,0.07552579,0.9969991
0.97639339,0.00156745,0.00521681,0.99941546
9.80360052e-01,2.46581085e-04,5.95388582e-02,9.98980310e-01
0.98698609,0.01170188,0.05268346,0.99982615
0.9423128,0.00522583,0.00378964,0.9786129
9.69382083e-01,5.34476931e-02,1.09626333e-04,9.98991456e-01
0.98859652,0.0063467,0.01435735,0.95406814
9.10524017e-01,9.66626911e-02,3.74782233e-04,9.87264368e-01
0.99673592,0.05084002,0.00604639,0.99951144
0.97489936,0.07596268,0.0010381,0.99932745
9.78667026e-01,4.57499742e-02,1.75019936e-04,9.99522517e-01
9.41436909e-01,1.30537948e-04,6.86240520e-02,9.96144389e-01
9.75632018e-01,1.28277429e-04,4.94384810e-02,9.99374431e-01
0.99532295,0.05083225,0.00471953,0.99997701
0.99814913,0.01317631,0.05469799,0.99999436
0.99897256,0.07265584,0.02690421,0.99999201
0.99188974,0.07922878,0.00717606,0.99992999
9.25574658e-01,2.52727698e-02,2.03053231e-04,9.92752530e-01
9.23310988e-01,1.36915429e-02,5.79535452e-04,9.91955537e-01
0.97243598,0.07168595,0.00292375,0.99917312
0.9934992,0.08790373,0.03069778,0.99922706
0.93517703,0.01801902,0.01162797,0.9951976
0.99553679,0.08716068,0.01631019,0.99997933
0.98554481,0.02927273,0.01384566,0.99978472
0.95623976,0.07889078,0.0068671,0.99157194
9.62665044e-01,6.93105391e-04,1.15636231e-02,9.98494217e-01
9.22043322e-01,7.34978115e-02,7.57148282e-06,9.92690241e-01
0.92156181,0.08532417,0.0012535,0.96887808
0.94073933,0.00298616,0.01362674,0.99094669
9.34387940e-01,5.90270483e-04,1.71790938e-03,9.88282106e-01
0.95717787,0.07197337,0.00250177,0.99776705
0.99817674,0.01480281,0.0836772,0.95639311
0.98603054,0.03086376,0.04809307,0.99975882
0.92388291,0.00101228,0.03037794,0.97300656
9.82601958e-01,1.23205247e-04,8.69272518e-02,9.99644788e-01
0.96535862,0.00532639,0.0346501,0.9967811
9.51285009e-01,2.69022091e-04,2.32524726e-02,9.97384410e-01
0.96429838,0.02404714,0.02303199,0.99815115
0.99326211,0.04665792,0.00851866,0.99935512
0.99742745,0.08802893,0.00653249,0.99998994
0.99312232,0.01876419,0.00262164,0.9755532
0.94096954,0.0200377,0.01795116,0.99547801
0.96403697,0.05266901,0.00381647,0.99860988
9.62113415e-01,2.94047074e-04,1.76694169e-02,9.98450375e-01
0.98763848,0.01649724,0.01299288,0.98583072
0.92579332,0.00099733,0.00147177,0.99317553
0.99718565,0.05449239,0.09702649,0.99997455
0.99733063,0.05082175,0.06103301,0.99999283
0.90709477,0.00456021,0.002281,0.98854704
9.31874280e-01,9.06195933e-02,1.87050032e-04,9.94665102e-01
0.99399942,0.01224923,0.00715557,0.99986854
0.94027671,0.04402767,0.03227393,0.99597537
0.90885457,0.00270984,0.06999026,0.98411789
0.98998537,0.01627583,0.02843196,0.99240826
0.96668509,0.01577655,0.01859199,0.99275051
0.97508457,0.01077909,0.02433663,0.99186197
0.92197066,0.00632277,0.00245184,0.99287215
0.96595537,0.04406201,0.02821567,0.99442541
0.94675638,0.02940663,0.07618636,0.99679214
9.53887767e-01,4.99448784e-05,3.07530637e-02,9.63383965e-01
0.97963829,0.03309607,0.02957196,0.99338192
0.95803418,0.07456128,0.01345981,0.99605699
0.91571502,0.00622417,0.078676,0.99152977
0.99583141,0.00822783,0.06848453,0.99996377
0.98409597,0.01896905,0.00132095,0.99973536
0.95080114,0.01357317,0.01549403,0.98907624
0.95696053,0.00202345,0.05496171,0.93442517
0.94950177,0.0303371,0.00974977,0.99619241
0.97149385,0.02706103,0.04504164,0.96953541
0.9050076,0.02214706,0.02306123,0.97552259
0.93928555,0.01696942,0.00225527,0.99542894
0.99576826,0.06041929,0.06615846,0.99997998
9.40395087e-01,6.79577840e-02,5.56708389e-05,9.91830317e-01
0.93366521,0.00334201,0.00143257,0.99377461
0.97286994,0.0086301,0.05690308,0.90239967
0.98341312,0.00604898,0.00650146,0.9997123
0.94280189,0.01856285,0.00807065,0.99606316
0.97310605,0.06356302,0.00455915,0.9874807
0.95271856,0.02300152,0.00161237,0.99741096
0.91211219,0.00254751,0.02189906,0.98385533
9.79715554e-01,8.66196744e-04,3.75271106e-02,9.99566137e-01
0.95526044,0.06933687,0.01905022,0.9978056
0.90162028,0.00152325,0.05607423,0.97484397
0.97413217,0.00811929,0.00165442,0.99923501
0.96130849,0.00223836,0.06563017,0.90587936
0.98102425,0.08638907,0.03329245,0.99818864
0.90722404,0.00352866,0.00349252,0.98963351
0.98579571,0.01549287,0.06908766,0.99977257
0.96366326,0.01381146,0.09534795,0.99774502
9.80998543e-01,8.45672935e-02,7.01465969e-05,9.97777605e-01
9.13167330e-01,8.60127790e-02,7.96476591e-04,9.31445584e-01
0.92259465,0.00274866,0.00138536,0.99225345
9.16273865e-01,1.48074668e-02,1.60452841e-04,9.91312129e-01
0.99254589,0.00209398,0.09745367,0.99994266
0.98371025,0.00681978,0.05302738,0.99971676
0.91938345,0.01824114,0.04658085,0.98431195
0.98288485,0.02958506,0.01111957,0.99968248
0.96232904,0.0460511,0.00281451,0.99820181
0.94514939,0.03269869,0.01177902,0.99664271
0.9557719,0.01133333,0.00485357,0.99775853
0.98576111,0.03311794,0.05127323,0.99120625
0.96732323,0.0049251,0.04312368,0.99843007
0.95349697,0.00521966,0.02003118,0.99389892
0.9930633,0.00921033,0.07403216,0.99994384
0.99292493,0.0636994,0.00152863,0.99994921
9.08782739e-01,2.51572632e-02,1.01645104e-04,9.90017391e-01
0.9647233,0.00527966,0.03275,0.99864801
0.90400151,0.00209871,0.01360623,0.94000741
0.99125815,0.09705591,0.00449971,0.99991601
0.99625509,0.0123479,0.07614033,0.99900934
0.99178168,0.07237141,0.01244452,0.98597126
0.91917665,0.01374692,0.08218831,0.97461692
0.98467659,0.00348125,0.03881384,0.90211164
9.06759910e-01,4.14279172e-04,5.91794220e-03,9.89523291e-01
0.93473045,0.00380235,0.0220725,0.99331397
9.02946419e-01,1.95621562e-04,1.79152931e-03,9.86750945e-01
9.28909876e-01,8.49325993e-02,3.40270400e-04,9.93809034e-01
9.08926268e-01,8.64986879e-05,2.21223377e-02,9.87287528e-01
0.96534747,0.02602041,0.00967078,0.98134265
0.97098087,0.02273235,0.06379113,0.99911522
9.09286399e-01,9.81163043e-02,2.26645498e-04,9.90772553e-01
0.97223271,0.00870209,0.01155727,0.99916749
9.51765159e-01,4.33788377e-02,4.25864837e-04,9.96912900e-01
9.30214315e-01,3.91163659e-02,1.28249871e-04,9.90669589e-01
9.38783824e-01,1.77644140e-04,2.03197817e-02,9.89960487e-01
9.57404398e-01,3.82066453e-04,6.90701847e-02,9.95855963e-01
0.9842439,0.00164842,0.07240827,0.99877118
0.96469451,0.03605488,0.0165139,0.98803358
0.99181332,0.04394495,0.02628863,0.9999293
0.96138282,0.00246497,0.08117522,0.96815951
9.57340189e-01,6.71095252e-02,2.00978733e-05,9.15348271e-01
0.93519661,0.01780196,0.0014442,0.96905855
0.96443371,0.03600839,0.03680187,0.99860868
0.98335654,0.04679471,0.00204126,0.99812504
9.16978777e-01,3.41207245e-04,1.26125230e-02,9.91715796e-01
0.96445943,0.00150068,0.05363162,0.99802688
0.99033312,0.0032472,0.05888943,0.99520259
0.93567922,0.03286247,0.0068967,0.9952967
0.91154579,0.00113076,0.05717088,0.9906261
0.93257866,0.02476023,0.00099828,0.91260444
0.97061425,0.03050762,0.00781666,0.91352853
9.64613222e-01,1.11443571e-04,5.44055648e-02,9.98588995e-01
9.77465686e-01,8.02639125e-05,8.39826714e-02,9.83209731e-01
0.90014672,0.01697939,0.02259525,0.97843764
0.99185657,0.09016737,0.02255224,0.99934893
0.98826086,0.02109087,0.00831657,0.99960267
9.81131080e-01,5.46700904e-04,1.04774771e-02,9.93386478e-01
9.88975603e-01,8.64386352e-02,5.74635722e-04,9.99591037e-01
9.53030745e-01,2.07193036e-02,2.91151398e-04,9.97075828e-01
9.55868508e-01,7.76933263e-02,8.79614804e-04,9.87614352e-01
0.90652123,0.06949502,0.00110382,0.98943122
0.95682177,0.03891134,0.00952419,0.99642576
0.94715644,0.08956795,0.05731299,0.99132776
0.95493249,0.01674176,0.00327073,0.99697344
0.99058939,0.01462595,0.01336532,0.99989298
0.92983255,0.00436567,0.02432869,0.99296431
9.50650346e-01,4.65332257e-04,9.92804275e-03,9.97311471e-01
9.03643097e-01,4.41682476e-02,1.58373134e-04,9.86242450e-01
0.99018353,0.08025713,0.0124346,0.94564912
0.92765911,0.00727465,0.06286303,0.99344231
0.97691651,0.01667143,0.03330024,0.99930523
9.81023570e-01,8.11704618e-04,2.30098470e-02,9.99357708e-01
9.29190129e-01,5.74437338e-04,1.05597502e-02,9.66213968e-01
0.98021622,0.0019482,0.00937538,0.99946585
9.83769816e-01,8.19529223e-02,7.04680799e-04,9.99556811e-01
9.53788293e-01,6.83828933e-02,1.13386936e-04,9.85613410e-01
0.99698567,0.04307279,0.01527356,0.99989801
9.64066212e-01,2.97841009e-02,2.91974463e-04,9.98611477e-01
0.96232974,0.00106259,0.03547553,0.9926182
0.99285299,0.07253264,0.09871051,0.99380878
0.99163612,0.00221224,0.03886122,0.99988264
0.99723026,0.01875807,0.09653923,0.99998483
9.15901768e-01,8.57981795e-05,2.91692094e-02,9.88143234e-01
0.99473369,0.01453746,0.00978652,0.99800608
0.9727374,0.07238303,0.00123908,0.99851447
9.21273042e-01,4.78238881e-02,2.58619761e-04,9.13962532e-01
0.99390435,0.01676844,0.01982509,0.99993194
0.96756551,0.00273945,0.02415594,0.99887715
9.41943417e-01,1.90466584e-04,5.51104518e-03,9.96215473e-01
0.94769133,0.06249006,0.00229599,0.99695636
0.91732076,0.08685734,0.0035448,0.97830536
0.91465774,0.01105395,0.00271364,0.99136276
0.99200292,0.02547068,0.01425595,0.9637188
0.98500998,0.00196453,0.07291157,0.96827049
0.98547505,0.01963688,0.03502962,0.99969491
0.97291502,0.0592096,0.02785165,0.99920303
9.17874585e-01,7.16834073e-02,1.72368705e-05,9.92011027e-01
0.98647165,0.00674636,0.01359702,0.98742006
0.90480993,0.09471952,0.00180392,0.95996747
9.56693048e-01,7.03212041e-04,2.77938631e-03,9.97949709e-01
0.97875404,0.0747636,0.00404643,0.99178658
0.90732633,0.02839195,0.02572789,0.98779287
0.98445062,0.08774866,0.05994041,0.99902695
0.9893068,0.01383577,0.01293868,0.99978213
0.9428882,0.09521347,0.02062865,0.9957404
0.98806874,0.01536203,0.00192035,0.99984608
0.93853171,0.01396088,0.00637476,0.93463576
0.95044102,0.07730077,0.00903745,0.99725851
0.93337798,0.00453477,0.05206423,0.99490862
0.98578219,0.01324284,0.00558815,0.93886833
0.93111855,0.00558133,0.00213042,0.99451632
9.67292766e-01,6.40858784e-05,7.39661113e-02,9.97475400e-01
9.54670669e-01,7.16638013e-05,3.81554461e-02,9.96818429e-01
0.92531795,0.06248262,0.02063319,0.99033603
0.94541939,0.00254948,0.00109871,0.97388903
0.98670599,0.03719657,0.02788743,0.99981838
0.92536728,0.04242691,0.0044347,0.99360754
9.20455369e-01,4.29007124e-02,3.06225881e-05,9.91479298e-01
0.98223841,0.0240273,0.01933776,0.97621392
9.81928301e-01,2.57677634e-04,7.03407456e-02,9.98200678e-01
0.99238056,0.04988441,0.05239738,0.99993752
0.99847476,0.02097128,0.06185009,0.99996606
9.73612902e-01,7.63763829e-02,8.71578527e-05,9.99194839e-01
0.9431028,0.00314495,0.00183893,0.99632714
9.54587154e-01,5.29333320e-04,7.52127659e-02,9.43939282e-01
9.39913668e-01,2.83835017e-02,1.27902369e-04,9.86769292e-01
0.95700718,0.01235862,0.03696564,0.99768141
0.92670722,0.0206514,0.01760089,0.96513447
0.98572106,0.02046266,0.02200622,0.9519225
0.94816936,0.00139864,0.0917696,0.99629454
9.76888693e-01,1.70535827e-04,7.66700039e-02,9.94178532e-01
9.51603426e-01,8.41273423e-03,3.23246227e-04,9.96873835e-01
0.97983917,0.00107804,0.01154781,0.9995764
9.09481984e-01,1.19376161e-02,2.35778069e-04,9.89373453e-01
9.55263441e-01,6.63916182e-04,7.91571467e-03,9.96100958e-01
0.99751822,0.02628787,0.03773566,0.99999381
0.90656643,0.06689618,0.00757242,0.97021403
9.55230001e-01,7.63321910e-02,1.38654151e-04,9.97800516e-01
0.99421483,0.0616455,0.0080692,0.99996575
0.99318045,0.03041368,0.02057166,0.99993748
9.19463737e-01,6.14542265e-04,8.95422786e-02,9.92327115e-01
9.12745934e-01,1.02031643e-04,7.04267478e-02,9.89438544e-01
0.99699025,0.09007049,0.0113716,0.9999906
0.96422351,0.01581774,0.07133138,0.99862198
0.96875448,0.04933741,0.01888323,0.99861261
0.95567226,0.03159619,0.00217442,0.99784772
0.99006117,0.03963572,0.09241355,0.99989915
9.27554304e-01,6.34271176e-02,4.17020337e-04,9.93880971e-01
0.97282899,0.00438934,0.01616976,0.99896544
9.60355580e-01,1.08314785e-02,7.30563202e-04,9.98170694e-01
0.90444574,0.00286678,0.00473425,0.98833489
0.99788643,0.03822435,0.0285884,0.99868197
0.97284469,0.00378755,0.09940703,0.99453817
0.96573505,0.05161598,0.00301154,0.99874278
9.56573148e-01,1.45910971e-04,1.14154437e-02,9.81066148e-01
0.97220299,0.01121529,0.03365794,0.99917963
0.99089404,0.02357704,0.08083557,0.99923309
0.99477931,0.0251596,0.052492,0.9999575
0.96373851,0.01753215,0.00711129,0.99733464
0.97487025,0.03611705,0.00776124,0.99933307
9.67699064e-01,8.56964315e-02,3.76522147e-05,9.98398601e-01
0.98039293,0.00151353,0.04831615,0.99658041
0.97476481,0.06052219,0.0069006,0.99932216
0.99912016,0.06844666,0.06133108,0.99999914
0.98203607,0.03071513,0.01090989,0.99934822
0.91526416,0.00227825,0.03284687,0.97530065
9.40500473e-01,2.67177907e-04,4.75885542e-02,9.87925746e-01
0.97325028,0.0777579,0.0339889,0.99755762
0.9849261,0.05690466,0.04942986,0.99654909
9.25916542e-01,1.03711418e-04,5.07641357e-02,9.79845298e-01
0.99064394,0.01033164,0.05035982,0.99784439
0.99759559,0.04930216,0.03007867,0.98350939
0.95483157,0.01969893,0.03586618,0.96989193
0.99228002,0.05726767,0.04820597,0.99668978
0.93017857,0.02432715,0.0441042,0.91567498
0.97230389,0.00192198,0.01287234,0.99918573
0.93115507,0.01626024,0.00721354,0.98705793
0.95422664,0.0027445,0.00193094,0.9974427
0.90422039,0.00811871,0.00288676,0.97518041
9.34135568e-01,1.48757029e-05,3.23766231e-02,9.87412507e-01
0.99355313,0.02769173,0.05379824,0.99995789
9.16573225e-01,2.53143709e-02,2.29568072e-05,9.91602872e-01
9.08187656e-01,8.92422598e-02,4.55001478e-04,9.79295508e-01
0.93043362,0.00397682,0.00125016,0.99442668
0.98382365,0.00119692,0.01191446,0.99956712
9.35384688e-01,8.01492551e-05,5.10032103e-02,9.92746119e-01
0.90448167,0.04367527,0.00626186,0.98897037
9.05715625e-01,1.54971925e-05,8.05508846e-02,9.89154663e-01
9.72030538e-01,7.96356335e-02,1.28571281e-04,9.99050037e-01
0.9826369,0.0183169,0.02918306,0.93755212
0.94705654,0.02291553,0.02779822,0.99688289
0.97099361,0.00981363,0.00928687,0.99842214
0.99345336,0.0162862,0.06681112,0.99977806
0.90405027,0.00265074,0.00234968,0.98870553
9.52770050e-01,1.46606247e-02,3.44104229e-04,9.95133096e-01
0.98546874,0.00197013,0.0463507,0.96508093
0.96311241,0.04217442,0.00167832,0.99774796
0.97363949,0.00117291,0.01458573,0.95356799
0.99596371,0.09342644,0.02870515,0.99995799
0.91841187,0.04714658,0.00105459,0.99176245
0.9005781,0.01253469,0.02259822,0.92503595
9.09365446e-01,4.36611857e-02,7.86961488e-04,9.90162777e-01
0.91996005,0.00139827,0.00122702,0.99201383
0.98222618,0.06944623,0.00627192,0.99667804
0.99326956,0.01466516,0.05130533,0.9999347
9.26169394e-01,7.45016819e-05,1.61964784e-02,9.93667529e-01
0.96090171,0.03760601,0.02427438,0.99743939
9.50282957e-01,5.59522930e-02,6.32290619e-05,9.92631741e-01
0.94509849,0.030457,0.04167444,0.99247955
0.95678454,0.00493866,0.04856624,0.99793761
0.92355841,0.01176102,0.01910276,0.99294748
0.95746471,0.00910694,0.0955877,0.99801153
9.73944083e-01,4.56212004e-02,1.93749685e-04,9.87627017e-01
0.99205691,0.0363271,0.0066308,0.99993245
0.95358854,0.09542963,0.04400691,0.9974565
0.98113221,0.00229818,0.01107304,0.96905943
9.84768816e-01,3.60240271e-04,7.03151577e-02,9.99756874e-01
0.94431839,0.0066701,0.00604172,0.99648313
0.98531901,0.00126247,0.06373009,0.98300214
0.99415762,0.00313749,0.03667701,0.99983992
0.94588844,0.0021127,0.02694042,0.96934449
0.97348918,0.02991954,0.02742298,0.99925709
0.98845228,0.00149905,0.03402718,0.9989607
9.67393121e-01,7.11843127e-02,1.03941258e-04,9.96848630e-01
0.95884493,0.0240767,0.00219409,0.90044791
0.98351101,0.01698376,0.05847015,0.93315283
0.97906862,0.08090507,0.00122145,0.99954206
0.94606325,0.01021556,0.05193921,0.99696742
0.9668504,0.0029175,0.07662233,0.99546843
9.24757722e-01,6.11073669e-02,2.56914590e-04,9.92683322e-01
0.96823539,0.0497129,0.00362005,0.99852131
0.97237763,0.00393333,0.02826128,0.99900641
0.91261165,0.00443754,0.07879055,0.99089004
0.96604046,0.02390443,0.00474011,0.99649905
0.97616491,0.0991815,0.07135877,0.99940213
0.971075,0.01547837,0.02477562,0.9990808
0.95597006,0.01496315,0.03624989,0.99735772
9.65239281e-01,2.24011125e-02,9.77990567e-05,9.98690029e-01
0.9816236,0.00933725,0.01502769,0.99957401
0.9916235,0.00995545,0.0449764,0.99991869
0.97202336,0.00637843,0.0538811,0.9352803
9.12017967e-01,2.83290724e-02,1.69646988e-04,9.88983205e-01
9.81472475e-01,2.55785336e-04,7.21203627e-02,9.99620940e-01
0.98692033,0.02059159,0.02544481,0.99771769
0.98638018,0.0499232,0.05657193,0.99843171
0.957286,0.00173571,0.04513997,0.99801099
0.91716201,0.00560304,0.0102488,0.98796281
9.42406652e-01,6.64855106e-04,3.49577139e-03,9.96213452e-01
0.93766978,0.00444982,0.00114917,0.99520266
0.98992404,0.03377304,0.07456319,0.99956881
0.99078408,0.01315924,0.07919446,0.99892509
0.97713739,0.03291932,0.00368837,0.9994526
0.98564994,0.05423628,0.01685405,0.99978448
0.9648023,0.06176358,0.00903885,0.99865402
0.9349808,0.00365347,0.00728825,0.9806733
9.34991347e-01,4.52758585e-04,8.41198645e-03,9.91487403e-01
9.16855963e-01,6.92828979e-04,6.62337999e-02,9.91706822e-01
0.93512636,0.00132762,0.0028633,0.96787917
0.99530485,0.04329195,0.0789858,0.98724009
9.22330758e-01,4.30684356e-04,5.59104110e-03,9.63692471e-01
9.28473183e-01,6.05447675e-05,6.30925182e-02,9.35556743e-01
0.99207308,0.06485373,0.06094945,0.90134006
0.92806744,0.03097876,0.01941653,0.98975767
9.48986274e-01,2.83336299e-03,4.79536192e-04,9.70453944e-01
9.63163990e-01,7.04323579e-02,8.46324301e-05,9.98272075e-01
9.63947613e-01,7.38550416e-02,2.35002682e-04,9.92965156e-01
0.92963208,0.03078631,0.01485958,0.99430492
9.08457762e-01,5.74457102e-04,3.04998149e-02,9.79928205e-01
0.9846029,0.07247534,0.05133522,0.99970376
9.24753347e-01,4.29866542e-02,1.98942977e-04,9.93420768e-01
0.97736865,0.00359924,0.00226865,0.99881964
0.99469668,0.05629976,0.00212309,0.99991712
9.20388868e-01,2.66845540e-04,4.86798267e-02,9.92549364e-01
0.9615273,0.00396561,0.00105679,0.94568327
0.95870371,0.00413087,0.01558639,0.99794868
9.57887561e-01,3.39960600e-02,1.10778432e-04,9.96050120e-01
0.97912055,0.08532625,0.01107575,0.96289932
0.99022961,0.09218357,0.01197231,0.99961115
0.93887051,0.00868559,0.0057984,0.99558183
0.96137185,0.00211256,0.04976227,0.98518597
9.52185564e-01,3.07438176e-04,1.53596459e-02,9.97426691e-01
0.99450325,0.00189651,0.04514471,0.99717357
0.99305327,0.01656266,0.021983,0.99993842
9.57644229e-01,4.09860801e-04,6.63929858e-03,9.96244189e-01
9.36166932e-01,5.04985772e-02,1.18966321e-04,9.25544530e-01
0.99429269,0.08085686,0.00238021,0.99727669
0.98419703,0.0081099,0.00663489,0.99973968
9.33300660e-01,3.37542959e-02,7.79465133e-04,9.86713288e-01
0.98492616,0.00511867,0.00678747,0.99976576
0.9242453,0.05349017,0.0099429,0.99329371
0.9735079,0.01520079,0.00727783,0.99923466
0.99051082,0.0615782,0.05662259,0.9974881
9.61019978e-01,6.32411754e-04,5.44112184e-02,9.98065269e-01
0.99141016,0.00315193,0.03989295,0.99237855
0.98401678,0.07335451,0.03332787,0.99774063
9.04386257e-01,1.28262089e-02,4.26861757e-04,9.88936514e-01
0.95018178,0.03833645,0.01072608,0.9919161
9.60452271e-01,9.98394889e-02,2.09022902e-04,9.98220560e-01
0.91102566,0.03633776,0.024858,0.99048152
0.98429116,0.04408309,0.00237465,0.99974398
9.36331285e-01,4.81562011e-02,8.42574997e-04,9.95386663e-01
0.99175968,0.00805745,0.02637103,0.99993053
0.91683207,0.00164997,0.01513175,0.98038742
0.9551865,0.05266216,0.02041854,0.99761454
9.68148504e-01,5.44307024e-02,3.34836657e-04,9.98874989e-01
9.54321260e-01,5.48963808e-03,2.42633828e-04,9.96399092e-01
9.35184616e-01,7.94739602e-05,2.34112226e-02,9.95180629e-01
0.99281207,0.03836529,0.0038331,0.99981899
0.98889244,0.02603384,0.00845324,0.98523026
0.99352993,0.0054854,0.08925508,0.99991567
0.96645099,0.04049641,0.07398626,0.99533844
0.97352192,0.00126233,0.03226431,0.99869081
9.57094675e-01,2.46857890e-02,6.29009427e-04,9.64973662e-01
0.99861722,0.05917036,0.03471758,0.999998
0.99712989,0.07755532,0.08303249,0.99999166
9.93424240e-01,9.08743967e-02,5.40654148e-04,9.82003184e-01
0.95197028,0.01687756,0.03705523,0.99174645
0.93442976,0.00837698,0.0385825,0.99290182
0.91405701,0.01561582,0.00547231,0.95780637
0.9926335,0.01933503,0.02926676,0.99924117
0.99148569,0.04721978,0.00986847,0.99992511
0.9829053,0.04186049,0.05886602,0.99970511
0.93527202,0.00695115,0.00469216,0.99376904
0.91724751,0.0436693,0.01296629,0.99127997
0.99103886,0.07251877,0.00225402,0.99991818
0.99717738,0.05031482,0.00972353,0.99999182
0.93068359,0.05876283,0.06054982,0.99448291
0.99473675,0.00198611,0.04630976,0.99988693
0.93933518,0.00655434,0.0606235,0.9958441
0.96178096,0.00574554,0.00143617,0.99414587
0.92227356,0.01182051,0.05052745,0.97252689
9.47863218e-01,6.19973893e-02,4.48208057e-05,9.87217630e-01
9.80246969e-01,2.65036407e-02,3.92060898e-04,9.99397765e-01
9.04866684e-01,6.09687115e-04,1.92327064e-02,9.67441356e-01
9.58568475e-01,9.71431599e-05,2.67565378e-02,9.97331932e-01
9.88440884e-01,8.45237955e-04,5.00215956e-02,9.99851628e-01
0.90651715,0.01745921,0.00186898,0.9647552
0.91398315,0.01752524,0.05435656,0.98697177
0.99572155,0.06183571,0.01106978,0.99427436
0.99696935,0.09751995,0.04946247,0.99999075
9.22786176e-01,3.81144182e-06,8.44839743e-02,9.81814440e-01
0.95213394,0.07039154,0.00467426,0.99747617
0.98813711,0.07024724,0.00358886,0.9998547
9.79471348e-01,5.41686199e-02,4.16666582e-04,9.99505897e-01
0.95309002,0.00217582,0.05428966,0.92887813
9.17654900e-01,5.19700302e-02,1.79608178e-04,9.90931648e-01
9.59002773e-01,1.67936778e-02,3.83076291e-04,9.98175674e-01
9.32434355e-01,1.63236990e-02,1.87592801e-04,9.87720014e-01
0.95753697,0.00233345,0.08993872,0.99803346
0.99790224,0.04584838,0.05226443,0.99982376
9.20860689e-01,7.54073435e-04,3.14404341e-02,9.90122534e-01
0.99745537,0.09938274,0.01524491,0.99905842
0.97610648,0.00241366,0.01122881,0.99938718
0.99294425,0.02229254,0.02993069,0.99993941
0.98170334,0.01573525,0.0109491,0.9990429
0.90958626,0.05536072,0.03738693,0.99021592
9.17255172e-01,9.59949293e-04,3.55791114e-04,9.76238940e-01
0.93898949,0.00214412,0.04073382,0.97986938
0.90993098,0.05115834,0.00286703,0.98966553
9.63411055e-01,8.84627882e-04,1.81031642e-03,9.90642151e-01
0.99078258,0.00474201,0.08412274,0.98719984
0.92314214,0.01300065,0.03857671,0.99272449
0.9730832,0.03327284,0.09479353,0.98728378
9.67431681e-01,1.45644055e-02,1.72007237e-04,9.98860220e-01
0.91541111,0.00210217,0.01597774,0.99138247
9.64587516e-01,9.07458996e-02,3.80498660e-04,9.94106732e-01
0.96317289,0.0296875,0.00359117,0.97689652
0.91994959,0.00961448,0.0140227,0.99140954
0.95890134,0.02152572,0.00287274,0.90754175
0.95288325,0.00742802,0.05846296,0.99606801
0.92530307,0.00135962,0.00306877,0.99321914
0.98693268,0.00238098,0.00717134,0.99973522
0.95000216,0.00697649,0.00735571,0.99723599
0.98232314,0.0042948,0.01538007,0.99850314
0.9533037,0.09926936,0.03798418,0.99713675
0.95050186,0.08175206,0.00478889,0.99729544
9.80879429e-01,2.22643345e-02,9.12545159e-04,9.77145933e-01
0.96136892,0.03355734,0.0037227,0.99821318
0.91217018,0.07191682,0.01737107,0.99070842
9.79109479e-01,3.31913532e-02,5.29624660e-04,9.99487011e-01
0.94557186,0.09009915,0.00303229,0.9960651
0.96483886,0.04816951,0.02419745,0.91134563
0.96234781,0.00174076,0.06536481,0.99789871
0.96765784,0.09181874,0.07269111,0.9973072
0.96026056,0.00873952,0.00142435,0.99824286
0.98775945,0.01091227,0.05540329,0.9995083
0.95957321,0.04566503,0.00520247,0.99806988
0.93203665,0.09781484,0.00741653,0.99288243
9.33226851e-01,6.44433769e-04,6.31579037e-03,9.94758573e-01
0.94689436,0.09419046,0.00769667,0.97124797
0.9697551,0.02630514,0.02497012,0.99902818
0.97223716,0.00110766,0.00400663,0.99918517
0.92191041,0.00159621,0.02169722,0.99260671
9.72444962e-01,6.08609870e-04,3.01354669e-02,9.99166024e-01
0.9183877,0.06641471,0.00341145,0.99203167
9.48903565e-01,4.53902468e-04,2.33790919e-02,9.96958275e-01
0.95221121,0.00166903,0.09200209,0.99748358
0.98400697,0.02261174,0.02471995,0.99973588
9.71195671e-01,1.49939596e-04,8.02148885e-02,9.70409368e-01
0.97604951,0.06961825,0.02894862,0.91186321
0.98009654,0.00923423,0.03878568,0.99958378
0.96952729,0.02002833,0.00183806,0.96017702
0.93325275,0.09842624,0.0400079,0.99490549
0.98402075,0.04947522,0.00112327,0.99972943
0.94667111,0.04349905,0.0063427,0.95227534
0.92979895,0.00307658,0.01073052,0.99400718
0.96469845,0.04316283,0.00145231,0.9985151
0.99067843,0.00171256,0.03781,0.99975216
0.93622546,0.01676655,0.00286216,0.99255222
0.94987357,0.04816073,0.04305441,0.99683295
0.95229727,0.02444984,0.0165168,0.99290187
9.89024412e-01,8.44076206e-04,7.75110757e-02,9.99863957e-01
0.98408921,0.00500888,0.01285908,0.99973853
9.54750189e-01,2.55789989e-05,6.34729141e-02,9.86908130e-01
0.95142988,0.00261108,0.02169828,0.98104013
9.83673526e-01,6.97500622e-02,4.48001146e-04,9.99178977e-01
9.53040006e-01,7.67157941e-04,4.87574387e-02,9.97439835e-01
0.98933724,0.0935658,0.00179103,0.99962054
0.96599003,0.05862144,0.01243484,0.9900843
0.99696443,0.08603213,0.02509935,0.91659007
0.99188997,0.02171452,0.01458249,0.99961552
0.92611311,0.0558215,0.00864035,0.9929245
0.99722232,0.00827978,0.0596819,0.9902327
9.29652043e-01,2.04233920e-02,2.34851360e-05,9.94295534e-01
0.90481357,0.00143421,0.00999568,0.98875799
9.37450255e-01,1.67361402e-02,8.87238577e-05,9.95002165e-01
9.73480055e-01,1.50591030e-04,2.45266328e-02,9.99254304e-01
9.37412575e-01,6.76358669e-02,2.61860828e-05,9.89504468e-01
9.55364217e-01,5.66490716e-04,3.20603334e-02,9.97613470e-01
9.86127023e-01,3.55758277e-02,4.17233332e-04,9.99800358e-01
9.50454113e-01,7.55316083e-04,2.93406013e-02,9.97289235e-01
0.99354431,0.07009118,0.00223794,0.99995129
0.94417638,0.03106557,0.06915387,0.99310537
0.92640926,0.0025252,0.00280008,0.99372604
0.99012262,0.02018866,0.0033757,0.99989893
0.9361973,0.06800297,0.07330772,0.99537673
9.29495272e-01,9.12806780e-02,3.11635879e-04,9.91092392e-01
9.48438681e-01,3.66102324e-04,1.02689984e-02,9.96769445e-01
0.95741247,0.00117545,0.05743709,0.95743336
0.94572603,0.00688012,0.05935362,0.99653063
9.65696128e-01,5.35395721e-04,9.06540017e-03,9.98713686e-01
0.95180173,0.00743717,0.07494896,0.99696114
0.9633192,0.00154136,0.02981073,0.9981969
9.51638215e-01,3.23072792e-04,5.49169024e-02,9.41694201e-01
0.9789091,0.05656153,0.03075751,0.97019602
0.94984506,0.00178468,0.00970369,0.99721508
9.45216631e-01,9.76147196e-05,5.69058064e-02,9.96024755e-01
0.97580408,0.05266669,0.0033943,0.99938471
9.07514262e-01,3.79347017e-02,4.39510516e-05,9.89409890e-01
0.99502334,0.00463772,0.08946898,0.99995723
0.96528939,0.02320719,0.01606674,0.99867564
0.99172774,0.00497453,0.03314078,0.99990662
0.99283423,0.0801576,0.00107641,0.99990972
0.99831209,0.05166096,0.02377964,0.97927555
0.97879355,0.00332063,0.04678585,0.99952823
0.94951405,0.04503561,0.01057793,0.99713654
0.99037156,0.08866237,0.02333693,0.99810791
0.99091561,0.02423289,0.0021681,0.94622036
0.96174576,0.00184897,0.09422375,0.9983485
9.66340995e-01,4.10904867e-04,8.19700982e-03,9.28271503e-01
0.99514299,0.00504641,0.04265034,0.99893853
0.93667659,0.00628091,0.00539666,0.97411644
0.9527698,0.00120395,0.03733302,0.99652396
9.54701946e-01,2.81903174e-04,4.67149146e-02,9.97750958e-01
0.98626092,0.0200161,0.02967929,0.97021461
0.98720462,0.01375408,0.04293285,0.9939611
9.20685391e-01,4.19906882e-06,6.42179533e-02,9.84171329e-01
0.91031334,0.00220702,0.01037763,0.9561311
9.48604847e-01,8.25239849e-04,2.00221337e-03,9.89911713e-01
0.99414745,0.02420613,0.0228076,0.99993575
9.05763872e-01,1.42384808e-04,9.12788574e-03,9.82905745e-01
0.93571653,0.06085873,0.00502056,0.99434419
9.13266048e-01,4.97887321e-02,8.84378778e-04,9.60635899e-01
0.95593568,0.00858604,0.00184956,0.99773622
0.97944597,0.02141646,0.03747281,0.99930344
9.53593134e-01,9.10395302e-02,3.85336999e-05,9.86623167e-01
9.51187837e-01,1.00673058e-02,1.77944242e-04,9.78300386e-01
0.929158,0.03540857,0.08074611,0.99193812
0.93161853,0.00124567,0.01362334,0.98332974
0.94854833,0.03597911,0.001475,0.9947944
9.30926686e-01,2.45442851e-04,1.90333193e-02,9.94480630e-01
9.73363471e-01,3.21098570e-02,8.91218485e-04,9.97618747e-01
0.97279025,0.04273817,0.06011709,0.9962739
0.98808282,0.02360099,0.02000041,0.999851
9.26689944e-01,3.92882094e-04,6.56795389e-03,9.92775388e-01
0.99692436,0.08649152,0.08064287,0.99998803
9.26003474e-01,1.94538978e-03,6.20247112e-04,9.93218651e-01
0.95833013,0.00332171,0.00109148,0.98952621
0.9917675,0.00564596,0.03134637,0.99973457
0.92822455,0.03641034,0.00282772,0.98377525
0.96741889,0.00305962,0.00302457,0.99886591
0.9942571,0.00708752,0.0393452,0.99532848
9.53319730e-01,1.00645474e-02,9.86366825e-04,9.97600203e-01
0.91536464,0.05130037,0.06213469,0.97826331
0.98555919,0.00958476,0.03522439,0.99852093
0.98392058,0.01008504,0.0139231,0.97379783
9.74173005e-01,4.36554187e-04,8.84082491e-02,9.99292602e-01
0.95881178,0.03305787,0.09292033,0.99814324
0.99694604,0.00834137,0.07647466,0.99999017
9.86731073e-01,3.01836131e-04,8.39365980e-02,9.99798640e-01
0.91747011,0.00570542,0.00325759,0.9875655
0.94405493,0.00118899,0.07080911,0.9965004
0.93919016,0.0023916,0.00207394,0.99582467
9.17078792e-01,8.92547779e-02,8.28444594e-05,9.59740957e-01
0.97657791,0.00575659,0.00876973,0.99939561
9.22779242e-01,3.30794533e-04,2.28392736e-02,9.91515652e-01
9.56117255e-01,8.05564300e-02,1.23631217e-04,9.96344183e-01
0.9326177,0.00411089,0.05318582,0.99337594
0.95399149,0.0773129,0.03382413,0.99767573
0.99653846,0.01066426,0.09598604,0.99995982
0.98903644,0.07993595,0.09482063,0.99984248
9.37783908e-01,1.93406144e-03,5.49458646e-04,9.38850523e-01
0.97839958,0.02277157,0.02762876,0.9995037
0.96292671,0.0097334,0.06550167,0.99159838
0.93889344,0.03562862,0.00262719,0.99469258
0.99328371,0.00822222,0.05337443,0.99995363
0.92219444,0.09861049,0.01566287,0.9929081
0.99206815,0.06050803,0.00118234,0.99987773
0.96016127,0.00145742,0.01511309,0.9981894
9.52916370e-01,6.26385322e-02,1.10014058e-04,9.48348267e-01
0.97961673,0.01170632,0.01313511,0.9978412
9.60081273e-01,7.21072545e-03,5.68231073e-04,9.95485374e-01
0.94834774,0.01374144,0.0744247,0.9893294
9.75172881e-01,4.50162156e-02,1.04170106e-04,9.99329318e-01
0.99106481,0.04692786,0.01813345,0.99932917
9.53727202e-01,3.93021195e-04,6.40580197e-02,9.15884320e-01
9.83396345e-01,3.70385596e-04,4.50158364e-02,9.99696068e-01
9.64378033e-01,5.72551886e-02,9.96132763e-05,9.62473706e-01
0.99148829,0.03051985,0.00306121,0.99992089
0.94985878,0.00168517,0.05248536,0.99515373
0.98945388,0.01766393,0.0767214,0.99987612
9.25246830e-01,2.48131895e-04,8.42894736e-03,9.93452384e-01
0.92138208,0.00840694,0.00970564,0.99270976
0.98515339,0.01499309,0.01888572,0.9996903
0.94025257,0.0929579,0.02715652,0.99071507
0.91928687,0.02338324,0.00467502,0.91500057
0.97261766,0.02749197,0.0290624,0.99911207
0.9777555,0.00138078,0.01071352,0.99944826
0.97343469,0.02574788,0.02357859,0.99924442
0.96552552,0.00824652,0.00282986,0.99872638
9.19061209e-01,8.08021689e-05,6.80280912e-02,9.58435516e-01
0.99242406,0.00777517,0.07684506,0.99987762
0.99522596,0.03230375,0.03656529,0.90018897
0.92846455,0.03437657,0.01666506,0.9886888
0.99797875,0.0472504,0.02690358,0.99999573
9.05842705e-01,8.38809187e-04,8.14078208e-03,9.89295049e-01
9.19943308e-01,4.33967865e-02,2.77207179e-05,9.87027335e-01
0.99310012,0.00483164,0.04916041,0.99991412
0.99521027,0.02339837,0.03222092,0.999976
9.79867813e-01,8.95067893e-04,3.05441708e-02,9.99577648e-01
9.72767086e-01,1.96947241e-04,1.86090987e-02,9.99198097e-01
0.95120775,0.00665212,0.04888131,0.9957807
9.80987038e-01,2.63304815e-02,9.59557604e-04,9.98174410e-01
0.96016771,0.03777284,0.03898134,0.98664547
0.94228573,0.02163028,0.0612851,0.97196334
0.98588341,0.02095571,0.00137313,0.99979098
0.94564617,0.00289629,0.00291659,0.99668309
0.96523073,0.01484591,0.00686242,0.97564733
0.93110987,0.00731177,0.00100682,0.98676721
0.95437646,0.01590966,0.00682366,0.99737227
0.98590573,0.00161863,0.09981607,0.99954688
9.60088820e-01,4.48066437e-04,9.97838801e-02,9.90140764e-01
9.26456880e-01,1.21294189e-02,8.10520375e-04,9.67105084e-01
0.99504787,0.06141774,0.00299601,0.99885214
0.99409431,0.03367272,0.01228949,0.99993624
0.9790465,0.0541833,0.07065929,0.99334291
0.98781434,0.04315105,0.04523592,0.99975361
9.61202849e-01,2.42591658e-04,1.57313748e-02,9.31960819e-01
0.99442283,0.0667954,0.04464003,0.99926091
0.99883305,0.08748617,0.0743015,0.90405137
0.97736556,0.0870913,0.00157807,0.99945361
0.9361663,0.02087507,0.00390127,0.99534282
0.98144585,0.00201558,0.09550891,0.99830929
9.66330920e-01,2.86692216e-04,9.67687019e-03,9.98273750e-01
0.9759568,0.00787739,0.03494356,0.99937395
9.53323994e-01,4.38271416e-02,7.52205152e-05,9.97607485e-01
0.93316754,0.02532418,0.04042295,0.9946702
0.98603166,0.07838513,0.00356579,0.99979836
0.99417858,0.02397189,0.00487408,0.99996529
0.98741408,0.03919983,0.03957678,0.99879134
0.96294327,0.00791845,0.00996119,0.9942662
9.47799249e-01,1.02020590e-02,2.21150871e-04,9.69883193e-01
0.95426179,0.00629778,0.00282858,0.99675171
0.93400023,0.0052858,0.0181468,0.99459546
0.99164269,0.06073399,0.03206325,0.91147926
0.99364221,0.00323398,0.04405223,0.99941373
0.98693908,0.03822237,0.00109133,0.99942025
9.49503734e-01,1.31202823e-04,3.48766300e-02,9.97037324e-01
9.59981497e-01,5.34029369e-02,5.18678534e-04,9.98168365e-01
0.91398181,0.00115153,0.06764408,0.99109123
9.57160440e-01,4.51548171e-05,2.80397819e-02,9.97986336e-01
0.99282982,0.03406569,0.02972689,0.9999477
9.06334600e-01,8.40672368e-04,7.67237038e-02,9.87221172e-01
0.9944781,0.01209043,0.05423106,0.99996913
9.44196835e-01,1.94099624e-04,4.07416687e-02,9.95795392e-01
0.9583574,0.04075993,0.00120812,0.98156827
0.98949303,0.07352861,0.00940867,0.91624122
0.97196849,0.03155718,0.02238469,0.99844947
0.98902309,0.08986826,0.00898263,0.94468871
0.97660684,0.00436822,0.06028785,0.99910004
0.95314167,0.00220914,0.08602079,0.99756707
0.94776221,0.00762532,0.00099607,0.98051913
9.38958133e-01,4.10129409e-05,6.97490966e-02,9.95790566e-01
0.9688451,0.00283669,0.01018147,0.99218458
9.51211770e-01,1.97250267e-02,4.49921153e-04,9.97376138e-01
0.98798333,0.00992525,0.07547766,0.99985128
9.14760706e-01,7.63655031e-02,3.29486135e-04,9.88428680e-01
9.47372406e-01,3.95308708e-02,8.73825977e-05,9.73033868e-01
0.98336217,0.01290914,0.07572846,0.99949766
0.90966826,0.00815481,0.07531306,0.99005042
0.99900539,0.04393185,0.0657518,0.99996321
0.9327544,0.00745666,0.05967239,0.99382505
0.98657599,0.03921772,0.00893154,0.98716781
0.91075456,0.02610823,0.039323,0.98941027
9.14489598e-01,7.75492129e-02,1.52655210e-04,9.75101135e-01
0.98610041,0.05749132,0.06214059,0.99865272
0.98498524,0.00958659,0.07153357,0.99976763
0.9460613,0.03868028,0.09895079,0.99675425
0.99397876,0.04334351,0.01111176,0.99983058
0.97530976,0.04110298,0.09606577,0.99874325
0.9575926,0.06368102,0.0043704,0.97481493
9.89090526e-01,2.88077033e-02,6.64535735e-04,9.99767821e-01
0.92385678,0.03674644,0.00207981,0.99186552
0.9633098,0.02877159,0.0384354,0.9985513
0.91482029,0.00250564,0.03061091,0.9910879
0.99571996,0.09301906,0.0279746,0.99990807
0.98903932,0.09977546,0.08870379,0.99983428
0.99406985,0.02813212,0.03082663,0.99996399
0.94008366,0.00789741,0.00408661,0.99558023
0.98676038,0.04004752,0.00951365,0.997211
0.91994732,0.01632612,0.04246963,0.98223625
9.07054075e-01,2.48348314e-02,8.91916917e-05,9.56023208e-01
0.92169015,0.00732347,0.08376174,0.96176994
0.99589641,0.00429628,0.06934055,0.99989948
0.98859794,0.00768208,0.02473954,0.99986202
0.99228165,0.00318676,0.04021246,0.99993903
0.92864341,0.00804988,0.00126338,0.99399482
9.85005321e-01,1.16280277e-02,9.20071024e-04,9.94403396e-01
9.51289268e-01,2.77668615e-02,7.32806791e-05,9.97056056e-01
9.38113173e-01,7.56387500e-05,6.13235611e-02,9.88947898e-01
0.95977879,0.00159024,0.0142436,0.9982102
0.95900226,0.03420001,0.04420538,0.99731809
0.95500068,0.04678675,0.05678317,0.997781
0.96840465,0.05906528,0.0086772,0.99883264
0.94108391,0.00937417,0.00207447,0.99603566
0.97054681,0.02275026,0.01718057,0.99753834
0.99195768,0.04555336,0.09104725,0.9652951
0.97741633,0.00306234,0.00306544,0.99909811
0.96413502,0.0018623,0.02451608,0.98749348
9.60221848e-01,2.24085657e-02,2.36684802e-04,9.98278521e-01
0.9556593,0.00806041,0.01044067,0.99657668
0.93819838,0.03575552,0.00518924,0.99566082
0.97679305,0.06053285,0.03879729,0.99905888
0.97838708,0.02567574,0.01752062,0.9924637
0.99431801,0.01029191,0.04028067,0.99996733
9.28790276e-01,8.19515249e-04,3.64462239e-02,9.94140206e-01
0.99032355,0.06687354,0.01609003,0.99989109
9.26820839e-01,1.55458792e-05,9.38527692e-02,9.76058641e-01
0.99623906,0.08141935,0.00786861,0.99997812
0.995246,0.01061532,0.01273567,0.90706366
9.74337137e-01,5.08270476e-04,2.76024535e-02,9.99011404e-01
0.99435899,0.06393695,0.02004128,0.93471148
0.98567838,0.02510566,0.04395963,0.99827147
9.80221879e-01,2.14453676e-02,5.93156866e-04,9.92831957e-01
0.91903827,0.01091893,0.00613138,0.98712692
0.90843062,0.05216173,0.00630316,0.9899255
0.92786796,0.00298566,0.02004214,0.99399137
9.73018094e-01,8.02038752e-02,1.58915815e-04,9.97647393e-01
0.9855538,0.01687929,0.00669368,0.99973523
0.99532098,0.03656894,0.09224907,0.99970654
9.44383793e-01,4.76940538e-03,4.90158809e-04,9.57805233e-01
9.04159135e-01,6.22177847e-02,1.89964927e-04,9.88595027e-01
0.96068582,0.06943198,0.02540109,0.99753505
0.98103087,0.01391456,0.07740768,0.99943001
0.99252705,0.07007845,0.02049531,0.99854507
0.98091813,0.00116129,0.06222115,0.99912034
9.77148101e-01,8.34924894e-02,1.90954076e-04,9.99127669e-01
0.98485593,0.02735228,0.09303053,0.99973218
9.80545035e-01,6.26864785e-04,6.41648241e-02,9.81523663e-01
0.99399539,0.07083947,0.00477802,0.99994885
9.08860500e-01,7.04067160e-04,4.49663149e-02,9.29633094e-01
9.18619931e-01,3.10495333e-04,8.33739181e-03,9.88723734e-01
9.65138510e-01,2.38704178e-04,4.91634968e-02,9.98209439e-01
0.96720075,0.00856139,0.03795433,0.99881213
9.72012392e-01,7.35317043e-04,3.81907805e-02,9.90714412e-01
9.01591405e-01,2.98328552e-02,5.49906576e-04,9.88226334e-01
0.97608344,0.01693993,0.01636727,0.97902903
0.99325432,0.01397563,0.05195418,0.99995217
0.94929115,0.01145135,0.00433063,0.99714668
0.99541187,0.04233209,0.00401454,0.99997577
0.98755605,0.01586735,0.01568486,0.9631672
9.23067553e-01,2.43573530e-02,1.24696154e-04,9.92529877e-01
0.95230731,0.001232,0.08238083,0.99467695
0.92360906,0.00307566,0.00268318,0.94943535
0.95900836,0.0028455,0.09134771,0.92491015
0.96476215,0.00137885,0.02927927,0.99865956
9.29319828e-01,8.04943979e-03,7.32971267e-04,9.54716761e-01
0.99438951,0.00786867,0.02917178,0.99991437
0.97692096,0.00667244,0.09304024,0.99943124
0.98120735,0.09106597,0.04897003,0.99951727
9.77421509e-01,4.08865755e-04,3.97961497e-02,9.99461593e-01
9.06077614e-01,6.83398347e-02,1.66649917e-04,9.87161845e-01
9.49999964e-01,6.19130094e-04,3.89021240e-02,9.49149999e-01
0.98176283,0.01028543,0.02751514,0.99956318
0.99416227,0.01266201,0.00830236,0.99993854
9.30400871e-01,5.18084092e-05,2.25263236e-02,9.76916388e-01
9.55830381e-01,8.46450876e-03,1.91847755e-04,9.48341520e-01
0.9766193,0.00433719,0.02223168,0.99895777
0.98705174,0.04816052,0.0087341,0.99982141
0.91649537,0.00504938,0.00290834,0.98256366
0.97668436,0.0540755,0.00170043,0.99940498
0.9389764,0.00342398,0.09722112,0.99542951
0.92382453,0.02250215,0.07030632,0.98342611
0.99772493,0.0519236,0.01209244,0.99998824
0.98546503,0.01450779,0.04367565,0.99978034
9.67947710e-01,8.17464910e-04,4.23954178e-03,9.98524604e-01
0.99766015,0.06153902,0.01670002,0.99996831
9.50018723e-01,4.52459763e-03,7.77253950e-04,9.96747192e-01
0.91509138,0.0138475,0.0351537,0.99056213
0.95184061,0.03013074,0.00438156,0.99511691
0.96982279,0.08927928,0.05852332,0.99881061
9.18681084e-01,1.31348587e-04,6.27401684e-02,9.89968093e-01
9.56564286e-01,3.13470551e-04,1.14139101e-02,9.72498928e-01
0.99445102,0.03042227,0.01614652,0.99994647
0.99756365,0.01732186,0.06695295,0.99982779
0.98897688,0.00764849,0.04412395,0.98256658
0.98243673,0.00725819,0.06826372,0.99964128
0.97565218,0.00723531,0.07437087,0.99936526
9.04440108e-01,1.52983563e-04,4.90093382e-03,9.81135238e-01
0.9053611,0.01327253,0.00827646,0.98041024
0.99704961,0.0377437,0.04839086,0.91912738
0.99155426,0.06308319,0.00886988,0.99824768
0.95073426,0.01232132,0.01277261,0.97260088
0.92309337,0.01505353,0.00933958,0.99306526
0.95467781,0.0015927,0.04560032,0.99768886
0.99043026,0.02249293,0.01329522,0.999905
0.90313732,0.05251189,0.02114915,0.98781242
0.99426134,0.07863999,0.02334323,0.99994975
0.98924978,0.07416492,0.04252067,0.99887789
0.98440127,0.00213217,0.01051167,0.99971146
0.93042341,0.06357248,0.00217762,0.93784778
0.96409181,0.00791023,0.06373444,0.99859398
0.95171639,0.03961241,0.08429606,0.93573679
9.54436644e-01,5.19273751e-02,3.56122831e-04,9.95784907e-01
0.90247745,0.0638536,0.0012805,0.983148
0.93302932,0.02369159,0.08364561,0.9948739
0.99003715,0.01112106,0.0386601,0.99985993
9.10116459e-01,3.28569367e-02,7.81040580e-06,9.90288393e-01
0.95566793,0.00685047,0.06594152,0.97941258
0.98325394,0.07575771,0.00670927,0.99550035
0.90288525,0.00196183,0.0030527,0.95087206
0.98348567,0.02379329,0.02821602,0.99971601
9.28672386e-01,1.34856712e-04,7.99054593e-02,9.93586523e-01
0.97574193,0.08820048,0.06982145,0.98057324
9.34686789e-01,1.01004971e-04,1.31305798e-02,9.08486501e-01
9.01998974e-01,2.34669330e-02,7.05527738e-05,9.85815035e-01
0.91990727,0.0224506,0.00690824,0.97248515
0.97470973,0.00109924,0.02055,0.99932271
0.93074334,0.05384083,0.00107388,0.99313065
9.82521832e-01,1.89603975e-04,8.34839726e-02,9.99607260e-01
0.92027978,0.01379269,0.0595064,0.99252415
0.95988356,0.09104956,0.00234585,0.99825373
0.99626227,0.05478466,0.01302119,0.99998579
0.90648209,0.00571154,0.0635783,0.98944824
9.83708515e-01,4.87870603e-04,5.62339008e-02,9.99717639e-01
0.98501714,0.04497022,0.01181662,0.99963288
0.96781651,0.05996639,0.00490966,0.99881944
0.93487255,0.05959585,0.07743373,0.98455942
0.99599395,0.0066208,0.05830474,0.99997516
0.91128402,0.09193465,0.06502351,0.94160697
9.88037450e-01,5.90688637e-02,5.16360723e-04,9.99590847e-01
0.97479293,0.01294343,0.00543852,0.9992148
0.9846472,0.02716886,0.01625116,0.99975607
0.96977865,0.00561899,0.00450187,0.99493674
0.98670968,0.00966135,0.01572421,0.99980112
0.98584092,0.00344162,0.00869746,0.96524324
0.97852742,0.00169862,0.0092569,0.99917988
0.93332233,0.04596987,0.01453316,0.99407458
0.95930655,0.08442182,0.00833893,0.99559478
0.96958485,0.0019443,0.00505103,0.99901464
9.62218992e-01,5.07691315e-04,2.24145123e-02,9.83548822e-01
0.96441876,0.03277286,0.03448124,0.99628121
0.98727535,0.00285085,0.06065349,0.9998328
0.97352291,0.01204555,0.02821733,0.99924006
0.96402949,0.00101005,0.02757921,0.99118101
0.97329426,0.01993994,0.03671176,0.99923874
0.90002104,0.07839258,0.02074238,0.98138441
0.96070333,0.07147258,0.04953952,0.99798545
0.90729937,0.03446786,0.04941029,0.91347347
0.92893741,0.02877644,0.01820611,0.94141849
0.95417886,0.00117608,0.07110436,0.99269175
0.99268278,0.02615543,0.07214684,0.99957352
0.97668366,0.01514025,0.0030376,0.99942929
0.99409212,0.04673817,0.00341909,0.99976624
0.98407338,0.05464989,0.00107197,0.99973422
0.95094448,0.02698396,0.02022812,0.99605092
9.68918116e-01,1.98239077e-04,6.90880865e-02,9.76381878e-01
0.99384862,0.02865737,0.06582855,0.99733888
9.32611514e-01,2.84147206e-04,5.26207002e-02,9.94680570e-01
0.93090107,0.07782414,0.01171296,0.90978684
0.92826784,0.08709752,0.01998307,0.99414266
9.36639719e-01,6.79685233e-05,8.45638583e-02,9.83325219e-01
0.96702295,0.04758325,0.00566164,0.99585332
9.54742882e-01,6.23880278e-05,4.98433908e-02,9.97223642e-01
0.98313942,0.06283578,0.00915771,0.99970571
0.99788633,0.04490461,0.01551412,0.99999533
0.96003419,0.00831708,0.0073671,0.97477134
0.99629194,0.03405508,0.04232672,0.99994053
0.99164058,0.01817636,0.00660406,0.99289797
0.99719433,0.07617724,0.09509343,0.99997806
9.28524729e-01,1.78062256e-02,7.89324535e-05,9.93062677e-01
0.96934176,0.05247624,0.00269743,0.9989901
0.99376875,0.01307234,0.03144209,0.9999602
9.25648282e-01,4.21156309e-05,5.47929728e-02,9.88661152e-01
0.93186396,0.00137579,0.03730441,0.99317534
0.91878662,0.06162288,0.06978514,0.99206038
0.96763081,0.03675683,0.00497896,0.99820883
0.94086179,0.00187119,0.07228021,0.99580989
9.41853480e-01,6.97751908e-02,1.17052472e-04,9.94546913e-01
9.58453348e-01,5.70159213e-02,2.83937646e-04,9.97927337e-01
0.98124042,0.0114329,0.00493234,0.9996344
0.97401989,0.06250249,0.00336561,0.99928475
0.99304905,0.09567244,0.02803649,0.99303588
0.99070977,0.01035159,0.0333258,0.99946408
9.42213991e-01,1.22373882e-02,1.46025860e-04,9.95874924e-01
0.91079353,0.02216539,0.03614548,0.98922591
9.67957846e-01,9.43369681e-04,4.83304282e-03,9.87571709e-01
0.96649091,0.0913431,0.00745113,0.99879833
9.68582003e-01,5.64982296e-04,9.00015923e-02,9.98948597e-01
0.96512072,0.05431529,0.03463659,0.97823532
0.93627278,0.07195819,0.02422038,0.97405656
0.9842533,0.05819806,0.02557051,0.99938501
0.97377216,0.06232488,0.03528927,0.98082545
0.93563327,0.07948563,0.01538655,0.99338184
9.47657427e-01,2.16051220e-04,5.09110814e-03,9.80451275e-01
0.92678563,0.03332716,0.00444776,0.96867849
9.54974145e-01,8.09145010e-02,3.86237682e-04,9.96869616e-01
0.90951792,0.01300175,0.00205764,0.96874124
9.61134873e-01,5.18509281e-03,2.51155088e-04,9.40816981e-01
9.65705750e-01,4.93035299e-02,1.19309962e-04,9.68405633e-01
0.98042846,0.010451,0.03136924,0.99809386
9.04860635e-01,5.77765213e-02,9.03178390e-05,9.16411613e-01
0.995931,0.05608517,0.01627805,0.99826633
0.91324492,0.08382194,0.0017699,0.98980795
0.99219309,0.0689875,0.07696145,0.99974427
0.93928512,0.00258114,0.0045274,0.99580665
9.72705226e-01,2.21767646e-02,6.66566400e-04,9.88485543e-01
0.97457452,0.03208697,0.00288482,0.9992836
9.76055639e-01,5.24240910e-02,9.00852627e-04,9.95400216e-01
0.99054912,0.02768641,0.03109602,0.99974364
0.99028988,0.00378059,0.02816023,0.98220606
0.97211631,0.0154836,0.00114155,0.99898792
9.65264675e-01,5.80989070e-03,7.55225515e-04,9.97783927e-01
0.93707631,0.06140378,0.00729361,0.99447148
0.97928407,0.01304473,0.00528583,0.9993606
9.47318243e-01,8.73173042e-02,7.19557143e-04,9.94165039e-01
0.97081914,0.05151207,0.04915416,0.99909726
0.9581337,0.09743866,0.04499935,0.99795357
9.57096032e-01,5.27506503e-04,3.46728996e-03,9.97884418e-01
9.00908683e-01,2.12781269e-02,2.75171635e-04,9.86715407e-01
0.96235491,0.01342482,0.0042173,0.9963534
0.98011204,0.07156704,0.00828438,0.99954732
0.99204872,0.01869043,0.02788141,0.99993345
0.98223996,0.04081278,0.04323925,0.99965164
9.68846915e-01,1.67502622e-02,1.85899685e-04,9.98581023e-01
9.53214732e-01,3.84778576e-02,1.86690931e-04,9.97176817e-01
0.91897951,0.00811541,0.00732911,0.9921123
0.99216136,0.03587556,0.00540098,0.99993758
9.41713067e-01,7.23085077e-03,3.78164518e-04,9.00494368e-01
0.95693523,0.00112399,0.08956917,0.99771537
9.31703590e-01,8.58351270e-02,5.35682817e-04,9.89542575e-01
0.94923568,0.06072986,0.08008912,0.99686372
0.93551613,0.00922996,0.00943636,0.95346704
0.93349766,0.06844609,0.06760449,0.97833426
0.9051938,0.00532242,0.00282861,0.97763557
0.99326639,0.02673969,0.06577249,0.96283395
9.81303957e-01,3.61380564e-02,9.81846026e-04,9.99632353e-01
0.99284575,0.02610459,0.05537038,0.99992946
0.92183423,0.00696196,0.00414715,0.99249674
9.06870933e-01,3.72712923e-02,7.42615098e-04,9.33146980e-01
9.82348781e-01,7.48337892e-02,1.31144515e-04,9.99652976e-01
9.10839435e-01,8.31094650e-04,2.99050382e-03,9.40388845e-01
9.45710618e-01,4.37690842e-02,6.66949863e-04,9.94631706e-01
0.97785475,0.09254133,0.00792622,0.99834143
0.92893176,0.01612977,0.00223769,0.99170628
9.49953863e-01,1.72754529e-02,2.26577982e-04,9.58737794e-01
0.99364984,0.07195898,0.01754987,0.99994334
0.96048619,0.00100916,0.01885854,0.99770707
9.02474169e-01,3.04624124e-02,1.86920111e-04,9.65558346e-01
0.99380979,0.02613324,0.00215977,0.96658436
0.99317664,0.04451035,0.08722417,0.99982285
9.57013583e-01,2.12873017e-02,1.33615670e-04,9.97950200e-01
0.98525957,0.03947352,0.00100036,0.99929513
0.9770251,0.02587193,0.0723164,0.99944597
0.95800681,0.02308886,0.0188719,0.99781825
0.98690825,0.00713519,0.09873302,0.99981911
9.73916385e-01,1.20887915e-04,4.52430124e-02,9.30086441e-01
0.98788515,0.08311055,0.04628269,0.99984213
0.98659575,0.01221293,0.00250157,0.99761559
0.99367144,0.06096975,0.07232262,0.99912014
9.54538629e-01,9.80891663e-04,1.20907932e-02,9.97266418e-01
0.99062347,0.08963076,0.00177063,0.97683359
0.95098521,0.00448375,0.00378563,0.98637577
9.60096731e-01,4.95227484e-04,4.39876384e-02,9.98216031e-01
0.99283129,0.07466127,0.02364836,0.99979828
0.98084786,0.00380654,0.00735329,0.99960613
0.98932131,0.00127619,0.03772441,0.99987129
0.99144265,0.01751867,0.01101508,0.99844602
0.97192809,0.0028718,0.09266801,0.99884465
0.9646251,0.00690421,0.01803926,0.99862215
0.952523,0.00137996,0.01070003,0.98347071
0.97448085,0.00908426,0.0314253,0.98207362
0.98431549,0.01672423,0.03390718,0.99973815
9.05771812e-01,1.35720682e-02,7.20039869e-04,9.88372536e-01
9.35721264e-01,5.49917764e-04,3.70852440e-02,9.95290174e-01
9.57415492e-01,1.28564391e-02,3.19560210e-04,9.97972839e-01
0.99354779,0.02773003,0.04750655,0.99989476
0.99649078,0.05204095,0.05478915,0.9147251
0.94352748,0.00540906,0.07642558,0.99635417
9.36247526e-01,6.30531854e-02,1.71455369e-05,9.95064898e-01
9.39628531e-01,4.59287948e-04,3.52593654e-02,9.95884313e-01
0.9676643,0.00133812,0.06422264,0.91326635
9.90604502e-01,4.00513962e-04,6.23766680e-02,9.99221828e-01
0.9107364,0.01455504,0.00733261,0.98069182
9.35737812e-01,3.04032918e-02,3.04208507e-04,9.95297158e-01
9.90194069e-01,7.73188821e-04,3.01282797e-02,9.99885170e-01
9.43109360e-01,1.15198169e-04,8.99925001e-02,9.96056650e-01
9.39022765e-01,6.17282913e-02,6.76723034e-04,9.91972790e-01
9.55083042e-01,2.05611826e-04,8.11072311e-02,9.97753961e-01
0.97620031,0.00537374,0.02459981,0.99812032
0.99500773,0.03951061,0.06195189,0.92971365
9.59743612e-01,2.08839005e-04,1.51683082e-02,9.96576547e-01
0.99784847,0.01007419,0.06148045,0.98917343
0.91245826,0.06544976,0.00478149,0.99087514
0.97160449,0.00145631,0.0126012,0.99497568
0.92661192,0.00102335,0.00862331,0.96836333
9.53883295e-01,5.18959738e-05,2.27349876e-02,9.05330796e-01
9.73264143e-01,5.64464467e-05,5.68408201e-02,9.38613640e-01
0.99880415,0.08624058,0.06650647,0.99999768
0.97081499,0.00896253,0.00782136,0.99908973
9.85569841e-01,5.39768462e-04,6.95344146e-02,9.99269035e-01
9.41662627e-01,2.83677454e-02,8.19622608e-05,9.93003734e-01
0.99757562,0.03050496,0.02910073,0.99999094
0.96804605,0.04332302,0.04097947,0.99813411
0.93398642,0.00425317,0.00399083,0.99438239
0.99666678,0.08556718,0.01916212,0.99217111
9.64107289e-01,7.50164308e-04,4.82032807e-03,9.97340986e-01
0.94819925,0.09344244,0.06526612,0.99240855
0.98253118,0.00623662,0.00865233,0.99785684
9.07754766e-01,2.11288924e-04,2.07213355e-02,9.78255474e-01
9.40542034e-01,5.45867258e-02,7.35330173e-04,9.95718215e-01
9.65755752e-01,1.82957583e-04,9.89436883e-02,9.98110584e-01
0.99208365,0.05691073,0.00594028,0.9999359
0.96171066,0.07669959,0.01235577,0.99841015
9.64103082e-01,3.31375879e-04,1.09579034e-02,9.97949102e-01
9.68557740e-01,1.18736996e-02,5.17934020e-04,9.95582084e-01
0.97961688,0.00418653,0.01191855,0.99945752
9.03952202e-01,6.17581469e-02,1.40421630e-05,9.86440790e-01
0.99111424,0.03187548,0.00133233,0.99932017
9.79028782e-01,7.46406877e-04,4.23753090e-02,9.99526794e-01
9.34644141e-01,9.88556495e-04,1.05135774e-02,9.94857463e-01
0.92873198,0.00112879,0.00665419,0.99405938
0.98367303,0.08810235,0.04836601,0.99969352
0.95566147,0.01634354,0.00315121,0.99784955
9.45851084e-01,2.97140995e-04,1.92291759e-02,9.95961703e-01
0.99273394,0.01353267,0.00756511,0.99434185
9.10236424e-01,8.00148342e-02,3.31539471e-05,9.06683686e-01
9.31286989e-01,3.04945369e-04,2.47509156e-03,9.94513242e-01
0.99229031,0.07087489,0.05317077,0.99993665
0.94790081,0.01478224,0.00110671,0.99671856
0.9742839,0.01009135,0.07865545,0.99716596
0.96896792,0.04509911,0.0054224,0.99762704
0.99736112,0.01862684,0.09700362,0.96516781
9.51883790e-01,5.35783898e-02,5.22052678e-05,9.97441049e-01
0.96389357,0.00670437,0.02055238,0.99157391
0.98710489,0.02142937,0.06633037,0.99979596
0.91034745,0.00158025,0.03717805,0.94607636
0.93660756,0.00757492,0.00390676,0.99506445
9.57616823e-01,1.03071117e-04,6.66999358e-02,9.97527303e-01
0.92197707,0.00227482,0.01411532,0.98957229
9.08286059e-01,7.48565199e-02,1.69339257e-04,9.89880803e-01
0.94296816,0.00395718,0.00507654,0.94896364
0.95858433,0.06786705,0.0259587,0.99812614
0.94982488,0.00162029,0.07346224,0.99590593
0.95287197,0.01182012,0.05792452,0.99738251
9.83450004e-01,2.93404218e-04,3.05792862e-02,9.99716828e-01
9.48142266e-01,2.10036243e-04,3.50412648e-02,9.87694766e-01
0.98486164,0.00821081,0.00473921,0.99939278
0.90895268,0.00249189,0.03896378,0.98999833
0.92936075,0.02731606,0.00261991,0.98744167
0.96635951,0.04060626,0.00726818,0.99813832
0.92424727,0.00248437,0.00856937,0.98463312
0.99757065,0.02611323,0.05794321,0.99998816
0.95864395,0.00423651,0.00425455,0.99674023
9.80620763e-01,7.72587215e-04,1.75716110e-02,9.98391888e-01
0.97608001,0.01062036,0.03047058,0.99924304
9.59159032e-01,8.44004694e-02,3.18813339e-05,9.83196874e-01
9.52926463e-01,9.66080159e-02,4.23523034e-05,9.76409073e-01
9.24412512e-01,1.29886955e-04,5.80978578e-03,9.38845308e-01
0.93164019,0.00358343,0.00788793,0.98982076
0.99581085,0.00404275,0.0667915,0.99997219
0.98420464,0.00601048,0.01634123,0.94502872
0.96070166,0.00582866,0.03767063,0.99827153
0.99748178,0.0392822,0.01598943,0.99998275
0.99697961,0.06505056,0.00421649,0.99999056
0.97682818,0.00605646,0.02497361,0.99213997
0.98912098,0.07836146,0.08264762,0.99986101
0.99682903,0.09618975,0.01681081,0.99997028
9.45275005e-01,4.88950327e-04,4.24561020e-02,9.96642708e-01
9.01120727e-01,2.30105749e-04,5.38598966e-03,9.87767252e-01
9.15816663e-01,3.37284735e-02,2.06456016e-05,9.91607334e-01
9.12909700e-01,7.61432899e-06,7.19303981e-02,9.90802052e-01
0.95255291,0.00590145,0.02520816,0.99385636
0.95995919,0.07285209,0.00580943,0.99801175
0.98334423,0.01670141,0.00156447,0.99387392
0.97063681,0.00381525,0.00707352,0.99682993
0.99670565,0.08117288,0.07020189,0.99998902
0.97441833,0.02452794,0.05029652,0.99931098
0.98302475,0.00385234,0.00832075,0.98145845
0.97711099,0.00110741,0.07855704,0.99941778
0.91727312,0.00339065,0.00799534,0.9916997
0.94430986,0.03505751,0.02733071,0.99652147
0.93482333,0.00136225,0.00262868,0.99492148
9.19672124e-01,1.97368612e-04,2.18358359e-03,9.92419682e-01
0.96683852,0.04104287,0.00129652,0.99861977
0.99660139,0.02010973,0.01976573,0.99993819
0.95189841,0.02841326,0.02327319,0.99659137
0.99798798,0.03242516,0.04283183,0.99998919
0.9119439,0.01596102,0.06739909,0.98720611
9.67953002e-01,2.86845397e-04,4.78658163e-02,9.95569547e-01
0.92239391,0.02734102,0.00279376,0.99231269
0.92205385,0.05024359,0.04226713,0.99289192
0.9861075,0.08697992,0.0152157,0.99979847
0.95051899,0.08686727,0.0151703,0.9957805
0.91118008,0.00545471,0.01065668,0.97767589
9.38517561e-01,3.07126768e-03,3.76249533e-04,9.91284317e-01
0.9887074,0.02926324,0.05531678,0.99984634
9.84609216e-01,6.31364782e-02,1.38017445e-04,9.99754314e-01
9.46030873e-01,5.00061758e-02,2.55612963e-04,9.76346205e-01
9.67084986e-01,9.17750786e-02,1.09660730e-04,9.98833540e-01
0.99621363,0.01668856,0.03193817,0.99998555
0.98917585,0.02828327,0.00132869,0.99874262
9.20392128e-01,1.10106129e-05,9.26158767e-02,9.87839891e-01
0.99280384,0.02682212,0.00257881,0.99994431
0.90626113,0.01433929,0.03279688,0.96725002
0.97978195,0.05903336,0.05684355,0.99209124
0.9649226,0.07068108,0.00446648,0.99844768
9.78068080e-01,5.22128713e-02,9.10936099e-04,9.99312583e-01
9.26217950e-01,1.55762369e-04,6.97429637e-02,9.54270686e-01
0.95142973,0.01324463,0.05564774,0.9973843
9.04463149e-01,2.08560124e-05,1.18104213e-02,9.87626089e-01
0.91128051,0.05171725,0.00302192,0.99052375
9.62682452e-01,8.10774271e-05,9.75820216e-02,9.80219374e-01
0.90264891,0.07817763,0.09465301,0.98639426
9.05043258e-01,5.58497948e-04,1.73395627e-03,9.81617621e-01
9.33994795e-01,7.98314453e-03,1.14318193e-04,9.64832006e-01
9.50948108e-01,4.35084668e-02,7.74531319e-04,9.52946446e-01
0.93484692,0.00482877,0.00158507,0.97772323
0.92537532,0.01621416,0.01326906,0.99281245
0.96101032,0.00107151,0.05960359,0.90438331
0.96068756,0.01235207,0.00460654,0.99684333
9.71356232e-01,1.20798354e-02,3.04767725e-04,9.97807515e-01
0.99346372,0.00952734,0.04801731,0.95724919
0.90548669,0.00445988,0.00180664,0.98283437
9.20314403e-01,1.90595010e-02,3.75619132e-04,9.92401413e-01
0.98319311,0.00737207,0.0398702,0.99970782
0.95592048,0.00338798,0.0038716,0.9603339
0.98842628,0.02685407,0.015188,0.99983511
0.93544382,0.00131503,0.01353605,0.99255228
0.98775166,0.06387583,0.0499199,0.99967949
0.97918265,0.01053478,0.00115311,0.99045758
9.63109403e-01,4.91786672e-02,6.03535017e-04,9.96571714e-01
9.12528425e-01,8.44344858e-05,3.20683229e-02,9.90770366e-01
0.93385781,0.00125979,0.02080539,0.99496423
0.99731414,0.06571039,0.06050129,0.90000607
0.99145307,0.00983619,0.05270852,0.99951143
9.32604025e-01,4.22064232e-03,7.91682314e-04,9.94802679e-01
0.99681156,0.02381036,0.06576592,0.99245217
0.92852594,0.0009977,0.01078046,0.99347659
0.96182285,0.06983192,0.06929483,0.99842446
0.95523381,0.0243161,0.00125107,0.9476246
9.40195688e-01,1.34094470e-02,6.42845736e-04,9.95490981e-01
9.56658094e-01,1.29862422e-04,2.10800541e-02,9.73749968e-01
0.99697806,0.09461758,0.00562835,0.99953806
0.97665574,0.0848909,0.00273327,0.99835549
0.96152558,0.01136314,0.08930187,0.99825565
9.38023194e-01,2.12393523e-04,5.96712806e-03,9.95318644e-01
9.77377909e-01,2.13126963e-02,7.28428352e-04,9.99320592e-01
0.98620166,0.00713561,0.00997823,0.99962241
0.98668006,0.00117805,0.07493925,0.99981557
0.99317208,0.0633432,0.00649671,0.90981243
0.92862338,0.00344953,0.06773574,0.92226752
0.90336836,0.03702234,0.05063825,0.94820061
9.68268364e-01,3.22473238e-02,4.54694253e-04,9.98913612e-01
9.05455913e-01,4.89620377e-03,9.11501802e-05,9.88120626e-01
0.91155587,0.00243216,0.00292572,0.99067287
9.47217384e-01,5.65629493e-02,7.81684940e-04,9.96774860e-01
0.98202593,0.08818042,0.08842867,0.99964258
0.93689128,0.0023765,0.00710557,0.99547969
9.59584485e-01,2.94349691e-04,7.71179853e-02,9.97940089e-01
0.98742212,0.00682779,0.00695449,0.99981188
0.98499783,0.00337885,0.02225338,0.99960644
0.9510839,0.02793885,0.00656776,0.99722726
0.96522131,0.0048725,0.04345155,0.99827244
9.00349355e-01,2.12772803e-05,7.84464163e-02,9.80681595e-01
0.90355925,0.06335521,0.00116579,0.90783404
0.91071214,0.02965601,0.00895163,0.99002391
0.90773007,0.02166114,0.00119245,0.98974332
0.90671941,0.00449826,0.00337938,0.98620026
0.96145074,0.0141718,0.03273309,0.99769398
0.99391483,0.0604609,0.00677275,0.99995599
0.94828782,0.0018381,0.00455468,0.970639
0.92989984,0.00618825,0.01592865,0.99439152
9.42529915e-01,7.90513371e-02,1.13041095e-04,9.79689424e-01
0.90878554,0.002319,0.0357096,0.98271183
9.45679704e-01,4.78396536e-05,3.09322046e-02,9.96698863e-01
0.95317561,0.00816866,0.04326893,0.99489606
9.70853001e-01,1.34399614e-04,8.25837717e-02,9.97756009e-01
0.99419594,0.0062316,0.04890335,0.99805438
0.98963398,0.00436437,0.02817442,0.99936175
0.93784842,0.05350265,0.07348565,0.99477463
0.92788313,0.00346042,0.00285207,0.99377159
0.90927475,0.00555307,0.00637283,0.98211331
0.98437685,0.05254685,0.01789808,0.99962974
0.99109238,0.00213839,0.03203951,0.999868
0.9197269,0.02440572,0.01184379,0.99243883
0.95892383,0.0145026,0.00164482,0.99677856
0.9602495,0.05407342,0.08812241,0.99828926
0.9909004,0.0060285,0.01643604,0.99991568
0.92011622,0.00414265,0.00916082,0.98871524
0.96938297,0.01096835,0.04657435,0.9989823
0.98647189,0.0589457,0.09449365,0.99980871
0.91273939,0.01705522,0.04147999,0.97342371
0.97864968,0.00756111,0.01375897,0.91709811
9.71880007e-01,1.84266468e-02,1.94544394e-04,9.76725650e-01
0.92004729,0.00322459,0.01273884,0.99143636
0.97156318,0.04571324,0.03108916,0.99738365
0.9108526,0.00354533,0.00242391,0.9883379
0.92381397,0.00128126,0.01101742,0.98366196
0.90591118,0.00274735,0.00862944,0.95866134
0.98437296,0.00864476,0.02951812,0.99922067
0.97617411,0.06847298,0.0010449,0.99826099
0.953137,0.00643003,0.04744067,0.98942547
0.99677014,0.05793343,0.01224209,0.99998943
0.93772755,0.04452166,0.04950882,0.9953882
0.99924067,0.06690438,0.07367458,0.99993941
0.9341681,0.08092849,0.00283904,0.99503097
0.96265205,0.03860157,0.09605103,0.9981065
0.93199999,0.03370979,0.00941161,0.99138668
0.94795214,0.00669428,0.0101054,0.99291071
0.95595723,0.03993294,0.00308702,0.99482014
0.94099027,0.01095645,0.06549929,0.94789398
0.91389767,0.0016178,0.06392298,0.99119458
9.50115725e-01,1.27521825e-05,6.57678597e-02,9.96164793e-01
0.98390397,0.01479442,0.02897983,0.99973076
0.98020784,0.00286955,0.0616714,0.99958352
0.98749211,0.08585832,0.0936576,0.93794744
0.99813018,0.02742488,0.02116055,0.99999073
0.95776103,0.0122725,0.08776399,0.99804156
0.9187466,0.07178716,0.00243703,0.99103684
9.80818497e-01,7.30528073e-04,8.91653526e-02,9.98809447e-01
9.45495370e-01,1.67738643e-04,1.93666341e-02,9.96641922e-01
9.18105361e-01,2.04760512e-05,4.42089087e-02,9.92085947e-01
0.91817912,0.00739205,0.04463263,0.98904857
0.92294431,0.08061674,0.02274201,0.93601026
0.95916261,0.09596187,0.0356638,0.99815333
9.79747558e-01,2.75343431e-04,6.72615759e-02,9.99558066e-01
9.30663435e-01,6.00456158e-02,2.39172438e-04,9.62440968e-01
0.99552378,0.08017158,0.07358976,0.99997881
0.98913229,0.0074616,0.00448339,0.99987909
0.99740565,0.05809395,0.02117208,0.99900956
0.91744093,0.00706064,0.00164913,0.9862295
9.80544318e-01,4.52339807e-04,2.81371865e-02,9.99576187e-01
0.9229609,0.06289453,0.02616609,0.97245645
9.79322040e-01,5.99404415e-02,3.58004881e-04,9.99144987e-01
0.99539052,0.0609987,0.02971232,0.99997842
0.99665,0.05905386,0.0075047,0.9787984
0.97167821,0.04488556,0.00370759,0.98012322
0.99655117,0.04581449,0.01536415,0.9997925
0.99281624,0.06574529,0.03074747,0.99866567
0.94220397,0.0201083,0.06368394,0.95524627
9.85367522e-01,4.58936003e-02,7.85480610e-04,9.75027576e-01
9.68753686e-01,7.02401195e-05,5.25571316e-02,9.98695139e-01
0.90245654,0.00404616,0.06247169,0.97133616
0.9657285,0.07443327,0.02721377,0.99600557
9.51032648e-01,7.27886985e-05,4.01575849e-02,9.97287301e-01
0.98490302,0.03410607,0.05138468,0.99966929
0.973615,0.04291189,0.02487622,0.99788921
0.98996718,0.01940114,0.03254382,0.99926468
0.98317153,0.07494976,0.00364832,0.99970939
0.92885506,0.07807077,0.00110965,0.96556697
0.91313937,0.00373313,0.01956453,0.95548606
0.99909959,0.07816905,0.03489442,0.99999872
0.99914581,0.04317118,0.0801024,0.99999918
0.99014197,0.0316592,0.00367405,0.99964607
0.97239891,0.0150898,0.01082768,0.99902119
0.99662749,0.03739419,0.02215227,0.99998676
0.99590112,0.02294441,0.03536937,0.99983168
9.20114815e-01,1.23160950e-04,2.23488339e-02,9.92431845e-01
9.09029292e-01,2.12163894e-02,7.69015779e-04,9.89196352e-01
9.35673624e-01,5.60934805e-02,3.28932290e-05,9.95101034e-01
0.9691626,0.04884212,0.00271017,0.99897367
0.97610098,0.00190702,0.00615852,0.99935214
0.99174573,0.02128546,0.07529198,0.99993073
0.93623716,0.00126024,0.01830764,0.97246238
0.92372615,0.05382103,0.02456874,0.99547848
0.97620789,0.00216344,0.06361733,0.99736193
0.98147489,0.00582823,0.06485738,0.99963932
0.99136582,0.01965631,0.07564566,0.99989813
0.97157146,0.04811348,0.00436723,0.99761503
0.99613923,0.0066695,0.09727826,0.99998389
0.93752321,0.00422605,0.00108091,0.99407182
9.49919068e-01,3.69166388e-02,2.72657614e-04,9.97168626e-01
0.99741698,0.04993466,0.04728096,0.95543661
0.94897628,0.0055223,0.00928438,0.99668492
9.60434803e-01,8.51577887e-02,2.70392516e-04,9.65195437e-01
0.92772343,0.00262248,0.02615882,0.99163528
0.92335955,0.02020088,0.00137111,0.97015306
0.9155711,0.02244416,0.00425846,0.99037556
9.68558682e-01,3.52436509e-02,6.28488807e-04,9.88269851e-01
0.91158818,0.03457057,0.02323046,0.96729057
0.97484128,0.04805293,0.01728659,0.99933227
0.96201597,0.00137912,0.09709281,0.99326807
0.95238774,0.08474665,0.0044757,0.99602772
0.99297716,0.03653493,0.01811703,0.9999006
0.95351829,0.0276757,0.03645844,0.98462987
9.09385849e-01,4.30883024e-03,1.63890864e-04,9.74647002e-01
9.67960673e-01,9.67873557e-02,1.86953019e-04,9.98721141e-01
9.69998606e-01,6.77732592e-02,3.01426025e-04,9.98206810e-01
0.93599346,0.00168613,0.04974644,0.99502183
9.19077477e-01,5.04841381e-02,7.44842487e-06,9.73927206e-01
9.39024367e-01,2.46734746e-04,5.80173809e-03,9.86418515e-01
0.90858499,0.08044006,0.00717199,0.98997917
0.96223174,0.04535674,0.0252119,0.99845507
0.94727254,0.01098154,0.00462024,0.99581651
0.93095689,0.00591141,0.02497762,0.9899135
9.36923529e-01,1.44128025e-04,2.00234769e-02,9.91610143e-01
0.95539172,0.06196466,0.04188205,0.99781827
9.10806865e-01,2.69167396e-05,4.04114055e-02,9.90321242e-01
0.97198458,0.00317006,0.02883589,0.99907503
0.99499379,0.02750841,0.00857618,0.98399341
0.92416508,0.00897999,0.00244166,0.99332332
9.06083881e-01,6.52138532e-05,5.42210026e-02,9.82336165e-01
0.99078553,0.07743979,0.01914074,0.99881666
9.10698966e-01,8.22215449e-05,7.69594537e-02,9.90462075e-01
0.98386076,0.01704635,0.00242726,0.9951157
9.64334134e-01,9.69522811e-02,6.68299548e-04,9.98603104e-01
9.45432338e-01,5.05992159e-02,1.86355148e-04,9.95996834e-01
0.97340395,0.00315574,0.01831118,0.99826262
9.58841223e-01,4.50971362e-02,5.14636566e-05,9.97977255e-01
9.24581871e-01,3.29945769e-02,6.13368011e-05,9.92849678e-01
0.98524906,0.0016855,0.01070889,0.99977523
0.91475629,0.00130513,0.00184266,0.9913295
0.99359968,0.01913385,0.01110495,0.999952
0.90979689,0.00099114,0.01710865,0.98927488
9.26068201e-01,1.74644184e-02,4.82923874e-04,9.93455320e-01
0.96138036,0.00393744,0.02900551,0.99708452
0.9962913,0.04609756,0.00959357,0.99970578
0.99216989,0.01874978,0.05340248,0.93757234
0.94651469,0.09805173,0.01118837,0.93871246
0.98925713,0.00362038,0.02088176,0.99987771
0.98188823,0.08304301,0.03838429,0.99966563
0.93477853,0.07120751,0.09842889,0.97995253
0.98151886,0.00302814,0.07400619,0.99964266
9.38198100e-01,2.27841057e-02,2.84163919e-04,9.73793333e-01
0.99762628,0.05461512,0.03289388,0.99988727
0.99654537,0.09020842,0.01605774,0.99996486
0.91431374,0.04834659,0.01710538,0.92360244
0.98712287,0.03499728,0.00128001,0.99982493
0.97228306,0.04167674,0.01795267,0.90799088
0.96497377,0.00629635,0.01396513,0.98187582
0.94654856,0.02223798,0.00106412,0.99664605
0.99780465,0.08914832,0.08883643,0.99999512
0.97753533,0.04839749,0.04551715,0.99924753
0.91929533,0.00686612,0.04290653,0.99235189
0.90077644,0.06585875,0.01690623,0.94821661
0.97150787,0.05142588,0.00244419,0.99909045
9.69204213e-01,4.85164750e-02,5.54546115e-05,9.88841484e-01
0.97899869,0.0473508,0.01227508,0.99952432
0.96547312,0.00874744,0.00576532,0.99872025
0.99437596,0.05357654,0.01306445,0.99996719
0.99494226,0.08901404,0.02387192,0.99996634
0.99246721,0.0049565,0.0698765,0.99994237
0.91426931,0.01166444,0.01962534,0.99069867
0.93722226,0.00108103,0.00638362,0.98084222
0.92348329,0.01332862,0.04431083,0.99299405
9.13612444e-01,8.79480162e-02,2.84255496e-04,9.25851407e-01
0.99810395,0.020004,0.04537181,0.99902023
9.25336781e-01,6.81255684e-04,2.13882298e-02,9.90758225e-01
0.97095176,0.04178378,0.0021954,0.99903613
0.96515761,0.00101181,0.08521045,0.99865062
0.96203222,0.00228669,0.08127023,0.95682673
0.9449403,0.00697283,0.02040025,0.99661595
0.95549331,0.06741203,0.00152494,0.9954543
9.33441711e-01,3.96224458e-04,3.88244745e-03,9.58464280e-01
0.96536016,0.0244606,0.01426058,0.9984079
0.96970642,0.05878228,0.07782741,0.96062199
9.73522681e-01,2.90049866e-02,5.92606625e-04,9.99259698e-01
9.63574797e-01,8.77601058e-03,1.72819465e-04,9.98502100e-01
0.95999436,0.00481915,0.04132969,0.99364044
0.92545266,0.00221146,0.00212804,0.98853975
0.96908945,0.00596093,0.04063607,0.99837018
9.57673576e-01,4.16991242e-04,2.99174506e-02,9.97927478e-01
0.97853195,0.00801289,0.00448682,0.9993599
9.61210443e-01,1.26278970e-02,7.84466180e-04,9.97594532e-01
9.37876129e-01,9.26589286e-02,7.21803330e-04,9.95268697e-01
0.93412934,0.09186652,0.00100079,0.98881687
0.9973515,0.04945654,0.0180902,0.99999158
0.92035711,0.01681731,0.07090239,0.992567
0.94148288,0.00304211,0.00816965,0.98806379
9.58074663e-01,6.47934714e-02,8.10154145e-04,9.98032258e-01
0.9791529,0.00183639,0.04484112,0.99921822
0.9159841,0.06750645,0.00129479,0.9911989
0.99536118,0.06031171,0.01266563,0.9998673
0.99877838,0.08755925,0.02790587,0.96541166
0.99208439,0.02468235,0.00396582,0.95912099
9.82231115e-01,6.17641440e-02,4.52923447e-04,9.99667227e-01
0.98188896,0.05079976,0.05994925,0.96556363
0.9419901,0.02147844,0.01000306,0.99597002
0.94626895,0.02048051,0.02363437,0.99575819
0.98026409,0.00322055,0.03361879,0.99890567
9.34830914e-01,2.56666526e-04,2.76255060e-02,9.94632693e-01
9.07713936e-01,2.90530772e-02,8.12288768e-04,9.86785279e-01
0.97717743,0.01198203,0.02667061,0.98309486
0.94179105,0.0641344,0.00155817,0.97385513
0.99281834,0.02457188,0.00844355,0.99994755
0.98073011,0.02162451,0.00806786,0.99961405
0.98564869,0.01735673,0.03049307,0.99973857
0.99313496,0.01798129,0.00645689,0.99995081
0.99863598,0.05260102,0.08803821,0.98710078
0.92483777,0.0319317,0.02944753,0.99329813
0.92332845,0.00899362,0.09632161,0.92265828
0.9222132,0.02135838,0.00674735,0.92354532
0.93832175,0.00505183,0.00145892,0.99569272
9.16653724e-01,3.69814607e-04,2.36750324e-02,9.91544004e-01
0.92735669,0.00374221,0.04946126,0.99327193
9.70668805e-01,4.67120889e-02,7.79322213e-04,9.77058820e-01
0.97705348,0.00406725,0.01251934,0.99938443
9.08565260e-01,8.87121913e-02,1.49860115e-04,9.74005712e-01
0.99097942,0.0217646,0.02095809,0.99991683
9.18034175e-01,6.41549928e-03,1.74730205e-04,9.91712885e-01
9.72830533e-01,2.73584523e-04,2.11446233e-02,9.99208949e-01
0.97443683,0.08475762,0.0023978,0.99921728
0.9974648,0.01276684,0.07343824,0.99999345
9.79712278e-01,3.87444600e-04,7.96740794e-02,9.89121230e-01
0.979879,0.02697205,0.01364078,0.99398636
9.29721047e-01,2.34871394e-02,7.89620684e-04,9.94057525e-01
0.99255536,0.029201,0.03917147,0.99364905
0.99619296,0.09433353,0.01751541,0.99993675
9.74659541e-01,7.33262876e-02,4.72007198e-05,9.99322412e-01
0.91027304,0.00144661,0.04440318,0.98940786
0.9813661,0.05375321,0.06082755,0.99607191
0.92946277,0.07860722,0.00446623,0.91136024
0.91889646,0.01322118,0.01063562,0.99215082
0.98385248,0.03004296,0.03128659,0.99972457
0.93608959,0.00583255,0.01524953,0.97631161
0.98564444,0.00572823,0.00466711,0.99948104
0.99290756,0.07186506,0.04335408,0.97857092
9.77795763e-01,9.29215136e-04,1.55782198e-02,9.98292014e-01
9.03669683e-01,3.13340123e-02,6.19926679e-04,9.88696192e-01
0.91524848,0.08435063,0.05759918,0.98642733
0.99242218,0.02376869,0.02373693,0.99935126
9.60436114e-01,7.59257706e-02,2.88121901e-05,9.85450357e-01
0.99405388,0.0381235,0.03418752,0.99941649
9.73541609e-01,3.63667070e-05,7.54611833e-02,9.99061243e-01
9.93647285e-01,7.23009801e-02,8.18176498e-04,9.95595069e-01
0.96827861,0.00290267,0.00990243,0.99652576
9.54928356e-01,8.53147035e-02,6.14886982e-05,9.96064015e-01
9.66883478e-01,7.39734859e-03,5.21841526e-04,9.97746287e-01
0.94171965,0.06206179,0.00189905,0.95286056
0.9388946,0.09341617,0.00334168,0.99532469
0.97292565,0.04161746,0.00183357,0.99907697
9.63971080e-01,4.09791962e-04,4.13801645e-03,9.98458311e-01
0.92889895,0.00127408,0.03713368,0.98111549
9.35243322e-01,6.13701229e-02,2.39321637e-05,9.48697244e-01
9.10198985e-01,8.77376238e-04,7.33332463e-02,9.89763904e-01
0.93519837,0.04136271,0.01164809,0.99396336
0.94829408,0.00707999,0.06858298,0.95980883
0.96772809,0.01610642,0.03746562,0.99849015
0.92696243,0.00148477,0.00120589,0.98817793
0.99489472,0.00704684,0.04767028,0.99997231
9.30606528e-01,3.03493606e-03,6.19685216e-04,9.90142899e-01
0.96585766,0.00167246,0.08978042,0.99847533
0.98999387,0.04028751,0.01241181,0.99905574
0.98228893,0.05921881,0.02640041,0.9996748
0.95791181,0.00273478,0.03402721,0.99199425
0.94921766,0.01681408,0.02534937,0.97037372
0.96043755,0.06193444,0.00715544,0.99809335
9.25923670e-01,7.38593465e-05,4.74286802e-02,9.93611134e-01
9.07415092e-01,7.92673428e-02,4.82760084e-05,9.82374012e-01
9.60068309e-01,3.72528933e-04,2.05079788e-02,9.98261598e-01
0.90841096,0.02244594,0.0046835,0.9782086
0.95571362,0.03581423,0.0793369,0.99785152
0.98123843,0.00472301,0.0051612,0.99963186
0.98827592,0.07818849,0.03764793,0.99985799
0.95083014,0.04741786,0.0088712,0.99732524
0.98493669,0.03943812,0.09931071,0.99952922
0.98221565,0.00386826,0.01289962,0.99780882
9.71795530e-01,7.18888156e-05,9.47664502e-02,9.99152043e-01
9.24547267e-01,6.85098648e-04,6.16964601e-02,9.93601545e-01
0.92825138,0.00413091,0.0013489,0.98375987
0.99371983,0.03418501,0.06858933,0.96704737
9.27751822e-01,7.99335289e-02,3.32040029e-04,9.93917999e-01
0.97406413,0.04058289,0.07102213,0.99357445
0.96061382,0.01366113,0.00909285,0.99826691
9.35582287e-01,1.57972506e-04,8.90791342e-02,9.94671134e-01
0.95820181,0.00352226,0.0028226,0.9704316
0.98658771,0.00259305,0.05935848,0.97880568
9.29057381e-01,6.43172752e-02,1.87899712e-05,9.92559424e-01
9.61948409e-01,5.93030019e-05,4.43364620e-02,9.97501759e-01
0.97888648,0.00783003,0.01450523,0.99952127
0.91182763,0.04762561,0.02194384,0.99052086
0.92562811,0.00578094,0.01212524,0.97836155
9.91876494e-01,6.08617194e-02,8.76754477e-04,9.82566597e-01
0.94445138,0.05270156,0.05996441,0.99641802
0.99826589,0.05083967,0.04876515,0.99999409
0.97890786,0.00375066,0.00272149,0.99953348
0.96058773,0.0032359,0.080044,0.99830707
0.9960606,0.0147978,0.05769123,0.99998401
9.84394200e-01,3.46305416e-02,4.45336893e-04,9.99643897e-01
0.97467132,0.08672803,0.00713185,0.99929298
9.21267077e-01,2.20913575e-02,7.65616227e-05,9.92550270e-01
0.99604536,0.01507224,0.06914682,0.9920887
0.97339496,0.07723223,0.02993095,0.99843971
0.99694908,0.02495488,0.01488841,0.99999059
9.75669936e-01,2.43740880e-04,1.91961021e-02,9.99266317e-01
0.96735091,0.0216961,0.01496858,0.9976694
9.31818447e-01,3.46174901e-02,7.30768101e-04,9.92239943e-01
0.99444884,0.09562266,0.00286044,0.98869177
0.96290607,0.01037082,0.00252456,0.99841373
0.95255229,0.00500891,0.05656502,0.99608603
0.98401868,0.07878353,0.07623518,0.99972494
9.47870518e-01,7.74401678e-04,8.92003393e-02,9.27976666e-01
9.63958716e-01,3.91510643e-04,9.23947892e-03,9.85266008e-01
9.82171937e-01,1.65230597e-02,9.11324367e-04,9.90319757e-01
0.94442231,0.00250817,0.00636118,0.91533611
0.97406151,0.00181452,0.07193461,0.98118224
0.99517112,0.0885733,0.00410112,0.99997628
0.91999398,0.00345708,0.00550938,0.96445085
0.97640564,0.02416868,0.06463504,0.99707717
9.33754341e-01,8.11520940e-02,3.64601482e-05,9.94962003e-01
9.23741679e-01,3.73495452e-05,5.61138973e-02,9.93199846e-01
0.9718649,0.03121748,0.02060949,0.98312611
0.95013741,0.0481924,0.06802555,0.98664627
0.92830532,0.00393779,0.03767315,0.99406976
0.94218598,0.02938509,0.001774,0.99521313
0.97300592,0.02869614,0.02140703,0.99196248
9.69727373e-01,7.63181548e-02,1.40288312e-04,9.99026321e-01
9.35562261e-01,2.84561790e-05,5.08017745e-02,9.95277468e-01
0.92831275,0.01422233,0.00285283,0.99340781
0.99868834,0.07886977,0.01573584,0.96911833
9.38327741e-01,1.30515901e-02,2.35633240e-04,9.92301146e-01
9.70129195e-01,1.45078898e-04,8.31927831e-02,9.97746327e-01
9.23963522e-01,3.55188674e-02,1.37367421e-04,9.75208784e-01
0.99411546,0.00441675,0.04847394,0.99978975
9.71423928e-01,6.33772192e-05,6.77595435e-02,9.98642066e-01
0.96469258,0.02312825,0.05985041,0.9983017
0.99643304,0.06023466,0.05861885,0.99912349
0.98860083,0.00804217,0.02329519,0.9996864
9.64248806e-01,9.69677051e-04,2.22581176e-03,9.97876834e-01
0.99308398,0.05245859,0.05848254,0.9466874
0.99719832,0.01349122,0.0991521,0.99983433
9.87413989e-01,4.12807106e-02,6.00174404e-04,9.91438318e-01
0.94190118,0.02007615,0.00403873,0.99620824
0.92585184,0.01210099,0.06289994,0.99087844
0.93247211,0.07485135,0.00918467,0.99478295
0.98870505,0.01382015,0.04717106,0.99907625
0.9856284,0.0056888,0.01925384,0.99853492
9.69657504e-01,8.00500759e-02,4.71822216e-04,9.87658115e-01
9.29113618e-01,1.28218153e-04,8.07847534e-03,9.94206260e-01
9.10767016e-01,2.25787906e-05,6.59172318e-02,9.89485419e-01
0.95744063,0.00112094,0.04999636,0.9979991
9.58760426e-01,2.55326421e-05,9.64544141e-02,9.98141618e-01
0.97893119,0.00982472,0.03621875,0.98383599
0.91340579,0.00740159,0.09210811,0.96661442
0.9588106,0.01631111,0.01000622,0.99798953
0.97418808,0.07608674,0.01807768,0.96954436
0.94180361,0.00427133,0.07055318,0.99619444
0.98813822,0.00983356,0.02734348,0.98662072
0.98666544,0.00565918,0.0234919,0.99771887
9.55428003e-01,5.46824264e-05,9.25400059e-02,9.93798805e-01
0.91014856,0.03096618,0.00519447,0.94942486
9.41585530e-01,2.31436865e-04,4.23659173e-02,9.85729936e-01
0.95034164,0.05039802,0.00987926,0.9020801
0.96328961,0.07041108,0.00157338,0.90162529
9.18682850e-01,2.97529759e-04,3.79738644e-02,9.92218926e-01
9.83430575e-01,3.18705883e-04,3.63925889e-02,9.82433085e-01
0.92160528,0.00285928,0.07763033,0.99162627
9.48038796e-01,1.07313182e-04,3.76345952e-02,9.93398277e-01
0.90119572,0.00418242,0.02825097,0.97173543
9.72950461e-01,2.51355388e-04,6.23085341e-02,9.93549735e-01
9.22416107e-01,8.77653427e-03,9.21769151e-04,9.68972059e-01
0.97698985,0.06983843,0.00327841,0.99699915
0.9457535,0.01647601,0.04969311,0.99664617
0.98044085,0.02119724,0.00789002,0.99954455
9.38660085e-01,3.99495274e-03,1.69161723e-04,9.89913051e-01
0.99050889,0.02399538,0.02733574,0.99990397
0.9846687,0.00998371,0.03104272,0.99783243
0.95895569,0.00271286,0.0643137,0.97465439
0.98419986,0.00225681,0.00730513,0.99861653
9.85362528e-01,4.04769433e-02,5.20438872e-04,9.99772380e-01
9.54674834e-01,2.79496352e-04,6.58045462e-03,9.95644031e-01
9.75146674e-01,8.63529059e-04,4.01992537e-02,9.99291591e-01
0.98041158,0.00146126,0.01881431,0.99803753
9.37116919e-01,2.17918567e-04,3.59079445e-02,9.95383798e-01
9.78042933e-01,9.94153759e-04,4.19622899e-02,9.94702210e-01
0.99055316,0.0046263,0.01228982,0.99983531
0.91376078,0.06689299,0.00999557,0.99116984
0.94307587,0.0137504,0.00285143,0.9963265
9.69596880e-01,5.38156572e-04,8.97929391e-02,9.94124124e-01
9.27763284e-01,7.96295035e-03,4.68789194e-04,9.57745509e-01
9.76555943e-01,1.07363231e-02,4.63803779e-04,9.99391779e-01
0.91436997,0.00571787,0.00775211,0.98949457
0.97644175,0.08746079,0.00338121,0.99940067
9.42229093e-01,7.95717693e-02,3.64489099e-05,9.95459609e-01
0.99247636,0.05902614,0.00351464,0.99683885
0.94502811,0.08988216,0.0344552,0.9921521
9.10446467e-01,2.69603201e-02,1.66322391e-04,9.89479623e-01
0.98216829,0.00587336,0.01431195,0.99671528
0.94873996,0.00553736,0.02993933,0.99650394
0.9556055,0.00292976,0.03960349,0.99784414
0.97497701,0.0121648,0.00676443,0.99914971
0.98970676,0.05806473,0.00578264,0.99987967
0.99142418,0.00495381,0.02245427,0.96071522
0.97698572,0.00217966,0.02033128,0.99944547
9.70229473e-01,3.36023502e-04,4.07839252e-02,9.98921960e-01
0.90027503,0.05260533,0.00225942,0.98787776
0.99189215,0.01085209,0.08286596,0.97910285
9.27294449e-01,1.06976023e-02,7.11764817e-05,9.84395986e-01
9.18112119e-01,2.68811125e-04,4.08481993e-02,9.91619105e-01
0.94457579,0.00425124,0.05317617,0.99182925
0.97329895,0.00225551,0.0832105,0.99924394
0.99832157,0.02364645,0.03054212,0.99954549
9.34934742e-01,3.26511046e-05,8.47934315e-02,9.93046463e-01
0.94857621,0.00558785,0.00457692,0.99695938
0.96046541,0.00749653,0.00450101,0.99796215
0.93107448,0.0044359,0.00325173,0.98971963
0.99721109,0.04434843,0.09546433,0.99999074
0.98312994,0.01343138,0.06851833,0.99693394
9.54909856e-01,3.70037955e-02,6.92467756e-04,9.97187887e-01
0.98741874,0.02441989,0.06709404,0.91833069
0.97563401,0.06861549,0.00621242,0.99937464
0.9920593,0.00165515,0.04979851,0.99990287
0.99546364,0.00655391,0.06525067,0.99986313
0.93855516,0.00475097,0.02765059,0.9804349
0.92526895,0.01850537,0.09440856,0.99183243
0.997117,0.06098936,0.09209696,0.99999164
0.91010588,0.00104535,0.07068919,0.9538592
0.98924296,0.00594659,0.0581202,0.99986886
0.98113033,0.00617761,0.00346724,0.99958634
0.94423949,0.03160148,0.0063058,0.99649155
9.09419349e-01,9.81086270e-02,9.86699279e-04,9.90263436e-01
9.38263676e-01,1.28877674e-02,3.55742065e-04,9.95629470e-01
0.95501296,0.01245419,0.00555016,0.98928843
0.92283153,0.0565415,0.02784495,0.99036027
0.9309549,0.01914902,0.00303873,0.99446316
0.99292193,0.04913383,0.00613434,0.99985812
0.91616267,0.00161988,0.00171622,0.99169481
0.9219645,0.03360357,0.0555295,0.99245346
0.98627643,0.09589413,0.04221503,0.99113346
9.54222392e-01,3.10926977e-02,1.60290748e-04,9.59800117e-01
0.97740712,0.04883648,0.00604734,0.99946493
0.95157032,0.00487814,0.02123645,0.99478679
0.95729842,0.04148517,0.00448114,0.99778409
0.92697211,0.03231666,0.00617082,0.98971791
9.08395730e-01,4.78874605e-05,3.37803504e-02,9.55084196e-01
0.95538542,0.09717425,0.00613339,0.99782394
0.99010401,0.01269405,0.00332955,0.99958079
0.93636981,0.00436222,0.09711498,0.99458964
9.81936170e-01,2.87076943e-04,9.24159391e-02,9.98547489e-01
0.92336417,0.04495117,0.00226394,0.98706769
0.91482137,0.0084487,0.00128881,0.97156797
0.98923631,0.00112173,0.05338442,0.99988123
0.9206504,0.06135312,0.0043767,0.99256351
0.96454621,0.01447737,0.00464025,0.99865048
0.95873237,0.03632599,0.05159124,0.99814581
0.98605085,0.03123242,0.08087559,0.99847363
9.57451461e-01,3.13239170e-02,9.07376166e-04,9.98021605e-01
9.13432342e-01,1.80001090e-04,4.18357647e-02,9.90998726e-01
9.86909562e-01,4.62286754e-04,5.97869957e-02,9.99758264e-01
0.94884179,0.03376822,0.01161428,0.99595926
0.97317059,0.01009828,0.00194927,0.99685994
0.9964413,0.00742776,0.06021237,0.99998708
0.91831053,0.03178439,0.00949245,0.95677773
0.9901622,0.00191103,0.06871035,0.9998922
0.96983918,0.03508971,0.00144982,0.97973792
9.64686262e-01,8.54583814e-02,8.19951190e-05,9.98610402e-01
0.99651936,0.01136322,0.02718963,0.99998349
9.74170305e-01,3.67130158e-02,4.66004694e-04,9.98424245e-01
0.94980538,0.00264815,0.06320604,0.99718881
0.96086132,0.00370395,0.00277732,0.99743249
0.9331814,0.01405313,0.00237913,0.91213604
0.93371533,0.00184489,0.00242303,0.99493761
0.98780385,0.01465504,0.00505141,0.99896241
9.50318760e-01,2.77669138e-04,6.05865000e-03,9.29912415e-01
0.96411901,0.00378114,0.0650828,0.99862156
0.9743284,0.04736618,0.02167785,0.99917443
0.99859329,0.05087292,0.04688194,0.99999735
9.22295873e-01,8.68304388e-05,3.21755632e-02,9.07022229e-01
9.45703140e-01,2.11765010e-02,5.71856092e-05,9.96063016e-01
0.96392235,0.00221408,0.00110677,0.99588339
0.96437946,0.01036194,0.00607926,0.99863101
0.96763035,0.00228091,0.00104761,0.99809152
0.9766565,0.00359652,0.00302281,0.99942852
0.9549182,0.07941277,0.0069054,0.99791973
0.96011274,0.06383351,0.00149623,0.9980476
0.98460195,0.01109156,0.00938351,0.99965435
9.09317163e-01,4.75224397e-02,2.13887027e-04,9.90136204e-01
0.99696353,0.09491869,0.00713007,0.99790514
0.99816189,0.03015267,0.0386401,0.99999262
0.99861666,0.02231104,0.09395342,0.96934488
0.95941702,0.05026031,0.00465988,0.91714364
0.99450009,0.09777127,0.06512045,0.99779529
9.13841390e-01,9.36852921e-03,5.08795127e-04,9.91516771e-01
0.93922706,0.00339703,0.00517382,0.94252994
0.98782909,0.00746504,0.02325494,0.99959561
0.94285822,0.00595996,0.0069879,0.90849845
0.9790327,0.00350376,0.00200668,0.99762265
0.9866746,0.07812286,0.0011422,0.99981658
0.94728868,0.03388561,0.05069928,0.99690756
0.98428635,0.09651244,0.03039884,0.99878954
0.95303036,0.00471531,0.03191512,0.98106337
9.78233513e-01,7.30717807e-04,7.39244145e-02,9.99445705e-01
0.92591923,0.00151363,0.04846252,0.981993
0.98667031,0.01405258,0.00159259,0.99161842
0.98457417,0.00986463,0.01596554,0.99973634
0.9832811,0.00320888,0.04242347,0.99803252
9.09937577e-01,2.62505872e-02,2.79064079e-05,9.79336608e-01
9.74610134e-01,3.38490404e-02,9.96196255e-04,9.99316089e-01
0.95287543,0.01854264,0.00129603,0.99438991
0.98391535,0.02849222,0.00484942,0.99946469
0.93109033,0.00127134,0.04897795,0.94406091
9.74594367e-01,5.97422780e-02,3.35109438e-04,9.97678670e-01
0.98867721,0.0114633,0.01242572,0.99353079
0.90260983,0.00202687,0.09406066,0.96115067
0.94118529,0.01614371,0.00162869,0.99490255
9.02794680e-01,8.35485699e-04,1.86004583e-02,9.85435837e-01
0.97942196,0.09346578,0.00683275,0.99307171
0.97612003,0.00252069,0.08861329,0.97949483
0.9655716,0.08453065,0.01856626,0.9964025
0.95243779,0.0700677,0.05487165,0.99499977
0.94658153,0.0018062,0.00225999,0.99667694
0.92971408,0.07197136,0.03175392,0.9941967
9.66161191e-01,8.91674391e-04,7.99178914e-03,9.90608063e-01
9.75363558e-01,4.15899768e-02,2.25358110e-04,9.99170855e-01
0.94654936,0.05398713,0.03946239,0.99681874
0.99693786,0.06612883,0.01352148,0.99999056
9.46759447e-01,7.58042810e-04,5.13082697e-02,9.96762648e-01
9.59897503e-01,9.23991966e-04,7.95628399e-02,9.64246023e-01
0.99436876,0.03689446,0.01413212,0.99995502
0.97817439,0.0579574,0.00260443,0.99949226
0.99324859,0.03761579,0.01188895,0.94320039
0.99287015,0.01648401,0.09580816,0.99638521
0.92577309,0.08852033,0.0024565,0.98088038
9.14583405e-01,2.60830880e-02,8.72580937e-04,9.91189396e-01
9.10971775e-01,2.84889376e-03,9.79872607e-04,9.90549848e-01
0.95594435,0.00340368,0.03451705,0.99763791
0.95903658,0.00216113,0.06202951,0.99817758
0.96264848,0.00102829,0.01096136,0.99574528
0.99576939,0.01048945,0.02258367,0.99998065
9.06150053e-01,2.63384103e-05,2.79718509e-02,9.86603509e-01
9.27451234e-01,1.31727832e-02,1.94981992e-04,9.91283821e-01
0.96979663,0.00244576,0.00208222,0.99829684
0.9961518,0.07486537,0.00547382,0.99656869
0.96716313,0.0068698,0.02988567,0.99714088
0.95778649,0.02619613,0.02063428,0.99784177
0.97512154,0.01481581,0.00242136,0.98432801
9.03968782e-01,7.39083213e-05,3.53848644e-02,9.88203486e-01
0.9884219,0.035243,0.05522935,0.99895959
0.95228786,0.04640162,0.08587081,0.99741757
9.49347424e-01,3.83557990e-04,3.02047242e-02,9.94064198e-01
9.47088979e-01,1.57093711e-02,1.71463945e-04,9.95677069e-01
0.98895791,0.01635964,0.01358764,0.99664686
0.90824365,0.04019678,0.00177569,0.98988928
0.96998053,0.00535628,0.00246879,0.98782769
0.92056521,0.09662891,0.02904595,0.98385351
0.97896136,0.06320886,0.01017315,0.99958841
0.99499466,0.01889448,0.05724875,0.99997466
0.98602783,0.04176591,0.00966067,0.98170951
9.24185697e-01,5.99708264e-04,3.68977042e-02,9.92964905e-01
9.07752425e-01,9.73604039e-02,5.12804293e-04,9.77518717e-01
0.92161785,0.07947732,0.04193832,0.97837561
9.76015608e-01,3.79742947e-04,6.70786848e-02,9.63617638e-01
0.99775893,0.03747386,0.04262713,0.99999493
0.95851622,0.02208225,0.02485101,0.99789805
0.98802867,0.07908327,0.02495455,0.99933457
9.85891104e-01,7.94658560e-02,4.29815296e-04,9.99784668e-01
9.54076928e-01,7.76530653e-04,5.58155621e-03,9.97543102e-01
9.58468782e-01,4.71016635e-02,8.56946170e-05,9.98108247e-01
9.63276045e-01,6.99181491e-04,3.89857846e-03,9.95691228e-01
0.92916369,0.01118099,0.04419382,0.99410221
0.99591545,0.02479884,0.00988146,0.99998195
0.96422587,0.00277698,0.02145193,0.97897115
0.99890947,0.03152967,0.07882465,0.99980514
0.99646522,0.06305865,0.00254115,0.99997756
0.99611331,0.08108064,0.01870863,0.95074471
0.93331246,0.02986572,0.016304,0.99491298
9.61261119e-01,6.70328406e-05,4.20247035e-02,9.97999002e-01
0.99875025,0.02341518,0.07046922,0.9999983
9.86628140e-01,2.99894754e-02,5.79055836e-04,9.99486487e-01
9.04616861e-01,7.20617519e-03,5.12110036e-04,9.63626100e-01
0.98860467,0.01150063,0.00745782,0.99986687
0.9930182,0.01206318,0.04406518,0.99935433
0.97430127,0.07632127,0.00464004,0.99918049
0.99653101,0.09552668,0.0990041,0.99995764
0.95050968,0.04807889,0.00403482,0.9972957
9.88924850e-01,8.40489167e-02,8.60864060e-04,9.99490693e-01
9.05650303e-01,1.03798110e-04,2.39764419e-02,9.89259603e-01
9.74544739e-01,2.81185166e-02,3.16353442e-04,9.99268838e-01
9.15063490e-01,2.86194224e-04,5.49562582e-03,9.91237805e-01
0.91809121,0.04869366,0.01209363,0.96401197
0.95777221,0.00237116,0.00464245,0.99727193
9.44623751e-01,3.99103713e-02,4.23295761e-04,9.49616137e-01
0.98427167,0.00327217,0.09045427,0.99974414
9.76345565e-01,9.41975315e-02,7.63746401e-05,9.99376386e-01
0.99180019,0.09819904,0.01791311,0.99976534
9.62102548e-01,3.83179527e-04,8.58783605e-02,9.98398966e-01
0.96232973,0.06068537,0.01726423,0.99793821
9.87828879e-01,5.34847062e-02,3.07795785e-04,9.99847773e-01
0.98686158,0.01389448,0.00264483,0.99981631
9.27865873e-01,4.75358309e-06,8.70415500e-02,9.93948450e-01
9.07068119e-01,9.32357315e-02,1.53544153e-05,9.89567618e-01
0.96939214,0.04072029,0.00918181,0.99640273
9.59875782e-01,7.80798209e-04,7.32799337e-02,9.82718741e-01
9.82205780e-01,2.29345422e-02,4.59721486e-04,9.99037167e-01
0.99723879,0.03690203,0.02978506,0.99993872
9.27778049e-01,5.54326854e-03,8.18664807e-04,9.92980584e-01
9.66056495e-01,1.08069093e-02,7.45037032e-04,9.98709355e-01
0.97576835,0.04262746,0.01750212,0.99937313
0.99451485,0.01729949,0.07012403,0.98883487
9.53255528e-01,5.28107759e-04,6.01338304e-02,9.43790833e-01
0.97962781,0.00441124,0.01077878,0.99890908
9.14877871e-01,2.55437701e-03,3.74182917e-04,9.54926508e-01
0.92309624,0.06619776,0.07126922,0.99248952
9.70302612e-01,2.38586052e-02,1.34611778e-04,9.94702695e-01
0.9755812,0.00267512,0.02430669,0.9993647
0.92000594,0.09393293,0.00532654,0.94665629
0.96711638,0.00846629,0.02929275,0.9468833
0.95354541,0.06432449,0.05032577,0.96488559
9.63924733e-01,6.38737735e-02,2.12738284e-04,9.98143181e-01
0.94038551,0.00986675,0.01293366,0.99584945
0.97879336,0.00242068,0.08256633,0.99948975
0.98817976,0.06401993,0.07896784,0.99931637
0.97531794,0.01081442,0.01914416,0.9332325
0.95768277,0.00163453,0.00447546,0.93504482
9.62280692e-01,5.75308123e-04,1.99406577e-02,9.86827927e-01
0.99224526,0.00733694,0.00677445,0.99959031
0.92108664,0.06950598,0.01876329,0.93885358
0.98682688,0.04814394,0.04527495,0.99179018
9.46397307e-01,1.07808135e-04,5.89897878e-02,9.93978309e-01
9.71464447e-01,4.28546619e-04,4.16550993e-02,9.98897953e-01
0.97592033,0.0011208,0.06933466,0.99909388
9.83326858e-01,9.15491902e-04,8.04270450e-02,9.99469372e-01
0.96903356,0.03651214,0.0374992,0.99892631
0.99696956,0.09630096,0.01623184,0.99995562
9.52849437e-01,5.67590576e-02,3.90083842e-04,9.42996819e-01
0.93032542,0.02687741,0.01928582,0.99391207
9.37449160e-01,1.12698691e-02,1.42204322e-04,9.92583560e-01
0.95960977,0.02166836,0.03978428,0.99816864
0.98260366,0.00630166,0.00698958,0.99751547
0.97635203,0.00351372,0.01081874,0.99935562
0.92224017,0.04893644,0.00184306,0.90831293
9.63357245e-01,8.63592468e-03,5.92596611e-04,9.57342793e-01
0.97774044,0.00138335,0.022744,0.99665773
0.99002427,0.01302372,0.07215913,0.99986336
9.18608336e-01,4.14692050e-04,7.03595731e-03,9.92190685e-01
0.99078522,0.0922048,0.01999427,0.99625562
9.09368631e-01,5.72541814e-02,4.53787644e-04,9.51816285e-01
0.96408416,0.04278737,0.02326734,0.99818889
0.93805209,0.00160823,0.01725006,0.92383777
9.24240463e-01,1.79289979e-05,6.41858481e-02,9.66698367e-01
0.97631095,0.00138455,0.00322175,0.99853029
0.9833494,0.01442776,0.04273497,0.99945645
0.99088077,0.03461693,0.00603653,0.9990841
9.24050021e-01,5.52949347e-05,9.11050227e-02,9.93227447e-01
0.91855045,0.05098532,0.0015749,0.99093852
0.99284368,0.05085562,0.01548781,0.99994619
9.78573645e-01,7.15131378e-05,5.76490103e-02,9.86912991e-01
9.18474016e-01,1.26492995e-04,1.45968632e-02,9.91847194e-01
0.99708518,0.03387309,0.05670745,0.99995183
9.58641663e-01,4.42358634e-05,9.80103976e-02,9.98132725e-01
9.21642152e-01,1.92962353e-05,9.25324760e-02,9.92500096e-01
0.92392031,0.02995688,0.05617388,0.99326498
9.57932003e-01,5.49203311e-02,6.27112257e-05,9.83230097e-01
0.98791253,0.01250976,0.01785971,0.99982633
0.97490882,0.00825729,0.06666442,0.99816386
9.83667709e-01,1.43625119e-04,8.32429000e-02,9.99702583e-01
9.05988021e-01,4.07081490e-04,1.31688337e-02,9.89300147e-01
0.95977439,0.04382767,0.02056309,0.92440687
0.94139736,0.04126508,0.007054,0.99597267
0.95830889,0.00553601,0.02441034,0.99635457
9.22861860e-01,2.91052295e-02,2.78872021e-05,9.93058115e-01
9.50603520e-01,9.44129719e-02,3.51661725e-05,9.97102200e-01
9.55415636e-01,3.66836567e-04,1.60164231e-02,9.95082401e-01
0.98856929,0.00608834,0.01156349,0.97945678
9.48415192e-01,6.64750749e-02,9.70807413e-04,9.95072887e-01
0.98595334,0.00891066,0.0137337,0.99103439
9.02475985e-01,4.93410192e-04,3.90431913e-03,9.80224333e-01
9.73067615e-01,3.92500085e-04,8.63856286e-02,9.92155083e-01
9.80622807e-01,9.86781166e-02,1.48812996e-04,9.99601032e-01
0.99612395,0.03971717,0.02233656,0.9489307
9.30875440e-01,8.43822495e-02,6.73951420e-04,9.92808255e-01
0.91918525,0.00426012,0.00496919,0.97898725
0.9478166,0.00285374,0.00270693,0.99696288
0.9605768,0.00247418,0.04099099,0.92200738
9.43986078e-01,4.47975322e-04,2.44723497e-03,9.92134736e-01
9.66552117e-01,4.13754699e-02,1.17811627e-04,9.22140647e-01
0.98946865,0.0736709,0.04290559,0.99981163
9.75161666e-01,4.62290892e-02,2.62983107e-04,9.99312183e-01
9.87833523e-01,5.68910464e-02,6.07965853e-04,9.99809787e-01
9.29635400e-01,1.73286401e-04,5.21221949e-03,9.92303886e-01
0.93972828,0.01544954,0.0016052,0.99425423
0.99009505,0.03496194,0.02785021,0.99970713
0.98474083,0.02669589,0.03650507,0.98926513
9.15515998e-01,2.50391162e-05,3.01320847e-02,9.86846976e-01
0.91700534,0.00812866,0.05899193,0.95753539
0.9682396,0.03149748,0.0091398,0.99876853
0.95886821,0.00112783,0.02937835,0.9981417
0.99014248,0.06082958,0.00180341,0.99989705
0.98667009,0.00424325,0.04887224,0.99912471
0.98762633,0.01016072,0.0643261,0.99602397
0.98857652,0.04020833,0.02457582,0.99955736
0.91257876,0.01616347,0.01014011,0.97039717
0.9950612,0.0102365,0.01453781,0.98204514
0.93442486,0.03139671,0.01801866,0.99423296
0.93269648,0.00279109,0.01697605,0.99481593
0.96307676,0.0456061,0.05768429,0.99842782
0.97668216,0.09377217,0.09640563,0.99728521
0.94450357,0.00378487,0.01033214,0.99566892
0.94010669,0.01741629,0.0801275,0.91111608
0.95068765,0.03652749,0.04205664,0.99731641
0.92715432,0.00870302,0.00224695,0.99379733
0.92334531,0.0153847,0.02099503,0.97441334
0.98801422,0.09918595,0.00266306,0.99984176
9.40523678e-01,1.06151442e-02,7.19077266e-04,9.95519241e-01
9.46461060e-01,6.04316793e-02,3.36200931e-04,9.95473867e-01
0.9308162,0.02230737,0.02161957,0.94355127
0.95417646,0.00895088,0.00306986,0.9976851
0.97588304,0.00739578,0.00337896,0.98302498
0.9799467,0.02435185,0.03227358,0.99956087
0.98248168,0.00418192,0.08251916,0.99789092
0.9193762,0.05438719,0.06979196,0.99179572
0.95681669,0.00548809,0.00365659,0.97907314
0.98865526,0.0053084,0.00447763,0.99949423
9.77575264e-01,1.47392961e-04,8.24114382e-02,9.99004684e-01
0.93039647,0.00508082,0.02144478,0.91340153
9.17517664e-01,1.40277579e-04,3.55809124e-03,9.85436778e-01
0.95996829,0.01750563,0.04990765,0.99395432
0.93483508,0.00120457,0.00480968,0.99378002
0.94170169,0.05817795,0.02494145,0.99271781
0.99529496,0.06073974,0.01933853,0.9999674
0.94613025,0.00482329,0.06322564,0.99502717
0.97068161,0.00184211,0.0092521,0.99740839
0.98725949,0.00147063,0.04915617,0.99981727
0.98344298,0.02200007,0.00461347,0.99814748
0.97175674,0.00652413,0.09493744,0.99921451
9.34166326e-01,1.15989009e-04,3.92356121e-02,9.84506715e-01
9.69913402e-01,4.88856327e-04,3.07890826e-02,9.99037503e-01
0.99702805,0.02367314,0.01033476,0.98340033
9.41877948e-01,6.08402354e-04,2.20865099e-02,9.96400719e-01
0.92010384,0.06529005,0.00714013,0.9917419
0.9150601,0.0022535,0.01347588,0.98807847
0.97633535,0.00132143,0.04094916,0.99907853
0.99349117,0.05578687,0.08420815,0.99995707
9.56637517e-01,3.14746570e-02,3.57462848e-04,9.87556230e-01
0.91774953,0.08941299,0.02878481,0.92406005
0.99726322,0.05762428,0.01477173,0.9960093
0.93576343,0.09515342,0.00784762,0.99522983
0.97015786,0.00186375,0.00554014,0.9961003
9.13406057e-01,1.02769678e-03,8.30502128e-04,9.78054075e-01
9.26254549e-01,6.17498480e-02,7.91314547e-06,9.93671942e-01
0.98380125,0.05629631,0.00161258,0.99748617
0.90927539,0.03135624,0.02589664,0.98998002
0.94225722,0.04373284,0.00599493,0.97833036
0.99488055,0.0482266,0.0215799,0.99989618
0.95665053,0.01060625,0.00394865,0.99775177
9.10914523e-01,2.79070636e-04,1.87968480e-02,9.36367395e-01
0.90661285,0.00362439,0.06345479,0.98153247
9.12093219e-01,7.68972447e-05,1.04767761e-02,9.90484084e-01
0.99262766,0.00872391,0.0113095,0.99993967
0.96122742,0.0043181,0.01956197,0.98113191
0.97328987,0.00124032,0.07453319,0.99886319
0.98807177,0.01220846,0.0139051,0.92518179
0.99047053,0.01066099,0.03506775,0.99979333
0.96730189,0.00106886,0.01022579,0.99879252
9.09563877e-01,1.66330713e-04,4.91702920e-03,9.88014810e-01
0.98452708,0.0156963,0.02235806,0.99975306
0.99564517,0.08941854,0.07687435,0.99996825
0.9809977,0.03968398,0.00279709,0.9996206
0.96849884,0.01054547,0.01585282,0.98696116
9.53113017e-01,3.36998064e-04,7.02916426e-03,9.80996908e-01
0.99835584,0.0299367,0.04757668,0.99930683
9.73535942e-01,4.35082522e-04,9.53186119e-02,9.54611515e-01
0.96020308,0.09712933,0.00167395,0.99842181
9.46444086e-01,9.65314299e-04,2.10650867e-03,9.70794218e-01
0.92648824,0.00116472,0.01447133,0.99322903
0.99764139,0.04204626,0.07047142,0.99979622
0.9966705,0.01196385,0.08668199,0.99997832
0.99602128,0.02875011,0.01396777,0.99997117
9.08722572e-01,8.13254228e-02,1.38949888e-04,9.87204170e-01
0.98993426,0.00789135,0.04795612,0.99910821
9.30695547e-01,8.61920366e-03,2.55847837e-04,9.94367127e-01
9.73787022e-01,9.53658775e-02,7.82846850e-04,9.79330108e-01
0.91059048,0.06379893,0.02021365,0.97094872
9.81000108e-01,9.57052677e-04,9.17286245e-03,9.91658453e-01
0.98837001,0.02662185,0.09099437,0.99859036
0.90614322,0.04818024,0.00144781,0.94935905
9.50135068e-01,3.25665254e-02,6.23896953e-05,9.97252559e-01
0.98574541,0.00129176,0.0394352,0.99976968
0.97507517,0.00314479,0.00115917,0.99790597
9.54259980e-01,9.42879714e-02,7.31815878e-05,9.97262284e-01
0.94194918,0.00666307,0.00325754,0.98982367
0.99267337,0.00614353,0.01674047,0.96661966
0.99287691,0.04142574,0.06642605,0.99994508
9.05235788e-01,4.01231750e-04,8.96438344e-02,9.70633176e-01
0.9803548,0.04907766,0.00706969,0.99853795
0.98001947,0.00300088,0.00248961,0.91412191
0.96628073,0.00116335,0.04505596,0.99878147
9.70539181e-01,3.39037705e-02,2.79531531e-04,9.97551453e-01
9.63552414e-01,2.25011412e-02,1.59829879e-04,9.98570926e-01
0.96195311,0.08414472,0.09922015,0.99843551
9.22630315e-01,1.47204525e-02,4.42345397e-05,9.81488092e-01
0.92457018,0.01273221,0.00718138,0.97552081
0.98868653,0.00582681,0.00989403,0.95980746
9.06156439e-01,1.61573900e-02,2.69489841e-05,9.88871292e-01
0.95239375,0.00602707,0.00370913,0.99750212
9.62593017e-01,6.86943210e-04,3.26092215e-02,9.86612871e-01
0.92163992,0.03777704,0.04638223,0.94105613
9.45401456e-01,5.68475753e-04,3.72857874e-02,9.93373529e-01
0.99639188,0.00486564,0.05469466,0.94233054
9.49945247e-01,4.11650331e-03,5.08675986e-04,9.95753359e-01
0.98837853,0.01662993,0.07207892,0.99810209
9.59070164e-01,4.25334095e-03,8.40789009e-04,9.95300140e-01
0.98738966,0.02360983,0.00985212,0.99978055
0.9936764,0.01413958,0.0233479,0.99991756
0.91741285,0.00957154,0.07950756,0.9922692
0.9963948,0.08290442,0.04255588,0.98991503
0.94053843,0.00334102,0.02687582,0.99378256
0.98987151,0.02972636,0.00871588,0.9998445
0.96536637,0.03052343,0.00883317,0.99870239
0.90150531,0.01554218,0.00153878,0.98801618
9.84300967e-01,5.65268375e-02,1.87791207e-04,9.99724297e-01
0.98061193,0.08060063,0.00341337,0.94425847
0.99135543,0.04475275,0.09370178,0.99957113
0.98227546,0.03159631,0.00820949,0.99905423
0.96742325,0.03883837,0.00119592,0.99442854
9.81982027e-01,8.51139794e-02,4.85801163e-04,9.99660947e-01
0.99729955,0.08158984,0.02281675,0.97937168
0.90539292,0.00445399,0.01685144,0.97222859
0.96051374,0.00796443,0.01572523,0.99818418
0.98305986,0.06237065,0.00551987,0.9997028
0.99798714,0.09311971,0.03939184,0.99999488
0.94168566,0.01152273,0.00122732,0.9263964
0.9402308,0.02317909,0.01607847,0.99480496
9.54620942e-01,7.65065637e-04,7.80624913e-02,9.96417763e-01
0.92132034,0.0562738,0.00112475,0.99275398
9.29816001e-01,2.27580176e-02,9.83574234e-05,9.94332193e-01
0.99673237,0.08878682,0.07099025,0.99996617
0.96943297,0.01000818,0.00988541,0.99566668
0.97394087,0.01417274,0.00678082,0.99927806
0.94256544,0.02797506,0.00843788,0.99610405
0.93813003,0.0531827,0.0964681,0.99564815
0.96937638,0.04634851,0.03401533,0.99876481
9.66874081e-01,1.78152544e-02,7.75218091e-04,9.98826889e-01
0.98944262,0.03542388,0.00112896,0.99907209
0.98316722,0.06618208,0.00964837,0.99929941
9.53973510e-01,3.33073545e-02,1.78600825e-04,9.97479922e-01
9.29447420e-01,1.00411149e-02,1.51601283e-04,9.93974718e-01
0.91875048,0.0012871,0.00988242,0.98351597
0.99467557,0.06895176,0.00166559,0.99983517
0.98953919,0.0749449,0.00908668,0.9998851
9.79474707e-01,4.98067351e-04,9.50922446e-02,9.99539814e-01
0.98493226,0.00661329,0.03122275,0.99955798
0.95950404,0.02168339,0.09640047,0.99500937
0.90595172,0.09862476,0.0049506,0.9889308
0.97233017,0.01493166,0.04134999,0.99775215
9.58810070e-01,7.92683951e-02,6.42189107e-04,9.98157811e-01
0.92966376,0.00151444,0.0638926,0.99414647
0.94452939,0.00218548,0.03327214,0.99666071
0.95930651,0.00429745,0.01367811,0.99815109
0.95911959,0.01766574,0.00335208,0.99755558
0.9981998,0.03723957,0.05222515,0.99997763
0.90913815,0.02103591,0.07380386,0.99003429
0.96719778,0.00110893,0.01680626,0.90616008
9.12487940e-01,6.91339485e-04,9.24794205e-02,9.90889717e-01
0.96699726,0.09052174,0.00545819,0.94371081
9.28342083e-01,3.82281861e-04,5.56713452e-03,9.94041099e-01
9.75041824e-01,3.41534256e-02,3.62236831e-04,9.64706615e-01
0.97844559,0.02270247,0.02344802,0.9993864
0.95764563,0.04310989,0.01241648,0.99797623
0.95353942,0.00387955,0.00998115,0.99763152
0.99491207,0.01333457,0.02218743,0.999922
9.70375482e-01,8.29349102e-04,1.04427984e-02,9.47742700e-01
9.56549381e-01,2.18754124e-02,1.38666490e-04,9.97540886e-01
0.96447895,0.05934901,0.00577851,0.9974188
0.96898145,0.09208697,0.03614847,0.99802257
9.83433310e-01,2.68601090e-02,4.33782098e-04,9.99635046e-01
0.95762747,0.03598166,0.02533506,0.9978695
0.98153562,0.01863856,0.00178851,0.96579678
0.97029719,0.00593352,0.0033686,0.96438684
0.96946246,0.00838899,0.00257294,0.9989976
0.99243567,0.00820935,0.07761063,0.99938266
0.98554402,0.01266384,0.00206803,0.99433049
0.98663596,0.03475621,0.00746536,0.97279946
0.94940519,0.00133977,0.01815232,0.99505126
9.59460077e-01,5.46567692e-02,5.34655829e-04,9.98217517e-01
9.22330414e-01,5.52145761e-05,2.14756389e-02,9.01002207e-01
0.96401853,0.06104381,0.02735175,0.99860059
0.9683416,0.00134913,0.04301054,0.99888258
0.92444965,0.00264921,0.00237077,0.99273201
9.63314931e-01,3.24876869e-05,6.66401905e-02,9.49671894e-01
9.50110130e-01,7.82646396e-04,8.49076909e-02,9.97034449e-01
0.97302403,0.00737708,0.02010239,0.9973629
0.97971203,0.01972988,0.00177952,0.99957041
0.98170193,0.00108909,0.00868795,0.99631049
9.20698388e-01,4.61793630e-03,1.52910651e-04,9.43996731e-01
0.93846818,0.00187233,0.00321807,0.99165353
9.27674817e-01,2.24303921e-05,1.62571921e-02,9.84678772e-01
0.96351928,0.00560321,0.00244038,0.99765187
0.90228921,0.00315779,0.0033829,0.98840828
9.08454532e-01,1.50447991e-03,7.43112187e-04,9.68692662e-01
9.70610537e-01,2.02172308e-02,7.97817383e-04,9.99079455e-01
0.97184388,0.00245333,0.03221276,0.9991536
0.97832393,0.01423624,0.00266529,0.99123324
0.97405094,0.00311519,0.01200895,0.96203349
0.97161994,0.03831773,0.0636504,0.99820761
0.99378526,0.09816356,0.0094192,0.99994366
0.9681823,0.00237339,0.06854542,0.94179889
0.98214097,0.00695558,0.0115583,0.99804988
9.58116462e-01,1.99389227e-02,5.92647495e-04,9.89374482e-01
0.99355197,0.01433776,0.01080864,0.99994485
9.79858885e-01,7.37219897e-04,6.16770928e-02,9.99577496e-01
0.98846758,0.0450616,0.00111884,0.99985956
0.91671137,0.00106921,0.00115949,0.98975875
0.98980225,0.07166637,0.00523346,0.99988437
0.97554268,0.0800518,0.03632467,0.99831209
0.99532156,0.05784129,0.00346016,0.99751603
0.93424162,0.0435324,0.05291005,0.99504834
0.9391209,0.03362753,0.09956737,0.99344412
0.99176598,0.09245058,0.07944812,0.99339932
0.94579424,0.0157127,0.01435619,0.9965655
9.06494685e-01,4.62458565e-05,4.44255609e-02,9.80960379e-01
0.91496837,0.01270967,0.07827784,0.98402935
9.89268178e-01,8.53127991e-02,3.06944106e-04,9.99868707e-01
0.96109402,0.00165661,0.00813238,0.99836214
0.97538557,0.01514926,0.00603544,0.94454453
9.28483095e-01,5.59241255e-02,6.09932081e-04,9.86924858e-01
9.24852058e-01,2.42363272e-02,2.82999742e-05,9.93401898e-01
0.99129461,0.00295216,0.03855062,0.99946669
0.98136112,0.0755302,0.01940762,0.99963603
0.93376609,0.00715811,0.02739726,0.99498874
0.98545767,0.03311602,0.09108156,0.99893474
9.08390542e-01,1.08622903e-04,1.71133458e-02,9.82379808e-01
9.47122799e-01,3.38045384e-04,7.21766792e-02,9.28954666e-01
0.9937157,0.0408708,0.04032188,0.99995583
9.37026646e-01,6.32612359e-03,1.56685521e-04,9.54434846e-01
0.91500331,0.06641202,0.09157949,0.98823846
9.43176249e-01,7.72822169e-04,3.62500646e-02,9.76434549e-01
0.98194194,0.0635443,0.08421442,0.99973862
0.97795978,0.01909198,0.07238714,0.99947165
0.99451855,0.03011896,0.07530469,0.9998396
0.99600473,0.01000081,0.05017958,0.99777199
9.57882001e-01,3.26143904e-02,2.38508147e-04,9.83097856e-01
0.91230635,0.00287011,0.02015213,0.98639208
0.91167746,0.07921196,0.01743906,0.99069985
9.44061475e-01,5.21025873e-02,3.08104721e-04,9.90102484e-01
9.25813877e-01,4.27420417e-04,8.11494339e-02,9.00860629e-01
0.98807061,0.0226977,0.00456268,0.99985139
0.98413692,0.02414134,0.00493836,0.99973072
0.96745084,0.03399448,0.01763461,0.99884602
9.27996030e-01,3.50764731e-02,1.85510355e-04,9.93654900e-01
0.99287532,0.00634869,0.02385461,0.99988136
0.98798585,0.01108354,0.02426797,0.99983209
0.9638724,0.01681177,0.00291646,0.99828613
9.07010931e-01,1.75986618e-03,5.49232138e-04,9.88818104e-01
0.97450006,0.08339194,0.0971926,0.99930069
0.90401615,0.06457716,0.0158242,0.98885254
0.99480746,0.0125555,0.02429525,0.9993919
9.73047250e-01,2.58768163e-02,2.39741230e-04,9.93104120e-01
0.97006417,0.00732165,0.01281796,0.99904678
0.98366328,0.09885362,0.03164214,0.99404859
0.9426774,0.00618119,0.02283514,0.93115357
0.90360622,0.01401617,0.03208463,0.98873964
0.95064636,0.0043128,0.08442663,0.99720488
0.91991504,0.01175684,0.00100841,0.99039134
9.09157493e-01,1.56300854e-05,3.61496325e-02,9.70594988e-01
0.97608838,0.01335063,0.00342406,0.99938953
0.97982455,0.03807943,0.00751726,0.99751078
9.11354026e-01,1.56470689e-02,1.97282484e-05,9.61939148e-01
9.92912931e-01,8.50926833e-02,8.32060075e-04,9.99916794e-01
0.99094744,0.00306782,0.03889658,0.99825744
0.97215003,0.00953416,0.00224218,0.99916998
9.57640196e-01,2.19227065e-04,5.49648980e-03,9.88722573e-01
9.62983005e-01,5.54134299e-04,2.25399414e-02,9.89780404e-01
9.45946393e-01,4.21342636e-02,4.64305519e-05,9.95774070e-01
0.97503351,0.03084267,0.03404365,0.99602677
9.35994771e-01,5.01430459e-04,3.27820875e-03,9.95304452e-01
9.46477687e-01,2.56500912e-04,1.44445305e-02,9.95578340e-01
9.69391661e-01,2.97418816e-02,3.00425963e-04,9.98544137e-01
0.96875033,0.02545704,0.09973099,0.99896031
0.97143067,0.03060752,0.00194683,0.99896222
9.73021019e-01,5.09295467e-04,2.06580241e-02,9.97532327e-01
0.9947628,0.01114029,0.00942352,0.9999675
0.99387808,0.0528907,0.02754508,0.99915284
9.04680021e-01,1.91609513e-04,1.95682424e-02,9.87906743e-01
9.53811173e-01,8.10090468e-04,6.20351269e-02,9.97586585e-01
0.90745987,0.00699018,0.00112488,0.98481351
9.64872861e-01,2.63384151e-05,6.81175544e-02,9.92470987e-01
0.99501277,0.00992667,0.09370342,0.99985626
9.54423266e-01,3.91982315e-02,2.37757986e-04,9.93396576e-01
0.97851211,0.01009685,0.00511105,0.99950104
0.97556445,0.06012893,0.07973513,0.99906516
0.98580615,0.00460633,0.07123762,0.99977248
9.28557207e-01,3.13242271e-03,1.41597298e-04,9.93999188e-01
9.25461882e-01,6.93124465e-03,4.02537271e-04,9.93472803e-01
0.98023759,0.00571971,0.00471006,0.99930281
0.96387689,0.02266278,0.02189868,0.99858554
0.98635937,0.02377304,0.00559068,0.98643683
0.98550118,0.03142769,0.0036812,0.9997748
9.38171831e-01,5.35106330e-05,7.42427281e-02,9.95478298e-01
9.02951342e-01,2.91837622e-02,3.15987864e-04,9.88566871e-01
9.69122011e-01,5.67841221e-04,1.57288133e-02,9.98076184e-01
9.41865150e-01,4.26451029e-02,2.08130993e-04,9.15161741e-01
9.66488709e-01,4.80991132e-04,8.69601931e-03,9.98713998e-01
0.95103746,0.08714876,0.00243585,0.99735629
9.34536632e-01,8.43464002e-02,6.73773256e-05,9.89553266e-01
0.98904933,0.04787032,0.06959153,0.99976801
9.22204978e-01,1.06682181e-03,8.98805011e-04,9.89505494e-01
9.39446490e-01,7.15435172e-05,2.95562327e-02,9.95839779e-01
9.09159288e-01,2.74707128e-04,6.01922079e-02,9.90101705e-01
9.01366431e-01,2.35795962e-02,7.79447245e-04,9.50018241e-01
9.85614282e-01,8.85057953e-02,2.22653721e-04,9.99780534e-01
9.64479122e-01,3.58501538e-02,2.75714283e-04,9.27936174e-01
0.98480093,0.02660744,0.00774549,0.98597274
0.92034938,0.00704802,0.00824843,0.98940781
0.92799213,0.00563745,0.01646347,0.99210859
9.15742983e-01,3.94760644e-02,6.58186251e-04,9.87595140e-01
0.91624155,0.00167137,0.00244633,0.99090647
0.94302305,0.08235166,0.01528933,0.99625485
0.97853775,0.04008604,0.02909539,0.99889613
0.96601206,0.00277401,0.00115649,0.997305
0.95742263,0.02669414,0.0459167,0.99745173
9.50278584e-01,5.22492102e-04,2.12912016e-02,9.97190600e-01
0.97861348,0.0251277,0.01159532,0.97483963
9.80019718e-01,6.54463261e-03,8.48295534e-04,9.99211249e-01
0.97450521,0.00733077,0.00285906,0.99857782
0.99771765,0.06320073,0.02969849,0.9999892
9.43896028e-01,1.06994430e-02,3.80706999e-04,9.85849031e-01
0.95595296,0.05178894,0.06014967,0.99527129
0.95252076,0.06152748,0.00427965,0.96146225
0.94483246,0.08661815,0.00250222,0.99659987
9.11573470e-01,1.12115462e-02,4.41485092e-04,9.87315181e-01
0.95368122,0.00503734,0.00572095,0.96327039
0.99667582,0.07566142,0.02318998,0.99998882
0.94897608,0.02509229,0.03856308,0.98832331
0.98799305,0.0012325,0.01944301,0.99983225
0.91918119,0.03346002,0.07129115,0.93275689
0.99106904,0.07676532,0.02478407,0.99991239
9.12696231e-01,6.76945517e-04,5.42914795e-02,9.90909978e-01
9.72099355e-01,8.92698072e-04,1.44277130e-02,9.84941516e-01
0.99034826,0.02124623,0.02083046,0.99929048
0.99420227,0.04321432,0.00461298,0.99494266
0.9835525,0.00301377,0.02534902,0.9990326
0.9755671,0.00267673,0.00487237,0.99090663
9.13099569e-01,3.99575795e-02,8.30888359e-05,9.90996109e-01
0.96371309,0.00171769,0.08216628,0.96406229
0.98389602,0.00873087,0.00504935,0.99973202
0.9686205,0.00697636,0.00685608,0.99839645
0.90797205,0.00642024,0.05906724,0.98982821
0.9697243,0.00302855,0.04809664,0.99896255
0.98339347,0.00164608,0.03032022,0.99961189
0.99792473,0.01965635,0.03102362,0.9999932
0.92048055,0.00138859,0.04108964,0.98092834
0.92446768,0.0101093,0.02139819,0.93368502
0.98613038,0.04959509,0.05852664,0.99979796
9.26542633e-01,9.93148411e-02,1.22585525e-04,9.89775183e-01
9.31451472e-01,4.48732125e-02,4.50454515e-05,9.94500034e-01
0.98496791,0.00380987,0.00354062,0.99758122
9.30332041e-01,6.66957475e-05,5.51518570e-03,9.91905977e-01
9.19838289e-01,7.13451287e-02,5.87191192e-04,9.91036290e-01
9.30438178e-01,1.77116918e-03,5.42311376e-04,9.78226664e-01
9.13247530e-01,3.58879620e-02,6.05141070e-05,9.89617846e-01
9.27114034e-01,4.94866837e-04,6.56278059e-02,9.39256761e-01
0.90155569,0.00291498,0.00140897,0.98322758
0.9968893,0.01296003,0.04106184,0.99746588
9.84206478e-01,5.28461483e-02,6.23613198e-04,9.99314836e-01
9.79304774e-01,2.89638065e-04,3.12168141e-02,9.99393462e-01
0.98720957,0.00453386,0.02107037,0.99979608
0.96683137,0.00728809,0.04610686,0.99744422
0.979542,0.00379495,0.01010395,0.99518432
0.96475931,0.0227177,0.0998578,0.99862606
0.99278995,0.05502814,0.03154809,0.99994332
0.99499765,0.0192936,0.01213186,0.99085556
0.99032298,0.00404947,0.02673842,0.99961462
0.98087254,0.00224773,0.01597588,0.99961983
9.13324865e-01,5.47636559e-04,1.05533647e-02,9.90933300e-01
0.92486354,0.00557437,0.03620123,0.99274588
0.90177409,0.00325642,0.06772422,0.98265851
0.98200555,0.0012467,0.05748594,0.99960213
0.9314298,0.04586276,0.00319358,0.99451056
0.90789201,0.01306478,0.05188185,0.98958277
0.93303978,0.00470856,0.0919566,0.97273677
0.9021076,0.00499316,0.01469855,0.98832349
0.92413867,0.03692018,0.00812857,0.9874311
9.44087665e-01,1.67318739e-04,4.43832711e-03,9.83530783e-01
0.99581515,0.02464026,0.02688406,0.99912057
0.96503557,0.00280168,0.00214262,0.99866128
0.98603695,0.01721453,0.01085131,0.99971858
0.9400282,0.07219398,0.0033425,0.99590754
0.93290547,0.00387606,0.00246582,0.99477728
9.20324097e-01,1.75336635e-04,2.46211265e-02,9.87334220e-01
0.99409556,0.01157595,0.03706281,0.99995516
9.28125081e-01,2.95204059e-02,2.87925645e-04,9.85678011e-01
9.20120272e-01,9.57045341e-02,1.69114023e-05,9.89605441e-01
9.84602624e-01,3.78132409e-02,3.37573356e-04,9.99267747e-01
0.94910414,0.00631957,0.01715622,0.99713634
9.09306260e-01,4.43055661e-03,6.12802675e-04,9.83673904e-01
9.90577909e-01,4.60704455e-02,9.37377181e-04,9.99379915e-01
0.98435837,0.00564978,0.04638889,0.97904454
0.99808926,0.08042844,0.05754961,0.99711907
9.76766440e-01,6.91459534e-02,3.31159474e-04,9.99278814e-01
0.90684963,0.01032584,0.05718848,0.97287674
0.97584086,0.05333119,0.08812678,0.92724092
9.88036483e-01,5.41280135e-04,4.29920826e-02,9.99824217e-01
0.98806902,0.00224834,0.00903111,0.99366076
9.29935163e-01,2.32238301e-03,2.04637233e-04,9.94301289e-01
0.96718211,0.00348404,0.00142845,0.99881469
9.07840697e-01,2.67938825e-02,3.65138311e-05,9.83214432e-01
0.91435958,0.01276501,0.03967424,0.99122416
0.91464846,0.00978808,0.04454109,0.94556173
0.9516448,0.03525232,0.00117847,0.99741347
9.48648984e-01,1.72186663e-04,1.05509244e-02,9.54815038e-01
9.61622953e-01,8.94277835e-02,1.75372310e-04,9.96505327e-01
9.83129084e-01,8.02064926e-02,3.24800577e-04,9.78024741e-01
0.99176203,0.06798413,0.00269584,0.99896778
0.94683921,0.02480136,0.0013517,0.99501211
0.94001415,0.03539862,0.00300811,0.99531197
9.39383489e-01,5.74048927e-04,8.39849113e-02,9.95853299e-01
9.49117095e-01,5.50608512e-02,3.55135199e-05,9.84667136e-01
0.94557937,0.01443932,0.00292252,0.98781325
9.25611437e-01,8.70078131e-04,3.43078995e-02,9.91031978e-01
0.9128522,0.08788113,0.04132308,0.9862464
0.96105115,0.07665751,0.02331292,0.95455049
0.99536182,0.02757976,0.07545615,0.98543406
0.94972885,0.01196347,0.00263541,0.99669307
0.99316392,0.04131345,0.00919629,0.9997758
9.17647507e-01,2.21925371e-04,2.24493717e-02,9.91918831e-01
0.98708517,0.00452423,0.04387901,0.90049065
0.98041674,0.01092632,0.01012459,0.99760618
0.96730287,0.014838,0.09577756,0.99515185
0.98077585,0.00623957,0.09201814,0.99958648
9.06936711e-01,4.97055179e-02,3.33924152e-04,9.78671807e-01
9.23456146e-01,1.97775114e-04,1.80100172e-02,9.93176167e-01
9.16590634e-01,5.64553858e-04,7.85501514e-03,9.91733660e-01
0.93051448,0.03012921,0.02524569,0.99444788
0.97648942,0.03803943,0.04109067,0.9994015
9.70106549e-01,4.80911422e-02,2.27330099e-04,9.17818196e-01
0.97434882,0.00177521,0.00342161,0.94407064
0.98691988,0.0174581,0.06190706,0.99113922
9.17860793e-01,4.35805149e-02,1.76884039e-04,9.92055036e-01
0.91604431,0.00441249,0.02405563,0.94700268
0.98980032,0.0020194,0.01742798,0.9998407
0.95986185,0.01262707,0.01449488,0.99751231
0.99526334,0.04058373,0.04926508,0.99996362
9.16444662e-01,1.86246973e-02,1.73170038e-05,9.90711788e-01
9.79928762e-01,4.33280012e-02,8.82381286e-04,9.99214829e-01
0.95287951,0.06673586,0.05653972,0.98502804
0.93357077,0.00597585,0.00425483,0.99483477
0.95544043,0.03298872,0.07337698,0.99782501
0.98587066,0.08921893,0.00176895,0.99979448
9.75644825e-01,8.09926883e-04,1.47522972e-02,9.99360553e-01
0.95730642,0.06478852,0.09653096,0.99698198
9.41534983e-01,5.77737602e-04,1.51105497e-03,9.96104020e-01
0.9957262,0.00438476,0.04509615,0.98611801
0.91830756,0.06347645,0.02665409,0.99216328
0.95655766,0.04041545,0.01044227,0.9978513
0.9928882,0.03081838,0.01451954,0.99994869
0.97425519,0.05500874,0.00386333,0.99736362
0.90498637,0.00373428,0.03913613,0.9883501
0.97326107,0.029344,0.0412406,0.99827783
0.99862066,0.0822172,0.05240399,0.9999856
0.95320025,0.01981333,0.00470311,0.99751968
0.99700516,0.09427337,0.03645863,0.99999033
0.98176693,0.01211427,0.08933361,0.99963398
9.90669830e-01,8.97772446e-02,3.23169504e-04,9.76910238e-01
0.93898042,0.03373345,0.02762063,0.99300756
0.94634723,0.05000941,0.00145608,0.93958851
0.98189243,0.00647561,0.00171647,0.99070527
0.93979408,0.04424224,0.00131301,0.99583068
0.90964916,0.00430946,0.05068827,0.98844461
9.07097430e-01,2.17454294e-05,9.70295236e-02,9.34820347e-01
0.9587085,0.00716064,0.0084641,0.9960513
0.97579927,0.02214976,0.00361655,0.99893909
9.03877730e-01,1.77189377e-04,5.51134613e-03,9.83854857e-01
0.98985899,0.00399652,0.05799466,0.99989295
0.92551445,0.060763,0.02297965,0.99257778
0.96288454,0.0308001,0.01035091,0.99756381
0.99362602,0.04161617,0.01519839,0.99995882
0.9323293,0.07578267,0.06316115,0.99416681
0.93577323,0.01360559,0.00149807,0.99193112
0.97753294,0.00332658,0.00689185,0.99400261
9.10859656e-01,4.28659820e-04,4.47533198e-03,9.55471943e-01
0.94660667,0.02345639,0.06080719,0.99682855
0.99687326,0.00291969,0.07578675,0.91742986
0.99283054,0.02397739,0.004324,0.99994767
9.66842501e-01,2.11199025e-02,2.43044699e-04,9.98771786e-01
0.96893241,0.06906207,0.0065312,0.99823707
0.95540328,0.06861359,0.03231178,0.9951245
0.91904765,0.01253454,0.00191166,0.91079606
9.33545159e-01,8.14941715e-05,9.40581617e-02,9.94864609e-01
0.96187531,0.00847059,0.08489601,0.99790674
9.30875314e-01,2.74738215e-02,2.79578244e-04,9.93491776e-01
0.91401028,0.05114894,0.07096917,0.97384452
0.99601431,0.08472822,0.02266895,0.99998398
0.98304894,0.0888836,0.02103367,0.99970232
9.36538222e-01,3.28057314e-04,8.28104200e-03,9.59831124e-01
0.98883146,0.03029342,0.02361339,0.98357046
9.49820504e-01,4.14024613e-03,2.57580599e-04,9.95689344e-01
0.95469992,0.0071347,0.00323934,0.99313651
0.93439654,0.00253027,0.01070302,0.98647621
9.53246184e-01,4.23752985e-05,5.92519588e-02,9.97565952e-01
0.98109924,0.014802,0.02485062,0.9995957
0.95330738,0.00321356,0.06066733,0.99439458
9.55582421e-01,1.16598169e-02,2.69132359e-04,9.95176725e-01
0.96164125,0.00144894,0.00608618,0.98320644
0.95147956,0.06455494,0.00228334,0.97759559
9.32003274e-01,8.85199813e-04,5.23786248e-03,9.83649251e-01
0.93376782,0.00328061,0.00352528,0.99497931
0.98069233,0.0961333,0.00546302,0.90559672
9.64566162e-01,1.12937483e-02,2.23965762e-04,9.95929452e-01
0.90351124,0.02361056,0.01358516,0.98869617
0.98444393,0.02376927,0.00529789,0.99974967
9.71717177e-01,8.30578816e-02,1.55122909e-04,9.86438207e-01
0.96232133,0.00484797,0.00378607,0.99794077
0.996142,0.06913892,0.01544875,0.99998311
9.42060862e-01,9.05652950e-02,9.38697252e-04,9.90432450e-01
0.90542968,0.02885202,0.07263834,0.97803156
9.61915012e-01,7.78405110e-03,2.00414568e-04,9.83488300e-01
9.85402680e-01,6.36717143e-04,6.52323315e-02,9.87065147e-01
0.96057532,0.03206054,0.00323026,0.99758246
0.99446515,0.00311922,0.05499525,0.99496938
0.92210188,0.08263616,0.01717003,0.99280559
0.92012679,0.00749528,0.09752542,0.99147158
9.66070927e-01,1.43645725e-04,3.25532966e-02,9.32850927e-01
0.93862859,0.04015623,0.00727926,0.95888262
0.92147621,0.0050468,0.0021887,0.98558655
9.23002820e-01,3.41084874e-02,6.67840205e-04,9.91764910e-01
9.34926013e-01,5.70820278e-04,5.66931388e-03,9.94134359e-01
0.9678838,0.04835552,0.00357591,0.99847126
0.90706169,0.02277487,0.00201427,0.98961065
9.48718176e-01,7.54615412e-05,4.57152317e-02,9.71984113e-01
0.98374913,0.00189391,0.01601125,0.96117739
9.05104964e-01,3.56257217e-04,6.15181861e-02,9.39766022e-01
0.96570292,0.02064048,0.02424334,0.99873747
9.21284422e-01,6.95678617e-04,4.36771998e-02,9.80133977e-01
9.42803402e-01,4.18494276e-04,2.99970646e-02,9.96329953e-01
9.08342016e-01,9.16518937e-06,6.18290108e-02,9.89187864e-01
0.99272145,0.00799979,0.0122233,0.99970618
0.99912106,0.09617238,0.05833913,0.99801112
9.58654153e-01,5.84632374e-02,2.60032490e-05,9.45743267e-01
9.35602149e-01,6.20782243e-04,1.56548119e-02,9.55392298e-01
0.95716327,0.09993472,0.0070756,0.99788373
0.92577874,0.08499944,0.07716063,0.99050849
9.31425642e-01,1.59636509e-02,4.02001179e-04,9.77981178e-01
0.98211025,0.08737836,0.01852742,0.99890422
0.97661018,0.04441047,0.04787853,0.99924449
0.98688623,0.05430604,0.01953504,0.9963632
0.98942564,0.00119211,0.05401942,0.99986605
0.97133798,0.00381701,0.00861801,0.99848002
9.17581542e-01,7.56700898e-04,2.93909316e-03,9.78817488e-01
0.95194583,0.00534744,0.0045319,0.9974328
0.98778116,0.00344431,0.08264816,0.9998114
9.11744178e-01,6.05807480e-03,8.67345268e-04,9.90434140e-01
9.66067634e-01,1.11315675e-02,4.13046773e-04,9.98539362e-01
9.06582586e-01,1.38289813e-05,7.73069758e-02,9.81426474e-01
9.58492138e-01,2.62728593e-03,4.99343712e-04,9.92491516e-01
0.99044433,0.01213441,0.02986826,0.99934761
0.98020453,0.01509797,0.00330184,0.98956149
0.9899146,0.09721933,0.06195369,0.99989516
9.91955069e-01,6.19391845e-04,9.07173173e-02,9.92182438e-01
0.95780069,0.07535111,0.06040081,0.99739484
9.10613510e-01,1.61075122e-04,4.73423724e-02,9.62083380e-01
9.15802047e-01,3.18104967e-02,2.36945991e-04,9.73733049e-01
0.94754614,0.02335356,0.00137679,0.99590986
0.95865139,0.05224352,0.09646796,0.99814261
9.56200264e-01,7.03187225e-03,5.74198878e-04,9.51689852e-01
0.93387016,0.01270003,0.03338314,0.99376235
0.98474301,0.00170153,0.03680134,0.99932561
0.99738335,0.02523148,0.09113005,0.99805476
0.98016263,0.00366363,0.04576045,0.99957716
9.16826030e-01,5.50033944e-04,4.32526825e-03,9.59965396e-01
0.98673062,0.00984159,0.0168927,0.99652
0.94154879,0.09265337,0.06586484,0.97383459
0.90020148,0.0825721,0.03571735,0.9392131
0.92083014,0.01181925,0.01784846,0.98955332
9.35750155e-01,6.15928925e-04,9.03743528e-02,9.91317265e-01
9.41769873e-01,2.16597806e-04,1.57377834e-02,9.96191067e-01
0.97330819,0.00512617,0.00147642,0.99889893
0.98414974,0.03525009,0.02229599,0.9946491
0.99175975,0.06914313,0.09337637,0.99992971
0.99152971,0.01235599,0.00515557,0.9816385
0.94853098,0.0919023,0.00329738,0.98894395
9.31446878e-01,4.80020039e-04,3.62611030e-02,9.92036175e-01
0.9807933,0.05526713,0.00391449,0.99377211
9.14122972e-01,1.20415354e-05,6.95299441e-02,9.74588777e-01
9.48229157e-01,4.55436760e-05,4.38426596e-02,9.97009701e-01
0.93935575,0.06711075,0.05665259,0.99519751
0.94464806,0.00319208,0.00404301,0.99572869
0.99074749,0.04768915,0.01845634,0.99988081
0.9538588,0.00822389,0.01688379,0.96754247
0.98933306,0.01540579,0.01835858,0.99986768
0.99435321,0.00749187,0.01669377,0.99996755
0.97776466,0.09095017,0.00547789,0.98337854
0.91833537,0.02434729,0.00912981,0.99214477
0.99594026,0.09658978,0.03007568,0.99997467
0.99337229,0.06547127,0.006276,0.99994895
0.94138581,0.05742893,0.00189752,0.99611358
0.94497608,0.01373876,0.07907618,0.99611501
9.69916791e-01,1.18728366e-04,8.92342543e-02,9.99015317e-01
9.48602869e-01,1.11279842e-02,3.69558794e-04,9.96224079e-01
0.94186196,0.00228219,0.00229516,0.99562948
0.9569082,0.05183171,0.00374453,0.98589128
0.92942921,0.008364,0.00097945,0.9755834
0.91926495,0.07411207,0.00114213,0.99212209
0.9968509,0.05325235,0.06533893,0.99994289
9.37229204e-01,1.22253167e-04,3.97726602e-02,9.95222234e-01
0.98800429,0.04042383,0.02170236,0.99525601
9.73295615e-01,3.71483230e-02,5.09154695e-04,9.81023063e-01
0.9980449,0.03317761,0.03260917,0.99999433
0.90441706,0.00453997,0.00494808,0.97051429
9.20087460e-01,1.71979284e-03,5.98551094e-04,9.90275206e-01
9.43872805e-01,9.84414721e-04,9.62919629e-02,9.94966547e-01
0.98802539,0.08956018,0.03612448,0.99985313
0.97421969,0.09131607,0.05390529,0.97453431
0.95817027,0.02421335,0.08832171,0.99806981
0.98700946,0.05928739,0.02139285,0.99971831
0.98875653,0.00492537,0.0410818,0.99986789
9.55343777e-01,1.85623265e-02,7.13686099e-04,9.62025382e-01
9.22842063e-01,7.96881471e-02,4.23996076e-04,9.93056951e-01
9.53967205e-01,2.25281350e-04,5.18765268e-02,9.97617660e-01
9.35726187e-01,6.53791882e-02,5.39780884e-04,9.80560266e-01
0.98507064,0.01900113,0.00951513,0.93450644
0.97462441,0.01731961,0.0215677,0.99861263
0.98356093,0.00865539,0.00100404,0.99917934
0.93777215,0.08279363,0.0093623,0.99354095
9.48107736e-01,1.16265262e-05,9.59348355e-02,9.96237708e-01
0.9842959,0.04391841,0.00127505,0.99968205
0.98588475,0.02716872,0.02616525,0.999794
0.98034148,0.03446309,0.01310753,0.99959227
9.06702454e-01,3.47463270e-04,2.07426849e-02,9.53829031e-01
0.97953402,0.05060204,0.00132642,0.99764752
0.97890402,0.00102949,0.08712117,0.99949358
0.96303633,0.01244,0.00129966,0.99639327
0.96003617,0.00841736,0.01789896,0.99750843
0.99027342,0.05731974,0.00479554,0.99990373
0.99217877,0.01563346,0.0575373,0.99993786
0.91908432,0.01683387,0.06328988,0.991824
0.91294591,0.00328725,0.00210324,0.99006131
0.96496523,0.00498434,0.06567087,0.99808412
0.97819654,0.01556492,0.03688993,0.99346099
0.91963089,0.08831791,0.02152575,0.94034637
9.59858757e-01,9.04743123e-02,2.05180947e-04,9.97879918e-01
9.06328073e-01,3.78818477e-05,8.99444778e-02,9.89153565e-01
0.99299279,0.08561284,0.01585952,0.99481011
0.9778445,0.08098473,0.00399126,0.93322526
0.92657722,0.01611259,0.04246541,0.98697336
0.97434711,0.01097098,0.00377459,0.93051791
9.52462712e-01,6.15017134e-02,3.25618264e-05,9.96154422e-01
0.98535504,0.05430065,0.00337164,0.9991301
0.94054325,0.00541355,0.04215078,0.99543948
0.96086549,0.00202717,0.01078045,0.99800996
0.99291136,0.0945791,0.04028357,0.99140797
0.92093548,0.06434563,0.00304277,0.99188847
0.95844847,0.00277911,0.00516419,0.99812395
9.57970055e-01,8.49757022e-04,2.46809460e-03,9.97697509e-01
0.9694145,0.00411347,0.03724853,0.99841435
0.99549524,0.01756899,0.08756377,0.99982361
0.97604935,0.0199184,0.00429515,0.99599883
0.96393633,0.05602385,0.0058559,0.99766999
0.99823982,0.08527643,0.02907768,0.92332313
0.99531036,0.0190824,0.03456486,0.9999548
0.97768745,0.01634267,0.00904345,0.99850389
9.30459324e-01,8.72272429e-02,9.88144194e-04,9.94444225e-01
0.97955056,0.00519259,0.00629257,0.9974904
0.96031374,0.00399527,0.09455181,0.99828625
9.34380124e-01,3.37145710e-02,1.42986978e-05,9.76397239e-01
0.95115241,0.00268964,0.00403995,0.99735368
9.30070055e-01,5.04554361e-02,5.93119953e-04,9.21617916e-01
0.99684256,0.09705946,0.01410915,0.99997916
0.99656399,0.0540243,0.035108,0.99658063
0.96402167,0.06947768,0.00385449,0.99836791
9.38627359e-01,6.33467463e-05,6.84041006e-02,9.95374611e-01
0.95462904,0.00209486,0.07309772,0.9971661
0.94681135,0.00106827,0.08482145,0.99459217
9.25223935e-01,7.89914607e-06,4.68531650e-02,9.93171552e-01
0.99315814,0.0054649,0.03517742,0.98832865
0.96914539,0.00567611,0.0268585,0.99867494
0.90139587,0.0849108,0.00260857,0.98053105
0.9138355,0.05339088,0.01825573,0.91792218
0.99260737,0.04733413,0.03154827,0.99993005
0.97590228,0.01529674,0.025168,0.99795951
0.98485649,0.06584998,0.09705962,0.99976203
9.81972723e-01,9.92418555e-02,1.75297298e-04,9.99118941e-01
0.96142213,0.02081195,0.09458745,0.99838956
9.71991702e-01,8.22959300e-02,2.12903533e-04,9.98298738e-01
9.67516013e-01,6.05550327e-02,3.85539767e-05,9.12481997e-01
9.09006215e-01,4.59535332e-06,9.28897605e-02,9.45143418e-01
0.95241209,0.00205179,0.02357745,0.91573175
0.9444893,0.00730063,0.0676358,0.97668992
9.52131369e-01,3.99848744e-05,7.36550311e-02,9.97361690e-01
0.95770815,0.00177072,0.0541034,0.99804435
0.97396752,0.06116755,0.01957029,0.99554622
0.92690493,0.0014045,0.05006114,0.99372757
0.94626468,0.09606392,0.01501318,0.9967631
0.99810848,0.03989577,0.02263651,0.999
0.93921793,0.01144707,0.00237632,0.99450853
0.99269389,0.08823586,0.00216079,0.93161956
0.94616994,0.00777643,0.00615703,0.99516124
0.93559683,0.07001111,0.00417729,0.99243975
0.97600955,0.0051608,0.02813907,0.99937595
9.73890369e-01,1.28060287e-04,7.19488712e-02,9.78550850e-01
0.98474436,0.07366514,0.00434579,0.99958288
9.19383650e-01,8.96973864e-04,2.53766707e-02,9.92123788e-01
0.94044317,0.00295709,0.08790941,0.99217004
0.98260605,0.07226625,0.01082291,0.99949411
0.98539387,0.00110094,0.05408596,0.99956589
9.07679414e-01,5.21421101e-03,2.46655891e-04,9.89664445e-01
0.96028802,0.00125007,0.0304411,0.99052731
9.48210862e-01,4.17316038e-04,4.66309556e-02,9.87504846e-01
9.10542053e-01,7.92733665e-06,7.63902895e-02,9.90431902e-01
0.95510003,0.0349334,0.00503915,0.98209289
9.12853659e-01,1.71943235e-04,3.03796518e-03,9.90941616e-01
0.9414026,0.00605144,0.00478714,0.98617723
0.90833318,0.00668003,0.0329678,0.99104556
0.98910153,0.0215543,0.08835772,0.99987858
9.15158285e-01,1.96732572e-02,1.44687185e-04,9.90001435e-01
0.96476298,0.09896453,0.01698648,0.99826226
0.97257152,0.00552118,0.02890911,0.9977849
9.27790116e-01,1.62011793e-02,5.87082463e-05,9.45732527e-01
9.80345874e-01,4.26137572e-02,5.47594378e-04,9.99563907e-01
0.95761032,0.0681218,0.07564687,0.9891131
0.98300893,0.02226221,0.09520886,0.94848177
0.96788919,0.03636438,0.05047483,0.99700046
0.95699374,0.0059488,0.0476109,0.9980312
0.99001317,0.03202069,0.00106182,0.99681544
9.11056927e-01,8.41017998e-05,8.21157118e-03,9.89238647e-01
0.97092304,0.05436591,0.04999458,0.92345347
9.71476402e-01,1.98356593e-02,4.76201774e-04,9.99136898e-01
0.95996988,0.02085738,0.02726572,0.99763293
0.97596426,0.00386286,0.00636643,0.99716213
0.98453141,0.01250149,0.05239579,0.99855004
0.99376029,0.00776619,0.04018456,0.99947743
0.99527428,0.00192978,0.08980014,0.99832692
9.44009933e-01,2.19839204e-04,4.96806344e-02,9.93704520e-01
0.99838317,0.05440779,0.03706407,0.99999707
9.71479286e-01,4.98831696e-02,1.03141419e-04,9.96409256e-01
0.99745977,0.04120305,0.02351449,0.94738984
0.98888538,0.03990564,0.00743644,0.99986279
0.98893946,0.06191904,0.01130291,0.99568421
0.99610563,0.05987454,0.01452183,0.98226379
9.52970525e-01,9.35201662e-02,4.69838672e-04,9.97567166e-01
0.98152815,0.00834895,0.08953234,0.99960291
0.98945894,0.05784663,0.00409203,0.9998658
0.97504612,0.02007675,0.00404733,0.98968064
0.92600053,0.01608556,0.00934947,0.99351382
0.96711937,0.00297957,0.00913269,0.99816765
0.9054594,0.00835152,0.01752485,0.93134468
0.99382939,0.00128102,0.07160789,0.99056625
9.19468050e-01,2.07475398e-02,1.16413852e-04,9.92083628e-01
0.9875409,0.08847122,0.0468913,0.95553235
0.91077744,0.02486996,0.00483719,0.99039379
0.98301089,0.00965283,0.09656987,0.99955782
0.94908863,0.00158877,0.09865903,0.99705951
0.98331685,0.03704254,0.09610088,0.99971145
9.70372808e-01,7.26213026e-02,5.55663096e-04,9.98751248e-01
9.38591411e-01,7.23492885e-02,2.02905021e-04,9.89436503e-01
9.30011102e-01,8.63478584e-05,1.85368005e-02,9.75371410e-01
0.99285374,0.06556021,0.02509608,0.99992612
0.91106774,0.04642908,0.0604571,0.92701672
0.95088265,0.03170675,0.00713573,0.99733706
0.93230109,0.00520966,0.07138115,0.94500921
0.99489674,0.07023609,0.04617594,0.99997018
0.9716821,0.0466126,0.04391615,0.9990024
0.92496023,0.05330418,0.00723582,0.94467705
0.9699593,0.02717344,0.0796251,0.99856245
0.99202353,0.02858635,0.0763642,0.99993402
0.92421686,0.04040856,0.00622881,0.99088531
0.99274949,0.0145962,0.00856564,0.99992056
9.89948779e-01,8.65120682e-04,5.75701896e-02,9.99892643e-01
9.81195234e-01,8.83777671e-03,9.75008207e-04,9.99632656e-01
9.00346880e-01,3.84318687e-04,8.68709092e-03,9.87886352e-01
0.99239629,0.01007492,0.09507746,0.92679035
0.98694634,0.00874371,0.04161645,0.99946333
0.95484183,0.06024135,0.01084619,0.99779738
0.94758095,0.00283073,0.06062648,0.99266312
9.60228920e-01,8.79673309e-04,7.03439652e-02,9.98272443e-01
0.98578264,0.0031905,0.01466889,0.99581643
0.9351218,0.06134055,0.03190744,0.99521612
9.05719147e-01,4.94482827e-02,5.13366494e-04,9.10100896e-01
0.92217579,0.04846735,0.05573987,0.98879173
9.19898089e-01,1.43675759e-05,7.92550386e-02,9.70847852e-01
9.00646999e-01,1.34389456e-04,4.43044692e-02,9.87639618e-01
0.95219315,0.01002419,0.02727946,0.96891788
0.97374986,0.0057202,0.0710054,0.99442069
0.91618619,0.04407488,0.00275391,0.99167309
9.47923872e-01,6.15244991e-02,2.09138283e-04,9.96890701e-01
0.99056283,0.02335826,0.01300933,0.99541163
0.99578582,0.06690252,0.03574574,0.99982252
9.25088233e-01,4.75676988e-05,1.27401032e-02,9.93266812e-01
0.98479212,0.04758045,0.05236479,0.99872405
9.49408237e-01,1.66857523e-05,8.57844009e-02,9.91791668e-01
0.95689058,0.01184895,0.04284709,0.99796129
0.9626262,0.00182338,0.01216881,0.99682826
0.90558188,0.04272055,0.00669539,0.9668747
0.99653096,0.05183888,0.03815923,0.99998172
0.94687254,0.00407759,0.00826732,0.98454409
0.90261331,0.00136879,0.01804965,0.97108026
9.85957081e-01,3.33391033e-02,5.66613093e-04,9.99783982e-01
0.90036698,0.01843799,0.01395511,0.98788306
0.9674445,0.00161357,0.03243323,0.99883895
0.99341699,0.01172597,0.02793112,0.95259804
0.98393186,0.01646474,0.0211492,0.97927763
0.91953415,0.07727542,0.01912695,0.99240054
9.18139969e-01,5.92029585e-03,2.15422593e-04,9.92049167e-01
0.97281068,0.00973301,0.00347725,0.99873638
0.99735945,0.02325467,0.01273165,0.99998653
0.99432972,0.09015961,0.06792627,0.99994967
0.96911424,0.00501182,0.02636054,0.9989846
0.96434419,0.01582961,0.00158153,0.99753174
9.20637315e-01,1.31673295e-04,8.61386120e-03,9.71791232e-01
0.9620133,0.05063093,0.00191253,0.93297097
0.98693002,0.00224136,0.08256568,0.99982424
9.72081304e-01,7.21948547e-02,1.86034604e-04,9.99133835e-01
9.56357075e-01,3.74807109e-04,4.37461519e-02,9.96150845e-01
0.98302301,0.00383306,0.0675088,0.99038966
0.92685311,0.00293794,0.06274606,0.99312546
0.92168389,0.00894143,0.01104237,0.99206814
0.94637957,0.00326987,0.02197448,0.93466477
0.99419142,0.06053695,0.01780573,0.99963347
0.92332076,0.01084386,0.00238094,0.99247598
0.91367884,0.00995878,0.02506385,0.99100481
0.94504883,0.01793207,0.04201601,0.9416029
9.20623112e-01,7.20412235e-03,1.77781923e-04,9.81491368e-01
9.68533978e-01,5.40033300e-02,7.72041708e-04,9.98330234e-01
0.93160453,0.01080225,0.01038155,0.99409313
9.04744588e-01,2.56635348e-05,4.79150522e-02,9.88499424e-01
0.9805376,0.00581636,0.0460516,0.99224879
0.97054593,0.00472616,0.02362634,0.96561423
0.92937434,0.01872997,0.09835019,0.99421786
0.9844378,0.02087603,0.01498373,0.9987565
9.90034689e-01,7.31376199e-04,3.03834619e-02,9.99885965e-01
0.92627712,0.01166106,0.01559867,0.98597161
9.45092539e-01,1.74165744e-04,4.72485740e-02,9.84805487e-01
9.32196876e-01,8.99388238e-03,8.78875103e-05,9.82197219e-01
0.96412724,0.01768384,0.03266699,0.99783635
9.46988384e-01,8.50850351e-04,5.55210821e-02,9.82487827e-01
0.98915711,0.03831894,0.00284726,0.99983233
9.40612867e-01,5.56701309e-03,8.15438487e-04,9.50546419e-01
9.86141070e-01,7.88887389e-02,6.36880590e-04,9.99801727e-01
0.98552311,0.00138501,0.03121005,0.96923084
0.96210021,0.00702081,0.02162419,0.996972
0.96896835,0.00363564,0.00297841,0.99818417
0.98092056,0.00599926,0.00315735,0.99559891
0.98789635,0.02153112,0.06338388,0.99948453
0.99903063,0.09274335,0.0681243,0.99978863
0.90793148,0.09360395,0.00132256,0.98913821
0.96799929,0.0050432,0.03612394,0.99656758
0.99213404,0.00823238,0.08939308,0.99909337
9.53177943e-01,1.50714393e-04,9.19137103e-02,9.89205057e-01
0.95227177,0.02068583,0.01876511,0.99730876
0.9753191,0.00181693,0.00325264,0.99935902
9.04441980e-01,5.49409946e-03,9.67183978e-05,9.88953090e-01
0.99769865,0.07286336,0.05288401,0.9999941
0.99123977,0.05996165,0.00117062,0.99991648
0.98081906,0.00264438,0.0347158,0.98931378
0.94437083,0.03492941,0.00687829,0.99501802
0.94065974,0.09076346,0.05100317,0.99592494
0.98300732,0.04669349,0.02205602,0.99970032
0.99004194,0.06467907,0.07244711,0.999892
0.98826419,0.09662024,0.04255131,0.97912429
9.85938943e-01,6.64503103e-02,3.40139897e-04,9.99745726e-01
9.66162815e-01,3.95995442e-02,7.11868429e-04,9.98702916e-01
0.96590751,0.02243136,0.01519,0.94120524
9.16430485e-01,6.59269955e-02,6.01020952e-04,9.79597924e-01
0.98445413,0.05660881,0.00408684,0.99971429
0.9877773,0.00322518,0.05132803,0.99911984
0.98010339,0.00166564,0.04011506,0.99954859
0.99467909,0.0530275,0.08125395,0.99870698
0.98278952,0.0155477,0.01161098,0.99820756
0.91636762,0.04076029,0.01659327,0.99172906
0.99853626,0.03190459,0.09275016,0.9993016
0.95531443,0.07808832,0.00138172,0.99781642
9.32584922e-01,4.46732412e-05,3.45661950e-02,9.65574317e-01
0.96924807,0.08557672,0.03346687,0.99721626
9.75393083e-01,4.74267725e-04,7.50772329e-02,9.99167452e-01
0.99484915,0.00630697,0.05178584,0.9878591
0.95250181,0.0029091,0.00104919,0.99741339
0.95277426,0.00124325,0.00641377,0.9968093
9.86401999e-01,2.77167849e-04,6.61310349e-02,9.99800901e-01
0.93053889,0.00211886,0.0988045,0.9927261
0.97311315,0.0374873,0.03155516,0.99889313
9.35884488e-01,9.20559398e-04,7.45900709e-02,9.94217175e-01
0.96157805,0.00250807,0.07083111,0.99778176
0.90468272,0.01519827,0.03045098,0.9827578
0.9436336,0.00677875,0.00304954,0.99642817
9.04543059e-01,8.10939332e-03,5.38795892e-05,9.80590074e-01
0.98622504,0.01855961,0.00121963,0.99977899
0.97664689,0.09619518,0.0233674,0.99941387
0.99725963,0.03565026,0.07999185,0.99991159
0.95158994,0.00134654,0.0270576,0.97967928
0.98767382,0.00228508,0.01070257,0.99984225
0.99054427,0.00555117,0.0163939,0.98683737
0.99415032,0.01330763,0.01326459,0.99996443
0.99730687,0.08178975,0.05702199,0.96868899
9.14664746e-01,3.64547076e-03,5.22249793e-04,9.54535212e-01
0.98805428,0.01509784,0.00696776,0.9481659
9.27864204e-01,5.15526057e-04,2.86248171e-02,9.93985626e-01
0.995338,0.01402676,0.02991772,0.99997722
0.9331253,0.00318063,0.09265123,0.98463663
9.23412760e-01,3.26795086e-02,9.07927527e-05,9.92935320e-01
0.99734835,0.04450587,0.07101532,0.99947668
9.03405845e-01,1.10716911e-02,6.41062957e-05,9.87693044e-01
9.63361627e-01,5.20223550e-04,1.63542657e-02,9.97090731e-01
0.96285959,0.08893087,0.07021475,0.97938089
9.00764861e-01,3.69431742e-02,1.68945389e-05,9.87891588e-01
0.99664223,0.02730685,0.00843439,0.99384522
0.94411635,0.00274335,0.06859646,0.99025331
0.91933716,0.0485946,0.05082736,0.99202666
0.98636437,0.00261535,0.05523447,0.99977849
0.9900798,0.02678986,0.01934502,0.998222
0.96959723,0.08907764,0.00192081,0.9989997
0.97905972,0.01613158,0.01333577,0.99943633
0.93178298,0.01534086,0.01494056,0.99276467
0.95957292,0.01038306,0.05089779,0.99812608
9.35764068e-01,1.48568977e-04,1.71737711e-02,9.95120990e-01
0.98646407,0.06453351,0.00163507,0.98606193
0.96692379,0.04265398,0.04156771,0.9165937
0.98925154,0.00400212,0.07331802,0.99988071
0.98497264,0.05414705,0.00247142,0.99908919
9.81153895e-01,2.86456244e-04,4.66709842e-02,9.71075882e-01
0.97928864,0.00965024,0.01523275,0.99926241
0.97081368,0.02042219,0.00227241,0.99905113
0.992774,0.01208147,0.08232805,0.99937114
9.59537890e-01,2.02002348e-02,6.53642479e-04,9.87865485e-01
9.86966607e-01,7.82769241e-04,6.69370921e-02,9.99819740e-01
0.99636374,0.01801819,0.04680073,0.96483454
0.99021689,0.02879321,0.00559181,0.99985482
9.02536779e-01,2.70114670e-04,4.23990486e-02,9.52355788e-01
0.99645574,0.08028002,0.08330018,0.9045315
0.918663,0.02213132,0.02231474,0.98840349
0.99739817,0.06006169,0.05346482,0.99985103
9.67353125e-01,1.75902951e-02,1.10304477e-04,9.96944949e-01
0.99715167,0.08824837,0.09169959,0.99999104
9.33573912e-01,2.30542012e-03,7.48041808e-04,9.68838295e-01
0.97563287,0.01553387,0.00894029,0.99924489
0.98979678,0.0325543,0.09980619,0.99985959
9.34566696e-01,8.02740261e-04,2.02115844e-02,9.92510425e-01
0.95509157,0.00170834,0.06656177,0.99775888
9.56069990e-01,7.44101945e-02,2.65426389e-04,9.97893096e-01
0.99357703,0.01523087,0.01815679,0.99995614
0.97289701,0.01005751,0.00293564,0.99922448
9.54009349e-01,1.89008236e-04,5.98208986e-02,9.93341996e-01
0.98503968,0.09434293,0.0251026,0.99962426
9.28626051e-01,7.74017602e-02,2.77781906e-04,9.93237773e-01
0.96683809,0.00140405,0.00556501,0.97224924
0.93271873,0.00157577,0.00482725,0.9772057
0.99409538,0.05076173,0.03288625,0.99830525
0.9920191,0.06944367,0.03597782,0.99989717
0.96468012,0.01180527,0.00120936,0.9761704
0.9872996,0.00400288,0.0593861,0.90554447
0.96800974,0.00283155,0.0041606,0.94625205
0.92594688,0.00182631,0.07864035,0.9813283
9.21179558e-01,4.67401854e-03,5.56464413e-04,9.87105989e-01
9.55175937e-01,3.27581234e-04,3.67177648e-02,9.97592747e-01
0.98550035,0.08454523,0.00653722,0.99974365
0.99209314,0.00970879,0.04924071,0.91592677
0.98088347,0.00151672,0.02949526,0.99962067
0.99198552,0.0014641,0.0961654,0.99806603
0.97901297,0.01244443,0.00812158,0.99952675
9.12272268e-01,5.93426252e-05,3.75379502e-02,9.51239158e-01
0.99863566,0.06163484,0.09555629,0.99999806
0.98469305,0.00830002,0.0673366,0.99937771
9.27043025e-01,2.07869753e-02,4.97406580e-05,9.06148062e-01
9.19354497e-01,3.23352567e-02,6.62663625e-04,9.76246047e-01
0.99327739,0.0465031,0.00784202,0.9999402
0.987942,0.0543184,0.00783192,0.99974213
9.79772674e-01,5.84458485e-04,8.43426864e-02,9.98079317e-01
9.28754965e-01,9.83982295e-02,1.35071797e-04,9.22872463e-01
0.98173772,0.02375183,0.06333527,0.9954666
0.95431258,0.05891677,0.00304636,0.99761597
0.99864864,0.07122114,0.04045484,0.95787506
9.68787760e-01,7.84425425e-04,6.92673411e-02,9.63758312e-01
0.99884427,0.05066843,0.09191162,0.99999866
0.92443633,0.03484658,0.00980495,0.99307704
0.93618434,0.0924012,0.06090203,0.9953265
9.04929306e-01,6.67355736e-04,1.33337429e-02,9.88793622e-01
0.98382469,0.01563692,0.08319467,0.99778943
9.00603174e-01,8.80152204e-04,1.28936276e-02,9.30995645e-01
0.9938829,0.03716534,0.06319646,0.99995984
9.50740826e-01,2.48302601e-04,9.30611257e-02,9.97245039e-01
0.99410614,0.04590227,0.00622245,0.99838527
0.98802026,0.00555525,0.0619462,0.99982858
9.56617549e-01,2.90362439e-04,2.65393726e-02,9.97917041e-01
0.98884672,0.0266071,0.00549158,0.99986781
0.97823642,0.03144351,0.00718958,0.99931102
9.56124875e-01,1.69132153e-04,1.80799272e-02,9.02422885e-01
0.95108962,0.09400142,0.00246936,0.99734181
0.98158911,0.0294128,0.0114888,0.99963392
0.91015146,0.03703291,0.01962952,0.99034825
9.66274263e-01,1.10523511e-04,3.32083524e-02,9.90106325e-01
9.11424584e-01,9.19260418e-05,7.82208588e-02,9.76110467e-01
9.24568572e-01,6.57131511e-02,7.53655028e-05,9.93298555e-01
0.95741272,0.09043711,0.01584776,0.99433188
9.90713730e-01,5.43664929e-02,9.30531874e-04,9.99910764e-01
0.96142263,0.00862831,0.02550983,0.94400195
9.47112522e-01,9.27637812e-02,8.20390821e-04,9.94994684e-01
0.9984675,0.02730604,0.03576928,0.99999691
0.97540279,0.08962947,0.00523694,0.99936124
0.959626,0.00503849,0.00330871,0.96200336
0.97181805,0.00153433,0.01464646,0.99856847
9.45597714e-01,7.50344376e-04,4.40149170e-02,9.96767552e-01
9.53412113e-01,5.31228412e-03,2.32990691e-04,9.92754637e-01
0.98437646,0.0099974,0.02851618,0.92720764
9.50801833e-01,3.71839550e-05,6.44049329e-02,9.93328046e-01
9.21481891e-01,4.93671790e-05,3.77004206e-02,9.91603018e-01
0.91364041,0.00166028,0.06463787,0.9911119
9.29269022e-01,9.59390107e-04,1.89364061e-02,9.94012433e-01
9.63082714e-01,4.69567614e-03,6.31258584e-04,9.98275397e-01
9.74174383e-01,5.29716228e-02,2.28244062e-04,9.93557444e-01
9.44518482e-01,8.95787099e-04,8.84891803e-02,9.30992506e-01
0.96148735,0.00720886,0.02133568,0.96645763
0.99512389,0.09444011,0.00930021,0.99997548
0.98071684,0.00160582,0.06952759,0.98364327
0.97791628,0.01671354,0.01316982,0.99898171
9.46352158e-01,1.24920036e-04,6.21117679e-02,9.95220430e-01
0.94982585,0.0016635,0.00152663,0.99621722
0.98944982,0.09535018,0.00161673,0.99620605
0.99195322,0.05134065,0.0583367,0.91980819
0.98118442,0.00179609,0.03824706,0.99962779
9.80687215e-01,6.44727822e-02,3.54286060e-04,9.52093393e-01
0.93267381,0.01022622,0.03898235,0.99400914
0.96798436,0.01119285,0.03338456,0.98118323
0.9914804,0.07383094,0.02959251,0.99992391
0.92921362,0.02434791,0.02267696,0.97909272
0.94439179,0.06607355,0.00534656,0.9914338
9.43399442e-01,3.16987843e-04,8.03432696e-03,9.84232131e-01
9.24890131e-01,2.34959057e-02,7.79564484e-04,9.87443904e-01
0.90331368,0.03817771,0.00150961,0.97083851
0.95264419,0.00796505,0.01154999,0.95989908
0.91644098,0.00190292,0.09214392,0.95966965
9.13342261e-01,4.32985915e-04,2.66761276e-02,9.90327964e-01
0.9059749,0.00103128,0.0252557,0.98933824
0.96032245,0.00502461,0.00116534,0.93735496
0.95454594,0.03684743,0.09688824,0.99285121
0.99352056,0.08956917,0.00160376,0.99995115
0.9931102,0.07138686,0.01130278,0.99981244
9.66018570e-01,2.54258225e-02,3.75839756e-04,9.98712872e-01
9.77441408e-01,4.04900795e-02,4.72673323e-04,9.88430374e-01
0.96532242,0.00845248,0.01181597,0.99321637
9.08109088e-01,8.68655958e-03,6.02209125e-04,9.85898839e-01
0.99426587,0.03038741,0.0092105,0.99991264
0.98211007,0.03596312,0.00347524,0.92872972
0.98345993,0.00264678,0.02336171,0.99918277
0.99542624,0.01221309,0.01901388,0.9998685
0.98012425,0.00872255,0.00732585,0.99956885
9.02390036e-01,4.22419375e-04,1.69899229e-02,9.72999562e-01
0.99772014,0.07239127,0.08334802,0.99980589
0.96270409,0.00218738,0.06601764,0.99668751
0.98005413,0.00120511,0.02549658,0.99935357
9.43666035e-01,3.29845048e-04,2.23034627e-02,9.90789814e-01
9.78929863e-01,4.22811834e-04,1.57594476e-02,9.99085168e-01
0.95244474,0.07097315,0.00182873,0.9974824
0.99101892,0.07132321,0.03214934,0.999824
0.9510064,0.01520528,0.00148884,0.99675173
0.96704493,0.00721087,0.08156319,0.99883883
9.53599317e-01,5.29338070e-02,7.97538289e-04,9.70164634e-01
0.9877641,0.0037832,0.05076639,0.99824789
0.93898637,0.00794386,0.00435714,0.99428064
9.55933989e-01,8.24217092e-02,2.04148706e-04,9.97879293e-01
0.98603101,0.00823205,0.06589368,0.99979472
0.96416285,0.08964692,0.06910305,0.99853843
0.99760638,0.01084446,0.06157973,0.99999101
9.33817057e-01,8.83535074e-05,6.91269658e-02,9.41631993e-01
0.98523049,0.02206689,0.00211718,0.99969125
0.966509,0.00342938,0.0671748,0.99872949
9.69751441e-01,9.27379440e-04,2.78128682e-02,9.98565736e-01
0.93122025,0.00647226,0.04298646,0.99445517
0.99646841,0.01270984,0.03304542,0.99968813
0.96139294,0.00169047,0.00429635,0.99838835
0.93945887,0.00795142,0.0036687,0.99095972
0.98483605,0.01474925,0.02900342,0.99976172
0.96378959,0.01578718,0.01952227,0.99815243
0.97478244,0.00204625,0.01344375,0.99886712
9.53087680e-01,5.60631245e-03,8.07715679e-04,9.97289459e-01
9.55928538e-01,2.01916193e-04,7.67070832e-03,9.97763395e-01
0.95230472,0.00119076,0.07521921,0.99698583
9.34514494e-01,3.04622615e-05,5.06356587e-02,9.94914575e-01
9.77247923e-01,5.42364679e-04,1.56997701e-02,9.96307749e-01
0.98524429,0.07879623,0.00411386,0.99977378
0.99565831,0.08815597,0.02485856,0.99997939
0.99586375,0.00864542,0.06603919,0.97477253
0.96394988,0.001187,0.09601612,0.99850835
0.96223087,0.00469237,0.02969385,0.99846145
9.81207482e-01,7.43607650e-04,5.54520691e-02,9.59745115e-01
9.38002910e-01,6.16195085e-05,7.89290050e-02,9.91056470e-01
9.44926735e-01,1.96060150e-04,3.93159681e-03,9.60829762e-01
0.97184631,0.00304082,0.00380674,0.9990512
0.90588052,0.02155659,0.00311708,0.98799902
9.45890759e-01,6.97868305e-02,1.48684810e-05,9.51644795e-01
9.62599080e-01,4.30104973e-04,3.15886249e-02,9.98176410e-01
0.91973667,0.00363239,0.00426378,0.98709866
0.97985654,0.02027035,0.00179075,0.99638091
9.21530045e-01,5.33080239e-02,9.61703313e-06,9.92705753e-01
0.9655277,0.00665535,0.01720754,0.99870098
9.52089622e-01,7.18023246e-02,2.68954319e-04,9.96927184e-01
9.65542420e-01,9.35581733e-03,7.83213111e-04,9.98358329e-01
0.99651296,0.00662179,0.09427813,0.99998774
0.99229212,0.02733559,0.01945604,0.99990332
0.95838553,0.02503942,0.00544817,0.99758328
9.42806268e-01,6.80455803e-02,2.25639534e-05,9.95878319e-01
0.98782183,0.02644409,0.00250364,0.99943281
0.91761962,0.02339734,0.03687859,0.99146071
0.90548892,0.06575075,0.03478051,0.96364525
0.96485405,0.00122231,0.02781023,0.99806407
0.93438684,0.00189425,0.00131442,0.98330967
9.11525197e-01,1.96810810e-02,1.02586846e-04,9.42629501e-01
0.99449976,0.04193871,0.02420053,0.99996874
0.9570833,0.09711197,0.00626263,0.9979821
9.87718198e-01,6.23163437e-02,6.26305236e-04,9.99827714e-01
0.99352654,0.00422434,0.01604025,0.99993355
9.28320092e-01,4.88644831e-02,6.77325783e-05,9.93937156e-01
0.97314188,0.01125251,0.01898905,0.99786355
0.99880897,0.02379709,0.07676771,0.99999825
0.97991177,0.08571025,0.02661492,0.94387872
0.92294926,0.02058182,0.04643216,0.9929488
9.67017219e-01,6.39792123e-03,7.06653851e-04,9.96773810e-01
9.56068839e-01,6.88028432e-05,4.90569739e-02,9.97888968e-01
0.92598213,0.01545971,0.00113904,0.9589934
9.10466908e-01,3.63219142e-03,8.18838360e-04,9.85264164e-01
0.97899557,0.00470285,0.04877479,0.99952414
9.60704925e-01,5.19399276e-04,5.91897055e-02,9.97702435e-01
0.95451355,0.06298255,0.04163803,0.99366684
0.98533418,0.00536219,0.05081546,0.99971794
9.46142983e-01,2.63604878e-05,6.28567695e-02,9.96377995e-01
0.97450333,0.00961587,0.01865172,0.99004203
0.92751058,0.08238673,0.00168069,0.9915155
0.94735915,0.01923988,0.00800951,0.95511608
9.68823927e-01,6.65010637e-02,4.08515962e-05,9.94189813e-01
0.99829762,0.05750648,0.02291247,0.99999707
9.73181710e-01,4.03718624e-02,1.36376246e-04,9.87087954e-01
9.58302713e-01,6.79129099e-03,2.14177032e-04,9.97940717e-01
0.98311374,0.0109461,0.0497375,0.99916008
9.72819021e-01,2.19697370e-02,4.17313796e-04,9.12320278e-01
9.77051963e-01,4.73411024e-02,2.98570267e-04,9.97295806e-01
0.99117626,0.05351232,0.06889378,0.99991652
0.90345523,0.02001101,0.00174577,0.98828254
0.98373699,0.00858195,0.008006,0.99931533
0.93154404,0.05942396,0.00449497,0.98966709
0.99237154,0.04873211,0.00614599,0.99974592
9.61447518e-01,3.96799641e-02,3.15270042e-04,9.98262724e-01
0.98525901,0.05034965,0.0107657,0.99972656
0.99833744,0.07778307,0.03139819,0.98486109
0.98798765,0.04151055,0.02829293,0.99455864
0.9885104,0.00162381,0.07528822,0.99978158
0.97934245,0.00131091,0.01663004,0.99955444
9.06503793e-01,8.38774790e-02,4.87387535e-05,9.77753912e-01
9.56628046e-01,9.31779059e-05,3.43709918e-02,9.70450414e-01
0.97224085,0.03707407,0.02085868,0.99907424
0.93463976,0.00663035,0.02461471,0.99366527
9.31771704e-01,3.57543900e-04,2.75482870e-03,9.93128452e-01
9.52459435e-01,2.07241287e-04,9.62488084e-03,9.97043531e-01
9.41912051e-01,1.70556658e-03,7.57422551e-04,9.95205771e-01
0.94487817,0.05071647,0.08178475,0.99656937
0.99550965,0.04861979,0.06927522,0.98730847
0.98227577,0.0407545,0.0671629,0.96058861
0.9924022,0.0064034,0.01489324,0.99578129
0.99354099,0.0020427,0.03039111,0.99970047
0.98462422,0.02106091,0.01192281,0.99975364
9.56634848e-01,6.24413231e-02,6.49489105e-04,9.97717718e-01
0.95094474,0.03050789,0.00762233,0.91225567
0.90311086,0.01296871,0.04522512,0.98326888
0.9869687,0.06296568,0.00142555,0.95384684
0.96536552,0.00163417,0.04702638,0.99858039
0.99885376,0.09237964,0.09462021,0.9096222
9.51917448e-01,2.98826193e-04,8.57426167e-02,9.73208934e-01
0.99213652,0.01422632,0.04052913,0.9356286
9.86753940e-01,7.47901751e-04,2.44696822e-02,9.99819705e-01
0.94241657,0.09665604,0.09741595,0.99516964
0.99654845,0.02719586,0.02473597,0.99998722
0.99420191,0.00312142,0.04905706,0.99996392
9.26761002e-01,7.00645542e-04,9.44921218e-02,9.93792962e-01
0.95937048,0.00469515,0.08990778,0.98581719
9.28402046e-01,9.36863928e-05,2.00461506e-02,9.83665660e-01
0.91914055,0.0019769,0.00815343,0.97835834
9.21707324e-01,3.75461918e-02,3.34006002e-05,9.92753739e-01
0.91213047,0.0180025,0.06012302,0.99071935
0.91506006,0.00949906,0.00285268,0.91675353
9.57555284e-01,1.19539679e-02,6.24643674e-04,9.97860496e-01
0.99012848,0.01515776,0.09579223,0.97847206
9.02941832e-01,3.64827180e-04,7.29884112e-02,9.88316762e-01
0.97223012,0.01304459,0.00958956,0.961094
9.07750112e-01,1.14349544e-02,1.30790548e-04,9.89319617e-01
0.92812668,0.00775789,0.03169137,0.90138553
0.97901557,0.04813719,0.00956935,0.99950478
9.68720887e-01,7.17805109e-02,7.52756282e-04,9.96341675e-01
0.99757512,0.02426678,0.09037687,0.9996116
0.98536713,0.02833422,0.00710754,0.99839039
0.99247806,0.023515,0.00600881,0.99993924
9.34673244e-01,1.01521849e-02,1.00353830e-04,9.89612411e-01
0.96556209,0.00445488,0.0281365,0.99864584
0.95215425,0.09477532,0.03823626,0.99687045
9.58790564e-01,7.53123700e-02,9.36564807e-05,9.97974533e-01
0.99646005,0.02863754,0.04762951,0.9383966
9.17908883e-01,4.68016889e-02,9.83516939e-04,9.91992760e-01
9.05350302e-01,2.17194231e-04,3.76481827e-03,9.88847191e-01
0.99429161,0.033723,0.00537221,0.99994325
9.62347125e-01,7.86379519e-02,5.67528931e-04,9.53048747e-01
9.74654106e-01,3.89149578e-04,8.20287586e-02,9.34129987e-01
0.99402828,0.06833689,0.00199327,0.99995515
9.87544296e-01,9.19351702e-04,8.24498014e-02,9.98948350e-01
0.98843592,0.03743326,0.00115153,0.9998627
9.63768055e-01,6.61152370e-03,8.40310045e-04,9.98008695e-01
9.33895194e-01,5.62842479e-04,3.33104829e-03,9.56075335e-01
0.9541447,0.00775205,0.00460769,0.96169461
0.98866735,0.00739957,0.00360848,0.99982212
0.93868564,0.08776512,0.02963077,0.96975027
9.10045648e-01,9.67979032e-02,5.52540600e-04,9.69651148e-01
0.98426648,0.02145021,0.0035044,0.98957414
0.91492049,0.00216254,0.00316388,0.99130454
0.98841588,0.01054543,0.00349897,0.9998478
9.23986858e-01,6.10366525e-02,4.90665810e-04,9.85717297e-01
9.75359707e-01,9.28766128e-04,2.33511305e-02,9.91416894e-01
9.24651496e-01,2.43634333e-02,8.71700071e-05,9.89496262e-01
0.96253521,0.0993194,0.00171047,0.99020081
0.9839164,0.00313408,0.09203916,0.99973272
0.99373999,0.02545593,0.02653001,0.99990911
0.96177956,0.00841757,0.00530686,0.99842333
0.98780389,0.02415393,0.00516679,0.9998311
9.07693716e-01,4.46516734e-03,2.43543460e-04,9.89660527e-01
0.99628899,0.0777731,0.00335025,0.9994194
0.99946564,0.08344502,0.08816774,0.99999803
0.9716283,0.03903811,0.00726284,0.98646552
0.93571574,0.07111772,0.00934168,0.94185437
0.98842245,0.00168521,0.06937159,0.99976576
0.99844977,0.02651414,0.07996945,0.93288979
0.99558333,0.04631297,0.06410628,0.99997645
0.95047472,0.00939428,0.00108323,0.997288
0.99024692,0.06177257,0.01728402,0.99990297
9.64890890e-01,4.13701426e-02,2.56029185e-04,9.98726805e-01
0.90797217,0.00228866,0.00274488,0.9897524
9.81395834e-01,6.12525887e-02,9.74725997e-05,9.10686340e-01
0.98300439,0.00363508,0.02915142,0.99957588
0.96680456,0.05363394,0.04717592,0.99877459
0.99428165,0.05030192,0.01101902,0.99996011
0.9262064,0.02046009,0.06905284,0.9913049
0.95396843,0.00668566,0.08413348,0.99355121
0.91766477,0.0030191,0.00106509,0.96582242
0.97617018,0.00942695,0.01782367,0.99878141
9.45637632e-01,6.72782819e-02,9.61911599e-05,9.29628188e-01
9.10953814e-01,8.00256582e-02,1.25921785e-05,9.90158852e-01
0.97078764,0.01323898,0.00127895,0.99906852
0.97099661,0.00160286,0.00487497,0.97790923
9.67302924e-01,4.53140874e-05,6.57904033e-02,9.97597524e-01
0.98264665,0.00106242,0.06595034,0.99923006
9.73808502e-01,8.75073053e-04,1.24218500e-02,9.97307539e-01
9.49358841e-01,2.87339579e-04,7.84876158e-02,9.97162626e-01
0.9953032,0.09662942,0.09614126,0.9999778
9.55441506e-01,2.02702486e-04,7.33058005e-02,9.96230406e-01
9.78710454e-01,4.26756094e-04,1.11042200e-02,9.98889329e-01
0.96923581,0.00363619,0.04668172,0.99896768
0.92058219,0.00485844,0.00110837,0.99199224
9.44567366e-01,3.90313184e-04,2.31838679e-02,9.88728832e-01
0.9669699,0.09547504,0.00732006,0.99883186
0.92284065,0.01082395,0.03425625,0.96007474
0.99596914,0.05037254,0.06294837,0.99998356
0.98363572,0.00288183,0.09004799,0.99940336
9.58591175e-01,4.17969964e-04,2.02172685e-02,9.98137302e-01
0.97952622,0.06513349,0.08538984,0.99952086
0.95893961,0.07111547,0.00169203,0.96635918
0.94307597,0.00297779,0.0049299,0.99549401
0.99298209,0.06444994,0.08202698,0.96145455
0.99649871,0.04221538,0.01752243,0.91984162
0.97747833,0.04661153,0.00454546,0.9811965
0.99017686,0.02472915,0.00191088,0.99990153
0.97687509,0.07467536,0.00278302,0.99942567
0.98011548,0.0474748,0.04787228,0.99958699
9.27209886e-01,4.02548858e-04,2.24017814e-02,9.91626427e-01
0.97960976,0.08384896,0.03961563,0.99956668
0.9866491,0.00225478,0.0128655,0.99973531
0.98355454,0.01309333,0.03356725,0.99971944
0.9705415,0.01055367,0.00100921,0.99871995
0.97680415,0.00596056,0.05795489,0.99943039
9.33116768e-01,2.53049965e-04,5.56373182e-03,9.45209677e-01
0.98669643,0.0241037,0.00121607,0.9057268
9.46127852e-01,5.46985291e-04,3.13890988e-02,9.96719584e-01
9.70358475e-01,5.58110714e-03,8.64824955e-04,9.50684011e-01
9.29120451e-01,1.33620631e-05,5.69811288e-02,9.94087327e-01
0.98815493,0.0013109,0.09971053,0.99812287
0.9477958,0.00574841,0.09495998,0.99695689
9.40746648e-01,2.83097876e-03,3.71806617e-04,9.87680556e-01
0.91137041,0.0022702,0.01887599,0.99019708
0.90863133,0.01378127,0.01092723,0.9897021
0.9429446,0.02479638,0.01396686,0.99640493
0.90509687,0.09118821,0.06840077,0.98069244
0.94100561,0.00142324,0.02780243,0.99478529
0.97392968,0.03323513,0.07125075,0.99927652
0.93000594,0.07547535,0.03536103,0.98234621
0.9072785,0.03970848,0.05031716,0.98835985
0.92862308,0.04870253,0.00611826,0.94297526
0.99314472,0.09718736,0.00188198,0.97304018
9.61667734e-01,5.50477893e-04,3.45659356e-02,9.97991320e-01
0.95236045,0.07708086,0.0228088,0.98183269
9.48311799e-01,2.41694686e-04,8.60029989e-03,9.87601824e-01
9.69322478e-01,1.31558916e-02,5.90855928e-04,9.69833620e-01
0.94536084,0.00750145,0.04672856,0.99667013
0.98900106,0.0186202,0.01142494,0.98163741
0.98049091,0.00183186,0.0254119,0.98630465
9.48460566e-01,1.43490461e-04,5.74748872e-02,9.88734833e-01
0.96456783,0.03979508,0.00933045,0.97680408
0.92773491,0.01389503,0.04922501,0.99327471
0.9675869,0.00138275,0.00466988,0.99885537
0.99656879,0.07388182,0.08872324,0.99998574
0.97660218,0.00345133,0.07238569,0.99942213
0.99149048,0.00220027,0.02745508,0.99972783
0.94644916,0.00255913,0.01407782,0.98665528
0.94300377,0.00144391,0.00484557,0.99527481
0.93928608,0.00760312,0.00213521,0.99581458
0.91745977,0.00848862,0.08297358,0.99196674
0.98629047,0.00655908,0.08127584,0.99974184
9.79637475e-01,3.78613042e-02,5.12632187e-04,9.99424601e-01
0.95092052,0.0010089,0.01272812,0.97821442
9.50898120e-01,4.55765955e-04,4.63026446e-02,9.96520310e-01
0.98982343,0.0038156,0.0663128,0.99968777
0.99303456,0.04066549,0.04044477,0.99995057
0.96620845,0.00334152,0.09365112,0.94225326
9.81882625e-01,8.68338974e-04,1.63434782e-02,9.98699662e-01
9.52178910e-01,8.38667656e-05,9.85145536e-02,9.91861932e-01
0.90586045,0.00679527,0.00345986,0.98763566
9.22186378e-01,5.11772437e-04,2.34769145e-02,9.91818715e-01
9.88346851e-01,7.46715064e-04,8.35809023e-02,9.99857725e-01
0.9959561,0.05253548,0.08498081,0.99517444
0.99242703,0.0027847,0.05880972,0.99746849
0.95598851,0.03653449,0.00383432,0.99785868
0.95303,0.00854232,0.03619652,0.9951381
9.39166394e-01,1.92510893e-02,5.43031806e-05,9.95604217e-01
9.50366591e-01,3.91868954e-02,3.39118492e-04,9.90418923e-01
0.9973698,0.01223382,0.02616305,0.9999929
0.97295048,0.00342589,0.00447513,0.97615143
0.98960442,0.02411539,0.08440552,0.99985811
0.92225809,0.01234829,0.00109258,0.95755156
0.9002316,0.07822566,0.01021757,0.98786304
9.23851163e-01,2.47758425e-04,6.22436529e-03,9.83711437e-01
0.99806208,0.05584933,0.0273381,0.99995038
0.90491196,0.00515205,0.0468687,0.98907158
9.51282203e-01,4.33501428e-04,2.29178226e-03,9.97380045e-01
0.98858233,0.00421464,0.00770617,0.99982427
9.62500356e-01,1.37319298e-02,2.03742758e-04,9.50917157e-01
9.32560884e-01,4.36795661e-02,7.23146979e-04,9.94603266e-01
0.903753,0.01702999,0.06622595,0.98419298
0.98663745,0.03518272,0.00137742,0.930096
0.99884434,0.06368552,0.090295,0.999998
9.47030661e-01,9.56993320e-04,6.44578432e-02,9.94136726e-01
9.57829461e-01,1.39182079e-02,2.54401794e-04,9.98005833e-01
0.98773043,0.00712083,0.02451614,0.99838343
0.99253917,0.09304248,0.09319145,0.99670074
0.99000423,0.03804114,0.07381959,0.99989399
0.9927454,0.0301688,0.03095569,0.99994568
0.93982565,0.01998071,0.00227814,0.99576011
0.90153064,0.00468906,0.0030568,0.98351774
9.23744363e-01,1.70052196e-04,4.57484829e-03,9.92765425e-01
0.91674423,0.02292298,0.03669674,0.90169907
9.23937138e-01,4.40393859e-04,5.36411941e-02,9.92445277e-01
9.13865793e-01,2.27523599e-05,8.23236250e-02,9.91166589e-01
9.57853623e-01,3.44632077e-04,8.57904166e-02,9.96838740e-01
0.94519277,0.05992296,0.09272379,0.99454662
0.99576668,0.01193538,0.0708339,0.99998149
0.96436642,0.00413308,0.0111289,0.92892241
0.9909554,0.04516073,0.02618561,0.99836991
0.92768875,0.02410083,0.04609181,0.99396056
0.99126815,0.00470151,0.01186273,0.99992152
0.96668354,0.04483086,0.01843386,0.99880463
0.94951235,0.00578684,0.00159151,0.95264373
0.96542623,0.04467956,0.01124919,0.9978631
0.99881941,0.04293093,0.06050429,0.99955993
0.99440389,0.00417482,0.02086997,0.99387775
9.55481628e-01,1.94547847e-02,1.25974061e-04,9.97761561e-01
0.9188102,0.07176152,0.01043362,0.98899876
0.98714993,0.07952624,0.03760935,0.96111947
0.94704508,0.03393723,0.00720994,0.99681137
0.98732659,0.05357569,0.00208917,0.99983336
0.98794065,0.00486353,0.08163238,0.99985006
0.94713312,0.09024727,0.01383439,0.99682193
9.42276009e-01,1.40614446e-04,5.00517060e-02,9.71168888e-01
0.99309833,0.00593749,0.02079139,0.9999517
0.90695016,0.02457501,0.00697014,0.98898683
0.99513297,0.0403718,0.03871303,0.99983286
0.99712303,0.03172793,0.06185341,0.99996423
0.98183516,0.00525838,0.09229929,0.99957075
0.95899407,0.02545067,0.0011915,0.99795413
0.97556972,0.03518874,0.09785593,0.97840705
0.94998426,0.03084872,0.01558036,0.98986206
0.98590268,0.06255626,0.00654412,0.98301548
9.63755737e-01,4.94742280e-02,4.16625358e-04,9.78886796e-01
0.99468538,0.09753695,0.07809652,0.99996955
0.9899375,0.09367082,0.01846653,0.93220052
0.97697836,0.00808696,0.0016286,0.99910753
0.98279057,0.00334581,0.01978188,0.99968241
0.97952209,0.02347677,0.02442762,0.99953974
0.97399398,0.09125824,0.00121805,0.99899499
0.95473253,0.01991783,0.00823294,0.99714918
0.97767471,0.07459237,0.01995965,0.99948256
9.76170984e-01,3.94917101e-02,2.39524094e-04,9.99306264e-01
9.66248211e-01,5.15960933e-04,9.93998852e-02,9.98706878e-01
9.03835496e-01,8.22093192e-02,3.69989002e-06,9.53528010e-01
0.9870869,0.0159598,0.01089038,0.99982188
0.9881086,0.04244141,0.0015572,0.99810511
0.99599118,0.09490633,0.0698197,0.99967187
0.96311309,0.04320024,0.00571793,0.99843711
9.13486210e-01,7.88982368e-04,2.24856389e-02,9.62344909e-01
0.98169315,0.03772063,0.01521596,0.99964821
0.98196194,0.05191197,0.00338846,0.99966076
0.99455926,0.088339,0.00249515,0.99509107
0.95181994,0.00231358,0.04935466,0.99655931
0.92712614,0.0108392,0.09606961,0.9924452
0.9385278,0.00788995,0.0115171,0.9369186
0.96596496,0.00434977,0.00990501,0.99817777
0.98508204,0.00101285,0.0117893,0.99977039
9.70731653e-01,4.41986697e-04,3.31207769e-02,9.98941051e-01
0.98732612,0.08064844,0.02946558,0.99980476
0.99042786,0.00162935,0.08799503,0.99989712
0.94074135,0.03223256,0.03152276,0.99604443
0.98760982,0.00464937,0.08806036,0.99896904
0.94215412,0.00457046,0.00306648,0.98898065
0.95603959,0.00220473,0.00352089,0.99779909
0.98779189,0.09970978,0.00456446,0.9694609
0.98816709,0.02840081,0.06995009,0.99977133
0.98048346,0.04852299,0.05921405,0.99950957
0.95864447,0.00099614,0.03109963,0.98279018
9.28665878e-01,4.50066009e-04,7.60356601e-03,9.94133658e-01
0.98649597,0.09391546,0.0312079,0.99980829
0.97886307,0.06634691,0.01065593,0.99781598
9.78673352e-01,7.34541533e-04,3.75956300e-02,9.94888713e-01
9.79477829e-01,7.70503504e-04,3.01032621e-02,9.60763929e-01
9.61740216e-01,2.62304327e-04,1.30258114e-02,9.95900173e-01
0.99014849,0.00396035,0.04296651,0.95133402
0.96311228,0.00323079,0.01723854,0.99699954
9.05539556e-01,4.87931072e-02,3.24878715e-04,9.79222865e-01
9.45667287e-01,7.71463972e-02,3.18432735e-04,9.96707972e-01
0.98394058,0.0216313,0.00621987,0.99973283
9.14624557e-01,2.32529136e-05,5.68376297e-02,9.67728792e-01
0.98288407,0.00263069,0.08088473,0.96974504
0.97471892,0.00390536,0.01583521,0.96149592
0.99288927,0.08530153,0.01274062,0.99994629
9.00039701e-01,5.93692786e-02,6.29842384e-05,9.87735902e-01
0.99476648,0.00485279,0.07165974,0.92106134
0.95224792,0.00368254,0.00773792,0.99749147
0.9413451,0.01269248,0.04109273,0.99585233
0.98454321,0.01721209,0.08500658,0.99666046
0.90362922,0.00330222,0.01294253,0.98801459
0.99533918,0.06698911,0.01476561,0.99997692
0.99028559,0.00608133,0.02944178,0.99986567
0.99734054,0.01769488,0.02818631,0.99998923
0.99462216,0.02509259,0.00505007,0.99276633
0.98489927,0.00181507,0.04582446,0.99928115
0.96031945,0.00113823,0.01034354,0.99829236
0.99640404,0.08330443,0.06749316,0.99997616
0.99822044,0.05698229,0.01446302,0.99322882
0.9420447,0.01750032,0.04874889,0.98819179
0.97196327,0.00175245,0.02360741,0.99833991
0.98632003,0.00387824,0.00805633,0.99977777
0.92267075,0.02372146,0.07559365,0.9929316
0.95157242,0.02009108,0.05974034,0.99670737
9.49414284e-01,1.32962843e-04,2.05869735e-02,9.95821088e-01
0.93566117,0.04563585,0.09463727,0.9791502
0.99411482,0.00919431,0.07007348,0.99494605
9.73676864e-01,7.52476517e-04,5.73725021e-03,9.95419521e-01
9.51329786e-01,6.36178228e-02,2.78474633e-04,9.97206570e-01
0.95254797,0.00197341,0.00454169,0.9963196
0.99464759,0.003517,0.05020831,0.99018785
9.74287515e-01,4.37534072e-04,1.59620385e-02,9.93806687e-01
0.9792185,0.00723199,0.00484583,0.99954708
0.96652607,0.01673523,0.04290804,0.99879957
0.92471625,0.01673696,0.01540919,0.98807173
9.27437640e-01,4.05682179e-05,1.29976827e-02,9.91408874e-01
0.97905156,0.01367996,0.0938965,0.98245731
0.97410544,0.03569415,0.00388982,0.92791711
0.99688049,0.05503733,0.03341904,0.9999902
0.99503607,0.01275901,0.01029195,0.99996189
0.9911794,0.0187348,0.01053271,0.99969049
0.99618615,0.0173708,0.04985763,0.99998518
0.93392736,0.01639198,0.05415163,0.94997264
0.96443724,0.02903738,0.01653225,0.99630044
0.99652157,0.0645787,0.08278546,0.92339343
0.96122891,0.03766421,0.00792069,0.98249133
9.62549697e-01,2.10493691e-02,4.99770286e-04,9.97858294e-01
9.67219286e-01,1.93216560e-04,2.83985711e-02,9.62744603e-01
0.99259471,0.03673774,0.04078826,0.99937935
0.98855212,0.06435021,0.00157482,0.99933255
0.91148018,0.00246816,0.00272133,0.98984343
0.98675713,0.00562602,0.01775083,0.99837217
0.98892889,0.04396478,0.00126297,0.99987448
0.98864062,0.06087146,0.00203187,0.99986798
0.9496454,0.03730057,0.0729094,0.99692736
9.14968115e-01,2.43006054e-03,1.93915859e-04,9.91395248e-01
9.31179565e-01,5.09087839e-04,9.93784290e-02,9.94492177e-01
0.99638648,0.07228346,0.01611576,0.99992842
0.98225048,0.00577002,0.08247184,0.99967343
9.53665696e-01,3.14630002e-04,2.81909964e-02,9.97644903e-01
0.99541954,0.04467107,0.05594488,0.99963019
0.98810296,0.02394147,0.01281304,0.99985452
0.91626003,0.00188315,0.00788833,0.98996833
0.97891875,0.00821249,0.03786795,0.99953272
0.94982734,0.03010292,0.07622705,0.9916276
9.74368010e-01,4.94587202e-02,1.40016746e-04,9.98964285e-01
0.99011022,0.00715933,0.01132513,0.99990015
0.96744226,0.02262223,0.09043208,0.96476742
9.30579072e-01,1.94089632e-02,8.39117618e-04,9.66967566e-01
0.97580456,0.01373194,0.00178168,0.99932108
9.57329235e-01,5.12426150e-04,3.01496529e-02,9.97630026e-01
9.01173497e-01,3.32414331e-05,6.08063231e-02,9.31958604e-01
0.98457525,0.06583162,0.00127887,0.99975226
9.25843193e-01,4.88894490e-04,8.68746728e-02,9.93604660e-01
0.98359262,0.09361594,0.06535115,0.96709604
9.46863085e-01,4.78741044e-02,3.09680193e-04,9.95095778e-01
0.94866447,0.07275975,0.01195524,0.95356514
0.91261725,0.02317135,0.00186104,0.98966944
0.96089815,0.01306813,0.00599197,0.94175774
0.9979337,0.06490616,0.03427339,0.99990244
0.98495517,0.05123553,0.03994569,0.99976552
0.90950139,0.062821,0.08429544,0.98311204
9.54352733e-01,3.08435273e-02,1.75713486e-04,9.97574730e-01
0.99568169,0.00426408,0.0527651,0.99995791
0.92923828,0.04559198,0.00569916,0.99423458
0.98886772,0.00304759,0.0104384,0.98786853
9.91058277e-01,4.87699981e-02,8.89852571e-04,9.99916370e-01
0.98247775,0.0072225,0.04261455,0.95431838
0.9591209,0.0164171,0.00196035,0.9981865
0.99506886,0.07750703,0.04790897,0.99996666
9.71894531e-01,2.14977138e-04,2.59884621e-02,9.99158097e-01
0.96871799,0.08668235,0.00865519,0.99344562
0.9015407,0.0086038,0.00538745,0.98660898
0.97482987,0.00360196,0.01883471,0.99766526
0.90760782,0.05000787,0.0192222,0.98628153
0.96729936,0.01084188,0.0112097,0.99119232
0.99169658,0.00691882,0.08551912,0.99992983
0.99375865,0.02349996,0.03404451,0.99996027
0.99025848,0.06159523,0.01155887,0.99984466
0.91349568,0.04489893,0.04733709,0.99102537
0.99256777,0.0120296,0.02714447,0.99994368
0.91446988,0.08539263,0.00139345,0.98963281
9.58552616e-01,2.25680035e-04,4.92146987e-02,9.01165161e-01
9.19643014e-01,9.18889975e-02,2.74611139e-05,9.92272830e-01
0.9775002,0.00145962,0.04039322,0.98564889
0.93945894,0.01298231,0.03548192,0.995652
0.9945027,0.03904277,0.07181452,0.99996572
0.93533813,0.07860194,0.00112986,0.99388682
0.98079045,0.09525618,0.00540223,0.99956074
9.16980013e-01,9.07740764e-04,5.92187058e-02,9.91781990e-01
0.93794795,0.05127131,0.00284866,0.99425969
0.91661017,0.00310187,0.00276927,0.99174863
9.87887951e-01,5.53302028e-04,9.71844279e-02,9.99844586e-01
9.46319171e-01,6.85033563e-02,6.23044601e-05,9.96720082e-01
0.99772453,0.02041787,0.03453289,0.97067921
0.96929998,0.01597969,0.0023388,0.99898582
0.95048778,0.00202792,0.00190203,0.99698725
0.90965829,0.00434507,0.05332003,0.98995328
0.99821979,0.08047888,0.04404248,0.99999657
0.92476987,0.00969128,0.00114694,0.99169265
9.74237383e-01,6.27013349e-04,7.58483198e-03,9.98486955e-01
0.95909664,0.04101457,0.06561446,0.99777602
0.98956304,0.04085932,0.09500608,0.99983648
0.99803703,0.01740907,0.08256306,0.99999508
0.98220402,0.0051323,0.00851974,0.99532577
0.94292709,0.00104296,0.00811553,0.99631978
0.92028722,0.03488451,0.00764327,0.98407767
0.98370289,0.02896831,0.01062019,0.99972215
0.97862423,0.04811999,0.00240281,0.99943465
0.967223,0.00234683,0.0201712,0.99862109
9.05863795e-01,3.41661880e-05,9.50707382e-03,9.64206662e-01
0.98019269,0.00226866,0.04257262,0.9995079
9.54400369e-01,5.47242969e-02,2.60654511e-04,9.96971676e-01
0.9545415,0.00184806,0.0550312,0.99587454
9.30436067e-01,8.63114310e-03,2.27908721e-04,9.94438579e-01
0.99347256,0.03124044,0.02655986,0.99995678
0.96687238,0.0527533,0.00858861,0.99877215
0.90860977,0.00143877,0.04512239,0.98397729
9.84569161e-01,5.16537157e-04,4.96215498e-02,9.99753932e-01
0.98395233,0.01734847,0.00128749,0.9987725
0.90339363,0.00172738,0.01635697,0.98867776
0.942718,0.01089646,0.04581596,0.99622777
0.96518983,0.05553684,0.03053807,0.99868796
0.94314188,0.05919332,0.02851984,0.99641487
0.92383297,0.02385497,0.00446776,0.97114869
0.99123523,0.0021761,0.01275403,0.98867419
9.30524781e-01,6.01521307e-04,3.27315438e-03,9.53423707e-01
0.98284783,0.00517049,0.02410293,0.99791486
0.97745552,0.04513946,0.03551432,0.97299605
0.93731666,0.0049534,0.00373532,0.99553503
0.97227431,0.04389224,0.00356509,0.99918723
0.94546879,0.00351861,0.02580891,0.99667627
9.02920857e-01,7.61951286e-05,5.28481105e-02,9.84606187e-01
0.98122605,0.08338032,0.0732089,0.99963405
0.9874738,0.07062293,0.04570071,0.92745415
0.97820592,0.01572828,0.04390529,0.99949565
9.64557598e-01,8.22877453e-04,4.84884518e-02,9.88062808e-01
9.12254711e-01,4.16746159e-02,1.85005956e-05,9.76702442e-01
0.95469853,0.03247325,0.01363965,0.99753294
0.99064037,0.02930107,0.03759999,0.99990187
0.92621983,0.04364173,0.02138623,0.99367459
0.95906589,0.06057694,0.0087247,0.99815264
0.93671208,0.01970968,0.00264977,0.99533699
9.00661433e-01,6.95570747e-05,3.95217791e-03,9.87897783e-01
0.95634963,0.05296146,0.02410599,0.99792075
0.99013022,0.06772371,0.00234255,0.95738618
0.98087505,0.09459552,0.07723895,0.9996
0.97789987,0.00105273,0.08287147,0.99500446
0.93228141,0.00258505,0.0268802,0.95033594
0.99064334,0.06049134,0.04197177,0.98424524
0.99701194,0.02921593,0.05757543,0.99778647
0.98822125,0.01426029,0.05926222,0.99985785
0.95176835,0.07965465,0.01366178,0.9423939
0.93919644,0.00783066,0.02920209,0.97579736
0.98988963,0.06166708,0.00292121,0.99976612
9.28163505e-01,8.25781753e-02,2.31474934e-05,9.31809883e-01
0.96458011,0.01499179,0.01036627,0.98585115
0.97334275,0.01269169,0.00875379,0.99898064
9.02872597e-01,9.92861975e-02,1.00422633e-05,9.68599315e-01
9.41327364e-01,3.72855157e-02,6.14865676e-04,9.95796138e-01
0.99169765,0.00267189,0.01399897,0.999921
0.99061025,0.01054134,0.05907131,0.99845249
0.92043679,0.00145766,0.00509284,0.99205469
0.99387749,0.00307468,0.04663205,0.99992609
9.17189744e-01,6.05830164e-02,4.16121082e-05,9.90346014e-01
0.98576311,0.0343357,0.01485612,0.99967494
0.99546652,0.09058369,0.0215853,0.9999097
0.9375619,0.04540456,0.00200146,0.99542836
0.90620085,0.03767707,0.00747635,0.98902027
0.99421274,0.08157976,0.0435164,0.98366281
0.94824395,0.00230944,0.00126066,0.99666862
0.99768755,0.05502923,0.02779808,0.99999378
0.92793441,0.0237403,0.03188921,0.99400412
0.91871776,0.0011124,0.09489558,0.99216537
0.92877223,0.00272493,0.02232328,0.99359602
0.98317932,0.03665154,0.07935932,0.99969047
9.59472287e-01,2.54457575e-04,3.44392742e-02,9.86164996e-01
9.42593493e-01,2.48856996e-05,5.07522145e-02,9.95705221e-01
9.57345959e-01,2.22598624e-03,7.09622578e-04,9.96863951e-01
0.92664654,0.04612714,0.00174861,0.97862452
0.9322075,0.07195084,0.0166837,0.99391573
0.96617212,0.06283488,0.0099472,0.99857111
9.57106586e-01,1.21484338e-02,6.51949208e-04,9.42482758e-01
0.99333999,0.04623412,0.02431232,0.99989339
0.98912887,0.05117447,0.00463825,0.99987802
0.99660247,0.01334063,0.09593192,0.99998631
9.18797508e-01,1.44365216e-04,2.38456290e-02,9.88137408e-01
9.80513711e-01,9.80507879e-04,5.27791082e-02,9.99542683e-01
0.95649038,0.00191132,0.0401799,0.99792891
9.55520873e-01,4.20793721e-04,6.30810832e-03,9.68906517e-01
0.97958731,0.08775287,0.01382135,0.99947716
0.94147187,0.03307949,0.00257149,0.99614981
9.37247641e-01,1.29784164e-02,3.41267901e-04,9.93471211e-01
0.95898054,0.03324636,0.00407906,0.99817166
0.99000849,0.09644838,0.00153312,0.99970375
0.9023119,0.06719134,0.02201529,0.97178279
0.95078433,0.03871702,0.02007271,0.99730566
0.97343459,0.04805968,0.00514846,0.99831126
0.98013886,0.00573626,0.00127453,0.98473846
9.76920185e-01,9.92962386e-04,1.27051626e-02,9.99441833e-01
0.98832289,0.00409507,0.03470141,0.99979923
9.55908311e-01,2.75979907e-04,3.62273170e-02,9.97817908e-01
0.99354831,0.04846484,0.02006016,0.99841518
0.9201135,0.03619474,0.00696786,0.95001377
0.94518138,0.00775649,0.00376767,0.98852814
0.9939988,0.09860282,0.01550733,0.99916384
0.94490898,0.02655467,0.00218735,0.9963139
0.91055583,0.04860128,0.00110801,0.98357207
0.92767968,0.00660544,0.04919503,0.99382093
0.98804674,0.00284433,0.08346246,0.99983226
0.92520731,0.03554537,0.00167326,0.99318436
0.95538357,0.00900131,0.00188436,0.99717758
0.99529577,0.0044502,0.07539322,0.99994536
0.95261885,0.00145486,0.00603589,0.99678033
0.99154332,0.00686578,0.01769255,0.99988699
0.98116118,0.0865973,0.01138825,0.99949362
9.37692346e-01,2.24392702e-04,6.48611696e-03,9.92615034e-01
9.85419100e-01,4.53143701e-02,7.83941723e-04,9.99771906e-01
0.96572644,0.03799351,0.00204134,0.99772341
0.96522457,0.004696,0.0024955,0.90817254
9.79619108e-01,3.11190747e-02,5.69848428e-04,9.97772337e-01
0.99260811,0.03422228,0.00701334,0.99982512
9.71886060e-01,6.16373637e-05,4.25498722e-02,9.99162404e-01
0.92013127,0.01852553,0.01078985,0.93230908
0.98700902,0.00493372,0.054372,0.94477431
0.91524739,0.00996379,0.06502155,0.99093374
0.95867943,0.07985875,0.00671327,0.9980529
0.99297888,0.04296986,0.04783224,0.99993764
0.99941251,0.07452746,0.09249883,0.9999826
0.99556899,0.04580586,0.04627663,0.9856824
0.95564315,0.00284652,0.01755292,0.91842056
0.98198299,0.00140582,0.08404892,0.92400364
9.30348164e-01,7.16120841e-02,2.18172809e-04,9.90042005e-01
0.97383659,0.08024596,0.00148199,0.97195155
0.98794759,0.05261055,0.00848135,0.99882055
0.98450513,0.08157015,0.01483664,0.99957733
0.96430797,0.00477149,0.007066,0.99791013
0.99026989,0.00259149,0.01865174,0.99927863
0.94277102,0.06124302,0.00241513,0.99608217
0.9976919,0.0103717,0.03946149,0.99999298
0.9988944,0.05127158,0.03474443,0.99901523
0.98859429,0.06074988,0.01677757,0.99986674
0.93420784,0.08743853,0.0418404,0.98775989
0.91493638,0.01000983,0.02905764,0.99124528
0.97504767,0.00899205,0.04003758,0.99928404
0.94921983,0.00201021,0.01868175,0.99710439
0.99131269,0.0519067,0.00720167,0.99990623
0.9894414,0.00173187,0.01691371,0.99986256
0.97314366,0.06085703,0.00886727,0.99095622
0.9583738,0.00502561,0.00313304,0.99432922
0.96854727,0.00293616,0.04694061,0.99894544
9.17072287e-01,7.93057716e-02,1.62757026e-05,9.69569473e-01
0.98708806,0.01311534,0.02246257,0.99975971
0.91799636,0.02511095,0.03799466,0.964321
9.44721339e-01,1.83956111e-04,6.96706295e-02,9.96564277e-01
0.97836912,0.01376996,0.05475387,0.98355532
0.96304819,0.09947623,0.06943098,0.98241228
0.99335802,0.00806137,0.01893178,0.99609313
0.95225955,0.02803135,0.02494179,0.99450244
0.90132523,0.0490067,0.0013439,0.98168372
0.91596042,0.03017847,0.00743943,0.99164299
9.86152753e-01,6.16163804e-04,1.85324470e-02,9.99785387e-01
0.99883347,0.0942467,0.07316361,0.99999673
0.99535354,0.0695157,0.01212938,0.99959574
0.98228996,0.00152121,0.05474418,0.99967501
9.47283060e-01,2.00818142e-02,1.82326595e-04,9.96103059e-01
0.97859874,0.01309311,0.0658454,0.99901898
0.99873094,0.08429096,0.01864898,0.99948899
0.96930734,0.00826534,0.01336565,0.99891798
0.98996383,0.07132417,0.00805117,0.97948322
9.90535332e-01,7.93244228e-04,2.83528442e-02,9.98387534e-01
0.94837944,0.02835605,0.00176693,0.99611438
9.16751206e-01,7.11352970e-05,5.87857092e-03,9.70765490e-01
9.13250380e-01,5.37632887e-04,9.00935563e-02,9.88416139e-01
0.95439174,0.06084042,0.00321334,0.98638398
0.99137678,0.02820146,0.0731465,0.99698868
0.91772225,0.00547625,0.00890911,0.98987989
9.28948628e-01,2.35779753e-03,5.47687699e-04,9.94158530e-01
0.99321165,0.02755703,0.00569655,0.99933275
9.00091046e-01,1.51835299e-04,3.31198943e-03,9.37211844e-01
9.01222030e-01,6.36071624e-04,9.95213097e-03,9.87405351e-01
0.95691991,0.08605598,0.02458618,0.93185687
9.64567971e-01,9.87282334e-02,8.26585910e-05,9.98104086e-01
0.98745481,0.00366764,0.03298363,0.99983542
0.98631875,0.06906346,0.00243907,0.99929747
0.98719944,0.00967303,0.00693433,0.99975717
9.35388407e-01,1.18755356e-04,2.69628145e-02,9.95243458e-01
0.93759775,0.00550934,0.00122492,0.99545446
0.9860332,0.03589298,0.00128862,0.99978079
9.08112885e-01,2.55546711e-05,4.34887972e-02,9.85633371e-01
0.99693037,0.02849361,0.0724505,0.99999048
9.20362478e-01,1.47793752e-04,1.00554326e-02,9.92557837e-01
0.95588793,0.00782401,0.00211054,0.99738986
0.94952777,0.00210011,0.00953553,0.99027549
9.01139887e-01,7.29439792e-05,6.58023752e-02,9.63564087e-01
9.00668328e-01,4.91505137e-04,5.75350082e-02,9.84965708e-01
9.76419350e-01,2.87322760e-02,3.43105456e-04,9.79878700e-01
9.79602658e-01,4.36186801e-02,2.88427649e-04,9.95234151e-01
0.99577052,0.02151785,0.03741929,0.99997376
0.96974517,0.00303613,0.03548961,0.99902473
9.33312204e-01,3.57924858e-02,3.40443401e-04,9.38224124e-01
0.94161826,0.02917843,0.08190504,0.99454461
0.99228928,0.08427709,0.03090832,0.99898503
0.98231201,0.05843591,0.03670435,0.97889706
0.94067408,0.02726907,0.09237276,0.95638892
0.9726528,0.00295676,0.0023574,0.99913766
9.09706993e-01,3.69397370e-03,7.58953092e-04,9.79376168e-01
0.98648524,0.07066938,0.00536325,0.9987297
0.98222666,0.01974022,0.00324552,0.98840646
0.98310647,0.00505268,0.03024104,0.99970469
0.93644726,0.01673942,0.02061462,0.97260744
9.82582496e-01,3.07537289e-02,2.28660100e-04,9.99680142e-01
9.35041416e-01,1.26437774e-04,4.21779963e-03,9.18414492e-01
0.95966144,0.00722128,0.08611174,0.99822295
0.99487733,0.02414718,0.01603531,0.99605254
9.44881074e-01,1.99843524e-04,8.67328847e-02,9.96450941e-01
0.94100917,0.01873091,0.00982574,0.99606994
0.99908758,0.08330276,0.08851398,0.99999861
0.90747854,0.04127561,0.02812418,0.98830757
0.94390011,0.00260799,0.09596007,0.9963558
0.99590555,0.01274325,0.05737289,0.99997748
9.12577551e-01,6.25481157e-05,4.16431517e-03,9.76051952e-01
0.99884426,0.05304285,0.0902359,0.99999767
9.30844716e-01,7.27886825e-02,1.01665588e-04,9.71788182e-01
0.99412816,0.01984804,0.00466081,0.99989803
0.93873158,0.00729744,0.0321448,0.97393749
0.92732082,0.02706419,0.06614233,0.99277167
0.93072212,0.07782557,0.08237345,0.99447998
0.94677515,0.00490459,0.02550587,0.99629628
0.99145119,0.00674484,0.01373693,0.99980467
0.97261986,0.00235672,0.01095788,0.98199603
0.90936183,0.01165817,0.0057735,0.9900894
9.25089607e-01,1.28656217e-03,5.41541234e-04,9.88795901e-01
9.06393154e-01,8.28063441e-04,2.46436686e-02,9.81601131e-01
9.13065651e-01,1.73575978e-02,6.59237458e-05,9.90068819e-01
0.92954369,0.06804023,0.08449195,0.99415703
0.95268361,0.01739967,0.00251785,0.99720514
0.99792955,0.09231381,0.01040475,0.9999529
9.17649014e-01,5.54303907e-02,2.61663456e-05,9.91990329e-01
0.93053077,0.07724796,0.00247478,0.9919576
0.95477344,0.03859291,0.00334039,0.99775144
9.62524542e-01,3.24356061e-03,7.66847393e-04,9.46947633e-01
9.45603726e-01,1.54957833e-02,3.79901033e-04,9.96237624e-01
9.46342067e-01,6.56803317e-02,6.35304724e-05,9.95685979e-01
0.9904495,0.05135509,0.01146071,0.95621521
0.97477828,0.0194094,0.00127275,0.99932635
0.99389709,0.0010045,0.09893173,0.99996006
0.93983868,0.00156618,0.00920222,0.99582154
9.82775730e-01,5.89630623e-04,9.02913881e-02,9.99602082e-01
9.46916761e-01,4.71026957e-03,3.60321226e-04,9.96784111e-01
0.92526853,0.05055857,0.00223697,0.92964989
0.98868971,0.00365857,0.04839646,0.99318045
0.99140326,0.0033307,0.01731089,0.99991979
9.59578211e-01,1.45761248e-02,2.36376986e-04,9.98223134e-01
9.44793427e-01,2.13547868e-04,5.50483558e-02,9.95869172e-01
0.93177964,0.04401206,0.00530783,0.96985746
0.96128256,0.00109303,0.00712122,0.99722622
0.91681907,0.02073521,0.08989768,0.99175895
9.40111308e-01,6.60524790e-04,2.33676843e-03,9.95501207e-01
0.98195891,0.08604647,0.00205719,0.98104322
0.96536571,0.04827536,0.00243778,0.99855153
9.75035423e-01,7.20279127e-03,6.82862885e-04,9.87457188e-01
0.96908122,0.00183427,0.00159988,0.98438169
0.98701744,0.03396072,0.00970146,0.99885218
9.39324500e-01,2.56683256e-02,2.83923479e-04,9.84290977e-01
0.95134121,0.05046268,0.03420518,0.99739007
9.49623441e-01,7.61577813e-02,3.65675709e-04,9.85673030e-01
9.77531850e-01,2.61080300e-02,4.62354264e-04,9.97321181e-01
0.9097914,0.00419561,0.00219257,0.98838957
0.97112845,0.05358216,0.00584478,0.99629388
0.95541965,0.02800816,0.01968289,0.9970167
0.97338279,0.01131946,0.00380966,0.99921359
0.95284419,0.0047173,0.04580033,0.99755669
0.99586234,0.08912624,0.06687324,0.95163465
0.9921819,0.03648291,0.01214847,0.9997552
0.9286267,0.0221792,0.02725797,0.90546064
9.83413824e-01,2.61546533e-02,4.00791237e-04,9.64790410e-01
0.92494696,0.09200544,0.04359735,0.99331784
0.97965892,0.01878433,0.05742488,0.99941045
0.95117197,0.00536695,0.02234245,0.98893467
9.44248443e-01,5.33724761e-04,4.44481598e-02,9.96411965e-01
0.98822613,0.03331916,0.00772034,0.99985655
0.96286028,0.00490892,0.07241661,0.9726723
0.97969597,0.09627606,0.04631953,0.97320179
0.98931057,0.00751792,0.01149175,0.9957632
0.99632271,0.0074464,0.03329096,0.99998546
0.9652872,0.08121163,0.03567615,0.99870858
9.61467564e-01,5.15134706e-04,7.58865266e-02,9.97040926e-01
9.22789536e-01,1.95161126e-03,4.82773005e-04,9.52283713e-01
9.23123086e-01,6.01489290e-02,1.07004377e-04,9.45805052e-01
9.38285814e-01,3.26316609e-04,3.35108753e-03,9.95632811e-01
9.01209731e-01,7.03867876e-03,9.62281284e-05,9.86441463e-01
0.95511466,0.01590494,0.00111101,0.99664902
0.99739543,0.02647393,0.01274146,0.99999285
0.98825037,0.0060666,0.0036954,0.99978171
0.96546479,0.01256555,0.01620217,0.99872122
0.97180571,0.04218268,0.06552745,0.92618054
9.49859991e-01,5.38126500e-05,1.99965933e-02,9.03173200e-01
9.26594056e-01,2.25280408e-04,3.45262059e-02,9.93516877e-01
9.08370331e-01,9.32961895e-03,4.29276945e-05,9.80051702e-01
9.84100378e-01,6.39324041e-04,3.97821183e-02,9.99670396e-01
9.71211395e-01,1.64799447e-04,9.74509454e-02,9.57587654e-01
0.98864585,0.04849903,0.03552317,0.99986109
0.98772743,0.07620137,0.02705695,0.99969994
9.49859256e-01,7.83590614e-03,1.37076899e-04,9.96475579e-01
0.95381931,0.00615187,0.00300439,0.99762186
0.99199967,0.03458469,0.02899508,0.98306748
0.9508008,0.01267371,0.00286269,0.99551889
0.98972699,0.00574822,0.01113809,0.99970135
0.98281342,0.00150444,0.01736255,0.99893666
0.9855213,0.00269574,0.08130386,0.99949457
0.99238076,0.07972084,0.00782333,0.98339296
0.97778125,0.00103752,0.07135269,0.9993804
0.94458787,0.0299915,0.03786755,0.96274887
0.9601866,0.00259632,0.00169802,0.95253897
9.10071062e-01,3.12170136e-05,1.75534246e-02,9.39790466e-01
0.9990793,0.07455592,0.05063878,0.99998992
0.96946892,0.03021973,0.05445278,0.99547998
0.92447758,0.00195837,0.05887232,0.99317711
0.96889866,0.03359458,0.07296935,0.9958618
0.99449903,0.01380764,0.07154037,0.99994902
0.96654577,0.04179829,0.00966524,0.99880305
9.44108065e-01,2.14193076e-04,3.79476366e-02,9.84403127e-01
0.9821269,0.00942125,0.03207577,0.95952518
9.70970689e-01,4.41425218e-04,8.51610658e-02,9.99106991e-01
0.99014827,0.00920949,0.04295033,0.99990101
0.99160847,0.03741983,0.01696321,0.99992224
9.05301482e-01,2.01076490e-04,4.79223677e-02,9.89092547e-01
0.94350717,0.00511068,0.02365233,0.99461297
0.98965773,0.09013754,0.06321995,0.99989013
9.22534050e-01,1.29541299e-02,3.97392455e-04,9.66213657e-01
9.67981294e-01,7.37626737e-04,2.44433061e-02,9.03231592e-01
9.33285920e-01,1.12931537e-02,6.67945335e-04,9.88680566e-01
0.92497665,0.0753477,0.00166159,0.99304283
9.40634531e-01,1.05550968e-02,3.86192628e-04,9.95545001e-01
9.03826311e-01,5.43227256e-02,3.43406378e-05,9.86494498e-01
0.97107045,0.03042417,0.01477711,0.9986416
0.91159,0.01194269,0.0013288,0.98498586
0.98550716,0.0351069,0.03784156,0.99978364
0.98399171,0.00811532,0.03705224,0.99970789
0.98530098,0.03065918,0.0325079,0.95374284
0.9716308,0.03180482,0.067772,0.98315134
0.994971,0.09274785,0.00464902,0.99880514
0.96766588,0.0035194,0.09640403,0.9988843
0.97421049,0.00381253,0.00285092,0.99915536
0.98002024,0.00344891,0.02393848,0.99955892
0.93882682,0.00309362,0.00371464,0.98573024
9.12841631e-01,1.22876157e-05,3.62820934e-02,9.80628234e-01
0.99144855,0.07768561,0.00344311,0.99717365
0.98008994,0.00159555,0.05057244,0.99888985
9.60583448e-01,4.59149907e-04,7.06325211e-02,9.88986468e-01
0.98971699,0.05560164,0.00299908,0.99989041
0.94050187,0.01645329,0.04704622,0.99601383
0.94976415,0.00150602,0.01012087,0.93739776
0.93694886,0.01927734,0.00377484,0.99549157
0.98628379,0.00339482,0.03399274,0.99974321
0.99574042,0.01369541,0.01850528,0.99997223
9.73485705e-01,7.20079854e-02,9.26438876e-04,9.98937306e-01
9.65686201e-01,3.42566783e-02,4.00344220e-04,9.39443871e-01
0.99129649,0.02603632,0.03262107,0.99978932
0.97023635,0.02246126,0.00124921,0.99122186
0.93591987,0.00357955,0.00144822,0.98304884
0.92922975,0.01288204,0.00266179,0.92405288
0.97850505,0.00412862,0.004037,0.90559762
0.95272646,0.01707743,0.02462211,0.99666595
0.98149465,0.08883855,0.09501601,0.90472688
9.00560646e-01,1.56735868e-02,7.44242506e-04,9.74596245e-01
0.90079596,0.03395406,0.0025855,0.98653991
0.93406271,0.00206837,0.00139209,0.98703142
0.95853732,0.06147018,0.00575599,0.92172278
0.9820209,0.03577062,0.00269182,0.99942062
9.45554989e-01,4.87622827e-02,6.70531540e-04,9.96684241e-01
0.96292822,0.05880547,0.08062594,0.9984267
0.97792227,0.07424887,0.08654728,0.99942197
9.13000881e-01,2.20347975e-03,4.43785831e-04,9.90955849e-01
0.94619817,0.01537856,0.00725867,0.99676996
0.96825292,0.00604084,0.08368335,0.99858522
9.35779773e-01,7.58353664e-02,9.52913471e-04,9.95307099e-01
9.80316469e-01,7.66416190e-02,1.66977833e-04,9.17454809e-01
0.90005503,0.02844605,0.00152253,0.9864715
0.9650316,0.06506496,0.00230611,0.99867535
0.97762081,0.0041937,0.00417531,0.99947419
0.97019634,0.00837449,0.00909673,0.97175026
0.96453265,0.01477332,0.01661072,0.99798004
0.99144401,0.00186767,0.05764262,0.99368424
0.9900659,0.05635092,0.01322339,0.99989781
0.91996678,0.0067324,0.04121052,0.99248844
0.98842619,0.0068978,0.00764069,0.99371772
0.99622342,0.00518992,0.04880639,0.99998554
0.97914893,0.00315005,0.01556028,0.93406405
9.16712799e-01,5.54257271e-02,1.09383750e-05,9.33055663e-01
0.9868619,0.04872167,0.0070318,0.99982261
0.99567904,0.04869472,0.08153317,0.99996892
0.98185603,0.00805032,0.00665653,0.99900101
0.98781823,0.00282592,0.058747,0.99955007
9.00472056e-01,6.70593124e-02,9.09456830e-04,9.77824661e-01
0.99877987,0.05091848,0.03343657,0.99740175
0.93695625,0.02754012,0.01259755,0.99540835
0.95959778,0.02429186,0.00690243,0.9982301
0.92907418,0.07214469,0.00411154,0.98670827
0.99824362,0.03146927,0.05869628,0.99997862
0.96146439,0.00109995,0.03962282,0.97596857
0.93445273,0.00548356,0.0412076,0.98137042
0.9198585,0.02498018,0.00759968,0.98205151
0.97152342,0.0504231,0.00940344,0.93413995
0.99448319,0.07457806,0.00419687,0.99996605
0.97989744,0.07593764,0.00589906,0.99915832
0.99538944,0.09396583,0.04318158,0.99997839
0.9803893,0.06753763,0.02737074,0.99960822
9.64503344e-01,3.43938507e-04,7.80458226e-02,9.98577653e-01
0.97322144,0.07588465,0.00190373,0.97334174
9.74781664e-01,1.65839995e-04,2.85957067e-02,9.97359933e-01
9.22207982e-01,2.06967498e-04,4.64739009e-02,9.92917198e-01
0.96542057,0.05730858,0.00139924,0.99727062
0.9712522,0.07172883,0.01271601,0.99912205
9.39172151e-01,8.19903663e-02,7.32198881e-04,9.92559138e-01
0.90763936,0.00987387,0.02087364,0.98331582
0.90754102,0.00125733,0.03748709,0.98806409
0.96337211,0.0126475,0.0510585,0.98969188
0.93162311,0.00751757,0.01596482,0.9382905
0.95402105,0.01237339,0.01467684,0.95599061
0.99211091,0.02776297,0.04827761,0.97651833
0.99020907,0.01655159,0.0031157,0.99661027
0.95178857,0.00262771,0.02611198,0.99743263
0.99598777,0.05870121,0.04718726,0.99990948
0.94556409,0.00365796,0.0720075,0.996479
0.92195399,0.00142168,0.00125539,0.99284775
9.87296477e-01,9.23592512e-04,2.72257521e-02,9.75680843e-01
0.9365917,0.00448113,0.00637045,0.99421764
9.68539802e-01,6.31032752e-04,2.03502445e-02,9.97998485e-01
0.98492689,0.00987404,0.0348315,0.99966145
9.64225406e-01,5.21491631e-04,2.40337555e-02,9.98621748e-01
0.99181147,0.0152554,0.09882762,0.99986039
9.59039341e-01,1.05829178e-04,6.70050830e-02,9.98156815e-01
0.99339136,0.04325419,0.01155372,0.99178255
0.94122489,0.03115173,0.03119994,0.93809711
9.54298675e-01,6.15832223e-02,7.26112186e-05,9.96648420e-01
0.98321627,0.05656857,0.00441653,0.97330637
9.12307496e-01,1.25343370e-04,7.13078703e-02,9.87986355e-01
0.91483993,0.00316867,0.00224611,0.9911641
9.28075063e-01,7.85524966e-02,9.17198663e-04,9.77551430e-01
9.76210207e-01,1.71716681e-04,3.79582604e-02,9.98355103e-01
0.97889157,0.00734626,0.01632816,0.99953485
0.97161578,0.00699091,0.01893974,0.99903386
0.96169604,0.01347978,0.03995483,0.900924
0.96295422,0.02490091,0.00630816,0.91558542
0.91151224,0.05825295,0.07180111,0.98803069
9.01331585e-01,3.84041693e-02,1.72233851e-04,9.17616577e-01
0.90922461,0.07852607,0.04961822,0.98277373
9.27378828e-01,1.08337669e-05,5.85449378e-02,9.77595450e-01
9.20846138e-01,1.75598085e-04,3.94233798e-02,9.42075607e-01
0.98533811,0.02282215,0.02810739,0.99977384
0.91051203,0.04841484,0.02131935,0.92374256
9.07377413e-01,1.82033008e-04,1.24753347e-03,9.89238312e-01
0.98175282,0.03139451,0.0066642,0.97488164
0.99280359,0.00456466,0.04808219,0.92907942
0.990311,0.04479761,0.05604263,0.99977057
0.98929516,0.02710509,0.00415125,0.99988246
0.99181345,0.0484141,0.03424788,0.99990382
0.97991849,0.03196252,0.00717134,0.99364777
0.99313704,0.01927108,0.06557987,0.99995163
9.66544266e-01,9.54155663e-03,8.99859991e-04,9.98743345e-01
0.98832928,0.0470165,0.04890024,0.99983886
0.99802344,0.08615099,0.0241794,0.99999607
0.96415357,0.01263226,0.00745665,0.99843527
9.62283297e-01,4.95615240e-04,4.82488856e-02,9.02217054e-01
0.99401394,0.01262271,0.01512407,0.97319887
0.96349261,0.0109807,0.07097133,0.99856627
0.9077846,0.01442724,0.09330543,0.98842155
0.93307613,0.05331505,0.03048496,0.99427574
0.9901288,0.0075599,0.00678467,0.99302288
0.94310677,0.00468987,0.00919649,0.94729532
0.99699267,0.04281109,0.03928416,0.99998776
0.97918713,0.01777234,0.00522865,0.99954729
0.97417536,0.08354103,0.0100127,0.99913976
0.99043497,0.06624059,0.0167457,0.99550489
0.98097756,0.08350554,0.00142849,0.99675121
9.85000564e-01,6.74398945e-02,7.36434879e-04,9.99735369e-01
9.71362995e-01,1.56002032e-02,3.15850869e-04,9.99011070e-01
0.9814696,0.08166559,0.00139174,0.99964362
0.90381969,0.00192997,0.00151191,0.92441342
9.20731493e-01,3.51125506e-04,1.35006173e-02,9.92638303e-01
9.29110654e-01,3.47551264e-02,2.56855520e-05,9.94120146e-01
0.99110273,0.0048366,0.09444205,0.97388482
0.99595712,0.06908312,0.02691897,0.99997248
9.68498374e-01,3.15567022e-04,6.24649230e-02,9.98352367e-01
0.99086396,0.06866967,0.0634502,0.9806235
0.98615696,0.08623221,0.00765282,0.99979356
0.96152504,0.00376797,0.0050499,0.99837348
0.90900279,0.00458676,0.08290287,0.988891
0.97485012,0.05891762,0.08097658,0.99930788
0.93148231,0.03077883,0.00174508,0.97518066
9.72198986e-01,8.09340135e-03,8.23608246e-04,9.99065685e-01
0.97799946,0.00817135,0.00138811,0.99242516
9.35804547e-01,3.75244653e-03,1.72324918e-04,9.95315387e-01
0.94347825,0.05774782,0.06639595,0.99482798
0.9530024,0.09089347,0.00771461,0.99596901
0.98397029,0.00109692,0.06979361,0.99929643
0.97695807,0.01043754,0.003919,0.99942774
0.9978992,0.0499706,0.01202731,0.99999555
9.76755682e-01,5.05216955e-04,1.81045113e-02,9.97061709e-01
9.80887271e-01,7.02918427e-04,4.59629521e-02,9.99599561e-01
0.97624521,0.00163684,0.01252817,0.99937596
0.9273994,0.04329437,0.07209863,0.99370294
0.97266834,0.00873147,0.09935514,0.99915779
0.91354858,0.03177337,0.02470825,0.90304566
0.99425106,0.09176757,0.00108223,0.99407944
0.95942853,0.00145505,0.01021069,0.99821368
0.95896538,0.02952278,0.0050802,0.99695018
0.98226176,0.09374588,0.00913397,0.92607879
0.96074434,0.00903974,0.00463955,0.99668721
9.69577601e-01,9.08844956e-04,1.61799157e-02,9.95082314e-01
9.09480373e-01,1.18649489e-02,1.75136517e-04,9.90110061e-01
0.93887314,0.01204003,0.01406073,0.9954463
0.99320882,0.0735443,0.01527606,0.99989863
0.98848145,0.02367199,0.07147393,0.98508403
0.90642885,0.00804283,0.00963235,0.98586588
0.97244171,0.01538966,0.00421108,0.99880391
9.58742905e-01,3.19118776e-04,1.82049174e-02,9.96355745e-01
0.93671394,0.08269488,0.01180069,0.96141366
0.98308138,0.00404921,0.0216671,0.99970176
0.98894526,0.05305098,0.00123424,0.99977083
0.98126914,0.01461514,0.03854137,0.99963513
9.75019428e-01,5.27032751e-04,8.81636246e-03,9.99342885e-01
0.97882078,0.00393395,0.06954078,0.99944926
0.9941489,0.01679194,0.03274748,0.99982121
0.99564522,0.09958888,0.01491852,0.99896927
0.98124239,0.06543416,0.0085008,0.99948938
0.9958714,0.03692866,0.03616787,0.99998251
0.95917181,0.03848234,0.00232882,0.92387389
9.17463181e-01,6.51566894e-05,6.77810082e-02,9.89449392e-01
9.03238789e-01,3.34472825e-04,1.45318448e-02,9.45301160e-01
0.98423239,0.00326249,0.00597149,0.99974246
9.50555815e-01,7.75708670e-02,5.78593808e-04,9.94840254e-01
0.9949927,0.07915604,0.08906194,0.99958276
0.95677935,0.06620709,0.02334583,0.96615153
0.99216229,0.03352998,0.0327363,0.99993746
0.99004608,0.01433916,0.016356,0.99989868
9.63965219e-01,3.44532251e-02,4.79961643e-04,9.98238602e-01
0.98675424,0.01752569,0.0897798,0.99724884
0.99170104,0.00285502,0.02112722,0.98299614
0.92703218,0.00386993,0.02141628,0.99347498
9.72997672e-01,8.00044731e-02,9.60437474e-05,9.99219577e-01
0.98877248,0.03640267,0.00480981,0.99986843
0.92347653,0.05923636,0.00179271,0.99154222
0.96297464,0.00254722,0.03347006,0.99388278
0.9114341,0.00177455,0.02624547,0.98470477
0.99604913,0.07809268,0.04257657,0.9999787
0.98427506,0.01201557,0.08128074,0.99974103
0.98080939,0.07237203,0.00771349,0.99957865
0.99162945,0.00759196,0.02580792,0.99991637
0.98819775,0.01691014,0.05250633,0.99985162
9.46762082e-01,1.95814710e-02,5.60463625e-04,9.93307773e-01
0.97780861,0.00127769,0.02831506,0.99948176
9.43803798e-01,1.25217009e-04,3.23308997e-02,9.94001405e-01
0.99742559,0.04780118,0.07131106,0.99999326
9.72362448e-01,1.15072214e-02,3.82885471e-04,9.99192392e-01
0.96921963,0.03601902,0.05919626,0.99897975
9.34553940e-01,5.91086409e-02,1.43201230e-05,9.91105242e-01
9.52620566e-01,8.82786346e-02,4.69649688e-05,9.61862466e-01
9.17842262e-01,2.66065520e-04,7.88099012e-02,9.89459060e-01
0.90439396,0.02266675,0.05161217,0.98888503
0.98243815,0.00211853,0.04015099,0.99912335
0.98251889,0.05862885,0.0061182,0.99961417
0.99717443,0.02062364,0.09644495,0.99724946
9.44734161e-01,8.54065675e-04,2.45437109e-02,9.95851884e-01
0.94431632,0.00110793,0.00859137,0.98903857
0.93873858,0.00687515,0.02051436,0.99575775
0.98134219,0.00315716,0.07506118,0.99963326
0.96758104,0.01552486,0.01203039,0.99039506
9.43885342e-01,7.35432016e-02,8.15507021e-05,9.05711463e-01
9.27868048e-01,3.79626431e-05,4.55710555e-02,9.68589531e-01
9.29530475e-01,5.86841422e-05,9.91022001e-03,9.92736125e-01
9.66436606e-01,1.48822992e-02,7.57430802e-04,9.98709904e-01
0.99135685,0.04295189,0.00824643,0.99991768
0.94769185,0.00571031,0.00200255,0.96202022
9.18657854e-01,4.60135249e-02,2.15372807e-04,9.89910550e-01
0.93086687,0.0843684,0.0040888,0.92090253
9.15497049e-01,7.61077621e-03,1.14335326e-04,9.85029317e-01
9.47139562e-01,2.68273123e-03,6.99032237e-04,9.96202914e-01
9.12771898e-01,5.95540086e-02,7.29655399e-05,9.71123955e-01
9.33574008e-01,2.79730311e-04,1.34015061e-02,9.57885751e-01
0.96049799,0.00970333,0.03628674,0.99618886
0.98496318,0.01819075,0.00098999,0.98258549
0.93860846,0.00942799,0.01640852,0.98460922
0.96200061,0.00656963,0.00471574,0.99827675
0.99855843,0.02539341,0.06200778,0.99985477
0.99633966,0.01044597,0.09037286,0.99996768
0.9903071,0.00373366,0.09904633,0.99988166
0.9435782,0.01631598,0.0065551,0.99457301
0.93328254,0.00107418,0.00993351,0.99491277
9.68249449e-01,1.70980484e-04,1.47567876e-02,9.98826700e-01
0.98394018,0.09453143,0.02751444,0.99972044
9.39279016e-01,6.90333048e-02,3.68903779e-05,9.94384304e-01
0.99040653,0.02322737,0.03967435,0.99970615
0.99275355,0.00252824,0.09084913,0.99994672
0.93928494,0.03166899,0.04023046,0.99125049
0.93237392,0.03039394,0.00237997,0.99317846
0.99072507,0.06488412,0.0902428,0.99991056
9.65878118e-01,8.70102070e-04,5.29818492e-02,9.97159409e-01
9.09111102e-01,1.93250810e-02,2.77656360e-05,9.88870874e-01
0.98702894,0.00308984,0.02416873,0.97963686
0.96165101,0.06845029,0.01030864,0.98547259
0.9550729,0.00159858,0.00746125,0.99435077
0.90808312,0.00383125,0.00168337,0.98948455
9.38839097e-01,8.75863577e-03,3.04743173e-04,9.94669441e-01
9.17782115e-01,2.68559891e-04,1.77788244e-03,9.90967450e-01
9.31467649e-01,1.31526823e-04,8.48268794e-02,9.86265600e-01
9.07442823e-01,1.02656423e-02,3.17719116e-04,9.89701148e-01
0.98697628,0.00426822,0.05041486,0.96817082
0.94949171,0.00418438,0.00133168,0.9962837
0.97341592,0.00672703,0.02778461,0.99925306
0.98321828,0.017181,0.00944875,0.99970473
0.96456054,0.02592625,0.06104683,0.99857299
0.97975638,0.03429378,0.00389979,0.99957219
0.94584279,0.07686916,0.01002006,0.97778766
0.91889709,0.00988307,0.00262786,0.9569433
0.91343007,0.00102724,0.00459778,0.9311294
0.95688056,0.04780619,0.00112055,0.99794276
9.58111869e-01,7.76465012e-02,9.26516253e-04,9.98180119e-01
0.94167349,0.00808274,0.02945914,0.99305641
0.99742152,0.07445554,0.08463335,0.96048256
0.98050901,0.00121775,0.05119969,0.999604
9.73287604e-01,5.52943021e-04,1.34896959e-02,9.81537353e-01
0.95140322,0.00765519,0.00272816,0.99739326
0.96658007,0.00837499,0.00109642,0.99880594
9.59222999e-01,2.47878724e-04,4.78910436e-02,9.97680801e-01
0.97561936,0.05122817,0.03361443,0.99937589
0.98344841,0.00182997,0.08642119,0.99803429
0.93649536,0.01326719,0.06548325,0.99397037
0.9796572,0.05511213,0.03903371,0.9995689
0.93003623,0.00105969,0.01190651,0.99436972
9.04779996e-01,2.31745658e-04,5.32734599e-02,9.88313321e-01
0.98809849,0.01219592,0.08619017,0.99985481
9.79869843e-01,2.95033842e-04,3.04793923e-02,9.97488315e-01
0.92633923,0.00679564,0.05895363,0.98656516
0.96980391,0.02099461,0.00654945,0.99216218
9.75361524e-01,1.85154530e-04,2.67891857e-02,9.97074766e-01
0.97216868,0.0809371,0.06515713,0.99912209
0.97015007,0.00436018,0.03891102,0.99904313
0.92281072,0.03264459,0.00454127,0.9930512
0.90964556,0.00182869,0.0825304,0.98868712
0.98539352,0.02125334,0.0070959,0.9994308
0.94584242,0.01627865,0.02262917,0.99673216
0.93637294,0.0023574,0.00255535,0.96984293
0.98050537,0.0220955,0.05131821,0.99948938
9.28712050e-01,1.60434298e-03,4.37769697e-04,9.94136681e-01
0.99458709,0.07472584,0.01061024,0.95260426
0.97088847,0.01506456,0.06785809,0.99655999
0.92157305,0.00626448,0.06401254,0.99198624
0.96688097,0.02053275,0.01734665,0.9988267
0.9966309,0.00332379,0.09467986,0.99979207
0.96659557,0.00704902,0.00405904,0.99782054
9.52733531e-01,5.10176611e-04,6.89420914e-02,9.91583693e-01
0.96711149,0.07240168,0.05797978,0.99883897
9.36785054e-01,2.47982501e-05,9.21570696e-02,9.77548289e-01
9.44926447e-01,5.62268323e-02,1.93064499e-04,9.93492145e-01
0.92271998,0.09415055,0.04067206,0.99298822
0.97882415,0.0763921,0.01556787,0.99851028
9.64965153e-01,7.35246721e-03,3.74236033e-04,9.98671697e-01
0.96745673,0.00922409,0.02423624,0.99877193
0.95985347,0.00349895,0.00141708,0.99824968
0.94392366,0.02212098,0.01395138,0.99648234
0.95088118,0.00464048,0.03465627,0.98291794
0.98268989,0.02044589,0.0021773,0.99175384
9.85717134e-01,7.84104509e-02,8.60100799e-04,9.99789667e-01
0.97238857,0.01026672,0.01042172,0.99911124
0.98829539,0.03207874,0.0011822,0.99901477
9.70497730e-01,3.27246991e-04,2.28608034e-02,9.91381662e-01
9.47968895e-01,6.13244135e-02,4.43718035e-04,9.96989384e-01
0.9873874,0.01341702,0.06357173,0.99982341
9.59694332e-01,5.59813264e-04,1.10682865e-02,9.74707959e-01
0.96625348,0.01133333,0.04327251,0.99865739
0.99036383,0.01035097,0.09325118,0.99984486
0.95157003,0.00548807,0.02292628,0.99025548
9.37188053e-01,1.83884032e-04,1.77120681e-02,9.89354287e-01
0.99831464,0.04038334,0.03809942,0.99999714
9.09763315e-01,2.73510064e-04,6.89751150e-02,9.89468141e-01
9.20206103e-01,1.60412831e-04,3.30666156e-02,9.78608136e-01
0.98030531,0.05169945,0.00742598,0.99959604
9.42774533e-01,6.70806911e-02,2.43578586e-04,9.94814528e-01
0.99119652,0.05983953,0.08647967,0.99991401
0.99673727,0.02047075,0.05861864,0.99998792
9.67961925e-01,4.14182615e-04,5.18002701e-02,9.98357305e-01
0.92925173,0.01515186,0.09247735,0.99178253
0.9843978,0.0076374,0.0074693,0.99974745
0.98810126,0.02412903,0.04279994,0.9997924
0.97660086,0.02058856,0.00717202,0.99796813
0.9708353,0.01430208,0.01067585,0.99906521
0.98781193,0.06597803,0.00380982,0.96908414
0.95263411,0.03504879,0.08914322,0.99625298
0.91698527,0.06245872,0.04168907,0.99182868
0.98078704,0.00325801,0.02067306,0.99808393
0.97923341,0.00589861,0.00261587,0.99950317
0.90909635,0.02764575,0.02091065,0.98373002
0.93242457,0.00614105,0.03582075,0.99477516
0.99322412,0.06507634,0.07559426,0.99711983
0.99526096,0.03196788,0.01369611,0.99709522
0.97132514,0.09406801,0.086083,0.99434029
9.81395908e-01,4.57495928e-04,7.62127536e-02,9.98350749e-01
0.94292492,0.01044451,0.04222028,0.96104421
9.17376200e-01,1.68446327e-04,1.52985755e-02,9.91936744e-01
0.98681251,0.0261446,0.00687678,0.99980556
9.92165768e-01,9.17879635e-04,5.68773928e-02,9.98561257e-01
0.90958986,0.00607732,0.03670647,0.9849586
9.79248190e-01,1.69755875e-04,6.67566403e-02,9.97954519e-01
9.67158638e-01,8.60954320e-05,4.88668094e-02,9.98826719e-01
9.41038318e-01,4.49840952e-02,3.66759907e-05,9.59354869e-01
0.97950726,0.05071741,0.07811986,0.99955429
9.44889390e-01,6.40098551e-03,8.09984360e-04,9.96355924e-01
9.15845050e-01,7.24149493e-04,9.79471909e-02,9.80271240e-01
0.94233159,0.02417501,0.01587834,0.99604536
0.91277511,0.08876695,0.01890158,0.9908248
0.97464379,0.05348786,0.00305929,0.98827513
0.9790959,0.00109499,0.08328574,0.99954436
0.99495599,0.07027659,0.09866442,0.99936908
9.61458246e-01,6.68221272e-04,6.72366315e-02,9.98232626e-01
0.90606616,0.02430031,0.00148116,0.96571089
9.77206882e-01,9.13145192e-02,6.78040048e-05,9.98522501e-01
0.93691127,0.0295491,0.01258008,0.9952489
0.99683917,0.05886091,0.01058843,0.99998991
9.15349790e-01,1.51464648e-04,7.09526797e-02,9.88800687e-01
0.90196138,0.00259959,0.00128091,0.98400199
9.40367076e-01,5.33273138e-02,1.13540456e-04,9.61670712e-01
0.95721586,0.01524963,0.0093998,0.99798386
0.92456023,0.05092153,0.00221999,0.99166472
0.96871346,0.00415625,0.02192506,0.99888423
0.98681443,0.07516512,0.0289905,0.98083552
0.97790981,0.00104219,0.01630458,0.99854603
0.96787376,0.01136185,0.05127582,0.99889692
9.48697488e-01,6.66469460e-02,1.84748455e-04,9.92739643e-01
0.92116347,0.00112226,0.01048786,0.9732013
0.98692023,0.02289122,0.09047755,0.98035233
0.97257843,0.01337213,0.00182232,0.93208571
0.97567163,0.00308539,0.00135545,0.9917478
0.99410663,0.0015056,0.04879054,0.99995975
9.47878443e-01,5.99930183e-05,2.70798917e-02,9.60508180e-01
0.94979621,0.01007656,0.00267002,0.99717629
0.93768159,0.05865138,0.08266492,0.99495904
0.93381063,0.02652398,0.06528429,0.99500099
0.94431616,0.00652226,0.02046073,0.97794181
0.91066749,0.01006953,0.00159175,0.99041984
0.90540573,0.00263156,0.06489183,0.9887214
0.98347022,0.00369591,0.04116537,0.99933935
0.98973604,0.02354131,0.00635998,0.93202496
0.98283175,0.02272506,0.01894854,0.99969495
0.98920549,0.00212291,0.00994427,0.99897611
9.46283116e-01,2.29160685e-02,1.82022457e-04,9.96787092e-01
0.99416897,0.04182001,0.057931,0.99987522
0.97420118,0.001934,0.0356395,0.9990364
0.93122848,0.04045629,0.01571243,0.98967695
0.90204367,0.00189437,0.03893955,0.98833823
9.28733281e-01,7.74123237e-04,1.47794059e-03,9.13574625e-01
9.56160412e-01,2.02149809e-02,5.79542964e-04,9.65023111e-01
0.99823947,0.08330522,0.01714769,0.99999319
0.92431302,0.01993991,0.00148335,0.93287433
0.99271775,0.02115024,0.02261601,0.98490886
0.9720524,0.00304274,0.01292291,0.99917284
0.93096597,0.00718249,0.01187792,0.99384708
0.99144308,0.02360095,0.0214398,0.99723884
0.97304728,0.02551366,0.00209451,0.99922421
0.95291936,0.00298474,0.07315696,0.99747458
0.995202,0.02042427,0.0594209,0.99997483
0.97820901,0.00303401,0.02415021,0.99653865
0.91509453,0.05577045,0.00985625,0.9808641
0.95654846,0.06794316,0.01244687,0.92615571
0.95587471,0.03307209,0.00471748,0.99752241
0.95087376,0.01574567,0.009005,0.99696407
0.94433905,0.00120075,0.002812,0.99648043
0.93306746,0.00347192,0.00121046,0.99235553
0.99059741,0.03146137,0.00355909,0.99547765
9.87847476e-01,9.84466508e-02,3.21131058e-04,9.99832812e-01
0.99238782,0.09988471,0.00830492,0.99993136
0.97475198,0.02455773,0.0114171,0.98135205
0.94925971,0.03528736,0.00466625,0.98621676
9.75442350e-01,5.01395272e-04,1.05545691e-02,9.97382710e-01
0.95885674,0.04487491,0.02810237,0.99108164
0.98542064,0.00574809,0.0042009,0.96373557
9.36103411e-01,8.68781799e-03,2.65178222e-04,9.94736377e-01
0.98813417,0.01677529,0.07139664,0.99985431
0.94888193,0.00413097,0.00101274,0.98542469
0.99341491,0.01488352,0.07825851,0.99985743
0.96373339,0.00166704,0.02689743,0.99854764
9.11021951e-01,5.03504978e-02,1.64355871e-04,9.85125232e-01
0.98068207,0.0032542,0.02217429,0.99820608
9.75077421e-01,2.26138537e-02,4.26738588e-04,9.96268393e-01
9.62387780e-01,6.56673175e-04,3.77116502e-02,9.97633337e-01
0.99202702,0.00402277,0.01286669,0.99846782
0.90767874,0.00925604,0.02890416,0.9823084
0.96693753,0.00153409,0.03297716,0.97328626
0.92738659,0.05384599,0.06244007,0.98394312
0.91809599,0.00255584,0.0125625,0.95343544
0.9348655,0.00214353,0.0027445,0.97080304
9.71099135e-01,8.26722397e-04,2.77226623e-02,9.12711866e-01
0.99179546,0.03001684,0.06741519,0.999929
0.99658334,0.01338325,0.0608306,0.99651917
9.13749266e-01,4.98317730e-04,5.11938968e-03,9.91166664e-01
9.10568606e-01,9.65368450e-03,6.38310208e-05,9.84917279e-01
9.18753140e-01,1.08682395e-02,3.26471090e-04,9.92318457e-01
9.52048601e-01,8.74786935e-03,1.68117522e-04,9.91370323e-01
0.99309837,0.01684733,0.00710923,0.98903721
9.57287586e-01,2.73636896e-03,9.72672512e-04,9.95265107e-01
0.97727277,0.00417323,0.00494297,0.99943574
9.19776315e-01,1.59377901e-04,8.28239627e-02,9.92413439e-01
0.94695594,0.00861928,0.00381077,0.99687205
0.99602518,0.0442265,0.04657451,0.99813096
0.91312088,0.03850524,0.00230086,0.98864525
9.44548655e-01,3.97561336e-02,3.63231645e-04,9.96565317e-01
9.13987567e-01,1.55587884e-04,4.93166532e-02,9.91214499e-01
0.99774733,0.06162299,0.03273931,0.99999489
0.99260343,0.01482764,0.07538686,0.99994446
0.93245145,0.00292153,0.01079053,0.99462366
0.92206665,0.02489167,0.02396835,0.99290249
9.53191274e-01,2.23257284e-02,7.70555453e-05,9.96842325e-01
0.97688348,0.04891199,0.02180578,0.95901299
0.99542199,0.02066192,0.02597864,0.99997619
9.71003362e-01,5.75258254e-03,9.22690129e-04,9.99108942e-01
0.98053806,0.00164112,0.02117674,0.99959171
0.96800571,0.00777661,0.01911607,0.99848247
0.9980725,0.02952018,0.08459617,0.92930816
9.65477337e-01,1.45605478e-02,3.22961576e-04,9.83215577e-01
0.98736422,0.0017304,0.02100033,0.99972552
0.99039578,0.06867147,0.00636663,0.999818
0.98430279,0.02379434,0.0075017,0.99974561
0.99493302,0.07776659,0.00142582,0.99992857
9.69854183e-01,8.60210645e-05,7.32342781e-02,9.98416907e-01
0.9518522,0.04105386,0.00117857,0.99743766
0.9117585,0.03219362,0.02118056,0.98684486
0.91902883,0.00124435,0.04716184,0.99157242
0.97937474,0.00101756,0.04066348,0.99924142
0.96817034,0.0440514,0.007526,0.99881782
0.9749858,0.00473769,0.05374269,0.99930048
0.95862141,0.00146699,0.00499988,0.99811833
0.92814499,0.00570468,0.00353967,0.957627
0.99301384,0.01043204,0.0881347,0.9994243
9.31257767e-01,2.56429236e-02,7.31388489e-04,9.59980195e-01
9.79221212e-01,4.50840727e-04,8.24390506e-02,9.99536643e-01
9.87332806e-01,8.92275785e-02,6.17365789e-04,9.99795665e-01
0.98485399,0.06450432,0.05045246,0.99976242
0.93011554,0.0075647,0.08185195,0.9868961
9.07208553e-01,3.21945176e-03,9.71136608e-05,9.88318145e-01
0.98798209,0.02365356,0.00817641,0.99981165
9.35010705e-01,1.77990946e-04,8.28813377e-03,9.65440515e-01
0.95870586,0.02080406,0.09759122,0.99776565
0.97368322,0.00217038,0.0244839,0.99925147
0.95923875,0.00344134,0.08611433,0.99836868
9.64654785e-01,8.48733129e-04,3.41669380e-02,9.98508934e-01
9.75504971e-01,2.28436299e-02,8.73554198e-04,9.70708465e-01
0.94758592,0.02317804,0.00402902,0.99524442
0.98132131,0.00424915,0.01059181,0.99963043
0.91070079,0.0021224,0.01559533,0.97415861
9.68344050e-01,7.89134211e-02,8.49929929e-05,9.90456283e-01
0.95550805,0.07835628,0.00463203,0.99543859
0.99924042,0.08009886,0.08264509,0.99999942
0.91437182,0.01220574,0.05343359,0.98990508
0.97622704,0.08683427,0.00122392,0.99940662
0.98365231,0.00888127,0.06188388,0.99971217
9.11128903e-01,1.96226762e-02,1.11688300e-04,9.87695275e-01
0.96493371,0.0673641,0.00754136,0.99754134
0.99352395,0.09261331,0.01395305,0.99974312
0.97946119,0.00708017,0.0065065,0.99944066
0.99351278,0.0125228,0.04603186,0.98433227
0.99817512,0.02800381,0.07958817,0.99997297
0.96095755,0.0012753,0.06684045,0.99792564
9.36071345e-01,7.29602700e-03,8.68817926e-05,9.94620906e-01
0.99777057,0.00981242,0.08611443,0.91608677
0.99826231,0.09962238,0.02809125,0.9992766
0.96108483,0.01168931,0.04362154,0.99776974
0.99596008,0.03720927,0.03450816,0.99934392
0.91517648,0.07363586,0.00442649,0.99125321
9.79854606e-01,3.42515188e-04,4.71743234e-02,9.32264872e-01
0.90376881,0.04699522,0.00747146,0.93622499
0.99389936,0.042666,0.003092,0.99995814
0.97410945,0.00679816,0.04185452,0.99912278
0.97990208,0.00637677,0.00566947,0.99945827
0.97809529,0.03839634,0.09493859,0.99512113
0.99174116,0.02963572,0.0013069,0.99993059
9.40261821e-01,7.97917878e-02,7.25732104e-04,9.95571609e-01
0.91153846,0.02502312,0.00133306,0.92247285
0.94754733,0.03087644,0.07962052,0.99693984
9.58902403e-01,8.99751117e-04,4.60588445e-03,9.97877319e-01
0.98930337,0.06650338,0.00259784,0.99986851
9.87562119e-01,2.61396653e-02,5.95720345e-04,9.89084693e-01
0.90874165,0.00195599,0.00867214,0.99001151
0.98839573,0.01853436,0.00975309,0.99942753
0.92515405,0.05435189,0.00644713,0.9742793
0.98988516,0.01334267,0.01803381,0.9828045
9.50368080e-01,5.94745266e-04,4.23687509e-03,9.97274040e-01
0.97360129,0.01525326,0.00323065,0.99826115
9.76818037e-01,2.29934435e-04,5.76810282e-02,9.98470667e-01
0.98627155,0.0963781,0.00324294,0.99691963
0.98526674,0.00561553,0.0497237,0.99910728
0.94813392,0.03399593,0.00147091,0.9968667
9.15174400e-01,6.25754774e-05,4.63461567e-02,9.91316089e-01
0.98298496,0.05060705,0.00311244,0.99965263
9.68636484e-01,5.99112422e-02,6.35034520e-04,9.98577592e-01
0.92930872,0.00392366,0.09074131,0.99131325
0.93645377,0.00163972,0.01011146,0.98958446
0.90256148,0.01190565,0.00750857,0.98847937
9.52378822e-01,2.19426744e-03,5.39696376e-04,9.96933555e-01
9.55834778e-01,6.54320107e-02,3.66456969e-04,9.97860248e-01
9.42264263e-01,5.06627548e-04,4.29170767e-02,9.57657475e-01
0.98752453,0.00364051,0.08003513,0.99982881
0.90257395,0.00166482,0.01082326,0.97616926
9.10323211e-01,6.14213995e-04,5.29650411e-04,9.83540761e-01
9.32671405e-01,2.24088514e-04,8.59399190e-02,9.93154233e-01
9.07348214e-01,8.56852331e-02,1.54562073e-04,9.75593234e-01
0.99297134,0.00724907,0.01814637,0.99982231
0.97634846,0.04754859,0.03260142,0.99805774
9.35554172e-01,3.39191067e-04,4.72716131e-02,9.94600145e-01
0.9773376,0.00367889,0.03895056,0.99938073
0.90468388,0.00168498,0.00508597,0.98171765
9.45610569e-01,6.15205516e-02,5.13851212e-04,9.71431792e-01
0.99071196,0.02481953,0.01385879,0.9829202
0.93409987,0.02910755,0.0703377,0.99407696
0.95907119,0.02935244,0.00157077,0.99798071
0.98701098,0.07541416,0.01990551,0.99978742
0.98241724,0.019983,0.00334804,0.9995415
9.41974895e-01,9.70725187e-02,9.67123768e-04,9.96164050e-01
0.99375634,0.01446218,0.01250111,0.99952766
0.9538726,0.08476111,0.02221874,0.99698441
0.98751391,0.0536332,0.03799916,0.99984014
0.94692824,0.02387728,0.08387101,0.99691377
9.19060245e-01,9.25788697e-06,6.71505104e-02,9.91416307e-01
0.92989506,0.06125084,0.00640005,0.99172235
0.95008706,0.01562513,0.00383777,0.99381201
0.99054419,0.09742063,0.00121542,0.98723001
0.99168709,0.06229248,0.00695599,0.99991975
0.98375374,0.00700498,0.00618184,0.99510249
9.69361179e-01,1.20687027e-02,3.41622914e-04,9.98999053e-01
9.76438010e-01,9.34152437e-04,6.50606641e-02,9.92790180e-01
9.69607358e-01,2.13977350e-04,1.75587550e-02,9.98857769e-01
9.64374080e-01,3.02469406e-04,5.16844232e-02,9.98578554e-01
0.93576712,0.0392792,0.0146902,0.99510918
0.99186482,0.06147876,0.01271713,0.98752169
0.96710391,0.00908727,0.00251178,0.99735551
0.96242309,0.07878122,0.00375625,0.99505941
0.90929254,0.0300933,0.00327674,0.98992717
0.96736778,0.02183952,0.00315985,0.99851633
9.28949962e-01,1.01242911e-05,3.84133315e-02,9.84697714e-01
0.95198086,0.00520851,0.07636662,0.98975502
0.96564607,0.00133647,0.01004256,0.96690695
9.65289131e-01,1.12171439e-04,6.93666231e-02,9.87288242e-01
0.97818333,0.0104953,0.0067396,0.99914729
0.98835638,0.05199184,0.02229693,0.99970676
0.94791178,0.00915338,0.04832788,0.99641363
0.97038766,0.00128302,0.02689646,0.98561933
9.00835689e-01,5.57338704e-03,2.18359500e-04,9.77287068e-01
0.99732763,0.01442939,0.02989751,0.99999236
0.98949966,0.04079237,0.02816678,0.99988376
0.96342488,0.05361662,0.02160946,0.99801184
0.9724264,0.00415657,0.01560271,0.97008719
0.97763887,0.00740603,0.00620036,0.98534182
9.26068920e-01,4.91389966e-02,1.07439806e-04,9.83785292e-01
9.47637793e-01,6.04407658e-04,1.14892583e-02,9.96810679e-01
0.91997196,0.00171859,0.0747344,0.99114539
0.99085191,0.01614185,0.02092811,0.99990176
0.90660538,0.0730119,0.00864936,0.98940828
0.95896818,0.0167742,0.01803211,0.97683251
9.60856901e-01,4.39871163e-04,1.70842647e-02,9.93669626e-01
0.974988,0.00582228,0.00130609,0.99597452
0.98720479,0.08351258,0.09858357,0.98998103
0.9902031,0.00607785,0.03281003,0.95615581
0.95980607,0.00864969,0.09429193,0.99797374
0.99447193,0.04049665,0.00333797,0.96157128
0.98710178,0.02066161,0.00182561,0.94471287
0.98197937,0.00341096,0.00497651,0.99707467
0.98078289,0.00122729,0.03744344,0.99961614
0.99144178,0.01231145,0.01017896,0.99992452
0.92710988,0.05206702,0.02215699,0.99613693
0.97250223,0.09387574,0.09140743,0.99918716
0.93063267,0.01018112,0.01404972,0.99445666
0.95126762,0.05894339,0.01700523,0.99741049
0.99751755,0.00757743,0.06340255,0.99998691
0.96473238,0.00197129,0.00542856,0.99853168
9.17968682e-01,3.51967808e-04,2.69956869e-02,9.79888698e-01
0.94636605,0.00136565,0.00196803,0.99440514
0.99417,0.04494866,0.02873621,0.99996506
0.96923799,0.05637935,0.04357169,0.98237856
0.95046369,0.0455335,0.03996429,0.99557819
0.98794214,0.05046204,0.0476695,0.99984886
0.98261967,0.00516744,0.01970112,0.99968709
0.91904091,0.00476825,0.00876008,0.97361977
0.96568843,0.0261096,0.0040064,0.99854654
0.99630238,0.05113228,0.03477961,0.99991164
0.97624283,0.00152608,0.01746205,0.99934827
9.01008343e-01,3.27565545e-04,2.47954489e-02,9.82905837e-01
0.92644863,0.00357758,0.01230327,0.99371745
0.90230245,0.04147507,0.00715926,0.97128413
0.9756911,0.00311058,0.05551278,0.97370769
0.99240822,0.08564141,0.00829057,0.93948955
0.99818046,0.01289946,0.05089325,0.99311778
0.92522476,0.03393712,0.09427071,0.99182811
0.97770471,0.00185324,0.05089376,0.99852671
9.80507259e-01,4.58282049e-04,5.53268993e-02,9.99329459e-01
0.95264433,0.00506936,0.0035999,0.99748284
9.42973883e-01,4.84630328e-04,2.13693021e-03,9.89838297e-01
9.32948158e-01,3.34716560e-02,8.34079300e-04,9.94855488e-01
0.99143753,0.08131437,0.04131203,0.93619304
0.98250812,0.03499575,0.02488554,0.99888689
0.98974371,0.09301862,0.00920258,0.9998888
0.99561482,0.01254858,0.02520748,0.99942628
0.90659907,0.01294895,0.00244815,0.98706913
0.98505597,0.08374186,0.00381264,0.99873352
9.29502172e-01,4.97183579e-04,4.43722366e-03,9.94283035e-01
0.90235553,0.01737452,0.06596796,0.98815722
0.96861632,0.01678765,0.01134729,0.94057586
0.91139642,0.03362711,0.01329371,0.99045402
0.92489657,0.00276845,0.00327242,0.99221879
0.91465362,0.00485389,0.07977112,0.97624588
0.9915776,0.03043779,0.0031552,0.99990246
0.99004133,0.02691473,0.04827465,0.91051424
0.97650766,0.05255314,0.0038011,0.97805804
0.99372671,0.04026952,0.00438514,0.99990819
9.21635189e-01,4.80507376e-05,6.93914500e-03,9.92408885e-01
0.99414849,0.03476183,0.03843128,0.99960084
0.95965795,0.00175729,0.08725403,0.99157691
0.96463463,0.04372284,0.07141879,0.99849675
0.9755098,0.0096087,0.00548346,0.99935066
0.99208803,0.06736401,0.0010163,0.99993262
9.73876029e-01,9.56653369e-02,3.57601476e-04,9.99171866e-01
9.07665061e-01,4.17370188e-02,2.14805490e-05,9.88293573e-01
0.95957504,0.00500984,0.00608507,0.99331919
9.39301104e-01,2.23652528e-03,5.85007137e-04,9.95601271e-01
9.35161273e-01,6.58876704e-05,9.69541187e-03,9.94982711e-01
9.72429205e-01,2.35331786e-04,7.57990464e-02,9.95232275e-01
0.99104824,0.00570107,0.03913545,0.99905495
0.98951209,0.07608734,0.00103198,0.99988637
9.87055506e-01,9.72375304e-04,4.13079165e-02,9.99824459e-01
9.00584841e-01,3.76400425e-04,1.80273428e-02,9.87960819e-01
0.98713292,0.03042562,0.01642536,0.99982933
0.95679909,0.00702365,0.00102436,0.99623181
9.13995669e-01,6.30036295e-04,4.86338338e-03,9.91189428e-01
9.28878896e-01,2.20291484e-04,1.34202809e-02,9.88925766e-01
0.98531737,0.02921444,0.02866759,0.99948154
0.97341585,0.08777495,0.00679262,0.99496079
0.92117666,0.00593534,0.01077084,0.99237049
9.33502384e-01,4.71527190e-02,1.36773587e-05,9.91709137e-01
0.92922925,0.00116274,0.03096531,0.98744099
0.97817917,0.043438,0.00400206,0.99943603
9.38844487e-01,1.36110209e-02,2.52450363e-04,9.95210265e-01
9.48692278e-01,6.39909043e-02,4.29291375e-04,9.95867797e-01
0.96635812,0.07838101,0.06892894,0.99878951
0.97998144,0.07729721,0.07405859,0.99958261
0.94064406,0.00547635,0.04625715,0.99222951
0.98937988,0.00968834,0.08556524,0.99986461
0.9809352,0.04584936,0.08823217,0.99959749
0.9938557,0.06134075,0.02598873,0.99045149
0.99060211,0.00527152,0.04497546,0.99536715
9.43044718e-01,3.68958080e-03,3.65162866e-04,9.61729539e-01
0.9248042,0.0495593,0.0580758,0.99321022
0.95586855,0.00139094,0.01309311,0.98771708
0.97841156,0.02751728,0.0886281,0.9995111
9.62674216e-01,7.30183455e-05,2.44265945e-02,9.94974787e-01
0.95257444,0.05226551,0.00251559,0.9961898
0.99016321,0.0043988,0.01822474,0.99975912
0.97732381,0.00366899,0.06931438,0.99882902
9.05016605e-01,1.35123107e-03,3.57910731e-04,9.89067288e-01
0.93217562,0.04001718,0.00449317,0.97830251
0.99183948,0.05505573,0.00187788,0.99680079
0.99829383,0.06308164,0.03098462,0.9999969
0.94062106,0.09491959,0.02799219,0.99488329
0.98399485,0.06365997,0.00130479,0.9997345
0.90679047,0.0509509,0.0210397,0.98837902
9.69442695e-01,3.07543986e-02,3.39950658e-04,9.98872813e-01
0.98710528,0.03519098,0.00162593,0.9997953
0.91659621,0.01229855,0.03435475,0.98393098
9.26615329e-01,6.98721825e-03,6.45779551e-04,9.93594389e-01
0.99523762,0.00697689,0.02540394,0.99184701
0.9487093,0.03144851,0.05137169,0.99696804
9.88462993e-01,5.22077147e-02,8.33551410e-04,9.70208575e-01
0.98184755,0.00834331,0.01225996,0.99955307
0.91087807,0.00303106,0.00409701,0.98640926
0.91367155,0.03487346,0.03096525,0.94673612
0.98421162,0.04056473,0.0055443,0.99974084
0.97394243,0.00889968,0.03419218,0.99795385
0.92968805,0.02772887,0.01023081,0.97317528
0.97418959,0.09655212,0.00527501,0.9992684
0.98924417,0.09464445,0.00201221,0.99981192
0.96410197,0.02104272,0.02389945,0.98776822
0.9819497,0.06092564,0.00504388,0.9996478
9.43626432e-01,1.09891784e-04,1.34297679e-02,9.88461181e-01
0.95055856,0.04929845,0.04499289,0.91840537
0.92669739,0.08406129,0.02802512,0.99376559
0.97224975,0.01299215,0.02334197,0.98924563
0.99487487,0.01340903,0.07283063,0.9999564
9.19129510e-01,6.81390460e-03,5.47051121e-05,9.91702325e-01
0.94838431,0.0865173,0.00123269,0.90791969
0.96026957,0.04468273,0.00655295,0.99811418
0.97027757,0.00228426,0.01213447,0.99902489
0.96932616,0.02192731,0.00375935,0.98839182
0.97116191,0.01757084,0.0561417,0.91612335
9.12387289e-01,4.55325833e-05,1.50620695e-02,9.90854182e-01
0.99609643,0.08031879,0.00734286,0.9571505
0.99737232,0.08847478,0.03338612,0.99735608
0.96169973,0.00981588,0.020438,0.99757491
0.9291199,0.00894269,0.02415166,0.98730888
0.92748256,0.02149313,0.02030894,0.99118397
9.68547506e-01,2.89755848e-02,4.63549301e-04,9.98937776e-01
9.33932569e-01,2.75386468e-04,4.44258319e-02,9.41671167e-01
0.99890442,0.04825775,0.09184625,0.99999868
0.99376636,0.01409331,0.04707476,0.99995719
0.95466775,0.02526186,0.0014993,0.99758869
0.91782563,0.00131768,0.03709987,0.94543052
0.96915568,0.05150784,0.02395386,0.99653889
0.96915832,0.00161967,0.00186093,0.96358335
0.96102174,0.08368238,0.02884177,0.9980865
9.63766458e-01,4.17064684e-02,4.36416649e-05,9.91075280e-01
0.9225675,0.09554564,0.00345581,0.99299911
0.9926662,0.02458217,0.04890123,0.99994268
0.90985095,0.03831619,0.04774627,0.99006003
9.89354200e-01,7.22320878e-02,4.20044721e-04,9.99821726e-01
0.98655855,0.08904646,0.08075291,0.91975104
0.98878115,0.03214546,0.00790692,0.99985327
0.97283042,0.06028692,0.01622314,0.99817728
9.61301185e-01,6.51645736e-02,5.09076927e-05,9.97962854e-01
0.99559728,0.01108238,0.03397758,0.9996319
0.99822254,0.06100521,0.01771849,0.99999312
0.96983186,0.01128573,0.0155013,0.99896074
0.97029979,0.07903112,0.02147416,0.99722807
0.9925043,0.07169555,0.05647768,0.99994286
0.91900826,0.00142812,0.00960633,0.98969708
0.90983857,0.01396619,0.01816529,0.98382194
0.92095041,0.00763879,0.01931004,0.97044485
0.93946104,0.00581564,0.06448239,0.99082919
9.76627500e-01,1.33752542e-04,9.79883528e-02,9.99426050e-01
0.9037882,0.07653656,0.05504093,0.9865672
0.95373046,0.03187951,0.01335327,0.99763591
0.91941084,0.03578108,0.00207923,0.99235511
9.24121605e-01,8.13957473e-02,1.77879910e-04,9.50147378e-01
0.93674265,0.01100987,0.0033657,0.99542732
0.94661263,0.0020038,0.00168187,0.94915487
0.90255052,0.07107047,0.03683556,0.98546136
9.68888181e-01,3.49319391e-04,8.40067357e-03,9.98804949e-01
0.97600715,0.01235622,0.0908244,0.99899859
9.33314549e-01,8.59044922e-05,3.11664453e-02,9.93142371e-01
0.92277053,0.02232255,0.01209808,0.99304327
0.90623237,0.00377374,0.01665421,0.98939063
9.10569909e-01,2.13627777e-02,1.35465066e-04,9.70811728e-01
9.66971069e-01,2.86936328e-05,8.55759121e-02,9.90597285e-01
9.74376295e-01,7.97752104e-02,5.72072121e-04,9.79395170e-01
9.31447884e-01,6.10353469e-03,5.05782006e-04,9.94612626e-01
9.29224272e-01,9.04275280e-04,4.54577066e-03,9.94223527e-01
9.61642508e-01,5.40691086e-04,1.13772944e-02,9.75074299e-01
0.98901657,0.00153019,0.09133093,0.9953266
0.9955237,0.0525848,0.01920628,0.99997933
0.99500937,0.01972375,0.00552566,0.9999738
0.99213752,0.02361538,0.09470521,0.9999196
0.96972683,0.00236266,0.06074679,0.96495133
0.98633639,0.0505683,0.00289923,0.99952684
0.96844117,0.0020649,0.00715731,0.97897683
0.97473921,0.09695824,0.05305029,0.99930739
0.99651655,0.08568199,0.06482478,0.9929287
0.96845729,0.06294455,0.00605351,0.99893796
0.95228564,0.00372595,0.02957239,0.99748741
0.92469329,0.00323915,0.01510666,0.99128612
9.60229058e-01,9.85921313e-04,7.47025920e-03,9.91210798e-01
0.96789509,0.0267173,0.00259647,0.97754973
0.9962501,0.06970762,0.0752008,0.99998583
0.98087709,0.04517564,0.09599011,0.98403775
0.93679217,0.00377483,0.05315271,0.92824507
9.21519190e-01,3.92323353e-02,2.68179034e-04,9.58184386e-01
0.91023341,0.05073625,0.00545117,0.9381559
9.32528409e-01,4.33942593e-05,2.52785523e-02,9.94779140e-01
9.15693124e-01,1.26654584e-04,9.13764001e-02,9.84701436e-01
0.97590129,0.05207026,0.05917423,0.99256268
0.90279471,0.0193523,0.01755255,0.98056601
9.60828313e-01,1.30600223e-02,1.58310387e-04,9.94904880e-01
0.90734451,0.00400725,0.04834053,0.98967886
9.86610893e-01,2.15500689e-02,7.60143108e-04,9.99615923e-01
0.98232515,0.00138017,0.05258683,0.99950989
0.94216162,0.00924561,0.00732626,0.99618304
0.90745955,0.04049448,0.09969937,0.91268695
0.97007062,0.0025724,0.02137133,0.99899915
0.968333,0.04040108,0.03421323,0.99893042
0.99432621,0.02857932,0.01767136,0.99996639
9.21461455e-01,1.55380289e-03,5.83215758e-04,9.92118896e-01
9.28687445e-01,1.84875561e-04,1.95773967e-02,9.70759626e-01
0.98451813,0.02316872,0.00472823,0.99975097
0.98601005,0.07138506,0.01120491,0.9033209
9.17898161e-01,3.75211994e-04,2.44980251e-02,9.43199991e-01
0.9571254,0.06907258,0.03320207,0.99779406
0.93810648,0.00212598,0.02794981,0.98089476
0.95884428,0.0044956,0.01111904,0.99788029
0.99296421,0.05751161,0.00249022,0.99994547
9.50889634e-01,7.66236171e-02,5.61413236e-04,9.84811739e-01
9.81513917e-01,7.66735942e-02,5.12853071e-04,9.99605881e-01
0.91425145,0.00371284,0.00807839,0.99126672
0.97996275,0.01175669,0.00873053,0.98304376
9.83538681e-01,5.13843752e-04,6.17728472e-02,9.99722802e-01
0.9829215,0.0034735,0.00757559,0.99950657
0.96283367,0.0737413,0.0622163,0.99851216
9.45440165e-01,6.53205740e-04,5.76244214e-03,9.96591873e-01
9.34302666e-01,8.21832226e-03,5.42477980e-04,9.95076766e-01
0.91684886,0.01428155,0.00100831,0.98910736
0.97644089,0.02006686,0.01209645,0.99941621
0.95321398,0.00400865,0.00935364,0.93496867
0.99041955,0.01576598,0.00183744,0.97930026
0.91635472,0.00105658,0.06918511,0.99111804
9.37026333e-01,2.13466835e-04,1.93535056e-02,9.20082651e-01
0.90182853,0.07886,0.00174638,0.9881703
0.9914952,0.00481536,0.01795293,0.99991684
0.98616499,0.02063729,0.06013945,0.99976292
9.46640223e-01,5.10358362e-02,7.01865989e-04,9.87751976e-01
0.9929587,0.02152233,0.0320216,0.96262223
0.9013686,0.02630474,0.03278708,0.98804532
0.97993484,0.00143335,0.02276818,0.99923249
0.99496043,0.00291697,0.0914671,0.95665836
9.24204779e-01,4.19892162e-02,7.70951128e-05,9.72707620e-01
9.25332021e-01,3.07889565e-05,3.15383739e-02,9.92143976e-01
0.95858302,0.00707311,0.01306129,0.99745551
0.99770321,0.06955371,0.09827572,0.98622534
0.95098079,0.02218769,0.08677565,0.91968965
0.9855864,0.00728861,0.01048432,0.99946048
9.09080625e-01,2.50146684e-03,1.38534504e-04,9.86992902e-01
9.63130889e-01,5.74100262e-02,5.55794086e-04,9.98538912e-01
0.98420299,0.04045735,0.00215265,0.98512698
0.97867057,0.00370155,0.04038975,0.99847442
0.99381834,0.09769485,0.08017806,0.99996131
0.98550607,0.02357267,0.03860662,0.99808217
0.94933945,0.05191475,0.01930609,0.98175618
9.82084078e-01,1.41680524e-04,9.11286098e-02,9.98691583e-01
0.99688789,0.01445497,0.05038835,0.99997075
0.93347069,0.05221987,0.04724187,0.98273088
0.9913327,0.01093705,0.08395017,0.99986657
0.90890571,0.04591524,0.00134539,0.98993051
9.68224908e-01,3.91898602e-02,3.31245827e-04,9.97405205e-01
0.99274362,0.01085104,0.01696913,0.99994457
0.94656951,0.01170755,0.00501031,0.99661352
0.99686121,0.05800749,0.01074028,0.99998995
0.90041167,0.04770438,0.01794563,0.9858751
9.20952825e-01,4.40029151e-04,3.68003317e-03,9.90163966e-01
0.93131249,0.00626855,0.05573992,0.99386759
0.98314131,0.05245619,0.03127949,0.99967308
0.99794581,0.06576322,0.04015787,0.99978391
0.98041032,0.04142714,0.00154658,0.99913202
0.96613183,0.00382875,0.00442766,0.99877126
0.99618685,0.02575921,0.01236581,0.99994856
0.91553137,0.05047989,0.0058097,0.99013228
0.94292978,0.00762719,0.01302357,0.99489997
0.96882095,0.03204678,0.01259184,0.99780643
9.08855767e-01,5.77143964e-04,3.48248269e-02,9.89952305e-01
0.90070966,0.00653959,0.09195244,0.98463327
0.94106261,0.0414712,0.00579844,0.98160795
0.95280062,0.01300078,0.0016567,0.97818529
0.97633524,0.09925954,0.0253807,0.98636378
0.99062192,0.07159859,0.00483838,0.99991011
9.52652259e-01,2.45465071e-02,9.36967880e-04,9.97515997e-01
0.98127518,0.00318592,0.00521046,0.99940153
0.90651185,0.07573486,0.00323316,0.98933678
0.98354552,0.00146326,0.09073579,0.99956544
9.20185711e-01,3.30457449e-04,9.31271456e-02,9.46821171e-01
0.97627581,0.00643199,0.00472101,0.99784485
0.99299433,0.00828448,0.0184675,0.99994725
9.24706549e-01,2.95563320e-02,3.34329344e-04,9.93140995e-01
9.81005218e-01,8.41795624e-02,5.91944577e-04,9.99525878e-01
9.62538229e-01,3.41014454e-04,1.23161484e-02,9.97642031e-01
9.00415497e-01,3.92409043e-02,1.75378985e-04,9.83182553e-01
0.90373176,0.01109512,0.00894387,0.98577423
0.94993654,0.01294569,0.00109611,0.93640267
9.79216694e-01,5.51276780e-02,4.53329793e-04,9.96377377e-01
0.98085019,0.02206722,0.00396428,0.99959863
9.68440334e-01,5.03101187e-02,3.65622582e-04,9.95993966e-01
0.99138349,0.00137115,0.05597636,0.99991098
0.95033785,0.00336451,0.02901289,0.99697147
0.95177867,0.04275932,0.01771886,0.99737307
9.64241878e-01,6.22309130e-04,1.56696220e-02,9.98385070e-01
0.94878365,0.00338549,0.02366037,0.99679869
0.95069602,0.00524714,0.00833531,0.99477763
9.67106899e-01,5.12064006e-05,7.47537597e-02,9.98576749e-01
0.96286243,0.00155979,0.0027984,0.99811017
9.40352328e-01,1.40406597e-04,3.22919641e-02,9.64583219e-01
0.99537513,0.00941295,0.0252152,0.99990369
9.17448207e-01,5.41237055e-03,3.06702188e-04,9.90472480e-01
9.72807675e-01,3.18072323e-04,8.96249775e-02,9.97752024e-01
9.52077793e-01,8.43940981e-04,9.92146432e-02,9.96708149e-01
0.95265239,0.07627981,0.0762663,0.99752896
0.99799437,0.02071469,0.03897107,0.99999556
0.99718884,0.01520019,0.02746524,0.99999138
0.93991052,0.0813594,0.00260667,0.99109422
9.82624845e-01,5.98184928e-02,7.89021270e-04,9.99580507e-01
0.96337669,0.00181873,0.01263381,0.93876352
0.92430961,0.0012309,0.00554327,0.95327811
9.49576650e-01,1.69155116e-02,3.38131052e-04,9.92594541e-01
9.19929260e-01,5.34431745e-03,5.75388885e-04,9.92454438e-01
9.78944562e-01,1.43434834e-02,9.96425120e-04,9.99263004e-01
0.96886426,0.01394113,0.00163072,0.9795234
9.05548609e-01,2.60170795e-04,7.10401631e-03,9.88740415e-01
0.9021435,0.00564318,0.00426028,0.98259056
9.20407428e-01,3.40851819e-04,9.51654273e-02,9.54894835e-01
0.93961182,0.0092327,0.01905397,0.94759182
0.98894061,0.0677158,0.08285583,0.99596498
0.96980088,0.06316475,0.02415785,0.96700158
9.63390691e-01,2.15965592e-04,2.09590848e-02,9.98556217e-01
0.98647567,0.02265274,0.00341581,0.99117353
0.99607102,0.01652749,0.01111802,0.99165224
0.98383448,0.09353161,0.00580148,0.99287658
9.47418665e-01,2.91624678e-04,4.46229787e-03,9.95174354e-01
9.27983904e-01,1.15291159e-02,7.73802283e-04,9.93726153e-01
9.28833957e-01,1.32647390e-04,1.01993269e-02,9.94162813e-01
0.94931226,0.00423184,0.00926532,0.99699316
0.95861491,0.01486675,0.05718545,0.99771686
0.97322442,0.01852907,0.00275637,0.99923316
0.98576249,0.06478683,0.01752551,0.99842285
0.91152964,0.06286888,0.0290886,0.99074392
0.94167206,0.0066945,0.08822774,0.99605597
9.42287108e-01,1.86096442e-04,6.25529960e-03,9.76717898e-01
0.99102489,0.00816154,0.03664375,0.99919498
0.98459171,0.01350536,0.00800721,0.99975485
9.10272622e-01,2.25966174e-04,1.09191048e-03,9.43255173e-01
9.68930584e-01,4.81474277e-02,5.75364525e-04,9.98943564e-01
9.79854035e-01,1.26911633e-02,9.70927820e-04,9.99206136e-01
0.98788654,0.01299231,0.00150491,0.99971281
0.98871629,0.01046635,0.01428042,0.9865564
0.96807993,0.00539387,0.02169099,0.9987988
0.99391943,0.02643551,0.04204748,0.99993784
0.95219652,0.02150655,0.04896778,0.93591351
9.16156610e-01,5.11383936e-02,6.35238393e-04,9.91599397e-01
9.73036043e-01,3.68279208e-04,7.35435377e-02,9.94835525e-01
0.9799539,0.00783001,0.04571406,0.98215801
9.78601205e-01,7.05921831e-02,6.83654827e-04,9.99456749e-01
9.11208664e-01,3.74127038e-04,1.16172610e-03,9.90579413e-01
0.99329279,0.00140815,0.0642305,0.999946
0.98844601,0.0512994,0.01355353,0.94249869
9.31302140e-01,2.84686379e-04,3.42159858e-03,9.77936012e-01
0.98963841,0.02035461,0.00170914,0.99968465
9.31488738e-01,2.57493253e-04,2.69427445e-02,9.94321467e-01
0.99264724,0.01524351,0.01431173,0.97900739
0.98660817,0.00129714,0.09348122,0.99979698
0.98277378,0.00365357,0.0154463,0.98734915
9.59124162e-01,9.79031849e-05,5.98349571e-02,9.98062240e-01
0.99066779,0.00509868,0.05291538,0.99991094
0.96898545,0.07898332,0.00846708,0.99464601
9.16855734e-01,5.51962842e-03,2.08041794e-04,9.91783739e-01
9.01893254e-01,4.97665213e-04,9.53024132e-02,9.88304726e-01
9.23994150e-01,7.26820887e-06,7.36767901e-02,9.87354086e-01
0.93784159,0.02377506,0.00414483,0.99267345
0.98561619,0.02058265,0.08463059,0.9997869
9.28980331e-01,4.33338191e-04,4.96019629e-03,9.94050984e-01
0.99922545,0.080248,0.07328014,0.99999939
0.96000108,0.00099937,0.02473631,0.90640581
9.19566196e-01,8.62984881e-05,3.30812822e-02,9.88387465e-01
0.92440872,0.06480855,0.02959445,0.99317205
0.96138285,0.00622249,0.07741845,0.99547722
9.57981382e-01,5.46072052e-02,1.03872620e-04,9.97544258e-01
0.99019106,0.00106098,0.04471787,0.99980378
0.97718464,0.01001782,0.01061092,0.99756908
9.64230554e-01,2.60097498e-02,8.21880205e-05,9.72638011e-01
9.19751885e-01,5.06689401e-04,1.81230102e-02,9.86406890e-01
0.94117234,0.02732029,0.08179811,0.99580176
0.96686059,0.00122426,0.00974,0.99354362
0.96772192,0.00194027,0.02740533,0.99649888
0.95163616,0.00425297,0.00116566,0.98106635
0.9911562,0.00956551,0.02261099,0.99992036
0.98856206,0.00436628,0.0889154,0.99922499
9.83052097e-01,6.25980216e-04,2.61895031e-02,9.99696290e-01
9.04268207e-01,1.13150217e-04,6.02891014e-02,9.82065422e-01
0.94954406,0.00180397,0.00218782,0.99599296
0.92211835,0.02698729,0.00399044,0.99291596
0.94774205,0.05401015,0.04441614,0.9969637
0.92095166,0.0026722,0.05210213,0.99225105
0.92240707,0.00916324,0.06808015,0.99242741
0.99714989,0.03068859,0.06310149,0.99990807
0.96009256,0.04250327,0.06994815,0.99792743
0.97466491,0.06724636,0.01497793,0.99669919
0.99295643,0.06236599,0.06502007,0.99978189
0.99515208,0.03846775,0.07971353,0.99772489
9.84335708e-01,4.34637193e-02,8.44546234e-04,9.99746433e-01
0.94703923,0.00514916,0.07725064,0.99682972
9.82622163e-01,5.60071938e-02,2.24061902e-04,9.97984197e-01
0.98711066,0.01695635,0.01197419,0.99959916
0.9594685,0.02602809,0.02695251,0.99464851
9.37472562e-01,8.37634393e-04,8.08389528e-02,9.95570144e-01
0.9875877,0.01330942,0.00458805,0.99915856
0.99207975,0.07428919,0.0232541,0.93023417
0.93501735,0.00528627,0.05239289,0.99537601
0.96565179,0.00159168,0.03929413,0.99873516
9.19402087e-01,8.42915963e-02,1.78991787e-05,9.90724441e-01
0.96950883,0.01353683,0.02567793,0.99818676
0.98278104,0.03177418,0.02543203,0.99781417
0.98117321,0.01254119,0.03194036,0.99882897
0.94335555,0.00915876,0.00274825,0.99630847
0.95808977,0.0273167,0.00366597,0.99805586
9.76306699e-01,8.43162605e-04,7.98805105e-02,9.46288650e-01
0.97585728,0.02043568,0.00444342,0.99804437
0.98122791,0.02026959,0.06528201,0.99932803
0.96997404,0.03116931,0.07906598,0.99903354
9.33918338e-01,4.27675846e-02,6.99600292e-04,9.95018211e-01
0.98593091,0.01263044,0.01053273,0.99925673
0.92961721,0.0091544,0.03774841,0.99333365
0.93877243,0.0246138,0.05365045,0.98967222
0.98838213,0.03521442,0.0897799,0.9996761
0.93652618,0.00989303,0.0245818,0.99522568
9.42135489e-01,6.47349284e-04,9.30665458e-03,9.95428346e-01
0.92252635,0.01104503,0.0012567,0.98870842
9.33519931e-01,3.29230802e-05,3.57308479e-02,9.93329405e-01
9.73847261e-01,1.41106517e-02,6.45422137e-04,9.99268657e-01
0.93306834,0.00442848,0.00494032,0.99460784
0.99172884,0.00514933,0.01424414,0.99983169
0.99156201,0.00674664,0.00666279,0.99856344
9.55726973e-01,4.54290968e-03,2.97537918e-04,9.97630303e-01
9.56092973e-01,1.97547035e-04,7.81691478e-03,9.33214063e-01
9.27220156e-01,3.52037426e-02,7.03054706e-04,9.93165985e-01
0.98142463,0.08895339,0.00406271,0.99913422
0.99498307,0.0057084,0.08219099,0.99989107
0.92926451,0.06263465,0.03426355,0.99256226
0.98827259,0.02494529,0.03276806,0.99969322
0.90439574,0.02247979,0.01849358,0.97506227
9.70699675e-01,6.65038886e-04,2.03380740e-02,9.96469085e-01
9.81818635e-01,8.57525174e-02,4.52522838e-04,9.99405477e-01
0.94828508,0.04449759,0.00600921,0.99674043
0.97561942,0.00102459,0.00404845,0.93681679
0.99743301,0.05854854,0.03121869,0.99999316
0.99847201,0.02988896,0.08909611,0.99977566
9.85254860e-01,3.20657353e-02,3.98887844e-04,9.98507769e-01
0.98522246,0.04130234,0.00667441,0.9996857
9.37983968e-01,2.36598004e-04,3.87767288e-02,9.70387999e-01
0.99236483,0.00348418,0.05347899,0.99994063
9.65502995e-01,6.23532177e-02,2.86698331e-04,9.98709895e-01
9.53229672e-01,4.53117169e-04,2.70798514e-03,9.97520063e-01
0.99156912,0.02323658,0.01524715,0.99987363
0.99776208,0.04705066,0.0285283,0.99999492
0.98442815,0.03206462,0.01000502,0.99946727
0.97190151,0.02461434,0.09388035,0.97375617
0.98774723,0.00472525,0.03142678,0.99984469
0.96443007,0.0076499,0.00217592,0.99409762
0.98216688,0.08300207,0.03489386,0.99959752
0.97606947,0.00611872,0.00982385,0.98561936
0.91229686,0.00317797,0.01560623,0.92771041
0.97539572,0.05419244,0.00537793,0.99704028
0.99452644,0.01861753,0.01800159,0.99996854
0.91965277,0.02775601,0.05992639,0.99176765
0.91320655,0.06397177,0.07305085,0.98046958
0.96893337,0.01495737,0.00473365,0.93256581
0.91598614,0.0113124,0.00159509,0.99164429
0.97738592,0.00344997,0.03281052,0.999456
0.98424769,0.00330129,0.05879637,0.99969159
0.98897995,0.02561923,0.00150054,0.99985559
9.08721534e-01,6.87532313e-02,6.42470779e-04,9.89908498e-01
9.42779488e-01,4.72578704e-02,7.73565172e-05,9.95835488e-01
0.97589155,0.04463605,0.04793792,0.99929376
0.95176619,0.05926828,0.0874311,0.97865654
9.01682963e-01,4.62907107e-05,1.10396513e-02,9.88235183e-01
0.99351489,0.00340113,0.03098397,0.9999188
9.23891811e-01,8.43589776e-05,1.76945102e-02,9.66879661e-01
0.9941679,0.05283714,0.01721736,0.99987234
9.39672304e-01,1.15813531e-04,5.72680069e-02,9.93324708e-01
0.99039879,0.06539486,0.001803,0.99949275
0.90872518,0.00846173,0.01213402,0.98988991
0.95974067,0.01409998,0.01228049,0.99034792
9.87474183e-01,6.81961629e-02,3.91513796e-04,9.97197282e-01
0.97852173,0.0266202,0.00214725,0.97868873
0.99279962,0.05236432,0.03553027,0.99994731
0.99428085,0.05832253,0.005869,0.9999659
9.13495642e-01,1.70795856e-02,7.66374826e-05,9.90115680e-01
9.39560045e-01,1.39320718e-04,9.81928327e-02,9.85879936e-01
0.92883568,0.0972497,0.00377059,0.98951917
9.32668092e-01,8.28746853e-02,5.94854549e-04,9.94812706e-01
0.93833385,0.00156228,0.06472085,0.9954842
0.9406864,0.00512826,0.06159408,0.99569265
0.97921112,0.04202963,0.08995304,0.99954303
0.9808449,0.00838028,0.04851649,0.99958559
9.12225787e-01,4.11356619e-03,4.65654416e-04,9.90735113e-01
0.90493845,0.00100039,0.0232995,0.98755846
0.99515656,0.09165814,0.05768355,0.99995215
0.99360187,0.02223913,0.04550178,0.99980451
0.926549,0.00620994,0.03812824,0.99303315
0.99115315,0.04417709,0.0108119,0.99991962
0.96412083,0.01405265,0.00511224,0.9986166
0.98451098,0.00187124,0.03013606,0.99955258
0.99394588,0.01933251,0.00831577,0.99996253
9.52746988e-01,6.35085457e-03,2.48897911e-04,9.95381959e-01
9.57759961e-01,2.40169304e-05,5.80084265e-02,9.78311532e-01
0.99240789,0.00885643,0.02548477,0.99982083
9.06555759e-01,5.29782162e-03,1.96304607e-04,9.86796113e-01
0.96583526,0.05180215,0.01032108,0.99407197
9.34191146e-01,9.46345990e-02,1.80320292e-04,9.95292090e-01
0.98639261,0.01371566,0.02245656,0.99071435
9.07453082e-01,1.74258815e-02,1.84021786e-04,9.84309929e-01
0.94259978,0.03200392,0.01453059,0.99630533
9.59932349e-01,7.42063173e-02,4.36548834e-04,9.95613007e-01
9.24355838e-01,3.69379806e-02,3.97837298e-05,9.93239743e-01
0.95897448,0.01237024,0.00911397,0.97661117
0.95312989,0.01735791,0.0289,0.99739173
0.96437829,0.00578968,0.01482165,0.99851652
9.26236952e-01,2.90085248e-02,6.24424269e-05,9.93246907e-01
9.39262277e-01,7.81970997e-05,7.48763772e-02,9.95374765e-01
0.97735148,0.02248109,0.0013437,0.99873291
0.99146973,0.06784244,0.05517677,0.99528451
0.99345434,0.00166214,0.06969804,0.915815
9.36184152e-01,3.20960733e-02,9.42791374e-04,9.94923359e-01
0.95002136,0.07097156,0.07788858,0.9972298
0.99660074,0.08666448,0.01894627,0.99976267
0.92442134,0.05111267,0.02627539,0.9933248
0.91547416,0.07707238,0.00283318,0.99152548
0.90972941,0.01034199,0.00146554,0.94937815
0.9318277,0.01982824,0.07228901,0.994667
0.989429,0.01341771,0.07685863,0.98770234
9.45134932e-01,1.21926877e-03,6.38582535e-04,9.96634110e-01
0.99026134,0.01013603,0.02029293,0.99990336
0.99662841,0.00484392,0.05112021,0.99998187
0.98169713,0.06170036,0.04753008,0.99945476
0.99782276,0.0412712,0.08450819,0.99999524
0.95848715,0.01607289,0.00102437,0.99712629
0.95985359,0.09340907,0.00965546,0.9146083
0.96677756,0.05461617,0.0244013,0.99000402
9.59950944e-01,1.93355979e-05,7.58774004e-02,9.98173356e-01
0.99223785,0.06431407,0.03371741,0.9999388
0.91547731,0.01953127,0.00191754,0.98275747
0.93099065,0.00378142,0.00278729,0.99429881
0.9674583,0.01942458,0.04692724,0.99886563
0.97686114,0.00444531,0.08694239,0.99942855
0.96871541,0.00336308,0.05258528,0.99898732
0.9875229,0.02223185,0.00143801,0.99983462
0.95757288,0.00663115,0.01214301,0.99797242
0.92926983,0.02924529,0.03839312,0.98662712
0.98610442,0.0104423,0.00416586,0.99980057
9.83280013e-01,7.68596353e-05,9.07702452e-02,9.99685721e-01
0.91825972,0.09917056,0.00360839,0.9698581
0.93979159,0.00252568,0.05592226,0.99336957
0.96812266,0.07572741,0.00533491,0.99888273
9.46645065e-01,1.29097023e-02,2.68395487e-04,9.96492892e-01
9.53317901e-01,2.18724709e-02,6.16555360e-04,9.32207531e-01
0.98319873,0.00524826,0.019035,0.99535882
9.40053421e-01,9.20500660e-05,5.28639664e-02,9.86944931e-01
0.93683837,0.05039169,0.00285968,0.97731879
9.15453758e-01,7.23682552e-02,6.06896654e-05,9.88124377e-01
0.96551497,0.01222361,0.01394687,0.9985684
0.99334083,0.04333451,0.06307209,0.9940763
9.32879330e-01,7.09554600e-02,4.57450046e-04,9.63957509e-01
0.92184701,0.00391336,0.00148888,0.98518689
0.96457643,0.01027729,0.00249925,0.99681016
0.99152931,0.00235226,0.07746582,0.99992365
9.71020362e-01,1.23743602e-04,9.31936035e-02,9.18521359e-01
9.44597389e-01,3.49839597e-04,7.05504306e-03,9.61341394e-01
0.99319482,0.08644809,0.03720255,0.99995273
0.98271771,0.0391177,0.00140691,0.99963139
0.96481206,0.00217253,0.05889335,0.99866295
0.98629604,0.02404115,0.00291609,0.99980693
9.68898656e-01,4.76541718e-04,2.71468870e-02,9.93266547e-01
9.22041402e-01,4.03154643e-04,1.46868947e-02,9.92900778e-01
9.14517473e-01,7.24773230e-05,9.31509078e-03,9.91187788e-01
0.97961614,0.01834917,0.00878179,0.99909387
0.9936761,0.02240508,0.06026292,0.99981787
0.94653948,0.02242809,0.00290163,0.99646329
0.99360419,0.06038539,0.00969432,0.99877602
9.66482103e-01,8.08063205e-02,3.60553244e-05,9.98030923e-01
0.98053914,0.0395189,0.00414831,0.99959263
0.94544149,0.0154028,0.02914898,0.93913751
0.9797908,0.09332461,0.06079563,0.99132272
9.20750301e-01,6.17380221e-03,4.15426130e-04,9.26727294e-01
0.93498135,0.0090433,0.00176926,0.99518524
9.29967533e-01,3.04108599e-02,2.91264129e-04,9.94326843e-01
0.96133302,0.04303125,0.00882214,0.99774205
9.79565769e-01,7.34911774e-02,1.68130790e-04,9.53907667e-01
0.98451858,0.02158713,0.03669842,0.99972201
0.96005638,0.05351846,0.00258819,0.99172301
0.9571511,0.03490651,0.0185928,0.99799567
9.68404602e-01,8.95313135e-05,6.22500055e-02,9.98926026e-01
0.94036275,0.06762822,0.04530386,0.98038754
0.9405433,0.00576854,0.03500519,0.99596158
9.08444216e-01,3.88181588e-02,2.50692262e-04,9.89909198e-01
0.98150965,0.0056987,0.08819922,0.99798978
0.96296501,0.00458318,0.03424992,0.98716564
9.04027071e-01,3.04967920e-03,3.12581592e-04,9.88852571e-01
0.95551383,0.01526656,0.08747443,0.99731319
0.94429818,0.05417295,0.00483242,0.99011439
0.9375122,0.05801129,0.00115439,0.97678603
9.77062404e-01,6.44982712e-04,9.08424036e-02,9.98345516e-01
0.99188582,0.01852091,0.08458111,0.99992786
0.92289827,0.01161389,0.00112899,0.99306062
0.90377954,0.00324886,0.00274244,0.98767069
0.9920178,0.00549455,0.02321665,0.9851207
0.95212616,0.04401638,0.00917726,0.99565091
9.28357788e-01,1.78678623e-04,2.48735988e-02,9.82537459e-01
9.75187353e-01,6.18705254e-04,5.97172572e-02,9.99351097e-01
0.9246716,0.04093884,0.03751444,0.92595259
9.51318769e-01,4.91909493e-04,6.99494382e-03,9.68549711e-01
0.99336331,0.08601966,0.04454472,0.99993921
0.99823238,0.07933188,0.03057866,0.92869104
9.58792490e-01,4.86517083e-02,3.96733077e-05,9.92283257e-01
0.95980172,0.08943587,0.03153587,0.9982487
0.96411452,0.03004075,0.01831508,0.99846185
0.99168519,0.09708058,0.04862638,0.98192524
0.99424266,0.00422121,0.03561797,0.99992504
0.97584383,0.07254812,0.00231236,0.99689109
0.99835432,0.08867287,0.01855021,0.99998448
0.9131112,0.02304555,0.06589236,0.99102299
0.99714755,0.05203314,0.00739746,0.99998134
0.96701514,0.00225084,0.00451878,0.99882013
9.89330047e-01,4.58465794e-02,6.17713939e-04,9.99795212e-01
0.97529723,0.00247102,0.09755246,0.99768259
9.40531524e-01,1.95894778e-04,1.46612319e-02,9.86247300e-01
0.91053779,0.00263917,0.00933671,0.92770493
9.62760175e-01,6.28663393e-02,5.57326666e-04,9.98485784e-01
0.95714744,0.00191844,0.05278229,0.9970942
0.98710976,0.03488409,0.01218573,0.99982783
9.46845729e-01,1.75168701e-02,3.35595163e-04,9.95683572e-01
0.97919122,0.00214173,0.07149731,0.96717641
0.90936269,0.02131123,0.00461646,0.98895167
0.96639475,0.04549755,0.05366774,0.99874857
0.98801453,0.00741714,0.05422646,0.95056792
9.87668903e-01,4.53310308e-04,5.88644702e-02,9.32549421e-01
0.9958344,0.03747049,0.00957961,0.99982858
0.95188878,0.0024224,0.04646124,0.99713105
0.99147928,0.00460321,0.00871924,0.99878001
0.96933973,0.04088788,0.00844689,0.99900043
0.99567672,0.06350527,0.00591111,0.99998092
0.95990128,0.00330508,0.01464683,0.99747459
0.98066688,0.0229138,0.00801186,0.98604561
9.51133852e-01,8.75102637e-02,1.62151302e-04,9.97359669e-01
0.9334284,0.01570367,0.003426,0.98638546
9.17189699e-01,3.43436848e-02,2.00742970e-04,9.79181383e-01
9.43860299e-01,1.32991489e-05,8.36408995e-02,9.84593010e-01
9.79226548e-01,4.09600546e-04,1.56033914e-02,9.99521576e-01
0.93740495,0.01476571,0.03030395,0.98278676
0.90327194,0.07205224,0.04037253,0.98861225
9.57315525e-01,1.25502577e-02,9.70798254e-04,9.94181266e-01
0.97870204,0.00877893,0.0019236,0.99952646
0.9160229,0.00149516,0.06871656,0.98945248
9.35139475e-01,1.80154611e-02,4.74995839e-04,9.94858555e-01
9.54710904e-01,6.61080623e-04,5.98482804e-02,9.24837556e-01
0.91914963,0.00153364,0.0105608,0.99211279
0.98760739,0.04627421,0.02439462,0.99977849
0.97089779,0.01225509,0.05825365,0.99910222
9.45645218e-01,7.27977341e-02,1.90703687e-05,9.60576208e-01
9.57398305e-01,2.57869143e-04,4.85722264e-02,9.96415608e-01
0.997743,0.03540462,0.04646736,0.99997416
0.97227357,0.09620814,0.06585689,0.99609799
9.63293007e-01,2.54064815e-02,4.28032148e-04,9.94419771e-01
9.56669394e-01,3.86349738e-02,4.64144902e-04,9.97946946e-01
0.9794865,0.00208591,0.00384932,0.99893956
9.60616773e-01,2.27954345e-04,7.06747036e-02,9.98136366e-01
9.62466601e-01,5.61063247e-02,7.09411776e-04,9.26086320e-01
0.92939924,0.00729268,0.04736658,0.94583313
0.93374077,0.0122873,0.00200904,0.98242573
0.91375839,0.00277837,0.00349935,0.99104573
0.9889716,0.03758263,0.07077618,0.99962923
9.28053436e-01,2.56112266e-04,3.82907977e-03,9.85239111e-01
0.9972917,0.02652689,0.01714684,0.999832
0.94648461,0.03130128,0.04517765,0.99681271
0.98009411,0.02559361,0.05242981,0.99948583
0.99928451,0.05487262,0.08861235,0.97529761
0.97687465,0.02287584,0.00138924,0.99943988
9.75664761e-01,4.46077248e-04,1.05308184e-02,9.99194934e-01
9.82962580e-01,7.89674400e-02,9.01741881e-04,9.50634214e-01
0.98305257,0.01299764,0.00860154,0.99968089
0.99399731,0.00151924,0.08291849,0.99994572
9.27065634e-01,1.24917820e-05,2.99269494e-02,9.87358465e-01
0.99118808,0.04656751,0.01801497,0.99990519
0.97769354,0.05582595,0.07500161,0.99942917
0.9736291,0.07515584,0.09901265,0.99920798
0.97559627,0.00292888,0.06468918,0.99937279
0.93960502,0.02244957,0.01332288,0.99047665
0.98359602,0.03282319,0.02058661,0.97540045
0.94024946,0.00433146,0.08606981,0.98607976
0.91903506,0.00371138,0.00522626,0.98028874
0.97550358,0.04961644,0.00258513,0.99901581
0.98117876,0.00391396,0.03827689,0.99956782
0.98748542,0.00692506,0.00571492,0.99961559
0.99795026,0.04508291,0.01972345,0.9907666
0.99390192,0.09891164,0.04800967,0.99498133
9.07391789e-01,1.60346193e-02,1.63442783e-05,9.88946622e-01
9.82812310e-01,4.89322278e-02,2.49843332e-04,9.99152993e-01
9.64979627e-01,2.70519504e-05,9.12655615e-02,9.95419824e-01
0.98017668,0.05808505,0.02382906,0.9968855
0.98038619,0.04750957,0.00158594,0.97592996
0.98029657,0.05406759,0.01143673,0.92204435
9.33430722e-01,9.97181158e-02,3.79761970e-05,9.22908203e-01
0.96411247,0.02687216,0.00101281,0.99454987
0.95766142,0.038445,0.00330602,0.99798296
0.95967963,0.0022564,0.0512343,0.99819918
9.01900397e-01,8.31519049e-03,1.88204158e-04,9.87897603e-01
9.30302919e-01,2.55018305e-02,7.20881654e-04,9.93996954e-01
0.94603384,0.02696764,0.00208483,0.99668991
9.03127450e-01,2.02521311e-02,2.68876673e-04,9.85255017e-01
0.99206053,0.00117627,0.08753688,0.92819875
0.98523151,0.09304975,0.05628908,0.99977035
0.919835,0.07315863,0.04958835,0.99193398
0.94675977,0.00941127,0.0466881,0.99635941
0.97210095,0.02696392,0.09180767,0.99909184
0.99324652,0.00884541,0.01164017,0.99994075
0.98393315,0.0796586,0.01426107,0.99965443
0.99174085,0.00503686,0.0407138,0.99993061
0.96530337,0.00524152,0.00858249,0.998324
9.83118241e-01,4.64352905e-02,2.53907463e-04,9.99618686e-01
9.53859140e-01,7.87834662e-04,6.68243843e-02,9.68503102e-01
9.85976445e-01,6.05546959e-02,3.55303112e-04,9.99746172e-01
0.91029817,0.00182745,0.04281215,0.98672322
0.99363938,0.07948489,0.03629464,0.99980492
0.97601179,0.04512292,0.00142308,0.99939588
9.54886937e-01,5.74123964e-05,9.56300300e-02,9.94368427e-01
0.99529976,0.01867888,0.00943183,0.99742475
0.99892484,0.04910745,0.08254226,0.99999884
0.96877915,0.00617147,0.00468383,0.99786207
0.93948412,0.02040509,0.01369787,0.99585608
0.91492878,0.00140331,0.00572868,0.99131447
9.18473884e-01,3.11409176e-02,5.96466221e-05,9.92138941e-01
9.10704172e-01,2.52756899e-04,2.43664414e-02,9.89295097e-01
0.90430531,0.00456104,0.03949844,0.98879354
9.50128667e-01,8.28727733e-04,1.90752855e-02,9.96971327e-01
0.92726027,0.00181826,0.01722135,0.99364696
9.22668659e-01,3.37360761e-02,2.83676839e-04,9.90735216e-01
9.40394660e-01,8.15836491e-04,2.27181573e-02,9.95773383e-01
9.50188672e-01,4.81782657e-04,5.27674569e-02,9.96985855e-01
0.96576184,0.01460927,0.04070231,0.99874195
0.98214863,0.00463259,0.01710419,0.99915055
9.07310340e-01,3.05586397e-02,1.10258515e-04,9.88326572e-01
0.97107866,0.00171522,0.00852073,0.99848171
9.43685584e-01,3.56450632e-04,1.56550470e-02,9.78147542e-01
0.97152066,0.06637664,0.07219826,0.99913995
0.98801837,0.00163541,0.05710684,0.92717198
0.99429321,0.00714894,0.03122779,0.99996588
0.95566621,0.00136678,0.06046708,0.99678949
0.97865222,0.00574264,0.0011288,0.99842525
0.93679357,0.03386176,0.00265726,0.99093531
9.72684732e-01,1.47665766e-04,9.34537947e-02,9.78204064e-01
9.56980054e-01,1.56252461e-04,3.98926962e-02,9.97618539e-01
9.81252393e-01,1.25012906e-02,5.06411639e-04,9.20786821e-01
0.94711898,0.09191544,0.00348561,0.91125106
0.97331526,0.03444116,0.06327735,0.99902544
9.75588800e-01,2.12159323e-02,3.29264979e-04,9.99238869e-01
0.98471963,0.00634823,0.07765075,0.9986813
9.07981530e-01,2.91299538e-03,7.98392461e-04,9.81895855e-01
0.93171439,0.01439878,0.00484267,0.99456267
0.93722078,0.01262918,0.02008195,0.99146357
0.94333674,0.01254808,0.00656453,0.99365845
9.70383658e-01,7.43446612e-02,1.51157722e-04,9.99036137e-01
0.92671269,0.06707003,0.04096081,0.99353788
0.94823472,0.0009523,0.00521547,0.93706547
0.94988192,0.08436465,0.00469941,0.99328636
9.24018198e-01,3.87565830e-02,2.67373008e-04,9.93253764e-01
0.98050864,0.00186088,0.0031569,0.99960311
0.90039135,0.00976008,0.00614019,0.98389758
0.97808811,0.01212117,0.0675747,0.99811395
0.98773238,0.08068188,0.00383079,0.99980095
0.99433274,0.00313052,0.02365721,0.99981457
0.95827548,0.0054127,0.02739351,0.99783204
0.99640358,0.00598673,0.07584634,0.99997278
0.91135025,0.00659537,0.0183161,0.95971543
0.9059214,0.00189115,0.0259854,0.98915094
9.12215206e-01,8.67251542e-02,8.78279803e-06,9.86971758e-01
9.74179551e-01,1.50403796e-04,2.20129783e-02,9.65821434e-01
0.99485058,0.00832295,0.021169,0.95706124
9.12560518e-01,6.24005405e-04,9.01011299e-03,9.90890982e-01
0.99037838,0.02542916,0.00401756,0.99988258
0.95980483,0.00245224,0.02281392,0.98237642
9.34767118e-01,9.05304656e-04,6.07893121e-03,9.95084305e-01
9.49120518e-01,2.67194235e-04,5.48653835e-02,9.94688467e-01
0.95929198,0.00309214,0.03563019,0.99657125
0.98949524,0.00500479,0.05074264,0.99987807
0.99376929,0.00300343,0.06039862,0.91902669
0.9889855,0.04468833,0.02636196,0.97082487
9.05527830e-01,3.80998621e-04,3.35249709e-03,9.89209392e-01
0.95271499,0.00571788,0.03418932,0.99692601
0.92605748,0.07352156,0.00403171,0.99365505
0.94033745,0.03389409,0.00489193,0.98246286
0.99722788,0.0368627,0.02254413,0.99999019
0.9226908,0.00143953,0.00665563,0.91128073
9.23271222e-01,9.28886272e-04,9.35079305e-03,9.87303526e-01
9.45590937e-01,2.43885013e-04,3.80349792e-02,9.93562880e-01
0.98903628,0.06237065,0.00135818,0.96373022
0.93660154,0.00397613,0.00238359,0.99527457
0.99500685,0.05710951,0.00413024,0.99997462
0.90254598,0.05225253,0.01446472,0.95998187
9.03211512e-01,4.29967928e-03,6.70374728e-05,9.79558478e-01
0.99670382,0.007471,0.08840697,0.99622091
0.91732981,0.01317592,0.02136012,0.929476
0.95640362,0.00111337,0.0014168,0.99792605
0.9345837,0.02024092,0.00760662,0.98705288
0.96526316,0.00494763,0.00524,0.9300793
9.21326346e-01,6.54215184e-06,5.91853468e-02,9.92692723e-01
0.94356694,0.05462364,0.02068819,0.99643554
9.68593499e-01,3.95384255e-02,8.79308679e-04,9.96816985e-01
9.28418573e-01,3.20484429e-02,3.22460310e-04,9.36581497e-01
0.96521865,0.00837016,0.03084169,0.99824261
0.96973173,0.06209911,0.00833519,0.99901197
0.98146441,0.05920924,0.00234046,0.99964319
9.66955159e-01,3.55866461e-02,9.03286486e-04,9.98631254e-01
0.99635698,0.0542961,0.0416091,0.99998454
0.99513503,0.05720482,0.09809828,0.99979553
9.35178360e-01,8.90250868e-04,5.42556568e-02,9.94130232e-01
0.96052889,0.04789268,0.04418994,0.97374602
9.44172841e-01,2.31094395e-04,7.75694977e-03,9.95360766e-01
0.913766,0.00275838,0.03756912,0.99119009
0.96091207,0.01166389,0.07154374,0.93262095
0.98205324,0.01364359,0.0277893,0.99942273
0.98814791,0.00225489,0.00785293,0.99985615
9.08292225e-01,3.68398138e-03,3.03925726e-04,9.89901380e-01
0.98724546,0.00764261,0.00303619,0.9996934
0.97919309,0.01033681,0.04880261,0.98021242
0.94310175,0.02427719,0.00435332,0.99430759
0.97823081,0.00147328,0.07119274,0.99752039
0.981632,0.0010945,0.07694789,0.98064908
0.97610542,0.00123306,0.03231174,0.98085174
0.94591895,0.03369561,0.04235959,0.99396323
0.92753995,0.07178842,0.00246835,0.95800461
0.97529691,0.02558438,0.08447406,0.99929479
0.97349446,0.01735494,0.00172603,0.99925027
0.95382435,0.02466317,0.00411593,0.99750653
0.99752473,0.05484426,0.01244198,0.99995085
0.95280856,0.00125816,0.01783036,0.99473098
9.68537761e-01,4.84793837e-04,8.02215513e-02,9.98240039e-01
0.99143338,0.00419831,0.09541838,0.99992494
0.98517406,0.06396407,0.02309834,0.9997734
0.9596617,0.03016061,0.01362468,0.99815445
9.11057100e-01,8.53492642e-04,2.87399495e-02,9.88975901e-01
9.15094288e-01,4.45070086e-05,4.32642518e-02,9.90095654e-01
0.99297917,0.02340237,0.06477141,0.99994689
0.98318244,0.00763589,0.04556963,0.99965241
0.98353808,0.00212505,0.0435315,0.99957713
0.9461879,0.00219944,0.00110722,0.95011332
0.94738107,0.01573846,0.01284412,0.97769977
0.99434975,0.01462373,0.03144979,0.99964966
0.9902803,0.0619807,0.00382536,0.99983511
0.99071687,0.02100726,0.02522506,0.99867503
9.20944651e-01,5.46028558e-02,5.44892753e-05,9.70083785e-01
9.47542662e-01,5.43265692e-02,6.75309447e-04,9.96943129e-01
9.80215994e-01,8.68893163e-02,1.44066789e-04,9.99590282e-01
0.9585476,0.06508993,0.00696624,0.99813278
9.49315542e-01,4.47708739e-04,3.52581808e-02,9.97155735e-01
9.43276099e-01,6.87231527e-04,9.49855819e-03,9.93293079e-01
9.02784782e-01,9.11945726e-04,2.54610551e-02,9.86475377e-01
0.90280348,0.04744602,0.06139377,0.98108514
0.9914786,0.00905835,0.06303127,0.99968231
0.91694033,0.03873327,0.09817336,0.99184494
9.42887382e-01,4.27263914e-02,5.42959281e-05,9.69606187e-01
9.45259984e-01,2.04121009e-02,4.32971709e-04,9.89544180e-01
9.56858358e-01,1.39723599e-03,9.02734137e-04,9.97273316e-01
0.99597583,0.01290048,0.02326375,0.99994693
0.99883987,0.07976803,0.01742725,0.99999745
9.74157156e-01,9.88338089e-02,2.13204746e-04,9.72854208e-01
0.9432695,0.0942572,0.01095858,0.99609553
9.72917348e-01,3.40798348e-04,3.41302638e-02,9.82379483e-01
0.99546161,0.01504637,0.05389266,0.99997704
0.91626108,0.03797876,0.00834715,0.96967636
0.99624873,0.09020769,0.01487346,0.99998577
0.98439945,0.05502807,0.07998997,0.94632127
0.96612188,0.04214441,0.00822959,0.9947977
0.98976893,0.05401289,0.00108921,0.91337664
0.95319533,0.03098668,0.08910464,0.99739191
0.9778917,0.00415176,0.07638888,0.99917737
0.96137832,0.00902945,0.00297459,0.99827408
9.59240695e-01,3.20146360e-05,5.93175058e-02,9.13341849e-01
0.95599483,0.01179182,0.0249652,0.99742178
0.98398921,0.00330077,0.05687246,0.99967418
0.99773158,0.04642716,0.02394794,0.91920045
0.99143977,0.04425598,0.00932415,0.9690805
0.99120347,0.00941685,0.00297745,0.9849203
0.99371709,0.09010436,0.02033197,0.99980709
0.97841456,0.0115308,0.01937201,0.99951352
0.99197652,0.00498327,0.01064402,0.99987993
0.94079867,0.0071319,0.00660237,0.91513764
0.96866709,0.02962982,0.07439956,0.98269795
0.96153946,0.0791404,0.03607594,0.99568575
0.95432147,0.09039028,0.00258228,0.97147384
0.96249782,0.00119019,0.00796921,0.99709505
0.9511589,0.00839356,0.04882109,0.99233168
0.9698573,0.05216909,0.00939591,0.99595057
0.99756488,0.06794774,0.03633728,0.99996878
0.98018941,0.02925893,0.01457411,0.964444
9.70482571e-01,2.53448701e-04,1.75953151e-02,9.99074582e-01
0.94675729,0.00213826,0.04088748,0.95037125
9.19293464e-01,2.62799512e-02,3.96391336e-04,9.88689392e-01
0.9891611,0.03381831,0.02470401,0.999858
0.99585307,0.02558342,0.00609282,0.99995838
0.95811109,0.00138631,0.07549152,0.99730377
0.97285579,0.06838784,0.03265208,0.99808671
0.99635422,0.02712206,0.01748533,0.98710066
0.91591948,0.08639842,0.03191103,0.99062666
0.98076882,0.01128305,0.00371719,0.99950408
9.62746753e-01,2.23525225e-04,5.50115708e-02,9.98164284e-01
0.95398502,0.00597055,0.0509469,0.99076895
9.48642146e-01,6.94101500e-04,1.86721599e-03,9.96281189e-01
0.97787442,0.00622199,0.00449747,0.99948793
0.96584531,0.05365535,0.0587706,0.9856574
0.96925475,0.03135337,0.0293837,0.99517447
9.39616748e-01,5.30275339e-02,4.12496470e-04,9.66900096e-01
9.22944288e-01,8.18586842e-05,1.79795695e-02,9.92916715e-01
0.97618697,0.03115008,0.00244987,0.90559356
0.94378176,0.0022162,0.02585645,0.98384746
9.30381804e-01,2.32416417e-05,3.73539311e-02,9.88709108e-01
0.98420047,0.03632947,0.08795953,0.98617814
9.39403369e-01,1.59712955e-02,3.67918590e-04,9.95810380e-01
0.99136551,0.00369431,0.02691852,0.99613048
9.45204243e-01,1.50720963e-04,7.09600881e-02,9.53861150e-01
0.99308365,0.07765799,0.00643688,0.99992748
9.37053809e-01,6.12268136e-04,1.34550683e-02,9.80495730e-01
0.99554871,0.03184902,0.00552587,0.94432496
9.57151710e-01,7.61577081e-04,1.78016404e-02,9.97996516e-01
9.45476062e-01,3.05035900e-03,4.59904252e-04,9.95995270e-01
9.18396380e-01,2.04200518e-04,6.38951230e-03,9.90247713e-01
9.32980461e-01,3.34234360e-05,1.61800706e-02,9.94421456e-01
0.91729684,0.00898024,0.03403879,0.92494964
0.98975284,0.02476586,0.00493859,0.99646484
9.19189771e-01,6.38655289e-02,7.25080563e-06,9.56860818e-01
9.04575928e-01,8.12106271e-04,6.28637116e-04,9.02235779e-01
0.98914665,0.00130354,0.06429748,0.98227385
0.95152812,0.04919907,0.00256889,0.99570443
0.97736999,0.00169693,0.06751435,0.99941772
0.99443179,0.08989631,0.04633621,0.9999686
0.91467485,0.01774101,0.08358097,0.99149417
0.95534098,0.00827508,0.00418056,0.99779815
9.72889310e-01,2.59218597e-04,2.95590853e-02,9.98150279e-01
9.70222446e-01,9.80641476e-02,3.12587474e-04,9.98252259e-01
9.26912713e-01,1.84976556e-02,4.58006155e-05,9.92491203e-01
0.99386045,0.03085001,0.00269488,0.99995937
9.53454673e-01,6.94320271e-02,1.08217840e-04,9.97579962e-01
9.88593398e-01,4.98320641e-04,5.11953750e-02,9.99641365e-01
0.97406938,0.0105122,0.03283986,0.99882115
0.97015535,0.00114426,0.00363041,0.99858011
0.97465973,0.00538576,0.00274443,0.99858814
0.96640719,0.03101154,0.00188831,0.99870486
0.97158212,0.00852572,0.0135722,0.97714869
0.95439408,0.00789565,0.00435306,0.99729263
0.92410908,0.04269185,0.04526794,0.99328868
0.91129518,0.00196795,0.01487406,0.99069022
0.91374283,0.00602284,0.0015962,0.99045464
0.90963763,0.00947894,0.00295365,0.98915329
0.97142714,0.07704564,0.01537042,0.99912953
0.96752314,0.00201763,0.00787061,0.98388086
0.94631687,0.01878456,0.02864154,0.95481122
9.32960107e-01,4.28988525e-02,1.50624817e-04,9.78019356e-01
0.96951155,0.0050015,0.06207759,0.91601181
0.94398923,0.02424949,0.00414145,0.99354461
0.98645911,0.03687742,0.02500471,0.99981151
0.95670855,0.01761508,0.00685645,0.9719667
0.93925969,0.00212981,0.05158039,0.99297261
0.95333283,0.00111322,0.06015738,0.99745953
0.99083955,0.04751038,0.08579413,0.99660966
0.95677708,0.00378004,0.07424926,0.9979163
0.99207992,0.07667688,0.00622849,0.9999118
0.97761314,0.02274772,0.00302494,0.94334017
0.96586438,0.03409999,0.00775481,0.98894711
0.97889321,0.02293084,0.01627566,0.99953411
0.96193161,0.0328003,0.04799485,0.99836037
0.98662392,0.04764142,0.00322641,0.99900455
0.99590633,0.01254566,0.03295996,0.99991449
0.95377926,0.03538971,0.0158287,0.96598045
0.97503797,0.02815137,0.01144911,0.99894183
9.28416262e-01,2.03328654e-02,5.67796025e-05,9.91728806e-01
0.9891198,0.03527367,0.00668875,0.98953228
0.91282052,0.00105771,0.00105069,0.98589299
9.29778976e-01,4.25235367e-05,8.58983603e-02,9.94325308e-01
9.14018560e-01,5.36287341e-02,1.64201606e-05,9.85492270e-01
0.99760726,0.02685481,0.01756313,0.9997441
0.99505445,0.07402182,0.0210359,0.99997529
0.91958578,0.01625188,0.07251333,0.99215112
0.96524163,0.00415879,0.00123291,0.99817139
9.26169139e-01,5.40909608e-04,5.41613352e-03,9.34299663e-01
9.19469275e-01,9.77858201e-05,7.52051087e-03,9.86324162e-01
9.31972891e-01,1.34164530e-03,5.26214889e-04,9.89359472e-01
0.97312457,0.00764172,0.04662578,0.99923787
9.27616466e-01,7.06365626e-04,2.71663094e-03,9.72634487e-01
0.95211737,0.03199718,0.035387,0.99719422
0.9464961,0.00198029,0.01508615,0.9410956
9.75675610e-01,6.61428279e-02,2.56769519e-04,9.53510557e-01
0.90109845,0.00201989,0.00774254,0.98611133
0.99226826,0.09313614,0.05166136,0.99981879
0.91496936,0.02850314,0.07325937,0.97463296
0.95098012,0.0058975,0.00164941,0.99734201
0.99515967,0.05927144,0.06403074,0.99403534
0.93727703,0.0109486,0.02276908,0.98471672
9.25427959e-01,4.21659496e-03,3.24632622e-04,9.92825255e-01
0.99194761,0.03759832,0.00103815,0.99557562
0.99064888,0.03593726,0.04884312,0.99990824
0.96252419,0.00965204,0.03989769,0.98895423
0.92941501,0.01565608,0.00507929,0.99425345
0.9412061,0.09110399,0.00332666,0.99611134
0.91334687,0.00099152,0.00106772,0.9862127
0.95527609,0.0148187,0.02958016,0.99771362
0.93099817,0.01206032,0.00634695,0.9945311
0.95088066,0.09909678,0.05498337,0.94547142
9.52520568e-01,3.18078801e-04,2.75310118e-03,9.97443725e-01
9.63867594e-01,6.36684879e-04,1.74488063e-02,9.98512965e-01
9.67266854e-01,6.52215164e-02,5.66376162e-05,9.98851789e-01
0.92923346,0.00276244,0.02299248,0.99332236
0.98097955,0.01757896,0.05703672,0.99962385
9.54159259e-01,3.18066306e-02,8.54159328e-05,9.87836398e-01
9.08042985e-01,8.54630649e-04,5.23656528e-03,9.82939875e-01
9.64059927e-01,6.21626498e-04,1.00214891e-02,9.52511143e-01
0.97872047,0.03110949,0.07184271,0.99706293
0.9653954,0.00433213,0.00475074,0.99871551
0.98028653,0.02703574,0.0724973,0.92361974
0.97911329,0.01600349,0.02279702,0.9930062
9.80250288e-01,4.20173112e-02,1.24903505e-04,9.99503293e-01
0.96270309,0.05688964,0.04606053,0.99850136
0.9767116,0.03651107,0.04574567,0.99942238
0.9944215,0.03727868,0.05883659,0.99996845
0.99417863,0.01683744,0.0038253,0.99993437
0.96122967,0.02406413,0.01892015,0.99220489
0.98452423,0.01107278,0.00184894,0.99975046
9.85975030e-01,8.06000719e-04,7.02617706e-02,9.99792456e-01
0.99911157,0.07919645,0.05160043,0.95111511
0.9944553,0.09714247,0.00566673,0.97680437
9.10744024e-01,5.00652695e-02,5.46836076e-05,9.88915283e-01
0.90073579,0.01649614,0.06859509,0.98461254
0.98787834,0.0303483,0.00303852,0.99975487
9.17245179e-01,8.60888383e-02,1.54900673e-04,9.91925802e-01
9.38862284e-01,1.11684065e-02,7.72836604e-04,9.73980106e-01
9.50440546e-01,4.31378107e-02,9.25494072e-04,9.97162583e-01
0.96371062,0.08901394,0.07477012,0.95788651
0.98614496,0.00176803,0.03934413,0.99977711
9.79007182e-01,6.61148520e-04,2.73636296e-02,9.99540406e-01
0.94373481,0.01293564,0.0502908,0.99645738
9.02909450e-01,5.26971194e-02,6.22934554e-04,9.84946860e-01
0.95715624,0.00152389,0.02992545,0.93431004
0.97934012,0.0141264,0.02031562,0.97856071
0.98792103,0.03709191,0.0053374,0.99961674
9.12324657e-01,1.53072928e-04,7.84406932e-03,9.49885061e-01
0.9886387,0.08651887,0.00848978,0.99986535
0.97955757,0.08992873,0.08031743,0.91904496
0.93044905,0.06234232,0.00333807,0.99443968
0.91409237,0.03141432,0.0668998,0.99103438
0.99585579,0.06025705,0.02708704,0.99998045
9.71011854e-01,1.13381667e-04,7.38722409e-02,9.98374827e-01
0.94821056,0.00371132,0.00201014,0.99572481
0.98437165,0.04871668,0.03406078,0.99971997
9.82829290e-01,2.32985516e-04,8.77845417e-02,9.99578278e-01
0.99540913,0.02469195,0.00582716,0.98320364
0.99607108,0.07617388,0.01418486,0.99998419
9.27124964e-01,2.92342804e-04,1.95520959e-02,9.87873551e-01
0.93724765,0.00758673,0.00210708,0.99386875
9.37344613e-01,8.64476124e-03,1.12877146e-04,9.95551085e-01
9.31402051e-01,2.62734246e-02,5.55943174e-05,9.94225991e-01
0.99256702,0.0063281,0.07110579,0.99993625
9.36229149e-01,2.52678953e-02,6.78748203e-04,9.90389672e-01
9.53922048e-01,8.39731892e-03,3.08069416e-04,9.88516663e-01
0.97917604,0.01247186,0.01932125,0.99954134
0.96764048,0.02781985,0.04035527,0.99042689
9.03847378e-01,1.51108377e-02,3.08946457e-04,9.85043877e-01
9.47577425e-01,3.79978677e-04,8.52469512e-02,9.94492516e-01
0.99580622,0.07872012,0.00274161,0.9999819
0.96826127,0.02081265,0.00882106,0.9989262
9.32506670e-01,2.68155835e-04,1.64884687e-02,9.93192380e-01
0.99881624,0.0473709,0.06421433,0.99999794
0.98345671,0.00512012,0.08105023,0.95035407
0.99632898,0.07134072,0.01293262,0.95321391
0.99221278,0.0657504,0.03013848,0.99981925
9.08461567e-01,3.01790703e-02,3.57437434e-05,9.69117167e-01
9.24196195e-01,2.03125817e-02,7.00559983e-05,9.91071309e-01
0.99079966,0.01714789,0.05040172,0.99988711
0.98118024,0.09080778,0.00345365,0.99941767
0.97833869,0.07901047,0.00510338,0.9993635
0.96654645,0.08163399,0.01222998,0.99879635
0.91162364,0.03130673,0.00134452,0.98034524
9.02789030e-01,2.50342266e-04,1.53063526e-02,9.01643805e-01
0.91269983,0.00388118,0.016126,0.95301348
0.93313673,0.09579397,0.03692671,0.99489521
9.48881568e-01,1.83116652e-02,1.58041154e-04,9.96308944e-01
9.53229338e-01,6.87299657e-02,1.51248989e-04,9.97507890e-01
0.99687878,0.08544936,0.05207377,0.99976441
0.98106068,0.0149888,0.01438217,0.97410705
0.90726271,0.00126028,0.00373717,0.9877219
0.91568099,0.00662473,0.02819576,0.99127987
0.98735561,0.05722601,0.00722937,0.99897906
9.50009741e-01,2.58639042e-03,9.31380448e-04,9.97226512e-01
0.90115549,0.02197476,0.01115237,0.9305278
0.97915607,0.0896482,0.0214976,0.98903873
0.95627358,0.00737993,0.01842411,0.96153682
0.90314527,0.02361584,0.01041747,0.97881031
0.9785278,0.00548484,0.00249444,0.99949353
0.97369353,0.01614023,0.06077802,0.99926552
0.97676233,0.07769805,0.00486079,0.99940397
0.96206468,0.08574153,0.00328774,0.99591279
0.99196957,0.09817203,0.02067387,0.99992347
0.97588869,0.00423123,0.03762344,0.99930182
9.31478651e-01,5.96459946e-02,6.77004798e-05,9.94559757e-01
0.9380162,0.04210947,0.00466108,0.99565233
0.95940376,0.00334714,0.00404118,0.99817394
0.98165488,0.00908702,0.00437037,0.99834214
9.90416659e-01,7.76500051e-04,4.47550124e-02,9.99904810e-01
0.91464445,0.06141796,0.04829285,0.94559297
9.74415769e-01,6.43664715e-02,7.61971294e-04,9.98649358e-01
0.9959325,0.05716781,0.00382622,0.99998332
9.48950875e-01,3.02483552e-02,5.70242391e-04,9.97051977e-01
0.98981231,0.00601101,0.06277892,0.93880094
0.92911412,0.00102049,0.00813362,0.99413941
9.71774511e-01,3.95188260e-04,1.34218910e-02,9.98850968e-01
0.98312077,0.02139699,0.01422031,0.99970481
0.98428383,0.02537834,0.04115257,0.99870016
0.93093143,0.00637211,0.04793852,0.99215811
0.94254425,0.01294888,0.07044758,0.99626467
9.20933007e-01,2.84836335e-04,1.97906613e-02,9.83418431e-01
9.82590931e-01,5.11687148e-04,6.72309395e-02,9.99668483e-01
0.99201825,0.05144629,0.00155531,0.91053107
0.98244633,0.01361706,0.04604605,0.99967994
0.97422701,0.07373775,0.02730277,0.99929704
0.98353016,0.01809639,0.02020889,0.99817992
9.54651620e-01,8.61103204e-04,5.72662058e-02,9.18447784e-01
0.98098955,0.00206951,0.07413456,0.99796773
0.97515126,0.07457733,0.00183156,0.9986252
9.68116292e-01,3.55823395e-04,7.32728891e-02,9.98894903e-01
0.97967299,0.04290693,0.02406207,0.99599148
0.92806816,0.00681261,0.00332125,0.99262882
0.97636984,0.01777755,0.01969137,0.99805432
0.91898814,0.00207897,0.09788346,0.98602482
0.99546892,0.00638379,0.09827719,0.9999791
0.996306,0.01313688,0.01175161,0.99729068
0.95716256,0.03355896,0.00674867,0.9970384
0.98478319,0.01006234,0.02123582,0.99976077
0.93437519,0.00710499,0.04564662,0.99393655
0.92058648,0.01920213,0.06531669,0.99186666
9.47642879e-01,4.38308816e-05,4.69101061e-02,9.96943072e-01
0.9864524,0.02672125,0.09127719,0.99973706
0.96897545,0.0021092,0.00491627,0.93025215
9.82615662e-01,2.64193791e-04,8.26187452e-02,9.98195869e-01
9.15059818e-01,8.38888513e-04,1.98459760e-03,9.90029723e-01
0.96441814,0.00190404,0.01393016,0.99863798
9.55227288e-01,3.00327362e-04,6.43200576e-02,9.92363112e-01
0.9454875,0.00191125,0.00604671,0.99639447
0.95578673,0.01241989,0.00184487,0.99786249
0.97502104,0.09908591,0.026182,0.99280916
9.39028189e-01,6.12996579e-04,4.11552720e-03,9.79009468e-01
0.99221889,0.00384489,0.01808701,0.99993274
9.42266620e-01,4.29254549e-04,4.53696792e-02,9.95167712e-01
0.93757808,0.00298773,0.00722187,0.995117
9.10072985e-01,1.84193081e-05,8.79343642e-02,9.90028036e-01
0.99844496,0.01571102,0.08050446,0.99999626
0.98517659,0.05393869,0.0197521,0.9968864
0.95357787,0.05387697,0.00234813,0.92792063
0.96100726,0.06794072,0.06403835,0.99801202
0.9852125,0.01586874,0.05927038,0.9929244
9.45247003e-01,3.61945271e-04,1.07958077e-02,9.96335435e-01
9.07433201e-01,4.25422171e-02,2.44679663e-05,9.78109556e-01
9.71472694e-01,9.06416649e-05,9.78432970e-02,9.99008592e-01
0.99363765,0.09892195,0.0039941,0.9999588
0.99521363,0.05128676,0.05010961,0.99997643
0.9969541,0.09301573,0.00571992,0.99997271
9.19236168e-01,7.97930593e-03,6.79817404e-05,9.84242688e-01
9.56142240e-01,3.88647052e-05,6.87254237e-02,9.31389096e-01
0.94348623,0.00449661,0.01752297,0.99629234
0.93183469,0.00276639,0.00641863,0.993602
0.99279411,0.06620794,0.06867633,0.99602366
9.38584327e-01,2.69234058e-04,8.82836684e-03,9.95643645e-01
9.81525013e-01,1.71046789e-02,6.31468676e-04,9.99021553e-01
0.95424945,0.00728426,0.01945011,0.99749895
0.95056663,0.00348795,0.00246119,0.99660439
0.99656427,0.00883763,0.02307495,0.99998693
0.93794987,0.00249786,0.09285496,0.99561196
0.97159623,0.09453143,0.03457086,0.99789924
0.96197345,0.00368391,0.02647698,0.93387732
0.94692726,0.01821377,0.00485516,0.99688385
0.92538898,0.00255094,0.0430848,0.99242072
0.98594465,0.0555858,0.04950709,0.99864813
0.98764581,0.03971406,0.02859823,0.99919413
0.98101413,0.00169744,0.07151957,0.98757702
0.93534617,0.01769153,0.02432268,0.99090646
0.99891857,0.05242326,0.05817795,0.99999631
9.30614198e-01,5.30921025e-02,9.04643177e-04,9.89166759e-01
0.99260912,0.07702996,0.04643735,0.99074609
9.11126346e-01,1.22047293e-02,6.22958069e-04,9.90207328e-01
0.99329462,0.0108172,0.02147417,0.97871377
0.92955799,0.02219527,0.06100322,0.97978978
9.08986559e-01,7.34758705e-02,6.34203350e-04,9.88952277e-01
0.9912947,0.0205103,0.01195978,0.99988102
0.99090572,0.01060955,0.05268484,0.99840962
0.91152264,0.02079957,0.02086064,0.99062432
9.41634960e-01,1.50584183e-04,9.10466515e-03,9.96156628e-01
9.30396259e-01,1.76721646e-02,3.49048437e-04,9.73615456e-01
0.98083542,0.0084843,0.08686001,0.9991411
9.28139737e-01,4.99409984e-02,2.65147066e-04,9.92726045e-01
0.99065988,0.0023357,0.07083179,0.99990471
0.9306737,0.01050126,0.01834399,0.99445994
9.71653365e-01,6.99753542e-04,8.71705709e-03,9.84011100e-01
0.91890779,0.01479098,0.07505667,0.99079068
0.92993981,0.05095876,0.00259051,0.9943147
9.47469826e-01,2.51947345e-04,2.96901907e-03,9.66580905e-01
0.99043811,0.07240012,0.03160913,0.99784085
0.97565093,0.04145616,0.00396811,0.94052422
9.73245560e-01,3.90185770e-04,5.58708386e-02,9.99236236e-01
0.9944445,0.01784753,0.02592976,0.99965402
9.80031370e-01,8.00330342e-05,8.05601310e-02,9.89479093e-01
9.67069976e-01,5.94282047e-05,5.47326433e-02,9.98700358e-01
9.58484906e-01,5.36222098e-04,1.40448952e-02,9.71715495e-01
0.9687268,0.02489056,0.00809451,0.99821652
9.31973096e-01,2.54608320e-02,6.64442719e-04,9.60456801e-01
0.97176706,0.01248891,0.09120009,0.9991467
9.17132220e-01,3.58021456e-04,3.09253122e-02,9.91901331e-01
0.97247164,0.00627898,0.08807869,0.98839831
0.99490969,0.00783726,0.03153295,0.99996934
0.99461657,0.02532754,0.05670216,0.95270393
0.95929999,0.00160293,0.00156197,0.99620393
0.94402469,0.00285614,0.06944907,0.9964961
9.81857691e-01,9.04484024e-02,3.12361724e-04,9.99651087e-01
0.92915196,0.00319258,0.00339651,0.98198651
0.94532824,0.06718554,0.00377536,0.98759815
0.91925478,0.04509529,0.02378256,0.94334407
0.91630492,0.00156034,0.09000754,0.99134372
0.98603868,0.06966954,0.01582757,0.97833077
0.99294759,0.06076423,0.08821695,0.99991386
0.98397433,0.00363898,0.09652809,0.99969544
0.99586114,0.01201669,0.06153142,0.99671872
0.97997152,0.00613805,0.00324336,0.99940407
0.9566312,0.00902356,0.06869089,0.99726871
9.06044629e-01,4.25967824e-05,3.48880142e-02,9.88912662e-01
0.97753181,0.00575519,0.05111016,0.99694215
0.99767668,0.03014077,0.06385096,0.99999451
0.99303339,0.02730633,0.0462527,0.99955332
0.99424175,0.05811959,0.002555,0.99994887
0.99925917,0.04804379,0.09233795,0.98823907
0.98413807,0.06033788,0.00817199,0.96046268
0.97231724,0.03362654,0.06443562,0.99860128
9.15316239e-01,5.76626225e-05,3.22156263e-02,9.88689517e-01
0.96435229,0.03346946,0.03387514,0.99336628
0.92848202,0.00411489,0.02246481,0.99406952
9.37961395e-01,4.18131865e-02,2.61274372e-04,9.95641001e-01
0.95748371,0.00296576,0.00382317,0.99792688
0.94353408,0.00134379,0.04043565,0.99640644
0.94991699,0.0136186,0.00178303,0.99644787
0.99326828,0.01964077,0.02702884,0.99994919
0.90056824,0.0261943,0.01901493,0.97958673
9.19128411e-01,1.26269203e-04,6.10464424e-03,9.91847855e-01
0.96197995,0.01954606,0.06859931,0.98916296
9.55695842e-01,8.91919934e-02,7.00536843e-04,9.97852521e-01
9.33184041e-01,3.94978396e-04,8.59763114e-02,9.89663558e-01
0.99848625,0.0742773,0.03842852,0.99999757
0.97641648,0.00315351,0.00513666,0.99343576
9.60466091e-01,6.09189923e-04,5.10660599e-02,9.83006526e-01
9.31943866e-01,7.79663231e-02,1.00823191e-04,9.46684743e-01
0.96720967,0.00331619,0.00201113,0.99883699
0.92533239,0.00347606,0.00792705,0.99337222
0.93367834,0.0288945,0.04140923,0.99497888
0.95617189,0.00150941,0.00934784,0.99789575
9.02507016e-01,5.99983683e-04,4.44932726e-03,9.81986823e-01
0.9867071,0.05788693,0.04101533,0.99980237
9.53035990e-01,4.56736680e-04,7.45206836e-02,9.53705124e-01
0.99048729,0.04251592,0.07812535,0.9929848
0.96414321,0.06087618,0.02030266,0.99370408
0.99353912,0.0886558,0.01180941,0.95407673
0.98301411,0.07131357,0.00867997,0.99968055
0.94101807,0.00557807,0.04258172,0.98566718
0.9900419,0.06072944,0.01586598,0.98773111
9.20184479e-01,7.34099610e-02,8.85662698e-04,9.73737558e-01
9.55149994e-01,5.82293079e-02,2.77259396e-04,9.97757767e-01
9.42804463e-01,1.02121533e-02,5.94196103e-04,9.96298137e-01
9.43842281e-01,1.36154700e-02,1.01357638e-04,9.91388892e-01
9.69476349e-01,2.28047016e-04,3.30179226e-02,9.98597770e-01
9.55693824e-01,9.46258294e-02,7.64572222e-05,9.97074705e-01
0.991964,0.05335273,0.04666238,0.99987069
0.99778495,0.02566056,0.03293112,0.99999029
0.9614227,0.00316969,0.07179746,0.99833928
0.99497978,0.0235721,0.04076464,0.99981141
0.9411236,0.01131318,0.00564049,0.99588105
0.9001954,0.01007168,0.09844515,0.98617165
9.38626942e-01,7.58256919e-05,1.47397334e-02,9.95012095e-01
9.84355839e-01,9.68005888e-02,9.06141495e-04,9.99709095e-01
0.99608093,0.03530356,0.04142021,0.99998353
0.92618376,0.0758292,0.08637206,0.98608054
9.52367993e-01,1.56227987e-02,1.33042506e-04,9.95482637e-01
0.91152016,0.01966044,0.01654384,0.99059229
0.91909868,0.00250417,0.00391837,0.96613842
0.99478146,0.05393185,0.07128706,0.99997234
0.91696876,0.04222759,0.01028814,0.99180759
0.99938102,0.07192441,0.09246565,0.9971366
0.97478876,0.01113416,0.00438522,0.99412938
0.91268749,0.03361664,0.02514052,0.98929206
0.91852592,0.01627197,0.01757247,0.96401603
0.98830086,0.00155147,0.03841702,0.99969978
9.08434163e-01,2.99258282e-02,2.56833287e-05,9.89765198e-01
0.98314194,0.00782072,0.01373601,0.99970545
0.92379577,0.03200959,0.09210673,0.98530206
9.41639089e-01,9.27025911e-02,7.41387444e-04,9.90536335e-01
0.95068291,0.09045375,0.00191365,0.92737604
9.37601512e-01,3.47354909e-05,1.99443235e-02,9.95532235e-01
0.94541405,0.0201654,0.02759478,0.99662835
9.05252651e-01,3.88779254e-02,1.20986929e-04,9.76651061e-01
0.95636735,0.00902495,0.00263165,0.99456346
0.91021744,0.02238967,0.00114691,0.99036356
9.61608085e-01,1.31147491e-02,6.97595062e-04,9.54678003e-01
9.89204712e-01,6.11661504e-02,5.79581517e-04,9.99871253e-01
0.97037313,0.03218283,0.00262001,0.99871506
0.99021955,0.05083541,0.01370051,0.99989098
9.77478967e-01,5.64171596e-02,1.56328666e-04,9.07209694e-01
0.96676118,0.07726768,0.03154677,0.99556581
0.99841236,0.06988311,0.03675122,0.99999709
0.96464828,0.00769003,0.02334388,0.99490664
9.32988057e-01,1.99276838e-04,5.81374605e-02,9.94840969e-01
0.97608935,0.02721609,0.03525886,0.99942857
0.95866969,0.00219118,0.0122363,0.99738796
9.51316573e-01,3.77377833e-02,3.71638631e-04,9.97377873e-01
0.99660772,0.00623205,0.06593382,0.99998826
0.9856169,0.01168905,0.05677446,0.99978701
0.91653587,0.03878592,0.00482501,0.94481624
9.42760741e-01,4.64390568e-02,7.63464098e-05,9.93917149e-01
0.98117214,0.03735827,0.02963718,0.99952483
0.99291589,0.07688957,0.00155259,0.99994829
9.23242484e-01,3.60922253e-05,3.44097589e-02,9.78516092e-01
0.989461,0.0651215,0.05760258,0.99988437
0.97548626,0.00250967,0.00477142,0.99520082
0.9875177,0.0056,0.0144974,0.99983842
0.9789197,0.06625584,0.06435792,0.97556461
0.94496634,0.0037462,0.02822325,0.99511576
0.99258716,0.02570449,0.01306515,0.99994221
0.98803358,0.01343625,0.02808224,0.99985246
9.04592557e-01,1.88125836e-03,4.13634776e-04,9.76863800e-01
0.9247202,0.04733733,0.03485635,0.99339892
9.26115265e-01,3.14922106e-04,1.13377758e-03,9.93274368e-01
0.95416262,0.0015194,0.01286881,0.99769452
0.98121861,0.00276282,0.00740331,0.99950089
9.78593219e-01,4.80284957e-02,6.41361569e-04,9.99499584e-01
9.08781325e-01,8.71141870e-03,8.17080202e-04,9.83573620e-01
0.98118834,0.0012659,0.01659528,0.90828632
9.52140972e-01,5.88888572e-02,3.62092376e-05,9.97320660e-01
9.06291174e-01,1.11023833e-04,9.79143631e-02,9.89363914e-01
0.98258068,0.00143583,0.01166213,0.9996173
0.99734873,0.07961922,0.0703646,0.99999292
0.91528274,0.08539344,0.03542091,0.99090437
0.98818342,0.02874324,0.02615529,0.99833277
0.94185853,0.00190874,0.02698425,0.99616696
0.98428364,0.00366099,0.01675446,0.99974502
0.96981497,0.01294052,0.00336152,0.99886778
0.94290051,0.0060722,0.0103971,0.99419681
0.90904456,0.00652457,0.01330495,0.99009682
9.15121056e-01,8.76678584e-04,9.44988909e-04,9.89864598e-01
0.96468973,0.00496953,0.00408805,0.99864946
0.9623342,0.09128673,0.00414092,0.99698453
0.99891361,0.07547407,0.0371852,0.99943811
0.97938757,0.01673108,0.00129585,0.99907525
0.9044371,0.00109129,0.01239152,0.98891595
0.93145236,0.02967312,0.0050808,0.90667976
0.99191878,0.04413061,0.00165257,0.99766629
0.93456823,0.00989213,0.00271477,0.99295864
0.92500135,0.02679954,0.00389398,0.99347108
0.91664243,0.0237416,0.07115058,0.97425929
0.98698331,0.01975755,0.00140998,0.9996435
0.91878291,0.02378676,0.01739932,0.97527564
0.93614362,0.00240484,0.02223743,0.98965263
0.90959507,0.02038904,0.05857443,0.99021779
0.98861745,0.05122865,0.01614661,0.99875549
0.98353891,0.03153923,0.02814795,0.99971438
0.98243143,0.05350124,0.00667664,0.99769582
0.90594862,0.031998,0.01376179,0.9870406
0.9621082,0.00155253,0.00123293,0.90937284
0.93426904,0.04782888,0.08995477,0.98821273
0.95985481,0.01135356,0.07510292,0.99105381
0.98178748,0.01728607,0.03389712,0.91141747
0.98422762,0.0020539,0.01346393,0.99974325
0.93015205,0.00258803,0.01314712,0.99438997
9.70813383e-01,3.98773851e-04,7.39021513e-02,9.97475815e-01
0.97652425,0.01791853,0.00106044,0.99666647
0.98470477,0.00245468,0.06736169,0.98856913
0.90259706,0.09188833,0.00322305,0.98843209
9.30270414e-01,1.20534506e-04,1.55201932e-02,9.94050490e-01
0.94563,0.05842628,0.04997478,0.98155371
9.74523990e-01,8.81366218e-04,2.08941838e-02,9.61937697e-01
0.98537431,0.03304954,0.00107428,0.99972418
0.96550565,0.02101206,0.00132085,0.99813005
0.9855025,0.00368184,0.01459174,0.99481031
0.99264784,0.00280384,0.0516147,0.99994144
0.98456336,0.00431607,0.04832789,0.99350773
0.98058105,0.0340721,0.02160203,0.9013097
0.9312882,0.00163263,0.02627009,0.99399583
0.94292065,0.01281667,0.00174091,0.98223272
9.07803466e-01,5.72197506e-02,8.98287858e-04,9.89742781e-01
9.05806000e-01,2.82686473e-02,5.00787809e-05,9.89032764e-01
0.93299232,0.03062482,0.00857688,0.99113759
0.99274411,0.0029808,0.02711147,0.99984642
9.05387316e-01,9.26148135e-02,1.30769235e-05,9.86403887e-01
0.99193128,0.0088648,0.05678213,0.99913415
0.98996089,0.00254688,0.05292677,0.99987427
0.9123444,0.02182657,0.00239087,0.98976652
0.98774355,0.01039964,0.0051006,0.99946049
9.59866617e-01,6.28722771e-02,3.17422266e-04,9.98219630e-01
0.98757983,0.0371297,0.01148775,0.99571168
0.99715141,0.01089134,0.04146844,0.99999039
0.99126244,0.00735658,0.03451834,0.99935142
0.98212672,0.07392215,0.05913678,0.99812582
0.93202601,0.01772626,0.08050423,0.99431401
0.94780196,0.00229207,0.06912013,0.99697513
9.28158287e-01,1.25922763e-02,8.37620407e-04,9.90602357e-01
0.97406089,0.00433935,0.00114687,0.99906599
9.57137404e-01,3.14653397e-02,4.85184801e-04,9.97997513e-01
0.97971929,0.00440672,0.00426037,0.99957089
0.99843012,0.0257375,0.03229244,0.99999737
0.9340988,0.00481255,0.01517308,0.99370256
9.13202929e-01,7.96438304e-02,9.33453242e-06,9.89661279e-01
9.82089513e-01,9.41209744e-04,6.73950021e-02,9.97778650e-01
0.96011251,0.00263776,0.00395086,0.99827635
0.98825769,0.00837256,0.00868608,0.99985831
0.97791317,0.02365353,0.01719474,0.99948917
0.96943341,0.010734,0.0280539,0.99738603
0.91361965,0.06335566,0.00152828,0.94971775
9.47924329e-01,1.66987508e-02,1.53226002e-04,9.92483069e-01
9.36337104e-01,8.58045655e-02,4.61050599e-04,9.95372932e-01
9.83860507e-01,4.76771279e-04,5.52771154e-02,9.99454287e-01
0.99060163,0.02108625,0.07371647,0.97170463
0.96330697,0.04892756,0.04831423,0.9982351
0.98964302,0.0684673,0.02104722,0.95357657
0.91326053,0.00211431,0.06713082,0.99104412
0.92075883,0.00240831,0.03536818,0.99229892
0.99834667,0.02069912,0.04944656,0.99999706
0.98915603,0.01893193,0.00161192,0.94485602
0.98960162,0.00548706,0.02877049,0.99977707
0.98674421,0.01793553,0.00113156,0.99918925
0.98382164,0.01239216,0.00864835,0.99922759
0.96721485,0.0178756,0.09873409,0.99870447
9.19386005e-01,4.48574637e-05,2.94344505e-02,9.92287093e-01
0.96804628,0.00260307,0.00187347,0.99591188
0.99623385,0.0229883,0.01260604,0.99998357
9.16738614e-01,1.29543733e-04,1.07130816e-02,9.18836869e-01
0.99047466,0.02759077,0.03466219,0.99988627
9.62406519e-01,1.71187293e-04,5.90380326e-02,9.98344693e-01
0.95045215,0.03044127,0.09893692,0.97731823
0.98747214,0.04368782,0.00520986,0.98313249
0.99328089,0.08993996,0.08864219,0.99977686
0.9988577,0.04890358,0.07791834,0.99911413
0.98638905,0.02474927,0.02335697,0.99980875
0.93408111,0.00723835,0.00437997,0.99493118
0.93289701,0.05491379,0.00187866,0.93288842
0.99451965,0.04779191,0.06885952,0.99995991
0.96940335,0.00315003,0.06292257,0.99787404
9.01311054e-01,4.43340328e-03,9.09648151e-05,9.78113693e-01
0.94762835,0.00190877,0.01552627,0.99589972
9.38962553e-01,1.92541762e-03,7.97117595e-04,9.95257748e-01
0.99833237,0.04799549,0.08083985,0.99999721
0.97221903,0.01833581,0.01780727,0.99918325
9.08290765e-01,3.68001955e-02,3.07774692e-05,9.89755366e-01
9.28358106e-01,2.70825036e-02,6.31601027e-04,9.75708812e-01
0.93507988,0.00110903,0.02645964,0.95708736
0.93523952,0.00171299,0.08707563,0.99472953
0.9914758,0.01384923,0.08273614,0.99909674
0.97639796,0.01739994,0.03792816,0.99848353
0.92842081,0.01359427,0.03796471,0.99408891
0.96540182,0.00147831,0.00998112,0.99494996
0.96395233,0.00159723,0.06663493,0.99860105
0.97026771,0.0943783,0.01697241,0.9986465
0.90340224,0.02260156,0.07111772,0.98857802
9.70195055e-01,7.41535317e-02,3.71765074e-05,9.93096984e-01
9.68781475e-01,8.14045522e-02,4.83554680e-04,9.77663293e-01
0.96506123,0.01622804,0.05172547,0.99868158
0.90347413,0.01212816,0.02056424,0.98868932
0.99332657,0.02143864,0.05452414,0.99960258
0.9337846,0.00113329,0.00554367,0.91493245
0.95720447,0.00268161,0.07041444,0.99327315
0.9923126,0.06807879,0.02334075,0.99990671
9.48157843e-01,2.27987606e-04,1.76061434e-02,9.97016780e-01
0.91589638,0.00559918,0.00563887,0.99111303
0.99148555,0.06432281,0.001646,0.99992434
0.96512985,0.03744342,0.02857176,0.99027926
9.03870975e-01,8.82924042e-03,2.51888714e-05,9.83942322e-01
0.99242587,0.00730042,0.05709603,0.9999408
0.92117211,0.02509588,0.05418366,0.94099864
9.35457561e-01,8.79959132e-04,2.27540428e-02,9.93893915e-01
0.98608726,0.03591631,0.00201002,0.99793421
0.9981515,0.08970824,0.00626451,0.99998111
0.91645333,0.03009505,0.07851896,0.991259
0.92849811,0.00643604,0.00128248,0.99406533
0.99755465,0.05052453,0.01560089,0.96146422
0.92000975,0.00495048,0.03425147,0.97419517
0.9564659,0.0334785,0.0383963,0.97026072
0.91229042,0.00310374,0.0235627,0.99027997
0.98191285,0.00554886,0.03664156,0.99953821
9.80062763e-01,4.57509257e-04,6.94058738e-02,9.99586306e-01
9.06550046e-01,1.46812328e-04,4.85379502e-02,9.85666360e-01
0.90765535,0.002886,0.01824118,0.98771046
9.70883994e-01,1.84809288e-02,2.32708533e-04,9.86388845e-01
0.99258226,0.01357539,0.00555523,0.99978706
0.99464309,0.00446631,0.06906942,0.99996282
0.9770421,0.00582908,0.00706565,0.99942584
0.96976285,0.05235338,0.02265078,0.99785133
0.93897871,0.09423547,0.00148009,0.94340519
9.23604216e-01,9.14341101e-06,7.35630232e-02,9.93162753e-01
0.97251197,0.0039225,0.0206614,0.95481077
0.96809578,0.07922903,0.00269995,0.99891505
9.18782009e-01,7.86247330e-04,7.60069386e-02,9.89135187e-01
0.90372943,0.00410356,0.03413167,0.98846725
0.99417819,0.01738477,0.00881783,0.9999623
9.69894380e-01,2.92015951e-02,2.35424132e-04,9.91659852e-01
9.82697930e-01,3.97875873e-04,1.95828969e-02,9.97570401e-01
0.90187358,0.00178315,0.0235278,0.97602016
0.95775051,0.00238323,0.01885966,0.99703874
0.99138065,0.05681285,0.04871532,0.99796787
9.71096416e-01,1.65444603e-02,3.48991532e-04,9.99063752e-01
9.30733282e-01,8.04814167e-02,2.86748604e-04,9.86111887e-01
9.43400820e-01,9.56272871e-04,1.13384396e-02,9.96370943e-01
0.99328831,0.00115204,0.05923316,0.99938666
0.97873676,0.01837664,0.0293543,0.99876729
0.99128172,0.02293782,0.06226126,0.97621251
0.98628942,0.08460802,0.03412991,0.9992637
9.59770509e-01,6.22472603e-02,4.35237475e-05,9.97532300e-01
9.86069797e-01,3.34569993e-04,5.08572043e-02,9.83099539e-01
9.00015098e-01,4.53709461e-05,1.19294168e-02,9.84937838e-01
0.9912552,0.08129218,0.00227445,0.9999204
9.28032604e-01,3.74110623e-02,3.15328756e-04,9.93797277e-01
0.99126254,0.05767862,0.00990588,0.99967531
0.99148598,0.01068951,0.08220171,0.99991921
9.06369054e-01,8.63847904e-02,3.08258009e-04,9.89440617e-01
0.98971197,0.0909693,0.01219808,0.95188075
9.49325321e-01,4.93978250e-04,1.00399058e-02,9.68670440e-01
9.26453573e-01,3.79695960e-04,4.35668459e-02,9.92485137e-01
0.95994318,0.01653069,0.03481792,0.99820868
9.39481176e-01,3.12538975e-04,7.91872942e-02,9.91014961e-01
0.99753798,0.04882408,0.0359392,0.99974294
0.98991916,0.01421313,0.09052166,0.99873396
0.93162741,0.04676242,0.02206451,0.99458224
0.94185639,0.00190863,0.08856041,0.99434481
9.09629005e-01,2.63133438e-04,1.85467517e-02,9.24231758e-01
0.91196877,0.01577201,0.02340494,0.9798517
0.95906973,0.02738298,0.00190814,0.99796605
9.10657317e-01,1.04207760e-02,8.22637818e-04,9.29785400e-01
0.98975238,0.0014918,0.02483856,0.97083831
0.99351906,0.0845243,0.00549281,0.9999296
0.9388158,0.0163445,0.09459301,0.9949831
9.33211596e-01,8.99145857e-04,4.89337227e-03,9.93999237e-01
0.95429891,0.06807521,0.03679634,0.99771182
9.50634136e-01,3.65522480e-02,2.81292562e-04,9.17102340e-01
9.51725977e-01,1.49153462e-05,6.14300467e-02,9.97392210e-01
9.44535072e-01,1.75831148e-02,2.47923470e-04,9.81454565e-01
0.98841211,0.04859376,0.02660107,0.99980858
0.91209721,0.03318783,0.02226999,0.99070375
0.99498845,0.0157839,0.01426719,0.99997409
0.99512421,0.04819057,0.00356669,0.99997435
0.99555527,0.03560876,0.00526922,0.99910138
0.95662812,0.00821186,0.00839944,0.9940044
0.97727936,0.00713168,0.00641613,0.99915323
0.99221445,0.09012182,0.00228347,0.9998582
0.99898567,0.07463977,0.04716846,0.99994267
9.60363066e-01,5.50865995e-04,3.72460698e-02,9.98299383e-01
9.53460958e-01,1.24868017e-03,8.89325120e-04,9.88309181e-01
0.99140292,0.06113654,0.00678578,0.99992495
0.98593785,0.04821971,0.04286755,0.98984361
0.97040813,0.01619432,0.00885044,0.99896846
0.98497585,0.0170169,0.01090578,0.99976723
0.9919558,0.0096682,0.08791296,0.99993377
0.98544002,0.00632347,0.0216221,0.99978174
0.96678091,0.01204971,0.00625668,0.97552628
0.97259266,0.00585852,0.0033842,0.99901625
0.90519371,0.00212382,0.00843172,0.9891626
0.9853882,0.01224069,0.05887385,0.99963764
9.82295549e-01,7.48916765e-04,8.49152727e-02,9.99674996e-01
9.05173087e-01,3.04594078e-04,3.80105519e-02,9.88417798e-01
9.05508629e-01,5.17909194e-05,5.34845360e-02,9.87336921e-01
0.99889463,0.04293409,0.06413349,0.99946666
9.69226434e-01,5.78114144e-04,1.44690631e-02,9.98946962e-01
0.90533223,0.06968997,0.00973051,0.9883948
0.98658675,0.0437741,0.00771979,0.99808127
0.98161773,0.03722911,0.00433295,0.99951318
0.90800897,0.00798444,0.07161574,0.90424339
0.91614894,0.00295374,0.05484216,0.99166788
0.99563973,0.06715467,0.01454644,0.99997889
0.98454157,0.00279814,0.03339238,0.99971907
9.19616049e-01,5.03081641e-04,1.47425087e-02,9.82343766e-01
9.16145536e-01,3.57956860e-03,9.60483969e-05,9.19191393e-01
0.97473136,0.00923348,0.04534388,0.99932743
0.93315818,0.05997365,0.01057197,0.99484436
0.98813689,0.04550226,0.07559068,0.96806592
0.90472474,0.01491992,0.03853401,0.98902477
0.94276351,0.0241033,0.01499603,0.93523132
0.99757827,0.01321575,0.07741884,0.99943825
0.91859045,0.02440198,0.00783202,0.99220683
0.99045527,0.06898631,0.06505125,0.99983494
0.93842044,0.00554895,0.00112718,0.99534773
0.98710983,0.01727706,0.00170131,0.99847891
0.99590972,0.00788476,0.08410142,0.96176387
0.98763712,0.00460738,0.08723781,0.99596146
9.68448863e-01,5.43864968e-04,6.82948360e-02,9.98196410e-01
0.97544739,0.08908622,0.00301696,0.99936709
0.97070645,0.0163733,0.0315283,0.9554228
0.93932119,0.00099282,0.08128671,0.98353893
0.96245199,0.03840268,0.01157071,0.99825113
0.98535029,0.03438163,0.00548898,0.99813744
0.97294462,0.06447082,0.00791002,0.99922592
9.47897586e-01,2.75940027e-03,2.99463893e-04,9.96910346e-01
0.95961197,0.00160776,0.01952815,0.99401867
0.99881845,0.05556733,0.03250391,0.99999145
0.9809145,0.02002697,0.05648874,0.99961002
9.78328105e-01,9.59838918e-02,1.45582901e-04,9.99509041e-01
9.23629295e-01,4.93851609e-04,5.09724907e-02,9.89469692e-01
0.942736,0.05752184,0.0609797,0.9962794
0.99461774,0.08390648,0.00470088,0.99991509
0.9970812,0.06050826,0.03526375,0.99988824
0.94202189,0.05614216,0.01958507,0.99338102
0.97946214,0.0845945,0.00743825,0.99955946
0.94824914,0.02667895,0.09114809,0.96333689
9.43451221e-01,4.49987371e-05,6.22671585e-02,9.96379308e-01
0.97539126,0.00501463,0.00142513,0.99920442
9.46476725e-01,1.32207359e-04,1.34926629e-02,9.95765010e-01
0.98957083,0.06655158,0.0726094,0.97456631
0.91115978,0.07235685,0.00679814,0.99055669
0.99796209,0.08676565,0.02477023,0.99999503
9.50525967e-01,6.90088028e-02,2.94546579e-04,9.96961012e-01
0.99714721,0.07868521,0.00849032,0.99999174
0.962679,0.00848007,0.01164961,0.99849652
0.96715974,0.00444656,0.0026936,0.97467203
9.33882023e-01,2.72147065e-04,6.21998721e-03,9.94380726e-01
9.04820143e-01,2.38014290e-02,1.74292621e-04,9.82590725e-01
9.00312580e-01,7.88631262e-04,1.46095005e-03,9.48803508e-01
0.92006429,0.02378188,0.06479893,0.98413106
9.78931209e-01,5.37174822e-04,6.94543152e-02,9.98119309e-01
0.95350604,0.00756683,0.00206324,0.99122602
0.98421963,0.03417285,0.08451344,0.99971213
0.96882198,0.02142698,0.00400997,0.99892755
0.91822024,0.02371014,0.00216681,0.98861454
0.90714664,0.00257251,0.02600256,0.90521936
0.9844133,0.07485791,0.00120345,0.99935289
9.47359313e-01,5.62197201e-04,1.26432432e-02,9.82637601e-01
0.94112801,0.05876617,0.02426632,0.99124047
0.98118522,0.00382823,0.08114553,0.9996206
0.99016622,0.00154653,0.08439122,0.99984403
0.95634912,0.00597834,0.03903267,0.99792093
0.90491744,0.0058697,0.01319796,0.97146752
0.91851094,0.00875176,0.03393248,0.99206436
9.34651044e-01,2.57969200e-03,2.14238104e-04,9.91343868e-01
0.90435591,0.00702196,0.00251091,0.9889367
0.98910848,0.0181499,0.01376287,0.98387076
0.93796986,0.06745162,0.00662365,0.99554278
9.58961877e-01,5.18830095e-02,3.27859153e-04,9.98168330e-01
0.99725229,0.01296687,0.0955425,0.94642749
0.92811372,0.001161,0.00122479,0.99394794
0.95609318,0.00164809,0.01190852,0.99786353
0.97750427,0.07725797,0.00128633,0.93787764
9.40028684e-01,4.76072651e-04,3.68382553e-03,9.08884674e-01
0.96744346,0.003565,0.00380853,0.980295
0.90600986,0.01215821,0.02749165,0.97611453
0.98326145,0.03266347,0.00191778,0.99970809
9.92550141e-01,7.13534416e-02,7.70022058e-04,9.97338790e-01
0.97227355,0.00852381,0.0380394,0.9917381
0.96096756,0.0383816,0.00678184,0.99565566
0.91904951,0.00207062,0.03056033,0.99228802
0.92415616,0.0010879,0.02350861,0.99229238
9.02270889e-01,5.57232131e-04,4.14561178e-02,9.87346669e-01
0.97636143,0.00253366,0.00321035,0.99841574
0.9794151,0.01041873,0.04780613,0.99849526
0.9814244,0.0072045,0.01041694,0.99964114
0.98921468,0.00484593,0.04178807,0.95566422
0.99784458,0.00459764,0.09491949,0.99999482
0.9848968,0.02627625,0.00211006,0.99975765
0.91475164,0.00107551,0.02366625,0.99134592
0.91107908,0.0010066,0.06393472,0.98432206
0.97514659,0.00502971,0.06799015,0.99877434
0.99585547,0.0337611,0.06291069,0.99992751
0.97971997,0.00715961,0.0343058,0.9995677
0.9895718,0.02328653,0.04763117,0.99988894
0.9744936,0.00150983,0.02634798,0.99426979
0.99176896,0.01555241,0.02842228,0.99993095
9.11762652e-01,8.67004798e-05,4.83370294e-03,9.90636886e-01
0.9579979,0.00449148,0.00821425,0.99773374
0.97697097,0.02417801,0.00178632,0.99944466
9.16918521e-01,8.29621755e-05,4.83015441e-02,9.91491316e-01
0.99350934,0.00357825,0.08163006,0.999952
0.97969583,0.00340378,0.00433692,0.99888834
9.12399961e-01,2.72942616e-02,1.63339323e-05,9.90488968e-01
0.99527566,0.01673776,0.06770226,0.99844093
0.9920173,0.05127083,0.05941718,0.99294875
9.14722993e-01,9.05435737e-04,6.31119182e-02,9.88515929e-01
0.9587975,0.03147892,0.03884916,0.99442058
9.30467044e-01,1.07863295e-02,3.53916118e-04,9.81697179e-01
0.94340085,0.01359069,0.0349429,0.99641329
0.91122233,0.02670325,0.02130125,0.98969901
0.94717953,0.07427697,0.02856603,0.92452414
0.98081943,0.00338377,0.0842573,0.99954044
0.9009748,0.00132894,0.00908104,0.97999656
9.58433412e-01,9.63351359e-04,2.03256749e-03,9.97444978e-01
9.86200763e-01,4.08165564e-02,9.16910730e-04,9.99802564e-01
0.91022763,0.00634782,0.02576715,0.9808885
0.97959915,0.04497392,0.01159786,0.98515066
0.95213125,0.00233738,0.04608199,0.95414724
9.66918097e-01,5.63176272e-02,2.26954281e-04,9.98830667e-01
9.51842883e-01,7.34203912e-02,3.35882002e-04,9.96815277e-01
0.99389433,0.04399712,0.00334638,0.99983857
0.92209227,0.03218688,0.00642744,0.96433043
0.93697377,0.0048624,0.00228202,0.98681667
0.96133023,0.04832348,0.002502,0.97435199
9.69405396e-01,9.39099941e-04,6.49349783e-03,9.97655345e-01
9.65603812e-01,8.36197829e-02,1.30339564e-04,9.23702601e-01
0.98060991,0.04109991,0.00720425,0.99955855
9.06267947e-01,4.51725798e-02,9.08177510e-06,9.81940333e-01
9.23857919e-01,2.75848769e-04,5.05871928e-02,9.22251145e-01
0.93085758,0.07710511,0.04663384,0.99451201
9.41246912e-01,5.17989844e-02,1.38060923e-04,9.87250501e-01
0.96628108,0.052916,0.01001708,0.90448985
0.97677059,0.01044581,0.00277222,0.98342006
0.95102197,0.01109157,0.00169458,0.99691575
0.9176557,0.01384444,0.0038027,0.98661086
0.9350873,0.00778367,0.05525003,0.98077274
0.98406191,0.04254455,0.0148775,0.99972695
0.99148985,0.01047642,0.01663982,0.99987722
0.96791653,0.05008573,0.00165624,0.99861931
0.97494384,0.00614266,0.00942999,0.99887654
0.99336059,0.0120516,0.00410751,0.99995532
9.41192946e-01,2.24749168e-05,5.69435288e-02,9.96066132e-01
0.96275102,0.03011769,0.0505795,0.9985048
0.90570114,0.0246566,0.00857914,0.98906301
0.96903904,0.04129694,0.0120455,0.98887262
0.9893394,0.05848792,0.00416042,0.98446719
9.16366836e-01,1.70885871e-02,1.07524899e-04,9.90072191e-01
0.93191093,0.034547,0.02250479,0.99457712
0.97608536,0.00795087,0.00220717,0.9993741
9.65935949e-01,5.70735482e-04,4.82462609e-02,9.98577837e-01
0.95093064,0.00103745,0.00696436,0.99692938
0.90645868,0.00777358,0.09649844,0.98891774
9.32771774e-01,4.09871388e-04,1.76836117e-03,9.31408066e-01
0.99493865,0.00843114,0.02931036,0.99996961
0.9119135,0.00874414,0.02925988,0.99038684
0.97415889,0.08174395,0.07738346,0.99895649
9.44271649e-01,6.08375256e-02,1.35367581e-04,9.93714057e-01
0.94041382,0.0853933,0.03045387,0.99599932
0.92418374,0.00545943,0.05380172,0.99327541
0.98057556,0.05843338,0.00170499,0.99943079
9.47287387e-01,7.88251655e-05,6.08479394e-02,9.87657649e-01
0.92849397,0.02154168,0.01010557,0.9854431
0.99535512,0.05666808,0.02058389,0.99997103
9.51561699e-01,2.62451147e-04,3.65652255e-03,9.51265467e-01
0.97079722,0.00306325,0.02872216,0.9990542
0.98910743,0.08069426,0.00180482,0.99968862
0.98901176,0.03437595,0.01669444,0.99761807
0.99147191,0.0237071,0.00270405,0.99639656
0.92059251,0.01820424,0.00168072,0.99258901
0.98893644,0.08009131,0.01545487,0.99987642
9.08528734e-01,2.90814836e-02,1.56023637e-05,9.89496171e-01
0.99899967,0.06821017,0.04859776,0.99999897
0.96050165,0.00437057,0.02034,0.9982834
0.95426198,0.04726599,0.02322223,0.99768892
0.96182103,0.03772407,0.0506104,0.9984223
0.98041342,0.00360171,0.00292993,0.99952884
0.96303402,0.01641047,0.0507518,0.99841973
0.99690598,0.03253937,0.05839883,0.99995605
0.93158095,0.01010602,0.0011715,0.99453141
0.95923099,0.02505431,0.09810962,0.99363686
0.94595098,0.01760622,0.03770734,0.9939217
0.98497634,0.00927464,0.01802173,0.99959111
0.94497681,0.00236529,0.0231005,0.99659486
0.99224705,0.06363592,0.03453502,0.99987346
0.97778282,0.00921327,0.00965462,0.9224583
0.96383674,0.00424498,0.03512982,0.95893439
9.75377971e-01,2.31107408e-02,6.43667274e-04,9.99310831e-01
0.98808793,0.01735823,0.00372123,0.9997952
0.93393728,0.02248011,0.09057012,0.99501589
0.95247187,0.00106464,0.06115629,0.99670458
9.34208692e-01,4.06123067e-02,3.04679049e-04,9.84687733e-01
0.96292801,0.00478174,0.01136248,0.99762499
9.76215085e-01,5.61784337e-04,4.74351633e-02,9.92682766e-01
9.32188758e-01,2.38275109e-02,1.89193670e-05,9.74999009e-01
0.97678691,0.05776512,0.00501522,0.99872804
0.98993691,0.0691345,0.0012431,0.99901305
0.9881232,0.09386403,0.01960919,0.99985247
0.98975692,0.0286756,0.01302341,0.99888501
0.95914141,0.00277768,0.00696643,0.98574402
9.57279318e-01,3.80056207e-02,9.71351598e-04,9.93959303e-01
0.99411702,0.04798428,0.01891686,0.99995191
0.97848628,0.00542477,0.00538906,0.99949649
9.54548589e-01,2.09483793e-02,5.68217780e-04,9.97515017e-01
0.93492541,0.00383999,0.02623651,0.99370051
0.918538,0.0918298,0.00104883,0.9895222
9.55558262e-01,1.20043394e-04,8.30202762e-02,9.75564290e-01
0.97623786,0.00162278,0.01475462,0.99939112
0.96491666,0.00194102,0.00255447,0.99854566
0.96909952,0.08324631,0.05344396,0.99896577
0.90407147,0.05357267,0.0248222,0.93590612
0.99808198,0.0721147,0.02298233,0.92517177
0.9818897,0.00919862,0.00176717,0.99965747
0.93254883,0.02255032,0.0012661,0.97130077
0.99538082,0.04248548,0.01129294,0.99997846
0.9671599,0.0127941,0.00398588,0.99883863
0.97931439,0.06395766,0.05663597,0.98596146
0.94697187,0.00372711,0.01794784,0.99677085
9.58089645e-01,5.94301907e-03,9.86796963e-04,9.97914474e-01
0.99717058,0.01246712,0.05187722,0.91714641
0.98009702,0.00518998,0.00228876,0.99613556
0.95716694,0.06403206,0.09766765,0.99800139
0.99349697,0.04783789,0.04545602,0.99960894
0.92357236,0.02449699,0.02877083,0.9931969
0.93898644,0.0373791,0.00720255,0.92168703
9.46032385e-01,1.97966221e-04,7.23285570e-02,9.96062749e-01
0.97397615,0.03157043,0.04371302,0.99889159
0.97553369,0.03133163,0.08267064,0.999382
0.93762406,0.01560751,0.01077417,0.99441754
0.9412445,0.02873396,0.00215295,0.98634615
0.95519198,0.001563,0.02258871,0.99779842
0.94356358,0.00945668,0.01261882,0.99326761
9.19358829e-01,4.83520067e-05,4.05879442e-02,9.90876955e-01
0.90374444,0.00865257,0.02101194,0.9809219
9.82272797e-01,2.70677164e-04,6.29564101e-02,9.99573989e-01
0.97737311,0.08484513,0.04197088,0.99942107
0.95013798,0.01044528,0.04643236,0.99727564
9.56537984e-01,1.37569921e-02,2.94320102e-04,9.95540388e-01
0.99314157,0.01289687,0.01685211,0.99648541
9.31952676e-01,5.49686172e-05,1.42962967e-02,9.94138816e-01
9.68397163e-01,5.34977806e-02,2.66581489e-04,9.94569164e-01
9.66960094e-01,1.71528678e-04,6.41278190e-02,9.98822728e-01
0.94864874,0.00901014,0.0310453,0.97684887
9.39124804e-01,6.84456596e-03,5.18497526e-04,9.85760087e-01
9.16022510e-01,6.47218661e-05,4.88684679e-02,9.90554353e-01
0.97929178,0.00315145,0.07951087,0.96399571
0.93509744,0.09390986,0.05060912,0.99498444
9.76039541e-01,6.40576368e-02,4.67599148e-04,9.94539039e-01
0.9482285,0.00906592,0.01126529,0.99699375
9.39739090e-01,5.91711464e-02,2.29980166e-04,9.79336815e-01
9.63775093e-01,2.52726728e-04,4.36895280e-02,9.95304025e-01
0.94068555,0.01710396,0.01812027,0.99603841
0.97617388,0.00562529,0.07249479,0.9993637
0.94763734,0.00325747,0.01094722,0.9130769
9.87723244e-01,2.91433140e-02,6.83550789e-04,9.98025296e-01
0.99414972,0.00211132,0.03071709,0.9997124
9.02818289e-01,6.23399848e-02,2.22511870e-05,9.88485911e-01
9.73606775e-01,3.22650263e-05,8.47806216e-02,9.74930367e-01
0.96560497,0.00161915,0.00462821,0.99871141
9.63875918e-01,6.97171566e-05,5.97716545e-02,9.88835449e-01
9.43996583e-01,1.39524981e-02,9.28012186e-04,9.94292672e-01
0.97085274,0.08141119,0.00159123,0.94252882
0.92982165,0.00185788,0.02305841,0.99009136
9.56130963e-01,2.47791236e-04,3.70583695e-02,9.97899131e-01
9.66632797e-01,6.11524760e-05,4.19153993e-02,9.98801325e-01
0.99752085,0.05837746,0.01126592,0.99999196
0.9741691,0.09707115,0.0361484,0.99927046
0.94975983,0.01955088,0.01514666,0.99718339
9.06215915e-01,1.17377432e-02,4.38648125e-05,9.89308137e-01
0.94102536,0.01189743,0.00524153,0.98330707
0.97914644,0.00297037,0.00704601,0.99954492
0.9902176,0.01223127,0.00754694,0.99990236
0.90766716,0.00630449,0.02471196,0.98675366
9.69480886e-01,3.00841391e-04,8.29910029e-02,9.83212321e-01
0.99854743,0.04558379,0.02757535,0.99973144
0.99663745,0.0249566,0.01196915,0.99998682
0.90773105,0.00420003,0.00245578,0.98915851
9.81659367e-01,1.66500728e-04,6.73716421e-02,9.99580084e-01
0.98824105,0.09296405,0.09096482,0.97526299
0.97548172,0.05166382,0.00180146,0.99824853
9.68442220e-01,9.17070436e-04,9.99371839e-03,9.94825980e-01
0.91790507,0.00652446,0.00099212,0.99206439
0.99830825,0.06976651,0.09318438,0.99999677
0.98430139,0.01924699,0.00224837,0.99947675
0.93315326,0.00808336,0.02012606,0.99475078
0.9713526,0.0164962,0.00171288,0.99888004
0.94581987,0.04231614,0.00587816,0.99461826
0.91991755,0.03585272,0.03196957,0.98506106
0.98984951,0.06239122,0.01969044,0.99986755
0.98220846,0.0498685,0.04726709,0.95202592
9.33055622e-01,9.52402216e-04,1.03865535e-02,9.94852982e-01
0.91483253,0.02452886,0.0010553,0.96486154
0.99621337,0.00662009,0.04072315,0.99501404
0.9045717,0.01267049,0.00113084,0.96422341
0.97414583,0.00346777,0.02274303,0.99929362
0.98597285,0.01310826,0.00348707,0.99348374
9.37726845e-01,1.34743469e-04,5.43871579e-02,9.74424086e-01
9.05737884e-01,9.78499783e-03,4.01926672e-04,9.85498242e-01
9.83518122e-01,3.94312237e-02,5.92439290e-04,9.98938853e-01
0.99135265,0.06995438,0.05745477,0.99992389
0.90585957,0.0856513,0.02322631,0.9881819
0.96586354,0.08294843,0.00280704,0.99868117
9.17878908e-01,7.17736619e-04,8.06192578e-02,9.86049802e-01
0.9782254,0.00310722,0.00650172,0.99903491
0.99817204,0.05490615,0.03479051,0.99997426
9.80870006e-01,9.16289894e-02,8.61021573e-04,9.95115246e-01
0.99512106,0.02478707,0.08478717,0.97104987
0.94532536,0.00800858,0.03544467,0.93984348
9.55030725e-01,2.26145217e-04,1.01661378e-02,9.87707591e-01
0.99424819,0.0089928,0.01115671,0.9978215
9.19768215e-01,9.20164791e-04,6.05545080e-02,9.92444006e-01
0.92871728,0.04768323,0.002612,0.96649317
0.92799841,0.00244848,0.05894618,0.93039883
9.51183704e-01,7.03378191e-02,8.11495291e-04,9.97348984e-01
0.99136395,0.00187482,0.06590033,0.9999241
0.99395628,0.04001065,0.09341482,0.99992029
9.55033739e-01,3.05695828e-05,8.53234560e-02,9.97736284e-01
0.94272013,0.09148519,0.06818628,0.99590916
0.98854499,0.00329468,0.02501397,0.99979942
9.88404282e-01,9.01962161e-04,3.35796603e-02,9.99840611e-01
0.9984358,0.02037159,0.06447065,0.99999347
0.94626503,0.0139259,0.00448061,0.94744622
0.97787289,0.00320493,0.00715716,0.99939933
0.99807796,0.05709155,0.05454268,0.99745878
0.97656178,0.00107265,0.01038971,0.99942363
0.97147208,0.00284594,0.07518306,0.99909836
0.91850292,0.00689628,0.04881687,0.9921791
0.93600532,0.08322802,0.00693339,0.99534718
0.98681618,0.02387757,0.00555804,0.99981524
0.95136779,0.00258938,0.06916314,0.99397696
0.9480126,0.01550222,0.0602476,0.98234844
9.80377124e-01,7.12261593e-04,5.20740872e-02,9.95613833e-01
0.96572706,0.00701935,0.00305623,0.99840627
0.98326981,0.00212754,0.00952076,0.99970557
0.95660473,0.0020706,0.04869468,0.99726643
0.98656999,0.01414911,0.00385959,0.9997319
0.98687567,0.00660175,0.05519733,0.9988453
0.98516604,0.01356719,0.04075919,0.99977313
9.74998381e-01,1.41261612e-02,5.46296745e-04,9.32736521e-01
9.39471416e-01,3.97274908e-03,9.15598597e-04,9.89011989e-01
0.91742348,0.07545752,0.00793726,0.98297706
0.97928703,0.00554738,0.09097852,0.99677184
0.99769675,0.03102604,0.03892784,0.99997807
0.92769765,0.08482721,0.00429727,0.99384147
9.40518243e-01,3.30916602e-03,3.37913734e-04,9.95076176e-01
9.76639595e-01,3.23359303e-04,7.52861730e-02,9.98386990e-01
0.93338578,0.00395003,0.00291723,0.99258322
0.93486876,0.00301219,0.00265847,0.91726167
9.44815851e-01,2.83104691e-02,8.58590559e-05,9.94290942e-01
0.99884313,0.0727506,0.08343206,0.999982
9.71468470e-01,1.18624399e-02,4.78507884e-04,9.99089942e-01
9.75372042e-01,9.90655044e-02,1.07108261e-04,9.92021785e-01
0.997766,0.06121346,0.04212795,0.99999196
0.99478037,0.04284477,0.03135183,0.9999626
9.76886576e-01,1.38742974e-04,5.41205176e-02,9.98935598e-01
0.96005924,0.06979017,0.00382289,0.99826291
9.27540353e-01,1.10473314e-04,2.96217843e-02,9.81518304e-01
9.83382720e-01,5.69892094e-02,1.40426360e-04,9.99628041e-01
9.45869151e-01,4.51031310e-04,1.59971351e-03,9.91321291e-01
9.13461300e-01,4.64449841e-03,1.33403776e-04,9.86022719e-01
0.95168139,0.04180716,0.02747592,0.99742815
0.98365626,0.00456309,0.03170938,0.99970023
0.94477385,0.0929811,0.07252671,0.99652251
0.96435927,0.00822704,0.08211028,0.91113075
0.91250688,0.00563391,0.02189641,0.98021245
9.76924081e-01,7.35993949e-02,1.50640432e-04,9.97013755e-01
0.9317819,0.00501111,0.03308509,0.99273513
0.99368635,0.00853975,0.09399699,0.99770834
0.91147612,0.00521435,0.00474625,0.99065432
0.91156404,0.05098276,0.00240546,0.94765951
0.92883306,0.04005451,0.07010248,0.99400518
9.26744575e-01,7.33081595e-04,3.62565625e-02,9.93543513e-01
9.27728702e-01,9.49942972e-04,7.88605248e-03,9.93387544e-01
9.09398543e-01,4.44499242e-05,1.88087497e-02,9.86457741e-01
0.9573754,0.00252193,0.07154776,0.96341986
0.94433194,0.0287956,0.0069181,0.99643367
9.58678798e-01,2.13061629e-02,9.06088485e-04,9.32353682e-01
0.9359207,0.08439612,0.02930116,0.99441898
9.25121216e-01,2.44041787e-02,5.30787791e-04,9.93411873e-01
0.97379539,0.06764261,0.00389607,0.99267249
0.98495338,0.03371986,0.05967023,0.99915277
0.95944441,0.03611564,0.09396475,0.96758627
9.60640334e-01,9.29917512e-04,2.19843603e-02,9.96300268e-01
0.99038489,0.01171569,0.0474264,0.98517626
0.90602639,0.08091887,0.08183217,0.98933184
9.05047928e-01,3.85256424e-02,5.74501646e-04,9.87615170e-01
0.99562636,0.07520633,0.00210802,0.99994541
9.26586279e-01,2.83032693e-02,9.00524660e-04,9.93298809e-01
0.90764147,0.00275773,0.00823399,0.98972037
0.93539101,0.07796603,0.01093033,0.99524127
0.91376672,0.03677363,0.0031638,0.95109161
0.99125636,0.03247863,0.05064545,0.99594061
0.96621133,0.03814634,0.02191786,0.98801276
0.99609421,0.08505581,0.01837863,0.9999846
0.97679475,0.04132195,0.00102909,0.97684225
0.99722048,0.09208228,0.02742362,0.99943269
0.94251331,0.02134305,0.00322521,0.98337924
9.38650067e-01,3.67533606e-02,1.63116454e-04,9.95530130e-01
9.29633624e-01,6.38468720e-04,4.86214133e-02,9.93811243e-01
9.70192060e-01,8.51798567e-05,7.57104805e-02,9.98779247e-01
0.95318551,0.01339986,0.00225822,0.98859145
0.98824669,0.00830916,0.01084557,0.99979255
9.74084675e-01,6.93712443e-02,7.69368629e-04,9.99164412e-01
0.9882849,0.05232113,0.01290787,0.99167526
0.97294804,0.03237158,0.03172589,0.99903984
9.47364114e-01,6.74282600e-05,2.59049203e-02,9.96915596e-01
0.99229274,0.01088214,0.02553626,0.99993564
0.96872457,0.01221863,0.01850671,0.99864408
0.94582858,0.00159206,0.00135124,0.99029011
0.9944556,0.06794141,0.02302574,0.99978183
9.86161096e-01,3.60138338e-02,5.29846782e-04,9.87086464e-01
0.98546936,0.01949891,0.00148495,0.97793157
0.96178893,0.09887061,0.01392757,0.99840973
0.94260813,0.07136679,0.02902841,0.99577006
0.9779991,0.02210166,0.08131816,0.99949416
0.98071885,0.00729868,0.03624488,0.99959967
0.95491768,0.06401106,0.00423233,0.9975538
9.32182421e-01,7.82143695e-04,5.20738289e-04,9.91732323e-01
0.95704057,0.00157211,0.00491205,0.99742222
0.95572603,0.07229805,0.00648595,0.99415148
0.99316464,0.06954831,0.00311745,0.99993146
0.91769599,0.0478998,0.00508791,0.97937265
0.9932299,0.05994486,0.0010346,0.99990331
0.96620731,0.00895862,0.01573275,0.99869065
9.44879318e-01,4.99122342e-04,1.82778679e-02,9.95393742e-01
0.96646928,0.00488706,0.07759678,0.92956824
9.38649701e-01,1.21836425e-04,8.06359798e-02,9.95742524e-01
0.97705972,0.00480924,0.00876667,0.98409484
0.94351034,0.0046268,0.00736731,0.91887986
0.98040788,0.00898804,0.0038764,0.99430464
0.98854585,0.02988855,0.0489771,0.99985609
9.58437800e-01,1.27751017e-02,7.22357549e-04,9.97143524e-01
0.98795103,0.00164654,0.06839736,0.99983731
0.99849898,0.09820404,0.0399584,0.99999773
0.99912979,0.08284029,0.06029531,0.99999882
9.17467970e-01,6.18484109e-02,3.05174882e-04,9.52970330e-01
0.90565309,0.05551356,0.04554565,0.97796614
0.96948632,0.04041848,0.00102641,0.99901022
0.99899913,0.08296517,0.06223361,0.99540789
0.95298576,0.00429501,0.00380008,0.99744971
9.12861055e-01,5.87255956e-02,9.27215612e-04,9.77875785e-01
9.03344948e-01,5.95439373e-02,3.21416033e-04,9.88304391e-01
0.97896755,0.00435541,0.07716688,0.98936238
0.94332203,0.00135499,0.04576304,0.99640224
0.91831064,0.01828743,0.04402237,0.99196279
9.76872936e-01,3.29641671e-04,1.84498214e-02,9.97714299e-01
9.17776827e-01,4.75116268e-04,2.70678777e-02,9.90911990e-01
9.15846476e-01,4.47085486e-03,1.12043824e-04,9.88740633e-01
0.96825573,0.01721508,0.00458492,0.96985
0.99631838,0.06881995,0.05374511,0.9999103
0.98901221,0.0014801,0.01405772,0.93803471
9.62245009e-01,9.80871568e-02,9.90487709e-04,9.98364692e-01
0.98390638,0.00133739,0.05708166,0.99968222
9.54906272e-01,8.13930896e-02,4.00990619e-05,9.96843239e-01
0.92891176,0.03710032,0.00365422,0.93452911
9.59681526e-01,2.43201970e-02,1.67048714e-04,9.98234175e-01
9.51278425e-01,3.25711946e-03,8.08128961e-04,9.96217595e-01
9.20320111e-01,4.70028286e-02,1.54944509e-05,9.91669236e-01
0.94812303,0.04515116,0.00542141,0.99701125
0.99787343,0.02102882,0.04290406,0.91716783
0.94957588,0.00599778,0.01455512,0.99717663
9.77810745e-01,9.10809577e-04,9.49181315e-02,9.99422075e-01
0.94993058,0.03648913,0.05642369,0.97037548
0.90583531,0.00266177,0.03700583,0.98912387
0.98246633,0.05363666,0.06953995,0.98910404
0.97670236,0.05922687,0.02012992,0.9993604
9.90829539e-01,5.88766900e-04,5.53981432e-02,9.99838877e-01
0.92057945,0.05678752,0.01039417,0.99260992
9.42299516e-01,3.69034296e-04,1.21661031e-02,9.93482880e-01
9.67498648e-01,3.01077450e-04,1.16645170e-02,9.95892581e-01
0.92241426,0.09882388,0.03959596,0.95220202
0.97475179,0.01466956,0.00324655,0.99932764
9.63517530e-01,8.65426451e-04,1.04762840e-02,9.98543373e-01
9.15787923e-01,8.94606549e-04,6.77942174e-03,9.91612998e-01
0.99827728,0.09322651,0.03830514,0.99999538
0.9824218,0.00202193,0.04079291,0.99967995
0.99834837,0.05394707,0.09882361,0.93200725
0.91563678,0.00237134,0.01575173,0.99149795
0.93308098,0.0046688,0.00365044,0.99467184
0.98250268,0.00514759,0.00196192,0.99789988
9.51905494e-01,4.66449267e-02,3.59727214e-04,9.97437877e-01
9.52848391e-01,7.89105314e-02,2.53529173e-05,9.97309701e-01
0.99825056,0.0923534,0.05665035,0.99150138
0.97957925,0.02099499,0.03960569,0.99956335
0.90145214,0.05662129,0.01532406,0.9325384
0.99358111,0.00798036,0.07755562,0.99989308
0.99703617,0.00592229,0.08947271,0.99665464
0.91502364,0.01194909,0.00376364,0.99155753
0.99111435,0.01061847,0.00326722,0.99991729
0.96200186,0.00389086,0.00107248,0.99742024
0.99201673,0.04799285,0.00395175,0.99991602
0.9537825,0.01649399,0.0219537,0.9976572
9.32405217e-01,2.88577112e-02,4.58655611e-05,9.22854755e-01
0.98637105,0.00210731,0.00829464,0.99942718
0.97655975,0.00234793,0.0116756,0.9985586
0.91155624,0.02449486,0.00288533,0.99060111
0.98592359,0.07213386,0.00321049,0.99979621
0.96720192,0.0127754,0.08157991,0.99745642
9.45735128e-01,3.29145103e-02,3.98431597e-04,9.92522499e-01
0.9209052,0.01195667,0.00676966,0.94895637
0.99571304,0.06476857,0.04122268,0.99993512
0.99252008,0.00821581,0.05173361,0.99994312
9.59703587e-01,7.32460420e-02,3.48770946e-04,9.98136282e-01
0.96756757,0.07120653,0.00216201,0.99887605
0.92711057,0.00273815,0.00173451,0.99236009
0.99874608,0.07124414,0.01706436,0.9999984
9.32055624e-01,7.27218997e-03,5.66591982e-04,9.92241718e-01
0.93272897,0.00213498,0.00176133,0.93343761
0.9189514,0.00107418,0.0104068,0.95393047
0.93022214,0.00338203,0.06025721,0.99261976
9.25637690e-01,1.55327707e-04,2.43312529e-02,9.91512295e-01
0.99026969,0.01701145,0.04857505,0.93142724
9.77477339e-01,3.68108644e-04,3.78214081e-02,9.77258774e-01
0.97806104,0.00157787,0.07142472,0.99929643
0.95934901,0.08429437,0.03817145,0.99816818
0.97864724,0.04786322,0.07158952,0.99946896
0.91925465,0.00201776,0.08592463,0.99150707
0.94430488,0.01956797,0.01314991,0.9965194
9.43651605e-01,1.05430316e-04,6.54397059e-02,9.96432220e-01
9.15365624e-01,1.02396467e-04,3.68405496e-02,9.90131281e-01
0.95562198,0.07240232,0.00129142,0.97909429
0.99348193,0.00499216,0.04819207,0.99980065
0.98561085,0.00555284,0.08018705,0.99833871
0.91030475,0.01184096,0.01082661,0.9902802
0.97998909,0.00298997,0.00474445,0.98757766
9.65116865e-01,9.96359983e-04,1.83436399e-02,9.98621331e-01
9.29432630e-01,1.10781373e-02,7.94352439e-05,9.58149046e-01
0.98409543,0.09776707,0.02049164,0.9983492
0.99419527,0.01171258,0.0323081,0.99991689
9.36315037e-01,3.07241841e-02,8.77708538e-05,9.95094290e-01
0.91419961,0.02240121,0.01395207,0.99035449
0.98822692,0.00138196,0.07295286,0.99985669
0.90723953,0.04123933,0.00307688,0.98869176
0.98157638,0.07245234,0.06674881,0.99941588
9.60497883e-01,7.60036434e-02,1.15894055e-04,9.59063206e-01
0.99192303,0.00584949,0.01125858,0.9998379
0.9765606,0.00486255,0.06570268,0.99322551
0.96477177,0.02820393,0.03598095,0.99805983
0.98822603,0.04985717,0.00446061,0.99170586
0.96247644,0.00863288,0.00844056,0.98769877
0.9910831,0.06532351,0.0496819,0.99991891
0.99585867,0.00241749,0.06233792,0.9999824
0.94658945,0.00410787,0.00169158,0.99651776
0.92910022,0.03500668,0.00164954,0.99361156
9.47324944e-01,2.41086936e-02,8.75777909e-04,9.93836386e-01
0.98233122,0.04506289,0.0076423,0.95626064
0.95364632,0.07637378,0.00887685,0.99342131
0.98676233,0.03507915,0.00113661,0.99979544
0.95830158,0.08674817,0.00764502,0.98069341
9.71401477e-01,6.70517653e-02,4.30558763e-04,9.99067150e-01
0.99565665,0.09472385,0.00164102,0.99929066
0.91323403,0.08702527,0.04461309,0.98536822
9.09503545e-01,5.72365609e-05,2.93939342e-02,9.90183879e-01
9.02463952e-01,2.48432194e-02,6.23991111e-05,9.88442751e-01
9.06060045e-01,1.84704092e-05,9.37694054e-02,9.86641270e-01
0.99002264,0.01294727,0.02520053,0.99949322
9.60046738e-01,2.44096002e-02,2.23342196e-04,9.98212640e-01
0.906169,0.05451963,0.02454977,0.9893795
0.94204696,0.06919177,0.01333036,0.99577055
0.9740337,0.04034668,0.04336853,0.9703218
0.99524363,0.03132164,0.09638831,0.99818641
0.99131726,0.00832593,0.00871757,0.99934255
0.99462693,0.09013135,0.00364698,0.99997004
9.38469082e-01,2.02927057e-04,7.54616370e-02,9.92622616e-01
0.98845726,0.00372438,0.06999352,0.9998634
0.99108517,0.02310708,0.07542217,0.99991907
9.68867534e-01,4.79447950e-04,1.93685372e-02,9.95631718e-01
0.99691249,0.0267154,0.01282787,0.99999035
0.97183636,0.02525434,0.02884056,0.99914235
0.93750841,0.0436064,0.00205446,0.99538966
0.98168317,0.01501004,0.03797262,0.99943178
9.60528409e-01,6.15865837e-03,4.26269404e-04,9.92834373e-01
9.51932880e-01,1.61505078e-04,5.56760224e-02,9.96909304e-01
9.02563588e-01,3.21443538e-02,2.40824232e-04,9.58519361e-01
0.9961215,0.09707208,0.00304988,0.98503753
0.99414652,0.02666064,0.02023695,0.9999653
9.46452206e-01,9.67924555e-03,7.51982620e-04,9.94996021e-01
0.95296792,0.00202902,0.02424409,0.99756341
0.97794095,0.00141365,0.00547883,0.91685346
9.02132113e-01,6.14529362e-05,2.43865920e-02,9.86859600e-01
0.94289393,0.0028563,0.03143995,0.99593956
0.90490488,0.00188529,0.00563641,0.98894336
0.97053358,0.008072,0.00760848,0.99906496
9.59744687e-01,7.07891102e-05,6.68689321e-02,9.94540162e-01
9.44436287e-01,6.16525918e-02,9.69306432e-06,9.93520152e-01
0.98715613,0.02063547,0.02211045,0.99980986
0.97860557,0.00994189,0.01341581,0.99951554
0.9193876,0.00588518,0.01166783,0.99172268
0.99519821,0.03186852,0.01617267,0.9999767
0.96638622,0.03066968,0.06980602,0.99852693
9.18240076e-01,2.46347978e-02,5.91176420e-05,9.92118881e-01
0.979997,0.03926308,0.01713872,0.99955038
9.06659010e-01,3.37678462e-04,8.29638308e-03,9.68092739e-01
0.93201325,0.00435142,0.04868623,0.98857322
0.91453889,0.01591054,0.02415254,0.98353465
9.19709870e-01,9.82693523e-04,3.08156562e-02,9.92431883e-01
9.37900647e-01,1.11515801e-04,1.31118633e-02,9.93470572e-01
0.96685283,0.01187875,0.0225109,0.99282211
0.98322805,0.06701024,0.05119291,0.99932917
0.98824009,0.00469935,0.09315713,0.99985832
0.96427963,0.03923967,0.01508966,0.99862468
0.91243516,0.06067996,0.00987263,0.98867718
9.79624470e-01,2.51606333e-04,7.70104604e-02,9.99286568e-01
0.94361535,0.00868014,0.04386841,0.99643432
9.52846193e-01,2.95989300e-04,4.63565260e-02,9.97539140e-01
0.96258285,0.05150902,0.00599481,0.99570379
0.92985519,0.07300158,0.00241612,0.98996547
0.9869044,0.03030046,0.09190006,0.9994209
0.99807654,0.03478011,0.02246776,0.96013748
0.99813642,0.02439755,0.08369927,0.99999385
9.07845843e-01,1.69005046e-03,3.36018538e-04,9.89799657e-01
9.83654843e-01,5.56329839e-02,4.77237145e-04,9.99722665e-01
0.96101028,0.08290695,0.02725124,0.99714114
0.98453643,0.00316721,0.09039725,0.99975331
0.99006256,0.04380073,0.00234143,0.99989124
0.96700737,0.02128739,0.00245019,0.99879249
9.83013352e-01,5.33252960e-04,3.23525381e-02,9.99650324e-01
9.71411615e-01,8.55125550e-04,1.20551862e-02,9.99110152e-01
9.68125086e-01,1.01279928e-04,6.70556008e-02,9.07325186e-01
0.95556265,0.09000361,0.002299,0.99364625
0.99718336,0.01921479,0.02360232,0.99971269
0.96783003,0.07170359,0.01445371,0.99881768
9.64459274e-01,3.78609184e-02,4.00538622e-04,9.87845575e-01
0.99109495,0.09413142,0.00205805,0.99166728
9.20147408e-01,1.35385897e-04,8.38840555e-02,9.78066624e-01
9.57878946e-01,8.04417064e-04,1.24304818e-02,9.97641238e-01
0.99245834,0.06065108,0.04282099,0.98728537
0.98919548,0.00527804,0.0219782,0.92793872
9.17120431e-01,6.97481017e-02,4.60216224e-05,9.91835565e-01
0.90057538,0.00781123,0.013041,0.98184438
0.94260047,0.01040752,0.07765198,0.99578324
0.99126076,0.02042358,0.08495234,0.9325899
9.58610420e-01,8.59088961e-02,3.55113808e-04,9.80049663e-01
0.99776251,0.08520971,0.0333299,0.9999949
0.99035993,0.05555733,0.0085033,0.99981102
0.98970681,0.02231952,0.06385659,0.99980177
0.98801941,0.01021707,0.00507559,0.99937827
0.93602428,0.05315002,0.02289033,0.99534883
0.93527952,0.0130061,0.00304723,0.99512361
0.9982479,0.07337024,0.00974106,0.99999613
9.41278917e-01,3.18181232e-02,1.87818170e-04,9.96111987e-01
0.9833717,0.0396088,0.08961931,0.90891834
0.99015312,0.01435893,0.02422146,0.98045602
0.93850688,0.09995472,0.04933694,0.99552554
0.90816402,0.01785064,0.01300346,0.98985099
0.97342366,0.00418605,0.09328497,0.99915249
9.24983156e-01,1.04564025e-02,4.36530176e-04,9.93215931e-01
0.97533989,0.01242699,0.00941033,0.99935648
0.95769827,0.00236526,0.04701287,0.99805271
0.97442259,0.00638777,0.09854582,0.99921989
0.97570069,0.03866431,0.0043726,0.98350439
0.99353356,0.002367,0.03774032,0.99931533
0.93993245,0.00447985,0.01463197,0.9639906
0.91030907,0.01565786,0.01431737,0.94123998
0.98496897,0.03848691,0.0162047,0.9948007
0.95182735,0.07259483,0.00342125,0.99744295
0.96282776,0.00260556,0.00527957,0.99827744
0.97866961,0.01001074,0.00386314,0.9970068
0.98879324,0.01015443,0.03241163,0.99980021
0.99015643,0.07256548,0.00176424,0.99990022
0.92226054,0.01419336,0.03907602,0.99154679
0.98821029,0.00378432,0.02566867,0.9995515
0.99302562,0.08727698,0.06601753,0.98354157
0.98408335,0.00936504,0.02620437,0.99960471
9.20902631e-01,5.79066120e-02,4.35672470e-05,9.78813957e-01
9.45924232e-01,1.56689308e-04,7.97879075e-02,9.96727262e-01
0.97559021,0.06035184,0.07525348,0.98573969
9.81971381e-01,7.75919926e-02,5.14945926e-04,9.59588458e-01
9.77987639e-01,2.22117204e-02,7.24668120e-04,9.96210007e-01
0.99230187,0.01848967,0.01487612,0.99993893
0.90947982,0.00579739,0.01514029,0.98758758
0.99663458,0.02183665,0.04215769,0.99997675
0.97245689,0.03719315,0.00376395,0.99887249
0.91942323,0.02051436,0.07379726,0.99226177
0.9821834,0.00260541,0.01834388,0.99966486
0.97952894,0.06307781,0.00103657,0.99956261
0.91383539,0.00687204,0.01772633,0.98551146
9.40736694e-01,2.25620528e-04,5.38110572e-03,9.88554213e-01
0.98137416,0.00201711,0.06574967,0.99962167
0.98448297,0.00809251,0.08302979,0.99975147
0.98254839,0.00104801,0.02405093,0.99752175
9.19059370e-01,3.18136277e-04,4.76402031e-02,9.92206809e-01
0.95541013,0.00587379,0.02632515,0.9177236
0.98503603,0.03601705,0.02925685,0.99955767
0.9908902,0.01280544,0.00211885,0.9986888
0.98889084,0.01034897,0.01014324,0.97170215
0.9412491,0.00380706,0.08845854,0.9926186
0.94951714,0.00518075,0.00552028,0.9309382
0.98716234,0.09783068,0.0402936,0.97982626
0.95776627,0.00324358,0.00339618,0.99334076
0.96360158,0.02532084,0.00117498,0.99643424
9.06373598e-01,5.74426812e-05,5.42797860e-02,9.89244047e-01
9.44997473e-01,5.77478335e-02,1.93948013e-05,9.96370412e-01
0.98888536,0.01026642,0.01201675,0.97879312
0.99787987,0.0083727,0.07173585,0.99999476
0.96733258,0.03813699,0.01099971,0.99818164
9.14890985e-01,7.90780467e-04,5.58436892e-02,9.91273393e-01
0.95591327,0.05081752,0.03503537,0.98474224
9.28158872e-01,5.33535670e-05,1.38778197e-02,9.93976923e-01
0.99418821,0.0020393,0.03186784,0.99569973
9.66873426e-01,3.92705510e-02,4.83569735e-04,9.98776099e-01
0.96572279,0.02059305,0.00220901,0.99871538
0.97406078,0.01224676,0.03182631,0.99924973
0.90019059,0.03306904,0.00334201,0.9878529
9.04484791e-01,1.55357053e-03,6.09914224e-04,9.88785704e-01
0.97661636,0.00929965,0.00127615,0.99942696
9.63940045e-01,1.50947324e-02,6.74984630e-04,9.31389414e-01
0.99446776,0.094798,0.00271058,0.99996844
0.97637235,0.05981725,0.03542463,0.99941461
0.99093147,0.04349994,0.00293109,0.99991589
0.99286762,0.06861809,0.01534709,0.99970972
0.95117703,0.04882121,0.06510306,0.99736392
9.08805275e-01,8.97451404e-04,1.27272618e-02,9.66543876e-01
9.42786225e-01,7.42059911e-05,6.99858507e-02,9.91976846e-01
9.37163441e-01,4.98306981e-02,2.30093240e-04,9.95514232e-01
9.73003547e-01,5.37928587e-04,5.62423208e-02,9.99151727e-01
0.98844546,0.00136703,0.01369417,0.99963313
0.97298184,0.07440243,0.03265972,0.99905095
0.90064371,0.00714761,0.00654939,0.96945567
0.94890408,0.03152424,0.00631316,0.99392563
0.95561456,0.00210453,0.06851473,0.99742445
0.98205472,0.00290465,0.01086439,0.99915861
0.99016374,0.03126326,0.09165857,0.97010193
0.99316716,0.00266276,0.03594432,0.99995227
0.98612736,0.04978731,0.03882997,0.95325729
0.99500859,0.00290489,0.03169207,0.94567041
0.9141149,0.00192292,0.01756426,0.99114997
0.95256579,0.00170534,0.04584217,0.93687138
0.90181995,0.03347025,0.00283723,0.98784698
0.99704479,0.01665008,0.09411079,0.99963975
0.99607359,0.04532091,0.01602677,0.99998343
0.97699128,0.00137132,0.03333885,0.99823808
0.98297718,0.03518523,0.02791548,0.98000073
0.99191071,0.06978605,0.0017679,0.99993345
0.97833676,0.05265199,0.00828646,0.99935599
0.99830837,0.08906922,0.01991285,0.99999172
9.84836993e-01,9.13051115e-02,3.56671476e-04,9.99758048e-01
9.43413096e-01,2.66439387e-05,4.92399661e-02,9.96231797e-01
0.96543664,0.00200667,0.00383954,0.99302475
9.74005051e-01,4.56830897e-05,7.24575528e-02,9.98928780e-01
0.99520322,0.08613998,0.00683951,0.99988405
0.97822184,0.02548699,0.01849838,0.99924889
0.94987389,0.00375857,0.02157228,0.99568141
9.52374949e-01,1.21537229e-04,4.92903522e-02,9.97498893e-01
0.96879578,0.00213655,0.00140298,0.9902835
0.94609818,0.0252851,0.00386896,0.99622794
9.00476647e-01,4.93446870e-06,7.97607869e-02,9.87598142e-01
9.77647523e-01,3.70332498e-02,5.28821451e-04,9.99394802e-01
9.44737018e-01,1.94061838e-02,3.89202661e-05,9.50695424e-01
0.98495934,0.05708006,0.03179139,0.96537724
0.94933222,0.00795758,0.00790446,0.9962888
9.40417430e-01,9.64288488e-04,1.63990883e-02,9.83707306e-01
9.83674985e-01,9.47196692e-02,8.10413962e-04,9.73492301e-01
9.07858864e-01,1.48920421e-02,1.58450111e-05,9.78068665e-01
0.92843657,0.01095105,0.05791427,0.99168474
9.15817318e-01,9.54037919e-02,5.73578476e-05,9.90782608e-01
0.91850814,0.00142278,0.01332797,0.99037598
0.98647006,0.05704749,0.01311676,0.9998114
0.9253297,0.00612193,0.00386802,0.9934944
0.96580958,0.01479645,0.0435353,0.99873673
9.61761108e-01,7.26787752e-05,5.78040486e-02,9.98421081e-01
0.97498499,0.02819103,0.01954102,0.95667344
0.99842794,0.01456286,0.07756101,0.90488897
9.21543577e-01,3.92673745e-05,4.97483336e-02,9.66296680e-01
0.96427408,0.06919592,0.00380384,0.99855018
0.994872,0.0387524,0.08646111,0.99996571
0.9983474,0.06571999,0.02605049,0.99999705
0.98872725,0.08447216,0.0232394,0.99982777
0.9738787,0.00884279,0.00626975,0.97458271
0.90683943,0.05586509,0.00446406,0.97139028
0.98592586,0.04326645,0.00129848,0.99979468
0.95565165,0.08991341,0.02899127,0.99696489
0.99770574,0.04698482,0.0561994,0.99999463
0.9958524,0.00171218,0.09022049,0.91272306
0.95353581,0.04429278,0.00400952,0.99756261
0.95631483,0.07091907,0.05118304,0.99216993
9.13560628e-01,7.74212836e-02,8.17393044e-04,9.85533165e-01
0.93350538,0.00466438,0.00302556,0.99258392
0.97564154,0.06558505,0.00296578,0.98746814
0.95024051,0.0593238,0.00599942,0.99725062
0.99634508,0.09343708,0.02106147,0.99997585
9.16588619e-01,4.74126951e-05,1.57391309e-02,9.91602297e-01
9.52885701e-01,6.37718821e-05,1.94819077e-02,9.96088807e-01
9.82818590e-01,3.37425149e-02,3.76997481e-04,9.99565205e-01
0.98265063,0.00363343,0.01585855,0.99865806
9.08573934e-01,1.00437571e-02,1.82753809e-04,9.89015454e-01
0.98944924,0.07083879,0.0051322,0.99973676
0.97147751,0.05322382,0.0150744,0.99437597
0.99573306,0.07148465,0.03335465,0.99078803
9.67785582e-01,8.52379623e-04,7.25806631e-02,9.58075097e-01
0.97179694,0.00107236,0.01255944,0.99912813
0.92173666,0.00225991,0.00267507,0.99168617
9.86616346e-01,8.04661203e-04,9.78698224e-02,9.99351561e-01
9.47042790e-01,1.81780654e-02,7.95040360e-04,9.10706905e-01
0.96163616,0.03690145,0.0119468,0.96366421
0.94757931,0.00770197,0.00106597,0.98729653
0.99583693,0.05580755,0.04888037,0.99998248
0.95047193,0.01271787,0.00144682,0.99480729
0.95025732,0.00364311,0.00870701,0.99723584
0.98078935,0.00574552,0.00904181,0.99604
9.73718398e-01,9.28330241e-02,5.02441931e-04,9.99302888e-01
0.98911476,0.00205268,0.03455448,0.99973271
9.62920032e-01,7.02665613e-04,5.19156414e-03,9.98419072e-01
0.99857035,0.0518665,0.06570438,0.9999979
0.91883306,0.01428293,0.00699207,0.9207589
0.97998512,0.00337716,0.0020971,0.99880584
9.33053047e-01,3.28253295e-04,3.24516538e-02,9.75862084e-01
0.97366978,0.01376072,0.01260499,0.99926825
0.97410212,0.00593436,0.00555363,0.99919661
0.98077931,0.01155735,0.00338499,0.99889107
9.40301831e-01,8.93238408e-02,1.44395068e-04,9.64429245e-01
0.99227983,0.02071972,0.00252073,0.9974117
0.92590311,0.0203204,0.07822615,0.9927491
0.97655878,0.01786772,0.08442705,0.99934232
9.21264610e-01,4.28118311e-04,6.84829996e-03,9.92666582e-01
9.87842941e-01,5.16300822e-02,7.67628700e-04,9.99819038e-01
9.37799786e-01,7.10598691e-04,2.76121800e-02,9.94330084e-01
0.99501172,0.04958662,0.00340987,0.9985098
9.85296261e-01,5.63135669e-04,7.63120204e-02,9.99690327e-01
9.57698532e-01,1.80589594e-02,6.92259453e-05,9.81823225e-01
9.48106450e-01,3.53003279e-04,3.50781414e-02,9.96834426e-01
9.79269876e-01,4.01642115e-02,2.72880712e-04,9.99400864e-01
9.63309374e-01,8.50515282e-02,1.63122037e-04,9.98549537e-01
0.98586942,0.00764638,0.03192318,0.98632144
9.55609031e-01,1.91382534e-02,9.22816995e-04,9.86682432e-01
0.98919475,0.05128485,0.00220489,0.99986893
9.30188495e-01,7.51406028e-03,6.91762544e-04,9.94382776e-01
9.38928560e-01,4.43240929e-02,2.61312279e-05,9.85800181e-01
0.95332521,0.00321443,0.02395721,0.99749971
0.9512388,0.02794,0.00149817,0.99726729
9.58460265e-01,1.28463469e-04,1.68731334e-02,9.68670883e-01
9.60149355e-01,2.45099071e-02,1.23656739e-04,9.97549581e-01
0.98043159,0.01980478,0.08833252,0.99959397
0.91737115,0.00173479,0.01054018,0.93259429
0.9711936,0.00304538,0.09213283,0.99908631
0.99211876,0.00456921,0.02035451,0.94789521
9.67990876e-01,3.22733794e-04,2.48094654e-02,9.98741050e-01
0.95136445,0.00172546,0.00335223,0.99731008
0.99055534,0.0087917,0.0727227,0.99973948
0.98448589,0.00509188,0.00385676,0.99939229
0.98395843,0.00413976,0.08441242,0.99973177
0.9316033,0.0451378,0.00634423,0.99461739
0.9946645,0.02021995,0.01582413,0.91516139
0.99828897,0.07095434,0.05076283,0.99989669
9.92092573e-01,8.69312856e-02,5.04296886e-04,9.99898830e-01
9.30960426e-01,1.32318318e-05,5.86451084e-02,9.90397372e-01
0.93724245,0.00226786,0.0022108,0.98965199
0.99677439,0.03474421,0.0529773,0.99319166
0.91122413,0.0041366,0.01866893,0.93864391
9.63365595e-01,9.76834536e-03,4.56272673e-04,9.98505956e-01
0.91689194,0.00214495,0.00222684,0.98830387
0.99038053,0.02238041,0.02980348,0.99990517
0.96657603,0.03565979,0.00651826,0.99743869
0.98688903,0.02271205,0.03438791,0.99969013
9.06489811e-01,1.47619504e-02,7.79863276e-04,9.88355843e-01
0.91817736,0.00252664,0.01428092,0.99202277
0.99770917,0.01765682,0.0248833,0.99995723
0.99754446,0.05337996,0.01014197,0.99994951
0.96402257,0.00746693,0.0047207,0.94477164
0.92363557,0.00232514,0.02684717,0.99302518
0.99263997,0.07085732,0.01615194,0.99039222
0.9618499,0.02125647,0.00575339,0.98689422
0.96428612,0.0917013,0.04890972,0.99862389
0.94435165,0.09990746,0.08280944,0.97131612
0.97811181,0.04251381,0.00451627,0.98277083
9.66174702e-01,2.32775558e-04,2.15858797e-02,9.98684875e-01
9.77935422e-01,9.87345406e-04,5.81395577e-02,9.99467738e-01
0.99742786,0.05197933,0.02016524,0.99979081
0.98216346,0.03318962,0.01588411,0.99584136
0.97302993,0.00107096,0.02094236,0.97819433
9.37160219e-01,1.11318986e-04,6.30608834e-02,9.90270484e-01
0.92665024,0.06233863,0.09901412,0.99356616
9.50847796e-01,1.83216837e-04,9.11390248e-02,9.96990560e-01
9.78431569e-01,1.74724423e-02,7.43911931e-04,9.99291829e-01
0.96747848,0.003578,0.09843942,0.99886924
9.29908696e-01,1.32795865e-05,5.65778155e-02,9.94046654e-01
0.96120952,0.08280799,0.00200287,0.99759168
0.97170736,0.00248358,0.06813365,0.99836524
9.48364608e-01,4.10748608e-02,9.53194446e-05,9.73861336e-01
0.99234251,0.02832754,0.03178517,0.99992254
0.97099239,0.00179549,0.02742819,0.99871454
9.73024733e-01,6.54545482e-04,7.15703196e-02,9.99220146e-01
0.98724959,0.04515284,0.00213782,0.99786378
0.98536756,0.03922609,0.06484885,0.99919565
0.94203744,0.00259833,0.00108035,0.92961515
0.97041881,0.04281389,0.00249868,0.99907095
0.91636668,0.02229757,0.02347162,0.97378911
0.93771769,0.00232036,0.04787317,0.99358579
0.96660626,0.00310315,0.02655124,0.97757686
9.40713795e-01,2.41159267e-03,8.02939536e-04,9.94878366e-01
0.98384481,0.06368118,0.00104335,0.99941851
0.96802686,0.00283929,0.00325064,0.99889703
0.97571604,0.01013852,0.02091807,0.99839014
0.99288855,0.0191492,0.00570001,0.99992794
0.926122,0.00466196,0.06020067,0.99364279
9.80069874e-01,7.12109238e-02,5.85698904e-04,9.99481422e-01
0.96315222,0.01146779,0.0182209,0.99016454
0.96601707,0.00539002,0.02031219,0.99865947
0.91776391,0.05357263,0.02548047,0.99197578
0.98258385,0.01014221,0.0783448,0.98335784
0.9364513,0.00829412,0.05533352,0.99538384
0.98464578,0.00712225,0.02356423,0.99962208
9.58379746e-01,7.29395260e-05,1.66822185e-02,9.97983882e-01
9.73167649e-01,3.58000188e-04,4.99572513e-02,9.30799679e-01
0.91285078,0.02045541,0.00149704,0.99085253
0.98342083,0.00925268,0.00243908,0.99968688
0.99174905,0.03901579,0.04396839,0.99971823
0.98759881,0.07972186,0.00211514,0.99983993
0.98029712,0.09549744,0.01226546,0.99629459
0.97347206,0.03020211,0.00196186,0.99916582
9.50131947e-01,3.11396314e-04,1.06931777e-02,9.96477654e-01
0.98587633,0.00253133,0.04374409,0.90088254
9.65470465e-01,2.20534664e-02,2.04969617e-04,9.98533600e-01
9.88543464e-01,2.27982911e-02,7.80218692e-04,9.97769098e-01
9.28550244e-01,3.07191141e-02,4.64108759e-05,9.90977756e-01
9.71832483e-01,1.11899808e-04,3.31047781e-02,9.97448438e-01
0.95142314,0.07880967,0.06402859,0.98432556
0.935693,0.06638481,0.00525643,0.97613112
9.61111955e-01,5.41091722e-02,5.81803746e-05,9.98088629e-01
0.9606339,0.01755174,0.00378085,0.99829713
0.99512191,0.02773113,0.01544747,0.99997187
9.04075600e-01,2.11661890e-05,3.18242393e-02,9.80495031e-01
0.98744834,0.03887621,0.03117956,0.97881279
0.91379467,0.034351,0.09142903,0.96900054
0.98116953,0.02609264,0.00641839,0.99955563
0.92267596,0.04768612,0.00608295,0.98892241
0.972659,0.01190557,0.05807645,0.99918784
9.71832441e-01,1.32282133e-04,6.83099741e-02,9.85662688e-01
9.11052976e-01,4.64042184e-04,2.97477915e-03,9.86805741e-01
9.38061708e-01,4.50450170e-02,5.55656054e-05,9.93834505e-01
9.15120338e-01,4.02665879e-03,2.66062754e-04,9.91459133e-01
0.99323826,0.00542411,0.01256635,0.99994041
0.98980889,0.01708455,0.00768925,0.99986349
0.96332797,0.01654918,0.03738146,0.99853295
0.98364954,0.00590295,0.00130028,0.97750801
0.99443455,0.07650195,0.03250971,0.99969256
0.99103136,0.0222862,0.00425304,0.99988977
9.36712072e-01,8.48401273e-04,5.28082660e-03,9.87921535e-01
0.95871365,0.03681086,0.00687291,0.99259648
0.97318942,0.00287582,0.05538015,0.99867703
9.42432198e-01,1.73075856e-02,6.82461379e-04,9.93631503e-01
0.96354258,0.07316754,0.05855175,0.99856319
0.94024014,0.00374963,0.01851271,0.99584242
0.94274634,0.04440867,0.00762152,0.9907698
9.18920356e-01,4.50551268e-06,6.78860847e-02,9.57794688e-01
9.31196548e-01,8.96161320e-04,6.83151003e-03,9.92909646e-01
0.96751002,0.00112931,0.04868831,0.99733871
0.99432665,0.02775189,0.02040164,0.99992639
0.97022046,0.00561256,0.00294311,0.99905806
0.96212152,0.0482973,0.05248548,0.97466007
9.62418717e-01,1.20437363e-02,4.87176348e-04,9.98475575e-01
0.91959264,0.0053001,0.01027778,0.99121015
0.99794378,0.03753791,0.02453068,0.98725129
0.90132186,0.00345191,0.06371185,0.98448171
0.93045607,0.00351872,0.02519368,0.99295516
0.99023317,0.01114445,0.09254797,0.99963448
9.56911007e-01,1.29684102e-04,3.36783557e-02,9.95821377e-01
9.06500508e-01,2.04668046e-02,1.81046232e-04,9.88679528e-01
0.99348024,0.02941989,0.01783618,0.99645511
0.91806613,0.0973564,0.02979093,0.99188876
9.07368582e-01,2.71440810e-03,7.31836856e-04,9.89679016e-01
9.32932847e-01,1.67250011e-04,9.81013914e-02,9.91609223e-01
0.99720008,0.01641072,0.09447349,0.99999211
0.98195383,0.00373638,0.07164547,0.99752702
9.47980881e-01,3.11353353e-04,7.78595229e-02,9.73963715e-01
9.12370313e-01,9.98715919e-02,3.81134551e-05,9.55415178e-01
0.99018547,0.03757986,0.019277,0.99984206
9.75766166e-01,4.60582635e-02,3.89435294e-04,9.40843283e-01
9.68795343e-01,3.72794929e-04,8.60266301e-02,9.98379034e-01
0.92238512,0.02677873,0.01371648,0.98615621
9.61659289e-01,4.05043982e-02,2.37805525e-04,9.61606821e-01
0.98295286,0.00527468,0.00893703,0.91637544
0.95974109,0.02037668,0.03431688,0.99818928
0.96757353,0.01287159,0.03126745,0.99769009
0.97172018,0.06305745,0.0967366,0.99841999
9.38770130e-01,2.39507077e-03,4.98779656e-04,9.95415440e-01
0.92937771,0.00215773,0.02002607,0.97568782
9.42044642e-01,9.53934802e-02,1.40605361e-04,9.96131829e-01
0.9880163,0.06675942,0.02060576,0.99983566
0.90691122,0.07475278,0.00417424,0.91746519
0.98943814,0.00192909,0.09310855,0.99801702
0.99610529,0.0408089,0.03697563,0.99998471
0.90740771,0.00118292,0.02934474,0.98831835
0.91145905,0.01745528,0.0478259,0.98966144
0.98798861,0.04893899,0.06592475,0.99983462
0.95628298,0.06634755,0.03182634,0.97605671
9.21234239e-01,2.16012238e-02,1.89584261e-04,9.92474780e-01
9.69015721e-01,9.22346495e-05,8.51704408e-02,9.86049028e-01
9.88991272e-01,8.21847779e-04,3.70468630e-02,9.99451201e-01
0.95623092,0.02477027,0.01592957,0.99456336
0.97636974,0.01058778,0.01600378,0.99932896
9.48748453e-01,2.05830644e-02,7.52235382e-04,9.97085375e-01
9.60784038e-01,5.45381069e-02,1.09131150e-04,9.20752374e-01
0.99146839,0.01090889,0.09743933,0.99991397
9.44059604e-01,3.03865584e-02,3.91992331e-04,9.96465284e-01
0.95960266,0.0067744,0.01443301,0.91786145
0.92672253,0.00403529,0.09838888,0.99118347
0.99658912,0.0229173,0.07985923,0.99998822
9.12456350e-01,2.65461761e-04,1.12592677e-02,9.90865146e-01
9.08508188e-01,1.57384770e-04,7.19004060e-03,9.89871404e-01
9.24196009e-01,6.85129457e-02,7.25841236e-04,9.88951108e-01
0.99500797,0.01662169,0.03561616,0.99954131
0.9286313,0.07522681,0.01651167,0.99399419
0.99481515,0.08637204,0.01315853,0.9999721
9.41202161e-01,1.17715786e-02,4.01891616e-04,9.75332343e-01
0.94093433,0.04682661,0.04937213,0.99606967
0.93321666,0.03007264,0.00323968,0.9940166
0.97957479,0.01710148,0.00625486,0.99880751
0.93085031,0.0908211,0.00979942,0.99366439
9.37433351e-01,9.18827598e-05,1.28983058e-02,9.94624258e-01
0.98252807,0.05069334,0.02590819,0.9996304
0.95993865,0.01048368,0.05301707,0.98132009
0.98637643,0.01355612,0.071155,0.99959178
9.53730334e-01,3.68223395e-02,1.06066822e-04,9.97126870e-01
9.65162982e-01,9.08161788e-04,4.39970353e-03,9.95440380e-01
0.98696751,0.05345335,0.04298515,0.99884181
0.90542761,0.00322112,0.00409895,0.98568214
9.25184847e-01,2.53740444e-02,6.79079043e-04,9.80349096e-01
0.9823705,0.00599912,0.05614502,0.97850087
9.38956583e-01,7.99783223e-02,1.38769076e-04,9.95480202e-01
0.98219941,0.0043413,0.04720592,0.99967129
0.95566869,0.001249,0.00492381,0.9977436
0.94516507,0.00112449,0.00186615,0.99650997
0.99790622,0.0348619,0.04236581,0.9999956
9.86821090e-01,7.72781595e-02,4.52119816e-04,9.99793216e-01
0.99311632,0.00188183,0.07095343,0.9998303
0.99226702,0.01174685,0.0199014,0.99993925
0.90404504,0.03225012,0.00108815,0.98884033
9.84139346e-01,3.36519034e-02,7.46568778e-04,9.96924253e-01
0.93794374,0.00333997,0.02079289,0.99496427
0.95428976,0.02061586,0.02580231,0.99770269
0.99606962,0.0884569,0.00704448,0.9999844
0.99441882,0.0607251,0.04086826,0.99994776
0.93891522,0.01812033,0.00521241,0.99305244
0.99561955,0.08159297,0.02037488,0.99974976
0.97587813,0.036004,0.02233562,0.99934315
0.99196292,0.00247158,0.0221319,0.9999255
0.9468916,0.00293285,0.00172979,0.99499364
0.99704517,0.01020986,0.08303676,0.99999121
0.9945301,0.00854664,0.03189241,0.99724515
0.99406934,0.02351999,0.01086822,0.99541275
0.95792715,0.00107928,0.0033851,0.98806554
0.97484399,0.0257834,0.00573831,0.99923635
0.97012238,0.01566531,0.06179887,0.99073943
9.88686175e-01,3.87709884e-04,6.08326690e-02,9.93585488e-01
9.84402574e-01,9.67309024e-02,4.60933810e-04,9.99740695e-01
0.99806842,0.04162151,0.06718016,0.99999531
9.25680195e-01,7.97255702e-05,6.38408989e-02,9.93456883e-01
0.94639879,0.02598541,0.03999927,0.98911148
0.99078889,0.00180091,0.06301846,0.99990998
0.97939192,0.00571321,0.08546091,0.99955467
9.81043089e-01,8.63927751e-02,8.52320962e-05,9.91979972e-01
0.91659541,0.00370138,0.00453982,0.97181987
0.9847129,0.03384707,0.00592696,0.99196905
0.95408656,0.00816831,0.00129728,0.99589032
0.97146115,0.06517095,0.00137245,0.95597618
0.97164559,0.06313218,0.08828877,0.99794161
0.9943962,0.03535636,0.07873546,0.98605339
0.97824572,0.05069928,0.01251354,0.9951867
0.9931589,0.00545806,0.01339862,0.999947
9.06290934e-01,2.69071207e-03,8.47225295e-05,9.88959104e-01
9.68758694e-01,3.69664380e-02,4.50027218e-04,9.84294300e-01
0.98371915,0.02074074,0.01487539,0.99969442
0.98217053,0.02764895,0.03469573,0.99909676
0.9633283,0.00256887,0.05184965,0.98359516
0.92761808,0.00208834,0.0456741,0.96895141
9.38731186e-01,1.40803571e-02,5.87765362e-04,9.94874904e-01
0.97629353,0.0016784,0.01011364,0.99935601
9.47222648e-01,8.31244259e-05,9.39589910e-02,9.88575050e-01
0.96848623,0.05752608,0.01195428,0.99885006
0.99789097,0.07196694,0.01794946,0.99998187
9.81281957e-01,2.92835067e-02,2.76552497e-04,9.93859404e-01
9.37819419e-01,3.91998527e-04,2.20821953e-03,9.59789750e-01
9.69588263e-01,7.20716025e-03,5.00630923e-04,9.96825884e-01
0.95983735,0.00388961,0.00321019,0.99824807
0.95641934,0.00253864,0.09933399,0.99792794
0.98822192,0.03245749,0.00141075,0.95728029
9.17769355e-01,1.93057114e-03,3.35909534e-04,9.42832129e-01
0.91934855,0.00727482,0.03587692,0.98948137
0.94588282,0.00334762,0.06819905,0.99581633
0.98746561,0.09593345,0.00119716,0.99981337
0.96788627,0.00495146,0.03962839,0.97897624
9.05067620e-01,2.07638452e-04,1.35862761e-03,9.88401843e-01
9.40516970e-01,7.23531033e-04,7.98479676e-02,9.95987113e-01
9.79042066e-01,1.94154792e-02,8.74277363e-04,9.99474750e-01
0.98743567,0.00225729,0.02483954,0.99410283
0.99295198,0.05273112,0.02674467,0.99991089
9.25036673e-01,4.66599631e-02,1.60809968e-05,9.86228453e-01
0.90144483,0.00678733,0.00166102,0.9638181
0.99467627,0.0080574,0.06954588,0.99997085
9.19523693e-01,5.11145745e-02,2.74334760e-05,9.21759882e-01
0.91396943,0.00335745,0.02064461,0.98916976
0.95928842,0.02552735,0.0188873,0.99472224
9.70012724e-01,9.04992491e-02,1.49784559e-04,9.98981470e-01
0.98235331,0.01716394,0.02034541,0.99218877
0.95426495,0.00847511,0.04338656,0.96795455
0.93718747,0.00233174,0.01621903,0.99548559
0.99690911,0.05478214,0.01804747,0.9999898
0.93972564,0.05895479,0.00289261,0.99125004
0.95994901,0.01348177,0.01585314,0.99768531
0.96986403,0.00824624,0.00470939,0.99408639
9.46150048e-01,4.03178126e-05,2.58385187e-02,9.96691748e-01
0.91595044,0.04233124,0.02201339,0.99155486
9.21123485e-01,1.48120154e-02,8.84664497e-04,9.92520314e-01
9.93294899e-01,8.21887774e-04,7.85580605e-02,9.99948583e-01
0.99135586,0.05054679,0.00216575,0.99992348
0.94576588,0.01742069,0.00720516,0.95004946
0.98689175,0.02426392,0.07639826,0.99765077
0.95189069,0.05775466,0.00744017,0.97500015
0.92839069,0.03601778,0.00179659,0.99407693
9.61805042e-01,7.54188694e-02,4.08197432e-04,9.97779322e-01
9.61173148e-01,3.17393581e-02,4.22694977e-04,9.07870585e-01
0.99738853,0.08751382,0.02914856,0.99995836
0.95017262,0.02682784,0.02883137,0.99725739
0.90025831,0.00496138,0.01242007,0.9079073
9.00567479e-01,5.46904403e-03,3.10407528e-04,9.87866935e-01
9.74151700e-01,4.39478517e-04,1.61311746e-02,9.99253346e-01
9.40514641e-01,8.86962448e-03,3.18459146e-04,9.94475362e-01
9.30758689e-01,4.91890700e-02,5.19889776e-05,9.93613661e-01
9.32269689e-01,1.61310965e-02,3.28050848e-04,9.94578067e-01
0.99627705,0.07380206,0.01824316,0.99998436
0.9786515,0.00388157,0.01777745,0.99941253
9.29626832e-01,2.60249957e-04,1.97648434e-02,9.94301094e-01
0.99555335,0.04516932,0.00983961,0.99997995
9.43874092e-01,8.49784546e-03,9.79332860e-04,9.95823171e-01
0.99649462,0.01166354,0.02606931,0.96376821
0.9801783,0.04406293,0.03229227,0.99959108
0.97750803,0.03267027,0.00181424,0.99755534
0.9620843,0.07056211,0.02892014,0.99735774
9.30260161e-01,1.03441426e-04,2.01545668e-02,9.73062851e-01
0.950562,0.00364957,0.00251162,0.9924682
9.73811085e-01,3.12983994e-02,9.02706972e-04,9.99170379e-01
0.99182871,0.06759173,0.0365531,0.99991608
0.92506716,0.08044179,0.01243025,0.99304127
0.99666071,0.01742201,0.03828189,0.99578099
0.9813577,0.04767918,0.0691429,0.99777785
9.33690579e-01,4.56174681e-04,1.92942888e-03,9.62660645e-01
9.70252620e-01,8.12204128e-05,9.82500821e-02,9.88879171e-01
0.99819632,0.04889993,0.01337703,0.96091175
0.97370686,0.02351916,0.00302167,0.99804626
9.63527977e-01,5.63364192e-04,2.49142197e-02,9.97808821e-01
0.94288103,0.02373198,0.03459436,0.99626334
9.44912796e-01,3.32614197e-04,7.44626193e-02,9.96426877e-01
0.98933285,0.01413614,0.05202504,0.99967034
0.99754528,0.07702973,0.00478586,0.98410318
0.99353718,0.06245382,0.00390079,0.99995355
0.98967103,0.09022561,0.00520093,0.96828253
0.99603245,0.09958802,0.0043776,0.9440669
9.15861142e-01,1.34498867e-04,1.37083895e-02,9.77579990e-01
0.95967089,0.00463746,0.01854532,0.9872439
0.91063934,0.09803663,0.00702212,0.99033548
0.9754993,0.06877459,0.01130928,0.99751405
0.98036707,0.03739472,0.01102279,0.93196001
0.96742782,0.03002954,0.00646076,0.99886099
0.99053372,0.00905034,0.00546874,0.99089347
0.97743116,0.00248549,0.0215657,0.99946405
9.57265843e-01,6.02059645e-04,6.78291616e-02,9.92408163e-01
0.98770637,0.00539223,0.00628622,0.99984508
0.97838293,0.02652138,0.02305812,0.99755944
0.98722426,0.06387208,0.01425273,0.99942188
0.94183484,0.00978719,0.02986089,0.99537962
0.98824673,0.05882435,0.00877629,0.99985856
0.98264544,0.00448456,0.04422771,0.98585125
9.16391622e-01,1.56105897e-04,7.22672948e-02,9.90266646e-01
0.97429009,0.00111028,0.00486369,0.99921136
0.97883468,0.00910676,0.00401239,0.98348882
9.62987361e-01,2.52966796e-02,1.62092416e-04,9.75329840e-01
0.97868482,0.00213353,0.00535325,0.99857724
9.74163594e-01,6.86926465e-02,2.35377050e-04,9.98750164e-01
0.97619669,0.00696011,0.02349233,0.95091828
9.80981847e-01,8.48688726e-02,8.46753543e-04,9.97653222e-01
9.85070606e-01,4.87885968e-02,3.28103368e-04,9.65287245e-01
9.21684306e-01,6.04117432e-05,3.47891147e-02,9.90052745e-01
9.41920931e-01,2.58652804e-04,5.20336647e-02,9.95688245e-01
0.97039154,0.03149691,0.00808213,0.99896226
9.26256972e-01,1.96737918e-04,5.27072957e-02,9.78000436e-01
9.50322167e-01,9.42140433e-04,9.01598566e-03,9.97273968e-01
0.96824955,0.02562132,0.03769907,0.99899678
9.62177971e-01,6.79487136e-02,3.31755418e-04,9.02303150e-01
0.90533357,0.00291531,0.04783425,0.93488748
0.94654576,0.07485787,0.0038186,0.99596499
0.95898223,0.03567097,0.0076023,0.97908437
0.99355997,0.01170448,0.03434114,0.99934474
9.56791712e-01,3.91594323e-02,8.53689919e-04,9.61592164e-01
0.98418285,0.03292355,0.03192761,0.99974152
0.96273926,0.01130276,0.07464268,0.98994292
9.58684047e-01,1.22302463e-04,3.24705614e-02,9.85784750e-01
0.97418956,0.0023131,0.04928409,0.99922829
0.98675093,0.03023056,0.06990968,0.95065503
0.96711026,0.00486327,0.04405488,0.99829794
0.95494592,0.05882539,0.0177274,0.99777921
9.90265640e-01,9.98818838e-02,4.00212499e-04,9.99812055e-01
0.91192211,0.01572078,0.00293643,0.99071984
0.98381176,0.00105154,0.01280571,0.9995025
9.42945123e-01,3.76662014e-04,3.97222319e-02,9.76836990e-01
9.43251781e-01,1.02196907e-02,2.77648333e-04,9.95339068e-01
0.90207453,0.00351444,0.01464726,0.97122175
9.13357910e-01,1.36472732e-04,9.98094390e-02,9.87013524e-01
9.04950353e-01,4.01712223e-02,4.98927656e-04,9.82772745e-01
0.9976117,0.04100496,0.07405507,0.99953486
0.96315865,0.01705418,0.01742404,0.99852609
0.97426775,0.01189322,0.00635689,0.99928759
0.95656511,0.00383121,0.00125244,0.90253891
0.92799648,0.02242809,0.03723995,0.99395795
9.80932734e-01,4.56619604e-04,2.07712308e-02,9.97846862e-01
0.97179031,0.01005748,0.01608078,0.99913285
9.75074593e-01,1.99276126e-02,3.90780680e-04,9.98249632e-01
0.99101864,0.09744861,0.02844795,0.99991535
0.93426712,0.00385394,0.00164897,0.99495703
0.9733652,0.03250194,0.00123575,0.99921318
0.93735878,0.01049171,0.01030481,0.99533464
0.99395973,0.03195234,0.00191617,0.99992624
0.92374843,0.00726002,0.00230037,0.98907218
0.93462942,0.01221598,0.03696431,0.99496577
0.95847232,0.00202883,0.09881761,0.99812528
9.26865251e-01,3.39494647e-02,2.57335888e-05,9.18276634e-01
9.57069446e-01,2.65615197e-04,4.02869031e-02,9.82444936e-01
9.41113548e-01,2.32196857e-02,5.10115039e-05,9.94491210e-01
0.97638451,0.00222187,0.05656997,0.99847544
9.21019924e-01,5.12266247e-02,8.76525216e-05,9.91396035e-01
0.90659066,0.03854195,0.00798173,0.98921468
0.99382446,0.04484112,0.02302721,0.9667022
0.94191325,0.01110425,0.00788197,0.99465266
0.98132654,0.04345142,0.04531032,0.99916789
0.99580609,0.0018433,0.07894467,0.999833
0.97400858,0.04919728,0.01555438,0.99923283
9.44392142e-01,7.70979274e-03,8.00526590e-04,9.62120965e-01
0.96423889,0.09950618,0.00350041,0.9873466
9.31161772e-01,2.67810315e-03,9.14697548e-04,9.94528017e-01
0.9898449,0.03229664,0.00403703,0.99979795
0.9942925,0.01596803,0.02690463,0.99719171
0.99013234,0.00744344,0.08351545,0.99970786
0.99505183,0.06514047,0.06450621,0.99997541
9.31791907e-01,3.65991002e-04,5.30024720e-03,9.94198632e-01
0.98393112,0.0927691,0.0250861,0.99972157
0.95871961,0.04585593,0.01971232,0.99500902
0.98861428,0.01693444,0.04934332,0.99984046
0.9957357,0.09187978,0.06138478,0.99989171
9.50682860e-01,2.69648869e-02,5.81865951e-04,9.97328782e-01
9.64709092e-01,3.38930804e-05,5.72785005e-02,9.98204718e-01
0.98034728,0.00812885,0.00329899,0.99958351
0.97443433,0.00807146,0.01287416,0.99881377
0.98713178,0.03022992,0.03848931,0.99982101
0.97241117,0.05534525,0.00115421,0.99878239
9.01451694e-01,2.95742141e-02,2.04298767e-04,9.87276443e-01
0.98166774,0.0043885,0.00186099,0.99753091
0.99103317,0.0017798,0.06399833,0.99819428
9.17099929e-01,1.26926614e-02,9.99136737e-05,9.82408925e-01
0.95585592,0.0046879,0.08400744,0.98516003
0.99453546,0.08225943,0.01051772,0.99996762
0.96354402,0.010384,0.07650711,0.99787575
0.95503499,0.02873174,0.09948279,0.99634825
0.97174252,0.0049742,0.0188034,0.99897659
9.55378332e-01,1.07716833e-04,4.21547592e-02,9.97597509e-01
0.99273055,0.00976052,0.06980054,0.99994461
0.93668246,0.03018705,0.0040777,0.99317045
9.09365145e-01,3.48652615e-05,2.50209932e-02,9.71866921e-01
0.94865513,0.00216257,0.00130169,0.99649436
0.90820617,0.01604072,0.01348142,0.98933466
9.24117105e-01,8.85047360e-04,4.59260794e-03,9.93398862e-01
0.98746952,0.01281513,0.00353368,0.98214136
0.98672359,0.00525609,0.02828928,0.99832467
0.99440184,0.01265846,0.00894793,0.99993043
9.26936687e-01,2.41790300e-04,7.84845550e-02,9.93824903e-01
0.99872814,0.04152972,0.09707906,0.91787091
9.66803466e-01,2.87129069e-04,5.75906242e-02,9.98642622e-01
0.98701425,0.07031997,0.01445469,0.94854503
0.99879134,0.09936298,0.02215493,0.99999853
0.93058881,0.00488537,0.00999187,0.99429063
0.98745197,0.0218135,0.00136262,0.99983356
0.91607846,0.01846998,0.03484635,0.99167042
0.95857211,0.00467512,0.01571155,0.99808005
0.96735559,0.00293204,0.08343314,0.99869276
0.93132733,0.08451733,0.00618499,0.94504468
9.17030787e-01,4.54737293e-03,8.88563726e-04,9.91041553e-01
0.98476885,0.00793669,0.01689102,0.99963778
9.60531300e-01,4.23660248e-04,9.28636684e-02,9.97757515e-01
0.98685247,0.00409211,0.0987321,0.99968821
9.33318761e-01,1.12008009e-04,4.34314746e-02,9.94920066e-01
0.98433288,0.03505408,0.00173876,0.99974495
9.19464822e-01,7.28478757e-02,2.85236675e-04,9.92360317e-01
0.97326871,0.01839953,0.05509105,0.99572727
9.53523415e-01,4.77283041e-04,5.85176161e-03,9.97625269e-01
0.93612413,0.00450538,0.00360696,0.99526168
0.9241405,0.00285969,0.05565669,0.99315348
0.94905121,0.01347431,0.0045515,0.99629689
0.98594759,0.04988842,0.01032584,0.98966253
9.81488447e-01,7.19631250e-04,6.59386692e-02,9.99618307e-01
0.97336029,0.00143401,0.01163203,0.9242649
9.10598586e-01,3.30954962e-02,2.62093693e-05,9.87677333e-01
9.60066281e-01,7.10446398e-04,3.55337928e-03,9.95964928e-01
0.93533687,0.00764858,0.01558486,0.99148252
9.08185391e-01,3.63940012e-04,6.18722386e-02,9.89072389e-01
9.28600204e-01,8.47041394e-06,6.77087781e-02,9.87426016e-01
0.96483857,0.07035744,0.00215585,0.99378459
0.98584549,0.01786556,0.00539011,0.99979182
0.97959219,0.002838,0.02553996,0.99666434
9.43089456e-01,3.40682537e-02,5.47803015e-04,9.75889383e-01
0.95941471,0.04412493,0.06577445,0.99820083
9.78717445e-01,1.22486793e-02,8.67717878e-04,9.75848047e-01
9.70969443e-01,4.25094369e-02,5.01291727e-04,9.42553521e-01
0.97274001,0.01932307,0.01926104,0.99891164
0.99144657,0.0263567,0.00504885,0.96667185
0.98905571,0.02702636,0.00119037,0.99969045
0.96654338,0.0009951,0.05495097,0.98898875
9.41607673e-01,2.37668536e-02,6.73162942e-04,9.95525259e-01
0.90457405,0.03626738,0.09395334,0.98845023
0.97838767,0.01929591,0.00241816,0.99950435
9.41991760e-01,1.44102122e-04,3.63031563e-02,9.96222133e-01
0.99849877,0.0202902,0.0606962,0.99998963
9.57790442e-01,4.61964721e-02,5.79344050e-05,9.47695515e-01
0.99788568,0.02171343,0.09804805,0.95223821
0.97826018,0.03556004,0.00329431,0.9994872
9.78438856e-01,2.57448685e-02,2.23476067e-04,9.99508824e-01
0.99460704,0.05272056,0.00985226,0.99842608
0.97182508,0.00201092,0.04088569,0.99523107
9.75910599e-01,1.42629375e-04,7.08936848e-02,9.99386420e-01
0.92366832,0.01080445,0.00357367,0.98308364
9.32514690e-01,6.18236812e-04,3.84506830e-02,9.88278239e-01
0.99218132,0.01608328,0.00403976,0.99993763
0.9965112,0.08020821,0.00679497,0.99880815
0.98907986,0.0292221,0.02907365,0.99984383
0.91773646,0.079797,0.02232742,0.99182012
9.08032983e-01,3.81784063e-03,4.17939790e-04,9.56918360e-01
0.95204325,0.00310058,0.01255293,0.98714634
0.97970549,0.0698169,0.08626319,0.99952125
0.97210291,0.00560432,0.01483102,0.93500363
9.75938665e-01,1.10704554e-02,8.26923825e-04,9.99378947e-01
0.99576659,0.07758659,0.01912273,0.99998003
0.99208189,0.02102836,0.0316225,0.99949289
9.71583610e-01,6.41830205e-02,1.85622568e-04,9.96964095e-01
0.96051281,0.06077884,0.0210581,0.90776002
0.90204048,0.0035508,0.00604729,0.98427377
0.99705472,0.07811056,0.00532242,0.99997193
9.51487910e-01,9.61874612e-04,9.04543452e-02,9.95042502e-01
0.9213311,0.00904457,0.01314478,0.9926493
0.9052856,0.00114087,0.01416886,0.98120225
0.97188716,0.02470164,0.00511707,0.98695215
9.35200429e-01,1.62184527e-04,9.76450077e-02,9.95168623e-01
9.54559863e-01,5.02550783e-02,1.16705870e-04,9.45692834e-01
0.99657225,0.01391918,0.0289805,0.99998794
0.99681811,0.01590961,0.03274805,0.99998981
0.99622895,0.01470113,0.06805173,0.99791702
0.99646814,0.07479025,0.00932145,0.99984936
9.08335868e-01,3.21061119e-04,8.11042790e-03,9.89616489e-01
0.9646503,0.0132258,0.00356821,0.99865575
9.35250006e-01,1.28887240e-02,9.19576519e-04,9.93540468e-01
0.90359853,0.00222586,0.0125283,0.98838346
0.99078082,0.01063086,0.01591557,0.98537753
9.07447076e-01,1.99615945e-03,4.04316414e-04,9.75764888e-01
9.11507082e-01,7.73946487e-05,4.77366435e-02,9.87037643e-01
9.60006502e-01,6.93426674e-05,2.96761432e-02,9.95608728e-01
0.97844303,0.00542552,0.04500835,0.94850029
0.97832742,0.00475901,0.00440463,0.99949894
9.69735301e-01,8.07015800e-04,4.11464161e-02,9.98048944e-01
0.99203497,0.09993699,0.02204863,0.99991525
0.958308,0.0993174,0.05404131,0.97195312
9.24087501e-01,2.77416986e-04,8.95598087e-02,9.91813240e-01
0.98952053,0.02166076,0.09551718,0.99988743
9.37463795e-01,8.30378959e-04,8.08172408e-02,9.93970673e-01
9.71616803e-01,2.42324102e-02,2.82524445e-04,9.99138600e-01
9.55962534e-01,1.98337806e-04,2.70337990e-02,9.97869308e-01
0.96286668,0.01752054,0.00820198,0.99851405
0.9370707,0.06809475,0.01102113,0.9571169
0.99773761,0.09645622,0.03400264,0.99981554
0.99063033,0.00947508,0.00545529,0.99990235
0.97437151,0.01112107,0.04039043,0.9987194
9.54415991e-01,4.06265205e-05,9.30214470e-02,9.97633247e-01
0.98924864,0.01542059,0.00915742,0.99982465
0.98819656,0.00174991,0.01390104,0.99985737
0.97659236,0.02009502,0.01775593,0.99941799
9.64399318e-01,8.00172496e-04,2.77400106e-02,9.89848009e-01
0.98936764,0.01385476,0.00753311,0.99911843
0.9436227,0.0089533,0.00168134,0.93194282
9.20396444e-01,7.22180471e-03,3.00005045e-04,9.84549886e-01
9.12926310e-01,3.06864325e-02,3.11064130e-05,9.84483907e-01
0.99324737,0.0698222,0.01572736,0.99995377
0.99000109,0.09421796,0.05553366,0.99989799
0.97165247,0.00117804,0.01082147,0.99801599
9.85174546e-01,7.94303724e-02,5.87841306e-04,9.98385565e-01
0.90697089,0.03273212,0.00262785,0.9885462
9.21976369e-01,1.92177179e-03,5.21562176e-04,9.01101461e-01
9.39390553e-01,9.35112230e-03,2.10808088e-04,9.35102984e-01
9.36689806e-01,2.49456855e-02,5.51149045e-05,9.50351343e-01
0.96860079,0.0549766,0.00499709,0.99888865
0.91310373,0.03282082,0.05772517,0.99062446
9.67756763e-01,4.00753109e-04,4.52432930e-02,9.98890908e-01
0.94624207,0.00157195,0.05779335,0.99563052
9.68885068e-01,7.99909155e-04,4.75546980e-02,9.89006590e-01
0.99868609,0.09339694,0.04611041,0.99999817
0.92936564,0.01474872,0.00806723,0.96780094
0.91673014,0.03327183,0.05321104,0.98612119
0.9764228,0.00340168,0.00118413,0.99940901
0.99670777,0.03483263,0.03287224,0.99997723
0.98976373,0.00426535,0.0869256,0.99927661
0.99302943,0.00278447,0.03471206,0.99393479
0.92070336,0.04448907,0.01732295,0.9915694
0.97616554,0.01678731,0.02195389,0.99930325
0.99785713,0.08128842,0.01470803,0.95733366
9.18718637e-01,5.20068987e-04,7.93261497e-02,9.58025801e-01
0.9090778,0.00239691,0.08972615,0.98963847
9.80441055e-01,4.01957424e-02,5.12702220e-04,9.96507228e-01
9.84164382e-01,8.96920888e-04,8.05027595e-02,9.99360615e-01
0.92926075,0.00312997,0.02282765,0.99206703
0.97041251,0.05347095,0.00883859,0.99550561
9.69442701e-01,2.70192615e-02,9.88240590e-04,9.98983924e-01
0.95563824,0.02121074,0.05083621,0.99704477
0.99865267,0.08564613,0.05041529,0.99567633
0.96747883,0.06915153,0.04722993,0.99883183
0.96008026,0.02486037,0.03110495,0.99758842
0.92950567,0.00683342,0.03915896,0.99382567
0.94426045,0.00228717,0.06908799,0.99256222
9.82227307e-01,2.97354785e-02,4.15466555e-04,9.99459802e-01
0.97284045,0.01755527,0.00164182,0.9991675
0.99200219,0.01517261,0.00630193,0.9997121
0.99638852,0.05041273,0.05347459,0.99282961
9.76264616e-01,7.93144858e-04,2.53646040e-02,9.97588003e-01
0.93616341,0.01603339,0.03129623,0.9921945
0.96573438,0.01473852,0.02512693,0.99775176
9.87067258e-01,3.24828709e-04,9.69410627e-02,9.99736408e-01
9.87017697e-01,6.50022049e-04,7.59605180e-02,9.99687623e-01
9.73311583e-01,1.30730947e-04,6.46272801e-02,9.98923378e-01
0.92239936,0.04358373,0.00594573,0.98949042
9.10007189e-01,2.36618088e-05,6.65286302e-02,9.85537427e-01
0.93665814,0.00465167,0.01429455,0.99544631
0.94681557,0.00925479,0.01432144,0.99684919
9.29925833e-01,9.64246957e-02,7.79828576e-04,9.94171852e-01
0.92598767,0.00533851,0.01307829,0.98672246
9.38820742e-01,4.29486064e-05,4.10518584e-02,9.95759223e-01
9.02975901e-01,6.19488641e-02,5.35680448e-04,9.88459485e-01
9.36103081e-01,5.24705788e-03,1.74639224e-04,9.95334715e-01
0.98737029,0.01940109,0.00332278,0.99982972
0.99649165,0.04180165,0.03203067,0.99781546
0.91348497,0.02675764,0.0034679,0.99110993
0.95118212,0.01991226,0.01459443,0.99710778
0.98764434,0.09931723,0.00376698,0.9998164
0.9882565,0.06423545,0.00499822,0.99877276
9.56510540e-01,2.01672931e-04,3.93336469e-02,9.96514887e-01
0.97122994,0.02887718,0.03607004,0.99678951
9.49641869e-01,4.03403638e-02,2.20522841e-04,9.96124455e-01
0.95395379,0.00195784,0.02215876,0.94791706
0.90450059,0.01019268,0.07523632,0.98893913
0.97414403,0.00630332,0.04545226,0.99926581
9.58147614e-01,2.54188331e-02,6.64131555e-04,9.93805246e-01
9.48258034e-01,5.35372577e-02,1.84958038e-04,9.96932077e-01
0.98180113,0.01072373,0.00561425,0.99906026
9.30889888e-01,7.06491527e-02,5.80787337e-04,9.90518820e-01
9.27672915e-01,5.37894785e-04,4.65555639e-03,9.91633670e-01
0.9617996,0.01047146,0.07113184,0.98571469
0.98649927,0.00817649,0.03099872,0.99968711
0.96623241,0.01240358,0.01194668,0.98377853
0.9640428,0.01943234,0.00580922,0.99742915
9.69704379e-01,3.98214221e-04,2.14115982e-02,9.97448205e-01
9.08637028e-01,6.24372856e-04,5.36715775e-02,9.88929481e-01
0.98887882,0.0322618,0.01681414,0.99987325
9.73855525e-01,8.70606476e-03,8.80564556e-04,9.68910148e-01
0.99647388,0.00814163,0.02916104,0.96848168
0.99710855,0.03327312,0.03605959,0.99840927
9.29415248e-01,1.15329964e-02,6.05633081e-05,9.88817992e-01
9.40060471e-01,4.85428557e-02,2.03196903e-04,9.93121858e-01
0.99402717,0.01709298,0.02593843,0.99996372
0.98787592,0.00524351,0.0031443,0.9998035
0.98803814,0.00354994,0.00940699,0.99953143
0.92129268,0.07935769,0.00307372,0.99228746
0.95743515,0.00486506,0.06012455,0.99802715
0.97587186,0.00158958,0.00450279,0.99932655
9.76085129e-01,9.70377045e-02,5.92142129e-05,9.79115796e-01
9.76032878e-01,9.99547383e-02,7.62161003e-04,9.48904750e-01
0.98487007,0.09360247,0.00225823,0.99976403
0.94344225,0.01932284,0.00713101,0.97338183
0.98849869,0.00980919,0.05708592,0.92107593
0.94951614,0.00723547,0.04913628,0.96730776
0.94943455,0.03153268,0.00381132,0.95244486
0.9188791,0.00964977,0.05580449,0.9856141
0.96647576,0.00385009,0.08394566,0.99878457
0.98071112,0.06244592,0.00619417,0.97949227
0.90353412,0.00528335,0.00375851,0.98676193
0.98199242,0.02099437,0.00192102,0.99966334
0.95085642,0.00265604,0.05852841,0.98299462
0.99470461,0.00562579,0.05548743,0.99151247
0.96240806,0.02097975,0.00648991,0.99755742
0.95129038,0.04873257,0.06529546,0.99733617
9.84411124e-01,1.87731753e-02,5.71529918e-04,9.79711415e-01
0.99687333,0.03789579,0.07060542,0.99456419
0.93941229,0.04039675,0.01424912,0.99408079
0.99599941,0.01708339,0.01886199,0.90435039
0.93466034,0.00417892,0.02063852,0.98292529
0.98501271,0.09347596,0.0215707,0.99976657
0.96391585,0.01892125,0.03971178,0.99600916
9.58756612e-01,4.09988570e-02,7.43226190e-04,9.28401172e-01
0.98706745,0.00201311,0.07688687,0.99982701
9.52443645e-01,3.26191981e-04,6.33437679e-02,9.55436467e-01
0.9423878,0.00100866,0.05585422,0.99494864
9.55221409e-01,5.48448291e-02,2.34514912e-04,9.97797338e-01
9.37227640e-01,1.39734370e-05,4.96638560e-02,9.92804687e-01
0.96619965,0.05636873,0.07417999,0.99877457
9.67980775e-01,6.75940252e-02,3.26790088e-04,9.98890036e-01
0.91150806,0.09554524,0.01460025,0.99063798
0.97014961,0.01405844,0.06991873,0.99905406
0.98879861,0.00801349,0.03507919,0.9777802
9.49059154e-01,2.28962513e-02,1.16426135e-04,9.95349906e-01
0.97928247,0.00549534,0.08330852,0.99954317
0.9972763,0.01648383,0.04269941,0.99999114
9.11123666e-01,4.19611019e-04,1.38144415e-03,9.82947039e-01
9.33226965e-01,6.85510996e-02,5.82463929e-04,9.94512258e-01
9.02309616e-01,6.42102596e-02,5.72164699e-05,9.88405473e-01
0.99751772,0.01706633,0.02908114,0.99999376
0.98676002,0.06393403,0.0027851,0.99937221
0.99262135,0.04606431,0.00259872,0.99994474
0.99149631,0.03426823,0.01216411,0.99992632
0.95343687,0.00373346,0.00201151,0.99761903
0.98021395,0.00720187,0.00552865,0.9995921
0.98775746,0.00131424,0.04266984,0.99958933
9.62593389e-01,3.14520895e-02,1.05861354e-04,9.98442863e-01
0.99520627,0.04313144,0.03479246,0.99997399
0.97760657,0.00999535,0.01832134,0.99947398
0.90527157,0.0090532,0.00710001,0.98443906
0.98065424,0.00927892,0.00445717,0.99961089
9.53002244e-01,4.34735613e-02,1.08115321e-04,9.79757990e-01
0.98235621,0.02114196,0.07559946,0.99795572
0.91704547,0.03126094,0.01438467,0.95435923
0.97252599,0.0073913,0.0705009,0.99920185
9.58518897e-01,5.27008614e-03,6.60270794e-04,9.97965680e-01
0.97047346,0.00102129,0.0854681,0.99907509
0.9830352,0.01884716,0.09427906,0.99969709
9.27783934e-01,3.82448351e-05,5.09983600e-02,9.88980653e-01
0.903084,0.00343284,0.0116934,0.98859331
0.92257865,0.03207144,0.09842103,0.98520432
0.97483024,0.02111974,0.00137912,0.99926452
0.9719921,0.00200355,0.06876614,0.99906302
9.16219743e-01,2.43103105e-02,1.04703563e-04,9.91516835e-01
0.94282984,0.04146449,0.03279619,0.99628108
0.90668367,0.01249672,0.00431573,0.98934236
9.19172551e-01,9.99938226e-06,5.59838876e-02,9.88777603e-01
0.9809616,0.0067103,0.07726989,0.97908959
0.97738574,0.01582123,0.037653,0.99936076
0.96391558,0.0746893,0.05894868,0.99710071
9.03592553e-01,6.80511785e-04,1.27226710e-03,9.56463839e-01
0.99672735,0.0039965,0.09661057,0.99998818
9.72555666e-01,7.35723118e-02,4.21935074e-04,9.99204165e-01
9.81380132e-01,1.85316574e-04,4.42292247e-02,9.99619001e-01
9.23776497e-01,7.23210989e-04,6.38845839e-02,9.93228167e-01
9.50635558e-01,2.46329929e-04,2.60096987e-02,9.93491278e-01
0.92129149,0.02781116,0.06938716,0.96354976
0.94984469,0.02300742,0.00161194,0.95101958
9.81783189e-01,5.60423659e-04,2.52766002e-02,9.99653073e-01
0.97690218,0.01163425,0.00922318,0.99935478
0.96004645,0.00120225,0.02161405,0.99292356
9.70873720e-01,7.02204470e-02,1.09346547e-04,9.83209571e-01
0.99032122,0.08409373,0.02368372,0.99990445
0.94568054,0.00682578,0.00435166,0.99671091
0.998737,0.0180502,0.08332476,0.96986467
9.83763187e-01,3.94489654e-04,2.41962037e-02,9.96661700e-01
9.10745196e-01,1.98511292e-02,9.00822904e-04,9.90465639e-01
9.77183933e-01,8.09522512e-04,1.04935446e-02,9.99372086e-01
9.86584076e-01,1.63814990e-02,8.37967866e-04,9.98111158e-01
0.94262376,0.03581231,0.00384112,0.99427982
0.99354591,0.0266231,0.00600706,0.99679919
0.97901985,0.01595783,0.00102877,0.9751054
0.96399419,0.00160176,0.06420546,0.97602478
0.92234948,0.04573434,0.02039521,0.99280961
9.30389619e-01,4.71085425e-02,1.07245714e-05,9.90166396e-01
0.97681319,0.01852828,0.06100541,0.99932119
9.27466081e-01,4.17427817e-04,8.19606027e-03,9.76347477e-01
0.93318097,0.00182833,0.03902346,0.98002252
0.9958283,0.0676845,0.00826036,0.98776949
9.45243405e-01,1.25240852e-04,8.59028744e-02,9.94900686e-01
0.93851015,0.02283741,0.04242196,0.95477496
0.99593425,0.06295959,0.06146719,0.99997592
0.93453189,0.00487162,0.00213039,0.98666919
0.98755045,0.04969209,0.0906406,0.99665318
0.97389486,0.00147815,0.01744978,0.99820762
0.93232587,0.00901833,0.01337129,0.9894023
0.94054953,0.01840355,0.08947596,0.99598019
9.13093053e-01,6.85471001e-03,8.09895255e-05,9.89011931e-01
0.97325071,0.01307793,0.03344455,0.99919658
9.08537480e-01,1.55957448e-04,3.36211246e-02,9.35880483e-01
9.40940395e-01,5.62571490e-04,8.28630830e-02,9.95958290e-01
0.97190124,0.01120649,0.00169294,0.98141231
0.98682798,0.01300945,0.00142114,0.99760124
0.99637743,0.02637239,0.02139264,0.9999851
0.96580458,0.0867022,0.00968356,0.99871946
9.31324914e-01,3.45884037e-04,1.97547750e-03,9.91867097e-01
0.99197418,0.00372951,0.01585758,0.99993407
0.95794272,0.05724613,0.00326207,0.93754148
0.98727449,0.0525321,0.0027833,0.96952818
0.90488397,0.01106607,0.01901556,0.97999731
0.92691886,0.03941617,0.01906637,0.9686239
0.98130764,0.0613445,0.06000226,0.9996332
9.69262684e-01,8.41886770e-05,3.72628948e-02,9.97148564e-01
0.96304454,0.08788051,0.00512353,0.99852918
9.59730304e-01,8.32680189e-04,1.86753791e-03,9.49715897e-01
9.33604327e-01,5.90199915e-05,5.05104275e-02,9.75887878e-01
9.15241892e-01,2.28977206e-03,3.89694067e-04,9.91464800e-01
0.90714219,0.03854927,0.02289292,0.97961413
9.75950625e-01,3.44147345e-02,6.55047514e-04,9.63187343e-01
0.99324737,0.08827847,0.0074779,0.99977727
0.9970648,0.09743273,0.04306206,0.99613419
9.25999498e-01,8.35419123e-02,2.11637635e-05,9.31057944e-01
0.98977767,0.03998493,0.02187614,0.99954808
0.98172946,0.00296252,0.00584588,0.99579333
9.39026795e-01,1.48752920e-05,6.61320612e-02,9.92051207e-01
0.9921327,0.00343818,0.01604288,0.99991433
0.99662014,0.01956782,0.05489438,0.99996294
9.53606853e-01,1.70074992e-04,7.40679467e-03,9.97296536e-01
0.99261725,0.09179912,0.05679602,0.99992871
9.88827038e-01,5.65464693e-04,2.90947087e-02,9.99475642e-01
0.97712165,0.00226848,0.06275675,0.91966967
0.94412676,0.00805701,0.00567921,0.90259077
0.95046215,0.06395338,0.05803191,0.99638439
9.34218424e-01,2.41755717e-04,1.49726152e-02,9.95065310e-01
0.91372278,0.02542701,0.00601255,0.98702896
0.92721709,0.0076914,0.0257769,0.99331806
9.42477011e-01,7.36912468e-02,1.17642492e-05,9.79665866e-01
0.98285171,0.0187369,0.01259307,0.95815843
0.94497971,0.04991504,0.00282481,0.96096287
9.17898637e-01,3.33589792e-04,2.04766021e-02,9.83782017e-01
9.85391586e-01,4.08254393e-02,7.88139928e-04,9.92571666e-01
0.90131384,0.00479243,0.00285421,0.91879144
0.97743891,0.00254269,0.03565777,0.99687984
9.87849546e-01,6.33476959e-04,6.24320223e-02,9.99773752e-01
9.68664135e-01,3.93979738e-02,1.53768717e-04,9.98672547e-01
9.50109328e-01,9.51988880e-04,2.19215618e-02,9.94866899e-01
0.96065767,0.03585838,0.0013198,0.99827704
0.95839086,0.06407673,0.002259,0.99810578
9.81274522e-01,4.86047126e-04,8.45595114e-02,9.98314202e-01
9.28379403e-01,1.25163275e-04,2.21889899e-02,9.94081162e-01
0.92632854,0.00455292,0.00952891,0.98703637
9.23825498e-01,5.27107743e-02,9.64041634e-04,9.93245234e-01
9.42888087e-01,3.75935598e-02,1.33802995e-04,9.93696338e-01
0.99820673,0.0697617,0.09838053,0.98205045
9.79531121e-01,2.11593086e-04,2.82555349e-02,9.94875989e-01
9.73204701e-01,4.19521707e-04,6.42591231e-02,9.99242258e-01
0.97451536,0.03925706,0.00327275,0.99931546
9.48693374e-01,6.72713164e-04,2.06798189e-02,9.96517452e-01
0.97917255,0.07570064,0.00199719,0.99915255
0.93806997,0.00830734,0.01238453,0.99527694
0.98443061,0.05173748,0.00294119,0.99965411
0.90982644,0.03461355,0.00282421,0.9637748
9.43570616e-01,2.18172160e-02,3.54930177e-04,9.96359122e-01
0.99912688,0.05600254,0.04750251,0.99999712
9.39292141e-01,8.91589921e-03,8.13573708e-04,9.89665705e-01
9.33975139e-01,9.18167272e-04,1.29573430e-02,9.41213841e-01
0.9892009,0.09709584,0.01050739,0.9998804
0.98867428,0.02154686,0.03720875,0.9992725
9.22928731e-01,1.98090331e-03,3.04633327e-04,9.93059229e-01
9.61527713e-01,7.32788086e-04,1.94735222e-02,9.98003108e-01
9.49433585e-01,2.48704013e-03,6.56215184e-04,9.97064452e-01
0.98566781,0.02455935,0.05878989,0.99958184
9.61367861e-01,1.05636595e-02,1.30743793e-04,9.95096110e-01
0.99470385,0.02123854,0.07232531,0.99990274
0.92877197,0.05803892,0.00446895,0.98694441
0.91514334,0.00113574,0.00126842,0.9908058
0.95192644,0.00427693,0.03369549,0.98824914
9.90268756e-01,8.73321556e-04,3.66820933e-02,9.99902283e-01
0.96876939,0.04910059,0.00260891,0.99896158
0.99201434,0.06368579,0.02123627,0.92121384
0.91574986,0.07725016,0.00107936,0.98483103
0.9292382,0.00553996,0.00391134,0.99401862
9.74536528e-01,4.23964553e-04,3.17452486e-02,9.97066482e-01
0.97610896,0.0043781,0.04229397,0.99939887
0.9849386,0.0100624,0.00560954,0.9996559
0.96937858,0.00246799,0.0593875,0.99879353
0.97628815,0.05164951,0.07305163,0.95655538
0.99370473,0.04169092,0.09801091,0.96436468
9.63996054e-01,3.70693839e-04,6.49030681e-02,9.45865906e-01
0.95988628,0.03127265,0.00118832,0.99766234
9.55776694e-01,5.41294252e-02,6.12451653e-05,9.60182694e-01
0.96968051,0.01037603,0.00917022,0.99901201
0.92068281,0.00386839,0.00253571,0.99243084
0.98499405,0.00278407,0.00917569,0.99919107
9.40720990e-01,7.52945543e-04,1.84170844e-02,9.95868243e-01
0.92258654,0.00583415,0.01789575,0.98982352
0.92471935,0.0027623,0.02360988,0.99341491
0.99683666,0.01673014,0.01369074,0.99976787
0.99158407,0.09218792,0.06215355,0.99989661
0.93121142,0.07956594,0.00109583,0.99457266
9.16408227e-01,4.03453243e-03,1.21852766e-04,9.88019783e-01
0.93048572,0.03274909,0.08704831,0.98709523
0.9862937,0.06965596,0.00720449,0.9996687
0.94201847,0.08110237,0.00197375,0.99432392
0.90170129,0.02470889,0.013413,0.98559734
0.9824116,0.00099863,0.03023189,0.99124336
0.94595901,0.01825091,0.06815912,0.99674569
9.62625318e-01,6.46800210e-04,4.18179325e-02,9.98403119e-01
0.93597776,0.01290101,0.01989039,0.98319744
0.99911898,0.09746006,0.08832538,0.99999895
0.90305347,0.03657449,0.04042232,0.98824235
0.97038795,0.07528894,0.07048147,0.99906963
0.92783684,0.00400003,0.01494389,0.98459581
0.97697118,0.0185525,0.00538732,0.99944085
9.71657931e-01,3.59160048e-04,9.35946486e-02,9.99091361e-01
0.90203546,0.07983528,0.00451349,0.98708582
0.93980253,0.01594805,0.00316159,0.99591244
0.96152258,0.01625041,0.00603408,0.98043312
9.78495337e-01,3.14464402e-02,8.79177548e-04,9.98804527e-01
0.97673847,0.00114635,0.00445174,0.99837265
9.30600592e-01,3.55729727e-03,1.47016620e-04,9.92844627e-01
0.99281638,0.01083786,0.04632109,0.9997989
0.97237369,0.01944461,0.00394731,0.99717264
0.98998983,0.07324943,0.00203172,0.99989451
0.90892392,0.02266643,0.07249596,0.98991089
0.94817433,0.00736435,0.04135413,0.99700405
0.92692995,0.00723934,0.00838179,0.98750005
0.97247593,0.00957436,0.00719293,0.99918828
9.74105955e-01,5.80929047e-02,4.09396311e-04,9.98783827e-01
0.94902427,0.00356179,0.03943675,0.99696789
0.97592267,0.04442597,0.00807011,0.99904922
9.19404009e-01,5.07779939e-02,1.73308830e-04,9.92349905e-01
0.91047643,0.00464289,0.01395085,0.99037774
0.9970184,0.01287791,0.06898094,0.97972903
0.99384159,0.00325683,0.01970832,0.9168527
0.95175845,0.00816018,0.00735501,0.99532001
0.97750425,0.0605768,0.03341044,0.99930243
0.99643576,0.08473383,0.02185834,0.99998208
0.9928138,0.04076705,0.01079701,0.99993339
0.99878127,0.08130497,0.02287124,0.99998698
0.96786531,0.001633,0.05898008,0.9981799
0.98490424,0.00930672,0.0688733,0.99958325
0.96470135,0.03411136,0.08210073,0.9974009
0.98961593,0.01053288,0.00400795,0.99985553
9.78361772e-01,6.26424998e-02,6.37815895e-04,9.92565233e-01
0.96558422,0.0071648,0.08695581,0.9541901
9.86732846e-01,7.12124582e-02,1.59181661e-04,9.63606383e-01
0.93376755,0.01437691,0.01416977,0.99382231
9.74069028e-01,4.68352522e-02,2.96939424e-04,9.99290342e-01
9.73598982e-01,1.53527548e-02,2.18317516e-04,9.36040157e-01
0.98521595,0.00901774,0.00147446,0.9986584
0.99621428,0.09333246,0.05138361,0.99085986
0.98338451,0.00831647,0.01100245,0.99965229
9.64288548e-01,2.85079909e-02,6.78836741e-04,9.98326400e-01
9.23276741e-01,1.39945507e-02,1.26014923e-04,9.44478005e-01
9.44355381e-01,6.35128638e-04,3.70234018e-02,9.96433989e-01
0.97816471,0.00383471,0.03284382,0.99942512
0.99576074,0.07911722,0.02626388,0.9999752
0.94792986,0.04352017,0.00614748,0.99692771
0.99354733,0.00464696,0.02390852,0.99985884
0.99504033,0.09034055,0.00206435,0.99997367
0.99469944,0.03191407,0.00731694,0.99996795
0.97877167,0.01729279,0.05101257,0.99928014
0.92238402,0.0181399,0.02840497,0.9108621
0.99268913,0.03752403,0.00127997,0.99753045
9.36126432e-01,2.82930904e-05,2.75145230e-02,9.95362131e-01
0.99180158,0.09533979,0.08100887,0.99911085
9.55384652e-01,9.84306527e-02,3.88337139e-04,9.97805040e-01
0.96698591,0.02253015,0.01510816,0.99843912
0.96340716,0.06497204,0.00464359,0.99832864
0.99321093,0.01299256,0.03128116,0.99978969
0.92809749,0.08619982,0.06120565,0.9713344
0.92667813,0.00223876,0.05121186,0.93321057
0.96345367,0.04430441,0.06124848,0.99806062
9.81038363e-01,9.65595886e-02,5.12319594e-04,9.07978197e-01
0.99308601,0.05195634,0.00451836,0.99944083
0.94893808,0.00513416,0.00310175,0.99468414
0.95764939,0.01522548,0.00681545,0.99804789
0.98474176,0.02004021,0.06718279,0.99957393
9.78152025e-01,6.96176041e-04,2.85385345e-02,9.97552717e-01
0.98616365,0.01369937,0.00367592,0.99961369
9.55637863e-01,8.03043459e-04,3.58350186e-02,9.96935945e-01
0.96479237,0.02392308,0.0067424,0.99850405
9.03226081e-01,3.51972236e-04,1.38998815e-02,9.88589893e-01
0.9589283,0.05811896,0.06987168,0.99445237
0.95982341,0.04782853,0.00125768,0.99776629
9.76565358e-01,8.04429008e-04,1.84906604e-02,9.99410414e-01
9.22886568e-01,3.71679519e-04,1.21327532e-03,9.86065464e-01
0.97939629,0.04125046,0.0170666,0.97682813
0.92476858,0.0155413,0.00848501,0.99342511
0.96202626,0.00339505,0.01009841,0.99836161
0.98858072,0.08409558,0.0016331,0.99984963
0.98192195,0.00195866,0.01485424,0.99889562
0.98396768,0.00293773,0.01790943,0.99955313
9.49934674e-01,9.30100497e-05,7.29855611e-02,9.95366659e-01
0.93105862,0.05004648,0.02898917,0.96325683
9.46719924e-01,1.02459003e-02,5.61754217e-04,9.96141833e-01
0.99598148,0.02489818,0.09238555,0.90683526
0.98655759,0.02225013,0.001989,0.99980776
0.94761481,0.00783362,0.00874938,0.91209687
9.59277714e-01,1.80398886e-04,2.36825174e-02,9.96563288e-01
0.98645561,0.00396594,0.04219591,0.99981145
0.9857117,0.080615,0.01547536,0.99003878
0.99763789,0.08140074,0.01347438,0.99999146
0.94291578,0.00602113,0.07238518,0.99114056
0.95238972,0.01090285,0.02160276,0.99741777
0.98726341,0.00852888,0.0111617,0.99968763
0.9003366,0.016981,0.01013806,0.96409291
0.98901531,0.00389098,0.01781431,0.99594584
0.9764372,0.06124741,0.00917727,0.99924449
0.95408756,0.00360188,0.00637742,0.99648614
0.93933503,0.02005536,0.0348953,0.99500385
9.51383561e-01,2.30186754e-04,8.66922868e-03,9.85095002e-01
0.99063396,0.00648307,0.04925157,0.99967168
0.9891464,0.01046397,0.06859109,0.98441588
0.98454104,0.06160382,0.0126201,0.99970005
0.99270692,0.07901334,0.00479162,0.98827541
0.94970036,0.05638756,0.00420898,0.98467752
0.92900081,0.04404569,0.08987917,0.99396125
0.96727632,0.06352552,0.03597861,0.99863559
9.35273627e-01,2.29834809e-05,9.73085565e-02,9.95111725e-01
9.67932747e-01,8.59735627e-04,1.32557501e-02,9.63052680e-01
0.92794863,0.00696674,0.00155671,0.99399869
0.9444629,0.0061267,0.0086111,0.98593494
9.21641622e-01,1.45041715e-02,3.26295222e-04,9.14149173e-01
0.98821209,0.01986271,0.02923528,0.99933357
0.94861769,0.03039968,0.09873337,0.99423395
0.96355613,0.04043171,0.0013771,0.98877569
0.96678919,0.00130662,0.03374052,0.99881029
9.91678065e-01,7.77657083e-04,5.96819578e-02,9.99908938e-01
9.65396279e-01,4.48341471e-04,8.18501254e-02,9.91831019e-01
9.88281891e-01,4.24531718e-04,6.24367502e-02,9.99638430e-01
0.94103001,0.04295706,0.07952518,0.99605382
0.99120963,0.07138889,0.00303121,0.99991276
9.45547312e-01,2.60646665e-02,3.34925381e-05,9.95617309e-01
9.79978041e-01,8.11755866e-04,5.69356826e-02,9.99567977e-01
0.99826175,0.0269224,0.07430546,0.99999366
0.91832585,0.02804514,0.02621723,0.99176436
0.9805483,0.02637244,0.01856197,0.99867023
0.96812264,0.01547431,0.00134123,0.99880311
0.98731985,0.00158936,0.02412862,0.94023285
9.55458404e-01,2.90127078e-02,8.43845894e-05,9.77062581e-01
9.41121825e-01,5.70625688e-04,1.27269319e-02,9.57990264e-01
0.90496632,0.0261835,0.00525146,0.98775485
9.84834252e-01,7.86577736e-04,1.23508949e-02,9.99640682e-01
9.83650259e-01,8.68836577e-04,6.80662333e-02,9.99703661e-01
9.77340740e-01,8.88884038e-04,6.24491645e-03,9.99452226e-01
0.99377073,0.06338436,0.02329101,0.9999595
0.9206397,0.00832474,0.00952549,0.99262032
9.49731035e-01,7.20827465e-04,5.77395832e-02,9.96734509e-01
0.99774048,0.09689959,0.03357471,0.99999441
9.51013369e-01,2.60855778e-04,9.96092934e-02,9.97303364e-01
0.95103907,0.01336842,0.00349295,0.99724837
9.10661141e-01,3.88748277e-04,6.23904518e-03,9.89840476e-01
0.98536641,0.03334652,0.08123266,0.99915439
0.94449152,0.06363677,0.02252057,0.99655778
0.96866621,0.07792865,0.03321159,0.99847618
0.94388716,0.03196642,0.00282937,0.99629407
0.93313852,0.00219441,0.08999404,0.99443967
9.02893287e-01,3.03466723e-05,7.32566376e-02,9.88560631e-01
0.99725948,0.06435154,0.02088271,0.99999111
0.98466163,0.00321406,0.00737335,0.99974083
0.99403588,0.09484927,0.06701728,0.99996343
0.90813232,0.00484368,0.01615912,0.98982536
9.51379932e-01,6.33470561e-04,1.49239505e-02,9.96287155e-01
0.97047672,0.0545359,0.07117508,0.99664907
0.98983658,0.00580198,0.02385184,0.99976105
0.94195229,0.03311653,0.01057726,0.9952714
0.95802961,0.05058758,0.00804667,0.9963904
9.01993559e-01,7.40817548e-04,1.21200700e-03,9.75796322e-01
0.98649038,0.06340425,0.07448231,0.99610031
9.89071362e-01,6.33047870e-04,5.46862807e-02,9.24448735e-01
0.97874711,0.00459428,0.00446466,0.99952334
0.94590006,0.02754652,0.00297488,0.95946931
0.98825745,0.01434489,0.03661235,0.99893306
0.91503677,0.02962488,0.07734497,0.98115546
9.86458241e-01,1.72411924e-04,8.62322771e-02,9.99763886e-01
0.95444602,0.0020313,0.03412109,0.98934604
0.92252636,0.02221529,0.00267306,0.99255731
0.90411929,0.00264376,0.05100288,0.95150275
0.99594977,0.05833593,0.01199402,0.99920319
0.96882935,0.03228837,0.0613361,0.99565013
0.96341358,0.06281429,0.0209267,0.99854343
0.98720629,0.05715192,0.03585003,0.99983013
0.90272597,0.03597245,0.01417326,0.9720779
0.9001688,0.01183948,0.00214679,0.98784968
0.98171308,0.02876018,0.0019986,0.93231962
0.96012944,0.00474798,0.02930633,0.9941946
0.93751395,0.01308671,0.08920106,0.99554806
0.9245849,0.01810544,0.08634704,0.99297462
9.32581030e-01,2.03847666e-02,3.59199400e-04,9.94795917e-01
0.96421009,0.00215069,0.00994068,0.99813537
0.98880637,0.0652748,0.00492947,0.9998656
0.9851065,0.0146509,0.00425141,0.99917273
0.95682006,0.00929759,0.04725664,0.94865896
0.99646313,0.04406852,0.03285825,0.99996912
0.9903584,0.03264922,0.08971584,0.99890797
0.99715594,0.07968229,0.09729191,0.9999918
0.96974951,0.00116354,0.05640484,0.99870854
9.18196184e-01,9.18474970e-05,1.39323661e-02,9.90795393e-01
0.99356845,0.00127084,0.06225978,0.99993176
0.98716123,0.09481727,0.07081698,0.9988429
0.98449999,0.00253148,0.01424119,0.94350595
0.99371322,0.00779182,0.02289684,0.99995953
0.96078668,0.03542417,0.00303837,0.99400244
0.9468791,0.00195212,0.00294392,0.91446968
0.90697035,0.02596805,0.04266436,0.97584484
0.93987216,0.07721638,0.00100511,0.98801873
9.27599957e-01,1.58190972e-04,2.90116853e-03,9.93906937e-01
0.94532583,0.02847926,0.08434983,0.95270811
0.99123886,0.01536772,0.04435983,0.9981898
0.99604535,0.04471903,0.05301108,0.99998108
9.33751640e-01,5.85013422e-03,3.93788812e-04,9.77928569e-01
0.91626384,0.01083872,0.01318919,0.97727417
0.99121804,0.0314608,0.07594882,0.97302583
0.97686876,0.00632381,0.06921411,0.99938433
0.97490185,0.00438564,0.00286569,0.99881689
0.92010545,0.00440944,0.0977115,0.99091267
9.08012740e-01,1.62695215e-04,6.64009251e-02,9.89089877e-01
0.98990884,0.02420103,0.04947426,0.99989608
0.9623372,0.00232482,0.0113881,0.99837543
0.91324849,0.0725577,0.02107332,0.99062678
9.76831748e-01,1.42837297e-04,9.37296545e-02,9.95161986e-01
0.94475855,0.09682105,0.03314498,0.99643374
0.91346452,0.00720267,0.00271256,0.97040309
9.41955557e-01,3.95769963e-04,7.80942552e-02,9.90213334e-01
9.24091329e-01,9.18589741e-02,3.86549380e-04,9.93295064e-01
0.94001034,0.00120129,0.00812453,0.99585651
9.46170795e-01,1.74749725e-02,4.24986234e-04,9.56550434e-01
0.90764834,0.00749582,0.00624253,0.96384615
0.94997618,0.00509354,0.03699774,0.98121278
0.98184405,0.06138714,0.00437052,0.99960809
9.62379029e-01,9.49341604e-04,4.87129455e-02,9.98473383e-01
0.94322644,0.04414277,0.02594928,0.99632702
9.16566117e-01,1.22656144e-03,2.26018472e-04,9.12176794e-01
9.59134644e-01,4.65696980e-04,6.93382875e-02,9.96313039e-01
9.21732744e-01,7.97355496e-04,4.60483316e-02,9.60526318e-01
0.95943212,0.06249127,0.00392825,0.98527547
9.36987846e-01,1.78724902e-04,1.08547648e-02,9.95344938e-01
9.38899293e-01,7.26530535e-04,5.36635921e-02,9.95782754e-01
0.95068583,0.00196733,0.00241781,0.98555396
9.25180968e-01,7.50115760e-03,9.00855614e-04,9.49329554e-01
0.99831872,0.06548746,0.09611497,0.99417295
9.83256540e-01,6.75601870e-04,3.90738867e-02,9.99512502e-01
0.9103096,0.03310948,0.0159908,0.99038555
0.97579766,0.03269981,0.07462949,0.94060888
9.66007856e-01,1.36573969e-02,2.87702875e-04,9.28792435e-01
0.99266227,0.05776324,0.00750848,0.97050894
0.99822549,0.03083358,0.05787089,0.99998939
0.98402811,0.00615161,0.03824916,0.9991111
0.95294897,0.00795705,0.00786897,0.93998505
0.99585599,0.0454911,0.08234624,0.99993314
0.93834734,0.00209579,0.00335207,0.99567138
0.99477046,0.0763971,0.01854719,0.99997223
0.98092982,0.00478172,0.01442342,0.99960887
0.90773141,0.00281797,0.060858,0.97130573
9.79255706e-01,2.37796788e-02,4.82391003e-04,9.99548624e-01
0.97987298,0.01677714,0.04059819,0.9995249
9.61003443e-01,4.81445534e-02,9.73086777e-04,9.98026733e-01
0.93808691,0.07996913,0.01243517,0.99518357
0.96414464,0.02250906,0.03203298,0.99861079
0.98440927,0.01269712,0.0091173,0.999318
0.90635358,0.00274836,0.00108561,0.98834548
0.99054941,0.01858932,0.06558957,0.99981385
9.32352523e-01,6.22715100e-04,1.68293737e-02,9.89955177e-01
9.71883294e-01,6.11301275e-04,8.47439821e-02,9.61886399e-01
9.43029735e-01,5.07911118e-03,6.80732182e-04,9.96114440e-01
0.98920447,0.01665029,0.0033598,0.99979933
0.98251524,0.0037855,0.00906812,0.99967662
9.38164742e-01,1.03565640e-04,2.24773908e-02,9.90455788e-01
9.43619316e-01,4.31896590e-04,1.38196467e-03,9.95909993e-01
0.99738422,0.06971973,0.0542346,0.99989403
0.98905877,0.00408106,0.08193413,0.99922353
0.96350707,0.0016468,0.02029802,0.99816329
0.9719183,0.00136888,0.08896853,0.9916523
0.98197128,0.00449191,0.02369079,0.98819295
0.97413436,0.09731109,0.00384957,0.99920035
0.90911858,0.02205774,0.0158229,0.98459483
0.99889428,0.03464472,0.090632,0.97262023
9.06763760e-01,3.43387568e-02,8.62554351e-04,9.89205177e-01
9.76221955e-01,4.00922281e-04,3.78356127e-02,9.07086053e-01
9.56718353e-01,6.04344049e-03,7.20626027e-04,9.93752196e-01
0.99307327,0.00125574,0.09014525,0.93357714
0.93768696,0.02617394,0.00197519,0.99557803
9.01951879e-01,1.58485191e-04,6.38294661e-02,9.87306831e-01
9.44192794e-01,3.24614006e-02,8.84863760e-05,9.96218171e-01
0.95517747,0.00396639,0.0076374,0.91466018
9.02954392e-01,8.69097851e-04,6.40904998e-03,9.64750810e-01
0.98607834,0.05566792,0.024509,0.99979953
0.96477183,0.03933469,0.0200193,0.99866698
0.9813495,0.02720059,0.01995799,0.99960005
0.97343734,0.02151643,0.02559719,0.99925275
0.91771718,0.0010367,0.01163236,0.9920187
0.96990066,0.05864841,0.00960019,0.99831366
9.39379805e-01,8.75720313e-02,1.16489175e-05,9.95403816e-01
0.95846811,0.07220483,0.00338542,0.99760007
9.81886299e-01,4.97828092e-02,6.65818277e-04,9.99552642e-01
9.79372026e-01,5.13055235e-04,2.19459166e-02,9.96173616e-01
0.96690222,0.01895535,0.0169789,0.99878463
0.90812988,0.06108227,0.0748067,0.98984174
9.42871974e-01,6.57856641e-04,1.60787960e-02,9.96338217e-01
0.99195979,0.00150464,0.07841338,0.9444292
0.95732264,0.02701073,0.00576737,0.99570553
0.98128832,0.00495865,0.01470091,0.98160925
0.97579163,0.00333317,0.07736223,0.9993826
0.93177228,0.01406241,0.04829241,0.98209081
9.32388640e-01,8.04668485e-02,7.94363107e-05,9.91719611e-01
0.9028236,0.00108962,0.00434097,0.93200004
0.99820891,0.02589111,0.06254026,0.99999672
9.40376659e-01,8.16741909e-04,1.61166681e-02,9.95938613e-01
0.99636256,0.00419848,0.07153312,0.99984009
9.75789459e-01,3.41531350e-04,5.61716406e-02,9.98568809e-01
0.9380558,0.00472649,0.02653462,0.99406101
0.93461806,0.00374643,0.00345384,0.9870043
9.13376230e-01,3.36674034e-02,1.33913473e-04,9.74178179e-01
0.9213988,0.00446491,0.0095221,0.99259106
0.99519754,0.0301472,0.05371094,0.99995975
0.90675183,0.00600373,0.03434417,0.94916132
9.87164933e-01,3.70435526e-04,6.48191774e-02,9.99736175e-01
9.13392576e-01,2.37405549e-02,1.65676283e-05,9.90824214e-01
0.98939232,0.04154539,0.04705829,0.99987747
0.98473382,0.00322641,0.035952,0.99975399
9.22490658e-01,4.05311364e-04,1.73399307e-02,9.18163892e-01
9.43271847e-01,3.19882745e-04,4.88620360e-02,9.96316326e-01
0.99863387,0.03463089,0.06773292,0.99999813
0.9411049,0.0418189,0.01451817,0.93570389
0.99202657,0.0266485,0.06715194,0.99731018
0.9848147,0.04643273,0.03605192,0.99968307
0.9925716,0.0027422,0.08923644,0.99994399
9.56313513e-01,6.39517650e-04,5.58552296e-03,9.97893402e-01
9.33864854e-01,8.05042867e-02,1.18855461e-04,9.94340831e-01
9.52594791e-01,2.83690803e-05,4.03791060e-02,9.97050945e-01
9.61824060e-01,1.34686879e-04,8.08181026e-02,9.81835583e-01
0.94850412,0.05163102,0.05350706,0.9970265
0.90985823,0.00459051,0.00718144,0.97842701
9.85398968e-01,8.36495167e-02,4.36034228e-04,9.99768050e-01
0.91634632,0.00409517,0.00336943,0.99019624
0.93858827,0.00303744,0.00587594,0.99513647
0.93598796,0.00352527,0.05286169,0.99088159
9.39958984e-01,1.24495682e-04,3.66214199e-02,9.95737484e-01
0.98652636,0.09227553,0.01605993,0.9811676
9.34056710e-01,9.24398205e-02,4.73880469e-06,9.93864100e-01
9.18090704e-01,8.08070905e-02,3.95968616e-04,9.80770542e-01
9.56407909e-01,4.86128543e-04,1.04953630e-02,9.92917029e-01
0.99746383,0.01294537,0.05456788,0.99999337
0.98933625,0.03197908,0.01838062,0.99855426
0.91503782,0.07880305,0.07986018,0.98999409
0.98385391,0.09805207,0.02313657,0.99972581
0.98082205,0.00131552,0.01924384,0.92088925
0.98243258,0.00538181,0.01420978,0.9626425
9.54330634e-01,6.98639835e-02,3.13963435e-05,9.52111181e-01
0.91701009,0.02683307,0.04593732,0.99086117
0.98051778,0.01030211,0.0253663,0.99893619
0.9939869,0.01099422,0.02321,0.99996012
0.98978497,0.03782295,0.07389114,0.99476058
0.97370188,0.00285373,0.01897675,0.99926152
0.98954255,0.00958537,0.08668473,0.92114333
0.94092377,0.00487115,0.09104855,0.99464824
0.99764553,0.03087958,0.05677113,0.99860417
0.91817035,0.0167908,0.04617085,0.99205964
9.76019730e-01,9.30296092e-02,6.38029002e-04,9.99386681e-01
0.94793688,0.01559706,0.01061047,0.99538318
9.52871303e-01,1.60680888e-04,7.67104095e-02,9.96114758e-01
0.93803881,0.00562332,0.00227886,0.97449058
0.99556186,0.0047719,0.04273474,0.99989126
0.96454928,0.05582112,0.00169402,0.99671676
9.45501929e-01,4.74266643e-02,5.62425809e-04,9.81717754e-01
0.97551052,0.05954755,0.00176559,0.9950295
9.34967093e-01,4.25396123e-04,3.83244504e-02,9.92084093e-01
9.46275993e-01,1.58461396e-04,2.13827564e-02,9.96530415e-01
9.51328107e-01,9.34321751e-03,1.63623474e-04,9.97374754e-01
0.99658877,0.01673099,0.05325492,0.99560502
0.95314066,0.00203503,0.0610581,0.9975888
9.40789117e-01,1.31910872e-02,1.80521860e-04,9.95753661e-01
0.98627277,0.00382942,0.06730054,0.99976443
0.94616896,0.00471415,0.0752279,0.99299676
0.99764432,0.03617141,0.04268458,0.99999442
9.27255617e-01,7.24582998e-04,1.10642272e-03,9.87142454e-01
0.93540294,0.00759844,0.01772926,0.95661982
0.99167082,0.00194411,0.03090841,0.99992532
9.11526801e-01,1.02061371e-02,1.47297485e-04,9.90159081e-01
0.99836241,0.0456195,0.03438224,0.9999973
9.18096181e-01,6.27282989e-04,6.84355028e-04,9.92103278e-01
0.98726627,0.04109083,0.08443541,0.989818
0.95799995,0.00358446,0.07214011,0.99801951
0.96909899,0.03334681,0.03549764,0.92401254
0.98598001,0.04955163,0.05005514,0.98150618
0.98119283,0.03779476,0.00147585,0.99963172
9.31746732e-01,6.99247978e-03,3.16370631e-04,9.94639288e-01
0.99595679,0.01087575,0.07681846,0.91950361
0.98103145,0.03051421,0.01839601,0.99960513
0.92193991,0.00616321,0.00320007,0.90937471
9.89914720e-01,7.36393082e-04,8.29956592e-02,9.99418912e-01
0.98990189,0.05524412,0.00311736,0.9740895
0.94488988,0.00201256,0.06633639,0.96005928
0.99196288,0.00820562,0.05051326,0.99989397
0.99161512,0.0252191,0.06902624,0.99826963
9.42224741e-01,3.59995908e-04,2.22201652e-03,9.96099748e-01
0.98505893,0.02269099,0.00252897,0.99797115
0.94005161,0.06118648,0.00221158,0.995766
9.15572785e-01,5.91779850e-03,6.58582216e-05,9.86710560e-01
0.98416156,0.06869261,0.02831333,0.99960557
9.27381021e-01,4.02833691e-04,9.15125187e-02,9.90515273e-01
9.78549865e-01,7.48272358e-02,6.79986329e-04,9.98205751e-01
9.41178803e-01,9.84232193e-02,1.24925387e-04,9.95253739e-01
9.76866048e-01,1.64692529e-04,8.41301939e-02,9.13418593e-01
9.55173421e-01,7.60408254e-02,4.38149196e-04,9.97802273e-01
0.99507313,0.02152887,0.07834835,0.99995998
9.86682226e-01,5.90380784e-04,6.30744951e-02,9.99783095e-01
9.39747206e-01,2.53235976e-02,1.86548003e-04,9.95898829e-01
0.911427,0.00447177,0.0232341,0.98105666
9.35120128e-01,6.80920384e-03,3.30644784e-04,9.94276373e-01
0.98175369,0.07192193,0.03513318,0.99949434
0.9796335,0.01037222,0.07671028,0.99956785
0.97385851,0.06342117,0.00131987,0.99428005
0.96433667,0.09393516,0.09132389,0.98721313
0.95078999,0.06244434,0.02020682,0.9412119
0.98755722,0.05742392,0.01123247,0.98165839
0.94576557,0.01864768,0.02469119,0.99671991
0.98688629,0.00601218,0.0053482,0.99893685
0.91530418,0.00959155,0.02353338,0.93355889
0.99670131,0.07387512,0.04173734,0.999987
0.96185634,0.00652595,0.02695923,0.9954805
0.99323669,0.07639021,0.00217409,0.99989912
0.9153359,0.00422036,0.0260991,0.9914394
9.64548310e-01,2.29347141e-02,8.75743483e-05,9.98428213e-01
9.59391139e-01,2.04697401e-04,3.38101938e-02,9.97176219e-01
9.62913273e-01,2.87432866e-04,6.95932297e-02,9.98510990e-01
0.99786678,0.08896897,0.03204211,0.99998484
0.9971085,0.03426736,0.05313871,0.99998964
0.91827162,0.00266591,0.01112497,0.99126364
0.99807917,0.08537803,0.01249935,0.9999963
9.36341000e-01,1.36038585e-02,6.65246321e-04,9.95336543e-01
0.98048414,0.02600246,0.00762455,0.99946113
0.9854686,0.07734059,0.04355462,0.9787138
0.90598512,0.01440786,0.01034798,0.9842127
9.07539705e-01,1.17220801e-02,3.16700216e-04,9.87775726e-01
9.74194287e-01,4.07146337e-04,3.29654951e-02,9.92106455e-01
0.92943954,0.03557885,0.00498578,0.99383341
9.64100177e-01,7.76552492e-04,9.40568584e-02,9.91552370e-01
9.63217562e-01,2.09184440e-04,8.50799348e-02,9.98519715e-01
0.98613996,0.08754925,0.0463159,0.99980156
9.63685972e-01,4.95010690e-02,4.55531342e-04,9.98564440e-01
9.57307902e-01,8.66575299e-04,2.50856320e-02,9.98010236e-01
9.34643469e-01,1.00017871e-04,6.45847527e-02,9.95133853e-01
9.22433091e-01,2.41883617e-02,9.51845304e-04,9.92978454e-01
9.73571891e-01,9.73530988e-04,8.73046007e-02,9.98673867e-01
0.99167736,0.00941342,0.00474462,0.99578705
0.96375616,0.08581899,0.02111474,0.99858735
0.99578024,0.08321153,0.01013132,0.99428537
0.96670938,0.00386654,0.02648585,0.99881426
0.96950823,0.05296301,0.01247582,0.99900157
9.37932741e-01,7.62716062e-02,5.97528382e-04,9.95013115e-01
9.06689251e-01,2.01251310e-02,4.31611454e-04,9.86716281e-01
9.75645120e-01,5.44541152e-03,6.42964158e-04,9.98507368e-01
9.78361997e-01,7.29840392e-04,8.23705676e-03,9.57094644e-01
9.44501862e-01,1.81341502e-03,5.23948989e-04,9.94156062e-01
0.92065641,0.00574041,0.00248917,0.99256328
0.97351753,0.04394704,0.00124628,0.99925992
0.96914592,0.06707242,0.02386531,0.99509093
0.98814677,0.0279368,0.00926244,0.99984041
9.52054214e-01,1.39357446e-03,6.79273714e-04,9.85803346e-01
0.97827628,0.00444692,0.01131499,0.97201957
0.9962267,0.03269489,0.09830996,0.99996659
0.99802871,0.0152254,0.06988624,0.97312399
0.90896099,0.05284822,0.00144412,0.98963095
9.62944052e-01,6.10939029e-02,7.87688894e-04,9.19188057e-01
0.96995812,0.05461528,0.00308434,0.99606733
0.97277687,0.08185524,0.00522889,0.9827191
0.96934929,0.0433472,0.00575302,0.97702632
0.91019673,0.09568514,0.04964617,0.99022571
0.99738566,0.09806164,0.02850007,0.99997505
0.9432342,0.03229873,0.00105163,0.99635329
0.97437539,0.0014615,0.04358695,0.99929011
0.98939921,0.00662955,0.00415017,0.9972282
0.93938493,0.00281826,0.00529629,0.99572902
0.99170454,0.01274402,0.00819495,0.99937526
9.32317396e-01,8.93533075e-05,5.45147052e-03,9.80315418e-01
9.43754213e-01,2.64946517e-04,1.04495668e-02,9.92133950e-01
0.94317926,0.00270537,0.01992246,0.97740672
9.78977343e-01,1.44348536e-02,9.06272267e-04,9.99286309e-01
9.67280055e-01,2.39188488e-02,9.33716054e-04,9.98834329e-01
0.93567731,0.09876155,0.00183068,0.98040207
9.87635570e-01,5.00462441e-04,8.96863109e-02,9.99665180e-01
0.94072914,0.00245954,0.00827501,0.97421853
9.44595615e-01,2.28017599e-02,5.00507782e-04,9.96318974e-01
0.92153246,0.00579439,0.02283021,0.99269638
9.86878731e-01,6.01607967e-04,2.38311370e-02,9.99193468e-01
9.42166985e-01,3.67795617e-05,2.55297555e-02,9.94402869e-01
0.97895409,0.00383913,0.03693998,0.90624604
0.97787203,0.00175245,0.0139408,0.99500519
0.90234199,0.00106041,0.01745046,0.97483376
0.985246,0.04641624,0.01811655,0.99698136
0.99402659,0.05033335,0.02757179,0.99988076
9.68192189e-01,3.33182163e-02,1.53970156e-04,9.98856772e-01
9.64747244e-01,2.83735443e-02,3.89858414e-04,9.97768701e-01
0.98605261,0.0771449,0.0029288,0.99979881
0.98036985,0.01163638,0.00505096,0.99902548
9.27190815e-01,9.13848586e-04,6.95794733e-02,9.93779723e-01
0.98515724,0.03463816,0.03120301,0.99970225
0.92488861,0.00193909,0.02685269,0.99288357
0.98509441,0.00595638,0.05137238,0.98672824
9.68045633e-01,9.46771400e-04,7.67755994e-02,9.98906084e-01
0.99016389,0.00998171,0.01728568,0.97634872
9.08199966e-01,6.04311050e-04,5.05022790e-02,9.89288101e-01
0.97669287,0.09322697,0.03877502,0.98681693
0.9560407,0.00237015,0.02877822,0.99436905
9.12831472e-01,9.08904046e-02,1.18963028e-04,9.74378813e-01
9.50405573e-01,1.05218226e-02,2.75756931e-04,9.97230295e-01
0.99588348,0.01415975,0.02650379,0.99998208
0.96173109,0.0126426,0.00253983,0.99713633
0.98364063,0.09329605,0.01967225,0.99918663
0.98328382,0.01999273,0.00948641,0.98606916
0.93713333,0.00620512,0.01132567,0.98430243
9.75962884e-01,1.33646855e-04,7.49329701e-02,9.97382685e-01
9.46919527e-01,1.98842124e-02,6.12367873e-05,9.96019125e-01
9.46361937e-01,1.06060530e-02,3.10457290e-04,9.88097445e-01
0.99369581,0.05327546,0.06110978,0.97591856
9.21186587e-01,8.35336882e-05,2.23034168e-02,9.82277116e-01
9.28353265e-01,1.52233186e-02,5.65450218e-05,9.94054183e-01
9.42509913e-01,4.92902156e-04,7.37002035e-02,9.70975245e-01
9.01187886e-01,7.65640815e-02,8.73231139e-06,9.87813144e-01
9.38590210e-01,3.44080723e-03,8.16906442e-04,9.92121424e-01
9.49242041e-01,5.75283471e-04,6.44055541e-03,9.96510289e-01
9.82616150e-01,5.79747946e-04,1.79497637e-02,9.98807132e-01
0.98972257,0.05306863,0.00458988,0.99986003
0.98428655,0.0039072,0.01346993,0.98648697
9.59985223e-01,3.98467396e-02,8.69907967e-04,9.90126358e-01
0.96435526,0.00661522,0.00509897,0.99862061
9.75974088e-01,7.25329017e-04,7.95686331e-02,9.99242984e-01
0.98263016,0.02126006,0.0930467,0.99968751
9.35040667e-01,2.18478139e-02,1.23500753e-04,9.61771106e-01
0.94592188,0.00723151,0.01336131,0.9904272
0.93351135,0.00622482,0.04557086,0.95683682
0.96620271,0.00896456,0.04206979,0.99873377
0.99658091,0.02515481,0.09402274,0.99998317
0.99616347,0.01770756,0.01754337,0.99995665
0.97736042,0.00116893,0.0794527,0.99913478
0.99344569,0.00544032,0.00893199,0.99991852
0.96849916,0.09363661,0.01178829,0.99892289
0.951711,0.0448793,0.01573674,0.9870567
9.21086794e-01,3.28059929e-05,1.31710714e-02,9.83434982e-01
0.94902738,0.02638426,0.00177071,0.9899345
9.19409152e-01,2.56025293e-04,2.55625182e-02,9.26253117e-01
0.99331806,0.01321349,0.00438944,0.99992933
0.92840297,0.00736872,0.05941256,0.97673574
0.96502524,0.03652074,0.02895013,0.99868822
0.96841247,0.00989649,0.01492877,0.99893707
9.72881580e-01,1.36433144e-02,7.63920169e-04,9.91077652e-01
0.99509537,0.0872909,0.00484162,0.99978659
0.9057618,0.00293655,0.01373271,0.98658788
0.9806186,0.00542177,0.07982593,0.9996087
0.9075364,0.02964394,0.01012874,0.98635359
0.99786717,0.02584518,0.071547,0.99999526
0.98256763,0.06926923,0.0081557,0.99949946
9.46029695e-01,1.24618846e-02,4.57303255e-04,9.62387527e-01
0.97642023,0.06171047,0.07572168,0.99918279
9.35721981e-01,1.43511752e-04,1.40938327e-02,9.94741382e-01
0.99814215,0.03207595,0.08129732,0.99999557
9.06572110e-01,1.76434176e-05,7.49018882e-02,9.87421886e-01
9.23018274e-01,9.18573148e-04,3.48427287e-03,9.92875386e-01
0.96531247,0.00106501,0.07284898,0.99867667
0.9038725,0.01127049,0.00594008,0.97770131
0.99853618,0.08216109,0.01288197,0.99999761
9.52197006e-01,5.82556810e-02,8.62043754e-04,9.97100166e-01
0.97060948,0.03968446,0.09622787,0.99765209
0.9990217,0.06309257,0.09724196,0.99999603
0.93056168,0.02952209,0.07084207,0.99060041
9.56532746e-01,2.07916592e-03,9.12722745e-04,9.97717568e-01
0.90751725,0.00562051,0.00231307,0.97213859
0.92643621,0.00587291,0.00179226,0.99354121
9.28512977e-01,4.09708461e-04,1.61547534e-02,9.93344161e-01
0.95026019,0.00260977,0.0365704,0.99723647
0.9198281,0.04455728,0.00748061,0.99200998
0.96180002,0.02437644,0.0791091,0.9984155
0.9902949,0.00114497,0.04202513,0.99769121
9.35294944e-01,1.37924961e-04,1.54959998e-02,9.94155730e-01
0.97909386,0.00877536,0.06489645,0.9993607
0.96254876,0.02385027,0.00113978,0.99836007
0.9874252,0.0231703,0.00758197,0.90487
9.48052271e-01,2.17669152e-02,3.06572700e-04,9.96989576e-01
0.99738859,0.05569109,0.01128021,0.99997395
0.98246204,0.00667463,0.00210741,0.99968088
0.97567291,0.0021737,0.00599118,0.98105863
9.54806129e-01,4.89354745e-02,2.35191789e-04,9.97626201e-01
0.96357304,0.01799834,0.01332705,0.99844264
9.03998990e-01,2.27143834e-04,2.07895069e-02,9.88813418e-01
9.11270716e-01,8.61862288e-02,9.73322491e-05,9.90596049e-01
0.97107873,0.00371284,0.01286606,0.9990902
0.98517988,0.06234888,0.01114423,0.99967725
0.92730611,0.0337778,0.00146868,0.9919488
0.96227347,0.04341244,0.05568916,0.99845869
9.74608626e-01,3.78021616e-04,3.72322871e-02,9.94058453e-01
9.72441662e-01,4.60047935e-02,2.50751250e-04,9.02708898e-01
9.73386645e-01,2.76187687e-02,4.15179633e-04,9.96056954e-01
0.93112486,0.00554188,0.01148889,0.98492629
9.08354127e-01,9.18345663e-02,7.46452742e-04,9.88953464e-01
0.90670002,0.00270296,0.02782499,0.98883425
0.90922219,0.01187274,0.01345533,0.96242868
0.99445448,0.07727582,0.0888623,0.99995361
0.98715819,0.00112296,0.09635908,0.99943976
9.42642628e-01,1.34858561e-02,8.92021432e-05,9.96280470e-01
0.95677581,0.0155087,0.01386688,0.99759684
9.73180096e-01,4.09997051e-03,9.66561725e-04,9.97928530e-01
9.52884609e-01,7.02211846e-05,1.42826911e-02,9.97535298e-01
0.96274583,0.05231574,0.00133293,0.99766566
0.9946577,0.03778054,0.00277068,0.99892031
0.97955305,0.04837464,0.043652,0.98007478
0.90069,0.00139059,0.00447542,0.98660269
0.93013498,0.00844589,0.00111258,0.98000305
9.83674010e-01,6.35980981e-02,6.78537786e-04,9.99715141e-01
0.95791466,0.04699978,0.06994052,0.99799096
9.72350445e-01,8.53891614e-02,6.82576057e-05,9.41100430e-01
0.9614296,0.08193377,0.01075987,0.99839313
0.98127639,0.00591071,0.01453835,0.99962018
9.22039282e-01,2.23450801e-04,2.60681115e-02,9.92885333e-01
0.93229216,0.00949245,0.01438266,0.99456803
0.98725859,0.00912632,0.00424771,0.9997087
0.99736919,0.018097,0.05534714,0.99999228
0.97674953,0.0935894,0.007848,0.99933181
9.49695966e-01,5.45302214e-02,4.28793396e-05,9.97199820e-01
9.06492906e-01,1.64512548e-04,1.19922348e-02,9.86332806e-01
0.97131236,0.0346555,0.05379746,0.98419458
0.96360309,0.07796967,0.00159354,0.98730363
0.90765287,0.07410891,0.00401759,0.98129805
0.94132529,0.00964617,0.00790283,0.99558106
9.22442235e-01,2.06481247e-04,3.23763989e-02,9.92647600e-01
0.92362567,0.07596519,0.00565405,0.99320834
9.66553726e-01,1.22741430e-04,7.89261693e-02,9.98802585e-01
0.95240705,0.0027772,0.00199195,0.9975082
0.95862763,0.00809761,0.00734661,0.99808229
9.67306676e-01,2.34109267e-02,3.83038104e-04,9.95954527e-01
0.98844179,0.08880239,0.00116694,0.9998536
0.99402697,0.06549986,0.00823572,0.95054215
0.98910759,0.00674364,0.00963159,0.91113382
0.98814073,0.00153808,0.01939095,0.99785051
9.03579812e-01,1.14273497e-03,7.88532134e-04,9.45565777e-01
0.98631624,0.00331506,0.01408147,0.99980525
0.99602463,0.01454772,0.07600321,0.99998372
0.98209983,0.079096,0.00606776,0.99347569
0.94578887,0.00263652,0.02461372,0.98548412
0.97221899,0.01434818,0.05665842,0.99917705
9.54424898e-01,1.11672756e-04,2.12166735e-02,9.96642585e-01
0.95066187,0.01448456,0.03622386,0.97386255
0.97905355,0.0189602,0.00416758,0.99953122
0.99576323,0.06964586,0.00441848,0.99997756
0.96655714,0.00161735,0.03314663,0.991065
0.92339681,0.07223725,0.00253555,0.99275893
0.99620968,0.01277953,0.02669661,0.99963257
9.20964764e-01,1.25381954e-02,3.07704897e-04,9.60404050e-01
0.97991835,0.04204631,0.00501377,0.94514698
9.24753623e-01,7.32980015e-04,5.90978674e-03,9.93272724e-01
0.98160419,0.06339749,0.00216128,0.96352204
0.99542948,0.02468452,0.03712654,0.99996857
0.9888055,0.02311793,0.04482104,0.90771232
0.95322242,0.00423605,0.00340818,0.99759861
0.97720277,0.03785886,0.0235551,0.99945575
0.97768368,0.00183896,0.07586682,0.96178334
0.98973933,0.01054643,0.02101887,0.99988851
0.98243652,0.07108213,0.04420135,0.99955849
0.96844591,0.05319274,0.02007403,0.99221214
0.99701995,0.04914445,0.07551837,0.99501392
9.84846621e-01,5.85638129e-02,2.36520732e-04,9.99737734e-01
0.99697899,0.07449803,0.01259454,0.98661417
0.94605102,0.00247116,0.00576109,0.99527243
0.99621904,0.03474896,0.00932514,0.99998449
0.92133625,0.06893626,0.00110559,0.99182545
0.9577158,0.00104121,0.00120912,0.98423282
0.98960149,0.02835141,0.04394394,0.9998769
0.99124404,0.0292624,0.00165634,0.99986592
0.9553795,0.03814809,0.02300002,0.95346783
0.91847753,0.06162506,0.00777447,0.99217729
9.06401475e-01,7.58892169e-02,2.17435458e-05,9.41286582e-01
0.94066069,0.00428619,0.00156338,0.97226483
9.84878254e-01,5.64297654e-02,4.61004913e-04,9.99723484e-01
9.42284774e-01,8.49742784e-02,1.11536149e-04,9.90678602e-01
9.02430558e-01,3.25683134e-06,8.52478763e-02,9.30116917e-01
0.94721529,0.00486272,0.07811194,0.99650338
9.23782214e-01,3.28340738e-04,8.87004045e-02,9.91832651e-01
0.95891847,0.01420102,0.07914798,0.95750235
9.76377433e-01,7.92485317e-02,8.33606122e-04,9.99414926e-01
0.98707481,0.03390633,0.02103775,0.999144
0.99040449,0.00165039,0.04124878,0.99983287
0.96139229,0.00836464,0.02772285,0.96153162
0.94744025,0.08758655,0.0959542,0.97587992
0.95256944,0.08290936,0.09869511,0.99506967
0.97649853,0.00148874,0.00496532,0.99933643
0.98038948,0.00373146,0.02391193,0.99957896
0.99487472,0.00960405,0.03981137,0.99773385
0.98886341,0.01662079,0.01569134,0.9998075
0.96018833,0.04103872,0.0224096,0.99528966
9.72813857e-01,9.33659276e-05,8.34510690e-02,9.98986280e-01
0.96614672,0.00880107,0.05820795,0.99876277
0.98786566,0.00867305,0.05734702,0.99984673
9.14261521e-01,3.93595670e-02,5.56393493e-04,9.91211230e-01
0.95939718,0.03741931,0.00110136,0.99722535
0.97932415,0.09663728,0.08473465,0.99485696
0.93757393,0.00773244,0.04133897,0.99558551
0.98472222,0.08351927,0.00226028,0.98620666
0.95589,0.00156381,0.01853303,0.99787397
9.82296753e-01,5.10108896e-02,1.62560147e-04,9.99674256e-01
0.95444949,0.0085087,0.08138426,0.99694583
0.99063685,0.08443369,0.03423396,0.9967191
0.96478847,0.01217108,0.00223527,0.99865695
0.97402213,0.02609119,0.02807673,0.99829484
0.94659305,0.02407875,0.00138178,0.99641741
0.93402661,0.02824788,0.0099137,0.99402215
9.43771127e-01,1.25385281e-04,7.38879564e-02,9.61520004e-01
0.96447838,0.09527909,0.01546683,0.99864389
0.92151295,0.00919403,0.02490995,0.99264529
9.32452284e-01,3.89936228e-04,4.37823748e-02,9.69647965e-01
0.99134914,0.0994445,0.00368209,0.92643863
9.33067326e-01,1.08670826e-04,4.63008395e-02,9.05774236e-01
0.95709727,0.09661997,0.00097486,0.97011765
0.98762909,0.0119753,0.082498,0.99958892
9.84569545e-01,5.71174690e-02,8.70206666e-04,9.99754406e-01
9.62496228e-01,6.05124766e-02,6.09207202e-04,9.97570696e-01
0.93526928,0.06689283,0.04117784,0.99501972
0.99575988,0.01597117,0.07455925,0.99950261
0.907683,0.09067208,0.00174591,0.98716476
0.96929191,0.00131939,0.00193925,0.98301827
0.98741096,0.01329319,0.00461073,0.99983421
0.95787888,0.08920152,0.00692947,0.99806997
0.98952072,0.04797642,0.01593781,0.99988124
0.96318971,0.00241272,0.00232041,0.99783171
0.9461284,0.00428191,0.00151372,0.99667737
9.24528720e-01,9.39730550e-04,5.04175669e-03,9.90477545e-01
0.98694901,0.00156543,0.0696034,0.97818995
0.97946478,0.01343427,0.06256055,0.99943403
0.99542616,0.06100882,0.03606306,0.99995209
0.97716971,0.00206244,0.00231901,0.99944857
0.98344626,0.08580064,0.00630739,0.99970188
0.95370698,0.00863323,0.00410304,0.99758828
0.9644502,0.00190435,0.01706265,0.99852845
0.98839102,0.02820083,0.00100647,0.99967092
0.9954708,0.01277172,0.01567645,0.99983744
0.96765954,0.05469878,0.00705486,0.99881478
0.98430887,0.06304743,0.04108742,0.99960932
0.93470103,0.03982208,0.05974685,0.99504411
9.14808555e-01,2.41617688e-02,8.35409183e-05,9.86598502e-01
0.97594845,0.02734734,0.08524414,0.99920718
0.96779662,0.00226068,0.0150623,0.96517267
0.96355764,0.00750077,0.00190038,0.98193903
9.73964155e-01,1.39904813e-04,6.51336177e-02,9.98898909e-01
0.93192835,0.05129188,0.00555692,0.97014742
9.09425869e-01,1.64002519e-04,2.88936075e-02,9.88140812e-01
9.19694122e-01,2.83778155e-02,1.15139090e-04,9.10945519e-01
9.80944050e-01,7.93443741e-04,2.81629974e-02,9.23106634e-01
0.99747095,0.02461973,0.07253442,0.99999345
0.97410161,0.06146504,0.01977041,0.99926281
0.99237031,0.08051235,0.00353848,0.99992554
9.54697268e-01,5.49258386e-05,5.29533143e-02,9.97707567e-01
9.63780624e-01,8.38390857e-02,2.70023165e-04,9.98196233e-01
0.99530586,0.01722059,0.04946743,0.95166996
0.92359833,0.01636252,0.08485923,0.99295584
0.98553207,0.0910636,0.00355063,0.99581571
9.04489020e-01,1.13168705e-04,2.00921715e-02,9.45597496e-01
0.92167731,0.00615038,0.09546565,0.98409137
0.97156191,0.06193223,0.06614757,0.99896195
0.9275523,0.08310401,0.09889671,0.96597936
0.98317969,0.01320038,0.06210739,0.99947274
9.25603674e-01,4.87574580e-02,7.33338672e-04,9.76738790e-01
0.98823576,0.01295943,0.07233831,0.95598686
9.58053971e-01,9.34475582e-02,9.04819798e-05,9.80142989e-01
0.90134538,0.0020091,0.02572392,0.98815518
0.99870005,0.04372085,0.06993807,0.99842721
9.91247021e-01,9.31797859e-02,8.81355283e-04,9.99866223e-01
9.83426375e-01,7.84691656e-02,4.08470715e-04,9.99714955e-01
0.99641045,0.01107294,0.05323968,0.99996574
0.91973441,0.04754246,0.00105761,0.93018121
9.78534875e-01,9.78371981e-02,8.94920788e-05,9.99441826e-01
9.53637618e-01,8.36117740e-02,4.22812154e-05,9.92918706e-01
0.90054452,0.01147286,0.0375818,0.98770282
0.91158965,0.04300892,0.02637601,0.99067625
0.92923055,0.00602914,0.00576182,0.97522119
0.95271205,0.00498494,0.01882146,0.96926619
9.37101936e-01,2.89449509e-04,7.16981234e-03,9.94357046e-01
0.99437017,0.09164665,0.0568334,0.91382329
0.97651355,0.04473167,0.0354516,0.9993982
9.43179527e-01,4.39170256e-02,7.79517824e-04,9.94149700e-01
0.99644922,0.08804474,0.00450042,0.9999615
9.90296376e-01,6.53321377e-04,5.38754718e-02,9.81544892e-01
0.9885668,0.01514645,0.00248982,0.99849259
0.96623456,0.00202832,0.03820916,0.93422568
0.96510508,0.00143592,0.00401742,0.9986573
9.77012273e-01,1.86565262e-04,2.12228171e-02,9.94693199e-01
9.77078405e-01,4.90581082e-02,1.35249996e-04,9.98832986e-01
0.97949151,0.00454892,0.00330814,0.99946093
0.97161353,0.04540886,0.00285693,0.99884575
9.00451773e-01,5.49779941e-03,3.20724165e-05,9.68458462e-01
0.96041535,0.00462436,0.02310324,0.99829755
0.96414312,0.05200129,0.09493521,0.99861006
0.9990269,0.04001696,0.07941408,0.99992954
0.94707478,0.00349935,0.09539765,0.99688657
0.94920684,0.00923072,0.02799165,0.99100483
9.53711961e-01,1.68987426e-02,1.14667585e-04,9.93704442e-01
0.95060927,0.01071785,0.05165707,0.99039234
0.90779092,0.02419786,0.0584541,0.90326363
0.99318853,0.07467094,0.02666727,0.99977924
9.33824094e-01,7.46196169e-05,6.93893277e-03,9.93135155e-01
9.86265405e-01,3.08770404e-02,8.23964847e-04,9.95896300e-01
9.48994342e-01,1.93369938e-04,1.14683278e-02,9.96925655e-01
9.04514010e-01,4.79131897e-04,1.18352445e-02,9.46079540e-01
0.97764617,0.0846679,0.06990185,0.93556696
0.91130938,0.00932298,0.01954984,0.98461489
9.58425932e-01,4.23135880e-05,8.12793506e-02,9.96197847e-01
0.97462072,0.00740784,0.06029326,0.99645224
0.9845379,0.04606646,0.01157669,0.99975025
9.54128936e-01,2.29689287e-04,2.66049512e-02,9.97667094e-01
0.94731585,0.00842947,0.01258019,0.99162528
0.97908348,0.0014069,0.06639314,0.99915663
0.96892228,0.00239169,0.02615027,0.99870237
0.96326539,0.01641305,0.00639971,0.9985462
0.99555512,0.03796618,0.09169946,0.99991075
0.95731659,0.00118738,0.00733436,0.99174049
0.96260817,0.00683848,0.00525643,0.98846267
0.98693873,0.0405161,0.00196019,0.99979145
0.97167611,0.01795498,0.00570566,0.99902341
0.97599309,0.01251251,0.0187348,0.99451241
9.41899771e-01,2.64663947e-03,3.65825609e-04,9.93949980e-01
9.09953381e-01,1.34830224e-04,2.48050705e-02,9.85795378e-01
9.30402711e-01,8.48546684e-04,1.18060913e-02,9.76023021e-01
0.90167043,0.09312105,0.0203507,0.98639065
0.99562115,0.02644859,0.08024738,0.99471502
0.92122638,0.00413616,0.00121881,0.99267118
0.97565075,0.05818328,0.00307296,0.99526542
9.62169088e-01,1.06956322e-04,8.87226124e-02,9.98406814e-01
0.95365317,0.06134103,0.00478574,0.90791531
0.99048655,0.01276937,0.09335948,0.99990676
9.58073774e-01,9.01609013e-04,3.72954369e-02,9.97957032e-01
9.49790953e-01,3.90612552e-02,7.33582970e-05,9.84653601e-01
9.57125427e-01,2.44118776e-03,6.67108516e-04,9.97428320e-01
0.99623415,0.00475473,0.05612796,0.99995452
9.56794170e-01,6.06599252e-04,1.05673619e-02,9.40570871e-01
0.98256245,0.00711137,0.08093259,0.99583926
0.98611225,0.00263319,0.05325156,0.94089652
0.99414143,0.00402339,0.05135863,0.99982818
0.98028043,0.00127319,0.02235963,0.98864406
0.97955496,0.02680411,0.00193554,0.99955835
0.99008521,0.09929913,0.02396523,0.99958362
0.96066084,0.00627339,0.02492936,0.96868906
0.97161024,0.01370903,0.02383361,0.99914694
0.9672665,0.0087521,0.03299463,0.94339963
0.91512739,0.01603802,0.0440818,0.96530363
0.96019353,0.01037023,0.00230592,0.99828324
0.9605904,0.0024424,0.02110574,0.98946087
0.97902312,0.01098275,0.00519816,0.99881526
9.24911879e-01,3.45617309e-02,1.18532794e-04,9.82148349e-01
0.90954095,0.02882633,0.01824148,0.98983716
9.26415810e-01,1.93248434e-05,7.20858877e-02,9.07739318e-01
9.85416089e-01,9.44382462e-04,2.31173999e-02,9.95202620e-01
9.52287962e-01,4.06250216e-05,7.54298680e-02,9.94991320e-01
0.97824243,0.00332053,0.01595679,0.94781247
0.91077187,0.03895235,0.0093942,0.99007362
9.08856795e-01,4.05721666e-04,2.57352975e-03,9.89927024e-01
0.9615966,0.00102467,0.01859584,0.99834602
0.99765834,0.06276988,0.01898451,0.99964129
9.24489274e-01,8.14814617e-04,2.41927346e-03,9.42135830e-01
0.99403007,0.05878033,0.00355013,0.99996362
0.98782114,0.01932985,0.09585698,0.99530329
0.96296296,0.00719077,0.00881936,0.99852054
0.98309986,0.03772875,0.09501102,0.99878527
0.98193344,0.0030615,0.05884868,0.9996614
9.26243371e-01,2.86927882e-04,1.19982853e-02,9.50865304e-01
0.98607703,0.0628635,0.00272406,0.99978361
9.64328914e-01,9.57464563e-02,4.96560806e-04,9.61646928e-01
9.88073586e-01,8.59505506e-02,2.70859787e-04,9.99849101e-01
0.98187673,0.00674376,0.00732455,0.99931754
0.97975843,0.00794356,0.01641223,0.99724849
9.43887933e-01,2.68413673e-05,6.81917645e-02,9.96380811e-01
0.97897947,0.01078365,0.07434835,0.99927263
0.97623787,0.00271263,0.02046605,0.94214879
9.54247282e-01,6.96081217e-04,6.30288519e-02,9.93779803e-01
0.97086614,0.00539599,0.03380927,0.99862426
0.94348313,0.06790031,0.00375969,0.98864702
0.99062469,0.02509051,0.02042893,0.99648207
0.93347268,0.00321115,0.0132362,0.99221679
0.93013747,0.02821843,0.00106194,0.96548661
0.99305749,0.07995517,0.01821509,0.99341673
0.98960911,0.02345776,0.03566587,0.97820186
9.80631582e-01,1.19941472e-02,6.59054841e-04,9.99603323e-01
0.99762544,0.09141002,0.01815805,0.99999431
9.11342948e-01,2.64717275e-04,6.32782984e-02,9.89040411e-01
0.97136189,0.00334077,0.02084163,0.96666435
9.78564304e-01,9.66412608e-02,3.48131146e-04,9.99368330e-01
0.96917924,0.07724684,0.00593085,0.94588699
9.56294214e-01,4.83381491e-04,2.67840893e-02,9.96873895e-01
0.99369416,0.01866949,0.05519199,0.99385798
9.71160620e-01,5.18749485e-05,8.37549731e-02,9.98754987e-01
0.99168796,0.0135567,0.01202262,0.99992945
9.12875220e-01,5.27593019e-04,1.57881946e-02,9.90042870e-01
0.97753237,0.01113251,0.00302136,0.99076387
0.90458822,0.00109759,0.00987992,0.98408111
0.95653299,0.06775963,0.07500239,0.99794634
9.69671571e-01,1.92990201e-04,4.01400605e-02,9.91112047e-01
9.38031929e-01,5.71026771e-02,4.04411519e-04,9.57197035e-01
9.58778098e-01,4.82829963e-02,7.37206341e-04,9.98141721e-01
0.96347915,0.0321178,0.00423858,0.9986229
0.93053303,0.01812587,0.01320714,0.99370989
0.98770711,0.00999438,0.00596579,0.99948469
9.29081896e-01,7.67307523e-02,3.82922744e-05,9.88826359e-01
0.92316566,0.04465967,0.0155961,0.98461173
0.99318678,0.00551728,0.00966763,0.99952228
0.91708018,0.01480769,0.00944759,0.98018265
0.96856655,0.00186493,0.00152242,0.99890336
9.01781039e-01,1.75461195e-03,2.98253947e-04,9.84064573e-01
0.9518054,0.08241892,0.02813149,0.99716558
0.99283652,0.06068888,0.00119682,0.99994552
9.58019478e-01,1.08269336e-02,2.95191027e-04,9.98055282e-01
9.72453062e-01,5.76472757e-05,7.42356063e-02,9.99181434e-01
0.90180311,0.0029234,0.00720237,0.98790158
0.99480074,0.00719741,0.01096934,0.99968213
9.08860189e-01,9.81833059e-03,1.15174622e-04,9.89474017e-01
0.93816678,0.08548559,0.00612138,0.96814634
0.9469665,0.00226876,0.00775371,0.99687237
9.17273332e-01,4.24750406e-03,5.58413949e-04,9.87902530e-01
0.94766746,0.00287368,0.03141338,0.9637377
0.97132594,0.03786131,0.02251773,0.95224535
0.98838749,0.00510585,0.02103383,0.99981577
0.91229928,0.08658821,0.03513328,0.99081574
9.08159101e-01,7.85845554e-04,5.37433410e-02,9.90144099e-01
9.21682750e-01,7.86567202e-04,2.29511987e-02,9.48004729e-01
0.97142575,0.02345301,0.00476289,0.999132
0.99659308,0.00980432,0.06953607,0.99998719
0.94471674,0.00242372,0.02741403,0.99631135
9.46279291e-01,8.96613060e-02,3.84489375e-04,9.96774742e-01
0.98160347,0.00206688,0.03014331,0.99670144
9.33677159e-01,2.99572972e-02,3.01471189e-05,9.91933122e-01
0.96578242,0.01213756,0.00283372,0.99615116
0.9106791,0.00743689,0.00923303,0.9904715
0.97263105,0.00788705,0.06641531,0.99253581
9.90204170e-01,7.62894040e-04,5.07419693e-02,9.99848708e-01
0.98749346,0.00513227,0.01693464,0.99976484
0.90998141,0.04681706,0.00128498,0.98323793
0.92347476,0.09853915,0.00702958,0.99303645
0.99591984,0.02218886,0.0601595,0.99997498
0.90445481,0.0029909,0.00387798,0.98532683
9.41313546e-01,8.24548465e-05,4.84217480e-02,9.90845124e-01
9.28631305e-01,9.09862429e-03,7.33593478e-05,9.94124820e-01
9.00466223e-01,1.61510481e-02,7.83759001e-04,9.17612423e-01
0.99561341,0.07488534,0.08079604,0.9995628
0.95334037,0.02354538,0.00207748,0.99441106
9.59565731e-01,2.69616275e-04,9.87732945e-03,9.96983117e-01
9.78196985e-01,4.16542314e-04,1.50341400e-02,9.94732814e-01
0.99651271,0.01520661,0.06803593,0.99995774
0.91557282,0.00150457,0.01792608,0.90916091
0.99172971,0.07069974,0.07091378,0.99848563
0.97862342,0.00138388,0.04495528,0.99839818
0.97536046,0.08147344,0.00607988,0.99493755
0.9633661,0.00459514,0.00986762,0.99830755
0.9182105,0.0155394,0.00123695,0.99200542
0.90571128,0.0790702,0.00273678,0.96475902
0.99843896,0.08344857,0.03005423,0.9943624
0.99856995,0.08224394,0.0271109,0.99999403
0.96459452,0.01409314,0.03636669,0.98536794
0.98035315,0.03888389,0.0023459,0.97524157
0.93353414,0.00161862,0.00222247,0.99303789
0.92939888,0.02839728,0.00620262,0.95596331
0.99628369,0.02410543,0.09383364,0.99998601
0.9891556,0.07753712,0.08921224,0.9693813
0.99369887,0.09909457,0.00346752,0.99993845
0.99648632,0.03734304,0.00572693,0.99412714
0.99629864,0.06498243,0.00999456,0.99893791
0.93239752,0.01139425,0.016524,0.99456387
0.9693915,0.04294129,0.001064,0.99382188
9.71625217e-01,3.57434790e-04,9.30150646e-02,9.96657254e-01
0.99274225,0.02200472,0.02952031,0.99994647
0.92317523,0.00710726,0.01602153,0.94806585
0.97870471,0.00272475,0.09331025,0.99499842
0.96787294,0.02099347,0.06318816,0.99846216
9.31561255e-01,6.23929126e-03,9.49374662e-04,9.91642381e-01
0.96186006,0.00148145,0.00716689,0.99833116
0.93505276,0.00103137,0.01979902,0.9062602
9.76393435e-01,1.29098673e-02,4.93820833e-04,9.99415020e-01
9.41081892e-01,7.49256468e-04,8.44112446e-02,9.96109606e-01
0.91937497,0.01600506,0.04073563,0.93713944
0.99412316,0.01857729,0.02461713,0.99981745
0.96312093,0.0039862,0.00709062,0.99547299
0.96037483,0.02920719,0.0100114,0.99829664
0.91870183,0.08632523,0.08128413,0.98190032
0.98841641,0.00456476,0.02641461,0.91679054
9.62974162e-01,7.29123737e-02,6.28889544e-05,9.72844719e-01
9.15189287e-01,1.78144614e-02,1.80449446e-05,9.47371577e-01
9.52795401e-01,6.86822152e-04,1.70819388e-02,9.94717169e-01
9.77331466e-01,5.73300678e-04,2.02226809e-02,9.99435709e-01
0.91187848,0.03269702,0.01765421,0.99016372
0.94578123,0.03968004,0.01908273,0.99668654
0.9404521,0.01183091,0.00960854,0.91369351
0.98720773,0.00392078,0.04788127,0.99978191
0.96057366,0.02911923,0.00949881,0.99754085
9.23979538e-01,1.74685665e-02,5.69515702e-04,9.92835724e-01
9.60565714e-01,4.50864775e-02,8.98510533e-05,9.96785049e-01
9.28374881e-01,2.00609360e-04,6.62686362e-02,9.93841430e-01
0.96906659,0.00382044,0.00129869,0.99633171
0.92801005,0.0222839,0.05141702,0.99314901
0.99017694,0.00724315,0.03406628,0.96448232
0.98943402,0.00514159,0.00979808,0.99936365
9.28875997e-01,4.58183215e-04,4.10994579e-02,9.93944908e-01
0.99519571,0.0493342,0.01195919,0.99997363
0.96497556,0.00590258,0.00821337,0.98691263
0.91629587,0.07751382,0.00109392,0.99172387
9.36503289e-01,9.01882384e-02,9.33540510e-06,9.89597385e-01
0.97079461,0.01376824,0.00145757,0.99909528
0.99805992,0.09360416,0.00888575,0.99999533
0.99597934,0.08257078,0.00786537,0.99996165
0.97077166,0.00541249,0.02108724,0.99908883
0.96034648,0.00796452,0.03928839,0.99460187
0.92468683,0.0087376,0.06364249,0.97343776
9.62800532e-01,2.57197518e-02,1.56078353e-04,9.98404974e-01
0.97629613,0.00325874,0.00214726,0.99941077
0.90313383,0.00124865,0.00121556,0.97453536
9.33696754e-01,2.90818605e-02,3.54701863e-04,9.94873185e-01
9.40057624e-01,3.80823321e-02,5.88436154e-05,9.66319931e-01
0.97120644,0.00671511,0.03561135,0.99604262
9.62771345e-01,6.02910828e-05,3.73365726e-02,9.98179497e-01
0.94922815,0.00720859,0.05891583,0.99678339
0.90371636,0.00957661,0.01032317,0.9887462
9.29509753e-01,2.01169037e-04,7.64235423e-02,9.94281235e-01
0.95912417,0.02691159,0.01564328,0.98986752
0.97821883,0.07199602,0.00157052,0.9995044
0.97276613,0.08614617,0.01716336,0.98383562
9.40470107e-01,6.38691887e-03,1.59153076e-04,9.88040420e-01
9.12131040e-01,4.85793208e-03,1.52449408e-04,9.82619941e-01
0.90509409,0.00136678,0.02383313,0.98912022
9.69079987e-01,2.76751889e-04,9.33803717e-02,9.98927380e-01
0.94888889,0.0026875,0.03674894,0.99476618
0.96407684,0.00372545,0.06317931,0.99677712
0.99632897,0.04895439,0.01818641,0.99998621
0.9632123,0.00439357,0.06726644,0.99554981
0.95231126,0.0254461,0.03555298,0.99731037
0.98722969,0.00127126,0.06512546,0.99591085
9.02276850e-01,1.65561660e-05,6.84520560e-02,9.80698613e-01
9.21151206e-01,2.09621853e-03,3.39703672e-04,9.91997804e-01
9.24659056e-01,3.95584097e-04,2.39318253e-02,9.93233146e-01
9.44093115e-01,3.06943946e-05,7.41585632e-02,9.96018666e-01
9.24597593e-01,5.10477406e-02,3.65828367e-05,9.93313849e-01
0.96762956,0.00356496,0.00219984,0.97623373
9.25186813e-01,2.06975393e-02,3.01072875e-04,9.88331614e-01
0.99130509,0.01258572,0.06749339,0.99969755
0.98154359,0.04836391,0.01537301,0.99938611
0.94097043,0.09550902,0.00932703,0.996041
0.9671708,0.03525858,0.01438366,0.99878562
9.74279380e-01,3.33644982e-04,2.41082853e-02,9.92374994e-01
0.97486365,0.01531765,0.00188238,0.95177946
0.99525259,0.07888397,0.09962446,0.99997718
9.44052522e-01,5.57560144e-02,2.43744047e-04,9.95567829e-01
0.9378718,0.01235684,0.02077347,0.99522269
0.96573487,0.00376351,0.06927806,0.99685091
0.96709865,0.00235408,0.00248967,0.99849205
9.18760847e-01,1.03514243e-02,7.33340815e-04,9.18822920e-01
0.91171511,0.0557448,0.03177291,0.99067349
0.97540637,0.00433358,0.0031213,0.99807661
9.07907090e-01,5.66896806e-02,3.46066990e-04,9.14021923e-01
0.92945909,0.0014968,0.01781973,0.92539679
0.96749396,0.00915602,0.05772253,0.99828704
9.36488458e-01,9.72955852e-05,2.76555994e-02,9.95362222e-01
9.14218406e-01,1.76639972e-02,2.17957557e-04,9.90881488e-01
0.90872677,0.00513593,0.00959713,0.99000847
0.98658519,0.06529785,0.0399777,0.99924067
9.58588110e-01,1.73071112e-02,7.11642242e-04,9.93316913e-01
9.15026234e-01,4.67605669e-02,1.51047719e-05,9.90483114e-01
0.96784086,0.00664677,0.08799278,0.99886226
0.96726632,0.04231768,0.02531612,0.99592758
9.74016999e-01,6.04807096e-04,6.16918113e-02,9.98742878e-01
0.96841191,0.0346693,0.05453988,0.99850141
9.90127088e-01,8.22899762e-02,7.17300825e-04,9.99898542e-01
9.74663131e-01,8.10822506e-04,6.43265246e-03,9.99320575e-01
9.44120850e-01,9.78703605e-02,4.50034509e-05,9.80536248e-01
0.98398385,0.07467319,0.00357323,0.99893019
0.97734031,0.01784734,0.059273,0.99938594
0.99318878,0.06680741,0.05162944,0.99994621
0.99663943,0.08752467,0.01423567,0.99995646
0.99673252,0.09971171,0.0062899,0.99998894
0.97211328,0.0044614,0.07842961,0.99917727
0.93108961,0.00799904,0.02657032,0.9615629
0.97350107,0.00797405,0.00499396,0.99311603
0.98652453,0.03092049,0.00401979,0.99981317
0.99510212,0.08188139,0.01426361,0.99996881
0.98040787,0.01375564,0.09575924,0.99959944
0.9035044,0.02574442,0.01005887,0.94656306
0.99794895,0.04529384,0.03515598,0.99999574
0.90463379,0.06318131,0.05342176,0.9606275
0.94724462,0.00682569,0.01970011,0.98830051
0.97119874,0.00207259,0.05875064,0.99912109
0.98191847,0.00982725,0.03172244,0.99961242
9.72468792e-01,7.01168384e-02,1.14264979e-04,9.99198807e-01
0.99668697,0.00343075,0.08056942,0.9983436
0.97238533,0.00380485,0.09550374,0.99754172
0.97406457,0.06047472,0.01152841,0.99926017
0.99333437,0.01716829,0.03899079,0.99378438
0.9262694,0.00282954,0.00885529,0.9937051
9.58731934e-01,5.56445059e-04,2.93312905e-02,9.89888167e-01
0.94483706,0.00411222,0.01594717,0.99537171
9.65196958e-01,9.90962117e-04,4.82199510e-02,9.98566438e-01
9.31157026e-01,8.23254455e-02,1.21416444e-05,9.89671972e-01
0.97370178,0.00176514,0.05621486,0.99923364
0.99545066,0.0538536,0.00386282,0.99944561
9.24842674e-01,9.42604570e-05,5.22562574e-03,9.86002043e-01
9.77858577e-01,1.02924701e-02,4.47891686e-04,9.96204550e-01
0.99780299,0.01338498,0.0992368,0.99999506
0.99787492,0.06249864,0.05640312,0.99999542
0.97561186,0.01872654,0.02913882,0.99707735
0.98270453,0.00228178,0.00629553,0.99953228
0.9964128,0.01708431,0.04164326,0.94083219
0.96308598,0.00411141,0.00647513,0.9985335
0.99486958,0.00288938,0.0691188,0.99540639
0.93225538,0.01790177,0.00905091,0.99094197
0.95453465,0.01717604,0.00331892,0.97747907
0.93458769,0.01378215,0.01323783,0.9950316
0.99072462,0.01261325,0.00549672,0.9998773
0.90134438,0.00167854,0.00187783,0.93681751
0.98836783,0.00125201,0.05139117,0.99170742
9.24512040e-01,7.21895378e-02,2.57976338e-04,9.92152609e-01
9.92059846e-01,7.73916741e-04,5.47060756e-02,9.99913021e-01
0.94687459,0.00132331,0.07893194,0.99668492
0.96686615,0.00316334,0.0028379,0.93294209
9.40817209e-01,8.98462790e-04,1.57923147e-03,9.95034698e-01
9.26305127e-01,2.62846545e-04,1.92156399e-02,9.91484401e-01
0.98133027,0.00943596,0.0400725,0.96008058
0.99463129,0.03810032,0.00564623,0.99997033
0.96764061,0.07677832,0.00268991,0.99886746
9.47731308e-01,6.39635541e-02,3.61513261e-04,9.96219184e-01
0.9565373,0.03372505,0.05616106,0.99360522
0.96578492,0.05765325,0.01201096,0.99747267
9.19192981e-01,1.51375571e-04,3.32227563e-03,9.92159381e-01
9.91738328e-01,7.61841491e-02,6.61661971e-04,9.99737060e-01
9.55074385e-01,8.46755095e-02,5.61961663e-04,9.94793309e-01
0.9691514,0.04612488,0.00121568,0.99688974
9.03445696e-01,3.82648027e-04,3.11096551e-02,9.88195890e-01
0.96904813,0.00148902,0.06034754,0.99886584
0.937177,0.00952711,0.03976252,0.99552568
0.95255842,0.03804555,0.08308214,0.99736824
0.96410339,0.0635494,0.00122887,0.998582
0.98539068,0.0596701,0.00337984,0.99966981
9.31731352e-01,1.36953574e-04,8.59301336e-03,9.07809988e-01
0.97206697,0.0166975,0.04732763,0.99304137
9.09857696e-01,5.54880254e-04,1.63442567e-03,9.87335079e-01
0.95133589,0.00216991,0.00203194,0.99677971
0.96252539,0.05826693,0.00543596,0.99835648
0.98233608,0.01060426,0.0768919,0.90416225
0.98689808,0.05919774,0.00906165,0.99982375
0.99649261,0.01068957,0.07712452,0.99899038
0.92670615,0.02767879,0.00332853,0.99367493
0.99105227,0.0080902,0.04994651,0.96531458
0.99126916,0.04871172,0.09686514,0.99991091
0.97510433,0.00145928,0.07056919,0.99329269
0.95897318,0.00180206,0.03320105,0.98509121
9.83411266e-01,8.63846720e-04,6.08121832e-02,9.99577886e-01
0.95567394,0.01448781,0.07751795,0.99048086
0.94669428,0.01149629,0.08878544,0.98613903
0.92892546,0.058092,0.00166031,0.99417883
0.94964752,0.03161554,0.09861719,0.99700944
0.98527536,0.01338017,0.08871551,0.99958397
0.99190365,0.04686397,0.0192353,0.99983852
0.99542008,0.04626036,0.02046406,0.99997443
9.49336674e-01,1.93636324e-02,1.86098830e-04,9.95670220e-01
0.98138572,0.03923691,0.06976969,0.99958401
9.83368111e-01,4.84411248e-04,3.90486311e-02,9.54906210e-01
0.9360755,0.00842376,0.00272368,0.99534878
0.96679824,0.04670864,0.05059526,0.99835585
0.95654232,0.00518327,0.01419939,0.97940982
0.94421122,0.01488659,0.01998324,0.99640002
0.9747986,0.01719592,0.00391015,0.99929291
9.83279652e-01,5.68163841e-04,6.88450192e-02,9.99203757e-01
9.67556810e-01,6.74883464e-04,9.51258620e-02,9.35473160e-01
9.32764274e-01,4.05150268e-03,5.44135059e-04,9.92797456e-01
0.99220418,0.00498004,0.04912865,0.97937048
0.97880686,0.04323772,0.05438717,0.91537998
0.90160092,0.00254472,0.01742002,0.91926985
0.95009608,0.01597988,0.06973619,0.97242776
9.05983918e-01,5.68474403e-04,9.19044135e-03,9.81109745e-01
0.97504165,0.01564688,0.00452595,0.95584043
0.93227498,0.0033009,0.00450034,0.97807885
0.90893837,0.00099616,0.0244783,0.990057
0.97584558,0.00973953,0.01931464,0.99807924
0.99202785,0.00690404,0.02317335,0.99992508
0.99648894,0.03524651,0.03519647,0.99120764
0.99757797,0.01532802,0.04757719,0.99959246
0.98804048,0.0218305,0.0265568,0.99479322
0.99084055,0.06866446,0.02616319,0.97995578
0.98955537,0.0096352,0.01810393,0.99977783
0.98266737,0.02722693,0.0087149,0.99968891
0.91968041,0.02467583,0.09043019,0.9780348
0.92447602,0.00175407,0.03552565,0.9748239
0.97265243,0.00937204,0.04463483,0.99913536
9.55167575e-01,2.28445549e-02,2.49155801e-04,9.97787446e-01
9.17916018e-01,1.68686266e-04,3.22067560e-02,9.67779632e-01
0.93715099,0.01155363,0.01083771,0.99224553
0.93573441,0.05643169,0.00846142,0.99503938
0.91102313,0.05234708,0.00255172,0.98775081
0.96945305,0.01415272,0.00144581,0.99826788
0.91560008,0.00135724,0.00100789,0.95721663
0.95414799,0.00213003,0.00805098,0.99753226
0.93288588,0.0238849,0.01122954,0.95602738
9.42139167e-01,2.23945558e-04,2.83096481e-03,9.96223647e-01
0.97236193,0.04588654,0.06529791,0.997
0.91182049,0.00810969,0.07865303,0.98177444
0.95139825,0.06576161,0.01737707,0.93080758
9.21959484e-01,7.98945100e-05,4.86410351e-02,9.92582754e-01
9.38166142e-01,1.24664121e-04,1.59191286e-02,9.85705052e-01
0.95368544,0.01269919,0.05767918,0.92407878
0.93212065,0.03893654,0.00427598,0.91908265
0.97905099,0.02402949,0.00175162,0.97706656
0.99204047,0.06354273,0.00405513,0.99913504
9.31401721e-01,2.48714227e-04,8.43113335e-02,9.93749295e-01
0.9927041,0.00493451,0.02941515,0.99993197
9.71580376e-01,3.74438703e-05,7.87160647e-02,9.99079849e-01
0.91109059,0.03477541,0.0512649,0.990321
9.78641698e-01,8.50335215e-04,9.24091355e-02,9.99271537e-01
0.97934045,0.07220575,0.00348107,0.99950277
0.95566109,0.00179284,0.00425756,0.99784997
0.98777711,0.0034405,0.02357738,0.9971212
0.90365874,0.04061463,0.01315414,0.98822086
9.16702176e-01,5.10551557e-03,5.23993048e-05,9.53589743e-01
0.95669516,0.01378122,0.08741852,0.99686571
9.65195233e-01,1.58381431e-04,3.02562932e-02,9.96790219e-01
0.94202382,0.07150415,0.02796892,0.99622517
9.27690638e-01,2.01416819e-02,1.13602520e-04,9.93868740e-01
0.9351967,0.032095,0.00379904,0.99521704
9.59170051e-01,6.17632570e-04,6.37990617e-02,9.98150508e-01
9.04165579e-01,7.46802782e-04,1.22866043e-03,9.75074348e-01
0.99396626,0.07222039,0.09836453,0.94746836
0.98421598,0.04848076,0.09625474,0.99967799
0.91758136,0.02048858,0.00513612,0.99195774
0.97805702,0.02097841,0.00275802,0.99895792
0.95047604,0.00192962,0.00911148,0.99729098
9.77644421e-01,4.16279541e-02,2.30722209e-04,9.99358336e-01
9.22660811e-01,3.55796208e-03,1.76078627e-04,9.30453991e-01
0.96726544,0.07748629,0.05654663,0.99884253
0.98078865,0.00136668,0.09674534,0.98337875
0.92995763,0.00131989,0.00811433,0.99252587
0.98322123,0.00147722,0.01195559,0.99934954
0.97539752,0.0019143,0.07705853,0.99936451
0.99331422,0.09034766,0.08549925,0.99995467
0.95448728,0.00162725,0.0388508,0.93762961
0.94434697,0.04869122,0.02856628,0.97796114
0.9241827,0.08553713,0.05155231,0.99328101
0.97756946,0.00109596,0.05927578,0.93593814
0.92234411,0.00722536,0.00262166,0.98566639
9.09692760e-01,3.90549408e-02,7.54593692e-04,9.89843288e-01
9.49079577e-01,1.31651822e-03,9.26298328e-04,9.95130683e-01
0.98290143,0.00480277,0.00723646,0.99969725
9.40354560e-01,5.46145059e-04,4.47807393e-02,9.93814859e-01
0.91255784,0.00713216,0.0355852,0.95722134
0.99056056,0.00452906,0.01238454,0.97884981
0.99776402,0.07688961,0.00713814,0.94474106
0.9973455,0.04059963,0.03731283,0.99899289
0.99110514,0.02617745,0.00833748,0.99989941
0.90928704,0.05144733,0.01736895,0.98661615
0.97218384,0.01826999,0.0918631,0.96566319
0.98889294,0.08234259,0.05282949,0.99987077
0.99130897,0.00631423,0.00461018,0.99990614
0.90353108,0.04050983,0.01663461,0.97908229
9.01948475e-01,7.11549190e-05,1.53579364e-02,9.88293922e-01
9.21349679e-01,9.25907701e-03,1.63757076e-04,9.92764354e-01
0.98732521,0.0277811,0.08192881,0.99981369
0.94257784,0.05414623,0.00612194,0.98322383
0.98434569,0.0417847,0.04395843,0.99892711
0.99548151,0.00601867,0.04728845,0.91100414
9.44011681e-01,1.69329871e-04,2.78270715e-02,9.96386975e-01
0.99870491,0.0759093,0.04177045,0.99999605
0.97164448,0.01183851,0.01093903,0.99914334
0.96796056,0.03496152,0.07057779,0.96086038
9.72184246e-01,1.48177971e-02,5.38646824e-04,9.99085653e-01
0.99465594,0.00918468,0.04663771,0.99996684
0.9620076,0.04488411,0.02418659,0.9864135
0.98316703,0.00437495,0.01392832,0.99969686
0.96272557,0.00412312,0.0718914,0.95139758
9.71824009e-01,5.16227839e-02,5.68958501e-04,9.99159636e-01
0.91332042,0.08464777,0.08546319,0.99102622
0.96200186,0.02888632,0.01782259,0.9984317
0.9899516,0.00893927,0.00285954,0.99191273
0.98129555,0.01580869,0.00186955,0.99963664
0.90172208,0.06752312,0.00216939,0.98408742
0.98223041,0.00495766,0.0082293,0.92701223
9.03482635e-01,1.60298619e-02,4.83236856e-04,9.88589132e-01
0.95803661,0.0823575,0.00734091,0.9980468
9.41267883e-01,2.49484075e-04,3.99893044e-02,9.96103402e-01
0.9561533,0.09800564,0.00868949,0.99738853
0.94127592,0.00184585,0.00695522,0.99238615
0.90595565,0.00600188,0.03930997,0.98932877
0.94253449,0.00852654,0.08221697,0.99628853
0.9676099,0.02416954,0.00755757,0.9988783
0.95924765,0.04584746,0.00310965,0.99645271
0.98324254,0.01650357,0.00907245,0.99867915
0.99464277,0.08004783,0.00674263,0.99995177
0.99365034,0.00969216,0.0380694,0.99995197
0.96544885,0.04175982,0.02663873,0.99871965
9.62284632e-01,3.17738473e-04,8.73108753e-03,9.98342009e-01
9.41691147e-01,9.18839716e-04,9.79091232e-02,9.96178144e-01
0.91270011,0.03638905,0.02739843,0.98737044
9.30751855e-01,4.37871275e-03,4.38262308e-04,9.91047772e-01
0.93670062,0.00379606,0.00162337,0.96178277
0.96522625,0.01526728,0.00221459,0.99853906
0.91529624,0.00119647,0.00251622,0.98907804
0.97775907,0.03997877,0.06074364,0.99900163
9.66659032e-01,3.63131294e-05,6.44060785e-02,9.95141112e-01
0.95971497,0.02847299,0.02603518,0.99821318
9.35551800e-01,3.54415155e-04,9.15768097e-03,9.85713828e-01
0.98085218,0.00323012,0.00287226,0.99961798
0.96619452,0.0351137,0.02121001,0.99665772
0.99435699,0.07518673,0.00603044,0.99207187
0.99065741,0.04828662,0.03031253,0.99990469
0.99240577,0.02043115,0.02478205,0.99994138
0.91169858,0.0994029,0.01531989,0.98836092
0.97848466,0.0125332,0.01968519,0.9994313
0.98929689,0.00629182,0.03688969,0.99987469
9.73304186e-01,5.81205653e-04,2.57770743e-02,9.99005333e-01
0.95421004,0.00119502,0.00397515,0.99703203
0.99382227,0.0371341,0.09903068,0.99995124
0.92846232,0.01928562,0.01887919,0.99143976
0.94853417,0.01881919,0.02778786,0.98937788
9.84065098e-01,7.36459036e-04,2.41383934e-02,9.35644253e-01
9.56611384e-01,2.44661645e-02,7.21079576e-04,9.51161378e-01
9.50645851e-01,6.17005484e-02,1.60977457e-04,9.97298017e-01
0.97590975,0.04291121,0.0113043,0.99939091
9.61393923e-01,4.61943228e-02,3.32101689e-04,9.98385705e-01
9.37491536e-01,1.27721210e-02,6.23364955e-04,9.56283907e-01
0.97035431,0.03841197,0.00421793,0.99905382
0.96929054,0.02506711,0.09506878,0.99899722
9.65834090e-01,7.21998027e-04,4.99518887e-02,9.95524155e-01
0.99533343,0.08028611,0.04464394,0.99278393
0.95091561,0.00208263,0.0727052,0.99708473
9.54189363e-01,5.05319880e-02,1.04405584e-04,9.97439609e-01
0.95255263,0.00966778,0.00526701,0.98112441
0.97855288,0.00300474,0.09802594,0.99851561
0.9951551,0.0166794,0.01121662,0.99026936
0.94392438,0.05318062,0.00659411,0.99422884
0.94775325,0.00123147,0.00126826,0.99648543
0.92140075,0.01424872,0.0062293,0.99259113
9.57749979e-01,6.90985491e-02,5.15799367e-05,9.97752881e-01
0.98581958,0.09545738,0.00207248,0.9356019
0.90625672,0.01492477,0.07412491,0.98850022
0.91809197,0.0374962,0.00200737,0.99207745
0.99325727,0.05609328,0.01615273,0.99955608
0.93675566,0.00302065,0.0146198,0.97765384
0.94016338,0.03495272,0.00176881,0.9959423
0.93823108,0.00642818,0.00254017,0.9935539
0.98933099,0.00923043,0.01884275,0.93164058
0.93206033,0.04947918,0.00387093,0.99244738
9.09210518e-01,1.98497451e-04,1.74984263e-03,9.90125379e-01
9.49289015e-01,1.44236701e-04,5.45534251e-02,9.97119754e-01
0.96416865,0.00334821,0.0052189,0.99845494
0.90498359,0.04477612,0.00563368,0.98711657
0.98387661,0.08056466,0.02646412,0.99790495
9.72853421e-01,3.40228125e-04,2.02516581e-02,9.99217229e-01
0.95535986,0.00601272,0.02465024,0.96639272
0.99380364,0.01881043,0.00375288,0.99993396
0.96464851,0.00176556,0.0351747,0.9591929
9.48266383e-01,1.66588880e-04,7.45989467e-03,9.69914138e-01
9.07521555e-01,1.06155026e-04,3.59655380e-02,9.17936135e-01
0.99117397,0.00837647,0.04492536,0.99991923
0.98281119,0.02577953,0.01935758,0.99960884
9.08481250e-01,5.09160880e-02,5.31504075e-04,9.80389684e-01
0.99737398,0.05035109,0.09802902,0.99998972
9.22069352e-01,1.79939476e-02,2.96463411e-05,9.89229521e-01
0.95668683,0.01941558,0.00212758,0.99259217
0.98800225,0.0083632,0.04066748,0.99484997
0.97518848,0.04235013,0.05248261,0.99593935
9.04491217e-01,1.38223265e-04,6.54040369e-02,9.88543621e-01
0.90712138,0.00364752,0.00446192,0.98961899
0.97250067,0.04100653,0.00659826,0.99919905
0.95824862,0.00720921,0.00313573,0.99616833
0.91973082,0.00914497,0.03629001,0.96832758
9.73687222e-01,1.03848151e-04,2.95686205e-02,9.89176215e-01
0.91354807,0.00354187,0.00367401,0.94954418
0.95179807,0.07421855,0.08223749,0.95988657
9.38767369e-01,7.42498081e-02,8.24971802e-04,9.95735897e-01
0.99522206,0.02311248,0.03147347,0.99927608
0.98733089,0.00219581,0.05053733,0.99973596
0.95862988,0.03262319,0.00416639,0.99781342
0.96490186,0.08308387,0.00199259,0.98921692
9.82349018e-01,4.56836038e-02,3.69316267e-04,9.91218238e-01
0.91292038,0.00323439,0.04015275,0.99054411
9.57002363e-01,4.66211435e-02,3.85841550e-05,9.97952993e-01
9.27609042e-01,8.37509365e-06,9.04552856e-02,9.87623080e-01
0.982465,0.0970119,0.09364455,0.99959235
9.25817398e-01,8.37511514e-02,2.39753623e-04,9.93458611e-01
0.95676257,0.00174627,0.0052915,0.93267365
0.95025436,0.018552,0.06556541,0.99647514
0.99010636,0.0236233,0.08147357,0.99566327
0.98685915,0.01026327,0.01099605,0.99906013
9.73064014e-01,7.95357149e-03,9.83806583e-04,9.99205177e-01
0.92738979,0.02899173,0.00121469,0.99174914
0.98508944,0.05372267,0.08478083,0.99976178
9.11703600e-01,7.11831525e-04,5.69875421e-02,9.90122549e-01
0.95373391,0.00122027,0.00136151,0.96569788
0.99150099,0.01431787,0.01866146,0.99992483
0.98622171,0.03602367,0.02360434,0.99674717
9.44569577e-01,7.78194572e-02,5.75609815e-04,9.95848118e-01
9.24294048e-01,6.03602071e-02,4.22355128e-04,9.58605581e-01
9.61374232e-01,4.87349382e-02,4.78140193e-04,9.98022902e-01
0.94326796,0.0107301,0.025625,0.99619149
0.95166797,0.08294015,0.00112247,0.98835007
0.92481059,0.00243887,0.07851118,0.91028213
9.69269790e-01,1.41488755e-04,4.22969542e-02,9.97801783e-01
0.99396388,0.01361471,0.07736905,0.99637995
0.90584294,0.01580543,0.0046186,0.98740911
9.27297100e-01,6.84919676e-05,6.47173184e-03,9.91106746e-01
9.09098609e-01,8.46767015e-03,6.22481987e-05,9.75500947e-01
0.93445071,0.02359173,0.00860621,0.93517659
9.30169569e-01,4.18288419e-02,5.97207956e-05,9.94108937e-01
9.24713330e-01,2.41771741e-03,1.39707090e-04,9.91905222e-01
0.98867959,0.0477266,0.00970905,0.99972856
9.24833559e-01,3.84233606e-02,7.10600789e-04,9.93437225e-01
0.98438208,0.00258465,0.00680623,0.99957364
0.99386021,0.00181101,0.08920407,0.99472093
0.95984787,0.00193164,0.01004914,0.91869299
9.67877354e-01,9.26740218e-04,2.43758913e-02,9.98838684e-01
0.94330684,0.0060232,0.00493542,0.9796431
9.52562034e-01,4.41613331e-02,2.14117487e-05,9.97182703e-01
0.90180324,0.06143532,0.00123532,0.94495243
0.98965695,0.01727683,0.00949339,0.99968831
0.96967658,0.00596006,0.00750877,0.99888951
9.31139627e-01,8.41212244e-04,3.37772734e-02,9.61488569e-01
0.9911317,0.0878314,0.01344467,0.99980869
9.39964529e-01,9.28167384e-02,7.28437172e-04,9.95415215e-01
0.90626791,0.00552246,0.01847074,0.98926897
0.91152468,0.06378348,0.01729732,0.99018934
9.69789219e-01,3.85551954e-04,1.49142600e-02,9.98673177e-01
9.24933335e-01,2.58843002e-05,2.07146762e-02,9.93166599e-01
0.97041023,0.0118774,0.09940536,0.99906231
0.98513349,0.01173381,0.03332643,0.99967636
0.93727141,0.09134553,0.03205621,0.96315886
0.99798554,0.04912876,0.06007257,0.99961484
9.72340687e-01,3.04472153e-04,7.75390231e-02,9.90250126e-01
0.98136976,0.06322696,0.00493094,0.99640038
0.95502456,0.02504189,0.08707809,0.97708513
0.99498673,0.07759351,0.09280487,0.95617507
0.98422104,0.01371659,0.02283166,0.99880534
9.47224466e-01,1.74036559e-04,1.89299157e-02,9.92098285e-01
0.98225574,0.07545585,0.00116336,0.99963395
9.80645747e-01,2.69791013e-04,2.16373708e-02,9.99550192e-01
0.97966746,0.0012843,0.0374536,0.99947487
0.96263602,0.0082935,0.0141022,0.99834299
0.9056114,0.01973537,0.01121444,0.98860392
0.92537236,0.00355003,0.04235847,0.93635435
0.99314852,0.05798718,0.02162027,0.99994014
0.90912469,0.09348382,0.06166163,0.98990174
0.98221283,0.06156637,0.07715689,0.9996718
0.97273823,0.01419235,0.02649425,0.99822137
9.36291051e-01,4.60797029e-02,6.59510210e-05,9.93548000e-01
0.97107667,0.0102754,0.07268041,0.99905284
0.95848464,0.00200426,0.01224379,0.99812748
9.66106615e-01,6.13466096e-02,2.07293663e-04,9.88374435e-01
0.95230166,0.00750726,0.04284067,0.99747461
0.94463594,0.00948811,0.00400678,0.97153013
0.9261826,0.03494093,0.00177064,0.99353448
0.99660527,0.00604258,0.03210617,0.99998813
0.97041227,0.01499263,0.00832067,0.99604345
0.9974492,0.07475839,0.00468871,0.99933355
0.98006683,0.00356519,0.02633917,0.99952267
0.9984175,0.01958316,0.06672271,0.99997458
0.96316495,0.04326896,0.05977952,0.99311367
0.98769484,0.00940477,0.04218853,0.99725161
9.41769775e-01,9.08003652e-05,5.27499197e-02,9.96108807e-01
0.94430455,0.00585152,0.04895312,0.99139889
0.98271676,0.02707387,0.07649445,0.97992507
0.97654,0.06452929,0.00477564,0.99890426
0.96104455,0.00556556,0.03132481,0.99811733
0.94617213,0.06253746,0.00460672,0.99653196
0.99589873,0.08489128,0.01245471,0.99967192
0.96630617,0.00261868,0.01720375,0.99878552
0.99346128,0.06654934,0.01048856,0.96262054
0.90054698,0.05075417,0.00255919,0.98787469
0.9915897,0.0141121,0.01474064,0.98951629
9.23332307e-01,3.74468476e-02,3.33450383e-05,9.10538196e-01
0.97252494,0.00802947,0.00910078,0.99526202
9.70518795e-01,5.24428883e-02,2.05219382e-04,9.55936379e-01
9.00777572e-01,6.78870774e-04,3.47249379e-02,9.50807776e-01
0.91085114,0.00368738,0.01114219,0.97192131
9.23366863e-01,9.34205194e-02,2.17154440e-04,9.93035779e-01
9.84930199e-01,2.23356169e-04,8.75875982e-02,9.99595677e-01
9.13350777e-01,7.92926042e-02,4.31811594e-04,9.91039271e-01
9.54150198e-01,8.27489312e-02,4.23576985e-05,9.02290728e-01
0.9673339,0.04686889,0.00269764,0.99841679
0.93954547,0.04936677,0.0955933,0.97404865
0.99100889,0.07651637,0.04103148,0.99991779
0.98686311,0.01381313,0.00111847,0.99960863
0.98774444,0.02033159,0.09316337,0.99436351
0.98948776,0.02617346,0.00210068,0.99889179
0.9231401,0.09460113,0.02529237,0.99275465
0.94132494,0.00698777,0.05698369,0.9960769
0.99265567,0.0408851,0.0167649,0.99969257
9.71313603e-01,2.04087266e-02,8.02848779e-04,9.59790880e-01
0.99527611,0.01709254,0.04082402,0.99997747
0.98374918,0.03527705,0.00126827,0.99963348
0.99501943,0.05034092,0.0156887,0.99997484
0.92480366,0.03226934,0.00158365,0.99252164
0.92710091,0.01612259,0.00448849,0.99125263
9.49895895e-01,8.14891496e-04,8.33755247e-03,9.95685745e-01
0.97415452,0.02512001,0.03522236,0.99908437
0.95945336,0.02071474,0.05109649,0.96520478
0.99253909,0.05147228,0.00334013,0.99984951
9.35022879e-01,1.60685360e-02,2.31616613e-04,9.95173931e-01
0.96797431,0.05788036,0.00865018,0.99890643
9.72677982e-01,4.69821676e-02,8.80423659e-04,9.98952487e-01
0.97087685,0.05542524,0.01808438,0.9986451
0.97127554,0.00196505,0.02592762,0.99680881
9.49401666e-01,1.06453532e-04,2.26835746e-02,9.96824041e-01
0.95828163,0.00187765,0.00205995,0.99769671
0.9163727,0.0043399,0.00413429,0.99171223
9.78662011e-01,5.22253957e-04,8.10634369e-02,9.99320865e-01
9.65485850e-01,4.96226776e-02,4.46362230e-04,9.98712765e-01
0.99597773,0.00262234,0.0638513,0.98232993
9.32060317e-01,1.13655998e-02,3.69127424e-05,9.93962522e-01
0.99496947,0.01517089,0.04641183,0.9982346
0.91246647,0.05330844,0.00143489,0.97622943
0.98950463,0.07263157,0.02606815,0.98882137
9.14991199e-01,1.96452306e-04,6.31909890e-03,9.91298713e-01
0.99299636,0.09650771,0.00148695,0.99974726
0.99333302,0.03428437,0.05121429,0.9996706
0.98426426,0.07214849,0.0364587,0.99601258
9.52138039e-01,7.38200539e-02,6.73514422e-04,9.97306662e-01
9.54380595e-01,5.08252685e-02,1.67559279e-04,9.97718731e-01
0.96444522,0.00995082,0.00241513,0.98943077
0.99279184,0.02960843,0.00687622,0.99994589
0.97072066,0.00626556,0.02529319,0.99884718
0.94544487,0.00173761,0.00279419,0.99668138
0.97839881,0.067144,0.01086634,0.99931398
0.96331906,0.00134326,0.01493652,0.99749567
0.95851981,0.00338614,0.04011196,0.94048125
0.96873194,0.04267196,0.00777538,0.99848605
9.40498247e-01,5.35834468e-04,3.03898738e-03,9.21855153e-01
0.93881985,0.00186433,0.01404896,0.99423303
0.98818402,0.05666867,0.01527086,0.9997559
0.92546808,0.00294168,0.05700634,0.99343836
0.98101359,0.02366441,0.02228344,0.92898082
0.98715159,0.03168674,0.00470695,0.99975837
9.05310386e-01,1.01266578e-05,6.95595449e-02,9.86524938e-01
0.97775568,0.06032463,0.00880271,0.99719107
0.92296057,0.00688969,0.06494669,0.98963265
0.97618083,0.01702401,0.08735949,0.99848755
0.90055486,0.00195342,0.0358981,0.98453464
0.97669914,0.08860719,0.00502006,0.99919971
9.72226270e-01,6.02446525e-03,9.44968495e-04,9.99162445e-01
0.99056981,0.01247052,0.01238028,0.9999093
0.93064177,0.01067785,0.04981534,0.9944599
0.98187922,0.05525409,0.00589567,0.99964732
0.94646918,0.00392213,0.02337965,0.91872473
0.96234479,0.05723173,0.00105106,0.97884218
0.93921257,0.00596375,0.06498354,0.99387902
0.97370516,0.09905319,0.04983707,0.96201454
0.95715746,0.00106633,0.06884018,0.98676543
9.50677678e-01,1.77573863e-02,1.48904839e-04,9.28122439e-01
9.51006387e-01,6.87515387e-02,4.98405352e-04,9.92182408e-01
9.10038902e-01,4.31396424e-04,1.97804198e-02,9.69671163e-01
9.29084514e-01,3.61667530e-03,8.34122249e-04,9.94191279e-01
9.00680439e-01,7.16899666e-02,1.35284722e-04,9.54942877e-01
0.95604602,0.09365517,0.03531551,0.99336625
0.98892858,0.00329371,0.05229866,0.99985845
0.96919524,0.0127165,0.01129899,0.99895363
0.91666009,0.00953642,0.0808963,0.95879694
9.02410723e-01,2.11403078e-03,1.08203873e-04,9.86600878e-01
0.92185452,0.00109981,0.03713516,0.968107
0.98691875,0.01423255,0.00292374,0.99939512
9.59201682e-01,5.46354709e-04,3.98468015e-02,9.98080811e-01
0.95685405,0.08788566,0.0011279,0.99797045
9.19221975e-01,3.34932546e-02,3.11115915e-04,9.89512160e-01
0.95860307,0.00414358,0.08336651,0.99806773
9.57122016e-01,3.74289929e-05,4.79246580e-02,9.97994945e-01
0.97322529,0.01173907,0.0104938,0.99922706
9.10802734e-01,1.33084838e-02,7.02934569e-04,9.90384054e-01
0.91279965,0.01784719,0.01868563,0.99088064
0.92455104,0.00161147,0.00220343,0.99336624
9.09686573e-01,4.13645403e-04,2.17166916e-02,9.53419777e-01
9.13423069e-01,2.54412131e-02,3.08129478e-04,9.89637054e-01
9.84203381e-01,4.99293287e-04,6.11138114e-02,9.99528736e-01
0.93797926,0.00342064,0.0051835,0.98841962
0.95058411,0.07738792,0.00624515,0.90121073
0.98958701,0.00183212,0.01501933,0.99963572
0.95846186,0.02901916,0.02513315,0.99762213
0.99554748,0.07161414,0.00456931,0.99972913
0.9258665,0.01269182,0.03728317,0.99202603
0.98157819,0.00282724,0.04888345,0.9994775
0.94641963,0.0058377,0.00411601,0.99631276
9.06621845e-01,1.22313544e-03,3.77834298e-04,9.89458525e-01
0.9816901,0.05880988,0.03181344,0.99945176
0.98620399,0.02708337,0.00252907,0.98089987
0.94935823,0.05351244,0.05489148,0.98821466
0.9645482,0.00437035,0.02425982,0.99847955
0.94062086,0.01501318,0.00701005,0.99526357
0.99216287,0.0548899,0.07338938,0.99946368
0.93948578,0.01977577,0.03735173,0.99537885
9.24657787e-01,2.77928374e-02,6.67233974e-05,9.93403316e-01
0.98150327,0.00212003,0.00987344,0.99958053
0.98984159,0.0250298,0.00159539,0.99989137
0.92893154,0.0747204,0.01156447,0.99315137
0.98604686,0.00310252,0.03886021,0.93206762
0.98303216,0.07808166,0.00495737,0.99965567
0.9286445,0.00213688,0.003097,0.99167873
0.9840038,0.00913361,0.0400055,0.96556312
0.92514283,0.00607372,0.05704167,0.97316268
0.99780174,0.04520348,0.02423609,0.91478607
9.21445105e-01,3.00400050e-02,7.93163217e-04,9.92771281e-01
0.99584079,0.01563131,0.05040757,0.98578232
0.98057823,0.03594549,0.03687483,0.99172281
9.85675245e-01,3.11781220e-04,4.94482989e-02,9.99060775e-01
0.97661602,0.07869782,0.09653863,0.99942745
0.97042119,0.00795166,0.02978507,0.99048045
0.93073705,0.01050304,0.00382079,0.9864968
0.97386555,0.03922323,0.0677686,0.99827599
0.97641907,0.04297343,0.00219435,0.98768386
0.92235077,0.02222485,0.00858458,0.99252415
0.998362,0.01406639,0.05906776,0.99999358
0.99029129,0.05869187,0.00274865,0.9994147
0.90093251,0.00157258,0.08186844,0.98219569
0.9926974,0.00512304,0.0615148,0.99925343
0.9759695,0.01295507,0.03646879,0.99842726
0.9610109,0.00283816,0.03603021,0.9293789
0.96577203,0.00405915,0.0586131,0.99874171
9.63634385e-01,4.49018406e-02,8.55237271e-04,9.97868641e-01
0.97699502,0.0033097,0.06870358,0.99944491
0.98403097,0.05053692,0.01538923,0.96542248
0.9789722,0.06680684,0.07511126,0.99948639
9.17036290e-01,1.26858937e-02,2.10537336e-05,9.88693843e-01
0.99225686,0.00880078,0.02059947,0.99986411
0.993963,0.02477766,0.04738529,0.99980226
0.98476819,0.00237836,0.07137756,0.99973338
0.99345291,0.09215386,0.08134648,0.98473303
0.98270311,0.00784357,0.02056988,0.94876468
0.99162331,0.01536678,0.0030831,0.94218114
0.9873555,0.00135595,0.04516966,0.9998155
9.68008431e-01,5.70041964e-02,5.87709152e-05,9.98460552e-01
0.971728,0.0320341,0.00491181,0.98877469
0.92607905,0.00931105,0.04575226,0.98381973
0.98566607,0.0025035,0.01280353,0.99844599
0.95367534,0.0386509,0.00214058,0.9239871
0.98201329,0.00271061,0.01050144,0.99964691
0.93263548,0.007218,0.01778829,0.98634445
0.97440697,0.0290878,0.00440532,0.99926794
9.88147145e-01,9.07186479e-04,9.70669705e-02,9.99421029e-01
0.99502308,0.00246944,0.04640311,0.99872161
0.99145282,0.07283427,0.01634208,0.99987379
0.98700401,0.06308014,0.06645333,0.9998222
9.71638934e-01,7.74537819e-02,8.21170830e-05,9.29628471e-01
9.78678300e-01,1.92224441e-04,6.48895568e-02,9.98913484e-01
9.44235866e-01,1.56381753e-03,8.76827595e-04,9.95830382e-01
0.99562416,0.00603974,0.09937413,0.99997994
0.91549811,0.00131706,0.02583,0.99138196
0.98337152,0.00266315,0.05907745,0.99971392
9.12400961e-01,5.21796899e-02,2.27828195e-05,9.90863424e-01
9.76801115e-01,4.15226052e-04,8.22854069e-02,9.99185373e-01
9.58313832e-01,9.50141965e-04,1.28357959e-02,9.59571958e-01
0.94555442,0.00334059,0.00363787,0.99164668
0.99431087,0.09892813,0.05091339,0.99996661
9.04117975e-01,3.03629773e-02,6.41808041e-05,9.00870491e-01
0.93054553,0.01411332,0.01258913,0.99445817
0.98848833,0.01056362,0.04952339,0.99986429
0.9984262,0.0257545,0.04832983,0.99999752
0.92861699,0.00233592,0.00393443,0.99200411
9.49219166e-01,9.01791920e-02,1.21274245e-04,9.96858186e-01
0.96231891,0.00121328,0.0077823,0.99386479
0.90083375,0.01163276,0.0019951,0.98743184
9.16913145e-01,4.14439883e-02,2.70750259e-04,9.90648263e-01
0.9844115,0.07126004,0.00121206,0.99972327
9.26921877e-01,5.47518013e-02,4.29965702e-05,9.93811526e-01
0.98662495,0.00986887,0.0587934,0.99975145
0.98858885,0.03664186,0.08575752,0.9995824
9.21782267e-01,3.26247434e-04,8.37154089e-02,9.90462969e-01
9.59477706e-01,2.09209621e-04,2.96004066e-02,9.97918985e-01
0.96580781,0.04150748,0.00575097,0.99859056
9.57503455e-01,2.33530970e-04,2.52430271e-02,9.95586638e-01
9.45277252e-01,4.18954026e-04,1.71127751e-02,9.59464345e-01
0.90612844,0.00473011,0.06306294,0.98604233
0.99356832,0.00706279,0.04699757,0.99962396
0.98545535,0.02659754,0.08548091,0.99978207
0.93375445,0.06777669,0.05023808,0.97234995
0.96994864,0.07756527,0.00190936,0.99883644
0.96000817,0.0211544,0.02633951,0.95114881
0.99380231,0.00108897,0.08538714,0.99431102
0.93703849,0.00721597,0.02110967,0.97591885
0.98189283,0.01932068,0.00771933,0.99686409
0.98276555,0.00703209,0.00259842,0.99968434
0.98763107,0.08631553,0.00105614,0.99817741
0.96254921,0.01465479,0.06840347,0.9948941
0.99258055,0.02279871,0.03744287,0.99994016
0.94667608,0.00465764,0.01204358,0.99683339
0.99167956,0.00870786,0.00610192,0.9999294
0.9545973,0.00882751,0.00264015,0.96522117
0.96246923,0.01302602,0.01850258,0.99833277
0.983555,0.00142396,0.057561,0.99959064
0.99641958,0.03869848,0.01305117,0.99998686
0.96574998,0.00835294,0.05983523,0.99867597
0.94365836,0.01349876,0.03320192,0.99644563
0.9362389,0.08162924,0.00184867,0.99524566
9.74252673e-01,1.63163713e-04,8.60407604e-02,9.92721909e-01
9.07819236e-01,3.09801212e-02,3.06782137e-04,9.89063619e-01
9.68022934e-01,8.42445875e-03,3.74118661e-04,9.96161483e-01
0.95434913,0.0314787,0.00286001,0.99768932
0.90966562,0.00251657,0.00172987,0.98855703
0.91747245,0.00613387,0.00330878,0.99136787
0.99698531,0.05434185,0.00598083,0.98975479
0.9305376,0.00132742,0.04252709,0.99425646
0.93502897,0.00123863,0.06726386,0.9764075
0.98924721,0.00792931,0.06406441,0.99982902
9.87570841e-01,4.42609805e-04,6.00047883e-02,9.85289948e-01
0.98887301,0.01870208,0.03516908,0.99968797
0.95744111,0.01059124,0.03975162,0.99816008
9.61843525e-01,4.06188129e-02,2.32884403e-04,9.17392335e-01
0.99452,0.03858999,0.07828884,0.99656181
0.98814186,0.03536358,0.00308018,0.99725578
9.93517494e-01,6.73740974e-04,8.44762670e-02,9.99956382e-01
0.94104022,0.00560708,0.02477102,0.9921747
0.99045504,0.01804242,0.03769825,0.99869854
0.98369706,0.00538708,0.00782994,0.99970152
0.99055123,0.04585624,0.06251851,0.99984587
0.98803523,0.00288777,0.02143593,0.92662155
0.94342322,0.03372446,0.00290526,0.9964165
0.91732338,0.00163303,0.00494724,0.99042915
9.84833502e-01,1.55868157e-04,7.11318205e-02,9.88188093e-01
0.90665087,0.01326712,0.07340175,0.98917407
0.91634293,0.00399869,0.00237758,0.98259527
0.90762424,0.01755974,0.00186569,0.98974643
9.68816224e-01,9.87867254e-04,4.07555528e-02,9.98964650e-01
0.96905492,0.03983946,0.03644935,0.99516013
0.97324946,0.00543027,0.0078304,0.99924456
9.26324510e-01,1.94106773e-05,8.47402380e-02,9.83731620e-01
0.97556254,0.07572858,0.00206388,0.97606981
0.98444498,0.00855555,0.03752632,0.99973507
9.62630484e-01,1.57518952e-04,1.53248202e-02,9.98175573e-01
9.15965620e-01,7.13307727e-05,1.18280463e-02,9.89315176e-01
0.95345354,0.00393515,0.0056953,0.99755863
0.91084567,0.00145493,0.00118009,0.98463714
0.95225966,0.03495753,0.02371775,0.99749179
0.90838586,0.06376139,0.00396162,0.98992837
0.97245222,0.09808922,0.01736793,0.99919816
0.99767476,0.03145124,0.01788159,0.99206533
0.98476876,0.00473652,0.07302562,0.9996615
0.95394495,0.09929934,0.05979452,0.99767438
9.21756581e-01,1.25984741e-04,4.73223493e-02,9.92782649e-01
9.44140983e-01,1.67744493e-02,4.35176389e-05,9.32832963e-01
0.97314865,0.04266369,0.00610039,0.99923406
0.98536168,0.02332397,0.00272903,0.9984389
0.98994193,0.00468424,0.03992031,0.99989182
9.53187039e-01,5.12733457e-05,3.56202085e-02,9.09311606e-01
9.02213038e-01,7.73464057e-02,1.20747547e-04,9.68166833e-01
0.90550201,0.01398263,0.06176063,0.98834569
0.99087756,0.05814089,0.04304586,0.99776631
0.96213365,0.00235139,0.00554882,0.9982737
0.94711471,0.0958606,0.00223019,0.97798852
9.17832478e-01,1.56268987e-04,2.36511794e-02,9.26192266e-01
0.98485854,0.00477494,0.04014381,0.99394554
0.90622418,0.01388802,0.00763212,0.96455466
0.96072466,0.03226742,0.06393262,0.99737844
9.58131664e-01,5.68391544e-04,8.28293646e-03,9.97393255e-01
0.96362591,0.09928483,0.00220222,0.99853209
0.97997817,0.06068527,0.00603381,0.99955271
0.99040392,0.01176067,0.07785952,0.99988292
0.94611906,0.01649744,0.0018964,0.98467363
0.98564236,0.08828221,0.07264985,0.9876447
0.95673552,0.00585357,0.0137971,0.99795289
9.36035680e-01,9.44882973e-06,9.44236200e-02,9.94831131e-01
0.95735881,0.06758917,0.00199233,0.99762284
0.97737317,0.05086763,0.01688246,0.9994588
9.27396661e-01,7.79862638e-04,4.31891419e-02,9.93904416e-01
0.90425375,0.03907406,0.00986082,0.95110668
9.78909333e-01,6.43465003e-04,6.86068708e-02,9.99535616e-01
0.92787667,0.05152135,0.00332456,0.99397222
0.96044168,0.01315658,0.00847637,0.94972524
0.95621806,0.0087781,0.04040919,0.99789511
9.84882128e-01,2.57589073e-02,6.97035917e-04,9.97691140e-01
0.97446352,0.03747047,0.0188131,0.97457274
0.98455563,0.02359226,0.03345806,0.99974734
0.98930467,0.03109209,0.00218613,0.9998688
0.9189232,0.0031509,0.01467881,0.98652618
0.967678,0.00590967,0.01400214,0.99612365
0.98436241,0.04129469,0.01041946,0.99724076
0.92571896,0.00644426,0.02112622,0.99270655
9.77198554e-01,2.77335757e-04,6.50753274e-02,9.97906455e-01
0.93039609,0.05385077,0.00215297,0.91163793
0.94325193,0.01577073,0.00208349,0.93305541
0.96591843,0.08701049,0.00730937,0.9984129
9.38356160e-01,8.41774125e-04,5.08048126e-02,9.95702797e-01
0.9059725,0.01191162,0.05508021,0.98782994
0.97192005,0.02139529,0.00601926,0.99916597
9.50829979e-01,2.30008558e-02,5.67518914e-04,9.96831830e-01
0.98499373,0.01940443,0.01405812,0.99949818
0.99800919,0.0994312,0.03070794,0.99999597
0.95480415,0.02498089,0.0033288,0.96011366
0.93355206,0.03202226,0.00458429,0.98068689
0.99500841,0.09274272,0.00255996,0.99993569
9.59289263e-01,2.35848005e-02,8.41631074e-05,9.98148213e-01
0.98830994,0.05484226,0.00294538,0.99983589
0.97436896,0.00131439,0.00444291,0.98401884
0.92577826,0.00734896,0.00107455,0.98688077
9.64834131e-01,3.20348352e-03,6.78960769e-04,9.98202998e-01
0.91022176,0.0423655,0.0422633,0.96083147
0.97016068,0.05153234,0.08717507,0.95455102
0.94709874,0.00142518,0.02450272,0.98658524
0.97703314,0.02615564,0.04574319,0.99941703
0.98527575,0.00855458,0.06497727,0.99677635
0.90465686,0.00898243,0.05350503,0.93349288
0.93742325,0.00424992,0.02334926,0.99420414
0.99047907,0.00869216,0.05682333,0.99988556
0.92095526,0.0013628,0.03338453,0.99267253
0.99545579,0.03842905,0.01738149,0.97955388
0.99271996,0.00996738,0.00930738,0.99993497
9.38107699e-01,6.68829126e-05,8.96761204e-03,9.81757863e-01
0.92222663,0.03377493,0.00602167,0.98961138
9.66459353e-01,5.70061763e-03,9.33364330e-04,9.83258872e-01
9.66285285e-01,1.41518126e-04,8.03210877e-02,9.74544858e-01
9.30355957e-01,8.18913368e-02,1.51932257e-05,9.57762057e-01
0.99018878,0.03156295,0.01415094,0.99918878
0.93453937,0.01645142,0.00288003,0.98173118
9.18579372e-01,7.08423547e-04,6.77329448e-02,9.87733337e-01
0.97029344,0.0044122,0.0551506,0.98325732
0.99817918,0.09659452,0.0488877,0.99999592
0.99530388,0.05189444,0.06250275,0.99997759
9.12468625e-01,1.35433259e-02,1.94556985e-04,9.90751982e-01
9.06683339e-01,1.28983029e-05,6.80131970e-02,9.89351616e-01
0.99461894,0.00669317,0.07953958,0.99997068
9.78253632e-01,4.37648496e-04,8.40601411e-02,9.92237070e-01
9.41937823e-01,3.97006743e-04,3.14763049e-02,9.96065857e-01
9.84438704e-01,3.49392219e-02,8.92978141e-04,9.99717630e-01
0.9624355,0.06204077,0.00154459,0.99780811
0.97877579,0.00694789,0.00538577,0.99952944
9.73426709e-01,6.95527036e-05,6.76883270e-02,9.98826884e-01
9.58207359e-01,6.44385919e-04,5.77494845e-02,9.96574974e-01
9.61818003e-01,2.68011254e-03,9.17660812e-04,9.87925024e-01
0.99245561,0.02299281,0.03568417,0.9856081
0.99101634,0.0112912,0.02478987,0.99984431
9.70859080e-01,3.75729736e-02,5.96158902e-04,9.98425511e-01
9.32053008e-01,6.19442493e-05,8.95744768e-02,9.47673967e-01
0.99029117,0.06990036,0.01547486,0.99990381
0.92375035,0.01743659,0.0834965,0.97175874
9.05735894e-01,4.73538013e-06,6.18958850e-02,9.42106065e-01
0.93217243,0.05314052,0.00350675,0.98622341
9.53891188e-01,4.69373275e-03,4.76427109e-04,9.91592584e-01
9.22936379e-01,1.02195216e-02,3.36914786e-05,9.92320655e-01
0.97848211,0.07392992,0.00147616,0.99939167
9.21412652e-01,1.65843275e-04,3.06303212e-02,9.84913251e-01
0.99332709,0.05343528,0.00109275,0.99979909
9.65360288e-01,4.56467157e-02,2.91134532e-04,9.93884039e-01
9.37162446e-01,4.85775860e-04,5.80990926e-03,9.95057359e-01
0.99175441,0.02381239,0.04107593,0.99986521
0.93057235,0.03981128,0.00118668,0.99438372
0.92989284,0.07811759,0.09022443,0.95524825
0.98578523,0.06911409,0.00192226,0.9389634
0.99025649,0.02584726,0.01188762,0.99675519
0.97680776,0.01145448,0.01380089,0.99932789
0.99094372,0.01752692,0.02136857,0.99991647
9.12946401e-01,6.16465923e-02,3.48538010e-05,9.90976260e-01
0.97804994,0.0015601,0.0252323,0.99903851
0.95721949,0.00856429,0.08852542,0.99188128
9.35994381e-01,5.82873469e-04,1.30002211e-03,9.83828400e-01
0.98469135,0.00102938,0.01273377,0.91509475
0.98843442,0.03619851,0.02709601,0.99771994
9.57852051e-01,9.98553795e-03,3.45742218e-04,9.72522851e-01
9.60992413e-01,1.16517512e-04,4.57444206e-02,9.96362693e-01
0.93020198,0.00304079,0.0204184,0.99439535
0.92466974,0.06681379,0.01976977,0.99339515
0.96114603,0.01833969,0.05354306,0.99813339
0.9867165,0.0351477,0.00662112,0.99981592
9.39055259e-01,4.30049139e-04,6.43036148e-03,9.84066372e-01
9.30260535e-01,8.71855172e-02,3.40798155e-04,9.92991033e-01
0.95420751,0.03396542,0.0706939,0.99768112
0.90551844,0.04719844,0.02574293,0.98897709
9.84577669e-01,3.84113931e-04,6.71904245e-02,9.99687349e-01
9.61385965e-01,6.82463859e-05,8.64833509e-02,9.97009488e-01
0.99301978,0.00997142,0.0428557,0.99994721
9.30948994e-01,8.83025491e-05,5.65782108e-03,9.94522481e-01
0.97944391,0.0156041,0.00572581,0.9995182
9.36802986e-01,1.69279514e-05,9.76461326e-02,9.95240389e-01
0.99020159,0.01327615,0.01019676,0.96989646
0.98730318,0.06891049,0.00583999,0.99967642
0.97257043,0.02887265,0.00216132,0.99875136
0.99700167,0.01085085,0.06475633,0.99999096
9.28474932e-01,5.58880135e-04,2.60587101e-02,9.93886296e-01
0.98315489,0.0325238,0.06832982,0.99895852
0.97952007,0.02493733,0.08740657,0.99954529
0.99557048,0.0150914,0.03111192,0.99964261
0.99104589,0.00917107,0.01973427,0.97040738
0.99098715,0.09933206,0.00230936,0.99986723
0.96316083,0.005067,0.01069903,0.99851437
9.64524727e-01,1.36416108e-04,6.06715896e-02,9.87941085e-01
0.98296271,0.08756578,0.09270736,0.99969966
0.98448397,0.01948011,0.05491263,0.9808122
0.93124877,0.04026557,0.00984102,0.9342504
0.96702139,0.00147142,0.02577715,0.99882977
0.9397211,0.00264325,0.00903587,0.99123032
0.99030862,0.08791382,0.02255644,0.99990819
0.94417954,0.09738492,0.00121853,0.98788404
9.42761116e-01,7.10945046e-03,2.47401954e-04,9.95934125e-01
0.99415502,0.06846351,0.00834329,0.99996506
0.95292259,0.07867693,0.00627268,0.99739354
0.92546909,0.00481259,0.00781218,0.98336728
0.98971039,0.03623198,0.00877007,0.99989182
0.98051562,0.03981677,0.01172118,0.99959312
9.23893716e-01,2.87919451e-05,1.66433362e-02,9.55365563e-01
0.99578036,0.06667719,0.00283505,0.99994175
0.9000958,0.02242771,0.00733676,0.95777793
0.97750574,0.05293464,0.05377526,0.99946462
0.97890276,0.00190666,0.00779936,0.99953558
0.96005969,0.08589046,0.03633152,0.99826861
0.9788624,0.00398098,0.00691122,0.99872386
9.58209076e-01,4.22238628e-02,6.91112800e-05,9.98097425e-01
9.74381257e-01,1.90305338e-04,5.64559398e-02,9.98523062e-01
0.97121725,0.00939668,0.03806383,0.99910016
0.97594131,0.00299033,0.01273829,0.99929175
0.9217792,0.00364084,0.00641815,0.98707856
0.98741139,0.01278551,0.09810002,0.99934341
0.99807022,0.02046415,0.06136866,0.99998745
9.60301904e-01,5.36668411e-04,1.29263669e-02,9.98231066e-01
0.99615958,0.02382011,0.02809674,0.99997468
9.63991703e-01,5.60931117e-02,2.52439692e-04,9.97493073e-01
0.99149966,0.05283393,0.0116721,0.99978535
0.93090186,0.03902521,0.02430406,0.99451665
9.42963927e-01,1.22890806e-02,1.68708411e-04,9.96014768e-01
0.96904114,0.00723032,0.00573555,0.99896258
0.9541374,0.02676989,0.01237555,0.99757068
0.98256019,0.00507227,0.09800212,0.9104454
0.96374415,0.00099922,0.01718495,0.9976381
9.59933117e-01,2.97720171e-04,1.09635749e-02,9.94228009e-01
0.95513701,0.07303928,0.00570384,0.98942456
0.97769304,0.04419765,0.00180007,0.99938865
0.94445735,0.08439353,0.00848682,0.99595144
0.9455726,0.05915158,0.09198805,0.99667921
9.92159004e-01,5.55310196e-04,6.60658035e-02,9.99927090e-01
9.81150953e-01,8.52393363e-04,4.43737807e-02,9.99630940e-01
9.71948111e-01,3.78232942e-04,1.58162755e-02,9.63214491e-01
0.98319225,0.03167683,0.08659157,0.99065607
0.97714616,0.03052906,0.09729736,0.99944642
0.96358946,0.02812568,0.00114907,0.99836896
0.93050075,0.00774855,0.0035011,0.99441961
0.95319714,0.00898737,0.05865302,0.99062478
0.98443065,0.02971646,0.01667775,0.99372685
0.99378443,0.00695292,0.02027676,0.92988304
0.919767,0.02041317,0.00379989,0.9869623
9.68639890e-01,3.72466673e-05,8.06924832e-02,9.98952751e-01
0.97173346,0.00994432,0.08938275,0.99915453
0.9724684,0.04690828,0.00609023,0.99883142
9.60110756e-01,4.60563672e-02,6.15921406e-04,9.94975856e-01
0.9542341,0.00374932,0.00701573,0.99715865
9.17906739e-01,9.64333164e-05,8.11811903e-02,9.91163419e-01
0.90688945,0.00281337,0.06264596,0.98929259
0.97020708,0.01543076,0.00759364,0.99045668
0.99494816,0.09203123,0.0488294,0.99997304
0.95063794,0.07909961,0.00295605,0.98487917
0.99375564,0.01794882,0.02944967,0.99995136
0.98123952,0.00449799,0.01864577,0.96340183
9.68422835e-01,4.32364144e-02,4.80119839e-04,9.92619107e-01
0.99406478,0.06284523,0.02805404,0.99984266
0.97445695,0.00666905,0.05293097,0.99880396
0.99428073,0.0136305,0.01225916,0.99996494
0.95692454,0.01105674,0.00102897,0.99714289
0.94841408,0.00783047,0.05376205,0.92506928
0.9916522,0.00846888,0.05633033,0.99992375
0.97342675,0.09285067,0.00412857,0.99040486
0.91222399,0.04901189,0.02370158,0.99045464
9.19217717e-01,7.35895180e-02,1.80914557e-04,9.90540569e-01
0.98708405,0.00331981,0.03024564,0.99981251
9.84922344e-01,8.07494379e-04,7.97802737e-02,9.99739338e-01
9.04009436e-01,2.14047452e-05,9.94615529e-02,9.83059769e-01
0.91517473,0.01954731,0.00214867,0.95578898
0.98029958,0.08347568,0.00318656,0.99958854
0.99677284,0.01200921,0.04914678,0.99998941
0.90265814,0.05689021,0.01879688,0.90361136
0.91690266,0.01950593,0.04265508,0.99185299
9.79825562e-01,6.56669365e-02,1.30672039e-04,9.78357255e-01
9.82248061e-01,1.81234923e-02,5.85823442e-04,9.99672266e-01
9.27258451e-01,4.04880739e-02,2.85377101e-04,9.93797100e-01
0.95721558,0.01095635,0.01387277,0.99755294
0.93191687,0.08957123,0.00153268,0.99378563
9.60728376e-01,2.01161133e-04,1.71504765e-02,9.96092699e-01
9.44362914e-01,3.30911336e-02,1.00564882e-04,9.95455304e-01
9.24502753e-01,4.36997277e-04,9.79398722e-03,9.91299217e-01
0.98477739,0.07189174,0.00438871,0.98998534
0.90601168,0.06038554,0.01549116,0.98919232
0.99114964,0.01765302,0.06496805,0.98788299
0.9784919,0.04312417,0.00107253,0.99928889
9.20340503e-01,4.81062268e-03,8.69739109e-04,9.38901202e-01
0.98946765,0.00218379,0.01378062,0.99902473
0.99136142,0.04501128,0.0013647,0.99948991
9.06629546e-01,2.72436501e-04,6.37487239e-02,9.31814929e-01
9.49830502e-01,4.89393315e-05,8.74679718e-02,9.69540765e-01
0.98932788,0.02885728,0.00927032,0.99987626
9.21525263e-01,9.61645036e-05,1.10754689e-02,9.91794063e-01
9.03592604e-01,6.85231408e-02,5.73882319e-06,9.63273823e-01
0.94721947,0.02666856,0.04826804,0.9818757
0.93694467,0.02972365,0.01492948,0.99538459
9.51779183e-01,1.73406658e-04,9.62065549e-02,9.97361307e-01
9.82080655e-01,8.66990603e-05,9.73106215e-02,9.85242009e-01
0.98403096,0.00802345,0.00567259,0.98554981
9.59887630e-01,1.00694090e-04,4.15882128e-02,9.98256672e-01
9.35834790e-01,1.41176357e-04,1.19122337e-02,9.81271912e-01
9.23232921e-01,2.13296219e-02,5.53092741e-05,9.92169453e-01
9.58883864e-01,9.90221189e-04,2.30520845e-02,9.96383541e-01
0.96092085,0.02399385,0.07832915,0.9979547
9.21979603e-01,5.18691170e-03,6.50012538e-04,9.82016825e-01
0.99789601,0.08260461,0.03833334,0.99999555
0.99538407,0.08219853,0.08316283,0.99893022
0.916559,0.0386798,0.00144072,0.99167042
0.99290949,0.0648698,0.00330672,0.92663278
0.95310742,0.00852359,0.00165645,0.99005725
0.99434712,0.02880505,0.06093645,0.94499244
0.9893315,0.00903826,0.02003402,0.90453521
0.99567775,0.02625314,0.04825324,0.99998077
0.98584773,0.04471296,0.03995068,0.97482513
0.96599061,0.01238426,0.00319237,0.99874452
0.98769537,0.01114923,0.03313116,0.99764086
0.9967068,0.0091674,0.048341,0.9962712
0.97779956,0.03940768,0.00882276,0.99759195
0.97327181,0.00468595,0.05945028,0.94285241
9.27314448e-01,9.84031785e-06,3.46847742e-02,9.75098717e-01
9.25505090e-01,5.62687448e-04,2.34323780e-03,9.93352863e-01
0.93359857,0.00485726,0.08905396,0.99412341
0.98813013,0.07971715,0.00808615,0.99823093
9.36732962e-01,8.96618886e-03,1.12244394e-04,9.93561668e-01
0.99482877,0.01393505,0.0240283,0.99997223
9.84329487e-01,1.76108719e-04,6.96493626e-02,9.17227421e-01
0.94080194,0.05977014,0.00208596,0.99605325
0.99233016,0.07773719,0.00107532,0.99991842
9.26493198e-01,4.41726368e-02,3.72105300e-05,9.93549490e-01
9.34907070e-01,4.29415805e-03,6.75352206e-04,9.50815787e-01
0.99933536,0.06457612,0.09070087,0.99993168
9.47159531e-01,4.45677235e-02,2.47841359e-04,9.95938016e-01
0.97145625,0.04424152,0.01385728,0.99906479
0.97204667,0.00112358,0.01024903,0.99543032
0.9964054,0.02190627,0.0577678,0.99998485
0.91717029,0.01486692,0.00516576,0.99028428
0.94287725,0.06788961,0.07434254,0.96052014
0.92191178,0.00167126,0.00245639,0.99276556
0.97865974,0.06060757,0.02699518,0.98692353
0.96481067,0.01539549,0.00191436,0.97123735
0.90161559,0.00194609,0.01543364,0.95192797
0.96950426,0.02781145,0.01743924,0.99811335
0.99579519,0.00350992,0.0900808,0.99592254
0.97566451,0.01301006,0.03790932,0.99930501
0.96351888,0.08104135,0.09116255,0.99853063
0.98152708,0.00476337,0.00552972,0.99935397
0.97908895,0.00614753,0.02581213,0.99893161
0.96405163,0.07677697,0.09245346,0.99481751
0.92560461,0.02127229,0.06535512,0.9788601
0.97498748,0.00304036,0.00603431,0.99645316
9.28213033e-01,5.02393074e-04,2.00170215e-02,9.84676918e-01
0.94164071,0.011793,0.09670955,0.99343597
0.99322618,0.02892574,0.01721135,0.99994445
0.96013617,0.01728143,0.01571343,0.99815411
0.99691818,0.0527434,0.01032654,0.99998894
0.96621991,0.01676816,0.00110061,0.99828218
0.95921827,0.00211529,0.01849145,0.97538168
0.97325612,0.04788965,0.05000057,0.99919244
0.94673115,0.00116876,0.07769073,0.99390308
0.9844053,0.00250803,0.09104773,0.99892478
0.924798,0.05073366,0.01665325,0.99086388
9.38916632e-01,7.01700290e-02,3.64126925e-05,9.94282428e-01
0.90249339,0.0102133,0.03366051,0.98846097
0.94844094,0.00924992,0.0385941,0.99626853
0.95449618,0.03570561,0.00106992,0.99773201
0.98771973,0.02006767,0.00409232,0.99984184
9.27966848e-01,6.19523852e-05,1.90764658e-02,9.42783589e-01
0.99058936,0.02892683,0.01519358,0.99749515
0.90483962,0.01677309,0.00710715,0.98790604
9.68519993e-01,8.80415978e-02,3.11550780e-05,9.63087891e-01
0.95816112,0.09252535,0.00131748,0.99808368
0.97830396,0.01012373,0.09086278,0.97202807
9.31269620e-01,9.18868714e-04,1.94102015e-03,9.94507445e-01
9.49474684e-01,1.84313129e-04,2.34075584e-02,9.95754943e-01
0.95288776,0.01916234,0.03145195,0.99709399
0.98911078,0.07392223,0.02005373,0.98739382
9.37490800e-01,3.01972157e-02,4.93295322e-04,9.95396048e-01
0.96296971,0.09064671,0.06344442,0.99840427
0.91829553,0.00433969,0.00177243,0.99182201
0.99520868,0.00725073,0.02146519,0.99997228
0.97975546,0.04169291,0.08781709,0.99954262
9.36253766e-01,7.53655905e-02,4.13514733e-04,9.94144699e-01
0.99653066,0.06664412,0.00596134,0.99804054
9.40764009e-01,5.69039412e-05,2.75375734e-02,9.29581751e-01
0.95655001,0.04565263,0.00992597,0.99793428
9.31697007e-01,4.45515992e-04,9.15947906e-02,9.94638793e-01
9.69276454e-01,6.37379504e-05,4.65989312e-02,9.98835779e-01
0.93097419,0.04138984,0.00131064,0.99337303
0.96783585,0.0011894,0.00950155,0.98407842
0.94411239,0.00374196,0.0112396,0.99649341
0.91195836,0.03757429,0.02895776,0.99076377
9.63100838e-01,7.86206844e-02,6.62129930e-05,9.93764265e-01
0.96468721,0.08191174,0.002144,0.99702474
0.99910118,0.07946206,0.06180216,0.99999811
0.97328034,0.03040461,0.06907722,0.99919654
0.98028427,0.02164945,0.00603706,0.99948611
0.99250367,0.0980528,0.09006329,0.99986308
0.99820214,0.06243151,0.0981722,0.99999676
9.34235553e-01,4.90300449e-05,3.01635573e-02,9.94572440e-01
0.99775074,0.08641937,0.01103392,0.99998363
0.99448185,0.0150117,0.01175669,0.99996753
0.9865207,0.00205031,0.04080763,0.99977828
0.93301308,0.01967423,0.00789478,0.98835233
0.92677568,0.012779,0.00784755,0.99268536
0.9244802,0.05544136,0.04886171,0.99296951
0.99492171,0.03606671,0.01268548,0.9937975
0.91437098,0.00474164,0.04547667,0.9905484
0.92528455,0.01614102,0.05102425,0.99333867
9.11166495e-01,2.45559323e-02,5.40100211e-04,9.89654898e-01
9.04427762e-01,1.89967378e-02,1.19151641e-05,9.88848800e-01
0.97888228,0.00295998,0.00253351,0.99951443
9.54670402e-01,9.09464550e-04,1.18867063e-02,9.73287928e-01
0.99217506,0.07000791,0.00642888,0.99984082
0.99467666,0.01077563,0.04484503,0.99962285
0.97926217,0.01279329,0.00154675,0.998047
0.97869963,0.07204522,0.0431458,0.98837042
0.9229838,0.01085967,0.07587934,0.99206915
0.93097507,0.01242773,0.00339848,0.9917492
0.98611903,0.01536528,0.02602119,0.99980179
9.10868386e-01,5.11668476e-02,1.70997302e-04,9.90512903e-01
9.36757054e-01,9.75508498e-04,1.84754500e-02,9.80194164e-01
9.18057045e-01,3.68026517e-04,1.20093117e-03,9.84506680e-01
0.90842459,0.00502976,0.00221691,0.98888916
0.97902522,0.00105862,0.05935028,0.99875046
0.96726851,0.08590761,0.04919502,0.99765101
0.94648032,0.03937259,0.05845832,0.9967741
0.99162105,0.08340337,0.00147098,0.99992854
9.52653586e-01,4.65221900e-04,3.26691190e-03,9.81204784e-01
0.94653137,0.00574045,0.00323675,0.99677616
0.98267354,0.06708344,0.00107476,0.99940821
0.98103281,0.01617343,0.03257757,0.99962632
0.97428622,0.02666238,0.00484806,0.97125417
0.990164,0.00319137,0.07594613,0.99935562
0.98442885,0.00476243,0.05862059,0.96587752
0.99374188,0.00523848,0.02712516,0.99928805
0.93126193,0.03704512,0.01280176,0.99458007
0.97725754,0.0617589,0.00159831,0.99942536
0.99830756,0.07130767,0.03102955,0.99992003
9.37978312e-01,2.30754839e-02,9.30172932e-04,9.46331412e-01
0.99365705,0.08295447,0.08999722,0.98896647
0.94272206,0.07075992,0.01864267,0.99544244
0.90485755,0.06750302,0.01095871,0.986555
0.99211804,0.00859678,0.04243747,0.95468932
9.33120964e-01,3.03717978e-02,2.91127793e-05,9.94679291e-01
0.91484332,0.00485973,0.0133603,0.96304353
0.99505755,0.02871677,0.0641071,0.99997185
9.05696553e-01,9.24886132e-04,9.61294254e-04,9.89270072e-01
0.97216468,0.06393343,0.03014926,0.99916979
0.99105226,0.03614902,0.02760115,0.99972236
0.90176171,0.05519573,0.08880485,0.95719163
9.11576661e-01,7.70098939e-02,1.75326510e-05,9.90633965e-01
0.9970853,0.07737899,0.04722908,0.92595924
0.96410706,0.03553507,0.00763831,0.99861568
0.99406793,0.02367876,0.02634119,0.99983445
9.48903740e-01,8.24345324e-04,3.52693204e-03,9.96569518e-01
0.9779927,0.00289951,0.00622645,0.99945658
0.96430736,0.00122921,0.05282359,0.99841956
0.99309158,0.00905073,0.0974007,0.99993925
9.53452560e-01,4.70623783e-05,9.17259782e-02,9.85089731e-01
0.98625352,0.0311306,0.04666507,0.99825216
9.77661083e-01,9.20981657e-04,7.14493534e-02,9.99478066e-01
0.92853388,0.0185694,0.04342919,0.95008468
0.97030758,0.05921001,0.00650533,0.99906441
9.41817687e-01,8.27888042e-03,9.73871177e-04,9.96175510e-01
0.97474268,0.05691694,0.02593654,0.99926305
0.93644076,0.02240425,0.00139514,0.9954322
9.81164791e-01,4.90040859e-04,2.03309014e-02,9.99631228e-01
0.97376901,0.02824904,0.09669983,0.99489863
0.90526457,0.07368417,0.01242182,0.98675869
0.97044036,0.01559344,0.03527665,0.99902393
9.34472458e-01,5.32366233e-04,5.38562355e-03,9.95068718e-01
9.64236582e-01,8.70062686e-04,2.75722270e-02,9.97575101e-01
9.68238861e-01,3.87055352e-02,8.54895236e-05,9.79034632e-01
0.91418919,0.00574517,0.00934564,0.99031643
0.97610364,0.00884202,0.01606072,0.99938967
0.94160053,0.0177316,0.00572859,0.99439893
0.90075862,0.00278095,0.0119757,0.96736977
0.96520139,0.09961075,0.00765926,0.99864608
0.99035641,0.01549153,0.09141506,0.99989953
0.9916842,0.02111693,0.01744302,0.99753755
9.22856903e-01,2.81033619e-05,2.22080450e-02,9.93023111e-01
9.58486601e-01,8.90428303e-04,9.88320761e-03,9.87303169e-01
0.95980668,0.00409286,0.03206344,0.99824039
9.81651577e-01,9.43282107e-04,1.81968056e-02,9.99356076e-01
9.51300251e-01,1.75833468e-04,3.54507569e-02,9.96908545e-01
9.67913770e-01,6.14438953e-04,1.65618052e-02,9.98592905e-01
0.98505124,0.05574311,0.01772147,0.99976959
9.53443411e-01,3.14141163e-04,5.67517155e-02,9.94656138e-01
0.98460485,0.0096594,0.03626385,0.99974479
0.9230573,0.03726506,0.00145985,0.96834624
9.74622606e-01,3.05471012e-04,8.35569621e-02,9.99026435e-01
0.98473083,0.03319565,0.00817632,0.92260833
0.97311155,0.00704703,0.00454811,0.99923561
9.31994122e-01,1.95119626e-03,7.85908994e-04,9.58867168e-01
0.98880961,0.02557896,0.00684029,0.90517352
0.98587794,0.02263097,0.01608052,0.99979239
0.90096249,0.01467371,0.04272552,0.9878078
0.93253895,0.0037903,0.01117329,0.99475705
0.98001968,0.00139417,0.03505591,0.99949781
0.95755579,0.07300585,0.04166458,0.99772291
0.97259134,0.00889985,0.00118278,0.99331575
0.92823497,0.00155763,0.02988176,0.99395942
0.99172161,0.00512913,0.02365883,0.99973803
9.17186561e-01,2.50786101e-05,9.11208522e-02,9.91913494e-01
0.9756152,0.03644995,0.02573696,0.99829043
9.53230516e-01,4.96655625e-02,1.77723202e-04,9.95027365e-01
0.926228,0.01194823,0.05152244,0.94618635
9.34643180e-01,7.92390509e-05,9.92857921e-03,9.94903896e-01
0.91593449,0.04934955,0.05111399,0.99163054
0.96380645,0.00567387,0.00112196,0.99848378
0.9948529,0.02683612,0.01103132,0.99993642
0.92836101,0.01665904,0.00122123,0.99323109
0.9829504,0.01030639,0.0042839,0.9976295
0.96550892,0.0323281,0.03527353,0.99750244
0.99281308,0.06832272,0.00309348,0.97833613
0.98994144,0.00898737,0.00914515,0.99983788
9.27411933e-01,3.79390841e-05,2.23556283e-02,9.93899637e-01
0.98038081,0.01843165,0.09978759,0.99959555
0.9890491,0.06468127,0.09300842,0.99985344
9.67588924e-01,1.33856369e-02,5.89329634e-04,9.27414030e-01
0.98641973,0.00471851,0.04972306,0.9998061
0.92521432,0.00588027,0.00126814,0.99349448
0.95675979,0.01118521,0.00248557,0.99795943
0.95032017,0.07381646,0.05731893,0.99653693
0.99271853,0.08138173,0.08421996,0.99993708
0.91991233,0.053254,0.0414088,0.97624386
0.99145362,0.02692717,0.06229507,0.99636208
0.96876762,0.00570919,0.00946909,0.99860116
0.95206573,0.02073685,0.00921971,0.99735607
0.97792339,0.06803184,0.01651036,0.99948871
0.95685304,0.00132694,0.0220689,0.98680251
0.9934164,0.02276566,0.00493539,0.98715489
9.45913503e-01,7.22186604e-04,3.49113993e-03,9.95810724e-01
9.35830545e-01,1.54337532e-02,1.32543654e-04,9.95046127e-01
0.94055054,0.0058732,0.05858094,0.99164734
0.92708539,0.00233304,0.00137553,0.99381409
0.94955058,0.00341926,0.00283522,0.91595988
0.99352979,0.01208029,0.03908102,0.99995403
9.12022625e-01,7.96907373e-05,5.25448042e-02,9.90608534e-01
0.93701516,0.07707466,0.01859375,0.99492135
0.98510733,0.00677689,0.02907116,0.95528181
0.98247991,0.03746294,0.05152078,0.90102214
9.62972345e-01,1.04514152e-02,7.35237232e-04,9.80845496e-01
0.99055516,0.01467329,0.00999414,0.99973258
0.9384352,0.00124943,0.00573485,0.99399737
0.99391266,0.00494423,0.01476786,0.99993662
0.93891137,0.0570627,0.0258094,0.98884693
0.96626138,0.00662747,0.00990086,0.98016868
9.24797270e-01,4.21117168e-02,9.51651210e-04,9.93047120e-01
0.99142439,0.07155883,0.03138814,0.9999181
9.03390429e-01,1.35638683e-02,4.77922492e-05,9.78792075e-01
0.9892243,0.0023891,0.09331125,0.99984514
9.15840390e-01,6.66979960e-02,3.30036653e-05,9.91600463e-01
0.94144954,0.03802758,0.00242455,0.98989127
0.96489613,0.00835652,0.0244244,0.9373993
0.96576128,0.02948255,0.00407207,0.99873958
0.98564906,0.00667666,0.00758404,0.99973851
0.95826605,0.04534541,0.00612864,0.99810561
0.99032605,0.01298823,0.00512762,0.99989936
0.9592619,0.07008725,0.07499044,0.99649121
0.91109508,0.01115388,0.0031496,0.98653734
9.50154515e-01,7.73070399e-02,5.19874536e-04,9.94799503e-01
0.94223244,0.0176358,0.02212825,0.98023179
0.9454529,0.00378735,0.01153691,0.99445312
0.92824195,0.02650399,0.01049277,0.93183227
0.94986318,0.00545743,0.0274931,0.99744377
0.92447752,0.06631656,0.02225653,0.99245286
9.49548175e-01,1.49145261e-03,9.25405761e-04,9.94270563e-01
0.9280703,0.08482018,0.04856409,0.99287645
0.99813852,0.07964796,0.01415574,0.99999449
9.53081600e-01,2.81521435e-02,8.42331613e-04,9.66796718e-01
9.25834394e-01,7.13563169e-02,4.57230953e-05,9.93335269e-01
0.96681186,0.05762187,0.00421385,0.99877707
9.85086210e-01,4.98739456e-04,9.71805065e-02,9.99278940e-01
0.99345357,0.01905648,0.05057447,0.99990643
0.98446112,0.02660025,0.07436349,0.99909981
0.95055759,0.00111529,0.03548988,0.99506169
9.14261861e-01,1.83635912e-05,2.24874815e-02,9.68392527e-01
0.94928234,0.04212567,0.00689056,0.99708187
0.99091137,0.07625216,0.04123907,0.99989659
0.97220941,0.01087098,0.03664741,0.96016061
0.98582249,0.00556232,0.02441028,0.99665097
0.96437611,0.00155151,0.00375671,0.99410556
0.98191118,0.00340622,0.05154448,0.99857528
0.92153927,0.00257456,0.01329726,0.95789079
9.65511345e-01,5.16151090e-02,9.03483677e-05,9.97809561e-01
0.91794169,0.00701332,0.00855638,0.99204822
0.96067485,0.08836419,0.05849817,0.90809171
0.92847948,0.02106796,0.08515262,0.99409614
9.13197356e-01,3.32881176e-04,9.58916894e-02,9.90086308e-01
9.47608526e-01,2.56813323e-02,6.36132908e-05,9.71012362e-01
9.64896867e-01,2.89795649e-04,4.63906929e-02,9.98391822e-01
0.91948973,0.00229903,0.02698174,0.92219941
9.66199040e-01,9.33167332e-04,3.31793217e-02,9.91179082e-01
0.9910365,0.04634225,0.02956292,0.99736931
0.97850061,0.0869682,0.0035297,0.93486125
0.92127125,0.02352345,0.02262877,0.96754517
9.27783458e-01,1.15145136e-02,3.83991174e-05,9.67331104e-01
0.90297142,0.06847652,0.05100341,0.98858188
0.9720519,0.00234937,0.0179799,0.99523142
0.99354971,0.04813782,0.02526992,0.99959371
0.98879446,0.02293417,0.01169743,0.99986365
9.84526458e-01,2.95382102e-04,4.25913688e-02,9.82524483e-01
0.91332953,0.00289868,0.02441877,0.98681669
9.11722368e-01,2.88359802e-02,8.89604108e-04,9.23505885e-01
0.96935143,0.07534365,0.09471133,0.99900141
0.90708412,0.00787495,0.03559039,0.98924704
9.29869368e-01,3.31528186e-02,4.89413259e-04,9.94342483e-01
9.85973728e-01,4.30449531e-04,6.38185562e-02,9.99639130e-01
0.99519041,0.0405659,0.02656888,0.97266213
0.99416149,0.01477175,0.08601855,0.99842303
9.66887412e-01,4.75364134e-02,1.35568524e-04,9.98795949e-01
9.44289350e-01,9.92974976e-04,2.98825864e-02,9.94130226e-01
9.27249265e-01,1.14743411e-03,8.66598251e-04,9.90527032e-01
9.10147025e-01,3.72358171e-04,5.67183591e-03,9.89632778e-01
0.98377462,0.05063286,0.059672,0.99972808
0.94858073,0.00191031,0.00284509,0.99706038
0.96782176,0.02272444,0.0405187,0.99889494
0.96844086,0.00215102,0.03296064,0.99653153
9.63519688e-01,3.89033524e-02,6.61594538e-05,9.97871407e-01
0.94113404,0.02071536,0.05561529,0.99609044
0.93833978,0.00249837,0.03306532,0.99540747
0.99555819,0.01756088,0.04955203,0.97428517
0.92601591,0.03638571,0.06496969,0.99346049
0.98033674,0.02380063,0.00344855,0.99921013
0.98110331,0.06574968,0.0479017,0.9992378
9.44435205e-01,4.39662832e-04,8.69549461e-03,9.96022020e-01
9.49240520e-01,5.16847290e-04,4.31394988e-03,9.81860734e-01
9.59089515e-01,8.97135360e-05,3.33495414e-02,9.97551549e-01
0.92457839,0.09916419,0.01986491,0.99207283
0.93110677,0.0034392,0.06055874,0.99455227
9.40240288e-01,8.95083579e-04,1.64452228e-02,9.95439538e-01
0.9864907,0.00231808,0.08574112,0.99981248
9.39669179e-01,2.65017995e-05,9.04023387e-02,9.82719832e-01
9.59532166e-01,7.25786492e-03,9.59813873e-04,9.97115112e-01
0.98187154,0.04776674,0.03029851,0.99960002
0.9843672,0.00678583,0.01948477,0.99969207
0.93196989,0.05938371,0.00100916,0.99031381
0.97500361,0.0209413,0.00177692,0.99905558
9.87724143e-01,7.95216170e-02,5.86494860e-04,9.98880641e-01
9.53858575e-01,1.97331672e-02,3.95671388e-04,9.90442703e-01
9.11484557e-01,3.65466849e-04,1.23509342e-03,9.90494679e-01
0.99568759,0.06621669,0.05571697,0.99990618
9.20952159e-01,4.48364495e-02,2.97313105e-05,9.11170504e-01
0.99364669,0.09527139,0.06161164,0.9999591
0.91070707,0.09902685,0.00991512,0.98935493
0.99725095,0.02339412,0.01939879,0.99946745
9.17646535e-01,8.46329421e-05,6.47620158e-02,9.91859574e-01
9.11668734e-01,1.12873243e-02,1.68828884e-04,9.90601390e-01
0.99078796,0.01764839,0.07541729,0.99991108
0.99198723,0.0041974,0.05599487,0.99987892
9.00527763e-01,6.37671894e-04,5.45444397e-02,9.87783431e-01
0.91690373,0.0032467,0.00173518,0.99073131
9.20929795e-01,9.92066820e-03,4.36163464e-04,9.92380472e-01
0.92965088,0.01538287,0.0018883,0.961608
0.93926894,0.00305806,0.0011317,0.9950194
0.90033761,0.005435,0.00217325,0.98762822
0.9186118,0.00127042,0.00935425,0.99021295
0.97916984,0.05344089,0.00421648,0.99954188
0.99616042,0.00291656,0.07964852,0.99996822
0.97719227,0.02857299,0.00208928,0.99933662
9.89350087e-01,8.05762892e-02,3.19864522e-04,9.71081042e-01
9.67953246e-01,2.67737709e-04,3.41735944e-02,9.98586612e-01
0.92440733,0.00537161,0.0337058,0.98516968
0.92388809,0.00334217,0.05471753,0.99325873
0.98127537,0.03029165,0.00696881,0.99951636
0.96545494,0.02280488,0.02747777,0.99867742
0.99578355,0.00166883,0.07814491,0.99997893
0.98530261,0.07793322,0.00251212,0.99976737
9.56155352e-01,1.07602495e-02,2.93289525e-04,9.96896375e-01
0.95263485,0.00923252,0.00327211,0.98957222
0.99085856,0.00116173,0.09906322,0.998345
0.91597334,0.00392186,0.00906845,0.98045375
0.99535163,0.0355765,0.04529563,0.99997462
9.71414126e-01,6.36818374e-02,3.18950910e-04,9.94997570e-01
0.99675789,0.00436676,0.06501892,0.99998605
9.53161333e-01,7.95009916e-04,1.08475227e-02,9.96888473e-01
9.25272038e-01,2.35176151e-03,1.49667555e-04,9.93407969e-01
0.98585439,0.00776948,0.01816539,0.99952917
0.92581446,0.01829548,0.08423974,0.99361386
0.97575594,0.00371906,0.00445775,0.99938282
0.99369581,0.06222492,0.02891868,0.94329687
0.98085866,0.05593273,0.00156487,0.95844862
9.53319250e-01,8.42711119e-05,9.92890783e-02,9.97533975e-01
9.34063526e-01,3.34607043e-02,1.97159509e-05,9.92020842e-01
0.97141549,0.02926033,0.08662563,0.95828622
0.93284797,0.03382881,0.02062284,0.98965932
0.98425783,0.08653429,0.00174295,0.99222033
0.99037343,0.02179947,0.00684151,0.99977502
0.98112864,0.01923335,0.01213766,0.99960147
9.62027489e-01,5.14404228e-04,1.15671746e-02,9.72187067e-01
0.96823709,0.04187894,0.04391179,0.99317934
0.96764678,0.02037803,0.00951408,0.99888215
9.24665094e-01,7.50887618e-04,3.98075036e-02,9.93219934e-01
0.98798392,0.01340218,0.04264848,0.99984099
0.99527098,0.03383554,0.04319448,0.99996827
0.93569127,0.0459716,0.03755987,0.97019604
0.96190432,0.00609899,0.00293233,0.99728746
0.98846913,0.05479578,0.04232516,0.99721944
9.66348848e-01,3.92294530e-02,1.32009733e-04,9.94108300e-01
0.92341057,0.00718401,0.06533092,0.99254709
9.36895878e-01,7.48069311e-03,8.83871103e-04,9.93018718e-01
9.77515283e-01,6.31230130e-02,1.25057359e-04,9.99250984e-01
0.99273522,0.06553457,0.00341464,0.94998999
0.96427663,0.00762714,0.03403966,0.99855274
9.02181766e-01,2.24983920e-04,6.59994916e-03,9.49267845e-01
0.91833796,0.03561991,0.03055862,0.9869114
0.98249011,0.07479909,0.00184484,0.99958442
0.98207582,0.00276782,0.00572415,0.99966155
0.93064732,0.01500759,0.00505291,0.99289352
0.9628364,0.00268263,0.03542278,0.99681425
0.98057862,0.00348197,0.01459647,0.99658419
0.98818038,0.00235576,0.01756197,0.99957815
0.98439427,0.0709835,0.0336048,0.99974453
0.95811659,0.00573403,0.06227252,0.9954831
0.9205731,0.00259495,0.03210878,0.9866546
9.73515824e-01,9.86959387e-02,5.01752096e-04,9.99121646e-01
9.28833306e-01,2.35205682e-02,2.24699340e-05,9.93721869e-01
0.9254974,0.01603179,0.07890239,0.99324021
9.44438399e-01,4.57313007e-03,7.40513550e-04,9.95217320e-01
0.97111977,0.00830716,0.00190752,0.99909448
9.32943061e-01,5.76825570e-04,9.02090788e-03,9.92975140e-01
0.95771577,0.04126596,0.01342826,0.99773469
9.78492278e-01,2.46289185e-04,2.73374387e-02,9.08548177e-01
0.98731432,0.06772019,0.08077338,0.99982586
9.84076225e-01,6.69686218e-02,7.51248991e-04,9.92993928e-01
0.97658125,0.00760062,0.02542768,0.99942512
9.32375638e-01,7.63399272e-04,6.57766889e-03,9.57262837e-01
0.98803933,0.01677321,0.02519967,0.99905979
0.97932633,0.04488575,0.03019385,0.99942432
0.97845692,0.00756094,0.01435925,0.99541008
9.81453891e-01,3.14429023e-02,1.88970934e-04,9.94793888e-01
0.91073334,0.02938236,0.00211821,0.97793532
0.94892827,0.00238651,0.00700641,0.96846065
0.99862557,0.03063306,0.05062166,0.99982101
0.93886299,0.0136269,0.01351208,0.99509645
9.14472346e-01,4.24273661e-05,8.83246588e-02,9.91185607e-01
0.99816567,0.03122386,0.09974384,0.99999629
9.34479675e-01,1.22555213e-02,4.12567779e-05,9.93898864e-01
9.23549832e-01,2.55819937e-04,1.09149614e-02,9.82792763e-01
0.9950977,0.06976824,0.0048642,0.99996174
0.91509579,0.02957,0.00280296,0.99135934
9.16023364e-01,2.63752947e-04,3.68393724e-02,9.91639269e-01
0.9288426,0.00278999,0.00293052,0.93712244
0.91858622,0.03895956,0.00207558,0.98243565
0.99356829,0.00479185,0.0491632,0.99990159
0.98773902,0.04315429,0.03858011,0.9997816
9.87061041e-01,7.86012541e-02,3.73422287e-04,9.97948213e-01
0.95129807,0.05405252,0.00365577,0.9424444
0.97184491,0.05370742,0.01181799,0.97078011
0.97172037,0.03836306,0.03478321,0.99887458
0.98810067,0.0229342,0.00951792,0.9997501
9.26214578e-01,7.90667042e-04,1.63366439e-02,9.51977920e-01
0.93649763,0.04382816,0.02319221,0.99541507
0.98099756,0.00810597,0.00539991,0.99953277
0.98692184,0.00335163,0.01807777,0.99981943
0.95986385,0.00122751,0.03581711,0.99813822
9.83657223e-01,2.68829298e-02,6.45383970e-04,9.99661556e-01
0.99931093,0.07166445,0.08596001,0.99319696
0.98283494,0.08783996,0.09541903,0.99896001
0.94854004,0.09511668,0.00397994,0.98293175
9.67874848e-01,3.28905572e-02,9.27707091e-05,9.95064573e-01
0.97960116,0.00745802,0.02488295,0.99956257
9.12608012e-01,2.81518654e-04,1.18210086e-02,9.49598081e-01
0.90730362,0.01879806,0.00929501,0.97334869
0.90029631,0.07119871,0.00130736,0.9870838
0.99694987,0.01375052,0.09749439,0.99985564
0.9344747,0.00211194,0.04597245,0.99441935
0.99731047,0.07047545,0.01130092,0.99998557
0.96046165,0.00696573,0.01585613,0.99544556
0.94594115,0.01781504,0.04014056,0.99674182
0.95485441,0.00669656,0.02796628,0.97812921
0.95992683,0.00427434,0.08218499,0.9981187
0.97731337,0.00100018,0.01064168,0.99933878
0.94345001,0.0242942,0.00390887,0.97176871
9.26649450e-01,2.65421441e-02,4.85784313e-04,9.93308245e-01
0.99805996,0.06740673,0.03292121,0.9999938
0.99586218,0.05746912,0.00456936,0.99989332
0.93324819,0.08250679,0.0989127,0.99486178
0.95537955,0.06486407,0.01591248,0.95906401
0.98801356,0.02837055,0.00807896,0.99985268
0.98012073,0.04974445,0.02121481,0.94445598
0.95146709,0.00116883,0.00129627,0.99690212
0.97889912,0.01765243,0.0043536,0.99918223
0.97321881,0.00174909,0.00169708,0.99695218
0.99186699,0.09426293,0.09365499,0.99991666
0.95161203,0.04344826,0.02615819,0.99687956
0.98295243,0.00504907,0.05540738,0.95747638
0.9066063,0.06647168,0.05614648,0.96423658
0.9886813,0.01206069,0.03260484,0.97826685
0.95371599,0.01930522,0.0043391,0.99764841
0.98801254,0.09798611,0.00304539,0.99982603
0.99123535,0.05540365,0.04285381,0.9999192
0.90585202,0.00657787,0.01024332,0.97560965
0.99393414,0.09485426,0.0679716,0.99142009
9.77304414e-01,7.04634361e-02,1.39474400e-04,9.99425534e-01
0.97891437,0.05893211,0.01684492,0.99943726
0.98674468,0.00444768,0.0191677,0.99981863
9.32824546e-01,7.31716528e-02,9.60769837e-06,9.94822419e-01
0.91991302,0.0010905,0.02968861,0.99242527
0.94327282,0.05106057,0.04301316,0.94078115
0.96138398,0.03499321,0.01988275,0.9983892
0.98600871,0.01767367,0.00350857,0.99929254
9.44448744e-01,1.52518214e-02,3.95158785e-04,9.96335175e-01
0.90095077,0.00237006,0.03837349,0.98803535
9.17923356e-01,9.32132331e-02,3.57456080e-05,9.67678571e-01
0.98705902,0.00393199,0.05257848,0.99566468
0.96471822,0.00312634,0.04968894,0.99832316
9.61446090e-01,1.17242689e-02,5.97619321e-04,9.98110745e-01
0.90822114,0.00111399,0.05020622,0.98554217
0.9915413,0.00216542,0.06164214,0.92019022
9.30679804e-01,3.11751954e-02,2.90616032e-04,9.94359174e-01
9.39803979e-01,3.68131165e-02,3.65972524e-04,9.95852009e-01
0.90181739,0.00995624,0.03016226,0.98612657
0.92666468,0.00376983,0.00113956,0.99349942
0.96133358,0.01712451,0.02919556,0.99337776
9.04932397e-01,1.83118555e-04,6.72890149e-03,9.86655564e-01
0.98601608,0.02703872,0.00397994,0.96036085
0.99455644,0.01993552,0.08730793,0.95767731
0.95892514,0.00677858,0.0017232,0.99813668
0.98880577,0.06296925,0.0628887,0.9996432
0.98926239,0.03472461,0.08310464,0.99851796
0.99600482,0.00782758,0.05882629,0.93435727
9.73767606e-01,4.65685801e-02,6.97876653e-04,9.97124402e-01
9.25525313e-01,4.75753772e-04,4.24753044e-02,9.93565525e-01
0.95916177,0.00230241,0.03731332,0.99817004
0.99164977,0.0198908,0.00426146,0.99987834
0.95986495,0.01838017,0.09253492,0.99825515
0.9546398,0.00656027,0.00745625,0.99712062
0.99539387,0.02398206,0.01116904,0.9999605
9.10073183e-01,4.41743333e-04,7.18408996e-03,9.90366234e-01
9.56763185e-01,6.38270896e-04,1.41026303e-02,9.97486411e-01
0.98927469,0.02376159,0.00399385,0.99984287
9.35768772e-01,9.00474181e-04,1.12471025e-03,9.77454212e-01
0.973397,0.00208056,0.0185336,0.9703601
0.98290492,0.02826982,0.03336693,0.99813624
0.98492609,0.04790435,0.08321824,0.99975709
9.70267661e-01,1.24645931e-04,6.60615245e-02,9.98629248e-01
0.97926283,0.05229391,0.04396466,0.99955136
0.99376919,0.00250472,0.0591686,0.98450688
0.95311206,0.01981326,0.00185094,0.99541777
0.9133582,0.0071589,0.00233381,0.97471436
0.99271825,0.0790209,0.04207662,0.99993814
0.99601242,0.05186499,0.04094068,0.99998253
0.92053118,0.00163049,0.01193672,0.91419766
0.92631866,0.08568987,0.0144306,0.9912007
9.09701959e-01,5.45618320e-02,1.47656396e-04,9.25578761e-01
0.99579768,0.06175863,0.06815777,0.99977606
0.99495279,0.01265743,0.09849757,0.94403638
0.93163794,0.04116954,0.05838917,0.99376378
9.27891412e-01,7.65071260e-05,2.32543304e-02,9.93664288e-01
9.22146047e-01,1.36002075e-04,3.97239513e-02,9.92912832e-01
9.06652929e-01,2.70513351e-04,2.98740684e-03,9.89452422e-01
0.9436525,0.09252634,0.00177559,0.99644541
0.91218946,0.01158189,0.03465281,0.96153741
0.95722191,0.0288581,0.00151556,0.99791236
0.97557437,0.04727211,0.0309454,0.99933716
0.98538446,0.0889371,0.01395532,0.99161557
0.99913717,0.06142521,0.08929384,0.99999925
0.9563655,0.00138039,0.00108737,0.99200415
0.98223131,0.03850073,0.09677371,0.99899504
0.93468053,0.02065822,0.00440784,0.98596309
0.97485165,0.0357258,0.02299322,0.99932994
0.96539011,0.0010462,0.01066845,0.9986536
0.99338622,0.09729313,0.0231739,0.91453599
9.19127646e-01,5.05989031e-02,6.60556159e-04,9.77008351e-01
0.9738153,0.00382084,0.03906535,0.95947381
0.915295,0.00106349,0.00776829,0.99145932
0.94137835,0.00654799,0.0022485,0.9936849
0.96011852,0.00975351,0.01328182,0.99749643
0.99537195,0.07362378,0.00133477,0.99997826
9.40697053e-01,7.67599032e-04,9.88506747e-03,9.68757924e-01
9.43237842e-01,1.07641914e-05,8.44776255e-02,9.19619930e-01
9.01926747e-01,4.42483287e-02,8.06955550e-04,9.85851046e-01
0.99721938,0.09028635,0.02338716,0.99999211
0.99770949,0.08704117,0.03984192,0.99999465
0.96235482,0.00933151,0.05689813,0.92862977
0.9942514,0.07554767,0.00580092,0.99995723
0.94792831,0.00367574,0.00404399,0.99688971
0.92940726,0.0073413,0.04827525,0.99410176
0.97445723,0.00753097,0.02865415,0.99931059
9.29911631e-01,3.81161346e-03,8.16658296e-04,9.92707638e-01
9.17186085e-01,7.45522853e-04,5.42080429e-02,9.54481272e-01
0.90448611,0.00515355,0.01608148,0.90689452
0.99205324,0.03284036,0.02735972,0.99993551
0.96382098,0.00582195,0.00167589,0.97787161
0.9618025,0.03328878,0.01776965,0.99841805
0.99425344,0.00241133,0.06501165,0.99158126
9.55066079e-01,4.89601229e-04,1.66122184e-02,9.97623589e-01
0.97907333,0.01351379,0.00123496,0.98928026
0.9941804,0.04450912,0.00215736,0.99752034
9.46742797e-01,5.87405582e-02,7.78559025e-05,9.93432322e-01
9.80690541e-01,2.96247072e-04,4.35251824e-02,9.72856036e-01
0.99058727,0.01764022,0.01227637,0.99990959
0.93496989,0.06394496,0.01763824,0.995185
0.98411952,0.05965208,0.0121509,0.99909537
0.99641009,0.04511056,0.00473373,0.99994703
0.99379218,0.00617781,0.0220443,0.99427243
0.99451192,0.01331117,0.00624749,0.91627033
0.91672858,0.00619363,0.05741246,0.97199889
0.98540052,0.01373452,0.04645394,0.98127703
0.94246418,0.01881343,0.02626195,0.97399674
9.39174977e-01,5.33889025e-02,1.20213224e-04,9.53007767e-01
9.12785563e-01,1.60572329e-02,1.95850031e-04,9.55192468e-01
0.9052628,0.09555029,0.03282124,0.9114805
0.98804622,0.00766456,0.00569262,0.99985349
0.99260509,0.08755942,0.03475082,0.98093748
0.94708227,0.01834971,0.00481651,0.9958175
9.92733688e-01,8.89839517e-02,4.99949883e-04,9.99924732e-01
0.99733939,0.09279999,0.00816867,0.99999198
0.96641084,0.01826985,0.04343456,0.99848074
0.98639938,0.00161241,0.097481,0.99968342
0.91390676,0.0086599,0.0109818,0.99113427
0.99175123,0.06800797,0.03368396,0.99993077
0.97894059,0.04945539,0.00264947,0.99953719
0.98250282,0.01069805,0.00210163,0.99943796
0.98841056,0.07952671,0.0820817,0.9998619
0.99897874,0.0671297,0.03166714,0.98673206
0.97273735,0.0146585,0.00157322,0.99921374
9.55557901e-01,1.20886234e-04,3.06742453e-02,9.97712229e-01
9.58045016e-01,6.59183229e-05,5.13709177e-02,9.96857136e-01
0.99540991,0.01276329,0.05500717,0.99994711
9.34493315e-01,5.27848162e-04,4.80949799e-03,9.94843211e-01
0.9912966,0.00840631,0.08694661,0.99992292
0.91095022,0.00128851,0.0152228,0.97996154
0.97132401,0.04566055,0.02215912,0.99530577
0.99429466,0.0031333,0.07278459,0.99312224
9.48985598e-01,7.27975481e-05,5.32113968e-02,9.96703184e-01
9.77072813e-01,1.68076712e-02,3.86949897e-04,9.97916456e-01
0.95686671,0.02870205,0.03086399,0.99707595
0.95819416,0.0101617,0.01593405,0.95031963
9.23010946e-01,5.29867475e-03,5.30302851e-04,9.88481054e-01
0.95904778,0.00522431,0.00187703,0.98243648
0.90171234,0.05132847,0.02014733,0.98534305
0.9644391,0.05855564,0.00169457,0.99397565
9.61043245e-01,8.26842172e-02,8.15504137e-05,9.97611342e-01
0.96504642,0.01977923,0.00757596,0.99840067
0.99284376,0.08198148,0.07482102,0.99405722
0.92374455,0.0188239,0.00629409,0.99213906
0.94281233,0.02743991,0.03047286,0.99185048
9.62020192e-01,8.78766338e-04,2.29968974e-02,9.97865168e-01
0.96162584,0.00274045,0.01288993,0.99786066
9.26572629e-01,2.68108682e-04,2.16575262e-02,9.78234434e-01
0.95846993,0.01248954,0.02518509,0.90139304
0.99210223,0.01798704,0.02951261,0.99993397
0.95578974,0.00212359,0.00352565,0.99557909
0.95481194,0.00136995,0.0028528,0.99265969
9.58492555e-01,1.09412329e-02,1.49299978e-04,9.98108188e-01
0.98142551,0.00119007,0.0206366,0.99963544
0.93921591,0.02638096,0.08924506,0.99438459
0.99313087,0.05883568,0.00628184,0.99993872
0.9945438,0.0081851,0.03322294,0.99996731
0.989963,0.00562802,0.09616671,0.95538046
0.97931986,0.00288462,0.00968483,0.99954556
9.25255848e-01,7.44579366e-04,1.60297440e-02,9.89144148e-01
0.96122847,0.05400902,0.08057996,0.99836565
9.88189091e-01,3.08860982e-04,4.90021212e-02,9.99663110e-01
0.92536468,0.01029837,0.02809021,0.99281334
9.24685331e-01,3.21255491e-03,2.35782299e-04,9.90655483e-01
0.95688075,0.05575749,0.05243217,0.9975987
0.99047785,0.00803706,0.08401684,0.99990681
0.97863053,0.06165324,0.02855074,0.99927274
0.96268708,0.04007001,0.00101637,0.99849993
0.9890225,0.0425418,0.00271856,0.99987666
0.93703787,0.0071609,0.00189839,0.99547567
0.98679712,0.01467243,0.07251006,0.99982025
0.997874,0.04900201,0.04562866,0.99950779
0.98996518,0.00250642,0.01441407,0.99838906
0.99585053,0.04222965,0.09976244,0.99992597
0.97865376,0.01622556,0.02762288,0.97667497
0.99153557,0.00471623,0.04438881,0.99862744
0.90945935,0.01035253,0.00131908,0.98994554
9.42252453e-01,2.50432219e-02,5.56219561e-04,9.54145302e-01
0.97488526,0.00269037,0.0064395,0.93282319
0.99786438,0.03909291,0.038168,0.99669681
9.52758734e-01,9.07389080e-02,1.45863418e-04,9.66957703e-01
9.32088103e-01,1.79431822e-04,3.43481876e-02,9.67510868e-01
0.9534077,0.05974568,0.06536971,0.9845271
0.97220582,0.03690783,0.00155571,0.99898786
0.99584399,0.03543609,0.04062281,0.99998256
0.99192425,0.01315664,0.05756408,0.99948264
0.95554712,0.00177941,0.00410719,0.99762368
0.90485329,0.01347347,0.0239071,0.98681927
9.71391258e-01,4.28450221e-04,8.04225924e-02,9.99131417e-01
0.99563999,0.07104491,0.02208733,0.99989289
0.99140759,0.03264762,0.03285653,0.9944643
9.31935026e-01,2.66088383e-03,4.50622917e-04,9.94623212e-01
0.99659122,0.01977223,0.07370511,0.97810274
0.96837355,0.00966436,0.01882369,0.99865217
0.9955102,0.01337552,0.0968653,0.99968917
0.98410794,0.04111306,0.01486347,0.97795396
0.97177305,0.03496849,0.08661282,0.99903
0.98733755,0.06401872,0.00709424,0.99850424
9.65759415e-01,1.00645929e-04,2.73793675e-02,9.96962876e-01
0.90654943,0.00166918,0.00291907,0.9894837
9.60837902e-01,4.16320755e-05,8.50366928e-02,9.89427167e-01
0.94533342,0.02126678,0.0132988,0.99666609
0.97947998,0.0064182,0.02729148,0.99955711
0.98873912,0.01673307,0.00295707,0.99986061
0.99196274,0.00356485,0.07887126,0.99912844
0.97635678,0.02995003,0.01487122,0.97247564
0.99024016,0.00347252,0.009679,0.99988442
0.99821695,0.08438235,0.051994,0.9999817
0.91273503,0.0072298,0.0064737,0.9899894
9.64650456e-01,4.29039766e-02,3.96141444e-04,9.98607537e-01
0.9899543,0.02460441,0.00180377,0.9998914
0.98989612,0.00354443,0.09234946,0.99917357
9.78993182e-01,7.43210623e-02,7.38161311e-04,9.99448741e-01
0.99134976,0.04531902,0.00303178,0.99992015
0.92167124,0.00327583,0.06530331,0.99263159
0.97603108,0.00641721,0.05682166,0.99936874
0.94545698,0.0593106,0.03430208,0.99657104
0.92026676,0.02240309,0.00848766,0.99087762
0.95803746,0.01353207,0.04542926,0.99573946
0.90972232,0.04652837,0.0527508,0.98983677
0.97783999,0.0461901,0.03573959,0.99922787
9.64829472e-01,9.86198964e-02,2.30987425e-04,9.98361941e-01
9.60959185e-01,8.03582036e-03,4.43881117e-04,9.24213584e-01
0.97051105,0.006487,0.07902357,0.99906949
9.00989890e-01,5.19078046e-05,8.92079400e-03,9.48967256e-01
9.63910217e-01,4.24892328e-02,2.85514195e-04,9.84594480e-01
9.22271898e-01,3.26399045e-02,4.83341745e-04,9.92795705e-01
0.99646461,0.0446679,0.00794417,0.99998735
9.67232488e-01,2.17737993e-03,8.65253743e-04,9.88687272e-01
0.99648821,0.08456021,0.01285293,0.99998029
9.09682602e-01,1.62372007e-04,7.09181133e-03,9.90070042e-01
0.94354252,0.001294,0.00773594,0.99639022
0.95539697,0.01389637,0.03422777,0.99717421
0.95457249,0.00403108,0.00589123,0.99455601
0.94731333,0.00884542,0.00239103,0.99687259
0.98715264,0.07968162,0.02799322,0.99982692
0.93974132,0.03420989,0.00545263,0.99589969
0.98396151,0.00343676,0.06184682,0.99947154
0.99035705,0.03138021,0.00662986,0.99881284
0.98822233,0.00626073,0.0160717,0.99982805
0.98817888,0.09846589,0.01133812,0.9823416
0.98866749,0.0306784,0.05384516,0.9992722
0.99244257,0.01030521,0.04664543,0.97661437
0.99122144,0.01570121,0.0519133,0.95769537
0.96623735,0.00160525,0.01784474,0.99847243
0.94693372,0.00298701,0.00800119,0.99683349
9.61368620e-01,5.97140064e-02,4.69186121e-04,9.98339210e-01
0.97482467,0.00143905,0.09178715,0.96024512
9.03685358e-01,1.08460715e-04,9.84979001e-03,9.88726199e-01
0.96598418,0.04177173,0.00519796,0.99876134
0.97018194,0.00245021,0.01090259,0.9990111
9.56108896e-01,1.21065674e-02,6.75771279e-04,9.97830576e-01
0.98914559,0.06178777,0.05236894,0.99985798
9.72642111e-01,8.41329818e-03,4.69299020e-04,9.99209194e-01
9.69793734e-01,1.25214224e-02,3.61581297e-04,9.98953385e-01
0.98584204,0.00128141,0.04103715,0.99840183
0.97870463,0.04834121,0.00658389,0.98884404
0.99383839,0.02739183,0.00633445,0.99955598
0.99364844,0.02068044,0.077036,0.99995826
0.97198516,0.0474886,0.00429312,0.99916732
0.94458883,0.00673771,0.03495335,0.99517233
9.47419251e-01,4.99802853e-05,5.67706065e-02,9.93351942e-01
0.98403464,0.07857394,0.00315312,0.99973328
0.98629562,0.005591,0.00263276,0.99947885
0.97809859,0.00821819,0.04823085,0.99947823
0.96601977,0.00473164,0.01509489,0.99489574
0.9917131,0.07306161,0.02761942,0.99085858
9.26269832e-01,2.58714921e-02,9.66188529e-05,9.93183029e-01
0.99874868,0.08138536,0.04095457,0.99999843
0.91516539,0.07995176,0.05746862,0.96974903
0.96815965,0.03650951,0.0010135,0.99891905
9.01947992e-01,1.41828464e-02,2.92421091e-05,9.86930568e-01
0.97748954,0.00615249,0.01244028,0.99945619
0.99465221,0.03536438,0.02276576,0.99992076
9.00226875e-01,5.74933930e-03,4.33618951e-04,9.67095462e-01
9.70962946e-01,6.10824544e-02,1.72025025e-04,9.99106378e-01
9.37195944e-01,9.71206827e-02,2.63865352e-04,9.94882713e-01
9.27500671e-01,3.63373563e-02,2.38038844e-05,9.93492649e-01
0.99673556,0.04290281,0.00573202,0.99982071
0.99854529,0.02011725,0.07973116,0.99712111
9.03209483e-01,2.44404566e-02,2.62191410e-04,9.83877662e-01
0.96765893,0.08954153,0.08860427,0.99876392
0.96705257,0.00290433,0.00917978,0.99564133
0.9070172,0.02798108,0.01038477,0.94834205
0.96618382,0.01439639,0.00406251,0.9987596
0.95479694,0.06709292,0.00102072,0.99632269
0.98073468,0.00368509,0.01888117,0.99950767
9.82468693e-01,4.91783545e-02,2.75355235e-04,9.99448390e-01
0.94872059,0.0224587,0.01228968,0.94982834
0.93914312,0.04512136,0.03731562,0.98017013
0.96304401,0.02796466,0.02226254,0.99852958
0.99332117,0.00774021,0.01256352,0.9051579
9.68356743e-01,3.07127017e-02,3.93155755e-04,9.98922144e-01
0.98980672,0.00441476,0.00738099,0.99989222
0.99378226,0.00637073,0.05663206,0.99996081
9.40474886e-01,1.46744965e-02,3.52987359e-04,9.93803571e-01
0.96200651,0.00185255,0.00929647,0.98071948
0.99853288,0.07478994,0.02400881,0.99999775
0.98457653,0.08539053,0.00671789,0.99968736
9.51670825e-01,9.07204221e-04,1.98755992e-02,9.96575995e-01
0.99786056,0.02649252,0.01744474,0.99999526
9.19645633e-01,2.19689860e-03,3.06362798e-04,9.89246575e-01
0.93209338,0.00173861,0.0338948,0.92723074
0.92886543,0.01999926,0.00149002,0.99416919
0.96644488,0.03735944,0.07290947,0.99567824
0.94084017,0.00121888,0.00363573,0.98108074
0.97022196,0.06845056,0.01064138,0.99905247
0.99260644,0.00225868,0.06184536,0.90405608
9.13337909e-01,3.52228748e-04,9.39948408e-03,9.83815972e-01
9.41378169e-01,5.51583410e-02,9.40636473e-05,9.96112568e-01
0.97369656,0.0771148,0.08100335,0.99921515
9.82024310e-01,4.29237936e-02,5.49801150e-04,9.93333907e-01
0.99082479,0.01972661,0.00502175,0.99630314
0.93106781,0.01039029,0.00212113,0.99174695
0.99738312,0.05114132,0.01035861,0.99995974
0.98287146,0.02340962,0.03776288,0.99967763
0.99309527,0.01281668,0.00477918,0.97928474
0.94907325,0.00431695,0.00321929,0.99644948
0.99106057,0.02979186,0.00362247,0.99944459
0.97065649,0.01422447,0.07206459,0.99795754
9.63954200e-01,3.96080758e-02,2.26211789e-04,9.89798851e-01
0.90472062,0.00546777,0.0644618,0.98822464
0.95271724,0.00307556,0.00930089,0.97984328
9.42462280e-01,9.17633446e-02,1.78041214e-05,9.68112209e-01
0.9577554,0.01358229,0.01137419,0.98110563
0.98806415,0.03546459,0.00132111,0.99983325
0.99715363,0.02258547,0.08689507,0.94791667
0.95716772,0.01214744,0.00354348,0.99575324
9.19113114e-01,6.36464264e-02,2.14190942e-05,9.35743183e-01
0.98031082,0.01354108,0.07398615,0.99790796
0.99265519,0.00666145,0.06373831,0.99960077
9.37666985e-01,4.83686351e-02,6.53801413e-04,9.95599832e-01
0.98286652,0.03722283,0.01882791,0.99969548
0.99871601,0.06605972,0.08951205,0.99999751
0.99733247,0.00442672,0.08107351,0.99872232
0.90152331,0.00154007,0.04401237,0.98828579
0.99436951,0.0261935,0.08521272,0.9998193
0.99711111,0.05692553,0.05122984,0.99998234
0.97279251,0.00267511,0.0328513,0.99910857
0.9437692,0.01622858,0.00356341,0.99643143
9.37366720e-01,2.79231232e-04,9.91238292e-03,9.95236446e-01
0.95488506,0.08416144,0.00602428,0.9970416
0.96575172,0.01195559,0.00424964,0.99852111
0.92830844,0.03792232,0.00165437,0.99263626
0.94224042,0.09363604,0.00450614,0.9195421
9.54079568e-01,1.69811406e-04,3.90977011e-02,9.94067534e-01
0.98292819,0.00525644,0.03499036,0.99940903
0.96997571,0.01336999,0.00229366,0.94853375
0.92183238,0.00341043,0.08037351,0.99239246
9.60936914e-01,3.07734033e-04,4.75359764e-02,9.98349156e-01
0.97909451,0.02190783,0.00326687,0.9993672
0.97311336,0.04286872,0.00410137,0.999232
0.99101864,0.05134857,0.05090784,0.9999168
9.52964860e-01,7.65447183e-05,5.24779419e-02,9.97413749e-01
0.92055311,0.00271444,0.03005659,0.99210105
0.99875465,0.09752718,0.01703793,0.99999844
9.07074443e-01,4.47995137e-03,2.53848803e-04,9.86152703e-01
0.99604797,0.02641768,0.0256372,0.92729053
0.90538838,0.02318637,0.03976028,0.98852661
0.99178021,0.00428485,0.06883516,0.9995434
9.79684492e-01,2.05110530e-02,9.86270122e-04,9.99541046e-01
0.97198382,0.0014415,0.00297591,0.99666919
9.35898383e-01,1.60147661e-04,5.51824696e-02,9.95324200e-01
0.93815693,0.00890433,0.07272944,0.99567324
0.91903847,0.00108854,0.01580909,0.99229712
9.66063729e-01,2.20574826e-02,5.44206963e-04,9.98735949e-01
9.47890267e-01,9.21721935e-04,4.05277345e-02,9.96977884e-01
0.96432759,0.00402255,0.00938265,0.99863213
9.37852119e-01,8.03802771e-04,1.83857121e-02,9.93333153e-01
0.99876713,0.03492261,0.09152771,0.99999792
0.96824469,0.09780107,0.00611102,0.99892329
9.12768913e-01,1.10945199e-02,5.51504339e-04,9.90928369e-01
0.96609659,0.02674812,0.0131964,0.99876521
0.93381747,0.01199029,0.06052649,0.99473259
0.98389109,0.01191238,0.01619756,0.99973192
9.34083587e-01,4.90217264e-03,1.65901997e-04,9.80335207e-01
0.97192281,0.00116287,0.00535819,0.99916516
9.45974640e-01,4.19735579e-02,3.26907189e-04,9.95895694e-01
0.91058492,0.08367825,0.00126821,0.92925972
9.60985643e-01,1.14540515e-04,4.56300136e-02,9.98343575e-01
9.54977643e-01,6.10242250e-03,3.21816702e-04,9.61482759e-01
9.17887719e-01,3.61080408e-02,1.82726687e-05,9.88511401e-01
0.95436919,0.00511175,0.0233898,0.99611807
0.98209,0.04378249,0.00153256,0.99912266
0.99508504,0.07191332,0.00214528,0.99442814
0.97287449,0.00191572,0.05304708,0.99769078
0.99521201,0.00963944,0.03361492,0.99837378
0.9231933,0.06695427,0.01542848,0.99318754
0.98865751,0.00175733,0.09597852,0.99980497
9.85230220e-01,1.72260325e-04,8.15956265e-02,9.98981184e-01
9.69595945e-01,8.01933940e-04,4.13484966e-02,9.97207199e-01
0.93435531,0.07231697,0.00165729,0.96861666
0.97155268,0.01643631,0.0036596,0.99627031
0.96910133,0.04437337,0.08407038,0.98740223
0.9963576,0.00257763,0.09256549,0.92667149
0.99077072,0.05229951,0.04948576,0.96427078
0.98966802,0.08279904,0.00099935,0.96466327
0.96705786,0.07184703,0.00271886,0.99863841
9.20092247e-01,1.94556696e-02,4.84430066e-04,9.92499467e-01
0.97269903,0.01451212,0.0109994,0.99867125
9.35002496e-01,6.08523779e-04,6.52968773e-02,9.94503147e-01
9.35611669e-01,5.08272934e-02,1.82900464e-04,9.32961575e-01
0.99631462,0.01622035,0.07665472,0.99998613
0.96892886,0.0525295,0.01875479,0.99896192
0.97911571,0.01617078,0.01356254,0.99954116
0.96228136,0.00141925,0.00813203,0.99844286
0.92763673,0.06703827,0.00403872,0.99380412
9.84175476e-01,4.75343191e-04,2.16057068e-02,9.99739537e-01
9.62758205e-01,5.28974583e-03,4.38216725e-04,9.98492948e-01
9.09734528e-01,2.81488707e-03,8.31092906e-04,9.64288285e-01
0.99506509,0.01523295,0.04926315,0.99960279
0.98078143,0.00684611,0.00903457,0.99877635
0.97089685,0.03179335,0.00222646,0.99903255
0.94616507,0.00652777,0.02487045,0.98995563
0.98322045,0.06910423,0.05192435,0.99970825
9.90906308e-01,3.77441354e-02,8.67550130e-04,9.14616658e-01
0.99336883,0.07262083,0.04265321,0.94093876
0.9543137,0.00586997,0.00247705,0.99729047
9.10966441e-01,9.84634962e-04,9.56617598e-03,9.87598238e-01
0.98075995,0.00521583,0.07847044,0.99958508
9.50163726e-01,9.81126048e-04,5.73285500e-02,9.96557779e-01
9.81916183e-01,7.49482055e-02,2.37745451e-04,9.98781472e-01
0.99582657,0.01674843,0.0170089,0.99998243
0.95876531,0.03818128,0.03089337,0.99783101
0.98012003,0.04179916,0.00533207,0.9994833
9.39967100e-01,1.45166870e-02,2.60069441e-04,9.95926090e-01
0.98744301,0.09296591,0.03489199,0.9998244
9.11027119e-01,3.90893115e-02,7.35721316e-05,9.77373930e-01
0.96270637,0.02462927,0.00404556,0.99782331
0.92868608,0.00101191,0.04927077,0.96237407
0.94126263,0.05761991,0.07747981,0.99611045
0.99588466,0.01467585,0.02321091,0.93704581
0.95938554,0.01623202,0.04169783,0.99820986
9.61327982e-01,8.58480816e-02,3.52685951e-04,9.98384144e-01
0.99130041,0.00100175,0.04347171,0.99989626
0.90432134,0.01088184,0.02006187,0.91757492
0.95866245,0.00274092,0.02602017,0.99769943
9.21464613e-01,9.45783675e-02,3.10736867e-05,9.86400312e-01
0.98341217,0.05262802,0.01514956,0.99855908
0.977873,0.01124297,0.00921424,0.99924423
9.58442975e-01,9.34342995e-03,4.04671128e-04,9.97678059e-01
0.93342607,0.00116829,0.00363509,0.98736748
0.97212473,0.00373812,0.00153107,0.99910551
0.93761093,0.00848671,0.00131424,0.99559152
0.96203252,0.00229786,0.0432001,0.99842646
0.99153517,0.02853584,0.04601219,0.99992626
0.92220968,0.0013137,0.00449876,0.99292636
9.14502434e-01,7.34812002e-02,1.50491861e-05,9.88520995e-01
0.97622619,0.00136796,0.05878775,0.99929032
9.48141680e-01,7.78651960e-04,5.44204170e-02,9.95470052e-01
9.51177126e-01,4.78583695e-04,3.33905626e-03,9.96787150e-01
0.95814519,0.00487973,0.00246827,0.99533937
0.97495781,0.00461876,0.00442956,0.99928398
0.98039093,0.0258864,0.01731938,0.99959145
0.98558162,0.04775965,0.06588078,0.9997094
0.98886659,0.00643768,0.03085909,0.9994676
0.98158801,0.02321716,0.0063904,0.99365081
9.73141654e-01,3.27790366e-02,4.27811994e-04,9.97494561e-01
0.97359128,0.01314429,0.04020981,0.9987772
0.98626979,0.0202433,0.00673324,0.99979423
0.9190472,0.01919862,0.02157342,0.99132077
9.03544379e-01,5.18920887e-05,2.42675315e-02,9.54433533e-01
0.99850694,0.02040225,0.04892259,0.99999491
0.99766892,0.05568648,0.07677897,0.99999419
0.99729469,0.03500576,0.02422999,0.99304128
0.99592108,0.00541682,0.02822216,0.99637193
0.9900099,0.00347281,0.02387105,0.99987491
0.94881666,0.00137344,0.02976193,0.99646917
0.93810434,0.01165292,0.00661206,0.99456628
0.9941724,0.01060673,0.0385805,0.99985437
9.05593140e-01,1.73136464e-04,4.00312314e-02,9.49478299e-01
9.86121993e-01,2.24081735e-04,7.78849915e-02,9.99668969e-01
9.71154267e-01,8.12047394e-02,9.04557433e-05,9.94033115e-01
0.99500888,0.01372038,0.02460638,0.99560352
9.78606605e-01,8.19654855e-02,2.43403089e-04,9.35727401e-01
0.9989058,0.03458988,0.08370821,0.9999987
0.92902628,0.00859606,0.01236032,0.99238844
9.77215310e-01,5.22335203e-04,4.16138013e-02,9.48574122e-01
0.95631512,0.0039049,0.00131259,0.99733703
0.93511106,0.03505083,0.06745897,0.99395033
0.9805313,0.04407399,0.00103928,0.99793829
0.9641457,0.04771907,0.0821683,0.99570569
0.95954563,0.01015736,0.01452335,0.9871672
0.9976879,0.09812503,0.01899327,0.99988512
0.969817,0.00592683,0.00867489,0.99902159
0.98216621,0.02721313,0.00773413,0.99873384
0.99479218,0.09916803,0.03373735,0.99997259
0.91032827,0.00211833,0.03313438,0.98146481
0.97855616,0.05771732,0.09164584,0.99950187
9.43535625e-01,1.31767172e-05,8.03132045e-02,9.96113318e-01
0.99103282,0.08792341,0.02053279,0.99991591
9.81046507e-01,8.91019544e-04,8.29517337e-03,9.98820124e-01
0.97499459,0.03998886,0.02174029,0.99933942
0.99647291,0.03156976,0.01859321,0.99951988
0.99518257,0.00224617,0.0623998,0.99779955
9.67638988e-01,7.55424919e-04,4.28793233e-02,9.98167928e-01
0.95963962,0.00216576,0.06469375,0.99814617
0.99711915,0.02961686,0.05348795,0.99999004
0.97950914,0.00494312,0.02043942,0.99332532
0.90659363,0.00187508,0.00201249,0.98749124
0.97293049,0.02163291,0.00757244,0.9992258
9.68209309e-01,3.00011527e-02,5.36504512e-04,9.60583779e-01
0.99174631,0.04089164,0.00930129,0.99992703
0.99258451,0.02624691,0.03964173,0.99993816
0.99420431,0.04170423,0.08728735,0.99996601
0.95830381,0.06174086,0.01949927,0.99811031
0.99318993,0.07299857,0.07603246,0.99995295
9.47013093e-01,1.63701186e-05,8.41165545e-02,9.96782561e-01
9.18007695e-01,1.86663196e-04,9.63777521e-02,9.87071561e-01
0.98352199,0.01544812,0.09168124,0.99961305
9.73253257e-01,1.43903796e-02,7.48207865e-04,9.91637327e-01
0.9407182,0.00410377,0.0066452,0.99155005
0.97223087,0.02172073,0.0011472,0.99917847
0.91800779,0.03545697,0.01722114,0.99208517
0.94008514,0.03218035,0.04624869,0.92913394
0.94614662,0.04950546,0.01173987,0.97863456
0.9812346,0.03143569,0.02594034,0.99406395
0.99503181,0.04085522,0.07209644,0.99920334
0.98505157,0.01727256,0.07758135,0.99976269
9.49134573e-01,8.64700667e-04,2.73659887e-02,9.97025719e-01
9.53123504e-01,9.43242519e-03,1.11168576e-04,9.09497589e-01
0.93261599,0.08073298,0.03089824,0.99480459
0.95565718,0.04253122,0.02423419,0.99684233
9.33294183e-01,9.01590414e-03,1.64401342e-04,9.74879207e-01
9.68443438e-01,1.15537861e-02,5.74608041e-04,9.98695587e-01
9.22201501e-01,3.36025294e-02,1.82240224e-05,9.65958263e-01
0.99278543,0.00614415,0.02056345,0.99994719
0.96423542,0.01097613,0.09477425,0.97554276
0.99403773,0.07302507,0.06323456,0.99030641
0.98230001,0.00714027,0.04268113,0.96906901
0.995141,0.06956682,0.00788319,0.99997512
0.97270667,0.0679253,0.00692337,0.99269626
0.90910279,0.02935799,0.03751523,0.97629856
0.99126891,0.08888945,0.04180179,0.92446888
0.96750196,0.00134386,0.03297621,0.99886374
0.92472136,0.01105052,0.04106083,0.99288203
0.97429718,0.01469374,0.01802015,0.99881358
9.69114320e-01,5.28218391e-02,5.51244117e-04,9.97544888e-01
9.17760878e-01,3.39942219e-04,4.57299310e-02,9.67795351e-01
9.20852252e-01,4.62333527e-04,6.21512656e-02,9.92654955e-01
0.97923431,0.01649597,0.01316251,0.99815981
0.99167441,0.00296723,0.01703717,0.99992567
0.96207723,0.03926798,0.01754352,0.99626251
9.50793148e-01,2.74203653e-02,1.57536636e-04,9.97226797e-01
0.9537873,0.01461264,0.00608556,0.97265018
0.96121181,0.00303243,0.00424244,0.94618868
9.42199274e-01,3.12462392e-02,2.52718604e-04,9.96214650e-01
0.98528343,0.02147522,0.00306584,0.99976446
0.92501437,0.00694722,0.00457961,0.92292928
9.71186779e-01,3.78922260e-02,2.48044911e-04,9.44811516e-01
0.98001225,0.05326513,0.00215806,0.99956033
0.98657933,0.00584741,0.00758518,0.99804471
0.9131486,0.02975892,0.00398889,0.96558339
0.97422104,0.00272423,0.00178064,0.99930015
9.75854098e-01,1.95745937e-02,5.35889679e-04,9.99343509e-01
0.98482854,0.06837612,0.00783014,0.99976228
0.9920721,0.06793508,0.08236119,0.99949499
0.9476866,0.0465223,0.08603765,0.96264579
0.99710455,0.01926012,0.02585983,0.99961387
0.90677292,0.07880561,0.01581873,0.98921114
0.95702268,0.02966662,0.00471329,0.99763938
9.44101269e-01,5.07971595e-04,9.00487354e-02,9.96499043e-01
0.96459923,0.00269734,0.06279481,0.91249354
0.95193826,0.00621458,0.0429491,0.9967593
9.19224423e-01,6.94685589e-03,2.09398659e-04,9.92282794e-01
0.98978221,0.00255253,0.02024096,0.99958117
0.98424192,0.04678897,0.01071253,0.99970665
9.37473797e-01,7.96338436e-02,6.24779546e-04,9.95330558e-01
9.82002789e-01,4.58860587e-04,9.38625447e-02,9.99316824e-01
0.93862648,0.02086689,0.02362036,0.90433263
0.97912583,0.03436852,0.02567003,0.99925999
9.00536697e-01,9.17060977e-03,8.25421594e-04,9.87945213e-01
0.96444006,0.00132756,0.05106086,0.99763226
0.99653989,0.04913523,0.041977,0.99998763
0.98104729,0.01249454,0.00159036,0.9854358
0.98443317,0.06304149,0.01256387,0.99964877
9.51254529e-01,5.46023106e-03,4.45288424e-04,9.96740121e-01
9.57620529e-01,4.26448235e-05,8.36476336e-02,9.59187575e-01
0.91845439,0.06851144,0.00549781,0.98919648
9.12125562e-01,8.04078434e-05,5.94029454e-02,9.42587350e-01
0.98126737,0.01542094,0.01511392,0.99890745
0.98582327,0.0650242,0.02151921,0.99978607
0.92282392,0.00133582,0.07989105,0.99290377
9.22740688e-01,9.96810066e-02,7.53357538e-06,9.91843588e-01
0.97424807,0.08302427,0.03764473,0.99916965
0.96566023,0.02882466,0.01140179,0.94787569
0.97882532,0.01435385,0.00204186,0.9949967
0.99824028,0.03961765,0.0183396,0.99999659
0.95177023,0.03095789,0.03251403,0.99732138
0.96319632,0.09611828,0.00347806,0.99838142
9.22677126e-01,2.07893120e-02,1.21719688e-04,9.47148989e-01
9.00700539e-01,1.67493273e-04,2.55523962e-02,9.87977955e-01
0.99625363,0.00383277,0.07497603,0.99998576
0.99680932,0.03700961,0.07562086,0.99998529
9.05608821e-01,7.36068339e-03,4.62722956e-05,9.80605460e-01
9.36052976e-01,3.59059106e-05,1.75258248e-02,9.93287058e-01
9.48739692e-01,5.98249138e-04,2.36406599e-02,9.97081907e-01
0.96869215,0.03151219,0.01107174,0.99891495
9.89556806e-01,4.68282141e-02,8.75314164e-04,9.45400676e-01
0.95079841,0.01097935,0.00839553,0.99715611
0.99071552,0.0053378,0.07459638,0.99991172
0.99170913,0.01246853,0.00290303,0.99697477
0.98274009,0.07639564,0.07593614,0.9996891
9.61600482e-01,4.59680847e-02,7.76893106e-04,9.88795237e-01
0.97382472,0.00184864,0.09378063,0.96350889
0.93285888,0.00376658,0.00291823,0.99483398
0.97418621,0.07081568,0.00149542,0.99922267
0.97643408,0.01405729,0.03944436,0.99870837
0.9623093,0.007238,0.00229955,0.98651807
0.98728911,0.01936525,0.00228381,0.99843932
0.96188838,0.00761757,0.03072192,0.99828814
9.05076941e-01,1.80498088e-02,3.11637299e-04,9.89119446e-01
9.16334960e-01,5.74627648e-04,9.09262010e-03,9.91598951e-01
9.52595613e-01,1.20450947e-02,1.52093927e-04,9.97528388e-01
0.96837584,0.00405248,0.00660153,0.99191935
0.9706868,0.00111237,0.00457595,0.99908875
9.11231669e-01,3.31715022e-04,2.94897909e-02,9.90113233e-01
0.97606482,0.0910635,0.0098453,0.99282187
0.90483349,0.01036569,0.00117554,0.98858122
9.32196036e-01,5.62242865e-02,9.33949309e-05,9.25382318e-01
9.03260505e-01,1.99098846e-04,3.86960569e-02,9.88614308e-01
0.91667221,0.09809166,0.09596249,0.99105938
0.92589013,0.01773078,0.02438476,0.99046948
0.9707706,0.07488041,0.04024184,0.99907228
9.13532066e-01,1.36425084e-04,5.60961776e-02,9.71042926e-01
0.96290063,0.00338604,0.00599778,0.99833919
0.99112341,0.04989354,0.02531476,0.99991945
9.33262333e-01,6.88501833e-04,8.35063178e-02,9.95095489e-01
0.97685278,0.04273755,0.00346774,0.99943671
0.9497614,0.00982796,0.09131679,0.99360254
9.62026320e-01,7.97214306e-04,7.95069814e-02,9.97810037e-01
0.97304443,0.01014216,0.0022731,0.97487745
0.92809852,0.00330194,0.0055952,0.91792509
0.99680893,0.05419131,0.02985581,0.99966501
9.62981909e-01,6.51669209e-04,1.83428284e-02,9.98043422e-01
0.99310922,0.02275609,0.00522947,0.99995156
0.90017297,0.04486469,0.05996967,0.98763814
9.32794982e-01,6.23181505e-02,8.33619192e-05,9.66922327e-01
0.92370568,0.00754051,0.00505836,0.99281997
0.90338869,0.00137442,0.00769131,0.97715562
0.97097378,0.085484,0.02798408,0.99720431
0.96441999,0.01404156,0.00098521,0.96961035
9.01126710e-01,3.51723810e-04,4.34955083e-02,9.65662594e-01
9.42818998e-01,1.18307996e-04,8.33418959e-02,9.71408178e-01
0.97270111,0.00119005,0.0053402,0.99921256
9.20858113e-01,2.95448981e-04,8.75767198e-02,9.92237837e-01
0.9323541,0.00213877,0.00239984,0.97454107
9.88876272e-01,5.67080336e-02,3.14765797e-04,9.99184137e-01
9.06814272e-01,6.35284274e-04,5.33537725e-02,9.89551763e-01
9.67001135e-01,8.72881522e-03,8.97767207e-04,9.98834004e-01
9.14672960e-01,2.95157328e-05,1.56233581e-02,9.12960319e-01
0.96523518,0.09884093,0.00635352,0.99841628
9.81481211e-01,8.21206849e-04,5.56217444e-02,9.56681901e-01
9.87578298e-01,5.64081700e-02,7.53739586e-04,9.97907928e-01
0.95753404,0.00132508,0.07132679,0.99528
0.99138516,0.00231994,0.0549392,0.99767734
0.99476115,0.07275813,0.00628415,0.99950472
0.98905387,0.06632494,0.03140082,0.99987213
9.19931340e-01,8.41648470e-03,2.08031028e-04,9.92471057e-01
0.97770151,0.01513307,0.00377801,0.99945007
0.9617535,0.06366462,0.00281606,0.99781052
0.95000514,0.0318895,0.00353686,0.9972381
0.98819653,0.01693509,0.09516718,0.99985722
0.95802627,0.00932473,0.00202452,0.99786437
0.979112,0.09779424,0.02109241,0.9991587
9.12602656e-01,1.81081090e-04,3.85023441e-03,9.10796638e-01
0.99591335,0.01196888,0.01074203,0.99989297
0.99564626,0.01648274,0.04602147,0.99998044
0.99483563,0.01694524,0.00904039,0.99772625
0.91045428,0.04665453,0.03166561,0.95104532
0.98788241,0.05932657,0.08294153,0.99980008
0.93554206,0.00197128,0.07847064,0.99032649
0.98633756,0.00122386,0.06638339,0.99758924
0.93758708,0.00151816,0.0308374,0.96560894
9.19812071e-01,1.87578413e-04,4.79306741e-02,9.92449302e-01
9.29308340e-01,3.35659193e-02,2.22100438e-04,9.94151853e-01
9.43614882e-01,8.44874203e-03,4.96547268e-04,9.67095333e-01
9.18935254e-01,1.69929591e-04,1.33797338e-02,9.48116680e-01
0.98719899,0.04323576,0.02102346,0.95087848
0.98886394,0.00275037,0.03567024,0.99987227
0.97949518,0.00218765,0.01061814,0.97426277
0.97413803,0.00108087,0.05839958,0.99928568
0.97517455,0.024576,0.0070451,0.98887796
0.93375165,0.03692632,0.03514282,0.99419979
9.37180789e-01,3.20877786e-02,1.49953682e-04,9.95451365e-01
9.62439329e-01,1.52224373e-04,1.13673017e-02,9.98462507e-01
9.79366803e-01,1.42201373e-04,9.18460346e-02,9.99556177e-01
0.98529252,0.01430237,0.01475567,0.99977139
0.99494214,0.04767301,0.05259613,0.98027579
9.02590726e-01,1.85317443e-02,5.08580109e-04,9.80485963e-01
0.98008596,0.01301849,0.00686416,0.99851776
0.97537841,0.07387029,0.01619516,0.99890318
0.94398543,0.0266193,0.00982128,0.99473444
9.35787582e-01,2.16448838e-04,4.83796905e-02,9.92004282e-01
0.95720064,0.02046779,0.0148052,0.99707839
0.99928998,0.06784216,0.09320132,0.99999944
0.99562771,0.03110698,0.04410169,0.99975433
0.99415255,0.00980863,0.0757618,0.99996524
0.94383711,0.05863604,0.06545068,0.99645487
9.49425559e-01,7.92580655e-04,2.62564488e-02,9.95902115e-01
9.54693994e-01,2.10469865e-02,5.97260933e-05,9.80593235e-01
9.10383238e-01,5.34042820e-05,2.76295147e-02,9.88986660e-01
0.9515237,0.00975153,0.03305217,0.99692749
9.38826066e-01,5.43612758e-04,7.64774968e-02,9.94254077e-01
0.97679928,0.06263412,0.01564034,0.99577016
0.92626131,0.0067383,0.07784041,0.99329487
0.99370301,0.02518847,0.06831515,0.99992485
9.25393212e-01,2.46089115e-04,3.55565275e-02,9.93527262e-01
0.96120105,0.00945629,0.01907714,0.99717487
9.23309141e-01,2.91427715e-04,3.45637466e-02,9.93143135e-01
9.41130253e-01,8.79572640e-04,6.77197831e-03,9.96080276e-01
0.97118272,0.00748025,0.06970539,0.99912034
9.93038708e-01,8.09836182e-02,8.00069108e-04,9.64661975e-01
9.85194858e-01,4.54257880e-04,2.87020464e-02,9.99693619e-01
0.99078017,0.01564599,0.01600751,0.99979873
9.60322162e-01,2.94740973e-04,5.32504217e-02,9.98252106e-01
0.97565883,0.0097803,0.00208207,0.99919234
0.99450736,0.07696628,0.08915857,0.99987996
0.92931159,0.01611983,0.05705648,0.99398606
0.93575105,0.00143255,0.00186287,0.99521468
0.97556388,0.08242985,0.01712043,0.99937164
0.91874793,0.00260377,0.08115017,0.98357954
9.26484141e-01,4.95192834e-04,1.71882456e-02,9.91498034e-01
0.99520567,0.02054998,0.00728334,0.99995635
0.96724307,0.0104239,0.00260895,0.9965634
0.90552902,0.03431938,0.00862827,0.98922692
0.96657304,0.08478031,0.01504511,0.99808269
0.99454968,0.02259084,0.06209179,0.94348004
0.91016304,0.00411817,0.0104917,0.99027983
0.99382181,0.00482296,0.08643023,0.97629763
0.99606886,0.04265929,0.03339321,0.99997241
0.94911497,0.00725501,0.07151235,0.93122463
9.03937944e-01,6.01206444e-03,1.23685313e-04,9.80906477e-01
0.9631973,0.05657973,0.09828718,0.99840074
0.99745618,0.06389387,0.03710818,0.99999328
0.97071461,0.03703219,0.02623452,0.99732174
0.90556839,0.0780308,0.098206,0.91991505
9.58341789e-01,2.32843712e-04,6.22291920e-02,9.97383336e-01
0.9502105,0.04754245,0.01416369,0.99175993
0.98138928,0.04816363,0.00207536,0.99963736
0.96607432,0.00879364,0.00171855,0.99876745
0.95664594,0.00620497,0.00817618,0.9974065
9.54817415e-01,5.16916547e-04,4.98646402e-02,9.96116913e-01
0.92530508,0.05699834,0.0027402,0.99182665
0.99273907,0.07897396,0.02259585,0.97831226
0.97714904,0.00361322,0.00361007,0.99940378
0.91066635,0.06919385,0.05850917,0.99089724
9.03812647e-01,4.79883588e-03,5.11540705e-04,9.83952299e-01
9.51942525e-01,7.27512873e-03,2.78408214e-04,9.64131934e-01
0.92541962,0.00101627,0.05584278,0.99353336
9.29966838e-01,3.99260748e-02,4.04911583e-05,9.91896513e-01
0.99695148,0.0898457,0.09233732,0.99649166
0.91097988,0.00410342,0.00124563,0.99054126
9.24627541e-01,2.55684003e-05,2.45628188e-02,9.91681679e-01
9.47320393e-01,5.38241585e-04,9.18177956e-02,9.11410813e-01
9.67847843e-01,4.04045876e-02,6.58828014e-05,9.84388580e-01
9.55929135e-01,1.39024465e-02,5.33711551e-04,9.97877068e-01
0.93553407,0.02049025,0.00151241,0.99521161
0.95945897,0.01669237,0.01457337,0.93929228
0.99388219,0.04533635,0.06536948,0.99996019
0.99440635,0.00622379,0.01637057,0.9749728
9.26207581e-01,4.61300739e-04,7.57302900e-02,9.51945153e-01
0.9882521,0.04783375,0.00260502,0.91901249
0.93054296,0.01456379,0.01210765,0.99445367
0.99852906,0.07072028,0.06888501,0.99894906
0.98432059,0.05656387,0.01116531,0.90576653
9.73584839e-01,3.30730465e-04,3.23572625e-02,9.99019076e-01
0.99730176,0.02560674,0.02978032,0.99995963
9.21607488e-01,2.86255137e-03,5.89091008e-04,9.63009153e-01
0.97817756,0.00521391,0.00252861,0.99862102
9.13036247e-01,4.79177548e-03,6.14947061e-04,9.80548352e-01
0.99612348,0.01715979,0.00897773,0.99998465
0.94432851,0.02748444,0.01043067,0.95966834
0.93769503,0.02521842,0.02746983,0.95265125
9.77047552e-01,1.95413034e-04,6.88489426e-02,9.98846211e-01
0.98791908,0.00257485,0.0347612,0.99280271
0.98676325,0.00907228,0.05117968,0.99978867
9.46036834e-01,3.83902350e-04,4.58444177e-02,9.96727930e-01
9.76999915e-01,3.26749123e-02,7.60065202e-04,9.98480051e-01
0.97433794,0.00153292,0.01687658,0.99875708
0.99475067,0.07051465,0.02428772,0.99994707
0.95162776,0.03600714,0.00123587,0.99451121
0.97598368,0.00158826,0.03088029,0.9986447
0.96333319,0.06356021,0.01012121,0.99850429
9.11451351e-01,6.51986716e-02,5.01058675e-05,9.77149912e-01
0.93625674,0.00214194,0.0334581,0.99307154
0.97091903,0.00487752,0.02725819,0.99910341
9.51624221e-01,2.09514771e-04,3.14394618e-02,9.97252893e-01
0.96047714,0.00445222,0.00533938,0.99825624
0.9948405,0.040777,0.09610676,0.99997303
0.91116102,0.0025532,0.00269192,0.99013684
0.98691388,0.04648477,0.00115612,0.99982257
9.65883142e-01,5.98773766e-02,3.82231746e-04,9.97205951e-01
0.96766454,0.05289088,0.04577528,0.99825545
0.95539346,0.04298616,0.04516667,0.99750164
0.98118753,0.00186865,0.00326402,0.99952859
0.95536088,0.02696616,0.00316349,0.99778269
0.94022033,0.01788775,0.04498784,0.99586373
0.92251112,0.00683497,0.01188204,0.99240205
0.99574688,0.01794387,0.01504771,0.99993434
0.97778663,0.00702813,0.06374163,0.99939441
0.99552981,0.03533267,0.00684442,0.93156421
0.95045438,0.00200029,0.00116271,0.98626777
9.08096069e-01,9.81563712e-02,6.54745835e-04,9.89765951e-01
0.98831149,0.04690177,0.08230487,0.92745317
0.98145407,0.00530869,0.02060857,0.91032144
0.95230624,0.00280287,0.00129966,0.97833218
0.93379049,0.01151937,0.00145416,0.994917
0.91978681,0.08354258,0.00189402,0.97858078
0.99710827,0.02087819,0.02275121,0.99999104
9.23343666e-01,3.82753824e-04,4.38745098e-02,9.51419675e-01
0.98933495,0.04359095,0.09367792,0.99968582
0.9652714,0.01219846,0.00963273,0.99870719
9.40232847e-01,6.63609201e-04,1.47717939e-02,9.94012553e-01
0.97362647,0.00117157,0.09247953,0.97675712
0.99197454,0.04208603,0.07871124,0.99684202
0.9875808,0.00533645,0.01290529,0.99981525
0.92157683,0.00112873,0.00162053,0.9879443
0.91149004,0.02400932,0.00523897,0.98965772
0.92221593,0.01088773,0.07819868,0.9926369
0.90353175,0.00221841,0.00171183,0.98833405
9.25033999e-01,9.73167497e-04,4.41244915e-02,9.93464227e-01
0.92111045,0.08294314,0.00342694,0.99130066
9.16098400e-01,4.23507138e-04,6.44004201e-02,9.91627837e-01
0.95383787,0.0700932,0.00379758,0.99766323
9.51987695e-01,1.52208925e-02,6.81769365e-04,9.81990758e-01
0.96867975,0.00197681,0.09339364,0.99137013
0.96082789,0.04645363,0.00975497,0.99834032
0.98868343,0.03635208,0.0551258,0.99976701
0.97411761,0.00117699,0.02125089,0.94222909
0.98486734,0.07461143,0.00402323,0.97044403
0.97707183,0.0052124,0.01058894,0.99944916
0.98960599,0.00484603,0.02186987,0.9998739
9.38645600e-01,2.67572830e-05,8.51941332e-02,9.91042029e-01
0.9834922,0.05880549,0.04732559,0.99960689
0.97491686,0.01868241,0.02105702,0.98587963
0.96370555,0.02937514,0.02250446,0.99857895
0.90811936,0.04835743,0.00242394,0.98649443
0.98964915,0.03546004,0.00560084,0.99688703
0.95504506,0.06440703,0.01315965,0.99528763
0.97860302,0.009741,0.0312157,0.99935302
0.99884179,0.09060849,0.09112402,0.99999865
0.95351012,0.00577657,0.00116839,0.99674357
0.9819239,0.01169002,0.08097036,0.99965061
0.98648394,0.00749377,0.00793,0.97787185
0.91757711,0.0075592,0.034289,0.96978674
9.65664760e-01,4.93676150e-02,5.29127088e-05,9.98531583e-01
9.84656962e-01,9.80708403e-04,3.08586186e-02,9.99521920e-01
0.99772185,0.0136141,0.09490708,0.9999945
0.99361932,0.09704967,0.01664355,0.99994035
0.93308274,0.00109989,0.00424159,0.98738493
0.9833833,0.02459008,0.00700378,0.99915476
0.99041295,0.00312925,0.04953506,0.991349
0.99687587,0.08162981,0.01059193,0.99998738
0.95454638,0.03790737,0.00649059,0.9977053
0.99538611,0.0882238,0.03528058,0.99997019
0.9528409,0.00634019,0.00163774,0.99755627
0.91750208,0.00236113,0.00834207,0.9919243
9.73920093e-01,4.02968416e-02,1.13639023e-04,9.97810321e-01
0.93613635,0.00179071,0.0128023,0.99327641
0.98279264,0.08584208,0.05058015,0.99439596
9.90719065e-01,6.16070623e-04,5.69919473e-02,9.99413871e-01
0.98118955,0.0049005,0.06255582,0.9963415
0.9456263,0.01585601,0.05600942,0.99670385
0.95961022,0.00361252,0.01803627,0.99787961
0.96188537,0.00132888,0.05152007,0.99842954
0.97713086,0.07987103,0.04804415,0.99387103
0.99005262,0.05116117,0.00934033,0.99988439
9.21626181e-01,1.33494784e-05,3.76088500e-02,9.10625675e-01
0.99627157,0.06222977,0.05115679,0.9992097
0.96443956,0.05604503,0.06954858,0.99834141
0.98062814,0.07429023,0.04680762,0.99699874
0.98744338,0.00106612,0.04836223,0.99983738
0.99650306,0.01232239,0.04063349,0.99995214
0.98196954,0.01630025,0.00328229,0.99937643
9.53619372e-01,5.57534274e-03,8.11111514e-04,9.94633505e-01
0.98080373,0.05455819,0.00143844,0.99945228
9.65865351e-01,3.50839999e-02,1.69943194e-04,9.98352902e-01
0.959113,0.00378095,0.0115908,0.99796331
0.99569755,0.01584324,0.01720855,0.99791057
0.99720961,0.07937273,0.00523044,0.99999094
0.99536903,0.00314594,0.06182949,0.99992231
0.94549086,0.05795043,0.02223695,0.99650924
9.41726250e-01,5.07055934e-02,2.96699184e-04,9.88707709e-01
0.90768324,0.00694966,0.00553811,0.98754109
0.97937969,0.0070545,0.0261688,0.99955688
0.99636953,0.06851765,0.02126363,0.99998668
0.98022534,0.09772625,0.07649091,0.99958823
0.99580744,0.07709096,0.00190073,0.99982801
0.9302519,0.00312482,0.01013603,0.99172289
9.33654031e-01,3.66399656e-04,1.72664431e-02,9.94973712e-01
0.92073809,0.00261172,0.00151407,0.99210109
0.90501026,0.0658932,0.00426155,0.98496228
9.78643106e-01,5.17471935e-02,1.72323659e-04,9.96401100e-01
0.96843696,0.00480662,0.03142069,0.90113878
0.90329019,0.02731594,0.00142159,0.93285465
0.98220441,0.08702604,0.00826938,0.9996556
0.94909289,0.00205653,0.01339381,0.99695513
0.97097211,0.01147275,0.04503801,0.93662429
0.91118602,0.04252119,0.08351771,0.98473949
0.95865939,0.00357745,0.00389783,0.9728293
9.20552675e-01,3.03454589e-02,2.47031977e-05,9.92493318e-01
0.95221782,0.00380444,0.00764787,0.99747694
0.96119717,0.0254675,0.00173994,0.99525322
0.99612636,0.04377898,0.01386622,0.99903423
0.96714436,0.04461816,0.00288997,0.99884117
0.98933251,0.00491741,0.03232422,0.99570307
0.99653586,0.02480215,0.04117343,0.9669693
0.93468134,0.01860595,0.00440939,0.994514
9.36947468e-01,8.80301641e-04,1.45428616e-02,9.94303499e-01
0.98906283,0.02342875,0.05892323,0.999783
0.95504349,0.06511969,0.01348208,0.99654278
9.43902143e-01,2.88928659e-04,1.70072050e-02,9.95938728e-01
0.97933319,0.00256241,0.0023621,0.99898357
9.34458707e-01,4.39369629e-04,1.72175499e-03,9.95092347e-01
9.40285342e-01,4.02779701e-02,4.96389717e-04,9.95912081e-01
0.94057108,0.02688798,0.00152642,0.955835
0.98182213,0.0009875,0.01626289,0.96422208
0.98734038,0.01686461,0.0330113,0.93151261
0.91731751,0.08471105,0.00789892,0.97659375
0.97662014,0.0035871,0.0091416,0.99260182
0.96070712,0.00676373,0.0623801,0.98614334
0.99702666,0.04986374,0.01572271,0.96388429
0.99656711,0.06564038,0.01471304,0.99996305
0.9862901,0.03849472,0.00222523,0.99854987
0.97847761,0.00131125,0.06579573,0.997716
0.9857672,0.0898612,0.05686795,0.99979046
0.95656065,0.02872276,0.01204866,0.99789521
0.96781012,0.00546714,0.04298194,0.99881307
9.15034412e-01,1.11217149e-02,2.66614053e-05,9.80004153e-01
0.95437269,0.02575489,0.09948265,0.90194494
0.97658007,0.007283,0.03892156,0.99938538
9.02245113e-01,8.47917102e-04,1.37031402e-02,9.87993946e-01
0.99647306,0.02210306,0.00749302,0.99998258
0.97786248,0.02113707,0.00204236,0.98636005
9.85144869e-01,5.36369845e-02,2.87070595e-04,9.99772357e-01
0.99886578,0.04872391,0.04899013,0.99999871
0.97644578,0.04869514,0.00703757,0.94251605
0.9834715,0.00447499,0.01253594,0.99971738
9.59253081e-01,4.60400130e-02,1.08518526e-04,9.97434252e-01
9.13357073e-01,1.96883196e-02,1.34929083e-04,9.90883337e-01
9.25489129e-01,2.01383701e-03,3.13610744e-04,9.92392598e-01
0.97622604,0.05811057,0.01019503,0.99934446
0.96303439,0.09918822,0.01605384,0.99846571
9.45827845e-01,8.66746353e-03,2.37459520e-04,9.24316108e-01
0.98696205,0.03335268,0.00153052,0.9998253
0.97296335,0.00392142,0.00313373,0.99918382
0.98390852,0.05998749,0.01526108,0.99551301
9.22702929e-01,2.50495325e-04,6.65875764e-02,9.93030701e-01
0.94908921,0.00218816,0.03703897,0.99712692
0.99814172,0.08474785,0.02170184,0.99999609
0.90190914,0.00781953,0.08837301,0.98797199
0.93227725,0.00108489,0.00230051,0.99436535
9.38549984e-01,2.12458925e-04,2.82217854e-02,9.94926679e-01
9.69320599e-01,8.12586950e-04,2.29651303e-02,9.98511758e-01
0.99648756,0.01595767,0.03074808,0.99996645
9.85674668e-01,2.23840740e-04,6.34249404e-02,9.99744934e-01
0.96003819,0.00102325,0.08597153,0.99820092
0.93313053,0.03817597,0.00183032,0.99251394
0.90462828,0.00216263,0.06953998,0.9828579
9.57602954e-01,1.71747243e-04,4.99287729e-02,9.97488065e-01
0.97448379,0.00163422,0.05711366,0.94169051
0.97067728,0.00220906,0.00323595,0.99905264
0.99728976,0.03036007,0.06563037,0.9201635
9.36451642e-01,3.80891230e-04,1.05540290e-02,9.93973905e-01
0.99518246,0.01442802,0.08174608,0.99944438
0.98785779,0.01488464,0.07087837,0.99920447
0.96269094,0.02649165,0.00125092,0.9872873
9.50090869e-01,4.89492444e-03,2.97073262e-04,9.97214449e-01
0.97843382,0.04749229,0.03723093,0.99950513
0.96294573,0.02498451,0.00658358,0.998518
0.94311439,0.00638338,0.01717283,0.99636894
0.96892399,0.03056023,0.09893055,0.99881695
0.9040657,0.01131949,0.00744447,0.98544186
0.96549326,0.00246752,0.00102148,0.9986074
0.99471479,0.03254126,0.04547172,0.99984775
9.48477777e-01,2.77679360e-04,1.53219595e-02,9.94699309e-01
0.94106425,0.00873865,0.00762445,0.99451064
9.00719345e-01,1.11112537e-05,5.54136689e-02,9.87983226e-01
9.21980078e-01,4.59041466e-04,2.64852384e-02,9.91536769e-01
0.96713113,0.00979577,0.0019821,0.9966269
9.88071661e-01,1.45337288e-04,9.70992215e-02,9.99749907e-01
0.98227104,0.00158947,0.03745014,0.98341927
9.41037176e-01,5.35005616e-02,4.69924315e-04,9.95880381e-01
0.91549589,0.0051813,0.0028927,0.99145305
0.97304768,0.00566168,0.05843245,0.99884481
9.14651260e-01,6.74197214e-03,8.81943942e-04,9.89723184e-01
0.9930213,0.01290464,0.08668316,0.9703467
0.97541201,0.02092534,0.0333669,0.99936196
9.22486088e-01,9.12225943e-05,5.49103398e-02,9.83169199e-01
0.97797147,0.01644425,0.02719339,0.9690171
0.95935738,0.06682714,0.03919977,0.99820757
9.44136066e-01,5.21699798e-04,4.17937182e-02,9.96510701e-01
0.96458861,0.05762703,0.02940919,0.99858869
0.97305091,0.00846994,0.00907695,0.99921414
0.98790087,0.02383354,0.06316145,0.99933387
9.06697997e-01,1.44654052e-04,4.64100810e-03,9.87359911e-01
0.91271999,0.02821983,0.00524387,0.97959946
0.93229101,0.08704127,0.04030273,0.99434072
9.48325042e-01,6.26324899e-04,2.53416327e-02,9.96690747e-01
9.39115070e-01,7.18940908e-03,8.74946382e-04,9.95811427e-01
9.71408901e-01,3.12496798e-04,4.95868482e-02,9.92131837e-01
0.92236832,0.00472103,0.00145962,0.9819908
0.98777465,0.06310051,0.0385516,0.99862355
0.93217216,0.04957109,0.00922788,0.98940249
0.96191218,0.00919001,0.00656345,0.99842639
0.92662723,0.06622555,0.01010425,0.9937687
0.98717394,0.02698053,0.06211453,0.96051508
0.97721719,0.07340742,0.01081374,0.99915299
9.52591581e-01,9.04290260e-04,1.92783123e-02,9.97488561e-01
0.97746368,0.01557427,0.00676609,0.99933015
9.68465707e-01,7.65631597e-02,1.87791726e-04,9.97650630e-01
0.92578107,0.00595695,0.02836006,0.99349926
0.95914138,0.00204579,0.04488887,0.96422606
0.91832848,0.09925458,0.00202802,0.96218067
0.97032438,0.00113699,0.08442016,0.99903274
9.79065053e-01,6.48931619e-04,7.97467421e-02,9.26802692e-01
0.94857169,0.01369202,0.02289204,0.99099891
9.80969057e-01,5.23214999e-02,4.31811647e-04,9.94720510e-01
9.20542537e-01,5.71634403e-02,1.19893691e-04,9.07016595e-01
9.64824205e-01,2.87080258e-04,9.77536210e-03,9.97775237e-01
9.24937853e-01,4.59492214e-02,1.75185888e-04,9.60402747e-01
0.93924286,0.0022782,0.07110848,0.99559807
0.94112503,0.09565905,0.00190347,0.95558039
0.94045001,0.00433868,0.00504294,0.99435617
0.98397102,0.04930747,0.00367966,0.99689019
0.96803662,0.0094341,0.01982625,0.99878311
0.93881792,0.04107898,0.00471128,0.96696429
0.97551719,0.00522068,0.06871146,0.94150276
0.93179287,0.01416242,0.00704189,0.9946703
0.90087246,0.02744555,0.02992118,0.9837745
0.98007666,0.02186141,0.01224395,0.99938243
0.98957979,0.09504291,0.01187664,0.99988906
9.30014275e-01,1.02221208e-02,1.36249096e-04,9.64369063e-01
0.90845933,0.00127256,0.03996457,0.98987702
0.99523333,0.02022535,0.06376242,0.99997743
0.9329214,0.00763977,0.01157445,0.9945167
9.26732391e-01,2.45019635e-04,1.53646938e-02,9.73651740e-01
0.98607459,0.05194286,0.00169023,0.99469515
9.25890642e-01,3.09210938e-03,2.91471501e-04,9.92656073e-01
9.42888273e-01,9.29685115e-05,3.77771458e-02,9.95645764e-01
9.03191889e-01,1.28762743e-02,1.18089445e-04,9.03560928e-01
0.99511106,0.04233302,0.01666517,0.93434138
0.99234297,0.00104297,0.04293341,0.99781972
0.93621802,0.00269383,0.01216102,0.99187284
9.64925073e-01,1.64476527e-02,2.13024679e-04,9.98223460e-01
0.92876767,0.02379866,0.00961376,0.99414375
9.23347749e-01,3.86417287e-02,1.49468688e-04,9.92997653e-01
0.99589625,0.07470083,0.0152208,0.99998274
0.9884465,0.034515,0.00492761,0.9998564
9.30222201e-01,5.12205584e-03,3.92976384e-04,9.94404308e-01
9.41093746e-01,1.91178913e-04,2.57011216e-02,9.29786427e-01
0.92550142,0.00936774,0.00275462,0.98873066
9.63898300e-01,4.68954053e-02,1.94652032e-04,9.97967902e-01
0.94889949,0.0030615,0.02909833,0.9750227
0.96488914,0.04896852,0.00139307,0.99835587
0.99362276,0.02491985,0.00627303,0.99995239
0.98975249,0.05523446,0.0211937,0.99971617
0.99738488,0.07177735,0.0078275,0.99999309
0.99507735,0.05583316,0.00377547,0.99914236
0.97532857,0.00743185,0.04322032,0.99921056
0.93378002,0.002646,0.07998167,0.99241099
0.95765379,0.00213775,0.08807163,0.98706394
0.94453981,0.00397792,0.0051713,0.94442848
0.99832162,0.09341959,0.00555688,0.95753485
0.98935781,0.00144404,0.04123843,0.99985451
0.9928655,0.0049013,0.02409465,0.9999483
0.99250253,0.05236494,0.00228738,0.9696976
9.36079514e-01,5.28876574e-05,8.79239967e-02,9.94297489e-01
0.98985905,0.02462882,0.00559481,0.99972848
0.98421029,0.00100952,0.03949206,0.99972451
0.98438506,0.08685606,0.08232952,0.99840124
0.98981925,0.05229368,0.07825685,0.99988212
0.98144391,0.01391602,0.05928392,0.99856598
0.9330843,0.0043818,0.06415049,0.99487056
0.9604957,0.03728579,0.00208529,0.9983115
0.93001811,0.00462185,0.01171719,0.99436153
0.97315842,0.00332115,0.004358,0.98311478
9.11738190e-01,1.33257593e-03,1.80393549e-04,9.02430599e-01
0.98682988,0.00898018,0.01229795,0.99982073
0.99515735,0.04714675,0.01525962,0.99981799
0.99889714,0.07072539,0.03815533,0.98243278
9.08724291e-01,9.06465741e-03,1.46888042e-04,9.71455435e-01
0.99316281,0.01448683,0.01002547,0.99995119
0.97274878,0.08318623,0.08575547,0.99921165
0.93699835,0.0013131,0.00953207,0.99550881
9.53269574e-01,1.35635239e-04,1.29999200e-02,9.97589575e-01
9.33699209e-01,8.92239863e-04,2.14138837e-03,9.94920882e-01
0.93622302,0.00417409,0.00112697,0.91992006
0.94469741,0.0804662,0.00128875,0.99658169
9.13333789e-01,1.15532592e-02,4.94484945e-05,9.46881340e-01
0.91601457,0.00447674,0.06949204,0.99044538
0.98727644,0.06329391,0.0063968,0.99982293
0.9453451,0.0905398,0.02305392,0.99613688
0.99352818,0.01305344,0.02557468,0.96469381
9.39515451e-01,9.45641096e-02,4.84513532e-04,9.93363845e-01
0.99384022,0.04790032,0.01123169,0.99972553
0.96854829,0.0081687,0.04997637,0.99894032
0.97592909,0.04744693,0.01498653,0.99939172
0.98276417,0.09636636,0.01043176,0.99968626
0.99740528,0.02334883,0.02586078,0.9997627
9.22615132e-01,7.85355782e-02,4.86070988e-04,9.85850188e-01
0.99412716,0.00562082,0.02118302,0.99818341
0.96231264,0.05028507,0.00158078,0.99831202
0.92015567,0.00480626,0.00150849,0.90804703
0.98403772,0.02581576,0.00246913,0.99973527
0.98384138,0.00483407,0.00659555,0.99942323
0.97548924,0.00645213,0.00215537,0.99869502
0.99560545,0.06883943,0.04936765,0.94760866
9.78673226e-01,1.66160483e-04,9.06392990e-02,9.88927450e-01
9.18255429e-01,5.89129021e-02,7.73816996e-04,9.88148556e-01
0.96403199,0.09120253,0.05109491,0.98347638
0.99470094,0.00850334,0.01214957,0.9996695
0.95863167,0.01450894,0.06660455,0.99446185
0.96312846,0.07419584,0.04383917,0.99845887
0.96782571,0.08763222,0.04523592,0.99878176
0.9758316,0.01769701,0.04378312,0.99934922
9.40687583e-01,2.64892124e-02,2.25454768e-04,9.66964187e-01
0.97527191,0.01528679,0.02926243,0.9993133
9.73108574e-01,1.40126566e-04,6.96564543e-02,9.99229164e-01
0.99636737,0.00491508,0.06420071,0.99998669
0.94723232,0.00312006,0.00550889,0.92424425
0.96581981,0.00518561,0.07499948,0.99872612
0.98990089,0.0453742,0.0011374,0.99920441
0.99571606,0.05100743,0.06971282,0.99985143
0.95644356,0.01841247,0.05364592,0.99191426
9.02131539e-01,5.24576761e-06,4.19042783e-02,9.78713685e-01
0.91707186,0.00558318,0.00856588,0.99135313
0.911798,0.00937895,0.00132888,0.98905299
0.97910048,0.07515495,0.06915902,0.99876182
0.90728331,0.03618048,0.00143874,0.9895148
0.98181796,0.00186144,0.04761651,0.99938209
9.56278905e-01,5.27508056e-04,4.17134720e-03,9.97913919e-01
0.96935378,0.06416934,0.00131855,0.99761485
0.94507115,0.04275089,0.00124134,0.90911919
0.97921845,0.00736934,0.01979337,0.94458987
9.11856435e-01,8.35985951e-04,5.46962945e-02,9.90711109e-01
0.93995797,0.01262742,0.00324075,0.99519727
0.99704834,0.01684802,0.04818565,0.99999107
0.99551015,0.07340728,0.09694967,0.99996631
0.9728951,0.00133912,0.03865994,0.99168008
0.99197943,0.07339387,0.0937379,0.92245857
0.9403705,0.07306394,0.06585884,0.9957694
0.93231091,0.014981,0.0293416,0.99251424
0.97762135,0.0746756,0.07700252,0.99888422
9.39653041e-01,2.54095780e-03,4.29848181e-04,9.95840377e-01
0.91972041,0.01070564,0.0044736,0.99240348
0.97402718,0.00583989,0.0207569,0.99708583
0.9713951,0.05406338,0.03869628,0.97959428
0.98308164,0.00932882,0.00636712,0.99969964
9.36283862e-01,8.91925777e-04,8.54476761e-02,9.85365349e-01
9.89562421e-01,8.93766329e-04,8.68786621e-02,9.99227462e-01
0.95395594,0.00283819,0.03031517,0.99766904
9.38341323e-01,1.88361488e-04,1.49330813e-02,9.93927604e-01
0.99618359,0.0347769,0.00520547,0.99993127
0.99096923,0.08605188,0.07148571,0.97738898
0.96740255,0.00327891,0.00367692,0.98585173
0.99840913,0.04676204,0.07067431,0.99998997
0.97966203,0.07425466,0.00103066,0.99935411
0.96152,0.09105771,0.01327583,0.92009563
0.92182948,0.00153441,0.07577653,0.99283895
0.99208308,0.04386557,0.02851772,0.9999297
9.38568822e-01,1.41309211e-02,4.45664876e-04,9.80001060e-01
9.59265565e-01,4.47547444e-02,2.68408443e-05,9.96823997e-01
9.74552594e-01,8.25278831e-02,8.64190366e-04,9.99318561e-01
9.34840472e-01,3.73155461e-04,2.02827217e-02,9.89009429e-01
0.99470912,0.01970646,0.03753454,0.98328635
9.51062324e-01,5.64606452e-02,1.45498938e-05,9.84714569e-01
0.980422,0.0474537,0.0036592,0.99953592
0.98677693,0.00418849,0.02757419,0.99981428
0.90483968,0.07958688,0.00309645,0.98748357
9.71024635e-01,4.56741304e-02,2.54787476e-04,9.98178730e-01
0.9766272,0.05890225,0.02785842,0.99932587
9.26027158e-01,2.98623620e-02,3.35695034e-04,9.92956307e-01
0.97461627,0.03692683,0.00999751,0.99923576
0.99432795,0.06965804,0.00857649,0.99938934
9.22558685e-01,8.05677249e-02,3.07588363e-04,9.92977129e-01
0.98903617,0.0219184,0.00722673,0.99970275
0.97099001,0.00430941,0.00658415,0.99903114
0.97832105,0.00976782,0.01261032,0.94287526
0.97103323,0.01047172,0.0045592,0.99906285
0.99143006,0.03352708,0.00672228,0.99583721
0.9953232,0.05663113,0.03588175,0.99997514
0.98927996,0.03796734,0.00943909,0.99988258
9.47992284e-01,1.11079948e-02,2.05675637e-04,9.96814250e-01
0.90058496,0.00596687,0.00826147,0.98571255
0.92658854,0.03616456,0.04412848,0.99205287
0.94838649,0.00308644,0.02335119,0.99703273
9.33273351e-01,1.76172607e-05,4.81405557e-02,9.87342211e-01
0.95750363,0.00695579,0.02652081,0.99752827
0.98406326,0.08177055,0.00134216,0.99973779
0.93407563,0.07260119,0.04901412,0.99369104
9.57156577e-01,2.47976589e-04,1.58663713e-02,9.95933979e-01
0.97145984,0.06927528,0.05200933,0.99913638
0.95746337,0.05941703,0.00538134,0.99802499
0.9824289,0.00455951,0.0264775,0.99966171
9.63638092e-01,7.57780011e-04,2.26530121e-02,9.78528155e-01
0.98915233,0.06650371,0.00211935,0.99985229
0.98446914,0.01964788,0.07477601,0.99975112
9.75176568e-01,7.37563011e-04,2.62266531e-02,9.96275203e-01
0.98469038,0.00138695,0.09296812,0.99917415
0.90044332,0.00450764,0.00240094,0.90316856
0.94439451,0.00213965,0.00249833,0.97853263
9.29317170e-01,1.54947144e-03,3.83542597e-04,9.94226377e-01
0.94584234,0.00159994,0.00167935,0.9601706
0.90219033,0.01908432,0.00353306,0.98659317
0.99533864,0.02758822,0.07138227,0.99966234
0.95912938,0.00712685,0.01683124,0.99811848
9.03921545e-01,1.22595799e-05,2.92534766e-02,9.64475130e-01
9.74687584e-01,8.49529989e-04,8.32381716e-02,9.95924235e-01
9.25225730e-01,1.79320679e-04,2.17820295e-02,9.57261877e-01
0.97969973,0.04137102,0.00126493,0.92360659
0.99299646,0.00397487,0.04978851,0.97610134
0.95397816,0.03163362,0.00702528,0.99482499
0.98232252,0.02154692,0.00236371,0.9911865
9.38906258e-01,5.50731299e-04,1.56594860e-02,9.95762468e-01
0.94482495,0.02765105,0.08124322,0.91744854
0.96475538,0.01812219,0.00364018,0.99865282
0.98267225,0.06537177,0.0058046,0.99967266
0.95333935,0.00840139,0.0407653,0.99747558
0.98508849,0.05316068,0.02630021,0.99975716
0.91692353,0.04092332,0.0456975,0.99185732
0.97792265,0.00466334,0.02521427,0.99949051
0.93159077,0.01421533,0.00230783,0.99229938
0.90961627,0.00120421,0.00832415,0.94046186
0.98570157,0.00175776,0.02882469,0.95583708
9.23112746e-01,1.84251048e-05,6.52502888e-02,9.75832576e-01
0.94920956,0.00561691,0.03319677,0.96950023
0.99354801,0.04461863,0.05460092,0.99995781
0.99471598,0.0195272,0.05105096,0.99990289
0.99230095,0.01146911,0.06284601,0.99993475
0.99138613,0.0756526,0.06845152,0.99992418
0.98064022,0.07642017,0.00587651,0.99960169
9.09387090e-01,5.65251334e-03,1.83052744e-04,9.88585000e-01
9.48505395e-01,7.24329101e-04,7.96160535e-03,9.94772588e-01
0.99510209,0.01842826,0.00791399,0.99993268
0.9451383,0.08032363,0.01316168,0.92767348
9.48830560e-01,1.19448795e-02,1.89816423e-04,9.97075280e-01
0.93803782,0.00124152,0.00315491,0.99446083
0.96271499,0.07293956,0.08094568,0.99780342
0.97121267,0.0121512,0.07869757,0.9983676
0.96529966,0.02458718,0.00440834,0.99833858
0.95197058,0.02254174,0.0097526,0.9973129
0.97531388,0.00501034,0.06357637,0.99810625
0.99405844,0.04762824,0.02607092,0.99996115
9.67392388e-01,2.55431061e-04,1.22385934e-02,9.98401282e-01
0.97005571,0.0282201,0.00180644,0.93569796
9.43728027e-01,6.38764179e-05,4.84689882e-02,9.96004413e-01
9.12863022e-01,9.52915382e-02,3.07408509e-04,9.89034162e-01
9.52231774e-01,7.46805647e-04,6.40528143e-02,9.97489515e-01
9.34501420e-01,4.54094790e-04,2.19556422e-02,9.95105388e-01
0.99206529,0.09176374,0.03361068,0.99983582
9.10049333e-01,8.06515753e-03,6.95773301e-05,9.90324741e-01
0.94446375,0.00314325,0.0595078,0.99629896
9.35548253e-01,6.60007451e-06,9.39455135e-02,9.95000201e-01
0.98543493,0.02873263,0.02205687,0.98545992
9.32352200e-01,7.80507232e-04,6.13694215e-03,9.94546750e-01
9.56258304e-01,3.75462180e-02,9.57499293e-04,9.95839304e-01
0.93316806,0.00231078,0.00684946,0.98970393
0.97812839,0.00815558,0.04180344,0.99950024
0.97883235,0.01843824,0.01038285,0.99933256
0.9676377,0.00159199,0.02116712,0.99738697
9.43962898e-01,8.18900753e-05,3.34842899e-02,9.27695084e-01
0.9788057,0.00103282,0.09665977,0.99952184
9.87273611e-01,2.56441231e-04,8.21588455e-02,9.99833767e-01
9.04052337e-01,6.02626524e-02,1.77401467e-05,9.84227918e-01
0.99521959,0.03818742,0.03901423,0.99997689
0.98052846,0.07800443,0.03227825,0.99960468
0.98106944,0.0285542,0.07140326,0.99820365
0.99468996,0.00160543,0.06598699,0.9999693
0.91283042,0.00323204,0.03154998,0.98886501
0.90458542,0.01151338,0.00933834,0.98910888
0.97401725,0.01397968,0.01524622,0.99410187
9.23399370e-01,5.64695072e-02,3.31637208e-05,9.91799042e-01
0.99098209,0.00289953,0.01260297,0.99988667
0.93782864,0.03433074,0.00133048,0.97456043
0.95606548,0.00747488,0.01618777,0.94613161
0.99266319,0.01600348,0.09900187,0.98546783
9.54747059e-01,1.60961509e-04,9.25358186e-02,9.96247178e-01
9.22574493e-01,4.46506740e-02,1.74888124e-05,9.92989706e-01
0.94518288,0.00395493,0.06727077,0.99621609
9.59984755e-01,9.96656353e-02,9.56773416e-04,9.94565286e-01
0.9416369,0.01586407,0.03124861,0.99557156
0.95834085,0.09763319,0.01213643,0.99029128
0.98194875,0.00921019,0.05291412,0.99958976
0.94235972,0.00726919,0.03110313,0.9057717
0.98762874,0.0134656,0.03132013,0.99907972
0.99688278,0.07994917,0.02090965,0.99998989
0.93744992,0.00632403,0.00702607,0.99464435
0.96909588,0.04784114,0.05402471,0.98915872
9.32297561e-01,2.03541362e-05,3.55027043e-02,9.01789984e-01
9.78520713e-01,3.78761150e-02,2.89494147e-04,9.99371316e-01
0.99358264,0.08981153,0.00873971,0.99992983
9.31666914e-01,1.79470121e-02,4.10573293e-04,9.89454587e-01
0.99681153,0.08458106,0.02501024,0.99998734
9.06029598e-01,2.81909733e-04,7.83202890e-02,9.89303857e-01
0.99559608,0.08616355,0.01616288,0.99997909
9.27286211e-01,1.62718697e-04,8.40492791e-02,9.30328784e-01
0.98713641,0.00370337,0.00858958,0.9994928
0.98431794,0.02074292,0.01018045,0.99953267
0.98328998,0.00250167,0.00468337,0.96297083
0.96383496,0.08265088,0.0051949,0.99859255
9.14234712e-01,6.57146120e-04,7.78551790e-03,9.91258111e-01
0.99338339,0.01409723,0.01424674,0.99986959
0.98251891,0.00775621,0.03046709,0.99911524
9.48094607e-01,5.73204214e-02,9.13392148e-04,9.93546085e-01
0.95547195,0.04106506,0.01310451,0.9975383
0.99267404,0.04290352,0.00208864,0.99970059
0.98479475,0.01950098,0.02200365,0.91655773
9.77017092e-01,3.09845947e-04,8.90530872e-02,9.99428868e-01
0.93649871,0.03418553,0.00901374,0.99254252
0.91269649,0.06135849,0.04011882,0.98958575
9.87617887e-01,3.57441177e-02,5.14396263e-04,9.47983272e-01
0.91748418,0.00548392,0.02376931,0.9905741
9.44703967e-01,1.24918251e-04,1.64448151e-02,9.96292918e-01
9.37604773e-01,5.72225666e-04,5.59330020e-02,9.91171114e-01
0.91591025,0.00858095,0.0041912,0.97924203
9.17727380e-01,8.63211761e-02,4.75932910e-04,9.91717034e-01
0.96393018,0.02013576,0.00485455,0.99857501
0.98793469,0.04732785,0.01932888,0.99971316
0.93421689,0.03078736,0.00597463,0.99506602
0.97681292,0.00849923,0.01532009,0.99329702
0.98944236,0.05201172,0.00802217,0.99988091
9.06496120e-01,6.97034134e-06,6.95490229e-02,9.88531671e-01
0.99380123,0.00425206,0.09088788,0.99996098
0.94131965,0.00978104,0.01936289,0.99594705
0.99861024,0.09349407,0.02872351,0.99998613
0.99362375,0.02964087,0.08835106,0.99836205
0.96875373,0.00599029,0.00616341,0.96356506
9.59838661e-01,7.31521244e-04,4.01073192e-02,9.98131773e-01
0.99013149,0.04754689,0.05421533,0.995858
0.94235283,0.00352579,0.07219544,0.97453241
0.92890337,0.03743767,0.09055433,0.97865653
0.9644461,0.00563811,0.00101681,0.99862867
0.97558852,0.08377305,0.00476272,0.99771329
9.67957050e-01,8.36595973e-04,8.39902720e-02,9.70846295e-01
0.98442081,0.01708326,0.00262824,0.95436752
0.92363446,0.05149083,0.04087656,0.99302204
0.98200443,0.01621652,0.00156788,0.99937083
9.05094478e-01,8.39068509e-04,1.71800630e-03,9.87113371e-01
9.41796373e-01,9.79492068e-02,3.50355137e-04,9.96070083e-01
0.97975833,0.01510476,0.00195663,0.9995655
0.90287529,0.00152114,0.00507968,0.98847651
0.94519006,0.0038807,0.00757684,0.99657282
0.94737412,0.05235639,0.00238758,0.99681477
0.98852675,0.03754244,0.00860695,0.99777912
0.94321672,0.00327113,0.04968756,0.99635695
9.03177611e-01,4.84892448e-03,2.09808802e-04,9.86167193e-01
0.99356833,0.09342351,0.02419585,0.99995806
0.92077168,0.0887167,0.02232697,0.97544316
9.40538744e-01,1.98324201e-04,6.93344593e-02,9.88523494e-01
0.97972147,0.02912159,0.00245299,0.99918378
0.92967406,0.03309699,0.00114411,0.98806167
0.96002574,0.00170691,0.02123363,0.99679226
0.95996315,0.00350724,0.06661268,0.99814936
0.99829271,0.04509171,0.06674008,0.90487717
9.76485206e-01,8.02930078e-04,2.38202658e-02,9.99420386e-01
0.9876193,0.01352293,0.00680837,0.99978405
0.92711375,0.00390713,0.00238945,0.99350533
0.90977053,0.00383148,0.07213762,0.98718189
0.98608937,0.06781572,0.00492126,0.99420542
0.90394824,0.00482045,0.00925131,0.9886752
0.91707061,0.08083206,0.03750173,0.99175262
9.48447215e-01,9.94307682e-04,2.11699423e-02,9.97012198e-01
0.90720638,0.02022024,0.00508691,0.9859739
9.31940223e-01,6.61411017e-02,1.45694186e-04,9.79276127e-01
0.9684409,0.04942204,0.00534801,0.99891408
0.99007541,0.02604941,0.00482292,0.99513187
0.95787686,0.00248757,0.00184293,0.99208443
9.64588656e-01,8.14739257e-05,1.98157956e-02,9.90832995e-01
9.18675066e-01,1.26019999e-02,4.98284693e-04,9.86836338e-01
0.97658147,0.0057442,0.03732059,0.99939177
9.58436534e-01,7.45022889e-04,1.14273783e-02,9.97922888e-01
0.98973622,0.00549986,0.01568247,0.98845081
0.9863087,0.02105778,0.04440407,0.99963394
9.46770406e-01,1.32551576e-04,6.62456832e-02,9.81012803e-01
0.9146377,0.06475203,0.00127362,0.98909586
0.98740271,0.01211163,0.0058669,0.99982362
0.99095312,0.02384085,0.00754204,0.9999133
0.99056483,0.01533569,0.01628957,0.99968161
0.96915062,0.00560057,0.09809838,0.99781178
9.37038680e-01,1.25737988e-02,9.66058760e-04,9.88844432e-01
0.99011397,0.01102865,0.06978359,0.9950552
0.9543766,0.0600948,0.04474874,0.99576449
0.96745771,0.00726578,0.0101036,0.99686204
0.99670316,0.09894339,0.02707552,0.99997629
0.90945099,0.01487078,0.09534865,0.95708933
0.96405621,0.01395203,0.04742316,0.99859461
0.90547428,0.02014186,0.01202604,0.98906533
0.98733036,0.00106267,0.0771712,0.98276026
0.94688018,0.02429006,0.05155285,0.99648479
0.980701,0.07196247,0.00448161,0.9995921
9.58022951e-01,2.02805808e-04,3.73023150e-02,9.97500311e-01
0.9129064,0.00932809,0.00570405,0.99083202
0.99442511,0.01599194,0.07341897,0.99996692
0.95434933,0.01493702,0.09399942,0.9977066
0.99787051,0.08223903,0.09121157,0.99998162
0.91566376,0.07886737,0.0178196,0.99153283
0.92349278,0.00153737,0.00166509,0.97839693
9.61582282e-01,4.39927776e-04,7.74512569e-03,9.97789325e-01
0.98001508,0.01645259,0.02071026,0.99956863
0.98336491,0.01904623,0.00101315,0.99971225
0.98831333,0.00141388,0.03399095,0.99529201
9.61093789e-01,5.49661978e-03,8.72871372e-04,9.43674527e-01
0.99803881,0.05279884,0.09525674,0.99998556
9.67588624e-01,2.38715275e-04,6.68444639e-02,9.98799113e-01
0.9973935,0.00535856,0.09653194,0.99988396
9.08407459e-01,1.43514407e-02,5.51372868e-04,9.89935773e-01
0.96866325,0.07517287,0.02593111,0.9989497
0.90338839,0.056791,0.00153703,0.98731941
0.96718536,0.00904921,0.01534574,0.99387417
9.39483161e-01,7.31609500e-04,6.84111274e-02,9.95689393e-01
0.94487971,0.00125517,0.00132468,0.99627813
0.97809607,0.00175146,0.08419822,0.99867451
9.82370540e-01,5.83493619e-04,5.72102639e-02,9.99612244e-01
9.59330484e-01,1.46781552e-04,2.19899339e-02,9.97851367e-01
9.53957239e-01,5.66760515e-02,9.42029481e-04,9.85568198e-01
9.57324279e-01,9.78148948e-04,2.30045764e-02,9.96269618e-01
9.57322909e-01,7.18047653e-02,3.91130367e-04,9.97985712e-01
0.98144001,0.02536867,0.00959214,0.9992316
0.98348567,0.02475276,0.02478406,0.99970537
0.95280198,0.001119,0.04565347,0.99345973
0.94297829,0.0194337,0.00685173,0.99182874
0.91311176,0.02969436,0.02052249,0.98530711
0.90356413,0.00548683,0.00355074,0.97295227
0.92468599,0.06950168,0.00864495,0.99321746
0.99604146,0.00466206,0.09990629,0.99541903
0.96815309,0.00145864,0.0338864,0.99712939
0.90141709,0.06090193,0.02102105,0.97420536
9.53132215e-01,3.48355648e-03,3.60409751e-04,9.97168252e-01
0.96036789,0.01393996,0.01867824,0.99829232
0.92400727,0.00100066,0.02983007,0.98423408
9.56348811e-01,5.47450745e-03,6.56179346e-04,9.46218561e-01
0.96827476,0.0018292,0.01020839,0.99875936
0.97260124,0.02275953,0.00414856,0.96413206
0.94394155,0.01240928,0.07569,0.99648142
0.97232507,0.0700884,0.00591644,0.90865945
0.9740185,0.01363672,0.00253524,0.99012749
0.93269961,0.0023003,0.00744332,0.95155244
0.98473578,0.01699569,0.02338227,0.99972051
9.87618234e-01,8.21110729e-02,6.06529697e-04,9.99420667e-01
0.92515514,0.00228573,0.00905825,0.91145841
0.99838352,0.05354627,0.02581083,0.9999973
0.97464786,0.02852326,0.0114666,0.99925422
0.97595069,0.03270786,0.04611383,0.99872545
0.95491196,0.00102064,0.0115265,0.99583893
0.97429511,0.0034283,0.01590755,0.99930036
9.57172588e-01,3.99459946e-02,1.15983760e-04,9.97998449e-01
0.93481042,0.00510099,0.00133845,0.9950355
0.97665419,0.00527634,0.00139845,0.99933057
0.97506341,0.01079352,0.02512111,0.99664047
0.98764325,0.02222198,0.02257463,0.99984207
9.56450039e-01,4.63806136e-05,4.90003021e-02,9.97927183e-01
9.45291398e-01,7.02440829e-03,5.27756695e-04,9.85808844e-01
0.96734679,0.0442127,0.00131415,0.95134045
0.94025992,0.00377616,0.02435364,0.95601808
0.92721791,0.07298993,0.00187789,0.99387302
0.99924697,0.04444833,0.09554332,0.93247405
0.96547818,0.00125955,0.08364098,0.98532714
0.97643643,0.05424375,0.01127185,0.99011958
0.98909598,0.05174082,0.00538952,0.99828159
9.17921775e-01,2.10595418e-05,3.27325007e-02,9.88913713e-01
0.91884456,0.00961798,0.08259257,0.99203898
0.99185919,0.08721525,0.00685845,0.99992475
9.69254155e-01,6.50878281e-02,8.54459889e-04,9.96146860e-01
0.98408975,0.03777081,0.00664652,0.99972195
9.17634630e-01,5.21753710e-05,5.03769357e-03,9.91881781e-01
9.29684995e-01,1.62156887e-02,2.20257889e-04,9.93944582e-01
0.91497939,0.01349828,0.01132724,0.9764182
9.46750612e-01,2.54336336e-04,3.99522266e-03,9.95965483e-01
9.12283892e-01,4.36610362e-02,1.58224604e-04,9.58992809e-01
0.94735477,0.02725807,0.03393249,0.99690099
0.98355955,0.00160454,0.0317316,0.99306615
0.9312906,0.02377763,0.07986597,0.97647594
0.96333411,0.00294786,0.02532105,0.99772434
0.93984431,0.00597804,0.03419192,0.99528342
9.49292797e-01,3.19382193e-04,6.12227033e-02,9.97068503e-01
9.52914721e-01,3.68080151e-04,1.02064350e-02,9.92201392e-01
0.97715031,0.01004468,0.00785449,0.9993761
9.53898300e-01,7.07695914e-02,6.23778252e-05,9.59867993e-01
0.99745264,0.07984307,0.01786123,0.99998124
0.92011805,0.00579257,0.03188807,0.98627178
9.25796748e-01,5.19353259e-02,2.00856606e-05,9.92889901e-01
9.47300150e-01,5.99463177e-02,4.87585614e-05,9.38679080e-01
0.97925727,0.04071246,0.0391427,0.99952163
0.98940368,0.03285839,0.09122286,0.97078043
0.99803197,0.07239166,0.07707314,0.99999603
0.9657742,0.08548807,0.01853623,0.99867868
0.98482069,0.08682233,0.00963702,0.99972243
0.93027199,0.05649179,0.00855116,0.98558616
0.98811298,0.09774609,0.03339878,0.99973363
0.91196152,0.08962969,0.03218982,0.98892126
0.98812639,0.07432243,0.0083148,0.99488395
0.96922446,0.00383189,0.01137545,0.99102161
0.9537856,0.00337059,0.03381678,0.99752229
0.93621676,0.03037021,0.04361087,0.99509317
0.93815252,0.07764074,0.00213064,0.99533755
0.99621541,0.04622272,0.00690698,0.91033292
0.9051925,0.09233471,0.04916455,0.92817433
9.25290698e-01,5.49270505e-03,6.11661158e-04,9.61023599e-01
0.95811588,0.0190433,0.04182968,0.97553761
0.93192718,0.00393851,0.07282707,0.99200301
9.70961687e-01,7.81578549e-04,1.59359960e-02,9.94545781e-01
9.45702536e-01,9.78991088e-02,6.48609757e-04,9.93248186e-01
9.46451681e-01,4.61679146e-02,2.34387671e-04,9.52822303e-01
0.92660643,0.00117453,0.00346736,0.99343759
0.9817214,0.00299094,0.07495183,0.99955842
0.93088363,0.06692078,0.03171254,0.99428594
9.76812113e-01,7.25396487e-02,3.48201734e-04,9.99436746e-01
0.92723924,0.01112276,0.00532346,0.98746628
0.95266425,0.00719641,0.06130143,0.98783761
0.91817383,0.01036305,0.01165708,0.99202597
9.35868094e-01,1.18679439e-03,8.57179328e-04,9.75349384e-01
0.98904085,0.06052814,0.01578934,0.99752954
0.96719859,0.08068576,0.07254939,0.9966948
9.08534639e-01,7.71863340e-02,3.54173678e-04,9.89958366e-01
0.92950324,0.08217324,0.00373919,0.99410598
0.99427062,0.02331722,0.06962872,0.9995875
9.55799411e-01,3.45649501e-05,3.61058386e-02,9.95581052e-01
9.40470395e-01,4.32973136e-03,2.41258066e-04,9.94005530e-01
0.97021351,0.00274938,0.00198631,0.99880293
0.99612353,0.08574848,0.01054824,0.90987819
0.98276251,0.0017821,0.01071594,0.99511635
0.9966378,0.05893813,0.0193842,0.99996906
0.94036363,0.01401363,0.01655812,0.99231271
9.06070698e-01,7.26902527e-03,1.11328157e-04,9.16170944e-01
9.62435922e-01,6.92754133e-03,4.63796817e-04,9.72504914e-01
0.96041521,0.00234531,0.08639066,0.99830541
0.93462613,0.06329576,0.05470353,0.99374869
0.99409734,0.02989556,0.01088245,0.99996472
0.97899261,0.01650829,0.0143605,0.99953263
0.93356006,0.0070011,0.01934471,0.92271994
0.98134912,0.00364181,0.03808997,0.99963572
0.94061096,0.00106505,0.09652358,0.99600954
0.97318489,0.07582014,0.00702522,0.98546482
0.97151696,0.00347522,0.00201604,0.99896935
0.9562622,0.01945365,0.02173935,0.94193867
0.97642996,0.00212485,0.03506792,0.91407309
0.97991675,0.02315975,0.00529584,0.99915881
9.81983548e-01,9.12659066e-04,2.50411813e-02,9.99663462e-01
0.99275154,0.00244601,0.03406713,0.99993446
0.96697871,0.05957706,0.00103694,0.99716135
0.98557289,0.0020255,0.05790152,0.99978507
0.98729048,0.01074876,0.00246578,0.99950454
0.97951809,0.06014507,0.00338432,0.99955709
0.9940441,0.00683062,0.09803415,0.99996374
0.95676739,0.00967662,0.00741925,0.99728598
9.13061143e-01,9.74528762e-05,1.30929052e-02,9.89163579e-01
0.9970243,0.02164741,0.07361217,0.94877288
0.98263502,0.04658336,0.00915256,0.99830202
9.36481548e-01,9.61213982e-04,4.96514669e-02,9.95420457e-01
0.95241305,0.07249866,0.0214295,0.99717025
0.99457676,0.01258902,0.0503891,0.99954473
0.95324468,0.07326008,0.01669179,0.99756169
0.98584188,0.00320113,0.06894264,0.99978069
0.91638944,0.00326919,0.00115009,0.99172466
0.9346944,0.00273539,0.01951154,0.99513077
9.57676430e-01,4.54176390e-04,2.31551951e-02,9.89838649e-01
0.98455396,0.00487361,0.01817507,0.99316549
9.39206315e-01,8.25533694e-04,1.48226388e-02,9.95808114e-01
0.97314137,0.04899919,0.00139584,0.99918614
0.98375343,0.08173063,0.00126206,0.99972631
0.96635603,0.00290544,0.05172633,0.99878201
0.91070648,0.01283633,0.01272008,0.97973911
0.90442271,0.00210799,0.05669186,0.92817251
0.97663754,0.00286377,0.0502939,0.99931691
0.99853582,0.05258685,0.08062025,0.99999422
0.90680474,0.03686705,0.0025798,0.97857301
0.93109746,0.030507,0.06196783,0.99357651
9.08119047e-01,6.25820200e-04,2.92924248e-03,9.89394198e-01
9.86136773e-01,5.74686011e-02,9.25447300e-04,9.99308703e-01
9.63455120e-01,2.39602450e-02,6.23793743e-04,9.95166371e-01
9.23458068e-01,2.29956696e-04,1.05428767e-02,9.82048873e-01
0.91425332,0.03116063,0.0842058,0.92402743
0.98862509,0.05082906,0.07228233,0.96219486
0.94999292,0.00483836,0.06323469,0.99459837
0.99570794,0.0248225,0.05953481,0.99793783
0.99089586,0.02912061,0.0189178,0.93586956
9.86287108e-01,7.58320154e-02,3.03170953e-04,9.99646606e-01
9.19685313e-01,4.78009474e-02,4.10818181e-04,9.92430359e-01
0.96626169,0.01841993,0.01431,0.99476947
0.9205756,0.00241588,0.00319848,0.97372578
0.98683863,0.00920214,0.05332578,0.99980296
9.02432089e-01,9.60959422e-02,2.92036211e-04,9.85408275e-01
0.9410793,0.03921637,0.05631934,0.9048559
0.98903124,0.03403911,0.01456359,0.99987694
0.99029098,0.01743258,0.03718764,0.99988794
9.01639558e-01,3.31280016e-05,1.82684852e-02,9.87578988e-01
9.52319106e-01,5.83873013e-04,6.22038259e-02,9.97492978e-01
0.95962896,0.00146126,0.00800588,0.9955089
0.98877215,0.0266945,0.00190141,0.98973993
0.99555241,0.07907133,0.00200989,0.99997705
9.79654095e-01,8.29017595e-05,9.53828113e-02,9.98356750e-01
0.9765112,0.02135124,0.05327795,0.9686092
0.99174289,0.00958364,0.01488253,0.98636752
9.21213272e-01,1.72701163e-05,5.67952074e-02,9.87332601e-01
0.92079013,0.00217996,0.07558944,0.99265374
9.75503062e-01,9.71104329e-04,1.89246774e-02,9.63176877e-01
0.96194467,0.00215602,0.03073783,0.99842835
9.44552178e-01,2.78220261e-04,6.42349129e-02,9.88876949e-01
0.97920646,0.0158218,0.01217477,0.9969813
0.99111253,0.01157918,0.00611739,0.99989941
0.95128038,0.003555,0.01740134,0.9699265
0.98798689,0.04900814,0.06382655,0.97715408
0.96379605,0.07083289,0.0099052,0.9889968
0.9945601,0.02346781,0.05550574,0.99996955
9.31121420e-01,1.52034430e-03,4.65864659e-04,9.94390825e-01
0.9865253,0.08036551,0.08884079,0.99908907
0.96367946,0.08855279,0.06764061,0.98619331
0.97335881,0.00435906,0.02567815,0.99026974
9.18481561e-01,1.09253537e-02,4.05128818e-04,9.56608929e-01
0.97872306,0.00308639,0.00694301,0.99843661
0.94373541,0.06375649,0.07296954,0.99505972
0.98839983,0.00240457,0.02453437,0.99986195
9.23895825e-01,3.65549149e-02,3.50920781e-04,9.92073544e-01
0.96189573,0.01301261,0.05412722,0.96048164
0.94899998,0.02786716,0.09168229,0.9980098
0.9957674,0.08027242,0.00497849,0.99338272
0.94676738,0.08903493,0.0041958,0.92585593
0.98707093,0.01364536,0.00848445,0.99963112
0.96392465,0.02255912,0.00330212,0.99860035
0.98944519,0.0611624,0.05564989,0.99974444
9.21279410e-01,2.53448790e-04,9.39257069e-03,9.38880509e-01
9.58260652e-01,7.20205593e-02,9.15671629e-05,9.97701829e-01
0.91328618,0.08555336,0.02939212,0.97407917
9.26491547e-01,6.67047278e-04,5.19290208e-04,9.93568742e-01
9.76193539e-01,2.41519922e-04,3.15724063e-02,9.99327131e-01
0.9738903,0.00854719,0.01121182,0.92633845
0.96081408,0.01186394,0.00413368,0.99825379
0.95175753,0.00975336,0.01629116,0.99597114
9.61881405e-01,4.07183945e-04,3.56613256e-02,9.98420706e-01
0.98023403,0.0622772,0.01794027,0.99915251
0.98151717,0.03102938,0.02177211,0.99218412
9.57855144e-01,7.75442944e-02,4.18634911e-04,9.98058863e-01
0.99129915,0.03540833,0.07792737,0.91467815
9.51302842e-01,2.03964760e-02,1.46056382e-04,9.97383905e-01
9.09419066e-01,7.87714803e-05,9.43500157e-02,9.90114123e-01
0.95344316,0.01303976,0.08430388,0.99762127
0.9957713,0.0151463,0.01178429,0.98200304
9.61864223e-01,1.48281129e-04,3.65328344e-02,9.97046380e-01
0.9902214,0.05777895,0.01612173,0.99985577
0.92454518,0.03243708,0.01967877,0.97571656
9.68956816e-01,9.03219796e-05,7.59426509e-02,9.53436576e-01
0.9942986,0.00917965,0.01791301,0.94512559
0.95819242,0.01246642,0.00107605,0.99760353
0.94407847,0.08399716,0.02748317,0.94658943
0.98586415,0.00510754,0.00937785,0.99962777
0.97684562,0.09258204,0.01430671,0.96722931
0.99503183,0.08964879,0.01611297,0.99997507
0.97498287,0.05549826,0.0068406,0.9992022
0.98186422,0.02455774,0.01589729,0.9261179
0.99485641,0.03341475,0.04638696,0.99997259
9.79753093e-01,9.75094406e-02,5.54692451e-04,9.91661714e-01
9.05861279e-01,6.81048785e-05,1.67849378e-02,9.78587531e-01
0.97475699,0.00131349,0.00699786,0.99932662
9.86403724e-01,8.45696475e-04,3.93021920e-02,9.99704125e-01
9.67335835e-01,4.73393963e-04,3.60127546e-02,9.97343067e-01
0.99329984,0.00286508,0.02684284,0.90275431
9.85211932e-01,1.91531415e-02,5.73072544e-04,9.86366696e-01
0.96735253,0.01125705,0.00109692,0.99729703
0.95648899,0.08327864,0.0243735,0.99792821
9.72794102e-01,3.85813067e-02,4.60765474e-04,9.97047887e-01
0.9336529,0.00154866,0.02966741,0.99448285
0.99686871,0.00887933,0.05265086,0.99997778
0.92497979,0.06397829,0.06760938,0.99316643
9.16135867e-01,2.11522591e-02,2.38391625e-04,9.51167095e-01
0.99710455,0.02982509,0.01165071,0.99995737
9.02962863e-01,1.15323948e-02,6.43073952e-04,9.71279292e-01
9.29310041e-01,3.78453090e-03,1.04591938e-04,9.94202729e-01
0.93541522,0.01111212,0.00634702,0.99329009
0.99321077,0.02607486,0.00913396,0.99990931
9.66545375e-01,4.61725656e-04,2.45600774e-02,9.98660658e-01
0.92972999,0.07146239,0.04959303,0.98571271
9.85505167e-01,5.00349738e-02,2.23284797e-04,9.99356950e-01
0.9815746,0.02943636,0.0089932,0.99964561
9.11051844e-01,4.74409020e-02,1.52031863e-05,9.49521323e-01
0.90293921,0.06052473,0.00139826,0.98850505
0.98091964,0.05839143,0.01190984,0.93435394
0.98298888,0.03244601,0.04562906,0.99915176
9.51838931e-01,1.61937052e-04,9.66030691e-02,9.97340800e-01
9.41493976e-01,2.13020869e-04,3.37696349e-02,9.92472001e-01
0.9510882,0.03123716,0.09620921,0.99444317
0.99672038,0.0919531,0.03318941,0.99713565
9.25464795e-01,2.79375081e-04,6.48788785e-03,9.91543916e-01
0.9842283,0.00681265,0.0107726,0.99973826
0.95155098,0.08065469,0.01426527,0.99733048
0.99135121,0.08994395,0.02346436,0.99925588
9.75779425e-01,2.50609302e-02,8.63752548e-04,9.99369340e-01
0.99405149,0.01513684,0.04427555,0.99994883
9.29555106e-01,1.66850864e-04,4.22872706e-03,9.94060575e-01
0.99454388,0.00213235,0.09240713,0.99635612
0.91497279,0.04033931,0.05818647,0.98650389
0.99521591,0.02606231,0.00441105,0.99994787
9.52867510e-01,1.58052000e-02,3.57474483e-04,9.97146332e-01
0.92079336,0.01794206,0.07877253,0.9926351
0.967394,0.07281637,0.00103407,0.99884592
0.968638,0.00177333,0.00690933,0.98866495
9.25128065e-01,3.36133461e-05,3.61492202e-02,9.93346282e-01
9.06860224e-01,1.80966802e-03,4.27116527e-04,9.87638311e-01
0.951694,0.0018428,0.06421481,0.99690773
0.96997333,0.05493336,0.00915968,0.99747281
9.49210243e-01,5.67439243e-02,5.51292977e-04,9.96803334e-01
0.99610217,0.04368305,0.02846158,0.99998382
0.96588398,0.00108646,0.02481244,0.99814191
0.95115799,0.0349333,0.0213897,0.99705681
0.97673656,0.03994626,0.02974049,0.99873262
0.98500134,0.01178756,0.00905979,0.92698848
0.90435667,0.03137775,0.00350886,0.96268776
0.98579825,0.09883207,0.01135037,0.96659214
9.37896518e-01,7.14048118e-02,6.28712117e-05,9.94892339e-01
0.95437223,0.01726467,0.00854745,0.99764945
0.98642918,0.00258528,0.01356804,0.99304051
0.98661072,0.00197706,0.02200953,0.99970183
0.90410825,0.01562166,0.03710809,0.9817305
0.9991856,0.05777838,0.09017322,0.99881038
9.41517223e-01,1.91872792e-02,2.69258549e-04,9.95865795e-01
0.9944862,0.00631473,0.07487518,0.99996015
0.9709677,0.093623,0.01160218,0.9970369
9.60940347e-01,4.55450090e-02,8.45190677e-04,9.98345541e-01
9.18905452e-01,9.89129742e-02,4.77415608e-04,9.83492870e-01
0.92118187,0.00212365,0.00162861,0.99272783
9.03374642e-01,2.45064835e-03,8.58049830e-04,9.87735826e-01
0.99217956,0.00906071,0.05902944,0.99993035
0.90577454,0.0032393,0.08621964,0.96663951
0.99416422,0.04180402,0.0077019,0.9999521
0.90357843,0.00385972,0.01841762,0.98873451
0.92703847,0.0033006,0.03642824,0.99337208
0.94890956,0.01310725,0.05700439,0.9960309
0.99161223,0.01300229,0.01542858,0.99796103
9.66428017e-01,7.71850820e-04,3.78751684e-02,9.97912855e-01
0.95679559,0.01783135,0.00127256,0.9977654
9.21633574e-01,7.42449174e-03,1.74733643e-04,9.62049177e-01
9.39638739e-01,8.04285972e-02,7.58873531e-05,9.95825673e-01
0.99469125,0.01110754,0.02878798,0.99996326
0.97646435,0.00191579,0.02223814,0.99860974
0.91472249,0.00149802,0.01618794,0.98974761
0.9426242,0.02817008,0.01026694,0.99593982
9.08160511e-01,6.29781426e-05,5.81042893e-02,9.00994476e-01
9.46904206e-01,8.17662992e-04,4.77091512e-03,9.95836534e-01
0.99507232,0.03862116,0.04562511,0.99991592
0.98895393,0.00309202,0.02763573,0.99978178
0.92328071,0.04305415,0.02825099,0.99214084
9.81007178e-01,8.55140694e-04,8.35870442e-02,9.99595398e-01
0.9889913,0.00279721,0.01033141,0.99981498
0.9929665,0.06253811,0.0091819,0.99914165
9.00950018e-01,4.78952409e-04,1.14589164e-02,9.87989159e-01
0.90601786,0.01073009,0.04882019,0.98885939
0.97538531,0.0037593,0.00552614,0.99809178
9.61759818e-01,7.26669742e-04,3.55089718e-02,9.71253583e-01
0.99737096,0.04192322,0.08056549,0.99993184
9.43710109e-01,1.89365479e-04,2.45540287e-02,9.94210522e-01
9.26502675e-01,1.25630136e-04,4.53954030e-02,9.22339757e-01
0.98411202,0.08570533,0.01266124,0.99973936
0.95616626,0.09062588,0.07473178,0.99789505
0.91684675,0.07565117,0.00847364,0.99167208
0.98972726,0.0344727,0.00992267,0.99983957
0.97347497,0.00459516,0.00200089,0.99922663
0.91957509,0.00154114,0.01800108,0.99230103
0.93369797,0.00415919,0.03076137,0.99498219
9.86271273e-01,9.90109857e-02,3.43511077e-04,9.99440507e-01
0.99408759,0.06059035,0.00471214,0.99996087
9.05442663e-01,2.11950963e-02,1.57926267e-04,9.88635840e-01
0.98132808,0.04316368,0.01228385,0.99924243
0.90720564,0.05008969,0.0015654,0.97555017
0.95885881,0.01237698,0.02520197,0.99793634
0.97338222,0.06519312,0.06316154,0.99880253
0.99548563,0.01959214,0.01812383,0.97216732
0.90766947,0.00354943,0.01156923,0.97433926
9.67688498e-01,5.59205835e-02,3.33747433e-05,9.67558727e-01
0.99705365,0.05146077,0.01019919,0.99998869
9.84165106e-01,2.82110720e-02,3.74822027e-04,9.99653001e-01
9.73860323e-01,4.61625294e-05,6.49787643e-02,9.91242931e-01
0.98125456,0.01723975,0.09519371,0.99905214
0.94008125,0.00197276,0.00334578,0.98011249
0.94439299,0.07290299,0.00309538,0.99297985
0.95291923,0.02062079,0.01599886,0.99756321
0.99835296,0.05173968,0.03568699,0.99999657
0.94437262,0.00205466,0.0765932,0.99653876
9.52508124e-01,3.52008375e-02,6.22010324e-04,9.97516604e-01
0.98968818,0.08899973,0.00258253,0.99989144
0.95425638,0.00839653,0.01433423,0.9972362
0.96274168,0.09214811,0.00103376,0.99425926
9.14849064e-01,2.98894196e-05,3.40343756e-02,9.90530581e-01
0.99803448,0.06509924,0.06526781,0.99999544
9.76617957e-01,7.52295770e-02,2.49922219e-04,9.95279950e-01
0.99124353,0.00545605,0.05649923,0.99991835
9.73442778e-01,6.21017400e-04,5.51283181e-02,9.98914193e-01
9.84236289e-01,7.04571086e-04,5.58432797e-02,9.99743292e-01
0.90960384,0.06116166,0.01307628,0.98715964
0.97168548,0.01456608,0.05888489,0.99890461
0.96339205,0.01022618,0.0564373,0.99271734
9.63911456e-01,2.25539904e-04,7.95968719e-03,9.98422322e-01
9.65153228e-01,4.09063135e-04,9.06801229e-02,9.48401456e-01
9.05753873e-01,4.88516269e-06,4.54977227e-02,9.78012374e-01
0.99566552,0.04373366,0.02166622,0.99998079
9.45186430e-01,9.95973669e-02,1.30580847e-04,9.96390158e-01
0.91093088,0.00137415,0.01202318,0.92495717
0.94091017,0.00139916,0.09663592,0.99617396
0.9773483,0.00559186,0.06078582,0.99529886
0.9853546,0.01767339,0.00252603,0.99977902
0.97584248,0.0068546,0.01999814,0.99934486
0.99415061,0.01400956,0.07140566,0.99988553
0.97927881,0.06197211,0.005283,0.99949097
0.92396643,0.03754811,0.04289868,0.92379011
0.91778966,0.07546135,0.04228975,0.99102149
0.97682381,0.03211323,0.02864443,0.96419424
0.98168065,0.03460928,0.07364042,0.9996429
9.22158765e-01,1.58251357e-02,7.72765710e-04,9.91977972e-01
9.15997887e-01,5.97238424e-04,4.46059120e-02,9.91553679e-01
9.55126217e-01,8.64301112e-02,6.83670255e-05,9.97664078e-01
9.56399095e-01,1.29012596e-04,6.35692073e-02,9.97914264e-01
0.90684087,0.0185068,0.00155785,0.97586335
9.60793147e-01,2.04940684e-03,8.69820039e-04,9.96319953e-01
9.11166775e-01,9.37345538e-05,4.07138500e-02,9.90366908e-01
0.99727926,0.04100765,0.07510604,0.99986381
9.49942876e-01,3.71196541e-04,2.37362603e-03,9.97229084e-01
0.95970415,0.00876982,0.01110521,0.98632655
0.99527303,0.0406653,0.05794738,0.9999528
9.25493644e-01,5.34173438e-02,3.62750160e-04,9.90718984e-01
0.90518618,0.01331623,0.00415921,0.98820032
0.98411796,0.07036878,0.0573168,0.99966002
9.30257281e-01,1.55393601e-02,8.83265957e-04,9.89549776e-01
0.9899842,0.09823642,0.03907824,0.99841597
0.96197801,0.01297846,0.00176368,0.95815875
0.99834949,0.0801734,0.02617983,0.99999711
9.62611766e-01,8.60759847e-05,3.37344908e-02,9.98484229e-01
9.27850132e-01,1.76463199e-04,7.79401662e-02,9.38895955e-01
9.28866845e-01,5.76629163e-04,4.63996363e-02,9.93143518e-01
9.39430057e-01,4.93863587e-02,9.16356637e-04,9.92508389e-01
0.96296658,0.01777784,0.09788093,0.99409179
9.22464720e-01,4.14865446e-02,1.62925299e-04,9.82948072e-01
0.95449535,0.06184716,0.01778922,0.9778558
0.93391408,0.0086448,0.01724823,0.98902761
0.99768537,0.06803877,0.02327476,0.99997449
0.99512702,0.09739784,0.02919514,0.99997455
0.98420339,0.08460802,0.00141049,0.99973932
0.99824112,0.01716403,0.05704761,0.99999653
0.97089869,0.06846671,0.00298835,0.99906039
9.60697444e-01,9.20803217e-02,1.72297691e-04,9.98329115e-01
9.83580790e-01,4.92124198e-04,3.98641068e-02,9.60216559e-01
0.99911678,0.04968705,0.07798621,0.99999807
0.93628316,0.00239147,0.01212997,0.99420518
9.53146900e-01,4.64410960e-03,7.02518428e-04,9.95632797e-01
0.90830975,0.00333388,0.00143989,0.989392
0.97501242,0.01748049,0.00481612,0.99934143
0.99449324,0.01502391,0.03663484,0.92813558
0.96143111,0.0228694,0.00922312,0.9983421
0.99870757,0.06672638,0.02319075,0.99999831
0.99778806,0.05492096,0.02479071,0.97361122
0.91100967,0.02061335,0.00186011,0.92662674
9.53518645e-01,1.12709175e-04,2.10642666e-02,9.96996395e-01
0.98105987,0.01217299,0.00315481,0.99937925
9.38365890e-01,6.49275064e-02,1.30279323e-05,9.88057127e-01
0.93313918,0.04332985,0.00269204,0.99508062
0.95310162,0.00141298,0.08765187,0.99470839
0.93329514,0.03080863,0.00301428,0.99426669
0.99478096,0.0465936,0.01059602,0.99873843
0.9457493,0.00922116,0.0017219,0.99663917
0.93221388,0.02470345,0.00753243,0.9915899
9.03292443e-01,5.96834027e-05,5.54508570e-03,9.87805213e-01
0.99389579,0.07463463,0.00278155,0.99994868
0.94282508,0.01107757,0.00104371,0.99631037
9.27845055e-01,9.45228769e-02,1.90959095e-05,9.86692678e-01
0.95538887,0.05932339,0.00381318,0.91999182
0.97300417,0.04524151,0.00100649,0.99282546
0.97088339,0.07506107,0.00690053,0.99662055
0.98064396,0.06577037,0.05175404,0.98148076
0.98825139,0.03589006,0.02569459,0.90033127
0.97560173,0.04693486,0.02404655,0.99895351
9.27029377e-01,3.20791561e-02,8.33161107e-05,9.78581172e-01
0.9823849,0.01178764,0.0011445,0.99965979
0.99397715,0.00511503,0.03125439,0.99580707
0.96512547,0.05706663,0.00544298,0.97236829
0.96888405,0.00494088,0.05858983,0.99797859
0.90382878,0.00837709,0.02341666,0.91367564
0.98376471,0.05654388,0.00365466,0.97026247
0.96983377,0.07359742,0.00371041,0.99559506
9.45706592e-01,9.56396162e-04,6.06062547e-03,9.96705159e-01
9.35585888e-01,5.29377731e-04,4.95313574e-02,9.95237513e-01
0.95528053,0.0092818,0.04619551,0.99679457
0.98377412,0.08321573,0.01439653,0.99971121
9.10606674e-01,2.70823366e-04,9.11878932e-02,9.90434123e-01
0.98645812,0.01953993,0.05036792,0.99902798
9.37979006e-01,5.76131492e-03,3.54293524e-04,9.63086041e-01
0.95503358,0.02623629,0.00170854,0.99518144
0.99433999,0.01722999,0.05124095,0.99986053
9.82700742e-01,1.83226678e-02,3.91536271e-04,9.99222801e-01
0.99510737,0.09093636,0.01646513,0.99973488
0.97576698,0.0056459,0.08122945,0.99934788
0.92241123,0.01894882,0.00857936,0.98737075
9.26947825e-01,3.35013781e-03,3.16933606e-04,9.83060964e-01
9.49733800e-01,5.37001601e-04,5.12401765e-02,9.97170494e-01
9.15337564e-01,8.15014876e-02,9.97226387e-06,9.62445532e-01
0.99218814,0.0588175,0.0188628,0.99979495
0.99751402,0.06892229,0.01247356,0.99999375
9.19098404e-01,3.24822691e-02,4.91417939e-04,9.92310602e-01
0.9932019,0.02711389,0.02229763,0.99994278
0.99324793,0.00361882,0.03163361,0.99994828
0.94582499,0.06764891,0.00155496,0.99653285
0.96458786,0.00230798,0.02485207,0.99844803
0.90489055,0.00359699,0.01413679,0.90709926
0.97876473,0.01490683,0.00141055,0.99360199
9.01717543e-01,1.73201882e-04,5.85255967e-02,9.73343614e-01
0.95551761,0.02454249,0.00217263,0.98795722
0.90375156,0.01091668,0.01721768,0.96868963
0.93249956,0.01937437,0.01959626,0.97697087
0.95806587,0.01037533,0.00690156,0.99807955
9.49253125e-01,9.69643711e-02,4.15622997e-04,9.67685253e-01
9.21852891e-01,2.65466231e-02,1.10302150e-04,9.92821020e-01
0.98466628,0.04237315,0.01702628,0.99130749
0.96046917,0.01256287,0.00321642,0.99794358
0.98722706,0.0208287,0.00412563,0.99979562
0.98131685,0.00124769,0.03499108,0.99956335
0.90600353,0.00218451,0.02507842,0.98900082
9.42415041e-01,2.71212797e-04,1.26837714e-02,9.41054050e-01
9.19765034e-01,1.53557415e-04,2.34393426e-02,9.03543705e-01
0.93540949,0.06165966,0.04891015,0.91392505
9.54317902e-01,9.23993998e-05,1.06106357e-02,9.96589153e-01
0.95090784,0.03921356,0.04084237,0.99733549
0.90699683,0.04648166,0.0011793,0.98946918
9.48370884e-01,4.59227510e-04,8.23564405e-03,9.96299396e-01
0.9085754,0.02580962,0.04910847,0.98979012
0.99260874,0.00446464,0.08975864,0.99928998
0.97903162,0.0181206,0.03793593,0.97341992
0.98616593,0.01369149,0.04696548,0.99979618
0.978346,0.09168701,0.00182795,0.99614317
0.9433739,0.03407776,0.01588507,0.99640731
0.99010105,0.02645241,0.01938649,0.99986652
0.99562534,0.00844909,0.060229,0.99998058
0.93621766,0.06535471,0.06055858,0.99535462
0.99306168,0.00861889,0.01319668,0.9996856
0.9955905,0.06141831,0.00638066,0.99996354
9.35298111e-01,5.31127950e-04,3.55548633e-02,9.90817653e-01
9.25689277e-01,8.51017115e-02,1.24039643e-04,9.93591168e-01
0.9892855,0.00808767,0.07519529,0.99982933
9.65339895e-01,2.54559672e-04,2.93268419e-02,9.98708423e-01
9.34223040e-01,2.23660297e-02,4.76114150e-05,9.89668274e-01
0.93003604,0.04810312,0.00855788,0.96756902
0.97729133,0.03907339,0.00450212,0.99282086
0.95306702,0.00467818,0.01263105,0.99727238
0.96035462,0.07032091,0.00319926,0.97515604
0.98180111,0.00757775,0.01392291,0.99965569
0.96215259,0.00413052,0.08895934,0.99421062
0.99399534,0.01579621,0.09095641,0.99996091
9.32724521e-01,8.27111648e-04,6.71810332e-03,9.93190698e-01
0.94502655,0.05041365,0.05891817,0.99171812
9.23138182e-01,1.40061225e-02,6.26133118e-04,9.79790305e-01
0.94072501,0.00143765,0.0129835,0.95221987
0.98881171,0.01216622,0.07785123,0.94460877
0.90775591,0.00292077,0.00236492,0.98952812
0.98702526,0.02786776,0.00219597,0.99980319
0.95781243,0.00271492,0.01275363,0.99805508
0.99458354,0.0051107,0.04247867,0.98911511
0.97973809,0.05248855,0.00823655,0.99950779
0.98718261,0.01340487,0.05131882,0.99982337
0.93151225,0.03120419,0.04035772,0.99457751
0.94727771,0.00138033,0.09924103,0.98554178
9.69567327e-01,1.94595162e-04,6.56056721e-02,9.98688455e-01
9.52713660e-01,1.96088618e-04,1.65852892e-02,9.97214125e-01
0.99415705,0.01720645,0.08402198,0.99411533
0.97677654,0.03778431,0.00948943,0.99940969
0.9124282,0.02327078,0.01933686,0.98845245
0.98821054,0.03132813,0.06050785,0.90753441
0.95927199,0.03195418,0.00358544,0.99792412
9.53396073e-01,4.42558033e-02,1.68754381e-04,9.97616146e-01
0.90797072,0.0012448,0.07975217,0.97372613
0.98971962,0.00511636,0.03729555,0.99983413
9.07246072e-01,2.22867014e-05,6.28447089e-02,9.79211682e-01
0.9951697,0.06588389,0.0275276,0.99988607
0.95476321,0.01366793,0.01626303,0.9784704
0.95552646,0.00611699,0.01295557,0.97913757
0.9767048,0.01205573,0.07168952,0.99508243
0.99570161,0.09880937,0.04068315,0.99997413
0.99218047,0.05752044,0.09849213,0.99719822
0.99456721,0.01376089,0.02994019,0.99950507
0.98263847,0.09844033,0.00162434,0.99967518
0.98696328,0.0157448,0.01452668,0.98842646
0.92798213,0.04547366,0.00830676,0.99402187
9.40519551e-01,1.32301725e-02,2.66680212e-04,9.95421132e-01
9.38485246e-01,4.48641827e-04,6.51071049e-02,9.95473083e-01
0.97926643,0.03876197,0.0180484,0.99845728
0.9182638,0.02862597,0.06893748,0.98536814
0.99563115,0.0746839,0.00244398,0.99998041
0.998168,0.04750416,0.04701691,0.99844923
9.09341756e-01,8.15413342e-05,1.09064737e-02,9.84788665e-01
9.62438613e-01,6.89768619e-04,2.82841242e-02,9.76495424e-01
0.97424271,0.00299462,0.00555442,0.99925204
0.95372841,0.06035722,0.00353146,0.99752974
0.90588607,0.00131686,0.04888439,0.98901764
0.98730368,0.00271048,0.02896136,0.99924843
0.90122451,0.02681218,0.00190907,0.92347194
9.22796776e-01,7.70253840e-04,1.88167174e-02,9.92238002e-01
0.96188035,0.03882852,0.08223586,0.99823391
9.79283386e-01,2.91186464e-02,7.16390999e-04,9.99306416e-01
0.98028476,0.06662489,0.00757009,0.99946401
0.97143564,0.00348167,0.0948839,0.99879839
0.92750588,0.02227969,0.04123024,0.99392669
0.99149728,0.036357,0.00444198,0.99987709
0.98012726,0.0211735,0.01902798,0.91160619
0.94444703,0.04850906,0.00986577,0.9803613
0.97319375,0.00228878,0.08024322,0.99884426
9.21659440e-01,2.75412317e-02,1.80366540e-05,9.90606765e-01
9.13015034e-01,2.25327172e-05,1.94603703e-02,9.90267207e-01
0.95004837,0.04308121,0.00317043,0.99724287
0.94122025,0.02549072,0.00602418,0.99342838
0.99615673,0.0680721,0.06602606,0.99878916
9.10684743e-01,6.55787969e-03,2.90513821e-04,9.87588686e-01
9.79716263e-01,9.62821225e-02,4.04813569e-04,9.99512568e-01
0.94339149,0.00461479,0.02599964,0.99637723
0.90168342,0.00120627,0.0481024,0.98786448
0.99028963,0.00781417,0.06337093,0.99990189
0.99479755,0.01823276,0.00818189,0.99997254
0.93179296,0.00395323,0.00827581,0.99411002
9.65171628e-01,8.16339381e-02,5.63233678e-05,9.98664604e-01
9.33771230e-01,4.19888366e-04,6.13070254e-03,9.05467897e-01
0.9065138,0.03894356,0.00158818,0.97931346
9.23570225e-01,7.57382334e-02,6.58142919e-04,9.66467978e-01
0.91752529,0.0122671,0.00129585,0.98867911
0.97889831,0.06075614,0.00155871,0.99946066
9.38998398e-01,4.56448657e-05,5.58071361e-02,9.73139594e-01
0.95223488,0.08234534,0.07321062,0.99743788
9.60053791e-01,3.21088452e-02,9.35221092e-04,9.98108482e-01
9.25906651e-01,2.04320026e-03,2.18442776e-04,9.76098661e-01
0.9780313,0.00351432,0.0601143,0.99264205
0.9288683,0.02192096,0.00359963,0.99357081
9.82145901e-01,9.12262236e-02,4.13009325e-04,9.99495146e-01
0.95864266,0.00679648,0.0162652,0.96198906
0.95317674,0.00117945,0.00440654,0.96301315
9.58940876e-01,9.69409315e-04,2.60168294e-02,9.70963642e-01
9.55317278e-01,2.25232777e-04,5.79614843e-02,9.91794516e-01
0.94122141,0.04074022,0.07557875,0.99610938
9.85469640e-01,3.41265585e-04,6.78068383e-02,9.99734813e-01
0.94058773,0.09976017,0.02544122,0.99314144
0.98052417,0.01717494,0.00776017,0.99768689
0.97802191,0.0342019,0.00183377,0.99935396
0.95415129,0.01604852,0.00243693,0.99769532
0.9715217,0.04627348,0.08792963,0.99912852
0.96464693,0.00190281,0.01752234,0.97947095
9.15575852e-01,9.41363039e-04,1.27988087e-02,9.41592709e-01
9.22725503e-01,5.75919154e-05,1.75045689e-02,9.92638069e-01
0.98821629,0.00186161,0.0109061,0.99976172
0.98767575,0.00630739,0.01381341,0.999841
0.95981586,0.09433143,0.01096833,0.9982499
9.24735501e-01,1.51682366e-04,3.78354978e-03,9.83042888e-01
0.98381982,0.02916085,0.00260141,0.96208879
0.92566832,0.01357833,0.08486791,0.99359283
9.56863275e-01,1.17044604e-05,9.27760260e-02,9.96893122e-01
0.96629323,0.01315748,0.07181642,0.99143875
0.93598016,0.004739,0.0220707,0.98982218
0.98714085,0.00648061,0.0976992,0.99981901
9.00315734e-01,4.71137652e-02,5.16391437e-04,9.87538515e-01
0.91290438,0.00154548,0.0765921,0.94594831
0.98577162,0.01275312,0.06725517,0.99978985
9.46551574e-01,3.72202884e-04,2.41805960e-02,9.17454034e-01
9.01704016e-01,9.64727346e-02,4.52370926e-05,9.86126598e-01
0.97233711,0.01905184,0.00611172,0.99749056
0.91264904,0.08339638,0.00221156,0.99031552
9.30456527e-01,8.20375362e-04,7.69898410e-02,9.91503881e-01
0.99459131,0.07277714,0.00190538,0.94019909
0.92468431,0.01471771,0.01091163,0.99150685
9.54860798e-01,3.12549043e-02,1.05743846e-04,9.97668110e-01
0.98782879,0.08048941,0.01285621,0.99937866
0.90937643,0.02216392,0.00464209,0.9340587
9.29089625e-01,2.87653724e-04,7.54729578e-02,9.94191797e-01
9.27584770e-01,1.07899080e-05,6.55713390e-02,9.84582742e-01
0.95861852,0.00210114,0.00539035,0.99444323
0.96864791,0.01408635,0.00990986,0.99799652
0.91264996,0.00257492,0.05624968,0.97296473
9.53645302e-01,8.15900435e-05,9.33628256e-02,9.97516589e-01
9.31692027e-01,3.26261672e-02,2.27511627e-05,9.82077328e-01
0.99274457,0.03385099,0.0488267,0.999945
0.96819046,0.0076897,0.0101882,0.99888112
0.9967074,0.04635078,0.09885748,0.99799838
0.99191069,0.00155264,0.08491703,0.99992617
9.87672524e-01,1.65469882e-04,8.25769353e-02,9.99652941e-01
9.84442998e-01,8.24335687e-04,5.89970576e-02,9.99630117e-01
0.99021679,0.00697269,0.01012089,0.99883397
0.95546023,0.06365684,0.00148838,0.99631805
0.92034589,0.05258242,0.08094385,0.98809119
0.98291761,0.08204147,0.03522085,0.99967203
0.97631069,0.0011292,0.02345879,0.99941106
0.98810199,0.0598715,0.08567103,0.99985293
0.9756229,0.01647842,0.00675101,0.99932844
9.77371890e-01,5.93545699e-05,9.49523129e-02,9.47478774e-01
9.35109876e-01,1.17025164e-04,1.65492401e-02,9.94906725e-01
0.9731405,0.02275001,0.063102,0.99919215
0.95554971,0.05615721,0.0023889,0.93705254
0.9512512,0.0592461,0.00709959,0.99643978
9.31404209e-01,3.59350863e-02,1.56360851e-04,9.71758330e-01
0.92515503,0.00249894,0.02610542,0.99250582
0.98237053,0.02332047,0.04264711,0.99690555
0.93432273,0.00194311,0.00559583,0.97900146
0.99754745,0.01781214,0.05547225,0.99998342
0.99785063,0.05101683,0.03712178,0.99999434
0.98927632,0.07686922,0.00216556,0.99986151
0.97778787,0.02546189,0.00831236,0.99917691
0.90604689,0.00102899,0.00184353,0.98257038
0.96577288,0.09709095,0.00278374,0.99733849
0.94110849,0.00238146,0.00533595,0.99209901
0.99336862,0.01105386,0.00870831,0.99991329
0.93527512,0.03830548,0.01486002,0.98980548
0.9971645,0.04061761,0.04936989,0.99996148
9.70206055e-01,5.36530532e-02,3.98494660e-04,9.99051391e-01
0.95574102,0.00126733,0.03153708,0.99664878
0.92799151,0.00609323,0.00311497,0.99401164
0.91766094,0.00344839,0.0010961,0.99201397
0.9799203,0.01883915,0.00795462,0.95248646
0.9096483,0.02489629,0.00903034,0.97035982
0.98047716,0.0572828,0.05768631,0.99953281
0.97197228,0.04988974,0.00250339,0.99848749
9.19760287e-01,5.03493219e-02,6.26604977e-06,9.89193007e-01
0.90962402,0.0108882,0.00494679,0.9767419
0.98074184,0.00350896,0.02098638,0.9993368
0.969434,0.02539763,0.01492532,0.99856067
0.98534665,0.0198282,0.01598549,0.99944121
0.96919164,0.00196931,0.03179558,0.96771763
0.93739945,0.04379015,0.04624775,0.94902478
0.96597903,0.04095482,0.06797815,0.97333406
0.98669474,0.04627651,0.00964557,0.99980303
0.98650547,0.00971278,0.04425508,0.99913587
9.20731271e-01,8.42648316e-03,8.29985662e-04,9.92615682e-01
0.99281803,0.08063916,0.00210256,0.99942486
9.11341294e-01,6.19598108e-02,2.08181461e-04,9.90621804e-01
0.9863865,0.01084096,0.01851815,0.99980955
0.95492036,0.0308207,0.01849535,0.99756409
0.98572938,0.02295993,0.00614676,0.97753148
0.93486198,0.01743602,0.047026,0.99516651
0.98850595,0.04519132,0.02755913,0.99983363
0.90017594,0.07225058,0.08426753,0.98754352
0.99163833,0.00125884,0.06166744,0.99955769
0.94038046,0.01848568,0.09303647,0.99599616
0.99473367,0.00217841,0.05782777,0.9998031
0.99355881,0.04648978,0.03183261,0.99995429
9.70246342e-01,3.49289236e-04,4.03238971e-02,9.93870807e-01
9.75201386e-01,2.87145366e-04,1.59387632e-02,9.99292632e-01
0.98773744,0.04524,0.04952527,0.99984576
0.9653995,0.01938222,0.02052154,0.95758798
0.98246413,0.02824539,0.0093164,0.99967647
9.37734010e-01,5.16262755e-02,9.08302785e-04,9.90505411e-01
0.99566308,0.08677886,0.06968475,0.90270658
0.9581723,0.00738742,0.026749,0.99175076
0.90878491,0.00376144,0.00104752,0.98641548
0.98834401,0.09332374,0.03641184,0.99950028
0.95000906,0.00261457,0.0432746,0.99710633
0.92095227,0.00171394,0.00102436,0.99269115
0.99624682,0.02654714,0.00623763,0.99998559
0.9439015,0.01193365,0.00947467,0.99345051
0.98712303,0.07662792,0.00173203,0.99969804
0.97453151,0.02448894,0.0024601,0.99916735
0.94397471,0.00130947,0.04061685,0.99646149
9.64735487e-01,1.87787324e-02,5.02193954e-04,9.98637383e-01
9.68140183e-01,7.09568022e-03,3.61561941e-04,9.94669356e-01
9.58554988e-01,3.90924990e-02,2.92252191e-04,9.97358273e-01
0.95247213,0.0010971,0.00370787,0.91102577
0.96018439,0.03058493,0.00300375,0.9883909
9.25074893e-01,9.89322509e-03,5.26357113e-04,9.15115354e-01
0.919912,0.01095752,0.00634298,0.95444576
0.99549939,0.04048771,0.03579106,0.99997384
9.04677481e-01,1.24924332e-02,8.69451324e-04,9.88802544e-01
9.67272539e-01,5.80109597e-05,8.13915830e-02,9.94893994e-01
9.50246201e-01,5.44849579e-02,8.33948834e-04,9.97226414e-01
0.97362164,0.00101678,0.02214568,0.99927862
0.92370378,0.00138879,0.02245859,0.99054253
9.70593815e-01,6.57917007e-02,6.52560633e-04,9.99077774e-01
0.966881,0.00109569,0.01960989,0.99882735
0.99169929,0.03516163,0.02660268,0.99597906
0.98376849,0.09245955,0.07932141,0.99897028
0.97314692,0.00382068,0.00117706,0.99922373
0.98837407,0.07336374,0.07670352,0.99961965
0.98311372,0.00300483,0.00589257,0.99952682
9.60258934e-01,1.37104406e-02,8.38380513e-04,9.98261384e-01
0.9090418,0.00305705,0.0050004,0.98622892
0.93449321,0.01335882,0.06881645,0.9950976
0.99024916,0.04832245,0.00141438,0.99989737
0.96964593,0.01264375,0.0220204,0.99763695
9.25751522e-01,6.97394522e-02,8.01466774e-04,9.90774607e-01
0.97937099,0.00229785,0.00491292,0.999536
0.91804653,0.00123575,0.09980961,0.98436468
9.64884342e-01,7.20924225e-04,1.06966811e-02,9.90805145e-01
0.96824696,0.03307807,0.07489046,0.9816096
9.68814031e-01,6.24000082e-02,1.61055641e-04,9.77956734e-01
0.97198643,0.00473338,0.00153255,0.99912443
0.99727689,0.06730552,0.03241086,0.98247851
0.99352053,0.04496644,0.02090075,0.99985901
0.94685411,0.00169203,0.00369414,0.99685569
0.94355653,0.00412482,0.03500132,0.99544102
0.94267027,0.04649784,0.00612708,0.9712126
0.9712382,0.00642719,0.00939489,0.99661379
9.04973075e-01,3.69256561e-02,6.45782545e-04,9.88655876e-01
0.93589786,0.04298296,0.08077699,0.99521057
0.96179751,0.04994696,0.01111101,0.99804606
9.47063925e-01,6.02354626e-02,5.05002647e-04,9.84048513e-01
9.27865580e-01,1.14928719e-02,3.41610131e-04,9.92476234e-01
0.99306588,0.03748751,0.01397438,0.99653964
0.94871563,0.06981343,0.00213723,0.99606374
0.96574492,0.03456031,0.00741374,0.97112103
0.98360076,0.02054845,0.05585138,0.99853412
0.92907144,0.01146728,0.09787722,0.98168668
0.96118778,0.01922671,0.05779757,0.996378
9.57305151e-01,2.55751063e-04,1.24527205e-02,9.97892780e-01
0.96029546,0.0139157,0.06628361,0.92658288
0.98629939,0.05130006,0.01268523,0.98907853
0.92297745,0.00699969,0.02898052,0.98877577
9.12956220e-01,9.87699225e-03,1.41308838e-04,9.90318299e-01
9.23179274e-01,5.56118559e-04,9.04430283e-02,9.92937829e-01
9.54908763e-01,1.03110853e-04,2.42411276e-02,9.96996107e-01
0.99449398,0.01431479,0.01782076,0.95556598
0.99648893,0.09368037,0.01644012,0.99983302
0.94640983,0.02967955,0.01381917,0.98479523
0.98636918,0.00940901,0.00314106,0.99977054
9.77584952e-01,4.68086014e-04,6.40257875e-02,9.98477538e-01
9.00072878e-01,3.95620404e-04,1.87023484e-02,9.87365927e-01
9.51481638e-01,3.31512257e-02,4.49962410e-04,9.88946707e-01
0.9878498,0.05334034,0.01911121,0.99982572
0.98279647,0.04266499,0.00371027,0.99966046
0.95627478,0.05916346,0.00154574,0.95782768
0.98739971,0.06241841,0.02326034,0.99980231
0.93829969,0.09848964,0.07399346,0.99445791
0.99844892,0.06922895,0.06098773,0.99999374
0.9025532,0.00456335,0.01111691,0.98844987
0.95927067,0.01294623,0.00389065,0.99815473
0.96963491,0.00105444,0.04883027,0.97532447
0.93683559,0.00962,0.00577313,0.98680971
0.99602918,0.03331815,0.03878487,0.99902189
0.96814015,0.00278158,0.00531768,0.99874722
0.98920517,0.00349151,0.07493591,0.99987523
0.9477693,0.0703803,0.03842139,0.98227311
0.9952569,0.0850332,0.03342509,0.99996406
9.53228809e-01,2.07434027e-02,5.00465173e-05,9.97094217e-01
0.99151063,0.04363066,0.0531558,0.95531277
0.9271604,0.03625114,0.00949189,0.99386306
0.98129978,0.02894244,0.02178444,0.92539789
0.93986919,0.06537842,0.03522873,0.99591085
9.28354323e-01,4.54700317e-04,8.69537070e-02,9.93998334e-01
0.99177529,0.00571764,0.0143061,0.99992638
0.99744628,0.08819468,0.02160469,0.99995715
0.96727815,0.0328767,0.03356596,0.95940865
9.06270707e-01,4.17033894e-02,6.63267316e-05,9.67129000e-01
0.90362641,0.00315666,0.09607997,0.98325091
9.15988310e-01,8.73537442e-02,6.24398788e-05,9.66654959e-01
0.99135221,0.02191496,0.0179441,0.99977282
0.98083505,0.02875549,0.00137634,0.95591325
0.99387038,0.0968922,0.02424328,0.9592346
0.91348054,0.00107259,0.07051924,0.99093315
9.20016718e-01,1.08265228e-05,4.01213965e-02,9.92445553e-01
0.96726996,0.0124818,0.002139,0.97998617
0.92598046,0.0021797,0.02519014,0.98105603
0.97616099,0.01191802,0.01476142,0.99721237
0.97546453,0.01945123,0.00632823,0.99936705
0.98251651,0.00339138,0.01289813,0.9863338
0.92802099,0.0720563,0.03541209,0.9940201
0.99741752,0.04844827,0.04990613,0.99998502
0.95900065,0.05901078,0.00939648,0.9974637
0.96420301,0.0430207,0.07521863,0.99861928
0.97622779,0.00521735,0.01460038,0.99940727
0.97493998,0.04465029,0.07269737,0.97217261
0.98882385,0.00360873,0.06777301,0.99985623
0.97454719,0.0044667,0.00267382,0.99929549
9.33188257e-01,2.08980858e-04,5.19745029e-03,9.94422403e-01
0.94079031,0.00302287,0.07148868,0.99603967
0.99237486,0.0016746,0.06654935,0.99976762
0.99319675,0.00949279,0.07153314,0.99993684
9.85048843e-01,5.26099562e-04,2.97335113e-02,9.92910326e-01
0.97481129,0.07974728,0.04781194,0.99933168
0.98830687,0.02287483,0.03247213,0.99983209
0.97880527,0.06907473,0.02091694,0.96579885
9.31896061e-01,5.34051851e-02,4.01145469e-04,9.72847092e-01
0.99658462,0.0595687,0.09408365,0.9999752
0.9953095,0.0290934,0.04560801,0.99995955
0.9064513,0.01424912,0.03229909,0.98219128
0.97392055,0.04775395,0.00398811,0.97275885
9.44155645e-01,3.62667740e-04,7.86587025e-02,9.74432813e-01
9.66285467e-01,2.27411969e-04,2.14310240e-02,9.98720758e-01
0.9846206,0.0813832,0.00440232,0.99975488
0.98769039,0.00278091,0.03475555,0.9411682
0.99930731,0.07208266,0.06889254,0.99966883
0.99215569,0.01700856,0.00280285,0.97217731
9.31630119e-01,1.41168464e-04,1.73933992e-02,9.68494938e-01
9.13425709e-01,3.30287797e-02,1.39451048e-05,9.26398777e-01
9.37572662e-01,1.09195328e-04,1.44631967e-02,9.94801787e-01
0.99600327,0.02414755,0.02836494,0.99997962
9.03202391e-01,2.84445140e-02,1.97283170e-04,9.69560747e-01
0.97818158,0.06551575,0.00239734,0.98833355
9.38940738e-01,7.56330657e-02,1.24905602e-05,9.74577810e-01
9.51197886e-01,7.34451268e-02,2.31649255e-04,9.96838647e-01
9.51797174e-01,1.68706461e-04,8.63344399e-02,9.08529041e-01
9.58343942e-01,9.49547556e-04,9.30180577e-02,9.98102910e-01
0.98464868,0.02277841,0.00384992,0.99280447
9.26670457e-01,4.66969536e-02,1.16741748e-05,9.68209413e-01
0.96637511,0.09389423,0.01068796,0.99781887
9.71218615e-01,2.45763022e-02,1.39240818e-04,9.98710989e-01
0.95082771,0.00172359,0.02961885,0.99696709
0.98916788,0.02459654,0.06369137,0.98819217
9.36691484e-01,2.48646772e-04,2.68171564e-02,9.92051455e-01
0.98856559,0.07028243,0.0293674,0.98228463
0.9676598,0.01034126,0.00365993,0.95758141
9.33861986e-01,2.36519358e-04,2.96569223e-02,9.81121665e-01
0.92627151,0.01778926,0.01095539,0.99332391
9.04332148e-01,2.28830932e-05,3.17865284e-02,9.88882370e-01
0.95511945,0.06248922,0.00129874,0.96066337
0.94467,0.04591502,0.05490929,0.99577915
9.17902966e-01,3.30828224e-04,6.41858552e-02,9.91163442e-01
0.98930861,0.00612676,0.03209123,0.99981799
0.99489757,0.02676771,0.01394259,0.99977615
9.33651130e-01,6.95900611e-04,4.36412013e-02,9.87121129e-01
0.99686095,0.03528744,0.00585788,0.99993977
0.9087084,0.01640033,0.00119426,0.93020031
0.99238995,0.01545901,0.03831484,0.99044245
0.99391009,0.01617703,0.0951717,0.99996038
0.99676376,0.08356544,0.05728442,0.9999716
9.45242705e-01,1.31614604e-04,3.64363129e-02,9.80120145e-01
9.53443930e-01,6.36893401e-02,7.48090737e-04,9.95346265e-01
0.96361023,0.05504905,0.00134741,0.98668042
0.99527887,0.00489497,0.0277484,0.99995415
0.98607066,0.05355665,0.06128807,0.99975004
0.90017806,0.03874319,0.00504926,0.95452601
9.33902954e-01,8.08102796e-04,3.85253321e-02,9.94946158e-01
9.03808827e-01,3.32399433e-04,1.05604785e-03,9.72378295e-01
0.99450391,0.00665197,0.09406093,0.98825017
0.99086526,0.0044491,0.00601924,0.99990115
0.99437893,0.03547016,0.07589327,0.99996742
0.97054084,0.03162409,0.00169196,0.99810885
9.70759547e-01,9.71098246e-04,3.93258198e-02,9.99083094e-01
0.98588908,0.04318226,0.06256238,0.99979149
9.16266317e-01,8.47183941e-03,1.61939819e-04,9.91093439e-01
0.98951186,0.0111176,0.0184885,0.99983628
9.16232813e-01,3.20111487e-02,9.18312944e-04,9.56693366e-01
0.94849276,0.02851815,0.00119221,0.99450824
0.9848907,0.02323955,0.00143023,0.9996018
0.95617397,0.00493673,0.04739353,0.99684326
9.01586062e-01,1.85081272e-02,2.71726773e-04,9.50013243e-01
0.99032766,0.09165931,0.00884212,0.99948351
0.9231718,0.00760154,0.03310559,0.96659022
0.99770627,0.08139625,0.04129723,0.99999442
9.52463035e-01,7.47041981e-02,8.72107223e-05,9.66193342e-01
9.16658485e-01,1.88164091e-04,4.66467808e-02,9.09077444e-01
0.97500922,0.03851718,0.00143512,0.99932763
9.60929899e-01,7.20274067e-04,7.64928544e-02,9.96206777e-01
0.98319075,0.02110735,0.00747623,0.99967263
0.97900435,0.09994649,0.07790367,0.99954011
0.92944993,0.00422806,0.00498454,0.98705735
0.9941128,0.02581116,0.09712447,0.9997308
0.97924263,0.09406522,0.03472671,0.99733158
0.97391252,0.00654215,0.00207477,0.99887126
0.99641015,0.09865046,0.07672656,0.99997501
0.98382396,0.05683199,0.09201407,0.99971147
9.37294039e-01,6.33448506e-02,3.24679091e-04,9.95511715e-01
9.91542884e-01,6.34272403e-04,8.98150327e-02,9.99836835e-01
0.95839121,0.05176805,0.00281433,0.99793574
0.98257027,0.04553059,0.00215145,0.99967416
0.99533794,0.00562364,0.05528771,0.99997583
0.97585836,0.00108102,0.0749616,0.99590876
9.79720751e-01,8.45823810e-02,4.78021675e-04,9.96680513e-01
0.987839,0.02130233,0.00711527,0.99984383
0.98121208,0.05793766,0.03020241,0.99963341
0.94461203,0.05969971,0.09112358,0.99603067
9.09897234e-01,1.50187173e-02,2.76963797e-04,9.90288157e-01
9.85113878e-01,3.95552599e-04,4.96323216e-02,9.85443618e-01
0.98124143,0.00182132,0.0073767,0.99890036
0.9961585,0.00311281,0.09940731,0.99996381
0.91967131,0.03697662,0.00210633,0.96457565
0.99839197,0.05790067,0.07159513,0.99216436
9.61428715e-01,7.77446494e-02,8.48571175e-04,9.98385796e-01
9.30510371e-01,3.23498351e-05,4.57995922e-02,9.76860648e-01
0.938279,0.06710919,0.00330673,0.99515674
9.51732807e-01,2.36293115e-02,2.63717750e-04,9.63436730e-01
0.96190952,0.08893618,0.0199835,0.99410408
0.97517395,0.00412428,0.02570426,0.99935208
0.94346983,0.00106728,0.01234436,0.97181065
0.91017241,0.05941577,0.08285742,0.99022571
9.59259737e-01,8.82464735e-02,2.49101541e-04,9.47292690e-01
0.92309563,0.03844508,0.08468746,0.98876106
0.99617501,0.08372271,0.00317891,0.99692036
9.24621101e-01,8.87005939e-02,1.27649989e-04,9.93309309e-01
0.9408084,0.01599713,0.04619307,0.99595023
0.98998232,0.01686572,0.05566803,0.99988978
9.21049067e-01,2.97796597e-02,6.85773665e-05,9.87214354e-01
0.93169756,0.06534755,0.00712975,0.99459689
9.28033588e-01,1.82863718e-04,7.99918175e-02,9.94022171e-01
0.98205866,0.00139517,0.03510976,0.9988007
0.90631507,0.00162326,0.0044818,0.98725875
0.99482687,0.00547478,0.04109253,0.9999728
9.66492824e-01,7.76001290e-04,7.90093696e-02,9.98797052e-01
0.95580025,0.00124647,0.06226477,0.99785369
9.71709364e-01,1.93487821e-02,7.08400144e-04,9.98974331e-01
0.95487936,0.03670684,0.01175955,0.99612328
0.99814514,0.07880867,0.01639604,0.99999499
9.02734930e-01,1.13942843e-03,6.81687294e-04,9.73648214e-01
0.98339014,0.07632118,0.02850993,0.99971213
0.99146491,0.00234981,0.01798202,0.99991759
9.18492001e-01,8.42279774e-03,7.56988377e-04,9.83975406e-01
0.92638514,0.00295031,0.04332254,0.99361878
0.95036603,0.0451666,0.00426026,0.96503764
0.97598002,0.01960474,0.01776828,0.99838934
9.75286470e-01,1.36500461e-04,2.59307690e-02,9.99330574e-01
0.96967007,0.03836637,0.00585892,0.9574038
0.91772678,0.01793756,0.02161833,0.96752688
9.69447121e-01,3.50320878e-02,1.93678780e-04,9.98923481e-01
0.98430585,0.00164567,0.01418063,0.99974477
0.98387197,0.00188133,0.00912957,0.99863069
0.93900231,0.00821711,0.05338252,0.99577214
9.68972833e-01,3.64026424e-04,3.52166712e-02,9.98777433e-01
0.94991923,0.03965286,0.05861897,0.99681586
0.90467444,0.0112644,0.06595811,0.98903473
0.91185991,0.00420961,0.0011436,0.98393223
0.99518633,0.03631462,0.06601457,0.99958571
0.92731624,0.04967603,0.0023245,0.92805563
0.99023769,0.01097474,0.01536082,0.99907686
0.92705342,0.04750529,0.03650854,0.99351305
0.99171065,0.03681945,0.05253056,0.9998733
0.99438332,0.01320152,0.00557454,0.92011764
0.97876162,0.00679726,0.04305663,0.9994078
9.75476449e-01,3.75043818e-02,5.64946086e-04,9.95738635e-01
9.46355142e-01,1.89120772e-04,2.29692030e-02,9.54386372e-01
9.14430076e-01,9.12751011e-02,2.58910764e-05,9.81766128e-01
9.16524168e-01,1.92859080e-02,2.12805567e-05,9.90854878e-01
9.38304853e-01,4.13500418e-02,4.24127451e-05,9.95691852e-01
9.71084146e-01,1.76798991e-02,3.21381471e-04,9.99088554e-01
0.96457556,0.00209099,0.06003081,0.99307222
9.00667839e-01,3.22904770e-04,4.31715718e-03,9.86097287e-01
0.98591978,0.06222572,0.00646859,0.99979605
9.36195578e-01,2.53740337e-02,8.50445890e-04,9.95270722e-01
0.96678668,0.00140779,0.02273623,0.99744791
0.99491138,0.02571161,0.00609429,0.91601837
0.94777032,0.00975131,0.00795251,0.99496255
9.66409809e-01,9.49429667e-05,5.67838741e-02,9.98737454e-01
0.94616416,0.00127925,0.04104271,0.99626912
0.99840705,0.03393372,0.06696877,0.99999709
0.95891387,0.09381291,0.03098847,0.90629047
0.95002575,0.01894479,0.00111282,0.99723922
9.27046159e-01,5.33941154e-04,1.89213650e-02,9.93538800e-01
0.99749147,0.02598133,0.0213238,0.99999286
0.91823228,0.00313412,0.01054571,0.99174743
0.98239288,0.02174956,0.00129543,0.99960548
9.80611367e-01,8.72198040e-02,1.95012213e-04,9.94099870e-01
0.93577619,0.01629551,0.01366956,0.99314663
0.90814235,0.01209055,0.01715777,0.98866035
0.95052536,0.00169164,0.04561414,0.99729775
0.98753573,0.09480494,0.00407301,0.99705411
0.98879399,0.00564658,0.04795508,0.99935232
0.98800961,0.01804952,0.0067809,0.99985274
0.98530182,0.01540096,0.01130824,0.99897587
0.98270441,0.00151968,0.05961698,0.9996872
0.97875249,0.02574701,0.0374551,0.99937248
0.99892795,0.06952831,0.05421751,0.99999207
0.9153609,0.00993965,0.02811239,0.99123576
9.49725812e-01,1.60827310e-02,5.28018481e-04,9.96592751e-01
0.99901037,0.07825303,0.03415317,0.99997363
0.96867978,0.01946848,0.02209168,0.99895403
0.99433611,0.00903278,0.03013298,0.99996754
0.9716946,0.06855759,0.00969732,0.98032401
0.98350059,0.05647492,0.03380613,0.99971843
0.98407852,0.0337316,0.00637467,0.9995845
9.13070337e-01,5.36649722e-05,5.92479179e-02,9.90925736e-01
0.99031353,0.00205486,0.0464826,0.99989748
9.19331415e-01,1.13494228e-02,5.76048469e-05,9.85287262e-01
0.96465599,0.00147476,0.09596555,0.9600416
0.99697209,0.0727753,0.01490503,0.99995361
0.99783932,0.01369586,0.09895718,0.99999052
0.96515424,0.00423993,0.02199827,0.97768653
9.09961663e-01,3.36031774e-03,2.59238124e-04,9.71271060e-01
0.94323384,0.05493985,0.00126698,0.99639135
0.97497265,0.00397165,0.05956258,0.99933912
0.99105577,0.00485016,0.05837561,0.99975333
0.98218525,0.09361363,0.00861921,0.96764781
0.9823005,0.00524109,0.04880825,0.99944634
0.99611155,0.04200004,0.02562699,0.99998463
9.49284834e-01,3.99951498e-04,7.39980463e-02,9.97147446e-01
0.99360036,0.02332927,0.02242777,0.99995773
0.91013549,0.08717923,0.07276361,0.98984761
0.99348341,0.04927506,0.00957724,0.99994616
0.97972951,0.0028598,0.00317599,0.99956717
0.93280596,0.05429528,0.00563066,0.95984896
0.98461627,0.01699338,0.0083523,0.99963989
0.93052338,0.00762669,0.00331383,0.99442376
0.92281058,0.00629263,0.06264301,0.96581788
0.98831304,0.0132009,0.00193374,0.99985312
0.98833849,0.01381965,0.01025257,0.99985842
0.95235846,0.00785612,0.07889239,0.98626165
9.50356463e-01,6.65700046e-02,4.58128397e-04,9.97208943e-01
0.98964227,0.00562811,0.0190897,0.90717775
0.96260412,0.00341318,0.03864706,0.99664257
0.92968199,0.014037,0.03958702,0.94284758
0.99696978,0.06207471,0.01504064,0.99999025
9.77125909e-01,9.04880253e-02,9.56366455e-04,9.99383496e-01
0.98938754,0.03090856,0.01287335,0.97624048
0.98613487,0.01420917,0.07798373,0.99744234
9.73805124e-01,4.42945439e-02,9.84824618e-05,9.97963396e-01
0.99375797,0.01214835,0.01812377,0.99850352
0.93773065,0.02534957,0.00186816,0.99559162
9.57130830e-01,8.74196347e-02,1.96395591e-04,9.97782918e-01
0.9413484,0.02943592,0.00244717,0.99443287
0.99514895,0.00413913,0.033803,0.99972034
0.9960938,0.01000213,0.01980247,0.99998462
0.98710096,0.03889869,0.00364337,0.94957968
0.91903248,0.01394371,0.00397766,0.99125896
0.96657497,0.02457682,0.01832734,0.99877604
0.99291191,0.00250138,0.08276629,0.99506532
0.99585117,0.01469027,0.0185491,0.99998207
0.92954304,0.00453013,0.02113013,0.99317693
0.99857255,0.03642726,0.05155394,0.93764092
0.99383104,0.00195969,0.08527862,0.99994321
0.97962629,0.07149462,0.00556151,0.99951107
0.98207302,0.00900149,0.01169314,0.99936353
9.75996773e-01,2.19573233e-04,6.09357966e-02,9.96664392e-01
0.96285111,0.00628314,0.02285052,0.99849913
9.37205545e-01,6.43106830e-05,5.82364855e-02,9.95229856e-01
0.95240448,0.00347747,0.00864264,0.97124803
0.99360783,0.04601785,0.00248873,0.99995859
9.04571699e-01,1.92335155e-05,3.37877260e-02,9.88970841e-01
0.99075557,0.00800963,0.09002732,0.99889353
0.92022934,0.00891943,0.01437432,0.98677205
0.91567929,0.0386394,0.04722706,0.98970245
9.64072390e-01,7.98560686e-04,4.68072613e-02,9.93024062e-01
0.98320331,0.01080325,0.02868444,0.99967516
0.94742432,0.09959682,0.06914455,0.99686319
0.92103707,0.00706646,0.03827701,0.99270294
0.91309545,0.04758847,0.01919665,0.9783094
0.97853945,0.0056648,0.00508594,0.99363506
0.99566569,0.0409077,0.03535996,0.99998038
0.99245839,0.04962178,0.00153138,0.99993999
0.91929373,0.0218883,0.00243229,0.9842137
9.10084092e-01,8.42907999e-02,1.59340716e-05,9.88091382e-01
0.98491167,0.0653407,0.00160599,0.99974229
0.97874542,0.00820617,0.00933986,0.99952381
0.91800494,0.00254348,0.00339357,0.9920852
0.98716952,0.01832911,0.01840094,0.99977059
9.54991486e-01,9.62148973e-04,9.18468338e-02,9.97522242e-01
0.96372171,0.02884409,0.0033167,0.99648037
0.99512784,0.00745178,0.08905038,0.99946543
0.97876913,0.08872449,0.0461716,0.99864242
0.9952512,0.01926798,0.01999611,0.99994047
9.42891101e-01,9.49619043e-02,9.13624805e-05,9.96229313e-01
0.97956719,0.09874752,0.00313415,0.99955256
0.98886712,0.02464899,0.00870852,0.99977675
0.95684996,0.00282176,0.00757733,0.9979274
0.99142299,0.01988436,0.00437338,0.99990306
0.94038001,0.01342337,0.00164726,0.99590584
0.98030969,0.04771893,0.00448871,0.99959563
9.91369689e-01,6.41336622e-04,7.05698279e-02,9.99615071e-01
0.99176464,0.00341513,0.07711565,0.99991829
0.92708558,0.00205513,0.0618288,0.991661
9.71640066e-01,1.61586573e-02,2.48207143e-04,9.98657007e-01
0.98427696,0.03840105,0.00486251,0.97681942
0.9937006,0.07135549,0.01023883,0.99977053
0.91978378,0.01229046,0.01410659,0.99039664
9.59371154e-01,2.39342600e-02,5.29694967e-05,9.20609405e-01
0.91011679,0.00092882,0.04115977,0.90943386
9.65221279e-01,7.58302978e-02,1.12647270e-04,9.92554370e-01
0.99614226,0.03746455,0.03210904,0.99998496
0.95961007,0.00981655,0.00954118,0.99512054
0.96343098,0.07987839,0.00277884,0.97197754
0.9917465,0.00143592,0.08786215,0.99993063
0.95740825,0.03733012,0.00346607,0.98975431
0.97895383,0.08746856,0.02826284,0.99722863
0.93286708,0.04455419,0.03330701,0.99472397
0.98419182,0.01730422,0.01784143,0.99924161
9.85825020e-01,4.39362447e-04,6.21802180e-02,9.99721002e-01
0.92927755,0.00664055,0.07030968,0.99423955
9.28778360e-01,1.97796989e-03,7.78979618e-04,9.94110226e-01
9.31856647e-01,4.15812060e-05,9.20600292e-02,9.94251620e-01
9.01914931e-01,3.45003332e-05,1.56153056e-02,9.83154378e-01
0.92990094,0.00837994,0.00881298,0.99434089
0.99587226,0.00719365,0.0795797,0.99997012
0.9484798,0.05583897,0.02577714,0.93257514
0.98127697,0.04866028,0.07360486,0.99975909
0.9895498,0.01235791,0.01380727,0.99984273
0.99435094,0.05062735,0.04772751,0.99996055
0.98119185,0.0951304,0.00673984,0.99961668
0.98218359,0.01516287,0.00283743,0.99948669
0.98463666,0.01569798,0.02026619,0.99974979
0.99313615,0.04066766,0.03099513,0.98980862
0.99376005,0.02307877,0.01494243,0.99995985
0.93529958,0.02290364,0.00847276,0.99512785
9.22750330e-01,7.93706778e-02,4.08004738e-04,9.93011353e-01
9.84464935e-01,4.05688593e-04,6.97289901e-02,9.99646413e-01
0.98752209,0.09478738,0.00330889,0.99954799
0.98990672,0.05870953,0.00529528,0.99829749
9.65832573e-01,2.82327006e-05,6.48856078e-02,9.79956508e-01
9.13394133e-01,2.14715606e-04,8.28825969e-02,9.86394939e-01
9.47745236e-01,6.96645234e-05,1.81100320e-02,9.96523451e-01
0.9892398,0.02105807,0.01393567,0.99982216
9.01961473e-01,5.98110156e-05,8.91708182e-02,9.86892568e-01
0.96416692,0.00881694,0.00626356,0.99859458
0.95773986,0.00212479,0.00505832,0.99521831
9.24703413e-01,1.89005576e-02,2.41308698e-04,9.90700256e-01
9.11320589e-01,2.02237223e-05,2.33833883e-02,9.88832553e-01
0.94128299,0.021553,0.04216992,0.90107271
9.59933726e-01,9.27371715e-05,1.92893665e-02,9.94466639e-01
9.41530569e-01,8.66938365e-02,1.07041940e-04,9.49820595e-01
0.92243223,0.043809,0.03818602,0.9578013
0.96284657,0.05027389,0.03354558,0.99271239
0.99069555,0.01325462,0.01287657,0.99989009
0.9012593,0.0131866,0.00167046,0.943229
9.69599177e-01,4.90907144e-04,1.99319433e-02,9.98796214e-01
0.99373262,0.01855263,0.07728117,0.99994517
9.62991387e-01,1.68463209e-05,9.18724464e-02,9.98484851e-01
0.99454867,0.02356633,0.07368092,0.97662886
0.9894007,0.01771542,0.01458487,0.99988512
0.97649436,0.01234436,0.02885557,0.995111
0.96208772,0.00438494,0.03782496,0.98873906
0.99770393,0.08206537,0.02905583,0.99989604
9.71195169e-01,4.58450357e-04,7.82055855e-02,9.98521371e-01
0.96178528,0.00771628,0.05115596,0.99841833
0.91392378,0.00520717,0.01276777,0.92456522
0.92990188,0.00260473,0.09283857,0.99356136
0.98588894,0.00316127,0.04269969,0.99258858
0.90105546,0.0399161,0.00815941,0.98808532
0.97946225,0.00230284,0.02625009,0.98635944
0.9986573,0.07566156,0.01828832,0.99999531
0.99795551,0.09712476,0.04819754,0.9377886
0.99236611,0.01929157,0.06867985,0.99653174
9.59664901e-01,5.48707407e-02,2.06923356e-04,9.97592906e-01
9.37366879e-01,4.79290524e-03,6.05040494e-04,9.95553851e-01
9.66555167e-01,3.77218979e-02,7.08291204e-04,9.97659241e-01
0.99524386,0.01744829,0.00737254,0.99975131
0.99302477,0.05910711,0.00446806,0.97596484
9.40901350e-01,6.02904924e-03,4.28261873e-04,9.57958831e-01
9.01656128e-01,7.37900313e-04,3.29670458e-02,9.87619438e-01
0.92548329,0.00168961,0.02289393,0.96937685
0.90907363,0.02683726,0.09494003,0.98983792
0.97295744,0.08289409,0.0703166,0.99922093
0.90102391,0.0032278,0.05899363,0.9777907
9.23698663e-01,1.16890217e-04,6.54591145e-02,9.63912223e-01
0.97579614,0.0732966,0.0280781,0.93189255
0.99472873,0.03690922,0.03191868,0.98086286
0.92816956,0.00209011,0.02131464,0.95550601
0.99368207,0.00982746,0.03959867,0.91192924
9.23231565e-01,1.03586615e-04,3.05293608e-02,9.92759110e-01
0.9871215,0.04253505,0.01523291,0.99975472
0.99356395,0.02579684,0.00755515,0.99995519
0.92960646,0.00224622,0.00930589,0.99429788
9.21275349e-01,6.15668680e-05,8.39741683e-02,9.92442183e-01
9.53856763e-01,4.24738009e-02,6.24120872e-04,9.97480758e-01
0.92469229,0.01310987,0.02627876,0.93194492
0.94855664,0.06474417,0.00166802,0.95958508
0.98891568,0.00442289,0.05899016,0.99986773
0.96717134,0.07895373,0.00127437,0.98737826
9.62967952e-01,1.34487929e-02,1.56126942e-04,9.98522923e-01
0.99180195,0.07482985,0.03874942,0.99993097
0.98034511,0.00226426,0.00529374,0.99911085
9.75644299e-01,8.02599601e-05,8.30521684e-02,9.99287853e-01
9.89615931e-01,3.77841907e-02,5.19171902e-04,9.97622781e-01
9.30156887e-01,8.59038135e-02,4.66363900e-05,9.94378565e-01
0.98727702,0.00201359,0.03668323,0.99930693
0.99331127,0.03254367,0.00689101,0.99985498
0.94491018,0.08043955,0.05956498,0.98335923
0.99465628,0.02344726,0.04718169,0.99997091
0.98105596,0.07424765,0.07603223,0.99623971
9.07362899e-01,2.90273036e-05,4.12741964e-02,9.23892924e-01
9.57911231e-01,8.98294485e-02,8.00266141e-04,9.97461666e-01
0.96397755,0.04280745,0.0202217,0.99813292
0.99702866,0.06381951,0.07245998,0.99995575
0.92002354,0.0068793,0.00989655,0.99250001
0.92470608,0.00894748,0.02576616,0.98849042
0.94887247,0.03961726,0.00772236,0.99710185
0.98808217,0.0377663,0.04301547,0.99932752
0.92085685,0.00965763,0.00595177,0.99266136
0.95585461,0.05882814,0.00228759,0.99787205
0.93031503,0.02421745,0.0046426,0.99350894
0.91519885,0.04936604,0.01580719,0.99132156
0.99705996,0.08537304,0.03352928,0.99999092
0.93664663,0.05612116,0.04845537,0.96734852
0.95988332,0.06684411,0.00332556,0.99778435
0.94065327,0.0041114,0.00861825,0.99429302
0.97108012,0.05890619,0.01209044,0.99907811
0.99813227,0.06059802,0.08488667,0.99999649
0.96613541,0.02154573,0.02709366,0.98724849
9.77171686e-01,9.63943045e-02,1.39857467e-04,9.97042519e-01
0.9941915,0.0905034,0.02968701,0.99992574
0.9542882,0.00803556,0.00286813,0.99522857
0.99055718,0.01880073,0.03820878,0.99983433
9.32363641e-01,1.75327733e-04,4.24720845e-03,9.86440570e-01
0.99694232,0.0907729,0.01568946,0.99995888
9.32063508e-01,8.46389259e-06,8.19094762e-02,9.94350622e-01
0.96547052,0.01144158,0.03397819,0.99862797
0.91614583,0.00222533,0.02506868,0.98982296
0.95358203,0.00361238,0.00764116,0.99763557
0.99287506,0.02638161,0.00545209,0.99994284
0.99034993,0.04245618,0.05990819,0.99986388
0.99036416,0.06964623,0.01423794,0.99988987
0.99403338,0.02691814,0.01968837,0.99993762
9.65504554e-01,4.52637153e-05,5.79914916e-02,9.98493881e-01
9.17023774e-01,1.72408527e-04,6.41487833e-02,9.79707700e-01
0.97415338,0.01992341,0.04660355,0.98504282
0.99323854,0.09764953,0.00388968,0.99995343
0.9519749,0.03618083,0.00683373,0.99708239
9.60910328e-01,4.02489219e-04,5.96406345e-02,9.88412252e-01
0.90840432,0.0458444,0.00103222,0.93555387
0.97048474,0.04005768,0.01591859,0.99905419
9.53034978e-01,4.95506979e-05,9.17086964e-02,9.97577418e-01
0.93532284,0.09560243,0.00629983,0.99464134
0.97620978,0.01488231,0.02099839,0.99939876
9.16529489e-01,1.64590327e-05,2.25207685e-02,9.89527877e-01
0.98783557,0.02509288,0.04323006,0.97014036
0.98645638,0.00895696,0.01456584,0.99981094
0.99587528,0.05953007,0.05775261,0.99998267
0.98165581,0.02713842,0.02325503,0.99964973
9.34748187e-01,2.22295769e-04,2.36244094e-02,9.95048002e-01
0.9981084,0.08670327,0.0684207,0.9943197
0.92852182,0.00767901,0.00651861,0.93949927
0.96985627,0.00623189,0.00361884,0.99867133
0.98891949,0.04426722,0.00115243,0.99987162
0.9656008,0.07614979,0.00162502,0.99808674
0.99828356,0.09404302,0.06928839,0.99999654
9.63346446e-01,3.52206710e-04,9.11194671e-02,9.98548888e-01
9.82395927e-01,8.75872642e-02,1.05843889e-04,9.99675326e-01
0.96603054,0.00320415,0.02312144,0.99684541
0.99810342,0.03595438,0.0183182,0.99894669
0.99041971,0.00425698,0.02032847,0.99989675
0.99387765,0.04244971,0.01138691,0.99801706
9.38677748e-01,5.78640435e-03,1.63327746e-04,9.95731342e-01
0.99848153,0.07187085,0.01662358,0.99998888
0.91052334,0.01294677,0.05233322,0.9688766
9.92177297e-01,7.87716404e-02,7.55342207e-04,9.99121049e-01
0.99112838,0.06690021,0.03865643,0.99983642
0.95829655,0.00765881,0.00164271,0.97000421
0.9541716,0.00453706,0.06729083,0.99741467
0.99701946,0.06621638,0.01525258,0.99792659
0.935509,0.00192204,0.00868757,0.99487897
9.20936055e-01,2.47935644e-02,5.25091181e-04,9.89359696e-01
9.78365600e-01,2.53219314e-04,7.91402515e-02,9.07967579e-01
0.99520747,0.05532311,0.02385762,0.99997534
0.99263229,0.00395302,0.01871229,0.99994477
9.20489365e-01,2.50454490e-05,8.16992342e-02,9.80914146e-01
0.99899718,0.03907285,0.07138734,0.99997275
0.99087934,0.043678,0.0016146,0.99990249
0.98826696,0.06240276,0.04058831,0.99961823
0.99558288,0.0635198,0.02816613,0.99993694
9.81721234e-01,1.46603651e-04,9.89489847e-02,9.99619409e-01
9.68980805e-01,9.62881937e-05,4.41210260e-02,9.90046381e-01
0.97371358,0.05878703,0.01607026,0.99380192
0.97991731,0.00300441,0.00338968,0.9851353
0.99675138,0.00355742,0.06218146,0.9807142
0.93646826,0.01105357,0.0366776,0.99490234
0.91644483,0.08468231,0.04137275,0.99175215
0.99621206,0.04101099,0.01201915,0.99997973
0.95394003,0.03282409,0.00385944,0.99677983
0.92326446,0.01602854,0.07311635,0.9783045
0.94637186,0.01535474,0.0374342,0.98460184
0.95535756,0.07516064,0.01244427,0.99439851
0.95426412,0.01999231,0.00304831,0.99770715
9.73841577e-01,8.10057202e-02,6.13108200e-04,9.99260883e-01
0.98839199,0.02742506,0.01085607,0.99979529
0.9895166,0.08595802,0.00135397,0.99927797
0.98615659,0.03855654,0.02193963,0.99618018
0.98045055,0.05873254,0.07688938,0.97330572
0.92139071,0.0198078,0.00760002,0.99272636
0.96542592,0.00460302,0.02713414,0.99774887
0.99379181,0.03352197,0.08733094,0.99970384
0.99378936,0.05991951,0.01589369,0.99912899
0.99658978,0.01590453,0.02545082,0.99753947
9.62790848e-01,1.85506997e-02,1.67506893e-04,9.97824412e-01
0.95236115,0.02679944,0.02767415,0.99651245
0.96238264,0.08002608,0.00543744,0.99789874
0.96113894,0.09880248,0.00571654,0.99836787
0.97457948,0.07039982,0.08813706,0.98963003
0.94107962,0.03607979,0.05107148,0.9935271
0.98944566,0.00554496,0.00398248,0.99976459
9.02203103e-01,9.92165434e-04,3.08946539e-04,9.88260603e-01
0.98325807,0.00198115,0.06291552,0.99925425
0.93119436,0.09819854,0.00331496,0.90017299
0.98306857,0.04281436,0.00736405,0.99459022
0.98869273,0.00228648,0.00957983,0.99893837
9.23305184e-01,6.85152902e-02,5.78881664e-04,9.69586789e-01
0.98544851,0.04943213,0.00797967,0.98806033
0.99514605,0.00401863,0.08293555,0.99997536
9.24965279e-01,1.96973893e-02,8.88592594e-05,9.93460011e-01
0.95672544,0.02846802,0.01907841,0.99578802
0.97027735,0.01059205,0.00657243,0.99824918
0.97518122,0.03466032,0.00134437,0.99927332
0.98639711,0.01731205,0.09748843,0.99977685
9.45427124e-01,2.59550486e-04,2.82875570e-03,9.94332484e-01
0.98984072,0.06096747,0.00116569,0.99989114
0.9011283,0.00750251,0.02395393,0.98818584
9.34128158e-01,4.67350622e-02,1.73447328e-05,9.90939900e-01
9.27358114e-01,3.49571953e-04,1.20635291e-02,9.67493009e-01
9.40833754e-01,4.53559169e-04,9.31528606e-03,9.96060497e-01
9.31787991e-01,9.36353210e-04,2.14642350e-03,9.81405937e-01
0.96720594,0.00677747,0.00487347,0.99881905
0.98605977,0.0031198,0.0722017,0.99537058
9.82897314e-01,1.45629497e-04,9.58144273e-02,9.99439904e-01
0.99517035,0.01101111,0.09982591,0.99997359
9.52648115e-01,2.00981381e-04,6.82332285e-02,9.97531156e-01
9.31995086e-01,1.96488337e-02,9.09142711e-05,9.92552400e-01
9.42255545e-01,4.62905693e-02,2.52369473e-05,9.43735157e-01
0.99860971,0.03218618,0.0429344,0.9819684
0.99858743,0.06350149,0.05218507,0.99999799
0.99351722,0.00201571,0.09683038,0.99933573
0.96854455,0.00110501,0.03193581,0.99892712
0.99152866,0.09207083,0.00524981,0.99990102
9.39243920e-01,7.57783998e-02,1.33786064e-04,9.95832323e-01
9.37994440e-01,2.35272522e-04,1.33849816e-02,9.95130741e-01
0.98618887,0.02105519,0.00967952,0.99970646
0.91841064,0.01012247,0.00141136,0.99119742
9.65680656e-01,9.27370254e-05,4.62311895e-02,9.98597108e-01
0.9220713,0.06935617,0.00443659,0.9928136
0.99520152,0.02518743,0.02237956,0.99997657
0.97155797,0.00451288,0.04839794,0.99914369
9.24424312e-01,3.67342357e-05,5.06943634e-02,9.93279805e-01
9.28123659e-01,3.22231406e-02,5.28604805e-05,9.55854774e-01
0.99524419,0.04010084,0.03937019,0.92901586
9.23791934e-01,5.83082343e-04,2.66885087e-02,9.77901615e-01
0.99154382,0.04842038,0.04540057,0.94385655
9.85226010e-01,6.97401511e-04,5.57248617e-02,9.99687538e-01
0.9453082,0.00105676,0.04082915,0.98087568
0.93930336,0.09486314,0.00231971,0.99578452
0.96329661,0.08875721,0.01155792,0.97825292
0.98087032,0.05585697,0.00564384,0.99956537
0.98889942,0.05023148,0.00382695,0.99987307
0.97291189,0.00118537,0.05086572,0.98739367
0.97313662,0.01997525,0.00717981,0.99841441
0.99073138,0.03732712,0.01052527,0.99990025
0.99427398,0.01104662,0.01114728,0.99899316
0.98338602,0.00358298,0.00669576,0.99969932
0.90004803,0.00366727,0.00146604,0.98351203
0.98070666,0.00617901,0.00344981,0.99937506
0.93265776,0.05986309,0.02855357,0.99165015
0.98242054,0.00421112,0.06639515,0.9984749
0.95888644,0.00208617,0.01270794,0.95991323
0.94177067,0.00327137,0.0112069,0.99608047
0.97776932,0.00413101,0.00595099,0.99947329
0.98117601,0.00230904,0.00322532,0.9990262
0.98079413,0.03068872,0.03852316,0.92409451
0.99801787,0.03225468,0.05173467,0.99998825
9.19124950e-01,3.94122028e-04,8.32221759e-02,9.15326666e-01
0.95946827,0.00230159,0.02678593,0.99816636
9.42936369e-01,3.77358964e-04,8.98392023e-02,9.93416560e-01
0.9919534,0.01604272,0.0052772,0.99993414
0.9720471,0.03685874,0.04587738,0.99911426
0.94507854,0.04663627,0.04689273,0.99656884
9.65379550e-01,6.96339897e-04,7.26458640e-03,9.98685098e-01
0.99448084,0.06135462,0.0057574,0.99996855
0.96797091,0.00434612,0.08837424,0.99878535
0.92529522,0.0184162,0.00575658,0.99433046
9.70275521e-01,9.77234139e-02,5.90753842e-05,9.55744132e-01
9.35778357e-01,6.54935969e-03,8.56077895e-05,9.90191276e-01
9.22953624e-01,3.83893839e-04,1.98031038e-02,9.92581266e-01
9.31399235e-01,2.24203542e-04,1.38686644e-02,9.88967514e-01
9.09457557e-01,1.63294429e-05,5.56440587e-02,9.19676274e-01
0.96219216,0.00338208,0.02066235,0.99845828
9.38977265e-01,1.43586982e-02,8.73832551e-05,9.94834136e-01
0.96472157,0.03056203,0.01079117,0.99174875
0.99617768,0.07988901,0.03848203,0.99998501
9.84843211e-01,3.39306092e-04,4.81032996e-02,9.99696650e-01
0.94050686,0.02305873,0.0079625,0.99568118
0.99729557,0.02901868,0.03142842,0.99983837
0.98091574,0.00704013,0.00809304,0.99943356
9.15887424e-01,3.58072336e-02,2.45429869e-05,9.37539292e-01
0.98541886,0.06904358,0.0676778,0.9666278
0.98175116,0.04606581,0.0347173,0.99965446
0.97773297,0.00152428,0.06822365,0.9228859
9.37045458e-01,7.33948525e-04,7.96271419e-03,9.94902729e-01
0.99261043,0.00447131,0.06165551,0.99994267
0.97923005,0.01817124,0.00347313,0.99954772
0.99624905,0.02767179,0.03641918,0.999982
9.59028341e-01,1.82086022e-04,1.60000210e-02,9.97681931e-01
0.98351733,0.01933797,0.00600109,0.98687095
9.18607526e-01,9.72881047e-02,1.01904698e-05,9.85283853e-01
9.76193611e-01,7.72036126e-04,8.04119845e-03,9.99014940e-01
0.97979256,0.03599743,0.02829035,0.91821927
0.90324605,0.02908477,0.08619476,0.98378011
9.47773432e-01,1.94313674e-04,8.90539845e-02,9.82913231e-01
0.99905862,0.06593631,0.03553614,0.99999802
9.55060961e-01,4.76469996e-04,3.79099407e-03,9.92104291e-01
0.90490468,0.00299724,0.01913969,0.96714177
0.96367021,0.05508289,0.02408671,0.99817944
9.20192052e-01,1.28873994e-04,2.73887115e-03,9.90848906e-01
0.97875101,0.01414027,0.00947492,0.99944334
0.90378552,0.01236078,0.00566661,0.98526083
0.90753193,0.01382279,0.02639756,0.98902516
9.47724594e-01,8.37227493e-02,9.74147455e-04,9.96952626e-01
0.92178392,0.00337821,0.08964005,0.99275588
0.91706943,0.02316807,0.00964303,0.99164864
9.73301221e-01,1.07664499e-02,2.66731373e-04,9.28246491e-01
0.99889275,0.05190016,0.08096795,0.99999267
0.98311469,0.03225205,0.0025565,0.99955184
0.98153052,0.02316863,0.00322433,0.99845112
9.61537637e-01,8.53185093e-02,3.69412482e-05,9.98267272e-01
0.98648557,0.00477746,0.09766086,0.99981165
0.99702551,0.04008033,0.07880702,0.99966915
0.98635187,0.00123305,0.07608303,0.99980815
0.95415948,0.02009158,0.0027755,0.95128826
0.96603314,0.03987423,0.02557226,0.99689949
9.07616519e-01,1.00657663e-02,3.19563674e-05,9.86410644e-01
0.97842485,0.00540199,0.00546282,0.99940221
0.99284646,0.05106674,0.03730732,0.99994788
0.99800962,0.0304986,0.06935436,0.99999372
0.98392433,0.00242655,0.01189264,0.99952912
0.9139873,0.01617976,0.00390685,0.97982126
9.25126296e-01,1.14974269e-03,6.18224561e-04,9.35511631e-01
0.96829339,0.00728182,0.07113994,0.99858838
0.91791655,0.01604385,0.00195253,0.99205493
9.59553143e-01,7.08616396e-04,3.21830486e-02,9.97882624e-01
9.74085306e-01,3.18255543e-04,4.27712104e-02,9.99263753e-01
0.92678813,0.05451644,0.04935689,0.99376718
0.98802743,0.00172604,0.01787722,0.99985308
0.94727757,0.04532925,0.04105505,0.93102258
0.99455958,0.03536869,0.00987882,0.93846127
9.50967885e-01,4.43412362e-04,3.04269720e-03,9.97257708e-01
9.36295747e-01,8.16011772e-04,3.30289595e-03,9.91229649e-01
9.28693901e-01,7.50232588e-04,8.60891748e-04,9.71429568e-01
9.78777190e-01,3.16360597e-02,2.65131362e-04,9.90183003e-01
0.99868133,0.05020511,0.0229435,0.97992594
0.92336958,0.01472037,0.00518402,0.99313184
0.9978832,0.01954239,0.04866707,0.95348557
0.98899437,0.00682371,0.04643623,0.9998368
9.21434141e-01,1.38671479e-04,7.85265998e-02,9.92782309e-01
0.99457914,0.02021233,0.08538597,0.99813571
0.90565214,0.00754491,0.02353696,0.98925658
9.29838790e-01,9.35923467e-02,2.88568237e-05,9.90755563e-01
0.93191162,0.00228207,0.04208131,0.97711332
0.91238013,0.02259749,0.00837539,0.97361079
0.9776453,0.00100588,0.01472117,0.96102794
0.91533383,0.04351287,0.00749612,0.99151656
0.96932421,0.07338909,0.00977209,0.99847512
9.13214414e-01,4.15191000e-06,9.40703185e-02,9.90960503e-01
0.99337164,0.00916656,0.01624037,0.99969617
0.99042988,0.00249237,0.04747207,0.99987183
0.98492537,0.00245678,0.04470585,0.99976533
0.97492387,0.00492752,0.01134589,0.90837471
0.98771623,0.00360281,0.01256232,0.9998395
0.99828795,0.06218758,0.07428216,0.99999682
0.99676856,0.02273378,0.03552246,0.99998703
0.98740469,0.00950569,0.00335665,0.99981189
9.72433225e-01,6.26242797e-04,8.84978273e-02,9.85753105e-01
0.99892094,0.03213546,0.0583395,0.99999876
0.99023727,0.06679235,0.01493483,0.99989529
0.97923171,0.03970245,0.00366747,0.99010046
9.45770050e-01,1.18276162e-04,1.15075276e-02,9.68518597e-01
9.00341093e-01,3.90076643e-04,2.34994184e-02,9.86636131e-01
0.98058854,0.01012232,0.04823305,0.99960757
0.94823572,0.02072292,0.03360541,0.99684883
0.99701629,0.07085188,0.07754537,0.96826895
0.98735613,0.00104122,0.09629071,0.99957916
0.95397086,0.00147148,0.00487683,0.99762625
0.94633034,0.09230657,0.03053411,0.96721441
0.98432686,0.05747392,0.00235682,0.9996905
0.91545508,0.00239693,0.03469658,0.9776061
0.90383504,0.03650023,0.00782637,0.97183061
0.98638128,0.0330836,0.00159661,0.99975963
0.99297124,0.02190977,0.00532441,0.99994967
0.99131834,0.03023838,0.00121821,0.99045323
0.96101666,0.00927315,0.00303614,0.98096643
0.97608118,0.03663225,0.0090919,0.99686751
9.56355544e-01,7.15296617e-03,3.68650066e-04,9.96817769e-01
0.98754934,0.04965031,0.06063724,0.99925381
0.98474513,0.02595983,0.00273974,0.99887227
9.61842622e-01,4.60158244e-02,1.67584733e-04,9.97930870e-01
9.35959078e-01,1.96901632e-05,3.91714208e-02,9.95332713e-01
0.97603828,0.0342422,0.03108016,0.99938351
9.42138725e-01,1.47032453e-02,9.36282980e-04,9.91145793e-01
0.90512566,0.01574363,0.003625,0.98725539
9.40108759e-01,7.76323131e-02,3.95337059e-04,9.93981250e-01
0.99855634,0.0714304,0.01323748,0.96155826
9.88132001e-01,7.10310697e-04,5.60082535e-02,9.99854607e-01
9.25038122e-01,8.93361047e-02,1.33910618e-04,9.93092513e-01
0.97237953,0.00097811,0.05990939,0.97538976
9.53181669e-01,3.71184698e-04,4.29836910e-02,9.94593537e-01
0.92409976,0.05227553,0.00226465,0.98859032
0.99712374,0.03763561,0.05307281,0.99999166
0.98923724,0.05052775,0.00660955,0.99985302
0.9914761,0.00877655,0.00470333,0.99656063
0.90609903,0.03693914,0.00150533,0.98272529
0.99664029,0.04226995,0.07185533,0.9995623
9.13676163e-01,3.46573469e-05,5.17621848e-02,9.87993338e-01
0.97846966,0.00174459,0.01463755,0.99937873
9.62798934e-01,1.52349900e-04,1.86995899e-02,9.98507397e-01
0.98843751,0.01957273,0.00581693,0.98322507
9.26733231e-01,2.09325037e-03,5.14232403e-04,9.80993206e-01
0.97689315,0.00999682,0.01492136,0.99943976
0.98691914,0.00846411,0.03137093,0.99982115
0.91641212,0.01444012,0.01095671,0.98978588
0.96264015,0.03599539,0.00684028,0.99230149
0.91992409,0.00675043,0.01802109,0.90953492
0.9863832,0.03441718,0.04175635,0.9544388
0.99807625,0.06269342,0.07003778,0.99992093
0.98903004,0.07996654,0.07241812,0.9994253
0.98545719,0.09827747,0.00366834,0.99978226
0.93646851,0.00660229,0.0607846,0.98920832
0.9731988,0.00786984,0.06667966,0.99816607
0.90390717,0.02901118,0.03701755,0.97402856
0.99612436,0.08637885,0.03972723,0.99968983
0.96749091,0.01742133,0.0961469,0.99873615
0.98431871,0.08805294,0.03012286,0.99972061
0.95200648,0.05090189,0.01299746,0.94558513
9.53330999e-01,9.73838509e-04,5.59429999e-02,9.97608601e-01
0.95464157,0.0140512,0.03834867,0.99773908
0.9726603,0.00643665,0.03254399,0.98285597
9.56079595e-01,1.91548500e-05,7.62918420e-02,9.97633496e-01
0.98591012,0.00148183,0.05820022,0.99919053
0.99212101,0.05057594,0.01081288,0.99818099
0.90599124,0.01289109,0.04476928,0.98846187
0.98953911,0.00859156,0.01882896,0.9998863
9.47271373e-01,5.06255274e-02,1.66844489e-05,9.87226054e-01
0.9309131,0.07504632,0.03290968,0.98886841
9.04177766e-01,7.22138656e-02,7.69541654e-04,9.88747328e-01
9.15919389e-01,2.32727989e-04,9.40333997e-02,9.36372110e-01
9.59342647e-01,3.40571690e-02,1.30405018e-04,9.96603534e-01
9.25338830e-01,2.17114627e-05,9.81961650e-02,9.75078919e-01
9.14885976e-01,3.61432537e-04,1.32234049e-03,9.91148502e-01
0.99181218,0.08029066,0.00218233,0.99992565
0.96858718,0.01613882,0.01546344,0.99816622
0.99474482,0.00595052,0.0200006,0.99997196
0.99141189,0.00157439,0.03864246,0.92415194
9.34462064e-01,2.87514436e-04,1.97117999e-02,9.94511743e-01
9.46679039e-01,1.90612046e-02,2.23251122e-04,9.00249297e-01
0.97696696,0.01100022,0.00157587,0.97784246
0.994743,0.04589129,0.02923998,0.99997206
9.89738599e-01,3.52307428e-02,8.67681224e-04,9.99890358e-01
0.98340544,0.00840075,0.0395347,0.99971423
0.99090515,0.07105765,0.05061412,0.99991559
9.05849432e-01,5.17519534e-05,7.64875558e-02,9.30270773e-01
9.19471035e-01,9.07783313e-02,1.34618964e-04,9.90293889e-01
9.69369504e-01,4.68946876e-04,1.21802302e-02,9.98980081e-01
0.99005721,0.0845831,0.01818994,0.99988699
0.91456175,0.0072519,0.05235407,0.98768271
0.99734208,0.05286357,0.03758464,0.99974844
0.97203621,0.00616054,0.00110451,0.9991675
9.46510136e-01,1.93294523e-02,3.58984337e-04,9.75220313e-01
0.99174215,0.00978784,0.06107794,0.99755229
0.98383609,0.08373687,0.02139676,0.99272067
9.83374808e-01,4.85767429e-04,2.11894659e-02,9.46154361e-01
0.99549964,0.05443717,0.06967274,0.98877489
9.32855353e-01,9.18323694e-02,1.05636775e-04,9.61164927e-01
9.75999720e-01,7.18567958e-02,5.47779004e-05,9.91393203e-01
0.90532645,0.01277494,0.00246977,0.98893515
0.99211531,0.09932713,0.01272496,0.95106348
9.47418655e-01,4.55907297e-02,1.67887674e-04,9.96924181e-01
0.99696511,0.02801334,0.02368541,0.9998326
9.26625343e-01,3.45006917e-02,2.88063603e-05,9.92695954e-01
9.63941417e-01,6.48114176e-02,6.86947115e-04,9.92103730e-01
9.59122009e-01,3.31700102e-02,4.81098351e-05,9.76896303e-01
0.97693152,0.01342173,0.02816186,0.95199054
0.98834682,0.00968675,0.00352803,0.99969871
0.95031377,0.00432614,0.0086954,0.99680877
0.98133462,0.00186049,0.0412836,0.99099341
0.98944882,0.018318,0.03714226,0.99195212
0.96172254,0.02260029,0.00411271,0.9748129
0.98947292,0.00206592,0.01945497,0.95662984
0.98273088,0.00438983,0.00173358,0.99477527
9.46002852e-01,1.09948421e-02,5.30194389e-04,9.81654993e-01
9.32723864e-01,4.85610883e-03,9.77122119e-04,9.92212586e-01
9.82563178e-01,2.87101989e-02,6.74509777e-04,9.99676057e-01
9.46672810e-01,1.53916538e-02,9.31541480e-04,9.96782235e-01
9.31250777e-01,8.27616053e-04,9.24847936e-03,9.94563819e-01
0.95207895,0.00632878,0.00936808,0.98706199
0.98265644,0.04664181,0.04063544,0.99948814
0.96126011,0.00791419,0.00147236,0.99836241
0.99724642,0.09575809,0.0070183,0.99951804
9.20653310e-01,6.48743839e-04,3.01154987e-03,9.71584520e-01
9.67372843e-01,4.20257252e-04,7.74924186e-02,9.93706959e-01
0.99397999,0.01620051,0.00406571,0.98101278
0.98234654,0.01581504,0.01942492,0.99496008
0.91620035,0.02347806,0.07798561,0.96616077
0.99726,0.07882891,0.02227326,0.99997465
0.93025198,0.00828667,0.00701327,0.99412933
9.38089490e-01,6.28004522e-02,5.16754681e-04,9.73250430e-01
0.99072056,0.00198733,0.01539701,0.99991198
9.34934535e-01,4.69015831e-02,8.19456352e-05,9.94708865e-01
0.98632672,0.00839816,0.03557768,0.99980649
9.60688481e-01,7.74915315e-03,7.32119763e-04,9.98327474e-01
0.91924255,0.08719217,0.01164581,0.96176051
0.99432746,0.0075004,0.01067716,0.97553348
9.72016646e-01,3.41035211e-04,3.84932355e-02,9.90726127e-01
0.99021397,0.03021454,0.01859861,0.99990114
9.08057594e-01,6.10370456e-04,8.76545314e-02,9.87503776e-01
0.95171358,0.0032476,0.02241469,0.99742296
0.98027591,0.00511842,0.07953378,0.98604462
0.95160825,0.00134091,0.02690506,0.97468727
0.93186691,0.05397431,0.00396091,0.99408496
0.99156323,0.0688241,0.02532265,0.96598554
0.98886412,0.01494903,0.0861672,0.99927613
9.27572666e-01,1.77403905e-04,8.94953950e-03,9.93932968e-01
9.21544866e-01,2.84803100e-03,5.39092996e-04,9.92703272e-01
0.92434677,0.0099033,0.04197817,0.99313076
0.94582019,0.02430823,0.01621856,0.9967203
9.63775669e-01,6.64475847e-04,1.21034559e-02,9.25254642e-01
9.20816629e-01,3.59590609e-04,1.26231250e-03,9.77345980e-01
0.93021153,0.00470192,0.01320767,0.97525965
0.98842593,0.07793489,0.03597782,0.99968862
0.9991248,0.08698514,0.03649439,0.99999906
0.99764544,0.09365704,0.09120822,0.99995652
0.90231413,0.00155996,0.06154667,0.975856
0.9931151,0.06489961,0.00163064,0.99990387
9.45390913e-01,3.22488935e-04,6.04759531e-03,9.96449553e-01
0.99296595,0.01720684,0.00409039,0.99965613
0.97195776,0.03939201,0.00183647,0.98340286
9.55680706e-01,7.96192796e-02,3.72943247e-05,9.97836615e-01
0.94241782,0.00251086,0.08829606,0.99629457
0.98649713,0.05802646,0.00996101,0.99975682
0.98865852,0.01487848,0.0289307,0.99986124
0.96001152,0.00196436,0.01887221,0.99783499
0.95214806,0.05341534,0.01705461,0.99232153
0.96175224,0.00246148,0.0069291,0.99276986
0.98023588,0.00184838,0.0632138,0.97569915
0.98879442,0.0371951,0.00765653,0.99987127
9.80769576e-01,4.06314879e-02,7.45900793e-04,9.99002253e-01
9.19644790e-01,1.32470588e-04,6.67359109e-02,9.87831309e-01
0.98934414,0.01007072,0.0038665,0.96353882
0.95374432,0.03443792,0.09538613,0.99765231
9.08634810e-01,9.06563578e-04,2.71022977e-02,9.89973593e-01
0.94746571,0.00617006,0.0231724,0.98290972
0.97811121,0.04728066,0.09572637,0.99949791
9.58878856e-01,2.12739046e-04,9.59321383e-02,9.98007708e-01
9.00241422e-01,1.07696123e-03,6.22662928e-04,9.87862563e-01
0.90832487,0.02175293,0.04431159,0.95699236
9.35394731e-01,4.59003498e-05,3.51130620e-02,9.94435700e-01
0.93904039,0.09216183,0.00448217,0.99578858
9.58125548e-01,3.72059950e-04,1.96621148e-02,9.98060496e-01
0.94397349,0.00448429,0.00634411,0.99643102
0.95592635,0.00427171,0.00123331,0.97960082
9.14321053e-01,2.17193409e-04,4.69797353e-03,9.89156634e-01
9.00725015e-01,7.63093151e-04,4.17469827e-03,9.87966428e-01
0.98417582,0.00350155,0.06333024,0.99364629
0.99154011,0.00126043,0.07022046,0.99991693
0.98847144,0.00320546,0.01263734,0.99986343
0.9751493,0.00200243,0.01867373,0.99418437
9.49904795e-01,4.77534452e-05,9.98185792e-02,9.96823379e-01
9.81764102e-01,3.37281976e-04,3.52735328e-02,9.98859349e-01
0.9720082,0.04379919,0.00213502,0.99246293
0.95039087,0.0386933,0.00097661,0.97594754
0.96256516,0.00634583,0.00290432,0.99564734
9.21286644e-01,7.65393083e-03,3.32505305e-04,9.92718967e-01
0.94791288,0.03513463,0.01342775,0.93576812
0.99385615,0.01140034,0.03649047,0.99920575
0.977353,0.06941127,0.00602559,0.99931829
9.87162618e-01,2.73023991e-02,8.39001492e-04,9.95686061e-01
9.43997724e-01,1.67291129e-04,2.34492353e-02,9.96477059e-01
9.52499256e-01,3.28256561e-02,1.39186158e-04,9.96896572e-01
0.94134464,0.01392517,0.00250749,0.97831158
0.99313667,0.00152355,0.03758128,0.96447829
0.90811071,0.00545761,0.00292748,0.97582791
0.98780056,0.03443531,0.01022522,0.99984611
0.97425411,0.00251711,0.08143041,0.99928636
0.91069856,0.0415208,0.05923021,0.95657888
0.97573678,0.02582868,0.03635137,0.97759989
0.98989909,0.01617791,0.06700283,0.9832489
9.46650460e-01,2.39663614e-02,1.00629760e-04,9.18560098e-01
0.94350769,0.01428152,0.00951579,0.99636117
0.9796208,0.0057589,0.02573903,0.9995674
9.68138107e-01,8.21215999e-02,8.15899143e-05,9.98109771e-01
0.93347526,0.00133702,0.0412136,0.99471435
0.94737746,0.0011333,0.00222326,0.99665947
0.98751008,0.02766359,0.06657012,0.99983594
0.95527067,0.0016085,0.0506732,0.99771435
9.83578560e-01,5.97547633e-04,6.02557618e-02,9.99694979e-01
0.99814181,0.09164019,0.00929915,0.99996886
0.98289729,0.09942314,0.05892273,0.95178481
0.96313182,0.00872013,0.00138847,0.99853342
0.97234848,0.03666026,0.00332268,0.99865123
9.31595485e-01,4.38309802e-04,6.73571391e-02,9.85970438e-01
0.98805365,0.06230607,0.01422521,0.99985382
0.96830477,0.01612087,0.03408432,0.99820769
0.99118724,0.02861142,0.00798702,0.99662906
0.96723846,0.00158549,0.04166356,0.95942991
0.98871305,0.07366572,0.0656875,0.99959168
0.98583741,0.04402767,0.00477258,0.99965139
0.98624199,0.04146144,0.04987311,0.99952914
0.99720054,0.02368694,0.02252311,0.99999211
0.94679504,0.00670277,0.00234712,0.9966051
0.98517524,0.00363931,0.0105996,0.99977339
0.92079034,0.01590852,0.07877444,0.99263055
9.16138987e-01,6.52666907e-02,8.15847688e-05,9.72020124e-01
0.97729281,0.03585064,0.00145679,0.99704176
0.99506185,0.02845125,0.01240807,0.97186542
0.9989531,0.07562786,0.09317621,0.99999888
0.99242847,0.05856676,0.00946731,0.99993778
9.04296256e-01,5.48092073e-06,4.92489040e-02,9.78313906e-01
0.97914834,0.00396758,0.00231843,0.99952986
0.96555216,0.02434717,0.05318314,0.99872814
0.96198737,0.01758327,0.03237849,0.99779688
0.98795235,0.01896366,0.02570176,0.99983126
0.99783927,0.06075378,0.02195088,0.99005817
9.03888521e-01,5.31216079e-05,9.90327861e-02,9.79960318e-01
0.98821447,0.00381992,0.06031961,0.99983577
9.63553888e-01,1.82082573e-04,9.61855711e-02,9.98424846e-01
0.91841599,0.0955987,0.03806548,0.99207109
0.98397873,0.01217671,0.08343231,0.99973491
0.90607023,0.00469945,0.00743359,0.98598932
0.99189519,0.09578786,0.01293579,0.95412622
9.50652330e-01,4.14112078e-05,5.69757563e-02,9.58657258e-01
0.98008841,0.00676451,0.00549102,0.99957802
0.97793406,0.05142375,0.00394325,0.99378894
0.9915158,0.01340725,0.00320375,0.99963701
9.08575681e-01,6.83736305e-02,2.75504825e-04,9.89555812e-01
9.18966136e-01,3.59347075e-02,2.40648307e-04,9.91890661e-01
0.98122317,0.00256912,0.08027026,0.99959983
9.31011719e-01,5.36123728e-05,3.43873946e-02,9.92228086e-01
9.58921345e-01,6.93832381e-05,8.63182583e-02,9.98113837e-01
0.9141499,0.00116402,0.01117202,0.92039507
9.42706727e-01,6.90397244e-03,5.16836151e-04,9.95896161e-01
0.99725579,0.0787219,0.0249405,0.99915161
0.97238336,0.02863911,0.00196298,0.99915938
0.97682392,0.05002102,0.0035644,0.99824757
0.99208722,0.04923733,0.00135746,0.9999242
0.94664159,0.00233095,0.04987162,0.99683074
9.14560878e-01,1.23700200e-02,4.07080941e-04,9.90769062e-01
9.13765179e-01,6.80361600e-02,1.62853885e-05,9.88827077e-01
0.99538222,0.06786051,0.01522362,0.99987243
0.98580515,0.0159685,0.08817666,0.99979249
9.05623294e-01,5.69946699e-02,7.67588702e-04,9.88515098e-01
0.99669955,0.03291096,0.0067159,0.99846946
0.95392399,0.05823161,0.03259532,0.99727253
0.97896309,0.01751806,0.04289047,0.9994914
0.94936634,0.06652652,0.00736425,0.99716081
0.94829676,0.033735,0.07403216,0.9894749
0.95862476,0.00177284,0.01252796,0.99439455
0.97442274,0.04143441,0.00185736,0.99671826
0.94693855,0.00410357,0.03423405,0.99675516
0.98104722,0.02188387,0.01137377,0.99948429
9.52157869e-01,2.01077220e-04,2.90634060e-02,9.97404331e-01
9.01181166e-01,1.11746302e-04,1.58558839e-02,9.85227218e-01
9.74241779e-01,1.98848993e-04,2.41958147e-02,9.99271669e-01
0.98240926,0.03011401,0.02757304,0.9995659
0.90943857,0.0018807,0.05119048,0.99405673
0.97210172,0.00876292,0.00476213,0.99849336
0.95981673,0.00927367,0.00781726,0.99772329
0.96271338,0.02334789,0.0152836,0.99787643
9.53262186e-01,6.28822993e-02,1.39797198e-05,9.73161197e-01
0.9576464,0.03018022,0.03007166,0.99802751
9.27856018e-01,9.61076525e-02,4.88492734e-04,9.84643443e-01
0.94619045,0.01181705,0.01485997,0.99563713
9.70223119e-01,5.98888419e-04,3.89665158e-02,9.99056390e-01
0.96656694,0.06905456,0.01364819,0.99871809
0.95307726,0.02066047,0.0259631,0.99738671
0.96749387,0.0079698,0.04686383,0.99884007
9.05774101e-01,3.09418228e-02,8.96348904e-05,9.88857770e-01
0.95146166,0.04670207,0.00571966,0.97458812
0.97670723,0.0054978,0.0164082,0.99942986
0.99025626,0.01871293,0.07276337,0.99989124
0.95542535,0.01081774,0.00378537,0.99779041
9.70371093e-01,2.20103380e-04,2.26749164e-02,9.99009620e-01
9.09460010e-01,9.49423650e-05,1.40193429e-02,9.73316101e-01
0.99648912,0.08321814,0.00910801,0.99990403
0.98430827,0.00270528,0.07535292,0.96564597
0.93540384,0.00343674,0.00910072,0.91076371
9.02589310e-01,3.18205755e-03,3.55266414e-04,9.83342058e-01
0.92668881,0.03103041,0.00512489,0.96974639
0.97258627,0.0105761,0.07464446,0.9989323
0.96249937,0.02217304,0.01856566,0.99845865
0.99651877,0.00480009,0.04433618,0.97890988
0.90787275,0.00366983,0.00766406,0.96810922
0.9651921,0.00368644,0.04547198,0.99866147
9.41786677e-01,2.95655642e-02,4.73018629e-05,9.76803062e-01
0.995767,0.04604171,0.00605599,0.99976153
9.44353944e-01,1.11567517e-02,2.07524987e-04,9.96405733e-01
0.96557226,0.05744928,0.00202016,0.99872949
0.98555278,0.00613213,0.03516467,0.96456327
0.99902169,0.07432094,0.02645558,0.99997051
9.47011420e-01,5.59912093e-02,5.17116076e-04,9.88366352e-01
0.96312234,0.03161104,0.0875702,0.99682977
0.95370024,0.09656921,0.00204481,0.99629597
0.98395211,0.03177472,0.00132748,0.98814081
0.97540491,0.03610438,0.05286759,0.99935587
0.95617917,0.00333852,0.07778092,0.98014225
0.99316201,0.0087452,0.04634944,0.99822461
0.90266325,0.02730168,0.06936215,0.93603257
9.75172492e-01,5.37052225e-02,1.98838127e-04,9.99337312e-01
9.73521403e-01,4.12597967e-04,3.72638732e-02,9.98030013e-01
0.9894398,0.08270901,0.0891916,0.99984797
9.60891281e-01,1.48937373e-02,2.67471923e-04,9.97990787e-01
0.98133387,0.05994826,0.00243315,0.99956233
0.97769847,0.02275376,0.01831844,0.98734215
0.92982149,0.00214929,0.00619573,0.9922719
0.92280671,0.00609323,0.0011996,0.99231603
9.50144540e-01,6.48137313e-02,2.30843050e-04,9.54761880e-01
0.98736348,0.02549213,0.00483151,0.99563165
0.99748932,0.00787551,0.06426837,0.99999123
0.99583851,0.08979188,0.04381839,0.99981506
0.98126749,0.0067437,0.04175454,0.96781312
9.75123578e-01,4.69427305e-02,6.89322745e-04,9.98280081e-01
9.35817719e-01,1.98447531e-04,2.08090232e-02,9.93933106e-01
9.15016462e-01,4.81348463e-04,5.74199879e-03,9.91447256e-01
0.97173612,0.0775904,0.05220204,0.99592082
0.98133219,0.0213679,0.00101289,0.99898231
0.90639294,0.01849237,0.00210081,0.97705597
0.99112281,0.07372608,0.06303502,0.99990672
9.66874237e-01,5.13778355e-04,1.11169813e-02,9.98827310e-01
0.95044128,0.04998597,0.02043887,0.99725676
0.96781073,0.0089807,0.00569537,0.9330261
0.95979488,0.02438847,0.02315819,0.98251605
0.97155608,0.03854025,0.00120173,0.99615935
9.30418022e-01,1.32545031e-05,5.13255129e-02,9.94386967e-01
9.83326111e-01,8.11071205e-02,4.99848919e-04,9.96432442e-01
9.55724426e-01,3.19612897e-04,2.38938194e-02,9.95045925e-01
0.96500219,0.01958625,0.00183426,0.97644827
0.95713663,0.03519828,0.09382587,0.99680678
0.9756565,0.00317767,0.002212,0.99900599
9.72186412e-01,7.33638649e-04,9.27049261e-02,9.98925433e-01
9.68520445e-01,9.15417127e-02,1.07739940e-04,9.98658633e-01
0.95243469,0.0036658,0.02396658,0.99677902
0.95474822,0.05592007,0.07034942,0.9949804
0.97975734,0.00895157,0.08683745,0.99820799
9.58430952e-01,1.20680576e-02,2.79737354e-04,9.97259523e-01
9.40162832e-01,3.89295323e-02,3.32133969e-05,9.95588083e-01
0.93047228,0.00406143,0.00412897,0.95067179
0.91261686,0.02923202,0.07058211,0.99067108
9.35244450e-01,7.76783897e-03,4.35121612e-04,9.95214815e-01
0.99183279,0.01940573,0.00711815,0.99988286
9.41672929e-01,9.50189575e-02,2.43670209e-04,9.83631639e-01
9.28490767e-01,5.12019868e-04,1.03589125e-02,9.92420930e-01
0.93909877,0.01622893,0.02333045,0.99497739
0.98533467,0.0377993,0.00121914,0.99977783
0.98473953,0.02950218,0.00844096,0.98945743
0.91812272,0.09005631,0.00667144,0.93126448
0.98979554,0.07319997,0.00114837,0.90552821
0.97074424,0.00446263,0.05778673,0.99889982
0.94736154,0.00100966,0.00145719,0.92465824
9.73748716e-01,4.74650627e-04,1.03550132e-02,9.99160976e-01
9.50493475e-01,2.48493286e-02,2.89235010e-04,9.97294268e-01
0.99808482,0.04524105,0.05043284,0.99999617
0.99669799,0.04150696,0.02193342,0.99998382
0.99761619,0.01852876,0.03271519,0.99235671
9.28296908e-01,2.64203548e-05,7.94745480e-02,9.88922381e-01
9.04499488e-01,1.09374430e-02,8.79241974e-04,9.88126078e-01
0.98407479,0.00339574,0.05595649,0.99972395
0.94428885,0.03321514,0.02107873,0.99579642
9.26017081e-01,7.32408097e-03,1.01079870e-04,9.92474472e-01
0.90245219,0.06155055,0.04863289,0.93289487
9.65361165e-01,8.76353844e-02,6.62479581e-05,9.98363131e-01
0.95061588,0.0309532,0.01172,0.92584171
0.97743328,0.01037907,0.04186352,0.9994626
0.99409639,0.08868453,0.00165247,0.99664093
0.95795331,0.00101925,0.00540915,0.99653969
0.92625404,0.01279995,0.00250754,0.98195287
0.95926317,0.00427903,0.00450295,0.99814887
0.98887675,0.00242616,0.00969117,0.99986817
0.9727897,0.019041,0.05302573,0.94175653
0.95208352,0.00924778,0.00742312,0.94919165
0.99016463,0.01431154,0.01043432,0.9219889
0.99266785,0.04353969,0.05169046,0.99978309
0.97556986,0.00210841,0.01720563,0.96649281
0.96582494,0.00587967,0.01758248,0.9984432
9.42096641e-01,1.58360590e-05,8.28577239e-02,9.96210363e-01
0.92347673,0.00656634,0.00476073,0.99317977
0.97020433,0.01436912,0.00673267,0.99905403
0.99284201,0.0430759,0.05700257,0.99994757
9.25444021e-01,6.83832926e-04,7.82581959e-02,9.20083622e-01
0.95060871,0.092739,0.00274251,0.99712517
0.96473495,0.06525874,0.00505136,0.95401414
0.96307201,0.01398017,0.04763415,0.97344181
9.54046767e-01,5.80542974e-02,2.00002522e-05,9.95311730e-01
9.13722019e-01,1.51806612e-02,2.04531561e-04,9.90079107e-01
9.72712076e-01,4.65199687e-04,9.14101657e-02,9.99206843e-01
0.94320232,0.00408277,0.0131789,0.9963827
9.27234435e-01,5.97937545e-02,1.22465362e-04,9.88699748e-01
0.95660091,0.00139693,0.00804192,0.997898
9.35900547e-01,9.03296249e-02,7.14694491e-06,9.94606682e-01
0.91417282,0.07441668,0.0036651,0.99119474
0.95902386,0.03067078,0.0039812,0.99791407
0.9178473,0.03193204,0.02052644,0.99179109
0.96916572,0.0238501,0.00257364,0.9987449
9.40737812e-01,1.03430520e-04,4.11792786e-02,9.87456850e-01
0.93731854,0.00300899,0.00667397,0.99218729
0.98691561,0.0011304,0.0798123,0.99968317
9.55644704e-01,5.89402907e-02,1.80660396e-04,9.89706798e-01
0.94228095,0.00640626,0.04594966,0.95651805
0.95701853,0.00271294,0.00883001,0.99763961
0.9458009,0.00452204,0.05216313,0.99415695
0.97884988,0.03590167,0.0544791,0.97832229
0.97358212,0.00836806,0.01541568,0.99926423
0.9954391,0.02537144,0.00972623,0.90799445
0.99240875,0.012108,0.0294358,0.99993628
9.65685217e-01,2.72110814e-04,9.42857254e-02,9.22096499e-01
0.95471419,0.01345199,0.04245712,0.98433975
0.98291152,0.00951408,0.01680961,0.92742847
9.05239202e-01,1.66753836e-02,2.47806541e-04,9.88704011e-01
0.96635214,0.0331331,0.01920793,0.99819523
0.98849247,0.00178383,0.08775715,0.99985414
0.94906121,0.00132566,0.00220116,0.99472787
9.80365395e-01,9.80241974e-02,2.18952396e-04,9.98553853e-01
0.96771207,0.00458326,0.06999511,0.99888484
0.96540885,0.0059788,0.00791513,0.97377507
0.92022942,0.00303932,0.04081455,0.99251999
0.90757031,0.02980273,0.00480354,0.9894742
0.99108236,0.04220816,0.00909855,0.99991837
9.84098091e-01,9.74442929e-04,1.72098580e-02,9.99707887e-01
0.99341418,0.00979781,0.01161775,0.98597746
9.02314957e-01,3.10861834e-04,3.26550753e-03,9.83047794e-01
0.98876152,0.06589531,0.00203562,0.96584241
0.99022608,0.01243364,0.03565995,0.99846568
0.98621637,0.08954531,0.01784929,0.999733
9.58220613e-01,7.84390392e-05,4.33486994e-02,9.97293189e-01
9.15188216e-01,4.29477005e-05,8.08381805e-02,9.91217623e-01
9.86775618e-01,9.60859319e-02,2.68725305e-04,9.99258350e-01
0.98666281,0.00972963,0.00357229,0.99970601
9.56961972e-01,1.47890169e-04,1.19042585e-02,9.92288293e-01
9.82870277e-01,2.53830250e-02,8.13927561e-04,9.99652872e-01
0.99029959,0.02352445,0.03964199,0.99984095
0.99076489,0.00832057,0.00544199,0.99989588
0.94174619,0.00104731,0.01631542,0.97481449
0.9761914,0.01131246,0.06878814,0.98870195
9.67730799e-01,7.32523538e-02,6.01538263e-05,9.98848386e-01
0.97610781,0.01279074,0.04253796,0.9993646
0.94686622,0.03454785,0.01175647,0.91048554
0.90024509,0.00324719,0.00319085,0.98589753
0.99553263,0.03308646,0.00854818,0.99986695
9.65725165e-01,5.61364808e-04,3.19713896e-02,9.98735521e-01
0.92505699,0.01550745,0.03175744,0.99231085
0.9903355,0.08450685,0.01436057,0.99981348
9.10525852e-01,2.65104673e-02,1.35519221e-05,9.89982927e-01
0.97368279,0.02742234,0.07292538,0.99812258
0.97190941,0.00176781,0.03303845,0.99885159
0.96757727,0.09243241,0.05026419,0.99887583
9.14137557e-01,6.62552808e-04,7.04239142e-03,9.19563494e-01
0.98104254,0.00139127,0.02826467,0.99924435
0.98861666,0.06094653,0.03227779,0.99958627
0.94687889,0.02691255,0.03266463,0.99668059
0.99075966,0.05717022,0.0216564,0.99985414
0.99616755,0.01046759,0.04061832,0.99995201
9.17698277e-01,5.55681636e-06,5.40647365e-02,9.88060171e-01
0.97919147,0.07234146,0.0767656,0.99544114
9.16402924e-01,1.98341610e-02,1.52009780e-04,9.91366321e-01
0.99248477,0.01713085,0.02653535,0.99992007
0.9427011,0.00315763,0.00132504,0.99406411
0.98475001,0.00200949,0.00496505,0.99975898
0.98945539,0.01149018,0.00646357,0.99964576
0.99594036,0.07022273,0.00929355,0.99982177
0.98034356,0.03528593,0.01280165,0.99959804
9.26872251e-01,1.19700583e-04,8.14136139e-02,9.93805585e-01
0.9903969,0.05942098,0.00662126,0.99964328
0.92032162,0.0033369,0.00781659,0.99228017
0.95956442,0.00591802,0.00140491,0.99776353
0.97940805,0.00231557,0.00511612,0.99951751
0.98941946,0.00631612,0.08771296,0.99988475
0.90131133,0.00158335,0.00746003,0.98780966
0.98174011,0.04118186,0.08190837,0.99965372
0.99245726,0.00181161,0.03137306,0.99500044
0.96886293,0.00965303,0.00204177,0.99896151
0.98978492,0.06783522,0.02475721,0.99989237
9.51459168e-01,6.44679779e-04,2.20332976e-02,9.97285017e-01
0.99756159,0.03181255,0.03886758,0.99305334
9.02690813e-01,1.07937507e-04,7.36992594e-02,9.82310223e-01
9.39700361e-01,3.37803892e-02,2.11427665e-04,9.95745004e-01
0.98482704,0.06205456,0.00408339,0.99974358
0.98007112,0.00694476,0.00130938,0.99958663
9.45039819e-01,1.56502712e-02,4.80588516e-04,9.96276242e-01
9.43162403e-01,2.03441775e-04,6.66635609e-03,9.96364997e-01
0.92918163,0.02234995,0.00244566,0.99291036
0.98791133,0.02577927,0.0014634,0.99970507
9.23812296e-01,1.82734011e-02,2.81514746e-05,9.38685595e-01
9.82204284e-01,8.18564381e-02,1.49114111e-04,9.20088287e-01
0.91299964,0.00179882,0.00856744,0.99099982
0.94824957,0.05920431,0.00497269,0.9901091
0.99689362,0.072623,0.02528415,0.99998882
9.82697144e-01,4.99462649e-04,7.55306593e-02,9.92535067e-01
9.40000991e-01,3.53890205e-05,8.80179353e-02,9.88020007e-01
0.98577286,0.03468193,0.07568639,0.99817722
0.97329335,0.07418407,0.08027874,0.992322
0.97377071,0.0170209,0.00636622,0.99516418
0.90826293,0.00192455,0.09257622,0.98955606
0.93137182,0.00708749,0.00583806,0.99235082
0.97840516,0.01883019,0.02175305,0.99002363
0.92494459,0.03910704,0.00922497,0.98354314
0.99574413,0.08312622,0.02165528,0.97756926
0.94111726,0.00588934,0.00351786,0.91534654
0.9326535,0.04489935,0.01267972,0.99470265
0.94819158,0.00498439,0.00143532,0.99156828
0.94308688,0.06950834,0.06606496,0.99637018
0.93788472,0.01326013,0.00131182,0.98180561
0.93753672,0.01152703,0.05620163,0.98437181
9.45581779e-01,3.03102975e-05,8.82232966e-02,9.96687087e-01
0.9619046,0.00587467,0.01227437,0.99711988
0.95728599,0.03024122,0.02652978,0.99782214
0.96647399,0.09490867,0.01831302,0.90871763
0.90425667,0.00533074,0.06848246,0.96149498
9.47032374e-01,4.42413830e-02,8.73956593e-05,9.96867804e-01
9.19739516e-01,2.37654866e-04,6.41620255e-03,9.81713251e-01
0.99669888,0.05225082,0.02889559,0.99998814
0.90411027,0.00825359,0.02840892,0.90318437
0.95468681,0.01749023,0.03218562,0.97688207
9.77463060e-01,3.64748478e-02,7.28885743e-04,9.98890579e-01
0.91274645,0.00821645,0.00277754,0.94927442
0.97480398,0.059072,0.02955951,0.99933228
0.92214394,0.01836609,0.00443882,0.98594088
0.98342993,0.09856863,0.01110764,0.99817555
0.99130264,0.01175595,0.00277674,0.99974056
0.99123415,0.09714663,0.08640031,0.9999209
0.99285621,0.07775145,0.00896387,0.94893865
0.98857452,0.01382165,0.02707753,0.97831002
0.98280873,0.09460991,0.00806356,0.99969402
0.97201424,0.00163874,0.03152677,0.99854194
0.98443515,0.00110808,0.00804044,0.9992286
0.94429868,0.00768131,0.03457622,0.99561946
0.93204568,0.03451934,0.09876695,0.9263501
0.9955146,0.0082734,0.01533575,0.99968465
0.9952593,0.00324421,0.03934911,0.99997458
0.99112079,0.0415697,0.00197362,0.99991382
0.98152565,0.06666342,0.0109367,0.96489137
0.975529,0.00921395,0.09225941,0.99309998
9.76699534e-01,7.34198216e-02,4.98511578e-04,9.99429500e-01
0.99505714,0.03756751,0.03360704,0.9879957
0.9977275,0.04873626,0.08796428,0.97544762
0.97562473,0.03188719,0.00381047,0.99860586
9.33945000e-01,7.60601176e-02,7.02824941e-04,9.95020601e-01
0.94988873,0.00341723,0.03809179,0.99706612
9.61562280e-01,1.94732095e-04,5.79729213e-02,9.97752428e-01
9.64609082e-01,7.88676255e-04,7.81192921e-02,9.87958665e-01
9.35232527e-01,1.67994377e-05,9.37097598e-02,9.89226168e-01
0.97150234,0.010074,0.00560849,0.99747318
9.89464385e-01,3.24895959e-02,6.60872877e-04,9.99845484e-01
0.97752912,0.07328629,0.02593776,0.99947186
0.96923917,0.00688526,0.03653061,0.99893621
0.9861326,0.05606385,0.02410502,0.99980227
0.96521824,0.09366142,0.00977723,0.9985195
0.95229939,0.05490808,0.00133746,0.99748805
0.95157359,0.00975427,0.00173621,0.99653497
0.9455092,0.02546544,0.00126493,0.99668955
0.99204304,0.01236098,0.07007142,0.99991358
0.9607959,0.01297572,0.00927796,0.98321439
0.93855477,0.01325715,0.00254296,0.98779716
0.96396529,0.00526009,0.01402726,0.99860444
9.50315769e-01,1.84110621e-04,2.25191172e-02,9.97273614e-01
0.98836225,0.00924835,0.043136,0.9964997
0.97628824,0.04828576,0.0066045,0.99833171
0.95309999,0.00811767,0.01404026,0.9975124
0.94565796,0.05139118,0.01725962,0.99662231
0.97727856,0.00806061,0.01353588,0.99944951
0.9865404,0.09063544,0.00537703,0.99981189
9.32437797e-01,9.88604845e-02,8.20036824e-05,9.79318563e-01
0.92990319,0.02176259,0.09409148,0.97807613
0.99380924,0.0032886,0.01693459,0.9980323
9.44768258e-01,5.88991362e-05,2.26513307e-02,9.90557302e-01
0.90146561,0.01493084,0.021426,0.9881804
0.9814112,0.0838687,0.07434108,0.99964231
0.99947328,0.09140668,0.08093238,0.99974274
0.97843831,0.09272721,0.06609654,0.99846523
9.44912461e-01,2.10848994e-03,7.77835853e-04,9.91272726e-01
0.92388286,0.00184628,0.00187309,0.99300969
0.93131538,0.03430293,0.08710554,0.99450056
0.9865928,0.02312948,0.08861451,0.99971583
9.63830885e-01,1.62467055e-02,2.45832150e-04,9.98552026e-01
9.75750955e-01,6.35903332e-02,2.15374546e-04,9.84499680e-01
0.94654151,0.01175979,0.00769898,0.97504621
0.9906178,0.05825183,0.05555894,0.99991757
0.90969491,0.05817451,0.07544733,0.99007775
0.98131314,0.02292755,0.0490648,0.99593887
0.99722445,0.03316823,0.01130335,0.99923827
0.98024469,0.08329804,0.01749945,0.99956593
0.92374371,0.02402699,0.00778589,0.9856152
0.98789898,0.02722441,0.05586847,0.93294373
0.99040164,0.00913951,0.05848819,0.99930781
0.9840955,0.00488441,0.0061442,0.99942794
9.61925633e-01,3.93745038e-04,4.63144985e-02,9.90050765e-01
9.58473630e-01,5.47932081e-02,4.90345201e-04,9.96462848e-01
0.90138998,0.03490689,0.00339745,0.98164838
0.97050203,0.04497584,0.07304091,0.99701065
0.90780569,0.04002785,0.00219628,0.98991694
0.98921819,0.07537108,0.0035687,0.99988117
0.99626476,0.08296629,0.06225207,0.99998268
9.51661830e-01,7.51950666e-04,2.37823693e-02,9.97412977e-01
0.93327438,0.00435718,0.025311,0.99447004
0.97057814,0.01927201,0.00306121,0.99908091
0.97317368,0.06692472,0.08508505,0.97202369
0.97915657,0.00915469,0.00125445,0.99846993
0.93787157,0.07532795,0.05294056,0.97573233
9.48445205e-01,7.83133189e-05,4.96666921e-02,9.96498159e-01
9.83599124e-01,6.87175018e-02,2.38336880e-04,9.85531952e-01
0.99455646,0.01028243,0.01120434,0.99993883
0.96730252,0.00352843,0.00937489,0.99885865
0.94460251,0.00298549,0.01839161,0.98086335
9.90015243e-01,2.28216435e-02,9.35216737e-04,9.99897798e-01
0.99494785,0.02439972,0.02912011,0.9930263
0.95808486,0.01262927,0.05433803,0.99806992
0.9990454,0.0297745,0.08073555,0.99999449
0.9696914,0.00768416,0.00655801,0.99883058
0.91049783,0.00323085,0.07204906,0.98874218
9.15227886e-01,1.67598117e-04,4.19994313e-02,9.75815590e-01
0.97185636,0.00177706,0.00824012,0.99891678
9.59955086e-01,7.96224907e-05,6.49548659e-02,9.98132623e-01
9.08840746e-01,2.32503358e-03,2.34751584e-04,9.17245993e-01
0.98673267,0.00208697,0.03316731,0.99936105
0.94738374,0.05146051,0.01604451,0.99663997
0.9833498,0.07762442,0.02434895,0.94127845
9.33992011e-01,2.98429892e-05,1.88585073e-02,9.94999663e-01
9.33171028e-01,8.51834935e-05,5.03519351e-02,9.79214040e-01
9.26209154e-01,4.79654314e-04,9.30115726e-02,9.76828062e-01
0.95123841,0.04854962,0.02246218,0.99671407
0.99287088,0.00109722,0.05029674,0.99950545
9.70712587e-01,3.99855486e-04,8.18904339e-02,9.97642846e-01
0.99300554,0.0562399,0.00163054,0.9593169
9.39405868e-01,5.42603059e-02,5.93057589e-04,9.85123384e-01
0.92077288,0.04172413,0.05714013,0.99008997
9.49026996e-01,4.25891799e-03,3.80432793e-04,9.70987422e-01
9.03161049e-01,7.02210076e-03,1.53935522e-04,9.84758026e-01
9.41008973e-01,1.52872469e-02,2.97921195e-04,9.51696485e-01
0.97924099,0.02859755,0.01555398,0.9908149
0.9806853,0.02388274,0.07387212,0.98161931
9.73924775e-01,2.03187084e-02,9.76812963e-04,9.92711381e-01
9.68168312e-01,2.36075711e-02,4.34187614e-04,9.98723439e-01
0.97331201,0.00757162,0.00447703,0.91504171
0.92574489,0.01114861,0.07150459,0.90322557
9.40028918e-01,3.97556371e-03,2.52077181e-04,9.95743605e-01
0.99496308,0.03084542,0.0258918,0.96656105
9.54108744e-01,1.09693388e-04,9.14132150e-03,9.94160925e-01
0.94412831,0.00440842,0.04919499,0.99365068
0.99291966,0.00169537,0.04669489,0.99994574
0.98591148,0.08419849,0.00468698,0.99925878
0.97841167,0.07544885,0.05483819,0.9982706
0.9812127,0.00747895,0.06368583,0.99763182
9.81580730e-01,7.03053224e-04,1.96598315e-02,9.99645296e-01
9.60162575e-01,4.94959085e-04,4.75146551e-03,9.65876660e-01
0.95209471,0.00103732,0.07536065,0.99692329
0.97849399,0.04089649,0.01510472,0.93684783
0.99713385,0.0179296,0.05944768,0.99998888
0.94187508,0.00215405,0.05135574,0.99620041
0.93014889,0.03796109,0.01529893,0.99417737
9.15504849e-01,5.77699340e-04,1.14078656e-03,9.87844992e-01
0.9950225,0.04748993,0.02064225,0.99924163
0.99007399,0.01886219,0.06883443,0.9998299
0.99256868,0.06031135,0.05357222,0.98907945
0.98755971,0.05262465,0.05840536,0.99979697
0.97827807,0.01475498,0.09279309,0.999506
9.44862409e-01,3.31912434e-04,9.93082222e-02,9.94784605e-01
0.99488327,0.0119452,0.01851054,0.99995186
0.93894419,0.02332232,0.00455741,0.99434613
9.77569638e-01,4.76010719e-02,6.79930195e-04,9.99473739e-01
0.99629767,0.06253546,0.0723692,0.93618241
0.98851938,0.00326831,0.01541897,0.99985815
0.97500183,0.0796197,0.00620046,0.98654563
9.81198932e-01,9.83834307e-04,1.67579648e-02,9.99451865e-01
0.96467638,0.009452,0.00398555,0.98708755
0.99848556,0.07676798,0.06145983,0.99999765
9.47846845e-01,2.46471727e-02,4.46179534e-05,9.92425068e-01
0.99769668,0.03737238,0.06281749,0.99999158
0.97664206,0.03551278,0.02991736,0.99900123
0.9626788,0.00331151,0.05359941,0.99532469
0.9933411,0.00591999,0.020799,0.99995414
0.93250664,0.0398398,0.00488891,0.91890788
0.99154017,0.05363207,0.00734341,0.99938325
0.91578525,0.09959468,0.0351054,0.99158233
0.98824977,0.05053361,0.00163552,0.99983537
9.01230803e-01,4.66222822e-02,1.09456449e-05,9.88129577e-01
0.92186798,0.01867187,0.08271414,0.9904769
9.44820633e-01,4.19790424e-05,7.96669110e-02,9.88605066e-01
0.97908191,0.00997403,0.04380723,0.99854866
0.96251398,0.07645132,0.0120293,0.99823388
9.58201582e-01,8.93340421e-02,9.36275139e-04,9.84543966e-01
9.47426481e-01,2.65440214e-04,2.38270226e-02,9.96334874e-01
0.99215742,0.02840958,0.01964323,0.99993428
0.92071484,0.00319834,0.04043377,0.99195296
9.77171468e-01,8.65448107e-05,4.78642681e-02,9.07032843e-01
9.20401211e-01,4.09019766e-05,9.06566268e-03,9.92539654e-01
0.97612911,0.02104531,0.00311538,0.98520998
0.99238216,0.00484642,0.08413083,0.99994099
0.9394778,0.07751452,0.00138207,0.99582875
0.99095919,0.01723277,0.0490387,0.98244058
9.48795924e-01,6.39424217e-02,2.92912084e-05,9.56721388e-01
0.97412972,0.03043861,0.03425064,0.99779421
9.49326477e-01,5.39237537e-02,7.20744085e-05,9.96066733e-01
0.99224683,0.02379818,0.00197652,0.98071
9.47217597e-01,3.79515291e-04,5.89785845e-03,9.94818639e-01
0.94135857,0.03018493,0.06856887,0.99601376
0.93868667,0.00782521,0.01833985,0.99549145
9.20294717e-01,5.02175763e-06,7.60023399e-02,9.92488335e-01
0.93250153,0.00864488,0.0159403,0.98443328
0.95831438,0.00642358,0.0015418,0.98190044
9.73510115e-01,7.57121454e-04,4.06332262e-03,9.99260051e-01
0.90060364,0.02404211,0.0268568,0.98796405
0.99407521,0.03283007,0.07078751,0.99993295
9.86138657e-01,6.99278279e-04,3.43729308e-02,9.99509835e-01
0.97242599,0.00310553,0.05894373,0.93926141
9.40413516e-01,4.90330438e-05,1.29160309e-02,9.95809642e-01
0.92459581,0.08835693,0.02938365,0.99178698
0.91279174,0.00136332,0.02784187,0.9886985
0.97101491,0.001617,0.00506872,0.99434204
9.10659317e-01,4.59340795e-04,5.18424165e-02,9.04367777e-01
0.90099673,0.00846381,0.04164227,0.98478626
0.96090315,0.08929621,0.08136675,0.9944401
0.9755611,0.01388145,0.01475453,0.99937576
9.37244758e-01,3.99791166e-02,4.51578941e-05,9.95498961e-01
0.94073274,0.00258286,0.01213765,0.9913935
0.96132639,0.01421169,0.01379441,0.991295
9.56469997e-01,1.86267213e-05,7.07628883e-02,9.97909616e-01
0.99566995,0.09652487,0.0039913,0.99998109
0.99467558,0.00563265,0.09369467,0.99996593
9.76590978e-01,1.15889181e-04,4.08001252e-02,9.99361043e-01
0.96483053,0.00238598,0.0015994,0.96582653
0.96927995,0.00427707,0.00108799,0.99884014
0.9492557,0.03060345,0.0048493,0.99712965
0.95085633,0.03680155,0.06424541,0.98218581
9.37897078e-01,5.54072397e-04,2.85887397e-02,9.92696011e-01
0.93900429,0.00371823,0.04747613,0.99577867
0.98284086,0.08700232,0.03085129,0.98064759
0.99912133,0.05950546,0.054349,0.99606126
0.99820008,0.03180673,0.08904526,0.98742207
0.97128058,0.01842267,0.03446999,0.99583243
9.40287708e-01,3.85289169e-05,1.35520979e-02,9.82069699e-01
0.9638538,0.06402405,0.01781591,0.99849142
0.99609714,0.01344304,0.0388502,0.99998357
9.08574994e-01,1.32412441e-05,8.00225918e-02,9.87640097e-01
0.98864135,0.01361124,0.00319811,0.99985521
0.96797318,0.00690541,0.04658359,0.99862581
0.97344526,0.00789633,0.04737908,0.99922724
9.11564309e-01,4.08055225e-04,3.39936317e-02,9.90401914e-01
0.99133203,0.00184852,0.07190141,0.94914044
9.39786168e-01,9.04597837e-02,2.08065422e-04,9.88818833e-01
0.92422872,0.03393648,0.00107524,0.95102454
0.90848557,0.00588502,0.03548442,0.98987897
9.41839301e-01,1.75299835e-02,5.05116700e-04,9.68176184e-01
9.61762971e-01,3.75402067e-04,6.16126589e-03,9.98383188e-01
0.96738905,0.00120305,0.04578376,0.99885171
9.72476946e-01,4.55553926e-03,8.22146484e-04,9.99193542e-01
0.98948278,0.00808875,0.07503152,0.9887378
9.78548549e-01,1.49656825e-04,4.73372174e-02,9.99507046e-01
0.98630999,0.01717484,0.01066735,0.99869235
9.25187295e-01,5.10375796e-02,9.20060432e-05,9.34737536e-01
0.9855958,0.08483789,0.02515165,0.9869121
9.61917712e-01,3.50334604e-02,1.59534060e-04,9.95499611e-01
0.97599017,0.08274207,0.00852831,0.95397853
0.98103611,0.01985023,0.01210896,0.99962472
9.76474887e-01,5.58183399e-04,1.92562957e-02,9.70541320e-01
0.90406368,0.00235604,0.00772562,0.9822312
0.91852368,0.00465612,0.08769267,0.98379067
0.99673605,0.02930704,0.08839228,0.9880484
0.9930552,0.00450748,0.01943526,0.92437688
0.97554171,0.00176823,0.02216681,0.99883141
9.87729492e-01,5.69878235e-04,3.37629874e-02,9.99842255e-01
9.80556725e-01,7.36911842e-04,6.92764051e-02,9.98280016e-01
0.99044708,0.078577,0.00833924,0.99969193
9.32982884e-01,8.04119018e-03,5.11375846e-04,9.93642346e-01
0.97561723,0.00264303,0.02230004,0.99898658
9.06845644e-01,1.61297950e-04,1.28955764e-02,9.58897878e-01
0.97998277,0.06112514,0.06714914,0.9995668
9.16766046e-01,5.93815088e-04,3.48198967e-02,9.90053582e-01
0.98106451,0.01652883,0.00331389,0.99962629
9.82806431e-01,9.84232859e-02,8.77148707e-04,9.95826791e-01
0.98885808,0.04856777,0.0145639,0.99442674
0.93366596,0.00587754,0.0150996,0.99496486
0.97678701,0.00567928,0.01525405,0.99879207
9.04967199e-01,3.37890024e-02,3.81924524e-04,9.22987900e-01
0.94024107,0.00552225,0.00475085,0.99594011
0.99468626,0.0190632,0.01604666,0.99997143
0.99241329,0.00341611,0.09929452,0.99994151
0.9165967,0.03651758,0.00239575,0.98940566
0.91076288,0.00146161,0.04246091,0.989342
0.96574716,0.00200307,0.00640138,0.99830235
9.37420709e-01,2.35211570e-02,9.45784359e-05,9.93935904e-01
9.47017138e-01,6.69427223e-02,9.41171705e-04,9.96879097e-01
0.98613026,0.00577578,0.0993781,0.97769609
0.97168003,0.04775505,0.00537496,0.99864425
9.75898851e-01,3.33239401e-04,6.42782607e-02,9.89943166e-01
9.22231199e-01,3.75077172e-02,8.03348923e-04,9.78815859e-01
0.97618277,0.01938279,0.00386834,0.99848259
0.94411899,0.00283225,0.00478465,0.9647735
0.99788272,0.03394555,0.04717988,0.99569307
9.36379152e-01,9.88810278e-04,7.44168283e-02,9.95090647e-01
0.9561069,0.02548445,0.0078518,0.99789657
9.63375911e-01,8.54714257e-05,2.83111859e-02,9.98552318e-01
0.98784423,0.00288502,0.09610639,0.99980509
0.98930202,0.02230835,0.0330683,0.99988303
0.90819319,0.00495218,0.08426834,0.98980933
0.96615131,0.00165872,0.08015025,0.98946747
0.99500352,0.06731351,0.03747235,0.99842441
0.99000955,0.01544011,0.01166879,0.99956705
0.96034464,0.02974887,0.0062469,0.9982741
0.99741154,0.02215037,0.02235379,0.99999259
0.99175767,0.00444692,0.06732548,0.98407551
0.99072343,0.06492634,0.00270824,0.9998884
0.92166021,0.00564193,0.05942949,0.99276253
9.30688247e-01,1.94520358e-02,5.25780353e-05,9.94380655e-01
0.96055466,0.09082154,0.00515076,0.99829746
0.93211389,0.02350465,0.05091897,0.99472217
9.03645273e-01,6.66240533e-02,3.88582801e-05,9.84023644e-01
0.93885424,0.08155337,0.00815294,0.99553744
9.48099985e-01,2.45298397e-04,3.14553920e-03,9.96188976e-01
0.99032614,0.03875781,0.06524793,0.99990442
9.55905591e-01,3.68366447e-02,5.33495387e-05,9.89783330e-01
0.91602138,0.00556879,0.07603668,0.98301039
9.11919854e-01,3.70760275e-05,1.06677437e-02,9.88705783e-01
0.9869548,0.00888483,0.03151022,0.99981705
0.92105098,0.06436043,0.02349538,0.98856578
0.98632374,0.01198089,0.03261417,0.99979644
0.98503016,0.00268648,0.09310947,0.99962457
9.45334983e-01,6.65819817e-03,6.73179243e-04,9.96053193e-01
9.16424514e-01,2.40218850e-05,5.89899874e-02,9.87339031e-01
0.94289587,0.01634607,0.02548342,0.99628234
0.98214272,0.0039548,0.04512237,0.99967824
0.97422814,0.00265558,0.09127858,0.99922366
9.51246410e-01,4.06705177e-02,1.50559999e-04,9.83189085e-01
0.99704072,0.04692845,0.01141303,0.99987315
0.90713418,0.01053531,0.01043255,0.98711183
0.95975348,0.07474436,0.01999518,0.99824407
0.93881965,0.02886138,0.01221427,0.98679154
0.91100749,0.01614889,0.00177022,0.9904127
9.39166212e-01,3.43269670e-02,7.11849006e-04,9.94839689e-01
0.92085287,0.00239088,0.09280378,0.93320923
9.42102089e-01,9.42478371e-04,8.74842791e-02,9.96214344e-01
0.98351665,0.00523331,0.00587866,0.98576076
0.98327603,0.09450737,0.00177504,0.99948048
9.59066089e-01,8.26356236e-04,5.38733670e-02,9.98178841e-01
9.55431313e-01,2.54150521e-03,9.04981096e-04,9.84989329e-01
9.68863525e-01,6.38504995e-05,8.29956508e-02,9.98845135e-01
0.95857035,0.01944789,0.00687693,0.98932661
0.91404099,0.02071699,0.00113437,0.99123196
0.96194695,0.04123884,0.04018341,0.99809482
9.16025505e-01,3.27880615e-05,1.51315405e-02,9.91534585e-01
0.93686235,0.01002333,0.00282368,0.99249393
0.93797028,0.00869562,0.01210666,0.97182345
9.75530752e-01,5.87448222e-02,1.56766856e-04,9.97930068e-01
9.45188056e-01,1.49831550e-02,1.23483832e-04,9.96575358e-01
9.63117579e-01,9.70711695e-04,9.04021035e-02,9.98317664e-01
0.9958102,0.0365144,0.00720508,0.99994944
9.78989096e-01,1.52792096e-02,3.62392203e-04,9.98554542e-01
0.90726976,0.00866235,0.00298086,0.98803802
0.98966929,0.00128451,0.0520043,0.99621915
9.55819646e-01,8.69771803e-04,7.70270928e-03,9.96240410e-01
9.26729020e-01,5.92135799e-03,8.80955862e-05,9.03334132e-01
9.87540044e-01,3.69693535e-04,8.98783168e-02,9.99740555e-01
9.45507604e-01,8.18952084e-04,1.04209576e-02,9.96685263e-01
9.52543149e-01,2.01760914e-04,2.89811089e-02,9.95634035e-01
9.55020676e-01,4.58301012e-02,8.11007891e-04,9.08058689e-01
0.97380734,0.05190231,0.08981544,0.99822261
9.22891282e-01,1.35197670e-05,8.20188708e-02,9.87487526e-01
9.65926349e-01,3.10712340e-02,2.60885643e-04,9.57087980e-01
0.95149261,0.02972546,0.00141581,0.9944844
0.99158319,0.05747355,0.08231979,0.99992163
0.99710058,0.04077671,0.04196136,0.99999007
0.97651722,0.02343636,0.00203304,0.99886711
9.69931853e-01,1.05974918e-02,3.68574160e-04,9.98666213e-01
0.94679857,0.03160196,0.00735605,0.95262489
0.99516729,0.03518826,0.04966278,0.99993573
0.9094892,0.02948902,0.05535418,0.97376039
0.94419393,0.00179019,0.01306491,0.99312446
0.96305396,0.08643216,0.00681671,0.99852766
9.51669179e-01,4.83200023e-02,6.26274916e-05,9.96491353e-01
9.42682625e-01,5.23544722e-02,2.74434616e-05,9.95901451e-01
9.68719966e-01,3.57622436e-04,3.22417264e-02,9.98949446e-01
0.92169841,0.05016286,0.02283456,0.99277993
9.70130190e-01,5.51851425e-02,9.72813379e-05,9.98836085e-01
9.12388702e-01,3.25813258e-02,1.00147988e-04,9.91126432e-01
0.96118398,0.00253376,0.00964069,0.99718884
0.96265093,0.00670931,0.06578105,0.98765836
0.95791871,0.00757661,0.04765377,0.99759137
9.39202925e-01,6.86530046e-02,1.79549260e-04,9.78240972e-01
0.92723386,0.07659588,0.01218568,0.99293178
0.91402941,0.00182115,0.01914499,0.99122955
0.90803256,0.00635224,0.0612051,0.98986984
0.90249485,0.03659306,0.0019114,0.98099019
9.08220057e-01,9.06732757e-05,2.80015900e-02,9.64802486e-01
0.9274806,0.00510275,0.05175185,0.99392317
9.02450650e-01,2.98890832e-04,6.83859412e-02,9.87655805e-01
0.91865371,0.06704628,0.01682471,0.95989749
0.92822745,0.0090445,0.024379,0.99396801
0.99119561,0.00774561,0.00902944,0.99895451
0.97984528,0.02206455,0.01838689,0.99954822
9.28225007e-01,4.33047363e-02,4.03298156e-05,9.93962917e-01
9.73771756e-01,7.25546635e-02,9.24237755e-04,9.93187002e-01
0.95833494,0.09890214,0.01974793,0.99809535
0.95060643,0.00522102,0.00679318,0.9972806
9.11123988e-01,1.05738815e-02,7.02412463e-05,9.90556522e-01
0.990953,0.00552964,0.03316366,0.99584008
9.64585539e-01,1.45535683e-02,1.98967238e-04,9.66006318e-01
0.99431888,0.09139748,0.03054747,0.99828898
9.67414000e-01,1.92527527e-02,2.37332583e-04,9.97290199e-01
9.58948105e-01,3.23229067e-05,4.06224927e-02,9.98153030e-01
9.34761195e-01,3.13666762e-03,1.47861209e-04,9.87294335e-01
0.91800608,0.00173378,0.00730904,0.99055573
0.96822522,0.00148953,0.01421791,0.98640926
0.93404951,0.04939351,0.025701,0.98354814
0.92020309,0.00699633,0.09680886,0.99226493
0.93931905,0.00294508,0.09101643,0.98887021
0.97463863,0.08993782,0.00789948,0.99006457
0.95561764,0.00202802,0.03697804,0.99764959
0.93452924,0.03826223,0.06430099,0.99464278
0.94272796,0.02211725,0.03609977,0.99461055
0.91671279,0.0234683,0.03096022,0.97773053
9.74353974e-01,4.18678981e-02,9.47146418e-04,9.97363514e-01
9.41885842e-01,7.34237173e-04,9.15373590e-03,9.92142457e-01
0.97175322,0.00688037,0.00288802,0.99657358
9.86471013e-01,1.63580056e-04,9.70699983e-02,9.99746386e-01
9.27196014e-01,5.86363116e-04,3.32965572e-02,9.89640968e-01
0.98018854,0.04495351,0.00820518,0.99179702
0.97697914,0.03353375,0.0067383,0.99448169
0.90478544,0.00984666,0.06456984,0.9888921
0.97957762,0.0033022,0.00943585,0.95442102
0.98040334,0.0583946,0.00676056,0.99956474
0.99525129,0.00893746,0.02336916,0.99349633
0.99813472,0.06585285,0.03007984,0.99999651
0.97378984,0.00275463,0.0027422,0.99927133
0.99268125,0.00904282,0.04724128,0.99954464
9.59206514e-01,6.57923764e-04,7.33906564e-03,9.95291764e-01
0.94272174,0.00788385,0.00338001,0.96256712
9.24695789e-01,9.24914424e-03,1.65523490e-04,9.29854352e-01
9.05643073e-01,8.11338013e-02,8.67878787e-04,9.79527719e-01
0.98661702,0.01056331,0.0216548,0.99971775
0.9967758,0.01098569,0.02760419,0.99997595
0.97939409,0.01587737,0.04246968,0.99934491
0.9322267,0.0105291,0.02402629,0.99355398
0.96183624,0.01805963,0.00283384,0.99831336
0.98081637,0.01342534,0.00993993,0.99961287
0.94568036,0.00425682,0.00322156,0.96226815
9.04085476e-01,2.57704595e-02,4.48620861e-04,9.55155999e-01
0.94293571,0.02736411,0.00370801,0.99631297
0.99619415,0.06078476,0.00514297,0.99630137
9.63219800e-01,2.49596706e-02,9.24569421e-04,9.98285504e-01
0.90465089,0.06390196,0.03877042,0.98889689
9.39333105e-01,6.21836370e-04,1.36448798e-02,9.85880071e-01
0.98622624,0.0039456,0.05173033,0.99009616
9.45612957e-01,5.01679863e-04,3.28718449e-03,9.96167388e-01
9.57399191e-01,5.31141967e-04,7.00558342e-03,9.97918366e-01
9.13042874e-01,2.70386363e-05,3.56681010e-02,9.69883594e-01
0.96699411,0.00905452,0.03256541,0.90353335
0.94044008,0.00648316,0.04700901,0.99593036
0.91238419,0.0206017,0.01060163,0.99062838
0.99328815,0.05876178,0.05894332,0.99995432
0.968773,0.02476499,0.00222604,0.99895552
0.98913216,0.05625141,0.02023016,0.96371908
0.97963895,0.01685952,0.02151499,0.99832351
0.98094629,0.03023118,0.01673058,0.99926095
0.95196434,0.00246755,0.00539155,0.98668751
0.91695245,0.00347867,0.01724941,0.99186026
9.36006249e-01,2.51057837e-04,5.72960201e-02,9.11260640e-01
0.9982021,0.04305686,0.06163874,0.99999667
0.94133679,0.00152433,0.0031146,0.9959611
9.83381994e-01,9.87847791e-04,9.17722805e-02,9.99316355e-01
0.96369992,0.00529639,0.0071691,0.99836097
9.08749436e-01,1.05918677e-02,7.07266664e-04,9.87150570e-01
9.37281214e-01,1.73375761e-04,2.79580222e-02,9.44417830e-01
9.66476583e-01,4.98542313e-04,8.49542632e-02,9.98798238e-01
0.99900798,0.03990882,0.0749911,0.99997636
0.95912079,0.01560599,0.01329408,0.97828538
0.99187196,0.02538495,0.00282118,0.99990824
0.98848151,0.02253808,0.01315213,0.99128883
0.96269518,0.01217434,0.05374276,0.99595014
0.98255352,0.03391971,0.00104389,0.9993959
0.94680127,0.00145972,0.02255176,0.99641507
0.94769715,0.0546413,0.00238356,0.98508577
0.98090861,0.00216328,0.00350595,0.99962111
0.99115445,0.00905743,0.01011568,0.99980287
0.98724788,0.01707659,0.04435711,0.99980978
0.9510002,0.04942937,0.00152821,0.99622477
0.97045626,0.03170132,0.0138973,0.99845962
0.99273806,0.00641602,0.00964771,0.99994635
0.96666942,0.04464719,0.05150042,0.98654828
0.95172051,0.07055887,0.04192827,0.99704066
9.71779743e-01,5.35642951e-02,1.30072244e-04,9.98156628e-01
9.00383189e-01,2.53274898e-05,2.33338608e-02,9.87739505e-01
9.32229850e-01,1.34145058e-04,5.41176210e-03,9.94739120e-01
0.94910189,0.01608856,0.00296893,0.99713159
9.01072987e-01,3.17370956e-02,1.17896829e-04,9.87425611e-01
0.93786814,0.03552383,0.00841599,0.93676713
0.99127433,0.0053956,0.02854117,0.99929366
9.07293906e-01,7.99360679e-05,3.96712866e-02,9.89549494e-01
0.92636057,0.04508262,0.0107017,0.99336031
0.9181902,0.04992358,0.02075103,0.97949101
0.9865046,0.0023492,0.04571863,0.9995527
0.94854986,0.02882489,0.00338136,0.97036039
0.9966602,0.04584669,0.02077732,0.99741874
0.98777762,0.00822109,0.06400939,0.99340018
0.99437084,0.08728158,0.06213176,0.99996751
0.94425844,0.05637734,0.00307629,0.99651736
0.94472122,0.00161766,0.04202692,0.99223261
0.99799189,0.01552656,0.03908768,0.9999959
0.98321877,0.03915214,0.09134565,0.99959954
9.16078333e-01,1.50552895e-05,6.07087985e-02,9.84173658e-01
9.35602959e-01,3.14782476e-02,6.93737121e-05,9.39011268e-01
0.93061385,0.00485963,0.00103762,0.97955515
9.66023085e-01,6.08712006e-05,4.54789185e-02,9.95660701e-01
9.08813882e-01,5.65024171e-02,1.27073928e-05,9.87760158e-01
9.05728951e-01,3.18463343e-04,6.92146274e-02,9.76162625e-01
0.92523498,0.00131982,0.00371829,0.99349398
0.95296567,0.00290966,0.00890977,0.99676775
0.98907917,0.03166383,0.00838666,0.99298103
0.97331639,0.0138657,0.00690574,0.99845768
9.63063683e-01,4.80122890e-04,1.69235272e-02,9.65005048e-01
9.58549592e-01,6.21434783e-04,3.98294652e-03,9.97468427e-01
0.94539783,0.00102998,0.00662759,0.9965914
9.57881764e-01,1.29981043e-04,5.73540422e-02,9.96539780e-01
0.99032293,0.00467789,0.06265138,0.99980551
0.96544609,0.00576075,0.00804126,0.99465651
9.72741051e-01,4.97342529e-02,1.57037634e-04,9.99215038e-01
0.97694128,0.06179494,0.06346316,0.99943924
0.96907697,0.02656927,0.00225817,0.99642919
0.98787588,0.09334608,0.0020429,0.99950607
0.9652727,0.02768265,0.08620011,0.90951995
0.96837813,0.00290262,0.00447187,0.99838059
0.99106462,0.00165789,0.08705051,0.99748988
9.42102832e-01,1.76426178e-02,1.06877507e-04,9.95261286e-01
0.97149103,0.04540819,0.00109328,0.96610452
0.98538413,0.04202824,0.00685905,0.93311306
0.96652464,0.0308933,0.04303801,0.99854518
0.93468546,0.02297489,0.00345556,0.9863268
0.93696333,0.08401266,0.00553817,0.99534449
9.83233876e-01,2.78565469e-02,3.49786872e-04,9.92838823e-01
0.96395514,0.00277275,0.0278391,0.99858144
0.99874052,0.08581565,0.04688199,0.978206
0.92300372,0.0031067,0.09504986,0.99328534
0.99345948,0.01742725,0.00311364,0.99925637
0.91198205,0.04477176,0.00588242,0.98849392
0.95227901,0.08006066,0.0010863,0.99286136
0.94415587,0.00328442,0.00131685,0.99649971
0.99615316,0.02681623,0.026657,0.99998128
0.96173229,0.00240918,0.01334774,0.99825653
0.99411387,0.03552161,0.00400504,0.99994695
0.90688539,0.01424813,0.000978,0.93173087
9.11074781e-01,3.72057115e-02,7.98252552e-05,9.89518901e-01
9.06631524e-01,2.51478507e-05,7.50561855e-02,9.87761076e-01
0.92858676,0.06063942,0.04405024,0.99492842
0.92902943,0.00492228,0.00758547,0.99412469
0.97852038,0.01263065,0.02831771,0.99041505
0.9600144,0.0540503,0.00179049,0.98838766
0.93478023,0.04754411,0.00172606,0.99474793
0.9490735,0.03207952,0.07682811,0.99711128
9.32457997e-01,3.07781473e-04,1.88722908e-03,9.78993627e-01
0.92157529,0.00184318,0.01341182,0.99262214
9.21208926e-01,6.49469862e-04,1.90920291e-02,9.55065619e-01
0.95374166,0.0402012,0.03961352,0.99731488
0.97894629,0.08146362,0.02678538,0.97504037
0.93078823,0.04393905,0.03271244,0.98873916
0.94759482,0.07317022,0.03361957,0.99654325
9.36526806e-01,3.07229585e-02,1.35009016e-04,9.95418657e-01
9.56542953e-01,5.39533182e-02,1.88958796e-05,9.97798641e-01
0.90848225,0.06165579,0.01199665,0.9899532
9.63438721e-01,9.38911409e-04,7.70047116e-02,9.98561977e-01
9.83070550e-01,5.77636332e-02,7.75573603e-04,9.86166522e-01
0.95268857,0.02575009,0.0466585,0.99668935
0.9903233,0.00512797,0.01848002,0.97540539
9.54982211e-01,7.21321833e-02,2.91643121e-04,9.97482748e-01
0.9002356,0.01123464,0.04645852,0.97733724
0.97848464,0.00924409,0.00123186,0.99951518
9.74104786e-01,6.92092491e-02,4.80309493e-04,9.98717961e-01
0.96882256,0.00503536,0.05476501,0.99896229
0.98585217,0.00731188,0.01433881,0.99979326
9.50633941e-01,8.77611196e-04,3.12314109e-03,9.85576455e-01
9.31819092e-01,1.40935788e-04,1.55211990e-02,9.15310011e-01
9.60860243e-01,7.15134100e-02,7.54346337e-04,9.98343463e-01
0.95424978,0.01076337,0.05134198,0.99738489
0.93173693,0.00819506,0.01911337,0.99453398
9.78837010e-01,2.80268284e-02,7.90962838e-04,9.19504077e-01
0.92645065,0.00127422,0.01496171,0.98489515
9.31108300e-01,1.41385290e-05,8.84201444e-02,9.93605677e-01
9.88987195e-01,7.43482399e-04,6.29590178e-02,9.99876016e-01
0.94343373,0.03334061,0.0011909,0.94513648
0.95052859,0.04669868,0.05772195,0.9972277
0.93368931,0.00920073,0.06106618,0.98502457
0.99051636,0.01193182,0.00800007,0.99971315
0.98271972,0.00226853,0.09320925,0.99969061
0.95958673,0.04071929,0.00139304,0.99812963
0.96623654,0.00669916,0.0702466,0.99875071
0.99847558,0.04746101,0.05676255,0.99998402
0.97393999,0.07254262,0.00900401,0.98278192
0.98531464,0.08252846,0.002871,0.99972
0.9955902,0.04929926,0.0241365,0.99961134
0.97420453,0.00238947,0.01794176,0.99223184
0.99747382,0.06324748,0.09621902,0.99999251
0.99426738,0.06641596,0.00444337,0.99839018
0.94875409,0.02893457,0.0578276,0.99308799
9.75014940e-01,2.62213613e-02,3.61803165e-04,9.97117971e-01
9.41642300e-01,1.46140325e-04,7.31922700e-02,9.95708068e-01
0.99536675,0.03028581,0.06284064,0.99997833
9.80346195e-01,6.91388147e-04,3.84126209e-02,9.99585600e-01
0.97086121,0.03092175,0.03630794,0.99909996
0.90420407,0.00714318,0.00943047,0.98772523
0.92133536,0.09798338,0.00587366,0.99261168
0.91322271,0.00535461,0.02959143,0.9910234
0.97835065,0.04464601,0.01267632,0.98592633
0.92121859,0.01140762,0.07599268,0.99235845
0.96288168,0.02866204,0.00420605,0.99850775
9.34277677e-01,3.00683767e-04,1.60676377e-02,9.91019534e-01
0.98897828,0.01015676,0.01270804,0.99966591
9.63757603e-01,7.91670768e-02,8.74794904e-05,9.98554811e-01
0.9226367,0.00136902,0.00320609,0.99301121
0.93844644,0.02745594,0.01173371,0.91616196
9.24387368e-01,2.48082977e-04,2.73526621e-02,9.93338276e-01
0.92714351,0.00173215,0.00192864,0.99179795
0.98540257,0.0066295,0.0016609,0.9996002
0.94885248,0.03559947,0.02660248,0.99705016
0.98007709,0.07013497,0.00751803,0.9995847
0.91725072,0.00669562,0.0031514,0.9909845
0.93831868,0.04661523,0.01015221,0.93990239
9.87244412e-01,7.52039742e-02,9.76387710e-04,9.97919734e-01
0.99629788,0.03095586,0.03671822,0.99939119
9.27592535e-01,4.54391178e-02,4.48853612e-05,9.90384888e-01
0.9709434,0.06132858,0.00103271,0.99904169
0.99207424,0.03626516,0.00780812,0.99993062
0.90376672,0.00350527,0.02950736,0.98867094
0.98476376,0.04742903,0.06181559,0.99975164
0.99324381,0.00378611,0.03620601,0.99995325
0.95498275,0.03646077,0.00337777,0.99673137
0.98622943,0.00243126,0.04766824,0.99973277
0.93160824,0.06615123,0.07568819,0.99463783
0.97758504,0.00404205,0.04595073,0.99461603
0.98673539,0.00233227,0.08939728,0.98585369
0.94700006,0.00196744,0.05553955,0.99633275
9.54957322e-01,6.12885563e-02,6.76343967e-05,9.97663984e-01
0.96996911,0.01462473,0.00527141,0.99779975
0.95083803,0.02759399,0.0137125,0.99624103
0.97766557,0.00547897,0.00116014,0.94959547
0.99888062,0.05268638,0.07282495,0.99968218
9.09811661e-01,3.44393039e-02,5.99987516e-05,9.87261337e-01
0.97215827,0.00240699,0.00430611,0.99918454
9.21243631e-01,2.22112364e-04,3.08956685e-02,9.79019761e-01
0.90789152,0.03145594,0.03249015,0.98782647
0.94843576,0.00397224,0.04940816,0.99643838
0.9743801,0.01880833,0.00537068,0.9992977
0.953695,0.00217442,0.00391398,0.99764673
9.30872522e-01,6.04356512e-04,1.06002205e-02,9.24375489e-01
0.94329185,0.00422913,0.0344227,0.99639168
0.96420476,0.0865463,0.00801904,0.98543687
0.9786075,0.01177987,0.0125962,0.99720544
0.9702012,0.00746838,0.00103491,0.99870999
0.97439838,0.01655667,0.00256999,0.99900656
9.08504567e-01,8.78650523e-06,5.95154039e-02,9.64499572e-01
0.98300473,0.00235946,0.01129133,0.9994431
0.9525423,0.0094689,0.09928708,0.97626747
0.97278704,0.01563178,0.09276996,0.99920048
0.92672823,0.00352531,0.00514502,0.96269616
0.9393867,0.00326702,0.00629762,0.99282492
0.97889579,0.00144741,0.0074918,0.98968876
0.93440853,0.00627262,0.00418984,0.98930338
9.89939973e-01,8.33745154e-04,4.46691505e-02,9.99534406e-01
0.98520153,0.00866969,0.05243113,0.9997699
9.52382793e-01,1.95552946e-02,1.82294786e-04,9.80252897e-01
0.96828499,0.03885232,0.00228888,0.99613398
9.60370715e-01,3.24897893e-03,9.22268394e-04,9.98242003e-01
0.97446162,0.00377065,0.0045766,0.99930967
0.98426525,0.00553989,0.05314783,0.99970567
0.96699573,0.09426427,0.00901302,0.9988272
9.37044081e-01,2.91469609e-02,4.09416498e-04,9.95146982e-01
0.99653784,0.07497477,0.0103473,0.99998075
9.01931372e-01,8.39280016e-04,1.04185270e-02,9.28477890e-01
9.71984827e-01,8.84163605e-04,3.80529889e-03,9.93120219e-01
0.95615147,0.09279136,0.02424636,0.99787857
0.99700617,0.09996726,0.00314619,0.99979677
0.96651386,0.00523856,0.00596473,0.99876053
0.93178444,0.00418454,0.03770347,0.9807686
0.99103484,0.01333403,0.01964701,0.94537934
0.92246994,0.00195468,0.00401497,0.97228322
0.99484051,0.05687315,0.01577548,0.99996432
0.97078398,0.00447374,0.05947257,0.9502822
0.99060273,0.03299787,0.09653273,0.99989089
0.99649854,0.03713011,0.05598092,0.99994457
0.97272995,0.0145364,0.0671367,0.99921762
0.95837565,0.00140909,0.02637918,0.9979972
9.36816887e-01,2.55262529e-04,9.56977705e-02,9.95418229e-01
0.98981715,0.05126835,0.00178219,0.99238324
9.36109094e-01,8.07477927e-04,1.47844693e-02,9.94106508e-01
0.99241577,0.00552522,0.07992727,0.99803101
0.96370531,0.01582207,0.06603104,0.9971979
9.48184855e-01,7.85360840e-03,4.28139018e-04,9.83269176e-01
9.86224416e-01,8.41604268e-04,4.68601550e-02,9.99788493e-01
9.85575733e-01,6.78691942e-04,5.82419635e-02,9.98511292e-01
0.9653783,0.01853997,0.01246072,0.99858826
0.97038266,0.01601598,0.08947515,0.9777173
0.98566181,0.00353444,0.0343661,0.99893209
0.96059722,0.09404609,0.07505819,0.99830859
0.98304154,0.03153081,0.00410924,0.99864226
0.94428553,0.00267772,0.00154209,0.98583836
9.26031358e-01,4.47762532e-05,3.21593027e-02,9.51375997e-01
0.95316103,0.01128715,0.05788382,0.93978241
9.32205457e-01,2.78689790e-05,5.69010226e-02,9.49293460e-01
0.99466774,0.05658232,0.03837869,0.99996606
0.97279073,0.08086109,0.00485722,0.99840776
0.97352149,0.00143034,0.01374273,0.98180113
0.98714588,0.0392795,0.04722809,0.99983047
0.98802157,0.00343646,0.06780603,0.99985274
0.94003048,0.00116116,0.00193559,0.9952143
0.98757044,0.05554689,0.00113365,0.99232583
0.97638217,0.04587069,0.03418759,0.99941244
0.9906585,0.00847124,0.04447213,0.99455225
9.38918142e-01,5.66640073e-04,9.62870383e-02,9.85846849e-01
0.99714998,0.03254428,0.01647133,0.99761637
9.27907913e-01,6.04659275e-04,1.73676697e-03,9.91596959e-01
0.99128294,0.07365042,0.00567126,0.99964121
0.99063833,0.07754623,0.00364979,0.99982302
0.99164778,0.00379573,0.0121989,0.99991906
0.98953277,0.02094375,0.05203109,0.99963585
0.97793879,0.01863655,0.01184864,0.99947413
0.97952855,0.01733521,0.01914796,0.99822025
9.43530995e-01,9.84495659e-02,6.20475669e-05,9.91131588e-01
9.76899597e-01,6.20621482e-02,3.19851230e-04,9.99353572e-01
0.99770697,0.05927476,0.03372789,0.96172005
9.90333014e-01,9.19971970e-04,2.85438784e-02,9.10229002e-01
0.96320401,0.06105722,0.01327874,0.9984962
9.70942008e-01,6.77669850e-02,6.01010783e-04,9.93575031e-01
0.97531739,0.01444565,0.03894958,0.99908883
0.99442175,0.07574678,0.00105374,0.99992493
0.99484365,0.01063604,0.05195737,0.99996182
0.99737194,0.02385897,0.09899442,0.99999303
0.98925379,0.0215039,0.00295681,0.99983441
0.98140601,0.01281788,0.00417154,0.99929911
0.90612768,0.00682415,0.0425028,0.98852748
0.92148615,0.08347246,0.0117154,0.99274583
9.17047856e-01,1.44867095e-02,8.84285956e-04,9.89289245e-01
0.93796418,0.01927788,0.01696706,0.99430923
0.96926313,0.02727084,0.00758419,0.99899182
9.29138839e-01,5.96289435e-03,1.11880774e-04,9.87511850e-01
0.98265402,0.01262304,0.00655326,0.96891199
0.99142151,0.04356861,0.03458791,0.99991865
9.37845399e-01,3.17317101e-04,8.31002824e-02,9.92249807e-01
9.84668629e-01,8.34678208e-04,1.67921658e-02,9.12394930e-01
0.93741841,0.02098879,0.00257202,0.99523264
0.93690953,0.01049117,0.0782414,0.9954649
0.99858393,0.03707123,0.05567016,0.9999979
0.9036326,0.00472879,0.00271041,0.98875418
0.97719112,0.0113658,0.03447996,0.98549082
0.93393834,0.01892576,0.00115662,0.99499397
0.94361998,0.00499597,0.03717315,0.9863338
9.59743901e-01,9.49852446e-05,1.80828895e-02,9.86059823e-01
9.64653160e-01,1.54993771e-04,4.52187794e-02,9.98455796e-01
9.14711860e-01,8.27712478e-02,5.41250800e-04,9.13956140e-01
0.98133632,0.08005655,0.00149976,0.98983108
0.92656241,0.04060202,0.02238624,0.99356965
9.05827245e-01,6.89771668e-05,7.29905023e-02,9.89272574e-01
0.92875799,0.00198768,0.00320454,0.9941115
0.91209833,0.03445518,0.01049223,0.99043498
0.93673501,0.07179204,0.0262479,0.99203396
0.94625728,0.00181545,0.00207302,0.97327708
0.97104266,0.00340088,0.00492381,0.9990905
9.73689033e-01,8.67971710e-02,1.80398735e-04,9.64763677e-01
0.94552237,0.04987428,0.00223314,0.99565826
9.71692344e-01,1.57118054e-04,8.94002393e-02,9.97416059e-01
9.64685356e-01,1.48776019e-04,5.03305104e-02,9.98260308e-01
0.98613492,0.00262789,0.07752516,0.9941671
0.94623791,0.00813047,0.04422249,0.99643857
9.76610410e-01,1.53540751e-02,4.23979191e-04,9.99227568e-01
9.88206727e-01,7.49243949e-02,5.96500065e-04,9.19660141e-01
9.04863017e-01,7.20770174e-04,5.70988064e-02,9.87781735e-01
0.9086016,0.01986318,0.00455852,0.96248416
0.99836413,0.00914401,0.09972739,0.99973304
0.93063482,0.00323974,0.0056643,0.9943716
0.99319601,0.0269276,0.00641921,0.98858171
9.41763461e-01,9.71329406e-05,2.14533793e-02,9.96112027e-01
0.9967759,0.0041015,0.08150675,0.99998911
0.99267248,0.00678302,0.01357441,0.99883595
9.82302268e-01,7.26020576e-04,9.55200752e-02,9.92214598e-01
0.96127161,0.00549042,0.00124338,0.97645905
9.72618069e-01,2.69721707e-02,6.27527114e-04,9.77921548e-01
0.95442574,0.00641024,0.01515176,0.99771204
0.9833559,0.06409333,0.06950984,0.91420965
0.96570561,0.00411355,0.00224978,0.9950344
9.52726130e-01,5.47218457e-04,7.88129797e-03,9.75937173e-01
9.54986392e-01,3.87567332e-04,6.72223367e-03,9.97582445e-01
0.98872012,0.0055599,0.07497963,0.99985577
9.08366684e-01,1.36714853e-05,4.85992019e-02,9.89457801e-01
9.66281208e-01,4.21544217e-02,4.50295818e-04,9.60339771e-01
0.9895695,0.00160947,0.08544524,0.99983462
0.94848965,0.06291197,0.00631721,0.9577317
0.96316337,0.09567409,0.07396992,0.99851879
9.51149501e-01,4.39294874e-04,7.01708676e-02,9.79070136e-01
0.95694072,0.00117417,0.00324359,0.99778805
9.83867652e-01,8.91190511e-04,4.12003142e-02,9.96108785e-01
0.96840699,0.04291282,0.02437549,0.99892298
0.98566221,0.00120096,0.06367124,0.99972458
0.90098114,0.01414984,0.00250792,0.93263969
0.95653876,0.09232239,0.03570058,0.99791366
0.98208083,0.0034836,0.03309304,0.98673825
0.95360784,0.04622896,0.00661424,0.99765751
0.99871833,0.04599663,0.03174894,0.96721021
0.93587023,0.00597645,0.00293293,0.99485612
0.96875594,0.07967691,0.00118394,0.99881363
0.99144784,0.03066979,0.0439143,0.99668221
0.98390233,0.00236398,0.00798563,0.98965852
9.05481956e-01,3.07491739e-02,4.05666869e-05,9.89180786e-01
9.44660148e-01,3.65213643e-02,1.39436176e-04,9.95757196e-01
0.9243842,0.04758789,0.06894115,0.97688516
0.95747798,0.00287867,0.00197047,0.99745851
9.10114930e-01,4.87142308e-02,4.32550636e-04,9.77937627e-01
0.99248555,0.01080046,0.04043184,0.98785979
0.97869852,0.00495185,0.05150846,0.99950885
9.09956830e-01,8.09653644e-05,9.84738527e-02,9.90255543e-01
9.32524426e-01,5.49123556e-04,9.08422809e-03,9.63284741e-01
0.90552289,0.00364384,0.04742379,0.98921244
0.99294879,0.07345812,0.00443812,0.99990758
0.9319352,0.01034286,0.00928366,0.99354059
0.98370373,0.02933309,0.00105418,0.99943256
0.97648685,0.0103617,0.01848586,0.99939465
0.9937894,0.05200019,0.08177528,0.99857814
0.99493691,0.05765462,0.06534691,0.99995717
9.01481071e-01,5.21210697e-04,5.18117891e-02,9.88197560e-01
0.97265948,0.08573356,0.06344456,0.99802357
9.43497243e-01,2.00746720e-04,9.97219394e-03,9.93257645e-01
9.06708692e-01,2.25534235e-02,2.63758373e-05,9.28067534e-01
0.90146823,0.02280811,0.03895461,0.97227856
9.6276581e-01,7.1611149e-04,5.3280856e-02,9.9163241e-01
0.97406435,0.04328247,0.01724993,0.99700265
0.94069555,0.09499462,0.0207958,0.99584097
0.93305205,0.06452991,0.01267097,0.96798534
0.95514109,0.00171905,0.00127007,0.99766611
0.98790064,0.00480581,0.01435547,0.99619462
0.99814191,0.07483358,0.03270831,0.99993642
0.97163042,0.08126248,0.00110819,0.99904315
0.94963687,0.02179669,0.00599762,0.9968971
0.95973205,0.0233815,0.01391338,0.99822864
0.98100313,0.03743223,0.0116488,0.99798456
0.9346564,0.06774003,0.00308262,0.91148317
0.96780342,0.01144387,0.00765776,0.99889284
0.92777353,0.01327879,0.07050446,0.99395077
0.93844345,0.09471158,0.01582453,0.99570111
0.99370862,0.01759481,0.09782361,0.99991756
0.99395728,0.05915653,0.01061164,0.99991213
0.95147409,0.06728466,0.00127025,0.95912804
0.90606875,0.05089216,0.03441841,0.98870084
0.93224918,0.00485946,0.00461612,0.99466963
0.90163613,0.05375521,0.0981658,0.9882223
9.90597273e-01,9.04566058e-02,8.06734410e-04,9.99755579e-01
0.99455695,0.04476001,0.00214586,0.99996993
9.08913292e-01,5.48122311e-02,8.43022695e-04,9.14026908e-01
0.94937399,0.05604343,0.01805801,0.99664288
0.99638288,0.01309997,0.03286292,0.99998531
0.94273087,0.03629908,0.0305909,0.99632323
0.94759225,0.02100227,0.08242732,0.9964355
0.99564263,0.08542291,0.02851401,0.99986647
9.02904259e-01,8.79972697e-02,8.85281818e-05,9.67604030e-01
0.91624387,0.01590353,0.00692673,0.9909734
0.94374247,0.01741829,0.00312384,0.99644962
0.9955607,0.00738226,0.08283629,0.99995627
9.13442840e-01,9.97749860e-02,8.54939215e-04,9.91100511e-01
9.54412708e-01,1.00834433e-04,1.58928949e-02,9.97569539e-01
0.99038803,0.00959148,0.00905487,0.99989787
0.95686372,0.04714545,0.00124615,0.98153545
9.07265774e-01,2.14224400e-05,2.31379614e-02,9.20910656e-01
9.04400612e-01,1.79798036e-05,9.60833161e-02,9.88935542e-01
9.63462243e-01,3.02216426e-02,4.48413265e-04,9.98340623e-01
0.92585448,0.00940711,0.04206238,0.92749452
0.94781179,0.07207694,0.00423187,0.99696165
0.99829096,0.08677826,0.083435,0.99999692
9.12586933e-01,1.52045293e-05,6.42879326e-02,9.90738242e-01
0.97203106,0.01279691,0.05994967,0.99917237
0.9779828,0.06329136,0.00198865,0.93781571
0.91159165,0.00958646,0.08252429,0.95378451
0.94638091,0.08102499,0.03056601,0.99671653
0.99184826,0.00601045,0.0318691,0.99066731
9.20398968e-01,2.99264597e-02,5.92681047e-05,9.69711316e-01
0.93533543,0.00318135,0.07785283,0.99522736
0.91626653,0.00378016,0.00540985,0.96941676
0.94878262,0.01708182,0.00188924,0.99655029
0.98298262,0.00359971,0.09936509,0.9422821
9.76549152e-01,6.52034629e-04,1.12235542e-02,9.98291481e-01
0.93881362,0.09013937,0.07935321,0.95662575
9.47937183e-01,6.25761323e-02,2.76109970e-04,9.93865042e-01
0.93471163,0.00188017,0.03078433,0.99436194
9.56825112e-01,1.47508426e-02,6.22145939e-04,9.86417919e-01
0.97135277,0.00512429,0.05728806,0.99906167
9.78023506e-01,5.88236397e-02,7.06037961e-05,9.96453054e-01
0.98970469,0.03764471,0.0286351,0.94052158
0.95772743,0.04721366,0.00481741,0.99565435
0.95928805,0.00365631,0.00198313,0.99451195
9.29327149e-01,1.80697097e-03,7.63632760e-04,9.78199450e-01
9.03229896e-01,4.34754154e-02,7.51936853e-04,9.88485221e-01
0.99310487,0.01172989,0.04470241,0.99994834
9.55976516e-01,3.89182951e-02,6.50919429e-05,9.97703214e-01
0.97808538,0.03527959,0.05235386,0.99226784
0.92352619,0.03785336,0.0629822,0.9453622
0.97731907,0.00348129,0.02962383,0.9993875
9.79872603e-01,6.71860301e-02,9.62885242e-05,9.99549046e-01
9.33264328e-01,2.52659227e-03,4.49320264e-04,9.26662750e-01
0.99581527,0.0025628,0.0473371,0.99931904
0.91489177,0.00984704,0.00758499,0.9907466
0.90204355,0.01364986,0.00277809,0.98834296
0.99795102,0.01983123,0.03749055,0.99999443
0.99200744,0.04939922,0.00392835,0.99993422
0.91186212,0.00155951,0.00715462,0.99074317
0.99247594,0.00131817,0.04234244,0.99803766
9.08631859e-01,4.76694758e-05,7.79413381e-02,9.89874077e-01
9.84294346e-01,2.19847361e-02,4.11309777e-04,9.99742848e-01
0.98438582,0.07617786,0.00137917,0.98717659
0.99522171,0.01943686,0.03654126,0.9998502
0.94638799,0.0915514,0.0609734,0.97617488
9.84890610e-01,4.04863243e-04,5.09992377e-02,9.99266978e-01
0.95952771,0.03459578,0.02222806,0.99828825
9.49469339e-01,6.55608671e-05,9.42295039e-02,9.96178149e-01
0.9616332,0.00309319,0.00447039,0.99823723
0.91018616,0.00307901,0.00186975,0.97835525
0.96557911,0.03798422,0.0340037,0.99864465
9.11046817e-01,3.91825035e-04,1.77564411e-02,9.73706163e-01
0.93652467,0.00226845,0.00313179,0.99539643
9.04047144e-01,2.78830804e-04,7.51514561e-03,9.88790560e-01
9.36455629e-01,2.18241308e-05,4.12137194e-02,9.24551117e-01
9.25913804e-01,5.02761753e-05,5.61019461e-02,9.90545210e-01
9.32644859e-01,1.23489465e-02,5.51940346e-04,9.51864056e-01
0.9918232,0.0097097,0.01079854,0.99962765
0.95360021,0.00316341,0.06585274,0.99763787
0.99565255,0.06168113,0.09276345,0.99997616
9.38169377e-01,4.77443245e-02,1.63465998e-05,9.95661433e-01
9.73294341e-01,2.69362162e-04,1.13250141e-02,9.99240262e-01
0.99544949,0.02226779,0.00840179,0.99997267
9.48256113e-01,3.83756784e-04,1.59709106e-02,9.96209340e-01
0.98351922,0.03143625,0.02957314,0.99941021
0.94205895,0.06559854,0.00706061,0.93273141
0.96862807,0.06876385,0.0124603,0.90202149
9.09204001e-01,7.09627606e-04,2.40335420e-02,9.90060475e-01
0.93259648,0.05360814,0.00172562,0.99186865
0.92484813,0.00177772,0.08605988,0.97936694
0.90291199,0.00093667,0.04106572,0.93448643
9.25770962e-01,6.93311022e-05,1.03977228e-02,9.93610800e-01
0.95392919,0.03195757,0.01315421,0.99767281
9.75686028e-01,9.73895428e-04,2.05470922e-02,9.98789627e-01
0.91607966,0.02018687,0.01013249,0.98934479
0.92147296,0.01097346,0.05646096,0.99096424
0.91604418,0.09264926,0.03264881,0.98653433
0.97392107,0.06721684,0.0012595,0.9987481
0.91542183,0.00212143,0.01824882,0.97459364
0.99491684,0.03065699,0.09316175,0.99983301
0.95102759,0.06007889,0.03096579,0.99723477
0.91524992,0.0113241,0.01668988,0.99150023
9.14074300e-01,4.05061304e-06,7.97134713e-02,9.90748375e-01
0.94254469,0.01470292,0.00191996,0.97939274
0.96170718,0.01527712,0.00170816,0.93898976
0.97901391,0.01016595,0.00884757,0.9959864
0.97185078,0.04501768,0.01850944,0.99910298
0.99080006,0.00809164,0.01093286,0.99991378
0.95221815,0.00270464,0.02964267,0.99716611
0.98213423,0.00343938,0.00741225,0.99966873
0.98230656,0.00219856,0.0109503,0.9993106
9.53593327e-01,8.24332670e-03,8.02998430e-04,9.67990849e-01
0.95452119,0.00101554,0.03283351,0.99761627
0.99712421,0.09007859,0.01578169,0.9999729
0.99268962,0.03071069,0.02092989,0.99994557
0.94481945,0.00170244,0.03562432,0.99263551
0.93696182,0.01192135,0.05545165,0.97896798
0.993663,0.00361664,0.03256386,0.93381714
0.90291032,0.03332229,0.01131432,0.95923928
0.96903436,0.00633352,0.01036009,0.99895026
0.98365594,0.01741424,0.022283,0.99966524
9.69314248e-01,5.69121603e-04,1.93438091e-02,9.98908243e-01
0.98062032,0.00125762,0.04949506,0.99943171
0.98046737,0.04747735,0.03639261,0.99960317
0.9920468,0.06958653,0.03628201,0.99989884
0.96340908,0.00357989,0.00804713,0.9985568
9.09223922e-01,5.52734054e-04,7.30871987e-04,9.80881389e-01
0.93121758,0.00210604,0.01333277,0.93586153
0.96767545,0.04911802,0.04919262,0.99888549
9.81873607e-01,6.80762905e-04,9.28054140e-02,9.98451769e-01
0.92000563,0.01303627,0.03279643,0.91894723
0.98656575,0.02812202,0.00640632,0.99970477
0.96130675,0.08888005,0.00257488,0.9939842
0.94178627,0.0019714,0.01023039,0.99557836
9.34372265e-01,6.37004101e-03,2.25306652e-04,9.95008374e-01
9.74140216e-01,3.08892281e-02,1.66388172e-04,9.81072409e-01
9.48871689e-01,2.52365263e-04,3.72755683e-02,9.93764401e-01
0.97302214,0.03976434,0.00153292,0.99710205
9.69239041e-01,1.41391524e-04,9.57249449e-02,9.94476482e-01
9.82776247e-01,1.73114334e-02,3.96577946e-04,9.97908784e-01
0.9798173,0.00463298,0.04489675,0.95084826
9.78602724e-01,6.55674162e-04,3.22734898e-02,9.53128277e-01
0.9719226,0.06190027,0.05006186,0.99913046
0.9839469,0.08329295,0.00107145,0.99896547
9.27612515e-01,3.16115776e-02,9.55302249e-04,9.92007116e-01
0.96610838,0.00289655,0.07061929,0.99869144
0.98147138,0.0165888,0.00642465,0.99964371
9.85632358e-01,5.59030314e-02,9.98446219e-04,9.99549910e-01
9.09071197e-01,4.11746340e-04,3.28314138e-03,9.89165485e-01
9.45896354e-01,1.81087659e-04,2.44381464e-02,9.90930141e-01
0.94148633,0.08950475,0.00696837,0.99102127
0.9952741,0.03685758,0.04539393,0.99997272
0.99590956,0.08143226,0.07532675,0.99998179
0.95657662,0.00632455,0.06381258,0.99498139
0.93670046,0.01226925,0.00377032,0.9949504
9.50751524e-01,7.76760672e-03,8.59058302e-04,9.97300101e-01
0.94994759,0.07046029,0.00407768,0.99655474
0.97901386,0.01305327,0.00744864,0.99942186
0.991775,0.02562007,0.02667884,0.99990796
0.94029949,0.00689682,0.05666079,0.97741307
0.9329817,0.00237016,0.00169425,0.99484265
0.92810126,0.00789629,0.03000389,0.99500768
0.94231687,0.06768188,0.00741789,0.99626625
0.97347468,0.03404787,0.02284016,0.99918427
9.32438347e-01,9.18734869e-03,3.15688403e-04,9.94773336e-01
9.62770257e-01,5.43219833e-04,9.59065767e-03,9.80064109e-01
0.91052962,0.00145504,0.02852289,0.99013618
0.97559787,0.07760721,0.00352786,0.9993417
0.99505628,0.02955695,0.03558145,0.9999717
9.50510560e-01,1.84077176e-04,1.43992451e-02,9.85809538e-01
0.93030429,0.02037652,0.0013781,0.99011739
9.55094512e-01,9.04403385e-04,2.08795462e-02,9.97289536e-01
9.48589682e-01,1.23465497e-02,2.68991282e-04,9.93922036e-01
0.9842957,0.00278967,0.00343602,0.99973356
9.63388376e-01,3.09168954e-02,7.85054119e-04,9.98481623e-01
0.9984169,0.05305604,0.02095806,0.99999656
0.99553683,0.01175954,0.04638792,0.9999799
0.96251693,0.06537473,0.0664332,0.99689419
0.9966837,0.01959455,0.07932801,0.97102067
0.94495851,0.02214273,0.00115108,0.96813836
0.90606336,0.00862931,0.00246475,0.98857784
9.78938151e-01,3.66112847e-02,4.67005712e-04,9.99406017e-01
9.33921668e-01,2.72941675e-02,3.77397705e-04,9.82196139e-01
0.93828122,0.00868532,0.08961046,0.99545621
0.92691367,0.06647905,0.00830147,0.92834011
0.9810274,0.08371621,0.01703224,0.99952815
0.99167073,0.00913163,0.0381796,0.99841041
0.9954612,0.01287948,0.01505119,0.99987645
9.89257144e-01,3.66341915e-04,7.13372846e-02,9.99881993e-01
0.94899939,0.00394736,0.01194638,0.99057017
0.99755524,0.08255696,0.03343479,0.99979118
0.97464204,0.08448804,0.00786328,0.99927784
0.99464586,0.01709036,0.09333552,0.93510105
0.98201797,0.02023126,0.0074343,0.99966407
0.94577158,0.02779885,0.03908159,0.99617386
0.97418924,0.00967174,0.00264621,0.99928653
0.96977954,0.00318799,0.02407668,0.99902792
0.91605611,0.00122424,0.04421513,0.99030679
0.98792752,0.02416871,0.04351713,0.99982532
9.22947603e-01,8.34754250e-02,2.08479310e-05,9.83091802e-01
0.98536885,0.08694702,0.03054642,0.99681743
0.97662528,0.05786907,0.00133715,0.99770153
0.98465503,0.00619374,0.02434167,0.99975701
0.99402977,0.01701045,0.00678749,0.9999639
0.98606385,0.00103333,0.07231912,0.96477041
0.99603406,0.09322719,0.03813718,0.99581593
9.26195900e-01,3.76482988e-04,6.13156278e-02,9.92911792e-01
0.97867443,0.00802751,0.01973357,0.99939335
0.9287738,0.02749224,0.00493162,0.98999482
0.9884147,0.00205516,0.06498629,0.99978484
0.97063702,0.06012974,0.00286871,0.99887758
0.94903696,0.06355057,0.02264947,0.99680908
9.61673949e-01,2.72168269e-04,2.05621659e-02,9.78311454e-01
0.98941294,0.01744419,0.00930971,0.99988474
0.94902941,0.03998144,0.00102377,0.99219992
0.92459058,0.04685469,0.00108684,0.91103432
0.92630101,0.01021296,0.06510746,0.99288008
0.94685362,0.04182278,0.04317233,0.99685244
9.03684734e-01,6.86829242e-02,4.95535718e-06,9.81879294e-01
9.91267239e-01,6.58586900e-02,4.85277429e-04,9.80375557e-01
0.90928916,0.02470792,0.01046849,0.99008398
0.9911757,0.0476873,0.00677253,0.99989295
0.99381351,0.00315084,0.04783015,0.99996027
0.99171764,0.02466564,0.09557526,0.99992917
0.93178814,0.06766131,0.07063063,0.90746945
0.98995201,0.01219314,0.009088,0.99864636
0.97881311,0.0664005,0.00600004,0.99942448
0.91900352,0.00412665,0.00529649,0.91433422
0.92262084,0.0147432,0.01722349,0.99299329
0.99566437,0.01687928,0.03958816,0.94025294
0.98797799,0.04004911,0.00455985,0.98841834
0.95690752,0.04897872,0.09544046,0.99197328
0.98648807,0.00325662,0.04393531,0.99980322
9.35707751e-01,4.85849741e-04,1.80249234e-02,9.91850673e-01
9.71363751e-01,1.01696941e-02,8.94182089e-04,9.99003363e-01
0.96438233,0.09460312,0.00230749,0.98843878
0.98966686,0.09314666,0.00304244,0.99217899
0.93372117,0.00453559,0.00272573,0.99366665
0.94980102,0.00760954,0.00161486,0.99678231
0.90528024,0.00467783,0.00903708,0.97889291
9.38378223e-01,2.96468507e-04,8.84426808e-02,9.80379054e-01
9.78366525e-01,6.60579402e-02,3.85975229e-04,9.99225216e-01
0.94931401,0.09291352,0.0059402,0.99714793
0.9448975,0.06456808,0.06342969,0.99420404
0.90965742,0.09717566,0.03295749,0.99012623
0.99062468,0.04198921,0.06568428,0.99990459
9.16706333e-01,1.09932034e-02,1.93468251e-04,9.82246530e-01
0.99414958,0.06558957,0.01599322,0.99958833
0.98141033,0.01788305,0.07410057,0.9996407
9.86456203e-01,9.87191885e-02,1.29451607e-04,9.99770052e-01
0.9327342,0.01751593,0.03786115,0.97887791
9.50174605e-01,2.36367929e-02,3.33115528e-04,9.93503705e-01
0.99241058,0.06026363,0.00240083,0.99873893
9.19583195e-01,8.65274467e-04,9.86137098e-02,9.91686517e-01
0.91782091,0.0267321,0.00111148,0.97018159
9.12515342e-01,6.91460694e-05,7.47451940e-02,9.90889600e-01
0.96609433,0.05791172,0.00942328,0.99609977
0.91091075,0.00159517,0.09243197,0.99045594
0.94406358,0.02821697,0.0320767,0.99346336
0.99458336,0.00301098,0.03784468,0.99850268
0.9428967,0.0144939,0.02294827,0.99634564
0.94608628,0.03739543,0.00229356,0.99560371
9.06202824e-01,5.01313778e-04,1.66880761e-03,9.29443768e-01
0.95569287,0.08943683,0.00497013,0.99610023
0.98753215,0.04168993,0.06275259,0.99984063
0.97346161,0.03342064,0.01298794,0.99765311
0.93760066,0.02940473,0.00367905,0.99558558
0.97878375,0.00225274,0.05313879,0.97528807
0.99856188,0.03335589,0.07774041,0.93925088
0.93766834,0.00868513,0.01922613,0.98258249
0.9904327,0.06370092,0.00175273,0.96951164
0.97998687,0.09101403,0.04709533,0.98621743
0.91225563,0.03637117,0.03392391,0.98671583
9.30894116e-01,5.09171109e-04,1.09092932e-03,9.94504923e-01
0.99905338,0.04334892,0.0754834,0.98538984
0.9945194,0.0275779,0.04885475,0.99978286
9.82798066e-01,4.99433901e-04,3.57571059e-02,9.98211030e-01
0.98197375,0.00561291,0.09513507,0.99940824
0.99621567,0.04960467,0.05396729,0.99998405
9.85291759e-01,3.11213262e-04,4.06393839e-02,9.99775093e-01
9.80498527e-01,1.52020653e-04,7.48876945e-02,9.99579541e-01
0.99263167,0.05268959,0.00431109,0.99900216
0.99769537,0.04699745,0.00996023,0.99999162
9.51446777e-01,4.31813988e-05,4.06141315e-02,9.97240063e-01
9.25844140e-01,4.00265593e-02,1.12492831e-05,9.89145330e-01
9.09870572e-01,3.72214600e-02,4.11000366e-04,9.82756969e-01
0.99395674,0.00747834,0.08518041,0.99996299
0.99905104,0.07243028,0.0609558,0.95784647
0.98216956,0.00245186,0.00972101,0.99966793
0.98926617,0.00716704,0.06637997,0.99972819
0.97401824,0.03755461,0.00791721,0.99898863
0.96320722,0.05716235,0.06202879,0.99837444
0.98982695,0.0736129,0.03268844,0.99989434
0.9137859,0.01474797,0.00966025,0.99098232
0.97073711,0.00282088,0.01777367,0.99909209
0.92326921,0.00425264,0.00102974,0.97520194
0.91427159,0.04463032,0.00615434,0.98708701
0.90107639,0.00099715,0.02235504,0.98808887
0.94211045,0.00401842,0.04968642,0.99603833
0.96823585,0.00247399,0.00677303,0.99529516
9.38231413e-01,4.08935331e-02,1.37294908e-04,9.93361464e-01
9.10337707e-01,2.98573038e-02,4.38819969e-04,9.83715659e-01
0.96196035,0.08883685,0.0437605,0.99843868
9.25732369e-01,9.92751575e-04,6.61089475e-04,9.19496772e-01
0.97301357,0.07683088,0.03811406,0.99831351
0.9943692,0.06326878,0.05324415,0.99995734
0.91416899,0.00171613,0.0593164,0.99037618
0.93108586,0.02801965,0.02656154,0.99452216
9.14954177e-01,5.58222392e-05,7.15474113e-03,9.89338229e-01
9.27998025e-01,9.71397199e-02,9.79047566e-04,9.93988652e-01
0.99471499,0.07268138,0.00798472,0.99997174
0.97680503,0.01886185,0.00188683,0.97785827
0.99858211,0.09642846,0.0364191,0.90588523
0.99210732,0.01559739,0.01409705,0.99983236
9.16989548e-01,1.59006095e-02,5.39467382e-04,9.91793705e-01
0.99507051,0.0300825,0.03758388,0.99952946
0.97363824,0.02674533,0.00192011,0.99801873
0.9612777,0.00463944,0.01817387,0.99837974
0.99055122,0.02004999,0.08602518,0.99877764
9.35389826e-01,5.51113001e-05,1.63498896e-02,9.95214528e-01
0.96210438,0.0041004,0.00337123,0.96918624
9.58594885e-01,2.27013170e-04,2.88297577e-02,9.98093322e-01
0.99189297,0.0925405,0.04244764,0.99993307
0.94142608,0.03758186,0.01744806,0.99437664
0.91310501,0.02861883,0.0131438,0.99092644
0.99590027,0.02689069,0.0171515,0.99861608
9.60032830e-01,1.83062878e-02,2.26081250e-04,9.98261246e-01
9.88668846e-01,3.91420708e-02,6.12738353e-04,9.97980927e-01
0.9900292,0.02620688,0.00109597,0.9998984
0.9900619,0.03629736,0.06929719,0.99641799
0.95762966,0.00218121,0.0876533,0.97934373
0.9650883,0.00207777,0.00120899,0.99716857
9.27072401e-01,3.24806180e-02,3.03130184e-04,9.55966395e-01
0.9959318,0.07785474,0.00456666,0.98282602
0.97008349,0.01657204,0.03434437,0.95519156
0.94257837,0.018409,0.00361077,0.99630214
0.98093104,0.0154118,0.02862523,0.98633872
0.9492404,0.00166098,0.00262442,0.96813557
0.97984545,0.04139042,0.01514378,0.99941689
0.95728458,0.0173442,0.01375424,0.95952345
0.98089629,0.01964446,0.001193,0.982456
0.96552203,0.00861483,0.04628169,0.99872397
9.75220772e-01,5.02824245e-02,2.11407393e-04,9.99334464e-01
9.66217021e-01,1.15291773e-02,5.16662608e-04,9.98307615e-01
9.28144443e-01,1.45794220e-02,1.75133822e-04,9.93118146e-01
0.98033676,0.03095139,0.00597685,0.99946792
9.13816308e-01,2.79476606e-03,5.68642384e-04,9.75212200e-01
0.95013558,0.02288846,0.00120389,0.99725277
9.87520735e-01,5.25207824e-02,4.36491530e-04,9.97805700e-01
0.90281135,0.00917055,0.06353091,0.9878466
0.97829001,0.00193343,0.00377217,0.97462555
0.94092462,0.00367901,0.00279239,0.99487856
0.99522038,0.05241458,0.08902738,0.99908201
0.94513265,0.00700698,0.00825988,0.99663865
0.97485456,0.0321716,0.00123303,0.99933262
9.79147364e-01,9.40276389e-04,4.84813431e-02,9.97952042e-01
0.95506632,0.01608511,0.02633475,0.99491403
0.95017783,0.00172923,0.00592738,0.99638502
0.98863625,0.01334522,0.00561398,0.90687671
0.98043361,0.00360719,0.03012081,0.99955737
9.64548166e-01,2.17636800e-04,9.26927019e-03,9.98585854e-01
0.98391792,0.02167187,0.01420386,0.99968816
0.95781816,0.019457,0.00104081,0.99806194
0.98091129,0.00285376,0.02114043,0.99956848
0.99890265,0.09991822,0.08332374,0.99999879
0.99765819,0.01946652,0.05162246,0.99834248
0.98598355,0.03288579,0.00284658,0.99921243
0.99232529,0.02161758,0.00501318,0.99990901
0.98357088,0.01397332,0.0484175,0.9996252
9.52867969e-01,7.28616228e-02,2.71586684e-04,9.97358209e-01
0.98605021,0.05867195,0.00113804,0.97815829
0.96874562,0.00448624,0.00806588,0.93728033
0.98977732,0.01273105,0.01134658,0.99501973
0.98444186,0.07598693,0.09630075,0.99975077
0.91178885,0.0224028,0.00158169,0.98421865
0.9660411,0.00266321,0.0069615,0.99873938
0.9954682,0.02081897,0.07583422,0.99996618
0.977005,0.0192841,0.06250213,0.99944132
0.92125943,0.00375033,0.0083196,0.99273043
9.29511464e-01,4.84766824e-04,4.28633985e-03,9.88648658e-01
0.97071684,0.03037488,0.01797197,0.99693526
0.98340666,0.02330494,0.00325821,0.99970135
0.99367422,0.04230791,0.0452249,0.99995633
9.12449625e-01,2.23471472e-05,7.00799624e-02,9.89104743e-01
0.95040339,0.00577152,0.06971263,0.94972434
0.96042514,0.02751003,0.00187179,0.99830235
9.91402496e-01,5.16710982e-04,9.72566648e-02,9.78485448e-01
9.19649869e-01,6.54725974e-04,1.88305945e-03,9.87786831e-01
0.97506602,0.02391063,0.00136683,0.96870644
0.90063734,0.0030216,0.0049189,0.93069545
0.98614236,0.00110888,0.0163169,0.99977063
0.90678219,0.01495516,0.00225222,0.98953171
0.93978392,0.00451754,0.09255193,0.99571285
0.96267313,0.04577751,0.00408586,0.99377887
0.97256582,0.06118712,0.0010176,0.99917665
0.97693296,0.08036132,0.00153456,0.98989353
0.99009405,0.00692357,0.04175115,0.98851513
9.18837300e-01,8.39921224e-03,1.16811951e-04,9.92248706e-01
0.98517039,0.00420043,0.03119225,0.97947541
9.50106774e-01,7.55186898e-05,1.59242672e-02,9.97219650e-01
0.97827691,0.04029318,0.02450505,0.9855766
0.93648007,0.00382924,0.04152732,0.98075858
0.9536435,0.08366234,0.01227789,0.95655009
0.99734337,0.00406054,0.08621595,0.93887608
0.96002019,0.00359446,0.01797589,0.98104614
0.99374983,0.05612535,0.00831208,0.99690179
9.84148793e-01,4.60779031e-02,2.14618769e-04,9.99680564e-01
9.29056928e-01,3.80983358e-05,9.29602740e-02,9.79320670e-01
9.80861568e-01,2.43658145e-02,9.31701544e-04,9.99571983e-01
9.42611014e-01,8.67625263e-04,6.72255634e-03,9.70766952e-01
0.97104802,0.06344087,0.02973395,0.99775636
0.94717034,0.00820208,0.00507809,0.99627867
0.93378948,0.01487673,0.00603978,0.97316448
0.98229951,0.00347703,0.02147591,0.99870668
0.98776354,0.01135637,0.02034521,0.99924644
0.97551797,0.05735326,0.00405296,0.99931404
9.59800165e-01,2.17825448e-04,2.71829598e-02,9.98210598e-01
9.44629919e-01,1.42751009e-04,6.69352779e-03,9.96552858e-01
9.14800002e-01,2.35142019e-05,5.66005012e-02,9.89433426e-01
9.22255633e-01,4.82798481e-02,3.12104753e-04,9.87421535e-01
0.99316796,0.04023947,0.01160557,0.9985147
0.97324652,0.03588408,0.02935674,0.9992445
0.99012818,0.05240163,0.00608647,0.99989796
0.91991573,0.06749054,0.03030413,0.97297778
0.99454289,0.03197021,0.05065942,0.99996653
0.92441472,0.001825,0.00172126,0.99307319
0.97389489,0.01609808,0.04223299,0.9708246
0.90014567,0.02278367,0.00219976,0.94633722
0.96390137,0.03155325,0.00655534,0.99745841
9.26901326e-01,2.01722987e-04,4.59917595e-02,9.93695013e-01
0.99093408,0.07033417,0.05330077,0.99947728
0.95941242,0.07304664,0.00854525,0.99821276
0.99326731,0.07285358,0.09433328,0.99995239
9.37288749e-01,1.88038199e-04,6.36816698e-02,9.81308913e-01
9.53111062e-01,9.94620919e-04,2.39202516e-03,9.97511438e-01
0.99297578,0.08262861,0.01995308,0.98988922
9.47935507e-01,8.18135315e-04,3.03105136e-02,9.58603470e-01
0.9504282,0.00935741,0.01697664,0.99613126
9.05287717e-01,5.03330252e-04,7.11181600e-02,9.26451267e-01
0.91846588,0.03211713,0.00236682,0.99205343
0.93816061,0.02393416,0.0398878,0.96229588
0.98846667,0.00673153,0.09297366,0.99986365
0.99528693,0.01145732,0.02848122,0.99997523
0.981696,0.0559272,0.03468284,0.99930591
9.39283603e-01,5.21874944e-04,7.01642363e-03,9.95199779e-01
0.90925338,0.0010711,0.05905372,0.99012722
0.94390662,0.00429162,0.02941756,0.98274701
0.98731135,0.05462407,0.00338572,0.99868592
0.99572565,0.08042645,0.055201,0.99981874
0.99387245,0.00465139,0.01845238,0.99995679
9.36725309e-01,3.53622611e-02,3.00933738e-05,9.27221470e-01
0.98685992,0.01390795,0.02741516,0.99649125
0.98300017,0.08799913,0.00140411,0.99957049
0.97795262,0.02106057,0.03239525,0.99493768
9.39931360e-01,3.36168030e-02,5.83660988e-04,9.95898180e-01
0.99625026,0.00315981,0.04839545,0.99998583
9.31118293e-01,7.15497470e-02,1.12932874e-04,9.22277604e-01
9.60590547e-01,1.21096056e-02,3.83617793e-04,9.91516006e-01
0.97838462,0.00217511,0.09622783,0.99478093
0.98775523,0.03454341,0.00534103,0.99961737
9.08375754e-01,1.34532096e-03,4.04533469e-04,9.89917872e-01
0.96671044,0.02212462,0.00120669,0.94683634
0.95366206,0.00131123,0.04459256,0.99475989
0.98398451,0.04506564,0.0529725,0.98438467
0.9513008,0.04142848,0.06633464,0.99429887
0.96724188,0.00197282,0.02384598,0.9844762
9.76639904e-01,9.11408196e-04,1.98777221e-02,9.98807207e-01
0.92886517,0.04879493,0.00255758,0.99408054
0.99791456,0.05479211,0.06206242,0.997684
0.99006646,0.06641477,0.05095876,0.9994739
0.99176132,0.00568668,0.00945293,0.99971652
0.99437949,0.05960036,0.01332393,0.99996477
0.97193153,0.01262036,0.00766737,0.99353314
9.65462877e-01,3.57411885e-02,4.66782663e-04,9.97801557e-01
0.99840153,0.08412217,0.04540138,0.98200606
0.99348979,0.02496559,0.00725476,0.99993416
0.98735812,0.07512224,0.02745032,0.99943536
0.93238037,0.07533484,0.00901033,0.99435575
9.75226669e-01,6.41061723e-02,2.33911469e-04,9.98967444e-01
0.95200707,0.03100517,0.02144289,0.99723806
0.99751528,0.02725765,0.04703456,0.99998911
0.95463358,0.00783483,0.00110183,0.92015864
9.90784372e-01,4.15920952e-02,8.77749096e-04,9.82957662e-01
9.82921212e-01,6.93071142e-04,1.79912831e-02,9.99695999e-01
0.97451306,0.0029538,0.00390736,0.99909081
0.98942069,0.00268155,0.02636551,0.9984302
0.95547643,0.00198294,0.00903717,0.99599412
0.9235573,0.00393369,0.05459134,0.98897632
0.976551,0.03217632,0.00199571,0.99934658
0.96781074,0.01490164,0.03609172,0.93337554
0.93521987,0.01318032,0.00315407,0.95510025
9.82878066e-01,1.55938573e-02,8.93654339e-04,9.13084555e-01
9.32733362e-01,7.52952477e-04,6.48974403e-02,9.94823787e-01
9.47556697e-01,1.02432572e-02,1.16142788e-04,9.78333726e-01
0.99926518,0.04805729,0.09076553,0.9999993
0.96506604,0.01081244,0.09475749,0.99435627
0.91552398,0.00711845,0.00207137,0.98965083
9.17173054e-01,6.63560095e-03,4.45479951e-04,9.91902947e-01
0.99420057,0.07887108,0.02470979,0.99996575
9.46075772e-01,2.52077201e-04,6.46758821e-03,9.96761197e-01
0.96041344,0.04853092,0.00268236,0.99724843
0.97300669,0.02476205,0.00350506,0.99915867
9.24611297e-01,5.89641226e-04,5.88211209e-03,9.93395079e-01
9.12126677e-01,3.85594708e-04,2.79110642e-02,9.70130744e-01
0.98342707,0.0216807,0.00107986,0.99762007
0.96470674,0.02569936,0.01308039,0.99821136
0.94295853,0.0150455,0.03453704,0.99609439
0.98716415,0.00244041,0.02448743,0.97224092
0.9920111,0.00183244,0.06558859,0.99993424
0.95332725,0.01730166,0.07245914,0.99364931
0.977269,0.01856472,0.02992753,0.9984735
0.94841413,0.06997019,0.01841504,0.99190747
0.99529302,0.07249724,0.02860068,0.99986626
0.96184691,0.00142971,0.08737318,0.998345
0.97608445,0.04558077,0.03729627,0.99939929
0.9012594,0.02460031,0.0210177,0.98813927
0.9403489,0.02301235,0.01548135,0.96878075
9.23404262e-01,1.99949375e-02,8.83965866e-05,9.90424832e-01
0.97794708,0.01513035,0.01232991,0.99949174
9.49073839e-01,9.43167753e-04,4.88439722e-03,9.92508655e-01
0.91718584,0.03026989,0.00180761,0.97433024
0.94888673,0.00599459,0.00219255,0.98497696
0.98347422,0.00533693,0.03657205,0.99806643
0.97953311,0.02354929,0.00410439,0.99333482
0.98835953,0.00611098,0.09005701,0.99985643
9.25854642e-01,2.82517453e-04,2.78080851e-02,9.73650775e-01
0.91137915,0.00852669,0.00309506,0.99053947
9.87947544e-01,2.74598154e-02,7.10700090e-04,9.98151591e-01
0.93093031,0.04277268,0.06357549,0.98049305
0.99794573,0.02126661,0.03355482,0.99953368
0.90859077,0.03467626,0.01579179,0.9897963
0.97083437,0.0186163,0.09427152,0.97565298
0.97356575,0.00186971,0.02578973,0.95364983
0.96393328,0.02104221,0.03272125,0.98952766
0.99105962,0.00630608,0.08640045,0.9997706
0.98316089,0.00397711,0.07328623,0.99944375
0.95957551,0.06117378,0.01901223,0.99451521
0.98417739,0.01285949,0.0017192,0.99971102
9.35858289e-01,1.85753722e-04,9.86112849e-03,9.95057664e-01
0.99437628,0.09590443,0.06294119,0.99995236
0.96660854,0.00174503,0.01094309,0.99716418
0.9620921,0.02682497,0.00743146,0.99554245
0.95447223,0.00664937,0.00228779,0.99628922
0.94697248,0.00213785,0.07565136,0.97104046
0.93161798,0.00568619,0.03376257,0.91173409
0.98459842,0.00349018,0.00605249,0.99974747
0.99034527,0.04989076,0.00101865,0.98307292
0.97211894,0.03663981,0.00578173,0.95140176
0.96969188,0.01486666,0.01205237,0.99800006
0.97413388,0.00167689,0.003354,0.9992555
9.46674949e-01,6.75359528e-03,2.68827677e-04,9.53964856e-01
0.99511493,0.02402642,0.01690844,0.99989137
0.99498093,0.00831467,0.02260427,0.99997
0.91204342,0.05408009,0.00647438,0.97097991
9.70371213e-01,7.62677461e-02,1.65179238e-04,9.96328688e-01
9.69231645e-01,5.97572934e-04,9.45939873e-02,9.86099649e-01
0.99092265,0.00298989,0.0818072,0.99991257
9.60190508e-01,1.98866959e-02,2.12639521e-04,9.98282623e-01
0.97163193,0.00153476,0.0541887,0.99914192
0.98993149,0.09097765,0.05511824,0.99986248
9.18003110e-01,1.73122720e-04,3.42733862e-03,9.91935813e-01
0.94917547,0.0063025,0.00140641,0.96845462
0.99519727,0.0094883,0.05185494,0.99490598
0.9460448,0.04118297,0.00137931,0.98356215
0.95471468,0.00217303,0.03025328,0.99740525
9.53601931e-01,6.32423982e-02,3.51077769e-04,9.81447078e-01
0.98719127,0.05383406,0.01050738,0.99981387
0.95199991,0.00381097,0.03261496,0.9910797
9.24263001e-01,1.78378091e-02,9.11953505e-05,9.42676260e-01
9.15803161e-01,8.80952900e-04,8.03499921e-03,9.91614736e-01
0.96539047,0.09557717,0.00133455,0.96847146
9.28260907e-01,6.43706029e-04,2.11411930e-02,9.35964754e-01
0.93857192,0.0014081,0.03466177,0.9673844
0.99216233,0.0014341,0.04469736,0.99946973
9.51195384e-01,3.27877740e-04,4.41760163e-03,9.96608970e-01
0.9563954,0.00893603,0.07447775,0.99492912
0.97628983,0.08686476,0.00263538,0.99939936
0.98679283,0.0246248,0.09590099,0.9997795
9.78616418e-01,7.35691346e-02,8.47191281e-05,9.69245706e-01
9.37719556e-01,6.50178241e-02,8.00141326e-04,9.49548975e-01
9.23484916e-01,3.32109262e-04,8.45735345e-02,9.93177001e-01
0.92209782,0.0527156,0.00556775,0.99262437
9.92820647e-01,8.81490869e-02,9.25781746e-04,9.99695308e-01
0.93161788,0.01505849,0.00599262,0.99291889
0.99853734,0.08023644,0.01664211,0.99999691
0.99575549,0.09969425,0.05893388,0.99967198
0.90735422,0.07528116,0.00886608,0.98790304
0.97836831,0.00672995,0.00103164,0.99097633
0.97093862,0.00145654,0.00366159,0.9990998
0.90303166,0.01141423,0.01976885,0.9858774
0.98185755,0.05861434,0.02157577,0.90998037
9.80444365e-01,1.29289386e-02,6.62034859e-04,9.99601109e-01
0.90856613,0.01050491,0.03991742,0.97490096
0.92991923,0.01890244,0.0172778,0.99068109
9.54438490e-01,3.64358769e-02,5.70131740e-04,9.96855788e-01
9.01440878e-01,4.44168342e-03,8.70133737e-05,9.86084047e-01
9.17791409e-01,4.03057403e-02,1.67187833e-04,9.92037761e-01
0.94723546,0.02574829,0.04062642,0.98187119
9.43429639e-01,2.43530983e-04,5.43806911e-02,9.95880174e-01
0.97422836,0.01328313,0.09898252,0.99923166
0.97045508,0.04601996,0.05421767,0.99690436
9.51937636e-01,3.88346008e-02,2.55336962e-05,9.90639971e-01
0.99226587,0.09280518,0.06790914,0.99993915
9.70179701e-01,2.49811543e-02,4.21520965e-04,9.99045275e-01
9.26348223e-01,2.79996038e-04,6.43958867e-03,9.93710678e-01
0.9042125,0.01292123,0.0021439,0.92600691
0.94772406,0.00134778,0.00264101,0.99630971
0.92326065,0.04101399,0.04717409,0.99254672
0.99307824,0.0175939,0.03182334,0.99995083
9.13074159e-01,3.30233803e-02,5.45243278e-05,9.53539332e-01
9.44450900e-01,1.33061001e-02,7.94546695e-05,9.96547701e-01
0.99330694,0.02036013,0.04302313,0.99980375
0.98190953,0.02050897,0.00192195,0.99960708
0.92530801,0.0095985,0.03523005,0.99239204
9.54480120e-01,1.44186139e-04,9.43903356e-02,9.96832159e-01
0.93535409,0.01141788,0.02716236,0.95234322
0.98400704,0.04275543,0.03630368,0.99971878
9.88631318e-01,7.60595533e-04,4.95418818e-02,9.95646925e-01
0.98892597,0.06861227,0.0145517,0.99987458
9.29919421e-01,1.64814184e-02,4.97232537e-05,9.87915538e-01
9.29036201e-01,3.35996016e-02,3.34699567e-05,9.94194967e-01
0.95635135,0.00259504,0.08542079,0.99778772
9.04674150e-01,5.05814524e-04,5.54515570e-04,9.87338375e-01
0.9984432,0.05016546,0.0407856,0.99999756
9.69315708e-01,2.77043137e-04,8.23497822e-02,9.98695550e-01
0.94352136,0.00480465,0.02157978,0.99600606
9.55382184e-01,2.43791096e-04,9.96369122e-03,9.97823693e-01
0.97105979,0.0721759,0.08058268,0.99870313
0.98546992,0.02885725,0.02509305,0.99779758
0.90801306,0.00301745,0.01695857,0.98983043
0.99657067,0.03481361,0.00845223,0.99861965
0.97961364,0.02708373,0.09461781,0.99956694
9.34288076e-01,3.66384548e-04,1.43072271e-02,9.54074496e-01
0.99321173,0.09777025,0.0158654,0.99942007
9.53111569e-01,1.07512760e-04,2.23406919e-02,9.90375413e-01
9.79049673e-01,8.58168496e-04,7.47692576e-02,9.63829769e-01
0.96248306,0.00435087,0.03908062,0.99829245
9.48144343e-01,9.19957760e-04,3.09774044e-02,9.53251188e-01
0.99673965,0.02093429,0.04788643,0.99990923
0.95963506,0.07617302,0.00222923,0.99813671
9.09810078e-01,4.59888368e-02,5.35175084e-04,9.90203404e-01
0.99451447,0.00183508,0.06588472,0.99829658
0.9895613,0.01496804,0.01496253,0.99988701
9.44946105e-01,2.41556705e-02,1.34488636e-04,9.18963280e-01
9.89076676e-01,4.22068093e-04,9.16368713e-02,9.98904147e-01
0.90191574,0.0731626,0.00749973,0.98823855
0.98889905,0.01254717,0.00268745,0.99928666
9.48231359e-01,1.30311001e-03,6.43137072e-04,9.88814919e-01
0.90151316,0.00618254,0.00528024,0.98604457
0.92173865,0.02162679,0.023377,0.99284224
0.91678733,0.00218659,0.03628416,0.99092549
9.16517847e-01,6.43211375e-04,8.67833158e-04,9.91698488e-01
9.58490500e-01,1.02685233e-04,9.59947008e-02,9.98058754e-01
0.93459265,0.00254176,0.05007469,0.95540828
0.95708928,0.02992458,0.02961579,0.96386027
0.99536779,0.02484122,0.04633492,0.99943535
0.99350745,0.0653443,0.0022181,0.99995095
9.40153102e-01,3.21345115e-03,2.95356059e-04,9.88371769e-01
0.94100636,0.0059032,0.07413806,0.9885117
0.99640943,0.05688793,0.06015052,0.9987509
0.95711733,0.01823876,0.01685551,0.99640065
0.99673692,0.00859524,0.08596358,0.97397663
0.99167986,0.02417481,0.00227789,0.99956766
0.96789047,0.01927176,0.05776245,0.9966309
9.63597938e-01,2.39245005e-02,8.04874628e-04,9.93023073e-01
0.94496369,0.01188632,0.00877818,0.98244226
0.9666269,0.01932233,0.02871492,0.99847357
0.98153249,0.00691686,0.05014328,0.99946402
0.92540304,0.00301807,0.00476437,0.99325691
0.9443346,0.01501008,0.00141528,0.97149835
9.51164013e-01,4.56429337e-04,5.00498320e-03,9.18110738e-01
0.95995777,0.03332646,0.04413846,0.99311378
0.94755218,0.01954618,0.01114277,0.99015311
0.9975603,0.03345056,0.03567063,0.99989574
0.98363413,0.01053119,0.01909927,0.97963349
0.99302023,0.04962823,0.05175172,0.94685814
0.94844113,0.05781212,0.02178588,0.99682433
9.13052820e-01,4.68508670e-02,9.41483672e-05,9.39836480e-01
0.94775824,0.04430063,0.02732286,0.99677764
9.13335848e-01,9.46750617e-05,4.73312183e-03,9.90002699e-01
0.91616002,0.04489692,0.00348553,0.9916872
9.77608944e-01,7.85917590e-04,4.52130020e-02,9.99468178e-01
0.99259976,0.05339634,0.0528047,0.99993808
0.94539687,0.07766167,0.05757728,0.99127787
0.91644858,0.0161707,0.00871746,0.95858842
0.99690105,0.02417867,0.02614879,0.99998887
0.99260552,0.09954353,0.01046265,0.99990528
9.57946971e-01,5.56365013e-03,5.51517308e-04,9.24467241e-01
0.98390093,0.03191092,0.01104686,0.99952581
0.94295502,0.0227052,0.01033772,0.99633083
9.50179717e-01,9.80793607e-04,5.53038219e-02,9.96564749e-01
9.51661088e-01,3.43911945e-04,7.16623174e-03,9.96680351e-01
0.94477197,0.00628575,0.08953436,0.92102587
0.93807424,0.00576327,0.04309726,0.99332135
0.99540018,0.08480733,0.01146828,0.99995869
0.95260037,0.00189343,0.04431916,0.98592543
9.45927196e-01,4.26035581e-03,5.73677461e-04,9.40309946e-01
0.9484347,0.07338195,0.00241036,0.99537566
0.94014668,0.03388111,0.0015586,0.99593324
0.99474641,0.05309226,0.01149765,0.99976778
9.12737306e-01,2.31593811e-05,1.06811747e-02,9.90660027e-01
0.96462472,0.06997492,0.03641309,0.99844186
0.93245997,0.00100972,0.06064382,0.99020465
9.48855574e-01,1.72332299e-04,1.40459661e-02,9.88755163e-01
0.93504314,0.05440057,0.00522188,0.9951158
9.50361636e-01,6.18711741e-04,2.18300684e-03,9.37723309e-01
0.99366152,0.01710228,0.05037071,0.99995929
0.99273124,0.0058155,0.05951487,0.99930406
9.29769241e-01,1.76465468e-02,9.23836296e-04,9.94283947e-01
0.99335515,0.03546483,0.02940002,0.99986745
0.99839067,0.03076257,0.05986232,0.99999663
0.91723856,0.00326507,0.00175773,0.96805709
9.29434195e-01,1.95389923e-04,1.55560653e-02,9.91643025e-01
0.94570956,0.02927611,0.00934178,0.99670905
9.76102852e-01,8.96626933e-05,4.46722295e-02,9.98602325e-01
0.96189692,0.07041977,0.01471266,0.98549504
9.27856984e-01,1.96755828e-02,1.15067454e-04,9.93732223e-01
0.9887302,0.04300641,0.00340553,0.99984182
0.97924271,0.01419465,0.09795634,0.98179379
0.92945813,0.00313401,0.0336265,0.99349888
0.99182579,0.09412321,0.00997544,0.99992696
0.98117888,0.02238058,0.00354574,0.99945515
0.99773783,0.05934502,0.01991372,0.99903803
0.92583211,0.00933855,0.05174509,0.98171684
9.91485074e-01,4.21624542e-02,7.73979126e-04,9.99006619e-01
9.14430473e-01,9.68705389e-03,6.87908987e-04,9.85971491e-01
9.24663403e-01,1.22383404e-04,7.14816396e-02,9.88897039e-01
0.97425747,0.04809901,0.07600784,0.99927448
9.43668653e-01,8.16861003e-02,9.86010229e-05,9.80733192e-01
0.91926928,0.00146784,0.07806844,0.99234202
0.90819861,0.01092686,0.00298339,0.98707294
0.99743169,0.03620427,0.01487504,0.99999334
9.05133656e-01,8.67569751e-04,4.78408505e-02,9.77033922e-01
0.98859492,0.04991053,0.00254107,0.99986658
0.98429431,0.00161613,0.03213068,0.99959341
0.95427015,0.02198394,0.0212015,0.9714055
0.92780633,0.06771524,0.00268136,0.99398085
0.96622919,0.06580806,0.06094377,0.99542661
0.98600528,0.03441287,0.00699479,0.97057257
0.94706308,0.00135908,0.00124923,0.9967324
0.98685866,0.09237238,0.08837427,0.99969761
0.94324855,0.00131769,0.05594578,0.99592322
0.92933298,0.05701577,0.07814748,0.99329427
0.90442751,0.00410603,0.00485278,0.98180672
0.97668799,0.00655633,0.00428732,0.9795783
9.36445802e-01,6.57176522e-04,1.54533170e-02,9.47227069e-01
0.98355875,0.0053579,0.01522973,0.99777607
9.00673447e-01,8.57805539e-03,9.49253529e-04,9.85761383e-01
9.07260049e-01,3.81579403e-02,1.71008904e-04,9.40814042e-01
0.99174116,0.00963768,0.00970584,0.99934379
0.98679226,0.01805933,0.04520495,0.99715928
9.80809799e-01,8.29565119e-05,8.32384119e-02,9.99571666e-01
0.9960705,0.08184169,0.01066217,0.98443178
9.45694566e-01,1.94918528e-02,6.76056057e-04,9.74324604e-01
0.96032481,0.08104943,0.09595116,0.99817093
0.90470609,0.00156291,0.09239112,0.93430828
0.93653476,0.02403875,0.07692255,0.98956688
0.97278927,0.00201816,0.00474175,0.99541396
9.24589558e-01,3.55444996e-02,2.20203718e-04,9.86817328e-01
0.96541677,0.01594739,0.00526822,0.99858111
0.99045324,0.00382693,0.05204317,0.99990267
0.98733341,0.0122065,0.00435755,0.99980886
9.47498364e-01,2.55012540e-02,6.09290532e-04,9.96903297e-01
0.9454904,0.04049517,0.01338296,0.99668675
0.95780286,0.00412269,0.01941363,0.99805221
0.98619921,0.02055457,0.02481453,0.99099861
0.93185616,0.00345969,0.00257739,0.98656608
0.99756431,0.07139144,0.07388286,0.99997585
9.21267198e-01,1.33576964e-02,1.12986471e-04,9.89518601e-01
0.95356405,0.00673843,0.04158421,0.99589452
0.99433229,0.0664945,0.06676565,0.99990728
9.68234380e-01,1.01510151e-02,5.29594922e-04,9.98793037e-01
0.91078273,0.01215297,0.01710893,0.98727232
0.90375963,0.01636028,0.05591235,0.98864715
0.98949064,0.03505311,0.00727882,0.99985492
0.95056399,0.00263209,0.01883916,0.9957856
0.96277335,0.01514942,0.03785839,0.99850697
9.80378288e-01,6.42328655e-04,9.06304390e-02,9.46852616e-01
0.97873818,0.0506578,0.03376932,0.94639535
0.91781808,0.00207132,0.00307325,0.99036409
9.51411957e-01,1.36696826e-04,5.34512472e-02,9.97398052e-01
9.03160261e-01,1.93511747e-04,1.05875189e-03,9.88411638e-01
0.96701972,0.01296725,0.01292432,0.99883759
0.9379384,0.03035949,0.06085031,0.99560156
9.17478146e-01,5.31392517e-04,6.33114365e-02,9.91958666e-01
0.96321733,0.01884989,0.03487065,0.98950945
0.96088303,0.00268936,0.01425889,0.99797681
0.99131868,0.00220153,0.0826516,0.99944149
0.98094961,0.00546457,0.05518238,0.9996191
0.99843648,0.08161148,0.0616119,0.94426706
0.9980494,0.05591042,0.0916149,0.98523558
0.99756023,0.0129646,0.04454477,0.99784333
0.92227842,0.0026522,0.0860847,0.99210468
0.99859571,0.03792503,0.0775168,0.9999925
0.96554824,0.01610843,0.01880839,0.99524856
9.61643303e-01,5.63453345e-04,1.09191433e-02,9.98368670e-01
0.99582676,0.01251481,0.06924637,0.99987036
0.99290781,0.06686556,0.00390309,0.99434507
9.52191702e-01,6.43836287e-04,1.12240602e-02,9.44359727e-01
0.99686203,0.0597728,0.06168704,0.99998991
0.91192076,0.00249716,0.00101565,0.9632494
0.97699565,0.01508193,0.04641357,0.99919477
0.97137652,0.03426948,0.01251409,0.99885418
0.94349609,0.05332575,0.06838341,0.99609465
0.99505714,0.03161211,0.00733951,0.99987154
9.52601966e-01,5.87923568e-03,3.47800843e-04,9.97489660e-01
9.58404702e-01,4.85689318e-03,6.89247950e-04,9.98101647e-01
0.98736814,0.00893418,0.0304557,0.99873031
9.45439681e-01,3.84365462e-02,6.36007367e-05,9.91708975e-01
0.93080509,0.00376479,0.01784473,0.99449606
0.93503218,0.03265487,0.00436476,0.99515472
9.17464521e-01,2.80646565e-02,3.18699621e-04,9.91973145e-01
9.60664474e-01,2.61541778e-02,8.22319688e-04,9.98297128e-01
0.99578302,0.00489394,0.08041548,0.99998135
9.12064978e-01,7.27694557e-05,4.69388140e-02,9.90601730e-01
9.33840980e-01,9.76708000e-05,9.16803198e-03,9.94983261e-01
0.96325091,0.07938324,0.00338122,0.92919269
9.34541036e-01,2.34189268e-04,6.39270489e-02,9.42480813e-01
9.86019074e-01,8.56029999e-02,2.46457999e-04,9.99777747e-01
0.98851379,0.06902506,0.00375445,0.98985707
9.77328532e-01,3.67338735e-04,4.35102111e-02,9.98837002e-01
0.90907978,0.04585173,0.01907081,0.9900478
9.70165803e-01,4.92738062e-02,2.24719546e-04,9.99052315e-01
9.35231122e-01,6.26914285e-04,9.16709080e-02,9.88873760e-01
0.96349485,0.01888481,0.00198303,0.99713922
0.90963561,0.00798258,0.0174268,0.98282689
0.97527869,0.0196108,0.00161933,0.95229583
0.98830045,0.01191681,0.02359471,0.95425285
0.90775448,0.00158265,0.00556379,0.98822118
0.98314881,0.00369659,0.02836702,0.99928648
0.99164287,0.06883222,0.0970712,0.98962374
9.55541569e-01,8.67440929e-03,4.05663041e-04,9.93532483e-01
0.93121264,0.00421159,0.05156478,0.99455727
0.99455416,0.02582425,0.00442127,0.99938812
0.97242677,0.03691027,0.00351676,0.9991955
9.73093807e-01,3.09251073e-02,1.16567896e-04,9.95764375e-01
9.48266419e-01,9.34347417e-03,8.41078836e-04,9.90060372e-01
9.35315169e-01,4.86672340e-04,1.80532504e-03,9.91041075e-01
0.92900863,0.0078631,0.03045149,0.99409004
0.98483263,0.02890161,0.00301057,0.99975196
9.09663668e-01,1.90242573e-02,2.34303133e-04,9.80561116e-01
0.96741652,0.00364904,0.00696512,0.97434764
0.98787929,0.03852673,0.001572,0.999005
0.92813161,0.05671353,0.01415756,0.99402992
0.99395383,0.03313802,0.00927784,0.9999628
0.96171466,0.02611773,0.07824586,0.99839481
0.99733632,0.03806416,0.09128532,0.99999285
0.94270637,0.00342083,0.06111639,0.99631985
0.91391683,0.00248147,0.01141661,0.9845972
0.98993514,0.00631617,0.02731755,0.99781962
9.12681923e-01,9.85581425e-02,1.63575017e-04,9.74180160e-01
0.97515753,0.00949695,0.03014339,0.98532701
0.97209941,0.0212518,0.00848379,0.99917253
0.95092012,0.00124515,0.00116601,0.98385038
0.95710441,0.08763068,0.01182741,0.99739945
0.93229738,0.00184157,0.00177475,0.993754
0.98842392,0.01361187,0.02953672,0.9997331
9.03050807e-01,1.53863382e-02,2.48291536e-04,9.87990949e-01
0.97946995,0.00473199,0.02197134,0.99946093
0.99546692,0.02093441,0.09874957,0.99997662
0.96337022,0.04828381,0.00557162,0.99574659
0.98927417,0.02722872,0.01612662,0.99988094
0.90065209,0.00327124,0.0441749,0.98304801
9.36352531e-01,7.91653371e-04,3.93559241e-02,9.95152053e-01
0.93217735,0.00208464,0.04800605,0.99016178
0.94872313,0.00106838,0.03275512,0.99597534
0.99776462,0.05080506,0.01905113,0.99999497
9.13772368e-01,1.56306053e-04,3.00178268e-03,9.91030701e-01
9.91954440e-01,5.17467631e-02,9.80553586e-04,9.99913380e-01
0.97905542,0.08728802,0.02947339,0.92570856
0.93911657,0.0063674,0.02345785,0.9957238
0.97410801,0.00430201,0.00716549,0.99444363
0.98622259,0.02400565,0.01352057,0.98465233
0.98868067,0.02379055,0.08740381,0.99984484
0.98677385,0.06397457,0.00301165,0.99976797
9.56844770e-01,3.95125431e-05,4.23872094e-02,9.55436445e-01
0.94750924,0.08100472,0.00215245,0.99518282
0.99373646,0.00145382,0.03732189,0.99995149
9.17056455e-01,2.17092847e-04,6.09214168e-02,9.31151416e-01
9.72125315e-01,2.02185387e-04,5.91424334e-02,9.98776468e-01
0.97975938,0.05983674,0.01068595,0.91594623
9.34578117e-01,4.07134709e-04,3.23185418e-03,9.93050230e-01
0.99679503,0.04200589,0.05999182,0.99998924
9.41042273e-01,5.61169268e-04,2.69544411e-02,9.95332709e-01
9.64936460e-01,4.29583954e-02,4.54957749e-04,9.96768094e-01
0.91556493,0.02664534,0.03451275,0.96017586
0.96808496,0.0570369,0.0185588,0.9983767
0.99553907,0.06070384,0.02895782,0.99955794
0.97697636,0.0033215,0.01625554,0.99921896
0.97118161,0.00557296,0.0096338,0.98816057
0.98616815,0.00356735,0.05413084,0.9908979
0.91401003,0.00513409,0.01273662,0.99075809
9.87459562e-01,8.04165289e-04,3.39120414e-02,9.68513088e-01
0.94970843,0.0267219,0.01176639,0.99483093
0.95013335,0.01370049,0.00204224,0.99625564
0.96460938,0.07166416,0.01082007,0.99865259
9.09606426e-01,1.58653599e-03,2.35865567e-04,9.75378159e-01
9.15488111e-01,6.53537471e-02,1.54803555e-05,9.90118457e-01
0.9189391,0.00412642,0.00131938,0.99219578
0.99522269,0.00658649,0.08960211,0.99997696
0.939652,0.0014462,0.01176876,0.97158962
9.77738231e-01,4.90767488e-02,1.64681135e-04,9.99430662e-01
0.92683151,0.00703159,0.04300641,0.98572806
0.99856937,0.04757633,0.03192235,0.9976231
9.74955298e-01,5.41939637e-02,8.51198580e-05,9.99109246e-01
0.9551927,0.06793933,0.00744022,0.99649766
0.9960009,0.0693932,0.0356533,0.99995886
0.97475784,0.01475685,0.07314933,0.99932963
9.35749076e-01,4.02549572e-05,6.16778099e-02,9.90294426e-01
0.97929209,0.00142746,0.03232143,0.99919704
0.98799015,0.09188614,0.08231143,0.99975936
0.98669627,0.04763752,0.00251817,0.99974086
0.97707075,0.08758252,0.00316228,0.98191347
9.81293573e-01,4.15131671e-04,7.74256676e-02,9.99359408e-01
0.9594189,0.00468592,0.05932208,0.99657051
0.98379318,0.00631493,0.01206753,0.99972515
9.50530995e-01,8.56645528e-03,3.52617040e-04,9.88893172e-01
0.99689842,0.07963385,0.04869102,0.99995562
9.20356647e-01,7.06596475e-04,1.60465276e-02,9.66007151e-01
0.99862876,0.0400888,0.05676847,0.99999302
9.86307768e-01,8.88586719e-02,2.49758178e-04,9.99641332e-01
0.91663371,0.00168632,0.07702339,0.99177046
0.92885552,0.02026183,0.08542001,0.985556
0.99337931,0.03206395,0.00351929,0.99995487
9.71193308e-01,9.71826234e-04,6.43118423e-02,9.98701699e-01
9.81073917e-01,7.31373003e-04,2.37859648e-02,9.00400182e-01
9.38848705e-01,2.13911710e-02,1.47286066e-04,9.95582029e-01
0.9225515,0.01993492,0.00232214,0.99298916
9.76739087e-01,7.55956998e-04,2.33994149e-02,9.97776780e-01
0.98795668,0.02278238,0.07787098,0.99985636
9.76223017e-01,8.02890785e-02,8.21321768e-04,9.98823121e-01
9.00919342e-01,7.39066806e-04,8.89218738e-03,9.79558020e-01
0.99873751,0.0829996,0.08503972,0.99877367
0.98281965,0.00320096,0.06077637,0.99825317
0.95717238,0.04867108,0.09742669,0.99685572
9.63242595e-01,2.28640255e-04,3.38671813e-02,9.98508346e-01
0.99326002,0.04884761,0.00158383,0.99949817
0.98026326,0.00246218,0.0038223,0.98393132
0.98938038,0.01626881,0.01341543,0.99985829
0.95075014,0.00710307,0.01682396,0.99724953
0.97363418,0.08905899,0.03766942,0.99926655
0.96137584,0.0333728,0.00830671,0.99825764
0.97403365,0.09003102,0.0113208,0.99892376
0.93977075,0.00269901,0.04199983,0.99284076
0.96459112,0.00668914,0.00432121,0.90330014
0.98619829,0.00105917,0.05559457,0.95450895
9.66440928e-01,4.81330402e-02,1.98627711e-04,9.98607179e-01
0.94615061,0.00984084,0.09271448,0.99231462
0.97573107,0.05137904,0.0425091,0.94391668
0.99554975,0.04776839,0.03583708,0.99940508
0.94270528,0.00597018,0.00466815,0.99628224
0.93580131,0.0084627,0.01296702,0.99516451
0.92478586,0.03466523,0.00154811,0.99340236
0.91956078,0.00774737,0.07870549,0.99236772
0.98813756,0.02736876,0.02075639,0.99701592
9.43423165e-01,4.76219941e-04,6.05583943e-02,9.96115807e-01
0.99170821,0.01187605,0.00485211,0.99992034
0.97974433,0.00370021,0.06663659,0.99957278
0.98429682,0.07486338,0.00328386,0.99914342
0.99125886,0.0038262,0.03340868,0.99988509
0.98720236,0.07319808,0.0214442,0.99980483
0.9575678,0.09705306,0.00293323,0.90371396
0.97732379,0.00371291,0.04393083,0.99944223
0.97216723,0.04476916,0.0056377,0.99918052
9.09408101e-01,6.28690780e-02,4.44326093e-04,9.88834884e-01
9.86035933e-01,5.66255480e-04,7.89431751e-02,9.99790706e-01
0.95559733,0.00477173,0.01827352,0.99681443
9.07107248e-01,8.44214555e-02,5.95542654e-06,9.65887976e-01
0.92791879,0.00098553,0.0498557,0.95926519
0.99809357,0.01758405,0.03947036,0.99991274
9.83456018e-01,5.01934015e-02,5.57968951e-04,9.74407841e-01
0.91932101,0.04034483,0.00487815,0.98914048
9.72261753e-01,4.70639126e-04,3.06258150e-02,9.91917633e-01
0.99168859,0.09818011,0.02631151,0.98994374
0.9046058,0.00291112,0.01154764,0.98896615
9.82381423e-01,8.98764844e-02,7.70112572e-04,9.99673481e-01
9.54193017e-01,1.30140491e-04,1.44656056e-02,9.97626552e-01
9.52571434e-01,8.94887857e-02,8.55120224e-04,9.49330996e-01
0.99094837,0.09076852,0.05946856,0.99991655
9.88756046e-01,2.87173368e-04,9.33572376e-02,9.99861379e-01
0.98148598,0.00343671,0.08125844,0.99217137
0.99809067,0.04351215,0.05553338,0.99999294
0.96920191,0.08956705,0.00651786,0.99898929
9.62117425e-01,2.72113507e-02,4.63561335e-04,9.98380559e-01
0.9890609,0.02286521,0.00436428,0.9998511
0.98720738,0.03246419,0.02907826,0.95751407
0.95581674,0.06080874,0.08917606,0.99740614
0.90302157,0.02833163,0.00673176,0.95310843
9.76969586e-01,2.67151841e-04,2.87577088e-02,9.99443556e-01
0.95830649,0.00216316,0.00504827,0.99327089
0.97086862,0.02104879,0.00534217,0.99909423
0.98039511,0.00982798,0.0213774,0.99952515
0.91997866,0.00519669,0.01844993,0.99248415
0.9505054,0.02018578,0.00741649,0.9972872
0.9945088,0.08863636,0.02656026,0.9976191
0.99146167,0.02898613,0.00930906,0.99992323
9.77383980e-01,5.73124979e-05,8.65779089e-02,9.99436674e-01
9.80083709e-01,7.58104307e-02,9.56047493e-04,9.99548399e-01
9.57074920e-01,4.12685829e-04,2.72973070e-02,9.93530108e-01
0.98840476,0.03649581,0.08163255,0.99920096
0.99406405,0.08899715,0.00243956,0.99994972
9.67869729e-01,8.48507837e-04,9.45452294e-02,9.98737474e-01
0.99383068,0.05574484,0.01082483,0.99881261
0.94856586,0.01510759,0.00791025,0.99401187
0.97464051,0.05469787,0.00549776,0.99932055
9.36517620e-01,2.25049710e-02,7.43222145e-05,9.95425996e-01
9.64794113e-01,7.30412159e-04,3.69800194e-02,9.96239035e-01
0.92766467,0.00217198,0.00297028,0.9906323
0.99530676,0.00654372,0.05979421,0.99996382
9.34409188e-01,9.65475561e-02,3.12685988e-04,9.86135272e-01
0.99824182,0.02948441,0.08747004,0.99999611
0.99492701,0.05348924,0.02964564,0.99997349
9.73551209e-01,3.76194024e-04,6.39554230e-02,9.98068928e-01
0.97450312,0.02403643,0.0017034,0.95237666
0.9677392,0.00341636,0.08250585,0.99844797
0.93152516,0.00550592,0.00275988,0.99357205
9.60016528e-01,4.77023452e-02,7.36775490e-04,9.98241582e-01
0.99488544,0.01719307,0.03914399,0.99995047
0.98641509,0.03841047,0.00575327,0.99979439
9.33567347e-01,5.55390163e-02,3.11028042e-05,9.71150314e-01
0.96317962,0.00362046,0.02152146,0.98617518
0.99033612,0.0166334,0.02523348,0.99990475
9.30604689e-01,9.95897131e-03,1.87282541e-04,9.91434733e-01
0.94331917,0.03098434,0.00288875,0.99640031
0.93873658,0.02899587,0.01006508,0.99487577
0.99703095,0.02293673,0.01017268,0.99998676
0.9536742,0.00426155,0.00964044,0.99420216
9.07234358e-01,3.92484559e-04,5.68545541e-02,9.84885917e-01
9.30977205e-01,5.98244126e-02,4.84295801e-04,9.94516172e-01
9.62081709e-01,3.34669133e-02,1.86015013e-04,9.96907568e-01
0.9980695,0.00818694,0.09403435,0.99999553
0.90664879,0.02427735,0.08731715,0.98936968
0.99199243,0.04482197,0.04194682,0.99992844
9.80715317e-01,4.16456215e-04,7.19613921e-02,9.99322708e-01
0.99758403,0.01004167,0.09084617,0.99064539
9.89861145e-01,5.10849761e-02,9.87770575e-04,9.99894216e-01
9.33726578e-01,1.31665312e-03,5.96634524e-04,9.92910271e-01
0.98294749,0.00972072,0.01204036,0.99964923
0.9802794,0.01887045,0.08149826,0.99959359
0.96632582,0.04310611,0.00842898,0.99884896
0.99072416,0.02548878,0.01472789,0.99984802
9.16835861e-01,4.05203828e-04,3.45189574e-02,9.44301764e-01
0.99711561,0.01514925,0.06720491,0.99999161
0.95420491,0.00337217,0.05604149,0.9863855
0.99621379,0.00662432,0.02812767,0.99997175
0.93919318,0.02029789,0.00424456,0.91843588
0.99671901,0.00203797,0.08728227,0.99751409
9.13501437e-01,1.95480562e-04,7.86635405e-02,9.85807719e-01
0.9519252,0.00149206,0.03802828,0.99745329
9.02362511e-01,7.85865026e-02,6.37856611e-05,9.86280747e-01
9.28923470e-01,1.08250780e-05,5.86486822e-02,9.94178894e-01
0.91814554,0.07652083,0.0441392,0.93346118
9.76748504e-01,4.03098065e-02,5.89939078e-04,9.82271329e-01
0.98501565,0.0601332,0.08837524,0.99708087
9.26569947e-01,6.21289712e-03,3.86794057e-04,9.93758251e-01
0.99255352,0.02227653,0.00170222,0.99994356
9.14058204e-01,1.81533010e-05,9.60079352e-02,9.72807244e-01
0.93514028,0.00487647,0.00294965,0.99398333
9.19985076e-01,6.28213049e-05,5.00039856e-02,9.85984012e-01
0.91392158,0.01626764,0.03048753,0.99099525
0.90423386,0.00111094,0.00556062,0.9888938
9.52359063e-01,3.27457301e-02,1.38809180e-04,9.96295364e-01
9.63896044e-01,4.27362122e-04,5.07663546e-03,9.98557477e-01
9.33779666e-01,3.94132234e-04,3.93863707e-02,9.71471463e-01
0.99085252,0.08165456,0.03426539,0.99770695
0.96643117,0.09601849,0.04920725,0.99537937
0.97669845,0.00408905,0.03826234,0.97535667
0.99421811,0.01563618,0.0142851,0.99458874
0.99873137,0.02516042,0.0669274,0.9999983
0.92871551,0.06373996,0.00142701,0.98531413
0.94674437,0.00521625,0.01800545,0.99684438
9.36329102e-01,3.81904060e-02,1.42906605e-04,9.95229669e-01
9.84536521e-01,2.60573399e-02,4.97385116e-04,9.99745870e-01
0.96507464,0.05267144,0.02008638,0.97463571
0.95861584,0.04867839,0.00902963,0.97966672
0.99835586,0.0742526,0.07751352,0.99531703
0.9161761,0.01073619,0.02439568,0.99065151
9.49432128e-01,7.47266077e-03,1.62211587e-04,9.96411939e-01
0.98088601,0.00487714,0.00417277,0.99555418
0.90980746,0.00490005,0.05170962,0.99026813
0.9926487,0.04447039,0.00433547,0.99994096
9.37270952e-01,3.04941240e-04,2.28968154e-03,9.85489852e-01
0.90825227,0.02175852,0.00146714,0.98960577
0.99607243,0.03059424,0.08534213,0.99948263
0.94193028,0.00152131,0.00161566,0.99499224
0.9657974,0.0061082,0.00102883,0.98925732
9.37749232e-01,4.10302139e-02,6.09063072e-05,9.14542112e-01
0.98760992,0.08493114,0.0297555,0.99976326
0.99095961,0.00174375,0.07537709,0.99991566
9.55478261e-01,3.21662970e-03,4.05073834e-04,9.95662456e-01
0.93215336,0.04977866,0.00130769,0.98472379
0.99149267,0.00956494,0.04538607,0.99992619
9.25905954e-01,3.49300940e-02,4.08693431e-04,9.93588801e-01
0.917699,0.0166995,0.00391898,0.99193071
0.99505672,0.01472786,0.05393779,0.97011475
0.98620009,0.00174563,0.02876126,0.99460378
0.98965282,0.08763609,0.05336387,0.99989069
0.93160899,0.00762244,0.01098961,0.98167303
9.81848428e-01,7.34055733e-02,8.35576681e-04,9.99453676e-01
0.97290067,0.0011999,0.0049475,0.92225853
0.90015765,0.0009967,0.00138748,0.98783052
9.73389829e-01,1.43380828e-04,6.74292751e-02,9.99252331e-01
9.38463843e-01,1.45379620e-03,6.90163434e-04,9.93981731e-01
0.98004562,0.01315356,0.03428154,0.99956969
0.91983742,0.00512787,0.00197606,0.95542758
0.99818597,0.06382261,0.06229186,0.99999187
0.98890636,0.0342238,0.04044107,0.99987415
0.94532124,0.00350456,0.03906837,0.99576051
0.98064562,0.09678311,0.03751779,0.99773122
0.9387413,0.09267191,0.03539336,0.99406494
0.98570056,0.09583136,0.00492602,0.99952336
0.99547451,0.09759577,0.02669968,0.99938478
0.9285329,0.02913748,0.00854336,0.99404581
0.93762422,0.0015399,0.00286676,0.99027635
9.78184873e-01,9.68593646e-04,9.29028056e-03,9.99461864e-01
0.94708806,0.00908054,0.08963048,0.99656868
0.95041385,0.00810516,0.01333599,0.99728435
0.91305442,0.02024932,0.00409257,0.99030674
0.98979126,0.04880799,0.00732012,0.99989331
0.94846401,0.00219447,0.09126659,0.91498496
9.09744433e-01,8.87274037e-02,5.02664688e-05,9.86369339e-01
0.98388354,0.03768536,0.07976652,0.99973166
9.22778656e-01,8.69749429e-02,5.34610478e-04,9.90064049e-01
0.97503751,0.03716957,0.04689603,0.99670893
9.66079814e-01,7.56419199e-02,1.84000942e-04,9.98749681e-01
9.49276246e-01,9.67473380e-05,6.60329089e-02,9.94963733e-01
9.81512969e-01,1.67911777e-02,7.79329751e-04,9.99600494e-01
9.68680867e-01,5.53229286e-04,3.07328872e-02,9.98934621e-01
0.97109779,0.00538298,0.07294813,0.95338287
0.95083105,0.01291121,0.00461821,0.9659964
0.93898439,0.02145966,0.0085066,0.99289511
0.9667918,0.01463446,0.00100927,0.99172552
0.98118407,0.02228799,0.03364191,0.99538533
0.99101529,0.0121422,0.06973378,0.99971636
0.94252997,0.04911607,0.01420947,0.99619718
0.94870149,0.07906256,0.07135975,0.99651291
0.97426047,0.00549293,0.09070872,0.99619681
9.58668506e-01,9.41699162e-02,2.81406937e-04,9.97908524e-01
0.98041089,0.04985685,0.01051185,0.99954866
0.90981061,0.02747163,0.03647689,0.9902681
0.98029108,0.00696894,0.00220606,0.98348545
9.59461065e-01,1.91096024e-02,3.60590512e-04,9.97561783e-01
9.34566818e-01,3.30939034e-04,2.28043542e-02,9.95056012e-01
0.90958209,0.0389539,0.06073659,0.9902091
9.13562396e-01,1.49296254e-02,3.68741350e-05,9.87209153e-01
0.98636962,0.00534739,0.02962405,0.98818837
9.42804921e-01,2.25447229e-04,7.95442390e-02,9.93637909e-01
9.11785541e-01,2.91208669e-02,7.35308307e-05,9.76029988e-01
9.48181586e-01,5.99144003e-02,8.90839500e-05,9.97021816e-01
9.38117662e-01,1.25429050e-04,1.56431697e-02,9.84689790e-01
0.99316717,0.05619213,0.0070244,0.92672372
9.55244938e-01,2.29753284e-03,7.54332128e-04,9.97787508e-01
9.23295402e-01,9.58466553e-04,3.09020096e-03,9.93101427e-01
0.98282994,0.05982539,0.00454926,0.99818407
0.99576291,0.01369795,0.01497669,0.99379456
0.95377367,0.01018373,0.02372423,0.96421206
0.99059646,0.02788996,0.00463863,0.99984248
9.43162858e-01,1.59579826e-04,2.18663513e-02,9.92563501e-01
0.97801812,0.00443349,0.00795231,0.99346516
0.98510891,0.02621982,0.02047307,0.99970621
0.96323547,0.00131662,0.02869119,0.99137586
0.93334943,0.03556067,0.04156239,0.98192944
0.97480136,0.04980577,0.04311906,0.99931046
0.99468662,0.0073829,0.05557587,0.99997004
9.41442463e-01,3.53402591e-04,8.13271070e-02,9.90078810e-01
0.97329094,0.02457598,0.05347705,0.99179483
9.81400994e-01,3.85765172e-02,9.84244175e-04,9.96188071e-01
0.98344347,0.00385334,0.00516948,0.99969968
0.99419234,0.07158998,0.00222474,0.99996519
0.96727124,0.09746514,0.00721106,0.98885851
9.48898952e-01,3.44089954e-02,9.85008044e-04,9.96766615e-01
0.98431186,0.00448723,0.03322142,0.99897197
0.92948204,0.06673221,0.02664048,0.99427608
0.92177206,0.04924073,0.00484282,0.98608237
9.29115290e-01,4.78468183e-02,6.30928112e-04,9.91586218e-01
9.60580339e-01,1.27785840e-04,9.79036126e-02,9.98315925e-01
9.53167042e-01,3.87341241e-02,3.46089660e-04,9.97567264e-01
0.99635859,0.04191642,0.0619379,0.9998755
0.99154586,0.03655858,0.02647021,0.99982932
0.9328234,0.00282385,0.04171465,0.98803858
9.32064376e-01,1.20452526e-02,2.80004203e-04,9.90102983e-01
0.94692604,0.00825712,0.00463013,0.99627136
0.97325709,0.04025086,0.0675325,0.95030295
9.55861763e-01,2.67377913e-02,4.60601985e-05,9.97764655e-01
0.92729769,0.00209991,0.01571333,0.99179968
0.94012166,0.03326121,0.00150003,0.99531735
0.94852228,0.07669969,0.04171219,0.98317982
0.9826112,0.00299949,0.02090386,0.99945127
0.99242594,0.02417768,0.04670565,0.99994254
9.50504791e-01,7.94426794e-05,1.69372730e-02,9.83813379e-01
0.98349262,0.0111323,0.00505198,0.99691755
0.95363444,0.04232664,0.00149295,0.98067992
0.9827321,0.0144301,0.09084172,0.99937797
0.94102287,0.00164417,0.00269453,0.99531412
0.94251411,0.0137899,0.00444169,0.99625074
9.39249904e-01,1.98652033e-04,4.29383409e-02,9.84513490e-01
0.9634091,0.01851121,0.00237547,0.97225436
9.35761209e-01,2.59270578e-02,4.46162464e-04,9.95291034e-01
0.96280249,0.09684733,0.01445541,0.99662541
0.99099708,0.05620884,0.04231634,0.91720414
0.99695021,0.01794684,0.02501421,0.99998629
9.04962792e-01,6.75525662e-04,1.04797474e-02,9.88004585e-01
0.90878864,0.03096217,0.05881698,0.98443371
0.90525788,0.01732872,0.03595056,0.92721137
9.65284968e-01,5.81052082e-04,1.83627573e-02,9.98708228e-01
0.98934434,0.01288108,0.08105568,0.99298344
0.98651739,0.0320098,0.00401868,0.99963413
0.96351527,0.04189213,0.00572111,0.99856763
0.95837624,0.00575274,0.04087673,0.99804598
9.25485722e-01,2.81528846e-02,7.73290765e-04,9.89643645e-01
0.967267,0.05750399,0.01093602,0.99906718
0.98900451,0.00286009,0.0149598,0.99987629
0.99311511,0.0712929,0.01171301,0.99886981
9.40208440e-01,5.84437833e-02,4.02994787e-04,9.95966495e-01
0.99697443,0.02566813,0.0452736,0.99999079
0.99666902,0.01620416,0.02354572,0.99498421
0.994224,0.00728697,0.08930611,0.9998948
0.9954988,0.06547619,0.03536571,0.98645711
0.9808228,0.02370218,0.04562739,0.99961777
9.79927746e-01,1.62573939e-02,6.23971441e-04,9.97368923e-01
0.92622224,0.0788927,0.03931426,0.99264812
9.01612373e-01,4.05247549e-04,1.36915698e-02,9.79557057e-01
9.19915707e-01,7.63494914e-03,4.88623889e-04,9.90792158e-01
9.08251262e-01,3.85631383e-04,5.83538935e-03,9.89805408e-01
9.75095666e-01,3.98605859e-02,3.57962545e-04,9.98552558e-01
0.97045825,0.07112296,0.01165534,0.99906518
0.96403045,0.01645728,0.0128607,0.97564768
0.93216498,0.02795328,0.01258265,0.91710831
9.43105882e-01,9.46909175e-02,7.76609544e-05,9.94991384e-01
0.97333156,0.01955376,0.00211879,0.99924358
9.73044336e-01,4.03975624e-02,9.88139226e-04,9.96887277e-01
0.93409498,0.01123837,0.0280597,0.94972323
9.18990265e-01,3.84172282e-04,7.42173311e-02,9.83288148e-01
0.9873934,0.07282775,0.03241292,0.99983696
9.70772503e-01,1.94473514e-04,9.27788880e-02,9.86779693e-01
0.96612767,0.04104669,0.00266377,0.99624115
0.9938744,0.0151623,0.01544246,0.99994488
0.98658501,0.03166909,0.00911009,0.99777503
0.95973756,0.07711259,0.01259613,0.99768546
9.35363099e-01,9.09152894e-05,8.34937356e-03,9.95209759e-01
0.95767237,0.00260081,0.0063189,0.97603673
0.90418087,0.01762371,0.00226016,0.91040302
0.99087564,0.01120706,0.07367124,0.99960301
0.93652629,0.00158646,0.06106541,0.957171
9.30675830e-01,1.40411154e-04,9.54433469e-02,9.94424512e-01
0.95949242,0.00635739,0.04651088,0.99731266
0.91457104,0.01676765,0.00955279,0.9910737
0.92178253,0.0034349,0.0053462,0.99205533
9.86769902e-01,9.50040340e-02,2.39447639e-04,9.99813295e-01
0.99403491,0.02795369,0.00695598,0.99990632
0.99504113,0.0733992,0.04624533,0.93131054
0.99037803,0.0356185,0.06246825,0.99543909
9.58864507e-01,1.10400449e-04,8.72468308e-02,9.97912963e-01
0.97335026,0.00104767,0.0083294,0.98319324
0.94992473,0.00526036,0.0046346,0.98047739
0.92821326,0.00306712,0.00502374,0.99405285
0.95192484,0.05114651,0.0917805,0.99711323
9.63922022e-01,9.66545350e-02,9.14865229e-05,9.97247332e-01
0.99680227,0.00757263,0.06764979,0.99998007
9.75558571e-01,1.13167389e-04,5.80762397e-02,9.98875817e-01
0.99498842,0.00680275,0.06061889,0.99923235
0.91231541,0.00133791,0.00761095,0.91130402
9.69619624e-01,2.30512160e-04,4.72053609e-02,9.99003507e-01
0.98097449,0.00180131,0.01312981,0.99962153
0.97190306,0.01789027,0.09787355,0.99918877
0.96080469,0.00364261,0.00370295,0.99822589
0.9443862,0.01790671,0.07145996,0.92232112
0.99730961,0.02891679,0.04697347,0.99999129
0.99729497,0.02318108,0.02557534,0.99867075
0.9941945,0.01009132,0.04146869,0.99996313
0.98305088,0.03644976,0.00353407,0.99945607
9.90047246e-01,3.94962803e-04,8.14695520e-02,9.99780929e-01
9.16523013e-01,3.81501129e-02,2.06010108e-04,9.88914375e-01
9.42033841e-01,5.11020318e-03,4.38256207e-04,9.96199515e-01
0.90470567,0.00203093,0.00640211,0.98679277
0.99673015,0.01683395,0.04731214,0.99424237
9.28830301e-01,1.92727542e-02,2.98993525e-04,9.91329088e-01
0.97260578,0.00268954,0.09309258,0.98940023
0.99562671,0.03718824,0.00904339,0.99997721
0.95009629,0.00678643,0.010179,0.99354561
9.11196201e-01,2.05242724e-04,2.97241946e-03,9.90543924e-01
9.66952038e-01,1.40880159e-02,5.49128572e-04,9.91039470e-01
0.99387974,0.04348071,0.03042781,0.99996186
9.33295192e-01,4.52848616e-04,4.92698476e-03,9.94915858e-01
0.94680869,0.06288722,0.02031731,0.99607304
0.98791518,0.00368308,0.01472241,0.99458671
0.93552611,0.02217229,0.00101644,0.99526684
0.98519899,0.02690903,0.03559015,0.9997504
0.98584577,0.00191644,0.06519759,0.99960966
0.99523905,0.01385968,0.01550574,0.9995827
0.98352534,0.01432287,0.00518362,0.93137032
0.9637107,0.00482059,0.00318889,0.9985053
0.9297148,0.06999515,0.01618164,0.99138577
9.83153428e-01,9.36805451e-02,1.33804187e-04,9.99164309e-01
0.98482901,0.00977784,0.01482641,0.9995889
0.99638414,0.0842493,0.00420909,0.99998678
9.45949075e-01,1.16935804e-02,8.13071998e-04,9.95336927e-01
0.9634836,0.04368235,0.07428416,0.97876573
0.98010528,0.03230563,0.00809017,0.94266761
9.92916886e-01,9.89238625e-02,4.70555431e-04,9.99947122e-01
0.98419112,0.05512067,0.01610127,0.99974065
0.94502599,0.00582321,0.00328428,0.99660363
0.98248697,0.00943242,0.01018819,0.99949686
0.97810884,0.01029847,0.00306891,0.98444226
0.95274173,0.00360704,0.00167553,0.99623809
0.98964481,0.00298957,0.03903128,0.9998074
9.48795844e-01,6.09196762e-04,2.81269661e-03,9.86237200e-01
9.22066065e-01,2.62994896e-03,6.65055490e-04,9.90717314e-01
0.98821802,0.00697516,0.08997208,0.99985697
0.99170102,0.05469209,0.00230889,0.99992916
0.99491078,0.0442434,0.00922783,0.99389709
0.97369322,0.0318959,0.06870735,0.99902163
0.92302712,0.00514039,0.01281048,0.9925762
0.9840618,0.05404594,0.0144038,0.99973323
0.99257209,0.04684422,0.0026868,0.99960552
9.64028831e-01,5.49849349e-02,1.17491657e-04,9.38153032e-01
9.70012178e-01,3.95086776e-02,5.40303476e-04,9.71154028e-01
9.19283042e-01,3.44133603e-02,5.02988141e-05,9.91919215e-01
0.96980652,0.01849483,0.0445669,0.99900358
0.94454833,0.00184379,0.0418427,0.99554612
0.90500014,0.00397682,0.00268561,0.98805336
0.9934026,0.01109164,0.01670438,0.90056203
0.90510428,0.02236624,0.05260611,0.98697437
0.98811864,0.06580614,0.00532798,0.99971572
0.99779542,0.09027486,0.02554579,0.99988784
9.62352592e-01,2.30150059e-04,8.31689343e-02,9.98462574e-01
0.99795508,0.02194435,0.03278257,0.99999557
0.99495564,0.0283748,0.01536995,0.99997339
0.97475287,0.02468944,0.00487269,0.92551088
0.93724407,0.09909557,0.0029089,0.99476253
0.90091594,0.00112623,0.0414453,0.98597897
9.50514623e-01,2.67327077e-02,1.48004160e-04,9.96246279e-01
0.9125806,0.00695858,0.03695239,0.98809651
0.99112146,0.04238176,0.00167801,0.94814421
0.96848101,0.03694859,0.00160432,0.99884038
0.94914074,0.03785197,0.0032759,0.99219998
0.99707086,0.01209919,0.05463351,0.99998983
9.79108887e-01,7.94658776e-04,1.25917992e-02,9.99536307e-01
0.90544585,0.01020018,0.00187038,0.98918488
9.01249966e-01,2.92839335e-02,2.23239158e-05,9.88136300e-01
9.39409183e-01,6.93999655e-04,4.07599217e-03,9.95849245e-01
0.97117892,0.05069624,0.0817108,0.99910394
9.76612258e-01,4.64449888e-04,1.25473748e-02,9.98297731e-01
0.98272171,0.02139609,0.01292828,0.99968326
0.98294758,0.0089183,0.03358998,0.99922847
9.02465953e-01,6.28664397e-02,9.83881498e-06,9.87993799e-01
9.15974866e-01,2.07906291e-02,4.85243340e-04,9.86285529e-01
0.96872123,0.01971623,0.00140726,0.9989215
0.99771328,0.01894081,0.04661568,0.99999258
9.43314861e-01,3.49230385e-02,6.83370141e-05,9.54934043e-01
9.42368584e-01,4.53621676e-02,3.79556636e-04,9.96180009e-01
0.92127277,0.03668697,0.00768224,0.99274692
0.98434747,0.00812001,0.02093499,0.99974693
9.72373977e-01,7.28100962e-04,5.57940588e-03,9.99181957e-01
0.9881486,0.08045738,0.03032706,0.99979619
0.98220102,0.00362237,0.08711875,0.95417529
0.96894447,0.0296697,0.03615088,0.996672
9.19693286e-01,5.10160264e-04,5.09166597e-02,9.92212290e-01
0.963222,0.00901457,0.01933589,0.99832341
0.94279228,0.0075524,0.00184377,0.98678035
0.95485425,0.00367862,0.00195384,0.99326103
0.97044965,0.02833735,0.00140536,0.99470212
0.94163445,0.01090102,0.0157202,0.95461843
0.997184,0.09378291,0.04462372,0.99959309
0.93453581,0.00171609,0.00298898,0.99511649
9.23296445e-01,1.42446658e-02,4.15185734e-04,9.85965532e-01
9.43881031e-01,5.93239246e-02,1.01245786e-05,9.93595051e-01
9.78235831e-01,3.41831134e-02,5.32139022e-04,9.99479192e-01
0.94468495,0.02389459,0.00196207,0.99658004
0.91600546,0.01025559,0.01574252,0.99136217
0.95107719,0.00746435,0.0014096,0.99479746
9.65053649e-01,6.67417690e-05,4.91069704e-02,9.98219868e-01
0.98603194,0.01197745,0.08911517,0.99979881
0.99364127,0.03505132,0.04316524,0.99951838
9.38067317e-01,4.14642010e-02,1.36980323e-05,9.73539366e-01
0.96894115,0.01747745,0.05274145,0.97651567
0.97992886,0.00567849,0.00878136,0.98789922
0.98328125,0.05208216,0.04285627,0.99861246
0.95548896,0.00790345,0.01332048,0.99515822
0.96346159,0.0086874,0.00258443,0.97961314
0.92144043,0.00302607,0.01466895,0.99272713
0.98068446,0.00470689,0.0924265,0.99830629
9.31425286e-01,3.91586221e-02,1.22444098e-04,9.64149583e-01
0.97629457,0.00349508,0.08923807,0.99938427
0.98109916,0.08093791,0.00503347,0.99940073
0.95160438,0.01430745,0.0050303,0.99737779
9.64494632e-01,1.44647180e-02,7.68849670e-04,9.93581439e-01
9.74195214e-01,2.09645445e-02,1.71305484e-04,9.99101445e-01
0.93591899,0.00476204,0.01651569,0.94729539
0.97081393,0.07010039,0.0230443,0.9989261
0.96104071,0.0099944,0.0039782,0.92348978
0.98545334,0.05743651,0.00367229,0.99977944
9.55814642e-01,6.32996954e-02,1.83216040e-04,9.80104680e-01
0.96998801,0.00470616,0.01281542,0.99814645
0.9889953,0.03010546,0.04965654,0.99987529
9.30246253e-01,7.87507649e-02,2.70455156e-04,9.94575645e-01
0.92718009,0.0274766,0.00174244,0.99351479
0.9799821,0.07539847,0.0959503,0.93547139
9.65962595e-01,6.97831900e-03,6.99661341e-04,9.84166165e-01
0.99087427,0.00217652,0.01865292,0.9999152
0.98214174,0.06156452,0.01309783,0.99966426
0.94235311,0.01368607,0.00386367,0.99139441
0.94801244,0.02537139,0.01798244,0.99699832
0.94341164,0.00110388,0.03475675,0.99546302
0.98533243,0.06159128,0.02268268,0.99964209
0.99376486,0.09897142,0.07902566,0.99962857
0.90072799,0.00862713,0.01963673,0.9852933
0.9910682,0.03383764,0.01184258,0.9998955
0.91321935,0.00862964,0.00170559,0.94554501
0.97639815,0.01924467,0.00254044,0.98093023
0.97767762,0.00536942,0.02600165,0.99947716
9.59529416e-01,1.14172325e-04,6.84448377e-02,9.87371609e-01
0.96001373,0.07530576,0.01464858,0.99823899
0.99479361,0.08562412,0.03503512,0.9999725
0.97038195,0.00826606,0.00189883,0.99883162
0.97779109,0.01348148,0.0213203,0.99947368
9.78552959e-01,2.86596641e-04,2.29023888e-02,9.99420763e-01
0.92773689,0.0045465,0.00438907,0.99041895
9.51414865e-01,5.11508365e-03,3.49586496e-04,9.81535554e-01
0.98502477,0.02596893,0.02485829,0.99961517
0.98726478,0.00304342,0.02967027,0.99357006
0.92446314,0.02616134,0.00258628,0.96507154
0.99311589,0.01648768,0.00418503,0.99993942
9.68972387e-01,7.15185888e-02,1.44614452e-04,9.98355631e-01
0.93874912,0.00103964,0.03874184,0.99575823
0.93736242,0.02457376,0.02500016,0.97643295
9.60009443e-01,9.02643806e-05,3.66674589e-02,9.27310138e-01
0.98595391,0.00965971,0.0770476,0.98586123
9.67920973e-01,7.87986277e-02,1.77422606e-04,9.98861012e-01
0.97036701,0.01310358,0.04934749,0.99897978
9.51082582e-01,5.09057990e-04,1.42305793e-02,9.49974753e-01
9.21150349e-01,1.16358480e-02,6.05622290e-04,9.61595438e-01
0.98793824,0.00224706,0.08483247,0.9729945
0.93688302,0.025791,0.00477109,0.99476887
0.95466873,0.00816882,0.00168152,0.99760866
0.90922418,0.00175819,0.02094052,0.9901272
9.19833715e-01,1.31698340e-02,3.68309366e-05,9.70596704e-01
0.95380345,0.01144186,0.01366703,0.99756216
0.97131145,0.01501012,0.06936352,0.91141879
0.97876635,0.04077791,0.03937874,0.99951272
0.99405922,0.07465806,0.0873629,0.99995877
0.94023837,0.00288591,0.07623485,0.99597586
0.94446973,0.00536185,0.00648683,0.99655216
0.93888203,0.04402947,0.06736781,0.99303805
0.96888456,0.00428381,0.00352567,0.98672204
0.98489163,0.01760149,0.00834531,0.99963128
9.59047776e-01,9.15831208e-04,5.41606746e-03,9.86687336e-01
0.95151853,0.00293648,0.00141446,0.99738523
0.99440758,0.0626572,0.08233968,0.98732825
0.94728156,0.01443652,0.02265964,0.99670233
0.92002097,0.08950879,0.0055971,0.9913841
0.92881588,0.0267859,0.02598279,0.99413409
9.50929734e-01,1.43239778e-04,1.48873054e-02,9.96065287e-01
0.93126445,0.01533078,0.00113605,0.9944626
0.96084711,0.03489288,0.0361786,0.93216754
0.96943945,0.00724942,0.01078557,0.99900708
0.9742887,0.05718071,0.00646296,0.99494099
0.98858677,0.03946454,0.09484815,0.99859801
9.67903636e-01,2.20389298e-04,7.51048175e-02,9.98888133e-01
0.95370675,0.01175998,0.00417505,0.98901429
0.95281135,0.00168732,0.01202118,0.99719056
9.54656728e-01,9.60474882e-04,1.87078523e-03,9.97747819e-01
0.99856061,0.0754831,0.01577759,0.99997241
9.51430772e-01,1.12977766e-04,9.18676864e-02,9.97401104e-01
0.99590553,0.05817515,0.02280601,0.99998282
0.92081429,0.0029504,0.00610053,0.992304
0.90971867,0.00345381,0.02122064,0.99022597
9.67485099e-01,6.15739670e-03,3.23102257e-04,9.98595827e-01
9.55801175e-01,2.98435509e-04,7.66883427e-02,9.30189535e-01
0.96946226,0.03105124,0.01300924,0.99836511
9.18922212e-01,4.76558808e-02,1.22003333e-04,9.80181631e-01
9.54863867e-01,1.99373543e-02,2.11773358e-04,9.96799065e-01
0.93612061,0.01277635,0.00962711,0.99536096
9.08675970e-01,8.36009686e-05,8.98570211e-02,9.89967383e-01
0.96451599,0.0575876,0.00453931,0.99840273
0.94549117,0.08265168,0.03016763,0.9963749
0.96056857,0.00521026,0.01422458,0.99674161
9.87679758e-01,7.40105704e-04,6.90791085e-02,9.99737499e-01
9.27469281e-01,3.78787603e-02,7.05531995e-04,9.93901910e-01
9.31054403e-01,4.27586554e-03,4.27917675e-04,9.76908766e-01
0.98856105,0.06287796,0.08089171,0.93368293
0.96182073,0.00585894,0.06874537,0.95258855
0.97997642,0.04792348,0.00910076,0.99815335
0.98436011,0.01401878,0.01537522,0.99974714
0.99062419,0.02388002,0.08954443,0.99367726
0.94245031,0.05541936,0.02036325,0.99620453
0.99650182,0.09880032,0.04213087,0.9817817
9.76148919e-01,4.02165272e-04,1.17641416e-02,9.99329683e-01
0.98916565,0.03899224,0.01893066,0.99987845
0.96457037,0.00298413,0.07198859,0.98724705
9.68709003e-01,5.60702471e-02,6.90581159e-05,9.81642928e-01
0.9868928,0.06636032,0.06709894,0.99982326
9.68744822e-01,2.46605535e-02,5.77278892e-04,9.98949455e-01
0.98491882,0.00863038,0.06890337,0.99965085
9.89510118e-01,7.31978116e-02,9.62135819e-04,9.99860238e-01
0.97375272,0.03013591,0.05175549,0.99898449
0.90609874,0.01666321,0.01312437,0.98892616
0.99406005,0.05735095,0.00703766,0.9999619
0.97062432,0.00124795,0.01064918,0.99888945
9.74182892e-01,9.97887019e-02,8.74335897e-04,9.97714960e-01
0.98839141,0.02035067,0.01301541,0.99978985
0.99590982,0.03172304,0.06012063,0.9999831
9.32874786e-01,4.74301367e-03,2.70019220e-04,9.91945798e-01
0.91289924,0.00688318,0.00298065,0.98884828
9.32232686e-01,1.85995239e-02,6.44129781e-04,9.85555383e-01
0.99696649,0.01695877,0.05917574,0.99999055
0.99695414,0.01134117,0.02374727,0.99999054
9.30821531e-01,7.81714569e-04,7.43148466e-02,9.93941293e-01
0.91933654,0.00277205,0.01653313,0.98505196
0.96820008,0.08718855,0.00114096,0.9964786
9.89543308e-01,2.11179024e-04,9.77648207e-02,9.99581835e-01
0.92779682,0.09838673,0.04578729,0.99213251
9.13562567e-01,1.10322853e-02,8.68881114e-05,9.72003140e-01
9.70748850e-01,9.23342979e-02,4.21302827e-05,9.99003046e-01
0.95731717,0.0712832,0.00118634,0.99801317
0.94998637,0.05503667,0.03268941,0.98607113
9.18887103e-01,1.20891216e-04,6.94366112e-02,9.19087980e-01
0.98776411,0.02285585,0.06170799,0.99984561
9.61493570e-01,4.49629091e-04,1.92610750e-02,9.32160285e-01
0.94891525,0.09461268,0.08254979,0.99710989
9.47572424e-01,4.70329483e-04,3.14811534e-02,9.88374595e-01
0.99585801,0.01542899,0.05257594,0.99998268
0.98396992,0.01487154,0.08554372,0.99965505
0.98816836,0.0390931,0.00748253,0.99980632
0.97681139,0.0310779,0.00240668,0.99870678
0.98366055,0.01176695,0.01276835,0.99893278
9.05273603e-01,7.65944032e-04,4.23185728e-04,9.85440027e-01
0.99452307,0.05947969,0.04968125,0.99988214
9.37425179e-01,6.48467212e-04,1.25358579e-02,9.90883665e-01
9.28352557e-01,6.62130815e-02,5.25554386e-05,9.12803461e-01
0.99178797,0.05055568,0.00111138,0.9977566
0.9365697,0.00153464,0.00156869,0.98743006
0.94585018,0.08908507,0.06459823,0.97748541
0.98704677,0.06892779,0.04375122,0.99981962
9.86822129e-01,2.40621523e-04,5.64478226e-02,9.99806808e-01
0.94261273,0.04225904,0.00915957,0.97406794
9.77473240e-01,5.63102630e-02,5.31762210e-04,9.99378235e-01
0.97904003,0.08745417,0.00184228,0.99953748
9.70866686e-01,4.62540334e-04,2.62362466e-02,9.99073401e-01
9.13115977e-01,9.56959345e-04,9.33693359e-04,9.84256571e-01
9.68054460e-01,2.38056112e-02,4.02409152e-04,9.98708845e-01
9.85019217e-01,1.84544815e-04,7.96065083e-02,9.65918279e-01
0.94050157,0.00969979,0.07394256,0.97325015
0.9608006,0.0050343,0.05748575,0.99806748
0.97688353,0.03257681,0.00109136,0.93881174
0.90186529,0.07922144,0.03320423,0.98814449
0.97052378,0.00577158,0.00872898,0.99905269
0.99716346,0.01178886,0.07929794,0.93381297
0.95876652,0.01007902,0.00125435,0.99292859
0.97193431,0.08710745,0.06745787,0.99891945
0.99228421,0.08688871,0.01621043,0.99990321
0.9900663,0.00837016,0.05464786,0.99892209
0.99889481,0.09646246,0.06012504,0.99951969
9.14287806e-01,1.83667355e-02,4.20996042e-04,9.91163167e-01
9.57836683e-01,8.28590381e-04,7.12578739e-03,9.50385592e-01
0.93911172,0.00391492,0.01309838,0.99581319
0.94914056,0.01082017,0.04738512,0.93820867
0.96850177,0.0065698,0.01610162,0.99893703
0.97226588,0.0020617,0.02993076,0.99918177
9.34500274e-01,1.43334340e-02,1.48860988e-04,9.95111163e-01
9.05620619e-01,6.22803231e-05,5.74642191e-03,9.52967919e-01
0.99645162,0.04420753,0.05411402,0.99997901
9.37281192e-01,1.42389915e-04,8.17882793e-02,9.83490772e-01
9.67075775e-01,8.45720634e-04,7.96364430e-02,9.90645737e-01
0.98884204,0.00640627,0.01224541,0.99801272
9.71125551e-01,1.31214121e-04,4.38095131e-02,9.98688862e-01
0.95460815,0.01392405,0.01955286,0.99524461
9.75491490e-01,4.65343232e-03,8.30843695e-04,9.98387853e-01
0.99543621,0.02456212,0.03262043,0.99913038
9.82431928e-01,4.53673250e-04,5.19462044e-02,9.98740878e-01
9.08168499e-01,2.66139791e-04,3.71622476e-02,9.78899775e-01
0.92621402,0.03740489,0.07835783,0.96645941
0.96029331,0.0387791,0.08130287,0.99766511
0.9906202,0.01786423,0.02321055,0.99154917
0.99017958,0.02725799,0.00998177,0.99840487
0.90129116,0.00191099,0.02717388,0.98176369
0.91735112,0.00220094,0.00120715,0.97509941
0.96250859,0.01533097,0.04313418,0.99793225
0.97434085,0.04420963,0.00313213,0.99930592
9.14441171e-01,8.35419545e-05,9.39583007e-03,9.91265911e-01
9.73855442e-01,6.93323047e-04,4.15063810e-02,9.99247735e-01
0.97375384,0.00433585,0.01382176,0.999269
9.65921019e-01,9.19508270e-02,2.58110877e-04,9.82849350e-01
0.98625335,0.02582779,0.07289034,0.99920759
0.97135641,0.02049158,0.00553548,0.96125168
0.96816364,0.02640336,0.0019543,0.98368618
0.97404971,0.02168018,0.00762496,0.99903588
9.69049989e-01,2.61079111e-02,5.40482744e-04,9.59164787e-01
0.95446217,0.00825949,0.01675186,0.99712555
0.99088418,0.05408985,0.03370401,0.9999088
9.23150360e-01,6.23620169e-05,9.22050389e-03,9.92307823e-01
9.08330157e-01,2.76443967e-02,9.09120552e-04,9.80172434e-01
0.94704949,0.08128918,0.00819207,0.99601587
0.99555502,0.04290319,0.00957415,0.99997773
0.91208782,0.018466,0.03432269,0.97434859
0.99815003,0.08939258,0.05930044,0.99999605
0.97553085,0.01401335,0.03078855,0.99936257
0.94396132,0.00107184,0.00955594,0.95137562
9.51803494e-01,3.92487085e-02,3.63273763e-05,9.95334549e-01
0.98929105,0.01750359,0.01212965,0.99987642
0.99383346,0.02539666,0.00358095,0.99996135
0.97739766,0.00176686,0.02243221,0.99942597
0.9643611,0.00451381,0.00533503,0.99815871
9.49544271e-01,1.26151989e-04,9.00546322e-02,9.23240697e-01
0.98048138,0.00490985,0.02175859,0.9698539
0.98679837,0.00185326,0.07370518,0.99972755
9.78973593e-01,1.94473367e-02,4.66196514e-04,9.97976331e-01
0.95780237,0.05726485,0.07901484,0.99407272
9.10759132e-01,1.71197580e-02,5.84687304e-05,9.90482207e-01
0.96904065,0.00186922,0.02780041,0.96720064
0.97689989,0.00280448,0.01674727,0.98044282
9.71362325e-01,3.21187765e-04,6.49328228e-02,9.94907834e-01
0.9892165,0.006786,0.02969123,0.99976797
0.98181276,0.01261256,0.01252359,0.99961008
9.53657118e-01,3.42007775e-04,1.13845460e-02,9.95389932e-01
0.96415344,0.04640195,0.02379262,0.93558
0.98161963,0.00731001,0.00147249,0.99964927
9.26569015e-01,3.11280023e-03,3.58164803e-04,9.92306829e-01
9.40788205e-01,6.15138076e-03,7.26036007e-04,9.96052088e-01
0.94866804,0.00215187,0.04820098,0.99706261
9.12371166e-01,6.27228564e-02,5.44473230e-05,9.90816852e-01
0.96892049,0.0286311,0.0016056,0.99895315
0.97380858,0.00155414,0.02551897,0.99926832
0.99352114,0.0047887,0.06068799,0.97478516
0.99030128,0.06015691,0.00961523,0.99989376
9.77043076e-01,3.78671880e-02,4.09709664e-04,9.98751526e-01
0.96962965,0.08947957,0.04624355,0.99901942
0.99491856,0.02605934,0.09899326,0.9653233
0.99147467,0.01811015,0.02513102,0.9988301
0.94458282,0.08280534,0.00563927,0.99656856
0.96822301,0.0962242,0.00682979,0.9988919
9.56898847e-01,9.56820863e-02,1.21904153e-04,9.97861110e-01
0.99274661,0.00531847,0.01908129,0.99994609
0.99184799,0.01810334,0.00421615,0.99988856
9.04866029e-01,2.17572284e-03,8.09952170e-04,9.25181144e-01
0.98696955,0.03066856,0.0654335,0.99981921
0.99589794,0.02917994,0.02870798,0.99718318
0.90003038,0.00638574,0.00171443,0.97209444
0.97202934,0.09389154,0.05373457,0.99508685
0.94600441,0.00335358,0.00133942,0.95091663
0.91124813,0.02665144,0.0163535,0.98436365
0.98242547,0.00775633,0.08453742,0.97774475
0.99420646,0.00110713,0.08589911,0.99959245
0.9284841,0.07776971,0.00840767,0.91003657
0.97254097,0.00162252,0.05716999,0.99778854
0.92545214,0.03143735,0.06712126,0.96991121
9.35554652e-01,4.24565015e-04,4.91553283e-02,9.92472352e-01
9.90037670e-01,7.47904767e-02,9.30160383e-04,9.99883027e-01
0.91836654,0.02709979,0.00614705,0.97642625
9.32953854e-01,1.30996638e-02,1.78563444e-04,9.90851646e-01
0.9775474,0.077814,0.04014143,0.99944641
0.98995144,0.05510914,0.01745641,0.99988673
0.92145374,0.00468719,0.06332192,0.99136171
0.98891039,0.00823306,0.00568558,0.93744033
0.99600008,0.00349953,0.09890052,0.99997991
0.99457885,0.06385475,0.00990142,0.97738415
0.93651156,0.0059436,0.01251771,0.99540442
0.9258294,0.01028376,0.00956544,0.91291291
0.95197979,0.0229132,0.04896353,0.9938094
0.99589197,0.060825,0.00470444,0.9256036
0.99259543,0.00516635,0.0267446,0.98288648
0.98111982,0.0013644,0.02644459,0.99947757
9.10954771e-01,5.53190959e-05,4.24566518e-02,9.69286434e-01
0.99341843,0.04042398,0.08223328,0.9998411
0.9934426,0.03418127,0.08687145,0.99995394
0.97978478,0.03550857,0.00360591,0.99953041
0.95786602,0.01125138,0.02650091,0.93598319
0.92095379,0.05002041,0.00179944,0.99172853
9.70836996e-01,1.47648581e-04,3.75070169e-02,9.99064134e-01
9.11082906e-01,1.19845678e-04,1.63898989e-02,9.79455482e-01
0.94712881,0.00168703,0.00246198,0.9635147
9.69172949e-01,5.89364943e-04,5.22266305e-02,9.98751989e-01
0.99325341,0.00663243,0.0523958,0.99995245
0.99664686,0.02849984,0.02589489,0.99998839
0.99599908,0.00822908,0.09812235,0.9987095
0.99918373,0.09470726,0.06675447,0.99999753
0.91555165,0.00178767,0.00298789,0.9402243
0.99415582,0.00519033,0.02442872,0.99996528
0.97391105,0.0866895,0.06680001,0.99862615
0.99466399,0.04249498,0.0625854,0.99962163
0.99402781,0.01146436,0.01585517,0.99996373
9.30037305e-01,5.01091452e-04,9.49701044e-02,9.89526000e-01
0.96946185,0.02883848,0.03120497,0.99710308
0.99902718,0.04548381,0.09040494,0.99999905
9.70539574e-01,8.62992333e-05,3.37068318e-02,9.99024086e-01
0.99330832,0.09235065,0.00651684,0.99991659
9.65344358e-01,8.37266228e-02,2.53576934e-04,9.69316332e-01
0.94617789,0.0348955,0.0091846,0.99653451
9.12950395e-01,4.91392243e-02,1.80948972e-05,9.85970960e-01
0.90158821,0.0048007,0.0148906,0.97260708
0.94258549,0.01024461,0.01366081,0.99370352
9.66505775e-01,4.80826251e-04,5.17261808e-03,9.98798951e-01
0.9074818,0.01149162,0.03279815,0.98970166
0.99689661,0.04647377,0.04903795,0.99998871
0.99776114,0.07972853,0.02713337,0.99997441
0.9791547,0.07293175,0.00674936,0.99852281
0.99176286,0.07733705,0.00319995,0.9866531
0.98035886,0.00423951,0.02789333,0.99939037
9.40314368e-01,5.97038386e-02,3.09734311e-04,9.94505173e-01
9.27021029e-01,7.76426480e-02,3.28964508e-04,9.89806246e-01
9.32908602e-01,2.65061571e-02,3.13641303e-05,9.94755234e-01
0.99126146,0.01265241,0.02578323,0.99992157
0.99340554,0.01148358,0.02406491,0.9872478
0.97705789,0.0050639,0.0463845,0.99942073
9.26464791e-01,4.08748100e-02,9.27140467e-05,9.93563251e-01
0.98845637,0.01646167,0.01343493,0.9997492
0.98251504,0.00160137,0.00432017,0.9996527
0.97528844,0.07547111,0.02291616,0.99928566
0.99809457,0.03581811,0.0727068,0.9963501
0.99497105,0.03995309,0.01060968,0.99996314
0.99703872,0.07573886,0.03765656,0.99994353
0.97178575,0.00344651,0.08236048,0.99906742
0.95648729,0.00342489,0.07137727,0.99793395
0.99674788,0.08474043,0.00718796,0.90456526
0.93631895,0.00543787,0.06382754,0.99497311
0.99237734,0.05084537,0.00184955,0.99990674
0.99236574,0.0641542,0.00819575,0.99988222
0.93837424,0.01616847,0.00877532,0.99442378
0.93348282,0.01173132,0.01129498,0.91527909
9.57920904e-01,7.69684638e-04,6.78366281e-02,9.98072147e-01
0.98211721,0.03708888,0.05808983,0.99942554
0.97158146,0.00198996,0.00679527,0.99901223
0.93890427,0.02345395,0.00386297,0.99028204
0.94249147,0.02684669,0.01830169,0.98845449
0.99005522,0.0070804,0.02819236,0.99989726
0.98741812,0.00965478,0.08870276,0.99983132
0.9602478,0.07669883,0.00735062,0.97906033
0.95099306,0.00332491,0.00604532,0.99717521
9.23159643e-01,2.84306132e-05,2.53282275e-02,9.90609728e-01
0.98739211,0.03254253,0.0643973,0.99659202
9.88007948e-01,2.67933717e-02,6.03139315e-04,9.88565553e-01
0.92247746,0.04460715,0.00135614,0.99296281
0.90903484,0.0039317,0.01452031,0.98881699
0.91110775,0.0963652,0.01055361,0.9902313
0.95698463,0.06695715,0.05677679,0.99753419
9.33047667e-01,6.99268992e-05,4.26189838e-02,9.81192822e-01
9.85975877e-01,8.75457086e-04,1.43199297e-02,9.94371122e-01
9.86202320e-01,2.50976641e-02,4.70059356e-04,9.99273536e-01
0.93239377,0.0026843,0.01935321,0.98450516
0.92902723,0.03866633,0.02154058,0.99419734
9.02645716e-01,6.95753365e-06,6.64218401e-02,9.87774167e-01
0.98456818,0.00581742,0.04091317,0.99974544
0.97509278,0.02261571,0.00838866,0.98057043
9.25414657e-01,2.54831596e-02,8.58953208e-04,9.76887623e-01
9.24596269e-01,6.16597193e-02,1.26126008e-05,9.58619972e-01
0.98727006,0.02305976,0.05034986,0.95200231
0.98082139,0.05719547,0.08807974,0.99891777
0.93493045,0.00753535,0.00190369,0.99470875
0.95906216,0.00589319,0.00264256,0.99302782
0.90365082,0.01670262,0.00270345,0.98868391
0.93897521,0.00307923,0.03344117,0.99507636
9.09964175e-01,9.41225897e-02,7.83362463e-05,9.88738015e-01
9.08097311e-01,1.74064913e-03,2.68856613e-04,9.39480439e-01
9.20851850e-01,9.65501471e-03,5.83560418e-04,9.89192273e-01
0.94338052,0.03624963,0.01679544,0.99469122
0.94161004,0.00397547,0.04782147,0.99563201
0.98674033,0.00704622,0.00689074,0.99981129
0.99618005,0.08717047,0.00405121,0.96072288
9.79698450e-01,9.12396630e-05,5.65347389e-02,9.96831084e-01
0.98692722,0.02213175,0.02530599,0.99981414
0.98818531,0.00157552,0.01033541,0.92216928
0.92250173,0.00996886,0.0551832,0.98444016
0.97576593,0.03308771,0.01115876,0.99936204
9.18838269e-01,3.73325604e-04,3.13923781e-03,9.90201582e-01
9.56968377e-01,5.08908072e-04,8.64458934e-02,9.92402277e-01
0.98770005,0.03764137,0.03305716,0.99969361
0.96774066,0.06209459,0.06405173,0.97114851
0.99860249,0.02906867,0.06233521,0.99998936
0.97004095,0.03309877,0.08419991,0.99832684
0.98526215,0.00211136,0.00984719,0.9997702
0.96462509,0.0933609,0.00277726,0.99845866
0.95504137,0.00343883,0.00146674,0.99583194
9.33947018e-01,1.56786200e-02,2.48927633e-04,9.94946659e-01
0.99586071,0.04356461,0.00878046,0.99997811
0.9051071,0.00321927,0.01910044,0.94213894
0.98630762,0.04133447,0.06629833,0.99955551
0.99509436,0.09320624,0.00653509,0.9999601
9.05177936e-01,6.62006124e-04,4.35921459e-03,9.22145412e-01
9.82202915e-01,5.94737153e-04,9.88573907e-02,9.99663645e-01
9.60045019e-01,3.07299212e-05,8.63568253e-02,9.72104712e-01
9.34068668e-01,3.94844179e-02,8.72218823e-04,9.95040216e-01
0.99782834,0.01669579,0.03473831,0.99999511
0.95169485,0.00189873,0.00104834,0.96845204
0.9334871,0.08546835,0.00725022,0.92042265
0.93784064,0.00332181,0.01057193,0.97834795
0.99755311,0.01682263,0.02662182,0.99014756
0.9821881,0.011945,0.00593372,0.99965823
0.90687434,0.01658397,0.00184849,0.98955251
0.99778405,0.0765675,0.02809078,0.99643698
0.91533191,0.00358665,0.08906545,0.98188199
9.65438669e-01,4.43646469e-04,4.30454519e-02,9.98612109e-01
9.19411485e-01,2.32173254e-04,9.37598420e-03,9.88640862e-01
0.99532085,0.01657597,0.00722794,0.99996913
9.76308168e-01,3.80620924e-04,3.86696957e-02,9.99027699e-01
9.86458903e-01,2.15921311e-04,7.88288715e-02,9.99793284e-01
0.96032387,0.00842344,0.00597524,0.99829535
0.96734781,0.01392629,0.00200952,0.99028592
9.64900334e-01,5.63903957e-04,7.85691341e-02,9.77971976e-01
0.99581324,0.09369804,0.01994726,0.9999813
0.94400444,0.00575276,0.00173547,0.99390952
0.98928039,0.06630234,0.00615396,0.99988218
0.9628199,0.05587138,0.03482465,0.99844029
0.98460852,0.00326221,0.0100006,0.99939391
0.99256596,0.05240683,0.00369528,0.98604344
0.9002498,0.00136654,0.00285915,0.979336
0.98314297,0.00111564,0.02735362,0.99960456
9.54670940e-01,1.36049763e-02,2.23181726e-04,9.97740357e-01
9.75837281e-01,3.73219116e-04,1.37322061e-02,9.99387004e-01
0.94401455,0.0113181,0.01727524,0.99648055
9.82635642e-01,2.32938309e-04,7.44536296e-02,9.99654800e-01
0.98349287,0.0483099,0.02852877,0.99970144
0.98296434,0.0556639,0.02972381,0.99945297
0.94308969,0.01936783,0.03741145,0.96680648
9.45969974e-01,7.57453117e-02,8.18933303e-04,9.96748194e-01
9.15747823e-01,2.74854701e-02,1.58830529e-04,9.05937607e-01
0.96554257,0.00982945,0.06616626,0.99872726
9.17818975e-01,9.35660681e-02,8.68301124e-05,9.83919596e-01
0.96034756,0.00342311,0.05857884,0.99220205
0.9090478,0.02318955,0.00276216,0.90484483
9.71534777e-01,2.85584543e-05,9.19518165e-02,9.98433597e-01
9.73661385e-01,5.15669564e-04,5.32918556e-02,9.99226899e-01
0.98454392,0.01005229,0.0160962,0.99975292
0.98900647,0.03790573,0.01680776,0.99987627
0.93182643,0.05763746,0.00130489,0.99304018
9.10220221e-01,8.89672175e-05,3.32564629e-03,9.89910760e-01
9.86089778e-01,8.86480712e-04,8.00479291e-02,9.22645652e-01
0.99315197,0.01010698,0.0102683,0.99947602
0.943614,0.00752293,0.00992721,0.99072441
0.93628232,0.00272457,0.0010255,0.99538203
0.99311247,0.01828556,0.08653371,0.98288653
9.12987228e-01,5.20847089e-04,9.68696419e-02,9.88979143e-01
0.93797056,0.02347734,0.02120482,0.9956267
0.99070295,0.00665025,0.04716317,0.99961235
9.89335308e-01,9.42834499e-02,8.59175260e-04,9.99859226e-01
0.92130924,0.04676153,0.01161524,0.99275603
0.99410707,0.02018539,0.07691806,0.99996485
9.64530340e-01,9.51986569e-04,3.76990040e-02,9.98078509e-01
0.99210157,0.02149993,0.01314805,0.99988619
0.99562609,0.00639695,0.03334981,0.99872495
0.99704596,0.03538444,0.0083619,0.99999116
9.09792297e-01,1.18387637e-04,1.45023926e-02,9.88825131e-01
0.99772022,0.04469673,0.05647906,0.99965073
9.85114925e-01,6.80890507e-02,4.78967493e-04,9.99636099e-01
0.97038201,0.01358139,0.0225176,0.99728025
0.92627467,0.00362533,0.0202077,0.99350786
9.60234493e-01,6.32568281e-02,1.52572798e-04,9.83405011e-01
0.91711782,0.09747364,0.00240199,0.96535446
0.967609,0.00113899,0.02782988,0.99885544
0.96080976,0.01948876,0.09493672,0.99651231
0.97822549,0.00292011,0.02176286,0.99832636
9.12071619e-01,1.22020710e-04,2.20834378e-03,9.65254752e-01
0.98615551,0.00479364,0.05465393,0.99980011
9.59871721e-01,3.84546534e-02,7.27039788e-04,9.92530028e-01
0.95991314,0.01535949,0.00542118,0.99719312
0.99559668,0.00979516,0.03990171,0.9993787
0.98092677,0.00296186,0.01075772,0.99960749
0.98479128,0.02035149,0.01681358,0.9964484
9.71232203e-01,3.99530766e-02,2.56519903e-04,9.81880852e-01
0.91430567,0.00153097,0.05726703,0.98991243
9.29630103e-01,1.45414690e-05,3.94810545e-02,9.94299172e-01
9.37527797e-01,2.09600841e-03,4.28088421e-04,9.88892282e-01
9.16725427e-01,6.60243837e-05,2.19008136e-02,9.90729276e-01
0.98560072,0.0867084,0.05704884,0.96358072
0.99883135,0.04030634,0.09951767,0.99787655
9.36899106e-01,7.82446724e-02,2.96554330e-04,9.93054402e-01
0.98453809,0.01406971,0.00575052,0.99970728
0.98003952,0.01867749,0.01279978,0.99753998
0.97828609,0.00934117,0.00151745,0.99943507
0.9324859,0.06900651,0.002553,0.91800934
0.9857036,0.08356452,0.0958161,0.99977687
9.27705067e-01,2.95150459e-04,2.07253239e-02,9.94057890e-01
0.93484586,0.00116126,0.0020284,0.99481796
0.93558443,0.00203787,0.01683555,0.99477241
9.00790317e-01,1.23512705e-02,1.88735813e-05,9.87950675e-01
9.73160610e-01,6.81102947e-05,4.88779605e-02,9.47515064e-01
9.66327407e-01,3.81764434e-04,2.53067777e-02,9.98717918e-01
0.9748667,0.01310507,0.00143875,0.99928863
9.38548321e-01,4.76190656e-03,6.76461893e-04,9.94112249e-01
0.91669533,0.01278495,0.03038247,0.98628733
0.94432976,0.082588,0.00253893,0.99641602
9.69670316e-01,1.32103887e-02,1.77293627e-04,9.85544234e-01
0.92208682,0.0736655,0.00103735,0.99174245
0.98232341,0.0044273,0.00651188,0.99633984
0.95889451,0.02643872,0.0069024,0.99798546
0.98631514,0.07009458,0.01231099,0.99980731
0.93184779,0.0054767,0.02753178,0.98507164
0.97623644,0.00899316,0.00344719,0.99919357
9.36499956e-01,8.75134986e-02,1.87565619e-04,9.95417952e-01
0.99712263,0.05714057,0.06884572,0.99991822
0.93996556,0.03184249,0.09119779,0.99582555
0.9569787,0.00168485,0.09757832,0.99786293
0.93071902,0.06456166,0.0268375,0.99408018
9.14475980e-01,1.06737998e-04,2.08685412e-02,9.91199255e-01
9.83698367e-01,6.09872011e-04,2.82944300e-02,9.99697552e-01
9.35220267e-01,1.87754858e-03,3.50590101e-04,9.91131503e-01
0.97861029,0.01350259,0.02815699,0.99923714
0.93734907,0.0049362,0.0744174,0.99461361
0.90508556,0.0063466,0.09414267,0.95220199
0.99123735,0.07927137,0.00369542,0.96919117
0.92607188,0.03649782,0.03644868,0.99327011
0.97224477,0.0418547,0.00503329,0.99884858
9.52727961e-01,3.02050172e-04,1.03340620e-02,9.96481410e-01
0.97657,0.00550948,0.00190235,0.99916561
0.9151578,0.00493571,0.00589647,0.98938989
0.95591919,0.01437944,0.00261249,0.97696396
0.96721445,0.00296469,0.02672587,0.99834384
0.97580413,0.01428013,0.01323432,0.9963712
0.97134592,0.00146458,0.0118048,0.97201857
9.36491721e-01,6.20421456e-02,1.84173686e-04,9.93100242e-01
9.69121697e-01,8.29201161e-04,4.38348652e-02,9.97624887e-01
9.49407034e-01,8.15425308e-04,3.02550490e-03,9.91627566e-01
0.99028464,0.00687678,0.01080051,0.9970799
0.94913001,0.02771012,0.04716719,0.99333236
0.99870021,0.08051671,0.03769395,0.9999904
0.9958442,0.03805151,0.01906883,0.99997915
0.99049532,0.00402443,0.04235873,0.98277346
0.99133157,0.03758382,0.02624026,0.99991435
0.9018491,0.06461863,0.04888082,0.98717596
0.90425072,0.00240234,0.01020801,0.98877365
0.9143058,0.0370444,0.00959085,0.97292642
0.96690369,0.08732658,0.09236591,0.99882977
0.99403067,0.07820671,0.02482519,0.99996667
0.94831608,0.00320042,0.0532872,0.99674091
0.91746402,0.01136988,0.03779234,0.96041157
0.99168967,0.01710106,0.03877237,0.99988611
0.92780484,0.00279595,0.00708337,0.98087478
0.96553082,0.00792073,0.03119063,0.99868488
0.97750322,0.08016526,0.01119338,0.99943282
0.99333011,0.0156092,0.04711259,0.97548276
0.98552116,0.00728559,0.03769217,0.9955565
9.69845126e-01,5.12378994e-02,6.90785363e-04,9.99022840e-01
9.22359976e-01,4.56064357e-02,6.05213199e-04,9.76237760e-01
0.93790709,0.01936631,0.00813575,0.99564066
0.95492062,0.00739654,0.04307576,0.90792592
0.98546516,0.02359941,0.02163335,0.99977649
0.9328728,0.02467007,0.06346826,0.99484812
0.95653408,0.05957144,0.09919448,0.97951578
0.96202895,0.00958061,0.03882029,0.99656341
0.99446292,0.04006229,0.03493009,0.99997011
9.12401613e-01,9.26561125e-02,2.12486829e-04,9.88428812e-01
0.93269541,0.04690438,0.07751458,0.99477969
9.52771878e-01,4.16779030e-02,1.40603484e-04,9.94179318e-01
0.99295631,0.02693183,0.00285606,0.99990556
9.92317795e-01,8.63571018e-04,4.56236781e-02,9.25747051e-01
9.26824923e-01,7.31527439e-04,3.91697859e-02,9.83736756e-01
0.98401586,0.01662778,0.04667144,0.9997264
0.98970399,0.08399339,0.02518531,0.99970014
9.84562827e-01,4.48445894e-02,5.05043521e-04,9.99727034e-01
9.30206625e-01,1.43363266e-04,1.32710413e-02,9.94076389e-01
0.98025504,0.04268135,0.00383139,0.99958955
0.98348607,0.03288085,0.03147641,0.99970587
9.38605573e-01,5.23559037e-02,6.13299071e-04,9.78635831e-01
0.9013396,0.01206463,0.04263376,0.98627925
9.62825354e-01,8.33173302e-02,4.10449149e-05,9.98429291e-01
0.99315126,0.00379243,0.06909396,0.99876059
0.9949867,0.09911719,0.07131307,0.9999613
9.11489239e-01,1.32180153e-02,4.50128167e-04,9.87460868e-01
9.42799845e-01,3.83575171e-05,4.23756689e-02,9.09199698e-01
9.82890105e-01,4.10256676e-02,5.17442846e-04,9.99691016e-01
0.98422649,0.07183014,0.04839039,0.94311023
0.99765924,0.0247154,0.07298308,0.99654123
0.90277937,0.01162733,0.04187616,0.91988666
9.69523046e-01,3.08818865e-02,3.88859802e-04,9.98898948e-01
0.99218294,0.01016026,0.04669448,0.99993742
0.97306767,0.00146154,0.00575137,0.99864362
9.12177656e-01,2.15725909e-04,9.44079521e-02,9.88823128e-01
9.35080285e-01,7.57829041e-03,1.27147199e-04,9.11845331e-01
9.71040060e-01,2.10161148e-04,1.48915751e-02,9.96247376e-01
9.80406828e-01,8.55592920e-04,8.24518434e-03,9.99588948e-01
0.95954853,0.00242849,0.00106876,0.99454076
9.04101395e-01,6.59436069e-05,4.83521952e-02,9.78445509e-01
0.97071787,0.00212537,0.01788941,0.99895381
9.27282697e-01,2.93012277e-02,4.39367137e-05,9.93530644e-01
0.91666525,0.00190729,0.00464955,0.98534694
9.37636101e-01,2.12502682e-04,1.35836499e-02,9.93731559e-01
9.72010130e-01,1.00011368e-04,2.89636627e-02,9.40518236e-01
9.16979360e-01,1.43321575e-02,2.36393397e-04,9.91823501e-01
0.99173872,0.01159986,0.02134516,0.99992771
0.92397237,0.02811765,0.03631941,0.98747179
0.97960194,0.00122193,0.00696826,0.99952717
0.98091236,0.00336384,0.00247551,0.99725333
0.99461501,0.05544087,0.0687526,0.99995809
9.33614201e-01,6.78149870e-02,6.45551783e-04,9.94770914e-01
0.97671878,0.00711114,0.07750363,0.9705945
0.95631093,0.0057338,0.01148203,0.99056278
9.10333331e-01,5.56269893e-04,1.16460763e-02,9.89043043e-01
9.68832835e-01,7.14009552e-03,5.47769981e-04,9.98964121e-01
0.94357968,0.00105427,0.03377701,0.99252389
9.67566392e-01,3.42236228e-02,7.75251042e-04,9.98877553e-01
9.30459919e-01,7.90538755e-04,3.81656879e-03,9.94304142e-01
0.94026705,0.01152472,0.00602029,0.9957673
9.44155362e-01,4.46412749e-02,4.01703549e-05,9.95843778e-01
9.27363014e-01,5.41633076e-03,2.48322048e-04,9.93884631e-01
0.94189612,0.01766621,0.03646353,0.99156508
0.97444208,0.02937067,0.08210897,0.99912676
0.94875612,0.06988851,0.01043097,0.97922178
9.63378186e-01,1.42906883e-04,4.50497846e-02,9.98536667e-01
0.9610476,0.03972381,0.02217546,0.98422794
9.56553773e-01,2.54150378e-05,7.68779364e-02,9.76588393e-01
0.99365824,0.00375544,0.02829645,0.99964329
0.95293288,0.00675926,0.00244058,0.96765633
0.99727117,0.04493725,0.01176171,0.99991135
0.98924564,0.00309938,0.00877695,0.97923915
9.19921336e-01,1.02875368e-02,2.85519827e-04,9.86441251e-01
9.44663484e-01,2.94761359e-04,9.20177447e-02,9.94851290e-01
0.99902946,0.09161262,0.07416819,0.99999543
9.09388071e-01,5.26590376e-05,2.50463606e-02,9.83969104e-01
0.99764551,0.02389261,0.07057277,0.99999313
0.93656156,0.00144006,0.09063521,0.99521249
0.994207,0.01009125,0.02537712,0.99959931
0.94374626,0.03471732,0.00233025,0.9529199
0.90058964,0.00362852,0.00158281,0.9877978
0.92379257,0.00288626,0.02603739,0.9868007
0.9730779,0.00335367,0.0708876,0.99919715
0.96637157,0.07031002,0.0066226,0.99757292
0.98914184,0.0360606,0.00923557,0.99973965
9.74074039e-01,4.21213089e-04,3.22759039e-02,9.95640584e-01
0.93091148,0.06242367,0.01198124,0.99431139
0.92714418,0.01672705,0.00147262,0.97782259
0.92940269,0.01109379,0.01765772,0.99315252
0.99660236,0.02108841,0.01279352,0.99984178
0.99148183,0.02088818,0.00237716,0.99989746
0.98613043,0.09424781,0.01344911,0.96471063
0.99358506,0.05140074,0.03789074,0.94694993
0.97433682,0.01607779,0.00774156,0.99927798
0.95581067,0.00602378,0.04638194,0.99669993
0.97164655,0.03358716,0.00312101,0.99911973
9.77746547e-01,7.29049174e-04,1.94178790e-02,9.99366009e-01
9.64623133e-01,4.43723647e-05,8.24645884e-02,9.83783166e-01
0.98561612,0.00879012,0.06637176,0.99965173
9.58437854e-01,5.07046682e-04,3.27354769e-03,9.47956461e-01
9.67190088e-01,2.92259087e-04,1.42987142e-02,9.97663021e-01
0.99554665,0.04741162,0.00481997,0.99997531
0.92452577,0.00956549,0.00183942,0.9922729
0.91977991,0.06748817,0.04147299,0.99158437
9.61667220e-01,9.11457912e-03,4.84800314e-04,9.95412552e-01
0.98663108,0.0728277,0.06351398,0.99960884
0.91989815,0.01023433,0.00342211,0.99173968
9.27548786e-01,4.56325153e-05,3.24695138e-02,9.90546577e-01
9.73029709e-01,1.91059609e-04,9.49541206e-02,9.97849340e-01
9.77840350e-01,1.32327362e-04,7.66682787e-02,9.83079398e-01
0.97675924,0.0106423,0.00450238,0.99743179
0.98850634,0.00243619,0.04028155,0.99985936
0.99266706,0.00444222,0.01180877,0.99980188
9.16584575e-01,9.90335653e-02,3.93510540e-04,9.49890087e-01
9.32726214e-01,6.37483560e-02,6.01480833e-04,9.85936264e-01
9.00092717e-01,2.83230056e-04,5.87306788e-02,9.87656235e-01
0.98551614,0.00946532,0.06647644,0.96214609
0.95851898,0.00260183,0.01451414,0.99724758
0.99362399,0.0023701,0.04934675,0.96728847
0.96717949,0.00618046,0.00498115,0.99698623
0.99466975,0.07248433,0.01514367,0.9999597
0.99355836,0.04902478,0.0406501,0.99992243
0.99496936,0.0014609,0.06925322,0.99996135
0.97826612,0.06148609,0.00197947,0.99937987
9.33766033e-01,4.50976680e-05,8.33030571e-02,9.93995015e-01
9.69307837e-01,4.49035457e-05,6.18755800e-02,9.98911347e-01
0.99808793,0.02444308,0.0853272,0.99999192
0.99624012,0.05055379,0.05948781,0.99998562
0.99549196,0.01260033,0.01432855,0.99997095
0.99579205,0.04659887,0.05664977,0.99269712
0.99032946,0.01177425,0.0038589,0.99990409
0.97963139,0.05433204,0.0315469,0.9990702
0.95972966,0.00176335,0.09313146,0.9980147
0.99372073,0.00344002,0.09194185,0.99996007
9.09894047e-01,4.75160461e-02,6.61200036e-04,9.90287737e-01
9.74544598e-01,7.23365290e-04,6.60962195e-02,9.99317793e-01
9.02298984e-01,9.73360315e-02,3.40902722e-05,9.80790935e-01
9.18275947e-01,6.38760341e-04,2.94701543e-03,9.69688054e-01
9.87677457e-01,8.14502712e-04,4.87410961e-02,9.99731301e-01
0.90173477,0.00294007,0.006315,0.93222954
0.94862253,0.01666748,0.01231769,0.99496959
0.98929869,0.01768431,0.04657412,0.93335961
0.99509057,0.00347677,0.03594132,0.99997015
0.95148677,0.03761092,0.04487485,0.99432156
9.75079041e-01,2.90925025e-04,1.70973337e-02,9.92774090e-01
0.99139143,0.00366894,0.07321581,0.99801174
9.31992619e-01,2.31526527e-04,1.08454640e-02,9.81539234e-01
0.95953848,0.01106805,0.00195095,0.9472535
0.9707649,0.00123299,0.03512944,0.99907709
9.53967072e-01,6.35679213e-04,2.67816649e-02,9.96881753e-01
0.90380607,0.07743649,0.07577043,0.97728596
9.77793387e-01,6.44211595e-02,7.84654975e-05,9.99374058e-01
0.9860911,0.01559321,0.03840044,0.99978982
0.98155101,0.0055112,0.00390756,0.99912256
0.97376616,0.0059257,0.00910781,0.99861821
0.99434828,0.04787517,0.00798949,0.99995032
0.99575711,0.02712962,0.01764781,0.99998189
9.18253516e-01,4.83403594e-04,5.34278113e-03,9.39901708e-01
9.43382780e-01,2.60538985e-02,2.90855560e-05,9.87747084e-01
0.97515529,0.07620545,0.02256113,0.9949613
0.99653802,0.0060521,0.09815673,0.99998629
0.99615378,0.01656138,0.02512842,0.9999611
9.66997682e-01,4.94403674e-02,5.10962435e-04,9.58744256e-01
0.94205755,0.00107226,0.01250409,0.98403496
9.66952833e-01,8.29372783e-03,8.15722683e-04,9.98770964e-01
0.9710522,0.02251661,0.00210691,0.98808095
9.78904518e-01,7.82905632e-04,1.54117954e-02,9.98865120e-01
9.65615593e-01,6.98199076e-04,7.64042447e-03,9.98063853e-01
0.9559693,0.03012074,0.0013878,0.99696067
9.25323793e-01,2.53164642e-04,5.96212828e-02,9.93115276e-01
0.90033747,0.04879866,0.00194989,0.98710775
9.66016625e-01,4.31168273e-02,5.25926238e-04,9.98733971e-01
9.63145221e-01,4.27997359e-02,4.53573027e-04,9.98536145e-01
0.92365448,0.02654153,0.01714526,0.95730487
0.99037224,0.03592712,0.02211753,0.99989698
0.97652384,0.00229532,0.02079553,0.99742854
9.84120979e-01,4.78461151e-02,7.54982058e-04,9.99130429e-01
0.95944892,0.00414534,0.06063675,0.99819648
9.43532320e-01,7.20021280e-04,1.10194767e-02,9.95899381e-01
0.9063125,0.03786618,0.04756304,0.98162904
0.94900396,0.00172863,0.0804919,0.99326399
0.98641947,0.01354902,0.08049291,0.90979396
0.91601095,0.0217439,0.00496853,0.99112145
0.98713395,0.03721192,0.00808404,0.95007969
0.9953992,0.02069039,0.01235571,0.99993026
0.95572593,0.00116793,0.00432252,0.99785673
0.98254838,0.06399312,0.00548032,0.99887468
0.965688,0.00477338,0.00204163,0.99220129
9.77095086e-01,7.92273127e-04,3.95220899e-02,9.97998210e-01
0.98354366,0.04682746,0.00113546,0.99959595
0.99268232,0.02294564,0.01417297,0.99994512
0.94170365,0.01966206,0.03523418,0.97325807
0.97902404,0.03326122,0.01493219,0.9995258
9.41880349e-01,1.25760030e-03,6.20774750e-04,9.62953964e-01
0.97286383,0.02619342,0.01168982,0.96795737
0.92108385,0.01829154,0.04829053,0.96034971
0.95044673,0.0394659,0.00325075,0.99256209
0.9771659,0.00910238,0.04259933,0.99887701
0.91094164,0.0032032,0.05978899,0.99052422
0.9255961,0.04471921,0.00264955,0.99313174
0.94380827,0.00279634,0.00101889,0.99644586
9.80484135e-01,5.70380560e-02,2.51564288e-04,9.99603974e-01
0.95296964,0.05476846,0.00974477,0.97144626
0.98581651,0.08079733,0.01720906,0.99973947
0.90578631,0.03311289,0.00786203,0.9204348
0.9976928,0.04640333,0.0457555,0.99999465
0.94522632,0.00563266,0.00275884,0.99662675
0.976529,0.09102356,0.00348275,0.99570588
0.99051496,0.00665908,0.07863772,0.99990023
0.99615641,0.03697259,0.0324925,0.99998503
0.95381875,0.00223633,0.00898315,0.99722934
9.34908004e-01,9.85403843e-04,2.72306920e-03,9.94184877e-01
0.98033683,0.07534973,0.00595564,0.99958735
9.86881699e-01,7.72341903e-02,6.88359064e-04,9.99631926e-01
0.94502337,0.06497483,0.06829428,0.99653609
9.00540865e-01,6.31623403e-02,5.37401710e-04,9.87877634e-01
9.36678015e-01,8.36816068e-05,1.78356808e-02,9.89916679e-01
0.98008174,0.01206788,0.03185599,0.99700312
0.92183441,0.05882114,0.03522081,0.99277522
0.96097324,0.00426636,0.0128677,0.99723876
0.97277015,0.03384086,0.00476878,0.99921433
9.62895484e-01,1.20643187e-02,4.04829023e-04,9.88146615e-01
0.99112377,0.00130949,0.04111768,0.9998643
0.95983461,0.00856936,0.06562551,0.99802911
9.46730325e-01,1.74781808e-03,9.28924290e-04,9.03000445e-01
0.99174877,0.03444248,0.00411441,0.94853907
0.97847809,0.07733781,0.06677347,0.92637224
9.66437132e-01,5.24614213e-02,4.77832455e-04,9.87418645e-01
9.29501893e-01,6.86645156e-05,4.39348771e-02,9.41890083e-01
0.98947367,0.01597683,0.00414316,0.99984931
0.92063211,0.00313914,0.00332415,0.99215153
9.63210937e-01,9.14143668e-04,2.86435398e-02,9.98403863e-01
0.97267447,0.00147806,0.02573313,0.99921018
9.47385555e-01,4.25003109e-04,9.18749265e-02,9.96894013e-01
9.25694072e-01,2.91495209e-02,3.06061887e-05,9.93594418e-01
0.94163001,0.00168096,0.00704878,0.95576116
0.96221359,0.01501087,0.00419876,0.96954617
0.90025044,0.00533665,0.0973087,0.98783472
0.91799421,0.00098447,0.00331061,0.98420254
0.98568459,0.03409491,0.03231304,0.99801331
0.93611934,0.0147304,0.07164402,0.99507533
0.98741861,0.06229395,0.04544916,0.9795298
9.33317883e-01,5.95015513e-02,1.78616029e-04,9.94503183e-01
0.97516715,0.00116243,0.00691968,0.99934986
0.98828907,0.01829723,0.01202752,0.99341214
0.91982396,0.01617182,0.00107872,0.99225569
9.73274460e-01,1.50452057e-02,4.78760777e-04,9.99241468e-01
0.95642199,0.01960967,0.0058139,0.99787967
0.96254032,0.00682216,0.0010004,0.99848446
0.99507533,0.01749931,0.03285502,0.99994274
0.96235661,0.00645237,0.0201713,0.99683423
0.99486021,0.04144984,0.01588373,0.9920268
0.98922092,0.00119812,0.01756374,0.99983608
0.95861918,0.00204479,0.00314147,0.9956102
0.99746423,0.02396427,0.09818397,0.99999343
0.95760333,0.0035999,0.01379248,0.99679043
0.96415904,0.01155179,0.00223618,0.99855034
9.12813649e-01,2.48984778e-04,3.96478071e-02,9.65820966e-01
0.98366934,0.03007219,0.06277863,0.99967555
9.59832287e-01,8.44802495e-02,6.97888242e-05,9.98036697e-01
9.63775027e-01,3.06547349e-02,2.71044071e-04,9.95876520e-01
0.99756455,0.01118782,0.04877029,0.95928662
0.99438164,0.00863344,0.06676544,0.99899306
9.19544035e-01,7.97481084e-04,4.33957688e-02,9.85583442e-01
0.99624113,0.01651065,0.01905851,0.99977126
0.97027411,0.01041169,0.03288795,0.9990623
0.99098657,0.00522215,0.00873874,0.95320577
0.99248287,0.00295668,0.08759504,0.99977947
0.99457081,0.07786868,0.00713485,0.94821529
0.95252502,0.01879053,0.00250042,0.96307982
0.98818663,0.00327699,0.02840163,0.91923378
0.95561639,0.00741508,0.06640516,0.99705173
0.98306639,0.02100264,0.02496754,0.92620191
9.01007952e-01,4.26972731e-05,1.71903822e-02,9.68917837e-01
9.25055802e-01,1.09116752e-03,8.16874311e-04,9.75873215e-01
0.90665855,0.03709527,0.0156756,0.9894071
9.46647689e-01,1.36438040e-02,1.88100691e-04,9.94613199e-01
9.13297107e-01,2.90283276e-04,1.58023956e-02,9.91067734e-01
0.90419251,0.00334007,0.01750481,0.98888111
9.45865228e-01,5.19215765e-02,4.49274190e-05,9.94980751e-01
0.90491844,0.00152325,0.00338218,0.98225712
0.99167292,0.00547913,0.00615011,0.99987497
0.99054939,0.0201237,0.09647564,0.99990332
0.99161754,0.03409083,0.02762865,0.99992876
0.99491686,0.07434826,0.00123508,0.99994741
0.98214624,0.03752725,0.05171799,0.99949923
0.95318929,0.00165118,0.07329666,0.99734511
0.99740488,0.03269959,0.05776981,0.99999308
0.95375201,0.02018701,0.01519683,0.99007269
0.98543951,0.00166942,0.05549689,0.99974808
9.11633365e-01,1.82137468e-02,1.78085764e-04,9.90250820e-01
9.05585070e-01,3.48581281e-05,1.27038107e-02,9.25290397e-01
0.99435134,0.00125349,0.0838641,0.99431889
0.98951133,0.00412645,0.03152739,0.99839939
0.99698921,0.07242799,0.01562344,0.99820128
9.57385407e-01,2.18924680e-02,2.56681137e-04,9.97227572e-01
9.06435380e-01,2.00200983e-02,1.67316544e-05,9.87252032e-01
0.96276792,0.00903526,0.00271014,0.99620566
9.83843628e-01,8.40788604e-04,1.68728659e-02,9.99559659e-01
0.90912374,0.00255446,0.02169924,0.94216547
0.9427868,0.0122966,0.00128013,0.99604546
0.97401383,0.0495438,0.02506202,0.99928624
0.99678701,0.02226582,0.03662321,0.99780779
9.40080461e-01,7.16771430e-05,9.30806263e-02,9.93324814e-01
0.97212723,0.00102448,0.00610153,0.99492189
9.00699722e-01,6.72102755e-02,3.27757195e-04,9.87691165e-01
9.17149046e-01,1.76381641e-03,8.90573728e-04,9.61036278e-01
9.79417997e-01,7.59499805e-02,6.28655381e-04,9.99241200e-01
0.9395073,0.00176271,0.01131837,0.99248657
0.91803093,0.02121583,0.00318874,0.99169402
0.97974856,0.01552197,0.09001996,0.99750826
0.94232765,0.00198156,0.04605741,0.99178976
0.99592027,0.05111487,0.04397753,0.99981785
0.9573827,0.00410666,0.06199937,0.9980179
9.46589580e-01,1.94393488e-04,1.39033931e-02,9.86935410e-01
0.93280938,0.06690061,0.05914691,0.99333579
0.9763888,0.00384162,0.04294205,0.99940363
0.97022055,0.00717102,0.00118913,0.99903825
0.96118764,0.00128734,0.09020267,0.99834435
0.96590739,0.04504154,0.03363944,0.99875468
0.94556665,0.07229841,0.0099802,0.99495039
0.96791844,0.08086024,0.05009384,0.99684243
0.98969901,0.01173127,0.0415903,0.93242341
0.92595871,0.00125578,0.02356983,0.99182397
0.95319021,0.05319811,0.0105395,0.99629544
9.62801781e-01,2.49671630e-02,1.71301580e-04,9.87046705e-01
9.50526908e-01,2.58359242e-02,1.52587314e-04,9.97290587e-01
0.95626586,0.00141295,0.01237125,0.99777518
0.90912996,0.00223503,0.0021331,0.97938006
0.92237511,0.00181437,0.00227763,0.9644569
0.99589018,0.01547735,0.00908068,0.99996002
0.97455218,0.01391289,0.00173786,0.99860594
0.94483109,0.00548118,0.05060651,0.98523246
0.92947373,0.05829628,0.00599273,0.96733759
9.90889940e-01,7.89832466e-04,3.79028921e-02,9.98880496e-01
9.87381658e-01,5.72110228e-04,5.77447613e-02,9.99751353e-01
9.31660453e-01,1.72678120e-04,4.40084771e-02,9.93807094e-01
0.95528891,0.03970746,0.00223039,0.99779785
0.92121703,0.00520057,0.01620932,0.9923511
0.98463033,0.0189536,0.01092414,0.99628082
0.98161844,0.00514565,0.03314773,0.99081011
0.99739618,0.01268841,0.09117449,0.99726106
9.15226174e-01,7.12106080e-03,2.13160924e-04,9.53319667e-01
9.07626466e-01,7.02628042e-02,5.37490004e-05,9.89081694e-01
0.98209798,0.01089525,0.0374855,0.99351358
9.89867844e-01,2.70725527e-04,8.02883691e-02,9.99699776e-01
0.99072873,0.0031715,0.0435242,0.99987742
0.98636787,0.03712976,0.00138474,0.99702304
0.99821818,0.03432017,0.02382917,0.99999578
9.49382066e-01,1.06641169e-04,2.32646139e-02,9.96980742e-01
0.95402456,0.00449326,0.00966438,0.96647931
0.9015116,0.01131882,0.04629113,0.98732064
0.98374492,0.09794466,0.0402453,0.94414495
0.94859497,0.00166985,0.08425833,0.9970682
9.16590247e-01,1.62693911e-02,4.63550018e-05,9.78858093e-01
0.95141732,0.09228943,0.00687483,0.99737515
9.88391775e-01,7.84791306e-02,9.33460780e-04,9.99858429e-01
0.92313813,0.02937623,0.03859399,0.99303054
0.98256736,0.02116881,0.00386048,0.99831033
0.96408821,0.07220128,0.0053876,0.9986032
9.54044964e-01,4.84328665e-02,2.41176852e-04,9.97484480e-01
9.64912878e-01,5.25378151e-03,5.39523809e-04,9.66990677e-01
9.42703812e-01,4.08572467e-02,1.11861204e-04,9.76542070e-01
0.98768307,0.07378966,0.04722021,0.99781692
0.97331173,0.01941893,0.00185715,0.99559423
