19.64857301,-16.20488149,-9.37767514
-11.36851147,18.86300977,-11.95294928
-11.51364624,-16.39024704,19.06582045
17.72981539,-8.98168717,-15.13870441
-11.01271373,16.0245788,-12.89315798
14.15414188,-11.93085384,-6.74551664
-14.0265677,-16.94159031,19.48602091
-12.93470152,18.01610015,-12.24159739
-13.65346332,-13.61824849,17.38374558
-10.51361186,17.89771456,-14.66944439
-16.17448215,19.17226202,-10.59394974
-12.01382935,18.72272377,-14.23322773
-10.31209194,17.9205243,-14.35036204
-12.62060262,16.55921805,-9.55432272
18.31986297,-16.09916999,-8.01553993
-10.24519696,-12.75153516,18.06547548
16.27680337,-10.47804643,-13.79392521
18.51464489,-13.34046984,-12.19090837
17.2797568,-12.86483926,-14.49755294
17.29554015,-13.02467532,-13.25568612
17.78874184,-14.53738421,-14.83289408
-10.02683679,16.36436926,-10.91527324
17.31955852,-11.85161554,-11.53722324
15.52852204,-12.10975277,-9.72886969
-13.26737727,-15.00464085,19.00249934
-9.56382616,13.31481442,-10.22451812
-14.21195381,17.78054184,-8.64333374
-14.50254481,-10.2824418,18.50136562
-13.76347024,19.28831175,-14.36963433
16.43401273,-8.54007463,-13.35206
-13.80515457,17.46864951,-10.09504482
14.42794119,-9.29390278,-10.83333519
18.87028815,-13.7638443,-15.15353395
-10.27236443,16.03288366,-10.52785343
18.50119026,-14.68754875,-8.46225007
19.36554377,-14.15516507,-13.46837714
-11.19527864,14.40760921,-8.92884119
-10.65234015,17.70588635,-13.34260787
19.68672625,-11.61064731,-14.05992548
17.32556531,-8.99512918,-14.48340589
-14.42742814,18.59126285,-9.19960881
-15.62659643,18.08387884,-9.9862799
-9.29566728,11.81032079,-8.78439051
-7.75887815,13.53540719,-10.17168578
-11.41916277,-14.96973323,19.80486652
-15.52764229,18.71864447,-15.34631184
13.55380146,-10.90988791,-11.22524484
18.00722299,-15.38617071,-10.31022437
-10.82855196,18.34947187,-15.35961185
-12.05940617,17.16732345,-13.52855293
-9.75797647,-12.66183927,16.99395482
-11.52249961,17.49618681,-10.45056958
-15.22731702,-7.16109416,17.66998847
-9.99016884,16.02522265,-11.69354443
19.29327248,-15.30512496,-11.05944871
-11.01544406,19.19111199,-14.95904545
-10.60366555,-12.34989929,18.29779934
-9.85471107,-14.04923853,18.56851155
-8.5500153,-11.24413354,14.64797868
13.62761923,-7.83778235,-10.75771055
-14.68725824,19.63260911,-13.56844825
18.05689257,-13.12956795,-14.77126669
19.89794894,-17.11161244,-10.22944487
19.87942612,-11.01140601,-16.9952291
-11.26231477,-14.10776792,16.31961868
18.64610541,-13.59465725,-12.96865231
-8.82530703,13.18467678,-10.09882798
-12.48162115,19.73680366,-16.34630536
-9.85841666,-8.55408427,13.74941986
-12.97674638,17.57836527,-12.0537464
19.51686748,-17.17872629,-10.23733037
-10.65212882,-12.1669781,18.07617956
-16.99179571,19.84338148,-14.67425311
-15.44664795,19.09898025,-14.13962124
-16.26558024,19.07637224,-9.12112445
17.9383807,-9.85062789,-12.55861098
19.78989245,-18.42206278,-9.51668296
-8.12633652,19.85117602,-17.50729824
-13.63784976,-13.95177056,19.21448533
-13.21179396,-15.25565362,19.76267428
-9.7719652,15.88274764,-11.10576299
16.88383978,-11.8445866,-10.95166708
17.16829053,-13.92595032,-9.87716432
-16.25255976,18.88866285,-8.04142772
-13.712128,16.70594205,-14.03759396
-11.11861781,15.59897639,-12.99169721
19.78512387,-16.42882077,-14.27463804
-12.98587128,17.15179021,-10.17852727
16.46910465,-11.79048201,-10.11528209
18.27250038,-12.97862528,-11.21859844
-9.42232882,15.88700733,-13.47763183
-16.26803252,-10.0766271,19.09383743
14.40015201,-12.08652163,-9.62210466
-15.49381637,-8.26340433,17.82835059
-9.17941698,17.95215928,-13.21967444
14.14356996,-11.02325956,-8.06549301
15.78199627,-11.88608879,-10.18869567
18.84663879,-15.92930853,-7.68450546
-12.75957662,17.11750195,-13.8388294
-10.38944903,-12.97470182,16.67504916
18.24376447,-12.94532289,-12.54405319
17.70211667,-8.73191957,-13.889251
18.3678842,-15.55263214,-9.10539638
-13.26780098,17.80885587,-13.48375156
-16.90119987,19.36245934,-13.60378121
19.39358336,-16.09341879,-15.55752942
-10.44493252,13.95873121,-10.22197343
-12.34830738,15.70665996,-8.81670839
-14.3849209,-16.55385213,19.84689443
18.15990976,-8.16433449,-14.45109797
19.66505502,-10.72764146,-14.69648239
-11.52055408,-12.96396431,18.97647963
-10.20314891,-13.85893016,16.84943425
-12.53990211,-12.51505629,15.40148168
-16.06281059,-7.9726261,18.94297391
19.04164617,-10.08146174,-16.57464735
-14.17884568,-12.65765872,19.15646682
-9.52262156,17.65135132,-14.98069963
17.70676705,-15.32481681,-13.61844252
17.87516881,-13.02416136,-9.40281083
17.48014365,-13.19602726,-13.21136939
-10.83417843,-15.45021322,19.94758905
-13.85711988,18.93238641,-15.05393015
-10.44473386,19.12364047,-16.60488215
-14.48527988,19.22924441,-10.85330232
-15.74693202,-13.06693334,18.70609333
19.89889918,-15.26505374,-11.64629419
19.34120416,-13.82776254,-14.07018213
-12.05806599,-11.17925338,16.11124209
-12.31895397,-7.08154726,14.93271472
19.37980905,-13.22404655,-16.92528594
16.59238438,-11.44911219,-9.64575927
-9.41948291,17.9625267,-13.23590419
-11.59218557,18.04141786,-14.99134418
-11.65721656,18.25082829,-12.26079991
19.21319455,-13.70071759,-15.30712058
-12.92121374,18.39316553,-14.33891695
-7.84987339,-13.63572777,16.22101054
-16.22680315,19.2715235,-16.83053897
-9.66939328,-8.33381204,13.00300449
-7.32455197,-14.63129083,17.0005118
-13.73610874,-11.0742626,17.88164228
17.89573047,-13.45346738,-15.53355632
-13.63042182,19.61584902,-10.42005977
-12.60755365,16.82787316,-14.2297698
16.94731132,-12.24653186,-11.89103522
-11.03438998,-13.83197141,17.13575754
-7.73135078,10.76992884,-8.09455942
-15.52201671,-9.20387025,19.65119389
-11.42995221,-9.39554379,16.08756061
19.9184908,-15.14162034,-10.97815231
-14.8620581,18.26416633,-14.14222939
-11.60027961,16.57521824,-10.16014535
19.00938672,-10.8012518,-14.47881526
-11.41728431,13.63539467,-7.83880463
12.13271165,-8.2952451,-9.86983417
17.47888313,-13.36515693,-14.4257686
-11.70751354,-14.03834471,18.27447073
-11.37411419,-11.86713039,15.63533032
-9.99979574,12.71046015,-8.90272277
19.98151975,-11.36427475,-15.49314653
19.46497753,-15.17087624,-17.03796625
17.82377036,-14.55214373,-8.40163746
-13.570611,17.14206032,-14.82955382
-13.31587192,18.92190798,-13.4867023
-13.14477488,-10.17998957,15.9323659
18.34296201,-8.84796385,-14.26356468
-11.79749401,15.79825097,-9.47715541
-10.26629371,-10.90299802,14.45117219
-13.51631616,17.98341827,-13.54193213
-9.3691051,-14.20749007,18.30757588
16.83457732,-13.81387378,-11.10827159
-13.35620781,-10.45677212,18.31537227
15.0344173,-10.81465745,-12.24177467
16.90625995,-10.17303284,-11.7379602
-14.12312615,17.79274676,-11.04379
18.53330944,-12.9373576,-12.87899697
-7.24299718,-14.32238901,16.72475645
19.55591157,-17.18339685,-14.54510061
-12.5492458,18.89321736,-13.1316518
19.69408015,-13.68340501,-16.69044891
-12.86646074,-12.16807956,19.64717511
-12.31492389,19.01019284,-16.25367739
-12.89250846,16.5100347,-9.08620258
-14.03757115,17.08514379,-10.31774735
18.96906155,-14.79536632,-12.81509812
-8.78091014,13.1679541,-8.93189102
17.18853595,-10.05687496,-11.55409929
12.45083678,-8.50066107,-8.63857598
16.71318047,-12.77283788,-12.46679082
-12.08925446,-7.97474154,15.66520995
16.15831602,-7.6142383,-13.50485683
17.1587749,-14.57552866,-9.83152989
-12.64281515,-11.52205044,18.82407281
-12.17538595,15.23443492,-8.48619801
-17.02132549,-7.69490672,19.60008603
-7.32520897,-12.0722048,14.97166475
-11.7462689,19.62018486,-12.35824257
-8.68735437,-10.89741351,14.21725688
13.31545388,-7.60633991,-10.58932455
-10.75370558,-14.56813247,18.61906626
16.87548359,-12.68575254,-9.25072995
-14.16084851,16.8388191,-12.28454723
-8.80425945,18.86262681,-16.0906483
-10.11267506,14.96487266,-11.84830175
-11.70619195,-12.57890576,16.02419018
-15.50864181,17.96136604,-10.94394853
13.48836027,-10.48825637,-8.81908267
-13.64267338,16.90691779,-7.99204984
-10.23738519,-15.76895961,18.08399888
-8.29270823,-11.21340783,14.16280428
18.28120029,-14.56731549,-8.58662245
-13.18557338,-7.95376311,16.05119368
-14.69547603,-10.3340128,18.45057516
-10.19757182,-11.50147265,15.00140808
-13.09868454,-10.18716889,17.83721179
19.57696993,-13.06220009,-16.35440736
18.87751742,-16.21363919,-10.55139993
-8.12277827,-6.75034118,10.47253156
18.00176765,-10.82326749,-13.76449622
14.13742176,-10.85504002,-8.05463819
-10.39609728,-12.81550453,17.65634454
-10.54686649,-13.48578979,16.62825037
12.93656268,-9.45162553,-8.03609537
17.65739392,-9.08798611,-13.88357361
-10.74379314,19.36202577,-15.42870521
18.42969734,-11.80897618,-16.19222923
-13.50737924,-12.32678359,16.52569179
17.24254806,-13.19230351,-8.5648504
-9.57564619,-10.13948105,14.66701781
-13.75118549,-15.23583691,18.66671532
-12.45480731,18.66227162,-12.52076324
16.37186677,-13.08879509,-11.40607195
-13.04923391,-12.01204034,19.4560804
-7.83817002,17.27940673,-15.04924296
-16.01994064,19.97194835,-12.0741788
-12.92576301,19.57391148,-15.72911858
18.28396873,-14.67970688,-13.8948178
-14.73291381,19.62836859,-10.45667365
-15.04642588,-11.68514139,19.77031408
-9.28952296,-10.55416031,13.93037902
-14.35693452,17.41097529,-10.25590765
-16.57621858,19.50854128,-9.06739279
19.92222044,-12.00150158,-13.66522891
-10.01259676,12.47107909,-8.88066036
17.09244642,-10.86416796,-12.08052413
-15.81576349,-8.05892407,19.19123484
19.95709896,-14.0498439,-16.7675304
18.45276893,-13.3428169,-11.65921878
-17.34298919,19.81986509,-9.87832646
-15.5606229,19.96226588,-10.80475649
18.99831548,-6.96056286,-16.75078889
-14.74711547,18.02384162,-13.70581889
-15.35350382,19.85423538,-11.21201718
-14.15122068,17.15542356,-8.20092318
-13.04285102,16.37634478,-8.3865564
-13.69948859,16.64160369,-10.7591025
-12.93020462,-12.74987202,18.70801599
-10.83652348,17.70581917,-14.3907366
17.30553248,-11.75270302,-12.05519176
-9.29178441,13.4615803,-10.22894178
-17.07059584,19.83394448,-11.39466866
19.29936578,-10.16945777,-15.48891898
14.20165847,-9.15425834,-9.88742784
-13.59067666,17.25959366,-12.89562987
-8.82235599,19.88833236,-15.73329228
16.08227788,-12.7338027,-9.68950687
-10.16571573,-13.43776775,16.82410148
18.45628396,-14.38069843,-12.87803366
12.40545274,-7.53922237,-9.54657931
18.27773628,-15.27690956,-13.31830438
-11.62128218,18.50336883,-11.46015983
-16.20138985,-9.95583904,19.29819172
-15.84515192,-18.07651276,19.42166844
-13.37758525,-15.33106778,19.22124516
17.9197851,-15.4084399,-6.99719133
-12.17398552,19.92965937,-14.5760799
-14.21718457,17.27470827,-8.55980661
-13.80534163,17.29665119,-8.02295994
-10.76275351,15.82334934,-13.44201604
-11.39558105,16.4233699,-9.91624108
-13.2558456,-9.9250842,16.75408694
-11.73435367,-12.37813997,19.44307469
-13.77507202,18.35145175,-12.90278806
18.00978336,-15.25364466,-9.37959238
19.81713403,-17.56316684,-10.07138151
12.99806232,-8.95269071,-8.6368085
-14.18561606,-7.68397937,17.45011134
16.19071356,-11.42094479,-11.05895873
-12.63260396,-12.56990974,17.81354482
19.61891942,-12.67582187,-14.94122379
-11.89179078,16.90006209,-9.9749221
-11.87076515,-13.83165761,18.64671362
12.92773628,-10.00901066,-8.03173883
19.44102677,-10.47405739,-17.48333156
-11.04010079,-8.26854518,14.83595075
-9.8866002,-14.5670153,19.65767438
-10.86459081,-8.80381528,13.62462567
-11.82249283,-13.27110403,17.79726243
19.55736251,-10.29890138,-14.99417276
-12.87951627,17.54876792,-9.14982649
-8.7695445,-9.09456008,13.11186954
-10.63566382,-12.32868349,15.59243146
-11.85354208,-9.28531189,16.04350212
-14.85634423,-8.62099232,18.31479666
-14.13412016,-13.18512084,19.85574992
19.29954692,-10.19470181,-14.11106607
11.83811515,-8.78790743,-9.16925148
18.78189109,-15.04917432,-9.63428065
15.53763148,-10.40482813,-11.8353817
-13.43417371,-12.33346842,17.77943695
-14.07147476,-11.81851882,19.9374678
-12.93985577,16.74084092,-8.9465846
-12.65332243,-9.9006143,16.58771292
18.26514443,-13.44444361,-11.39433634
-7.31195085,12.12722279,-9.63845563
-14.33453806,18.14144207,-8.57260426
-13.28341357,16.9378393,-8.35357764
17.00182143,-11.77044946,-12.3972301
19.56053557,-17.03900378,-11.922148
-10.23663729,-15.70302032,19.28957428
-13.25692523,17.38741692,-11.05422762
16.76831121,-11.28752744,-11.17829512
-9.91314854,16.74591095,-11.47942596
-10.29952969,19.90181841,-16.95860195
18.50730024,-12.74565699,-11.34765227
-8.25689572,16.39715503,-13.41009985
18.67711634,-10.42418238,-16.0695306
-10.09331683,-15.06143852,17.36073228
-13.25109944,15.53663974,-10.8763825
13.66295704,-9.82927129,-10.58615209
-8.55129542,18.88673851,-15.36940501
-12.06524485,-13.04131202,19.98165383
-13.28494592,18.68310546,-12.27891828
-11.54137701,-11.86979727,17.84660818
-13.64167837,16.22709705,-11.46260039
-12.1028656,-10.17188067,16.76029908
18.88426883,-10.81114841,-13.98348158
-14.82527355,17.62146193,-12.37077055
-11.861635,17.45624208,-12.55668353
-12.97123137,-14.54953385,19.23349475
16.4130161,-9.79312721,-13.67409843
-15.13480571,18.95914578,-14.03562855
-14.77100174,18.38051788,-9.15074856
14.08830291,-8.56483528,-10.86921714
17.80466029,-14.58974933,-14.07546383
16.06290621,-10.75574309,-12.86098794
-16.15216628,-10.12918992,18.68116666
-14.9448548,19.63057564,-16.2498877
-11.13165234,17.015584,-12.31911299
-11.11092889,16.52866774,-12.94737067
-13.01086113,16.30518393,-9.06751915
-11.3828952,16.00742099,-12.73921623
-11.2414862,-13.24747048,18.20236
-16.53592705,19.34541452,-10.47360801
-9.80859807,12.6386078,-7.83867876
19.4454126,-14.94521699,-13.26555013
-8.52195654,15.31639978,-12.03636075
18.98933734,-14.3205034,-11.24555136
-12.79637532,15.70215591,-8.91827428
-11.56468633,13.70788809,-11.12641628
-8.77084303,11.17234238,-8.49842379
-13.84883346,-12.46490123,16.51445979
-7.68376175,-15.64116112,18.15178743
-9.75684026,19.29109606,-15.89677603
-14.27809076,-9.02006632,18.6785907
15.82239634,-11.60131915,-13.29912781
-9.57033068,16.99154507,-12.87413454
-11.93704691,-10.08135423,16.75500853
-11.23716103,18.40189208,-14.51006266
-9.62210031,14.31035715,-9.93296077
15.03802079,-8.48334977,-11.45330596
-14.0210623,19.97503833,-11.16931157
17.08358345,-14.05528053,-11.87051628
-8.37123503,18.39175362,-15.23006566
-8.18161991,17.99697007,-15.23568903
-15.68881411,-15.38432797,18.41426745
-11.74966634,19.07759821,-12.92412911
15.44958629,-10.28433914,-11.07484067
-13.81868287,-8.88601395,17.08817735
-11.99956783,-13.21607709,19.19964097
-7.57638825,13.8169039,-11.23372574
15.03891564,-7.14547565,-12.8010437
17.60909408,-10.19383145,-14.53221401
-11.45874491,-16.25464098,19.14500135
-11.34257214,16.51068672,-9.98535771
16.88525199,-11.76968379,-14.50274077
-16.81778224,-11.0100016,19.26894072
13.10726328,-10.20559095,-7.35445433
15.22689354,-12.99660611,-7.03934376
16.69201834,-8.82870927,-13.04754416
-14.12413464,-15.48490044,18.4857299
-16.08732222,-14.42582347,19.47014901
-13.41264546,19.62349505,-13.47274937
-11.34941554,16.13444481,-9.63235539
14.1459454,-10.55300705,-9.34539331
16.86298746,-13.44778406,-12.4318954
-11.45147838,17.48709695,-14.61255131
-10.40311254,18.4737926,-13.71911679
18.68513317,-15.17430473,-15.70238882
12.25843431,-9.22605551,-9.97308595
19.18525517,-16.66718934,-13.66101664
-15.66462625,19.89565651,-8.80688747
19.8822086,-15.47942886,-14.87905489
16.7781195,-13.58738489,-13.88432363
-12.68958038,17.48370163,-13.12074406
-16.17536239,18.55686248,-13.11962656
-10.72347406,16.25475597,-11.69698306
-10.16924833,-12.74811942,16.31928263
19.08865378,-11.46498482,-15.31517249
-14.51620483,17.84543893,-10.36482335
19.237645,-14.5756122,-11.26674528
18.21713982,-13.33726625,-10.72439122
-10.20336842,-10.48388938,13.86219892
-11.55794258,-11.73246712,17.22364413
-8.97355402,16.38068314,-12.78313478
-10.66439754,-11.76700122,14.91406715
14.26716947,-10.29346576,-11.46260409
-9.61666122,-12.55582435,16.17362184
18.84712271,-13.36091725,-16.0239692
-14.56367103,-9.32713968,17.30825508
19.48241206,-15.28085847,-12.34360698
-11.44705377,18.45230641,-12.00791221
19.27840621,-11.04539112,-14.95303959
-9.78440613,19.52276108,-14.55687865
-14.72605716,17.92085124,-7.91972197
-15.01379412,-15.22816696,18.25253918
-9.7840499,17.75141717,-12.76180543
-15.52602659,-11.77174683,18.7482945
-9.32933157,15.85889744,-11.33569723
-8.5976839,-9.23371835,12.62849428
-12.19325441,-12.63814977,16.81514143
-15.9106466,19.73145573,-13.98068472
-10.4896559,-11.50906295,16.22855161
-12.87928196,15.34661476,-9.0713776
-12.10460279,17.21288077,-10.48805805
-11.6428077,-14.31900438,19.14572005
-12.92473518,17.04173762,-9.79890812
17.94891114,-12.97040243,-11.38043579
-8.98111716,16.21356495,-13.89972922
13.4365798,-10.81960528,-7.91598359
-12.80787945,19.98320093,-17.46176952
-9.02406913,15.05809135,-11.01990307
-15.71404099,19.0603499,-16.81033497
-13.59047876,18.99595651,-10.99784087
17.61267409,-14.74386079,-8.85226231
17.21967386,-14.75034284,-10.27950491
18.71591132,-14.72085763,-15.08215235
-12.11064032,18.67751504,-13.14860833
14.72631809,-8.86870313,-10.97419687
15.93351224,-13.57000318,-11.03104015
-10.70608013,14.48358723,-10.39641701
-9.37684532,-16.31478797,19.48708239
-11.40099127,17.35832633,-10.6370991
-9.58262972,-17.06660684,19.42758245
-10.40574548,-13.63596772,17.26244262
17.16059979,-10.81832785,-13.56020179
-12.30411342,-15.09283231,17.47514846
-16.09267394,18.8243337,-13.52008234
-12.20194256,17.18941201,-10.53711084
-9.97838655,17.40077447,-14.62704042
-9.34193918,-10.84264139,14.82964607
-11.38387672,15.03062432,-11.11654853
17.5008749,-11.02951126,-11.10303994
-10.66033933,-8.64404722,13.96857381
-16.77619223,19.43479603,-14.72979747
-13.81534145,19.57501924,-11.42525073
-13.37188552,-15.06184816,17.68077816
18.64596437,-11.60425622,-14.9822748
-9.55569259,16.30413884,-12.66994949
-8.40812898,15.58245972,-12.00718936
17.99562659,-12.26777181,-12.46486208
-13.30994799,16.0219301,-10.3088739
19.58510744,-15.94351693,-15.39400814
-8.58044939,-13.08556024,17.06989125
-12.23664653,17.94866341,-10.63228709
19.99541529,-13.66824848,-16.66800259
18.57068192,-11.89177612,-14.6927954
19.22168762,-13.44359216,-12.56935576
-7.65819943,-11.63396666,14.88623384
16.87004109,-13.07647536,-14.1495893
15.47463003,-10.82572246,-10.23738464
-13.90259781,18.96865053,-16.05751074
19.02718781,-11.88409073,-16.22474279
-9.86372506,-8.35741113,13.10767468
19.20073562,-8.09297288,-15.6970955
-12.13703614,-13.40789857,19.86784176
-8.84841324,-10.6258065,13.78210029
-14.35790205,17.55314776,-11.69823341
-14.08687686,19.87494303,-16.71304742
-10.32858871,-12.9068115,15.34913902
-12.60267053,-16.2101088,19.76437695
-12.15577585,-13.71179079,18.83757631
-13.1251663,19.25312547,-14.74468224
16.72873541,-10.82569248,-11.99442432
-16.52607612,-11.33999293,19.92883135
-11.95825941,19.99888928,-15.97161753
-16.78037718,19.54420133,-10.79475007
-13.98212657,-12.3288297,18.40828671
-8.84525741,-8.7179217,12.73386659
-14.75227963,17.17737557,-9.13542966
-16.51328625,-7.84558704,19.85787081
-10.81225382,19.37403143,-15.60826303
-9.49607027,15.2806431,-10.52777416
-10.56549057,-16.57254606,19.39405227
18.27034748,-12.60283243,-11.90673644
16.10013062,-13.16135656,-9.97781561
-14.721455,-11.19915674,18.55883166
18.77823424,-15.92028908,-16.35375877
-10.87090062,18.35699327,-12.92936639
-12.43187082,15.74831552,-10.90319422
13.40015349,-10.10633766,-8.6611579
-14.81343159,19.53308346,-12.81437838
-10.14163389,-10.17927324,14.83651558
-13.0418693,-10.8732101,19.41741589
-10.86699599,-11.88882595,14.10167445
19.5208373,-14.20119803,-15.36529981
-13.99047187,-15.89269841,19.01449332
-8.8959016,-14.56331831,18.02003336
19.12943777,-12.47090385,-14.0787453
-10.29685533,-10.15428497,14.87516484
-15.18518099,18.52909222,-10.06478774
-11.5670618,-11.96978082,18.07506884
16.17967323,-9.45234122,-12.39008829
-12.00844636,16.07996296,-9.66631565
-13.35438312,17.90892995,-9.87383106
-14.04720453,18.23053059,-13.91526748
-12.96161266,-14.61701511,17.76196717
-13.47261986,17.31477764,-12.98748864
-14.68592423,19.25188222,-13.96906855
19.67593881,-16.78407162,-14.55080717
17.92990574,-10.83380973,-13.00911049
-14.40556611,18.55117884,-9.0629036
-14.25411174,-16.05614337,19.17954843
-11.91310884,-9.30919982,14.47750522
16.52310909,-9.94218398,-13.58854322
-14.83443546,18.45100265,-10.87672703
18.19324371,-11.64204771,-11.38949012
17.63669502,-12.91793172,-11.19265655
18.58066424,-10.42565017,-16.09758547
-12.52795233,15.17445098,-12.94653362
-12.62278552,-9.63040279,16.79732735
-12.94448021,-8.29795963,16.05619181
-14.72605682,-7.26239007,17.20548109
-12.37086845,17.98198186,-10.35255392
-11.76223392,-14.18457023,17.30750868
18.78075888,-13.7941003,-12.12496556
-9.29517555,19.9459146,-16.84914986
-11.59732843,-11.99161437,16.94402655
18.72015034,-14.36050282,-14.01315948
16.39183463,-10.48083308,-10.5843292
-8.29093417,15.01339294,-11.75171173
-12.14608397,15.92005638,-12.36433264
-10.21492334,-13.32254013,17.3949159
-9.9631791,-11.40841655,16.88387103
14.22726745,-7.91083521,-11.3993248
18.34735377,-15.15106455,-12.02642847
-15.38792527,18.48851397,-8.23810356
-14.41599299,18.17544866,-8.52939397
-14.19247453,18.75970465,-12.05151105
19.79210992,-17.02077182,-17.25289989
19.40411412,-16.81950013,-10.96388399
-8.34638002,-12.9425935,16.20574419
-16.55982332,19.55684655,-10.51897015
-8.75230704,-15.30908463,18.06804172
-15.9218046,19.57663926,-10.49692854
-15.46858997,-10.26482327,18.83851972
-12.85456094,15.82463757,-8.43726767
-10.39383627,-8.0481719,13.48195355
-13.82477287,18.20820639,-10.55196235
-13.89434106,-12.54943359,16.46191781
16.792004,-9.67944113,-12.29065126
-12.86690734,18.34386624,-10.68364234
19.65927809,-16.24849217,-10.85066917
-13.99550978,-13.1491413,19.69997812
-15.89033949,19.58095272,-11.52950486
17.84294547,-11.13196123,-13.94297003
-15.61742553,18.33215303,-13.90601905
-14.98614069,18.93769999,-11.41477177
-12.49081174,-12.07865377,15.51007931
15.74476862,-13.04597879,-8.50391328
16.75892646,-10.7700274,-14.47109719
19.97886986,-16.77818423,-17.4725571
17.34476618,-14.03587299,-8.25872827
-8.04158002,-15.66319305,18.66996019
19.35868067,-12.13331594,-12.19133308
-10.09697509,-13.49673876,17.50734801
-9.27073023,12.26416493,-9.93776945
-8.29957497,-14.80202331,17.58154889
-8.80223306,13.58169435,-10.09762055
16.68687739,-11.82558807,-12.36384466
-13.90903608,-9.53783698,18.21533089
-9.88170865,-11.52547536,15.31342358
-11.94901601,17.62794741,-10.84318685
-16.26932702,19.64875485,-15.42006675
-12.85646136,-13.28428324,17.38454985
-17.36571191,19.59700704,-9.88311209
-14.1403906,17.42010834,-12.00284018
-12.25176629,-16.98797108,19.74850439
-13.33799034,19.70844471,-15.48012643
-12.92005377,17.89423868,-13.52184193
17.53272316,-13.54652911,-11.99689171
-11.41630363,-13.57839557,16.79327872
-7.29308905,-11.27756262,13.85635764
-9.76699727,-12.9187822,17.36944991
18.92264831,-16.34813386,-10.19014853
19.6372987,-13.31925578,-14.39470934
19.90423955,-15.3740708,-13.85553698
19.47644227,-11.21110819,-13.76581505
18.72722794,-16.43021427,-11.11839329
-13.75364833,-11.75049404,17.8480493
-14.02462566,18.34895429,-11.41563348
-10.48592545,16.03221855,-13.29211571
-16.23966491,19.41454414,-15.29903592
-8.84546475,-14.00002868,16.8149322
-7.77172706,-13.80901036,16.77677654
-8.78484465,-15.41512801,18.33044575
-11.82854917,-8.85845218,15.10221252
-14.14392492,-13.24573286,19.64051976
15.84888297,-12.46005734,-12.25049254
13.9457156,-9.23861635,-9.9995524
-14.6323716,17.09768583,-12.25168463
-9.08456061,-16.05114283,19.89765498
19.76570719,-16.66424393,-17.24386106
14.35189022,-10.14866415,-11.4767738
-13.73578939,17.50388673,-12.87671444
-15.74650815,-10.33763355,18.31088772
19.34695604,-11.79238169,-14.62568001
19.91792277,-12.91645155,-13.33550164
-13.96711011,-10.93066917,17.24794681
-13.61193562,-13.64953685,19.88028252
15.27834278,-8.41462393,-12.66812624
-8.90847172,15.6116843,-11.98748221
19.19213786,-12.02600322,-14.3763504
19.99221704,-11.36336606,-13.66595911
-15.52542487,19.28801842,-15.25789985
-11.13158592,-8.870928,13.58390915
-8.49341719,-14.21334692,16.4798642
14.82401116,-10.74170248,-11.71598172
-16.18929019,-9.86770094,18.93504355
-12.97822051,18.14831306,-13.13608554
-12.5500321,18.7694689,-16.19117414
16.16022831,-8.01590666,-13.63878975
-9.32944816,12.65248598,-9.38222138
-15.70830029,19.19101259,-12.68393797
18.87740125,-12.54732989,-15.75243198
-13.4111395,18.97687616,-15.75980926
17.87972179,-14.21931496,-8.22069851
-16.67321075,19.48785435,-13.18582269
13.25563039,-10.59354306,-8.11318463
-7.64149361,-10.28615779,13.2247216
-10.77386002,-14.62816696,17.78685502
-12.83778326,-14.23582396,18.15033815
15.59027872,-9.92096471,-12.95453189
-10.96342595,-14.57398448,19.17136379
-8.5770135,16.4814577,-12.90845867
-13.94224022,17.83535699,-12.86681036
18.1871105,-12.16766418,-14.9802276
19.82497114,-14.64842613,-12.16438204
19.41213508,-15.88385486,-14.63144995
-12.12971833,-10.51059042,17.22709538
-11.27156962,19.62212354,-14.40919761
-10.67247609,-16.28860752,19.27692625
-10.74576602,-12.54079808,16.22434327
-10.14777028,16.18408564,-11.12609059
-9.01463639,-13.40724215,17.97474499
19.1138407,-13.20496987,-14.58043838
-11.61273663,-12.01139856,15.59239811
-10.12342482,-7.64516387,12.46431304
-12.23350308,15.45216545,-11.96763917
-13.63722203,18.58915652,-12.71378705
-9.38473271,12.91290412,-9.72787149
-15.08911534,-16.98223587,19.79114269
-9.96940464,14.69867502,-11.32890673
-13.50310488,-15.1750313,19.3434315
-10.58639273,13.30318714,-9.19368264
19.76982307,-13.18187931,-12.80485022
-12.83409827,19.20351256,-14.96294474
18.98380742,-14.88232581,-12.45701694
-12.97579618,17.85134905,-11.73875264
-12.22738309,-10.6360953,15.82227656
14.12623405,-10.3764583,-8.25227206
-15.25994649,-11.78262521,19.9206972
19.03594555,-15.58327556,-8.97857938
-14.80151723,-14.21932515,19.14925781
-13.40771144,-11.14075113,19.65908494
17.79220314,-9.927373,-14.66912462
18.3427374,-15.82397565,-12.21868175
18.28054985,-11.62622844,-11.59298623
-10.15043896,17.93919145,-13.60927748
19.65401,-15.97264013,-10.45342684
-14.49043278,-10.48462288,18.74568576
-16.46043413,19.61301533,-9.82562788
-13.39376202,-7.58150702,16.51363968
-11.00646558,-16.86235897,19.76704875
15.19724465,-12.89146217,-10.58938782
-12.03169236,-11.2874062,14.85333109
-15.20024954,19.83396417,-14.08125267
-9.83199755,-12.06458975,16.25164816
-14.45198057,19.17355705,-13.60206973
-9.84417804,-7.48235198,12.76559114
15.12405116,-11.28138029,-10.09667093
19.79892117,-11.37489685,-15.19709045
-14.3367387,17.86849205,-10.15589313
14.03646257,-10.96124162,-7.75308472
-11.9755718,18.57807001,-16.21165346
-8.45173504,19.77569592,-16.11892213
-16.36953047,19.18610871,-12.57657992
-15.13365395,18.78620273,-13.81883243
14.55475041,-11.07280447,-12.06115484
-14.70021102,19.07041505,-11.31863909
-13.75400917,-9.22154044,17.84502577
17.33514556,-9.79873972,-13.80557784
-12.08398497,16.40759436,-8.98623308
16.29844207,-12.18527282,-9.59087893
-7.90235555,-11.64263843,14.64270412
19.69135193,-14.80349002,-11.38347993
-12.26011689,-10.35922997,17.51016406
-13.80225081,18.92007221,-15.92204622
15.01462001,-12.57917977,-11.41764795
-14.50237386,-12.47003963,18.25158923
16.07798922,-11.75443905,-10.42141807
-12.14745472,-16.69851376,19.87192248
18.99634002,-12.56145579,-12.40960772
-13.57003173,-11.51728478,16.28349779
-12.02451316,17.95018807,-15.30076305
18.22762543,-12.05460519,-11.01296099
16.74173416,-12.79235103,-12.65133881
16.49347965,-13.80100505,-13.45795243
-10.95922061,-10.39942346,14.37947705
-11.01873609,19.89792745,-17.12766785
18.35926766,-12.5524018,-11.13985032
-7.77953912,15.43317633,-12.20143875
-10.83910638,-9.49688217,15.45883554
-15.51737993,-9.52085004,18.50705766
15.08849332,-8.13196731,-12.64261057
17.80166181,-13.09217299,-10.62134885
-10.34058911,12.78153306,-6.98576903
-10.20754822,16.08768813,-12.70650529
17.71910557,-11.95896231,-10.96757451
19.77294307,-13.61398156,-14.61864114
-12.69085373,16.08083754,-9.93814337
19.40000293,-8.85006633,-15.959418
18.88221544,-14.15974595,-10.72443216
18.16632189,-11.32310538,-14.91059337
18.96624297,-9.27294713,-14.15985731
-9.9245932,14.98195786,-9.64370525
-9.22938845,15.8732366,-11.19437558
18.20268128,-14.15793227,-14.42218767
18.30509441,-15.03037168,-12.09336341
18.78901426,-9.74528043,-13.53155076
-15.24226275,-13.40893512,19.01367773
13.53622019,-9.90309322,-9.62125714
-13.87136702,-9.51294428,18.50616708
-9.36472492,-8.63951528,12.1186518
-8.45301689,-7.87609287,11.83442017
16.14865102,-11.48260877,-13.58550371
18.94152546,-15.85569418,-10.56096359
19.93025963,-14.51617707,-13.12043367
18.79928025,-12.74120129,-13.85760735
-15.4138346,-9.09387195,19.6393719
-8.63409076,-16.2139879,19.21657303
-10.110644,-9.44967621,14.92977876
-14.59534571,17.94201219,-11.17832331
19.66390921,-13.33889932,-17.03031344
14.33927454,-7.83432199,-11.42683415
-11.82203681,15.26268686,-9.483577
15.63639275,-12.25438716,-10.05364061
-11.79959432,15.85290217,-8.53649081
17.8650998,-14.54694114,-9.53110525
16.09660155,-12.66826834,-11.70369061
19.40268349,-15.3158939,-12.88283676
-11.41829431,16.47801403,-11.5895153
-9.96023344,-9.74267437,14.82418499
-9.51428703,-14.65744183,17.04816536
-10.60415317,-13.64456129,16.83524567
-12.981042,18.63618168,-15.77697434
19.37614173,-13.48632969,-17.11990179
-13.65533108,17.88187594,-11.87089253
17.07408152,-13.62190221,-13.98504232
18.15966236,-11.23838332,-12.30700831
15.05746582,-12.47365961,-8.6884504
-11.93116348,-13.07756488,18.83443979
19.6883376,-16.03160172,-16.82999757
18.90048583,-8.392881,-15.58062228
-12.66848911,18.57601268,-11.13113941
19.96407699,-15.37313773,-10.04202889
-12.2358212,-11.69854011,18.46394926
18.68743221,-12.85810063,-15.71333591
19.16450178,-13.23539141,-14.39200166
15.77687893,-12.81535632,-9.54454591
-13.85678116,16.65124857,-13.4973097
-9.88604147,13.21302875,-7.76647636
-10.19291102,-9.04359786,12.4254774
-13.10326128,-15.37402297,18.99220136
-15.23362666,-7.90529797,17.74867286
-12.86049756,-12.52848384,16.98921921
19.40606894,-9.36574885,-16.49955966
-8.97990476,14.80393506,-10.45614025
-17.53827915,19.95714333,-8.67293552
-13.24799726,17.81604917,-9.37824445
-11.79382528,14.28982547,-11.08589072
17.49232092,-14.77175723,-7.3969832
-8.74217005,11.16601133,-8.68498114
-11.16871066,-11.57870208,16.23000796
-14.34181621,18.80122807,-13.58436117
-10.7488026,-11.68292498,17.77017241
19.14468652,-15.88292193,-14.55981783
-12.37234859,-13.29517819,16.68231954
14.16779136,-8.65813406,-11.20698247
-12.97106686,-9.03991941,17.4939502
-14.74018808,-7.81761166,18.07695443
-15.91999478,18.83820142,-11.37188418
18.13111267,-13.86474479,-13.76826818
-8.50179157,-12.79557389,15.73356122
17.70815365,-10.3000462,-14.47052687
-16.97125496,-8.13979006,19.80243501
-9.61350056,12.54779284,-7.75577349
13.40845643,-9.78951194,-9.88987059
-16.00120271,18.90997033,-11.89783412
-12.91400344,17.98204714,-12.74704463
-17.04300209,-14.87507638,19.31847995
-12.7674515,16.15629596,-11.63770142
-13.76768366,-12.04765959,17.60463268
19.90655587,-14.48623003,-14.57741952
18.87247418,-15.46699405,-10.62148567
-11.55151361,-12.50180921,17.91088156
-15.26863446,19.60862703,-17.01769807
-13.92161298,17.61635296,-9.11550477
19.31854135,-14.26427484,-13.13893179
-10.4642245,-11.28880681,14.51688813
-12.55684586,15.58434086,-9.7088462
-11.18314269,-9.69643553,14.46585998
-8.05075466,11.54831478,-8.15429503
19.979991,-15.37002348,-12.92737337
-12.28645513,17.118338,-14.48634116
-10.46120218,-16.04060679,18.26323179
19.28573359,-16.75908648,-14.21796655
17.91071419,-11.06084504,-13.11834989
15.68945115,-10.34060654,-9.7727937
-8.64935208,12.14584224,-9.13690557
-11.64244828,17.74073417,-13.02277551
-14.24880798,19.34180804,-16.91979913
-13.83746616,-8.11738846,17.1091279
-13.1784841,-11.85271257,19.69509541
-11.80610862,18.94983321,-15.60424247
19.20899817,-11.88865547,-12.2513157
-10.18163181,18.84225326,-16.51927696
16.40237286,-10.40229708,-10.96476738
-13.68420384,19.90491591,-11.95785339
-13.26536536,-9.19043965,17.37713378
-15.32459862,19.46830213,-14.75178651
-10.14058916,16.07263958,-10.88856109
-16.24063757,-7.47000854,19.19335767
-9.15093366,15.64625901,-12.10878636
12.20442312,-7.90913245,-9.67765209
-15.07176463,17.849916,-7.68992546
-10.38621233,13.31418268,-8.43819137
-12.80342625,19.22949369,-16.61376729
-10.71831398,-10.31196129,16.49011171
18.97002809,-13.95682079,-9.83072562
-12.29118448,19.02399022,-12.39581025
-12.37290293,-11.35469641,19.11216331
17.15168852,-12.3164136,-13.44068565
-11.71045725,-9.47666793,16.41524339
-13.32973937,15.72221034,-6.80575436
-12.86164113,16.10506765,-8.16854066
18.47928505,-13.50253326,-10.15895768
-14.6539161,17.75984901,-8.0360622
-14.88655463,-16.85195203,19.95232295
-10.62588175,-10.20868601,15.47453202
-11.13639522,-13.39240428,17.63959559
18.05607592,-10.99348117,-14.9378714
-16.10907103,-7.33258733,18.74941958
19.86278935,-15.89822381,-12.8276565
19.17050751,-13.63401285,-11.27632297
15.48196343,-8.76535677,-11.79189012
19.07519842,-14.44577809,-12.96891695
18.85342916,-15.05404936,-15.08870444
18.6411053,-12.31394916,-10.87345113
16.46393355,-13.39977952,-7.8018952
-15.671627,-11.79433763,18.16111585
-8.57553577,-9.59766002,13.76818417
14.60436678,-10.00339789,-10.6469887
18.17640816,-14.33233223,-11.00381524
12.70723747,-9.40688984,-9.09228403
-11.34378717,-15.31300546,18.36676143
-10.90851205,-16.98536858,19.99275718
-12.81627055,17.46597176,-15.187791
17.09626186,-13.31004988,-12.737803
-13.23027949,-11.44906051,16.12993732
17.54914539,-10.88477415,-12.61438863
12.70105004,-9.7169361,-8.37059395
-8.65091334,11.15513142,-7.57715148
-12.64143424,18.61571727,-10.88697476
18.95538338,-13.2000322,-11.80966156
15.11454868,-9.19507986,-11.12986753
13.70492417,-11.51569712,-9.44008367
-9.05942344,-15.39689074,19.27483832
13.79563306,-9.80690744,-9.84412961
18.73095921,-14.72438153,-13.00764497
16.60839873,-7.05376739,-14.05926389
-12.11807027,17.40680518,-11.47894322
17.8814933,-14.71611255,-10.74909028
19.00776746,-13.52914633,-11.41571117
-13.40558011,-15.1227,19.41537003
-12.79465859,18.27537841,-11.46669172
-7.41371444,-10.95884096,13.5256686
-9.85212788,15.00209344,-9.68595105
-13.80449228,-14.59271195,16.93420624
-10.16625083,-9.08858269,14.06005991
-15.49934528,-11.24762128,19.55357055
-14.19460859,19.56839693,-12.9069154
16.26827257,-12.9026289,-8.39508718
17.71462016,-13.40203538,-15.46051497
17.11483046,-11.26458844,-11.73870309
19.35074189,-16.52235011,-9.59778181
-13.71708131,19.06099828,-15.52358722
15.2982827,-8.15333799,-11.96387389
-9.95084884,14.98219991,-10.50263976
-9.96994046,-13.33850912,17.31923673
16.4728757,-13.7600506,-13.5166097
-12.51738151,-10.23390095,15.48921948
-9.57634877,19.05138325,-16.16807681
-13.15441188,-15.19910746,19.02513663
-9.91022763,14.99335776,-12.10132986
-9.85729123,-13.09211134,18.31320422
-10.93743082,-15.54236443,18.50104417
11.52866745,-8.20466969,-8.90617314
-14.67527661,-9.50048411,17.64620441
-12.27791514,-12.07807011,18.97396239
19.61793443,-13.43351553,-13.63861286
-15.52318281,-14.73689928,19.98720337
-12.65430491,15.96239508,-12.59796627
-16.74115323,-14.73843552,19.33815843
19.88947481,-9.13108822,-15.4798415
-13.3813018,18.57575195,-15.36401784
-12.09410235,-13.59336377,16.36704943
-12.38059813,18.28058726,-14.11413702
-13.39900735,18.03088749,-14.05365918
-16.1733706,17.76531424,-8.78740624
19.41812733,-13.79313531,-12.2529279
19.52659081,-14.19736669,-13.23139749
-14.43357944,-15.04658861,17.75807966
-11.89742843,-10.35620923,17.6653727
16.79984864,-9.78459598,-14.00261108
15.87727668,-8.00787571,-12.751031
18.75346785,-11.78192187,-14.69393773
-15.38524788,-16.28167592,18.68155867
-12.78964259,19.8860127,-15.2015545
-13.29057837,-13.05045068,18.84572391
15.67029747,-10.56865562,-9.77896157
-12.51899757,-14.42422553,19.02018106
19.89721119,-16.2491779,-13.32210512
19.39164845,-11.64106492,-14.53510433
-13.13440527,-13.21785822,17.95347857
-13.42146079,17.34833125,-13.25368933
17.62317789,-14.91374332,-7.63806708
-13.57924913,-9.22379732,16.25826722
-11.98894016,17.92387511,-13.49053522
14.99462458,-10.01116421,-9.47354234
-12.70104224,17.42764992,-11.752346
-10.35254237,13.20764872,-9.32192689
-15.55561559,19.90699316,-11.10634678
-13.89512911,-13.9213715,18.63200774
-15.62387581,-12.59909213,19.12947946
-15.99647739,-15.94274126,19.26274234
-15.6934622,19.01822554,-14.86425873
-9.76246286,-11.0426365,14.19578706
-9.73324931,-13.77457037,17.88082401
19.0081233,-12.9802013,-16.21091263
14.52453732,-11.94652943,-10.21898515
-13.68571878,-11.96464652,16.88925031
19.71637222,-14.07616362,-11.83973512
18.88610977,-16.28404403,-9.6151901
-12.40416669,-12.55864906,16.92471216
-9.10225404,14.03946324,-10.84489354
-12.63264697,-11.90231989,18.63486893
-16.13832006,-10.3025942,19.62072314
-11.13082783,18.22688081,-15.92672795
-10.49294276,-8.75518385,13.43332639
-12.5421262,17.27820477,-10.17134422
-11.10484744,16.81548954,-11.74584593
-10.04413924,15.58224948,-11.40825996
17.47808428,-10.55801991,-12.71242391
19.49772344,-13.04615368,-12.02628068
19.77107141,-13.15605613,-11.26223716
-13.26196139,19.43201456,-16.88185424
17.36262517,-12.29005158,-9.7293941
-12.29096567,-12.56640484,18.88736736
16.5729989,-11.43702842,-10.76719904
-10.00685366,-8.97673804,13.86997124
-16.47082799,19.7358242,-11.69687476
18.25559774,-11.64857627,-15.96535754
-13.33428706,-14.49601404,19.48210743
19.98414171,-16.20987854,-15.13506327
-9.19707366,13.68917935,-9.36120014
-11.45428781,-16.83830147,19.21122854
-13.92689459,-17.17068794,19.71583386
-9.33754723,15.16653558,-10.77591297
-9.62503345,16.14464643,-13.3242605
-7.68277652,-16.84588856,18.85055013
-10.61514481,-15.54447793,19.46965384
18.08788817,-11.50103831,-14.85717692
17.22578308,-15.90229987,-9.90876289
19.21624741,-10.71665886,-15.58606736
17.21068605,-10.13593682,-13.72413283
-13.17209473,18.75063703,-10.62285913
-10.07236995,17.91455873,-13.73369874
14.06515376,-7.49205491,-11.47541317
-13.63412897,15.84759168,-10.40770106
19.73201747,-15.25290714,-15.15547732
-8.16051874,-15.10368176,18.40846439
-14.12476066,18.53713943,-11.41466371
-14.09265484,-16.36984034,19.34086325
19.5550269,-16.94662149,-8.74016888
-11.66645686,14.64254691,-10.42132454
-17.44515779,19.99336599,-16.99773692
14.03489707,-8.7685504,-10.74389278
-10.37799469,-14.29499446,18.0106749
-9.30970215,-16.35939959,18.96292588
-10.30461437,19.91876366,-15.94303969
-8.81986922,-11.28841718,15.03490596
-9.04636551,13.78937852,-10.88623129
19.32308551,-13.23740134,-14.8367902
-9.40310509,14.57069462,-10.20266666
19.48938819,-16.40560589,-15.35715849
-15.71852215,18.34366404,-12.15595241
-13.28204724,-11.61463651,15.80272751
19.43092463,-13.45000613,-10.73397959
-8.92068129,-11.13972469,13.61429673
-14.78143792,19.72185197,-14.73850288
-10.463789,-10.23864346,13.07575377
-16.3346952,18.77394212,-10.53240322
-8.46706205,19.14559754,-15.46181685
19.98385914,-16.61254747,-17.22352428
-11.18289041,15.80266454,-9.19307183
18.01694533,-10.69039209,-13.35354892
17.70727775,-10.13402604,-13.47849556
18.77599629,-14.14856758,-15.06825542
-13.12618257,18.19700535,-10.79435384
-14.39689382,-10.61303279,17.76863086
-13.59808406,-12.97416632,17.48987748
17.26774617,-10.39206422,-12.26364428
-14.39210424,-11.01859618,19.66666155
19.46444564,-15.38668394,-15.78096413
-17.08933878,19.345456,-10.00081895
-12.93529098,16.79888618,-12.90682772
18.8436363,-8.99862461,-15.42588207
-11.04591692,15.7857203,-11.20696153
17.69521375,-14.53528132,-7.61421856
-11.37147357,-11.60299503,14.96771958
-14.18173966,17.64776262,-7.94704596
-13.39752448,-8.91337322,16.58882199
19.03174358,-13.31272662,-10.13544908
-15.51381592,18.90042147,-10.35506316
19.26344083,-8.75254549,-16.74444456
-9.06301482,-9.68399766,12.14605904
-17.02476671,-9.05460984,19.60971567
18.89779545,-10.89190342,-13.23620943
-15.20387693,18.56658006,-13.21364332
-10.33026903,15.21089848,-10.53601609
-15.29079679,19.37792757,-15.36169959
-16.26945577,19.91286507,-16.27828515
19.89237926,-13.94945272,-12.09107407
18.05698981,-12.30404559,-12.63624913
16.39620766,-13.33470224,-9.64310986
15.22111951,-11.66732283,-9.3003636
-9.34428357,12.91885734,-8.65694255
19.24795932,-14.81712359,-12.84576004
-14.12354693,18.38708896,-10.99604524
19.05573444,-11.0595092,-15.65578874
-14.14668199,-7.93883826,16.37117551
-11.77879593,-14.92668441,19.59487582
-11.43740901,19.56149079,-13.19642948
-9.78406461,-10.82530716,14.00301692
-15.25434924,-14.0067207,19.00063081
-13.69345907,19.28641495,-14.61762542
-9.41745221,18.28375384,-14.56254902
-8.88892457,15.51147279,-11.23838279
17.70867438,-8.85363735,-14.00293026
17.61258701,-10.78234137,-14.07711363
-12.58020336,17.72062027,-11.35501738
18.34119677,-16.57034388,-10.42528537
-10.26035741,-10.4882438,15.52267617
17.46260388,-15.08408288,-9.32555227
-11.61611552,-11.56516831,18.1157041
-15.4386265,19.64007703,-16.46170146
-14.4925515,16.75866479,-7.28467432
15.73522991,-9.15746516,-12.67576727
-11.87065561,-11.80557432,17.94904499
-8.50827298,-14.5795954,17.20136658
-13.94380188,-11.46793886,19.31491573
-12.95693326,16.72454831,-9.80052595
-13.72002188,17.17859901,-11.50440643
-12.8033297,18.79497656,-13.45740121
16.52052116,-7.21347532,-14.03530577
-10.19768648,-10.40189034,15.17473893
-11.46018053,-13.28828595,18.93276359
17.60776644,-14.4139311,-12.83969033
-7.82258641,19.10963865,-16.58555706
17.92220738,-12.78619102,-12.12210448
-10.3878477,-10.23836589,13.48308017
-11.23181056,14.19179162,-7.62780577
-11.77864403,19.04238803,-14.55450732
-13.90840083,16.99640257,-8.56562045
18.81900701,-15.35820599,-10.22242342
-15.66189271,19.1145881,-8.0031747
18.17988948,-11.93013269,-12.35993587
-14.67323177,-11.99332593,19.26345499
-11.90507331,-14.97291378,18.71872528
-13.3622574,-15.18119418,17.48675503
19.45291087,-8.14561172,-16.8562577
18.07463461,-13.51669275,-10.38155027
-12.39240087,16.60187868,-10.62405646
-11.92630479,19.43865549,-14.57986564
17.75552641,-14.53543198,-14.45047876
17.71411379,-11.70778157,-11.1200203
13.19064503,-10.56371787,-9.61557469
-15.43673269,-13.04196461,18.86019441
17.86187536,-9.76199142,-13.89215521
-12.49210639,-16.04075375,19.77426805
-8.60575402,19.41629385,-16.37177229
17.44296486,-13.23286486,-8.94781036
-13.42735874,16.81507445,-9.61356739
-15.04911754,19.42154369,-14.31372059
-15.00173341,-14.06785628,18.67525014
19.39977218,-16.41724803,-14.13274375
15.31427965,-8.51630575,-13.09070497
-16.74179399,19.81309694,-14.647185
-13.53219287,-11.93871677,19.88193728
-12.60919449,16.62217764,-9.15678924
15.38632857,-9.74169677,-10.36836171
-11.41891874,-12.27418299,18.01709562
-12.647099,19.95362762,-17.2490502
-11.78096446,-14.51353425,18.16390719
-16.05191826,18.83323944,-10.31689367
12.88816675,-8.46823971,-9.30800049
-9.26341407,18.26527477,-14.55465384
-10.13433564,-9.75731733,14.10574631
-14.79178552,-9.83129554,18.65698467
-8.93914303,-9.12099159,11.62205232
-11.40772096,-11.7469035,15.71517932
-12.57243879,-10.95503296,16.63241101
18.8310482,-7.66090919,-16.52680043
-13.68689865,-16.34564396,19.39847475
-8.40422793,-11.39308835,15.19313262
12.96952702,-10.06432323,-7.35061217
18.44577801,-12.25488625,-14.03005706
19.80864582,-15.59635453,-10.009836
-16.2953361,18.62901902,-14.05741054
17.87371623,-10.70497984,-14.51514458
-12.83457466,-8.77037844,17.1175529
-7.25259147,-17.08961135,19.34505175
-8.04600661,-13.56387862,16.75375497
18.90962457,-13.44781939,-11.6871957
-11.17058249,-14.58688257,18.01928087
-13.30951359,-9.50171841,17.76136664
-11.3889492,16.33839579,-10.41053777
17.67474787,-9.47249741,-14.37489389
15.5532934,-12.10153035,-9.00294924
-13.85368064,-11.94125764,19.88076317
-7.28540405,-16.74000898,19.39156154
-13.35253189,16.92436751,-13.23954848
-11.30895365,16.78687059,-11.52531612
19.21870999,-15.48478033,-13.97088726
-9.18529021,17.00137964,-12.79909214
11.7239143,-9.22446905,-8.11486524
-11.47366622,-10.90395808,16.26510763
-10.4056427,-13.07443133,16.7031982
12.04619798,-9.27998767,-7.80520187
17.15435471,-14.82452598,-13.9664021
-14.43717595,-8.73536905,17.67692555
-8.11924228,13.12705058,-9.42667813
-13.40448527,18.46298312,-14.0230628
-13.58561553,-10.06969059,17.87277624
-9.65757653,18.75828698,-15.32052951
19.89534765,-14.37287489,-16.30868811
-10.69229994,-13.78775892,19.26181502
-12.65545135,-14.22045805,19.49514352
-9.92228471,13.1007569,-7.72855407
-16.749615,-9.82068885,19.33361252
15.21758828,-12.23648239,-12.25826409
-9.80400867,17.56359746,-14.44171988
14.92258999,-10.95601037,-8.36468318
-12.63206158,18.20103297,-14.8813297
18.08642278,-12.21418213,-10.27180912
-12.20426825,-12.88599631,16.55588919
-12.78463054,-14.6654699,18.91113173
16.77187463,-8.23750654,-14.49055012
18.59980272,-13.54572262,-13.3655006
19.20967538,-11.45451949,-14.85669013
19.48603938,-8.19366167,-16.01981538
18.96198477,-13.62553164,-10.28072979
19.1070261,-13.22005701,-16.58615251
-11.41695175,-11.49268698,17.43818886
-13.01561141,16.3960333,-13.82057759
17.88566362,-12.83148849,-11.99518894
-8.36369363,15.26276634,-11.39933555
-11.26602701,19.61604679,-14.58215717
-13.49626665,-16.51022289,19.15434868
-13.25757015,-9.58193467,17.01572097
17.47959367,-14.31974957,-7.69385904
-11.7825427,-9.9750952,16.15550496
18.69769802,-12.87798037,-11.01135683
-13.45915225,17.32937586,-10.14959016
-9.36803237,-11.46324187,16.27587857
15.70827912,-11.13741366,-11.0365342
-11.12170831,-13.11842904,19.2214786
-8.74321938,18.26369949,-15.35669906
14.96743493,-10.31674263,-9.4404706
19.5652316,-15.99043876,-11.83430078
-12.41049345,-11.56173802,16.83177603
-13.34962592,-13.22362376,17.17946814
-11.06563288,19.48814345,-14.01881725
-8.24143428,-10.56391252,13.02685106
14.73618539,-10.4665421,-10.92378572
-9.18388641,16.48740809,-14.25542935
18.51862409,-15.64898506,-9.58472837
-10.92908894,-14.21230644,17.82866645
19.12106985,-11.14545146,-12.92656343
-15.37388353,-10.83800219,19.1463935
-7.8209758,10.14028229,-7.7615077
17.54280807,-12.4705928,-11.16220335
19.74393891,-12.16288522,-14.03822711
-10.86431578,13.66131795,-8.42673259
-11.09511469,13.41275316,-7.34631604
17.03069966,-10.85999678,-11.69190536
-11.89650774,-10.03303462,14.12747731
-12.94360814,14.91130348,-6.73524558
-8.78156235,17.66768409,-13.87868408
-11.53080979,-8.33452584,14.64139218
-8.47436481,-8.48529149,12.01310898
17.84047602,-14.63730824,-10.52063204
-10.46142338,17.61126018,-13.09558594
-10.68278062,17.00005845,-12.98399576
-14.1678172,18.20024533,-14.60738008
-10.48865379,-9.50165014,14.17476174
-8.3526609,-16.76100545,19.31614156
-12.4136498,-10.92078109,17.89752044
-9.81918487,-9.2458583,14.35685871
-8.96930412,17.70484905,-15.29272185
-15.91898375,-10.29408346,19.77990672
-10.2979415,-15.57876556,18.67764581
16.5860463,-11.54412278,-12.43318059
-13.11086273,-14.77274929,19.73028229
16.12032397,-10.30483641,-11.86189815
-16.18036544,-11.77740654,18.68949691
19.01010241,-10.29885445,-14.44793585
16.65088806,-10.15438715,-11.94859341
-11.48669047,-8.50083549,15.42247409
-11.36431682,16.12278984,-13.4745144
-11.91318805,19.69504337,-16.88047466
-9.72829735,-14.30852073,19.25899568
19.17179869,-12.40149917,-12.64180749
-11.92485786,-14.97649682,18.60285892
16.41447931,-7.7360565,-13.62196817
-12.6355685,15.95130502,-8.64763159
-12.08220695,19.91260504,-12.81614063
-11.11382894,-11.13313653,15.26787659
18.57655194,-11.5403068,-15.33018567
17.96923096,-10.72671062,-14.09149886
19.91867326,-16.72231616,-11.69075381
19.05240125,-15.36996089,-11.09371006
19.818622,-9.18822324,-17.59342435
-10.70117116,-14.37239519,19.23774049
-9.71284874,19.39248326,-15.02405091
-10.99920222,16.95116437,-11.74241471
-13.37096473,18.76305658,-11.46607757
-13.40940233,-13.33204843,17.65391758
-14.18034477,18.07484503,-9.66288149
-8.94927544,15.05341838,-10.8917115
-11.96629022,17.65983553,-11.26774375
-10.16102739,-13.39045446,18.33183589
17.89547869,-13.06145311,-14.16168809
-9.93754658,-9.06544975,14.28054423
-16.94202785,-12.4283144,19.88934807
-14.44829776,18.87639745,-16.03367823
17.60618718,-12.24820562,-10.53462189
-10.14739247,14.74678806,-12.09390987
12.21281993,-6.94671032,-9.90653412
-10.40656923,-12.30872866,16.11699739
-13.5045233,18.08944966,-13.5379351
-10.05195631,-16.81436644,19.99676966
-11.35000143,-10.99342503,17.71253585
-11.56788334,16.63206939,-12.24722942
-11.24192894,-7.45538842,14.20940079
-14.84332845,-9.31942191,19.19503286
17.72885428,-14.86298529,-12.05687883
19.68027664,-9.58502332,-14.58881356
-10.07032185,-14.10224573,18.02954443
15.25184979,-11.69424712,-12.72397346
17.91369415,-11.31610512,-13.89553671
-16.47219346,19.72070058,-16.56071357
-12.30939302,17.40190743,-15.17329136
-13.85822171,-14.10054321,16.62255201
-12.04492079,15.21122426,-8.14703901
-9.72969961,15.65600544,-10.57914521
-14.08438189,19.90198739,-12.22358168
-12.05035542,19.51444407,-13.5071161
-8.52773925,18.12748726,-14.65204396
-16.03144721,19.24545622,-8.76596362
-9.69030058,-12.79605582,15.65765477
-18.37862703,19.86062136,-9.43906893
17.02109031,-13.04898159,-10.53820256
17.7111591,-11.58053758,-12.19042029
-11.1073067,-12.19424992,17.46884645
-11.72089581,-10.72144096,16.64296375
-13.22571846,-14.59143345,19.67910076
-12.41778644,16.58678121,-12.55610004
15.06153648,-11.12163896,-11.40854135
18.94007767,-13.56883385,-10.52492053
-11.66800434,-10.93364739,14.74861714
-10.24321483,16.01538671,-10.4510904
19.96180743,-17.62611854,-11.49368868
-15.86491315,18.50229542,-14.90472242
16.46958608,-10.09215221,-12.21813567
-16.05506856,-7.67240691,18.46624034
-10.45029893,-9.91809765,14.83477797
-14.60907697,19.29173304,-11.17568736
18.8190715,-10.69455806,-16.47621711
17.60223675,-14.57344088,-14.48445467
-11.45769474,15.51847419,-13.12418846
18.99439402,-15.66637734,-7.89301191
-12.04450349,18.61649272,-11.20644595
-13.03081154,-13.36536506,18.60752459
15.1845035,-11.07109701,-9.18875526
-12.85353603,19.59865381,-16.3910998
-10.37326208,15.79704886,-10.42921135
-10.19075788,13.65432774,-7.98943986
-10.82291921,18.15910809,-14.57731109
-9.38707647,-16.06755915,19.54256494
19.82436191,-11.54838007,-13.99984585
-17.15751743,19.61545635,-11.4968713
-16.3192102,18.75189506,-8.98486421
18.34865146,-9.80418842,-14.37766432
19.2715395,-13.41832139,-12.10542695
19.5165559,-9.76932797,-16.98661324
14.7065112,-10.81503563,-10.25424934
-10.98185072,-10.3189989,14.57031554
16.90621825,-12.27077203,-11.49286554
-16.58873331,19.12615049,-10.0433281
18.45199122,-13.32421266,-13.6557562
-12.54256155,-15.25728729,17.79279035
-8.08119701,12.14309985,-8.80759307
18.24789061,-9.1840291,-15.78661359
19.36095149,-12.94180956,-15.01827404
-8.961411,11.63135544,-8.0899493
-13.85237045,-10.20047549,18.73552672
-15.78602293,-8.52404355,18.01193349
-10.7904435,17.22100973,-11.34724572
16.72244155,-13.61660711,-9.22935629
-12.92262517,-12.36707469,19.75992963
19.39821155,-13.95707526,-14.18896783
-9.34907284,14.63747264,-11.70501918
-12.15021135,-11.3772042,17.1962807
-13.4877676,-12.63332502,17.84660507
13.95273773,-10.36200912,-8.75481135
-14.93694601,18.05172948,-9.96810533
-10.53021142,18.71727039,-13.68674817
-15.89181673,-15.39946527,18.91330905
-12.17124584,-12.52061036,17.03327139
-7.98351274,17.9151845,-14.73954183
19.66702128,-16.49413371,-14.10317011
-12.66868094,17.36218698,-12.62056784
19.30189274,-12.29527766,-14.08680492
-12.4791569,17.30265832,-10.36427185
-13.42578682,16.77310099,-11.78669494
-9.7121625,-10.67452449,13.0669391
-10.78244337,17.97717027,-13.79748933
-15.85778018,-7.40903307,18.70827215
15.19554804,-8.92672045,-11.36455212
-11.08941209,-14.63790258,17.98078759
-11.57107762,-15.93176526,18.85710981
15.21363808,-8.63805806,-12.73968739
-12.17500911,14.94708884,-10.10706878
-10.94101774,16.66418506,-11.86734878
-10.70170771,14.04076849,-10.76127067
-8.07430997,15.93963896,-12.76508851
-9.21856652,-16.17120838,19.24020118
15.77124358,-10.52466993,-11.64463946
-10.57281697,17.53684929,-14.03526921
19.4028247,-13.79683526,-15.53239132
-12.48535451,18.63774065,-13.97108938
16.65035615,-14.01703226,-12.85213308
13.02715021,-10.74077622,-8.76730034
-12.46606818,-16.13168174,19.97998446
-8.96904715,-9.19624222,12.24230852
-7.12185159,17.07624209,-14.72316076
-15.32508287,-9.86169932,19.12713848
-15.94194741,-10.96193321,19.63434746
18.66672138,-12.76383128,-13.86749874
11.14466811,-8.60164013,-8.09470611
17.0743486,-12.86122496,-10.25123124
19.69681508,-7.56181595,-17.21854345
-15.08948492,19.16151718,-13.02806319
17.64930556,-14.37707962,-12.55125907
-14.3002277,18.78539074,-11.04864869
18.33733003,-13.41731436,-11.79001166
-13.44765273,17.82026039,-12.1503312
-11.66357689,-8.11804277,15.37355057
-8.3259068,-12.43493039,14.97998781
-12.19373784,18.04753514,-14.36354636
18.42691576,-12.39862221,-14.78692191
-12.96748346,-13.02982616,17.70001042
-14.65564192,17.66569512,-11.14384339
16.18441559,-10.16069187,-10.67359797
13.02462579,-9.60039666,-9.04853757
18.06170965,-13.67988103,-13.02850143
-9.81146921,-14.14557082,19.32402336
-12.94992202,19.28162679,-13.16676341
-13.0379941,15.92548262,-11.12987833
18.9885255,-14.72325283,-10.3924799
14.5501271,-10.3119542,-10.82030117
-14.41594621,18.14235695,-12.72984292
-15.15924936,-11.23855627,17.67147167
-13.48300422,19.94384431,-14.87654685
-8.5234368,16.88036346,-13.17643434
-9.21391747,-9.79521404,12.94317047
19.28920025,-11.0663117,-14.29169799
-11.19891678,15.57889386,-10.76519478
-11.33598265,17.92101336,-11.87460073
-10.49899043,18.15644346,-15.64222159
12.91027278,-8.04028717,-9.27132631
-13.74676272,-13.4715581,19.28303769
-16.50032169,19.93552533,-13.46695169
17.35996999,-13.71403863,-10.21540433
-11.59565227,-13.98869446,17.76142244
12.5606423,-7.34386923,-9.8743304
17.87727874,-14.01537277,-14.53351595
-11.77898019,14.70776375,-10.01959842
19.49915234,-10.41981374,-16.22367297
18.20328451,-13.61108372,-9.60777215
-12.67404319,17.37159515,-13.46609055
-15.21875754,-15.60423974,19.10348929
-10.89454026,19.55561303,-14.84176712
-14.89581485,19.36645778,-11.94796769
-16.15612123,-8.47926734,18.645286
-8.38496707,-14.81033097,18.78315945
-15.28341664,-12.34161757,19.07155356
18.33452043,-15.86750352,-8.76083553
-12.83254641,17.14658791,-10.63531324
18.44451863,-8.86895419,-14.0349787
-10.39317044,-12.04811872,16.39782371
-12.82329486,18.9690514,-14.80899219
-11.51571626,15.14364861,-10.46936938
11.79165022,-9.28715716,-9.2680873
-14.19555434,-13.95969776,19.90115779
-13.65864072,-11.83927256,19.31468485
-12.34903604,-11.60318597,16.19769623
17.98284672,-12.14561587,-12.31511408
-9.45052608,-8.81479633,12.46185476
14.48007133,-10.10723065,-10.0942475
17.49629239,-14.63760174,-12.74883831
-13.89338534,-14.32938429,19.51302355
-11.98502022,15.41369172,-12.68718708
-10.24087166,17.36076455,-14.48453457
-16.63457523,-13.75437418,19.7595556
17.52880031,-11.26804732,-12.08565184
19.27972188,-16.97693974,-16.1646732
-13.73272754,17.70078637,-9.48763443
-11.5109436,-12.90733386,15.22811758
-14.29547142,-9.93131681,18.93540922
-12.56746165,17.07909717,-13.40441521
15.8013196,-9.47912724,-12.00727542
-10.25357768,18.35750604,-13.03764251
15.5842922,-11.18000634,-13.38308557
-9.0281033,14.8299116,-10.3413497
-15.65305364,19.58556426,-10.4287188
-12.85476315,-12.00358191,16.91452351
-10.63903442,19.91078463,-14.06544474
-16.03226997,18.77342646,-9.9581623
19.58264815,-13.84178,-11.07366817
-12.79028469,-10.48023429,16.49287506
-11.67052062,14.72670968,-10.29720498
19.45842969,-9.14910286,-17.52775125
16.83472678,-11.39971108,-13.0231126
-10.21032088,-16.75263245,19.76695141
-9.35494279,-8.66427557,12.06034281
17.58338174,-10.95967941,-13.78068332
-8.73536324,-17.05603149,19.87186971
16.84083043,-7.37450911,-18.06289064
-13.1707984,-12.21244515,19.90339306
-11.53721205,13.98469178,-8.08195951
-6.96328446,15.74985656,-13.47094962
14.69833723,-8.26059281,-11.64581417
-12.50844499,-11.46404433,18.94872112
-10.50736523,16.01284998,-11.94206401
17.30479115,-11.98509211,-12.87154987
-12.3729372,18.25612378,-14.54750247
16.31359804,-13.45827651,-10.69295062
-14.74977101,-11.22229903,17.6243275
-10.77103422,-12.18351905,16.18387324
19.59063431,-15.51394735,-13.71001938
-8.06048226,-12.65775633,15.10245357
-11.10207328,18.73518737,-16.12765854
-11.67530478,-11.33287556,17.9011496
-13.64573274,-12.29560813,17.53105746
-11.30510326,19.72909041,-13.65360327
-13.45378308,-13.05781452,19.53554504
-9.87957816,17.02678557,-13.72872773
18.88342921,-15.27244008,-13.16472002
16.46472944,-10.18061159,-11.7433187
15.74238447,-12.22734552,-8.8741541
-11.13189371,14.13831364,-8.21812019
-9.60929004,15.8754882,-10.74969514
17.87113941,-8.87673385,-14.24000163
-10.4699597,16.86055121,-12.76929062
13.92027833,-10.59365572,-9.2273462
-14.0755048,-12.25302942,19.78847036
-11.44548538,15.6090663,-9.22588301
-9.51752527,-12.25683189,14.92951832
-12.34366592,-14.02708859,16.49793933
-7.45194525,17.95030981,-15.62994401
-10.47749976,-10.6260777,15.05848702
18.61360482,-12.40320779,-15.99075306
-12.43017195,19.74959479,-15.30397133
-10.37417836,17.32560832,-12.59128048
18.23167222,-13.49029892,-10.88928741
-11.45692911,17.11058314,-10.69968349
-14.73411719,19.32684042,-11.51381401
-10.13913945,12.80219718,-8.66039975
-11.0650318,15.07359761,-12.58231879
-12.52179736,16.45272064,-8.49209041
18.57162265,-16.22692959,-12.26915885
17.98956151,-11.1102832,-14.67769266
19.62707392,-15.38822621,-16.35680764
-15.34606177,18.15377927,-10.99860375
14.41647018,-12.00193479,-10.74428941
-11.98133127,18.2033266,-14.58482556
13.62357063,-8.68419827,-11.13196086
-14.45680883,-12.49228767,18.22312731
-11.89655778,-11.78014355,18.76320012
-12.22420633,-12.30395568,15.58621257
17.6014636,-12.49782239,-11.72611675
16.78347702,-13.61307128,-12.91267359
-15.07318263,-8.49805122,18.51126346
19.41618262,-16.5488571,-9.71972474
16.22103853,-9.70921629,-11.80557862
-10.75237042,-15.21348763,19.22681203
-13.33495373,-14.87162313,19.71259796
-7.8198735,19.70297642,-16.99732932
-8.49451299,12.78892468,-9.51200061
-14.28150996,-11.84441738,18.36525821
17.39989094,-8.51851073,-14.86416245
-10.4523753,16.21914963,-12.32575184
-12.93420772,19.33291802,-11.18056475
19.00117777,-15.50988714,-15.47694577
18.11006194,-14.28630855,-9.40054362
-8.12977094,-16.39835244,19.11120008
19.88523412,-16.81449492,-7.53175935
-10.74266555,-13.60967309,18.52442164
19.03812662,-8.24560063,-16.37372573
-10.90743799,17.67872204,-11.56250651
14.16181081,-10.10620236,-10.7646299
18.68566671,-15.61247753,-12.80089799
19.56730674,-15.20057253,-14.63005293
16.65441072,-13.57417215,-8.75063529
-8.25939676,15.71419458,-12.20691078
-15.14768797,18.626266,-8.21664263
16.71462187,-11.15731991,-10.58506247
17.62108326,-8.74948098,-14.88281669
-8.94451121,-13.40728419,16.09270692
-16.93967602,-14.99384391,19.38567753
-14.74857756,15.98720206,-8.07873512
-11.41823469,16.30631068,-10.45641019
16.11351227,-9.22830236,-11.46121533
-12.03364371,-9.1135622,16.46483692
18.14266873,-12.37798154,-15.07721328
11.59224904,-8.00949813,-9.04908526
-16.4063799,19.27246767,-7.54214259
16.78562151,-11.37087171,-12.09312267
14.73501446,-11.56986165,-10.87591789
-16.00154962,18.86621953,-15.29725514
15.12912216,-9.87857498,-11.05240667
-10.47427923,-12.12795624,17.13442404
-12.64577949,-12.48468149,17.28176429
-11.44102055,15.00527329,-8.36250947
-16.76193664,19.02256399,-9.03160291
-12.86121786,17.17433121,-8.76959847
-12.48530064,-10.61361823,17.0499289
19.22463974,-16.47267997,-13.71478681
17.65976985,-11.34913085,-13.69542858
17.2362073,-13.12122291,-9.44656483
-11.32456622,-9.30609136,14.03558614
-14.75424843,18.50685345,-13.57939226
-12.10354497,15.63922977,-9.4113317
18.88532465,-10.4143829,-13.81084652
-15.15099308,18.60061677,-16.37677493
18.33643804,-9.97432487,-15.70630638
-6.86025601,-6.92281772,9.16446322
-9.71083885,-12.11106608,14.31405759
-8.88679472,-9.22409265,12.23094009
-10.96348676,-13.35682975,15.76931549
17.66944362,-15.21404962,-10.50636578
17.92840005,-9.78917511,-14.19680381
19.0730518,-16.59102157,-9.60722955
-11.58687566,-10.53008305,17.03246808
19.06935122,-9.00642433,-14.6820714
-9.02870698,17.51378852,-15.06817029
-8.4984194,11.5651856,-8.7069593
18.34250027,-13.13956447,-9.84314157
-12.41972431,-10.35918358,16.78584637
16.69962953,-12.31566539,-11.40290835
-12.30696685,-7.78237725,15.49020234
-11.91074468,-12.37546483,18.08072532
-10.29411795,15.20855109,-9.65577167
-7.69333996,-7.42897157,10.5499805
13.45652935,-9.94890013,-10.84946984
-10.5185419,-10.76520196,16.24386878
15.66675602,-11.33471593,-9.72819917
-15.20919019,18.97602895,-11.22636633
19.36164976,-10.91169785,-13.90352221
-10.76282483,15.73495553,-11.87975889
19.75287668,-14.4568294,-15.5187429
15.30918727,-12.22000352,-11.56326759
-13.66861335,-10.30324815,18.19498448
-10.70459916,17.80270467,-14.18946013
-13.74312425,-14.12135892,19.0341528
19.63409812,-13.25488743,-16.7606529
17.66211942,-14.06345907,-9.28545348
-11.77102787,-13.49840929,17.3435752
-8.67970813,14.93948575,-12.57923897
-14.19054755,18.54073206,-13.16761773
-12.74083261,18.02508507,-11.96880725
-10.95627533,-14.85276147,17.45555374
13.85722398,-10.68253021,-11.25914226
-7.22061998,14.77548471,-12.03461811
-11.15938807,15.87420542,-13.3017294
-13.07047606,19.25356576,-12.40118002
-11.8589603,-10.80263331,15.62133267
-8.08839068,15.55736939,-12.96277758
-12.55337829,16.39725129,-13.21040977
-10.56234061,-7.29154049,13.24151133
19.78854736,-15.73942506,-12.23257977
17.46415662,-8.37720293,-15.06090486
18.48318553,-12.57540922,-11.21344379
-8.6117035,14.80184289,-11.81805713
-10.65361421,-9.41501064,14.78637852
-11.31094354,17.90755638,-11.45745941
-16.95555351,19.99769301,-11.59918768
18.20823609,-13.13443394,-9.73018825
-10.90039879,-14.40364356,18.13989475
-15.52180435,-12.95648435,19.12736869
-13.03169955,18.07098661,-12.79012597
-8.76756595,11.32669559,-7.74372676
-13.6563392,-12.66079663,17.87205072
18.11042106,-13.22725809,-15.60311972
19.39282964,-12.12786526,-15.2232438
17.8776748,-10.57142693,-14.30054553
12.01869077,-9.54150857,-8.23411314
-9.50567516,-10.16900586,14.78260482
-16.04825915,19.99440794,-10.14224904
18.89971444,-10.25803654,-15.61465333
-12.83044248,17.83390538,-10.42192223
-16.56363542,18.94702103,-10.23795186
-13.54467618,-12.77283765,19.49270028
19.31622035,-15.2923513,-10.78535472
17.64429997,-14.03703723,-14.04876228
19.42989165,-14.22710465,-10.36526
-8.40549616,-12.96087421,16.743414
-10.22454025,19.25990463,-14.27793819
-8.65617048,-12.66268559,16.71529509
-13.17201819,18.5428178,-10.31773314
18.82496989,-15.42198749,-12.30228695
16.23525664,-13.49087871,-11.18718802
-17.48219593,19.92219926,-11.86160923
19.78028623,-14.25796127,-12.96395569
-16.04861294,-8.69665434,18.73000013
-11.19480592,-16.19931507,19.33364152
-10.57621647,-14.16067835,19.4126142
-13.56047903,16.26338596,-7.12387666
11.87681408,-8.9091548,-8.47591207
-13.34785302,18.5345532,-15.28410588
16.93696264,-14.23136884,-11.36979264
-14.36038695,17.02167306,-14.57081813
-12.61740281,19.86892444,-17.5972318
-13.22491362,-12.81357171,15.79414405
-14.34117769,19.43663938,-16.4705589
17.63751211,-11.65397163,-12.22382329
-14.51210813,-12.20883479,19.87203241
11.1217823,-7.22165452,-8.69036013
17.49232049,-11.71154748,-11.71258185
19.52779116,-16.79969566,-7.26001304
-9.5603398,-13.90353097,17.34214829
-10.1588243,-11.8350064,14.96682444
-8.29158783,-11.13128524,14.15319532
-12.70863962,15.45257452,-7.34556536
16.11680618,-8.34606212,-13.11998301
12.88541229,-10.1197612,-10.20199132
-10.29973676,14.63569108,-10.91479444
13.12952716,-10.64517057,-9.12757481
15.75237958,-12.56453666,-12.31610239
-12.98602132,-13.42205001,16.820893
11.57896291,-8.61495088,-9.31555133
-15.13814195,-15.21214993,18.83117097
18.57950336,-11.47290773,-15.26887888
-12.97680587,-11.60812618,17.69430582
19.78401598,-17.41486859,-15.81373125
-16.64906937,-14.4169953,19.18639657
-15.26584967,19.15721791,-14.77606884
16.64839968,-12.70515416,-8.79030153
14.79160931,-10.51056478,-12.06670396
-8.99518219,-11.4348553,15.63690221
-10.94413338,-15.80458759,19.16605678
-13.92450442,-14.93096922,18.97294482
-10.81636262,19.35182368,-14.2235514
19.74481515,-10.15429681,-17.29836745
-9.23118925,-8.82864652,12.55546015
16.74027001,-12.83953563,-11.14919059
18.47805067,-13.71320049,-10.43860205
-9.80306902,15.20178028,-11.84670846
-15.39944447,-11.10001473,19.43107602
18.4555491,-12.88612706,-15.25008439
-14.18555567,16.74758713,-10.49742798
17.19525233,-12.2806207,-13.70132527
17.65309079,-14.64095527,-9.73842211
-8.680838,-7.92144307,11.86337424
19.59520508,-9.74303138,-14.4360254
-13.03882743,18.48274966,-13.81414216
19.59551766,-16.84970172,-14.54284134
-12.55563344,-8.33762514,16.33217344
-14.4481032,17.10843354,-12.16790209
-13.23657581,17.49262513,-14.03216764
-14.14827055,-16.50897642,18.93890733
-10.81470263,-11.84995659,16.95730375
15.00208375,-11.51458465,-8.48328503
17.14411053,-12.9826031,-13.12128748
16.18146778,-13.55972454,-7.06885853
-9.44082395,18.32904609,-13.65984666
-11.77069175,-8.87073808,14.59786577
-14.79192763,-9.74802402,17.39114749
-13.33580254,18.56842614,-9.98079872
-13.1225141,-13.5052242,19.67058626
-7.45051671,14.16382717,-11.75000033
-15.65969341,-9.40785648,19.7547655
-16.79635636,19.74034664,-11.69845205
-7.71462023,-16.06410541,18.42529549
-11.16197412,-15.12995213,19.09902214
16.77859882,-11.32955555,-10.10742046
16.66976295,-12.45548821,-9.73147226
-7.9903991,10.30352938,-7.5063711
18.4721322,-12.42189891,-14.08138919
19.74187938,-15.21075045,-9.25803098
-14.85963569,18.91651364,-14.71442097
-14.15451189,19.6008433,-14.34798003
15.44891846,-12.02069165,-11.52436376
13.22043636,-10.32366088,-9.69279973
-12.73196805,19.77094405,-15.96344493
18.36354633,-8.44058071,-15.01820342
18.06690334,-11.58381459,-15.32856532
18.49837557,-10.60474562,-15.27171687
-13.46690983,17.52659904,-9.21688024
18.71602794,-13.01113327,-11.86932332
-8.76318053,-7.1306382,11.49461376
-8.89022109,11.14703166,-6.65547167
19.71777285,-14.01685652,-10.09820201
-17.24442095,19.7786602,-10.41371284
-14.77963499,18.48588034,-9.29118826
-14.25350578,-9.08987035,18.54266016
-15.64080731,19.39015574,-15.34603346
-10.83214124,-13.13709179,19.32213394
11.92041796,-9.06734096,-7.32103441
-10.00074064,19.14511053,-14.27519075
-13.01738324,-13.42764472,16.78904268
19.01440345,-12.90527476,-15.09475419
19.97698428,-7.33556249,-17.06854194
-6.87938815,17.91359312,-15.68854343
-13.02800901,-12.77455328,17.07631198
-13.95475991,18.73758484,-11.33759265
15.92107718,-10.28158479,-11.1247823
-16.53240027,19.06990898,-11.24276393
-13.56395977,-10.03881191,17.69302868
-9.72861228,18.04941289,-12.89863788
-8.89950849,-10.6592559,14.68761552
-13.58055031,16.28428573,-9.01829388
19.19644091,-13.10927319,-16.36922805
15.78106509,-8.62323189,-13.07376792
17.21694965,-12.84784436,-12.52557193
-15.18992983,18.64896621,-11.45749362
19.9290764,-14.13614928,-17.25415
-11.1608822,-13.35144558,19.23906716
-11.66502846,18.32973053,-12.40332914
18.40613264,-8.63581146,-14.86824162
-7.90891251,13.49088302,-10.11817637
18.57530729,-7.67548561,-15.51179559
-9.12110572,17.6546067,-13.28180236
-13.67442806,19.96974328,-12.5217672
16.49445769,-11.43790447,-10.01264862
13.84300956,-10.21656424,-9.58356476
-7.94810943,-12.18807985,15.04440548
-14.19808553,19.06263827,-16.04160448
-9.22331823,18.39107236,-13.69813892
-13.88086506,-13.7531123,19.28926788
-7.56718207,-16.52290026,19.30993299
-11.73753037,-10.92612852,14.30624602
-12.25708805,-15.04098836,18.58806162
-16.94802562,19.18540374,-7.89253837
-14.10339178,-9.30303394,17.78826624
-12.1907066,-12.83927728,19.00331245
18.10108006,-12.47615316,-11.23428556
-9.90993795,-9.34009316,12.84671855
-13.06138639,-12.55360134,19.37885756
-11.73805197,-10.28672056,16.58042407
17.20894037,-10.23780482,-14.7901614
-8.48389285,14.0305886,-11.06472001
16.05689901,-7.96264325,-13.75591391
-16.37285991,-10.36225917,18.87539046
-14.95813976,-12.315494,18.30280706
-13.87332902,-12.97268757,17.55518932
-11.62770609,13.98488584,-8.57574317
-12.94278484,-11.69095154,15.64013276
16.45300931,-12.4177762,-9.42374329
-14.74685262,17.42206695,-7.10147363
-16.16512864,-10.10500856,18.53323972
19.30426603,-8.10374129,-15.99690619
-9.77132656,14.77230753,-11.13881448
-13.55797363,18.26044697,-11.03170986
-11.551312,-14.09453249,17.83897737
19.63447708,-8.79645673,-16.76819194
-13.58434766,18.00124129,-13.68992015
-12.27259611,-12.20215118,16.34305165
-12.17374518,-10.23460199,17.01045956
15.7909684,-11.80987814,-10.63227928
19.0141744,-16.38052036,-9.93989372
15.84578564,-12.37747589,-8.02471438
19.31426695,-16.88794564,-15.22654659
-8.10105177,11.79376318,-8.5458011
16.43985752,-10.50620105,-12.47549036
19.09411225,-14.56316694,-12.3623154
-11.14537327,-11.95925054,17.70649102
19.66878835,-12.62818543,-15.86200809
-15.0137162,-10.62596112,19.4258104
-13.76891554,17.33462681,-9.96009875
18.68108244,-10.21350615,-13.59230204
-11.96755724,-15.09668777,18.08674109
19.71625068,-16.55603516,-8.24432615
17.96680801,-12.63889476,-15.75626792
16.22232959,-8.34334592,-13.58371004
-10.93864833,15.49908302,-12.67202535
-10.79286501,14.15898298,-11.85425369
-13.68465187,17.28274478,-12.94191668
-14.51536785,18.53376171,-8.5714895
-13.36678288,18.0491913,-11.62099517
-11.79994736,18.73381594,-14.20698172
19.80298922,-11.42651109,-14.07715671
16.18648036,-11.61807526,-10.25318445
13.30319024,-8.89512905,-9.84634601
19.84012074,-16.97313851,-13.77654379
-11.76065877,-11.57612827,16.79407819
-7.49459921,17.48711556,-14.57019838
19.68316261,-16.09112352,-9.36119108
-10.24193984,18.77368487,-16.18195675
19.32709788,-15.48584933,-17.08581213
-15.91155136,19.3290922,-15.44665097
-9.15281398,14.86185693,-11.98552915
-11.77877258,-15.70509069,19.4536877
19.42726965,-14.76345646,-15.48723606
-12.82427839,-9.58819254,15.24095578
-11.10308574,17.02265517,-10.77616036
-13.23995174,-14.78089503,19.16784784
-10.36788669,-11.96563107,15.24896554
17.24631382,-12.68432155,-14.51309987
-16.52690134,-11.6046489,19.13616064
17.88294868,-12.20965189,-15.16092642
19.9059861,-14.80174313,-14.26731805
-10.15859149,-10.78986858,14.11879913
18.69444858,-15.3556177,-13.39027201
19.24734558,-8.42473924,-15.78292921
-15.67577018,-7.81191428,18.84774565
-12.69431173,-11.26034366,17.79713002
-9.99936168,-9.79489392,14.75166222
16.5364942,-9.40852157,-11.93694575
-10.4268728,-12.54252755,16.57726463
-16.6883405,19.07746943,-6.82155745
-7.587712,-16.9112656,19.73218742
-13.42140917,17.13716708,-13.65047275
18.43433131,-14.71849605,-14.79627336
-14.80552957,17.89809493,-15.37101167
-12.23857082,16.22819103,-12.27239132
15.57015174,-9.2425432,-11.32265415
16.30754045,-13.90737015,-9.3238928
-13.73015052,19.68973988,-16.03739314
15.98522141,-12.01178001,-9.83065303
-10.66237234,-13.26274934,17.66416002
-16.25291591,-15.74129236,19.94864819
-16.23617117,19.75983287,-12.82429872
17.02822478,-10.91580046,-12.90850381
-11.0453932,-12.5002965,18.47812149
14.24102381,-11.04022005,-7.99987573
-12.52018545,16.87381613,-12.21136575
-12.90336056,-10.21504914,16.32685084
-10.3505396,17.54197895,-14.63611979
18.82944428,-9.84359467,-13.49076192
19.1352995,-14.01287838,-16.34042995
-12.68928374,-11.69202601,19.85310877
15.62543254,-11.79957107,-12.0477766
16.58227745,-9.61217295,-13.97043133
-17.33172481,19.87298621,-8.54648729
-14.54434725,19.5780157,-9.95062175
18.51350689,-8.03802963,-16.59152288
-10.0459992,-11.53431881,15.07617947
19.73786614,-13.71701242,-11.76601664
-6.8468191,17.90897924,-15.5312767
-9.84107637,-11.65275773,15.11993023
-15.24013502,17.89517418,-7.46306913
-12.00798163,-13.11607621,15.49289556
-12.71006268,19.42910998,-15.09173883
17.80493693,-14.73229228,-11.37543804
-9.58887319,13.97151464,-11.09609908
-12.39483379,-12.20725188,17.66176702
18.80672872,-14.20840305,-9.66199005
-14.44454598,17.24575567,-14.3349388
-15.87932281,19.87007286,-11.77541767
-10.66294411,18.89146184,-14.04154931
16.368577,-9.18195563,-13.6753521
-10.5847372,19.78915098,-13.86214427
16.48317271,-9.39530593,-14.21214578
17.43996368,-12.96418166,-14.6599595
19.99441743,-17.17313177,-9.50929728
-13.28786974,-10.18102536,15.90862724
18.46703275,-14.84157652,-13.25426526
-8.85517914,19.46137024,-16.71037609
-12.97525483,-10.21020371,16.22465763
-14.18180649,-11.10485658,18.37990132
-13.34196287,-12.60824813,16.15489572
-11.15412487,19.2273543,-12.63529126
-8.37344509,17.77655663,-15.19474531
-15.82253098,-16.03754964,19.40231184
-9.03426269,16.69438689,-13.3264459
-12.34346153,-13.34239251,17.10860268
-12.75391319,15.63447229,-12.2490555
14.66264085,-10.54434444,-9.60850512
-10.98297916,-11.79417399,18.31891605
18.36365969,-12.79024808,-15.86490668
15.91465759,-11.66816837,-12.47644119
-12.87818313,-12.53515194,19.62027542
-12.9203079,16.33617008,-9.3593233
-16.32910078,19.46701119,-12.86915175
-13.95655894,-9.65478423,18.27638103
-17.43826243,-14.87225868,19.72409892
-11.52496351,19.81710953,-15.41992401
-9.17758175,-7.65807355,11.59575937
17.58270274,-13.01344223,-9.36334613
-13.50549513,16.95826841,-12.21265053
-13.37977131,-11.50271574,17.90257892
-15.22635143,19.49957386,-12.78411558
-10.89835216,16.62428658,-10.39558969
-15.08433446,19.46032526,-14.2042751
-13.16748538,-8.42518817,17.07807976
-10.30717181,-16.66112774,19.88090978
17.52709599,-11.2599498,-10.76406077
-15.84695141,-7.18206147,18.30389241
19.35367274,-14.84995149,-14.20259533
17.95240328,-11.16160891,-12.98075531
-12.87596496,-9.01545699,16.68593154
15.03533204,-11.84262803,-10.65921396
-13.25469189,17.38680204,-13.03714405
-13.09354229,-12.29389395,18.2062957
-9.63612358,17.47862307,-14.22601212
-9.48153646,12.24896078,-9.22071323
17.46268378,-8.92017123,-13.62242785
-15.34949822,19.7579501,-9.437105
-13.32997789,-11.02851704,18.58165084
17.2548574,-13.11977421,-13.79785348
-14.04227636,18.23327432,-9.7702406
-9.13195517,-9.62143748,13.05756312
-12.56889475,19.88959718,-17.36641849
-12.31181136,-14.04820566,19.96732598
-8.7579208,15.68621665,-12.76107211
-9.43288865,19.4469241,-17.01246703
-10.26752164,13.44792065,-8.96922212
19.82910355,-12.03953804,-16.83114475
-11.95196434,14.96728718,-7.51421927
-10.7950126,19.43331583,-14.79431191
17.29285985,-14.79917742,-9.45533129
-11.33377788,-10.06410295,14.34272916
19.54497452,-11.58671354,-13.36423079
17.98160543,-13.74940442,-8.86722836
-11.20423011,17.26781329,-10.93216805
18.71548795,-14.3950892,-10.11517896
18.68762774,-15.32635196,-10.68354347
-11.45500283,15.37143385,-9.20795992
-14.39305634,-12.02099788,17.43623018
-9.15096334,-12.30972699,15.48433512
11.7175443,-8.69885253,-8.62992752
18.15937013,-15.60598602,-15.28796085
-9.43714973,-11.34797737,14.12341283
19.29030669,-12.08992847,-15.2332963
-14.78304903,-12.10016123,17.68634585
-13.62378172,-13.34831544,18.69171348
-7.34927127,17.74201378,-15.13523129
16.81923621,-13.42111091,-8.85993895
-10.68024254,-12.86592542,18.4575473
-8.64806725,-14.3493703,18.1635937
19.56225205,-15.25241395,-15.52189093
-9.27872234,18.11293631,-14.79370373
-14.855642,-8.75256702,18.96203311
14.50908964,-10.33800765,-10.56822048
-8.45554354,-8.86981522,11.83599568
-9.11570742,-8.38478861,12.53851354
-13.27371618,16.9262067,-10.06196465
-11.9866566,-16.33030605,19.46266583
-11.24980654,-13.34087638,18.92401713
19.8543385,-11.28156422,-13.40045485
19.45276275,-14.46480593,-14.77389374
-9.07715712,-13.69901876,17.39500666
-9.70539594,17.74982652,-12.85885688
14.24331073,-11.07149062,-9.25591173
-14.97298947,17.36095734,-7.58379633
-15.36946617,-8.97693174,19.12878799
19.27313104,-10.81947642,-16.21332481
-9.64648216,12.45698551,-9.51055792
-10.90667434,-11.79460567,15.20159566
-11.73586597,19.04481669,-12.89584588
-12.95792244,17.93579709,-15.01409463
-16.66262772,19.41197708,-15.57438893
15.60149084,-10.23295539,-13.08663117
12.49475049,-9.09599416,-9.41437252
-9.17531189,-13.14956251,15.64249547
17.61344523,-10.01736015,-13.40650948
17.75203867,-13.25848164,-10.62694131
17.74542933,-13.49553207,-14.68613179
19.40739425,-10.5625077,-14.03720138
-11.56088811,-9.05850817,15.02693244
16.21703903,-7.6718101,-13.85924513
-15.15889582,18.09522668,-13.02963097
-16.06456991,-14.40549372,18.64394609
-9.47625681,-11.23244096,15.72556659
-9.99765929,-15.44687286,18.0995678
-11.99816389,-15.33199072,18.83866498
-10.88901593,17.86614269,-13.08897364
-7.64480443,-14.588489,17.084171
-13.55078963,17.61240494,-14.97977363
11.07475491,-7.78774422,-8.70180044
-12.63411219,-13.68542745,19.58834915
17.33820194,-13.89744481,-11.84056108
12.86177919,-8.78850923,-9.37471386
-10.21693366,15.41737926,-11.31460988
14.95795878,-9.55930055,-11.07673155
-13.79516997,19.28412789,-15.67716785
15.24543707,-8.37749083,-11.3298092
-12.13882835,18.51407438,-11.95848579
-15.03411489,18.67036854,-11.65684009
-10.27098668,-9.66826859,13.67360616
-9.20099827,18.40769524,-14.2838434
-10.84911861,16.27867173,-12.42133366
-16.63785018,18.99810823,-9.49807243
16.12412752,-10.93596352,-10.35625568
-9.72950932,19.66155147,-17.11285612
-16.11887787,19.64753489,-10.77980282
19.5592258,-16.78536909,-16.83872182
-12.84713264,-8.44512789,16.84874403
19.91349278,-13.66520406,-17.45026441
-9.43202445,-13.19565142,15.8943304
-10.87124244,-8.91404372,13.83459918
-9.39537626,-11.27462324,15.52058429
-8.71122756,17.47998915,-13.66947475
-13.53597702,-15.28236797,18.37039153
16.72971164,-12.08848893,-14.13196919
15.31045537,-10.96878326,-11.28022818
16.87457762,-12.39133403,-10.78485037
-12.99015474,-14.3750162,18.04640542
-14.01162482,-14.34020805,19.61753059
-12.59181566,18.13353185,-11.9353556
-13.31300676,19.80244226,-15.53050362
-14.00747581,19.19280796,-10.94210791
-11.41353335,-15.45354027,19.15954648
-13.73597075,-14.61554233,17.50948529
-8.9373233,-13.6138349,17.8449617
15.79376001,-13.13519001,-9.5789435
-14.0990995,17.33058666,-10.05359499
-15.47966263,17.81320562,-13.21911754
-11.4524783,15.30625248,-10.64277562
-15.31426277,-10.98170667,18.36305073
-9.22151911,-15.11803095,19.71820973
-9.55939919,-13.92653894,17.54670394
19.65305487,-10.94531217,-13.65024905
-15.55920193,-13.06405492,19.12431405
16.6048939,-11.92697308,-11.27516786
-9.65610819,-14.98092945,17.24282003
14.76844873,-10.06987451,-9.27997791
19.40852911,-16.6346993,-11.47583448
-11.3798677,-14.34934386,16.6286785
-11.56770939,-10.80275251,16.44881613
15.43532928,-13.20203015,-12.99953392
-14.85831068,-7.84566765,17.93992777
-9.45546214,19.61038966,-17.77820153
-15.61163875,19.54955969,-11.77602746
-11.3324594,17.74849337,-11.29038625
-12.89543316,-9.8200329,17.61690418
13.9374381,-9.98286409,-8.84559698
-14.72871507,18.34239008,-11.29536292
-12.91104235,-11.6428457,15.70189107
-15.79545821,19.86443807,-16.37080396
-16.29237129,19.18460886,-7.84811488
-10.11336764,-16.0113312,19.33135015
-10.41633163,-12.80726211,16.21101017
-11.86894324,14.50348865,-9.30716999
-15.37309675,19.92176434,-13.94943271
19.12223271,-9.37448195,-15.86738746
16.69342674,-12.22656306,-9.05152475
18.77969295,-16.10323419,-15.20440083
-10.23623889,-16.13986875,18.89889403
18.16832226,-15.88033956,-7.38193434
14.98851986,-9.30648231,-11.24898521
-14.2280496,17.57070856,-10.90397633
15.54106014,-12.35096782,-8.16212441
14.51448004,-8.13867852,-11.52341851
19.56675092,-12.04137409,-16.13953664
17.30200293,-11.70711996,-10.65272575
-7.43346174,10.42922443,-7.58480289
16.14042685,-10.32799891,-11.49170054
16.76692623,-14.10386515,-7.23364231
-11.67398649,19.28510618,-15.63455846
18.81115632,-12.00891991,-12.54009421
-11.59251482,-9.90626789,14.43595301
14.01064139,-8.42531409,-11.44181617
-15.43620857,-12.4777672,17.96632625
-16.13022705,-10.65089904,18.42854253
-9.92153004,13.80856493,-9.03165502
14.34824076,-11.03036931,-8.61297788
18.85504079,-13.68687463,-10.58211965
-13.65453254,-16.51141454,19.88850578
19.86605979,-10.26875072,-16.4660613
-16.987514,-10.10128204,19.32850344
19.38833976,-10.08869974,-15.21192391
17.19931003,-11.51327049,-11.60161221
-12.96113156,-13.99382788,18.56387719
-8.36617912,15.24894623,-12.35531195
16.92029653,-11.05260143,-14.59341762
-12.08163102,-11.36152175,18.04246298
-13.2249224,-13.07887232,19.03413774
-14.95638221,17.38545454,-7.56379965
-9.30050706,19.09070649,-15.95906947
-13.13377799,16.63968311,-11.79497248
-12.00221994,15.77412104,-8.30600853
-10.07450619,-17.00707404,19.75683943
-14.38606539,-14.19176022,19.60135565
-10.37909368,14.2307005,-10.6584401
-11.265164,-10.4396273,14.07493238
15.59222284,-7.9581041,-12.87099683
-14.60039365,18.22302139,-12.53058725
-14.20190265,-12.82136652,18.90953236
-12.84461119,-11.23325195,17.31935184
-11.45869032,17.86127331,-14.65128518
18.81931198,-18.93016789,-11.30145916
-13.63072366,18.46724871,-9.59270983
18.32480358,-14.37513756,-10.22056223
-14.90905327,-12.29004856,18.78148555
-15.88015548,-9.54086186,18.77617868
19.23633567,-14.45994602,-12.74657249
17.50347694,-13.00492266,-9.87535405
-13.50144958,17.44717337,-12.19567582
19.20858707,-15.93898789,-13.17236677
18.26120197,-12.89388921,-12.84338863
-8.93026699,-8.27119473,11.73201152
-11.21575871,16.80752399,-10.45081202
16.77809523,-13.44658694,-11.09033221
-13.17500729,19.56061936,-17.33094571
-13.15813492,17.84661694,-10.55943006
14.08719375,-10.67985368,-9.53622133
-14.27710869,-8.71305655,17.2290343
-14.3774467,-11.71327983,19.40914857
-14.72119196,-9.13692955,19.16299289
-14.23027248,-12.75292184,16.96410309
-15.08704151,18.64570358,-15.00292258
-16.24901607,-9.46386828,19.49889798
-14.74282559,17.76320083,-7.79225225
19.85916126,-9.36612112,-15.96983382
18.79856026,-15.27605799,-14.6110443
-14.84082606,-9.19321631,18.47336489
18.81549866,-13.67407264,-14.72917319
-11.31805978,14.07397999,-7.98320758
19.6519792,-14.46640432,-15.14056835
19.72433661,-13.63666386,-11.28810225
-11.6795065,16.37865215,-11.29712528
-16.28234031,19.12644629,-14.80764894
17.35380556,-11.69379349,-12.82171294
16.62792482,-10.50860318,-13.72143923
17.9286814,-14.186736,-12.04944367
18.24393447,-13.20856605,-15.68738965
-10.37564482,18.522343,-13.0448326
-15.31260554,19.24194951,-15.81206046
-13.44198781,15.78985647,-8.66351574
-11.11147097,-8.50647424,13.44575136
19.9062012,-14.15750854,-11.61734886
16.33812875,-12.4868922,-9.82411023
-9.71763799,17.54151251,-14.01503088
-8.33397958,17.05254385,-14.54745368
-9.71806799,-13.3354797,15.87820423
17.68503342,-9.51321865,-13.45314362
17.41799204,-9.37029113,-12.54492021
-11.13932509,19.68789093,-16.01043898
18.82883821,-11.91146292,-15.34300469
-11.2857347,-15.74329382,18.08049227
-12.27791694,-12.66205067,18.6284638
16.12247942,-11.79111168,-10.56024635
-11.38781231,-12.24117837,18.31659916
18.18246322,-11.56105694,-12.39138483
-15.62269917,-16.96677136,19.62100847
16.60580123,-10.68356156,-10.53905621
-9.17056938,19.66691856,-15.33270251
14.92261494,-11.24211022,-9.31825941
-13.95215769,19.08684387,-12.53447199
-8.60034504,10.85179662,-6.91399921
19.81748927,-10.47587615,-14.83265031
-13.46510019,-14.48224791,18.60955432
-12.47905472,15.84175908,-12.93212719
16.46389115,-14.06879034,-14.08985664
-10.27725634,18.39277521,-15.386798
-12.10341897,-12.41930707,19.82311975
-15.47477466,19.21611807,-9.53051432
-8.98743385,-12.95683603,15.87934248
-7.86649438,-15.15235641,17.52513255
-10.78029984,17.21171834,-11.39426377
15.41302681,-9.33846676,-11.4135067
-11.16624879,-16.1181099,19.38646498
-11.58782465,-14.92626008,18.47320006
-7.97004858,-14.68173006,17.52896663
-11.43451223,14.4385119,-11.09595552
18.70741496,-9.84967341,-13.71271407
-11.83206402,-11.11956333,16.71470828
-12.3216253,16.53505679,-11.10028139
-9.88905845,-16.24344486,18.94577278
-14.13213132,16.89976935,-8.17204666
19.62754295,-15.12423934,-16.44280798
-12.36397435,-12.7009238,19.83811762
15.15327709,-7.97959032,-11.60751003
-13.01381282,17.86968838,-11.76063148
17.48259495,-14.73536071,-7.77220603
-11.0590387,17.70899723,-15.31601269
-13.40922539,14.85376784,-6.79770994
-10.74437579,-9.51436688,15.59159667
19.02154772,-15.77690328,-11.76466861
-13.83844896,-9.89783607,17.89714346
18.75595406,-13.02673091,-13.33170863
14.82128643,-9.51694907,-10.95890004
-8.54376056,-11.62821566,15.63677416
18.5620996,-12.50253793,-13.05022987
-11.12668475,-14.08271249,17.39148917
-12.08462446,-8.44034619,15.34684911
11.21681507,-8.18134937,-8.55417209
-13.36013931,17.94100457,-9.68372415
-8.79915243,-14.45344119,18.74772821
-6.66870154,12.18101576,-9.96566374
-12.25564557,18.16718605,-14.34654227
-15.30606107,18.24117205,-10.34909091
-9.1508308,18.9318224,-14.98144272
-12.84983863,15.42134677,-8.47815319
-16.21860505,-10.27138583,18.8455348
-10.66542835,-11.85790593,17.35775454
-17.08329889,19.36481549,-12.1878599
-13.86161063,16.15705862,-8.95563583
-10.71762794,17.80646224,-13.75092047
-9.4485264,-10.41214273,14.76718929
17.63918701,-9.44254337,-12.71996831
-14.5160648,-8.42512452,18.34465605
-15.81749157,-15.75901221,19.48394692
-12.94510162,17.57146136,-12.00797164
-8.40147573,11.83358466,-8.96179861
-10.77227573,-11.23839721,17.03884868
-10.28793313,18.83246415,-16.0331631
-9.70188418,-13.04133929,16.09813678
18.86773873,-15.27333937,-8.33657771
-14.21039903,18.73614074,-14.53675571
16.21369202,-7.55125519,-13.56532408
-10.02201277,16.25772184,-10.66473791
-15.76718686,-8.81091243,18.7519889
-9.53017423,12.73356774,-9.27320524
-10.59202588,-8.4318248,14.33647996
-10.17917263,-13.36721052,16.48108272
-9.29348105,12.5718977,-9.57688701
16.57884938,-12.77623114,-9.77480097
18.18151509,-13.0320033,-11.48085764
-9.4964188,-14.52183383,18.28198685
19.57805882,-11.72337853,-12.54561942
19.05293589,-12.28205272,-12.73339274
-15.74033091,-15.1134909,18.03300214
18.56262682,-13.50578026,-13.89438014
18.73404,-11.25966411,-16.02028492
-17.15564601,-9.01385845,19.55007827
19.8658319,-12.56316842,-14.00761147
18.21883822,-15.05109505,-13.60779595
-8.70083898,-11.23311548,13.97183818
14.11860335,-11.2886121,-7.50933623
-11.01817791,17.04520477,-14.0658078
18.45782221,-13.52306978,-10.96845796
-12.79750334,-14.43614493,19.4089905
19.65558615,-16.25483214,-11.94229419
-9.17563738,-10.40434588,13.78572197
-13.56914516,-13.70696643,17.45857468
-11.72682276,17.30940577,-14.98612531
19.27656764,-10.98206149,-15.65224152
-12.808472,18.04108663,-11.48529117
-13.22331645,19.10958361,-11.28064647
19.94347678,-10.33897919,-16.82807351
-11.22759546,15.75908495,-9.89724124
-9.6383026,-13.94260721,18.20675649
-12.03493455,-11.09886267,16.86888361
-13.18061922,-11.78971057,19.66889645
18.84803939,-14.3378123,-11.07519426
-11.30272606,18.54535006,-15.5237866
-13.05050389,-14.56371915,18.84895137
-12.17837552,-13.79029128,19.96055962
-13.32092773,-12.90937895,15.65817073
19.36368026,-12.8320651,-11.68226751
-14.52006391,-14.06107679,19.80783265
-14.65082061,19.6792419,-9.7854856
18.74572379,-9.78052645,-16.13807315
-12.60552383,15.88741783,-9.1399841
16.89850331,-11.96521221,-10.02513519
19.92914344,-7.86115478,-17.12526556
10.75293873,-7.93919384,-7.91666626
19.32002028,-9.86090326,-15.36109814
19.56918768,-15.0429189,-12.51449233
-13.27055938,-11.43263011,19.41301436
-12.9880474,18.76673218,-11.73112272
18.95114705,-16.17219806,-10.99354546
-14.07000758,18.86443602,-12.42315853
-12.03930543,14.44445752,-7.60958548
-12.3939119,-9.01000529,15.93125779
-16.88131372,19.76018857,-12.52614115
-13.84656307,19.52379129,-16.10875311
18.75523181,-13.60562885,-15.08668764
-12.83255346,19.68487872,-11.40517881
19.49429352,-15.94635805,-16.70933376
-12.80613619,18.63453577,-14.54227287
-11.8824345,-11.80016122,16.50247987
-10.64682649,18.19044087,-12.18130883
-14.58298391,-8.92255797,16.94554296
-11.1927928,-13.27469374,17.05231836
17.98786093,-11.58860998,-13.77073005
-13.45033367,-14.37123018,18.71708465
18.39192668,-11.36218819,-13.69432168
13.35324243,-10.91362365,-10.39761452
-15.22722907,17.76460474,-7.82172856
10.17656872,-7.96580468,-6.77691046
-10.23690267,17.09410521,-13.73402971
17.85160228,-10.19242828,-12.64029983
-8.20613643,-9.55208314,12.17869191
-12.07830175,16.09951157,-8.46159246
-12.70795753,-15.53913836,19.190618
-13.86168799,18.80282395,-12.84549841
-14.9605464,19.31909706,-8.84748462
-13.68129074,18.45937794,-10.8849972
-15.84796083,19.98670926,-14.14454911
-11.00284128,-14.54065878,17.6553935
14.69729114,-11.40278436,-9.36469093
-12.15483216,19.61187142,-17.22479549
-8.91155284,-10.88166129,14.11348645
15.70203835,-7.99372171,-13.17545658
-12.54590357,19.04321261,-15.68743283
-15.21721761,-14.62243711,17.49501532
-9.50528768,19.55877552,-16.24389073
-12.54009987,17.10678,-10.38387072
-10.89721062,16.84284574,-12.62433282
-14.06964793,-8.27122299,17.20751125
-14.8139197,18.30824368,-11.7277779
-10.00620868,13.68596347,-8.84168131
19.9161185,-17.17408829,-17.32454479
-16.22289812,-10.78723684,18.6005225
17.09128293,-14.89170658,-8.86860361
-16.33244474,-10.24863151,18.80036129
-10.87654138,16.4179735,-10.57778588
-13.76828982,17.62910976,-11.03416143
-13.06677732,-13.71361272,16.76870804
17.74669285,-15.5433962,-9.79416946
-12.4898509,15.67900323,-11.44885357
-11.49647005,-11.16112824,17.94956762
-10.58821966,17.27970866,-12.39291584
-7.64361919,-14.79999865,17.53964424
19.07950211,-15.93551703,-7.72396953
-11.42725294,17.02366231,-11.90056948
-13.87057211,19.43896288,-16.34715814
19.87415379,-9.90874694,-15.75942144
-8.00007689,-11.2705592,13.99004654
-10.1074509,-14.86399075,19.92537799
16.7737118,-9.11943107,-12.18774919
-14.04866343,16.99561572,-7.92495449
-13.08960116,-14.03454766,17.71917213
-11.2374497,19.38032697,-16.12862272
19.88464394,-10.65515235,-15.19778915
12.83725128,-10.28932403,-8.90391577
19.55793979,-16.33673481,-12.67504118
17.39516306,-12.2525069,-10.08726088
-10.41452807,17.75181165,-13.97204677
-12.06043,-15.42842472,19.52503938
-12.85701359,-12.81753542,19.54373886
-15.41005707,-16.25719759,19.12740905
17.21616482,-9.67501236,-12.42280485
-10.73419828,-15.8361771,19.75747022
-11.32848579,-12.26304716,17.15067721
-8.58323891,-10.5395021,14.40659841
-11.75814376,16.02785977,-13.33490512
-13.97618776,18.61767814,-11.89219798
18.15483235,-13.76715399,-9.97680748
-12.3541203,-8.65155322,16.40488194
14.72921242,-10.98823155,-12.18251643
-9.87252107,14.22846472,-10.969279
14.76403112,-9.64162206,-10.34199639
11.56523646,-7.26305963,-8.77439409
-10.79340291,-14.77281678,17.81787779
-15.65104313,19.4369387,-11.58327548
19.84984834,-14.96367982,-9.99178137
-10.26570226,-14.03151139,17.94213302
-10.54304261,15.55604224,-9.58682592
19.26463166,-14.88395663,-13.4010137
14.56476086,-10.8236838,-12.22230225
-13.69057168,19.98589318,-13.65291476
-11.1262049,-11.71504074,14.72662336
-8.86211806,18.46587908,-15.78062923
-13.71148075,16.789814,-8.13350427
-11.83835471,-10.86009704,17.71020633
16.73773844,-14.21271266,-13.85503802
19.75295266,-15.05881392,-14.10566969
-8.44958943,16.17821034,-13.67229133
17.72998934,-12.73831842,-12.01716945
17.95222715,-15.72844345,-14.76569857
-12.82406254,18.46863016,-11.43383563
17.41544112,-11.99001306,-11.5966898
-12.01463813,-16.33400474,18.86648157
-12.31884601,18.95969928,-15.89890021
-14.4646662,17.05009554,-13.18449276
-14.87312888,-13.70734772,19.72594987
18.7496284,-12.94589885,-11.4752429
19.26749214,-14.73376598,-10.69194352
18.78040782,-9.82381077,-15.50189073
18.4509279,-10.77898391,-13.77139749
-15.81300565,-10.29012059,18.17160244
-8.4860311,19.41469554,-16.95155494
17.29257776,-12.39571364,-11.61089787
18.37741687,-15.95054976,-15.75767879
17.05625422,-12.38950138,-9.685007
-12.37479667,-13.31421042,18.17033803
-9.99484688,-16.57860666,19.66062734
19.62997246,-9.81532992,-15.14642187
19.67359216,-11.71373835,-17.27929596
-12.68421144,18.75076695,-13.28002767
-15.6556571,19.79193656,-13.12445766
19.60763366,-11.03325076,-14.38279154
-12.78968536,-13.99050825,17.44853272
19.7790046,-13.70462013,-12.87599627
15.62274896,-10.38587453,-12.19221109
-9.25982702,-13.61982497,16.71878027
-12.63233131,19.12814941,-16.19050148
-11.50079828,-9.77278129,16.62353797
12.24444573,-9.92068892,-9.63283398
-11.05982783,-15.70670287,18.08192198
-11.09748416,-10.62544094,16.39103553
-13.40268181,-12.20372947,19.02618974
-16.19699631,19.01485784,-7.26997166
-11.5128747,19.91342562,-17.35129055
19.12343248,-12.8152319,-13.46728712
-11.03612308,-10.88559108,17.49629151
-12.68657146,-13.72765618,18.10339418
12.59909199,-9.32159354,-8.81488136
14.82941974,-11.87585505,-9.19897862
-12.489372,19.54127183,-13.60475465
-9.0558484,-11.68411023,16.04054501
15.95761735,-11.59264425,-10.33616839
-9.79963195,-9.43535841,12.37863197
-16.24020388,-11.03744095,19.38704173
-11.28565182,14.20531859,-9.89668314
-9.99443912,13.16879867,-8.79334241
-8.25856938,-9.05960457,12.40688816
-13.92916445,19.12637138,-14.904229
-12.67793302,16.60038901,-10.24724447
-8.31663043,-8.88192952,11.76679783
-14.98056641,17.69612281,-14.47291325
-15.0934733,-10.44811615,19.58037329
-15.60591577,18.63003997,-11.13648278
15.5763662,-9.69652931,-13.05677757
16.62346993,-12.03921105,-9.08787614
14.74952455,-12.21509685,-10.11618028
19.95820731,-12.62678936,-14.14889551
-9.35659665,-11.840718,15.49767003
-7.48363446,19.29035717,-16.95584916
-12.67912868,-15.27303693,18.38474528
-8.99325738,19.53270395,-15.16982414
17.13637346,-12.62353773,-10.40779793
-10.80889977,-11.83845496,17.8182761
-15.51608184,19.00085766,-15.85539636
-12.38254801,-11.9252953,18.71035096
-11.49099486,-14.27940286,16.89072722
15.88631386,-9.43964731,-10.89878723
-15.3375514,19.2275741,-8.99642765
-13.20374538,18.96373826,-13.1651896
16.75586383,-12.1229104,-9.48302078
-14.7497922,-9.67118307,18.07420031
16.2130545,-8.86229634,-13.68219623
-15.30662186,-11.85501034,18.17244396
-12.68869709,-11.19166307,17.90515454
-12.7349732,17.25092002,-10.99727713
18.76994371,-13.2056484,-14.7619808
18.9836618,-11.01385595,-14.75508631
18.62711228,-14.02721846,-11.49431022
-10.4283152,-10.21626336,15.21788643
19.57345535,-11.06757518,-14.57599678
-13.51223152,-14.74036242,17.43541196
-13.73108595,18.14420654,-14.22649753
15.82255097,-11.80356938,-10.75718119
19.12284756,-13.50381467,-13.47443105
-16.11311285,-7.91857302,19.46756983
18.08412575,-10.34755922,-12.20613419
-13.22145203,-11.94242309,16.94487133
-12.3190906,-11.59788133,17.5467198
-12.73317819,18.71591941,-10.67381022
19.97392654,-9.03471644,-15.62503649
16.60387331,-10.48721797,-12.29779343
18.95284053,-7.10794678,-16.58716807
-10.60576685,-10.68743479,14.21578355
15.94046627,-7.87862184,-13.59817981
-13.23129219,-8.71886503,16.60295905
-7.96844596,-9.38285572,12.5507573
-12.22406863,-13.50908822,19.05229852
-7.58193505,15.08505041,-12.46038409
-8.49713596,-10.89779348,13.35730456
-14.36903318,-10.63974104,19.41234752
-16.95625488,19.85095252,-11.52028573
15.12214369,-11.48077716,-8.24737944
-13.63922168,-10.54237478,17.10302191
-11.14647374,-9.3831379,14.15104162
-9.40009827,13.83751719,-10.49158362
-15.88881411,-8.06872925,18.39254923
-15.12281918,-8.57076481,18.70526133
-14.63981161,19.36001399,-12.18380381
-12.0089388,16.50391787,-10.69220311
17.02208418,-11.87683527,-10.40839751
18.85984994,-15.41963596,-11.98579221
17.47034612,-10.48894924,-14.26290817
-14.61285812,19.69858217,-9.51542945
-15.56221834,18.47427512,-14.08926778
-11.66758754,-13.37007466,17.40495312
16.91793214,-11.15754247,-11.02546391
-16.59960312,19.87647264,-9.59359785
16.94859529,-13.78641511,-8.80315639
-13.79189373,-11.26075671,19.10179071
13.05458906,-8.87042387,-10.20802306
-10.62791489,18.29913905,-12.15729509
-8.72671945,-11.83582268,14.27126406
-16.01485642,-15.03561934,19.96411315
-14.83209054,17.6902209,-12.5643034
-9.4056555,13.73092045,-9.86958284
19.72124173,-17.28506974,-7.66304909
-9.89286895,-9.6678027,13.30179965
-12.88726554,17.35126395,-14.46283206
-16.24755922,-10.20609578,18.95761308
18.72030318,-14.14458148,-14.39216523
-12.92998721,18.17011011,-13.76651695
-11.52350741,15.35354106,-12.91925002
-15.5244877,19.95780995,-9.01540999
-11.93715391,17.50459695,-14.97969326
-9.27120329,-13.18241503,17.38805122
-7.39953552,-14.90970711,17.2852079
-12.76494118,-9.87826254,15.65331121
19.35737375,-16.9231383,-12.99019699
17.62574253,-13.31210023,-10.06116478
-15.06181372,-12.80571251,19.87527011
-13.06380536,19.51775479,-11.68138053
-9.47322497,13.60440565,-9.74005346
15.37422334,-12.62796881,-9.70507489
-15.15770862,18.74113428,-9.95209746
14.53408097,-12.18006667,-9.35579663
-7.35607205,18.49728491,-15.94391519
-14.42624999,-17.24662327,19.94198288
19.98049129,-11.8930648,-16.73107898
-13.28935672,-10.42499574,16.4074694
18.25328939,-12.90267828,-11.0973313
-11.44066982,16.06835921,-12.49332505
-12.5068644,-12.68177627,17.79226385
-14.09890514,-8.25782093,17.90639988
-15.65883107,-7.14761936,18.402936
13.55352722,-10.33456714,-8.9760728
15.81114372,-10.74938965,-10.29472609
-12.29803577,16.70919553,-14.26662019
-12.12208188,-8.64439342,14.75739831
-14.26890422,-11.11764595,18.44564286
-9.30516505,15.96571385,-12.0533871
-9.8629854,13.93018947,-9.20265698
-9.19086649,-10.02512604,13.79467619
-12.78282767,-14.43447746,19.04365875
18.56285785,-11.95742761,-13.82049113
-14.15324715,16.62160803,-9.78220481
-12.71262203,-13.1659419,19.80773235
-7.65033757,-14.91377339,17.8538048
-9.42915368,-9.92050991,14.09912114
16.08970293,-10.85756157,-10.00110276
-12.31729625,-10.97374009,17.20196892
16.04043902,-12.84167695,-8.41047508
-11.49429125,19.45372549,-14.99002042
-13.58201587,-15.7024938,19.06464698
19.77231199,-13.05545926,-13.15300203
-12.23494885,-13.70649625,19.34730753
-10.3522633,17.34299217,-12.81057651
14.57604413,-12.12606516,-7.776979
-10.83790037,-7.79476274,13.61472185
18.41144269,-13.56235742,-12.44438436
18.81910419,-8.02142354,-16.0051414
14.10716457,-8.26289069,-11.61323923
-8.3995774,16.32458093,-13.12440368
-8.15079327,13.77161089,-11.04393579
-7.62299676,-15.44405272,18.63378456
-9.08166432,13.35276961,-10.62306765
16.79583995,-11.96758881,-12.71555522
-12.14995132,-13.02959471,17.55653205
-9.54385769,16.7447359,-12.23059673
-11.97272571,-8.50638251,15.93689774
9.87174052,-7.52419861,-6.82275736
19.00338044,-11.19134224,-14.09046606
17.80006789,-15.5688055,-10.42446369
-15.22482197,18.40218013,-13.77631797
-15.39216438,18.93931263,-13.26051806
-13.66255162,19.43929925,-15.38507705
16.14377616,-8.27607241,-13.50378946
-7.30054243,-16.84325443,19.69162891
18.6289596,-11.93364004,-14.05605998
-11.31354947,18.74466301,-12.55267361
-13.4075874,17.30576482,-11.43887406
19.67931774,-10.89676182,-16.53176881
19.55947441,-16.80446753,-15.5732791
-11.17802188,-12.71113622,17.95160942
-9.94659886,17.0325412,-13.54480879
-13.78832279,-13.34296497,17.59406048
12.18841315,-9.42298417,-9.07057232
15.45189572,-9.62382426,-11.03812458
-12.63526187,-14.16610874,17.31377873
-13.39695246,-13.32849567,19.45610102
-14.08568434,16.61206195,-14.19930492
-16.16575224,19.72598389,-13.8093681
17.06163147,-12.41742258,-9.10317913
-12.26396665,-13.46613555,18.80415078
-12.71792547,17.73542222,-13.12148491
-12.07545389,-11.99582132,16.13442468
-12.0988019,-15.25653529,18.6232689
18.74060165,-8.48274884,-15.04464738
18.83830288,-14.67356672,-15.18356998
18.96874853,-12.67224571,-12.29294689
19.54578595,-10.39221432,-17.52913061
-10.82221373,-16.2055957,19.15308266
12.21522596,-9.44394537,-9.11111262
-10.46987915,-15.12831941,18.94321945
-7.5495452,-8.95733385,11.75957067
19.8530482,-14.42038331,-10.37463064
16.74551973,-14.02589966,-14.51318187
14.85241183,-12.49348037,-8.90915144
19.49850574,-12.49663649,-12.12016443
-10.39070201,14.85918348,-11.79995207
-12.87553005,-9.31379475,15.52622949
-14.30210791,16.88148818,-13.73992204
-10.59822516,15.638899,-10.41992309
14.83213858,-7.35573016,-12.18149199
19.62669142,-12.21567022,-12.08922265
18.44345145,-15.00768236,-13.60412938
18.32357144,-19.8061437,-6.35321756
-15.11351278,18.90742004,-15.26346573
-12.86926191,18.21526764,-14.63509366
-7.22402185,-13.93164731,16.58591785
-14.39910757,19.97725557,-10.81077057
17.22765586,-13.3831641,-9.47392026
17.58708708,-14.9564469,-9.90828096
-14.70235188,-14.63939696,17.32023342
-13.50669597,16.73026699,-8.08676048
19.14243821,-14.78231253,-10.09620025
-12.00332668,-8.81967499,14.48461472
-15.10286952,18.21012599,-10.92784264
-8.2050857,17.49153412,-13.98082686
12.38974168,-8.38511353,-9.45164942
-11.67673891,15.49020367,-13.25266496
-11.32097813,-13.40579737,18.0061307
-11.39698395,-12.12443483,18.4496495
-9.32568001,18.2670626,-14.18611387
17.97632105,-10.49354817,-13.52559317
19.71532072,-16.46307319,-16.65623137
18.75070913,-13.43320305,-14.54668704
-10.10144558,-13.77787558,16.08159073
-11.12704085,15.39525676,-11.00448119
-13.07826564,-11.33342929,19.39426323
-12.83928367,17.97476427,-14.33314555
-16.29351247,19.67965241,-13.75659015
-13.88433636,17.54628945,-11.17770332
-13.73583688,-7.93599351,17.24894979
15.53882702,-10.75058337,-10.28637861
16.33914706,-11.92785376,-11.78149855
-13.47071197,-9.79989773,17.2372766
-10.50874301,-10.89764189,15.67186785
-12.4277315,17.7926812,-10.97187003
17.78379829,-12.4952744,-10.29013601
-9.35847404,-10.17192904,14.31207152
-17.35850909,19.92475808,-8.4962916
-14.42162267,-15.10342119,19.02508478
18.0596382,-14.44939542,-12.88262593
-10.4894317,-10.02876993,15.10177681
16.23603221,-10.88055437,-10.75932484
-9.23655383,-15.33898102,18.91043049
19.5106406,-12.40226339,-16.71195261
-15.30176439,18.91869911,-11.84333873
-14.30981487,18.3309405,-10.38069026
16.23229638,-9.88829053,-11.57497618
-12.89022065,-9.82203149,15.18718076
18.96347545,-14.33863117,-14.73953662
-11.0692641,16.90666216,-12.95947682
16.84733984,-10.87722212,-10.50640515
17.74189885,-10.25043265,-12.56314739
-13.79550434,-11.47566165,16.24038836
18.21935929,-14.52737554,-15.66546631
19.99672085,-15.71944462,-15.38873083
-9.71951073,13.1820227,-9.49493519
-12.71229261,18.26822725,-12.07816121
-11.95175468,-8.69371324,16.07147196
-16.40434864,-7.06218367,18.98326073
-11.61293383,18.60207853,-11.94899065
-13.57058395,17.81179303,-14.11944774
-12.68711846,17.12864266,-11.82266368
-15.63243973,-9.45212237,18.38248116
-14.08463013,17.02112749,-12.62220307
-13.51681492,16.875349,-8.27484246
-16.42212946,18.9590559,-10.64402059
-10.94734343,-13.59566097,18.74144333
-8.69290942,15.80566535,-13.49605067
19.2704385,-11.47555569,-17.30271874
-8.72331634,17.61325901,-14.55269474
-11.43282537,-13.40203254,19.72982656
-8.62546438,14.74408399,-10.59044148
-11.0486358,16.17647299,-12.43888497
-13.0824636,19.54076855,-14.5987649
-11.6727722,-8.254125,15.21939108
17.64568161,-14.67425307,-12.09853879
-7.83177559,-12.69451642,15.39054747
-12.77795089,15.81990552,-11.97545318
18.31789239,-13.11059509,-12.17026253
16.11499868,-13.87786678,-12.39219544
-9.65901689,17.60338179,-14.24850437
19.63627485,-16.60752198,-16.51332136
-11.9366116,18.14589806,-15.98276716
-9.69612438,-13.14906196,16.39653082
18.63343833,-15.07737349,-14.05113834
-7.59370199,-15.40255941,18.37210296
-12.2648378,18.65476721,-13.27534775
-15.76818941,-8.61943694,19.2164831
-11.14429568,-11.36084782,14.89857388
-12.3884203,15.76940069,-9.34334381
-17.42524321,19.97815121,-8.39748468
-11.04024378,16.12250895,-10.48389416
18.03752377,-8.18893316,-15.40577964
-9.59323158,17.92301722,-13.09303509
-13.85851426,19.52079557,-10.90801385
16.41463674,-11.94085293,-11.17597947
-11.85352178,18.93471644,-14.74352822
-8.53752942,18.93272644,-15.5371522
-10.43596421,-12.74638016,18.11045458
15.46343462,-12.24137384,-12.49976011
19.94259156,-12.69916381,-12.90582636
-9.36325246,16.89421977,-13.33606726
18.86360471,-15.51550057,-10.85926731
-13.3085296,-15.27822165,18.46380959
19.62444828,-16.78663369,-14.20819145
-12.75624065,-11.58190493,16.14794945
-16.94553843,-16.09278677,19.88981852
-13.90666166,-9.86549974,18.61867306
15.42375228,-8.72405869,-12.65534463
18.9489158,-11.45810525,-12.22767389
-12.03908459,15.24575983,-10.93975033
-14.20058004,-9.46969626,17.95007243
-13.05246673,-8.72345607,16.95890761
17.69647644,-12.97713536,-11.50157266
17.29906281,-14.05328177,-8.46110591
-11.66939914,18.89568888,-13.56670492
18.47448605,-15.34447089,-13.11783031
17.18207919,-14.87312012,-8.9692167
-7.63481908,14.4861737,-11.34773665
-14.649256,-14.89404895,19.70733525
16.15449693,-12.42611037,-12.27351777
18.90227362,-10.88012719,-12.62375291
15.53077666,-10.76730854,-11.74451575
17.17684139,-10.91141771,-13.58552546
-9.09881898,17.47497036,-14.66679219
-8.95013595,12.97838335,-10.19182556
19.5850175,-15.34489529,-15.62680561
-11.55505061,-14.8281365,16.29355654
-9.76458775,-9.86843423,13.32656487
-11.33207703,19.59018116,-15.06489622
-8.82239378,14.24676873,-10.98541752
16.81981322,-14.15305786,-12.81564219
-10.32756585,-13.50422707,17.40348533
-13.05877361,-11.96680218,15.94873606
-13.5537388,19.94425331,-12.44779593
17.50200133,-8.15722139,-14.76521704
16.97211196,-11.98154007,-13.70376425
16.35085802,-11.90202726,-12.15280326
-11.3412129,18.04253567,-11.50188747
-13.71718268,-13.79526226,17.93448129
15.02094655,-12.6871353,-6.78421491
-8.86121612,13.90738962,-9.90233786
11.97314574,-8.69054323,-8.56122108
-12.18968502,-11.36452936,14.88289556
-9.97825928,13.98096738,-10.31794158
14.70524813,-10.27475271,-9.7213799
17.31215851,-10.97170915,-10.9985814
-14.08652743,-16.78969291,19.78727281
-16.01408549,-14.62964393,19.14764225
19.98991861,-16.2011358,-10.46521196
-10.76616354,-14.47846916,18.27788168
18.83783029,-9.56354946,-14.61792851
19.55245584,-15.7597267,-8.57699755
-15.51566068,-7.68715266,18.26477863
14.49759316,-8.79474944,-11.88709351
-12.68674396,-13.60749664,16.96425952
19.83460659,-14.93931405,-13.29194459
18.05541464,-15.26674643,-10.21007889
14.23804527,-11.08543556,-7.97399874
-14.88977663,-11.11095748,19.71499287
-12.79562449,-12.34074355,15.39828993
-11.91719097,15.31103791,-11.68192377
-13.62752282,-10.58043286,19.81043604
-13.06724119,-12.86062447,19.58564692
-7.72999917,15.53094525,-13.69079141
19.62932063,-11.69409672,-15.40448306
-11.38937273,18.8123331,-13.46083052
18.05541149,-11.71069381,-15.11273165
10.46007989,-8.08786075,-7.36796389
17.57310371,-13.26083754,-9.66426077
16.36886745,-7.60694145,-13.39552986
16.87956583,-9.54035066,-12.40731957
-13.76233776,17.58152177,-15.28538391
-15.82715994,18.75377341,-7.66295209
-10.30094109,19.33032083,-14.92064847
-10.61442612,17.14875788,-13.80892371
18.49636447,-14.50943988,-10.63606994
-10.26457166,18.43714529,-14.54720866
-13.82947478,16.76465231,-7.71953225
-9.98043849,16.3998205,-13.93365118
-10.12858721,-10.47924018,14.56869509
15.7099772,-12.75238177,-12.36524866
-12.62478337,18.1224413,-12.67267604
17.01034789,-13.68091338,-13.62518641
17.99004872,-14.26717772,-10.35002951
-12.61916634,-14.13503241,17.69978422
-15.84962374,-9.69793872,18.93264103
-14.04119105,-15.60602107,18.32849353
-13.74882391,-9.92852004,16.27165022
19.98913711,-11.85823157,-15.26133973
16.13963096,-9.03504445,-13.31294316
-9.51177195,-14.69276692,18.82332768
-12.0739202,15.25608904,-12.10096382
18.49367007,-15.99925453,-14.75145971
-14.38882796,-12.93981386,18.93403377
18.792287,-14.91183292,-9.92872353
18.44396315,-14.02073169,-10.31484072
17.16710236,-13.14677271,-13.61762506
-14.07922842,-15.02539849,18.23989308
-16.3028181,18.80687232,-12.08033507
-9.58562553,-11.78880145,16.29771299
-11.56421612,-14.73697387,19.03090448
14.49771852,-10.97296944,-11.62890367
19.99811786,-15.94862873,-11.44832385
15.82692269,-12.450878,-8.81282109
-10.95824942,14.99107764,-11.52415345
-11.75960998,-11.8407982,18.39206932
-13.17730576,-13.01481527,18.0746641
-11.94139304,19.72496755,-16.99449732
13.48969188,-8.92709494,-10.06050693
-9.01357483,-16.5994834,19.90357405
-12.26913571,18.54799393,-11.39275268
19.75248478,-12.39497503,-17.07283147
-12.51254973,18.49292421,-15.61042763
-10.46150664,-14.7565321,18.60766933
13.61085978,-10.09779076,-11.19755392
-13.08711354,19.99107657,-16.46184765
15.72147314,-13.41818257,-7.6186105
-12.95321766,-9.83728942,18.1149663
19.73470457,-12.98683639,-17.44307998
-12.67919297,14.96860295,-7.23952421
-15.3965442,-11.53968499,19.49053371
-12.04589146,15.8265928,-13.31420229
18.46957247,-12.86942681,-13.01210861
-9.99340786,16.03152557,-11.60227425
-13.30984717,-9.57740008,16.66942567
-12.68630617,15.83281857,-10.42665044
-15.00043855,-12.81097197,18.45948045
-11.75397794,16.04372342,-9.81684935
19.90915748,-15.13953097,-13.82848373
-17.4718796,19.73096664,-15.00057655
18.69843291,-16.12521249,-12.60072994
-12.81714594,-11.08535697,19.05786759
-12.32113256,-11.82249737,18.73908905
16.92003186,-9.47202199,-12.96962374
14.7856276,-12.33678246,-8.04944286
-11.90940964,-10.05306586,16.98700841
16.66826274,-13.66150907,-7.67435154
-11.77932995,-13.46207397,18.41413262
19.26525225,-16.40548439,-12.25947525
-16.25173722,19.05176225,-9.86569067
-9.85109165,19.33848827,-14.71880469
18.89548145,-7.57801143,-16.40085022
-14.9376965,17.9516804,-8.42482461
-11.11062042,17.97626129,-12.89628641
-9.14605727,-8.50085175,12.52268423
-14.71127371,17.0950873,-8.10189437
-12.52079925,16.15372342,-12.17938801
18.60117576,-8.92576841,-15.43324292
17.9893717,-10.60884929,-14.49635052
-9.92679313,-9.8630505,13.65721455
-15.123316,-15.0925875,18.81140348
15.82445756,-10.36791954,-12.44372449
-7.14681426,-13.26082145,15.62859477
-12.8250693,-11.42801136,18.00483664
-12.30369301,-9.55042553,17.1804978
-10.60582031,-12.94231579,16.03529084
15.40834792,-10.93340304,-12.49333538
16.89428646,-12.71756615,-10.02253438
-13.71203557,19.79824321,-11.45105007
-15.56171601,-8.83195367,19.36301706
14.04945143,-9.1961703,-9.79847711
-12.869612,-15.09779543,17.62975006
-10.58895837,16.81103679,-11.26927796
-14.15466146,18.65577239,-14.27196803
-11.85472035,-10.32833404,17.33209971
-11.77850109,-7.29072685,14.54339457
-10.22652445,-9.90079889,15.64272552
-12.92698431,-11.50330976,18.73272912
14.86900726,-9.51154603,-10.61324857
-9.6932786,15.32024358,-10.25637484
-10.7999218,19.58117612,-15.80453984
-12.51207214,16.84810044,-9.00387325
-15.76308307,-11.31956191,18.73051553
-7.30918246,-13.1276237,15.97612914
18.39218954,-15.66179884,-12.47513793
-9.99267406,15.17705189,-10.13530688
19.47850594,-10.16784936,-14.37172039
-13.21177979,17.13154712,-12.93191728
17.98465541,-13.92807394,-13.09352458
16.86173409,-12.5049973,-11.64915621
18.66680974,-12.55185575,-14.15350728
18.86186306,-13.34740722,-11.73527902
-16.49433475,19.17012662,-10.66943219
-13.77798152,-12.79414323,18.77831119
-10.96219253,-15.2227985,17.89793737
18.36313387,-12.28665945,-10.72237903
-9.57802318,14.68506305,-10.94964843
-7.3270539,16.27238406,-14.37030759
19.89339031,-9.09639751,-16.37273283
18.41301444,-15.17844372,-14.82352546
13.98296273,-8.50701076,-11.37694054
-9.91624398,17.89483697,-12.41152215
13.34885921,-10.08492625,-9.16704468
-12.41427283,-11.24472239,17.82727575
19.81052335,-8.93309572,-16.98922437
-6.77159038,-11.05728838,13.40533679
13.71281365,-10.75311009,-10.02072267
19.85089258,-13.86017254,-13.84418261
-12.86298218,-13.85667873,19.99551367
-14.95756409,19.43258584,-16.18359963
-9.66511667,-11.89955004,16.4860331
-7.43316756,-9.05050057,11.45804531
-13.5422054,-15.37071363,18.86517049
16.64232587,-10.1090082,-11.99991201
-10.0337181,-13.89392195,18.21812253
-12.5011349,-12.16843633,17.70845864
-14.4135933,-9.83360583,19.64823096
-8.52483412,13.49880579,-9.73138459
-7.93644916,11.41874277,-8.81548926
-8.4374089,12.2128105,-8.25762779
-11.54590024,17.17678168,-14.88866351
19.62396614,-16.63974915,-13.87598228
16.69643656,-9.87447268,-14.30804899
16.16181368,-8.46208971,-12.14654224
-15.18814196,18.18607254,-11.29438387
-10.52909863,15.97878732,-10.83401238
-13.22959848,16.80234169,-11.15907741
-10.55973715,-9.47930346,14.69317897
-10.2752519,19.08101266,-13.65558851
-11.77020963,17.23829704,-10.31083315
17.43864904,-11.80668072,-14.00062701
-10.00120348,19.76942768,-14.88893961
-17.18245187,19.98543661,-7.77107255
-16.52313544,-9.44364583,19.6480476
-11.04567978,18.48316364,-15.11852248
-10.88749266,19.97759238,-13.5107701
-11.82455138,14.29283494,-11.40430712
-10.61568897,13.35349349,-7.5811916
-13.47110156,-10.84989888,15.97431515
16.47649594,-12.85816785,-13.427722
-9.58799985,16.62697042,-12.91342296
17.65323369,-11.44712911,-10.74718054
-13.66571283,-9.01858771,16.7291855
-8.70016211,16.53968997,-12.25232572
-11.88779654,-13.56335193,17.88414974
18.18982149,-12.88655862,-12.43860125
-12.53400196,-12.85436989,18.51760407
-10.42977083,-11.54126806,16.59885174
-12.64598633,-12.45381883,18.59692652
17.14638366,-8.40515286,-13.23002183
-14.25685699,17.91016251,-9.33989959
16.03188709,-11.69889157,-12.65042432
-11.58016194,18.3431433,-15.0306146
19.30773233,-12.03144796,-13.59997068
-15.36317835,18.71275267,-8.65660768
18.51948132,-11.1049224,-16.00083177
19.73164839,-8.85271424,-16.05675705
-12.24627446,17.0369116,-11.02488335
19.32896627,-13.35142099,-15.3415913
-14.87259938,18.51324611,-10.82543971
-10.40565337,13.02994425,-7.63201534
-15.84253355,-11.40686691,19.71178621
13.47252648,-9.27827579,-11.21869212
-15.07046557,18.73149764,-15.0433206
-16.62260793,19.7258041,-13.64711479
-15.11599103,19.85794732,-14.09087414
19.94935262,-17.72526336,-13.28210087
15.27138125,-8.50476247,-12.1021679
-12.4085642,16.91384238,-12.02053465
17.7255898,-12.89771684,-14.34425806
-15.34984039,-9.57886919,19.27246797
19.84679911,-13.50706112,-16.03868554
-13.36347317,18.72069697,-9.76316013
-14.39538375,-14.43532534,18.96206349
-9.92372948,16.55805684,-12.71612703
-13.9274049,18.67400715,-12.64071494
-8.73345199,12.15959337,-9.9199398
-11.30724266,19.93807425,-16.06433654
19.90518213,-10.24227817,-14.24232447
-12.47856322,-13.33355337,17.51412683
-13.58543067,19.6121662,-12.52364281
18.79790315,-8.49177309,-15.74158181
-16.80925906,19.92467779,-10.88094555
-10.39652332,13.10001888,-10.09199677
19.26641312,-16.71815469,-14.29342073
19.37899271,-11.97892555,-13.52034089
-15.25253248,19.89301755,-16.84934883
-14.96670846,19.34782423,-11.09374228
-11.80429033,-14.15839626,17.07698608
-7.28771801,19.39843706,-16.8686589
-12.32195748,-12.7359577,15.41672575
-12.26709937,-14.58588026,18.35625684
19.18476771,-11.41914782,-12.32096862
18.58408739,-9.43081614,-15.23916841
17.26969695,-14.56201051,-10.6060047
-17.04207459,-12.42244514,19.93228189
-10.0877315,-10.82541074,15.14667866
-9.51391962,-14.00486412,17.67928973
-13.77756572,-11.57933568,16.36036295
-15.73330434,-10.23785164,19.7823827
18.8584653,-9.67772438,-14.38062365
-15.3539883,19.06919429,-11.04552628
-10.11663106,13.00527466,-7.41026496
-14.82411471,18.07764147,-8.22864199
14.69615604,-11.64223056,-8.46952306
15.94871605,-13.24479344,-10.92776122
19.61488623,-11.49379599,-15.0100538
-16.84073643,-15.29237283,19.85921855
18.05407349,-13.34384072,-14.16562273
18.89322432,-11.84930364,-14.99762859
17.9664597,-15.70587852,-7.3021977
-12.8544748,-12.14339412,19.40014333
17.3083944,-11.05519834,-13.30455081
19.13463518,-14.36262393,-11.56152782
-9.76907853,15.63385476,-12.2400279
18.96093851,-8.40992988,-16.19055407
-12.89741726,16.09125785,-12.60097712
-11.66094817,-12.87646908,16.51512218
13.84204063,-10.80048771,-7.99938983
19.33515423,-15.38752435,-16.24108415
-15.3173121,-10.94847011,19.53625774
16.16232151,-12.86187064,-12.13130111
17.34566351,-10.37355912,-11.71176147
-10.6385971,15.69341686,-9.7123219
-12.47104559,17.637284,-13.97698858
13.79477076,-9.19550927,-9.70675002
-13.3508601,17.35280647,-9.45419085
-12.20296464,-13.34531874,16.68655356
19.33827972,-11.74785416,-16.00257902
14.58455952,-11.83445322,-9.02346033
-8.6677941,-14.2896373,17.83013179
17.98728617,-7.48140617,-15.12862517
-8.68769483,-10.56804984,14.81747805
-12.09199768,18.68783564,-16.16550713
-10.17076058,17.78337253,-12.36502139
19.19009993,-15.95813726,-8.70010299
-9.12511395,17.08344241,-13.33603471
19.84170207,-15.41677661,-11.50916933
-13.12708286,17.03676543,-14.96315855
-8.11753168,-12.36241339,14.66934082
-14.03047887,-9.17205641,16.76545118
-12.56380188,-13.37471621,16.31802532
-8.71771771,-9.78350231,13.11554594
-7.05367621,17.92428876,-15.42289938
-11.13569448,18.7762551,-16.37647941
-10.33449828,12.91669688,-7.38328246
-13.42586084,19.6220725,-16.45766954
-12.35977206,18.31664844,-11.37153688
11.95183558,-8.52911424,-8.57168982
18.50141357,-12.76259664,-10.3095221
19.46688925,-11.93589456,-13.72591817
-16.19473855,18.52482287,-10.24341489
18.23870847,-15.70435552,-8.36401803
-7.08478235,-15.03572153,17.41073284
-11.98827848,-12.77020479,18.80694349
19.51470894,-10.56278297,-13.68880054
-12.9455441,17.62848918,-12.22685716
-15.82516954,19.7372366,-16.30355807
19.4047199,-12.94906728,-13.63627426
-14.37774787,18.46524737,-11.22511034
15.20448915,-12.04881323,-11.06160337
-10.93389624,17.35967292,-14.69554867
19.52509508,-10.70438596,-16.57345845
-8.94916307,-15.23258741,17.56710364
-15.57641213,-13.8962678,19.20419975
12.24622186,-9.69010135,-8.0174878
18.17218221,-14.55841386,-14.33741234
-12.39154213,-10.60711103,18.5098455
-9.96069768,19.11210045,-14.11403597
-10.29721055,-13.92127766,19.28886957
-14.21696845,-10.2768666,16.97374403
-9.92766023,17.22203349,-13.29138541
-12.46685937,14.83551002,-10.1280773
-8.26390183,-17.24984635,19.88844764
19.04771157,-8.75769035,-16.52801166
19.72412417,-11.39373003,-16.17385624
-11.6996896,16.05380622,-9.82749826
19.25827807,-11.32936463,-15.01251419
12.59163819,-7.96877717,-9.04724024
-7.29512156,10.04100653,-7.5841639
-13.3110347,-9.82110611,17.87359706
-16.3924259,-13.2749143,18.99778255
-15.57778371,-15.07094278,19.4249227
16.32293069,-13.13440653,-9.07731806
-12.20974316,17.12148226,-10.50066902
17.39097025,-10.53365716,-12.89761229
19.16705744,-10.87916956,-13.19630444
-8.18753149,-15.37962213,18.00807487
-15.6262594,-16.05128839,18.92125446
19.93821569,-9.10092101,-16.52438326
-12.59797096,-15.85271661,19.26722344
15.18703371,-11.34912328,-9.57557318
13.44195238,-9.76774581,-9.89734321
-8.97465685,-14.09640167,18.25641309
-16.22337525,19.12386537,-10.24106825
17.92092135,-15.25224981,-7.28171838
-12.02819764,15.0390756,-7.44596501
19.62554695,-16.59022238,-14.8131778
15.15457251,-8.52572477,-12.65825213
-12.50307953,-11.88571515,16.54011039
-14.08384698,18.73106996,-13.19184742
18.48686319,-14.6427488,-13.91901006
11.60730133,-8.23766264,-8.80278708
-11.82525871,14.6808526,-10.94503974
-11.09830929,17.7432808,-13.18595072
-14.2261087,19.00283173,-10.97787532
-9.27621186,-16.46225599,19.10242843
-9.61204989,17.26423648,-13.52609567
-9.57911971,-10.9801279,15.70120859
19.88749821,-15.45641078,-9.00550749
-12.02497971,18.87502463,-13.98340927
-12.13810423,-11.50253817,17.95949633
18.69645266,-11.0366461,-15.33796079
-15.27500387,-10.39816008,17.72971173
-14.52170607,17.45950751,-14.71106435
-12.73749823,-11.21853999,18.17786452
-11.12199939,17.92481254,-13.13236332
-10.98594534,14.75950218,-9.54848604
15.50057671,-11.08697708,-8.82506646
-13.08033384,17.5362479,-13.48117431
-9.48277702,-15.273192,19.55892456
-10.16305746,-12.68034763,15.97347809
12.67471839,-9.85529494,-8.79454961
-8.88070003,-10.16073523,13.91385293
-8.88598084,-12.97551375,16.67739123
-13.34758523,16.68839804,-10.26748265
18.44883418,-10.41159431,-13.68309626
-13.58653782,-13.81089144,18.98482427
-13.28308974,-10.04329262,17.83769892
18.83846421,-12.25515322,-10.99325672
-10.15655701,-8.56710858,13.58893438
-13.31485525,18.09620665,-10.37725889
-10.72862109,15.45086553,-11.30480276
17.03960138,-14.69914231,-9.36700724
-15.05028911,18.5430346,-13.65026564
-11.40214256,16.70365974,-14.3069937
16.06480753,-13.0174376,-11.798514
-10.02880324,13.32783674,-8.08195546
18.57459671,-14.71029409,-10.36102041
-11.65099825,19.05519607,-15.2469032
17.76359542,-8.36441822,-15.33458042
-8.52642543,-12.4768677,16.21286036
-13.69574269,-11.64663554,19.21967487
-11.46039641,15.16640338,-11.2687589
-9.90406989,19.62329609,-15.13113678
18.70899606,-15.29434411,-16.34123218
-13.16402532,19.20113021,-11.95959307
19.86616465,-12.4112359,-12.28599883
-13.64548511,-15.17601164,18.25494564
-10.36502135,18.94102621,-16.53606802
-10.29605279,-13.42870509,16.83413084
19.57996754,-14.26106716,-14.75827138
-8.67340359,17.80746698,-14.14664905
-11.05630976,17.70298857,-14.84171049
-13.81315919,-14.226055,16.96641987
-12.10517092,16.28050362,-13.40570087
14.04260369,-9.59846161,-9.03485181
-13.92948969,17.95763154,-13.22721037
-14.56424119,17.94643373,-9.50287369
16.27560662,-12.87767118,-12.45503192
-14.27962852,-9.93575775,18.54306739
-13.66641813,-12.48888362,18.62876152
-8.34799763,-10.84718124,14.12402691
-14.64310394,-11.02588478,19.52009131
-13.29671535,16.32289326,-12.12481148
17.57681595,-13.03304073,-9.23420654
18.4589956,-15.98796079,-12.8307608
18.87733681,-15.09294301,-8.63510885
-12.96616073,15.96404281,-10.8663697
19.25589448,-12.03687944,-12.2728979
-9.19723355,13.98827413,-10.82283959
19.71204346,-16.7748764,-15.05439606
-10.32400951,15.2792606,-10.0589194
-14.09967773,17.1780405,-9.95891659
15.72344699,-14.85924396,-6.54686802
18.64006292,-14.20517931,-16.04408148
-15.69938865,-16.28329306,19.4551909
-12.456545,18.89790551,-13.2965807
19.23955151,-14.8514847,-11.64913906
-11.2381315,14.26370363,-10.3741934
-17.1070483,-11.83658711,19.80051752
-17.07394497,-9.15540601,19.74825694
-14.68196565,-10.42269679,18.77136338
-12.70098639,18.52086576,-15.11809446
-16.19028008,18.65389803,-10.38277613
18.38621214,-13.34682597,-13.21369148
-11.49922914,13.8129779,-9.6170112
-13.28263089,-8.94886461,16.14334504
-12.1304791,16.37194841,-11.37243724
-17.21227637,19.97346902,-11.40692248
-7.27490107,-8.96736859,11.33381524
-15.07836744,-16.14652092,19.87790921
-8.95924638,-8.81169707,11.78525316
-12.27225214,-16.00791162,18.6679193
-11.68432857,14.22262594,-9.02128111
-10.03802513,15.05594931,-10.74968767
-10.52404749,-10.91150491,15.02792991
-14.03461088,17.49214862,-15.20642676
-10.1250732,12.59334879,-7.235994
-8.67425778,-12.84240014,16.60050127
-11.04383692,19.91547748,-14.97079104
-15.26873348,18.77654585,-16.34396477
18.14803896,-13.26587737,-11.06550253
-12.74488007,-7.96350713,16.1464379
18.18451887,-12.53863722,-13.01848232
-13.02717743,16.4603886,-13.50612414
18.68858626,-9.49152556,-15.5188879
-7.40851599,-15.1403612,17.9807054
18.66752655,-13.92573826,-11.95354004
-15.7321994,19.62030635,-9.26769693
-11.89303952,17.60661046,-13.02901356
18.01876518,-10.27104338,-15.06557225
19.24404268,-13.55165577,-16.58744052
-9.68555647,17.81851195,-14.58077472
-7.96990592,15.83320407,-12.35146358
-10.5177149,-13.59607099,16.3247
-11.11036416,15.34115963,-11.0130684
-13.10529476,-12.61345219,17.30687798
-13.13196481,-10.72943351,18.59126349
-17.07666868,-10.80300154,19.5027869
-10.89936433,14.77126283,-12.52103624
-11.49709772,17.98383873,-13.99616831
17.49952294,-13.18787664,-13.72885949
-14.71151455,17.58465335,-13.24841644
-10.31725733,14.3990779,-10.84825035
-10.45862316,-11.9837523,16.6600963
17.59041102,-13.15387542,-12.9561299
-9.67684104,-15.93473097,19.72655857
19.84173197,-15.44009098,-11.4533643
19.12553583,-11.34880676,-16.28473097
-15.05855709,-10.93525583,18.1379367
-10.29158198,-15.58956857,18.26592526
-10.39712356,-12.76214691,17.3007036
-13.8386154,-11.71322111,16.47336871
-12.80317725,-14.11910514,17.65681921
17.14517731,-8.62719311,-13.30005154
18.77906411,-8.10229476,-16.16669847
15.77036599,-7.96664568,-13.21787016
-11.9410222,-12.877648,18.83905425
18.69920735,-14.62851837,-10.56425486
13.1784296,-10.88422355,-6.91999317
19.88274317,-16.81555791,-16.48586734
-13.39136628,-9.96608114,15.63105241
-10.60029941,17.19105872,-12.76095554
18.76768637,-14.22150581,-12.93134227
15.49746909,-11.18850057,-11.27454232
-9.66280833,12.39457159,-7.99992878
-8.34800396,-11.09413786,14.82940571
15.45379496,-12.67959894,-9.5713973
16.13010923,-9.81376065,-13.26466755
-8.865206,-17.09287614,19.4985131
-10.11537445,18.25920622,-15.04993634
17.42148854,-13.4781447,-15.07637078
-16.4466459,19.24547744,-7.37466952
-12.25299482,-12.02899387,16.05265393
-8.22460702,12.8601152,-10.18205903
-17.16963557,19.98200929,-11.5449062
-8.32237896,-14.12626285,16.86450377
-8.73760811,-9.54952301,12.79883998
-13.90335065,-10.44648756,19.70764783
-11.51050791,-12.6908402,19.7958161
18.4158897,-14.62384534,-8.79311411
19.56720753,-14.37147131,-13.09996896
13.07549173,-8.02445172,-10.16121537
-9.41879286,-9.11203126,13.17541575
-16.10728952,18.88962659,-10.15835173
17.73915344,-11.52852647,-11.47285091
-14.22105859,19.62022643,-10.08296188
16.17244924,-10.93680767,-12.35173658
16.86746856,-13.70146506,-9.6993091
-9.45054588,16.80775834,-12.67775828
-11.28024979,-15.27949527,19.69768407
-10.03839535,12.78517301,-10.31884573
17.90854584,-15.47131849,-12.99516708
18.64854198,-11.6638796,-13.41598642
-10.87801391,-9.4856271,13.7904488
-10.93624478,17.02035782,-12.47157963
19.22064073,-11.63439308,-15.85785008
-9.54859166,-13.08392255,18.13560721
19.09202519,-15.71543978,-16.63338591
18.11626755,-14.96855743,-10.12757895
-11.96205118,18.51587497,-11.48275789
17.26070798,-12.92199791,-10.82981905
-14.72838073,19.68856361,-12.08107635
18.14366276,-15.14848652,-12.72648775
19.58646633,-16.14114612,-9.64155039
18.96124742,-12.91942404,-16.10799247
-9.17276987,-7.03664427,11.41459595
-9.38279801,-11.77496991,16.47768444
-13.20612331,-13.86450002,17.34933377
18.90261306,-15.13127596,-9.04062555
-8.09492423,-12.51572273,15.81527146
18.01476939,-7.78813619,-15.25538273
-11.50774066,-12.52644417,17.36368217
-12.67805011,-12.0132808,17.10607316
-10.11661415,-10.95093694,14.01480709
19.66987964,-10.48789198,-14.12037207
-12.51474839,-8.27035764,14.94277939
-9.48088354,19.73238754,-16.60402796
-17.44661121,19.84535813,-10.46867563
19.91461334,-10.54914825,-16.26270034
19.70134455,-8.80762425,-15.75562519
-13.55960238,-14.0621038,18.62844684
-12.67814525,17.28984308,-12.47133038
-14.88816585,17.25701498,-7.0540147
-10.14113932,-11.93882395,15.37156432
17.86449712,-15.45492888,-10.47105392
19.16413615,-11.55963297,-15.86050018
-10.31976127,-8.58197112,13.51801604
-11.45774176,14.13761673,-9.08022091
18.98790702,-12.07552021,-12.3342941
-9.38534465,15.32901521,-12.01648243
-8.64046517,-16.73066989,19.27938617
-16.96933916,19.29323836,-9.14942899
14.20200443,-7.62252326,-11.97018272
-13.94308619,-11.58313035,18.35715134
19.61376955,-12.9975341,-12.36099669
-14.67186882,-9.98393551,18.43396323
-9.91368456,-16.87534935,19.89182133
-13.38742411,16.09158444,-12.26401136
16.1551436,-11.94982492,-9.75531615
-8.29489823,19.54305558,-16.38579109
-13.9557141,-13.53949547,19.60025804
-10.68255136,17.71081544,-12.40449114
-15.38588405,17.81273792,-8.54174775
-11.34621306,15.60581885,-10.72287459
18.77578054,-11.03535085,-13.54663354
-9.94299552,-13.07040785,18.46372208
-12.78635276,-9.98348761,16.90615292
17.77578725,-10.75914622,-11.84037632
19.66544941,-10.67518133,-14.52129647
-12.5144781,19.8749391,-13.3707989
16.93475099,-10.80125412,-12.83450582
-11.7898419,17.31929953,-14.65663391
-11.14606706,18.63192783,-13.12507036
-15.08074668,19.30679487,-15.15248293
-16.38769084,19.43003529,-9.16323712
-11.34324642,-15.39277765,19.01758569
-11.46819533,-9.67704842,15.11680585
-15.56951461,-7.94050319,18.75300087
-9.07488077,19.53460259,-16.507825
19.16072477,-14.73210431,-15.53757021
-12.41928561,-11.23291442,18.27125654
-16.67363272,-15.35596906,19.5476841
-12.89359632,-11.36901247,19.66269188
-8.90171129,13.21559106,-9.04255431
16.23359903,-13.18350199,-10.43015875
-11.63636517,-11.53163434,17.50821065
-11.07847466,13.72068579,-9.24006319
-12.08029008,18.00663889,-14.97639226
-14.48638473,-8.86387566,18.24464814
-11.96455077,-12.89606591,18.16098003
-11.00091712,-15.65769958,18.37492285
-14.78920616,-13.10877441,19.18579535
-9.94527958,-11.68138335,16.44780614
-13.6166383,17.65979127,-12.76949969
-11.73038771,-15.62067919,19.52780979
-8.89902288,-12.48263947,15.14512635
16.06613783,-13.18764174,-12.98073406
-15.00899834,18.91699791,-14.24782111
-11.64961818,-17.5616258,19.79647991
-15.17508585,-10.97942648,19.34402422
-14.13675625,-13.01322041,16.5110968
19.66191044,-16.0907467,-16.47868489
-11.43642241,18.68961955,-11.71743973
-11.23444111,15.38887521,-10.71089787
-10.95924091,14.86082407,-11.56111099
-14.0760074,16.91366662,-11.94784981
-12.84872999,-12.27208219,16.57837076
12.57383268,-9.87271009,-7.90852513
-16.6417974,19.38098604,-10.54507656
18.5380758,-10.39811928,-13.73266322
-9.87437454,15.57744391,-11.32770867
18.16224417,-13.57957152,-14.38687879
-15.30822946,-9.38435907,19.15925672
-15.0559374,-9.10906408,19.49891081
-8.59283104,17.86326563,-14.69558907
-9.80458626,14.3968907,-10.35331329
-17.04521282,-15.82975768,19.75585859
17.8264531,-14.20123935,-11.90000206
-9.11048752,14.70583548,-11.55025013
-12.66275247,16.45483963,-11.43921575
-9.30649007,-11.18739997,13.46948261
18.23476111,-14.62829287,-13.98681956
-11.14304572,15.53091005,-11.16036617
-9.09491534,16.05773369,-13.567556
-10.10578702,-13.83952615,18.18825873
-9.32418649,12.08279568,-8.66011617
-13.12742555,-11.80559768,17.54583884
-9.42104529,14.14440192,-10.16356807
-12.58250247,19.49563742,-13.06105267
16.61931024,-13.1337676,-9.10556128
-13.53286389,-12.4917751,17.52551113
-12.29322945,15.6578082,-9.90467795
19.13058005,-15.88036093,-12.49287381
19.10809528,-11.52557235,-14.15371363
-14.3040331,17.31391436,-10.56261181
-10.55646764,-14.89943025,19.93726446
-12.4243006,17.37478141,-11.48477294
-15.61693766,-10.16978653,17.88512772
-11.09457421,16.80233746,-13.90722817
-10.45144029,19.00699891,-16.41541987
-12.45224415,-12.08393998,19.15224545
17.23085351,-9.75686392,-13.17728002
-14.05853089,17.42819663,-13.99330984
17.71888767,-9.33673811,-15.43193502
-12.76693949,-10.89152578,18.26498738
-10.98391086,-16.03978915,19.15649313
19.2405587,-16.22030762,-13.70048539
-15.29765582,-13.3347957,17.73463885
9.86807909,-7.03157786,-7.28166105
-13.94734445,-9.90191494,18.72531932
17.86604459,-11.71775342,-14.76111252
-12.79185572,18.95096157,-15.33298021
15.73471803,-11.20802264,-11.61642883
-13.43427886,-13.61350082,19.91058315
-11.34275393,18.22606013,-14.24110401
-11.28211801,-13.83814357,16.50264271
-14.45488202,-12.18841,19.12456493
18.06188463,-14.79535392,-10.12222983
16.58149108,-11.78717256,-13.0909552
-15.3195455,18.19058877,-12.06483692
-14.79447962,-10.74478166,18.90535756
-13.08208841,-10.25164284,16.97735009
-9.77840802,18.10596835,-14.15672746
-14.2583881,18.26738614,-9.05001445
19.85325033,-15.97958732,-13.99834263
-11.94786751,15.69193267,-11.78839068
16.78447552,-8.90509397,-12.68555035
-10.76808196,-11.45747395,17.36544912
16.59297322,-7.58756151,-13.85872749
16.35858737,-13.11518842,-13.17898337
13.50474783,-9.14928716,-10.0542773
19.38804912,-11.62533293,-15.52755089
-11.68343345,-9.84139657,15.98227577
17.81296856,-11.53831753,-13.50402192
-8.21393917,15.75772643,-12.24422048
-7.71231732,-9.74434905,12.86122679
18.58056498,-13.78701116,-9.38539477
-14.72562026,17.42484467,-9.98006499
-9.53823882,-9.96447532,13.46438924
-8.18416974,-14.41739941,16.94156604
-14.12526876,-10.96338153,19.13628356
16.19349957,-11.21922564,-13.22048987
-10.17235135,-9.75250653,15.4519236
-12.06817216,-11.99307046,18.62832864
-12.65650553,15.61851161,-8.4069139
-13.71205411,-13.4119615,17.79543943
16.22580558,-12.35189548,-10.88848626
16.47325876,-12.38250757,-10.35475692
-9.65365351,15.70450206,-12.52298283
-14.33292805,-9.65790573,19.38429441
13.33988611,-7.64089652,-10.64383164
-14.05697793,-10.61334906,18.9192467
-17.30873786,-10.28495703,19.75743565
-8.49201904,19.55751551,-16.23990993
-15.55754362,19.51284932,-8.43745506
-13.90772301,-12.46470243,19.34109862
-11.25917635,19.37773344,-15.24450391
-14.47717252,-14.4526111,19.00575953
-16.70952919,19.96943539,-10.06252836
-10.35259043,-13.89405571,17.55810406
18.26003342,-14.42530777,-8.44428578
16.53256043,-8.68828719,-12.42253811
16.98184563,-13.64573078,-12.73094939
14.49242574,-12.07260836,-9.3928093
18.83839549,-10.35701384,-14.18600381
17.35193053,-14.9604512,-6.78800916
18.31405308,-9.18870306,-15.6432974
19.76880897,-11.98570431,-17.2349073
-8.40981453,-13.13325295,15.77967693
-15.04890456,18.31412856,-12.94814637
-16.00164312,-10.90533284,18.25415558
-8.23399125,-14.68117699,18.06088631
-13.62996059,-7.74929381,16.74072212
-15.71729728,-14.80950292,19.80562164
19.90670975,-14.50580495,-16.79527893
-11.24631866,18.00701463,-11.70262116
-11.79872875,19.31345956,-14.51911018
-9.89348302,14.16443786,-8.92242662
-12.28901931,18.38746825,-13.57887199
-14.29150796,17.93530848,-11.687586
-11.77875975,-16.98818621,19.61491306
-9.02451117,-13.18275999,17.46070358
-15.8640061,19.34156215,-12.665118
17.46757822,-13.69754177,-15.01402504
-11.79426211,14.20071927,-10.9669729
16.58707035,-12.64833319,-13.88495049
12.27702728,-8.87770395,-8.91247754
-7.42904962,18.36539244,-15.39978923
-13.14966753,17.70794627,-12.41402818
-13.81070505,-11.58879928,17.78834368
-10.17416013,14.69633262,-11.282202
-9.46367607,14.49369571,-11.68104493
15.83715188,-11.00771995,-9.81574801
18.55615343,-12.525851,-10.56676518
19.89859581,-9.32582297,-17.28934555
16.11104438,-13.12351892,-8.02663133
-11.73762137,-12.52781722,17.97810774
-7.76301512,-16.06724354,18.315044
-8.83531757,13.03993186,-9.36126386
13.45306693,-10.75327677,-8.2954359
-12.63030447,-10.61447978,14.98022876
-12.81529061,16.90772791,-12.72112819
16.83866471,-13.23899642,-11.89943686
-16.67022366,19.10927337,-12.44671802
15.27434842,-12.27155098,-7.68572284
19.6732756,-14.7239783,-12.86627064
-12.20958278,-14.16846565,19.40600436
15.29565474,-12.59418776,-11.07502431
16.24046728,-13.5832277,-9.0627731
-14.88848117,19.23904751,-12.7689542
-13.14377627,16.89509145,-10.93230185
-9.41348851,-15.33317377,18.76474027
-10.56283979,-14.09634621,16.73844425
-12.09035662,19.84852864,-12.82842357
16.89174759,-11.83838263,-10.54944248
-14.74043929,18.23147783,-13.78160706
17.62494047,-13.63412572,-8.51546264
-10.84984554,19.95448325,-13.51450844
-11.99097907,-12.9294258,18.6798575
-12.39602381,-13.73978782,18.8598862
-9.04788813,-10.98416222,14.86198684
-10.081527,18.89187603,-13.8410468
-11.89415309,18.1169563,-13.45971763
12.0326851,-7.63994929,-9.37846498
-9.92638653,-13.80218527,18.2308174
-15.67486059,-11.91271632,18.01024742
-12.57967519,18.55914331,-11.79598195
14.75961971,-11.64679779,-12.48268438
14.84276498,-12.17124342,-10.0711182
19.67667298,-16.75245298,-9.60169793
18.76016318,-11.18430528,-14.9896028
-8.97652731,-14.53027155,16.85167442
-11.41806694,13.86836042,-11.05742371
-10.61200779,18.56189713,-15.14373725
15.53498121,-11.01796975,-9.37297091
-9.01966667,-10.06628906,14.37273424
16.19680009,-11.3664244,-10.41747007
-14.2380719,17.3473313,-8.29727254
-16.11455861,19.93461462,-13.8815544
-11.5756068,-15.43345334,18.44296923
-13.92446086,19.41659874,-10.50251253
-10.50758851,-10.73344051,13.22200344
16.93269326,-10.29250046,-13.09732852
-16.01350832,-8.28020353,18.91264174
19.59759285,-10.97553468,-14.76278287
-8.98363215,-12.44045029,16.95255513
-12.83036147,-15.15192619,17.94212702
19.63554438,-11.59642391,-15.43106204
-9.49652249,-11.39549127,14.90418172
11.47910656,-7.34931246,-8.68744988
-8.29602374,17.4463194,-13.89498659
-10.69145306,-11.88284192,17.53426259
17.78348551,-10.63667712,-12.27827818
-8.65694182,16.78298819,-13.63442187
-10.94268356,-12.96963868,18.00892072
14.68907126,-12.10112361,-8.14716665
-13.07008832,-8.00291997,15.59579318
-13.85053191,-12.35431706,19.64625487
-7.59859561,18.49981771,-18.72670623
-8.84108422,12.00380181,-9.19729598
14.918676,-9.8828071,-10.000672
-14.18800847,17.90178167,-8.31091779
-12.43636412,19.09020956,-11.60494901
-10.50217445,14.61791699,-9.68320797
-16.20339992,-11.78013302,18.40980515
-11.50308081,-11.36784577,16.34178482
18.77299551,-15.25372733,-16.28077497
-11.96496841,-9.84119722,14.95870027
17.85060425,-8.8889194,-14.19423617
14.5966307,-10.83520292,-9.17187229
-12.08421249,19.75943584,-12.83934135
14.39677101,-11.60566292,-9.66684395
-13.78310556,-14.34343339,17.50875422
-15.06424024,-14.5275427,19.31273541
17.61071842,-9.8820015,-13.30067985
18.20324725,-11.67172767,-12.60152952
-16.97778823,-7.89609162,19.84106807
-11.67375151,-14.44410422,19.32144125
-10.93624745,16.72292754,-10.27333942
-11.25701637,16.61394489,-12.13793391
-10.45328367,-15.05362306,18.36597593
19.37090579,-14.62193864,-13.66179191
19.50574562,-11.66590745,-16.76540699
-13.89702413,-12.52361639,17.8787845
19.28072602,-15.37122018,-8.7605374
-10.83446975,14.3706078,-8.71129844
-13.64355042,-10.64638851,18.76594358
15.36577765,-10.04043305,-9.89068972
14.41411853,-10.09831098,-10.70177485
-17.3314519,19.99260821,-13.57250847
-14.44628964,-9.03209943,18.78409272
-16.06461532,-15.55557464,19.20543654
18.72690175,-12.04240204,-14.05309603
-9.03715918,18.35811567,-14.89027465
-10.6743784,-8.24122139,14.06636443
-16.72203153,19.61270422,-10.35846134
-16.53545133,19.96332847,-9.70907405
-15.11771692,-9.96803944,18.96700212
18.04152173,-12.11926389,-14.542684
18.84198249,-15.06862207,-15.10465065
12.95478203,-8.78117485,-10.65350514
19.02026329,-16.38138648,-13.79598606
-13.82555564,18.03106271,-13.62226054
-14.79309129,18.97514925,-14.66165074
-10.93386429,18.76364367,-12.56701658
17.53120017,-10.23383544,-14.71653288
-10.42486179,13.3212803,-8.52193849
18.88223648,-11.68165866,-13.07088539
-16.22584102,-10.87260855,19.33330349
13.50577889,-9.89673973,-10.14004959
13.23157629,-9.96704993,-8.23502438
-12.8575631,16.48311578,-14.21119233
-11.10093721,-8.18664838,13.51824147
-13.22212913,17.34663412,-12.86083004
-12.10175686,15.60029709,-7.97724729
19.55312839,-14.7536605,-10.6621953
13.21145552,-9.82082271,-7.87079731
-10.95968981,-12.08935913,16.42305148
-11.82858704,-13.54032172,19.20396702
-8.60520038,-8.05396108,12.10561737
19.00123784,-11.87952155,-12.28775077
19.6336607,-14.71482499,-13.50665318
-13.96760512,-14.45452215,19.50298657
-12.19019371,16.23660157,-12.66283953
-16.65083593,19.98619791,-14.50817303
-8.16191225,16.7811827,-14.2138473
-14.57955717,18.46981668,-9.55818821
-13.73386738,-12.28403035,19.13301266
-9.7549003,14.298039,-10.9715293
-13.35966429,15.68005782,-10.27642429
-12.60375777,-11.65370442,19.21969807
-10.30204754,15.8922748,-12.4290259
13.52454281,-9.16896581,-9.29522286
18.32937763,-12.61758362,-15.02320873
-10.06893242,-8.40808353,12.8935296
17.91121116,-15.06368169,-13.95392894
-13.95771546,-9.90549395,18.41104063
-16.14833306,19.54867863,-14.96042156
-12.01690267,-11.31343604,16.2228969
-12.28709112,16.38195468,-13.67793909
-14.30743931,19.46077474,-13.09241014
-10.66918616,-11.26757604,16.39278344
-9.80731694,14.27825086,-11.03085839
18.61805214,-13.7528778,-11.73684694
-15.54451487,18.70160909,-11.17180948
18.83444618,-14.08822828,-16.01426867
-8.43518282,-9.0118641,11.55733092
-12.00471268,-14.60428671,19.92216479
18.28879995,-15.54978731,-12.75279777
15.49714878,-12.48701699,-9.78269754
-11.26295278,15.70732345,-11.49523719
-10.00471151,-9.12316901,13.0967382
19.81760057,-11.90201568,-12.45207189
-7.27296257,-15.42809388,17.96197265
17.73375109,-9.90112531,-14.23236604
-9.7872083,15.00906301,-12.26388559
17.47742856,-13.9111239,-9.34588469
-16.46718211,19.38760702,-9.05275528
-14.8903912,-15.96498068,19.89208147
13.01302438,-9.80754549,-8.12669442
-17.2296836,-14.55570357,19.61625757
16.46810845,-13.29505646,-10.125976
-7.59546225,13.45469243,-10.66557243
19.22340642,-12.3025921,-12.62487108
-11.12369174,-13.19526742,19.77071356
-13.16726927,-10.21076698,17.51151542
-14.41695266,-12.56617506,18.0519465
-14.31154133,18.78395368,-14.73607205
-14.96872847,18.71096229,-12.83360796
-14.67853509,19.10698124,-16.08811803
-13.12953249,-8.43026872,15.66871259
-10.92123752,17.80499311,-12.67359499
-8.94446243,-10.57868921,14.27881849
15.65229312,-8.65221621,-12.17952011
13.29423483,-8.68812597,-11.04404958
-11.52015647,-11.36584643,16.76167091
-12.50734807,16.53513261,-12.57291136
-8.79074441,16.92909936,-13.13753515
19.46620249,-17.41306484,-7.46947215
-12.78465931,19.66907729,-14.27376538
-11.08496321,-11.51602779,16.91442097
15.50980781,-12.25788205,-8.09122412
19.29929596,-9.96413613,-14.2857216
-13.71875427,-11.34315046,18.65135144
-15.01804359,19.24834119,-14.41994092
-14.81591848,-11.34040768,19.75492061
-15.60870568,19.9880929,-16.388263
18.46983756,-14.92332504,-11.2246666
-16.63721298,-16.30871423,19.46143834
-13.48916487,-10.76131266,17.92819286
-9.41242038,11.95597884,-7.11248173
-13.79512853,-7.99346626,16.513968
-12.11823668,-9.85742299,14.69646189
-10.75650239,-9.07569842,14.69060393
19.90792675,-15.98625633,-14.17630566
17.50494899,-13.45608982,-9.42949702
17.49826686,-15.13826558,-14.59570975
-11.53078318,15.24214346,-10.32271386
18.18869719,-14.37057973,-9.5636506
-11.42689535,-16.8234647,19.27134144
16.68079999,-13.40867837,-12.55583219
14.78460514,-9.0374861,-11.43755488
-10.89816894,14.62239787,-12.10198548
19.24497105,-15.99630683,-13.70052274
15.75577575,-10.0861475,-10.10184703
-7.12580011,15.07041352,-12.35579516
17.15244398,-10.91261731,-13.51622127
19.4197547,-14.86848689,-14.69845924
-8.71559646,-15.21774442,17.50467587
-12.82884044,-13.15912449,19.50510235
-11.42149416,-12.85498207,19.81243042
14.48406648,-9.09600787,-11.11998849
-7.83960402,15.19592644,-12.6468302
17.80028214,-11.86792808,-10.93871285
-9.93720761,-11.79997113,15.19647901
-13.07514897,17.32110944,-10.62946807
-12.50823641,-9.96363723,16.81278964
19.70390687,-11.07236911,-16.63488586
17.86456596,-15.4621687,-8.83494854
16.02902594,-12.97072033,-8.39063284
18.9057322,-14.72293024,-8.83283256
-11.87112711,17.45596148,-12.94910631
-10.63355929,-12.06361988,16.36954648
18.27551412,-14.83504651,-11.26565221
-12.80324832,-11.00665803,16.71101368
-10.64623871,14.22889673,-8.71327565
-8.34962597,-12.47948354,15.53235842
-12.84619592,-11.1129738,15.99307641
17.93674789,-14.06357667,-10.1239957
-10.75175523,19.02590811,-13.96021564
-10.70722174,-11.72370234,16.64184476
17.89308352,-9.29576079,-12.99915742
-14.3184942,19.20636963,-11.27745356
16.97653107,-11.53903326,-14.55131746
-14.47021909,-8.64987281,17.78456033
-12.03282724,18.44473427,-11.85739805
-15.39841258,17.99208146,-10.9942376
15.65883401,-9.20576194,-11.56758432
19.22763393,-10.2254197,-16.72291997
-8.89858866,16.55663675,-14.12362789
17.68346198,-9.84961037,-13.7597209
-14.95123474,-17.44330458,19.95382511
19.39096125,-10.09511633,-14.8156282
18.79040065,-9.49159399,-16.50799515
19.75909357,-15.33214659,-15.55359971
18.66266149,-11.27003298,-14.19052192
-11.8097014,14.57801279,-10.90802365
19.15454442,-10.27487309,-13.28816223
-10.44099997,14.71046165,-10.20285479
-7.96823875,-11.11128492,13.85156803
-11.10318371,-13.29923814,19.71255563
16.24561033,-12.81644195,-8.06122051
-9.74195428,-12.14910801,16.93403714
14.58230983,-11.97333271,-12.20190423
16.09304274,-10.90911736,-12.23509939
18.13673683,-12.8786347,-11.98573531
17.22713199,-10.4231632,-13.49881265
-8.47369274,14.10293115,-10.46446534
-11.77428326,19.26683722,-16.7425488
-10.18768131,-13.51162878,18.84922592
-14.47008819,18.85669613,-11.89913223
19.17063498,-13.52867328,-14.94365345
-12.05741235,18.85475941,-15.53240873
-10.84939653,17.55457544,-11.72497598
-10.60512018,-10.25585433,16.03135069
17.36286233,-10.02051571,-13.92924488
18.32135821,-14.75187656,-11.79233547
-15.05388484,19.85355526,-9.39392903
-12.70594958,-8.41114751,15.50262869
-14.65262324,19.6998481,-15.27368155
-15.21397231,19.88276706,-14.01202491
19.5577426,-14.04638706,-13.49145128
-10.92393252,-9.11862731,13.90037272
19.9758272,-15.32818114,-9.96218398
18.96896836,-13.4231654,-14.24093543
15.69025522,-9.77215648,-12.85995051
-16.44908319,-8.2241064,18.67108319
18.92351922,-11.06575349,-14.02547451
-12.74633386,19.51116291,-16.9444824
17.72710549,-13.58344988,-15.47167174
19.79519292,-12.94932052,-14.96930036
-11.62234865,16.11487273,-12.95009383
-14.44373743,19.39488505,-9.78473239
-11.11830416,-13.59773537,17.52605865
-17.2447549,-12.98673251,19.75155509
18.86082717,-15.50191978,-10.10937826
-11.96354265,16.43155555,-10.25049639
-12.41775533,17.61476891,-14.68327157
-10.74786036,19.42874987,-16.65237673
-12.21934756,18.9496703,-16.32806175
18.56064094,-14.45652128,-16.2943092
-10.52829588,-14.9871659,18.18284542
15.03557034,-12.79579723,-11.62896912
19.04200916,-16.2399578,-12.11919848
18.73154853,-10.19099704,-15.01174774
19.61353615,-13.36302363,-12.00899242
-14.76821109,19.64829765,-10.02264662
18.81761631,-12.72359207,-14.47768066
-11.8229613,17.34133847,-11.26483407
-13.66207886,19.08543823,-15.77507421
-8.50882696,-15.02412059,17.98494103
-12.81902916,-12.59031684,19.32827143
16.1509883,-11.91550827,-9.73038837
-15.87873225,19.81404785,-8.77637102
15.46496486,-10.76365376,-9.27087645
19.79977894,-17.32404519,-9.36675828
-15.77275463,18.77076715,-14.85207569
-14.39418858,-12.20005926,18.83979321
18.15396852,-7.40352334,-15.46532739
18.90530621,-14.52826237,-9.37744945
-14.56780003,-16.23615353,19.41457462
-14.10061546,18.24527953,-9.13523264
-12.0492128,-10.01891839,16.13009359
-15.23534915,18.42272948,-10.21819781
14.63679285,-11.27888598,-7.94799638
-11.17259513,15.87136013,-13.12670343
19.91108694,-11.20576639,-16.02406412
-8.74056819,-16.13828548,19.10927806
-11.28983074,-11.20842027,16.93940249
-13.10358113,18.07807279,-11.17158886
-15.41534419,19.14010245,-14.80347728
-13.11307915,-13.28887079,19.70786428
-13.25884284,-15.43477512,18.6601026
-11.80484718,18.47426825,-15.15628784
-14.34354642,17.82294038,-8.91857903
-14.84986862,-8.30173374,18.49098575
-13.72557042,-14.67990608,19.37095385
-12.26811732,-9.5732056,14.47110851
-15.42565887,17.83536824,-10.62979541
15.78436108,-12.2626515,-12.46296768
19.12486265,-13.73951286,-12.62424016
-14.59015223,-11.86602475,19.1432896
15.33277341,-12.09163308,-10.18825127
-13.32491564,18.90248846,-10.74599734
-13.56878889,19.5938115,-16.65255067
-10.74471047,14.17789874,-11.01490489
-15.16772125,17.69310788,-10.9548738
19.76864868,-16.50247464,-13.13046451
-7.83469361,-12.04205491,14.30264632
-16.60759561,-15.08670674,18.87136528
-12.87897018,-11.09738687,17.44028412
15.54314475,-8.22083489,-12.61590341
-14.65063001,18.87446035,-13.44252663
-17.28126744,19.93272641,-11.47923452
-12.9368763,17.55977531,-14.32280457
19.89443597,-12.17023503,-13.17085043
-13.4429283,-10.82152502,19.15832996
-14.00307966,17.56467233,-11.46281599
-13.27115468,16.88512786,-8.69920505
19.87888816,-16.41405857,-12.63095509
-9.01333154,-11.6297421,15.5145814
17.98664339,-14.69680244,-8.22841296
18.65785733,-15.86753879,-11.6481373
18.68218685,-15.11131679,-13.2530509
19.09599871,-9.42169981,-16.74272034
19.51844057,-15.93223798,-9.17881575
-13.47428158,17.11768591,-13.78720362
-11.47923371,15.28507037,-11.59291007
-11.25088921,-12.38403966,17.52208593
-10.43830059,-14.56373689,18.02650783
-11.46383739,-16.10420196,19.04530762
-9.92228607,15.6688742,-10.70476396
-11.48369314,-14.15460144,16.65745142
18.9967246,-13.21496321,-13.82766413
19.84417649,-8.13166747,-17.12462733
-11.93251091,-11.79891214,15.14585674
-11.79609094,-11.83828704,14.93480217
-15.88216379,-14.01573047,18.25740809
-12.80839455,16.35287358,-12.32197238
19.95575659,-11.76998955,-17.29953919
15.83922887,-13.09818203,-11.82229821
-16.61620371,-10.85106657,19.81640482
-9.87859419,12.33809727,-8.07288718
-10.1489413,12.74763415,-9.83795548
-10.74841375,-14.19308316,19.91352864
-12.81669953,16.2584129,-8.0541921
-12.04920864,18.80750723,-14.25090972
-15.86060868,19.67229483,-12.03860778
-9.92046469,-9.06922309,13.94239774
18.79546233,-16.22525066,-9.02165031
-14.72677627,-15.16681115,18.96378335
-10.08753945,15.63004053,-10.16333508
14.54975432,-9.12325206,-11.18849714
16.35474208,-12.9854764,-9.91287341
-12.02266783,-13.03472301,19.22539473
-12.50973729,-10.5870489,15.05682975
-11.98644286,19.43041066,-12.00560675
-10.20334811,-12.04572714,16.80316683
-8.91738478,-12.72441566,15.52810551
-11.73884483,-9.48225008,16.1384519
-10.37210795,-12.09046927,16.10269369
-14.27265052,-10.14229935,19.97746181
-12.4777865,-12.57810314,15.11377099
-11.63027289,-8.16085976,14.88145654
-14.07178282,-15.45699246,18.73144378
-12.4409709,-8.04327593,15.94466791
-10.13742092,16.12701577,-13.10221021
18.99393821,-13.09834687,-16.32842548
-9.00308293,17.59076824,-13.87395582
17.14628736,-13.73445113,-12.17001112
-11.0491815,14.98445598,-11.52995556
19.54774099,-13.29304283,-11.23083488
-11.42658982,17.68661944,-14.96726852
-14.05677964,-13.57990823,17.1197602
-7.44539463,11.25513392,-8.37059273
-12.49014383,18.79318939,-12.79879124
-12.73556932,16.75325635,-13.31554172
18.7377415,-14.07604643,-12.23454438
-10.61372085,-13.92885826,18.08627537
18.97321717,-14.57050435,-15.40655757
-12.81462299,18.79788048,-11.18377872
19.12970669,-16.71874777,-9.56809843
-12.97504581,18.80011162,-14.30841769
19.79286113,-17.56380358,-8.19928737
17.87452305,-9.20364909,-13.87144761
16.70358002,-12.45570857,-11.37207357
-13.3755293,18.53017408,-11.09813603
-10.2709521,-12.44522943,15.6669009
-16.14205852,-11.22647129,18.41187287
-9.91257239,13.02225666,-9.46833832
-16.84137806,19.57906049,-11.14261375
17.9669576,-13.59384364,-15.42803975
-12.28045319,18.63573922,-15.29003822
17.00531189,-11.49239125,-14.24928137
14.77077182,-10.08040539,-10.65345735
-12.19671804,-13.2965803,18.07143399
-14.61419898,17.96070754,-11.15278113
-15.2490304,-12.89477219,17.81810032
-11.33934958,14.44038293,-9.44054007
-11.20193687,-10.4905384,14.1612135
-15.37591804,-14.79263292,19.33487152
17.5628924,-8.10145895,-14.30635131
-10.20026134,16.9969644,-13.09632563
-17.59428843,-16.4754667,19.97929778
-14.11802409,-10.02435752,17.41285934
16.91122209,-9.60851725,-13.4009994
-12.5275143,-13.44878082,18.76719186
-15.06688171,-7.17373126,17.61494166
18.80263208,-16.40041577,-13.04627265
-13.6493769,-11.7373704,17.35983591
-17.68412777,19.94293722,-13.95940155
-9.07991909,12.03616265,-8.57890452
-13.32470084,-15.11755025,18.3002314
-10.54806189,17.77331526,-15.00739613
-9.47430949,-10.05718067,14.89523123
-14.69992564,19.12804576,-11.22496489
-16.83054207,-12.05607872,19.39618512
-10.9683436,16.62774215,-11.45151977
-14.13153652,17.92450847,-15.34948944
-11.64788559,-12.73978639,17.82594136
-9.44237029,-14.68498356,19.2374941
-8.44669535,14.27084118,-11.18780648
-12.84456945,-14.05649267,17.90340837
-9.06436658,17.87208502,-14.50167966
-13.74646895,16.3031748,-7.52313433
-15.77952006,-11.58957997,19.60843164
-9.66735971,-14.86652986,18.38842933
-11.7660073,18.59214356,-12.79730425
-13.14376715,16.56722453,-11.77049616
-10.93570883,-11.96052473,14.92257134
-10.78647907,18.78568167,-14.27407787
19.11107811,-13.11333488,-12.44636753
-11.50589187,17.92006127,-14.92693124
-10.66459633,-11.1910036,17.08928559
-16.13548937,18.39951693,-9.04857766
-12.45642199,-11.57382809,19.02651159
-12.71763917,-9.03275028,15.27774424
18.35120113,-10.52771583,-14.68854179
19.93847606,-14.94072526,-10.18580535
-8.53780652,19.04295666,-15.59244844
-11.34924414,18.07015526,-14.35249767
-12.17796275,-7.19797439,14.94506382
-15.06691842,18.97219374,-11.7351237
19.40616932,-11.71281097,-16.64525659
18.43648383,-12.35867384,-11.9769562
-15.15298882,17.72713031,-9.66886529
-14.00560822,-13.18966918,19.88774029
16.16567778,-13.64660544,-13.44713947
14.18731956,-8.26734927,-11.88118862
-14.89038454,17.4273877,-11.27612554
-9.40005951,-9.07506129,13.54992965
-6.74866366,-13.3825339,15.65470702
-12.10458443,-13.76638371,16.19709788
-13.12944477,-12.98758195,17.69424652
17.428017,-9.50681725,-13.50239228
19.3473505,-14.21517444,-15.74848105
-8.49251694,-13.80136761,16.38506712
16.82921578,-11.06441635,-11.29150171
-12.52436554,19.7175764,-12.94970408
-15.74487967,-12.22474945,19.22945536
-8.8457537,14.31973557,-10.33542862
15.84667139,-13.46983754,-12.48802067
13.50430623,-9.66139168,-9.30866432
18.02597667,-13.53148369,-11.01438533
16.32081465,-11.89870492,-11.13206145
-12.0148495,18.77920938,-13.19147755
18.83329159,-15.39555994,-11.3570987
14.19366193,-10.74330455,-11.49449163
-12.40943913,-14.37889614,18.19450405
-8.11442199,11.28932159,-8.62581216
-12.81524489,-8.4194793,16.41579777
-9.89576908,19.85099721,-16.38535571
-15.67597533,19.78685088,-11.09511112
-14.45514749,17.56854166,-13.1009128
-14.04361311,19.2785833,-13.25451659
17.05680385,-11.51817397,-10.93867188
-15.41004242,19.03336226,-9.7761492
19.83787713,-14.86689205,-16.42459426
15.8228018,-13.58802741,-7.86754157
19.63719976,-12.71303656,-15.55662134
17.34128688,-11.36368651,-15.13116358
-11.74884567,-9.21478065,15.91665125
-15.66920006,19.24307687,-11.5430218
-12.62277063,18.41777272,-11.59046026
16.04464255,-10.93690282,-10.9070076
15.30983248,-11.86958754,-12.4231556
-11.93823302,-15.24804073,19.25912636
-11.64345152,-10.58835331,16.4614656
18.80871785,-15.10483639,-10.63979274
-13.75149511,-15.7268428,19.9785447
-13.88631077,18.73384291,-10.85095806
-8.0282371,11.31965323,-8.0906259
-14.15098267,-16.12342682,18.68980243
-15.09207674,18.72088534,-10.93793059
-12.23880132,-11.92244902,15.01361577
-11.0578561,15.04736164,-10.39878551
-14.19939488,17.85812261,-11.00940141
-8.67723322,-12.5431127,15.049633
-11.45851211,15.09803326,-9.74645366
-12.33837087,-15.11990587,19.96656278
19.86198893,-14.60845821,-9.93380945
-11.69147067,-11.08158287,15.85678992
-8.45281175,-15.78013672,18.90218878
-15.77484748,19.57602303,-9.15049058
-11.48789945,-15.19443686,17.66941236
-14.41303823,-9.02748442,16.80208924
-14.18601176,-11.13053338,17.48076139
-8.8335034,-15.06240888,17.82875176
-11.38419492,-8.87856358,15.1588476
17.17750531,-11.38961889,-14.60167924
-11.43364829,19.67703915,-15.42948693
19.35066923,-16.99244308,-11.28788623
19.36949125,-10.45635211,-16.21903491
-16.71884678,-8.28126755,19.68953226
-11.67232706,-12.72139883,19.70103103
-13.95392302,18.06057528,-9.64066447
-12.82476199,-12.93733875,15.80628679
-8.19853772,-10.08088711,12.69962262
-9.9921084,12.6231045,-7.02708139
-13.31583655,19.86385769,-11.75962834
-8.68185107,19.55304746,-15.46496681
-14.27779202,17.09649184,-10.63041432
14.04481457,-8.89849597,-9.57373251
-15.14026274,-16.18609891,19.24469004
16.89584727,-14.54603199,-14.14859716
-9.78556323,15.10825184,-10.7350395
17.52748404,-14.65888847,-13.25252812
17.88405029,-13.73113043,-11.26583978
14.22932433,-11.06260099,-9.90734115
-13.07982824,19.36437957,-14.28450809
-15.91708653,19.02633376,-16.15068411
19.3432926,-12.97684223,-13.97729115
16.46312773,-12.80822824,-8.18128231
16.87801372,-13.85866596,-9.05412634
-11.73462644,-13.85252785,18.58817382
-15.51992713,18.89930925,-14.7847649
-9.39675112,-13.59327954,16.39585404
19.90365119,-14.35304003,-14.23891193
12.03380978,-8.97193304,-9.6602855
18.51931097,-14.69633326,-11.337732
15.04905705,-11.71974747,-10.75902243
-8.35677939,17.11904852,-14.25064199
16.87899125,-11.32766271,-14.22700455
-13.88788397,-10.03744257,18.82997864
16.7034752,-10.28978564,-12.70995133
-12.53786949,18.28832992,-10.83226027
14.81466925,-11.34151406,-8.01943449
19.29232908,-14.80702706,-14.34085066
-8.52391025,-14.04817869,17.70615565
-7.48958023,-7.88328554,10.49803268
-15.4768157,19.8133015,-9.03760415
19.13904846,-14.22746264,-16.47559429
-14.03765948,-9.77107339,17.52072482
18.30277972,-7.31240107,-15.94115399
-9.73978698,-14.81069723,19.85207241
-10.09835174,-10.35494447,15.86639527
-14.77535911,19.0842303,-16.13699792
15.20126488,-8.66302439,-11.8094974
16.79435083,-13.48941667,-12.47804051
-8.9531028,-15.43461089,18.47875624
19.98561037,-13.30082628,-14.06194627
-16.08325289,-10.95198186,19.8601604
19.31783965,-15.78278506,-14.29999699
17.29017519,-13.87407916,-14.7529453
19.23140168,-15.37944419,-12.103888
-11.10849548,-9.98771243,13.2994927
-14.3313791,17.99776492,-12.22145132
16.73883829,-14.19636908,-12.86387885
19.37706737,-9.05264265,-15.49289898
18.77904022,-12.02868439,-14.56697363
-8.42688061,-12.27880289,16.30789196
-12.8045149,-13.48996445,16.78335635
-12.30322305,-12.04720227,18.86317035
-14.93491973,-6.9863192,17.17677707
-14.05780421,-14.33100297,17.12311559
15.81461528,-13.59492951,-12.67646984
17.74000555,-12.69222828,-11.24840185
17.90549372,-7.92988854,-15.40394427
-9.64385211,16.77203255,-12.84715908
15.26521903,-10.55402182,-9.77917724
17.53528376,-10.28693777,-12.31151943
-14.29596206,19.94161003,-15.29216661
-16.41508415,-11.80287644,19.59915334
-15.87835176,18.91628533,-8.9928928
-14.8416847,-14.58267315,18.72147842
19.53419284,-15.13487988,-11.04541618
12.99267076,-10.36127448,-8.00099905
-12.79952883,-15.60885194,19.27098558
-12.72973591,-13.01449094,17.05785718
19.20215672,-15.98548534,-10.2729672
-12.99111598,-11.34765486,19.2496375
-13.49507645,-11.75758435,18.60960045
-13.24139306,-14.34211915,18.91463281
-11.06457172,14.46944104,-9.70933632
-10.16686176,-13.38865496,16.26998277
15.72595109,-6.99602257,-13.50405877
-13.84676992,16.61983873,-12.10769649
17.62384109,-8.58521907,-14.00736146
-9.84394205,12.92520047,-7.9254932
-16.88195192,-7.61795919,19.84728366
-15.0573213,18.62988219,-12.56180643
-16.77976801,19.55393456,-10.36043673
18.64954891,-14.97358646,-11.57909206
-17.21021466,19.93279353,-10.75926815
-14.12460628,18.39693589,-10.2074406
-11.86753216,18.71584975,-13.66176835
18.09600865,-10.71351665,-14.57979853
16.99192434,-13.84120637,-13.64451806
-10.1368834,15.62935841,-13.14698899
-11.06001053,14.60567512,-10.86635852
17.21897782,-13.23663962,-9.61069777
16.39202018,-13.6187701,-9.30638881
-9.69363507,15.39409026,-12.82997959
17.85106753,-14.83817699,-13.61590068
19.39635925,-16.37933987,-9.89875105
19.47157681,-12.12750881,-13.27337036
15.14726676,-11.88609732,-9.23341231
-9.88212489,-10.81452889,15.45886552
-14.14091185,-13.81684396,18.43805782
17.12107728,-13.35266921,-9.93073236
-12.38004211,-11.04439839,16.81765969
12.74731164,-7.90200347,-9.39398189
-8.8181152,-16.5319798,19.40757426
-11.94744852,15.35415676,-10.44427662
18.3150713,-16.01174432,-6.98357466
-11.25202002,19.83512006,-13.04229556
-15.49147323,19.05697548,-9.00966201
-8.65080335,16.76125615,-13.55308394
19.75388673,-9.5205865,-16.63409348
-16.43618983,19.17102102,-10.12795064
17.77809353,-12.14959465,-12.5251327
19.6844035,-15.14464253,-17.21234505
-9.96249983,-13.7619712,17.60233968
-10.64879562,17.12139872,-14.12955942
14.18969323,-11.90562534,-8.12705903
-12.57768147,17.75677682,-11.5921289
-11.38841986,14.00516352,-9.94235807
-8.88796293,-16.42281397,19.65348966
-15.81277147,17.47777719,-11.65080952
17.84848474,-11.20322326,-15.63074723
-16.76010943,-15.6199307,19.73048481
14.61041554,-12.3448542,-11.05249149
12.39848575,-8.17893888,-10.17745924
-14.91385779,-14.9878453,18.60571372
-10.90849581,18.87747804,-14.66677204
-13.26425906,-8.56517555,16.28066697
-15.83001402,-13.80021284,19.97379547
-12.50455878,-13.97640366,18.68394925
19.33644973,-12.57895176,-15.87739918
-15.72958049,-7.25762166,18.4131031
19.71503714,-14.88226189,-15.06242615
-10.05822478,15.29594569,-12.35272201
17.36267937,-13.76724609,-13.96521193
-10.59743804,19.12886357,-13.52447016
17.99679125,-10.85731348,-13.62586289
-13.49516686,-13.80678557,19.01190711
14.72270134,-9.86563406,-9.98697028
12.81909264,-8.55867649,-10.26021989
-15.03088542,-11.89488261,19.40255345
-14.42402037,-14.37475219,19.15478886
19.8075399,-12.79617696,-13.47219343
18.19524756,-14.73704583,-8.57472288
-11.97651032,-10.45478284,16.90805355
-14.28875222,-15.46281623,18.58801362
-13.56247582,18.38715636,-14.78721151
-13.28952269,15.68241178,-9.23208511
-9.98155732,14.14469964,-11.4409749
16.77514779,-12.16008505,-9.52272733
19.98312583,-14.78843848,-16.96482638
-14.32750733,18.02339722,-8.31803012
-7.4063009,-16.9469146,19.49993702
17.83731788,-13.21154181,-15.26696873
-11.61108762,-15.17416447,19.02972248
17.28952311,-9.78439573,-14.47928524
-12.79250442,-12.03947957,16.45088159
15.43986946,-10.37029779,-12.17370319
-13.31360259,19.40173893,-10.70353159
-10.09768441,17.3108199,-12.61181156
-7.40300335,-13.94424456,16.58159162
-11.16614849,19.65655851,-15.0746437
-7.52021794,-10.95501206,13.83575392
15.85540203,-11.35540106,-10.39496697
-9.90871866,14.56546708,-11.32615089
-14.98968079,18.52732122,-10.41790247
-13.60291975,18.62876391,-9.75232116
-11.71316007,-9.46849812,16.25822715
-13.5950786,17.9277045,-9.99245288
-10.21646389,19.09065234,-15.81419293
-16.10088222,-10.06182278,18.8533054
15.5637952,-12.93804816,-9.85538239
17.09866031,-14.38261846,-11.12491682
-12.77052959,-14.26790559,19.00102528
-10.65969893,-13.84662264,17.16592508
-9.48879797,-11.49889262,16.03011253
-14.42269265,19.07495494,-11.88683225
18.64852046,-13.79343206,-10.07682446
-14.05277574,-14.43736676,19.60475131
18.8587871,-9.0072202,-16.51832972
-13.10625665,-7.52737889,15.88491409
19.47320237,-16.02517057,-12.63515964
-12.27799183,-14.07362205,17.66617157
-11.70256007,-14.76878918,18.07459463
19.57700619,-15.57935413,-10.64917907
-12.34124811,16.87563937,-9.34765492
-11.84354578,14.60765632,-9.25734282
-17.32955505,19.80840995,-9.83391679
17.17368633,-13.98022618,-13.54766294
19.77296483,-8.91650953,-15.93276579
-12.74768464,-13.498617,18.03534393
-9.65899589,12.4852147,-8.09282246
-12.25808272,19.69336033,-13.88278449
-10.04508423,17.53339171,-14.11340527
15.10504463,-7.44323236,-12.30421776
-9.66334942,-13.69773852,17.58008004
-14.04585839,-13.97505251,18.32223472
-14.10966419,-14.58155188,19.24933486
19.96191043,-12.71848434,-16.43078122
-17.0902491,-15.91564883,19.31817077
16.71654928,-12.18498623,-13.10639091
-8.81874075,-7.95137347,12.00583461
18.40314565,-15.98926368,-13.89390158
18.97057744,-13.8555938,-10.99654108
18.2750558,-13.12027307,-10.92485258
-16.24763965,18.54471078,-9.9014907
-16.0596432,-16.45627372,19.80980366
-7.90650209,-16.48072994,18.93235896
-13.75842471,-13.46713314,17.89503664
19.60426496,-13.55620691,-16.85646086
15.45877387,-11.66624036,-11.40193132
-9.7166588,18.60505427,-15.93712366
-14.54139158,-16.28705293,19.59970337
16.63065556,-13.72649651,-7.32444873
-9.58110086,-12.97749079,17.8866581
-11.70354595,-8.20076254,14.16835624
-16.24056592,-14.17528723,19.4014037
-10.2847418,-12.86072159,16.35936333
-10.85888736,14.31305434,-8.26802527
-10.58173873,-11.74588623,14.07640955
19.11952111,-15.9240084,-12.67407198
-8.9165443,11.70405207,-8.54617536
-15.48535752,-9.73099016,19.1356568
-13.00371207,-15.62650571,19.62709462
13.55721644,-9.28538786,-11.02715629
-13.72740006,-17.34628938,19.9799928
-13.09897069,-8.46953644,16.60001327
-11.73787144,-13.865059,18.51230527
-7.71772067,-13.52859877,16.81771826
-9.84573361,17.12257107,-14.66690444
16.28000597,-13.34351049,-13.11775205
-12.35067749,-11.72740169,19.17432664
16.49570833,-11.31189578,-9.83910884
17.95430678,-9.22804947,-14.52604016
-9.39595,-16.14228194,18.48215594
19.18281222,-15.50486408,-15.07506771
-8.15673636,12.97193449,-9.74083558
-12.20466793,-11.34315356,15.97224791
-10.00944712,-15.13913541,18.08092503
-7.27003611,17.40219643,-14.98432224
-8.94660677,-9.37857526,13.10169532
-14.58281302,-13.89829607,18.31596628
-10.39737761,-13.12722358,16.99844549
18.22682453,-13.95289994,-13.57757785
19.71764294,-7.56599146,-16.95452546
-11.88006645,18.50856551,-13.57249736
-8.34602898,17.36765329,-14.18656648
-8.58760987,-16.15952106,19.03472598
-12.1345801,-17.0179994,19.86211277
12.96119436,-8.99577483,-8.64836454
10.93414637,-8.05455005,-8.43543309
19.85247938,-15.96438061,-14.82700837
16.48592157,-10.92402656,-13.07025986
-7.77619072,11.93401161,-8.74084862
15.8381811,-9.90946608,-12.45467922
-9.70355002,17.43357207,-14.68361564
-12.05811878,-15.13365678,19.7904042
-14.48775347,-9.0241044,17.86163232
18.4287971,-13.57467761,-12.29526941
-14.93921196,17.9807058,-13.72238349
15.41357803,-12.18437301,-12.54712798
15.77097143,-9.47471268,-11.98882134
19.65316301,-10.4295556,-16.41690641
-7.46496729,-7.19113313,10.20645478
-8.74136357,-13.61732532,16.13725421
19.39781118,-17.334483,-10.82320785
-15.5067788,-10.86961114,19.15203741
17.15577636,-10.86650702,-13.08745988
-15.20571037,18.76857734,-16.32241468
-12.61157813,16.24091619,-12.77072318
-14.99107081,18.91953176,-9.26994991
-9.76277778,12.42714172,-9.38088379
-8.95731522,-12.62785393,16.84420178
-16.02486832,19.82074421,-16.86915467
-13.07171577,18.38774799,-13.41426496
-14.26392309,16.48081025,-8.04350734
-11.19864784,-15.31725931,19.45554868
-15.14703754,19.43213074,-9.83048735
19.52183258,-9.06064261,-16.72485767
-11.21712961,14.36256082,-9.93154777
19.7673556,-12.93662144,-15.26524113
-12.49961572,15.72595374,-7.63695043
-9.7126991,-13.38117611,17.31494383
-12.01503771,17.67706357,-14.82268262
-11.099375,16.78148179,-10.22005381
19.59860715,-13.58657068,-13.43803238
-14.25030657,-10.60571548,17.20665465
-16.3876787,18.59743217,-14.10425663
-10.88106832,-7.09877401,13.49183354
16.61975308,-7.62970023,-13.49015034
19.20596188,-12.9079425,-11.85924354
17.21754483,-13.59426939,-12.38479124
18.85846032,-10.57518704,-14.07150721
-10.43763339,18.967801,-13.67686389
-13.65146722,19.08721206,-9.89022267
12.5839303,-9.62125093,-8.13066426
16.17733293,-13.54363917,-7.43346719
18.94742216,-11.57508977,-15.34744898
-8.05813679,-13.46193569,16.93377035
-9.63127654,-9.8967139,14.91903655
-7.33110021,12.06083499,-9.81373265
19.48052929,-14.9674524,-11.06328278
-10.52763081,-11.06033142,14.19313051
-11.11530141,17.35537942,-14.31662478
-14.64375649,-16.38613552,19.37243395
-13.08928298,-8.84804202,17.16115508
-14.83525033,18.26554861,-10.91910607
-10.50886158,-15.7650778,18.67479868
-10.53572896,-7.58747182,13.686196
19.49922349,-13.60466673,-13.32737303
-14.99547031,-7.23263511,17.50356345
17.50056604,-8.62186582,-14.43920995
18.75964897,-12.94788664,-11.24859519
-15.455017,17.70778611,-11.15187165
14.56535211,-11.25430836,-10.5415505
-11.87621214,-12.50235275,15.63660805
-13.99011394,-11.81848432,18.0183525
10.86490284,-8.53754029,-7.8448729
-7.42137404,12.37597093,-10.1567809
-15.60104648,-11.38195729,18.46868325
-13.87440798,16.24651802,-11.07041553
-13.74990793,-12.0518945,18.87714323
-7.70336615,-12.3201252,14.93863594
-11.3653909,-10.87096954,17.62249916
-15.5294971,19.54403839,-14.7840747
-12.98581877,-8.26834367,15.4397375
18.31819637,-13.40774171,-15.49436615
18.80473854,-14.19989944,-15.00793146
-11.8363999,16.92468487,-13.65097206
-10.90940591,-13.46362971,16.05296209
16.3026844,-8.21402489,-13.70526821
-10.95871143,-11.63708257,17.4157272
-10.18239157,-13.16929943,18.46600689
-13.2108395,18.55729128,-16.5247738
19.44947007,-15.86395147,-16.02986195
-14.30007569,19.55310152,-11.04548055
-15.19567117,-10.58008225,19.38755402
-9.64527575,13.11581276,-8.94543226
19.7368398,-13.91864254,-14.75524758
-15.29186972,19.94621453,-11.71794561
18.78189237,-16.06079092,-7.54994967
18.92357455,-14.80393119,-15.92415492
-11.74769783,-12.10737242,17.07761428
-15.5320394,-7.99077155,19.03948693
18.32028504,-11.26781009,-13.47517926
19.60958015,-15.44635654,-13.24310375
12.90332431,-9.07316797,-9.04247566
19.65965709,-14.89782326,-16.68473993
18.9622339,-7.09204816,-16.62977541
18.04089255,-14.91214241,-7.78844604
17.48842065,-14.56815083,-11.58022782
-11.05508287,19.41513808,-16.3829047
-13.89448634,-12.49539678,17.50026928
17.42393776,-14.60873938,-12.99698875
19.83246421,-16.79013462,-9.76147262
19.46768763,-12.52017148,-12.05978488
-12.18091237,16.78637059,-11.73460954
-13.20633061,-13.87733546,19.00879799
-7.36897057,-8.86354751,11.45690971
-13.63209131,19.71266946,-13.12469149
-13.72542432,17.26354055,-13.99080199
18.95733338,-13.49135407,-11.11965429
-11.85570345,-16.0964376,19.51221104
-15.13879306,-12.84679801,19.82926997
-10.42974683,18.70580625,-15.17635031
-7.85079645,16.54649248,-14.1779038
17.16724476,-7.68244366,-14.22465032
17.71832078,-13.87596384,-8.83958901
15.0574606,-11.26760783,-9.47631182
-10.52910741,16.88924422,-11.06494471
17.79764874,-11.15017507,-13.8191228
-10.46052589,-11.24646477,13.50436501
17.28144799,-13.55002132,-10.80622078
14.66660778,-9.68517844,-9.58090662
-12.02627971,14.59047185,-8.36495784
-10.65301073,-10.72553944,13.44075674
-16.63871229,-16.68103385,19.80332387
-10.24515605,15.65538789,-11.45927068
-12.18332326,19.7415519,-13.74022229
19.51258963,-12.47684273,-14.01377538
-7.73388908,13.94807087,-11.42899128
-13.86457775,-10.96106371,19.59047169
19.50045169,-15.4937994,-16.0019608
-12.2441243,18.63187601,-14.64452136
-14.07365925,-13.17468651,19.39325538
-8.71973344,14.52051919,-11.94950573
-14.04072423,-15.84640617,18.08872127
-13.04863834,19.76732252,-17.25571187
-12.19170058,-14.81603674,19.15327363
-14.91912391,19.08774969,-14.39386963
-11.80032268,14.27306186,-10.1477138
-12.02904386,16.22628471,-9.02720036
18.08514707,-10.47274195,-12.2081735
-9.24559507,-12.74862483,16.25049214
-16.81283858,-10.95013295,19.94280853
-14.82070225,-14.18205693,17.89201597
-13.98773821,-11.5519953,18.43764386
-10.64842999,-13.43619267,16.49151228
-16.91783809,-9.27309642,19.78843672
-13.44998451,19.57932821,-15.4535902
-13.58266107,-12.29421814,18.13673165
-12.86893519,19.00288196,-11.64423475
-12.12134814,-10.21100846,16.27253786
-10.11301648,17.82611227,-13.76595315
-9.5246446,-9.82556591,13.96321798
-9.13460336,14.27923063,-11.62032294
-10.6893081,-12.40260326,15.58167689
-8.97783147,-13.62282231,16.89640573
19.87970419,-10.98787012,-19.42060542
18.37286325,-12.38127699,-15.84870339
-12.99850777,18.08286743,-15.8015869
-16.66104524,-8.24880115,19.84912155
-8.1414323,14.64540865,-11.5030645
-15.65291356,18.80092193,-12.11925182
17.22378885,-12.14044251,-10.93983075
-9.79035056,-12.63125788,16.58054993
-13.33066456,16.36563021,-7.43288852
15.09725498,-9.07036294,-11.54974497
-16.54992239,-12.14982899,19.41689876
-15.62299324,19.6622002,-8.87817421
16.39416407,-12.1509629,-9.76490525
-13.75311174,19.73272306,-16.30365552
-10.55908372,13.23706039,-10.13631497
15.63029744,-10.14745973,-13.19442466
-13.27756349,19.59051661,-16.13456865
-9.87455763,16.67933076,-11.72418766
-12.60417529,-12.88196098,17.60377495
19.24777472,-14.52235267,-12.89720154
-13.23750882,18.06272171,-11.79267499
19.95850449,-10.02821532,-14.4889314
17.93614393,-12.87737718,-12.09809012
-14.96247994,-14.89050976,19.80708217
-8.51327261,14.7060964,-10.61216049
-13.91903951,-13.05167409,16.83354375
19.51069334,-16.34895099,-12.84039267
-13.4388931,-16.0256027,18.40690273
-12.48454192,19.31977406,-11.76440198
-16.66950427,-15.35050766,19.61244566
-15.68271134,-9.29430451,19.02649086
17.60560583,-11.17690892,-13.00900892
-12.44923955,-14.9979063,18.17773242
-9.51751648,18.10588314,-14.08839099
-14.05134887,-8.18766446,16.88318493
-12.00048205,19.95060203,-14.95193731
-11.08802002,-16.33918299,17.22834735
-7.93645228,11.88326382,-8.77919722
19.66366167,-12.56572834,-11.94367284
19.28502285,-13.38088855,-11.74299099
-7.40880802,10.79986116,-8.12562185
19.19982205,-16.85183915,-16.52164472
16.9132594,-10.01684603,-12.0738728
-8.4766412,15.69427644,-12.82925462
-12.34176023,-11.90166834,18.81223165
-12.08900458,-14.42644274,17.86175546
18.11970835,-12.54415651,-13.88176376
17.95704276,-11.32706457,-11.43331341
-16.95081894,-14.06587893,19.62103787
-9.13770259,-9.08229078,11.53273963
15.23173626,-11.97670931,-12.94851466
-14.37189033,18.92217358,-10.51019022
-8.08668115,-11.07034917,14.01297822
-10.80318883,-12.36366934,17.10523457
-11.63349209,16.60714035,-13.98947431
-14.80685209,18.235323,-11.0596257
-8.42180515,11.56941339,-8.80027271
-10.49501216,-16.1233459,18.63185166
-16.89728204,19.92402078,-8.23382547
-9.17272869,-13.9682962,17.37383456
18.37154996,-11.15657748,-14.59251787
18.93140401,-12.34443925,-12.97490347
17.95481056,-10.9851247,-12.68309843
19.41804949,-14.84823779,-14.0696052
19.720087,-15.79407292,-15.30071951
-11.65412617,-12.17627218,15.22405285
19.21939411,-10.37855474,-16.11008718
-12.13461184,-13.75136939,17.13017827
-15.13836202,18.30214934,-10.20569733
19.9704248,-16.85832497,-13.88119044
-10.32521512,-12.95953947,16.58532638
-14.98022329,-12.11484832,19.40772674
-11.48280447,17.61908256,-11.81151523
-15.71530848,19.79482691,-15.03181745
17.28316832,-10.59758127,-14.28225458
-13.55493662,-10.07530071,18.80760894
-9.78706965,18.78161305,-14.11933491
-12.75380679,19.94301365,-12.42960112
-12.03476761,14.47838128,-7.96636697
17.47905599,-11.58076985,-14.0038774
-8.63759247,-7.76549407,11.02206777
16.32631276,-12.37963209,-10.87996149
-14.3622377,-12.34542489,17.77313683
-14.46003004,-15.85610149,19.83095394
-10.91084589,-12.16799546,15.1424025
-8.98437364,17.29608888,-14.25034614
17.97501384,-8.53825574,-14.37282645
14.87441904,-8.84918481,-12.23155157
18.37006671,-7.59717541,-15.32063967
-13.56541947,-8.72573147,16.24512879
-15.35845045,-14.66850185,19.56173334
12.61786316,-8.80464144,-9.24424496
-15.32244715,-12.26038379,19.59561823
17.13927388,-14.52881106,-12.04494438
-15.16282317,17.61328768,-8.4177692
-9.61799628,-15.74952322,19.37666819
-14.14573303,-15.19546229,19.51439278
-15.49723228,18.47049713,-13.50491454
-15.00204203,-11.63035183,18.7596168
-8.39613027,-11.3258078,13.64898322
-14.24628921,19.84532043,-14.21550599
-10.07031844,-10.60511414,14.23891212
-15.01913599,-11.1940113,17.88788849
19.89756589,-13.66106084,-10.83109231
-14.03027399,-14.75814421,18.93831258
-15.18356446,18.41619508,-10.4119467
-15.61590845,-8.92502173,18.05348386
-14.40765851,-10.19117693,16.68683389
-14.62831512,-8.37988914,17.85683827
15.5101819,-12.20314884,-10.35697182
-15.51265708,18.49475566,-13.61920573
-16.06263721,-9.9255022,18.35446296
-15.81157615,19.05818699,-7.78681409
18.03814793,-11.36468528,-12.09301691
19.06196698,-10.48996176,-14.16150815
19.29817926,-9.79438139,-14.21354412
19.83107837,-15.73904261,-15.52845069
18.06133291,-10.19296024,-15.78270011
18.49056065,-11.68919928,-15.16237542
-16.9519196,19.78144382,-12.60068408
-10.77580091,14.88942933,-8.94927743
17.21375017,-10.44256899,-11.58531481
-8.49404903,-16.12678215,19.42118407
18.53361078,-14.39601318,-10.4290534
-9.14183351,-16.94672592,19.29316377
19.19635082,-11.50153385,-16.96656283
18.94836391,-13.90199546,-16.26902801
-14.81799228,17.36446168,-8.4088406
-9.05785641,-7.63043805,11.57685618
-7.38618791,17.68252761,-14.83654882
-8.17697405,19.08221054,-16.26253851
19.50284647,-16.36451443,-12.48695365
-16.41414149,-16.09243933,19.2654486
-10.92568454,17.24842847,-13.48090104
18.66719793,-15.73514528,-12.76389353
-16.08746717,-9.69512804,19.69489221
-15.10090034,18.77525384,-9.32746967
-8.70548307,17.02858578,-14.02354731
18.79492052,-15.43261216,-9.41062932
-14.00853113,17.24914535,-11.963575
-12.63440128,-8.55282821,15.51623657
18.08412171,-12.91194772,-10.61187624
-9.26498988,-10.49184933,14.28997837
18.30878937,-14.32179101,-10.75588405
-11.96132437,-10.7676991,15.09573418
13.24194266,-7.07058442,-10.72660303
-15.60557878,19.27574464,-12.543563
-15.23110918,-14.04604697,17.5997598
18.93363485,-12.44156844,-11.8223878
-14.46508652,19.35061897,-16.55231918
-11.7973813,17.08155065,-12.46029404
-9.5901724,17.94664016,-14.09863594
15.11332658,-11.04392873,-10.64682894
-15.91608374,19.07107731,-7.81397439
14.41807154,-11.90574601,-10.96465901
-13.88246695,-13.84840675,17.91607091
-8.11844707,-15.7457666,19.40908637
-11.80940814,18.33617527,-11.56726058
-10.30850836,13.49718297,-10.49507712
18.66993262,-14.63189765,-9.82356276
-12.94921131,18.12534994,-10.7173271
-10.62486598,-10.064943,16.23467924
19.33989879,-15.44710675,-15.95218618
-7.55401138,-15.91820159,18.9671082
-17.32407284,-13.95367962,19.66623479
17.85339366,-11.29244236,-11.36542661
-14.43118732,18.01626226,-12.95735694
-10.90299743,18.71733417,-15.91175099
-14.69240919,-14.00769095,18.30683356
19.37430279,-14.94053102,-9.52851771
17.99727704,-11.34182321,-13.30278378
19.09923018,-7.99821706,-16.35744693
17.20174035,-11.19662721,-11.28998625
16.55893894,-12.5817448,-13.75356097
-12.98820052,16.92964889,-9.81131609
-15.27608774,-16.56558609,19.36167421
18.28248544,-15.31375093,-10.66028685
-10.24851748,-13.73797473,19.14167316
-15.54286882,-8.72755658,19.17814818
-9.84124717,12.52467722,-9.82893698
-9.46731694,-14.71555501,17.87389002
17.39179763,-9.59314695,-14.53161743
14.91959671,-8.7892669,-11.44527863
18.01136003,-9.15851926,-13.79799987
18.27924567,-12.13112865,-14.15302911
-11.59481629,-14.55945884,18.34776262
-13.20748136,-13.35355158,19.70179777
15.5885907,-10.75346185,-11.77407102
19.73117587,-15.81577379,-11.64057965
-14.17057696,19.93985984,-17.67012819
-11.36797919,15.76116478,-11.34871531
-13.15594362,19.90051812,-17.142374
-13.51674747,18.9098077,-11.54677691
-9.48251545,16.0753425,-12.73899963
-9.10793722,12.9262289,-10.113731
17.90790057,-12.88974611,-10.9399835
18.55135395,-9.83931973,-14.03373196
16.10550892,-12.97427761,-12.81306838
-10.4982203,13.32241774,-7.95082778
-12.26312714,17.66045843,-13.0582626
-10.16390776,17.47647543,-13.41757136
-15.4378058,-11.30417428,18.15100394
-12.00392479,18.49304944,-11.64525034
-16.53591095,19.29965857,-11.86774569
-9.77785096,12.89395745,-9.30208721
-13.72694675,-11.93778914,19.21895173
-14.51323118,-9.15877947,17.63482316
-11.89291641,18.20174099,-15.10097046
-11.24867039,16.51020473,-12.55820622
-8.70917989,-13.64603548,16.66071872
18.24590281,-14.88363032,-12.31596787
16.29644651,-8.14530815,-12.77956332
-8.89806955,-11.01992471,13.66848053
18.24769557,-12.173955,-12.09934704
19.05057034,-15.5261904,-9.28679811
12.94739222,-9.8127322,-9.09777627
-13.30455021,17.98661916,-10.20241151
-11.42952498,14.99947051,-9.32245702
19.2055606,-16.81550929,-14.79060375
13.71739634,-11.4849635,-7.38333807
-8.47827952,-13.40157267,17.19035055
18.83799354,-15.65870987,-11.06725986
-10.51018579,16.81570516,-12.69710699
-15.30806698,19.738947,-16.42632629
-12.30459135,-10.09405272,17.00908028
-11.55767422,17.18650141,-11.14676788
-8.00591641,-11.77715701,14.55526702
-11.57374759,16.91774028,-13.31901711
-16.25954311,19.7694922,-10.80106638
-14.13748728,18.72468798,-14.92142491
-14.05131079,19.28997324,-9.64454415
-11.64409817,15.63560449,-10.26897514
-9.08485254,17.80499473,-13.37843366
-9.42111337,15.73774849,-11.51320627
-10.24783702,19.98189994,-15.06972376
-12.94487175,-14.91474258,18.55599777
-12.77555197,-8.71576848,15.59049614
17.85057846,-14.87917102,-12.83375298
16.42109356,-12.78104249,-13.05318467
18.02034614,-15.68664593,-13.20067903
-16.51731212,-10.77185549,19.41857543
-12.07679499,15.63071192,-11.22233162
19.38168489,-14.87263489,-14.50799526
-12.3898194,16.33271756,-9.22463689
-12.15120377,-11.51763378,15.65580342
-13.57977498,-13.07183982,18.79878125
-14.53005655,-15.19915779,17.47392528
13.51627105,-8.85886825,-9.22841614
-13.98838483,19.32954029,-15.27511263
-9.17574574,-13.12657175,16.934628
-10.01138618,18.72961611,-14.7672325
-13.21063699,15.83344208,-12.09629646
-15.54528281,18.47535869,-11.19726972
15.97434864,-12.64005109,-11.54099951
18.14877187,-15.17405394,-13.34742673
-11.55152394,15.11178331,-8.60488252
-10.72622504,16.62506075,-13.02625801
-11.6878621,18.90237349,-15.17766452
-14.53936228,-16.56093563,19.90438753
-14.7327673,-10.38487023,19.36728675
18.79950232,-14.12055703,-10.56071621
-8.22903447,14.25144211,-11.41007881
-15.90250529,-16.77393665,19.89140697
-14.42748958,-14.18292287,18.92530768
-9.91821011,12.48263335,-7.3427035
15.18339088,-6.78816824,-12.97266374
-10.84400213,-11.57824419,17.66236505
-10.12611705,-12.71269214,18.36968436
-10.12728961,13.01960879,-8.14165039
-13.38320491,16.53820432,-10.23419703
17.17954086,-12.77285485,-12.71005164
18.7530617,-15.31854304,-11.66998542
-14.67464089,19.04696792,-11.15308802
16.03720479,-13.23173756,-8.79530619
-13.12661622,18.06263946,-13.29837014
-11.08783235,-14.18400315,19.06984565
-14.92485015,18.53244915,-13.66553931
16.62561118,-11.71053242,-10.00071221
-13.03009045,-8.38018466,16.35851641
-12.87608399,-8.68391052,17.16286163
18.11831422,-13.37253672,-13.60375287
17.89813184,-11.80279109,-13.69055438
-8.41849057,-8.32630928,11.00726268
-13.55964438,-11.24834104,18.01722736
-13.60063753,17.58930485,-12.46653158
-12.37043777,18.95604955,-12.43179173
-9.39573884,19.35138676,-15.09684897
-16.84812827,-17.04359394,19.72494482
-9.94350258,-13.8254066,16.63563668
-8.02108128,16.58936249,-13.90402569
16.22259239,-13.25433767,-7.86011489
-13.17361064,19.1686457,-12.89711847
-15.5276467,19.72668629,-9.26705967
-11.57728533,-9.39523908,14.99115578
-15.33185381,-16.01215025,19.66891582
16.90789878,-14.15868114,-13.51554193
-12.79476744,15.79090217,-11.4101095
-8.4945207,12.46427547,-9.74786502
-8.61886616,-11.25987557,14.11263178
-12.37602194,19.41760329,-13.72214367
-12.95724493,-14.68683203,17.5783564
-11.42980918,17.96889025,-12.62361473
-9.52685585,-11.52596485,16.11084919
-10.54599199,-14.66859235,19.26970552
17.19111818,-10.40101747,-11.24146753
-9.54259146,12.41540212,-7.57562976
17.9817463,-15.63754794,-9.25592769
-14.77751974,-11.10368931,17.58326627
-10.20803802,-12.78347646,18.30636698
-6.94461313,17.50898725,-15.74461882
-13.05249681,-13.12278811,17.91425808
19.87551552,-11.36821953,-15.72821529
-11.48469944,15.74390947,-12.30457371
-10.88060173,-10.60871085,13.54295956
-10.15728441,-16.52366094,18.9510758
-13.85671122,17.39170694,-9.7609583
-13.93453452,17.93626778,-11.07821833
16.18540202,-8.49660093,-12.37429474
-12.18189623,-11.57112641,16.27296912
-16.35172638,-8.51806524,19.60916908
-15.92356129,-13.58050815,18.8065386
19.80027411,-13.12377468,-14.81620024
-15.13227278,19.69104003,-13.11907464
-10.14433639,15.03466284,-12.55208738
19.10704726,-11.70878511,-13.19285886
19.29701421,-15.32903503,-12.74478689
19.80813084,-11.31681082,-13.35673722
18.16576602,-14.15029766,-12.90296242
-7.20806626,-13.81079088,16.33700475
-8.78527407,-14.9245083,18.92515188
-15.72661113,19.93460463,-16.1576119
-13.37048223,16.32228862,-12.70540883
-8.15606496,-13.4315427,17.16622538
-11.63545339,-11.6366124,15.50000209
-14.28347864,-12.3890135,17.43919493
-9.68295691,12.85786466,-9.52027875
-14.93557717,-14.3143073,18.69515294
-12.560296,18.17473881,-11.89886017
15.08547675,-10.52571901,-11.19494382
-10.08305016,14.35322451,-10.35187969
-17.61444838,-10.59067828,19.9526665
18.75939267,-15.48765686,-14.08887867
-10.83867167,13.69518239,-7.99464513
-11.57918251,16.98051917,-13.26405936
19.39530717,-13.86849616,-14.83914235
-9.22211071,11.79197773,-8.14486013
18.77619428,-12.12425738,-14.54589231
-13.9604147,-8.50515954,16.38991712
19.75830497,-12.62394434,-16.02836699
-8.92836132,11.56161028,-8.93527396
-10.69696936,13.28307508,-9.78068751
-11.51901025,-13.38902566,16.57967312
18.67722344,-14.73771728,-10.19643555
-14.91590591,19.93908106,-12.72988634
-16.21761537,-15.65081643,19.95068539
-13.70836616,-12.83522483,19.43425835
17.10456769,-14.45358816,-13.56681074
-10.2376701,-10.75949902,16.24141854
-12.14221974,-9.63268252,15.72600748
-11.22520191,-12.52003626,18.05501928
-14.61565971,19.56604369,-17.15472113
17.45768815,-15.02337307,-7.6973953
17.80686254,-11.23487056,-13.67249435
-15.97193809,-9.03137329,18.45430167
-11.98229879,-12.05477938,19.34994508
18.63710134,-13.3964701,-15.66529529
17.62172168,-13.21939424,-13.98587772
18.10643524,-13.90792889,-14.59348385
15.86708932,-11.99375599,-12.53524602
-12.39601489,-11.30779061,16.43439015
-12.12849102,16.86912862,-11.8025663
-9.67244072,13.529407,-9.35266246
19.94185611,-17.64936985,-12.87772956
17.87407645,-10.87823253,-12.40250927
-11.16369169,-12.40390793,14.87709011
-9.87474226,-12.90386344,17.85539914
16.32777903,-11.45020309,-13.62232596
-8.56337441,18.53123702,-16.13475409
-10.45576524,-14.45784274,19.67684468
17.6107418,-11.32093657,-14.91381648
-16.47558118,-13.64842434,18.80322053
18.68524139,-15.37631432,-10.97135712
-13.69756495,17.35697848,-12.89310551
-11.93761497,-8.10134576,14.78634506
-13.59855775,-10.95107145,18.91086552
17.60826645,-10.79125117,-14.69554014
-9.02505466,-10.91849179,13.51031616
-17.15135185,-10.81575069,19.96788013
-7.15720085,19.04830234,-16.51311642
-12.25613047,18.33389329,-15.17496828
-15.41807019,-11.86404441,17.9268354
-9.54192107,-15.09139349,18.99500019
-9.87746364,-9.38676799,14.59297442
19.7230687,-11.44341674,-16.95819952
19.64587972,-12.11025734,-13.1985813
17.15662755,-10.40151752,-13.90700018
-13.98967417,16.42047553,-10.7823032
-10.76702894,-13.50101564,17.67913855
-12.78127602,16.19372567,-13.91516075
16.78203834,-13.01568846,-11.37213398
-14.08549413,-9.82779187,17.21950948
16.46441653,-11.75974183,-11.61392866
14.73139893,-10.46484883,-9.05984352
-13.27075302,17.85814548,-13.06194975
18.75847215,-16.17717108,-16.20917924
-10.89803314,-11.62834153,18.10397259
18.04631173,-11.49485068,-13.79945917
-12.29327509,15.19606066,-9.80181971
16.96160731,-9.7996868,-13.47896906
-7.81509848,-9.87827516,12.98022372
19.06133059,-14.63689305,-13.93353134
-9.804918,-13.1484726,18.15387418
-12.81688386,17.15184951,-9.40070935
-9.36609601,-12.14246255,14.50472258
-8.37897842,14.45450255,-10.71949811
18.43717624,-14.47357234,-11.4663758
-16.88716116,-11.17967929,19.52231086
-8.89991923,16.36845695,-13.92127115
-11.58685439,-12.17349573,17.731283
-13.77841219,-9.57168479,18.38092643
-8.55460513,-15.87338752,19.24141054
-15.06161434,-11.72488098,17.83191684
19.62204913,-14.34801585,-13.3335991
-15.25748645,-11.40767854,17.99436488
-10.83935763,-11.38407796,16.01053248
-7.14684533,16.61979439,-13.86893364
-9.82312786,-13.79443887,18.97210588
-10.8276899,-9.8327121,13.10361363
-8.69456354,-15.61465424,19.72998915
-7.66099065,-16.29460537,18.56584016
-10.49805369,13.13913983,-9.46493419
18.09301245,-11.12435961,-12.92489218
17.1314129,-12.54058456,-13.45938155
-12.33928985,-11.32066231,17.95558499
-9.40996541,-15.14827074,18.89795367
-12.17328968,17.36265187,-11.48739619
14.47329595,-8.58169892,-11.04281977
-14.62301499,-6.72558428,16.8334826
-8.9147898,-11.78450821,16.02927895
-13.40881117,17.88999219,-11.85308414
17.6798592,-14.98092142,-14.77364151
-9.71556116,-11.61004978,16.21282816
-8.52919988,18.30763307,-15.50552326
-13.45756993,-11.29275449,17.29360686
-7.57322686,-15.30779954,18.43123996
-12.84908019,17.09865596,-10.04086184
-11.7889015,-12.51697084,16.89708762
-11.62819808,-8.10442797,13.94623964
-10.84474669,-16.79133398,19.68478294
12.22669532,-9.94199163,-9.21083243
-14.89268319,-11.07680977,19.17266972
-7.95413386,-13.21484678,16.20382532
-12.02170003,14.86129098,-10.73878961
-12.41302282,15.38585452,-10.96382912
-15.9222255,18.64710732,-12.02069179
17.94038174,-13.26108067,-15.13898563
-15.48393152,-17.04620889,19.88977415
-9.18938456,-16.08588945,17.97153465
-12.07746632,-10.12142863,16.30609966
-12.38045007,-7.95760012,15.1348138
-13.82953621,-14.71789438,19.02185764
19.93236225,-11.5290124,-15.16828005
-12.86425959,19.40217932,-12.56401361
15.24547271,-12.16721957,-11.98825204
-14.91478853,17.28118829,-14.38238264
19.32699969,-10.01281963,-14.75139601
-10.99797151,-12.23354712,15.96433116
-13.17941891,-13.76841855,17.59006618
15.55128609,-10.56232959,-10.9077023
12.95432267,-10.27413911,-9.23376615
-12.63410019,-10.17801816,15.31359049
-13.02876706,18.01730766,-13.95544124
-12.75959238,19.73060927,-13.44274592
-12.62189866,16.98705711,-13.71011341
-11.35879941,15.48188526,-9.01698266
-14.50381222,-9.37633184,17.91041437
-15.68635653,-15.66934159,19.32497734
-8.17245116,-14.59475429,17.25588612
-13.05263521,-15.37851929,19.66702152
-10.77912203,-14.83034506,17.42548927
-11.92373745,17.73981804,-11.85116539
-7.553045,-8.92002186,11.99219388
-12.92534253,18.37928913,-10.30521421
15.54363848,-13.04933721,-12.81086764
-9.42888555,-10.76753828,14.47674914
-14.7064734,-9.480007,18.61085196
-8.14424536,-16.39673248,19.1472091
-12.22708423,16.72187783,-11.32231188
19.32661455,-12.66363908,-12.45384545
-14.05772076,17.23498039,-12.87896153
-9.14317047,15.19456251,-12.22193306
-9.87172844,18.39736675,-16.0386752
-11.09174061,15.75763845,-13.422055
-7.85974561,-12.32594885,14.68103171
-13.17878817,-10.29849333,18.75297874
-13.70136101,-12.37629056,17.85765225
19.92488375,-15.56698044,-15.50440103
-11.70553198,16.08866781,-11.66949244
16.79086654,-11.53613057,-12.07849705
-13.4728777,-10.77927743,18.33049912
-13.18146822,19.7462248,-15.90013602
-10.90446936,-14.88298341,19.48894699
-15.23329607,18.10863611,-12.47393273
-13.37268368,-15.85507766,19.71901466
-11.99217954,-9.62227858,16.50554086
-10.47681132,16.16454506,-12.04228014
-12.18039086,-14.93175778,19.42167615
-14.37469588,18.07173677,-8.55829868
-12.12233193,16.50072562,-12.36800611
19.55200109,-16.44699967,-13.8788286
-12.85185996,-11.67918234,16.25757105
19.83185807,-12.8589188,-16.18096435
-13.79517024,-12.59198495,18.53061237
-11.5521568,-10.11535277,17.0779138
-11.29678926,-17.13504518,19.41220074
19.07992238,-13.01720954,-12.31948422
-13.43567411,16.03276109,-11.05127042
-13.1747994,-12.58153156,17.90287296
15.88967391,-10.89553197,-11.45587566
-14.70613649,16.91740569,-7.10619356
-9.98075703,17.57615985,-12.26042001
-6.84415487,13.87676711,-11.61165622
17.55785506,-8.67449509,-14.9159017
-10.71250578,-13.2457244,15.60428461
-14.77999392,18.58220793,-11.3630661
18.55148463,-11.62125433,-11.89539964
-9.6391576,-15.63430149,18.29557822
19.32559756,-13.88302115,-16.05451072
-8.41095533,12.84855223,-9.78539027
18.64398461,-13.883576,-10.32171836
18.52099555,-11.14770209,-11.83813649
-12.87838829,-11.4797188,18.01857594
16.79445718,-13.28649902,-13.34917471
-13.10982348,-11.59237023,16.58726309
19.73894127,-13.71210749,-17.32160464
-11.60047683,-11.44768379,14.11845932
-8.1139297,-11.75214584,14.36249312
-11.8486243,15.99294572,-12.19879858
-16.15945727,19.74101153,-11.67043939
-13.79060889,18.23049898,-15.01179501
-11.30052606,-15.34232406,18.65069658
-13.41569341,18.20037561,-15.22174059
-10.10431979,19.40962217,-16.0030288
-13.16970596,-11.82620305,16.28411816
-11.63680792,-12.12335366,16.16793573
-14.35903611,18.46252648,-11.04413567
-12.7787736,-12.61228246,19.15345822
16.11753622,-11.14630675,-12.62178035
18.08027573,-14.81421158,-7.78209319
15.93621477,-13.29609996,-7.04981566
15.22045785,-10.54583743,-12.80258929
-15.0158657,17.89195951,-11.35964445
-13.24546601,19.24243196,-10.85272664
19.44958595,-16.36604389,-8.68702577
-15.70795537,18.46008945,-8.95204431
9.82600845,-7.53918727,-6.97649778
-12.80224308,16.94298579,-8.82461643
-12.25779555,17.78880428,-14.96700968
-11.09651558,14.17759037,-11.79445731
18.12804304,-13.96101385,-12.58252303
14.10067092,-10.92771784,-7.98140343
-12.78608392,15.30847512,-8.03891719
-10.85275207,-11.03744899,16.72351985
-9.24153129,12.66682225,-10.36196518
16.27737531,-9.99719413,-11.62308319
-9.38194378,-10.96465503,13.92217927
19.02884518,-13.03664875,-10.73105492
-15.38059001,-13.8325714,19.0265715
17.90921528,-10.76785976,-11.86325847
-9.47024388,13.06798609,-9.8643088
-14.58240607,-11.32534937,17.39613386
-7.9122509,14.09960013,-11.09363175
-10.19880825,-13.88477839,17.19004626
-10.7199422,16.12572702,-12.02717753
-12.14519403,18.76650073,-15.24437553
19.97906555,-16.88025846,-9.29450266
-14.59060653,-14.82778657,18.49996119
-15.89134725,-15.95393817,19.6766758
-11.77050351,14.44900533,-10.57033425
-12.46528353,16.51051143,-13.22395372
-10.80886609,-14.3109204,18.20066426
15.76433306,-8.85311616,-12.76429717
19.9576052,-8.76187464,-15.66603418
-10.96532433,-13.83505,19.27067254
19.91612904,-14.32840211,-17.45327423
-7.51694407,-11.43198508,14.3983194
14.96430518,-12.11768392,-11.59161649
-12.63456057,16.20913039,-11.10095617
-9.76203227,14.89844137,-11.27193491
-10.93756773,-8.20366333,14.32201032
14.44901296,-11.68536642,-8.52814189
-8.91679817,-8.43995588,12.29364641
-13.95705109,-12.9446019,18.6067362
-10.98192813,-12.77640336,17.54010637
-13.29489199,17.89966226,-9.23030638
-9.45059742,-14.28698681,18.15101433
-9.8580249,13.68418174,-10.21999578
-12.69151426,-14.56876573,18.1025817
-8.76863974,19.10620364,-16.47927889
-10.96599941,-10.90416923,13.541949
18.38435048,-12.32303928,-12.11360337
-13.61955242,17.73829343,-11.23539622
-12.51478906,-12.74540839,19.09741394
-12.19280431,-12.39862594,19.25924477
-11.38110387,-13.98055077,19.10929324
-10.94661565,-10.44677196,14.19283771
19.53509383,-13.04001569,-17.22600983
18.76756552,-11.02678691,-15.26578742
-14.81185178,-14.84180428,18.69189084
-14.2614643,17.94051988,-9.60185507
-9.55659269,-9.63700138,12.86927653
-12.13906088,18.57592948,-11.02777376
-14.35620954,19.40963107,-13.20085973
17.45628125,-14.02815276,-10.06984129
-9.98348355,-13.42022604,16.52816786
-10.42667513,-13.99854169,18.99041377
-10.32947983,-14.49956751,18.22452904
13.96427449,-10.55785459,-8.80857826
-13.07031756,-14.31597843,18.83729902
-13.71399253,16.49561464,-7.21053026
-9.13731525,-11.14660282,14.91037065
-14.73457975,19.55349669,-16.38789559
-11.04166179,-10.55490733,17.10170629
19.82662766,-16.79717839,-10.52965726
19.22053412,-11.89247378,-13.84958998
-11.16362982,18.67951195,-15.92512305
19.88544021,-15.68063441,-9.61957882
-9.2695177,19.95842234,-16.96631361
-15.01514954,-14.94046477,18.48380888
-11.79753678,18.52399182,-14.27909124
19.19642989,-16.73484948,-9.03460813
-8.93622302,-11.89596137,14.67311887
-15.71435074,19.97152975,-10.63496055
-9.64534664,16.83933439,-13.64409432
-11.78931276,15.36394918,-11.63548113
16.70081034,-12.77970677,-12.15326979
18.79190419,-12.43750539,-11.61340111
15.03699691,-10.52081053,-9.92868898
-10.6341453,-13.17336682,18.58531042
-10.92412173,14.71597266,-11.49564117
-10.89014552,-12.94346707,17.10015092
19.23584293,-16.1030608,-15.41230497
18.95117936,-15.84607094,-11.33728023
-14.43384604,19.94399615,-17.30521762
14.65871733,-10.94708051,-10.45584928
-9.79234831,-9.64378461,14.81050581
-8.79148619,-13.27596954,16.89917049
18.43102805,-11.98896593,-12.13602508
-13.75768099,-9.28732964,17.96785661
-16.72585451,19.32979298,-11.10243803
-10.09313689,-9.2434814,14.93647144
-8.5111255,-10.28600089,13.44228774
-15.06327775,-7.7415665,18.39170684
-10.86834234,-9.33426853,14.31282675
-13.70187185,-14.84016982,19.48020702
-10.40122872,-14.3694268,17.37009305
19.01334798,-16.59970595,-11.14945971
-10.25036915,14.56396798,-10.1761877
17.66318923,-14.42559557,-13.19288925
14.6270427,-11.09984972,-8.24512299
15.61292971,-11.3684282,-8.83598707
12.38164386,-7.43551694,-10.130054
-16.42525816,19.1854827,-7.23245343
18.9562033,-16.43939803,-9.76386773
-9.91879912,19.22492953,-15.59034813
19.39824792,-14.21199612,-15.27479643
-8.40628713,18.9824375,-15.55258573
-10.79765995,-14.65861055,18.14922998
-11.01277117,-12.44070286,15.40902067
-11.71507923,17.14113356,-12.25277345
-9.88905097,-13.20252923,15.7781245
-9.6899846,17.47539672,-14.29455875
18.68044274,-13.16657879,-11.52880488
-12.68839372,-7.7985098,16.03366305
-11.26305539,-11.59866917,16.94758482
-15.01733629,-11.63551631,19.60065701
-15.02680399,-10.84141498,17.51540496
-14.44204718,-14.3044852,17.88688405
-10.4656149,19.26286263,-13.29226566
10.79062627,-7.37264873,-8.39289968
-15.386294,-10.60930949,19.59021517
15.76673015,-12.03874607,-8.20622791
-7.29844511,12.16113989,-9.84126699
19.8930496,-8.51769911,-16.59682022
-9.87891025,18.32061989,-13.66764198
-12.75701446,18.52681564,-10.88004804
18.1092694,-13.13158469,-13.38432736
19.68362611,-11.53251946,-13.42016876
-10.09264939,-14.79987601,19.24339047
-14.53157477,18.22626254,-13.20710026
16.66099477,-11.32316336,-12.13295417
-9.83827146,19.76261004,-15.40350738
14.18732533,-7.2070068,-11.40863821
-8.66526806,15.79103062,-13.20335751
-14.18523319,-15.30154189,18.65482735
-13.98056056,19.32340377,-11.56621165
-9.20652106,-16.15825975,19.19921775
-16.34932389,19.18799966,-8.6512251
-14.01326895,-8.6968801,17.99138933
-8.11048857,-10.92500826,13.54082643
-13.76259546,18.51796136,-12.30259544
-10.42865604,-9.43641469,14.44873336
15.41279911,-12.78087548,-11.59274305
-7.18175498,9.63191594,-7.19911211
18.23327976,-15.79618219,-10.77827167
13.50946861,-10.21660781,-10.3671924
-10.67188602,17.93229181,-13.36891687
-9.67898697,-13.88789004,17.99109475
-8.53160819,-16.99931863,19.6331694
-15.69031419,-14.6011286,19.34888392
-12.19032693,-12.27602984,16.08781641
-12.71467063,-14.40895055,18.76228943
-13.73820308,18.16212554,-12.77220193
17.13826474,-12.00841271,-13.85586245
17.09264251,-14.24192113,-14.50084259
-12.69598582,-15.44958583,18.78160818
17.8673053,-15.41945226,-14.30488706
-10.64563121,17.44392143,-12.8841474
-15.34648164,-13.97629729,19.50199033
-13.25000659,15.67754324,-12.84029196
-12.94413486,-9.36130724,17.05650583
16.41125811,-12.2746747,-9.43104924
17.94161512,-15.15392474,-11.77397918
-15.57072283,17.80526542,-8.2039352
-11.15122524,17.7234388,-14.81938985
15.74010151,-10.34152478,-13.29525738
18.99115646,-14.74092109,-15.9854958
-14.39930198,18.50921109,-14.74889087
-15.75392056,19.29512437,-11.08959125
-14.4701389,-9.20568022,16.8939323
14.68358057,-10.2559973,-10.69294835
-12.83929401,18.43564953,-11.67728099
17.39033836,-13.11802701,-13.99582577
-10.49266724,-14.19584985,18.14143347
-9.99019182,-11.80149043,16.1619798
-10.44350654,-15.97652921,19.5019287
-14.33913586,-6.91065144,16.75226388
16.66737823,-13.01463449,-8.32557098
18.58331958,-14.04142706,-15.84053028
-14.45273704,18.83471705,-14.31047886
-10.25329246,17.20579114,-14.05936881
18.92403633,-14.15506199,-13.94033507
18.72819514,-9.17796422,-15.96768919
-10.55060393,-16.597197,19.97774033
18.87199473,-9.45649888,-15.79456879
18.83468922,-13.24401606,-13.88637627
-15.59684989,19.62688809,-12.06513567
-15.9388341,-9.52963422,18.62757341
-14.19476668,-12.42257089,19.81578015
-7.72014358,15.48350964,-12.80952554
-13.93411588,19.46668459,-10.66900182
-9.88504929,-12.60567149,17.87177058
-9.78731071,14.60671823,-9.74023785
-9.42617489,-10.75681482,14.17326027
-14.46089806,17.56496966,-7.91556864
16.69739099,-8.7130745,-14.35973991
-9.15131788,-13.09180081,15.96886203
15.04033453,-12.57868866,-7.98537779
-16.33962748,18.90227107,-9.82720644
15.8091104,-7.78055113,-13.37188853
-10.60989375,-16.37083296,19.75169529
-11.77586012,-17.11971696,19.67752175
-10.93747478,-14.81524115,18.41730113
-14.94185544,-14.04852939,18.4438556
-14.94401392,17.63227439,-10.12531868
-12.11092753,18.6454485,-12.5877868
15.8231187,-12.71399204,-8.57955339
-13.0125442,17.5020725,-12.15230037
-11.38053609,-14.81064614,18.26942622
-11.06964826,17.71186558,-12.95199955
-15.99923034,19.69525455,-9.28898123
-13.54741196,-10.72902923,17.69126682
12.61389556,-9.6213431,-9.47891306
-11.73422286,19.37598467,-12.8212787
16.45016626,-13.46885533,-7.7066873
-13.49333477,-17.45754277,19.86525901
-16.76996631,-13.19600577,19.6841644
-14.9447513,-9.63679579,17.80092252
-8.53018072,15.51379351,-12.28216561
16.03315778,-12.36286772,-10.60599033
-10.49024688,17.55547832,-13.67823624
19.40044734,-11.41332773,-17.17691199
14.62691103,-10.98095886,-9.36635315
-13.83519453,18.70404002,-11.34756743
18.04141523,-11.20577478,-12.19176687
17.04977147,-13.1634567,-14.31633228
-7.18562527,14.00730423,-11.75947071
-10.82841259,-11.17801629,16.74691486
-11.05405301,14.03584238,-9.30335394
-10.07499696,17.66766745,-14.06037728
-10.98516504,18.53904858,-15.85066534
17.0574198,-11.59063389,-10.76086817
19.95008787,-11.40294165,-13.76678526
19.30950719,-9.91152223,-14.09482982
-12.6597984,19.96082282,-13.99194015
-9.64956808,15.00455037,-11.66270451
15.25340652,-12.37047745,-9.10004499
19.60293129,-10.17049254,-14.19523901
18.44663115,-11.05347117,-15.43204211
18.3009753,-15.20393131,-14.38568314
17.26220334,-11.10612003,-11.15478898
19.43544953,-13.08573814,-12.10853312
-11.53394521,-15.82368941,19.07713536
-17.15526863,19.85703388,-13.3421347
16.59617791,-11.17680703,-12.74784396
17.24007746,-14.4609783,-13.13370788
-13.25980236,16.71507014,-12.91040864
-16.73907874,-15.51481771,19.950943
19.541418,-14.16925537,-11.77010929
-9.32850023,-11.55709108,15.68368428
16.60626934,-10.91453785,-11.83335893
16.75315626,-8.8657647,-13.75021616
16.31167467,-10.45061814,-13.06225506
-14.44757725,-12.45687398,18.38823177
18.99235042,-12.76989447,-11.23033147
-11.20843317,-10.79363102,14.71580073
-8.04359556,13.41209619,-10.59153884
15.31933529,-10.57052179,-10.48493762
-7.5026966,-15.68169304,17.96819961
-11.84634861,-11.15122691,16.39995701
-15.75590706,-9.99904116,18.20947952
17.36167288,-15.00693568,-13.21282384
-10.76575445,16.66553824,-13.94929658
19.21968775,-13.82892353,-10.32280585
-10.29199309,12.95723871,-7.80187997
-9.46899731,14.42179523,-11.30105176
16.0334097,-12.44514304,-11.02445779
-10.51358683,-8.68525627,12.98236236
17.24369717,-9.15806443,-12.67614512
-8.11877887,12.95458338,-9.74432722
18.27864773,-14.35003732,-13.60366881
-12.17423564,-16.52447455,19.96560961
-9.78564725,16.30962386,-12.35960839
19.74447229,-16.63214235,-11.76503503
-8.30540888,17.41055756,-14.62386706
-12.53625998,-14.60993244,16.86541198
12.72210948,-10.33976482,-9.99852548
16.75625674,-14.50942033,-14.37422061
-8.84915249,18.59035713,-14.2695115
-16.1513941,-14.52437293,18.70291978
13.61853335,-9.8846382,-9.73935525
10.23908524,-7.32991545,-7.90409822
-11.79362233,18.63740004,-14.20055182
-13.76163804,16.1741046,-10.4890055
14.80158788,-12.59805022,-6.65814629
-8.86083394,-11.41113631,14.69609776
-13.53934267,16.70494895,-11.13110535
-8.92906816,-8.51483451,12.32658763
-15.26353062,19.7903658,-13.9352553
-10.41176263,-10.17221148,13.98779376
-13.37224584,15.86509194,-8.91768943
-9.1694837,-11.58320322,16.31606177
-11.61594456,18.58005202,-15.47764828
19.59052552,-14.70718321,-11.71836242
13.13354064,-6.85785902,-10.8800019
-9.13292396,-12.22790833,15.99649958
-9.14053395,17.66611584,-13.90292213
-9.68733633,-11.56444727,15.29242642
-13.3138729,18.7175531,-16.22328735
17.99154103,-12.89005639,-9.73576313
-11.94848063,16.72496307,-12.88824788
18.04975905,-15.34621984,-12.09212695
17.41432012,-13.44324941,-10.81563847
-10.25688527,-14.44103314,19.28773477
-11.00759364,-12.14741371,17.68144755
-9.82207091,-12.80617562,15.85637375
-13.42582571,-13.5223193,19.160819
-8.31989169,-11.58712697,15.50160238
-14.70713904,-11.04566831,17.64204891
19.57023856,-16.53311572,-15.20717424
-9.09435748,19.96962856,-15.73846888
-9.56482731,15.8041031,-12.84962413
17.29031074,-11.22136384,-14.72013323
-13.94855742,18.78956048,-13.19025473
14.29489773,-9.939748,-11.68740115
-12.88490542,17.89406272,-11.37694043
-11.96667604,18.65070236,-14.43847348
19.04363556,-13.75614234,-12.23388424
17.32812716,-11.50410691,-14.90368926
-8.17387783,15.19207728,-12.56238673
18.07880012,-15.51807324,-8.29056847
-15.18948864,19.24093011,-9.90996552
17.65547144,-13.46692347,-9.04515273
-14.3803253,17.07902491,-12.2021376
-15.92049017,-8.93749777,18.95285937
-8.93144443,-14.0817736,16.77982465
17.85814444,-14.32373419,-13.87950279
15.72053746,-11.31267322,-11.52102808
-13.93394544,-13.52865827,16.22912722
14.68784302,-11.13029754,-9.29448358
14.3080123,-11.38136093,-7.94767411
-10.12149828,19.88483669,-14.36033004
-8.19461121,11.14198654,-7.63978932
-13.58594447,19.73655165,-12.39192336
-7.0371772,11.71694707,-9.13927683
-14.89320256,-12.05395872,17.63892738
-7.0373223,-15.8412728,18.41437914
-16.56604746,18.90172204,-12.19697172
-15.11530361,-12.25163097,18.80306273
17.00098228,-11.43806049,-11.4823774
-11.93777986,19.67599125,-13.09779598
14.67608851,-11.1749389,-8.74112857
-11.19730313,16.6837924,-10.34378986
-13.312582,-13.42386127,16.42456202
16.06225245,-12.903798,-8.04635932
11.72758924,-9.17156754,-8.78234905
-7.56013656,18.45878799,-15.87571633
-8.77672112,-7.52882678,11.77374602
-14.54400758,-14.86066191,19.86744859
-10.18936832,16.3394617,-12.7854528
-9.23116553,-13.69134031,18.52381145
-11.0170421,-10.66723648,15.81616374
-16.66850252,-9.38902712,19.25452444
-14.52565292,-11.823761,19.49541103
-9.18573577,-12.97840524,15.62014438
-9.27938627,15.83764395,-11.00455263
-15.27447271,17.94979434,-11.09096371
17.24216684,-8.86102553,-12.7888826
13.62502733,-9.33240634,-11.30383189
-14.78682568,17.20675741,-12.7039832
-13.91047317,19.03819193,-14.25141803
16.40943397,-8.78731592,-12.50055254
19.20295965,-13.52242316,-11.17069412
-13.41787507,18.60770738,-14.01286976
-11.51749446,16.74411321,-14.388528
-13.70441654,-9.03170403,18.22051515
-12.84399586,16.04281936,-11.12707739
-11.67161628,-11.94128986,18.14230932
-13.14366731,-16.1189033,18.26534605
-16.26521921,-13.09409738,19.48846899
-9.89939691,-15.95860809,19.28971523
19.00881174,-16.64952513,-14.39432044
15.88800139,-12.95900265,-12.68656644
-8.89123716,-13.82796195,17.96714704
-14.44103727,-11.35271673,17.99046103
-14.97716984,17.46453237,-10.15365678
-12.45750715,-12.65580544,18.80040807
13.8723609,-8.2663552,-10.23555902
-7.94672868,19.13453018,-15.81712689
-13.95608853,-13.00085606,18.17568571
18.87484938,-13.44746469,-9.88859457
-8.52802858,-15.82555033,19.3392888
14.30250474,-11.06423898,-9.47540706
13.66745579,-10.48085146,-9.3814665
-11.43313985,-11.80018232,16.89331555
17.92481174,-14.67843148,-12.37817172
-7.54867893,14.80928634,-11.84630492
-13.19603335,18.93560096,-14.49872204
-10.86593811,16.26267281,-12.72501641
-9.81359212,-11.19945934,14.32249062
-13.31664757,19.15745961,-10.40094215
-12.2841318,-15.91023605,19.28380686
18.46070127,-12.19001278,-13.07157146
-11.42564103,18.24606199,-15.40561212
14.59716154,-10.51445196,-11.63378403
-7.91364226,-10.59075094,13.50597224
-9.50363545,12.82178474,-9.99495279
-14.33067598,18.87840162,-13.33613219
-16.54846815,19.11138042,-7.43032763
19.38863003,-14.77557947,-16.66252662
19.19279091,-15.90151289,-10.68111171
17.5588635,-11.87243335,-11.66890019
-14.89727297,-14.87785177,17.32258589
-9.94373643,-16.13406742,19.71015143
-10.24475399,12.96436562,-9.8546871
-11.57005186,18.43029352,-14.08895428
17.53855601,-12.05708949,-13.12096322
-9.85706847,16.26397546,-11.35841607
-11.3208096,16.75933121,-10.09944131
-13.8802827,19.41113832,-11.98877933
-14.10855344,-13.33846889,17.64239751
19.69429,-13.35040761,-15.8649801
-7.65513214,19.59521536,-17.14612751
19.98158272,-16.7527069,-11.26174711
19.61159963,-15.67485142,-16.81063727
-7.96377685,12.97414248,-10.78952718
-15.71507234,18.76328137,-15.77257337
17.94454433,-8.47385752,-15.19603439
19.38119023,-14.90846078,-14.48170135
-9.30292802,18.75922216,-15.80365376
-10.71492032,13.91127939,-9.66095697
-11.00527565,16.28615079,-13.62796442
17.11940664,-14.28618361,-11.91256982
-16.32177399,-12.46545422,19.38630063
-13.5289968,16.93866803,-8.17701857
18.01507806,-12.31994488,-14.54874671
-15.76820028,19.73220007,-17.2327707
18.26181979,-9.39518415,-14.77464697
-12.01181672,-15.05905721,19.54249906
-11.8676371,16.00643497,-8.74232266
18.44746368,-10.20897933,-16.14974041
-12.85492548,-14.22167006,17.48121711
-14.02195093,-14.98889327,18.70350558
-13.09692563,-12.15039144,16.28579216
18.48194629,-15.99871847,-7.6928198
18.48441308,-11.71222189,-12.13216868
18.59057716,-12.63534145,-10.76911047
-14.64225729,19.94463625,-12.84573769
-9.52444919,-10.73736222,14.35279518
17.91533379,-9.29302688,-14.29979524
-8.66394267,-9.60622114,12.71694112
-12.88789971,17.41301502,-9.34699152
15.19234588,-12.11344647,-10.28311783
-9.36838861,19.40272552,-16.12249003
18.78871799,-7.79765515,-16.36273946
11.83627834,-8.27659412,-8.2928963
16.81147063,-13.87249352,-7.66637184
13.00908759,-10.64723046,-9.12492003
-12.22858854,14.99112108,-8.16632266
17.21181428,-14.79551818,-9.21971773
-10.21556893,-13.29721317,18.37681466
-13.95324227,19.94742387,-13.24919313
-12.69471673,15.85847115,-10.13089777
-6.93675346,15.79749694,-13.34263962
-11.69503553,-11.99589229,16.40899825
-9.77504926,16.39166645,-11.09255802
18.61678407,-15.75679409,-12.75385134
-15.93892332,18.25407421,-7.53084393
-14.00429509,-14.16144134,19.95549607
-11.88128294,-16.3373792,18.69921409
-14.17322754,16.4866874,-8.07139337
14.56772042,-12.25849628,-10.333944
-15.61554292,18.63757915,-13.28069722
-8.50231916,13.51815663,-9.69379752
-12.21866997,-10.29432864,17.66551766
-14.41398928,18.55368256,-16.31954499
19.00220016,-12.19063802,-15.68654081
-10.05211151,14.01794141,-8.74002453
-13.28467305,16.36441457,-9.670745
17.87154906,-15.35609687,-12.61645839
-11.73881395,14.1197191,-10.58351518
16.06023922,-12.63282575,-12.23155209
-8.33670807,13.4768278,-10.33102934
-15.32706443,-9.15943038,18.00022625
16.75735829,-12.49830153,-14.32253186
18.46224918,-15.36270815,-9.42055259
18.61562714,-14.54787603,-13.06843411
16.05291163,-9.69365871,-10.88608342
-9.34088416,-11.34380944,14.83877564
-11.85164948,-9.96181927,15.78225027
-11.89764137,-9.49406101,15.63819597
-8.51544564,12.3152272,-8.67508633
17.03921767,-11.03643911,-11.05234546
17.59444209,-13.91224282,-11.02125095
16.85374042,-10.40707552,-14.01919373
-13.32712292,17.84182504,-10.35484966
-10.35095275,-10.93701372,15.79950458
19.72776489,-16.07307121,-10.23218343
-9.06627691,-15.57497573,17.87337925
-9.43488013,15.07762842,-12.59853188
-12.8574352,18.3424253,-11.64382347
-15.1018754,18.46490675,-12.50763553
17.97824499,-14.66576586,-11.46223101
-11.62299067,19.06536365,-13.54661968
-8.59343318,-11.14821928,15.17360005
18.32887082,-14.03148125,-14.7256681
16.132823,-13.82710218,-13.37238242
-11.96031912,-10.31818967,14.18819522
-14.07740822,-14.2623572,19.37246428
-14.99731129,-8.3760109,17.8543176
-13.98895433,17.85090438,-9.27058355
18.78134877,-14.69235338,-8.5859427
-6.96507773,-17.17239213,19.66761045
-9.95177689,-11.08703028,16.46745404
16.58307957,-9.18597078,-12.5063961
-12.13621145,-13.69277114,19.30912566
-11.91837378,18.49551418,-14.93443471
-15.1349828,-8.78504671,18.81963479
-12.60650825,-13.51575312,18.0491761
-11.92825545,-15.6011096,18.1392796
17.27909031,-13.98123805,-9.82886308
-10.16492459,12.96225202,-8.50074554
-11.82862563,17.75232706,-15.12107677
-16.70873999,18.66931717,-14.51051674
-15.25286661,-15.30780892,18.96207609
-14.9384164,-11.54376105,19.73899343
19.9724315,-15.40672217,-15.02031146
14.09643391,-8.80160117,-11.77706455
16.55966797,-11.36487843,-13.9404139
17.20852463,-14.08365142,-9.56649264
-10.29094498,17.56902369,-14.74234504
-13.74606733,18.37931203,-9.09324105
-7.83009052,10.27384581,-6.99252253
-15.306947,19.2159278,-16.55728864
18.2043727,-9.27289499,-13.97866558
-11.87060377,-12.66053123,17.30182435
-17.36054387,-9.24000191,19.56753098
-15.31491027,19.43894793,-16.64997424
19.15359809,-11.2702128,-16.30536081
-9.84472573,18.84938199,-15.34940714
-12.91714437,18.82847663,-15.96432678
-14.1994926,19.85129728,-15.2998437
-16.54483634,19.91676441,-11.52622053
-8.24092962,11.22884975,-7.88740237
-8.37152302,11.11920418,-7.861416
-16.39723177,-12.95141604,19.62147648
-9.94301497,13.19631324,-10.08434527
18.19965004,-10.22121355,-15.64706178
-11.39259311,-11.39909936,16.25571114
-17.35472983,19.8782162,-11.93213342
-10.61378955,-14.36325945,19.36740899
-13.93378309,18.97237373,-16.96294588
13.92392339,-11.13397817,-8.81147951
18.43570183,-14.0905415,-14.29345454
18.37117483,-15.2609031,-8.49217818
-10.6690148,14.94087996,-12.35546307
17.72076117,-15.21338904,-8.20433235
-15.2696112,-15.25891263,19.73073107
17.42866808,-13.27432967,-14.65609612
-13.14030384,-11.99514034,18.49698925
-11.82749316,-13.20943253,17.26145813
-12.5648292,-13.9096301,16.15066471
18.30606452,-7.35733111,-15.98861632
16.54679138,-10.94305725,-11.6347534
-13.97545814,17.97933807,-13.38636189
12.03290037,-8.83969586,-7.6510734
-13.09049752,17.19136665,-14.50890543
-12.42099187,18.02183456,-15.07157462
19.22779787,-16.54019256,-15.97193726
15.91895367,-11.18192966,-10.57140583
-12.24597053,18.23754913,-13.72091465
-10.07375973,16.35260486,-11.18006121
-13.62144327,-10.58833037,17.80266936
-10.07191914,19.70990509,-15.37025452
17.80206242,-9.44011042,-13.2577511
-9.18313722,-12.93719276,16.62847365
-11.08970998,13.95965203,-11.05983154
-12.20504859,19.99488983,-14.15245535
-15.82170997,19.7045705,-16.75562469
-16.77593447,19.81185359,-11.02066128
-10.2120389,14.43557184,-12.1214338
-9.89547188,-14.01088282,18.33260415
19.51590999,-16.13460073,-9.38010784
-11.82700565,16.98183224,-10.59250876
-9.56771494,15.67195764,-12.59047087
-13.94162502,-9.49286284,17.07308535
-11.87752894,-13.05581069,15.38225104
-10.35077973,17.31045608,-13.90088673
18.19335116,-12.26752681,-14.12465024
-10.86010207,-12.32120851,15.50355978
17.03156004,-17.60173531,-5.96227351
-14.23691305,-10.05383012,18.65956696
-11.65895658,16.89725631,-14.57551245
-12.7840103,-11.56018069,17.69298332
-15.53664391,18.00593236,-10.63248025
18.64547009,-8.69305406,-16.1246532
16.60857139,-9.00233305,-13.71199405
-9.75100564,-13.95081742,19.0400617
14.13812329,-12.00845514,-9.76121085
-10.89823247,-15.77538035,19.3034675
-14.49445837,19.37960456,-10.13015334
18.59572771,-15.32652359,-14.16613315
-11.0033816,-15.09899584,19.17025046
-15.37014611,18.82186653,-8.36227404
16.51519074,-8.52715693,-13.07572265
16.73298233,-12.56550633,-12.50171045
-12.97447825,-15.26774518,19.36828363
15.9510535,-11.69348437,-9.83260452
-14.245497,-11.43386325,17.18307595
17.88773634,-14.30239415,-13.48183467
-12.35222184,-8.87211262,16.40140224
-10.40771362,-15.03452614,17.7069542
19.88552248,-16.24947844,-11.64014086
16.9961763,-14.15397621,-13.97072623
-10.69630548,-10.14582186,14.28063636
-12.62916297,-11.9526439,19.16865085
-10.37170593,16.22491883,-11.80498814
16.60370333,-11.40167782,-11.50068724
-15.41748351,18.03336558,-15.7113968
-14.32866693,19.34186448,-13.19805292
-14.24725247,-13.92459689,18.16508243
-12.40736015,19.22738954,-15.95809774
-13.40566528,15.77023496,-9.02609885
-13.87904659,-14.48948566,16.77789017
-11.5512791,17.11592905,-14.75555839
-13.13624673,-16.01364674,18.90222635
-10.85071371,13.72559535,-10.76861634
-13.78465691,16.37240974,-11.44538396
-11.91841112,15.08238653,-12.42087733
14.07873208,-9.51801796,-11.17593567
-12.05731136,-13.61629217,16.41792685
-16.05073549,-10.90817525,18.56607427
17.37756292,-12.04405196,-10.52099229
-16.0821034,18.93957871,-10.05857825
-11.00969172,13.73570634,-8.75839105
-8.80345078,-10.2581382,14.23628972
-14.64071784,19.98074289,-13.24765405
-15.45447985,19.41728685,-15.67626862
-13.49915384,17.41495834,-9.12347579
-12.80020318,-14.94140086,18.24256249
19.47264972,-9.49935558,-14.88894939
-14.36063482,-9.74464184,17.35379442
-8.31541937,15.99790407,-13.29116009
14.86218209,-10.4856995,-9.48323368
-11.44969096,16.87828785,-12.4449707
15.51443983,-13.17074062,-8.36167392
-10.57614724,-11.03766922,14.06523023
-16.01857804,19.99762332,-9.70044083
-8.40638266,-13.16313056,15.41846646
15.99673413,-10.62871756,-10.29441348
-14.26711989,18.12287649,-11.73505843
-11.34711289,14.60876533,-11.36864122
15.77716087,-10.47736327,-13.26041437
19.55709375,-14.21291831,-14.92776403
15.81320563,-12.60347232,-9.6940196
-14.80505328,-7.28970068,17.50376718
-15.10873571,18.7280587,-11.54589869
-10.00588943,17.79068398,-14.20557488
17.95544788,-12.97807292,-10.44334973
-13.81770955,18.56342792,-14.55499522
16.05848014,-13.66875509,-6.79264314
19.20705133,-9.90872293,-13.700634
-7.63500107,15.87487102,-13.09955926
19.32064574,-15.94972093,-13.48121936
-13.34340048,18.35949683,-15.40496877
-8.32982498,-16.00041465,19.65863762
-10.39348256,18.82815625,-14.54073086
18.45854912,-11.44387839,-11.53657401
17.49693223,-15.1560954,-11.74711098
-14.01792054,19.50062992,-14.63510391
14.66321278,-12.17820072,-9.45053371
-8.66576813,15.40685718,-13.04802425
19.47857305,-16.43959367,-13.72393834
-14.20610038,-14.53842392,17.55649658
-9.81024178,14.50138197,-9.25574489
-13.95560883,-11.89002209,17.52909457
18.76586381,-13.3482115,-12.22183144
-11.2827399,15.40291403,-11.73050753
19.43148519,-17.1201514,-6.88517325
-11.04745288,-13.66761378,18.3166725
19.34255968,-14.6775541,-12.08660635
-12.94511502,18.17321422,-15.15180048
19.40938521,-15.21818844,-9.10960102
-17.64978677,-14.83452553,19.92818797
-14.77093104,18.74955302,-13.3142343
-9.5049487,-11.3176446,16.29078032
-11.74017966,16.18881977,-9.52507066
-12.87557984,16.66957843,-10.85632161
17.60796803,-10.74293173,-13.24124177
-7.34658785,19.18753765,-16.96061305
-14.06394805,18.61202794,-9.71251366
18.74196754,-11.92183731,-13.22107122
-10.43634285,-11.78509128,16.89526726
-8.21135234,-10.79806872,14.38496441
18.30014626,-12.27653473,-14.64490565
16.63203891,-15.55507234,-6.82227448
18.98117053,-13.31028708,-11.53283693
-8.31412186,-13.90419735,16.90199471
-13.36344508,-11.70997163,19.3295987
18.58846943,-10.36223013,-16.34612609
-14.01365606,19.57316447,-15.63706053
-10.38075334,-10.92075513,14.77154343
-14.22335753,19.25107239,-16.61111918
-12.71899495,-10.54423377,16.54820509
-8.58921074,-13.12584981,16.40991574
-10.21971976,16.56088843,-12.66298181
-10.13699911,-10.8378637,14.29820899
-10.82406484,-13.2726519,16.95724178
-12.64780913,-12.55682247,18.8530058
-13.19676168,15.50535894,-10.43322954
19.89563596,-14.30265299,-14.28219207
19.92795402,-10.6704548,-13.83561521
11.12153774,-8.20203645,-7.58906692
-10.99347753,19.05776048,-13.16187297
17.73054332,-13.33201716,-9.9587584
-12.31159064,19.86907095,-13.48505061
-8.91430386,16.00868268,-13.43951717
-16.53054251,19.20881636,-7.86279385
-13.85775996,17.132356,-8.29889644
-8.8647056,-9.82227166,14.11100737
15.92655652,-8.67773577,-13.23979623
-8.1485819,-16.5731709,19.39951066
19.42407613,-15.88658744,-11.16522294
-12.16711851,-14.27862243,18.74464941
15.6692228,-12.51873797,-12.06494357
-11.48157994,19.81206249,-15.9282499
-9.31725761,-16.21561247,19.39640076
19.98985934,-12.10338789,-14.8280072
-13.49576463,-13.07544981,19.00278788
-9.40782871,-10.86926456,15.2176708
-13.02749914,16.23938739,-12.80840109
-10.2193881,19.01367232,-14.30456724
-10.80466515,-13.09745287,18.76677195
-10.60005914,-12.99067556,18.34008013
-10.0629932,-13.39426696,16.43792979
-10.59135492,19.04397578,-15.24150142
19.11153058,-15.82914365,-15.00208971
-7.76207537,17.35298533,-14.39710692
15.35384847,-13.14882415,-11.14708332
-9.91554372,-13.67934512,15.93824305
19.46296878,-15.12771342,-16.84045558
-10.26394058,15.11476419,-12.51516415
15.5994423,-13.14615088,-8.05710762
-9.26209325,14.24621798,-10.18799397
-11.64210506,16.62638044,-9.41480909
-14.31996263,-10.42724781,18.53953936
-13.22341479,18.06560149,-11.33370679
-12.47253748,18.98751478,-13.65635657
-9.17053408,-8.8212102,11.8054259
-10.33614495,-12.01527468,14.8115281
-17.23590025,-10.93538021,19.72775944
12.42174781,-9.71802355,-9.7412672
-9.18085792,-14.67052562,18.9257617
-14.06188933,-12.39544426,16.29379396
15.03573109,-9.09949271,-11.00494839
19.23690865,-12.47995547,-12.37241959
-13.98153988,-10.58888308,19.24674012
-7.58510859,-7.84411508,10.53581214
-13.76221777,-11.09335673,18.37696482
16.55635763,-11.4558945,-11.06962329
19.71229836,-17.08006027,-15.7231363
-13.28374766,-13.49670019,16.65688297
-14.63638205,17.32310803,-14.11168366
-10.94465017,-15.76758954,19.00728762
-12.69320684,-10.47258913,17.52805195
15.85012005,-12.5127419,-10.14486788
19.85661531,-12.86090559,-16.77017961
18.39178162,-12.54957386,-11.5351809
16.92911372,-10.49153224,-12.42664822
17.97929245,-13.76494611,-8.75051302
15.48385796,-7.28842166,-12.85472847
-8.44874776,12.58846439,-10.08149748
-12.66755777,-10.72745933,17.21866882
-15.80120195,19.67111026,-13.34336132
-7.28124116,-16.43005686,18.67674501
16.8248115,-11.83475471,-12.31693617
-13.72307439,18.19119774,-12.6627262
-14.30211065,19.92189244,-13.46224701
-14.39769991,18.47750103,-12.47421796
-8.81552673,-14.81273219,17.59008433
-9.94233206,-17.69345217,19.92070609
16.30406251,-11.6043617,-9.33431944
17.42133416,-14.56859738,-8.02426352
13.76031832,-11.06851487,-9.12835285
-11.34182582,-12.54383991,17.99971533
-11.83224251,19.83227177,-15.39590844
-9.71036404,12.75686016,-9.29248491
-14.92052714,-12.53874822,17.53988232
-12.24946252,-8.85813242,14.83584238
-13.75843561,19.98017271,-16.95130865
-10.7957579,14.84215328,-8.53073151
-8.01776954,12.64249897,-9.23585208
-12.45941685,16.82338326,-9.76546496
-11.65657246,15.93611051,-11.90451203
-15.40109717,18.94188968,-12.17450515
16.91590329,-12.40719382,-11.50518811
-10.87582252,-7.31867068,13.46964122
10.34008412,-7.92601848,-8.04155804
13.29791681,-9.08672897,-9.22931807
-10.71178951,-12.31217816,15.73820048
18.2569144,-12.58371797,-15.29375571
-16.97831551,19.56898045,-13.42420461
-15.29087032,18.56869288,-13.84379077
-14.86632934,19.27388139,-9.53787861
15.49209601,-10.83427084,-11.82815317
-11.52301896,-16.25118845,19.15693909
-15.57388799,18.07661287,-15.06203508
-8.66873257,-14.003135,18.12977995
-14.02773488,-14.86719575,18.01028436
17.38669958,-13.96812524,-13.75916417
17.95914718,-14.90891977,-13.03881784
-12.18030856,16.12334147,-13.35221246
19.38715497,-11.61414134,-15.18223432
-15.92206471,19.18354239,-12.55752028
-8.54577664,11.02600597,-8.08780374
-11.46035373,18.26889324,-14.11439822
17.824287,-12.48409196,-9.92547583
-10.64867946,-11.80852882,14.49081076
-11.40221158,19.83463837,-15.04646561
15.07658505,-10.23234442,-12.06257054
-14.99806294,-7.85200383,17.79734831
19.88651909,-14.4273125,-10.74402079
-11.97683662,15.65457498,-12.41673948
-9.01056774,-12.76389838,16.33946179
19.60148702,-14.78823681,-11.71507302
-14.32011874,-10.50037929,17.40563198
16.09269711,-13.79075338,-11.13112125
-12.02308951,-12.18972296,18.04261047
-14.39030271,19.32392061,-14.27771986
-14.33987153,-16.66590112,19.63173873
-11.96744487,-12.01558421,14.50599795
19.73745128,-14.24146063,-14.49388154
15.58350822,-12.28637945,-9.13481413
17.0062797,-10.84258929,-12.89676023
14.21195952,-8.79273537,-10.72286351
-13.44919979,-15.5711079,19.35520767
-12.70201508,19.05247831,-16.65844249
-9.94648499,-11.24118278,14.66084712
18.18669164,-7.31804073,-15.66467765
-10.41741451,15.12607441,-10.48176889
-16.4106594,19.60100595,-16.08055253
18.75580817,-13.4161672,-13.83130669
15.05732813,-11.5425828,-8.97675746
17.67871358,-13.46255888,-8.86030264
-8.82731728,16.15429919,-13.89050827
19.60226,-16.32099073,-9.50234121
-16.00242237,-9.93092948,18.81996306
-8.07770237,13.72849233,-10.20798729
15.45561879,-12.71875242,-10.12837719
-9.18186977,-10.414806,13.59385084
18.15318084,-8.65150208,-14.73763008
15.60045317,-12.39404174,-9.81104249
-11.81871485,16.46360341,-10.67438166
-15.37990032,-6.93816838,17.5811728
-10.12762943,18.63371107,-14.53289845
-14.53225194,-10.1266805,18.44677438
-8.32036846,-15.48364318,19.17410302
17.70493573,-12.71035389,-12.06367956
-13.68917433,-9.31127148,17.357259
-16.94716934,-10.52383236,19.19531536
-12.22243747,-8.86304542,15.23268271
-13.78319517,-12.1292206,17.74289163
-11.34043957,-13.19188023,17.89944044
18.56914994,-14.45625935,-10.29463308
-11.26149325,19.01448069,-14.17989988
-12.88164924,-10.94913379,19.36498824
-8.15757752,-10.90837507,14.15311632
-13.61391406,17.71579735,-9.7865305
17.2804438,-10.53398379,-12.75950971
-13.14965068,-13.75441494,17.5892602
-13.31667918,-13.71155415,19.78945262
-9.22353572,15.48330701,-12.91486122
19.833395,-13.35092921,-16.39735577
-14.62247221,17.09712688,-10.28965064
18.25858681,-10.61523651,-14.87468432
16.68738317,-8.42489601,-13.91547713
-12.8655637,-8.8102903,17.10478126
-11.01949453,16.70323282,-11.91057699
-11.33163368,-8.76960236,14.14643009
-8.36802117,18.26674349,-14.93987876
17.49161302,-14.68744599,-11.8704501
18.56481206,-14.89937974,-10.55022837
12.6115009,-9.47717967,-7.77738523
-12.85154443,16.48221109,-13.11654194
-8.09118977,-11.07172557,14.73092127
-12.4114167,-15.52550795,18.58805847
18.16209506,-11.77959164,-14.40367817
-13.26548399,16.29648858,-9.81764078
-11.93720706,15.74710625,-12.84097653
-10.61997876,16.40049404,-13.78412627
-13.01101793,18.54807826,-12.61389059
-14.01856645,18.85221312,-15.83120329
16.25562802,-10.60824233,-11.04072477
-10.07709753,15.07428415,-11.97805027
-10.23849378,16.64946868,-10.98739095
17.16569966,-12.31918478,-11.68223993
-16.02438603,-12.75958264,18.37080709
15.59636242,-12.54933515,-9.66584738
15.90778995,-11.73070095,-9.89452095
-12.42572372,-14.14638677,17.04575514
17.65124674,-9.88895656,-12.2295798
-15.67255773,18.83023609,-13.48216897
18.00937472,-14.39558608,-9.12418798
18.82462605,-16.46159106,-10.24535518
-13.53967552,-11.60881828,16.04895649
-14.14602031,19.64252376,-10.91557757
19.11199652,-9.43168539,-14.84096259
-10.60821285,17.13936856,-14.44223643
-11.85580778,17.0624613,-10.90809199
-13.95390982,19.41278532,-16.17127292
-15.3821467,18.0640334,-9.95798759
-12.22847193,19.28999095,-16.88509194
-9.9956804,19.62357591,-16.6829251
-11.26575839,16.88258543,-14.05034511
-11.38355233,14.68671921,-12.21578467
19.0070835,-11.36190048,-16.30569012
-14.79138109,-9.4727674,17.50858391
17.53309441,-13.11839267,-14.20598444
-11.11843967,13.72742591,-7.15545048
-10.74944289,-14.04421186,18.43110898
-11.4772505,-11.93899977,15.89693521
17.42240926,-13.79404162,-13.11620787
-15.29851487,-10.76428652,19.6050554
19.03854356,-11.37748597,-16.12486544
-14.07244526,-12.20711012,17.10909682
-7.52144228,-16.77185076,19.2244792
17.15006774,-11.39856874,-14.83011261
12.15897133,-9.84642696,-8.10920366
-9.07521672,-11.33606334,15.48718494
-16.24345774,-17.58553099,19.87293819
17.77926515,-10.65900973,-12.40459566
16.31671936,-13.65707349,-7.23396193
-10.5344091,18.72517348,-15.07758696
-10.13516672,-13.20948946,17.4421224
-12.19945246,-13.45182619,17.76408946
-12.06680638,-12.31328856,18.84794388
-16.65952643,-13.2976753,19.78432622
-11.806794,-15.32441335,17.97694048
19.69434065,-9.56131935,-16.91368517
-9.69365674,15.41647355,-10.42685696
-11.16242553,-14.57053408,19.66509519
-11.0589269,15.54706148,-9.93651913
-9.69590978,-9.77923629,13.17370724
14.7415183,-11.85244882,-9.29610096
16.58416667,-11.46309982,-10.85140731
-15.8641098,18.86792625,-10.3040411
-11.78688202,-10.1722688,16.7505107
17.11280794,-10.47486003,-12.71820021
-14.59297816,-9.95853198,18.48566964
-12.62268878,-14.77879113,17.43835631
14.67981371,-9.80052442,-12.15375713
15.73091649,-11.1706925,-12.43960211
-8.98268101,15.46326582,-11.52358352
18.72082038,-12.83035582,-10.87074024
-8.42143963,11.90808002,-8.80783534
18.54075853,-15.58354323,-10.13966492
15.13719806,-10.10029313,-11.5055843
-13.04578261,16.60455903,-12.17299174
-12.34632476,18.92960164,-12.74984435
-9.44285234,16.10840048,-12.25715417
-10.58679123,15.47851557,-13.0508018
16.74121927,-11.83566415,-10.62750584
-8.90228541,19.88278854,-16.45675284
-9.10715987,15.8672856,-11.38766149
18.27054968,-12.9189476,-14.1989846
14.99401822,-11.85001977,-9.51122591
-11.93940089,19.58266947,-12.63636477
16.94841749,-9.83062189,-14.25678565
-10.74266955,14.73491145,-10.11630438
-9.98183577,-13.86295784,18.02183451
18.95805429,-7.33682322,-16.6108725
19.81412658,-13.56353401,-14.49752481
-9.63506422,-9.49585017,12.07825726
12.80744161,-10.23486532,-8.33130605
-11.95777153,15.53192737,-11.51977593
-11.61751137,-15.86096105,19.32358367
-9.4815038,-8.94101454,12.79705822
-8.73760942,15.80516376,-11.61822615
15.32041384,-12.4118148,-9.21719479
18.71532994,-14.06872377,-15.44981573
-13.22563267,-13.07013591,16.0113623
-14.13645848,19.63752199,-14.72440972
-13.51343333,-14.07340395,19.21304214
14.92165067,-10.8208143,-9.03474866
-13.81996688,-10.79965064,18.33894223
15.69482728,-10.12356458,-12.89885759
-16.76097277,-8.96790649,19.58111154
-13.5193748,16.70517214,-14.25066241
-8.80823096,-8.32335486,11.13472243
19.89363849,-13.36277719,-12.44301619
-10.11889987,-13.27874297,18.92175715
-13.99374532,-13.38815974,16.42300721
-9.88769499,13.221061,-9.93367322
17.10483106,-14.2218588,-12.61543574
-11.18500162,-11.06692881,17.80479537
14.82968977,-11.76534472,-8.14509763
-7.86236489,-8.26272011,11.64086102
-10.29549371,18.041539,-15.32766849
16.6232791,-13.3483234,-13.89488169
-11.88981248,-8.96532298,15.42073645
-9.63457509,14.32008335,-11.55079856
-13.08119048,15.37452334,-10.99740352
-9.18850214,18.87402382,-15.75976388
-7.23839185,-11.29219926,14.06042739
-13.20821672,-10.6549988,18.73575263
16.63004235,-13.15440424,-8.2372123
-10.50821468,15.74774922,-11.64113424
-7.01047378,-6.98193125,9.33766743
-15.18815116,18.73293491,-8.26426138
-14.13972867,18.72004459,-11.90633803
-13.35558906,19.65295514,-14.0675612
-12.96788756,-9.00573905,15.45827236
19.98219803,-12.26440573,-15.17551494
-11.42969531,18.51435136,-12.5296905
-13.44716319,16.61252765,-8.95566684
14.76308624,-10.9894651,-8.96932207
-13.45394283,18.32429347,-10.18431693
-16.95005707,-16.82702321,19.23645718
18.99906357,-14.87260355,-14.21713187
14.68952677,-12.11521938,-8.31657558
19.90001526,-15.95254099,-8.6493891
15.17949995,-8.61199061,-11.56218149
-15.90675298,18.91779601,-16.17090009
-12.86251869,15.48964118,-9.12909775
18.96651318,-11.11300531,-15.47131102
-12.64350542,19.5689,-12.16941234
-11.82338652,-13.22042439,18.15311783
15.53717362,-8.44533705,-13.12899119
-10.75940124,13.24661993,-8.36930076
19.05824574,-9.89351266,-14.18655241
-10.96413532,16.42548654,-12.37528978
19.74474937,-17.26163672,-8.70243821
-14.48405568,-11.85048003,18.34797056
-10.67184832,14.96821102,-10.30901219
16.41693648,-9.15006283,-13.24590783
-12.46155574,-14.82044293,18.70730279
-11.85311751,-9.09953805,14.20087222
-11.2147102,-13.76027892,19.14222131
-10.3651965,-10.5441288,15.7307403
15.84259817,-12.80643198,-11.15508203
-11.13699929,18.64209748,-13.58467326
-16.58867109,-14.16142722,19.96111035
16.96287695,-12.21440636,-10.4817985
-8.48774604,-15.20373722,18.63659071
18.5512441,-14.9087542,-11.82213707
-17.10446981,-10.6529557,19.41476802
-13.11114494,-14.07219094,18.40802715
19.94697667,-16.56281457,-11.48268013
14.11310717,-9.93603589,-9.50004437
-12.95756903,-13.46393962,17.84644098
-10.70782864,17.72093564,-14.58879621
-11.87209562,-11.14138521,16.63161905
-14.11127183,19.61752636,-11.58679143
-11.96096145,-14.2913848,19.77046281
-15.41992799,-7.74860828,18.44399532
-14.70446166,18.23818053,-9.0314708
19.92724541,-17.56767975,-7.14853067
-9.95873131,-14.2005592,17.35676838
-11.82522646,15.2036031,-9.39408695
-12.91030101,18.33805045,-15.44376211
-13.25599473,16.87387237,-13.01503487
18.40922438,-13.59174432,-9.22311946
-8.20906685,18.83603599,-16.08574146
-14.32340632,19.44561846,-16.65987093
16.27805417,-9.19196937,-11.53692239
17.66198291,-13.61412696,-9.51959954
19.39600471,-12.48630894,-13.23834177
-14.69729118,19.99046016,-12.56226588
-12.78352206,18.35521241,-14.87993348
-13.31809762,-7.11771772,15.95579708
19.26306745,-14.95410156,-14.11944975
19.8279983,-15.47121796,-15.14238929
-12.50814879,-15.60834101,19.85966983
17.39038956,-12.98269427,-12.73502134
-8.90302088,-13.10254279,17.32601407
-14.49557083,17.58375434,-9.59741885
-9.78112361,16.05445632,-12.11275692
17.54142376,-14.21284515,-9.23222123
-11.96571917,-14.04125,16.95035009
-8.51646878,12.57010487,-8.56143648
-11.275583,-13.18832738,16.35117621
18.67050022,-14.78121725,-9.84524597
19.48870803,-12.26857315,-16.32814567
-10.36501275,-10.45952679,14.76722342
-13.3518557,17.05939982,-12.42224465
-17.2844894,-7.36870727,19.91296874
-10.51075047,18.9590732,-14.72437844
-14.77215349,18.64517002,-11.87831798
-8.60290642,16.06623187,-12.1325806
-12.31681687,17.38778255,-13.07968741
-16.4275942,-13.10210444,19.8537872
-11.76550444,-13.87981286,18.15775984
-8.45463773,17.93989244,-14.48176529
18.83396324,-17.9650897,-10.15997143
18.10393707,-14.84935249,-13.19723348
-10.68225043,-12.71914412,17.09532697
17.34722977,-12.58238352,-9.88241424
-11.29247629,16.58930587,-12.82621744
-15.91969704,19.18077359,-13.66402356
-9.52780826,14.23588073,-11.81465192
14.08725582,-9.62547807,-10.29499729
-17.23826155,-10.13920913,19.63721265
-16.23206793,19.40216315,-17.03828922
-13.19179519,19.5276651,-13.83611152
15.91347366,-13.49773744,-8.92253797
16.30874739,-13.06899931,-11.47340799
-13.67668059,-12.86336097,19.86173554
14.50045238,-10.4860858,-9.40851351
-11.47098349,-15.28544515,18.39026669
-10.94983315,15.22344475,-12.33576834
16.3669454,-11.98262248,-13.75264569
18.49714311,-13.39987426,-12.52540203
-15.26947311,17.56530506,-11.65720966
18.26356642,-15.27039695,-12.46043959
18.97919702,-13.97716049,-13.14605683
-10.73974038,15.02169476,-9.25947217
-13.22651722,18.05913719,-10.3093742
-15.42331216,19.16520299,-13.57746219
-13.0657075,16.43509973,-11.17847746
-12.26928668,-11.75072693,16.19667641
-16.34465107,-7.47184409,17.78393795
-13.77403436,-8.24042317,16.5014446
-11.26722828,-13.79462784,18.23272824
19.28366352,-9.81776054,-15.24063396
-9.3406863,-13.02114549,15.69229531
-11.70579958,-10.9442232,17.69028457
-14.41766386,17.53782742,-10.9731157
-13.22749892,-9.32645588,17.12754238
19.41036311,-9.27789695,-17.18340773
-14.85760359,-12.31548446,17.63955937
-10.04046493,-15.86552966,19.83252617
-13.52422115,-14.25232795,17.02139416
-13.37518892,-9.14003058,15.8184289
13.50648339,-10.35969638,-8.69407508
16.14445793,-13.43709594,-11.36823068
-15.27424698,18.78163687,-8.52745926
-13.13051023,16.86342558,-11.41527592
-10.16954224,-13.50838541,18.39608783
19.38456119,-15.14296101,-11.11716101
-17.53250894,19.94576204,-6.9973273
-16.19608487,19.96434383,-11.7631353
-16.83368785,-7.73513668,19.65914186
-10.2371627,-10.15076693,13.91818565
-13.98694508,-15.85121272,18.95727971
17.52922284,-11.7777955,-15.0236787
-12.02300571,16.7792857,-10.05233283
-11.13303775,-13.55457883,19.95641488
18.39157628,-15.77681119,-7.86422744
17.20426292,-12.89567157,-14.6139417
17.64898023,-14.76117424,-11.57486206
19.27071126,-8.28632261,-15.67632781
19.00789782,-14.98208838,-10.59252091
-18.94439839,-9.21884281,18.79312308
-12.43793844,15.40390238,-11.94580519
-8.52454581,-10.01653882,13.50818508
-16.93510609,19.82599983,-7.9368082
19.74782835,-11.67585916,-16.41850377
19.05199881,-14.37705664,-10.77319313
-11.93128607,-12.16891643,17.86341957
-7.45912118,17.23241895,-14.96575126
18.96936954,-15.30045867,-14.45054968
-12.36311158,14.77303792,-12.29818352
-12.5590487,17.20583406,-10.38544276
-11.07089492,-14.88235357,17.36860714
-17.17850001,19.72635283,-11.16569362
-15.07585286,19.02292955,-13.18677607
-13.04383966,18.10277495,-15.81330042
-16.19284896,18.93490595,-11.41381002
-10.93568413,-13.20381608,18.20473822
-10.73391953,17.95376189,-12.90036404
11.93234732,-8.09999251,-8.29214736
-12.15998673,-13.2217054,18.78443673
-13.30370338,16.36597696,-11.78578454
-17.04374151,-16.57730219,19.61063125
-9.91915794,18.14896123,-14.15858605
14.84042725,-9.52923087,-10.64830083
-15.45118707,17.95272955,-7.01818864
14.68819049,-11.47830808,-10.24198913
-10.24833251,-9.56097611,12.66468292
19.10335739,-12.78806296,-15.19089989
-10.35732091,12.68690352,-9.70978559
17.28615205,-10.14208651,-12.3826654
15.56472015,-11.17378459,-11.11949934
19.04055113,-16.10201003,-8.13529885
14.6386179,-10.34103369,-9.91603103
-13.04158127,-12.58598263,17.82262463
14.20867362,-10.67536075,-10.46780769
-7.60629288,16.82955336,-17.51943899
-14.51505225,-14.09174265,19.59096104
-13.23775263,17.55246419,-12.26441321
-16.52517284,-11.12925408,19.55165922
-9.07028785,18.18007758,-13.67183108
-16.07530525,-10.08899738,19.20917874
19.92534837,-16.30768107,-8.94856811
-10.57862967,-15.53613473,18.16591971
18.74269342,-11.9419338,-11.56627144
-9.96382869,19.61118815,-16.49177049
-9.9990986,15.97200441,-11.55169846
-7.05074681,-8.678391,11.04724411
-12.06429694,-13.37706403,18.76708003
-9.44698628,-12.27137687,17.09457154
16.49981813,-14.11441871,-9.02301069
-12.86067343,-12.6353044,17.35654006
-13.86935909,17.88696326,-13.65923282
-7.11187025,-11.70939349,14.28143254
-10.31918734,-10.89514207,15.72514685
16.83485494,-13.30300439,-12.24210747
-12.15578761,19.32063093,-16.47446181
19.75817639,-15.88256406,-14.78307678
19.85893973,-12.80581723,-12.66649334
-11.77736835,14.50590503,-9.48152729
16.81654516,-13.16139969,-8.35317199
-11.31209235,-13.11433942,15.7718208
-12.52979652,-9.48363564,15.4249522
-10.54679101,17.42799926,-12.16302516
-9.6432263,17.3269406,-15.10242516
-14.70009776,-15.68795593,18.847296
-8.2895514,15.95393553,-12.55988662
-12.98123135,19.27728015,-15.57631822
18.25431635,-10.27167787,-12.90952984
-10.43400878,-14.3771996,19.68413054
17.41384744,-14.32407017,-14.33865547
-11.46711695,-10.13806401,16.79518217
-8.88420186,13.53898226,-10.18091026
-13.48590964,-13.85500101,17.52772616
-11.03350759,-12.33763516,16.54602093
17.95232433,-12.3379283,-15.57548149
18.89190214,-13.65403471,-16.23542364
-14.92499244,-13.55998644,19.66995871
18.43741104,-8.53976441,-15.54275208
-12.60998918,-13.67261272,17.4396606
17.64110204,-10.99830863,-12.63761854
-14.54260842,-13.58016236,18.74162491
-11.46190489,14.99130941,-8.9731584
-13.47759911,17.84135371,-13.52446007
-14.58287554,-15.17938169,19.15174614
-12.15138807,19.33693579,-13.40563848
-12.94661206,-10.12046818,16.72595966
10.51387953,-6.94362843,-8.04762132
-14.18612974,-11.32684621,18.5749039
-15.03196609,-11.26433398,18.22436134
-8.69813331,-10.36380202,13.2019307
-9.09097888,16.62196965,-11.95660235
-13.6396571,-8.00729733,16.52144212
-9.96278742,16.44786274,-13.41606835
17.82210269,-13.41354296,-11.82914327
19.5177213,-14.11963993,-10.79039763
-16.62964873,19.93721128,-15.87285271
-12.9515649,-11.96590115,18.30077733
-16.16101218,19.16182869,-13.88170828
-7.54428466,-9.5240963,12.23236735
-14.4657458,-15.41556967,19.07542508
-15.01961176,-12.98787842,19.13779257
-8.95505773,-10.90143082,14.39363317
-9.01649951,16.08757628,-12.28421637
18.05037314,-13.01789416,-14.16231911
19.361097,-13.7597312,-14.69464661
17.82232802,-9.89011919,-12.74053246
16.70722799,-11.82354215,-10.80866835
16.1676643,-10.02441726,-13.45900788
17.59131755,-10.37444067,-14.78618694
-10.96993414,-11.2688544,15.35821131
-12.97871061,15.55347316,-7.16801923
-12.86002902,16.73785379,-14.43361388
-10.52643133,-12.28874542,17.87295562
-14.43275563,-13.77116589,18.30398535
-12.70843091,-15.65700488,19.8081954
-12.03971709,14.7392951,-9.286122
-15.80781053,-10.61579241,18.52664004
-9.79644168,18.84119095,-13.70462273
17.62372882,-11.45004091,-10.65478294
-11.22750434,-14.74110174,17.43101098
16.79961909,-12.25092715,-13.52312447
19.42161026,-12.19732457,-12.51148278
18.69080694,-13.77293,-10.66980965
-15.06639287,-14.06910304,19.74540307
19.50526028,-16.2214227,-10.52891262
-13.89749867,-12.32473697,18.72068387
-10.78291788,13.92638877,-10.41899523
-10.53142775,-9.2625485,13.58912599
-11.66058395,18.13409628,-11.6833478
17.42230708,-10.08776401,-14.31236251
-8.12657574,-12.0040947,15.54136407
13.24297271,-10.34736444,-9.48298243
-9.49616691,-9.89282652,13.61608479
19.38847564,-7.47795155,-16.61522188
15.71538548,-11.33539689,-10.73153385
18.92519228,-13.62565441,-16.29531535
-12.10971215,16.66260199,-8.98290114
-12.43811811,19.33935522,-11.76042415
-15.38675331,-13.98977747,19.51281626
-10.71226336,-13.21478992,17.51232147
19.55372882,-12.97209349,-11.28551427
-10.17371828,16.3896535,-11.13619839
-9.50091177,16.40910906,-11.32870524
-10.34263587,-9.05675281,13.53479584
-8.26565193,12.53124635,-9.09275334
-12.8639094,19.43773523,-15.22718195
18.11800853,-14.66793762,-13.23445797
-12.36404047,19.18749641,-12.43838255
19.97177598,-16.74449092,-10.37519864
16.38986185,-10.75071777,-12.70641364
-13.17742039,-12.96119378,16.63775999
-10.42014818,-11.53685841,15.9746498
-15.07738136,-14.47323619,18.04330671
-13.05465384,-7.35338408,15.76269789
-12.86519031,-11.78477106,16.68193449
-15.1590695,19.85610411,-15.7726484
-12.05468033,-11.90360938,15.61063695
-13.67717275,-10.0341101,17.4915227
-16.0937642,19.07224235,-11.54888524
19.41987687,-12.05684823,-14.70764115
18.81422942,-14.50316098,-14.26953076
12.18330713,-7.51920683,-9.89384972
-16.18411556,18.41129927,-9.48042797
-9.17326824,19.34657372,-15.07069878
17.12760785,-9.32827111,-12.30535503
18.6920165,-9.87800036,-16.26347653
-10.2074943,-16.8806622,18.67623832
-12.6720523,17.39599732,-15.01108631
-9.13157453,-15.38255266,19.14658803
-9.95223651,-14.40632281,17.93925346
-12.0075589,16.58651818,-12.89473268
-11.70590584,-14.4973555,19.40301948
15.35934331,-8.77597453,-11.21574709
-8.13067912,-17.06641544,19.63480243
-9.880516,18.71419553,-14.80983581
19.66390506,-13.97140799,-12.1776262
-14.33763756,17.43602281,-10.36879383
-13.77268563,18.12968544,-11.51206361
-14.18018856,19.1628893,-15.56329893
-14.9676982,-15.10794827,19.55289034
-15.78896171,-15.62864581,19.27063098
18.58124891,-10.77817267,-14.73633558
16.91699534,-13.70796732,-10.93508672
-7.46608261,-13.89856852,16.10551155
-9.99925144,18.76800198,-13.4098259
-10.1338714,17.55857084,-12.47201871
-8.88175567,17.3894686,-13.69390497
-7.59028586,11.66814037,-8.77766874
19.477259,-12.83188369,-14.46540028
-16.18151409,19.82603614,-15.50045186
-9.33904362,-10.80807395,14.31865952
-15.69017973,-14.87739579,18.62252615
16.77067328,-11.2047498,-11.28541051
19.7668479,-15.62614863,-10.19183331
-11.86815917,16.05809326,-12.45529858
19.33937005,-15.17270841,-13.14239957
-12.84574878,-8.05185601,15.60929472
-14.00215184,16.84918185,-10.14079768
-11.33592366,-10.49989687,15.42250402
-13.81857039,-9.37519811,16.41709811
-14.70086523,-12.85838383,19.46456864
-14.5136127,-9.20365269,19.32144798
-14.23687919,-13.23653157,19.74542765
-8.60325349,-14.05166007,18.03813546
19.75768256,-14.46803314,-11.96447173
18.99194666,-10.64594809,-14.07364918
17.34571839,-13.51778085,-9.91681824
-10.13969959,18.03503667,-13.67259315
-10.07473242,-15.69891083,19.69915616
-15.0426552,-10.58486861,19.10867722
-7.47423282,16.78390343,-13.84393267
19.38896739,-14.25088864,-10.3517053
-8.82336628,-8.89033415,12.70615803
14.66542596,-11.55968598,-10.97639673
-12.00702778,-13.64781392,17.23200812
15.45062012,-11.45255007,-12.08205673
-15.08640701,-10.29100838,19.93007964
-13.87347226,-17.12004861,19.39294544
-10.37955917,-9.94812291,15.3192717
19.61186377,-16.62624751,-8.15024776
-15.62290831,-10.64230412,19.65303944
19.66737918,-17.31222188,-11.52073677
-12.56150286,-12.17886834,16.52477421
-8.16590909,14.52942927,-11.86850103
-12.98670503,16.69106103,-8.71249684
14.25522233,-8.94191948,-10.15870279
19.60951489,-16.01202718,-12.67950213
-10.17537128,-14.76091968,18.51326232
13.22836981,-9.19589422,-8.9181827
-15.00323125,18.91007986,-13.9434399
19.83992026,-11.50980436,-12.97287042
17.42432361,-12.40417743,-13.83977283
-14.625336,17.65388631,-14.02183261
-9.40685571,-15.53076335,17.88232717
18.98504368,-12.98838372,-15.06868817
19.15518747,-13.86766629,-14.92899816
-11.65323383,-9.24150276,14.56093288
-13.25253025,17.92619216,-10.47771724
-13.08188398,19.75081885,-15.65360709
15.19713814,-8.04350982,-11.71335692
-9.99262694,-13.68881851,19.10115602
-11.54301941,-11.41505613,18.14972624
15.61294877,-11.69645244,-10.75294901
16.98189027,-13.24088242,-8.73057182
14.87846772,-10.94616028,-9.87925857
-11.11668783,-15.67385021,19.22152162
-10.18225979,-11.77793431,17.03163998
-16.84174862,19.45050462,-10.11821222
-8.8536079,13.50569032,-9.32225713
18.72147615,-13.10754249,-11.47543451
19.88863028,-12.84167627,-14.07237728
12.99640712,-6.98572468,-10.50259555
15.19125296,-8.17170843,-11.42794652
-10.48908976,-12.05659293,17.61285959
-10.44831883,15.29744384,-11.20371022
-11.98109902,17.45928424,-13.28107159
16.76660498,-14.4335498,-12.50444759
-14.7521674,19.76077426,-13.03431819
-12.26027564,-12.78991024,18.96374424
19.99756828,-15.0190179,-13.62422785
-11.07976729,-8.74137605,15.0457478
-13.29784179,-13.24715955,19.92972909
-13.67788383,17.61884435,-13.58074797
-11.51080671,15.24112898,-11.80981084
-14.60710221,-15.65649155,18.52017791
-8.55802276,14.10211818,-10.74039398
-13.83779454,19.8619308,-17.27150299
14.84711118,-8.45463467,-11.55797823
-14.019386,-13.19029301,17.27467908
-12.72605842,-12.73118741,19.07917307
15.42230348,-9.3780782,-12.94168565
-12.98275326,16.02861152,-12.77876889
-10.8043452,14.1266045,-11.24750551
-17.13952451,19.83702211,-13.46100911
-14.44448289,-10.81565728,17.14460152
-14.04412867,-10.12807807,18.48917919
-13.62374838,17.75364328,-10.29112015
-10.09225069,15.40655298,-13.17366653
-13.27214855,15.60737755,-12.63363864
-16.69037357,18.70571289,-13.1929651
-10.7881095,-13.72148969,19.92919776
18.26102928,-12.1879499,-11.3464561
19.22239021,-13.56628701,-15.32143106
16.3875172,-9.21756804,-13.19965134
13.77819041,-10.94570213,-10.66132383
-15.84841562,-16.08523405,19.24385503
12.68181104,-9.71787338,-8.17378068
-14.45350247,17.03353399,-13.53960623
-11.78343807,-14.60512323,17.035987
-14.06631326,-15.71404585,18.05900245
17.68891254,-11.78572408,-12.44483025
-8.85389824,14.75713226,-10.83140184
-10.9207492,19.42503141,-14.51439304
19.19836528,-15.8681597,-8.98463641
-15.26131635,-11.27252717,17.5864908
-9.62735964,17.59963524,-14.12967831
-14.73213941,17.05817509,-6.97787583
18.35903938,-15.10484198,-9.4333045
-10.98098842,-10.59420773,13.39750591
19.81090259,-10.61435915,-16.25920382
-13.54311882,-14.07786937,19.18034459
-12.78394433,-15.13955394,19.99977653
-11.92501626,-10.33610398,17.58840711
17.97591767,-12.44170254,-11.48742356
14.64509435,-11.18048818,-10.4674559
-14.20135615,-9.73390884,16.74634805
16.93506026,-9.57695868,-12.62588887
15.42650945,-9.58146397,-11.00420419
17.06872177,-13.59753201,-7.98607726
17.36985084,-13.30843762,-12.82887124
-12.38470372,-14.87145834,18.25770999
17.10000437,-12.30727801,-14.2076765
-15.69066018,-12.8714898,19.74140879
18.38897334,-15.86209418,-15.13836661
-13.58861739,17.2629558,-10.71683954
18.87705049,-8.6397311,-15.06493008
16.22699447,-9.96988737,-11.29520776
-8.71865376,-12.72848351,16.81239863
-9.85346637,17.14375757,-13.98592112
-12.13012249,14.46046252,-6.84489387
18.56408657,-11.47522619,-13.75796116
19.90332175,-11.01471426,-13.29317016
-10.65890367,-17.02637515,19.79132326
-9.9307874,-10.76107425,15.89883032
18.15472533,-10.09506934,-12.72487708
-11.33875662,15.02895396,-9.22519856
-13.84337597,18.54168628,-15.25233414
-9.78347398,-10.98927346,15.04881262
-16.25994207,-13.06095006,18.90666998
17.12725195,-14.43730712,-9.38691252
-12.46352782,-13.79506303,19.91283862
-13.46167358,-14.53839219,19.96523769
19.93021123,-11.82755158,-13.86783345
-13.48284852,18.5702302,-11.86200123
14.39528126,-10.37154705,-10.8329659
13.78822091,-10.88890421,-8.34776048
-12.50694276,-9.99200332,17.67628131
11.6831749,-8.67623509,-8.18388478
-12.09391012,15.15633198,-11.27534206
18.15452658,-11.27088537,-11.80681162
-14.96094782,19.23581534,-9.41065935
-10.3166634,15.90598189,-12.496896
18.55400121,-10.55330142,-14.85079601
-14.24769755,-14.57063273,18.49538551
-10.42971569,18.1892918,-15.13860594
-11.91450965,-10.39174189,16.78235434
19.20032262,-12.07394765,-13.50390207
-13.02467975,-12.89679196,18.87748143
-12.33973387,19.50867575,-12.59260884
12.34648426,-7.22328558,-9.6508805
-9.66453979,-15.96346025,19.26083023
-10.36601431,-15.96485375,19.0228212
19.56709902,-14.20078814,-13.14341021
-10.75536038,-13.19236856,18.44554979
-10.32966048,14.2524045,-11.22364276
-9.09196674,-9.75956047,13.46787537
16.33834284,-9.5050339,-13.69059995
18.58670646,-15.80559436,-7.40019069
-13.69871062,17.25031371,-14.40478215
-13.93801215,-15.58690818,18.91585547
-11.32226021,-13.5858364,19.77528434
19.55095152,-10.39564496,-16.88367934
-10.00402602,13.65165375,-8.19330036
18.48861398,-14.20868006,-10.62992808
17.73574805,-9.47428927,-13.11372745
-11.72173194,18.79654549,-11.57045037
19.58196438,-9.56289099,-15.91775014
-11.27815185,-11.18640617,18.05435682
17.79686395,-14.32258286,-11.94800788
-14.83936868,-10.32587837,18.26382169
12.61613952,-8.98391874,-9.9660701
-16.31808872,-10.72904565,19.37977299
-10.80403788,-16.0595817,19.70841085
-11.25657783,16.39199888,-10.71617038
17.67789049,-13.90548701,-8.966244
-10.50184055,18.73518053,-14.62686031
-14.46968942,-10.82003295,17.36565266
-12.71062875,-16.26444237,19.23419018
-13.0560412,16.75131465,-13.71939686
-9.79271473,-11.4748068,14.3968459
13.57813237,-9.87518479,-10.54896499
16.48060911,-12.58312855,-10.27901127
-10.42928122,15.59239923,-11.93638615
-12.10170303,-14.09134075,19.68981363
18.74807105,-14.7008213,-13.28536498
-11.58241551,17.50941602,-13.6575693
-12.106296,-12.04300029,17.87308109
-13.89407658,19.97163066,-11.23782713
19.42751041,-13.32794401,-12.21293077
-12.839173,19.13138286,-14.81490933
16.71029729,-8.59823681,-13.03324261
-15.35623734,-13.12694802,18.96704179
17.36054063,-14.4931687,-8.8582828
19.89519433,-15.04452943,-13.79726384
-13.98577753,-10.30083793,19.66203512
18.06325684,-14.11294585,-14.83944577
19.4844444,-12.6698131,-12.35514808
-9.68243136,19.57079601,-15.18209242
-10.94089024,15.15986667,-11.07003909
-9.53520315,-14.30346042,17.8661806
-12.01467309,19.77397756,-17.06438682
15.95808436,-12.75141981,-9.68665278
-9.87039695,13.54355713,-9.32319856
16.57714669,-11.85127746,-13.33554779
-11.93130259,14.60676739,-8.49701357
-12.67662715,-11.4390585,16.03473516
-11.04254109,16.39548713,-12.25861587
15.83851489,-11.45327908,-11.65512398
-12.71851667,18.46115612,-13.74540766
18.71164056,-16.10399645,-11.25969988
-13.02702372,-13.00279414,18.17762345
19.87734378,-9.59253635,-16.97860933
-15.34340383,-10.16380599,16.09039802
-10.10121463,-11.29518416,16.7832537
-14.29135509,16.99923704,-8.03057811
-10.36082741,16.8904965,-12.9427076
-13.84070446,19.62488603,-13.16074164
-8.41375061,-11.37259855,14.37915897
16.96567909,-8.34618548,-15.53198114
-13.74405504,-12.75447315,17.57788701
-13.08906445,-10.42582786,17.10282054
-14.8128457,-8.16846034,17.29939944
-12.15683293,-11.38220287,16.50518824
-9.54810219,-7.62132389,11.90036038
18.8663052,-10.09746649,-15.62070986
-10.49546778,-14.27930061,18.02235022
-11.72814141,-11.79690009,14.91753024
17.28234873,-11.23745292,-11.28395453
-16.18695023,19.47704437,-14.05040132
-14.74016182,-15.38340743,19.592852
-10.21644718,-12.16297288,15.5897766
-13.44204648,19.40266904,-11.50771135
17.79217727,-14.12473398,-15.08335822
13.30857657,-10.41439493,-9.99334495
-8.49853239,-10.50700786,13.36655751
-13.28724701,-13.98714989,18.92079255
16.7468491,-8.95858407,-13.63310984
17.06785355,-11.20363252,-14.49132473
-13.34761092,16.12329352,-13.27495843
18.4298901,-13.69097216,-16.13615172
-16.02317392,19.35868079,-13.1409517
19.75613474,-12.6653517,-15.84313042
19.40820066,-12.57554432,-13.16567243
-10.17591598,17.89035847,-12.22909309
-12.73728906,17.08832798,-14.01404579
-10.83009578,16.08646175,-12.94035337
-10.01686487,19.73054142,-16.95417828
18.83428273,-13.64969255,-10.65872584
17.53590568,-14.37170154,-11.35627651
-7.91117488,11.47807567,-9.26054476
-8.9948999,-10.9248833,15.02807699
-16.48792672,19.18589383,-10.89367196
-12.68425204,16.25486426,-8.32631858
19.7309335,-8.28897242,-16.79742471
-12.86938261,-9.71256989,16.34031162
18.96078868,-12.34556033,-16.05770548
-14.09264163,19.88945811,-14.48200091
-13.80155048,14.98384212,-9.29625126
-12.9383187,-13.61969479,18.07351163
18.39412967,-12.27462942,-13.53923446
11.27285152,-8.13090321,-8.44175297
-10.02687657,16.10947414,-12.09490186
-12.98505369,-11.1232437,18.78744576
-11.7474641,15.74018064,-8.52543519
-9.46668446,19.79135128,-16.07336382
19.15990619,-11.07507365,-14.97589446
-12.74304059,-9.84182862,16.48894634
-10.33512356,-14.36117891,19.71017119
-14.45806047,-14.6991492,19.29582277
-7.85003929,13.12788303,-9.77574296
19.06865289,-9.54828151,-16.48761072
-9.89161585,-13.64729459,16.21811468
16.43403194,-11.43071893,-12.58592021
17.49358427,-13.33052677,-14.83318626
-8.21703682,-10.83206135,13.1951007
-14.59502704,18.25663757,-12.8150336
-13.05814218,-9.44059685,15.48390704
-11.79185859,19.60694929,-16.28340921
-11.4085139,15.04275245,-12.43882647
-9.28749315,16.48300441,-12.5708493
-10.73053781,-8.06181299,12.92039696
17.45096769,-12.45172984,-14.0366356
17.73311733,-13.17018268,-10.80966658
-12.55331041,-11.56668196,18.72091177
-7.80705496,-10.51384815,13.30939099
17.81328212,-11.32659072,-14.12763848
-12.68502031,-13.1632109,17.63469867
-12.27840417,16.76745609,-11.75479542
-15.35522866,18.50989908,-13.42779066
19.31733102,-13.68657522,-11.71091464
-15.27388803,-11.73484082,18.68823864
-11.06779772,14.36681165,-8.34546333
-8.96812036,13.77735554,-9.38097014
18.56595802,-13.21660983,-15.70229011
18.05457139,-9.5667543,-15.84881552
12.0051404,-8.59379701,-9.05665745
-15.26088031,19.69609052,-14.21556435
14.48464303,-10.17514356,-10.39153824
-9.30300921,13.69714538,-9.63398571
-8.83066272,-12.56309875,16.11711634
16.69440138,-11.64025269,-12.54531715
-16.34335004,-16.21977271,19.57386138
-10.87994301,-11.75762539,16.09983446
-14.60776022,19.19495816,-13.42117596
17.71930269,-15.14637137,-14.05539923
19.67365857,-16.64831895,-10.92266756
-10.61305356,-10.46789018,15.94440082
19.88387088,-16.08353678,-12.25273816
-14.31222112,-10.16960347,19.87320644
18.4741887,-16.03435058,-8.11602206
18.44791103,-14.51508674,-10.10995014
19.326518,-14.12324019,-14.0493129
-11.76633971,18.41415414,-15.6963912
-14.78634873,19.64870609,-14.48057654
-13.99419069,19.00432122,-13.94247346
-11.32852602,14.06671782,-11.11935205
-12.96053911,19.4599841,-12.39989802
19.95794311,-16.11717492,-14.5579372
-11.89029924,-12.80719743,18.7527562
-15.29685593,19.07328944,-8.95295509
-9.29888017,-14.07664989,18.5904151
-17.01062333,19.90812728,-15.14298963
-8.54564813,-10.39648987,13.4740496
18.31518496,-15.77311912,-15.22510771
-10.78864658,17.60060732,-12.18333119
17.59657288,-12.78388781,-11.59739824
-11.15893266,-8.29322568,14.9285618
-7.87576301,-10.74329195,13.93485498
-10.92134743,-13.35838189,17.85872972
-13.61720557,-11.0584658,19.24516449
-12.47398323,-10.48661175,18.14969187
-13.70023853,19.96488952,-11.78434835
-11.3862542,-11.06796362,16.53319979
-14.09846355,17.55916009,-8.19631854
-8.96338008,12.9957651,-10.32241807
-11.77877027,18.38456462,-15.9131739
-14.62461079,-14.68980008,18.58441126
-8.61212577,-15.29424419,17.84225123
-13.79259251,18.20122004,-13.82022858
-11.96359946,-13.18743015,17.8903605
-7.86688141,19.18584192,-16.02985931
-16.91217268,19.99567291,-11.34402732
-10.63715191,-10.36700826,14.0564979
-12.38674535,19.19778169,-11.51087699
19.39027385,-16.75713677,-10.0787551
-12.406711,-16.44066732,18.8040144
-9.65672044,14.67085784,-11.88213672
16.71574433,-9.08680504,-12.06378671
18.03470506,-14.92539144,-7.65906903
-12.07755343,17.23335354,-12.64104732
16.31205522,-13.25215773,-9.89433284
-13.36968306,-9.12645785,16.75299924
15.48772704,-8.63572099,-11.64084754
-12.30567391,-13.50103183,18.61836774
-10.34052021,-9.87353413,15.31440948
15.15879166,-9.30261101,-10.37144313
-10.39453091,-14.86072137,19.35097724
-11.20746323,18.22249645,-12.60210021
-8.430005,19.37246237,-15.54803731
-13.41694524,-13.22007018,19.62249028
16.66003056,-7.64935206,-14.33342624
-11.8414503,-7.39082672,14.37782847
-12.16850251,-10.75045741,15.83534555
-13.00843449,-13.90657369,18.04690994
15.82498614,-11.53316232,-10.98895629
-11.81686254,-16.125828,19.092489
-11.78758248,-10.2227418,15.3765355
12.89106788,-9.60433574,-10.12883066
-13.99084627,17.85705104,-9.54461761
-12.45854836,-9.78316575,17.2494666
-10.57532282,13.11795821,-10.15681687
-12.17229601,16.29511136,-12.58595659
-10.61950845,-8.31050056,14.03354286
19.52900494,-10.75538382,-13.31969412
18.61376795,-12.15431872,-14.82390456
18.09633065,-12.20908663,-12.8377736
-16.5816968,-9.22075664,19.94590636
19.00392832,-11.04896079,-16.43402664
18.18379597,-14.62418181,-8.26478912
13.97415146,-10.27012326,-10.47033888
-8.67901444,16.08315951,-12.24649459
-12.77325985,18.08398733,-11.30203916
-6.87850783,16.1735767,-13.8215485
-13.27657209,-11.39729767,15.73919623
-12.00304199,-11.20350293,16.64081143
-10.84545716,17.59266833,-13.46147205
-13.88542708,-11.09451126,18.40811993
-8.87392883,-12.90984109,15.78628842
-13.72421663,18.33995092,-11.14377233
17.14120928,-13.02664807,-12.39924494
15.70769966,-10.41197333,-11.04256879
-10.25354402,-9.16406504,13.0690753
17.3911134,-8.68453837,-15.09430339
-12.82970562,18.63081948,-12.98257196
18.77694411,-8.97509021,-14.65773463
-12.50214828,15.18461096,-11.31926322
15.05742122,-12.42174469,-8.25053779
18.07603238,-10.94805135,-13.76730269
-13.68353434,17.18653029,-10.72087858
-15.51099826,18.65727757,-10.30865576
19.21945898,-14.38487725,-10.79394787
14.75963616,-11.49190293,-11.07683956
-8.37084105,17.21717334,-14.03692187
-10.40772807,-16.55886398,19.71674372
-14.99869794,19.52890231,-13.25792954
-10.94339923,-11.95496387,18.03413504
-11.89778562,14.56750469,-10.39619662
17.96992118,-13.40773238,-12.48696952
16.31624123,-6.78852037,-14.23849421
19.20064184,-9.35545212,-16.6184409
-15.54557347,-7.93780124,18.53908832
18.213875,-11.47360123,-15.43606098
-14.16553147,19.73633848,-11.71970481
-13.08763888,17.83469268,-13.8153269
18.38572042,-14.69962853,-14.54775868
-11.720711,18.38695245,-13.94369382
-9.35838047,17.35835903,-14.339293
-9.08043696,16.32058506,-13.53398634
-11.4086964,-12.82646087,16.39050246
16.4245001,-11.63092092,-11.19636536
17.71565395,-15.35751708,-12.81552669
18.8030547,-11.26090351,-16.24785978
19.78727528,-12.03689184,-12.31068107
-11.34417341,17.81588729,-11.44808914
-10.1779428,13.57568854,-10.26738001
-11.49154568,-14.00668366,16.55503421
-11.22306768,-12.44897176,16.60672399
12.04656765,-9.58443489,-9.16810569
-12.06111672,18.20838249,-13.58777769
-15.98098007,18.63694868,-9.52598372
-12.98910663,-12.49538312,19.04360061
19.95096903,-15.74075282,-13.26907106
-11.76826858,-12.65907134,15.39624502
16.78308855,-9.80999545,-11.76302345
-12.22141659,16.81691606,-13.82479918
19.96547245,-12.77893589,-16.80522979
-9.66128792,16.29294642,-13.33412643
16.49857561,-11.78845187,-12.15097053
13.52436974,-10.34782792,-11.15924237
-14.4419375,19.88055043,-11.45173536
13.73873529,-11.16793533,-7.15470668
19.77043198,-14.92734811,-10.89652306
19.59928435,-15.37790723,-10.74858848
-9.64696032,16.11895951,-13.59627849
-11.41090244,18.17422692,-11.90584787
19.67292924,-12.69764102,-16.8983027
-16.39531205,-12.00428001,19.6231999
-11.24422711,-16.10732718,19.97947362
15.26342815,-12.67604564,-7.92431514
-11.33923593,-15.35628537,18.34309339
-15.86157234,18.38910239,-7.16631363
-8.56254503,-13.7183124,17.64527198
14.5804853,-7.4599763,-12.28980654
15.66588086,-10.76429316,-13.31987362
-14.81163699,19.14135756,-14.86914355
-12.95551091,-11.95076658,17.2016652
-11.20437172,16.61266266,-10.86986866
18.61452893,-12.59674542,-14.53444364
-16.1499298,19.60177003,-12.19532061
-15.84177552,-12.22530863,18.85804344
18.3505007,-12.39658567,-11.70838635
19.28663254,-11.76208844,-15.7338645
-11.83586247,15.32157694,-11.19264139
-11.04471946,-13.78248994,19.21830068
18.25203859,-14.6928181,-12.12355368
-13.56076513,-9.5926838,16.07363491
-15.54660122,-10.40208893,18.4176283
-9.41955691,16.26934644,-12.72989853
15.75865981,-11.18832326,-11.35968209
-9.28790176,-13.80334943,17.34508286
13.64796637,-9.01885398,-9.53644587
-15.27271705,-13.89798309,19.3908248
-14.48764395,19.1374864,-13.30941249
19.37278243,-11.52478582,-12.68642926
-11.63330453,-10.24655934,17.00332808
-9.96292849,12.63255941,-9.69005754
18.56727099,-8.88661622,-14.43731548
15.46517106,-11.63184975,-12.25208142
-10.91802507,-15.55883472,18.62763972
-11.3065544,14.65364428,-10.27892586
-11.15410116,16.39446428,-11.71318119
-14.10450873,-13.89211703,19.19130917
-9.1705402,-11.70538668,15.64660751
-12.60964031,-12.93587038,17.78786348
-14.4199626,18.21102886,-8.26818653
-9.36790627,-12.94655491,16.94084041
19.75260089,-11.70701145,-13.685743
-10.60285212,-14.46473251,17.0124135
-12.14893998,14.59012027,-9.45667104
-9.19967655,-7.68274882,11.54908447
-14.63779947,19.65133316,-14.33198132
-7.94987435,-13.37187164,16.05538966
13.62562404,-10.84312469,-11.15805012
-14.48203389,-11.88906525,19.88901715
-13.23128067,19.31729915,-14.67835204
16.97915724,-10.4863276,-12.1678156
-14.09979054,19.48245027,-10.8885028
-14.55465828,-16.00443115,19.27225665
-13.63183093,18.10923987,-10.13271257
-17.18201738,19.41704336,-9.82979195
18.62579562,-11.87788214,-13.42485858
-11.47770467,-11.82362944,15.68861039
16.0709971,-9.21913645,-12.84090647
19.69652596,-8.69470966,-17.13148333
-11.36958492,14.91387051,-9.02386836
-11.61745203,16.56187571,-13.80740092
17.18513141,-12.88344528,-11.430108
15.02710517,-7.51762764,-12.81078227
19.42511326,-13.5435933,-11.80541508
-11.1241212,13.57140703,-7.9636742
-14.28732425,-13.83796831,18.56579799
-12.95553322,19.74627893,-17.00819955
16.51430591,-11.23067429,-11.45872122
-14.09744376,19.92479814,-12.58114944
-16.08898245,19.21119095,-14.92543302
-13.96181833,16.95182536,-13.75934316
-16.58446765,19.77228721,-7.75557512
-15.30765971,17.65192262,-10.44160385
-10.87077925,16.3461886,-12.50877623
-11.04965708,-14.41024759,17.99306896
19.51193771,-16.90728371,-15.29345274
15.45944815,-12.0899724,-12.29896568
-9.7832547,-14.78702307,19.96469408
-14.08911208,-10.33509508,17.28350107
13.550139,-9.65767823,-8.70017978
-12.9233886,16.0327069,-8.17491077
-13.09695396,19.4937657,-16.8357952
16.26517313,-12.98151882,-11.58553992
-9.63048907,-11.16487257,13.42674231
18.94861961,-14.71537697,-12.89145007
18.80479044,-10.41343926,-15.8240352
18.99117544,-15.15364636,-15.93046593
-8.18983859,-13.89505052,17.05118096
16.85375236,-14.36760657,-8.02699965
-10.15396544,-11.32377185,16.66752058
-12.20821896,-9.67940744,16.66024923
-7.89981523,16.04143517,-13.80492704
14.87746764,-8.92571337,-11.13571009
-9.49923049,-9.37926526,12.65325158
-15.02323484,19.41563565,-10.42601049
19.62169003,-15.38877475,-9.49034233
-11.44425757,-7.53298335,14.49643304
19.16112162,-11.85416195,-14.80228966
-11.29222745,-13.19723295,19.17190141
-10.0349166,-13.37442634,18.85538878
-12.46686716,15.74394589,-10.03254391
-10.19116013,18.36369979,-14.34153381
18.5789377,-14.73528466,-11.76813285
-12.67396448,15.08538233,-12.354517
19.47257736,-14.43482874,-15.53121447
-15.53798458,-8.57985104,19.50404159
-15.50517897,17.78805352,-13.34111944
12.64596413,-7.27100959,-10.10949135
15.94136963,-7.62314849,-12.94788091
17.68578328,-14.50349194,-10.69347933
-8.365947,-15.45253573,18.03633051
-11.23559998,15.82004869,-10.13250179
-7.70746174,19.80052893,-17.49772433
-9.58794766,19.9329683,-16.65069069
15.09974738,-12.41970494,-7.22781736
-13.26882179,19.17375621,-12.20607714
-14.87846831,17.71057517,-10.55523439
-14.0884554,19.1731192,-16.63645797
-10.79938748,-14.71672894,17.19210462
-13.61034039,19.99780014,-14.58212456
18.7590674,-13.0645264,-13.01256755
-9.61792,19.19559689,-16.83441232
19.72702175,-14.8013949,-13.02693392
12.24789539,-7.04350467,-9.66837828
17.41706097,-15.06496999,-10.86602766
13.06046743,-10.4330653,-8.86561495
-12.53457419,19.30282938,-14.2534111
18.484827,-15.65485137,-12.21057836
-10.13611356,-10.98799333,14.47810982
-15.10821897,18.31698786,-12.11150911
-14.24800207,-11.65959026,19.24661186
-13.94607262,-14.16780457,18.8653093
-8.85789839,14.11149033,-10.71669037
-14.00601962,18.34764091,-9.61834949
17.69491033,-8.45649518,-14.21453924
-7.88414925,-8.28698588,11.32498208
-10.87015925,-16.1811367,18.82930795
15.32708568,-11.70838625,-11.36682126
-14.98259134,17.19315635,-14.12461366
-12.01254283,-15.44422282,18.58261744
-13.24380704,-10.75265016,16.01486262
-14.78482358,-9.56042362,18.49005503
-13.80943007,-10.40094444,17.55630893
-15.04115301,17.89989133,-15.0105231
-9.18685308,12.80675233,-9.78076414
-9.13344295,-15.32308045,19.33256127
-12.44878566,-11.15468114,17.31181992
-14.05164295,19.96665541,-13.51104455
19.59100205,-9.84582432,-16.52877896
-11.92577972,-9.66221558,15.22556002
-13.64295467,17.54626982,-13.45358985
-10.61594714,-15.18220569,18.65148228
-10.68791108,-16.63896109,19.89832238
17.84587904,-8.64753902,-15.40249834
18.51814415,-10.51085017,-13.70344835
-16.45352528,-10.64426289,19.84662944
-14.14467568,-12.69134236,18.12961601
-7.52623692,12.86330116,-10.01047765
19.94904689,-12.73564671,-15.56006706
18.94711636,-15.27939963,-9.75455224
14.22800958,-9.76299623,-11.61429801
-11.80036686,-11.9651996,14.73457556
-14.14386272,-8.49971386,16.79907516
-13.66967094,-10.166952,15.9830722
-14.65809035,-11.20227135,18.77204951
-11.09716852,17.28956162,-14.23436206
-12.66311265,-12.86143057,15.58702596
-14.07474,-7.603099,16.84325837
-11.73727804,15.69112943,-9.65187004
-11.24038099,-17.45642838,19.71635188
-11.9985087,-12.47092441,19.03810977
-12.08291595,16.0471572,-11.37661312
15.15365907,-9.03328892,-11.63330627
-10.60223151,-12.25018186,15.72995104
-13.42994423,17.2093238,-12.64658237
18.6395644,-13.020453,-11.1269705
-12.80452135,-10.3116019,16.19930059
19.00586647,-12.3405439,-13.15419672
19.51344622,-16.3420701,-15.15838721
19.25246367,-7.46031135,-16.19541807
19.39450736,-14.92766925,-13.05290274
15.99068226,-14.05265128,-10.26776885
-13.76226658,19.73679352,-11.78544521
-8.63448091,-13.59959238,16.22771455
15.60580101,-13.14134824,-11.46513462
-10.26754037,18.80660292,-15.09055631
-12.76099791,18.63128174,-12.20948657
19.49011888,-16.67724842,-14.01267935
-15.70379022,18.34578682,-14.91521639
-9.53392208,16.96725224,-12.96069151
-15.33130778,17.5745946,-12.44188128
17.22386521,-13.56911839,-9.5426096
18.90396125,-11.56503859,-15.85035897
19.06478384,-16.71571189,-8.44236524
-15.63363776,-11.69749807,19.03320925
-16.48476109,-12.39311135,19.99013108
-8.92113211,-13.42324427,15.97274071
16.02169361,-11.28120807,-10.02382443
-10.93869677,15.38316076,-12.43846268
17.32056048,-9.13061693,-13.82012286
18.81392399,-13.37548455,-12.11482073
-13.69253473,19.34476486,-16.94005879
13.54897346,-10.94118435,-8.87034595
-13.04300821,-12.38944697,15.65216136
-13.67042728,16.44951683,-7.90317206
17.75090948,-12.92006315,-12.81593154
-8.74620749,-15.10242108,18.36870973
19.55038994,-15.18861317,-13.72336363
-14.08758286,-16.226472,19.57851061
-13.23407344,-10.72491417,19.19823155
-15.83050253,19.58688979,-15.8212789
14.3404726,-9.63193839,-9.78473185
18.57328844,-14.75985434,-13.29976397
16.75373831,-9.05811992,-13.91792181
-13.51483719,18.24652975,-10.65201059
-15.15709734,19.18419601,-14.16934581
13.92788723,-10.70907558,-10.38730676
13.59122187,-11.29826725,-8.90973564
-10.12027615,-11.44917965,15.73865952
16.93465564,-13.71524807,-12.32817803
-12.50379831,16.63113105,-11.05432006
17.99668165,-13.77336685,-15.16805076
14.75776113,-11.65863821,-9.43955257
-14.03264693,19.17525222,-12.82658926
-12.65018782,18.16671672,-13.62902477
-11.57381147,15.11001886,-11.41454986
-15.90319145,19.29314897,-10.36059301
-11.85399961,-11.79044422,18.75660124
18.23993166,-11.21243519,-12.41240597
-13.90853159,19.75543478,-17.3769093
-10.08803008,-7.6427202,12.48435554
15.8114419,-12.15006891,-12.70605783
19.58379313,-14.39901401,-15.67847205
-14.03270059,17.48914313,-10.33513485
-13.73702591,19.85141034,-15.96229549
-14.3722142,-10.28116424,16.80557062
11.87990314,-8.7593664,-9.4134109
-10.13548237,16.09111858,-11.34866576
-10.84255456,19.75149462,-16.89651247
-10.72478741,19.61127256,-15.95583043
-10.96858889,-10.66520961,14.10228501
-7.63424927,-11.13033703,13.63336851
-14.23587448,16.5308768,-8.08112939
-10.16082184,-11.30779485,14.863159
-15.08251608,-15.40122352,17.8675011
-13.28614345,-13.71758602,19.23257317
-13.05992327,16.22948974,-10.51165154
-11.93863596,19.47558046,-12.66910024
18.66381471,-14.89312446,-13.07321449
17.20207441,-12.65393661,-14.7891148
17.13922829,-14.88088772,-12.05304165
-11.73828979,19.63834846,-15.70592448
15.94231662,-12.37052338,-8.19063308
-16.76432432,19.40792997,-10.22855082
-13.39654135,18.97257283,-12.47621166
-9.38735241,16.04454501,-11.85877411
18.8713087,-14.56946872,-10.837446
-13.84197066,19.28441557,-11.58613463
15.8085524,-10.31135376,-12.21113382
-16.09609826,19.64136481,-10.29955912
17.92173567,-11.38963984,-14.03267064
19.98966702,-13.43376427,-13.9716457
13.80150529,-10.52421349,-11.34379095
-11.90803987,-12.049334,16.31792629
17.18150947,-9.22907411,-14.02545195
-14.35647997,18.3898587,-15.27583656
-10.22253609,-12.78735405,17.43988652
-8.3379531,19.10367333,-15.52579695
-13.18986247,-10.81380995,17.30434128
15.40486323,-10.78138227,-9.37557856
-8.80446505,16.63981617,-14.10107879
-14.83656003,-12.62274717,17.72905088
-15.24244707,18.88193309,-12.18991916
16.03638622,-7.90101479,-13.13891132
-13.17586788,16.1312315,-9.58306102
-10.81625801,-15.58279622,18.58058761
-8.61748004,15.54876108,-11.87365364
-11.89894986,15.88375369,-13.44028369
-13.36219163,16.28146948,-8.12884508
-9.59209405,-13.49459626,16.57375363
19.49518974,-12.53514766,-12.4755436
-10.37173013,-13.73740946,17.5877143
-11.81270848,18.73073053,-15.36415357
-8.88683345,-11.31130163,14.27162937
-10.97048554,-15.200464,19.25703436
14.74988263,-10.62432837,-10.83365423
-16.25542845,19.06547085,-14.91031582
-7.74548745,11.24636492,-8.09229587
-14.16240206,-9.68576584,18.3403228
19.69496602,-12.22122108,-16.44908952
-10.76889857,13.61991329,-9.40463846
-15.40489679,-9.08163692,18.26004639
-8.17689313,14.12604493,-11.03888025
-7.78887351,-7.408343,10.53606382
-15.85487404,-8.58879358,18.53870958
19.34135736,-14.10692776,-12.97121713
18.89722812,-12.65934845,-14.82210694
-12.98131125,18.25932094,-10.30809026
13.62907188,-8.42586005,-11.02004504
19.90986819,-15.93944349,-12.85764201
19.11533326,-11.64984125,-12.37585544
17.42590161,-13.98250317,-14.2076007
-11.21768883,-8.54963815,14.80012369
15.09700161,-12.0186745,-9.43817859
-12.30931526,17.97202292,-15.50720471
-13.878407,19.83194692,-11.77181118
-9.98237331,-14.2757552,19.59753955
-15.76651034,19.06354588,-11.00008404
18.78941686,-11.62319423,-12.10883088
19.26373711,-16.41487054,-7.9016773
-11.84416322,17.38971377,-11.24638196
-13.80253641,-14.00913682,19.22463611
-10.6802238,-10.06060767,13.59807475
-14.16338883,19.80876451,-10.73675071
19.75725426,-10.53979333,-14.50340729
-16.17504229,-12.54479035,19.05964828
19.25558911,-12.36203514,-12.33518653
-9.59086422,-10.61354842,14.04497892
-12.01105814,19.90063623,-14.596111
-9.85180888,-12.71738033,16.16814686
-13.47787141,16.85426273,-10.16195152
-8.64354342,-16.19329569,19.15361785
-12.20037048,-8.09277347,15.34431341
-13.35554637,-11.29935968,15.77772657
-7.20340848,16.56748507,-14.25669436
-14.5476903,16.82153863,-12.17944415
-10.6053984,-11.65441992,16.45593657
17.11931152,-8.97941875,-13.70803437
-12.73721545,17.03574131,-14.63873285
-7.85238546,14.26452553,-11.50770539
-13.63621079,-8.8298825,16.36720156
-8.49011515,19.91051838,-16.49153549
-12.58998951,17.17854433,-10.66087239
-8.74780879,19.46901743,-16.58635176
-15.0268495,-13.68188495,19.30419993
-14.32752006,19.17270347,-14.82103782
-8.55113812,12.41121243,-9.22873262
-7.80094777,-11.39113068,14.20056534
-12.41553607,19.8811656,-15.74396726
15.59032869,-9.24188769,-12.29245532
-9.38252944,-7.9613087,12.55385879
-11.57380951,-12.20960362,15.06375157
19.82274849,-16.89323407,-12.78773729
19.72901382,-14.67567803,-16.04451429
19.99836507,-9.99027905,-16.50092608
-14.0150438,18.51461837,-13.12772228
19.52654156,-15.37784012,-9.1468241
17.89373194,-12.98945921,-15.53914071
-11.69758947,17.61559447,-11.72208471
-8.2012883,-7.44909285,10.53298159
-15.05744185,-9.24269421,17.43578454
-8.75367435,-16.83608385,19.75655336
-15.50140083,19.04932187,-10.1708153
-11.76003085,17.25935698,-11.10375495
-14.17409898,17.87040844,-13.86391825
16.65103004,-10.387696,-10.80708453
-11.49494417,-10.45167983,16.61739478
-9.34405412,-15.21577299,19.43717027
-9.96623055,19.20468248,-16.70598016
-9.47370796,-15.3178827,19.31007854
-9.71623923,15.86898297,-12.73680935
-15.77186272,19.26080284,-15.83438069
-15.53304339,18.55519855,-16.02161009
-16.86800002,-9.91160122,19.18943737
16.94429419,-10.83385447,-11.99979209
19.02550817,-12.67364125,-13.85752815
-14.75714634,17.80626816,-14.57967854
-8.25036537,-16.7648528,19.26934947
-9.91518683,17.20102985,-13.98739582
-16.08454081,18.57589008,-11.43824339
-9.32062635,-12.38935164,16.63619825
16.84774533,-13.39870032,-14.00541948
-12.41276098,15.37156173,-11.92440223
-12.12554262,-11.75422504,15.44694432
-17.09224297,-15.27762957,19.52175391
17.39266582,-9.64780819,-12.54099372
-13.00746225,17.36145816,-12.36424179
18.25819896,-12.22492534,-14.19507278
-14.18099638,-10.29931094,18.66730331
-12.44594555,17.26659121,-9.46765472
-11.06481211,18.09822676,-13.71827906
-9.33776691,-11.90193991,16.37476937
-14.30545897,-14.48484224,16.69236455
18.46009268,-10.7696008,-12.12827793
-11.88785828,14.70282856,-10.68892844
-12.94380631,-13.51540292,16.63585142
-13.17213566,15.48172398,-11.60448605
17.33923723,-9.94928542,-11.91041156
14.09202908,-9.20057946,-9.63685709
-10.10968968,19.0502471,-16.48232675
-16.61862012,19.6494529,-16.9551869
-11.96659938,17.81557014,-13.12850142
18.56617173,-12.60396496,-15.48500423
19.36739115,-11.40235396,-12.56386333
16.27252602,-11.03641012,-13.68283411
15.14426079,-10.6927946,-10.92844812
-14.44355556,17.98938319,-13.42717206
15.67672963,-11.17318868,-13.44052851
-11.03284349,15.89506431,-12.65782712
-8.49954549,-9.82222366,13.33823433
17.72093507,-12.59966527,-11.15724122
11.05851231,-8.44327329,-8.49407927
17.22359828,-11.93182989,-10.16469561
-13.24495603,-8.86942205,17.30275643
-14.14795255,17.18584496,-7.83336423
-14.52925512,-10.86460854,19.25012361
-10.82353238,17.7091026,-13.26112734
-12.81090045,-12.51425982,18.51761876
17.71684797,-10.26230796,-12.90602522
-10.38620106,-11.72924323,15.53766164
-11.31637043,-13.40339722,17.14784397
-13.74835819,19.02757192,-13.0782916
-6.75819549,-15.5286447,17.82085567
15.87331938,-10.91546318,-10.98356568
17.93551208,-11.85651765,-15.29539456
-11.31872766,-15.7140166,18.57257211
17.11906072,-8.54954029,-14.35617001
-11.70922307,-12.60904868,17.01649033
-16.19858731,18.67779683,-11.15184198
-15.09107739,18.14853331,-13.98145723
-11.90800775,-8.36053579,15.43252123
16.67653976,-12.80494619,-12.55985411
18.12294065,-12.71781288,-12.55660304
-13.55205413,-12.3621196,17.17831785
-10.09764704,-9.61175514,13.10928318
12.57456418,-10.20229597,-7.12605255
-11.99792526,-13.16122474,16.69347477
-13.16965506,16.86633841,-11.37709429
18.55159694,-11.4945193,-12.03282942
-8.45581772,16.3278251,-13.23342113
-8.86479254,14.52072454,-10.88981153
19.7938462,-14.68053265,-13.36275624
-14.07369123,-10.46463415,19.00342267
19.80275999,-14.87760418,-11.4797216
-8.51242251,11.35842703,-8.70977221
14.34517111,-12.00462706,-10.0607977
19.58160549,-14.47263466,-14.87698493
-10.46595568,-11.34117643,17.07319884
-7.12863286,13.24106639,-10.9692294
19.82541831,-15.39141704,-11.71855226
-12.00751495,-12.06012057,18.09548669
-12.37912603,19.52537361,-11.62443001
-14.07508231,-11.21474798,16.65773977
-8.13371003,-12.50001264,15.36439813
18.886025,-15.88945899,-9.96011664
18.78759669,-10.52906075,-13.887601
-15.84015629,-15.55173734,19.61753169
-16.97887542,-8.28436126,19.27472113
18.50434434,-11.53985335,-15.26718004
19.36534883,-13.44120517,-12.12424773
18.50356692,-12.21801957,-11.89039914
-8.93090123,-13.61170613,17.56205084
-9.48052768,16.86595697,-13.25871366
-14.27239659,-8.64078812,17.74632272
-17.59120539,19.88430905,-7.62499528
-9.38958512,-13.89095918,16.61698872
-9.89159352,-8.89557515,13.70438067
-10.31996926,-11.68010922,16.9400777
-13.91898242,16.5719445,-7.57026011
-13.50984788,-13.75363358,19.24617784
-14.49845662,19.10306422,-10.04679902
19.34383267,-9.36639976,-16.0578923
-13.92735681,-15.15937178,18.93636593
-12.88205287,-10.43392542,17.75714835
-12.91136419,-11.69377541,15.52018383
13.95524008,-11.61046992,-10.14935804
18.0209625,-12.6523546,-11.02134295
18.11296562,-12.05887321,-15.08360854
-15.30087949,19.84523691,-10.00483224
-13.90424193,17.11802107,-14.58225115
-14.79325332,19.85201434,-16.98605729
-10.69965142,-10.23300081,14.60184301
13.86741284,-10.64093721,-10.53974789
17.67397982,-13.01329051,-13.9994214
-12.18929441,16.87594479,-9.11433363
12.06799249,-9.40980151,-8.27734535
19.99067585,-16.25467766,-14.62121998
19.80501928,-11.95685083,-13.84578755
19.12146299,-10.77917184,-14.61684131
16.83589152,-12.34316687,-12.07224641
-13.83210393,18.37797699,-9.37873264
15.58192231,-9.25446065,-12.8545128
-10.42894703,15.14371485,-10.74217558
-11.39086328,14.94832152,-8.44690178
-14.45669793,16.82335181,-10.28761838
-10.79103256,-15.79166995,19.96646187
16.27444143,-10.58305155,-13.61307676
-14.59860905,-8.2816896,17.42002906
-10.07679992,17.06098423,-14.02669988
-13.81821362,19.18779803,-13.14501003
-16.1255986,19.6157873,-8.6138212
-17.32019981,19.85028652,-8.34170402
19.86142113,-13.66994759,-14.74711648
-18.15900712,-13.38321833,18.75999523
13.4277625,-9.22195007,-11.03087629
17.24204794,-13.11677983,-14.04723849
19.43416806,-17.11729742,-6.81275743
-9.11039731,-10.58940993,15.00801749
-10.8202329,15.55113526,-9.13155408
-10.76222589,-15.07452509,18.37474779
-10.80884781,18.56020722,-12.42319938
-10.39078849,-15.65681295,18.93933632
-14.04135311,16.83533369,-13.65937209
19.72680173,-11.21799235,-16.18534593
-10.24283334,-14.14307418,17.50992054
-15.90498643,19.89396439,-14.97940941
18.06701329,-13.14561982,-12.54564544
-12.82413853,15.99196843,-9.26374738
-10.01144363,-12.00834825,17.21880708
-12.03997731,-14.08637241,18.91418617
-11.83244921,-12.99517615,19.34954814
-7.03323766,-11.24917529,13.79020608
-10.70254033,-13.70151048,19.00375339
19.33552157,-14.07267952,-13.62664035
-8.32180129,18.04033584,-14.11811548
-12.50106365,18.89601031,-14.64547621
12.78544465,-8.02735059,-10.5073975
18.85160449,-15.40749982,-11.71138449
-15.77918811,-11.46041099,19.91401688
-13.60937697,-11.75848673,19.10580137
-12.64335572,19.42733034,-11.53290761
17.04962136,-14.19605492,-9.18830284
11.68121213,-9.38736302,-8.33502369
-10.79281712,15.39123898,-11.37111479
-10.40595684,14.14591298,-8.79598544
-10.02575771,17.9798153,-14.72428203
-11.22278876,-8.98787228,15.33073025
-14.21324784,-8.00534671,17.15303834
-9.70653806,-11.00699658,16.26417298
-11.95922423,17.87351557,-10.56315449
-13.35832945,-13.61439784,16.10930001
-13.75433924,16.92762265,-8.35363475
16.90089839,-13.69324519,-14.04204027
-13.31500428,-9.89229566,16.16283056
-10.49754015,-13.60032558,16.40456043
-11.67849599,-14.39605381,18.79870105
-11.56395862,16.77246392,-13.71121131
15.21870966,-9.00502516,-11.24548831
-10.06400584,-9.17505084,14.03593931
19.77836398,-17.01884917,-8.08602996
-10.56402407,15.95978968,-13.31830189
-10.89994993,14.61633162,-10.54917188
-14.15809811,18.38586883,-13.40040022
15.38580519,-10.3166521,-10.4417169
19.0964591,-8.17841063,-15.67662716
-11.26040868,15.7710417,-8.98421197
-8.79037024,19.68446206,-17.20506117
-10.57859203,-15.81102708,19.14295971
18.42229746,-13.01413079,-12.24366993
17.26575492,-10.79713425,-12.63596246
14.36648301,-10.30095103,-11.28866813
-13.97744601,-8.70574787,18.13908506
-11.24314751,-10.89338184,13.47671649
-9.24957624,16.13476518,-13.86884565
-8.73120472,-9.50727922,12.83579372
-9.63143732,-14.46926469,18.41421598
-12.55258151,18.92599735,-14.21235236
19.54475853,-16.78372537,-10.43835905
18.82880735,-13.16379316,-13.2111366
16.11139194,-11.61716598,-9.53083916
16.45328268,-9.67727311,-11.89438233
-12.26645682,-11.232863,17.87741636
-7.75944427,-8.56370893,11.24250909
17.26814702,-13.33887617,-10.98882544
17.34019795,-13.39357979,-11.58522172
18.39098689,-11.03067921,-12.94918196
-10.7631912,19.87493598,-14.32658422
17.63470679,-9.40122359,-13.23287798
-11.42061054,15.71617568,-10.5043178
-16.51163875,19.04205358,-13.40758434
-11.75388601,-12.4966574,15.62941046
18.90953823,-13.16540496,-10.31267214
16.56854568,-11.75972669,-13.56124337
-13.10959517,-11.78754278,19.03678517
17.91263338,-9.49381296,-14.2718155
17.86321754,-14.88182525,-11.67029693
-8.76695837,16.25090204,-12.01403414
19.04181811,-16.86495004,-8.73521923
-8.1279425,10.92761879,-7.74150625
-11.35566891,15.97167057,-10.40898596
-12.15391875,-11.82767858,14.50498984
-9.77188558,-11.21791794,15.52217773
14.63440969,-9.29421818,-10.507563
-12.76770617,-15.49406469,17.77977734
-12.85740765,-14.26154812,17.44846044
-13.49228306,-9.33177769,16.54447166
-13.10058862,-12.27518327,17.742365
19.28708747,-14.73918965,-13.46622848
-9.07019303,-14.8024184,18.63071973
-14.92173613,17.61504263,-13.55095746
16.83893498,-11.31032649,-10.42057557
18.54698155,-14.15621906,-9.04187417
-12.76350782,18.77305448,-15.83376823
14.67886861,-11.73651968,-8.07194369
17.95195871,-13.68840029,-10.11166042
-12.34749395,-12.0203394,17.67356758
-12.21392005,15.06534659,-11.17096265
-14.67813597,-8.48348799,17.36272284
19.91202544,-15.68066042,-16.58706182
15.75806457,-8.40592201,-12.14547087
-12.89023537,18.6855969,-14.23343924
-7.97562485,-13.52024531,16.13129308
-12.24142452,17.42702109,-13.39510125
-12.27823038,17.25183576,-12.98340506
13.90699803,-8.57255092,-10.91922762
-14.82190899,-13.56752591,17.27902125
19.84239551,-15.26890737,-9.6620971
18.72434746,-12.53006252,-13.37082861
18.66777335,-12.421138,-10.98751757
-14.84505473,-9.21693257,18.13364064
-12.91961799,-7.95743372,15.6632244
-16.4939254,18.95192922,-8.03435248
-13.66666892,19.78011185,-13.02012128
-12.5374706,-14.93263317,19.26990463
-8.95319612,16.2273776,-12.63253956
-9.52260824,14.56449614,-10.8962217
-8.51369435,14.55973478,-10.95032485
16.07883571,-11.93163767,-11.12283307
-17.16073181,19.99813483,-9.93995332
-14.25719427,16.94937188,-13.90001517
15.1825672,-10.35380376,-11.39591358
-13.07324765,19.97693561,-13.6628396
19.04761592,-12.67757508,-14.67275708
-13.35962144,-9.11931327,16.55068586
-11.61448069,-12.39786343,18.53470241
-13.97631674,-12.81941709,19.4112673
17.45334383,-13.32525817,-14.7813789
-13.35179178,-14.41910147,16.7746471
-13.7634686,-8.03376545,16.83417476
17.17545188,-10.96023731,-14.42107218
-12.193027,15.0290401,-12.35884711
16.58918734,-10.78238394,-11.53428251
-14.24411427,17.57118084,-9.92379203
-8.97320628,16.97005905,-14.66661341
-11.53560042,-13.75592973,19.69789925
-10.66870532,13.94626034,-9.54603413
-14.36359928,18.11791983,-13.10317943
-13.12480882,-11.67425029,15.39112797
-10.1351299,-12.12189935,15.82670905
-10.43934775,17.24899143,-11.27342503
18.64370805,-12.67604485,-10.83212633
-9.14070792,-10.62086759,13.60239438
-10.82439164,-10.79717226,14.89249829
-16.90270838,17.78802308,-7.8614534
-16.34962075,-16.48456344,19.15629086
18.53758973,-11.75155564,-12.74514009
-15.95686012,19.17364048,-13.29399009
-14.62993381,-9.29161055,16.98789724
-10.21284873,13.98840491,-8.76236815
15.12270238,-12.70336433,-10.66191939
-14.88429261,19.57916172,-13.83545079
-7.19136216,-9.83909972,12.42910332
15.30481046,-10.2388902,-10.19707783
17.44352466,-9.82089913,-14.48168112
13.53908409,-10.45391013,-10.9580892
-11.02283127,-13.56039738,17.23824254
-12.77253119,19.09431798,-13.17510665
-10.63491172,-15.22232957,18.63003091
-9.42039935,-15.56207324,19.80756137
-13.80701435,16.35199497,-11.34552124
-10.76981516,-9.11619168,13.79752031
-10.15589093,-10.0292114,15.08902666
-11.73481619,15.25679796,-8.10648506
16.17661137,-9.09273704,-13.37274347
15.54336942,-8.73313376,-11.54032911
-10.29160095,18.7536984,-14.56176193
-14.10773158,-10.59869117,17.52759244
19.31161338,-13.11060118,-12.62862914
-15.64330929,-14.61895259,17.87826951
-14.46575405,-12.06164128,19.66861859
-10.26428794,16.42939038,-12.71249171
18.34525763,-13.04068808,-13.51452362
-16.17337761,18.9526156,-8.80131064
19.64883655,-13.28828239,-13.40774219
-10.25340504,16.95692119,-13.07591336
-9.54108577,-15.40067211,19.95232267
-12.52298737,17.72885349,-13.98394619
18.60547702,-15.55419933,-11.03745249
-9.98776071,19.8642378,-17.19315426
-14.80662342,18.85837296,-8.55347953
-9.40533024,-15.78691762,19.81500915
19.25266559,-11.01467158,-17.00974494
-13.05188609,-11.43974657,16.45805715
-10.59634724,-15.62324472,19.71965781
-11.00476653,16.07305926,-11.54948525
13.83194427,-10.06561903,-9.39961975
13.9006282,-10.12460441,-9.63416171
-14.90260919,-9.12457197,18.67903366
-10.32922889,-13.07705913,16.97495931
19.65804259,-17.08592117,-13.84125843
-13.8872287,-11.29459466,18.04117433
-12.04043856,-11.01919278,15.38268555
-12.44113477,-10.15619623,17.75732815
-9.12153898,19.64597412,-16.74967232
-10.29751154,-14.86259319,19.89262076
-13.81321262,19.0335185,-11.75733488
17.4744463,-14.69779099,-7.79840374
-14.18551728,19.18551255,-12.85928504
-15.97777483,19.84378986,-14.54755008
-13.48020006,16.58326223,-12.67398961
-11.09488602,14.64641961,-12.06666012
16.17584887,-7.94062273,-12.74468394
-10.83099136,17.57094366,-11.2420627
19.30221689,-16.33599093,-13.04003061
19.47884872,-15.21100228,-12.455456
-8.589194,-15.7352647,18.30070568
-12.27630822,-14.55051193,17.38944147
-11.28322626,-15.38638398,18.85625614
-9.77521592,-9.90607689,14.1524868
19.92194761,-16.37872806,-11.61927206
15.31368615,-12.259059,-10.78619652
-7.73778199,14.61996336,-11.56046829
-8.0644982,15.23633108,-11.87117571
-15.37174656,18.83054237,-11.06696272
-8.47065898,-14.13383803,16.96737538
15.78864682,-10.7699965,-13.42622879
-10.86767282,-14.19174019,19.55649687
19.97054979,-16.36524077,-15.13794262
-12.73919068,-8.49368431,15.89853114
18.12409143,-9.2690952,-14.28536323
-11.22181942,15.46619262,-11.26071773
17.08787284,-11.66767257,-13.14850985
-12.64597189,17.65455175,-14.77987175
-11.05881711,-11.26538311,15.63920183
-16.63169103,19.24917096,-14.54632368
-7.62172995,10.35274982,-7.32947396
-10.65344113,15.25293372,-9.08246105
-14.18937447,16.9608839,-12.72911486
-11.9630221,16.97074308,-13.10190954
-7.79198099,12.60722945,-9.52593926
-12.40334276,-15.38044177,17.68104378
-9.47922034,-8.6674675,11.99470709
-10.23573632,13.37983532,-9.94429683
-12.48172552,14.8125541,-7.83772433
19.63795516,-17.27548942,-12.16697625
-12.35832831,-11.51228186,14.8418662
16.90371584,-12.47730159,-11.51113749
16.9140968,-14.0914456,-8.27776737
-7.83233141,-9.3419699,12.46835897
-9.5182406,-15.70208566,19.98172071
19.3223232,-9.70395904,-14.92577708
18.7176707,-12.77706951,-16.39679992
18.19921457,-15.60744815,-9.57374274
-11.07599648,-12.3491204,16.11089335
-13.94192685,-16.72800583,19.39481241
-13.56598715,17.70583858,-10.58186608
-12.87067504,15.9025296,-9.26701024
-15.77816562,19.88718114,-15.518431
-8.63331968,-9.34731489,12.04087361
18.96117394,-13.39859968,-11.41421767
-11.61666065,-12.89193457,15.74562381
-11.8922813,-12.85101922,16.9138273
18.72229375,-10.97016839,-15.70454299
-9.50673826,-15.15453556,18.30317741
-11.22904388,18.68709504,-13.13365179
-10.23395171,19.81704648,-15.34022157
-9.20139419,19.53501545,-15.09476157
-12.29747163,19.0311531,-16.07793176
-9.5892469,-15.58567397,19.99529453
-12.78666983,16.70593184,-12.43556594
-10.35451543,13.3926785,-10.90942745
18.22725081,-11.31690039,-11.85308107
18.89495994,-14.09585624,-10.82878341
14.46812196,-11.67968151,-8.50543565
-10.33876414,-15.23940499,19.67380508
-10.65745242,-10.81747834,13.77802901
19.60112128,-13.68134951,-16.9203611
17.26498175,-8.23156234,-13.6574303
-16.39295411,-8.86422075,19.90869397
-10.8828726,16.69820985,-14.47616358
-14.03425835,-11.43970438,17.67126461
-13.66422202,-11.12296432,15.96356105
17.58556504,-9.79725986,-14.38231598
19.03724047,-12.22117807,-11.40598186
-13.27739502,15.92234378,-7.60044138
-12.63820291,-12.76914174,19.17953374
-11.01611537,19.14629415,-15.65827718
-8.55978516,-9.525266,13.11779735
-13.08600336,-10.20526331,17.8330274
-11.31562696,-11.24507255,15.81257636
16.39845842,-12.24489986,-11.44376158
-13.01285536,18.27643982,-15.01135429
19.05378602,-15.79713263,-10.94656625
-11.52434412,-14.80539105,19.54995415
-10.15907688,18.4392284,-14.66580677
17.16636542,-12.78799513,-10.10493796
-13.74453373,-11.4321384,16.60727111
18.78002835,-10.8648912,-13.22900535
-7.99971003,-12.48790539,15.79799302
-9.35738933,12.54488648,-10.12772917
-8.53197935,16.09262703,-12.2780781
-10.1481238,15.96735379,-12.07004458
-8.4266033,12.41733628,-8.63391164
-14.26137744,16.90922258,-11.83040485
-11.93263635,14.23868124,-11.58110889
-12.87783911,-7.65849483,16.09279999
18.33501373,-10.74779683,-14.30450871
17.7307243,-13.97209582,-12.88715975
-10.12937126,19.81904008,-14.75072732
16.83399504,-10.25160795,-11.71163686
19.8775289,-16.90521094,-8.39227401
-7.9482244,19.48187626,-16.30816558
-10.26865202,-9.49574642,13.56994683
16.48894166,-10.84095976,-12.102724
-10.04003676,-9.28291224,13.84405335
17.88374536,-13.96678927,-9.25920608
18.38868533,-14.69313256,-10.75651459
-17.35645849,19.63464386,-8.81005257
-9.43459945,18.37564549,-14.90498988
-11.57962203,-13.83946011,18.63049262
-11.90033356,19.15811088,-12.68114185
-11.87044566,-15.47623172,18.62990346
-14.76781048,-16.76013782,19.31564962
-15.77090091,19.5223206,-8.82066862
17.84435856,-11.75446864,-11.63112254
-10.25932211,13.67638192,-9.62828488
-10.49125422,-12.65228996,16.16831125
14.53418626,-10.2054139,-9.49148696
-11.40720187,14.53054198,-9.57281145
11.03734452,-8.62732575,-7.50137475
17.08505692,-10.79244228,-12.7565775
-14.95916144,19.59436493,-11.294759
18.31658054,-12.74508601,-15.39039347
14.36099871,-11.08886808,-7.80431257
19.08779708,-13.12062889,-11.19733829
-14.88098265,-7.50557465,17.72986612
17.06355874,-14.33667166,-8.82924702
-12.50015454,18.01174578,-11.44473333
19.42280433,-13.28310306,-14.24439812
12.74627831,-10.31242275,-9.29627076
-11.43488198,-12.13693366,18.52139956
-9.32021787,-10.80812697,15.08565745
-15.85018529,-16.27916407,18.5685542
-11.83411377,-13.24593967,16.73722684
-10.50199232,-10.25328361,14.15175703
-13.96933451,-8.56843308,17.91718753
16.71646099,-11.35529355,-12.23858716
18.73492953,-16.28727152,-11.12228746
-11.16412032,-10.20511566,15.2501291
-9.16939794,13.9920284,-9.54247191
17.29192975,-12.60663739,-11.72566181
19.71513223,-14.75989395,-14.07917173
-15.42892025,19.85544744,-10.702501
16.48169421,-9.69413447,-12.64629657
-13.71861424,17.6480514,-14.81361117
13.88892506,-11.59881376,-9.44646901
18.61885027,-10.05322296,-15.96077516
-12.08914538,16.68907692,-14.19160116
-16.71148016,19.76289636,-8.52339014
-8.33392769,13.61812575,-11.24988491
-11.31085739,17.871734,-11.09090403
17.30767675,-10.17103703,-11.56056491
-17.31419465,-14.78432762,19.78609624
16.01575554,-7.58112531,-13.5484815
18.61031691,-11.71596485,-14.47036482
12.34105344,-8.42244601,-9.1547712
-9.65051686,19.34061664,-15.89868361
-10.05925716,-15.60691714,18.35525819
-14.67126668,-11.6527097,17.78398234
-10.32080918,16.90379051,-11.62256947
-14.51792051,-14.74943434,17.80868788
-14.4164741,18.02362025,-14.52713506
-14.45527603,-14.80673384,18.1850934
-11.63010518,-14.83355358,17.59639095
-14.49683824,19.90327137,-16.53300846
13.99656118,-11.78647365,-8.34552192
-13.78385192,17.07760224,-12.75807159
-12.33630304,16.3389001,-10.87538213
-7.70633111,-13.90806049,17.09059172
-11.96785937,15.29426811,-10.65738051
-14.30282673,-14.34589712,17.61013364
-10.83909329,-13.17960493,18.50970221
15.70815735,-11.47953088,-9.20717139
-10.63180863,-10.26380255,13.75084821
-7.59122146,16.1926677,-12.99778062
13.87766072,-7.49609891,-11.05803483
-12.94915072,-14.58987076,19.9369828
-12.76878559,-13.37784235,17.27313258
16.33856505,-9.73255492,-11.24078876
-13.08683078,17.88395377,-9.25721801
-12.85634323,-8.83611308,15.30223077
-14.76246797,-11.18229542,17.08022371
-16.23046353,-7.88651342,19.52179165
19.10409763,-11.42309626,-15.46921368
-8.26414921,16.28703043,-13.12078853
16.19195886,-13.53391647,-10.68121515
-12.88807615,-11.27648083,17.90132114
17.78395809,-11.35499276,-12.40559033
-16.14298894,19.55282017,-14.56951961
-16.69846609,-10.70399754,19.83305838
11.10272155,-8.06930452,-7.77231399
-13.77183903,-9.75416173,16.51245282
18.56163183,-12.26544867,-12.51885252
-19.72357483,19.49210463,-9.40916199
-11.53657587,-9.8110156,16.15218082
13.65123735,-9.40947282,-9.60931453
-12.74666921,18.00803905,-13.19082589
-12.75361418,19.27637247,-15.50700055
-13.81996117,-12.02595769,18.67669001
19.76643924,-14.36039193,-10.61112184
-13.52077458,16.48247443,-10.44112705
-10.58723884,-15.04129933,19.33605188
17.55973,-9.12938884,-14.83745077
-12.3182832,-12.01603942,17.63462245
-14.66518773,-12.65437407,18.87731943
-11.60041193,-13.74308206,17.88191041
17.66316486,-14.61529582,-8.0348594
-13.87057512,-8.83336476,18.06883017
-15.52853456,18.06663486,-11.63282312
-9.96681562,-16.26425111,19.47771921
-15.53203736,-10.51455409,19.50790672
-8.01977944,11.89255588,-8.70261574
-7.41516516,-16.8806966,19.14232202
-8.27397628,15.17592605,-12.6293651
17.38445613,-14.36285844,-14.70450294
-13.38825498,-15.61504646,18.70311209
18.73843735,-11.67886253,-16.43432592
-8.58080857,-16.57620948,19.37853035
-10.91393213,-15.16437303,18.25858947
-13.70132256,-9.63459367,18.47664695
-13.50956715,19.82050626,-12.24478107
-11.1558884,-8.27703386,14.98855706
-13.78376926,-15.95359606,19.11185928
18.96187487,-10.61099585,-15.82799718
-9.18119966,13.57932811,-9.74155495
18.23249488,-13.27594994,-10.58007358
-9.56059815,19.24215335,-14.99760408
-11.45902206,-16.28719148,18.86008745
-11.03893855,-9.59441394,14.31927288
19.62167425,-16.07881201,-11.98356958
-15.57796783,-9.16149428,19.70004539
-15.58996581,-10.55295306,18.48399841
-15.32264314,18.6138873,-9.47589135
-8.96384399,-14.19062224,18.2129752
17.04263561,-12.7223576,-11.7563209
18.45693095,-10.69326884,-14.60590109
15.39259798,-11.95388196,-9.08182813
16.97574517,-14.23576288,-8.05461745
-11.46285727,14.93888274,-11.24501472
15.60503481,-12.8711465,-7.62288855
-12.94146768,18.81109941,-13.189412
-8.51660208,19.2475714,-19.13305737
-14.89410777,18.12813466,-10.73997793
19.61294544,-12.15223734,-15.20698986
-8.66717344,-15.05863812,17.37088762
-8.72221469,-11.71057771,14.76113519
-15.25294428,-12.31345717,19.27790397
19.68199753,-11.96017661,-14.81850538
-4.28021741,17.89417557,-18.24989594
-10.70404445,-8.72249262,13.13520684
-7.22007789,-9.86634854,12.18395546
14.6286892,-10.44105408,-8.77673788
17.67514612,-14.72843837,-11.01946295
-11.92665355,19.76572304,-16.36463193
-12.68792832,16.45875206,-12.38980468
-10.77504071,-15.8526066,18.69217624
17.91376902,-10.08536228,-13.53965225
-15.45320488,19.10080941,-13.95099099
19.83365974,-15.87913264,-17.27401311
-15.1106056,18.85806163,-11.87848727
18.89648667,-9.66385169,-14.54617424
-14.46122875,17.65988366,-7.67081633
-14.38269562,-11.39426752,18.94639862
-11.5478286,16.74662813,-13.93628636
-12.10086136,-8.96989209,16.31164744
-10.99269261,14.21583856,-9.20801143
-12.08063363,-11.28276386,14.45915353
-8.96715425,12.14546626,-8.13251332
-14.05823242,-9.87143725,17.60858035
17.87380724,-13.0187665,-15.34643382
-14.29311262,17.78430216,-8.84056283
-9.54657569,-15.16211688,19.117661
19.46398043,-13.64476708,-16.55289664
-9.48525334,-13.68907187,17.1713504
-13.87029517,-16.15820412,19.49934881
16.64201011,-8.6544308,-13.82606151
-11.69232333,-11.68059307,18.33021124
17.31985554,-13.84111113,-9.55576809
18.65632194,-14.94438298,-9.48289017
19.79925069,-13.44301056,-17.59801403
16.97576973,-9.64396097,-11.8187901
19.03165699,-12.21339916,-15.54530238
-10.16384341,-10.74264626,14.80177023
-8.89766968,17.81886426,-15.32697055
-7.55844086,-12.05529159,14.67616608
-8.44502585,-14.24981032,17.49144558
19.16915005,-14.33282209,-16.07747477
-12.75188921,18.03692465,-10.50497068
-13.42053814,18.24508216,-13.11706517
-7.8812339,11.88399408,-8.57805663
-12.8735346,-11.04439299,17.25241473
-11.00538545,13.78460292,-10.5760499
-10.05564172,18.8222569,-15.34288794
19.55639453,-7.17940665,-16.89436373
-10.15595738,-13.18106929,18.85598037
-11.87373069,-8.15881883,15.36348717
-12.1676576,-12.59852312,19.66390483
-14.86425203,-9.97752766,17.2351939
-15.51643392,-9.29644827,19.95208734
-15.08738635,-15.51579567,19.96181793
18.32438109,-7.85052014,-15.99882961
19.38899606,-17.0615087,-14.17969799
19.13234538,-15.34987391,-10.98429672
-8.5279152,-12.62347309,15.19433487
-10.57100783,-10.50801264,14.06845957
19.62450531,-14.41680685,-14.22321169
-12.70177203,-11.78274696,19.01586939
-8.9786128,15.90561457,-12.03259716
-8.57214935,-14.33216012,17.00472013
-7.86640603,14.6502485,-11.58269542
-10.09305826,-12.71910114,17.21975718
19.97874635,-11.66903772,-13.12089336
-11.18738039,19.75831436,-17.55903959
-14.00958687,16.91488812,-10.72414427
12.60360751,-8.60958573,-8.56881239
-14.0963179,-12.2034537,18.84808951
-15.82834393,18.41544724,-10.99416524
-16.22833988,-10.09887091,19.4040255
-11.36173977,-11.16757449,17.0727658
-13.08849427,18.63461036,-10.01922224
-9.28725946,-9.02522152,12.18611454
12.89720629,-7.88650529,-10.55862478
-8.44208161,13.17750465,-10.80482156
17.9496029,-9.30890536,-13.37314961
-10.35438033,16.07281984,-11.26021997
15.26499356,-8.55639436,-12.20360176
-12.79353214,-12.42082461,17.30250177
16.01906534,-11.18083422,-12.9512287
-11.72329414,19.090065,-14.25252218
-7.70180892,-15.61267962,18.46021551
-8.6076569,15.82189365,-12.00639402
19.71526648,-9.0103531,-16.39928407
17.03144475,-12.13590464,-10.69870806
16.28365364,-10.38745615,-10.64413363
-14.3388196,-11.6710463,19.68446311
-15.09008941,-15.74610624,18.50377216
19.7049731,-13.88575304,-11.51902524
-11.30406652,18.36859214,-12.39051554
17.07952797,-13.5246552,-12.16904396
15.03441682,-11.54180365,-11.93699837
19.44180201,-16.48895826,-10.32896225
-10.66442872,-17.06861827,19.67283423
-16.45337162,18.768806,-15.28537558
-12.03636781,-10.9749858,15.62000638
-11.65579203,18.25315509,-11.98434565
-11.35370314,18.23900816,-13.35802143
17.84199025,-15.00760879,-9.98532088
-11.3848083,18.76950737,-13.30849983
-15.39979795,18.75716559,-8.03371993
-12.02335786,17.09290957,-10.17300862
-15.29602379,-9.77519774,18.25113549
17.75807272,-15.13727648,-14.53617595
-9.95395197,14.21710338,-11.29440562
-8.21901793,17.2518873,-14.15714857
-11.75992977,-14.18069295,17.76700359
-16.16322822,19.4157452,-9.92554014
14.78653334,-10.87811506,-11.15503642
16.23532104,-11.90708674,-11.06003566
-12.60914732,19.51571011,-11.8753923
-11.27856877,-12.50079607,15.31359214
19.39911743,-15.48448686,-8.56303941
14.60642646,-9.91479274,-10.78678511
19.17586622,-10.71842574,-14.20643753
-10.78698132,-8.93896258,14.25375435
-15.50944573,19.18380935,-14.26608697
-10.48744873,-9.38788603,13.94463844
-9.46942716,-11.53799335,14.60322089
-10.50535996,-13.17981938,18.68973803
16.27776959,-8.83060402,-12.46773172
-16.95106691,19.75017836,-10.85781277
19.86285584,-15.43624449,-13.79943253
-14.78646181,19.7904348,-15.69746423
-14.5496997,19.14492669,-10.85694338
17.76564067,-14.26698749,-13.91204519
-11.42924585,17.52319,-12.02599554
-13.35022062,-8.48410807,17.15987105
-8.26120886,19.14992125,-16.93440905
11.49155979,-8.35282703,-8.06085691
-13.58039071,-12.6271558,16.46483342
-9.84039776,16.75781534,-13.43800023
-11.32243267,-11.88424038,16.11087689
-9.42789192,19.44556982,-16.93765417
15.69162855,-12.54878297,-9.18549985
-9.93337929,18.83874653,-14.54952199
-10.69170205,-13.82916929,17.17762701
-13.45031169,-12.64392249,19.39420567
-10.69772328,19.2884707,-13.6499998
-8.62324448,12.22590389,-8.26619717
15.94430834,-11.96295451,-10.16417305
-11.2562872,-10.22235234,14.0753644
19.91294622,-11.52080271,-15.19963885
18.5088115,-11.80718492,-13.84274197
18.62330356,-13.111625,-12.35710246
-13.60662446,19.69188213,-16.88772769
-15.01886322,-10.67368581,19.75878887
18.60555742,-12.04667245,-12.04321743
-11.40029493,-17.48279383,19.95896269
-11.98183921,19.7283893,-16.55903092
-12.37874078,18.42199696,-11.3410074
16.46250227,-12.36067246,-8.54904243
-10.64652593,12.88830607,-9.82615385
-15.62194555,-12.17009775,19.47199728
-15.79919792,19.6728536,-17.37252153
19.86650701,-14.17878183,-10.93251637
-11.13350607,19.39716795,-12.99756516
16.5392033,-13.89857308,-8.71863596
-16.35822706,19.07145411,-7.31916042
18.14505393,-8.82521781,-13.85702125
-16.49620294,19.9816665,-8.8035203
-12.72952654,19.5093,-16.22223879
17.68268341,-15.45459818,-6.89936236
-8.55971015,14.35869985,-10.42058899
-16.33111381,19.71720918,-9.15472796
-13.06255992,18.63633889,-12.63056259
18.92700554,-16.51777445,-9.73601121
19.25361956,-16.16921551,-11.76497435
-16.46323781,18.98704823,-12.46425864
-7.95811151,15.93024992,-12.39327229
17.94790464,-13.69261156,-15.13617357
16.78171504,-8.70531116,-12.52168159
18.05597457,-14.75421916,-9.0063891
-9.38132949,-15.21920968,18.77520178
16.18409715,-13.35889935,-13.81322799
16.84730096,-12.47032224,-11.78539551
-15.47642373,19.11432635,-10.83561992
18.81353555,-12.49442732,-11.25180461
19.23360573,-14.98386304,-14.27650175
-8.20561265,-9.26126536,12.05529127
-10.45320271,14.66976467,-9.23956121
15.12773643,-11.4795035,-9.04493881
-9.44559074,13.31662104,-9.4966279
19.47409029,-12.29583968,-14.55927236
17.38719773,-11.71093603,-11.63970623
15.87293706,-11.11387391,-10.6926735
-9.27321493,16.59840335,-12.62109701
-8.55465782,-9.68377157,13.06496257
-9.2373362,-13.75865995,16.84756076
-11.14313229,16.88295251,-10.8174558
-12.3754441,-15.42474355,18.62105836
-8.26525112,-9.59537482,12.85690309
-11.28472437,14.75658069,-10.93645649
-13.17274253,-14.48055264,17.09752324
16.23743611,-8.74393401,-12.15345159
19.32212138,-15.96107087,-10.57444454
-14.68543593,-12.42447085,19.56983575
-16.9054109,-10.10195089,19.99172928
-8.284011,-7.64266514,11.02666451
19.56931304,-16.08760796,-8.53104827
-14.69520668,17.96978135,-10.19440513
-11.89204502,14.49184496,-12.03585994
16.950251,-10.37082386,-11.95152392
13.4423537,-9.42625389,-10.17794338
-9.01515005,16.11528808,-11.96807638
17.11065153,-11.11401205,-12.72885995
19.14927295,-16.18133533,-8.99130073
-13.20128337,16.90317081,-10.82998443
-13.99759777,17.91785494,-14.9077238
19.40715922,-9.02634078,-16.96302487
-14.97661076,-14.17327671,17.38873745
-7.86147918,-9.34215924,12.57125834
18.8390194,-15.96333666,-9.23700484
-14.91972297,-8.68396084,19.18399142
-12.77204126,19.2207963,-16.59525458
17.26954083,-13.82870844,-8.90846098
-7.34185623,-13.11709682,15.49516905
19.61975969,-13.22395822,-16.12106722
-9.95963342,14.77995946,-12.30019808
18.5803035,-12.45134336,-15.5678674
-14.1538084,16.66539651,-7.98832082
-11.53845727,18.74429058,-13.34211757
-9.33859596,-7.40984762,11.9280315
18.90699972,-16.662433,-13.5688736
-11.78327611,-13.20526069,19.7592265
-12.56126287,18.78686006,-12.65846405
-15.21009593,19.04480955,-16.00669261
17.29174965,-13.36403953,-12.93576246
19.49142104,-8.21840979,-15.86643582
19.95347372,-11.41131797,-16.07486288
-10.78970109,18.31705033,-15.59303882
-8.75611805,-8.38216569,12.1179796
-12.11717692,-11.9249054,18.91757616
-15.73647145,-8.27844798,18.92371138
-8.21077611,-15.57706495,18.94702183
-13.99417753,17.61738921,-14.55096531
-7.54068164,-13.86711708,16.67147298
-17.0675363,-15.79204043,19.8620794
-11.47190988,15.65014191,-10.72897809
-15.73612288,-15.17464469,19.99033526
-13.64039979,-16.75120462,19.89508037
15.88537364,-13.19270089,-8.98937585
-9.99602801,15.50330208,-10.23158247
16.76080873,-14.13101511,-10.05597035
-10.69874314,15.96924846,-11.22472148
18.59145081,-15.94250721,-7.42498997
-10.1287515,-8.93994915,13.2401411
17.75790908,-10.19632924,-12.97395796
-11.60051743,-13.3356348,18.9026058
10.28439249,-7.01971733,-7.76680478
19.29814516,-14.68828449,-13.95493747
-11.99372043,-11.94826057,16.85256644
-9.05437574,-7.77370849,11.8494177
-16.8699359,-8.97523517,19.75926642
-17.28090864,19.94276397,-14.66308762
-16.0690085,19.10283551,-14.87916483
-11.13067391,-10.99985726,14.95863308
18.99943154,-15.04231504,-15.72431232
-11.23651032,18.97553988,-12.80458042
-11.50052819,16.70923764,-14.09816745
-12.52704366,16.92269379,-14.34428181
-12.58615234,-12.09300846,16.3660932
-14.27910636,19.39166996,-14.44055299
-12.48685012,14.73933004,-9.722721
19.47903632,-15.19341458,-12.49378618
-10.4355341,15.43327168,-11.03666697
-12.99380493,17.68356578,-10.15795691
-15.42391538,-14.05699856,18.8228419
18.07772941,-11.60892255,-10.9394901
18.80053793,-14.55178698,-14.40201302
-8.91378338,17.13392489,-13.64310198
-8.5633723,-10.0948219,13.92278644
-14.61587968,-13.21734174,17.33202808
-14.60878145,17.4360986,-8.8430896
-11.3773032,17.31914136,-11.4000894
-12.96211443,16.87077415,-13.22231902
16.30991975,-13.67594072,-10.14588273
12.72397115,-10.33549894,-9.49198964
-16.24623163,19.34489764,-13.78591541
16.87175365,-12.42072686,-11.13740508
18.70697323,-12.98687704,-12.02884341
15.37616907,-10.32928903,-11.04246005
15.88810837,-10.48583788,-9.84017413
-11.59536612,-14.23562444,19.9664388
-7.8233471,-15.15651008,17.98999638
-11.75642256,15.22994381,-9.60755188
-10.94692369,-16.89680069,19.38264835
19.86973955,-7.59466504,-17.01142093
18.46565415,-15.15722384,-12.04423342
18.08342368,-15.4272991,-11.24973957
18.76597996,-12.8306503,-13.56339176
-12.78075687,16.61821346,-11.95295871
-7.5262108,-16.14384015,19.1414866
17.20631019,-11.93869365,-11.87532493
-13.47059379,-10.8768998,19.26283661
-17.2755998,19.56880247,-12.87315462
-12.68685365,-10.11392165,15.83461105
16.37635677,-8.54806974,-12.90703668
-12.29951546,15.74872544,-9.65071531
-14.15668313,19.77660377,-14.29970939
14.49505166,-9.38700779,-9.70853305
-9.57380683,13.97260539,-9.27136816
-9.67003817,11.90940218,-8.60446114
-8.31533669,11.83813423,-8.26626269
-12.60670858,-10.69449288,16.38245962
19.70978198,-17.08143921,-11.50433772
19.56404456,-12.48476093,-12.22573154
19.97763231,-13.33414059,-14.12824792
16.90777261,-11.87672601,-10.52112583
-10.16747053,-10.11156692,13.02873703
-12.6565828,17.78050135,-10.44214228
-10.3676485,17.13175152,-12.52100585
-12.76770438,-10.90305558,19.20100715
17.88001677,-12.59970189,-14.20678635
-7.9940665,19.22086038,-16.53440072
-16.02974357,19.96164282,-11.11491168
-12.74498598,-11.68349015,17.80681731
-15.06892891,18.31207627,-10.70482179
-7.4389676,-12.79305733,15.33595215
18.62056251,-14.71277218,-16.20246814
-9.19195318,17.2023811,-13.44973871
-12.67002881,-13.24894736,18.11868381
-8.89316619,17.75611111,-15.08602631
19.65907864,-15.38755237,-11.62037127
-10.11026286,15.85768739,-11.10129453
-12.77684412,-12.47566178,16.73565057
14.00384903,-8.8649863,-10.51032609
-13.89710212,-9.06983244,18.25457432
-9.33595889,13.57042291,-10.45138482
-10.73938615,-14.59653804,18.1301736
17.55535853,-13.13641149,-9.46511347
-14.15742444,19.63197063,-16.62849183
-11.84627619,-11.77339866,17.98891373
18.90234502,-9.45639202,-14.83499212
-10.65805096,-8.95705641,14.82956562
19.36547124,-16.22290473,-9.19064368
-13.47439452,17.23073215,-12.12374992
-14.87022802,-16.32869739,19.94523417
-16.42308819,-8.83283641,19.70710505
-8.82805861,14.62704949,-10.56511907
-11.59236689,19.07772804,-16.33225643
14.47636663,-10.01082049,-11.82892577
-14.19478593,-14.81267046,17.97800151
-11.5503645,-13.07686157,18.90742149
-14.61947397,18.34784543,-10.907509
-13.23439272,-8.50969314,17.34788367
-11.85417403,-16.43048233,18.97990109
-7.69492278,18.98137046,-15.83416348
17.3908806,-10.48289001,-12.58444235
-8.63321099,11.59420961,-9.10903947
-13.98864215,18.15108552,-15.03403431
-16.64540162,19.57491055,-12.17365648
15.84877688,-13.56827936,-11.04316418
-14.4591037,-12.39022746,17.61303961
-13.95634635,-16.97321328,19.55674007
17.34109447,-14.82511865,-7.6831755
-12.07509186,18.06351273,-13.29290251
-7.22846176,-12.35130407,14.96538589
-15.11013934,-12.48665609,19.97170104
-9.34056312,-15.06480143,19.18765389
17.44350376,-13.39318195,-10.12711459
-8.24310282,10.80289755,-8.15108151
-12.14651227,17.95609895,-14.45453868
-12.51244046,-15.36848592,19.16351145
18.18797041,-8.67544024,-15.3438282
-14.09511192,18.51096425,-12.48613543
17.52090372,-13.6653857,-12.46775586
-7.56266631,-14.24242908,16.95881792
-14.86978763,19.8894809,-15.66880796
-8.31354812,-14.86147363,18.00082346
19.43390341,-16.22636194,-15.96003353
-11.65277999,15.40749561,-12.47885429
11.17912619,-8.96989527,-7.25712348
19.27942609,-12.32097903,-12.39297075
-7.27236336,-12.20995306,14.49807947
-12.69710705,15.97534889,-13.65211708
-13.74787156,-13.68775046,18.46929281
-13.23944755,-12.83818426,19.32114669
17.0781678,-13.61298455,-11.57169017
-13.62711657,18.6721492,-14.97020234
12.4828304,-9.25752857,-8.5002509
-11.3754162,-12.0726254,15.41549766
12.47745762,-9.82713068,-8.76747235
-12.87772217,-13.97466557,17.87187953
17.32914067,-12.74194393,-14.58299106
-11.74570024,-13.05541623,18.60328147
-11.62608998,-8.03205678,14.60500238
-8.41936771,-12.33183408,15.43103481
-14.09753624,18.24091758,-9.68586773
-7.08668682,19.20073815,-16.55611581
-8.52440172,12.99101439,-10.02440317
-14.9914924,19.41981782,-15.2955013
19.37094338,-15.91437993,-10.86233827
17.73851706,-11.47841761,-12.27580747
16.53312945,-11.50753707,-9.74430842
-13.82116386,16.72824084,-12.06734319
-7.67602469,-7.63573593,10.06766779
-14.58756919,19.27530354,-15.432902
-13.04810636,17.20274856,-12.93519217
19.6423349,-14.59009963,-11.76457054
-10.11434934,-9.98642336,13.26100713
-12.01936774,18.8852798,-13.67613495
19.97601544,-14.10582071,-14.57866068
-14.61716895,17.61699422,-11.02134358
-9.63939095,13.97712055,-10.47525462
-11.87081477,-12.41828422,18.42689035
-12.43117099,19.14751021,-14.11945401
-9.68114474,-16.13542279,19.72987266
-11.41148494,-15.64044189,19.99589502
-14.39050344,-10.70158845,17.37901334
-8.9969316,12.2701228,-8.76457165
-13.720695,16.36730617,-7.17480008
-8.311826,15.21306175,-11.72454336
19.74268408,-12.63426164,-14.76410668
-9.84866583,-9.52334704,14.74862651
-17.51276703,18.42516631,-11.75151318
18.12574024,-13.96408104,-14.69385186
-14.46262656,-11.82253917,18.08692813
17.12526653,-10.76167503,-11.13926367
15.52509826,-7.9735574,-12.2072296
-9.56443956,12.02085906,-8.24903122
-8.35851583,15.0984891,-12.83382674
11.95907463,-7.89978974,-9.4937773
17.6963198,-15.09266953,-7.11000667
-13.11034707,19.34235809,-16.36110487
-13.90112539,-9.05540287,18.33161191
-9.81457438,19.89599711,-16.29081096
-10.15901707,-16.66555615,19.47692943
-10.43732446,-14.6520256,18.28337914
-10.20771645,15.98154141,-11.34839926
16.57691502,-13.82047458,-10.91668758
-8.63890482,-14.4801075,17.97681014
19.5889071,-11.13779123,-16.21355131
-13.54776769,19.74424386,-14.10358489
-13.81379606,18.55129003,-11.33148719
-12.63391377,19.68195361,-17.05096068
-9.15638148,-13.92201455,17.9632944
-13.56452348,19.66345927,-11.32859102
19.95621361,-13.60356084,-14.86922671
17.97702119,-13.49528766,-11.99017445
-9.1526147,-14.09048407,18.02951683
19.30138128,-16.22570911,-8.70516318
17.70677132,-15.43816779,-15.13165575
19.69681864,-17.14518238,-10.02926253
-10.4504343,14.42158597,-11.00292657
14.7974767,-8.16522333,-11.89609804
10.56620115,-7.77196869,-7.76110255
-16.78878711,19.25050427,-16.22473743
-12.11398129,18.60325944,-11.47499179
-10.97332383,15.39479927,-9.2776205
-8.17668908,-13.09697406,16.67089082
-11.31561207,16.66980377,-10.16172562
-14.01881899,-10.07509698,18.16750676
-16.57348212,-12.92118195,18.83501521
-11.52990718,-7.3778805,14.02196291
18.27967298,-15.5965427,-15.90872837
13.25611946,-7.20763221,-10.95046976
15.15185147,-11.77510148,-12.31367127
-10.47019205,-9.56361078,13.44470008
14.52170836,-10.54687488,-8.77200425
18.5380515,-15.64032419,-9.20896672
-16.1392671,-14.57191746,19.78436641
-13.88151192,-13.03146684,17.60250313
15.35696541,-9.4461911,-11.23709613
-15.26020754,-8.59715008,17.48165147
-11.66737809,-11.80346579,17.26567773
19.84730238,-11.57774912,-13.69878683
13.97351124,-11.32043612,-10.07095782
-8.01028098,-8.00542471,10.39889908
-10.9960147,-15.14725364,18.56009512
-12.96396554,17.50021225,-13.07048418
-12.91780601,-10.72220238,16.16634158
19.86856121,-15.96668277,-13.43164022
-9.03165531,18.30855328,-14.09262024
18.98097244,-8.54559055,-16.40635837
-12.18121443,17.22455205,-9.71033801
16.98555164,-12.30607452,-9.57192305
-9.94320737,17.4823066,-13.13690861
-13.82575688,17.53151543,-13.09428692
-11.66261422,17.49784963,-14.03718948
-14.15585343,-7.84563111,16.7364744
-12.35734361,-11.66262344,17.22039276
19.83169121,-12.53131129,-12.06670224
-10.46658496,19.18626703,-13.48856146
-11.13456241,16.44810786,-13.96394162
-11.9629636,-13.01950777,19.4657042
-12.84020311,16.16078479,-8.37917088
-11.9761622,-8.38387043,14.73424775
17.02667071,-14.54322234,-14.14981249
-10.63348625,-13.39081197,16.06628618
-16.02642052,-11.29735733,19.06407798
-12.14565229,-13.14490201,17.70377365
19.90899369,-17.31571732,-17.41014222
-17.07656243,-16.75596804,19.9510643
16.16713891,-13.06570328,-9.42675796
-12.26396498,18.42324003,-13.08538952
-11.84072652,15.31613207,-12.1389867
17.87115555,-12.98930685,-10.68587371
11.45812587,-8.96035164,-7.02833078
19.13952668,-11.8264401,-16.55064046
-14.6902545,-8.87890608,18.34178774
-10.32238654,16.78724134,-11.33749104
-13.01500046,19.39017281,-13.46381869
18.87895408,-12.91486653,-16.29493649
-10.54247839,-12.68263835,16.56060558
19.35333746,-13.59184517,-15.59439753
-11.93818728,-12.69522229,17.61641061
18.40684507,-13.1674765,-9.88878488
19.32242701,-14.76615972,-15.77113323
-15.21359648,19.84775411,-17.23439486
-14.94359366,19.99240485,-15.59887672
-14.6526442,17.85576729,-8.40043674
-11.96889654,-12.75468837,16.9640441
-15.60821227,-9.1789781,18.19102069
13.31213929,-8.31071064,-10.26489974
-10.97411734,-11.05290105,16.52835004
15.75996101,-12.62776408,-7.82820333
-14.2043208,19.64419894,-16.98165483
18.5940937,-15.9143876,-10.47738608
17.51118,-13.57789871,-12.94696854
-12.48651068,19.08120079,-11.94139715
-12.14301211,-11.06739849,15.70261441
-9.82706751,-7.26521238,12.09259628
17.77142448,-11.35473412,-14.3876019
-14.08681132,17.70854849,-8.66736344
16.17083724,-13.06859113,-10.8768396
15.59273606,-9.27324209,-10.90163903
-14.57234026,19.65185868,-11.81966314
16.0262662,-10.95405114,-12.18949752
-11.20531098,15.76945093,-12.34862972
-7.72019731,-7.97370559,11.14683501
-15.55732439,18.00505185,-9.83016431
16.86053622,-12.90661685,-8.40473439
-9.52827056,-10.13260345,12.49050807
-8.50450979,19.60353903,-15.95937116
-11.94104731,-12.83241476,16.04078867
-12.64079543,-10.80898478,16.22467794
-14.40095969,-11.61363394,18.63301756
-12.08374092,-11.14678163,17.40854055
-12.48399025,-14.90606128,19.73200295
18.88510851,-11.7307321,-12.03323581
-10.02203083,-10.17859482,13.47670234
-10.86000095,-16.35674434,18.70296202
-10.00015538,-10.34696568,14.81275849
-13.82635358,-15.79222263,18.13829308
-14.76500263,-15.84438451,19.39120837
19.2112651,-10.11269858,-13.92806536
18.65418895,-13.36178845,-11.82050606
-15.85509012,-15.81101731,19.11167437
-13.10492725,-8.76271728,16.56933091
18.02553838,-14.53582084,-12.69605344
-9.24207467,-12.67133942,16.59380403
-11.03139769,-8.56888073,14.30284699
15.57528963,-11.67723166,-10.93616308
-12.86837805,-13.38297806,18.49429409
-13.14507098,17.54082815,-12.40819044
-17.26757989,-9.09523476,19.50394518
-15.56454796,19.30645276,-14.9085703
-10.42825136,-9.60179607,15.13637509
-13.78128483,18.51036706,-11.3993232
-15.00158516,19.1941467,-14.72437093
-10.14332218,17.36455584,-14.60101393
17.93617582,-13.69570741,-11.65329243
-15.77724574,18.18780513,-12.058021
-13.54951786,18.05051579,-9.48933791
-13.61616033,-13.49767058,16.9240169
19.5213546,-16.23289663,-9.03641574
-11.41467046,-11.02473154,16.29325984
-12.65292998,-11.26797692,16.90086452
-11.30733612,-13.48270223,19.02163415
-9.54429539,13.71880144,-9.79223808
14.45904709,-10.91249004,-8.07086979
-15.45381555,-9.74201688,19.65968637
19.58107837,-15.25451846,-12.33267792
-15.80728146,-9.16067336,19.62575918
-10.69704826,13.02526506,-9.51094973
-12.7097959,-9.18084013,16.01009
-13.2656226,16.07610966,-10.06549219
14.3163807,-11.56644057,-9.82374143
-12.66658901,-13.2896033,18.55483294
-9.7547883,-15.45838911,17.94689793
17.95289982,-8.71716692,-13.94420036
-10.62709174,16.75510074,-11.82968776
-12.3200887,15.90549622,-9.9236322
17.13455364,-14.22405944,-7.31821447
-12.23680597,-11.00291774,15.17863061
-11.76037887,-9.09107547,15.63317562
16.14829559,-11.6522211,-10.82838042
18.61699863,-15.3748572,-10.55698076
19.25648677,-14.90650242,-9.65506557
-10.92026227,-17.13962738,19.42913602
-8.82529269,-10.35348395,13.73657824
19.95577898,-15.92177368,-13.22887003
-9.51165068,-13.0075646,17.26358789
-10.03229555,-9.28880316,14.2180649
19.2000598,-16.70479509,-11.10072771
-14.24144159,-15.8787965,19.96738481
-15.35092885,-10.49502954,17.85915898
-10.00681074,16.02166632,-11.8079873
-8.63897115,14.16898508,-10.36427375
-14.71621709,-13.09386298,16.87501576
-14.5919876,19.620246,-13.85183878
-15.53701995,18.06228497,-13.16628672
17.05471,-14.42861968,-11.65650881
-9.89348588,13.93819515,-11.51969144
14.63736049,-12.03893863,-10.58145734
-14.97227993,19.38561112,-9.69378226
-15.56569384,18.69236864,-12.34564525
-10.92529426,-7.13875479,13.46876987
15.06199251,-11.35796133,-9.38869804
-14.83079121,18.99874839,-14.02957017
19.63633748,-11.57401783,-15.77530692
19.33900832,-8.42822345,-15.73378774
-13.02355635,-10.01294354,16.63154553
-12.89456251,-14.38997834,17.10025511
-10.72718023,-14.78682377,17.33638085
19.79537732,-16.93641063,-14.68669834
-10.61527802,-14.86423239,18.06101533
-14.57961648,-10.5371359,17.50608107
-10.31874063,15.63067272,-11.29072469
-14.70524492,-13.00243518,19.09967656
17.73005041,-12.24415812,-11.48871077
16.13324635,-13.66852056,-12.29801564
16.36633958,-11.05286599,-12.03936851
19.63800393,-16.75668689,-9.42194972
-10.21081853,-12.2144113,17.94077724
-11.18959981,-11.39640372,15.8143634
15.37478199,-9.48217581,-10.85119161
15.09354881,-11.77419093,-9.59332861
17.51656096,-12.46215792,-13.35756403
-14.40990778,-9.1230045,18.01588731
18.57287238,-11.3193899,-15.32183533
19.16872454,-8.33273845,-16.65924258
-14.95474291,-14.10889503,18.83501161
14.01660323,-7.978671,-10.62424215
-12.44820937,15.92306078,-10.79930939
-9.75493877,15.55683144,-10.55878693
-10.19422853,13.73751827,-8.4960821
-10.44582441,-14.78367149,17.93956926
-13.18078597,-13.20265697,19.07426882
14.90395135,-12.275361,-9.31305276
19.73976212,-15.28062512,-13.07791515
-6.98322141,9.94919386,-7.44047706
17.87721727,-13.16832422,-9.11294894
13.61912116,-10.65754895,-10.79190031
-12.70506594,-9.79133919,17.19583646
-12.72342762,15.66225174,-12.75533088
-9.07355668,-8.36764122,12.27888686
-16.41714559,-16.84663735,19.83427893
-13.27837813,19.79134183,-17.41244152
-14.85104286,17.79858392,-14.24467664
-10.04116711,-10.67804505,16.28784827
-13.6153084,-13.80112027,19.09818382
-13.19067157,19.69678211,-12.15821359
-9.103964,15.53624353,-12.02194771
17.3296931,-14.76433108,-7.56268143
17.80975601,-15.03313073,-13.78031227
-13.48467924,18.6592802,-10.34208324
19.53103247,-14.06594735,-11.51529738
-16.94230369,19.88330199,-13.63573329
-13.5543212,-7.78333263,15.72465645
-14.69860041,-10.87207403,17.18589346
14.83871992,-10.32388336,-11.00869306
-13.19522576,19.51381452,-14.33369172
-8.28209852,-13.30291062,16.37205
-15.44419223,17.77605491,-6.95752429
-8.71301055,-11.22712364,15.1704919
-17.17934416,-7.57635848,19.48384523
-13.85236737,-10.87433841,18.42031563
-14.96136434,-11.20373176,18.38470822
-16.85027823,-13.17442609,19.70789987
18.25409246,-11.12814621,-14.41825578
-12.02351176,-15.21529092,19.21001412
-16.33801243,19.15854723,-12.81330698
-9.87406711,19.22991287,-15.87851903
-13.25919293,-12.37632274,17.52027972
-16.57596138,-14.6305118,19.31874127
-14.8364641,18.16603191,-10.78341037
12.80275514,-8.83306927,-9.93637958
19.38150283,-16.44651332,-14.86400532
18.3129293,-9.21248897,-14.25068321
-11.18867359,17.13587451,-13.79374261
-11.00374709,-13.83239699,18.51743365
-10.43866986,13.43521655,-8.6968378
-9.81764349,16.42190491,-13.40588791
-13.99053845,18.46724298,-11.08337076
-7.29112876,-13.08976472,15.96548838
18.60701407,-14.61213461,-14.01777528
-13.04125784,-8.7031932,17.29259042
18.18670299,-10.12737497,-13.51859396
-11.29932102,14.31914294,-8.4484757
-10.1539901,-15.19876416,18.98698023
-12.0481255,15.53364074,-13.23303303
-11.60260022,-14.47446574,18.54177855
15.04988639,-9.3810159,-12.55466704
-10.39096296,-9.0411565,14.88289427
-9.91161049,-13.32916044,17.05582857
-12.23789756,18.06800015,-14.6301983
-10.6652083,17.79256541,-14.70878999
17.22434077,-14.64407268,-13.32617377
19.32759512,-10.08041977,-13.7351929
-14.21216237,-9.83872636,17.87650427
-9.44626722,-17.36283267,19.8334436
-9.155493,16.17966341,-12.76347459
-11.76538137,-13.72932214,18.52215829
-16.97646826,-9.1282649,19.97091391
-7.40641989,-7.46071176,10.43557102
-16.01316569,-8.94673737,18.39044574
-13.87205842,-10.36335796,19.47715994
-10.51806374,-10.6798215,15.31521347
17.16615045,-10.92549809,-12.56847248
-12.00389314,-10.55605934,16.29898263
-11.57093902,-17.64623927,16.22047666
18.08629024,-8.31402614,-15.53157513
19.5205178,-11.98307263,-16.35815242
-13.90088527,-10.65651884,19.49579346
-15.75945325,-11.07917756,19.60359064
-15.37883021,17.92270423,-8.91800037
17.32090943,-10.05492451,-12.89758916
19.3847667,-15.31349082,-13.97784708
17.96592672,-12.2276304,-14.49847037
-13.63131337,17.66001408,-9.66214874
-10.4965778,15.1033221,-9.03675996
-9.5992487,14.99077099,-10.34631854
-15.28474898,-13.86257174,18.23468309
19.38255919,-12.6380144,-15.00770658
18.60590212,-15.09761053,-15.99138343
16.87594131,-12.16991232,-9.21581142
-13.58541387,-11.70418187,17.49403903
16.61170257,-12.01584336,-10.92888389
-10.3196705,-12.02264967,15.20151788
19.43637023,-16.61409893,-12.94645148
17.96782676,-7.65537432,-14.88337117
-9.47316309,-15.78313948,19.44715332
-9.57177918,-16.62548108,19.63757078
-14.02812577,-14.82255735,17.75120339
-10.27273332,-11.77956323,16.34619069
-8.38054837,12.76859179,-10.00060607
-9.58870933,-15.85561078,19.51960045
-15.61113035,-8.93505583,18.41473148
15.71566765,-11.79162677,-11.06437565
-14.40686737,-10.34634821,19.26076618
19.34913721,-13.83866421,-13.26067375
-11.33852088,19.25702218,-14.84166025
19.63795463,-15.82381596,-14.83274595
16.96969183,-12.2243859,-13.11606072
-10.08438463,19.00654863,-13.68034946
17.24384643,-11.58260362,-13.93788159
-11.84004994,-13.71642237,18.51480779
17.93067721,-12.23482966,-10.96804895
16.6346288,-10.38104203,-13.86024043
-11.79915658,-8.30142245,15.59666677
-14.11026862,-8.6197631,17.10413619
-9.9901313,17.5763141,-15.01292563
16.24568296,-9.17441098,-12.88943983
19.21867544,-9.9173091,-15.48358603
-13.77435374,-8.95288666,17.83618599
13.468401,-8.25378908,-10.19735505
13.65889919,-10.9024518,-9.55636543
-13.87013711,18.39768955,-9.78114147
18.36468446,-9.27817735,-14.66151233
18.78608267,-12.32711875,-14.61487033
17.69048152,-15.43664582,-10.71679108
19.41154196,-12.72713945,-12.7000636
-15.07955399,18.17901235,-8.40870466
17.51428553,-14.2780079,-14.81001162
19.17713668,-16.75644661,-12.66920167
-14.73771397,-16.10209445,19.53853017
-14.75601622,-8.00857095,18.34370922
-13.57822025,16.24981474,-13.25699469
18.89296018,-11.84921051,-13.9489424
-8.14254606,13.2164783,-10.56388384
-13.3581039,18.70340186,-13.32020434
19.37368241,-15.81721713,-11.53012078
-9.65845752,19.95010662,-15.43397937
-8.89767405,19.04337555,-15.44378757
-7.62238859,-9.76840015,12.86994823
16.9101757,-19.69188703,-9.11829563
15.68507389,-8.15306511,-12.63334971
-10.81272015,13.78431705,-8.37900049
-13.23384058,-11.78190354,18.96045299
-7.9943293,11.62016067,-8.07567149
-13.20838591,16.13663514,-13.72640382
18.51869873,-14.36952534,-8.63536785
19.7214929,-14.88858325,-9.91917439
-13.49559088,18.28901285,-10.70952922
-11.27004373,16.1010812,-12.09641951
-9.22885383,-13.51678637,16.57620677
-9.95461294,-12.97150757,16.79592352
-11.5601906,15.11968816,-12.36640221
-10.2186382,16.96729846,-13.45654486
-8.94394865,-9.76476051,14.18075019
-11.22481706,16.91110336,-10.46669482
-11.48627798,19.08505023,-14.81633398
-16.72971069,-10.27424535,19.92219263
-8.86477959,-9.30253291,12.95400445
-13.43612283,-12.73533829,15.90233625
17.29719135,-8.66728869,-14.69838119
-13.49569193,-12.79731564,19.04088222
18.94069344,-12.08632949,-14.71826035
-13.76310136,16.54501234,-7.24005147
-14.73946729,-11.91889579,17.38705705
19.29131564,-11.91340667,-12.56980821
-8.35796686,12.43105981,-9.47983591
16.71498739,-8.89898917,-12.89721691
-9.21014572,13.83781149,-10.78663647
18.95629763,-14.1868632,-15.07311827
-9.56699933,15.03455455,-11.60236894
19.7618665,-12.80835241,-15.31096597
-13.32778475,15.71528577,-12.03478115
-8.30742725,17.41463208,-14.17561503
-11.48338447,-13.23712927,18.97015673
18.53151204,-10.32723003,-13.4723778
14.21709626,-9.28053246,-10.72108863
12.69271966,-9.29963662,-9.81215353
19.10797081,-13.88803436,-14.13547725
18.9706265,-13.30376939,-12.60175608
17.31193615,-8.86097447,-14.80520564
18.67492566,-13.76857828,-10.76094559
-13.38402734,-6.85107833,15.82825788
-13.11198904,15.84266311,-11.85917443
15.41981498,-10.52724089,-9.34352112
-10.76988932,14.35982029,-10.26139481
-14.11671633,17.91244219,-8.28012379
-7.94773511,-9.3316128,11.74746575
-14.03822301,-9.58580662,19.02277256
-12.50457612,-16.30111996,19.29918805
11.71188262,-9.44414849,-7.71916513
-11.36387629,-15.52883748,19.35387707
-7.11938637,12.21112321,-9.58186942
-10.78416779,-14.79260044,18.09686021
-13.00582185,-13.32887493,18.59531722
15.54750186,-13.10082101,-12.3392041
-12.96105235,16.1690756,-13.91476099
-11.08071435,18.67390236,-13.17834316
-9.30382294,17.25791618,-13.23229142
-14.74897656,-9.43117296,19.43934158
-9.18599045,-13.10272453,16.77759263
-11.38020768,19.7820159,-17.43685044
-13.41658478,-13.72242966,19.01709772
-12.2466168,-8.04034677,14.53773847
-11.63383904,15.6960809,-10.81748607
-9.3360455,-8.48607855,12.96722369
-8.84007461,11.84719677,-7.96252998
-15.64026503,-14.08198339,19.28386106
19.21953956,-14.50011544,-15.16051781
-9.29400665,15.04021735,-11.35176418
17.79587086,-12.54322152,-12.236945
-12.83501251,-12.68757117,16.06269855
-7.81450609,-14.45092313,17.43683026
-16.01017256,18.96485145,-8.38114691
-9.93265302,-15.43923257,17.64548051
-14.94986534,-13.99413509,19.13871227
-16.00212545,-9.37041293,18.58265307
-14.18266327,18.02499001,-15.2560859
-16.14255108,-9.75155827,19.41711219
19.71187291,-11.14732762,-15.088146
-13.16233429,-11.12055331,19.75954568
-12.27499459,-13.87839153,19.90151542
17.75667391,-14.05662725,-9.16818775
-14.61368754,19.743172,-11.91830731
17.94562871,-13.60279829,-11.86949739
19.32520755,-11.29053713,-14.53853057
-10.40370013,14.48915155,-9.52571844
17.85434277,-13.40181451,-12.29517854
-14.41582644,-9.53198806,19.28610494
-12.2612862,-13.71752588,16.69376606
14.87435592,-9.9526228,-11.24381877
-11.61655661,-14.06063051,17.4391689
-9.35180238,15.08050183,-10.34363469
-16.3283289,-11.76006171,19.95024716
-9.44001968,-13.61330043,17.03656278
-7.09220427,-16.91374001,18.7662743
-13.579941,19.99779506,-16.91509102
-11.73927663,-15.39482763,17.66785361
17.69065565,-10.49018186,-15.28474815
-9.39824713,-13.24809919,17.05831654
-7.4601405,-14.25857342,16.66161826
16.33316622,-11.45213479,-11.49663441
-14.50914595,18.99897755,-14.11494691
-8.70779645,-17.08238306,19.50026568
-8.92463073,-14.50050482,18.49752403
16.26295075,-8.67121253,-13.80642007
-14.10572723,-11.67154124,18.56161234
19.15754834,-9.20169,-16.5799113
18.94895395,-15.82923302,-12.26383177
-13.65707343,-13.55122008,19.41846786
-15.0454879,-15.96946294,19.96733275
-9.93741642,-14.94018118,18.42135693
-11.75782925,-14.38820306,19.774132
-11.01848567,-17.32021034,19.69477128
-11.83332444,-13.7196222,19.5905084
-10.25450406,13.37453572,-9.33018339
19.43574038,-13.8113213,-10.91716757
16.25026102,-11.1416361,-10.79747827
-11.34843733,17.62693338,-11.44885639
-14.62257745,-11.64460601,18.48424522
-15.97874859,19.40615174,-15.52750561
-15.86987528,-10.3724843,18.73402129
-8.75799183,11.4638581,-7.4211274
-11.96229491,17.02722515,-11.23428094
15.98075885,-9.77814284,-11.47327203
-12.63659231,-11.42985623,17.65388359
-16.42535862,18.9591112,-8.09540265
-13.97475184,-8.91005398,17.18742391
-9.7359193,-14.04832645,19.14729332
-14.0298676,16.35697054,-13.21020088
-13.88562017,-9.22930987,16.30553034
-13.18940917,17.09470809,-13.63243307
-12.51881015,16.21672403,-10.24681396
14.69412339,-9.08642304,-10.27457825
-11.05904838,-14.77233443,17.82040141
-11.81584967,18.23297088,-13.22102046
-15.37726813,17.94040838,-12.2052561
16.06105283,-11.64351602,-8.84206212
18.27061261,-9.39803307,-14.88651262
17.27137954,-7.91539961,-13.79228515
19.99797163,-17.49958553,-7.31329205
-9.4696322,-13.95579471,16.75985654
-11.64037051,16.54429423,-12.0193572
-10.75510766,-16.17694784,19.73491739
-15.59442366,18.09100965,-15.69593439
-12.17751147,-14.72393295,17.59445333
-11.14898052,19.01200833,-15.77869436
-10.30682127,17.31625257,-11.4256111
15.05514481,-10.97819749,-10.99956244
-9.97950149,-14.58441485,19.0760057
-9.8060143,15.21066445,-10.32677643
16.75878191,-9.97918693,-12.24453519
-11.94136456,18.26264118,-14.18129992
-14.08734278,17.64935628,-8.51362609
-9.87841458,13.16784527,-8.21679176
-8.27017831,17.17555672,-13.8193993
-7.72531534,12.34496066,-9.13475346
-14.0827777,16.82285366,-7.48811982
-7.47170757,10.59067526,-8.31538082
-16.14767259,-8.70312273,18.63127801
16.24023518,-10.54108211,-10.13216767
19.45713202,-15.42997641,-9.3808085
-10.30922659,-16.7612688,19.82046839
11.98525748,-9.36311948,-7.54613725
17.56472031,-10.34041563,-12.84692723
-11.25184236,15.10788846,-10.66043135
18.91117025,-12.5719825,-15.17055567
-13.39571654,18.20241612,-13.08900531
-8.58399713,-13.51094532,17.69083938
-14.36788267,-10.36220532,19.88633715
18.80711307,-12.70074999,-15.92849566
-10.5519808,-13.51416605,18.45522598
-11.60692972,-12.94744483,19.37122953
18.22340079,-15.61691727,-13.32574941
-11.70241254,-10.25324245,14.8269339
18.72822644,-9.4039504,-14.21222775
16.7482938,-13.94714484,-10.06502633
-12.1991497,-8.61337069,16.08234878
-11.88141526,-9.00191378,15.57817568
-8.93910116,15.90107528,-11.49876696
-12.83312378,18.96881464,-12.24219454
17.3489507,-9.69101471,-12.87560042
-16.92836839,19.72802185,-10.8701074
-13.7813638,-14.08514745,17.65061938
-10.43057984,14.06630848,-10.09538853
-15.69933709,-11.53857491,19.12656954
19.41694694,-16.25272126,-10.63853875
-13.8916653,-13.04285632,18.26045396
16.74629358,-11.21250721,-13.40116606
18.10094655,-15.46344066,-7.97120905
13.5591045,-8.41079355,-11.1769541
-14.99992657,19.99926748,-16.98681377
15.43954859,-10.84576542,-10.08474289
19.68914954,-11.76906338,-15.48133505
-13.14021543,15.85140544,-8.05490737
-14.87568274,-14.71170597,18.29033553
18.99205244,-11.57826546,-15.8169622
-10.62514365,-18.38150706,19.04582249
-12.2960822,16.79147516,-12.20899463
16.28991908,-7.28419633,-15.01046367
-16.48032177,19.87942317,-8.01175389
-14.64813521,19.17627359,-13.26210673
-10.30535644,19.86236526,-16.08324417
-14.18900508,17.78289694,-13.80277508
-8.62713507,18.54966044,-14.95999831
-9.0759187,17.84474171,-14.38820463
-13.61769423,18.71545029,-15.58218005
-14.43256831,16.95195131,-9.49317986
-13.39131926,19.15436819,-10.32225111
-13.31005527,17.78097227,-12.14537259
19.57447477,-16.13018356,-14.64071504
-10.07776994,19.56987654,-14.73872676
-10.69666738,18.30924583,-13.78109453
18.71976422,-15.37877207,-9.62518264
-11.04094639,-14.73793542,17.13809419
-13.93334795,16.63673268,-9.89349012
-11.30251465,18.43062885,-12.87194294
-14.27838266,-13.21310102,19.09135058
-9.67639958,16.79825932,-12.36322278
-14.22442656,17.32640812,-8.09510483
-10.46632001,13.54818469,-9.44411614
18.94711771,-16.05820096,-10.2650245
17.3560275,-11.61571498,-13.19490125
-15.77808888,18.69762564,-13.54895553
-13.53671706,-13.63818704,19.3965828
-12.33402371,14.71091409,-11.17131472
-12.54884211,16.76881156,-12.42522022
-10.04086481,-16.10082746,18.62148018
-11.25388112,-15.30559628,19.18106878
-12.81071166,18.52862535,-11.36307141
-9.16577123,-14.03488663,16.7729499
18.10378958,-14.43233978,-8.73994329
-15.32874508,-16.57964636,18.85778128
-10.3724987,-11.88067714,14.21218412
12.09237281,-9.19476695,-7.87661481
18.99135104,-11.82807576,-11.71934356
-14.2459616,-9.0879054,18.62199316
19.70786801,-14.7553753,-16.96497123
-12.5510108,-13.91344958,19.54805383
-14.054141,-10.53562309,17.65418801
-11.03838506,-16.14681527,19.70119066
-12.45958119,-11.83113646,16.1172781
18.07907991,-12.18859239,-11.3804312
18.21892906,-13.64288121,-14.72884417
14.19596436,-10.55757563,-11.24057109
18.162083,-12.59859528,-15.02013118
-8.83781796,11.92359204,-8.98183694
15.07496982,-8.56352817,-12.47062386
19.74910203,-16.62715179,-13.25474558
-15.13289988,18.15594875,-7.4899505
-8.59109763,17.94010323,-15.34939643
19.70662375,-13.57900613,-11.49390584
-13.60857545,17.7303999,-8.75048121
-11.00370925,19.28818935,-13.31670176
18.46626886,-11.31971487,-13.58506996
-13.96284494,-11.42515677,16.65055211
17.10010747,-13.95465406,-12.45354372
16.25272967,-11.71453918,-11.59351811
-16.05678958,19.27349924,-11.94102835
-8.92969238,-9.53265477,13.5148937
-8.80993743,-13.76302782,17.47928133
18.8908787,-11.80680314,-15.97332287
-10.29805189,-12.524856,14.86855115
-9.51501762,-13.3476661,17.80571042
16.42966677,-13.78682097,-12.99490911
-16.23193207,19.71410706,-16.15029583
-12.03095449,16.71761262,-13.59844731
-15.75157151,19.16161676,-10.80325485
-13.53117258,-12.40918991,17.39721619
18.7229691,-12.52872122,-15.68711253
18.07994172,-15.44586314,-11.01124938
-13.44406452,-12.18310206,16.01640535
17.18639682,-10.03374901,-13.6809117
-14.96120143,-11.51277424,19.76545134
12.5513592,-9.67080784,-8.76286335
-13.6802329,-14.65242627,17.98918775
19.74996507,-14.16395726,-13.74930273
-9.81271131,19.93365912,-16.53669577
-9.66140583,16.22334498,-13.30886159
-10.74685846,-9.42033124,15.01763484
-9.05872443,15.84850559,-11.32546538
-12.13548814,-14.27813125,17.1718677
19.90578555,-17.23987881,-14.05887965
-15.25128553,-8.85525186,17.63732065
-13.12724182,-14.03720353,16.67017701
-12.09190351,-11.81089684,16.07879971
-15.16049845,-10.19771,19.3901242
19.56716292,-9.07139785,-16.06883299
-12.07603998,18.9940877,-16.16094716
15.23800747,-12.7002362,-12.89380566
-14.18163361,16.51187482,-7.22127657
-10.02774795,-10.23662605,15.76736045
-13.63165731,-13.36160743,18.96728972
-14.22084749,19.45484146,-15.74146635
-8.2094417,15.32894009,-11.82001679
-9.55843569,15.64395248,-11.32645699
15.64302394,-12.99989616,-7.05137177
-16.86740045,-11.82796425,19.96862566
-13.51136346,-14.00655406,19.43861946
-9.44398581,-15.50308131,19.3307433
-11.64432226,-12.75369509,15.69509796
17.40748918,-9.39670521,-13.67635387
-9.49789718,18.94627962,-16.31817841
-14.48970611,19.65501507,-17.25792151
-9.01590619,-15.17030707,18.13948149
16.3192403,-10.79069408,-12.45158772
-9.43191957,13.80956398,-9.14475417
19.55347195,-11.44805529,-17.96799104
-14.16233116,19.84217661,-14.37132995
17.58589484,-11.05960103,-14.24938727
-9.56547903,-11.50725682,14.85811667
-16.98987705,19.95461317,-13.64641203
-12.37843661,-14.30766354,19.04053805
-9.86019185,-13.59566534,17.26706009
18.81750185,-11.78814901,-13.52534523
19.28303454,-10.95370275,-14.93507333
-12.83629983,-10.04671036,18.35134934
-14.3139947,-9.75359218,18.79225825
-10.71597628,16.30043567,-11.83997237
-15.32121932,-15.29097035,18.65328216
-11.96360056,-13.0334667,17.68891976
19.41874782,-16.64256033,-13.8133055
19.33775168,-15.61514136,-13.52470484
-9.10657709,-12.26785006,16.62311174
-13.88514705,-10.29830635,16.7260032
19.55589889,-12.03430567,-15.48847371
-17.20131661,-12.10089344,19.73682763
-10.6112058,17.12204414,-13.1068327
-10.30319118,15.97449521,-12.14249076
12.33754063,-9.46697939,-10.02565576
17.8417566,-12.88323648,-10.42454865
-9.30107284,-9.65760225,14.50247194
-15.20907628,-15.48502143,18.97954326
17.12837465,-14.19887369,-11.57198126
-16.71120318,19.05880044,-10.99709504
18.90994478,-7.96293881,-15.54886346
15.64232255,-7.5398144,-12.68426425
18.24812707,-17.91271271,-12.90830359
-13.12423605,-9.42093999,16.26797073
-15.271848,17.18206084,-8.38077049
-15.39152141,-11.54598796,18.47135605
-11.09767309,-9.60634133,13.48382969
19.21939033,-16.42766672,-8.53843739
-7.86660942,-15.23403876,17.83616216
-8.78847854,-13.73008064,17.02241982
-14.55698256,-13.90241922,19.6551672
14.75577301,-11.88603062,-9.86537297
-12.1033133,-10.85872241,16.04095103
-10.41188932,14.68017773,-9.15772852
-12.55305894,15.45832221,-8.79186442
-11.79736444,19.78604727,-13.57681381
-10.33810599,15.46013815,-12.39519758
-9.27846913,11.47909834,-7.29676847
-13.41401906,19.62822757,-12.85115832
-8.53313036,-10.66220872,13.99961025
-9.27749911,12.68664107,-9.59258181
14.6992847,-9.22393329,-11.52173469
-15.19970991,19.85525037,-11.69157643
18.46638146,-14.84415518,-8.4965074
17.86857246,-10.30423864,-12.72732325
-10.93806612,-15.75263212,19.50140558
14.79247713,-10.15682195,-9.87373241
-13.15137725,-13.56846286,16.63175581
-12.40656433,-10.46250941,17.23910051
17.54642709,-10.15282866,-12.12887577
-14.94305424,-14.0963144,18.32714133
16.70704122,-10.48460155,-13.94170339
-10.25919161,12.91226301,-10.62580678
-8.76273078,-15.10328524,17.75956112
-11.97015166,-14.80261486,18.06132276
-10.37992939,-16.41201848,19.00066507
11.86615862,-9.56202156,-7.15438476
-11.56709337,-14.2377759,17.39782883
-11.71850644,-11.2056383,17.24556299
14.89489769,-10.72565851,-11.11359878
15.39722406,-12.00875005,-7.85581718
-15.09982465,-15.1328584,18.25436418
-13.83307271,19.35104479,-9.97668328
19.96990424,-13.98366588,-11.65285195
-10.7831388,-11.30630046,14.0611311
-9.29170439,-15.07372883,19.65103105
-16.47786345,-8.77875637,19.79845726
18.87100348,-13.63134535,-12.35924019
18.09929536,-9.43348757,-14.95831561
-12.69083545,19.86048447,-12.64295228
17.74081756,-10.19228086,-15.01682782
19.69293547,-9.9526665,-14.73956871
-8.56151073,18.82302369,-14.99105689
-12.37998406,19.5056387,-14.15212701
14.49435302,-12.02847061,-8.47855748
-14.72613152,-14.42053735,18.70008252
18.38749903,-10.70115693,-14.86643438
19.16121587,-12.92184095,-14.96585151
-16.20508596,-9.85409051,19.14617821
-14.42536243,17.50041457,-11.96483329
-10.62289399,19.01020337,-14.81611118
15.46439327,-9.88189831,-13.03417999
-10.91837866,17.76598363,-13.17130866
-13.19724567,18.28926157,-10.72042112
18.37925363,-15.7613006,-16.08150881
-17.33711055,19.92799602,-7.67068025
18.4609552,-14.43558447,-14.80094189
-10.50887896,18.26235439,-12.32066538
-13.35428479,16.85989555,-8.22656802
-12.89285733,-13.92047284,16.58966946
-12.92467174,-12.2916388,19.67287289
-15.65410271,-11.43757632,19.21878827
-13.91250342,-9.46502977,17.05499852
15.72223164,-9.82992375,-11.65928111
-12.0404329,18.9307291,-14.13066492
19.65009665,-12.47729898,-16.27722739
-14.46142397,-11.49093494,17.43878392
-15.10992321,-10.83248539,18.38865137
-10.4103199,-7.87940019,12.67555072
15.24946366,-10.94701291,-9.29906056
19.77313904,-11.72136905,-14.05532218
19.13550172,-14.97447315,-9.16283862
-12.11510785,18.47620152,-12.78713485
-15.52751566,17.86920185,-11.45924262
-12.31552717,-14.67712755,18.7700531
-11.23605264,18.14248664,-13.49076424
-16.29541289,19.47672559,-14.54430083
16.44544259,-11.74474138,-10.30585436
-12.73324644,19.71618711,-14.19498548
19.01304064,-14.02726958,-13.69427514
-12.94252708,18.86462088,-12.11995787
-10.1242643,-7.36509291,12.80409977
13.63216921,-10.48961048,-10.63112939
16.27842147,-13.1059941,-12.68496879
-8.21164299,-7.58189323,11.09648903
-15.46301897,19.94915067,-15.52608168
18.41751273,-10.67520924,-13.42574389
-13.41757225,19.60246801,-11.99899455
19.85010393,-8.42569492,-16.52627154
15.66270966,-10.37163635,-10.08217819
14.37018666,-9.61504482,-9.47730866
13.78732766,-8.14758209,-11.42811534
-10.51419959,19.64024236,-14.85124161
16.3131667,-11.51855922,-13.41321211
-10.36162456,14.11653232,-11.21663555
-13.4656762,17.90466519,-13.6669848
13.80865326,-8.1632781,-11.25865542
-10.17429685,-16.42077167,18.94810273
-10.47267395,14.44600642,-9.74812495
-9.11535737,19.15693448,-15.85364633
-9.30899145,16.16094978,-11.87218296
-9.43247594,14.91067477,-10.43525914
-12.76738139,-15.28263186,19.44663519
-14.27961561,-10.47553858,19.29054059
16.04152844,-12.66865602,-9.87744528
18.17672525,-13.19587493,-15.77316964
-16.15543599,-14.90587118,19.70600938
-12.48861696,15.86176827,-10.65903992
-10.58153263,19.00787446,-14.91022264
-13.84119063,16.96085631,-13.54921099
-11.92595415,-13.81431532,18.41600729
-8.76095005,14.83855347,-11.79214309
-10.80941223,-13.17671275,15.91965636
16.77754248,-13.18167852,-10.47264333
-8.58995844,-16.25438905,19.12115089
-12.71002036,-16.3445831,19.87820551
-15.24514577,-12.38967353,19.70418925
13.70183667,-10.49502113,-10.08527823
14.88719234,-11.00583591,-8.82245454
-7.89483175,14.37386327,-10.97841272
-16.22678632,-9.73885193,19.70927535
-13.83751684,19.87568544,-15.30197472
-13.46819037,17.45443493,-8.75310171
-14.09662231,-13.27752296,18.83136395
-10.54342963,-8.88635229,14.0813297
-13.41154762,18.7907718,-13.06024693
-12.17051221,16.69448415,-13.39188536
17.26326289,-14.95845653,-7.38633435
-10.62292188,18.41076864,-12.26454203
-12.9243779,-12.26616384,15.69455387
-8.11438865,-14.65202382,18.20246581
-11.0692203,-10.11776925,15.9115864
-11.51453724,-16.16220056,19.55521434
-13.91494629,-7.7692914,16.93171983
19.51192628,-8.57298252,-15.79003188
18.84670645,-13.38685287,-12.19746332
16.85658314,-10.15181353,-12.27346329
-13.258494,-11.78716741,15.54257556
-13.59522562,19.34054976,-11.67995531
17.5884418,-12.89858841,-12.38346821
-10.0499187,-13.87439032,19.41611245
12.60930549,-9.7548055,-8.89822279
-8.65240247,16.13046092,-13.54586758
-8.8069774,17.38332643,-13.36835069
-14.34914716,18.06353958,-11.78209101
13.94141953,-9.40945348,-10.83209592
16.14971578,-10.22057016,-12.05458249
-12.29701992,16.17856225,-9.85218758
19.58132207,-9.29266461,-16.45644693
19.5336205,-13.81543231,-11.39096452
-10.10749094,-10.00575769,14.61377218
17.3976374,-8.91874276,-14.7474737
-11.16433735,15.45461452,-9.93799322
-10.80812442,-9.66794312,14.00371533
-10.78878663,-10.433403,16.23891404
-10.11090274,-11.71679815,16.56317177
-14.89846194,19.54958639,-16.14621104
-13.66880432,19.23065177,-10.2955039
16.99939569,-9.31397546,-12.33136629
-15.12495396,-13.96083672,18.32197945
16.30180491,-7.62033812,-13.73666963
-13.82926657,-12.64797546,19.43002589
-17.11044807,-9.08821467,19.67322658
18.12160325,-15.00794174,-9.23309328
-13.13954724,19.97750784,-12.93980442
16.52874832,-10.87504203,-11.9297097
-15.58323167,-10.27822623,19.69868439
-11.99260334,-13.48487313,19.75412447
-14.37130196,-11.68735823,18.13243173
-13.68573423,-11.15699668,19.36513314
15.32980969,-10.21236912,-13.07717465
-11.1847001,18.58428974,-16.32378121
-14.1362973,19.3581429,-11.59174759
-10.94115553,13.37234269,-8.41568875
-14.00555333,-10.40307956,17.98287496
-14.68068821,18.64821426,-9.60918546
-13.21023807,-8.33664558,16.76668731
17.41456267,-13.32910512,-12.80246315
-9.10480164,-12.89900421,17.34926735
-16.23053773,18.94137299,-10.14407139
16.5906546,-13.37075444,-11.43400704
-11.80011083,-12.05836185,16.28019444
12.1080941,-9.1530916,-8.19586368
18.40125641,-15.35458654,-10.17555627
-9.94422939,-13.33401603,17.20995823
-16.00752986,-8.71326544,18.8880849
19.70828942,-14.59277022,-12.01559544
-12.74965224,-10.95749097,17.29209742
19.1181351,-14.71670321,-10.14223974
-9.91405352,14.29011397,-10.42277672
13.02723162,-10.41885512,-9.39750522
19.97482572,-16.50314393,-9.74224289
-10.45801089,-13.17446521,17.65997627
-9.08262905,-9.27393171,13.79026301
-9.12670214,16.50812068,-12.2602992
-9.82481716,14.67800347,-12.17207463
-9.67474402,14.7176256,-11.82604421
-12.75647566,18.05206861,-11.07123879
15.87560942,-10.8300958,-12.62098621
19.86190124,-9.84444857,-16.0985646
-12.66838387,-12.71605805,19.85739527
18.70080401,-15.98249971,-8.90760777
18.13273324,-12.82779,-11.19889772
-11.76045362,-12.45090178,19.69327238
-14.23209677,19.91974598,-16.23272194
-13.10503171,-12.77155638,18.03038476
-9.8305601,18.84471673,-15.30855356
-8.4366827,17.3552676,-13.84015851
-13.9161367,-11.25550337,18.78637188
-11.98536417,-12.94400254,18.44452134
-12.42672131,19.20688719,-11.83322318
-9.57105089,-8.52377078,12.46329864
-14.32371528,-9.13553358,18.70952209
13.20003917,-8.24566719,-10.88163776
-11.69375607,19.69537913,-13.39005391
-13.74016544,-12.03980924,17.56185945
-12.47857546,18.87691484,-14.19890237
16.9133366,-8.31774309,-14.12122198
-14.37998252,-10.10135059,19.77225548
16.07528284,-9.43963486,-13.30834975
-9.86094121,17.29433243,-14.10802363
-14.24530056,17.93080543,-9.70425177
-16.31953229,-11.6304771,19.27770572
-12.52430145,18.50903314,-16.27190003
-11.78611496,-12.70115102,19.18278012
-13.56177913,-11.13090667,19.34011054
-14.3739621,17.08089523,-8.98757814
-15.59072224,-12.52672479,19.87151844
18.95317679,-12.14893064,-15.9939046
-7.73800584,-11.15993918,14.14138217
-15.7424973,19.13399035,-10.63865425
-16.12168101,-7.89164552,18.58703469
-10.3947046,19.07279748,-16.55085207
-7.60068694,-12.23228233,14.47723855
-7.61757514,-15.39331365,18.34482051
-15.55916928,19.87465951,-15.25145642
19.5720992,-15.1458712,-12.63281218
-12.05505458,-10.35270087,16.18447565
-9.27480918,17.28821389,-12.70867582
-7.86172166,-15.34010267,17.78907299
16.23058995,-11.82910258,-10.04897814
-8.69463845,-11.93818205,16.1337049
12.62431064,-9.96394356,-8.44982632
-14.2520561,17.57902979,-10.36281953
16.95099059,-11.7618301,-12.04620649
19.58640352,-16.33508368,-15.55819549
-11.69520728,17.44282073,-14.80379269
-13.79351728,-10.3505998,16.44144413
-8.57494764,18.12445671,-14.84855095
-8.68416417,11.63721513,-8.63465488
-8.43646074,18.08133032,-14.98059754
-14.3173887,19.38764472,-11.68920728
19.53298614,-9.79265925,-15.53199935
-12.14053452,-15.27006979,19.13980746
-15.30411211,-8.58445422,17.89485209
-8.12218315,-9.52926326,12.39073933
19.68795256,-15.04947574,-9.98723756
-9.52112268,-10.32013876,14.05358172
-14.16960354,18.23512086,-14.22547554
17.98601854,-15.3462234,-7.14393129
-10.32484083,16.22247071,-11.22985885
-14.31619468,-10.43643975,17.76355231
-12.18901502,-13.84823999,16.72604146
-8.59694892,-9.48106929,13.06571045
17.98565946,-13.3906915,-15.37471313
-16.62674579,-11.30900377,18.99626972
-8.84506917,12.96432781,-9.8706083
-13.3884809,-13.97259586,16.44959948
-9.73985283,-14.56085885,17.2176016
-9.48351944,-14.95768603,18.15550128
-11.0547257,-11.58255537,16.05447903
-13.09153029,-12.40320323,19.61868186
-8.58097343,-16.49906242,18.91693009
-7.44918256,19.83181526,-17.22929321
-11.78205461,-11.0856923,17.94773644
15.34217848,-12.90339769,-12.13340497
16.97503834,-11.64698044,-13.85087306
-13.20442042,17.48299282,-9.35351938
-14.35019088,16.76471333,-13.83422235
16.77660078,-12.42035092,-12.60501246
12.91593172,-9.55589924,-8.78445856
-13.73511328,17.51801381,-13.98485537
-14.26587134,-13.95601632,16.77088025
-10.56548117,17.25636535,-13.03268882
-10.80189628,16.90925178,-10.7539612
17.3012831,-15.04896591,-12.16318395
18.23111295,-10.43865362,-14.42506143
-13.7379981,-10.17372929,17.1463438
-14.67033702,19.7015644,-13.30561505
-14.39281699,17.36170593,-7.40265207
-11.48106738,16.67768626,-13.23911291
-11.86452383,-10.50734467,15.59947976
18.56713885,-13.17406951,-10.13969135
-12.5265095,17.44645783,-13.62836538
-17.08773333,-11.60555869,19.68471952
17.63087364,-7.90000974,-14.87172559
-9.12287018,15.07664732,-10.44648111
-13.72657791,16.6123281,-13.6630166
-12.45316902,-13.59174123,16.27895917
-14.60290118,-11.84138475,19.76684952
-8.60235447,11.8522233,-8.28838227
-14.00504095,-9.70602137,17.62317894
-11.95994737,16.79077525,-13.94437203
-10.56865538,-10.60369005,13.60696409
-12.03764675,16.84547901,-13.2617664
-11.86241195,-15.08648079,19.87339246
14.06559652,-9.4036,-9.41217806
-11.64531959,-13.80519165,17.49622777
-13.12869586,-13.50882355,17.42679691
-12.59485856,16.35461684,-9.39006793
-14.67157101,18.04604646,-12.22499587
-13.81021699,-12.15898407,18.44172175
-14.39032132,18.0157443,-15.03687443
-9.31005239,15.89890301,-13.00069579
-13.13271814,17.45135444,-12.57511898
-15.51287367,19.22783777,-9.6648339
-13.62900261,-14.52413681,17.11859292
16.43469259,-12.37699988,-9.16786435
-9.81850575,16.88717467,-14.14026616
-16.68621111,19.31545467,-10.0497067
-9.60109692,-11.27256267,14.55410826
-7.92924076,13.87106,-11.25864683
-12.71611594,18.79985561,-13.91702657
16.58283249,-13.85112244,-9.97836152
-11.43287139,17.74423176,-14.5538124
-8.83690195,18.60627752,-14.98458825
-14.02947007,19.11100677,-10.07140998
-13.56493509,-15.470289,19.01781857
-14.02832619,18.7891843,-11.1729334
19.57652237,-14.0632608,-13.69247846
-11.79986463,-9.9915602,15.30663894
12.82988991,-7.52404397,-9.83041841
-14.67851136,-9.52943678,19.11398851
-10.34790794,-9.70635296,14.94690277
18.62566254,-15.44183172,-13.48482196
16.69512019,-11.52565242,-10.39144706
19.6688499,-15.77260627,-10.74309307
-8.85070309,13.9815514,-11.06156191
17.63264544,-14.94098583,-8.6062088
-8.51223776,12.53190771,-8.95609889
19.85192501,-13.21780812,-13.81310478
15.40737605,-13.02815862,-8.1504541
-16.66714417,19.84132098,-9.74632608
-13.625902,18.74072606,-15.84125242
-11.138876,16.87090088,-14.52686263
-8.43082138,-13.48545759,16.58464231
-9.83764849,-12.56365236,17.71159917
18.46151853,-14.58367125,-14.07112702
18.18791272,-13.86043459,-13.38949161
-11.29021837,-16.104013,18.6563674
-12.65319223,-14.14381205,19.90604195
19.85476639,-10.79110505,-14.94346343
-16.48321956,19.69477495,-14.98254402
-12.67023755,16.02728474,-8.28593741
-17.05522676,-13.48411366,19.82397967
-15.16616351,-14.77204705,17.77070297
-9.68352049,15.51694589,-11.83398077
-12.99226678,-15.43243646,18.99174404
-11.93599958,-9.97329526,17.30863775
-14.7639264,-8.64629301,17.56227245
16.53731835,-10.88305216,-13.53907325
-14.56503525,-13.04629983,17.17443854
-11.46468755,19.41710578,-12.75749046
-12.27738297,16.11496071,-11.64800269
17.8927396,-10.67170556,-12.32458073
-10.120283,-15.21893017,17.92231514
-12.18917824,18.55179599,-16.35157518
-12.19182312,16.33104789,-9.42394716
13.56517761,-8.41572108,-9.9862199
-13.19659037,19.47709304,-16.71254151
-11.47946707,-9.86870441,16.02560249
15.45870927,-12.03180682,-8.36571761
-11.31456719,18.89133774,-14.31540828
17.89858359,-12.22395405,-14.46213294
-14.56079725,-8.63105583,18.37081483
-11.37939024,14.50389407,-7.52166001
-14.22758612,18.3593674,-15.92907633
19.5485777,-8.22685332,-15.82503235
-13.82542859,16.51996848,-13.62095849
-11.291,-11.66550989,17.60423993
17.23013211,-14.0133365,-10.0624727
-10.2412991,-11.95189029,14.68377071
14.01322364,-10.83964061,-11.69355428
-7.22840119,-9.30954788,11.92199485
17.0792513,-14.03208897,-10.14653569
-16.56585721,19.0773566,-14.44543395
18.71889373,-13.08769854,-12.58511262
16.53355423,-10.68895813,-11.24035727
-17.48295895,-16.50473859,19.87961533
-9.61183299,17.71304024,-14.15540336
-13.70501227,-10.75539379,18.9089032
12.80326684,-9.14261091,-10.53787246
-8.27619418,17.38738614,-14.29025336
-10.64957899,15.57376158,-12.48452916
-8.85244448,12.90020848,-8.47624007
18.54089708,-10.51886593,-14.76371256
15.45682155,-12.47359363,-9.78911018
-11.24565381,18.15203195,-15.80229056
17.02847095,-11.08423401,-13.1148226
-9.60047237,-10.34007042,13.58086778
-11.09088426,16.18091773,-10.05708994
18.44397998,-15.31655909,-9.94526525
-15.887198,-10.47796223,19.4544738
-13.11598729,17.1960686,-10.50038669
19.20282946,-16.26862561,-7.34134263
17.75156808,-11.91453128,-11.51507428
15.8538008,-12.45418595,-12.49292575
17.91734786,-13.0043496,-9.5777232
-8.7251433,16.52683999,-12.22833185
-15.93980674,19.62726743,-16.82909401
12.7897516,-10.08412857,-8.3859781
19.43925494,-16.04199922,-16.7018056
19.72237237,-13.11793188,-13.403157
-14.31216994,19.55326642,-12.83896738
-14.50265077,-12.72008797,19.12582168
-11.97214911,-13.90425256,17.20441345
12.28150313,-9.32619996,-8.20741247
-10.1710642,19.14789315,-14.92522995
-13.27388828,15.90095689,-8.10292321
-14.13424343,19.53992662,-15.07148526
-16.44235534,19.26390501,-10.06293735
-15.79057336,-10.13658178,19.45579807
-11.86207243,-12.6704157,17.99008995
15.95136678,-12.82214466,-11.7987231
-8.66261226,-13.92049755,17.19852926
-7.64023518,15.90932694,-13.37071362
-10.34319535,-9.38390824,13.72567126
19.83441268,-10.8081495,-16.34634881
-13.26535204,15.85641194,-11.02579608
19.85704929,-15.71303009,-14.55773714
-10.39946232,12.73934719,-9.97955417
18.24032938,-13.1250729,-14.98914581
-9.8244021,-16.33334339,18.97372929
-15.33932917,-8.37502526,19.17992438
-13.85840645,19.36060755,-10.87215498
19.52839195,-13.42364858,-13.04135889
-12.41493668,-13.05511098,18.60450962
16.9702795,-13.20218892,-10.12800065
17.94841366,-11.02939678,-11.36176089
-16.83833396,19.76111777,-10.72110099
17.04963418,-11.56078519,-13.40843682
-8.6126042,19.05432094,-16.389847
19.03784553,-13.19774508,-12.20987617
-11.05818426,15.11506836,-10.28555009
-11.78242853,-9.34225649,14.42072979
-15.62434597,19.91189559,-14.52961272
-14.61445323,17.06344156,-13.79300613
13.51845098,-9.44285209,-10.86673808
19.8046127,-16.33431352,-17.07957217
-10.63207568,15.51512965,-10.32351437
-15.96188857,19.78971216,-16.53797997
-11.18664144,14.34855159,-10.39000465
12.3450705,-8.58618241,-9.27507487
18.78910653,-16.1484717,-14.52678142
-9.4303163,11.9213734,-9.11639752
-13.15012541,18.07672392,-14.70154205
15.22266329,-12.07479343,-11.86391951
-14.74269623,-9.56893701,17.23383151
-16.27998101,19.80612188,-16.32215145
-12.05433315,18.83219571,-15.02855318
-11.08717813,15.46079787,-9.65766384
13.20658906,-7.21837468,-10.83376063
-8.47002663,14.70094337,-12.46808696
-11.27654935,15.07151419,-9.26748208
-14.00857603,17.98383413,-14.82561446
19.1027126,-13.9497449,-9.72631393
-8.55175442,-7.75203324,11.5298362
15.67100788,-9.59954525,-13.31827804
-10.57341372,-9.71471549,13.55163505
16.71840609,-13.26542367,-14.09658788
-8.55589473,16.0281083,-12.48996945
18.59173311,-10.93175048,-14.90835853
-10.63586389,-10.17777921,15.92619739
-10.39076456,19.14751124,-13.99085581
-7.17339369,-15.23920587,17.89296324
-15.32118111,19.52191408,-16.08291377
18.27758197,-9.20544293,-13.58535838
17.58689837,-14.52094164,-14.73989058
-14.08847798,-10.75180672,16.84266351
-10.38143555,18.20562783,-13.79936737
18.52885647,-11.49017989,-13.35940214
15.1640041,-8.90911116,-10.72770736
-14.120048,-12.52323537,16.57190962
19.21840708,-13.44577029,-11.81195104
17.83726458,-11.142277,-14.63839974
-15.13819492,18.2530651,-13.0143922
-7.44669167,-16.97613402,19.85126993
17.32084196,-13.16724074,-12.64497576
19.95443725,-14.09619996,-17.13843946
-10.95979338,14.05645632,-9.89206978
-12.09282889,-9.30183959,14.74917311
18.40419755,-10.78190704,-12.90082522
-13.70615651,19.21098185,-11.14819347
19.67417498,-17.06395281,-9.00126544
-10.87272841,18.64266308,-15.63680867
-12.57527007,-13.58460211,19.50492851
19.77877024,-15.50684031,-13.48798263
-14.20425994,19.25212255,-16.18093546
-15.99690326,18.68807143,-9.54217619
-13.29972112,-12.91959917,19.36792747
15.69432576,-8.01487221,-12.49672277
-12.4249678,-13.43669,19.2145486
17.50268456,-13.52355275,-8.42478705
-15.99984707,-12.61675553,19.57493496
-10.57818818,15.44177798,-11.911417
11.1280283,-7.76368079,-7.95834401
-12.21351233,-11.11035255,15.5792027
16.82010868,-11.97557149,-11.0938231
-12.83820525,19.60964321,-12.20276412
19.51216365,-15.27585618,-15.20302096
-14.50118973,17.11539504,-10.78716239
18.23954944,-13.47620223,-10.75777757
16.96789638,-13.25955759,-12.05469832
-16.08055339,-13.36763951,19.03187325
-13.28246128,19.79434594,-11.7286267
-8.56052093,-15.16577341,18.5160655
-10.709249,14.55274918,-9.86826079
-12.3355635,17.39953,-14.08730593
17.57961708,-14.02280253,-10.49018082
19.87174074,-16.02566309,-15.67931822
-10.72052436,17.60356893,-15.04651009
-12.2779026,15.93471116,-8.57187899
15.95482134,-12.82910086,-7.9415052
-9.22150986,18.31426839,-15.32203669
-10.11084962,16.86752674,-13.84280705
-7.20392811,-14.76830719,17.52125693
-12.48779067,17.63165569,-15.26657286
-11.26331431,16.11352788,-13.50576798
-12.18218468,14.88001316,-11.74383173
-11.85709056,-12.93003739,16.8787313
-12.71085521,-14.493911,17.43101904
-14.72404221,19.41661841,-10.5205366
19.98873474,-14.72825919,-15.13605188
18.20724167,-13.06444886,-12.49761737
-11.18731536,18.83643018,-12.92225076
-12.14568002,15.99617401,-12.42869039
16.38924225,-13.39821856,-10.28479106
-11.08587127,15.55525599,-9.29291404
-12.32617946,18.30687979,-12.11816943
-14.942934,-12.93479392,19.74970289
-15.62032663,18.98029236,-9.24693164
17.50332711,-12.35899753,-11.41515608
-13.40541671,-8.08348332,16.83472099
19.55257042,-15.50089977,-15.17239788
-11.9475528,-11.09993963,17.95870169
-13.09039038,-9.47604163,17.49016783
17.02816532,-11.57995434,-13.88788297
17.40127779,-12.96606455,-9.34630856
19.08834559,-7.39056844,-16.31157795
-7.67573544,-13.07809049,16.22250092
-8.49975932,-8.71710735,12.74528301
16.11340735,-13.39989961,-8.7382313
-16.0849646,-12.88085128,19.39187581
-11.81029895,-11.00195378,14.49507291
-10.38518828,-11.9830024,16.916916
-15.63445577,18.35345473,-11.21414627
10.50396648,-7.28170476,-7.67615528
17.1803518,-10.67531835,-13.39300408
19.36065863,-10.11853866,-14.66139037
-7.22136981,17.70797507,-15.12390156
-7.28092652,14.04489393,-11.28261649
-10.9977173,-14.2730399,17.63286158
-16.61002704,18.94009254,-8.92751591
-11.82871742,16.95720217,-11.37965921
-12.00091027,15.13687554,-10.36798263
-16.82368934,19.53405801,-9.07151628
-10.55241503,15.14630435,-12.60000001
-8.36163249,10.86368769,-7.03925475
15.8389946,-8.14353249,-13.61418114
-16.36426574,18.63723596,-8.39806379
-9.7388984,14.46593354,-10.06523078
-14.7605895,-9.85625265,16.98304357
-16.20993557,-12.78797526,18.69035546
-17.93181896,19.11508712,-9.31087719
-9.60192755,-9.56856228,14.17692797
-9.8340761,15.98244021,-12.98664369
-13.79463474,19.36604708,-15.39737294
-13.5935359,16.79181194,-9.94407853
17.53678741,-7.61807742,-15.18304895
-15.73090099,18.99520728,-7.69846782
-15.80996493,-9.22275268,18.18946285
18.09264312,-7.2808883,-15.39258684
-14.65238424,-9.65977053,19.80145648
13.16197514,-8.70724094,-10.1727356
-12.47583709,-15.15209957,18.55848885
-9.62860102,19.38353699,-14.21908376
-15.44871556,18.64618367,-9.48721234
-13.34602141,-16.3740995,19.34247093
-9.86730644,-9.42740009,14.74672831
-9.28542696,12.18148911,-9.0094516
17.67846597,-11.36811778,-12.99474205
17.64789987,-6.88507704,-15.17015307
19.87759767,-14.62158353,-12.88780854
-12.93330887,16.14288823,-11.25528438
18.14517918,-14.91449691,-15.00490095
19.01690668,-16.05043083,-9.26138509
-7.20123856,13.44712796,-10.67649344
-14.42464056,-9.969653,17.97422598
19.91983407,-15.74140979,-9.29660194
-15.84436866,19.93717129,-17.26762826
18.28377654,-11.76928177,-14.76007302
19.05064487,-16.24376619,-16.64058704
-14.60577013,-8.95066891,19.08651926
-12.22203103,-12.5557632,18.35324619
-10.92262096,19.11759233,-15.13429472
-12.54217019,-8.89319599,14.86921584
-12.1549594,18.90055771,-12.63746398
-7.47301691,18.99628601,-16.1053895
-9.38631133,-14.81495233,18.57725308
-10.42245623,-7.9008339,12.90375677
19.28464711,-14.24775456,-11.84847525
-10.88253203,13.41809615,-7.64199116
16.12607677,-12.48133191,-11.52921951
-12.67580248,-14.20538988,19.31268862
13.21154005,-8.61910227,-9.35814304
19.00079595,-15.23877485,-14.37106109
15.84561935,-7.94594313,-13.27590844
-14.97142504,-14.32481799,18.34528103
18.18155463,-13.15472616,-9.91928386
-10.65655736,-9.39658425,15.31978289
15.94886655,-10.33621789,-12.93380605
-13.62814465,-11.1249322,16.12267955
-12.59461791,19.49941781,-15.45279726
-8.22212239,17.71142391,-15.05780861
-15.0061471,19.72983367,-15.65290543
-15.307351,19.29097914,-13.35422704
-12.52098666,-10.4164561,17.85966811
-9.44741521,-14.02945686,17.62648584
16.05067932,-13.29763952,-9.81791647
-9.70919568,-9.04383265,13.05789002
14.94468457,-9.60811465,-11.02072423
-11.3096886,-13.82554245,16.91532541
18.41431574,-10.96014028,-15.72488142
-12.51149148,-15.81650633,18.47382054
18.42880577,-15.45604388,-10.03687592
18.43865224,-15.63462465,-8.25277802
-15.43750895,-12.59742033,19.73039102
-13.86011646,-10.24666575,17.97500312
19.40293111,-12.38648392,-13.52973797
12.46889946,-8.74770199,-9.33280307
-12.28761874,-12.97666348,19.35175689
-11.13488342,14.90507824,-9.73647574
16.63890441,-13.80709061,-12.09286242
16.93733163,-12.88506301,-10.25064254
-12.67382219,16.03112454,-13.20151279
-15.35751802,-7.13023129,17.99564147
-14.0220929,-11.84692962,17.54784243
-13.50570962,-12.15808572,19.14449865
-10.18509859,-9.13648298,14.02123018
12.86081385,-8.88744742,-9.23627883
-14.19999103,-12.68226251,17.87045213
-10.61683843,17.72707031,-12.84217367
-7.79829233,18.73435287,-15.66319496
15.58847029,-8.95125518,-12.57902112
19.21082097,-10.01445688,-15.01578906
-16.09308567,19.36106341,-14.92416828
-9.07278948,-17.68263921,19.90246733
18.37765817,-15.48372367,-13.43099154
15.59265709,-10.94121652,-10.52680216
-11.03859602,-9.49016119,14.35201266
19.99708264,-14.82458023,-10.63183884
-12.27714499,-15.80961092,19.31432104
-14.20446655,19.22320448,-11.28309627
19.48098339,-11.28677434,-13.2861279
18.78958788,-11.90022663,-11.78220069
-11.78038556,16.57762709,-13.74449431
-13.23710973,18.42560125,-12.95739964
-10.12350457,17.488544,-13.90021349
-11.11897708,15.88228376,-13.51137039
19.5850607,-13.99709831,-13.49885349
-12.73723555,16.30512076,-8.51610372
-17.19585668,-10.79664723,19.91831142
17.39815354,-13.78862842,-9.75808868
15.85226743,-13.15135218,-9.85719884
-10.61305725,-15.58970973,19.8148237
19.8428341,-8.45064856,-16.67066707
19.31103892,-16.22044683,-8.28815885
-12.61637266,18.6502077,-11.25101348
-7.48289631,12.22180551,-9.9979399
-13.39682186,-12.3365338,16.27224211
14.09988015,-10.39371334,-10.56865863
12.38807384,-9.24679684,-9.57763413
-10.90493392,18.58282909,-13.56544384
-9.99841694,17.74265056,-13.23798457
18.69297111,-15.94098323,-14.02410699
19.57892222,-15.61206814,-13.82258741
-8.98521935,18.75846576,-14.79279457
-15.11416077,19.31967966,-11.5409802
17.58127729,-11.06205333,-11.91327519
-11.86890691,-11.38914328,18.13785249
-15.73966236,-8.54743576,18.21679449
-11.58162719,-12.05193369,19.18585195
-11.46750889,-15.04142236,17.68629064
-11.71101514,-12.89043386,15.95020459
-13.67211964,18.17985118,-10.42930479
19.0255574,-12.62782519,-13.1755129
-16.38108194,19.16404002,-8.9555794
17.68484363,-11.58656397,-12.34392557
-16.21963534,19.29476817,-9.23896343
-12.62157214,17.68478445,-13.79192034
-14.20852972,18.60799048,-10.77631851
19.46792837,-16.48710527,-13.03531047
-15.77548081,-9.12822864,17.98015374
-12.95546044,-16.48194601,19.59990822
-13.9327443,-13.51417341,19.5513217
-10.07827348,17.12057586,-14.79626707
19.55050103,-13.22421261,-15.6942759
-12.22644223,-9.5377706,16.33508905
-15.32414873,19.1403919,-13.32027461
-9.96491073,-8.03744266,12.73158295
-14.48959853,-13.77201759,16.93706803
15.18915351,-11.36903668,-11.10317947
-9.38294371,15.02006756,-11.28036095
19.21245687,-14.00199903,-10.4194172
-11.833209,-12.52715162,17.32005689
-10.8422976,15.23926232,-10.57282938
-15.26188884,18.67842467,-12.18066647
18.57123856,-11.74622995,-11.73181508
-14.21177274,-14.8541342,17.38628207
-13.16380219,18.40614502,-10.08191062
-10.07380253,16.25260867,-12.96468278
14.88068945,-10.78379432,-11.81120343
-13.81910005,19.64942904,-10.65014698
-12.45005681,18.30655048,-10.82094737
17.94682159,-13.50138622,-13.89245374
-12.48803819,-12.53405732,18.686943
-14.93921391,19.46984991,-17.2067053
16.51282835,-9.1472849,-12.93959238
-15.18363162,-13.86354522,17.58059273
-13.63919441,17.19306414,-13.78090806
15.13560558,-12.50679238,-9.85285313
-10.67284047,-11.00945908,16.00129816
-12.20949384,-9.65896054,15.74473712
-12.62257965,17.10089222,-11.62394745
-12.3387561,18.17901347,-11.42693274
18.5635583,-13.38460241,-11.71378418
19.89810798,-16.60575336,-15.12605065
-17.15754311,19.9598282,-7.37802951
-14.07744744,17.81342594,-12.33146872
19.7064459,-14.00169521,-11.14215175
-14.07072012,17.3171873,-11.27201881
-16.38514808,19.13414939,-9.78775388
-11.4044533,-16.12217796,19.50706872
14.25870882,-10.8732977,-11.16894443
-8.71228515,18.56219593,-14.27872442
-13.52177152,-11.92182611,17.29382774
-11.47960479,-13.59529421,16.72242113
-9.81013992,-11.96491998,14.24851714
19.36786285,-18.96357668,-10.43399759
17.36174975,-14.76347178,-11.57486429
-11.23779404,17.24826,-10.80241645
-10.45430844,-7.79946855,13.61647066
-13.66731785,-9.97761137,18.59206158
18.86451708,-13.16118841,-13.18736436
-11.72235804,-16.56648874,19.53296485
-13.27730879,17.90366206,-15.50249103
-15.7066027,-13.456622,19.74867372
-11.03694577,-15.49738105,19.88225885
16.74096826,-8.66359029,-13.8867068
14.99036699,-12.23198151,-12.07940022
17.18348963,-12.49957394,-11.30986906
-11.99911852,17.48228752,-10.16555779
-11.70574658,19.75539001,-14.1138489
13.61185851,-9.25875361,-10.19471468
-8.39323223,16.50182421,-14.20500556
-13.7385869,17.03823437,-8.37011416
18.8083292,-11.17836855,-14.79984239
19.57793873,-15.06465479,-16.9284364
-16.67327115,19.81485467,-11.17715482
-8.59268179,19.09488985,-16.33325286
-11.15908365,-12.80409475,16.14190741
18.55973038,-11.60272892,-14.11724268
-9.49766332,17.03688051,-12.2749446
18.75883523,-17.17386246,-14.50234132
-8.78970321,15.62581642,-12.8236367
15.92208415,-9.94942758,-12.10324331
-11.17459201,19.55379919,-16.41325551
-9.82767862,-11.52258168,15.78846924
-10.7429515,14.46960228,-9.67093399
-14.96251118,-6.9441638,17.40448902
-14.30823391,19.16663011,-11.60680992
-14.38583181,-9.92182416,19.3470956
-9.81064533,-10.03563115,13.50268102
-13.49848739,-11.50022673,16.23469252
17.51987766,-11.870393,-12.52898929
-12.0948189,-13.84156252,18.97925006
-12.85048869,-11.22710101,17.06593032
-14.06082314,17.3237256,-11.48965277
16.08146122,-13.64484389,-10.57729654
17.63526132,-13.85533402,-9.80323684
-13.48209337,15.88170678,-9.97802771
-11.43348697,19.53779791,-16.33910897
-9.83918291,-9.44621951,14.62831552
-12.73251714,17.21668446,-12.41562609
13.86278449,-10.93517277,-8.15886421
-7.46706591,13.14842199,-11.08690027
-13.232988,19.54408104,-16.7224387
-12.80715999,19.69672698,-14.66784299
-12.09726159,16.78610696,-11.20590385
-16.64166767,18.89092455,-10.08328574
-9.89045522,16.43375112,-13.00590426
-13.59983889,-14.9510852,19.72993713
18.22303965,-13.80879655,-13.7294178
-14.65499165,19.2623984,-11.86314058
-14.81139854,18.3619149,-9.46517032
-10.15688761,-11.87483404,17.2847776
-10.63425945,17.11773745,-13.17442444
14.66375605,-8.15624572,-11.94246059
17.3502804,-13.97441547,-8.40112384
-9.82840575,12.20019334,-9.13382095
17.46234187,-12.16700854,-10.96141703
-14.84169911,-9.59989632,19.99760143
-15.03002553,19.76291237,-15.57382091
-14.50052752,-11.74894254,19.26501976
-13.07836283,-10.61176963,18.3306924
19.17086076,-14.06414207,-10.1037039
-8.37222832,-13.52559447,16.21675586
-12.29198313,-9.89608326,16.35131353
-11.57135473,15.85799213,-11.08870719
-11.15400858,-10.02224678,14.15767334
-16.53750496,19.11451382,-15.23301418
-11.35442727,-13.18954254,16.5102321
17.43954887,-8.18451483,-15.22257513
-12.96017998,-15.55701233,18.74222786
-8.42532027,12.92499825,-10.3973627
-11.5545804,-10.94083418,15.37748634
-12.36232102,19.203806,-12.12058439
14.48374012,-11.82163157,-8.03694826
15.6983495,-10.23960755,-11.73748688
-13.43427903,17.24467359,-10.19815757
18.28896504,-15.42473525,-13.08528448
16.54715962,-12.16948952,-11.82022972
19.33650386,-14.19265126,-10.62208361
16.57226329,-12.9394431,-13.00946808
15.47700411,-7.24955307,-12.66443096
-7.66467903,11.01341044,-8.69709466
19.46087295,-17.2550109,-10.15349036
-10.90540984,-9.82759467,13.93212864
-15.73298434,19.68804588,-12.77265282
-12.2116021,-15.27290574,19.27066175
-11.33957595,-7.4232497,14.03027554
-13.2778481,-9.91694121,16.06372985
-14.74803291,-16.01815653,18.61248829
-15.67521407,19.34764369,-15.91859574
-8.46731855,-9.40330105,11.77313967
17.92706982,-14.6229178,-9.20467986
15.72444491,-13.43126412,-10.56631386
18.56121966,-10.15057686,-14.75773369
17.12450647,-11.7796751,-10.23675457
-10.85516442,19.92139379,-15.67694411
19.67310762,-13.43053619,-12.99445333
-10.33408811,-12.83044247,17.3236293
19.01694676,-13.94127584,-16.45905411
-13.46233013,18.67543612,-11.22258117
-11.60081326,-11.06133046,16.83826193
15.48330247,-12.97664416,-12.44726744
18.22194766,-12.63141071,-14.09470649
-15.13899248,-7.85321806,18.38817076
-15.79649027,-15.42533133,18.63295113
18.16614666,-13.06798532,-13.35655743
-9.78481375,17.27519205,-14.14210291
15.23327988,-11.64599645,-11.95836632
-12.15414374,-11.19975463,15.29417203
-13.33762428,-12.13302367,18.36938974
-11.91712373,-9.81116267,17.23286369
19.60837663,-15.34443616,-13.37626093
-9.85182526,-11.45564243,14.76816111
18.82500454,-15.20030739,-11.50903444
17.89147231,-13.28536748,-12.08336466
-11.79517134,15.2266046,-11.85234486
-10.28050005,16.0384313,-11.51039587
-9.0055681,12.97093084,-9.96481937
18.05521429,-13.75044548,-11.61331751
17.01445304,-10.51087114,-12.46861926
18.43773006,-17.53681538,-9.39667537
-9.91277185,14.71507791,-9.72629474
14.45735153,-10.4831273,-8.92783954
-14.67968329,-8.39912916,17.31996514
13.68697657,-9.74450755,-8.94318083
-7.44717478,11.64764876,-8.6712185
-14.30430576,16.66700818,-7.68870594
-14.47731266,18.32970351,-13.01469518
-11.5817583,-11.46396265,15.07058773
13.18730895,-10.75846083,-9.52184065
16.30626486,-10.15644843,-13.61464243
19.45786177,-10.51928018,-14.24305094
-14.01883351,-12.9037005,17.86895679
18.81954031,-14.87509572,-8.5631746
-12.87381995,17.80611017,-11.95952472
-15.98681403,19.64719227,-12.57433016
19.84766668,-15.09990345,-16.56530473
-10.4117,-17.70921765,19.89896569
-9.30453969,16.42402223,-14.16935632
-13.04637767,-12.34989921,19.95096419
-7.84886905,-11.00159201,13.30821856
19.573004,-16.94341514,-10.51713335
-14.1396821,17.59589791,-8.35189866
17.11101969,-9.1046846,-13.18712601
-14.21299747,-10.15848249,18.50823176
18.13339189,-13.97708465,-10.83922405
-15.3125212,19.16604317,-16.84309083
-7.05374785,13.06064141,-10.56911912
-7.03103804,-9.95261418,12.57822876
-13.56500315,-15.37608975,19.37598801
-8.72794546,-12.37179573,15.89378508
-9.22967863,-11.13416647,14.89571851
17.55851453,-10.21732422,-14.03503376
-12.13135546,16.98316705,-10.25610319
15.14295201,-10.87312837,-11.63189158
-13.80206263,-10.31917901,17.87142468
-10.3533099,15.86410644,-10.33195949
-12.79031992,-10.38729994,16.58220671
-14.27052372,-9.94184202,18.68605078
-11.45587069,-14.53253013,16.86503398
-15.42592919,-16.7970578,18.94112808
-11.34343765,14.49570141,-10.42928077
-16.30975423,19.45980239,-8.20806749
-12.39956248,-15.41982607,19.85643419
-10.18965606,-9.19723465,13.03695767
16.60070111,-12.56458331,-8.78823702
16.65023873,-14.05278968,-7.9024422
-9.08365329,19.47813561,-19.06784744
-11.33766211,-15.37018237,17.92887351
-13.61393455,17.45017917,-12.7139833
-15.86904492,-12.7895882,19.93035083
-12.36927853,-9.72682256,17.00337883
-15.93035158,-9.69977808,18.62290452
-11.08590999,15.27313326,-10.75465944
-9.85792562,-11.99209417,16.28503458
18.41373288,-14.5096498,-9.00273722
-10.13938689,14.67817078,-10.34355557
19.56846263,-14.14482801,-14.30468964
19.1948129,-15.11645517,-16.89080723
-11.60849244,-11.58941848,15.42695739
-8.44433556,-10.11995206,13.19566231
14.23672107,-9.28931423,-9.72057576
18.29465974,-15.90370476,-10.79071572
18.50195333,-10.76146482,-12.69567414
-11.27073085,15.16272647,-10.17948342
18.64193945,-12.72964718,-16.54967041
-10.61102595,15.24346742,-11.37419299
-12.43710451,18.36828935,-10.91966215
19.14107509,-16.92729735,-14.6050004
-14.06019946,16.73834239,-7.67352616
-12.93311704,18.48375633,-10.40814253
-8.02354788,-16.37144386,19.97655558
-8.57082751,-9.64302154,12.22455493
16.25480301,-10.22313586,-13.14842974
17.03426343,-13.20834445,-8.57855966
16.48360339,-12.03650166,-12.11649407
-11.97530307,16.41656318,-10.12960568
14.36890835,-10.38543707,-9.088999
-11.84611531,15.84880889,-10.85112374
17.61418584,-11.93620292,-13.11785755
-11.53349942,18.70576223,-12.97470137
-12.17032572,17.80991462,-10.562917
-10.89336203,15.78419474,-10.86664501
-13.96040468,-11.81929249,19.33559105
13.60910644,-10.14359886,-9.68775473
-14.65248865,-10.87473599,19.16162807
18.55175083,-8.70649273,-16.32501438
-10.54113013,-13.01473667,18.99125365
-12.8116989,18.59442227,-10.36978771
-13.08571886,17.12566622,-9.07024
16.49562319,-8.87658719,-12.15223797
-13.50776801,-9.11357249,17.03024212
-15.78310776,18.98221075,-9.99832872
19.58720775,-12.60432689,-15.6440948
-14.99267329,-10.69467109,18.66375489
18.90811184,-11.72274837,-11.92446606
18.47655085,-14.98478628,-15.05285097
17.11462912,-11.88346795,-11.95685376
-10.59656349,19.26853917,-13.23651809
-15.50123257,-16.52471065,19.35007335
-14.02971212,-16.27403809,19.87023205
-12.97699592,-12.71111798,19.60853134
16.35793818,-12.49120444,-9.02885741
-14.15445558,19.90691501,-16.11641063
-8.60384196,-16.81192738,19.03975072
15.83911659,-9.06750631,-12.2180313
-10.7397821,19.02560957,-16.58701396
18.56747488,-8.38547627,-15.83170345
16.11426861,-11.03238745,-12.49123124
-8.75286314,-15.57508446,19.34139905
19.8366816,-11.32184747,-16.91897515
-13.95668544,-10.66943234,18.40296003
-9.34264608,16.34835847,-13.32658205
-9.08913084,-15.57149349,17.89744329
-14.08253622,17.45517113,-11.34777479
-9.02961076,19.83623823,-15.73931078
18.74540158,-14.8787927,-15.81577788
-16.91046806,19.6785127,-16.47761027
-9.35668889,19.0174768,-15.55590172
-15.76046617,19.97525085,-9.63442558
-10.84200033,-9.67989113,15.84802611
19.88944746,-9.84430947,-16.93987554
-16.7497174,19.50699888,-16.19336668
-7.29917887,-12.99452606,15.87223104
18.73739872,-15.42956506,-12.71580934
17.34990758,-13.22164147,-13.09173208
-13.92074493,-12.81448699,16.78971151
-11.13431032,-11.12670308,15.05535247
-11.27298171,-12.04819928,16.66513098
-9.36467475,11.94600047,-7.69618948
-8.79595426,13.42902037,-9.8757529
12.81304061,-9.24906926,-8.21545688
-10.78508953,-10.3581225,13.60281093
-12.19658907,-13.49044741,19.21495989
-13.84271633,16.1753711,-10.15579103
-11.2613164,-10.54165992,16.28361805
-13.12726762,-10.16102408,17.17504206
-11.65616243,17.6108195,-11.75345138
18.18182186,-15.62453546,-15.34593739
17.63940625,-14.78640941,-7.57260636
-12.07046922,15.87251953,-12.23994359
19.97982371,-12.41165193,-13.95010682
-15.267617,19.98760724,-11.01306605
-14.12910084,18.274751,-13.71371367
-13.29802219,17.13583364,-11.97969005
17.64018029,-12.42862269,-11.85866995
-8.4273498,16.69314764,-14.22651555
16.29247479,-8.30896267,-13.10152944
-8.6079381,17.23418777,-14.58758039
-13.04688879,19.74984902,-14.96360009
19.30687964,-16.13970538,-10.72003129
-12.02270992,15.23478803,-9.62662193
-12.55727362,-14.06633476,18.65621364
15.32151609,-10.33214784,-10.40456816
19.19851848,-15.98789115,-7.9581707
15.18418458,-11.38559641,-10.07230711
-9.39469088,-13.86801512,18.49828039
18.32098499,-12.33445623,-14.5299566
-12.37651748,19.27904135,-14.7393273
-17.10544903,18.61247394,-12.60185923
-10.59957713,-12.03052145,14.35807432
-12.74344582,-12.11741284,16.3043898
-10.50677368,-16.64755847,19.64983556
19.61030561,-11.29462628,-15.91947383
-11.49969101,17.72281318,-11.32838823
-11.79463805,16.52884854,-11.2790942
-13.60508814,-12.10775165,16.34039787
18.42141059,-15.66443279,-13.55904558
15.82275727,-11.86552564,-8.42231247
-12.71784451,15.67652274,-8.65343619
-13.31201089,-11.86243286,16.17083994
-15.27359211,-14.39626667,18.6474995
-13.14427846,-8.71065581,16.33097281
17.89283014,-8.34388678,-15.53142467
-8.80543285,-9.57840426,13.04084902
-12.23097345,-11.59796969,19.19340487
-15.4248868,18.99977622,-9.09748219
-12.55210514,19.34192561,-11.39535812
18.79627217,-14.80079657,-15.06725205
17.62165396,-9.54694722,-13.03215177
18.89755079,-13.92985807,-10.66462987
-10.14037232,15.4627686,-9.8013686
-12.19696933,17.97602066,-11.57125939
-10.46960996,16.75811506,-12.52540808
-16.77190207,19.46880613,-11.40638363
-14.05010498,-15.47664211,19.94736781
16.26062355,-11.63843463,-9.56234947
-13.23744804,16.50563513,-12.731756
-13.50602618,17.64873766,-9.06291923
13.34311292,-8.99184049,-10.965833
-15.66892187,-11.27952887,19.14398364
-14.29397756,-15.89949347,19.15751514
-13.00889698,18.55215829,-10.98463888
12.84746288,-8.27151804,-9.13596679
18.0948305,-12.95778827,-15.69961897
-13.07781697,-14.46913641,18.96641804
-9.62900711,-12.32384954,15.97039668
-16.42842423,-8.40489368,19.11925961
-16.78258446,19.77830592,-15.95224495
17.70213844,-14.04382918,-13.33507754
-11.22592902,16.34215382,-14.02484813
-8.31421378,12.88088884,-9.74965459
19.63085917,-17.1999905,-13.44949857
-10.19093294,-11.81082463,16.52303924
-7.64394927,-7.48275439,10.38121501
-14.10802613,17.33008082,-11.653049
-12.62537302,-13.88947125,19.9090115
15.21288068,-9.81757701,-10.97862889
18.52846115,-14.30435763,-9.95802417
19.75115659,-8.51950737,-17.21314975
-14.35866296,-14.67082709,18.49561976
19.63743616,-16.79108826,-16.02709853
18.30443488,-10.39252715,-13.65024931
12.98301718,-8.1576999,-10.5303298
18.93140346,-16.19193446,-9.74316722
19.45902955,-16.51148422,-12.65601185
18.85222828,-14.72825473,-14.7123274
17.39688805,-14.20574463,-14.28658238
-9.17533139,19.3599415,-17.14992508
18.88415126,-11.89520595,-16.06598373
19.45984951,-16.82148102,-9.34579129
-10.39099109,-15.10785727,19.01165037
-13.77449975,-10.15236657,17.33669817
14.80445413,-9.00214586,-11.25411011
-11.02254274,17.51242869,-14.43455992
18.5713877,-11.0696583,-16.14893876
-14.17715126,-13.34293388,18.45198168
16.62984269,-11.05690937,-13.40869616
-13.68260935,16.61262805,-13.61562305
-10.93191935,-15.46571152,19.55186641
19.69675413,-16.50710021,-7.9795874
-13.2616508,-14.53304607,19.41060581
-11.93708526,18.82703273,-14.40025947
-9.10072078,-9.90178887,13.55222684
-10.63314229,-14.16709915,16.84557154
-8.84485307,16.60794127,-12.7054176
-14.09997689,18.3392092,-9.60929925
-11.86506755,-12.96386758,16.5879121
11.0201269,-8.60982027,-7.05717033
19.48492611,-16.35594797,-9.36909981
18.7961765,-12.88907452,-15.44437746
13.46505753,-9.69089965,-10.43385821
17.34025275,-11.55272408,-12.55844576
-9.98415502,16.39217422,-13.35474182
-9.74931222,-15.03652022,19.15210471
-16.31849214,18.59565402,-15.2089182
18.80705835,-13.32053768,-15.45446396
17.90095088,-15.32439447,-13.24715979
-11.25225802,15.08462683,-12.79413852
-14.78166887,18.22129581,-14.90487688
-15.11599315,17.80424196,-7.35474357
-12.84102737,19.74963251,-13.49543527
-12.65678434,-9.21785699,15.88415408
-9.69886273,12.9567382,-8.31422837
18.78168819,-10.0875377,-13.80820871
-14.36979224,-11.26266395,16.81148662
-11.39117614,14.65747873,-11.00146625
-14.27083928,18.60032196,-12.13348977
-10.38452064,-12.99313905,16.16119189
-15.14730388,18.87364915,-15.67223982
-16.7141566,-13.63615653,19.06666787
19.63226676,-15.39895101,-8.83248731
13.99392952,-7.29111381,-11.53587604
-13.36414293,-11.89656676,17.63298935
18.4018964,-13.997998,-13.05509173
19.86867205,-11.95770875,-15.30414767
-13.96707868,-11.90631545,17.47010857
-15.6732718,-16.24631814,18.73255514
-10.33855454,13.80246215,-9.41312427
-9.11689434,-13.15431186,16.343947
17.4184783,-13.0613469,-12.89543916
19.12665909,-14.18646205,-9.37899551
19.53520705,-10.65547502,-14.51049989
19.71208136,-15.87204161,-15.91941811
15.81965969,-9.20955003,-12.39486023
-14.13778694,-12.26132874,18.9793198
-12.09885399,-16.72192063,19.26665338
-14.26557892,19.63654624,-13.70429978
-13.82861445,-13.2160773,16.91425866
17.40076193,-14.47034721,-8.11409732
19.82325417,-17.26315403,-13.10340636
-12.43115638,-8.08918804,15.44925922
19.54100952,-15.25769008,-9.43358393
17.68063017,-14.36907888,-8.63147172
-13.37164039,-14.77147516,17.06331732
-15.23871376,-8.87158236,18.75138986
18.38986656,-12.4542779,-11.23948454
-11.55652733,13.88772133,-11.38038126
-10.13983011,-14.8536481,17.64032988
-7.81908868,10.08690343,-7.37705304
-9.70296013,-9.78379837,13.26008332
-11.66355491,-16.44904229,19.91070506
-11.33585055,15.90304586,-8.97813458
-13.09542863,-10.23526518,17.86194618
-9.26459195,-9.01784455,11.99485157
-16.89412587,19.79608598,-15.08890433
15.60996781,-11.93029293,-11.5167899
17.53362323,-12.66748876,-10.39769136
17.16504562,-12.58165487,-9.07120514
16.94745712,-13.46655647,-11.5734921
19.37719483,-16.35572925,-13.85759293
17.56258437,-10.45409737,-13.17709945
-13.76336956,-14.16213662,19.87794254
12.93916396,-10.28935699,-7.93273361
-13.15245231,16.32612575,-12.69195042
-12.100721,-11.91220093,19.34232674
-11.40400988,18.26888108,-13.59286591
14.69212705,-10.03455891,-10.33304898
-10.42349112,-10.59746488,14.65691563
-17.1334407,19.78532701,-11.41074881
19.26213333,-14.85915367,-11.04078201
14.95294407,-11.12670528,-11.70687868
18.77415695,-15.47495043,-13.76376884
-14.10379254,-12.36687408,16.3759009
19.58632901,-16.15884891,-11.29529572
14.08802104,-9.46260874,-11.33897604
-11.99855533,-11.46202897,18.75043137
-13.84139852,-13.02556139,18.36626704
17.47231471,-11.16142506,-12.86438115
-9.70822208,19.87735094,-16.03153473
-12.65043688,-12.30174782,17.90256799
-16.15053165,-10.21293358,18.76150523
-12.47006558,-11.60959215,19.49568865
-15.22451832,-8.41040266,17.87641547
-11.87457105,-9.64882995,15.70331177
19.76149059,-14.8291273,-13.87886098
19.37548879,-12.26433111,-13.92267623
-16.61042474,19.58793295,-15.69068814
-13.38699092,-11.91672344,17.03118434
19.3949032,-15.44585945,-13.30127745
-14.32608532,-13.61390709,17.90134605
-8.21523541,-15.01645422,18.64318963
-12.45275878,-15.46270047,18.94755503
-15.98237194,-14.112203,18.67703878
19.03704072,-11.84751323,-15.73806845
-11.81428322,17.98830414,-14.54797262
-13.01941913,-10.23225929,17.03863485
15.19527646,-12.51758293,-11.56641627
-13.42747879,15.72448824,-8.76126899
-12.82710039,18.93307161,-13.56967056
18.51027626,-11.35745323,-11.97155377
-12.47914649,-16.0537564,18.79590838
-13.75859593,-15.02709734,18.26487222
-16.29070379,19.1845088,-11.659559
-9.57277474,-15.94919602,19.15162113
-14.14820132,-9.83461959,17.16969288
-14.60514081,17.16362479,-7.01891924
-13.46245596,18.72069108,-11.36820074
18.50239745,-9.88396826,-15.66211739
19.22621914,-16.0589742,-10.05033769
-10.53719817,15.51945472,-12.64830615
18.40618929,-12.82078483,-13.1912745
-7.63691591,-15.73929561,18.15361977
-16.19780263,-12.19896896,18.60484627
19.00764706,-10.53134926,-15.5022687
-11.47947007,15.70556746,-9.70859207
-16.3887387,19.5431248,-10.9816728
-16.83983,-15.10731249,19.34919941
17.106631,-11.6487346,-12.69111953
-14.41722293,16.91188232,-12.7202495
16.16858878,-11.66129579,-12.40129955
-13.84890018,-15.11756882,18.59788398
19.73546962,-8.17313878,-16.40229522
11.0383018,-7.86869468,-8.00959262
19.69031354,-16.09152692,-16.24140966
-13.163792,19.76148707,-14.52941777
19.54098927,-15.40150384,-11.38265147
19.65021861,-10.93585802,-15.53505139
19.13649492,-15.08367703,-11.5078769
-16.16283021,-16.74835133,19.52842233
17.18225991,-11.37357174,-12.58149937
-11.7589771,-12.67246715,16.21656109
19.21423802,-16.23141142,-10.61354797
16.48034806,-11.12906378,-10.76268898
-9.46298741,-14.33625202,17.77441626
-13.19576629,19.13735528,-11.62952266
14.94712895,-10.57943617,-10.91542997
18.52798792,-12.35245933,-12.50115119
-13.68691547,19.54613925,-15.42109651
-10.44289081,13.88074141,-10.23638794
-12.50371628,17.70255263,-10.32771447
-13.34292376,19.36649286,-14.31667172
-10.93440484,-13.00550691,16.07914655
-8.31310391,-13.64840939,17.21880772
-10.8405856,19.78880639,-16.10920751
-9.13604392,14.04642169,-11.31552339
16.21115059,-10.10433409,-10.53009259
-11.81804391,15.55403784,-9.69266023
-12.92601878,-12.07857971,19.15356914
16.7545295,-11.67124971,-13.21934164
-16.21733303,19.53544676,-10.98315458
16.42030047,-10.7620481,-11.00445071
-10.03882977,13.5626506,-10.38814682
-12.66079021,-10.77591374,18.435481
-8.76219358,-13.06277886,15.9619481
-9.05666373,-15.81065732,18.52132095
-8.02964716,17.66535487,-15.21469543
19.47285736,-12.65008293,-15.28810244
-9.82669675,-11.28297814,14.24359221
-14.16759346,-8.70896333,16.49274167
18.08057518,-10.04920723,-13.24767291
-10.51889206,-11.51539619,17.02513852
-13.5477279,-15.05968215,18.90803142
-16.28428404,19.1879754,-14.59881548
-15.9911979,18.5991915,-15.99392346
-10.39378428,-9.68177075,14.36136127
-7.36816189,16.84291877,-14.4107373
13.69416685,-10.33321705,-9.85074386
-11.42918046,18.69315627,-14.59674937
-13.76559946,-13.60387914,17.40622542
-15.13623268,-12.83987053,19.08006972
-13.02943692,-13.79812552,19.02238089
-11.24362651,-11.14370676,14.13406122
-8.44004996,-15.3405253,18.61236938
-12.49744021,17.519045,-13.97894798
-16.1642925,-14.46550193,18.98113315
-16.52466483,19.06768325,-9.08964612
-13.72994906,19.71494357,-11.4250435
-11.89238876,16.0942051,-12.81933176
15.93846561,-9.29169791,-12.25963962
-10.46438136,-11.4015067,17.38897146
-12.37776521,15.72967417,-13.20750994
19.08569991,-15.687282,-13.81604881
-13.10847244,-13.08701898,18.79067212
-14.95557451,-14.74910596,19.3641313
-11.43105007,-12.71285092,15.47850609
18.99136124,-13.33687501,-11.9707704
-10.81970657,13.48009065,-7.46379512
15.49601053,-11.32340694,-10.04291116
-13.60685474,17.66030156,-12.57794816
-12.49188384,14.74623743,-12.44659243
-14.70862688,-10.68494657,17.99191465
-14.78533548,-11.17318563,19.92734094
14.99008987,-12.46985395,-10.30386874
16.05436332,-12.18515611,-10.46834035
-8.76390999,19.02790667,-15.08892124
-9.75886407,17.65164326,-13.43273034
-7.78437378,18.34289841,-15.61371907
-9.30384641,-13.61495558,17.65878857
-13.95137511,18.85574589,-15.45507943
-15.00210643,19.67852327,-9.47865921
-13.09866765,-11.21417461,17.61097256
-10.80272023,17.71035965,-15.24004411
13.72715815,-8.68165433,-10.68710472
-12.06418591,14.40369876,-10.76528773
15.52335407,-10.99691722,-10.16290421
19.66188382,-14.98862567,-13.44616518
18.37174913,-10.06909522,-13.75309849
-7.96034733,16.06660543,-12.71982412
16.20628991,-11.85372241,-13.47504205
19.34913893,-11.66170081,-12.76631486
18.30339356,-11.47916655,-13.78235942
-13.67359502,-12.57242609,17.43449263
-9.77718866,12.48130113,-8.8933434
19.06126596,-14.34584321,-9.12566252
19.84901202,-12.07160654,-16.76406053
-10.54675691,18.86017951,-16.23585763
-12.46832442,17.35101019,-12.04211926
-9.37618662,11.89570757,-7.1823177
-13.33695907,19.99920121,-11.54072064
-14.11886696,17.38577923,-11.35166496
-14.91994238,-12.93186753,18.13672994
18.73029112,-15.83741474,-8.22735035
19.18282155,-12.78706024,-14.18804315
-10.65887867,14.54425118,-10.96956074
-15.61330718,-13.38168976,19.89162361
18.77637078,-15.9825314,-15.86690165
11.94121771,-9.66332182,-7.57638494
-14.77042326,19.54875164,-12.6861111
-8.49328077,16.26289174,-12.70913857
-12.13416917,17.97773206,-13.32339073
-13.79877336,19.60319372,-14.12648528
-13.23430587,16.31676607,-11.01235762
-15.57426293,19.50257954,-13.90528375
18.34156509,-11.07356653,-15.29749952
19.55894807,-12.03743932,-15.90601368
-15.66015494,18.13513645,-13.85968408
-16.88824682,19.43560331,-8.17310265
-12.20496544,-10.98510081,17.96776932
-15.27266399,-13.42849681,17.90913817
17.13802998,-11.46374324,-13.29430816
19.10739706,-15.23361234,-10.25012025
-7.26760479,-17.21090731,19.87683227
-10.96433175,-10.86817771,14.47121743
-10.69361174,15.12643223,-10.04615137
-15.20754498,19.67165489,-16.23858884
-7.69693206,-8.95975789,11.66690383
19.48353196,-9.46076032,-16.81521915
-10.312103,13.76207856,-8.98894553
-12.68158116,18.34688357,-12.08198287
-13.57174329,16.23771406,-8.42941669
-9.22770649,-11.24418058,14.80919581
11.25323965,-9.01709631,-7.88438391
-9.0123007,-11.68299323,16.17949902
-12.66991717,-9.34258669,16.96764969
-10.43590526,-13.83195334,17.86540983
-9.99888135,15.21489288,-10.31090157
-6.91319479,19.0791619,-16.78549627
19.38235601,-14.10361294,-11.70558955
16.55247267,-12.08001502,-11.16350855
-11.68804391,14.86650768,-11.43862326
-14.88248859,17.14980899,-9.2299445
-15.55190092,17.98799592,-8.71910245
-12.47197723,-12.30929379,17.55807092
-11.87540725,-8.84921171,14.47627502
-11.98574576,-10.08054845,16.71300654
-10.24497467,19.2309079,-15.56172097
17.17013231,-9.79084846,-12.67556906
-13.17666348,18.74740037,-10.64647108
17.70872531,-14.08214988,-14.08459762
-8.80299541,-13.15332096,16.86188097
-13.70464754,15.99527381,-10.59026794
17.24496965,-11.95964459,-14.96266344
17.93886361,-14.98661586,-9.42200803
13.85646756,-10.29158852,-11.18306477
-12.33706322,-10.92322131,16.30009212
17.50366892,-7.15649637,-14.91366582
-14.02895696,-13.81128664,17.51466718
16.56071333,-12.70736127,-11.54688562
18.79684736,-13.89155481,-14.71633858
19.64149683,-10.653804,-14.39244745
18.88479048,-14.65537781,-11.43653894
-13.96861952,19.15288112,-13.54702637
-9.68227321,16.9812883,-12.04320934
-16.46800118,-11.51520108,19.32439242
-14.88759363,-12.82446948,18.73444247
-12.61522138,18.13634322,-13.84950755
-16.92352199,19.31449202,-8.84964612
-13.12659235,-11.84009852,17.54035832
-12.51559084,-11.99592927,19.28521136
-11.38145424,-14.75876489,19.61741714
-13.43687168,-13.27619615,19.54487498
18.14182722,-11.24723413,-13.34640098
-16.86109158,19.78130156,-7.90225248
-14.54358369,-14.65071067,19.77604735
-8.24720887,-12.44822835,15.54284029
-11.71853764,-9.97725259,16.43791263
-10.17314706,17.7110985,-12.89629473
-11.10360552,13.92262164,-11.45294329
18.48309459,-15.78033684,-14.90263046
15.0152141,-9.27652564,-11.97057187
-12.12615907,16.0649646,-11.26382043
-13.69898409,-13.92110581,19.63555109
-12.63854906,19.77335682,-14.98380354
-14.66475415,-10.92739679,16.96643805
-11.90026314,14.88658362,-11.12927176
-13.84804046,-10.8114078,17.6225019
-10.99295879,15.00257077,-10.35794642
13.84233487,-9.17042878,-9.86506674
-9.48442738,-12.25062045,16.08324019
-9.93470457,-15.75263974,18.51679878
18.08130041,-11.07535361,-15.69716255
-17.32564256,19.41362997,-11.12152409
-14.59767765,18.46448487,-15.74539091
-15.160988,-11.89903362,19.51059723
-9.40770977,17.57857523,-13.65245827
-13.87736778,-11.36514297,16.42862823
16.19243469,-8.70652976,-11.97084297
-12.42404209,16.02729868,-8.25209295
-13.62532356,-11.35552283,18.9647825
15.39062551,-12.17356701,-11.97393853
-16.14921469,19.86213103,-9.2882931
15.56828735,-10.55760831,-9.99071014
-12.22196696,19.79588541,-13.23211007
-15.48310264,-14.59868491,19.80744832
-15.74785655,18.79409141,-14.37337566
16.03945748,-10.13387131,-13.23341972
-12.52209969,-15.22305378,17.79012814
-14.16712723,16.56049397,-12.75906203
-13.98238946,18.36020057,-12.61492175
-10.62687502,-10.53826538,16.39128997
-12.98628006,17.96865164,-12.7423891
18.6942839,-11.06112986,-12.75073612
-10.03438236,-9.86702765,14.24116046
-11.5162596,18.79062709,-14.96342201
-13.64029909,17.34253048,-13.46432811
15.96276217,-11.24116421,-9.22016936
-9.02456576,13.00932733,-10.45407247
-14.87300845,-14.83395329,17.87871166
-8.69256102,-15.6441755,19.48497567
18.12655064,-10.31739994,-14.0637275
-10.00454257,-9.61338868,13.08524866
-12.41502501,15.35938293,-12.19920389
-9.46591173,-10.10119218,12.52382473
-8.52369817,-13.21607588,15.80596621
-12.53076007,18.41749099,-12.12846998
-15.04123179,-11.21073016,18.70906522
-14.02081961,18.0706225,-10.12297262
13.41742962,-8.04263068,-10.20395269
18.9299994,-11.9482591,-14.36430729
-11.40882457,19.16560279,-13.4519747
-11.57413787,-11.92026069,17.10449076
-12.38709754,-11.89880071,18.26332084
19.66981059,-14.15501715,-13.33477029
17.97153949,-11.05880915,-13.27109183
-9.28014267,-12.91756709,17.20660902
-13.12987082,18.78409916,-15.93496904
-12.34239656,16.20465786,-11.48786977
-8.8697205,-13.34478819,16.73991788
19.78869489,-16.09983936,-10.33121459
-12.20921975,-15.28590863,17.7189038
-9.69709714,14.01764158,-10.59522163
19.79016835,-17.58340201,-11.28831707
18.78891838,-11.29316713,-12.87167573
-8.17036807,17.01829517,-13.39789695
-10.53808287,-15.95170006,19.44869795
-14.47477359,17.15139631,-8.61538194
-13.69982339,17.36003075,-12.07097546
-10.10414273,12.98819352,-9.72400799
-12.77562062,17.74681537,-14.54854538
-13.83465529,16.76885157,-7.51532228
-13.11509684,-13.53204488,17.01195767
-12.2991742,-9.81604153,17.33770767
-15.0592007,-10.97284528,19.24349079
-13.84583502,19.38333417,-11.08499529
-12.90110948,-12.9544344,16.35745149
-7.91509778,18.01921228,-15.15973468
-10.23793266,-14.31086994,18.04101487
17.66424554,-11.81229002,-11.46652551
17.66418923,-13.96671778,-8.62572105
-11.2993513,15.77356218,-13.01025038
14.99199521,-12.54253752,-7.08128587
19.38486936,-14.15971017,-14.94913245
19.35939,-10.33381287,-14.43506774
-13.61826833,18.91859272,-13.27009299
-15.56407886,-10.79550227,18.23973645
-8.95118677,16.70530706,-12.30832952
-12.53648677,17.51446119,-12.61142892
-16.84258861,19.40809525,-7.78070083
16.99228174,-13.01117276,-14.51669199
-12.66287927,-10.30043187,15.94996411
-10.30297981,15.08956099,-12.18459568
-12.7482492,16.61667045,-8.5843495
17.30758499,-8.40687721,-13.61646706
-13.89113339,-9.75974405,16.4843404
-12.34400778,16.56109398,-12.84629087
-9.50226382,-14.8325495,19.53057633
-15.53059664,19.47039585,-17.16817134
-11.41115267,-13.38467492,16.06358608
-11.89008157,-12.53510107,17.66838366
-15.29845801,18.36395045,-8.7683064
-11.31913399,17.73468571,-14.50761923
-14.67950433,19.95568603,-10.19197488
19.28086474,-12.6252584,-12.18478831
19.64766238,-16.2109734,-8.47725612
-10.0328019,13.68104751,-8.34384031
19.20795912,-15.21693452,-12.67345152
18.36026034,-12.96907658,-11.57269072
-14.48369854,17.20301288,-13.2985907
-10.63877284,17.55995217,-11.94988813
-12.02597745,15.46948439,-8.29773069
-14.21842453,-13.64554134,17.29148513
14.62863958,-9.85110363,-10.56450838
-10.70021181,13.29906856,-8.59446624
-13.22500307,17.9211661,-12.05122119
-10.76367637,14.13331184,-9.06028854
-14.79148333,17.61994855,-10.33034556
-12.9177343,-12.78894056,16.00527131
18.77542298,-12.6647147,-13.05869607
19.21100548,-11.17058123,-16.61988014
-10.22966488,-12.86517988,16.42455266
-9.86079693,-8.6005916,13.85181388
-14.21557025,19.48329864,-12.16551334
19.52347844,-11.1597703,-13.97982333
-15.96660853,-10.93731999,19.26455345
18.63386245,-10.33108218,-13.42977696
-12.68674031,19.07545471,-16.36147781
-7.33008036,-13.28687587,15.58530369
19.15760782,-15.19774846,-12.2020207
-13.26178225,-12.54422512,15.95811854
18.78632278,-16.03596621,-15.50326689
-11.19210123,17.84112842,-12.32441685
-12.46988386,16.53718154,-13.96180165
-12.14154414,-16.22018241,19.947853
19.42407996,-15.42414706,-16.43813447
-13.02894661,17.48218143,-11.54344244
17.74620572,-8.41477086,-13.72938524
-14.38403233,16.61108638,-8.90782504
-11.08744683,14.33713598,-9.55017804
18.19818422,-9.51029774,-14.54819352
-9.27032913,17.50507287,-14.20314398
-15.98610722,-12.92418108,19.77830436
-12.14238126,-13.10774037,19.77156106
-16.63044372,-8.97975096,19.12635829
-15.04995159,18.54831083,-9.31537631
13.16148834,-9.71634895,-8.94531277
-13.39481609,17.86125961,-10.79403864
19.37861647,-17.1384042,-12.81424793
-12.15007392,17.29380917,-9.63644035
-16.92098361,19.26062288,-7.70741075
19.05841389,-14.05019834,-13.93964815
18.42358804,-13.90829156,-15.03098257
-15.62266725,-16.81458414,19.76258882
13.99596334,-10.71581171,-10.50653795
-13.20371315,-12.96268798,16.89570309
18.70632374,-14.64811548,-10.34430918
-8.19861806,-15.82058813,18.69520504
-10.51858246,19.9155325,-16.39302758
-13.63836835,-11.72678556,19.28130866
-9.23823103,-16.55328052,19.01807252
18.1018635,-15.27898012,-11.96002201
-9.54676415,18.09801192,-13.16792191
19.71353024,-15.83960494,-14.53378365
-11.61225278,-12.49927961,15.55885605
-11.53945156,13.94884383,-11.47484142
-10.80769298,19.20501094,-16.18744667
-9.45239685,19.16615885,-14.2337676
19.484487,-13.55861578,-13.12591495
-16.25307646,19.8530938,-10.39477817
19.97300311,-13.75192122,-14.1736495
-11.03374922,-16.73176066,19.40201802
-11.14107901,-13.38141475,17.68087339
-15.01814954,-10.1613333,19.14854808
-13.23027531,18.16647851,-10.36332571
10.07822761,-7.25687518,-7.25972097
19.11286666,-12.95455784,-11.03542444
-13.09882794,-13.49559187,19.56211815
-7.94189179,-16.1244421,18.57132018
-11.81484668,-14.17893981,18.7135578
-14.63563504,-14.08565351,17.07821503
-15.88059056,-14.68769451,19.54733478
-8.47234749,19.95544671,-17.63188976
-13.4454136,-12.83485533,19.76558044
-9.84063379,13.63357566,-10.19406385
-14.15491107,-11.66863293,18.97039386
18.00935864,-11.64023368,-13.4386749
-10.75799906,18.35522525,-15.35791294
-13.93854848,-10.57089477,19.89884338
-7.24517998,12.09760651,-9.28052209
-13.50642747,-11.31393793,16.00834817
-7.48354178,18.35857336,-15.7772253
-14.43780497,16.96162412,-7.02230675
-10.39947349,19.57333205,-13.6685741
16.24396209,-12.99282527,-13.42248507
-11.7707234,-12.44036942,19.73272255
-14.35540517,18.18529035,-14.42660534
-16.36947381,-12.29219578,19.64206418
18.19256284,-14.41680569,-14.31927863
-13.67535445,-13.50547475,18.48734259
-10.07590444,12.57897691,-7.21976604
-9.50146566,17.39727182,-13.48079261
-9.12929933,-13.25456669,17.21884881
17.74196457,-13.7940132,-12.47773242
-10.39385343,16.50327392,-11.02219526
-13.22282658,19.87734718,-15.92027805
18.92823626,-13.92600315,-9.68155556
-15.68352417,-8.8324663,18.95222811
-15.56744402,18.59392977,-9.5567194
-12.32382387,16.79772852,-12.56315891
14.00969102,-9.06520135,-10.26657446
-13.19849634,-12.79712959,18.31492617
19.13126392,-10.30622903,-16.52354685
15.77389275,-10.69348556,-10.41580744
-13.24479647,-8.95139882,16.53854089
-10.28892245,16.01476768,-12.15622168
-11.81388117,-12.7852779,18.22838368
-10.74985484,18.83529867,-13.23638996
19.75290789,-12.37055634,-15.17675521
18.93815699,-13.25642198,-13.05089662
-13.46621728,-11.04350434,19.2067641
19.58850744,-14.30293695,-9.76352803
15.26326727,-9.73345464,-12.49306335
-12.71481292,18.54652254,-13.82622644
-12.27290516,-12.39134126,19.99462872
18.55154003,-14.08657312,-10.52946181
-11.61397828,-11.98745258,18.59153863
17.62639218,-14.62360377,-8.1980096
-8.02501121,17.24495154,-14.53286003
-11.33116232,-10.7947876,16.70806429
-8.77656081,16.58145107,-12.22654624
-12.13487599,-11.11651041,15.9728502
19.70404091,-13.78396142,-12.76449078
-13.7292153,19.24845254,-12.36620955
-9.52495963,-12.41785908,16.32389577
16.93683376,-11.81126287,-13.90254788
17.22511436,-13.64909601,-8.52071493
-13.96342646,-13.4302572,18.45068707
15.3052587,-11.87490686,-12.01774415
-8.13772467,10.83828476,-8.62728589
-13.07777684,-12.35571629,19.85289765
18.42364321,-11.01598864,-14.14544033
18.47567121,-16.05183917,-14.43731201
-10.31333284,16.8914945,-12.07311591
-10.13681503,16.61286686,-11.57191125
-10.68718668,-14.23392334,19.70861736
19.68854216,-14.34977759,-14.74850789
-12.98431638,-12.32282591,18.84824427
-10.29126616,16.31631317,-12.46653214
18.87093116,-13.26676825,-11.85029102
-10.44110343,16.98887599,-13.04815074
-12.25128312,-11.70426151,15.89414934
-14.34063037,-10.39938574,18.97472417
-15.26232597,-8.4817864,18.60314987
-7.70098755,-16.77614294,19.97855257
-10.5575745,15.36425327,-11.58105536
-11.75105435,-10.71032648,17.61705733
-9.97360026,14.7660572,-11.31513245
14.56780917,-10.53002589,-10.98947154
-16.74894522,19.21214094,-15.23609723
-15.51456348,-13.33631279,18.80090406
13.21915739,-10.91227553,-6.70537798
18.46307694,-11.40843779,-12.83208744
11.54431685,-8.65490667,-8.63189774
16.24335138,-11.41220189,-10.8530097
-10.38884663,-14.05946853,19.41482006
-12.80436386,-13.45211304,15.75633778
18.94485544,-13.18629803,-14.18718408
-12.076931,16.56636815,-10.95418555
16.2736087,-13.03236764,-12.91108229
-12.72438383,-14.95715448,19.48178632
-12.68942967,16.13353082,-11.01460636
18.66112981,-13.12553173,-15.08145096
-16.71525985,19.75404737,-14.68853445
-12.28875002,-9.97941167,15.64080523
-12.24416703,17.13840058,-11.90132903
-10.77580381,13.5801996,-10.25651459
-10.51522484,17.48454721,-13.83638758
-14.98730184,18.76624977,-9.4877252
-9.29739022,19.27284938,-15.60719802
-17.59227993,-12.27308712,19.85542567
-9.41631232,18.11290838,-14.58820903
-9.01927758,-13.10771199,17.2205696
-10.51033253,-12.37247575,15.74393303
-11.19393089,13.56831389,-7.56596928
-10.19407328,-10.65563706,14.87423046
-14.79674493,19.64970476,-14.07126171
-12.04093973,-13.99220079,18.90315125
19.17173876,-12.35705726,-12.28176317
15.34329182,-12.84345356,-11.5662079
-12.87336275,-8.4116902,15.42824275
15.51405196,-12.2799214,-9.88973785
-16.92986211,-16.66133126,19.83885808
-9.02355895,15.322715,-11.6586402
-10.37545014,-11.29783416,14.47719886
-10.28335286,-12.81423218,17.82478434
19.53300172,-15.60149604,-13.09816192
19.23911267,-10.76579691,-13.05243702
-15.13907664,-9.88830974,18.66130874
-15.93704394,-12.36899813,18.93098208
14.70581981,-12.42934841,-12.34919646
-11.92627036,15.87545546,-9.00586295
-9.21253869,11.80956989,-8.72266906
-18.68592877,-11.45629501,19.50664624
18.27012996,-10.86765231,-13.11975123
-11.48606617,-13.95491359,16.91480172
-12.97183667,16.16792996,-7.63904983
18.83170623,-12.72951698,-11.93487328
-15.61995637,18.65534088,-10.17141654
-13.59892099,19.13253802,-15.48699259
-10.88065316,-9.75238976,13.44716637
-15.95480742,-7.56043191,18.21236237
-9.69333204,-14.74351647,18.61282384
-13.68661623,-13.81533395,18.52184978
-7.02459448,-11.48407412,13.81020021
-13.70464393,18.42549674,-9.86633285
-12.59891779,-14.2547777,17.95571249
-14.48260396,-9.25587261,17.0280723
-14.21479687,17.55423844,-9.01639579
-12.76047125,-12.52414551,16.36995874
-9.05309776,16.51303292,-12.97630006
-13.48514449,-10.20146273,16.36083438
-10.13976431,17.17055663,-12.10575186
15.63650039,-9.74858933,-12.49025655
14.92595117,-9.99565984,-11.2630237
-15.71923647,-9.28492914,19.89197434
17.12336996,-9.76712306,-13.37079017
18.65224814,-12.64333399,-13.18139257
-15.78380465,-8.50376797,19.82187487
-14.27121264,17.69785203,-12.92595518
19.1774218,-10.59806996,-14.66133414
-7.03632495,11.36347568,-8.73532724
-16.24845958,-12.49328048,19.33846748
16.43702745,-13.25981199,-11.81736024
-8.53596395,-8.85872196,11.88396748
-11.87702679,18.84917408,-16.10514772
-13.19268342,-12.74726955,18.96033524
19.74991939,-15.9091275,-10.35433981
-9.41506547,-13.10645827,15.78067972
19.66072548,-15.18395072,-12.99366525
-15.24114622,19.59766053,-11.76981716
16.57840817,-9.7184028,-13.06232562
13.78018511,-9.92627557,-9.45406818
12.38662227,-7.80385155,-9.69478667
18.89037096,-14.41825004,-10.48332942
-8.90248887,19.80911577,-15.42244368
-15.10854109,18.41441707,-13.51880867
18.77651921,-16.08137399,-7.61362251
-12.46673057,17.32988379,-10.05957328
16.68087609,-12.02108883,-9.37457553
-9.61357919,16.37718181,-12.93257328
18.27139324,-10.7188432,-14.2060898
15.30524981,-11.47690133,-12.74772753
15.39966974,-8.10712861,-12.69431845
19.46387261,-15.98476975,-8.35396991
18.90983452,-13.33553399,-12.50005591
17.46646857,-8.69945769,-15.16328171
-14.35549344,-12.94484185,18.77850065
-12.86846126,-14.74135947,19.77760099
-15.19006718,-10.4195684,19.61329472
-7.61404923,10.88915906,-7.78212066
-14.26365002,-7.09332881,16.70436446
18.16166917,-10.93929339,-12.73567528
-17.20371493,19.92658276,-14.94008821
19.33117431,-12.16750045,-13.73900642
19.33633805,-12.02533246,-15.19679234
-11.54210832,-15.88066535,18.2329848
-8.82540987,13.85160663,-11.37525626
-15.56257026,18.1962165,-10.51826104
-14.40577886,17.32283317,-9.7011924
19.04605295,-16.2980683,-15.67255787
-11.65029925,14.28524973,-8.15159939
-13.80615087,-10.30544202,17.18916854
-14.77857002,-15.68116234,18.15219069
-13.06963985,-7.34209221,15.33697137
15.64876253,-11.26263976,-9.87010877
-9.33548101,-10.39333525,14.79200053
19.26860116,-14.84428519,-13.72452721
-11.18445462,16.30872061,-13.50475625
-11.49257573,19.62260065,-13.61047559
-11.32439025,-11.20282325,17.77883592
14.29792641,-7.59284694,-11.79937555
18.42093829,-13.06502768,-15.42786671
-11.24352323,13.79971802,-10.36112495
17.53811658,-12.09764341,-11.0517062
15.41570793,-11.50111554,-11.47814579
-10.4356163,13.66307119,-8.77881979
-15.09809311,18.26990131,-8.91106505
19.9373885,-12.27708895,-12.39114487
15.77415129,-12.45619741,-8.17090266
-12.85673165,17.6301396,-13.59059002
-15.82280099,-12.8367202,18.42420287
19.53097413,-13.90559087,-13.33504434
19.34960931,-16.12017724,-13.09796772
-16.54873548,18.88464215,-8.14464275
14.69811397,-8.23404672,-10.92456656
-11.66478274,19.02208835,-13.78131103
-14.06515641,-7.17499524,16.78236272
-11.3652973,-9.38721775,16.11134572
-13.32372833,16.06409561,-12.97502332
-13.82442103,16.4318094,-10.29585691
-9.95961682,-10.85471469,13.58408165
-14.12311275,19.40732649,-14.53700979
17.69682617,-13.57526865,-9.86471058
-10.29462073,-11.43205998,13.70236457
19.18370234,-14.70184222,-13.63397664
18.08787862,-10.14752591,-13.65665772
19.08503648,-14.24384862,-12.23239104
19.13915861,-15.47010552,-11.34702635
14.53403725,-9.5495309,-11.54436125
14.00725514,-9.43315103,-10.73790516
-10.98849679,16.66381433,-13.8666527
13.45682724,-7.63074252,-10.65687159
17.70666099,-14.88756925,-11.78996506
-13.16238622,-11.06424818,17.37074851
19.94455598,-14.9176371,-15.91579121
-13.4692028,15.97798392,-10.81295605
16.3710693,-11.15944543,-11.97233207
15.27132166,-7.00986937,-12.8069739
18.04454615,-10.67607252,-14.68576088
-10.3157475,-15.77942074,19.95302781
-11.40991663,-11.61197564,15.08333288
-10.31804481,-8.29534323,13.43887836
-14.65050639,19.59738941,-15.28871641
-15.94487207,-10.44015605,19.18408772
-13.59316339,18.24892323,-15.46550923
-9.36448654,19.87388018,-15.24999894
-10.81891757,-15.36375725,17.57867026
17.24045997,-11.30418271,-12.42505073
-11.12536105,19.44549662,-14.56968992
-11.62804874,-14.17881278,17.20779138
14.99940871,-9.52112335,-11.98685957
15.22595727,-10.28983324,-9.82997682
19.70525861,-10.25745021,-17.21818182
-11.91978961,17.07024653,-12.25804667
-14.4827327,-12.01289242,19.67881705
-8.39060242,-12.64683984,15.89169389
-11.3107209,17.86733375,-13.08065338
-16.79696447,-10.63546045,19.52626387
-10.07243001,-11.17860636,14.81770368
-12.62175315,19.26226067,-11.14549465
19.3036822,-13.59280637,-11.83493487
-9.79694942,-14.27378453,18.05682791
13.74032509,-11.3640971,-7.48331724
-12.23983472,-14.61584751,18.60149882
-15.39639315,19.27931901,-12.62273973
17.7855716,-10.76411258,-13.31657643
-13.35710513,18.42768126,-14.6356917
-14.63060993,-13.92547385,19.06042255
15.4876047,-10.04772549,-12.31365622
-6.90633649,9.36983825,-6.89227561
17.91555778,-10.59441893,-14.1178691
-12.36512258,17.10631101,-14.35311158
-9.02579266,11.55654091,-9.07404093
19.30913861,-14.12113314,-12.05279795
-9.29276211,15.10117977,-10.90331327
-9.78672112,17.58260686,-14.07917998
-11.53160446,-11.50297845,16.98651371
-9.65096063,13.13352636,-8.01215485
-11.32440147,18.11832063,-13.70001802
-14.13802018,-10.38813608,18.74096598
19.13233357,-8.79685215,-15.18603514
15.03790292,-10.866659,-12.7981901
18.79225071,-15.62536631,-13.3798978
-9.27695939,-13.05018143,16.16804846
-12.78113119,15.43069238,-9.32139624
-12.6284479,18.5562917,-12.4914172
17.90098421,-9.06104345,-16.42029924
-7.97689306,15.12911343,-12.47752316
18.68795129,-14.69076984,-11.85012215
-14.38065479,17.86570994,-14.06376208
17.3364962,-13.04602531,-12.40316536
-11.95607718,14.63465154,-10.13773218
-12.48094562,-13.28626319,18.0614361
-7.49287962,-9.48408779,11.71130284
-11.97201224,-11.33270895,16.44963132
18.01524212,-13.64643447,-15.01019958
-11.92886683,-12.24727593,17.37180924
17.68726948,-11.80801644,-11.20129223
-12.73915568,-12.07260544,16.93926403
-9.84138138,-13.80182989,17.7445826
16.12219898,-8.0664334,-13.44757295
12.81554313,-9.52406515,-9.93684181
-14.29932067,-14.1371046,18.3282889
-7.78483786,-9.61422878,11.86848938
17.75780835,-12.12163517,-12.03377831
-14.93006011,-15.71829538,19.50773486
-10.52473597,-9.42606144,14.85471135
-12.37169539,15.70953215,-10.19704971
-9.63573537,-9.87812736,14.18948257
-11.36224558,-12.17701775,15.08462162
19.92600029,-10.59722494,-16.72593478
-9.1510106,15.19364162,-11.41440053
17.86306868,-15.40924416,-6.94410374
-10.99095323,-10.43870701,16.67400912
15.73407594,-9.00002886,-12.8078008
-8.07000798,-10.6935682,13.32035288
17.93057966,-11.95219806,-11.47957481
-8.85388932,-10.98003813,13.89877805
-14.90128613,-9.44663085,17.8782916
19.84826475,-10.95160383,-16.27339154
-14.32451524,-12.81395619,19.82558558
19.31108956,-11.12905686,-16.15527057
-12.24113899,-9.43434692,15.354827
18.05519587,-10.99331211,-11.54335725
-13.57879203,-10.62304677,18.41498466
-17.44186224,-12.53220276,19.89830223
-13.49577795,-16.57492923,18.97210866
-10.7831813,19.46805707,-17.07976811
-17.28500234,19.9697414,-16.67065243
16.96311381,-14.39320297,-14.3591932
-11.12209443,13.43680488,-10.20378876
-9.81133585,15.14540593,-10.17779639
18.01146409,-10.18630806,-13.68856552
18.09497033,-14.46827553,-15.84229814
-12.92361509,-12.0293015,17.22363191
-8.57501584,15.4236561,-11.95997127
-12.43177062,18.87138492,-15.3567286
-15.17507773,-9.19358072,19.49468685
-11.84830541,18.03178558,-14.34361541
-12.45380459,-15.65353433,18.80045534
-16.33416869,-10.46234275,19.56150048
-13.78108518,19.54735377,-12.42471046
-11.05264676,16.25290032,-12.77098419
-10.02503864,15.82184506,-10.73901554
15.33522541,-10.5747697,-10.59034669
14.39052354,-10.39440993,-9.85285108
-10.08639232,19.98805704,-15.3853981
-16.28911304,-11.12810984,18.7523386
19.94487567,-17.2544863,-15.06235272
15.12098122,-12.67981085,-12.52611135
-15.26238619,-8.20176839,17.79406678
-9.65049335,12.05095677,-7.76853605
17.07773701,-10.15428164,-14.31149185
-16.28976857,19.26306618,-7.76817581
19.69918237,-16.92305988,-9.54120396
13.21974356,-9.83646489,-7.99932855
19.53434693,-16.02394819,-14.39872537
-14.02681267,17.42089214,-13.36857058
-10.05438194,-7.75636714,12.91827055
-13.23151293,-14.17924703,19.60555578
-10.16658896,-11.92669931,17.30800552
16.59688294,-13.3988887,-13.94941294
-11.20930743,13.89188753,-7.87226919
-12.55319087,18.91914154,-11.04898647
18.18872782,-11.10760445,-12.97724646
16.98238762,-10.3146187,-12.34614226
-14.87432766,-9.53150367,17.17532041
-12.96012374,17.35503608,-14.20316913
19.92959821,-10.56749785,-15.06774835
-11.444804,19.48337902,-13.43410842
16.52588062,-10.42235128,-11.0114053
17.28343614,-12.17718712,-14.62542905
19.15879283,-14.5923077,-13.95138698
18.97794445,-16.29655804,-9.34562226
-15.69299819,19.27107429,-8.20043783
-9.78135857,-10.37049901,13.87519196
-10.58328024,15.23825428,-11.85460691
13.5993435,-10.06396439,-8.25302113
15.60411965,-13.16645172,-10.47737131
19.82216476,-8.5455593,-19.94529714
-10.34109177,15.93877796,-10.44991196
-12.43951515,16.92176515,-9.60886723
-11.52182917,-11.84878066,14.89456978
15.45746406,-11.77022366,-11.96070517
19.61781234,-15.96794618,-16.76704355
-13.63662403,17.97294091,-12.90693677
-9.9937497,-13.6201588,17.18807724
14.25250825,-9.86066714,-9.4979818
-9.32846669,15.98582539,-13.28389386
16.71712156,-10.5267566,-12.28881324
-11.13797135,19.73191796,-16.45273129
16.78333682,-13.78662165,-10.58972587
18.05205226,-8.05578608,-17.81821096
-8.64807473,-11.9974995,15.82151835
-15.93929524,18.66906737,-10.80028377
-9.0072149,-9.57438714,13.50956535
-14.79804607,17.72041145,-10.59998805
-16.67995113,19.59054468,-8.64323697
-11.93013775,-11.83060739,18.07538558
-13.04425463,18.83509346,-15.29087456
-17.60575036,-12.31999534,19.92970779
-14.15564739,17.42736533,-8.12425569
19.2003773,-10.29666769,-15.35242131
-12.14617472,-9.98183317,15.21309611
-9.54476985,-12.34576961,17.27682821
-14.44460698,-16.09905908,18.89461954
-12.2143437,18.42967949,-11.9859761
-13.01063719,-14.60078604,19.94447829
-11.75497185,19.84486007,-15.91123066
-11.77759887,-11.19597457,15.52954426
-11.59668898,-9.64526823,15.95224986
-6.83435112,17.05233392,-14.73183026
17.3641836,-12.51651407,-14.32248667
-9.72003994,-14.54380157,17.07922531
-8.61927531,17.6869631,-13.66281599
-10.63779406,-14.28765351,19.13770456
-10.91881811,18.03030061,-14.18626633
15.36491113,-9.59032911,-11.93064185
16.1313225,-13.89284782,-11.9036665
-9.72685813,-12.39449175,14.99973102
-14.89997693,-11.13972659,19.30579373
-15.56799677,19.50097675,-12.41679389
17.05721694,-10.4577052,-12.12936501
-11.38095004,-13.32131026,18.91528874
-8.00634286,-14.65607787,17.3937403
17.81023062,-14.11865108,-13.27564596
-8.59100958,-12.17446868,14.87547099
18.84242078,-14.43200667,-13.7647969
16.84784529,-10.6868059,-11.43498546
-15.47960752,19.72621174,-11.09271772
-15.91518707,19.54470157,-11.8630412
-11.6038256,14.93860993,-8.61011131
-14.60350314,-11.48055351,16.92239735
19.88980336,-14.53078523,-15.20839762
-9.05605662,19.9302682,-15.29442259
-12.76559198,-11.13169844,19.39895242
-9.06661173,-11.89867023,15.11272378
-9.7300175,-9.34818419,12.32571384
-13.97267347,19.98704193,-12.79641537
-11.50452443,-7.94572385,13.68751187
-16.32217594,-7.90169898,19.51787254
18.85632973,-15.5873622,-11.74360369
19.49881346,-16.80604843,-13.71043001
-10.459756,-13.62970519,18.85267805
-13.29941361,-12.58749711,18.49462374
-15.20096424,18.97399992,-10.90113594
16.67773089,-13.39791278,-10.59130145
-11.5670503,17.0888119,-12.95535976
-7.55654901,16.00820991,-13.24948889
-11.30668121,-11.5549588,13.8706496
-14.94584776,-10.34072404,17.77884185
-9.59077687,-12.70705714,15.31292533
-12.71187852,-11.88982833,18.11373511
14.12305637,-11.3801637,-9.34435979
-15.97348653,18.96326984,-7.55022629
-8.3142653,19.12318165,-16.7835022
-12.48125114,18.85100592,-13.69679389
-11.42739742,15.35960485,-12.78655356
19.86945222,-10.85322957,-15.06170153
-12.80814075,-12.89905867,17.9597159
19.90576055,-15.93520057,-12.50236175
-9.73042107,-9.51727226,13.80491817
-11.19434579,18.91051832,-13.52652948
-15.9987635,-15.77019024,19.24298156
18.99241843,-12.90073403,-12.23461935
-9.74186285,14.42849358,-9.96829568
-12.00115582,-14.96577393,19.88202148
-12.78089905,-15.08223399,18.25829016
18.49847492,-5.26611744,-18.69007538
-8.60223619,-11.23084434,15.27228742
-13.46175898,-8.6155911,16.30238195
-14.61450026,-11.61794753,18.38426007
-13.68686231,-13.583778,19.86767936
19.3730432,-16.6525719,-10.54888974
-15.17583673,-8.83259737,17.96857469
-13.03514221,-10.26604182,16.08459752
-9.02453538,-13.92104767,18.37566076
-12.26676314,-11.02711879,18.13193583
-16.38030371,-12.18782758,19.74810244
-14.75960462,-14.38682453,19.54348187
15.60498595,-8.57546719,-12.86228686
-14.87506711,19.20589887,-12.67122141
18.73816845,-12.53142728,-13.28026019
-12.20559186,-9.62325044,14.41030646
-8.00322122,-15.22464999,17.726088
-10.56690996,13.42647587,-9.0305171
-10.32169673,16.45331274,-10.86666593
-9.21520021,-12.78552226,17.20781403
17.67263518,-14.91929216,-8.15494454
16.21879574,-12.53511044,-9.60475141
-11.76816346,-13.7224729,16.95084553
-9.57836114,14.23031612,-10.86473291
-14.02500108,-8.66212288,17.5605741
11.97510889,-8.12179799,-9.54705451
18.40258879,-12.59988115,-15.67567715
-12.82419531,-11.52273444,16.75817329
-9.7732796,12.75827372,-9.22285638
19.78782385,-12.68864647,-14.32375581
12.878307,-10.47534758,-9.59708134
-15.279684,-9.82295734,18.61294272
-8.26425885,-16.32506572,19.35956217
17.96163249,-13.64850987,-11.68368113
-10.89216681,17.15403048,-11.77498908
17.28735908,-14.52478955,-13.96760177
11.21085935,-7.82129243,-8.29161113
-11.50185013,14.69617577,-8.59019252
-9.214605,-12.80280677,17.17408061
19.76898119,-15.991253,-17.08090481
-11.75749257,19.47212437,-12.58647184
-9.23132299,-9.30239911,12.99514553
15.89237095,-7.01921813,-13.437237
-14.71562278,-12.41121956,19.63076302
-13.93649554,-7.61785839,16.58974565
-11.72942408,16.54296331,-9.54021748
12.67761975,-8.30465838,-9.90821951
-12.99827167,15.23163682,-11.14345196
-10.11099227,-8.98185841,12.64640743
17.48015727,-9.53289765,-14.8475317
18.19641252,-11.7941417,-11.1535213
-10.44177953,-8.96711119,13.00185869
-13.64750021,17.42076013,-9.97364728
-17.27294239,-11.09213177,19.48811784
19.14210231,-15.88551199,-9.43842779
-12.62732656,17.49785606,-11.85863113
-9.74664262,17.5618712,-13.11111786
-13.53999567,18.1501333,-9.62684315
16.32984926,-13.46457931,-10.27370862
15.10610114,-10.30423974,-12.49049225
-9.10417286,-13.07090525,17.56412019
15.47279919,-10.87582326,-10.30054656
16.08442112,-8.53500794,-13.83174724
-14.93413945,18.64363582,-8.48144349
-12.27938984,-8.75868656,16.27290204
19.45023888,-15.00888416,-13.38331365
-14.9762648,-8.23106788,18.46830302
-12.53237613,19.56807283,-11.77749454
-12.69010119,19.24766332,-13.70617487
19.71472423,-9.50310115,-15.78165147
-11.58016151,18.23783212,-13.76043858
18.63331149,-14.68167789,-12.98795046
18.6905941,-15.22984966,-13.59143504
-14.92034056,-8.30671651,18.42883993
-13.15202507,-12.6455089,15.57495709
-11.87327229,-13.63706203,18.20622109
-10.89545462,-13.52459853,17.30565639
-7.27055247,-17.08563554,19.89211962
-11.21354444,17.94604051,-11.82028113
-15.15429028,19.82914771,-11.5560375
15.58406735,-10.14609794,-10.54528483
-14.44731512,-11.77494467,18.33159986
-15.28587697,18.21327318,-10.97031334
19.17137975,-9.51558691,-15.61987453
13.98651615,-8.40497513,-10.30114535
-8.90291945,19.54343554,-16.06807423
-10.35321751,-13.19955888,18.96948287
-7.56937338,14.27928944,-11.35204653
-14.11030096,-10.93432535,17.58524816
16.97918324,-13.92818164,-10.47592244
19.29394811,-11.03498911,-14.03315363
17.9239579,-14.6364891,-14.33469781
-12.7465414,-10.19065372,16.84574796
-11.25175062,-7.8163105,14.67033252
-10.60138593,-11.90240474,17.29595421
-8.6615279,17.01790878,-13.8533074
-10.88050889,-8.25283894,13.68967438
16.97020259,-14.40458757,-9.23423221
-12.7565509,19.22416671,-10.93139155
-12.15658505,-13.43168733,16.77544577
-9.87424668,-11.91469364,17.0725253
-13.85281616,-15.13278363,17.46285666
18.34923861,-14.7511427,-11.1843182
19.43835406,-14.56232282,-10.39920973
-15.51721539,17.72432681,-10.91367018
-12.73475773,-9.09677058,16.58858601
-15.56441283,-10.93211566,18.51901217
-10.21908859,15.68287456,-10.25483643
-7.73188059,-14.52098829,17.13543125
-14.44435634,17.83294364,-14.46532855
-11.48722846,-12.54349869,18.35869527
-12.70208776,17.98367326,-11.95686883
-9.67081062,16.11125449,-11.55252232
-15.99715054,19.79965116,-14.73046256
-13.74229087,-14.58334281,19.73538652
-9.83769322,13.14979817,-8.83167968
-9.24068484,-15.72352157,19.47356712
19.38487245,-8.5797982,-16.4496747
19.68911905,-12.14562818,-16.49697036
19.8633685,-16.18885528,-9.32344639
-12.08060457,19.43168198,-13.93001776
-16.08301971,-11.07098904,19.5794565
-13.16732401,19.69468821,-17.39374883
-8.88901216,-10.06410116,13.70230135
-13.96593523,-9.23353908,17.36107123
14.27172923,-8.26663804,-11.51216003
17.51977217,-13.94345619,-11.14376651
-8.37693115,16.31696479,-12.63054762
-16.4616955,-11.89577992,19.76660588
-16.61324029,19.85911146,-13.36791579
17.63636795,-13.64525725,-10.5484925
16.20193013,-13.48329203,-9.26760233
-14.47304609,19.84631781,-15.8372776
19.45071502,-16.10691064,-11.65065636
18.43392332,-10.01438447,-14.56348454
-13.51094728,17.34776655,-14.34891579
-12.92892664,17.39549314,-11.98338411
-8.94407453,-16.38508988,18.990202
-13.40380755,-11.61671114,19.49977391
-15.88331167,19.13983691,-10.87026272
13.5214399,-9.52678931,-10.39087719
-10.80735805,17.68799286,-14.94754384
-13.09064044,-15.27866599,19.46820535
-11.48824261,-12.14750974,17.33284434
19.99185748,-13.5931041,-13.97765891
19.74501775,-16.7291398,-16.41746635
-12.04546048,19.39163643,-14.35622536
18.29384342,-9.67219119,-14.90234893
-9.70604623,-12.69903832,17.43563843
19.52630068,-16.73193389,-15.55131178
19.76491465,-15.03193684,-10.99472137
-7.31058663,-7.35887326,10.03216666
-9.52044103,-12.83448667,17.93407607
-12.00776495,16.10701868,-13.55000843
-10.47011845,15.95193008,-11.00358336
-10.40192992,-16.46792018,18.87921
-10.14218107,17.35091675,-12.43139075
-11.15008401,19.28732927,-16.7237074
15.80852191,-10.48591396,-12.44148037
-14.45147719,-10.08349966,19.08185522
-16.77744794,-7.52444646,19.71683417
-13.88426219,17.28619569,-12.10001606
-11.30122017,15.0577707,-9.37740159
19.56211807,-9.55983508,-14.83603282
-12.79196652,-14.79318989,17.82256497
-10.51472333,18.36866632,-12.26824292
-10.37865605,-11.30438173,16.68840259
-13.20042723,-14.23023977,17.35261503
19.5792861,-12.61872114,-15.54262323
18.33463698,-10.2519207,-13.29679857
-13.73070804,-13.4757849,19.19332495
-15.9122867,18.67053366,-14.77586239
16.90880184,-11.69203423,-14.27630009
-13.96392008,-14.60471206,19.12056028
18.61152475,-13.09846891,-10.93213122
-7.6139335,12.48025556,-10.03628974
14.81132758,-10.02517386,-9.19524271
-14.84991115,-15.23632098,18.51423374
15.55446607,-12.2544867,-9.96716668
-13.54064974,-9.99304342,17.52481935
-13.28116201,-12.98264857,18.56996676
-14.1510221,-14.72425675,18.95212759
-11.98802696,16.22492046,-13.05440273
-7.94826922,-12.85193178,15.95918446
-16.17314268,18.91383641,-11.36708221
-15.05962373,-9.91277435,19.16387751
-14.00332011,-7.80109971,16.57213995
19.13727811,-14.39427031,-9.86827039
19.44251056,-16.52820207,-9.39110894
-12.69710088,-14.47504691,18.17874801
-10.74161188,15.73671502,-9.59176427
-14.28060727,-12.51118587,19.59219004
-11.72962113,17.69838773,-14.46923648
19.43973567,-11.86083412,-18.4904619
19.84890496,-16.49903307,-17.22693965
-15.6466744,-11.90173335,19.97392726
-11.43287804,-14.58104687,19.39620171
-12.97884278,17.85255328,-11.75739404
-13.98294812,-11.05495543,19.60838956
19.95077896,-12.59387696,-15.73022855
14.80470367,-10.95197842,-8.36424876
19.89543549,-17.10749969,-13.85367369
17.43837722,-13.68294697,-11.36992381
-15.61981175,19.77595336,-15.86420113
16.66884072,-9.81170991,-13.55212439
-11.50056699,-8.88710554,13.94557404
-15.18608005,-10.46807605,18.46275244
-8.71211376,-15.32401521,18.57393091
-12.40498866,-11.922945,18.38437734
-15.41935718,-11.20756746,19.34577108
-13.54968179,-10.09555027,16.53986964
-14.83055726,18.58957366,-10.7003003
-17.24955122,-8.68452618,19.86451767
-13.64372775,19.12110212,-12.7634491
16.57233291,-10.32858433,-11.19678427
15.05738519,-9.01899255,-11.59990042
17.30683441,-13.24507876,-9.13545186
-9.89415406,16.43107971,-12.80307696
-10.30839959,-12.18829229,16.62324753
16.26454531,-8.38862791,-12.71873475
-12.44812509,-9.04167235,15.35931414
16.9815697,-14.44141308,-9.13897463
-16.80735146,-12.98304257,19.9345872
-14.1325429,19.80182542,-12.1812648
-12.39699483,-9.39940023,15.86399756
-12.13939436,16.82503305,-13.30628811
16.72674687,-7.33252623,-13.79320131
17.60144722,-12.91066184,-11.62922401
-15.27448853,18.36461779,-11.07089236
-12.49642085,19.35631743,-12.97748238
19.3203346,-15.20968372,-15.70212466
-8.9457,-12.58540658,15.62476863
14.94364208,-11.77666734,-8.96942497
-16.71985167,19.81615805,-9.02643583
-11.17330946,17.25302314,-12.65346735
-10.95591707,19.95812929,-17.05583447
16.22635653,-13.57377748,-8.990864
-12.3655733,17.21227535,-10.75148787
-13.95166584,-11.04367853,16.85685995
19.44586788,-15.56506059,-12.04806251
15.43632255,-10.75758295,-11.71536167
13.17358584,-10.36036691,-9.55778635
18.91138146,-16.30953287,-13.25397965
-8.97975988,13.301057,-9.18246577
-9.22159407,-15.00998559,18.27534288
-15.14918758,-11.8474816,17.37190742
-11.16787221,17.49074736,-11.50186266
-16.70209922,-15.83303873,19.96643845
-10.75205871,-7.80860365,13.41095105
-14.1999316,17.76275535,-15.25543008
14.53321323,-10.705273,-9.11377692
-15.92774095,-13.45119971,18.99273792
19.74163519,-12.23910024,-13.89776166
-12.97866595,-12.74267928,15.42987206
16.27908705,-11.81370491,-9.23879123
-13.75816179,16.26356645,-10.15253228
-11.11876847,14.52922942,-12.01267131
-15.69705342,18.63193413,-12.73912266
-14.97957593,18.85835764,-10.0231254
-13.10164775,-13.59356947,19.58012866
-11.93459579,18.16465697,-14.35293667
18.45767385,-11.70913762,-15.62160312
-14.62803652,17.51802458,-9.1790948
-12.84841017,15.26583823,-8.18510162
-12.77427717,16.04119622,-10.1783385
19.82280294,-14.81489316,-16.42784954
-13.78681985,17.39930639,-8.98012846
-9.70993757,16.82858023,-12.8062214
19.69534627,-11.03406358,-14.85914767
-9.51937582,-11.03731276,15.06002215
-12.90061554,-7.5305313,15.23977912
-16.29284995,-9.75198027,19.18518231
-10.67205599,15.89868015,-12.33896175
18.75764329,-14.54845038,-11.01135762
-10.52028326,-11.07549233,13.61953995
-14.38846083,17.39822045,-14.78326187
19.56510541,-14.83676049,-11.32418713
-10.34609299,-13.07576839,17.12235786
-10.27415205,-12.15248145,17.39119735
-14.30242963,18.75130668,-12.6435269
18.81018376,-14.9418734,-9.18994519
-12.2463398,-14.05864482,19.06467253
-11.93008525,-15.09150772,17.73975738
14.17711522,-10.98207268,-10.42319524
19.37153331,-9.57211381,-15.47009448
-15.39420331,-15.91789587,19.44817921
-8.90574101,-16.85450804,19.56392686
-10.08123304,13.25373148,-8.89955077
-12.23999791,-12.83016698,17.87820886
-10.84376099,16.75543029,-12.12399897
-14.29331058,-11.56994754,18.78544961
-10.64576209,-11.55451367,16.48505249
-12.00915035,-12.02251755,15.28930581
-9.51890984,-11.33859154,13.6293538
-9.61094272,-15.40364783,18.82385561
-15.19813596,-10.3284368,17.94706606
-7.5195689,13.66918102,-10.61623488
-15.94561667,18.95090551,-9.69263903
-15.36099555,-12.29098719,17.83031415
-16.85447628,19.33629975,-11.38261561
-13.29564564,16.69413875,-11.55390429
-8.33419838,16.13693325,-12.49675681
-12.22185823,-10.0658866,17.33281764
-15.43120534,-11.28795979,18.25524477
15.97931729,-13.73815513,-7.76249622
-15.34125339,19.86513021,-12.52548499
-8.49466741,-7.84907631,10.71771928
-9.7201233,-11.81702421,14.40415443
-13.28716743,19.20947517,-13.02714677
-10.86250542,15.71778502,-10.16402139
-10.95316464,16.34592131,-10.44359317
-15.53703316,-16.10606571,18.49574663
19.63479117,-13.69248439,-12.97437204
-16.67892952,-15.01861863,19.36891071
12.90299106,-8.81422681,-9.01913875
-11.65952202,19.94522939,-17.09660087
19.75595642,-15.83323858,-8.31785614
-11.04751198,-12.87323867,19.36658195
17.7888976,-11.50021462,-14.23294958
-15.49943965,-7.14421213,18.09168211
18.88181503,-12.77438215,-14.25484099
-17.4915836,19.98729129,-14.97089155
-8.90331488,-11.74676201,15.08064531
12.32093225,-9.93713761,-9.76063873
17.90745129,-14.90749982,-11.11761058
11.90849836,-8.73881503,-8.98056978
-14.94750974,-10.00914202,19.62882534
16.67549489,-7.70413896,-14.16196422
13.55224956,-11.1355996,-9.49674026
13.61846605,-11.27586368,-8.49611998
17.71443347,-15.07722183,-7.66058273
-9.21976057,-15.83780936,19.72568066
-12.10249117,17.34719789,-11.86787431
-8.41408187,-14.42812344,17.11579955
-9.77931488,18.8233603,-16.40806011
16.42282497,-12.24715733,-12.70651254
18.65904151,-11.67042956,-14.77499822
19.39683635,-15.49621095,-11.41585328
-12.77356573,-9.40801255,17.3161814
17.00436185,-7.337276,-14.16636468
-11.0826624,18.70285465,-12.69045659
-14.45346075,-9.71129026,19.52716727
-9.68828922,12.5982141,-9.92946596
-9.0781585,-13.24615268,16.8690907
17.18592121,-12.37373245,-12.29970023
-13.9162455,16.27473413,-12.40885928
-14.22004824,-12.50320521,19.51104569
-13.3568672,-16.06828258,19.44941621
-17.32156596,19.54794487,-13.17602102
-12.02553232,-11.09927035,17.35236201
19.76585289,-10.84388907,-17.22536452
-15.40780972,18.39474215,-12.61187981
-14.65702255,-8.86109844,18.88394504
-11.97045748,-12.41062864,18.64633889
-13.92018051,-8.77837089,17.45366195
19.13018252,-14.95950362,-13.91887901
-8.8876036,13.87311142,-9.74642471
19.12753104,-13.95257286,-14.3497632
-14.95355934,17.35959815,-11.84005499
-12.46866857,-10.95893517,15.49519556
-11.7387526,-16.39015908,18.6835629
19.06845076,-12.34513843,-11.4586863
19.44409619,-13.86334782,-16.34891573
-12.81563263,-10.95253813,18.77594263
16.41214076,-11.80418151,-12.90067279
14.33953975,-9.37059337,-10.43838014
18.68736507,-10.12702721,-16.01381462
-12.12439287,16.72944677,-10.08959236
-12.93492182,19.38694271,-15.22277544
-14.94530043,19.44196219,-13.19328274
-9.60536331,13.66124412,-9.70127553
-9.96308895,16.64157085,-13.92580357
19.03889888,-9.73782078,-13.87064684
-9.38239832,14.94714434,-11.94803612
-14.60590593,17.52853517,-13.08917095
19.07710764,-12.98074978,-12.49317556
18.95978666,-15.91726522,-9.89905715
-14.45089083,-15.72615723,19.78521607
-8.3473924,-10.61966557,14.14111446
14.046669,-10.49038736,-9.41743266
-10.27105866,-15.07834984,19.38789219
-15.23265984,-13.68450783,19.00793952
-11.14799915,16.74028848,-10.26339871
-10.32729645,19.47148452,-16.17083182
-14.03376771,19.91465007,-10.77320626
17.77800873,-12.1498828,-13.03422719
19.2239429,-13.27910448,-15.57864778
18.20065386,-13.07463791,-13.43333493
-14.08364278,17.37145362,-13.72893947
-13.46249911,-13.00237407,19.2391691
16.15352423,-13.81265937,-7.55644735
18.96151722,-12.7925214,-13.31510874
19.81620226,-13.52794683,-11.68395084
-12.14809839,-11.18321387,17.06882145
17.23928671,-12.78633179,-11.92095646
-16.14186151,19.22240328,-15.25219358
-11.2706434,18.67909262,-13.29582262
-12.01101161,16.42632917,-11.77520883
-13.58595371,19.39776837,-16.22819315
-16.76145893,19.81891478,-11.98454337
-16.78609179,-14.21395588,19.6821247
-12.6572888,-9.15954104,16.77087045
-13.2762444,17.12040436,-9.80969844
14.48624599,-6.98021112,-12.17490641
-11.65569276,14.43983464,-8.25934411
-8.66803283,19.64979581,-16.39210636
-15.31969456,-12.38529657,18.82417743
-11.02508278,-15.94450812,18.80381796
-11.16170956,17.10000931,-14.37545051
15.33854736,-12.72698427,-12.22809253
-9.12234472,-14.34703925,17.22924904
-13.48076182,-10.13191101,15.86203022
-8.17935264,13.7840457,-10.79406761
-13.54064941,-13.32175006,19.34691759
-8.37562559,14.95655024,-12.05145546
18.69225687,-13.21287256,-12.94989012
-7.85557203,15.46800376,-12.62352878
19.79395664,-12.80594871,-17.211976
-11.86531344,18.26450749,-12.66357543
-12.67770191,19.01020177,-11.7100753
-13.15058306,-12.66316005,19.67643802
-15.79699621,19.12642481,-12.42850103
-10.12747424,16.2672808,-13.67322656
-10.57861235,15.8888805,-12.83793169
-12.1616184,-10.95757118,15.45895616
-14.82795528,-10.50274231,18.99234842
-12.55146087,19.03478574,-14.54953237
17.35196001,-11.69929556,-14.2898404
-9.11491294,-8.71676047,12.79341945
-12.98712162,-11.63736957,19.83418993
16.57274376,-10.41838676,-10.90707274
-9.79851457,-10.13228814,12.36952312
-16.21359379,-12.59481701,19.45178294
-10.10413541,12.50180193,-9.84914088
-16.21915471,19.23956132,-12.89789483
19.38202328,-16.31729993,-7.56013127
14.45882602,-8.60834081,-11.36558151
-14.52759647,19.51618127,-12.50046096
-13.04689449,17.40408149,-12.51537954
-10.04281757,17.97042741,-14.40381495
-14.056258,-12.87151898,17.09904065
-9.62792136,13.16084339,-8.14033679
-13.30584,18.36265935,-10.91085454
-9.76813025,15.12189718,-10.22299827
19.19300896,-7.82468025,-16.32843969
-16.50093375,19.05847629,-10.31388526
-12.73638726,19.96329078,-16.98396071
-7.76983624,17.37632449,-14.30612976
-8.95475729,-14.6008604,18.16945112
-9.0766115,15.42013048,-11.88181831
-15.76339368,18.68706074,-11.6082049
-15.27589815,18.33337943,-10.51073259
-15.15743727,17.44132432,-13.54123667
-14.31276293,18.21169125,-11.71317913
-11.58427798,-12.74403219,16.43800595
18.5000017,-13.54024463,-14.39116551
-9.65687782,19.30486352,-16.64853124
-12.45031444,17.6215247,-14.02985336
-13.87571384,-10.6555955,19.52743713
-13.7408996,-15.00538996,18.54274283
19.41870411,-16.03876876,-11.91647384
-11.52540148,16.83259166,-10.7743731
15.81418806,-12.15781395,-12.2148641
-8.11337548,-16.02309006,19.72516817
-13.20294962,18.11516894,-12.20225136
-10.72807395,-13.6905557,19.07330672
-15.40102322,-9.76842546,19.46266524
-10.74897163,-15.00282294,19.86593888
12.91248862,-9.75722564,-8.64597869
15.85946562,-12.49171693,-10.00336406
-15.79279025,19.94538446,-13.55333559
-14.13052149,-12.51095368,17.87370011
-7.92316677,-14.02848561,17.51806842
-9.64281206,12.77357226,-7.70613054
18.99416371,-15.42853156,-16.20084268
-8.68106739,-14.44210496,17.78217824
17.86807976,-14.40264521,-11.51179784
16.63349903,-11.09204499,-12.94039585
11.52877358,-8.36607092,-9.18360029
-15.98253323,-15.00133475,19.9807698
-13.38597934,-13.32159405,19.57856395
-8.94792644,13.09630563,-9.95371987
-11.3201075,-13.77544889,16.20038813
18.48571707,-15.94771389,-7.01321005
17.95614692,-14.79164063,-7.67723472
-12.86754834,17.57518116,-9.54631984
11.04482693,-7.17499728,-8.66845118
17.5031086,-13.74073505,-12.72248012
-11.01057185,-10.08053891,15.01650833
-10.27273616,-16.26333063,18.67437051
-14.98405864,19.34128466,-14.74031609
-12.48066413,-11.114429,18.91998679
-12.51555524,15.58864255,-9.02211798
-10.4386131,-13.31907524,18.48638516
-9.12474626,-12.02754626,15.86936993
17.68088522,-15.25433598,-12.03926033
-12.52958478,19.13852931,-16.27513775
18.52024695,-15.99944336,-13.53854902
-13.82821653,-9.60524287,18.79395349
-8.82799214,16.86354841,-13.00193485
16.92149476,-10.77324036,-12.09972046
-9.90064136,-9.2509046,13.81255107
-15.31096098,-15.14330705,18.44650002
18.15203523,-14.9383665,-9.00229251
-14.67285305,-11.95900561,17.31470112
-14.96157338,19.79715626,-14.32605877
16.93030201,-12.75336415,-9.95280057
18.10730605,-12.15019509,-15.32346099
-11.86415032,17.96951541,-15.61109032
-10.75153419,-10.35993805,15.7851014
19.48839485,-16.37305364,-11.5023589
-13.27545123,19.63660935,-13.34895808
-15.46873581,-15.39427353,18.3571353
19.46756489,-15.63409993,-11.33416088
-11.91048941,18.81440083,-13.72605029
-14.09427367,19.69820112,-16.72532542
19.03950219,-10.5516882,-14.88643219
-12.67503777,18.41202909,-11.44206101
-8.7108074,12.64119407,-9.02634469
18.81807477,-14.10358393,-13.33923796
-13.63662479,-14.25976348,18.00219364
-9.0793344,13.32732519,-9.59819191
-10.59500007,19.09905983,-13.45260779
19.4397578,-14.76325107,-13.72895608
-15.20257554,-14.67920263,19.05721831
19.7897714,-13.88872126,-10.31962138
-13.66458746,16.37258939,-9.17830384
18.17383353,-14.31157583,-9.70749138
-14.60962604,-15.16459352,19.13344318
-13.34965717,19.29361675,-12.61198775
-8.98646626,-15.60034204,19.32676625
-10.81510398,16.55341844,-12.70424705
12.92485004,-8.16264325,-10.69400381
-12.85913041,15.79794424,-10.68313179
-15.03885704,19.48174119,-10.47442159
-14.37186699,-14.1406458,19.6796814
17.92265614,-11.76795192,-12.30129087
-9.72374591,11.99967223,-7.19022622
18.75411416,-13.28622135,-11.59468436
-13.52094756,-11.15019204,18.20782927
-12.63263256,-13.44760224,19.09255509
-13.30002024,-14.98854371,18.10703061
-10.64430471,-12.49534076,17.58170425
13.58068936,-9.64152407,-10.15629772
-13.1672921,18.13770229,-10.53710236
-11.61508472,-9.60202553,14.24051427
-7.38342153,-10.79203251,13.41563457
-12.80889857,-8.7874122,15.06911749
16.66174684,-11.76250591,-9.4478648
-10.31608504,-8.44448458,13.5438662
16.43581127,-12.82492892,-8.17371807
-12.02504399,16.10343021,-11.08163717
-10.19008132,18.96369921,-14.47863421
-12.46521946,16.15756017,-8.36738766
-10.3690831,-8.36566459,13.64723243
-16.04942272,19.8821257,-9.20427883
14.52374939,-11.31117097,-10.57909096
-13.00777626,19.03813996,-11.64071045
-12.57614783,15.74312101,-10.89215878
-7.8341845,18.16201487,-14.73850927
-11.96099822,15.62017331,-11.08577245
16.59487101,-11.74600171,-13.52128039
-12.58594509,-15.48739506,18.60585222
-10.99500832,15.73420614,-10.56419576
13.28231814,-7.44093807,-10.3019058
-10.89482931,13.76631834,-9.7942949
19.74551802,-15.38754449,-11.18100925
-14.94226533,19.63583181,-13.65642668
18.56721692,-12.93439545,-13.72903828
13.94436314,-10.20824272,-9.23758381
-14.37026797,17.534282,-12.36354552
-12.06130467,-11.66084468,16.15723314
-8.49985329,-13.13954093,16.06691928
-12.52342573,18.27970522,-15.32134266
-11.67328391,17.3308298,-13.3395439
-8.60598787,-12.41200389,15.32019117
-9.24957489,11.96001753,-7.49947064
15.72084075,-9.40263704,-10.77974807
16.88166134,-10.43374327,-13.12181452
19.28092245,-14.67104116,-15.30440466
19.72289212,-16.67531272,-10.25314153
-15.2957146,-15.94261016,19.26521742
15.17500049,-9.2536887,-10.74460613
-14.34586211,-14.85608666,19.37402632
-11.46464799,18.18047165,-13.17328166
-14.18481809,-15.54347173,19.45773077
-11.14447714,14.16433213,-9.72897158
-13.79867282,19.46837886,-15.84599256
-15.70019679,18.7973675,-8.46903132
15.10448061,-10.04395,-10.70875437
-11.9795703,-14.30927539,17.36924783
16.83672795,-11.54056774,-9.96712838
-9.93117111,19.5341659,-15.72351805
-10.3998607,-12.72444507,16.07214012
18.87943534,-12.43845509,-10.95374841
-13.36430139,-8.41938878,16.04340892
-12.87329556,-12.34359061,19.97366026
-11.62907968,-11.96223546,18.00285167
15.15034286,-9.97781783,-12.51796051
-12.04804096,18.9838364,-12.67537586
-14.29487789,18.47952949,-10.5800262
-8.31593369,14.0308882,-10.97019564
-11.49058212,-12.27073586,19.13704259
-11.11575759,-10.26929453,14.67355604
-15.40057051,17.95245081,-14.31907097
16.86182597,-12.82046338,-11.02927696
-14.18053535,18.62010748,-13.30347248
-10.584316,19.95359334,-15.70760914
-9.33485169,-16.28992092,19.5485597
-11.68012258,17.42733066,-13.49164624
-11.73536803,-7.47330703,14.03492636
-7.75454839,16.4549237,-13.37904757
18.02122435,-11.37510121,-12.14616425
-13.90446177,-11.66834762,16.59544986
-13.85379947,-14.26476568,19.16905169
-7.87189745,18.97709681,-15.96913787
-15.66319351,-10.12212884,19.09129837
-14.04622049,19.17762498,-13.32359647
-16.67922214,-8.0763787,19.71663498
18.23122009,-15.04036824,-12.49065289
14.25197032,-11.58604881,-8.39917073
-15.61383322,19.79497548,-13.28665998
-9.08932165,16.75415012,-13.23172662
-11.60359961,-12.58382937,19.65450266
-11.82936175,-15.38865967,18.6938027
-12.41928567,-11.65554428,19.39029668
15.39865743,-10.84568068,-12.42693352
-15.85404584,19.3106145,-8.38819114
17.06500696,-8.6260416,-13.92330543
-11.02427575,-10.50343126,14.83073348
18.29127658,-14.17899984,-14.65202551
17.15836986,-13.40820345,-9.75211889
-15.29470145,19.82891015,-11.75941162
-14.71645473,-16.8885668,19.79494405
-12.46860143,-10.53765756,15.84451736
15.93156859,-12.25752562,-12.06265787
-15.01038038,17.3991256,-11.21317503
-13.99953178,-11.12747665,18.6525391
-16.56812906,19.88599296,-16.1468247
-12.11818408,-12.78544429,15.38625787
-13.88153256,-13.85732969,19.64609759
-15.09809365,-15.94668243,19.40954608
17.78624622,-7.50662171,-14.92440196
19.78537857,-8.13671556,-16.86021809
-12.2048179,-8.84330724,16.24011783
-9.49614479,16.32618532,-11.6664407
-17.07401127,-8.04917797,19.48033154
-14.30046374,-9.50627144,19.00833144
-12.54151049,-12.06866362,19.4966307
-9.6319978,13.22629952,-9.53272858
-12.05141841,18.0346777,-14.83606032
-15.15048873,19.05195781,-8.87417661
-10.76717067,-8.07079591,14.15690003
17.46200967,-9.79856897,-12.48923383
19.34868937,-16.60757677,-12.70627846
-11.87415709,-15.05909571,18.60386976
19.76775265,-15.21679841,-15.24852436
-9.84718292,19.95736447,-15.37921838
-13.70225448,-14.17627549,17.07318721
-12.14530499,-12.3702004,16.14878525
-11.00973921,17.19276858,-14.31938526
-12.40465238,18.14848177,-15.07322029
-11.77334735,-13.50851155,17.72718515
-10.79884748,-13.71232863,19.00561069
-11.66062264,13.98644426,-8.61317723
-8.01171239,-14.92311679,17.82970977
-14.92120584,17.41259187,-11.56405168
19.16008834,-12.60237149,-11.89507672
18.98113943,-13.19597073,-11.38519052
-11.18748613,-18.84317825,19.35900836
15.06468654,-8.80406393,-11.28723779
-8.4969362,15.49550672,-12.28609309
15.30546869,-11.35302941,-11.70826978
-12.25741772,-12.40951417,17.05641695
12.11778107,-9.43419866,-7.14127805
-15.82348263,18.18118702,-9.03903061
-13.02530275,17.95172467,-10.25698045
19.66349225,-14.25510313,-11.24015644
19.02021757,-11.04149032,-15.50354723
19.04401847,-14.25892383,-10.77498167
-10.88797208,-13.36833234,16.11277688
-11.58438022,18.40471158,-13.94905218
16.18044817,-12.11089082,-12.54854153
-14.02437046,17.99528509,-12.97588506
-16.64243993,19.91416855,-13.14708724
-9.71074405,13.33757429,-9.48242427
-14.73180344,-13.74045736,19.56954327
19.07548616,-15.46777581,-10.03608149
-9.21504166,19.0399119,-15.03050241
-13.77083771,-13.37959084,17.51568573
19.88119641,-12.77274965,-13.88380969
-11.0989075,15.09688928,-11.62455682
12.75953827,-9.5248914,-7.70637439
-10.92791972,-13.75776618,17.42859753
-13.32727531,-12.78525316,17.1187771
17.2187,-13.90355917,-10.46100529
-12.92711361,-11.33513746,16.89453809
-15.7614342,-11.48755857,18.48474636
18.5885261,-16.33235839,-11.25338606
-11.00723226,-10.66552785,14.36051523
19.06037484,-13.96618462,-13.54444822
18.39869477,-13.67716608,-10.4733141
-8.04238053,15.44114377,-12.38987455
-16.27991778,-9.03373278,18.82274703
-13.56995611,16.3116738,-8.88811713
-6.88173614,-11.3456031,13.79417751
-8.8916488,16.15749315,-12.27280326
-11.34193636,-9.2355948,16.03776197
-16.41602377,19.24636937,-8.02107531
19.25995109,-18.41630556,-8.39118869
-10.74873401,15.55177799,-9.2382265
-12.56762951,-9.41008732,17.25955627
16.40249256,-10.01541616,-13.3113161
-10.97880174,19.77811393,-14.04468596
13.35235569,-9.12838813,-10.23436827
-10.25172536,14.47019356,-11.15049443
-9.29123172,17.41441633,-14.41493781
-14.89052223,17.91381449,-14.15280836
19.35764334,-16.89612319,-7.63759505
-9.4492901,-14.94112164,18.33350595
-10.20418542,15.94226304,-10.60339474
17.03897203,-10.32927324,-14.09320414
18.70874931,-11.98015098,-11.48551993
18.07389872,-14.21027448,-11.4743189
-11.4694235,-8.74126382,14.79325324
17.20728016,-11.39487432,-14.14899858
-11.66415809,-11.59831124,16.80875765
-12.68763073,-7.48014959,15.40362814
-13.66692481,-14.18590235,19.72036124
19.78866367,-17.55461637,-14.23300493
-8.90104139,-15.44961818,17.98410851
18.58037865,-11.92649244,-12.35538282
13.4348569,-7.14974439,-11.07673555
-13.06263998,-12.36862322,18.96667505
17.51308937,-12.47540608,-10.41115306
-13.82467751,-7.85539924,17.20600533
-9.24746196,-14.80802275,19.53395779
17.379836,-13.43100813,-10.32795002
17.34548974,-8.02946991,-14.27113764
-11.18537979,-11.05614058,14.48704864
19.744267,-13.22060024,-13.37485108
-11.98119858,-9.18708483,14.40847681
-10.49839292,-13.5045612,15.80452414
-13.63385274,-10.95259035,17.20957019
-16.77776548,19.75486986,-15.17192967
-11.53554372,18.34114413,-15.00155857
-12.88019852,18.73581679,-13.96079289
-7.05376003,16.83523467,-14.43257674
-13.15354394,17.66848648,-9.2339397
19.16864633,-12.70825603,-15.79316404
-11.74066618,-15.05684083,17.43632645
-15.06476912,-12.19740687,18.00562796
-9.83441738,16.52192368,-11.70338329
18.9571907,-10.9302022,-14.00816062
13.58627063,-10.0050049,-10.22584405
-14.0463327,18.95724341,-13.30133755
17.73725026,-12.19018121,-13.50476525
-12.43584048,18.96709622,-11.11589635
18.54035481,-10.1141802,-15.53799215
16.66260855,-12.88858649,-13.11515923
18.47480128,-9.34858451,-19.33717208
18.93853924,-12.5693319,-15.63623941
18.85257039,-13.56977578,-15.11041859
-14.1057296,-8.19981408,17.08962457
-7.99006202,16.34648542,-13.20480946
-12.23908306,14.59358258,-9.77939677
19.10392563,-14.86377867,-15.10702574
-16.53273236,19.95358845,-15.12621604
-13.58733108,19.27736786,-13.39642021
-9.32908932,17.89944948,-14.06713283
-7.84126065,15.70371675,-12.98945987
-14.523723,-10.01956591,19.36504149
16.91145661,-14.00556678,-8.73214216
-16.81621786,-9.85703267,19.91958487
-13.83159689,-14.86455918,17.35639009
-12.37577906,19.82508379,-16.4673095
-13.45347125,19.40371863,-11.32304133
-13.63199399,-15.10220941,18.46575816
-8.79189805,-10.43769812,14.22694881
-13.23003472,-7.29983818,15.73915485
17.31125641,-10.16699068,-13.77700241
15.00760862,-11.44076712,-12.19436881
-10.1606586,16.67760833,-13.02684423
-13.20279943,-11.8453035,18.23993843
14.59251936,-12.21509109,-9.9284572
-12.07962867,-13.22041352,19.68210898
17.16785234,-11.66140513,-14.50070987
-14.86903557,18.2594863,-11.30555104
17.99066984,-10.92695127,-15.33994704
-7.91771333,-10.15394996,12.91343295
-9.53884374,-9.73752531,14.45369104
18.45644933,-16.10702675,-14.70485077
-13.44765181,16.46750915,-10.00642257
-7.97288588,16.91149206,-13.42699424
-8.5490413,-11.45652086,15.16366928
-13.8873132,19.89216952,-12.93318451
-10.24076572,14.34712326,-10.96457341
18.40351945,-14.48113812,-9.66872183
-12.23522223,15.19447937,-8.26528483
19.64553563,-15.61264141,-15.32799235
-9.19358571,-6.93931235,11.45116684
16.30907584,-10.13596744,-11.80856541
-12.90170612,16.16827843,-10.54437038
-9.29741034,17.19845151,-14.49328583
-8.6194444,-8.84980829,11.52943097
17.27329029,-14.37286868,-9.07386747
-11.64481256,14.04652363,-8.91478464
18.47798606,-14.47447586,-13.99961347
19.26132926,-14.14731988,-11.06076815
-15.85363752,18.1046673,-12.40565049
-15.07788257,-12.05241208,19.49060198
18.06379741,-13.44141955,-15.64578381
-11.62503146,-14.28873831,18.62718648
-11.75438276,14.46503164,-9.2344223
-10.41585188,-10.66982832,13.86364166
19.00544735,-14.9523289,-10.70391499
18.6755188,-15.11421692,-8.08209294
-14.21641243,17.72712789,-15.06008247
-11.27137316,15.59824242,-9.70579707
-15.23299665,-8.86016319,18.57874619
-15.78360828,19.95819203,-16.63927124
19.95172157,-13.58000058,-11.96192056
-10.85398418,-10.33660334,16.18216027
-10.00036157,14.29025425,-10.74061147
-11.82507244,-13.64106339,19.62083798
-9.84936364,16.38075645,-13.37635815
-13.42101173,17.42641768,-12.08796801
-14.62769508,-10.88404778,18.50035845
-10.2851449,-11.55767479,16.65807494
19.67620399,-16.06007058,-13.72752498
16.6783802,-12.61153532,-9.32852225
15.01391213,-9.72380723,-10.26921369
-14.98257387,18.54636445,-14.58113449
-13.17003335,16.5159604,-12.76422377
16.3775756,-8.98484246,-13.31374933
19.04508697,-12.51499109,-12.28369833
-9.50511111,19.50702286,-14.94942684
-13.28207658,-7.20384441,15.87919979
-8.69839424,-9.14989839,12.30995904
-10.73477943,-13.3359509,19.22038123
-7.81818031,19.03904906,-16.02036633
-8.61120287,-7.80106694,11.6820749
17.64015359,-10.236456,-12.47575878
19.40620333,-10.18077042,-15.60877546
-11.86071036,-14.82524843,19.81827405
-11.62421731,15.47992738,-9.70727974
18.18977813,-13.23099918,-14.51495037
-15.48869324,19.63748981,-12.22303072
-14.48548946,-9.68328371,17.6582028
-14.74230873,19.75265253,-16.49133182
-11.94843776,18.38630716,-13.53026562
-14.04382169,16.69035648,-11.71696469
-7.4667384,15.04248163,-12.57423027
-13.24800871,19.19744885,-15.82516265
19.74830566,-14.95994609,-17.2390253
-14.11868191,-10.02415407,17.5168011
18.3535,-12.02732841,-13.77130408
-10.16810377,-7.64349542,12.40481812
11.97643592,-9.77651003,-8.59186938
19.70431051,-10.94602524,-13.58770625
-16.032472,-8.90481534,19.60069291
-8.39268728,-7.99182338,10.98268286
18.42091695,-15.06117639,-12.76509549
-11.60735533,18.84104438,-12.71995765
11.22882839,-8.06449615,-7.64808653
17.71933595,-10.42789821,-13.72292609
-7.66267344,-14.79622513,17.45063147
19.63799364,-15.68315125,-15.70590134
18.5119874,-13.03071354,-15.56527422
-14.27522601,18.37852253,-13.10221739
-12.62091907,18.30179815,-12.61761434
-15.27750374,-11.11057383,18.78968541
15.26413124,-12.32523501,-10.24024653
-15.57522458,18.57077843,-12.24310523
19.28965422,-16.51576685,-8.86073749
-8.5772667,-8.00097106,11.52766693
14.1266564,-10.7170901,-9.21458378
-9.22598268,-8.05477646,12.1621371
15.77407906,-12.70897749,-10.88159747
-12.13054795,15.55663719,-11.17384388
-15.49580317,19.46718328,-15.40202056
-10.79522223,17.26635024,-11.32806488
-9.77291053,17.73687465,-12.4275624
18.34396304,-13.91633573,-12.32589563
-11.87149869,16.52897938,-10.63869632
-14.12616198,-16.23984779,19.28910143
-13.8918635,-10.24439722,16.38940161
18.98222561,-14.31056269,-10.08187127
-11.22275896,16.72472487,-10.16215558
-13.36240731,17.23349441,-13.05687433
-11.60626151,-13.18330294,19.44199228
-11.55482947,16.91707885,-10.14752245
15.5344589,-13.15652688,-11.95751954
-10.59164898,-14.83425312,19.60547039
14.60444304,-11.89621328,-8.04850497
-10.97185149,17.92545639,-11.48021883
-9.23259088,14.75620306,-11.5119486
-8.95546688,18.83807601,-15.97019705
16.56343545,-11.35755007,-13.4401104
-10.65969021,-10.6771107,15.64617587
-12.28836932,16.65038743,-13.77363978
-13.2680678,17.70841708,-13.7745913
-9.53483885,14.46949752,-11.00081282
-12.06340273,18.19649828,-10.74846267
-12.62783062,-10.49329414,16.92657145
-11.24819068,-13.47201706,18.36936209
-9.52517734,-12.85284088,16.63050086
-13.99791545,-14.09550577,19.21597352
-11.50679803,-11.28625094,17.54452151
16.58492774,-10.92708369,-13.9632913
-9.81389158,-13.92033396,17.54955055
-12.89236828,-14.44065597,19.00290751
-12.16880126,19.06297859,-12.17734207
-13.10588032,19.5657067,-14.8197495
-13.9728826,17.25572188,-14.38855352
19.53419271,-10.20484877,-17.07753927
-14.32957913,-12.51659355,17.87830347
-16.52846152,-15.18376743,19.98458097
19.70603782,-8.20914788,-16.25729095
14.88393594,-12.16255733,-11.60912472
-9.90265159,19.94134976,-14.67098512
-16.20477718,19.31528764,-10.48529915
-12.50723027,-12.83260129,16.59162594
-13.84814185,-13.4061145,19.25733425
-11.0520481,15.9494475,-10.00948317
17.00167144,-9.21741396,-14.69451797
-12.94626414,-11.63896461,19.91148309
18.07835099,-11.4827239,-13.03135699
-14.58237885,18.48899577,-12.53084739
18.97697615,-13.02805053,-11.50349296
-10.76810953,-10.69605755,16.73995381
18.27222896,-12.9719801,-14.06862389
-12.65016639,19.27453199,-13.99427072
-9.36553429,-13.16634213,16.064194
-9.77241606,15.7932453,-10.86693975
-14.01411086,-13.0348894,17.50411831
-15.33317713,-7.58961436,17.75684762
17.32193514,-11.91118903,-14.35722662
-15.60157412,-7.86641301,18.66654387
-14.6966266,17.56596598,-7.27870991
-9.29490413,18.25688181,-15.40064812
19.9079271,-9.11066744,-17.16025775
-15.13937181,18.72543504,-11.65112301
-9.97382199,-8.96264963,14.34333139
-16.66499783,19.61771248,-16.17321512
-11.63494855,18.72714638,-12.37941016
14.25197581,-10.8508069,-10.21452925
-7.0167037,-12.50221862,15.08400199
18.03071317,-13.4401633,-13.97483889
-10.95781475,14.11523608,-11.37000404
19.53206209,-15.90399702,-10.29814981
19.72632434,-14.48289116,-13.69099457
-13.81103831,18.78911213,-14.981724
18.9529601,-14.99165681,-16.13843523
14.21713646,-11.64409892,-6.97667893
-12.69798244,-9.16480261,16.49404816
19.42754047,-16.86143788,-9.49392296
18.72917883,-15.05692219,-8.09031258
-16.40799061,-8.51302884,19.14104793
-15.08122297,-10.53164385,18.29427853
-12.40917355,-16.7170501,19.98321839
-12.80324827,17.74886945,-11.47295983
-9.74493497,18.49074634,-16.0434552
17.31782375,-13.22788508,-10.0312729
19.31638295,-9.43923634,-15.98507368
-13.54394599,-15.7178994,18.92688637
-13.05782097,-9.98876541,17.87596771
-9.80009157,-13.33653222,17.09254978
-9.3119312,19.61744523,-15.97480535
-15.2412373,-15.98931137,19.79702781
-16.33423585,19.67250019,-11.91198969
18.52112842,-12.54876928,-14.85511046
18.41915803,-9.6970252,-16.05293299
-8.99676927,-8.43121941,12.04790735
-17.09409612,19.34008107,-13.66095116
-9.49358552,16.38553487,-11.63452941
17.23075721,-10.25742807,-14.50731521
17.84627189,-13.65258862,-9.61318626
-17.45256186,-17.26631619,19.83199876
19.8242056,-11.38721341,-13.39696092
-12.64135326,18.09457443,-15.56062068
-12.77909535,17.49380249,-13.11828319
-11.43245438,18.50404402,-11.8900516
14.90912385,-11.47380338,-11.69622072
19.83134275,-13.28827054,-13.72155137
-9.64503794,19.74482574,-14.65792469
-16.98765547,19.9477741,-14.16483202
18.02848899,-12.29321071,-15.9956686
-13.5041331,18.57462776,-11.34787636
-14.14426652,18.52772129,-12.05747345
18.39865703,-12.12631843,-14.04351341
15.50905366,-10.71988477,-12.30624972
18.1884674,-15.81973255,-13.18146207
17.91665386,-10.88298584,-13.56988677
-8.67225163,17.66005418,-15.26985884
-10.2183419,17.17213033,-14.93768357
-10.19997182,14.20772157,-11.9682288
-9.58966972,-12.91723347,16.10989296
-12.86905132,19.38833694,-11.30180033
-9.78864903,12.42935768,-10.00428406
13.60500571,-8.25236781,-9.77036148
-8.55608243,-8.2694988,11.08642679
18.6179247,-15.36950945,-7.78482559
-16.15635255,18.81267353,-14.49769207
-12.78411454,-14.94060964,18.47601415
-10.64531422,-10.47873889,15.53938839
17.47023187,-11.92591487,-14.22451239
-13.46714573,18.90443443,-9.91250154
-8.85655358,-17.27268668,19.9198489
19.25110486,-13.2520246,-16.49748361
-11.29414815,16.05649838,-9.42980893
-10.18639495,-15.84322382,18.34577466
17.86336124,-9.25170467,-15.15172844
-10.6128186,17.66806068,-12.97671449
-9.97393079,-9.7767805,15.1208968
16.89068943,-12.53239449,-9.65392411
-8.53251674,-10.65886224,14.60455721
-10.20583561,17.22250965,-11.45618348
-14.87845733,19.06013203,-11.14752376
-13.14718038,-13.73162248,19.59927402
-9.70673038,13.04991859,-8.98423035
13.2735737,-10.35059704,-8.77853332
-12.72666631,-12.76522335,18.48967435
-17.33197324,19.72656815,-7.136654
-10.34304372,-9.28185725,13.73689201
17.10175618,-10.39523037,-12.98819378
-9.42659806,16.82910935,-12.10595333
18.09009146,-9.23571795,-15.63846875
16.63112529,-11.03846772,-10.52077696
-12.2617091,-16.54197778,19.75642849
19.93518611,-14.23515599,-14.06611137
-9.57808718,-14.25168959,18.40770489
-11.90115678,16.90007204,-9.41553217
-16.85473901,-7.73080434,19.87849411
-10.93038651,17.49872321,-13.22793048
14.17777075,-9.33623463,-10.25624753
-10.34245788,-12.00922322,15.48504357
17.95978885,-11.57768021,-11.79096268
-13.42712152,-15.61875371,17.98756123
-12.3552535,19.10104307,-15.87399972
17.52183927,-12.27673836,-12.01687903
17.54947046,-9.73201866,-14.1159934
-15.47427481,19.56240146,-10.83877695
-10.72152251,-10.77854786,13.68898223
-13.6289975,-9.23243341,17.28299543
-11.00076149,19.68995201,-14.63887328
16.32892598,-10.5179324,-13.1740017
-15.07355554,17.59342395,-9.54291487
-14.43840055,18.87227798,-10.8043417
-13.92180703,-8.12512504,16.58575623
19.95452833,-10.17299746,-17.24995834
19.97219877,-17.51890937,-14.01413711
19.46563287,-16.74631409,-11.37020291
19.80603202,-16.06221173,-8.78659241
17.73238029,-10.24164414,-11.90296731
-15.04627382,18.64869022,-15.1804875
16.66413106,-11.27864022,-10.74033372
-12.47851997,16.1707706,-8.30035783
-16.01175875,-7.56688311,18.9179027
-13.19914494,-9.80430486,15.89215095
-9.20151358,14.44774304,-12.06328874
16.76800352,-14.18315736,-8.49886309
-9.86926507,-11.53139475,15.22462545
-12.65015417,-14.49837571,17.72689813
-9.65838762,15.90380195,-12.68311355
-7.18541539,13.76932546,-11.09496403
-9.43532751,18.12894607,-13.22834436
-9.94362133,14.58819685,-9.47892062
-10.80726906,16.87602863,-11.88316239
16.00170111,-12.98997736,-9.13429312
-14.84400157,-15.01936105,18.0715771
-11.45293272,19.16895706,-14.16238616
17.079247,-14.58553559,-7.31857578
-11.98916826,15.22160744,-9.77695261
18.56848828,-15.23119764,-12.63817248
-8.63486279,16.59071675,-13.71153422
17.44553032,-11.83499938,-10.36231614
-14.37384791,18.72902183,-10.99333355
-13.10227584,-9.28166873,17.29066233
-10.72110126,-9.72979275,13.26276953
-12.96349197,-12.52038068,18.97103137
-13.62704603,16.73590332,-11.62057201
-12.17539676,17.70564912,-11.41149082
14.10380418,-10.22787708,-8.30019085
19.9050937,-12.31051008,-13.39989933
-15.9084543,18.87110386,-12.92836179
18.19159577,-12.87390656,-15.34690619
-15.4675755,19.0440741,-11.12580811
-14.39860616,19.22805416,-12.10746696
-13.22651735,18.93801191,-16.51525013
19.68655214,-12.12702961,-16.35538909
15.32623097,-12.92665877,-8.85359375
18.61912079,-15.52541082,-11.63219361
-16.57367761,-16.58259061,19.60554068
-15.8547686,-14.96658432,18.56363313
16.70249192,-13.86156854,-10.64521845
-10.1328888,18.23514114,-14.99651492
19.42660167,-9.57567839,-16.16444447
-10.0351237,16.60201926,-12.49565628
-15.26537374,-15.920018,18.76919666
-12.3084012,-16.27503095,19.79404325
-8.05589575,-12.91940783,16.11977617
-16.72414775,19.01507261,-12.62027283
17.11402162,-8.4490339,-14.01419121
15.46437578,-10.41679977,-10.24041094
-14.8149243,-13.12276319,19.36638062
14.26921901,-11.0395386,-10.53882162
19.61909656,-15.056229,-12.45284461
17.68120852,-17.2001023,-7.74394109
19.71041924,-16.27313391,-8.80981484
13.81738588,-9.05596827,-11.45100539
-10.10251908,-11.74678466,15.89320407
-12.1251665,-11.82526793,14.52893752
-12.22612798,-15.14733084,18.52690883
18.05293339,-9.95038335,-14.95906212
14.35909133,-9.87677986,-10.79299708
-11.49942852,19.83257932,-15.22228273
-11.90812065,15.36723746,-10.46412964
-9.95877747,-14.23981839,18.14453131
-7.47958512,13.27513267,-10.26183486
-8.90815674,14.83957928,-11.31712041
14.63938436,-9.85603277,-9.33715083
-11.71335468,-12.95467152,18.11743987
-11.46004794,-15.66360091,18.81389079
-8.78307583,-16.89645905,19.63684298
15.88297752,-13.67230231,-13.37504687
16.47179564,-11.77530702,-12.91627275
17.51040432,-11.6859135,-13.11116422
-8.57391341,14.46882218,-12.24404128
-9.99452039,-14.70548886,17.34072426
17.48568385,-14.90589728,-10.1420889
-11.93216932,16.68303011,-9.53995257
18.16305466,-10.57068966,-12.2113796
-12.78180847,-10.84818145,15.51623838
-13.57687706,19.61997652,-14.2145607
-12.23591623,-14.34388192,16.57815812
16.0936943,-11.54930353,-9.72646134
-15.69304115,18.82287697,-12.71849783
-14.09147046,19.2322432,-12.45083903
-13.2009308,-15.49337394,19.22873133
-11.7217181,-10.43667108,14.7740321
-13.92255043,17.26378078,-14.3975298
-11.83719108,-16.17857957,18.82946499
-9.01273305,-9.96582206,13.91486105
-13.66849676,-11.82884922,16.766808
-13.71195079,17.71547328,-11.30468195
-12.7630588,-14.11765545,17.2907085
15.91390977,-12.15282568,-11.94278126
14.03535245,-10.46262177,-9.7804527
-14.18804503,-12.63458307,19.70963586
19.35053383,-14.98949162,-10.44229567
-12.92655533,16.95693765,-10.80302464
-9.20237758,-9.0143034,12.49191611
-9.90127807,-13.40865942,18.76034448
-10.30411783,13.89126474,-9.79669164
-14.56101376,19.65091403,-11.32610965
-13.39273431,-8.17845199,16.33335413
-12.88018394,-12.68102922,17.10324513
-9.42335904,16.57143956,-13.32118608
-16.02251388,18.9194091,-13.20042266
19.29681088,-12.80577509,-12.7418527
-14.79349427,-15.21532315,18.59076991
-9.007697,-8.45759549,12.80587813
-10.7401301,-12.95862278,18.23642223
17.04103446,-12.03710759,-10.97705856
-9.5257093,16.24554268,-13.16200025
-7.33402281,12.82787366,-10.50949418
-9.37262639,15.16189254,-12.82168632
19.95864788,-16.94510069,-8.64740079
-14.11691546,-10.58773447,18.21364395
-11.9614361,16.70587161,-10.85240456
-17.57243022,19.73023055,-14.55671712
17.03775285,-10.23327552,-14.33441409
-15.90243678,-15.72708805,19.55361662
19.33663323,-13.52559087,-15.68668693
10.0611173,-7.28882073,-7.31430917
18.15676754,-13.6527492,-10.32959864
17.3308439,-13.0532024,-13.31023869
13.61389862,-9.55662897,-10.14199497
-11.7827819,-11.01238981,18.37546606
14.69820526,-8.95583278,-11.30338644
19.68522054,-11.97484918,-14.94676605
-15.66068153,-8.05882446,18.86386316
16.32541948,-12.11664026,-9.66173459
-12.60311505,-16.83972737,19.39296705
19.62477313,-9.76333016,-15.51428499
-11.85258197,-11.44680086,18.35784779
-11.53368694,-11.22932586,17.23919833
-17.01179937,19.46853588,-7.54804839
-9.94237548,-11.6440208,16.20149539
-11.82516446,17.73738845,-14.88129838
19.18577887,-12.19733101,-13.7637142
19.28350871,-15.24150403,-14.29640344
18.00957004,-15.45643788,-9.4094597
-12.03143195,15.79141291,-8.26328937
-15.47741781,-13.54752,18.58018109
16.41230478,-13.46880789,-9.13977862
-9.09205053,-15.12405867,17.9855339
-9.8867737,-11.83139491,16.97690275
-13.87146506,19.73352018,-17.6070586
-15.46317122,-10.87943517,18.62043558
15.0677456,-11.56183429,-9.4478317
-10.07570641,16.04060059,-11.87704014
-11.15136849,16.87866983,-14.47579032
18.11460103,-10.13989066,-13.73146763
11.38125674,-8.89868312,-8.42540374
-12.65242128,-13.59843679,18.16353996
-13.26324615,18.63441463,-15.7807516
-15.15523411,19.69251121,-16.44444746
-11.91140208,-13.9960874,19.78398376
-13.54333829,16.8256663,-13.95428534
-13.69927519,-9.21580446,16.61310337
17.77548064,-12.20834832,-14.39321844
-14.67579676,19.99493052,-15.21933033
-11.95012288,-13.81406831,18.0743659
-15.47626729,19.6820585,-9.04739176
18.86943927,-17.56933135,-13.1464966
-14.63529329,-12.91576369,18.6605925
-14.09541691,-9.38005923,18.65161445
-14.15980772,17.40471075,-12.64126164
-11.63548618,16.18504221,-13.08158689
-12.59277341,-15.53850917,18.55410669
-10.84876022,-15.36305902,19.3142508
-7.18348795,18.60126912,-16.0663476
19.34470174,-8.28098973,-15.62286892
18.23603763,-12.8126152,-14.31777133
-14.36864554,-11.74370499,18.64466522
17.26375019,-13.06924791,-12.55001384
-8.18297347,16.9738717,-14.41170353
19.20732236,-12.07886955,-15.49751515
-11.79469596,17.28516062,-13.6529361
18.80729311,-15.0021118,-15.83662083
-13.6272172,19.71105478,-17.04854393
-17.55042965,-17.22233842,19.93391526
-12.54743617,-16.25046059,19.08992669
-11.34231655,-14.51063158,19.25106474
19.71953719,-17.52727682,-15.68151458
-9.43109626,-16.77568946,18.61740037
-12.43782093,-9.39623964,15.24243331
-10.76567694,-8.2336736,14.11876784
-13.98445711,17.80835888,-11.93260803
-11.67128519,-11.37939188,16.11115799
-10.12784827,14.61598754,-9.16175794
-13.22783892,-10.16537489,17.60320906
-11.20220667,-13.20308846,19.93327969
18.90565599,-15.90427443,-12.99216034
-15.42632561,-15.0823241,17.74941826
16.87396952,-7.8629259,-14.09278537
-16.88415687,-11.38335766,19.76496194
-12.3510557,-12.54392385,15.35219349
-7.39516181,16.08069897,-13.47236781
-13.42677937,17.64620417,-10.57258623
-12.84916925,16.06296271,-8.42552498
-16.73347155,19.04438732,-14.00316038
14.30361507,-10.95170608,-10.63024611
-13.40956268,16.29331976,-9.35616971
19.23502239,-11.36702372,-13.35171653
-7.50453074,15.83454651,-18.66089076
-16.29509175,19.27911878,-8.99450866
-13.94819836,18.43048475,-14.66597456
-12.43503016,-13.26932098,18.35908776
18.66830146,-13.5980186,-11.45637571
15.9384205,-13.73313742,-8.65116421
-12.40539604,18.55542603,-10.66175382
-15.47171647,-13.89103611,18.16227491
-10.48319336,-13.34919947,19.35905586
-8.78761226,-15.03569848,17.33973976
-15.90053451,19.34771611,-13.93322426
17.82730942,-12.29703427,-11.14170704
-13.1071225,-8.55814873,16.57939309
-15.76596418,19.1579652,-9.89024781
-12.58226557,-9.62301022,17.64907398
17.69025986,-13.43088619,-15.14418964
-11.90507284,17.03620475,-14.7288603
-10.49566134,16.77453893,-14.56651257
-13.40847304,18.9533379,-12.0485027
17.76332174,-10.4046439,-14.80062027
-9.14565282,-15.34116906,18.96427163
15.8957392,-7.4919894,-13.2446025
-11.2366874,17.9668234,-12.99310854
16.19544614,-12.22078212,-13.83098021
-11.49981832,19.7900637,-18.53005062
16.91440693,-11.95148612,-10.37425804
-9.82004345,-14.46609872,18.52890009
17.70612024,-12.78779976,-9.6858126
-13.1346655,-11.56004166,17.37826819
14.15014238,-9.00263317,-11.77306014
-14.42680909,-14.09011215,17.23491233
-13.41878213,-13.02326982,19.80899941
18.12875384,-14.2503504,-10.86644053
18.86272404,-14.15743588,-16.22362199
-12.1511037,17.54865082,-13.46495293
13.2716792,-9.71290314,-8.8703709
-14.94104567,18.99413533,-13.11164024
16.56526621,-13.46839682,-13.37558561
-12.60195253,-9.1712336,15.249168
16.27578204,-11.33532961,-10.71823028
-8.32976072,19.46583971,-16.4959499
-12.19736135,16.95926849,-12.307945
-15.52505027,19.53430533,-16.40613048
18.0008399,-15.79804601,-13.33015244
-9.98658421,-15.97342726,19.85883715
-15.68857354,-10.01739828,18.72322972
-16.18448065,-12.25798224,19.36673111
-10.49439806,-12.48107824,18.07001469
-13.74905368,18.95236251,-10.44074121
-9.46965858,12.75286135,-8.2726611
-9.91106435,-14.88191302,17.9592235
-8.8388334,17.2317438,-13.80622609
18.51637858,-16.046445,-14.53591278
-13.76640153,-11.70950192,19.21662936
19.61039606,-10.65595998,-16.78494394
16.12493075,-13.58667512,-9.01644927
-13.86167721,-14.93555852,19.89388966
15.39576525,-10.8724435,-11.9483617
-12.68274675,19.22906389,-16.34363855
-17.06809251,-7.57595566,19.49665167
18.62477453,-14.81018777,-14.57507357
-10.14537648,14.8561048,-12.32605958
-12.02630528,-15.31585868,17.74067856
-14.68223489,-9.02124126,17.14290919
-10.09640944,14.81525067,-11.07920039
-9.52286722,-12.03340919,16.83440765
-8.55800118,-15.35655157,18.81300449
19.23673377,-15.50601464,-9.75794286
-8.26403055,-16.14508866,19.89520521
-9.09087589,16.40321836,-12.09353477
-13.39563033,-8.18569111,16.14328093
-8.67324707,15.80207773,-11.64081527
19.63275134,-11.35317963,-14.64040396
17.13857483,-10.50278014,-12.83446855
-12.48963155,18.15933464,-15.65328686
-13.82543125,-9.64372212,16.35789527
19.28121384,-9.76938249,-15.88116304
-15.21334371,18.21426013,-9.59594823
15.95682527,-11.99311189,-13.73533819
-13.28886491,-11.8983182,16.10504137
19.69721192,-16.37877723,-9.18010975
15.19110479,-10.7877341,-10.75380224
-11.64124866,18.51415023,-12.81976723
-8.54583055,-9.6494775,13.11184831
19.42962701,-13.89495186,-10.7616167
19.98131716,-17.60807276,-17.42436516
18.29487521,-11.02277286,-13.4305177
-10.73187016,17.57042054,-12.32259304
16.3099067,-13.53489105,-8.31780094
-9.91783401,-14.18092654,19.16821286
15.5243642,-10.17697445,-13.15953497
-10.11243872,19.60162051,-14.40489758
-13.14719911,15.99383328,-11.8790939
13.57848454,-10.39519018,-7.96087452
-12.02051177,-11.01002679,14.37532635
-9.48585499,-16.46350024,19.03852997
16.45999269,-9.24717617,-12.83417848
-12.7653944,-9.68010801,16.97131562
-13.48192429,15.97406952,-11.77340107
-15.96625585,19.68802313,-15.52864215
17.31258607,-11.45972759,-11.66656266
19.80505184,-15.8824681,-14.97499876
-10.01597919,-10.81486973,13.37893684
17.64095377,-10.11326301,-14.20921387
-12.62377025,-11.31686178,16.26441939
18.21855117,-15.64766742,-15.7237179
18.97101257,-16.59285976,-13.68196896
-15.34663302,-16.35685827,19.44632589
18.68558097,-14.09909555,-10.65185913
-16.27421664,-9.09547195,19.14652924
18.45198373,-15.23725998,-11.14689051
-11.13741807,14.34474779,-12.04416949
18.16532874,-12.94380915,-11.4093185
-15.90051944,18.39067087,-7.75997856
-8.37225246,17.93654087,-14.78800788
-16.1154596,18.57858557,-13.11278311
-10.72055097,19.14070698,-14.94530864
-10.58709727,-14.8092238,19.81096348
-6.81756532,-7.00060393,9.22785732
-14.21169318,-14.19143006,17.09925638
18.45080004,-15.9285244,-8.81144117
-9.02073792,17.46840276,-14.64483354
-7.31486847,-16.64879746,19.1387518
-10.95216218,-12.39932129,16.96155259
-9.32676533,-7.9827164,11.64439775
17.68227273,-8.31002288,-14.38664175
-10.36459067,14.53658953,-9.13586056
-10.06957516,-14.08572555,18.47728308
-12.23785391,-10.42064359,15.34077142
-13.14087278,18.40295611,-15.04594254
-14.06850764,18.72956205,-14.02239047
18.03058402,-13.90368165,-13.99222359
-9.35654728,-9.28169303,12.58454724
-14.51396991,18.15492623,-11.96810615
-7.77031422,14.05920542,-11.2841004
19.1764029,-12.80053553,-15.37559966
-8.27553405,14.27043088,-11.54515864
-9.15216729,11.83346638,-7.7542597
-11.26997637,-17.2006413,19.91218825
13.83930613,-9.109714,-9.73993665
19.41151511,-15.22314957,-13.67943477
-9.4710236,19.61253744,-15.98025655
-12.93000052,19.92045134,-15.06911799
-16.52287179,18.81739504,-11.63461902
-12.69519139,-9.26966593,17.19759838
18.63793461,-10.94869596,-13.78074974
-9.27057548,15.16013864,-11.11076886
17.14915429,-10.9339947,-12.80810848
-8.27422856,-10.27614064,14.10570861
-12.16166684,-11.37282995,16.59578215
-14.15452903,18.26880737,-11.27695886
-9.89588351,18.43590786,-14.11009105
16.68052611,-10.27438449,-13.74100068
-11.06081318,13.54681979,-8.09407255
-10.24230876,-13.5303078,17.56913157
13.66142581,-10.12105053,-10.42521428
-13.55167301,-11.93559429,16.46860561
-8.73558437,17.89085452,-14.20923295
-15.23437296,17.77977006,-8.25262149
-14.70799662,17.74168799,-8.92018028
-11.86297238,-9.93431213,16.76253096
-11.95177876,-12.83076177,16.57283259
19.68319469,-13.74095564,-15.8912658
15.88836795,-12.93292314,-11.79359807
-10.68666122,19.73060809,-14.76506489
-11.73785143,17.15809912,-11.12401281
18.98352652,-13.98233817,-16.14189031
17.2799121,-13.12420404,-8.67520796
-15.00754534,17.98995553,-12.19015454
-9.2517441,16.68020015,-14.31376298
17.95952112,-15.13473467,-9.65453273
19.95577819,-17.7182461,-12.85912324
13.72131956,-9.49485117,-11.34159164
-14.4747059,18.5261962,-13.1772974
-11.32134672,19.10954711,-15.26814038
-12.49284441,17.0408127,-10.36367213
-8.63953819,-15.57276656,18.05106136
14.64820689,-10.61895358,-9.30872293
18.93096523,-11.79711232,-14.10040007
-10.88153814,-10.36279132,14.84982365
-13.96221211,16.76222087,-9.59702795
-13.61553639,-12.52680353,19.79806356
-14.04907735,18.96991986,-11.95208533
-12.27562336,-12.17790067,16.53969479
-12.50405067,15.42673375,-10.61124318
18.82026719,-13.23464173,-12.56395048
19.53941515,-14.50544592,-14.64060698
-10.4971877,-13.21777122,16.10660974
-14.84928224,17.71346525,-8.26892849
16.67922188,-12.11797701,-9.73025098
-14.42472423,19.09012034,-10.09614596
14.08292341,-10.00886935,-8.83455948
15.10764849,-12.68736453,-11.58251674
-10.6271854,18.66438112,-14.03856421
-11.84689913,17.18837868,-11.11980892
-12.02842604,-11.9637023,18.53522424
18.57047158,-13.40930664,-11.06046565
-13.2487471,-10.38626919,18.98217824
19.36788914,-14.31658688,-11.5180667
-14.66326397,-9.68496264,19.54328574
19.25211405,-10.76626569,-15.82082852
-11.29998841,-8.9542696,14.47207378
-11.16526616,17.24897509,-11.09878436
19.77290348,-9.53231299,-17.42636001
19.42442286,-14.65103771,-11.578194
-11.36290155,-11.17229192,16.26313408
-14.94497324,-11.80359985,19.76610445
-13.30486307,18.0398311,-13.32035276
17.70642323,-13.45295077,-9.8284766
-11.19426111,19.49903351,-14.45187103
-16.21723564,19.10885495,-10.24050402
-12.87985511,18.32411461,-14.43069032
19.38989109,-14.45670682,-14.15553179
-16.61940918,19.59450171,-14.81783657
-13.64354848,-12.32186772,19.06254555
-16.14208542,19.87091223,-9.98569003
-15.86874582,-13.97061548,18.82407923
-14.92429417,17.38241669,-7.88748778
-13.89023499,-13.33437282,19.29131758
-9.91023106,13.02656218,-9.73014463
-13.35988009,-10.26496274,17.41805704
-9.93897816,-14.51962024,19.28050192
-8.90855797,-15.04527966,19.13415028
-10.60186355,14.80970802,-8.60535031
-15.12769427,-16.34057256,19.71357109
-8.43519153,19.59350137,-16.55913637
-11.99116808,-10.71247522,16.6923246
-14.12322819,-14.63194434,17.84180941
-15.4192344,-15.44794646,18.7916223
-8.34099113,17.16386177,-14.72072822
-11.48109161,-7.85353164,14.44086927
-11.37512745,-13.13157023,15.35142315
-14.37886005,-15.23291939,17.62657875
-10.60066955,16.51817682,-11.50528738
-9.94885546,19.99568243,-14.70357648
-13.96670988,16.68050795,-12.18076671
-12.03259478,16.80859234,-14.41440262
-12.54097043,-12.19695637,19.74014163
17.70629903,-10.07201525,-13.92595361
19.31022553,-14.56967973,-13.24036188
-12.58668478,-11.22532305,17.60077935
12.17874334,-9.31829925,-9.01477669
-8.74260477,-13.15541582,16.3593697
-13.06174791,-11.18307567,17.22644294
19.71975173,-11.61726548,-13.17375152
-11.620303,-12.21664743,16.85491958
11.40088081,-8.26858904,-7.67566864
-10.14287356,16.88105046,-12.89520278
-15.71620088,18.95289424,-8.95197738
-11.43337179,17.7621203,-12.57446
-9.8050297,16.70570201,-12.80494258
19.58295634,-16.31249256,-12.85196587
-13.30873034,17.5420797,-13.43501246
19.33720716,-12.93709431,-16.56438391
-14.26573642,-9.57206979,17.67740576
17.75367982,-14.63978036,-9.8199349
16.17896998,-13.32484565,-8.16722955
-7.74125849,16.8952953,-14.17500135
18.91016789,-11.69870627,-14.07255985
-12.69008152,-13.4172347,18.62430156
-15.86097901,19.24001913,-9.26066977
16.11960611,-12.22934352,-10.34904946
15.60446923,-11.1319809,-10.41582512
-11.92505348,16.5013652,-10.5440779
-12.3897058,19.37974726,-12.66087602
12.70937825,-7.9011414,-9.21863181
-11.45972283,-13.79676779,19.04614524
-12.74506958,16.6628911,-8.8632084
-9.31204454,-12.1936189,14.61088996
-9.2443459,19.83435817,-16.54775663
16.94143559,-10.44411329,-11.24037337
16.08825267,-13.00707969,-9.38869736
-11.81190714,14.99198175,-9.53164077
-11.05324851,-10.97824458,15.5144701
-10.35843607,-11.29817294,15.45137052
19.41818146,-11.80617046,-12.62040355
-15.82885487,18.5341312,-11.61022551
-10.5906978,17.04156816,-13.70181324
-11.54598842,17.43041754,-10.29730411
17.1078398,-12.30749703,-14.24012572
-9.0757146,-13.17514762,17.65430279
-8.24564999,-10.2723884,13.3137257
-10.70095564,-10.94334201,15.63517951
-10.25544638,15.50834695,-12.28377019
-9.63609349,18.53893744,-13.42531754
-14.5190148,17.4786311,-8.74526528
-12.84413078,18.5511807,-13.79165645
-8.09372698,11.29996411,-7.95031692
-15.36267098,18.70487732,-12.54425463
-7.51680659,15.32436448,-12.24997146
15.49767476,-10.00133366,-11.80949758
-10.31154709,-8.8757984,14.06639305
-13.15418975,19.10349322,-10.87891153
19.21380804,-9.17880415,-16.12890737
-11.04198927,-10.66770865,13.82201843
-14.96938233,19.21991602,-12.79531943
-13.13329158,16.05946579,-12.83620919
18.46505092,-14.66097356,-14.44661049
-13.22562653,18.76719488,-15.11572824
-16.5532961,19.38503632,-16.67908912
-11.15076462,-12.93489592,17.15337697
12.10507007,-7.30224081,-9.89318727
14.74708083,-12.46835347,-9.1853658
-12.93149111,17.35507896,-11.95205053
-13.94950321,19.56267702,-13.27211834
15.40001527,-8.13008462,-12.40046203
18.87398519,-12.45168379,-11.9654118
18.50411369,-16.06907337,-7.7457162
-13.84211685,-15.86273242,19.021919
-16.34803114,19.11823418,-10.4246546
18.74002308,-15.05532782,-13.63080208
12.72832084,-9.31328909,-8.04682277
18.95422438,-14.84396938,-12.86589823
-10.2985971,14.22727045,-11.455136
19.21967143,-11.52017685,-12.43713654
-11.55509041,-10.37282418,16.94880866
-11.36574458,-13.84442353,19.16692322
19.03417533,-15.07596098,-13.86847923
-9.44880785,-9.54224898,11.74363492
-13.69249769,17.38222759,-12.91295556
-14.24390048,-11.00197903,19.86512917
-10.5286685,-11.86844904,15.29898719
-16.07748268,18.52898924,-15.62512707
-15.51124912,19.63462495,-12.47950914
18.6151574,-12.28285475,-11.00263338
-9.67660281,17.77876152,-13.84519737
-13.19326766,-15.20539935,18.89715651
-11.36246054,-12.28677992,15.23043147
-9.94645404,19.35319627,-16.82615784
13.37173768,-8.2296456,-10.70398665
-14.70807221,19.66229165,-13.71867904
-10.13555885,15.49364953,-10.57642758
-10.51401132,15.8416848,-12.49670241
-11.96194044,-13.00469625,15.5110673
-13.38876798,17.51236009,-13.79953893
-11.03555007,-11.71381583,17.14919422
-14.58674321,17.16317498,-12.47292608
19.58726857,-9.83682185,-15.61983108
17.5143707,-7.36704389,-15.23453556
-9.36782975,-9.15422859,13.85667091
-10.09204889,14.34180382,-11.36270506
18.81870286,-15.01032226,-14.79202508
18.94501419,-9.09531025,-14.68881531
-11.92148681,16.03765758,-13.6877702
-13.29091494,18.71986855,-11.45252169
-12.14670429,-12.42763783,16.89600302
-13.73614514,19.92359516,-13.08227015
-9.0409274,-14.14562535,17.41304878
-12.95307884,18.55512457,-11.61020456
18.26441315,-8.87519608,-14.51291554
-13.86989754,19.58664898,-10.56505408
-12.4134817,-11.36338986,19.32540762
13.68153987,-9.0616968,-11.27238899
-7.50635539,15.75859411,-12.66988903
-14.90736056,17.54688902,-12.84878773
-8.57079805,-15.91631728,19.18507583
-12.24622696,-13.13452448,17.09089256
-12.0643328,-12.44665371,19.84070198
-10.95746416,14.04978445,-9.16835953
13.23007013,-10.76385368,-7.65519427
-9.03241093,-14.12614153,17.54837384
-8.89959862,14.0170415,-10.84502523
-15.71336697,-13.39804455,19.64183371
-11.92900985,18.05865553,-12.3995427
-12.5053802,15.86745662,-8.42477368
-9.78375228,-14.96460408,18.86439288
-10.21402138,13.80475882,-10.49118926
-13.93402828,-10.3460985,17.2254664
-7.79580924,13.68193064,-10.92812684
-12.26476805,16.91161556,-12.33318457
-12.23713896,17.60359541,-9.91663833
-14.71024541,-13.8609352,19.4769553
19.08572273,-14.09099961,-12.03706789
-14.87115131,-12.63975981,18.40153638
-16.22172566,18.60123153,-9.0601539
-12.72146892,17.66592665,-13.47529558
-10.92053274,-10.11977726,15.33291743
12.62023366,-8.67406989,-8.59928124
-16.18546864,18.73511773,-13.96536228
-12.16988478,19.37751059,-16.52695057
-15.70976429,19.37345406,-16.65269523
14.13708689,-8.81985008,-11.35563771
-13.86548345,17.01999709,-14.78748705
-17.89599408,-6.5157773,19.34821249
15.62863134,-10.20553283,-11.29693545
18.94888444,-14.25474971,-15.28038339
-15.09373172,-8.73343641,19.09278024
17.92414953,-10.40943952,-14.24069108
14.92952852,-12.48952263,-12.16978161
-13.8778404,18.30488992,-10.16174856
18.43193923,-13.70904076,-11.54304701
19.65686209,-17.6792931,-13.13314383
-7.37674256,-10.41634099,12.9822937
-7.10764731,-8.60354808,11.1781883
-16.54815085,19.48182011,-15.27432675
-8.65645608,13.128053,-10.75176756
19.0893747,-14.84107254,-10.01112913
-14.78398753,19.78394921,-14.88853795
-12.95852881,-9.82082969,16.90052702
18.24990818,-9.9187526,-13.58460415
19.82163596,-11.77152479,-12.5828206
-15.46760953,-14.98545124,19.3038893
-12.87865305,-11.54008786,16.85522456
15.81958307,-9.1238045,-11.1281086
16.3027053,-9.59916213,-11.73750829
-12.71314685,15.53720028,-8.847769
19.98420292,-11.18248154,-14.88521975
15.8283531,-10.40503066,-12.09066996
14.9930779,-11.2085845,-10.8570655
-14.91362889,-12.84406707,19.59557764
-13.84558767,17.56505871,-15.33595814
-12.39232416,-12.86048336,19.35822918
-16.27529469,-12.09404722,18.51119084
17.15326571,-13.44960963,-14.52824406
17.73329055,-14.48542621,-10.17121828
-19.20043166,-11.44010688,19.59463477
-9.78766923,-12.11907379,16.35491202
-10.39234918,17.56483644,-14.3864781
-8.6579044,18.92010265,-15.56610831
-8.71156459,12.21801114,-9.50624495
-16.4163741,-12.98504448,18.98648291
-11.05622937,19.57348733,-15.31088788
-9.98702526,13.85941631,-9.68400209
-10.81969562,-11.58001871,16.67147424
-8.25584649,-12.46006834,15.35868826
-13.49742095,16.98369853,-9.2064037
-7.19821337,-17.10309911,19.54131747
-11.88175596,-13.86178387,17.54685165
-9.77390245,-8.40145377,12.68189591
-7.25195885,15.66414326,-13.24438923
15.76567273,-12.96782315,-10.77195358
-15.56603313,-8.33270914,19.3392747
19.8033255,-17.68279108,-14.34095903
19.32980677,-14.44476375,-13.64471502
-13.17311332,16.05547486,-12.57689743
-16.17103673,19.87335912,-16.28297805
14.73456425,-11.28760108,-8.90427763
17.39752572,-9.09014246,-13.32970698
-11.74988441,-15.05598295,18.80262554
-10.52185868,14.46482568,-11.48848549
15.1477744,-9.12757525,-12.57550767
-13.77943795,17.04127228,-11.87764004
16.44267617,-13.56375848,-10.06781467
-14.548627,-7.74200169,17.37455566
19.74843429,-16.63996752,-11.8333666
16.2438972,-9.25385039,-13.00456436
-11.7854139,15.21822278,-10.66994876
-11.9825856,15.45284792,-9.66812658
-12.12599954,18.87507976,-14.67240628
-11.59635894,18.13070359,-15.11957108
13.35781762,-7.59575313,-10.8454639
-15.02637595,-8.54134665,18.87100041
18.4163983,-15.16727699,-14.32106088
-15.11599642,-11.61482037,17.59420231
-16.1968715,-9.67388246,19.82338391
-11.41989786,-13.15018219,18.32614349
-13.97650502,19.23201578,-11.15790722
-14.07483592,-14.04187523,18.14837428
-11.00763402,17.94601298,-15.25689948
17.92147927,-11.00494382,-15.76893875
-12.24078768,19.53417155,-16.08241636
-10.63320373,17.37475053,-14.96946487
-12.55687625,-8.21570761,16.07032612
-11.52800594,17.63470909,-13.30747395
-13.11542066,17.83053992,-11.65663502
16.65413708,-10.31640656,-12.9742966
18.49373174,-10.0289151,-15.06541418
19.185001,-16.47197192,-7.49369758
14.54149689,-8.49719905,-12.30570447
-14.3074551,19.33920936,-14.77896057
-15.9490292,-8.12367705,19.30703212
18.75892715,-16.24120519,-8.38407436
-14.32128619,-11.03134024,19.81031716
-13.58869027,-12.62184307,16.80660334
-12.7622908,17.84998994,-15.27938433
19.38515219,-13.98264037,-12.17661924
18.75980145,-11.45028698,-12.08584771
-10.77717258,-16.41518523,19.52788846
-8.25489504,18.14098404,-14.74461377
-15.96862211,19.64358693,-16.31583078
-14.68590321,17.90268086,-13.97501907
-11.20575933,-10.86243906,17.01642435
15.28833804,-11.71697334,-8.818632
-8.52079819,11.08667281,-7.10771701
17.88230503,-11.84288985,-14.87685984
16.80869076,-14.34197678,-10.93211023
19.31237297,-9.78129096,-15.70308859
-14.14108495,18.59472734,-13.65162879
-14.81006944,19.16819828,-11.30205374
-8.73733844,13.46646007,-9.87708844
-9.6694886,16.64972324,-12.32774656
-14.05041661,16.59753461,-7.29669636
18.84358194,-10.90069083,-14.72780175
-12.41547541,19.41143608,-12.57011367
-12.76724148,-16.45694614,19.29509084
-10.55640717,15.23932559,-11.09561662
-13.41195823,-9.84674539,15.81613398
-9.46561157,-8.41526455,12.9738306
19.7993172,-14.14650978,-13.56633628
18.06807756,-13.42428179,-13.49292072
-12.57868063,-13.61509559,19.80243006
19.87090265,-11.88135333,-14.73249503
-10.60538899,-9.15787047,13.30622436
-10.49124311,19.48109753,-13.6899927
-15.39569792,-9.84634998,19.37946437
-11.54564191,-16.74316996,19.94999006
-13.02025357,-11.15858355,17.95863079
-10.38204122,-11.36411625,16.03974743
-10.84914012,15.78974019,-10.23012603
19.85088177,-13.8191015,-11.43739271
-8.27122639,-15.81489124,19.48401758
-13.6392603,-13.12343028,17.33941045
-15.67240769,18.23006525,-7.59373212
-11.82365885,-9.89674231,15.20173826
16.75267199,-10.38802652,-12.63404267
-15.07341568,19.80332882,-14.47961459
-12.05029499,18.21810223,-12.80800584
-12.04865832,-10.73779984,16.14171564
-9.86703756,14.48253978,-10.03964907
-13.90413748,-9.04548105,16.94237722
-9.6873012,18.07457818,-14.78621708
-7.95732478,16.11840317,-13.71135964
-12.20731048,-10.88297138,15.91899044
-15.37612851,18.83626445,-16.3261666
18.04136644,-14.39445808,-15.45412061
-8.44827513,12.39512259,-9.0555868
-10.37258426,12.8627488,-8.82347412
-9.48932509,-10.14071259,13.10074976
18.42782587,-15.60143057,-11.56934521
19.46959953,-13.86636061,-13.73717164
-15.33432765,19.19405566,-9.34916974
-13.16141054,19.13987663,-12.56015223
-10.81018626,18.04854368,-12.23147745
11.73711038,-8.68267158,-8.76299969
17.45419348,-12.42071487,-14.45164486
15.60905977,-11.8070017,-10.13589558
-9.14315015,-17.13383523,19.57530558
-14.06452865,-10.89393233,16.96709937
-10.57553724,-12.75470262,18.55341714
-11.12550654,15.89333913,-10.36590415
16.93573552,-10.45378374,-12.09445536
17.16018154,-10.26381547,-13.69805015
-14.52685854,-8.64681528,17.64353947
18.01347035,-13.91051884,-10.08858226
19.77232765,-15.48619464,-15.56842797
-7.3871155,17.07701473,-14.87494577
19.49442017,-10.32484028,-15.0353434
-13.51603993,16.49399602,-11.70606928
-10.59022835,17.02539209,-13.8034992
-14.6593015,-12.68694784,17.54755094
-13.23956909,16.85915418,-12.26078677
-13.67472458,-11.00299538,17.35650526
-13.30340155,18.44889101,-13.47927831
17.00637428,-9.48171067,-13.79294247
15.08774832,-12.33518424,-10.41822826
17.00281477,-10.85094827,-13.94867931
-10.01643162,-14.41110594,18.63412317
-9.95438385,17.28635204,-12.19417997
-13.69579602,19.93460595,-12.05929719
-14.10440341,16.90286281,-8.96569738
19.66611639,-17.30746867,-13.02723398
-9.26238442,18.46931372,-15.51916726
16.76407134,-7.94003217,-14.37075119
-12.48219005,-9.71327759,14.92401825
-10.01383192,17.2833528,-13.85297064
-11.49585817,-16.60542476,19.14144423
-10.34980163,17.49185189,-12.12863317
16.61866898,-13.3931569,-8.34918606
-10.67965491,14.1871838,-10.90159206
-16.51042753,18.98279946,-12.61386395
-9.79852963,19.38640493,-15.47330387
-11.15538356,-12.36658599,15.7512778
-12.8722364,18.15856377,-14.05648338
-13.55002263,17.05855271,-14.20621903
-15.06395612,-13.00305691,19.57842279
15.02586482,-10.94227655,-9.9506796
18.69238896,-12.59053879,-11.76713444
-16.33179428,-9.64532778,18.98812319
-12.93186223,18.91081881,-16.33842557
17.28132872,-8.00031128,-14.36458788
19.82806492,-16.82454293,-8.04938166
-7.57027048,16.09236412,-13.54303549
19.3021505,-7.00735631,-16.73007702
-9.2662924,17.34001748,-12.70604839
18.07189844,-12.17008641,-14.96699538
-13.64342952,18.85911403,-11.94417443
17.52633946,-11.09223766,-14.32899024
-8.20146523,-12.62707002,16.1970761
-9.84747868,15.39460666,-11.25744366
19.03065859,-14.88310259,-11.10481512
15.05924487,-10.9663045,-11.17016888
-12.17030187,15.95787106,-10.99693601
-10.74904148,18.14434748,-13.72505829
-11.10347359,-14.62739162,18.72748171
-12.77960086,19.47799529,-12.70907141
-13.00992574,-14.51945228,19.1103989
18.0407228,-9.55151346,-14.92788811
-9.69577455,17.60995014,-14.94786316
18.63718394,-13.71660742,-13.58208048
16.17794062,-13.5944176,-10.80910411
16.76971399,-14.15153981,-11.97690011
-8.59654378,-13.01520527,15.40413109
14.52211294,-9.05551012,-11.47840415
19.42035181,-15.99981493,-16.07891635
-13.52144909,17.24115346,-10.63873877
-12.11888324,16.62739108,-13.67239645
19.35898576,-15.34891232,-12.29808788
17.79688207,-13.51263545,-8.86608606
18.18868039,-10.98725994,-13.48235129
-12.95864541,19.50432611,-14.76751118
-13.33663482,-10.80068596,16.52265604
-11.94821027,-10.48639792,17.62845869
17.69037137,-11.59112769,-12.96479933
-14.45662467,-14.65904791,18.8338402
19.65078395,-16.20661197,-8.78833652
-11.02691955,16.59586394,-11.23332031
-12.58139363,18.2587761,-15.45687164
-12.63699906,19.81628673,-15.63703397
-14.07396037,18.8848545,-13.48844483
15.48316428,-9.81418553,-10.9018157
-13.05578633,19.59513421,-14.37775164
14.88946745,-9.47217442,-11.71694534
-13.21993056,-11.5726009,15.41540171
-10.94378714,19.64986339,-14.60249599
-4.832962,-19.91783031,18.50016541
-15.58294587,-12.96977957,18.90616882
-11.75280703,17.20347715,-12.57617377
-7.20003014,16.94625699,-14.21702227
-7.67290853,-6.71371791,9.91669727
11.35442255,-8.36023372,-8.03069221
-10.27267084,-16.27632871,19.72806097
19.01544616,-9.6370587,-15.42480975
-12.64753114,-9.09838921,16.38845065
15.72829022,-11.76999348,-8.70408942
18.73652353,-11.73676303,-11.90857387
-11.59659538,-16.05792614,19.32791215
-11.25249027,-13.86688263,16.2990145
-13.34674386,17.22949021,-10.02351771
19.31751851,-10.33632565,-14.72753843
19.51816136,-12.38684414,-12.20733184
18.07565008,-8.93612416,-13.97263188
14.70072983,-12.08634768,-11.01301499
-9.40062005,12.63021466,-9.88643456
-10.97920086,19.38077378,-12.96389699
-11.7646449,-12.40303164,19.37076926
17.5367872,-11.80894526,-11.77210479
-16.79527179,-14.74934028,19.09434096
17.15292928,-13.41446473,-11.40146427
-14.79422052,-12.2064774,19.65328787
11.74580224,-8.73389532,-7.52250709
-16.51892433,19.01123771,-12.90138512
-9.03982823,-8.5345537,12.29691729
-13.86633527,17.07676825,-7.78918977
18.49063305,-9.32345935,-15.8800343
-13.91373254,-12.87538538,17.78679892
-9.1086156,13.47556709,-10.26752956
-11.23947025,17.32285164,-13.83530206
13.66872322,-9.38792511,-10.77718702
-13.97215256,-12.25605655,17.73586639
-13.50485432,18.73851391,-10.97981689
-10.25149805,-11.87604858,17.50021278
18.67659107,-13.37263823,-13.72784558
-11.59961395,-13.53665216,19.94511897
-12.98032365,-13.02085659,16.62947874
-11.27903215,13.75968437,-10.05921478
13.46510778,-8.23011615,-10.99020424
-11.5957771,17.37488084,-13.10117047
-11.78072987,17.362765,-11.90143656
17.32483827,-12.57875086,-11.12158079
18.20760154,-9.82078908,-14.41547586
-7.74237007,-11.87199385,14.43052975
-10.49960014,14.48710242,-10.37808997
-10.50461693,14.7554658,-11.1615295
-10.82579899,-12.08344339,16.53764429
-11.79216678,-12.06774222,15.41833934
19.07772022,-15.66201291,-11.95333661
17.03438749,-12.64372342,-11.84737812
-13.54267543,16.37116115,-9.67744614
-10.95364382,15.22755589,-9.27621415
-11.30934806,16.09768804,-10.06215125
-9.15968257,-14.10433732,18.27245783
-14.55540059,18.03046593,-11.09629307
18.78011808,-15.98779027,-9.91083809
-15.39189694,18.38938813,-14.13292583
-15.00671552,-11.56000945,17.45258999
-9.79156709,13.60493423,-10.58916704
-11.28367578,16.20696733,-10.88393247
-13.78277641,-11.35139871,18.46369058
-16.83708734,-7.23292264,19.51902104
-12.31891563,-12.75670693,19.22058036
-13.457232,18.52167903,-15.52928385
-15.6327771,-14.14540479,18.00365698
-7.59451745,-8.59854815,11.57145411
-11.08381387,-10.71347519,13.6609044
-14.90948711,17.93503866,-13.07111262
-12.05219769,-12.12585657,17.18486026
-16.55490684,-10.08769808,19.66485528
-13.42729432,17.81224192,-8.81442477
-14.82435969,19.21065556,-10.10055053
19.13122916,-11.04504956,-16.52782574
-14.13697277,16.8479454,-11.37877661
-12.19800921,18.59258718,-15.37809003
-12.47795337,-11.26497698,16.6810565
-13.57380827,18.06548973,-10.48901161
-11.46790307,18.37686687,-12.61238269
-12.85220374,-12.91823729,17.07430599
-10.92370812,-8.52716166,13.54807093
-13.47265923,17.24011755,-8.53995415
-13.73331376,-11.03046681,18.1353468
-7.24257264,-11.95376238,14.65700103
-12.34288523,15.70374824,-13.10669595
-15.6967273,18.74791362,-10.31899099
-10.51446351,-8.46714686,13.70443959
-13.39930682,-8.80117434,17.22782098
-11.95995581,-10.89838403,15.89540651
16.3867364,-13.72594212,-13.13389899
13.41008964,-8.47956386,-9.35998225
-11.99267383,-10.35127655,16.47455202
17.86349593,-10.6475298,-13.23892469
15.20164114,-11.72531381,-7.92109468
-14.37757601,-11.20571392,19.41160854
-13.09146376,-12.02091735,19.38772434
18.18670347,-11.59769593,-14.71948312
-15.38738684,-13.12471511,19.715829
-11.84555324,-11.31680541,16.64870504
-11.86890444,16.81020227,-11.85371555
19.87766426,-16.40425792,-14.0678619
16.1074446,-10.66791549,-12.96068351
18.31236651,-14.25850967,-12.70945307
18.34480794,-10.06837349,-15.09133244
13.98017262,-9.02971949,-11.45939162
-12.04635359,14.66872675,-8.91285417
19.45743803,-15.79769002,-16.06369013
-12.05503645,17.80024554,-13.64397399
15.96160554,-9.08524951,-12.41281365
18.4536827,-8.367417,-15.88936954
15.93358089,-10.92740493,-9.41252657
-13.41607855,-10.276419,17.76253519
-8.16455828,-16.41719663,19.63018076
19.18356309,-16.53741207,-14.31256378
19.84478769,-14.63100984,-16.81683448
-12.06914514,18.96468184,-12.74268496
-13.0353717,-12.41675726,19.2887909
15.80529797,-9.09903691,-12.58758908
-15.02563304,18.16900916,-15.5213652
-8.32403762,17.72649683,-14.57005249
-17.2254362,-10.39417533,19.76282977
-13.52346069,-11.06759054,18.21340204
-12.8978263,-12.13643477,19.93784775
-14.57430381,-11.14724031,19.91807528
19.27825014,-15.05686849,-12.86677051
-12.2462192,17.42972753,-10.73784637
15.6801517,-9.70241143,-11.23466521
-9.51119651,-10.62526313,13.41820007
18.61171608,-8.13624288,-15.19160136
-12.35602105,-7.62379525,15.01736516
19.78814016,-14.10217757,-12.2412461
18.75604243,-9.82589609,-15.25624087
-8.04468729,18.67881099,-15.83601573
-10.98113734,-8.10520523,14.2092191
-10.41904698,-11.82618042,15.02815831
-8.22692067,-15.70088681,18.76081431
-7.82950904,-11.53729891,14.9611042
19.68156307,-8.15272203,-16.55249815
-10.78059384,14.54318674,-12.25024903
-10.80572338,16.92184284,-12.26507436
-8.77622776,-14.18587972,18.19605061
-12.16347608,17.71903284,-13.40216333
-12.93861187,18.84010139,-15.54519045
-14.3320495,-10.32516559,17.04926768
-14.35355748,-13.50268915,19.10818074
-12.80646035,-16.55829717,19.3205137
-10.8024348,18.68453489,-15.63841747
18.43869033,-13.49112162,-13.57885132
-11.42715306,-16.39176914,19.77655275
-15.28813919,-14.64987987,19.38837501
-9.62755214,-11.31510261,16.27190699
-11.85514709,-13.79062133,18.76177589
-15.27684377,-10.80523258,19.63403652
-15.97428441,18.54994544,-11.74519229
-9.5213242,-15.45052678,18.40662999
-11.5608533,-12.1188171,16.61188618
18.70977603,-13.82887456,-16.0072744
-9.88847429,13.47900126,-9.5504813
19.16916384,-14.39344498,-9.67899864
19.46740216,-16.38425001,-11.42253866
-15.66148635,19.93895138,-13.33327885
15.64062411,-11.36890044,-8.85413128
-9.83034059,18.31012431,-13.59548079
-14.04481351,-7.65187005,16.98890569
-14.34517868,18.53318819,-15.48959222
-14.6967493,-13.29614938,19.28390491
-15.20255497,19.65686445,-12.13750454
-14.31377176,19.78005858,-16.54795394
-13.10094842,-15.89575331,18.84557753
-15.36587016,-11.11344872,17.58186297
18.920875,-16.60064602,-10.03071925
-10.13357843,-9.52421126,12.47928331
-12.00130845,16.49928462,-10.27452371
-12.06170277,-12.05283018,19.33990648
-14.49929549,-11.95300258,17.29695723
-10.35263524,-10.41430246,14.24892796
19.21693097,-10.40218962,-14.84527908
16.91745753,-13.56233925,-9.55926876
-14.05896852,19.97788572,-14.23315953
19.67993725,-14.27748452,-10.82153397
19.83909918,-13.30768298,-15.34795955
-16.1161468,18.36121541,-14.80089177
13.3635301,-10.60065607,-8.75682661
-9.10939145,19.55102237,-16.4587427
-11.0499977,-10.26431198,13.33058423
-11.95011842,-10.91551454,15.07163479
-12.79851668,-7.9908838,15.63258788
18.135808,-14.03615055,-12.84291714
-13.19404573,-10.47673478,18.23760701
16.24190319,-12.91622746,-12.66848081
19.61293774,-13.82160527,-14.65517911
14.6314158,-10.5418453,-9.33019363
16.20532814,-9.55618801,-13.2930039
-12.56333901,-7.73057008,15.37062605
18.22892473,-10.81078102,-12.83817061
-8.62439513,12.36606475,-9.0299452
-11.04649185,-16.21428615,19.89558684
-13.74204436,16.50981582,-13.49778641
19.56313094,-11.56846775,-16.5211284
-14.85051219,-14.95740231,18.24376582
-13.15346363,19.1279798,-13.54124285
-16.03370609,-15.81005674,19.30447564
-12.50210487,16.5850286,-10.27240584
17.72381018,-15.02677505,-10.83172111
15.02262139,-11.9894793,-11.1532831
-10.99717408,-13.00041957,18.75533586
-15.77507306,-10.15139221,18.05701936
-13.09205605,-12.02915903,19.96856205
-8.1383193,19.17267931,-16.28989213
17.03024469,-13.13696412,-10.7434048
-8.28492933,19.07838875,-16.47999275
-11.73900576,16.72948834,-13.17308369
19.8967876,-18.01138252,-7.87656022
12.60718416,-9.44308684,-8.07327349
-14.84871971,-13.72537625,19.29964902
-13.66130915,-13.49895622,19.47850823
-17.4042262,-16.08253476,19.91049232
19.66629396,-11.67950973,-15.20942133
-11.85957701,-11.19855911,16.53239751
-14.53363069,18.59602344,-13.58366816
-8.067029,18.82772924,-15.96813753
-13.32374636,-13.66674858,16.93961573
-13.58972802,16.76995131,-9.18040743
19.43104641,-16.7229124,-9.2335118
-13.89093498,16.95922291,-14.12847398
16.82087348,-12.23484933,-12.01406738
14.19045789,-8.88846814,-11.37786141
17.22521247,-12.75282423,-13.07410404
-10.56346541,16.00769212,-11.33704481
18.30310616,-14.80800915,-9.62249579
-15.069798,-9.49764749,18.33333551
18.02294395,-13.83025747,-10.73280307
-7.95373169,-10.66369171,13.87019703
-14.79244005,17.49387029,-9.46900676
17.04349431,-13.39503258,-12.59800991
-10.67006039,17.31668637,-12.50997944
15.39778211,-12.91981912,-7.00120486
19.20937038,-14.93291315,-15.92103343
-14.70476283,17.96133889,-9.5154441
-14.02887581,17.5302921,-10.68651354
-10.7697155,-10.2457841,14.38482477
19.7808253,-13.52569297,-11.19751007
14.64220675,-11.08317461,-8.38985095
-12.38802905,-14.18238924,19.22451757
-10.33093103,-11.28367654,13.67124606
-14.69008122,-10.95570628,18.96721846
-13.13303359,15.46387628,-8.27311064
-12.14956919,17.07849139,-10.24163924
-14.47852872,-8.249261,18.17965046
-14.556521,-8.23864166,16.80538419
-9.0423885,17.19637458,-14.027961
-13.94683583,18.33447248,-10.67844362
19.10335874,-15.54954459,-8.06849887
-9.24250008,14.81959335,-11.38890095
-12.21016832,-11.08780959,16.0126186
-13.47530049,-12.25632605,19.87260273
18.63017613,-9.9363558,-15.89115175
-9.65383876,-11.48728329,16.33787374
-14.57276096,-12.8377373,19.58247786
19.24241554,-6.84789581,-16.85940986
17.66233544,-12.99384018,-9.31678442
17.8952206,-9.47879227,-13.72286557
-10.36680761,-9.49856362,13.01451836
-13.39881472,-8.80727094,17.05260445
-12.56240343,18.57576276,-12.11876816
-8.92213182,-13.85577866,17.40425477
-10.68647504,13.49203177,-9.82235177
-12.35378239,-8.44768288,15.27753676
-9.896719,-16.58468037,19.30885539
-9.02911471,-12.52022443,14.84441412
-9.21977298,-15.64347811,19.3309786
-9.79083157,-15.40210634,19.54601965
-12.08388076,19.94607377,-13.94593734
18.42583161,-8.28960346,-16.10006171
-13.8729649,-10.63055637,19.81391728
-11.07210626,15.65402666,-13.25024241
13.76708519,-9.84581559,-10.05392787
-15.8665556,-8.03670637,18.73422385
18.82580509,-12.02430852,-16.25462311
18.47958677,-12.21975345,-12.171959
-16.69789182,-13.31767548,19.37797118
-8.80552731,-8.06889139,11.90503893
19.44645984,-16.99354588,-10.73161937
-12.83960016,-13.62911955,18.56564515
15.39242922,-9.6218307,-11.0073614
-11.02778342,-14.03029105,18.74429208
-13.85395942,-12.93603188,17.62301456
-11.74802353,-11.32217678,17.53785499
-14.23879988,17.26769555,-8.84382302
-10.09180146,-8.03251924,12.46971081
-12.19418407,16.13315092,-12.26568271
-11.46255468,-12.05131185,18.19469687
17.22357483,-10.92796467,-11.61199629
19.5025836,-7.97325629,-16.79207979
-12.5560968,19.06460927,-15.2942038
-9.00920895,-9.5003353,12.69551956
-14.77964077,18.95649501,-8.79063995
-13.54929558,-9.14039764,17.13922276
-14.12490588,-13.70523953,18.86625337
-15.27542707,-10.62878148,18.0105222
-9.54224528,-13.80385214,16.69880176
-12.65042973,-9.22394299,15.29209877
-12.94447674,19.9771912,-11.58802158
-16.63773645,-11.30401487,19.86413409
15.85056343,-10.2384898,-10.22842513
-11.98560681,14.71720966,-11.71745512
19.73225016,-10.89886585,-15.73543334
-16.41828976,-14.06238618,18.70474117
-11.20175177,15.50393428,-10.21068795
19.57485192,-16.25009017,-13.89210919
-8.09725284,13.55250081,-10.339029
-11.59434823,15.05100098,-9.54163687
-11.04339923,16.9436687,-12.80715662
-12.64961373,18.05539626,-12.18711801
-15.53886386,18.7158094,-10.90836754
14.28378284,-9.47113009,-10.43813843
18.39557643,-13.83809603,-15.372511
-12.72345295,-16.45442507,19.35045136
-13.10692671,-14.27321098,19.74662409
19.09517744,-14.96866891,-13.48449394
15.07529619,-12.50469315,-9.69019305
-11.52816818,19.07627184,-12.30295086
16.71717932,-12.79066383,-12.00773408
-11.92858635,15.07499133,-7.65190381
-10.24851305,-12.72451379,17.2691175
-9.13727296,-14.88095954,18.49371036
-11.91108575,17.16797314,-14.10578952
-13.58822751,16.27492999,-8.98955726
-14.01303641,-13.7706601,19.81997414
-11.51835208,-13.95981993,18.26501717
18.20760542,-11.16229109,-14.70486085
-13.95004958,-9.4564218,17.57668462
-13.684073,-14.36685625,17.81980669
-13.8750066,-14.55123575,19.38867551
-11.45196674,18.43440214,-15.60235856
-8.32894576,-16.99771768,19.64662544
-16.16317148,-16.32221366,19.00424611
-12.42857056,-12.62058005,17.37064505
-11.31455066,18.25470925,-15.65450849
-11.20645525,-11.05018807,16.57647027
-10.44913046,19.75600003,-16.48168897
-10.01234975,18.66552585,-15.82569778
-10.05383668,17.79699735,-14.99122875
-11.26705367,-15.27966877,19.52841152
19.54710356,-13.79063247,-12.36362807
16.97176606,-12.08928682,-11.21934974
-9.02969754,-11.47491995,15.71786228
-12.46725286,19.78567176,-13.10899542
-13.87010398,19.769452,-13.78395824
15.03498709,-12.29043847,-7.65525368
19.66650316,-11.58891593,-13.47839414
19.10014313,-13.68599923,-13.34551276
-7.20356207,-12.15583345,14.91374387
19.91634972,-14.90952468,-13.7204989
19.88308993,-14.62491578,-13.91244414
13.87034362,-9.67573275,-9.8971131
19.55445022,-13.5995951,-11.09409319
19.93952811,-11.82789912,-17.26526158
-12.5340237,15.04030803,-12.52352044
-14.3702524,19.70427711,-13.45579524
-8.51531769,-9.76421741,13.4050959
-13.53560818,18.95758575,-12.0306941
18.4001626,-13.1285608,-15.63167187
16.69128132,-13.2982066,-10.84854064
-8.46298413,15.58950923,-11.55432246
-13.78906142,-10.52687031,16.47915021
19.57743065,-15.64118172,-8.54878518
-14.68086479,19.84705235,-15.80057547
18.50261176,-15.21977514,-8.61762141
17.50760181,-10.75680474,-14.89743648
14.81887621,-10.17825494,-9.71032326
-10.38858075,16.28875163,-13.29400529
-14.38614703,17.16231849,-8.59392604
-13.56486169,-11.70692658,17.04307553
19.69764796,-16.76842305,-13.43061829
-12.15436539,-10.55382641,17.80695094
-13.34654422,-11.40754255,19.41966509
17.38307186,-10.63499045,-12.66817037
-11.63690088,-9.52657236,15.61581821
18.23746329,-13.41590296,-12.78913652
-15.69095414,-16.24764769,19.29889645
17.34164093,-14.93314732,-12.01834306
16.71377952,-14.49686089,-11.17873746
-15.16665469,-10.90662346,18.08617667
-10.04584993,-7.12390512,12.68719704
-13.77019554,17.6451252,-8.94876674
19.79443648,-10.22044079,-15.49721122
11.26532263,-8.01219957,-8.84577849
16.54087279,-13.9166583,-13.50034065
-8.04759453,-10.08184997,13.65251057
-15.58030503,19.78628775,-15.41675356
-12.86605977,15.12509451,-10.97917666
-12.13125083,-10.53143537,17.34391105
-13.38812574,-12.78425943,16.92674179
18.56218655,-13.47244427,-9.9378296
-11.33771667,18.82900054,-14.336769
16.66322962,-12.52426,-10.4872274
-8.31225213,-12.41941881,15.77248635
-13.51429447,-7.58986228,16.3162057
-10.34632519,-10.4769442,15.88654205
-13.55292239,16.89718166,-13.5227749
-9.21582115,-14.57836462,18.18208331
19.95413581,-16.53123483,-18.16704955
15.5844252,-9.40499521,-11.65656162
13.81986832,-11.58199151,-7.17538966
-9.43427683,-14.7055854,19.25368788
-10.40345698,19.22879344,-15.94884663
-9.71291937,15.87423785,-12.88776793
-9.45099731,-15.55319023,19.66131289
17.20241431,-13.05721833,-9.16449321
-8.16991175,-13.65486269,16.05069687
-13.74341144,19.75548377,-11.95560437
-14.87159259,-10.69081881,17.68109233
-17.37374483,-7.50849901,19.79254354
17.40378856,-11.13385577,-11.69233553
19.78522907,-16.89160026,-8.68742793
-10.3430891,-10.16929633,14.31779136
-15.13643996,19.65266964,-15.1060789
-11.09657193,15.11506817,-9.95427616
17.14495739,-12.78450604,-9.79169318
-10.96755945,-12.00915513,15.41264531
18.66018283,-13.8073805,-14.23311619
-11.6321527,-11.12210611,16.54588307
18.97577459,-14.16545424,-9.30539138
16.22429147,-9.77486975,-11.49600739
17.98377002,-9.89147126,-12.63933184
-8.37226007,16.62021484,-12.91473461
-12.7892716,19.89244408,-13.49075676
-11.36820509,14.37229586,-9.00845351
-9.66610019,-8.45297916,12.82902718
19.78706585,-16.82052328,-8.79294122
18.23463572,-10.21686075,-17.46737485
18.71401785,-15.9013943,-8.14880729
16.41531653,-12.59881107,-8.29741766
-10.30569273,19.49258875,-17.13880824
-15.42080171,-15.08679592,19.35793356
16.69206606,-13.92873919,-8.14780806
-15.97080573,-15.54255271,19.34467646
16.93665742,-12.58888511,-12.54165927
-8.57335822,-13.45798118,17.59830724
16.9733494,-14.3158157,-8.51347015
-14.0849866,-15.53692682,19.98842491
-15.56947232,19.42235909,-15.02221605
-8.27402071,-13.79492878,16.31873794
-9.65244797,-10.8618762,14.68237252
-14.48011337,17.61531887,-8.09311218
-12.87413542,-9.82029748,17.4659264
-8.35149611,19.86421716,-17.61132367
19.62760676,-12.38056452,-14.24152501
-8.77663259,-10.56647244,14.69482315
-9.75773882,-16.62250304,19.78121849
-12.31534578,16.43348628,-13.79713487
-9.44452066,17.46958367,-13.745005
-11.94292934,19.35831806,-16.65230009
17.89709499,-9.5655003,-13.77433211
18.73047669,-13.68069329,-11.84386462
15.05912535,-11.56358146,-7.90951244
17.06295684,-12.9517169,-12.78438786
19.26565072,-11.89516854,-16.39574259
-15.95828712,-10.70827537,19.96145112
18.36382131,-14.7598584,-9.66512687
-11.9077548,-10.74663884,18.23553321
19.44527295,-12.25744296,-15.57904205
-15.67533862,18.50844741,-7.85167455
-9.82785895,19.39947598,-16.5687397
16.58291711,-9.88329582,-11.27511828
18.36161628,-12.0137018,-13.46137887
-9.45030452,17.21618725,-13.30839179
-14.7647298,-10.25042644,18.78008683
-11.32522344,15.49453591,-10.83041211
-12.73993373,18.42503925,-10.60396385
-11.47408529,17.64364373,-13.39283129
-11.51525625,-13.09542481,18.28334452
-11.62427144,-10.95120022,17.11608961
18.83963096,-12.28305106,-14.27752306
-13.57952458,-16.70970454,19.4654702
-14.18027677,-8.07919134,17.47814203
-10.8307004,18.56409599,-15.21700326
18.5632805,-16.20510321,-12.29094378
18.48306934,-11.3762118,-12.98868133
-9.9775983,13.41503122,-9.72018267
-10.18893598,15.42644733,-9.7375167
-14.9698811,-9.59770225,17.91320135
-12.71858358,-12.60826528,16.62841099
-11.02696851,19.75394743,-15.7954663
-10.20780126,15.72558963,-10.43993543
16.17081053,-9.40154287,-13.10867551
-15.84077753,-13.0973903,18.93299182
-11.02338146,-11.21050772,13.85099152
-13.58378952,-13.76717845,17.58610858
-10.84786969,-10.24734324,13.28579745
-12.62134265,-11.59938662,18.75768055
-13.1980135,-11.39517485,16.08415063
18.8046362,-10.57112215,-13.32456554
18.39429082,-12.17178857,-14.59265785
18.32471988,-14.32838259,-15.18060141
-13.04507965,19.65278205,-13.4005594
-15.04676799,19.48709644,-9.74038722
-13.24259452,17.13547714,-12.19059634
-8.92996998,-9.92280629,14.28530028
-12.97396166,-14.22799944,18.14607683
-12.94218983,18.13442452,-13.77420296
-11.01030228,-12.40812395,16.18341903
-12.48448021,15.01771962,-10.50773316
15.72196457,-11.71539465,-11.68899114
19.55746135,-16.23147039,-8.06464091
-8.24802638,-7.89717238,10.52324774
-10.69854775,13.36157815,-9.87820582
17.66924914,-14.57979781,-11.13519495
19.25105937,-16.43333626,-10.49516743
-11.5845685,-14.38911507,16.75243403
-16.87516959,19.55823097,-11.93611479
14.052665,-8.80744031,-10.91062187
-11.84641806,-10.73452359,16.95378839
-12.98156459,16.9928398,-13.5082879
-9.69947798,17.78131022,-12.92569598
-12.4845068,18.34646571,-12.63071973
-12.55409328,-10.34949419,18.20658744
19.17435273,-13.74497539,-11.57393547
-14.84346447,19.38828047,-9.78819202
-12.33039576,-17.65663228,19.93057704
-14.56887835,19.75875572,-15.15735572
-13.4008819,-10.78975144,16.91352953
-11.37661847,17.38043545,-11.71035295
19.31326117,-12.075699,-15.02700712
-13.51143572,-14.16127123,18.68531911
18.39985971,-15.67792494,-7.45412814
-9.45296984,19.42988368,-15.80430611
-11.33402291,18.9664606,-15.22501226
17.85255298,-10.05567279,-13.07407604
-13.92960039,18.33564208,-15.86529044
-12.38988914,-12.17905954,14.61641002
-12.92993613,-11.54651257,16.85100978
-16.19856824,-11.45335195,19.89389389
-9.9234594,-13.35746743,17.85893952
-10.00733727,-15.31106699,18.25126538
19.22809342,-11.88717642,-13.80501415
-12.14809674,16.77334317,-14.36602082
17.08714407,-13.21374839,-9.36460833
16.65773813,-10.1845292,-11.15151301
-14.05950794,17.58379892,-9.10920281
-11.63682107,-12.41385103,16.22717073
19.76028716,-14.06129898,-15.58673277
18.17393892,-12.84740801,-10.97952215
-11.43849802,15.32838475,-12.28613004
-13.71672766,16.69696836,-10.69462525
-15.09774158,19.1314908,-9.94962969
-10.2149532,-12.3867076,18.15119518
-9.40541039,12.83419953,-8.4182963
19.66771111,-14.48799366,-16.50832476
-15.39502599,18.65522143,-12.19882679
-14.52050236,-15.40386661,18.22670769
14.59943212,-10.09093548,-9.14941932
13.95256736,-10.30742863,-8.68236805
-14.94837727,18.7380736,-8.6310585
-11.44053175,15.35829254,-10.55150302
17.1106285,-14.04194789,-12.34962442
-13.22027167,-8.59257791,15.46688458
-9.07772467,-9.49011135,12.81931215
-8.12281339,-11.93939777,14.49396327
-16.02839657,-9.91468077,19.01281755
-14.86965701,-13.76895849,18.45421305
-9.29281691,19.21694913,-15.71190175
16.48148671,-12.56288894,-8.8844666
-12.96836533,17.34860487,-15.07324007
-13.34137459,19.46108815,-12.11934676
-11.20662157,17.15864476,-13.0578592
-15.98657215,18.59604726,-8.40859521
-16.1976321,18.84724483,-14.77977062
-10.92238994,17.82872214,-14.03579285
-11.75674954,-10.33342892,16.79900487
-11.19151572,-11.97089712,18.67600575
-16.28851433,-12.28427168,18.77076031
-10.5692549,-9.9141052,13.68290511
-13.75222229,-10.88625002,17.18945247
18.3997019,-11.44601406,-15.49009157
16.87217284,-11.06955787,-10.95318344
16.93795318,-14.2784889,-14.10106386
-9.48969326,15.86703912,-13.17118104
-11.62277635,-11.14970143,15.00945875
-13.93292405,17.34611161,-9.07976785
-10.32414185,-13.26294558,15.54165692
-9.91707381,19.81237394,-15.88692528
-9.46920927,-12.07786021,16.22521996
-8.6311534,12.75770431,-9.84493272
19.76683392,-13.95047484,-12.77999359
-13.74670414,-13.47653465,19.42785551
19.50026557,-15.13804049,-14.58064154
-8.68486157,-10.04895259,13.586166
19.4328058,-15.0232505,-17.12952546
-14.9006908,18.53465746,-13.02429681
-11.10619965,-10.65822201,16.39662364
-14.56089559,19.85454994,-12.42950349
-15.88151957,19.64547309,-15.28754921
-14.62260492,-14.67721962,19.45057219
-15.13011791,17.65197443,-11.37518982
-10.90874497,18.94881241,-14.0785672
-10.84477168,17.70529951,-15.11675393
-9.37263641,18.07996412,-14.76793673
17.29649331,-10.84233038,-12.37672771
19.87110811,-10.92038198,-13.60973953
15.58469159,-10.89894689,-10.33165777
-14.42216472,17.84564776,-14.28673268
18.89002797,-10.13980323,-16.24219625
16.47017526,-13.57890994,-12.12046181
-13.00843815,16.94034355,-10.69199567
17.89014178,-13.06650299,-12.1703402
17.24311225,-13.45753365,-10.31752477
18.91909011,-15.8140749,-8.22339127
-12.75501531,18.53098063,-11.77440979
14.63402198,-11.8396868,-10.92819426
-7.86883129,-15.78067569,19.01397011
-14.64847124,17.24899204,-9.05084901
-14.39368593,-9.61037184,17.29828488
-13.60195857,-12.44050405,17.0891395
-12.63008594,-14.79045729,18.02934725
-7.14039747,-16.09117202,18.80670157
18.81039044,-11.65782947,-14.06765217
-11.04157664,17.93576886,-14.48735197
-14.99441064,-8.26178474,17.70031717
17.69596867,-10.5845759,-13.45265901
-15.6722548,19.78036715,-11.01352953
19.9180681,-16.90291009,-16.18626568
-12.90412507,17.7242816,-11.89480756
19.78437429,-13.15764855,-12.79803859
-9.42019846,17.56484361,-13.89410757
-10.68772657,-8.30299771,13.16333746
-11.58152927,-12.17921538,14.83613707
19.9049588,-16.70366141,-11.91819511
-13.2926038,-11.04367942,19.25873712
-13.63635211,18.27103954,-9.86876259
-14.28251487,18.36732433,-9.17083583
-7.33110845,10.5726078,-8.03368728
17.63069375,-10.13528729,-12.22941317
17.95081886,-11.53977312,-13.44045321
-11.39966088,-12.83705986,17.40342835
-10.167435,12.25304977,-8.29299887
-8.8086052,-14.09158744,17.0226474
19.46232654,-16.03132261,-8.42655145
-15.64637864,18.92955865,-9.00801043
-11.56529599,16.95087268,-13.14510189
-12.53676318,16.56089213,-11.71085348
-15.66053985,-11.53528655,18.89327708
14.93894219,-10.47437823,-9.80177972
-10.87267085,-13.95846353,19.96744871
-15.6042757,19.97817487,-17.14480203
-12.62486818,-12.99366863,17.86994343
-15.25276435,-15.40445253,18.3051601
-9.67017033,15.14741648,-10.33270997
-15.72897228,18.48734746,-8.77974684
-12.15816903,14.89160242,-12.40462879
-11.79914431,19.9648071,-16.51663956
18.81599818,-16.03410318,-13.34849353
-10.01268052,-15.13634027,18.63523597
19.85624899,-13.2353683,-12.35831016
-13.80899795,17.10328639,-11.558914
19.15501977,-7.94889717,-16.9219911
-11.89388109,19.38925524,-12.79713175
19.40025016,-16.09730924,-10.81443033
-15.80225131,19.12002597,-10.40745527
-15.58504424,-9.68019505,17.85615827
-13.62458252,-10.19585726,16.04372402
-13.41348734,15.88126056,-11.77424557
-8.64078649,13.94941603,-10.55417135
-9.81313665,14.17004488,-10.15206791
18.26727973,-11.40383642,-15.55872301
19.58594244,-15.11161569,-10.81829302
-16.5742004,19.17310796,-14.78905728
15.09812351,-11.7840049,-12.79079654
19.54359439,-11.15302612,-13.16247044
-14.5278274,19.08626015,-10.17016695
-9.54521327,17.08659844,-13.72369444
-8.63546928,16.34278184,-13.38508595
17.6237283,-15.08610155,-9.93405443
-8.98235362,-10.2039289,12.31471876
-16.14209488,19.45379941,-15.11423486
-10.30976785,15.25469327,-11.80142768
-15.60332604,18.43239045,-13.87054313
-13.45498468,17.39850168,-9.08651687
-13.23571013,18.67003976,-13.30033462
-16.55981779,-11.00854659,19.10496831
13.63476736,-11.0434096,-8.60749588
19.12857567,-10.3286692,-15.33454108
-9.39752675,19.16538945,-15.50075589
13.45369145,-11.21946197,-8.48804924
-12.64885894,17.01018087,-8.90572908
-16.05956093,19.64386707,-10.15043013
-13.59898415,19.50700379,-15.81321279
-12.99739485,19.66057663,-16.87818173
-14.40217835,-9.25314063,18.94199853
-10.37637654,-13.79973372,16.49646098
-15.22885215,-14.66174418,17.76637683
18.81445209,-16.58772784,-9.44367455
18.55213634,-16.3171481,-8.53123186
18.30071189,-9.69017815,-14.34579613
12.33397432,-7.74414617,-9.69463028
-14.76072353,-9.31324286,19.28076928
-9.32503651,16.98788015,-14.25705459
-10.87157473,19.71976342,-16.16297368
-16.59501811,19.35231666,-12.55768849
-10.70063259,18.58775533,-13.07824588
-11.73843871,-16.46279379,17.85006313
-14.30419167,-11.45287361,19.24384002
17.05927664,-11.59285847,-13.28510462
-13.86644623,-11.34971363,16.49816483
-16.3145799,-9.40116668,19.45029086
-11.50936085,-14.81745825,19.97178464
19.07268211,-16.06394904,-10.32347
17.21546939,-12.82811594,-11.35842369
19.55081046,-15.34394914,-15.22004508
19.32392272,-16.65541711,-7.11827886
-14.46591984,19.46918892,-12.91836742
19.93219867,-15.39288495,-10.17208946
-10.0479864,-14.90707692,18.32756538
-16.45136991,19.54408803,-16.27802748
17.4982318,-14.67378882,-8.21730432
14.31121448,-11.84207445,-9.17671603
-9.46403426,-15.40514244,19.54345666
-7.00133706,-8.32796711,10.70336977
14.11569617,-10.51084573,-11.54096076
16.24460313,-13.28009345,-8.31142544
-12.5092594,-10.41709575,15.41033786
-10.89765044,-15.53812691,18.66274915
16.98621778,-13.6363532,-11.84445787
-11.16976285,-15.45842256,18.86462779
17.06344346,-12.87605477,-12.41270373
-11.50876967,-10.0291348,14.62053437
14.79873727,-8.50440596,-12.28564655
-16.47514478,-14.62127976,19.39912439
-10.95622443,15.89292585,-11.64711709
-13.76407606,16.55017238,-11.03472323
-8.95757942,19.46510033,-17.28750724
13.24128965,-10.23279404,-7.79008634
16.87924031,-11.0886331,-13.07314082
-11.3695831,-10.29471781,15.7474953
18.73088454,-16.36227105,-7.77230585
19.90152868,-11.57889091,-15.17682925
14.71768019,-11.54308486,-10.63527622
17.47284733,-10.92312532,-11.34049052
12.38025495,-8.07655442,-10.11493105
-9.1887354,19.77872153,-16.50446857
17.57999474,-12.50078096,-11.90262636
19.78337678,-13.91225328,-15.42350005
-12.76421241,-9.47695884,17.81869928
-13.40515908,16.64250334,-9.83529873
-5.639239,-18.4958046,14.98803982
18.62301275,-14.90571038,-12.25302039
19.20738546,-14.68178273,-11.63276535
18.93008509,-16.24075027,-15.56373154
-13.20177354,-8.10803923,16.48991396
19.8861894,-8.77368308,-16.09899245
-12.73265772,-8.45760954,15.44859358
14.26926343,-11.2400807,-11.52591401
-13.38545003,16.74184401,-13.34187739
18.40582042,-12.79385987,-10.75975746
-7.91755372,10.72325317,-8.49133873
-10.48172103,-9.48012143,14.22669552
19.24471971,-15.28315827,-13.45552948
-9.06578907,14.72919788,-12.05787935
13.62393383,-11.16961744,-6.99555748
-16.72940415,-10.18590003,19.46145102
-15.85364087,18.68691968,-11.8077912
-11.9773997,-15.12975837,19.60049096
17.74350531,-13.54215246,-9.38624329
-15.11999014,19.9660859,-13.12956274
-15.82560251,18.99657325,-13.31773226
-16.1644065,-13.6813382,19.39410837
-10.90227275,15.06354679,-11.42170812
-16.77015643,-11.15445942,19.15197495
17.51402832,-14.99555699,-11.15572632
19.99737745,-14.8157143,-9.87993949
18.97611872,-11.12098849,-12.48984032
-14.77188439,19.61381159,-12.14081989
-8.9803335,-10.93110798,14.29433388
-8.2023603,10.87756413,-8.32086938
13.49028966,-10.31462546,-7.79998974
-11.40419694,19.75037245,-16.45511746
-11.86483384,14.4741393,-11.33809158
18.93669125,-10.21148284,-14.90968098
-14.41222767,-9.4971926,19.4618626
-8.69680438,14.80761931,-11.65192236
-9.02938724,-11.96147561,14.5344775
-10.4903349,18.65676916,-13.15994944
-11.47175068,18.94940061,-15.35912766
-16.171509,-9.55077236,19.85492309
15.24482148,-12.83054176,-10.77959634
18.51244027,-13.73110742,-11.5365831
19.00388141,-14.6139102,-9.61210116
17.35886366,-12.91577137,-14.03123373
-12.45359124,-13.60412455,19.59074653
-11.50398853,-17.10556626,19.60818109
-9.6493995,-14.13921651,18.32290295
-14.66235629,18.19975843,-12.2200809
-10.11101972,-8.40637993,13.7812418
-14.87628152,19.91913421,-11.32379006
18.83322538,-14.43487979,-12.49509196
-12.82132834,18.89163799,-12.11911412
-14.26660191,-12.08414715,19.8838169
-12.71922598,-12.0619916,19.22632167
-10.69827639,-9.8345023,15.13287477
-8.77550279,-14.5991917,18.59323055
19.16324147,-16.79296208,-8.30814936
18.96718788,-14.33850102,-11.36511815
-14.14233437,-10.21899319,17.11551698
13.35346343,-9.82978415,-8.34074291
-9.44044632,-9.02688177,13.70750852
-10.04133964,-9.53591675,13.77974302
17.42102629,-10.05681203,-13.86240328
-12.54338431,17.10951176,-9.87493849
19.18300373,-8.91075932,-14.8228734
-10.38189034,-16.21375807,19.30233306
18.82737372,-13.73791281,-15.64983698
-13.46651842,17.83068787,-11.73665372
-10.05223725,-9.78166807,14.37174009
-17.18878334,19.71015584,-15.00356212
-11.21264331,-13.91640336,17.50560669
19.82106315,-15.08183942,-16.69493731
-12.87490491,-13.34384158,19.58118248
-13.89127947,-15.9898724,18.54172293
-7.65019272,10.19397081,-7.16836695
17.34746611,-10.02137518,-13.47286894
-11.64221769,18.43819663,-11.40579239
16.21202489,-9.99086199,-12.11489759
-11.84364514,-10.79202255,16.27107115
-14.82983297,19.54298849,-10.94324293
18.09639678,-12.91120093,-11.78001343
19.01811582,-13.17675892,-14.87962591
-14.15999341,-13.57382838,19.58190411
-15.88614758,-16.97757616,19.72629759
-12.6106111,-15.34192316,19.32305269
18.21433475,-8.72927334,-18.78930899
-7.43534231,12.80035266,-9.86615606
-8.62938248,16.58938723,-12.37738647
14.11960263,-10.39950935,-11.46800774
-11.78468836,-12.52749332,15.0506914
-12.92220559,-11.4912192,16.7449085
-8.03394693,-11.70847452,14.81733558
-8.2161242,-16.67371711,19.93207011
-11.98819754,18.84425989,-15.17769505
-10.60637273,-7.60402472,12.85956665
19.93934584,-15.71013473,-10.794159
15.87567451,-13.06103882,-10.19121586
-13.36736601,-10.92990303,17.93507195
-10.89103088,-13.96608882,17.18690367
12.6536598,-9.92946657,-9.38652235
-12.91279687,-14.6854823,17.75773363
-13.04594625,19.9020824,-16.56306879
17.43804824,-14.65656674,-9.78974784
-8.24993792,14.04547538,-10.38789187
17.40740241,-8.577431,-14.57133452
19.62269962,-12.0850539,-16.71494768
17.63774046,-13.65964901,-8.60953605
-13.74874218,16.59210874,-8.09807719
18.57365305,-15.47472982,-13.88909086
-10.35825612,-11.7842153,17.71243532
18.28340977,-14.58350794,-10.82724591
-13.22428853,18.41157456,-9.69291249
-11.30527639,-10.48518224,16.09621271
12.85982045,-7.86928379,-9.74181488
-16.76792341,-7.05919674,19.3012135
19.30093361,-14.77416141,-10.6133396
-12.67547842,16.17680559,-10.30958558
17.40626544,-11.07240336,-14.92179707
15.79371174,-9.81511684,-11.81066467
-8.08444388,-11.17530146,13.55147945
15.11603124,-11.83886221,-9.39580054
18.18509557,-13.18692341,-10.30446751
-10.54277692,-13.87532482,18.70246892
17.35267183,-10.6784174,-13.63725978
-11.98506612,18.5973222,-11.98901519
19.12958565,-13.59379767,-12.69257845
16.0724958,-12.15378122,-12.9884695
-7.55145077,11.38923994,-8.53588397
-8.72654367,-8.6729175,11.62859881
-10.52254491,-14.04387023,18.09732093
19.68121358,-11.6007921,-13.16487575
-17.04615122,-14.14186237,19.36639399
-9.63677166,-10.70921724,14.03472643
-15.21788267,-13.84512103,18.14039614
16.90324548,-12.67904958,-12.72102725
-9.98597137,-8.46906611,12.91402178
-10.9084748,-12.72641774,16.55093763
-16.3232466,18.44473159,-9.73028408
-13.44194169,17.01789769,-12.45359623
19.32096548,-12.53755349,-14.9241025
-6.98115129,-12.71158226,15.0616776
-14.7479176,18.95399755,-14.44702819
15.1828605,-10.70887883,-8.9492939
-8.02644872,19.25820788,-16.61963363
-10.99187033,-14.4211352,17.63050919
-12.21353228,15.07513658,-8.1981684
-11.65502231,18.17058892,-14.98797741
-6.92653778,13.03121512,-10.79650537
14.5041538,-12.23718382,-7.28623477
18.97581013,-15.14569353,-12.79315995
-13.58547898,16.64188794,-14.43898648
-13.95309874,-16.88100265,19.17764172
-10.81468371,-11.14475331,15.56135816
13.74246842,-10.22982152,-8.16604422
19.63315593,-16.41918852,-12.36488855
-8.22463708,14.46894824,-11.78600997
19.50330631,-15.58133087,-12.00441662
-10.62900073,19.09458737,-13.61108901
-9.47327333,11.99270917,-7.54850225
-12.41555125,-11.16635941,17.3531372
-15.52690921,19.75344082,-15.5721909
-9.54350904,-14.45006163,18.45758423
-15.46390493,19.46600172,-9.2757406
17.65024544,-10.57419739,-11.65563017
-8.45411778,18.4834093,-15.53172901
-11.48234273,-12.59632233,17.85299995
-15.86957073,19.50055371,-13.2179723
17.47287459,-14.46365432,-11.86640919
19.25020265,-10.76793756,-15.14720885
-13.14974132,-14.91413528,18.85002396
-8.7188072,18.30971925,-15.75277846
-12.32118573,-14.32247901,17.45096378
-16.08357377,18.77401786,-12.77618965
16.11903343,-8.16651185,-13.08011049
-15.6465782,-15.3072864,18.0496764
-15.12618435,-15.54802923,19.21509026
-13.98573591,-12.4042327,18.05155312
15.71922157,-13.3076253,-7.85594269
-9.45828526,-8.71643647,13.15011693
19.34293016,-11.69811463,-15.52316231
18.90541677,-12.89169748,-12.6013126
-12.34751861,15.44730555,-10.35917112
-10.49490241,-11.58670866,16.56496453
-11.31131728,-13.23384422,15.93455388
-9.41441001,17.4790643,-14.84356486
17.46894737,-14.29234141,-10.40534917
15.83241139,-12.19303765,-11.39830498
-7.98546558,16.5832972,-13.04213665
-11.66414785,14.58857917,-10.8948203
-15.50323895,18.9655308,-8.97702373
-9.75317335,-15.57082919,18.19756292
-11.71583102,-13.95152282,19.85050863
15.33791873,-7.46692545,-12.39605292
-14.33281925,16.57494495,-12.91838113
-13.22979865,-14.40169275,19.78734211
-12.97152437,17.01769794,-12.87556949
-15.52778951,-12.47903994,18.3295624
-10.17771275,19.3472976,-14.66399358
-12.48777217,-17.54428168,19.61408765
-16.83187603,19.88795001,-16.90267508
19.85582209,-12.92778206,-16.67348557
-12.22536597,-11.32055713,17.70941947
-8.92710492,-13.48449856,17.59492568
-16.02413142,19.56017396,-12.62867356
-10.43591394,-13.36086753,19.32568278
-13.69444748,-13.85542018,16.80306797
16.79716815,-9.49013721,-13.04763005
-15.00909429,18.37203936,-7.79572355
-15.22176963,18.20735162,-10.52926708
19.92928069,-15.02794337,-9.45056287
-9.42699787,16.74486038,-14.34771724
19.78727832,-16.41822737,-9.44298707
-15.44239221,-16.13355203,19.67491217
-9.53744494,15.00641705,-12.50844487
17.19507574,-10.76992398,-11.35264387
17.03445599,-14.47651312,-11.20983928
17.00888232,-13.00606052,-10.60408696
-11.23133481,14.51053084,-8.93498335
-14.13425105,17.12045547,-7.61173424
-12.49208536,-11.20907968,16.6528589
19.25091721,-9.88822909,-15.36837236
-16.94440751,19.11323757,-16.19574137
16.60582651,-11.02050065,-13.92676776
-11.92150915,-15.49567152,19.5557352
-16.31238592,18.70038803,-14.06884812
-12.31809392,-9.4585167,16.99932461
19.26191886,-14.34383145,-10.16894971
19.17316324,-13.68697802,-12.4666831
17.10284853,-13.80058047,-9.19960834
-9.59187917,13.87327468,-10.45415547
14.3797674,-8.94736302,-10.05175433
-9.36901606,18.51646172,-14.70904922
-12.38830309,-9.31735527,15.10182548
-13.29047184,-15.0081255,19.42156882
18.91675865,-14.99016746,-12.9899836
18.98091135,-9.56841913,-16.00029293
-12.6616623,-12.90863026,16.4924439
-15.01281961,-9.15891781,17.56680936
-11.71883828,16.36514245,-9.45292703
-11.63478361,-12.59539208,16.36772401
-9.52753484,13.54731623,-8.44122727
17.33299643,-13.54342682,-8.27258263
15.90902737,-13.59185702,-8.5188086
-12.62928353,-10.45414298,15.62149676
18.08059433,-13.71041639,-14.11352569
-12.98493279,-10.82337935,19.01291839
17.50630505,-14.45175454,-11.54718143
-10.71405633,-11.56412392,14.27074405
13.74606924,-11.36597759,-10.53685554
-16.25463312,18.81838029,-10.72710794
19.71267253,-16.3701803,-8.16198264
-14.50552378,-16.49331276,19.30214105
17.5055395,-13.52564421,-9.55128401
19.40991559,-15.73866959,-16.00388436
17.33127345,-14.24426892,-8.61894586
17.96147756,-10.43938742,-15.55383073
19.29360016,-11.18581356,-17.02978654
-10.38951176,-12.4595052,16.80592585
18.8687489,-12.66593353,-14.94347699
-12.35035302,17.95002408,-12.67536493
-11.40940195,17.48941248,-14.18155962
-13.85142883,-10.37942712,19.66436165
-12.25951752,-12.37395693,16.51565169
16.01323776,-12.95946323,-8.15892053
-13.74630944,-12.32473977,19.03525735
16.95231627,-9.90352773,-13.44611305
18.48181497,-14.2032078,-12.27308874
17.79768551,-11.18922665,-12.30742251
-12.14058201,-16.78353343,19.28246368
17.6256904,-12.76728314,-9.4937262
-8.97503421,-9.5377958,13.3156194
13.91031269,-11.09053683,-11.53877777
-11.43689468,-9.35096538,15.02831754
-14.93115094,19.04171622,-12.78387809
17.07097394,-13.49554195,-12.91505949
15.73694168,-11.22102357,-10.77396175
-10.47810564,-11.78261459,14.74431153
-11.66842612,14.39705472,-8.34047811
16.10616285,-11.18789195,-9.47238016
-17.04493131,19.79904595,-10.87643923
16.28470382,-12.8438419,-10.99139678
-9.20826313,-15.04241697,19.78990197
-13.36285111,15.90313411,-7.2106328
-7.97663467,13.03714963,-10.16866753
18.927937,-8.27928186,-16.38537629
19.00824519,-15.93403996,-12.24276435
-9.65815325,19.37277274,-17.14655479
-13.30735294,-11.11855816,19.14588509
-16.3736358,-10.21412791,18.97806339
-12.60500423,-10.85566687,16.6016313
17.19708137,-14.60431413,-9.24021243
19.2782886,-16.59632246,-15.60818867
-11.16082449,-12.47201869,18.92610886
-9.12592087,-14.22562664,17.35663039
17.35181258,-12.33905932,-14.27832054
17.95678587,-10.38265383,-13.89236042
-10.78915802,14.72440908,-8.4874107
-9.43839778,-15.20761803,19.54804508
16.30895662,-12.85940233,-10.14660775
-9.18049619,11.54932325,-9.3260912
-8.50108598,-7.17160668,11.20415856
-6.67737497,9.38424792,-7.11329509
19.04348446,-9.08042463,-15.59568212
-11.58637571,14.61549189,-11.88188601
17.52531965,-10.51482309,-15.15516587
19.73222985,-16.48730205,-15.60583765
17.3188894,-11.67837071,-11.83908934
-12.9000534,17.14016911,-13.13803702
19.37357824,-11.20792377,-15.31973144
-12.54273912,-14.22878131,17.67248556
-8.8930832,-15.52781901,17.96613102
-11.38814176,18.46030296,-12.31533463
17.85331798,-14.33721333,-8.24956996
-12.15914709,18.70095758,-14.83148806
-10.5290332,-9.53304953,14.31703413
-15.36731015,19.9843975,-15.51743851
-13.53384841,-10.37692629,18.33259478
13.73100063,-9.54816112,-10.67192782
-12.65866029,17.77175481,-14.59529104
-10.42665833,15.13741997,-9.24190624
-15.81461726,18.89052759,-12.81446139
-12.29769546,-13.48100439,18.78927014
12.04115368,-9.45646919,-7.11053392
-7.75517274,-9.67425062,12.44219302
12.54903932,-7.5864193,-10.03821709
-16.9463438,-10.57754195,19.82263023
-15.19004569,19.76233401,-10.73565823
-10.68085986,-11.34759825,15.13087472
16.16464869,-12.98305159,-7.64825548
-14.3339503,-11.00108402,19.27484435
19.27670605,-14.91772756,-9.08763646
-7.42180274,-15.62347876,18.128926
-16.23887091,19.18983384,-7.45624909
16.98864451,-9.76983361,-13.01414117
-13.05552969,19.6377572,-15.33367073
-10.6610121,-11.86694452,14.11571724
19.3646721,-13.98852279,-10.91180397
12.20112795,-9.77389303,-8.39877823
-11.44081889,-9.57170526,16.06562686
-11.29267191,-7.37663587,13.84566535
-9.86724769,-14.09145069,16.76072863
-11.0020874,-11.90658148,16.95754098
-9.19980354,-12.531572,17.05852728
-10.51043108,-13.99212125,18.30509459
-9.22733648,12.4448404,-7.91703273
16.62483702,-9.53807175,-14.01708791
19.96247404,-17.13627233,-10.25870146
19.95285863,-8.92988427,-15.76267397
18.44835429,-14.70085712,-14.57563509
17.021342,-14.46599137,-11.79803441
-15.21271825,18.08598226,-12.9959487
19.2353252,-12.99235558,-13.42154032
-15.62190369,18.04860775,-13.37670313
-10.48286199,-13.05561365,19.07537445
-9.22854651,17.294449,-13.3564193
-7.66677376,10.81523661,-7.59867047
-12.12383053,14.37217657,-10.74472079
16.93706263,-12.67520679,-11.67131885
-16.65137922,-17.11919026,19.78276742
13.9650654,-11.58825335,-7.38046086
-10.94491514,-9.54845063,13.28363594
-12.45070101,18.82380954,-11.42428814
19.4809644,-16.32957993,-15.22913068
19.37823237,-9.71087909,-14.63861622
16.78004145,-7.36733794,-14.13217442
-10.87226068,-14.13440971,16.96410714
-14.63697953,17.2185175,-12.17539404
-15.34258849,19.10237035,-10.70972032
12.58129005,-8.94066848,-8.13093307
16.13052598,-12.71817332,-10.29934755
-14.01250054,19.71795497,-12.73050562
-15.77827109,-9.70316887,19.34887434
-13.91516643,-13.37563391,17.08748173
-9.96554911,-16.20535115,18.65566854
-14.03560704,-9.15778873,16.85513942
18.72779081,-16.26837405,-12.4505786
-13.43826543,16.72360544,-9.78291359
-12.91577421,17.74577857,-14.42472227
-14.42679705,17.49772956,-10.32251574
16.11910535,-11.23744321,-13.13000406
19.17469653,-14.06839105,-10.09880433
17.14829011,-12.69257087,-14.12007714
-14.58312472,-13.59688929,18.77933237
17.46562174,-11.50928496,-11.14132952
-14.06959974,16.3356052,-9.69802015
-12.82409168,16.18996242,-11.22758604
-11.07596507,13.82736571,-7.49180548
-15.52800208,19.528908,-16.19783836
17.5175139,-11.88709005,-14.0182583
-16.14633697,18.46059003,-8.42683015
-14.64103338,17.84330938,-9.58166438
-16.495926,19.5415447,-9.04016503
16.90891844,-9.80978371,-13.77409815
-14.44668788,-11.97678583,16.93053419
-8.90106668,-14.9386199,17.55241826
-13.16756357,-9.96196563,18.50898183
-14.24076421,16.68288806,-10.62976222
16.04153634,-11.47335199,-11.44379012
-10.98415602,15.20715666,-11.18040362
17.03729245,-13.06299835,-11.56857672
-9.70047846,-13.51092431,16.46647623
14.24452017,-10.57187557,-9.49345582
-11.26060148,16.6924039,-11.6597606
18.85067453,-16.16786397,-14.15537576
-16.52610481,19.87371589,-9.4407223
-15.84148834,-14.73042867,18.24288202
12.02691337,-8.52954196,-8.33539542
-15.57577328,-10.21111839,18.4445781
-11.70062981,-13.62810598,19.20971612
17.58152619,-12.57081624,-9.85382601
18.53936241,-13.97648266,-13.03453269
19.37037284,-12.38010218,-11.43558497
17.8408197,-10.49486132,-14.40558308
-9.28112804,-13.29688319,15.52333893
19.57800819,-14.80466406,-13.8647433
-15.17077196,-11.06886545,18.34740013
-9.33858904,18.85515307,-15.89454582
-11.55985129,18.82629186,-16.03056645
-10.83177928,-12.07790917,16.19061691
-11.91200626,-10.69188577,17.92932618
-11.44567013,-8.0450045,14.28317637
-12.59983677,17.6271371,-14.19083717
-11.89497894,17.49538134,-10.45856489
-12.39622818,-13.67593039,17.00454566
-12.47158668,-12.17603423,19.72572089
-9.96437151,12.74750656,-8.28153003
18.84315842,-11.92590991,-12.35179013
14.89827018,-8.71641593,-12.54267581
-12.12247744,-13.28500078,18.58411889
-12.07467876,18.79820133,-16.20247151
-10.91891017,-10.59281722,16.83459182
-14.14377413,19.06344618,-13.51022323
-9.28052123,-10.23297453,13.3199814
19.0858334,-11.65048971,-13.18349816
-10.61706048,-7.30479992,13.15078904
-9.55241479,-19.28715633,18.97704765
-10.54814991,-11.42400189,16.77161591
-11.3846321,18.92256388,-15.56241096
-14.71533532,-10.82858843,17.91624293
15.66405217,-8.40126604,-11.77973357
-14.11458562,-14.20639793,18.66348676
16.83164343,-8.60393585,-13.09110305
-7.44711259,-10.02404573,12.55938868
-14.41615281,-10.6926671,17.85295017
17.88819198,-8.88110451,-13.87746689
-16.58285788,19.6680571,-16.09478941
-12.18496155,-9.21360783,16.7515777
-10.90040273,-14.5608055,19.44508919
15.47476704,-11.36533024,-9.10757516
-9.3970283,14.45092539,-10.83043038
17.66474966,-13.59855509,-10.24493531
-13.99299236,-7.9113641,16.19112329
-15.18992335,17.89780652,-8.01428745
15.79481945,-9.02303793,-11.49732003
-11.17580168,-10.58508645,14.96944247
-14.38050917,17.60417653,-9.84536622
-16.36381161,-9.51132182,19.66177209
-12.4614941,19.92698325,-13.87509994
18.56143705,-13.1329526,-10.59413126
19.93604468,-16.22306927,-10.0501467
-12.78144941,15.91816898,-7.93868547
19.88706827,-14.92612874,-13.88962186
19.08411093,-16.28303014,-9.72012527
-13.53605206,-13.09241508,15.79015485
-10.36268235,-14.71299505,19.61316094
-16.31258827,19.8079286,-17.26339762
-12.16353313,-12.81125116,17.30314805
18.32377861,-15.83313641,-9.27854033
-15.94705758,-14.45290324,19.2682481
14.86768748,-12.21431386,-7.3443784
-9.92721715,-14.26691697,17.75446517
15.31777569,-12.12640412,-8.34637991
-12.50067186,19.63564531,-17.0428201
19.36362142,-13.04786523,-16.04017094
15.80613981,-13.13250406,-9.17692594
-16.19717773,18.87780286,-13.84385745
-17.02058025,19.63990965,-13.43617072
-16.46276723,19.25664713,-15.26627842
-16.05323164,19.70059595,-13.41935404
19.68910042,-15.991944,-11.95262275
17.47931263,-13.08054025,-10.65751642
-11.95624079,19.68754177,-16.58836533
-15.73286151,-10.36936247,18.48843388
-8.32628709,11.86071425,-8.0946847
19.61746679,-12.32608011,-16.78613109
-12.64794238,-17.20180695,19.72508518
-7.57485535,-13.05040147,15.86999022
-8.36725251,-8.82685344,12.62105445
18.96909906,-15.21532313,-12.92531167
-11.8790854,14.65588153,-7.63963282
15.73415281,-9.58075954,-12.06675629
-15.14149413,18.53581795,-10.79783835
18.88302113,-13.19841448,-12.32340704
-9.09074269,-14.54672062,19.18932012
-14.72949535,-10.55685663,18.62829806
16.25207348,-10.03680303,-11.17343183
19.79194421,-14.04510198,-11.94843922
17.17991912,-13.63459879,-11.78324118
9.8329787,-7.27331122,-7.61373698
15.18289787,-9.8910393,-10.31606064
-13.41633557,-10.82282943,18.0714505
-11.86317918,-14.28776622,16.59172718
19.44545802,-13.27732221,-16.93183644
-14.7631225,-16.85957624,19.94400074
15.14156884,-13.13032751,-11.60879048
-10.80304614,14.38481744,-10.54954063
19.62123646,-13.93163616,-13.92104264
13.0455166,-10.48479449,-7.16135924
-13.50216867,-16.71452338,19.24600647
-11.74074137,14.7249864,-11.5722513
19.61480632,-15.09214819,-10.04629994
-15.16730861,17.6041429,-9.81608051
-10.93529669,19.42898258,-16.04462335
-16.69658759,19.49015738,-8.58531551
19.14683235,-9.69136313,-14.59635189
-13.95279128,-8.73864704,16.66188118
-14.71722185,19.8539569,-15.90076161
-16.36620869,-8.00884727,19.28668535
18.26786624,-10.74291363,-15.97107519
-8.20007533,12.63203535,-9.86892786
17.08785222,-14.71680962,-9.29177581
-11.91629187,18.92948758,-15.67629342
-15.34749585,-15.90362839,18.874292
19.02607127,-11.84635482,-11.99736568
-14.83191166,19.64911028,-10.32475426
17.13611311,-12.05494694,-13.6301373
-16.8837885,19.95396223,-9.71092244
17.3649736,-10.41997316,-11.70911382
-14.23857943,18.03451641,-13.17842279
-8.7750098,18.05819308,-15.65947483
-9.54007037,17.79544797,-15.10387663
-13.0569651,17.25265714,-12.54815134
-11.13497988,17.27273996,-12.46457423
-13.01955106,19.08089709,-13.16470643
18.0541503,-13.63736731,-12.33166619
-16.14012253,-12.52313662,19.43036927
-8.33646424,-9.3765233,13.21852491
17.91019763,-13.37311766,-11.1374852
-13.19943963,-8.35092312,16.52224512
19.94826965,-14.43750022,-17.68967815
-11.16914187,-13.55870361,17.70944912
-13.32621712,18.89308338,-15.00266578
-14.04693448,-17.0211079,19.68081734
-12.55996607,-10.34218017,15.04602192
-11.78956632,-12.04593108,14.54755697
15.93059207,-11.44076535,-9.24304552
19.14461915,-15.76930184,-13.32172103
-12.24945878,-10.12620942,16.0345406
-12.31040616,14.92401856,-7.93044835
-13.79877329,19.23744197,-15.58378871
-15.41624169,-8.74866301,17.93957195
16.67153164,-10.54078855,-13.32608414
-14.20790101,17.97565385,-8.60502035
-7.78361373,14.72896059,-11.5227995
-11.99366524,-8.07468117,14.94151785
18.26731182,-12.22512579,-15.07223159
-13.80364163,17.34383029,-10.13695628
18.0661099,-12.5743416,-12.90624736
19.55964956,-16.39325339,-16.59751926
-10.64108209,13.86773648,-10.91597541
-8.77845558,-12.15382665,15.34632596
-10.79998038,-8.43733245,13.23493708
15.91471562,-11.51077928,-9.79297317
19.90400775,-15.27015167,-16.59724384
-10.27741584,-10.65167725,15.73363967
16.31174421,-12.56789309,-11.45869264
18.60824013,-13.67038102,-11.56862037
-14.67690495,18.6660914,-12.30733947
-15.11302513,19.42360968,-13.85485187
17.42861311,-11.32086226,-13.54419063
-13.97237155,19.97383903,-15.38257479
-13.14030101,18.83832509,-12.60555948
-8.7336756,-14.18572647,18.21548051
-15.38511298,-16.02383251,19.92835822
-10.81158072,19.90315596,-14.56842032
13.91192052,-10.352436,-11.24137881
-12.16149528,-11.94891137,14.81806545
-10.94936254,-11.38646411,16.37876303
15.88794902,-11.98075949,-9.60801958
-12.2754095,19.34247456,-13.70987422
18.23355461,-11.92189989,-11.24284323
16.41589915,-12.00132884,-10.86688711
16.45197519,-10.48729229,-10.44598098
-11.58768519,-13.26964307,15.62441374
-13.19374906,17.54194964,-10.02768088
-7.7013935,15.68840381,-12.51400568
-11.68002641,15.24530005,-9.57037062
-11.8011295,18.01787326,-14.15419581
-8.2242623,-16.58159275,19.00306216
-12.66393519,19.26828139,-16.49953321
-17.76309301,19.67602098,-10.19901365
-15.29127363,17.8763965,-11.34276967
10.19285637,-6.92008581,-7.91709479
19.94214677,-9.81925363,-15.10477405
-12.22131352,-15.39691289,18.50099245
-11.30568539,15.55921492,-9.34089122
-11.66848126,14.46555133,-10.27969218
19.58646099,-11.67472469,-15.11645303
-13.42420886,19.20112187,-12.10488607
-12.92670759,-10.54326703,17.90863801
-13.0393212,-16.21788967,19.53139717
-12.45203401,-15.04742341,18.43173962
-6.87385792,14.19022803,-11.734123
-6.39991581,-14.25210934,16.25710145
18.89540339,-12.82762752,-16.09083658
-15.23331516,-12.99688059,19.34003853
-11.39007475,18.29327113,-13.58783714
-12.06614502,16.95337768,-11.68985021
18.67381355,-14.13360232,-10.12277815
-12.2319905,18.79631722,-11.84675082
-12.75934704,-10.13316681,16.85110635
-11.29295324,17.92820391,-13.78510446
-14.79424574,-10.54614571,17.66748164
19.81835131,-14.98759317,-17.49411395
19.72897529,-14.02236124,-10.86637705
-12.67379607,-12.92949267,18.82352968
-15.12426784,-15.23630838,18.305091
16.3820432,-6.93139851,-13.95487803
-12.18154078,18.93907647,-12.28181685
-15.24051057,-8.87971639,17.59663391
-10.72827163,-13.83479885,19.45702967
17.43336872,-15.06944194,-13.98170058
-10.49714613,-11.65108427,14.02909636
-8.4329976,19.15439518,-15.23253916
19.1736958,-10.30713428,-15.11221028
15.24481841,-9.39732609,-12.15331722
16.57866599,-10.89353213,-12.5080156
19.79523281,-13.49920561,-15.84310911
-14.51642104,17.58258758,-9.6056971
-10.03990078,-11.49937027,14.06535147
-14.94586081,-10.83622016,18.81460328
-13.63948694,16.39808712,-10.79457489
-11.65784021,-14.76623169,18.48851477
-11.9504864,-14.36954099,18.78965116
-14.82526755,-13.39370438,19.11021114
-9.81463074,-14.0005456,16.50252217
-14.14529849,16.42692781,-9.44964303
-9.67726127,-16.99686722,19.58703642
-11.03692122,16.09773153,-11.90568955
-9.25006723,18.51199548,-13.87697161
-13.4316575,-10.30022558,16.90054884
-13.90163568,-9.78310434,16.22624496
18.89631281,-13.36186838,-13.86540704
-9.7900573,15.98056512,-11.16528579
-14.71615958,-10.12707544,18.63755784
-13.31968585,-9.80196741,16.70103996
19.49400414,-8.1441195,-16.17764916
-8.53258341,-9.7827203,12.72958132
-9.42151326,15.93872477,-12.03250332
-15.61975261,18.16774203,-14.67847866
16.30939578,-11.68710863,-12.86509124
19.02753167,-11.77877338,-14.05087934
-8.53685762,18.96948867,-15.3176877
-15.67204604,17.96737367,-8.8194636
-12.10576768,19.56612235,-15.18658759
-10.18103694,-16.52168893,19.93223392
19.82167071,-12.66037823,-15.23041169
-12.49961846,-15.93266793,18.54369162
-12.2765281,-12.71968501,15.22681728
-15.04134785,-7.30952094,17.93961139
-11.44419943,16.47099981,-10.4418654
-11.29135162,19.51922589,-14.2158976
14.47841604,-8.72417446,-10.92787929
-12.92104175,-15.28589424,17.72200262
-9.10974025,19.77550519,-16.45840394
-11.95247873,-11.57204864,17.88479785
17.95100009,-10.56752507,-12.12881656
-7.75057741,16.37105823,-13.38450761
-11.95107406,15.97553489,-9.52375651
-11.1205729,-11.6102773,17.51406319
-10.23225382,-15.06708935,17.42924497
-11.0686861,-14.987495,17.36044866
-10.69906679,13.05338049,-8.44707701
-15.51122879,19.48960118,-14.78989956
17.24591462,-13.09324202,-14.25745297
16.22647282,-11.8235556,-13.81501639
16.13586998,-10.76721675,-12.55356052
-13.68601577,18.34191822,-14.43194011
-10.96560112,17.33410225,-12.77512807
-14.38498039,18.90586372,-10.71989401
19.49662679,-15.02639508,-14.43335944
-13.36001501,-14.18064789,18.65040044
-15.63246448,-10.08992621,18.00439539
-9.62422096,-15.11048167,19.37226941
14.42340405,-9.22608273,-9.8222777
-10.31174627,-14.13533041,18.78986281
-9.21392755,-11.28209037,13.80373574
-8.0241665,10.42518683,-7.77447728
-10.3694425,-12.5371914,17.4273229
18.99435416,-15.46241262,-14.36135259
-8.10705372,16.78857743,-13.3957436
-14.93624946,18.39224241,-12.7885459
18.20594618,-9.50120301,-14.26229502
-9.38178797,-10.48055517,15.44575595
-11.03191815,18.13659108,-13.26686211
-9.2881017,19.01212739,-15.45475849
11.48876516,-7.36410312,-9.12384321
-12.03397436,-14.3886997,17.9507598
-15.45397129,18.93050361,-13.01620717
-16.4013722,19.77133068,-11.14660009
19.2581142,-10.75618849,-13.18886496
-10.81818098,-8.77476785,13.26028738
-8.97306619,16.96743518,-14.29430966
-16.7385445,19.47337366,-15.28987001
-16.40382101,18.93164529,-9.47126281
-11.57935129,-12.64320796,16.8885675
-15.66400538,-15.93737329,18.87889988
-13.43831258,-12.53659585,17.74384043
19.48176895,-15.47290143,-10.39254009
-12.00751576,15.84427368,-11.5638909
-15.13364385,18.01413501,-10.77297617
19.66350663,-16.9886665,-16.50542568
-15.01224034,17.95585372,-14.53233668
-13.94247286,18.86203315,-11.72204756
-15.65103433,-10.55489061,18.54848249
-10.91022902,15.60865158,-12.22311888
16.34919909,-9.71546163,-18.56208918
-13.65238983,-11.12471745,16.52801617
-10.92511642,15.56963597,-12.33952349
19.59828438,-10.45447334,-13.83825748
13.7915552,-9.81431534,-9.56208305
-12.98901872,15.91365431,-10.28471836
-9.20887005,12.66719265,-8.46173707
-10.8404775,14.174375,-8.7062125
-15.48615793,-10.6314943,19.8229809
15.47023484,-8.68045112,-11.98346706
-16.33964576,19.49924161,-12.57024207
-12.34191192,18.94148032,-14.83116389
-9.7342177,13.56035803,-8.58000187
-14.87210044,18.72671405,-12.92904365
19.31214486,-14.48482123,-13.31019704
-16.77538261,19.47383733,-7.10755397
-11.49814766,-15.10939594,17.80976314
-13.67151681,-12.95409,19.43457567
-13.25756033,-7.16663845,15.55299658
18.1328732,-13.19303819,-11.74911691
-15.87005813,-13.26459927,18.64712569
18.96509088,-16.0094839,-7.76825369
-11.73479878,-9.16567524,14.05145674
-14.10046766,-13.748366,17.81126207
-11.67960711,17.66147891,-14.99067988
-13.89097601,-16.05328235,19.75864693
-11.0323674,16.98965708,-11.0970624
-13.81276491,-9.82644029,18.13678103
17.42087769,-12.76808792,-12.31253777
-13.36834294,-15.67232551,18.57294025
16.26332644,-12.52760899,-11.01616948
-8.33132056,-12.30921634,14.59228185
-8.63948247,19.63564645,-16.3319117
-14.72122918,-14.6211989,17.63445072
-16.05658924,-16.61370702,19.30778416
-13.84856455,-16.40759137,18.84675536
-12.4673246,-12.90787811,18.70991943
16.09012786,-13.21807991,-9.48687456
-7.68404735,-15.39825145,18.32559516
17.27469186,-11.50557809,-14.14970424
18.49577075,-13.26783351,-11.59978045
-9.14340466,18.19332889,-15.49905919
17.40668209,-11.26717016,-10.77238698
18.91909854,-13.17415769,-11.6119671
-8.89536946,-14.97696656,19.26434972
13.05124669,-9.80047022,-9.59306291
-15.73012168,19.85442323,-9.75246914
18.38555667,-13.25354128,-14.36005368
-13.00144346,-10.08270795,16.2878868
-16.85128099,19.25370305,-12.51198154
19.3557906,-19.70464251,-8.09155777
18.45880293,-10.47584472,-14.46067902
-11.09878588,18.7584217,-14.04813369
-10.34435266,12.99898944,-9.69849807
-10.73365597,13.89978838,-9.43758953
-14.89866966,18.99451058,-10.48573206
-9.41250968,12.06055205,-8.66206262
-16.39483842,-8.78113913,19.58128178
16.77303507,-13.45365196,-9.59089974
15.60426438,-11.87759567,-11.64811923
-9.32013167,19.04732276,-14.66302661
-7.47082386,14.15806645,-11.61822261
-13.64438581,18.5365028,-14.62558893
-10.33410797,17.17907705,-12.78605207
-16.02480813,18.92910584,-9.38069733
18.38973894,-16.10555647,-7.6386695
-12.27591758,-13.56224557,18.34630308
18.01062542,-9.53440714,-13.87612678
-16.66226545,-10.61229245,19.32889202
-10.88667748,19.88526185,-14.54414665
-11.01775785,18.06323096,-14.06176238
18.24768827,-14.27891864,-9.86898873
-12.07557545,18.76948989,-14.32285829
-14.09545176,-8.02407666,17.2211033
-12.91021957,18.23291415,-12.74506128
-16.56468438,-16.3502431,18.95573081
-10.37297582,16.64898903,-13.4000516
-9.9984427,14.21916522,-11.7064449
-14.47416027,-8.20061119,17.64098534
15.42278147,-12.80240534,-8.26136364
-13.49536512,-12.94443362,18.68138408
18.03607652,-15.25370864,-11.95564765
-11.40356994,19.75225553,-15.59853984
-14.4630813,-10.8822538,18.19686644
16.68454582,-11.8643333,-9.5295942
-14.65010888,-10.56721878,19.55943612
-17.17122018,-12.6989632,19.54432767
-9.36800922,13.94224134,-10.10483866
-15.66584134,-12.02519331,19.05990614
-7.25430778,10.08985424,-7.35876025
17.13002248,-9.13629762,-13.22912074
16.06548749,-11.76107904,-11.65733672
-14.09484043,-15.50326466,18.76967524
18.2111669,-14.67291788,-10.87189065
12.40553252,-10.00549163,-9.01497179
-9.7093899,-12.2841841,16.28705214
-9.34321638,-11.34437052,14.30905581
-12.4468035,15.59199123,-11.58745596
-9.34786471,-14.7093587,19.07079987
-11.33294702,-13.18066793,17.41522605
19.72225417,-14.07975627,-14.54846574
-16.01218216,19.73853731,-13.58634682
13.92593378,-10.64488571,-9.70354634
-12.0079873,18.3198478,-12.89338444
-9.87934537,18.80559381,-14.78109449
18.72501729,-9.24878855,-13.88464059
-16.0564222,19.27560648,-8.57101046
-7.14818248,12.90301584,-10.54443224
-7.83079644,12.11123062,-9.04960187
-9.34988592,18.4622922,-16.12658375
-13.59503929,-12.83309424,16.35632703
-7.8663057,11.71222222,-8.48078534
19.61657083,-15.12624065,-9.83205982
-11.63606767,-12.42377825,16.42572755
17.78436056,-13.28740655,-14.5152784
19.68251241,-10.40743254,-13.76457918
-13.80465478,19.439644,-10.35407881
-15.26879686,-13.22504973,18.7249826
15.79614489,-7.90256462,-13.47922328
-10.55662534,-13.90614072,19.6713572
-13.05782568,-13.90554038,17.68528057
-11.67493687,-8.48347195,14.47426025
-9.18764532,-10.43261017,14.09227533
-12.00302475,-12.78310799,15.43075073
-11.90801618,-13.55560836,17.06603456
9.30441156,-6.96110571,-6.88746269
19.50956253,-8.24543331,-16.94261394
-12.33190986,-12.72732497,17.83566527
-15.41012046,-13.59162669,19.68769987
16.4932462,-11.20230597,-13.99304226
-11.9882946,17.46405338,-13.16153976
17.72760359,-12.35793254,-10.82204215
-11.88988784,16.25523542,-11.73695879
-10.11233254,13.70637504,-10.22748
-11.88246839,19.18637935,-16.29885458
-13.88205905,19.02983936,-11.92241223
-12.94512776,-12.60646293,18.07027894
-9.42267777,-15.41189205,19.55340009
-11.73792038,16.92515567,-12.98772769
17.95040181,-8.05217329,-14.74481372
19.80546303,-11.52534597,-16.80531062
12.95253172,-9.10279892,-9.70800711
14.58841723,-10.36083947,-10.65989028
-9.67734359,-10.7330621,14.79032753
-12.59204878,19.94883355,-11.8541834
-17.08383555,-14.98332666,19.35172892
12.5027805,-8.55925638,-8.56481684
17.20330767,-8.3988333,-13.75575053
-16.34705582,-15.09271324,19.83772448
-12.90268991,17.76987847,-12.55375712
15.48196236,-9.98220765,-12.50760598
18.63550753,-9.59655233,-13.45524501
14.41794783,-10.5583323,-9.52970306
12.66974331,-8.77774482,-9.6127604
-12.06984837,17.84826279,-15.11955786
-14.08991399,-12.03000726,16.4434076
-13.47581524,15.83179208,-12.92891451
-14.851728,-12.64002104,19.15921454
18.98046748,-15.37490311,-14.59911321
-13.88071763,17.06457923,-13.03943727
14.32841037,-8.04364784,-11.31081448
19.58221362,-16.19366817,-9.01772815
18.41061103,-8.77752201,-15.34496208
15.77618542,-11.06500889,-12.6954997
-14.5687424,-7.89120714,18.03361179
14.12414301,-9.86355591,-10.51563261
19.05609855,-18.02717696,-8.36732134
-9.3647213,12.05093998,-8.46714149
-14.47173519,19.07293762,-11.26795024
13.30398017,-8.69278803,-10.41141688
-16.76589104,-7.53976338,19.75608284
-14.78069921,17.16433342,-12.72397701
-14.42145441,19.2095032,-15.11485056
-12.92334839,-10.74926881,15.81561955
18.11544489,-13.60593189,-13.72317904
19.86864161,-14.7837321,-11.33579154
-10.36754754,19.18396612,-16.46397281
-13.20270354,16.86802848,-9.33648322
-14.20997938,-11.16044624,17.29237914
13.72096712,-9.2462256,-9.63995381
18.74764293,-10.95994868,-15.52667062
18.53144679,-13.88775335,-15.22259692
-14.75389958,-12.84026863,17.26462652
12.19192625,-7.60186732,-9.31398082
17.34546137,-12.4022353,-14.75686074
-8.67416188,17.39420984,-13.37660891
-14.66431561,19.26056604,-10.90631844
19.31789476,-15.52131967,-15.39503961
19.82397266,-11.84887473,-15.59222502
-12.43455026,18.5389018,-14.23690123
-13.02241602,19.00439896,-16.69070332
-14.16135539,-12.96546429,17.11642075
-12.72395655,-14.79908502,17.73236219
13.07691251,-9.79067194,-8.74570693
-16.17447835,18.95028755,-14.26412787
-10.6802476,16.27784791,-11.87940166
-15.02071905,-10.38222695,17.64343457
-16.86256703,19.5084005,-10.5951456
-12.1129133,18.83160262,-11.95793424
18.17322029,-13.54697205,-11.37058599
-10.40615973,15.80525653,-13.2455151
-12.41746678,-12.68182189,19.43583253
19.97124265,-15.36472502,-12.48323689
-7.99605493,12.2943213,-9.71559048
-13.56266956,-11.19393752,19.84022002
14.57243843,-11.23165108,-10.29765398
-10.88491053,15.84945429,-12.82489311
-9.23905871,-12.65900242,17.4824325
-12.65990582,19.7131099,-16.2005673
-11.08214652,-12.31535982,16.43672188
17.51923549,-11.4580296,-11.15441713
-12.83781945,-10.74724157,16.0349158
-15.11026363,-10.81656627,19.04068463
-10.92011403,18.04825199,-15.70169478
-10.73758918,18.60478639,-12.95298756
-15.93891251,19.53111739,-10.5180764
-11.93313938,-12.02640087,18.32557267
15.12588997,-12.07634237,-12.81644534
-11.09967346,18.04756576,-14.52212075
18.7125683,-7.21718559,-16.21168665
18.10798809,-13.89693428,-9.55098085
-15.28765831,18.38643537,-8.08288934
19.93357972,-13.45513498,-17.26710697
-15.01634704,19.07019471,-11.98125192
19.21230817,-15.10337105,-8.95727046
-11.20768042,-12.99452544,19.02544814
16.3828391,-8.10579803,-12.74157128
19.07523825,-11.51980198,-12.25327255
19.48307777,-16.87641074,-11.42648238
-8.57734651,12.83163242,-10.0966878
-17.12619769,-13.31553875,19.85945163
-11.34569357,-14.75551699,18.05184784
-14.79390547,-9.90489997,19.83137417
-11.04361908,16.2985418,-11.35110093
-15.40339024,19.97296831,-11.43812457
17.0160977,-11.97593571,-10.98105912
16.20137548,-9.76263926,-12.26084211
-12.34853336,-14.07019994,19.16264041
17.1159982,-9.03107222,-14.24698773
-14.42645171,-10.87870575,18.16305229
-9.27942364,18.62434043,-15.39624497
16.1486376,-11.67161453,-10.02573154
-6.92111981,-13.49670897,15.52808207
-13.51810997,16.79256724,-10.11043595
-16.22956936,19.17481247,-11.01019684
-10.01181818,17.94481588,-15.06129506
-16.38428854,18.95676483,-14.52847995
-8.73756978,-12.54263812,15.74331939
-13.06674639,-11.99189914,18.92622985
-8.31045718,-15.67266745,19.39870723
17.04644033,-14.362229,-8.03992526
-14.07636904,-13.00966984,19.7714599
-13.15775329,-10.2528024,16.68794894
18.16028409,-12.63166491,-14.7602414
-9.76039127,14.60061215,-10.50990752
-10.31475918,13.38246915,-8.08070343
19.45587214,-11.60160818,-15.75868081
-10.34490501,-11.04007042,15.9652227
-11.85501914,18.60835329,-14.72793807
-13.98847783,19.66795122,-11.91922775
16.54112005,-13.38101292,-10.81732821
17.70634841,-11.84474998,-13.71242409
-12.40712521,16.64652794,-9.86376701
19.08715884,-9.94833456,-14.82744149
19.52838732,-17.24254155,-10.52593309
18.16461355,-12.12180718,-12.13876777
-16.12299415,-14.41721289,19.69290514
-9.64419893,14.33891821,-11.39511185
-8.26319703,-12.88598602,16.62311558
-11.28853629,-11.58216455,14.53783541
-9.08865724,19.36151869,-15.32746188
-11.08935706,-11.19743355,16.83407427
-14.7890198,18.72024711,-15.66296727
19.49978541,-13.95013216,-15.31599308
-11.03090994,-14.28553205,19.27559009
-16.03021308,18.76307673,-10.91866288
-15.9841501,-14.80272285,19.56294424
-9.58984486,11.91955898,-9.10287024
-9.73381797,-13.76626209,18.88832483
-12.39393824,-10.33326795,16.20787017
-13.21933199,-13.22557564,19.02464922
-8.05574732,-10.42849053,13.44154475
19.96507438,-17.16135948,-17.04501623
-13.60297129,17.48140086,-8.78474499
-9.79207197,-12.27025677,15.27754978
-10.82352247,15.93215505,-12.51175842
-15.73043429,-17.2376395,19.44322389
15.60358286,-12.09800281,-13.68016448
-12.49307408,-13.85742758,17.50931842
-9.36903898,-8.44058367,11.90889004
-8.35205545,19.26870738,-15.66380225
-12.81849884,19.98346234,-11.92353609
17.37883763,-15.93793375,-8.37914638
-7.8763955,14.33684729,-11.59849652
-15.90993156,-13.05361402,18.84832863
-11.22950479,-12.87784454,18.645981
16.74090402,-13.97318778,-10.57444772
-9.52652393,-8.08495171,11.73928303
15.79541933,-12.65984784,-11.06229567
-8.09140041,13.73888747,-10.77646825
-14.20915858,-14.24107652,18.22016037
-12.42397856,-14.87984062,18.45832605
-9.1507661,-8.7133997,13.25620044
-16.87663269,-11.79724417,19.62578913
17.74947876,-10.13924601,-15.23931107
19.22235686,-11.56412588,-13.63753501
-11.44257199,18.19384934,-14.84308761
-10.65626633,18.71044554,-13.8411338
-11.44998853,-10.86308965,16.51212262
-13.90708459,18.80595004,-10.20922339
-13.89044764,19.51403991,-14.77116535
16.28240129,-11.66642314,-11.38340618
17.23943904,-10.90812978,-12.0466934
-12.49341581,15.80465693,-11.04974961
-16.21824969,19.98999375,-8.39275768
-11.91436996,18.03303879,-11.15078597
18.28882731,-14.91734867,-11.09690501
14.84254721,-7.54862271,-11.77850534
-8.10721661,-16.76885262,19.90138098
17.89284361,-13.27016416,-13.52595632
-9.88383862,17.28813486,-12.90451495
19.19340378,-14.80884928,-14.52601258
17.22133617,-11.10683722,-10.58157594
17.54384026,-13.83166845,-10.47813441
-12.54242788,-12.5949454,18.4242565
18.49688696,-10.06545718,-12.8859677
-11.48895821,-16.5571295,19.07283714
-14.90855684,17.70738337,-11.6247816
-10.25381561,-9.94312709,13.79824741
17.20658718,-14.79417893,-9.92197812
19.27204972,-16.95292596,-8.74554779
-12.84479856,-15.01726534,17.71128424
-14.56244096,18.05357504,-12.94268215
-9.26889753,13.34536272,-10.65707648
-14.83172612,18.40280918,-9.97001741
18.53791093,-15.39146797,-12.36789726
-14.90079035,18.88701095,-15.30928572
17.16787371,-13.02049513,-11.82881432
-17.6067677,-13.32665588,19.03005662
-8.80133735,-13.12758959,15.56177824
-7.23138588,19.00627367,-16.61235584
-12.55342095,-13.30761442,16.62088162
-14.2109693,-11.22854119,18.84898047
-13.04872016,19.861269,-12.91411266
-12.74274011,-12.20637971,19.84700712
-15.81832785,19.28793506,-12.12620691
-16.43067605,-9.01595231,19.48537897
-10.71069683,-10.44332145,15.69203852
-14.30370933,-8.48135882,17.20624153
-10.2141669,16.99571123,-14.57210953
19.40672581,-11.17960519,-14.03984717
-11.33862217,18.00758633,-15.25992988
-12.84459527,-12.85738476,19.67549853
-8.16360641,-12.60996551,15.72932756
-9.00753292,12.22560098,-8.60601595
18.59859177,-15.97694032,-13.28028032
-13.46020788,-11.72367304,18.55876388
19.97610084,-15.53911828,-9.83414994
-15.63571995,19.49938793,-14.96371256
-8.57688742,-9.97356529,14.15528262
-10.44163716,15.93204792,-10.48046245
-10.60403036,-11.76718623,14.74527077
18.67965572,-14.93969793,-14.29058567
-16.06972855,18.84798965,-11.74229268
-11.25847887,-10.92732039,16.33215965
-15.58016351,-14.57819586,19.24385655
14.39857817,-11.56993024,-10.27635012
-11.67915986,18.0546473,-15.16517178
19.38907495,-13.27071029,-16.09090672
15.16072045,-10.05846814,-10.02550443
-9.34901007,14.76962346,-11.77475514
-11.71122098,15.79602987,-13.15951749
19.80618254,-10.15360881,-16.80101693
-16.0843965,19.29330801,-10.39387927
18.79412672,-10.43330571,-15.21083439
17.32833676,-12.46539665,-13.01810077
17.54584486,-9.11049483,-15.1658844
19.46283167,-15.08011787,-10.63589994
-12.19222344,18.55820616,-12.16715391
-10.83163927,-11.37547018,15.8738775
-12.95429545,16.995525,-13.15932978
19.19510919,-14.35614068,-9.90723602
-14.31372047,-11.19414763,17.58948821
19.19247005,-15.27876086,-15.8559676
15.51486863,-10.93962264,-10.31566203
-13.61485072,17.64417872,-12.60651534
-7.87793879,18.43118812,-15.03150472
-9.7221494,15.81925622,-12.31328887
-11.36828092,18.81053008,-14.63185397
-7.83190977,10.81308662,-8.34610331
15.77204137,-12.23841943,-12.38378962
-12.51913704,16.04645235,-8.78389528
-11.63624824,15.17516087,-12.26392109
19.06853504,-14.6075085,-11.911337
-12.15483786,19.35987821,-15.80186767
19.960849,-11.30275159,-15.84346536
15.18485378,-11.08584031,-12.12072916
19.29381658,-17.09379406,-11.82177596
19.04136887,-12.85203122,-13.99669804
-12.59266752,15.57843647,-8.55072002
-8.2182254,-13.31780684,16.71742027
-11.93845734,19.01377355,-14.03329937
-9.96605908,13.55283533,-9.64620797
-8.86788733,-16.86091806,19.91041393
-12.25158432,15.4021463,-8.15306607
19.40082324,-15.23691748,-14.63997222
-14.40588364,18.68689017,-13.89674524
18.57666016,-11.23774813,-12.75819948
-14.39513743,19.47048219,-15.7558585
-10.66518074,-9.36528865,13.51951818
19.85606018,-16.15142775,-17.16319904
15.97318115,-11.85127082,-11.22810534
-10.94074207,17.16771641,-12.48277795
-9.65116951,-9.40465088,13.64578349
-11.07319001,-12.36954036,17.96773286
-12.89413301,-15.78067296,18.21069985
-11.41810038,-13.70686885,18.75370247
-15.04672225,18.04484772,-7.9142651
18.77371197,-13.7392069,-10.40662291
18.85255901,-13.02126487,-13.62415362
-12.13762702,-14.31046999,17.60112404
19.10746739,-11.90219821,-16.85008493
-15.81625713,18.02273765,-15.40252923
-13.4882781,-11.74258706,18.00456615
-7.30782523,12.45523324,-9.61305989
15.62967229,-12.27336026,-8.3117786
-13.44111415,-12.09554638,19.10137427
-10.41130831,18.68872283,-14.29350012
-14.43639939,19.42632315,-9.5733662
-12.98956487,-14.53578989,19.15286243
-8.73777406,-15.53442442,19.14499072
18.31990901,-11.64627749,-17.66811193
16.97760008,-14.31366296,-9.19105209
-10.77067377,-7.65955022,13.99024716
-11.13896568,18.01869515,-12.44666534
-15.03861752,-17.05610898,19.95933596
-10.01369766,18.96596465,-15.11729557
-12.07721197,-16.21078011,19.69647878
-13.90515786,-10.24117269,19.44628693
-11.92536072,-9.15551711,14.8265317
14.12126919,-10.65702152,-9.73089122
13.74627743,-9.94744454,-9.57414049
-8.73970217,-11.19964486,15.14450448
-12.36714435,17.94382369,-14.18871811
-12.07479651,-16.0340103,19.52673667
16.35873726,-13.43223638,-9.10506005
-14.25776613,19.21638117,-13.40863215
-10.94106737,-16.66231971,19.31180795
-13.58553463,-11.94567933,18.70593139
-9.93497719,18.33045165,-15.85543478
-11.83736999,-12.65576259,19.78159268
-15.50948272,19.66902725,-12.84332303
-11.26800591,15.89291106,-12.25358596
-9.1795007,-11.26854872,15.36441644
18.18799743,-13.81626177,-9.05403884
-10.53786212,-13.40682732,17.96969265
-10.61080135,-15.51223463,19.05674952
-13.67403704,18.0083105,-14.22668194
-13.8206399,18.39805442,-11.56863209
-12.89951432,-12.44057963,18.47126011
-11.80516,16.42667075,-10.13988299
14.74134345,-11.1351629,-12.05367971
-9.6090431,12.46867031,-7.55984955
13.18013228,-9.34236541,-10.56442023
-7.25170875,-13.62956964,16.36918173
-12.13008153,18.15601355,-12.16125842
-8.69725302,17.01047753,-13.07350346
19.24430386,-14.43270394,-16.33893988
-11.7552126,14.874126,-12.62497205
-7.90303255,18.25449172,-14.79326814
-15.12044733,-17.05856541,19.4060408
-13.91591761,19.0572087,-11.25439922
14.29396415,-10.9880507,-10.56964836
-8.51695472,16.55338373,-13.56523915
-12.59852651,17.63086266,-12.7260834
-15.69596947,-11.01781314,19.24345752
-16.2052648,19.41898202,-12.79613677
-9.41545426,-10.57020698,14.58622867
-10.83722107,14.44668727,-9.50934453
-12.88106762,-10.96205838,15.65848465
17.05373898,-11.66963477,-14.26738373
-10.14122407,-14.60683211,18.44908975
18.85625609,-14.1582283,-14.29650384
18.49505048,-8.4485914,-15.07573418
18.90547328,-13.26027179,-10.23591028
19.14686018,-13.11609738,-15.4247685
-16.04105688,18.73882174,-12.12905944
17.85503784,-12.8821587,-9.84225681
-8.24851468,-14.77670138,17.97720304
19.93060332,-17.52021711,-12.22476342
-10.06786372,16.64980544,-14.14549314
19.78228694,-15.96538186,-11.28591095
19.15545492,-10.4627716,-16.75202314
-10.1197828,-14.24856447,19.54726399
-10.6453581,18.4888358,-13.90396672
18.96878496,-10.50752303,-13.81301089
-14.43717952,18.57925747,-10.63833298
18.3426611,-9.70448125,-13.77662629
18.95864865,-13.12410602,-13.98989904
-10.94616939,14.18717029,-11.18481119
-15.56385913,-13.83964791,18.66715922
14.65095292,-10.20402518,-11.42096891
-10.53771944,19.76365396,-17.37534588
17.3471869,-13.24863433,-9.86250457
-8.69837952,-12.39710091,15.20855283
-10.31917802,19.73913493,-15.46853769
-14.59171306,-11.71362782,19.56287789
19.42152308,-16.90689499,-7.92886381
19.87388882,-16.07132566,-10.6702923
-12.2061489,17.88727091,-12.82360094
-7.99160691,-12.06106978,14.97436494
16.54816475,-11.52840373,-11.72243279
-11.00208261,15.24679908,-12.81693016
-14.58361109,-16.11283444,19.27569088
-10.2707901,-12.05162683,17.02422773
-9.95904765,-10.87922967,15.29291239
-11.42882624,-8.60536202,13.72480728
-8.01909819,15.06260855,-11.55161292
18.2524017,-10.42973907,-12.35538284
16.75626567,-9.45008334,-13.44362399
13.45324248,-9.44147316,-9.84738624
15.79046594,-12.84748896,-9.62244246
-12.30929337,-8.82928124,15.07918781
-9.36586894,-7.66499733,12.06649758
-9.46466775,18.65624025,-14.45426504
-8.76027136,13.4826358,-9.94960836
-9.08146042,-15.33472222,16.99963327
-12.16572008,17.14410552,-14.4222485
-8.849978,18.64483686,-14.32838804
16.3176624,-8.75874597,-13.56336817
-13.94983352,-11.62855828,17.86936421
-12.86496608,19.40628803,-14.21767374
-11.65196525,14.2018084,-9.03535409
-10.03710893,-13.7871694,19.41404482
-13.66839067,-13.5783287,19.7541353
-15.19472513,-11.35772763,18.02532258
-16.45808619,19.46201798,-12.15113508
19.12778788,-14.00234675,-12.33114404
-11.11129161,-14.36861635,17.77337934
-9.17392318,17.69206205,-13.48958603
-15.50048309,-11.74875396,18.8176012
19.89139115,-13.97305302,-10.65151634
-12.3783144,-8.69485235,14.95099776
-13.96302623,-9.81578504,18.95730393
-15.29085766,17.77753824,-13.21286646
-10.10073488,14.02909373,-10.0184974
17.57647632,-12.70429314,-16.99756736
-10.81275135,14.66928304,-9.52390894
-11.5523822,18.68893404,-12.80112222
14.20251448,-11.37933088,-8.21278458
19.57000883,-12.50327656,-17.06732563
19.75320191,-16.29280695,-10.20936653
-15.11772197,-14.74781123,18.12112565
-9.53557322,-10.59421812,14.71785945
-15.90146355,19.5386496,-9.37217264
-11.92295291,-14.549376,19.94143005
-13.93986181,18.56376396,-11.64190523
-9.69634056,-16.1507487,17.47313475
-13.15573105,19.4410951,-13.96308991
17.61560953,-14.74388627,-8.97528052
-9.90521051,-11.52032218,15.30705648
-8.97845325,17.99862689,-15.48596986
-10.67064566,15.00755561,-9.63350918
18.6757982,-14.39534661,-11.6053238
-13.51406287,19.1170197,-14.49798549
-13.27138428,-13.22254821,18.54923974
-11.4293056,16.3660123,-12.38710321
19.71830615,-14.92297632,-12.77256684
-12.54519005,16.47721095,-8.8973128
-9.77988818,-11.9159831,15.62163187
-13.07902266,17.21883948,-9.86594527
17.87169209,-12.27419645,-10.77642349
-10.0460992,12.45852641,-7.30658338
-15.22990758,-11.32696398,19.77205081
-10.39585295,-16.40471774,17.89319599
19.66373718,-16.28355639,-15.73558081
-14.23300959,19.05352304,-13.86915472
-8.77116495,19.89609029,-16.03910099
-15.33865761,-12.09156104,19.02765946
19.74218262,-16.08569015,-11.40504805
-8.84664219,12.59435849,-8.522319
-13.65766683,17.40946663,-11.87768316
-16.27264098,-14.71401016,19.94520326
-15.38951897,18.07928413,-12.34584122
19.79128316,-16.14652958,-14.83961332
12.897177,-8.84936369,-9.22267654
-16.73953166,19.72857109,-13.21529436
-8.057425,12.27728785,-8.61783889
18.14956763,-10.20047531,-13.77014326
16.7222781,-11.38404532,-13.98137541
-13.82952149,-10.96018754,16.6243368
18.66225001,-14.23228781,-12.60886557
-11.40246321,14.23716328,-8.16989361
-10.44544611,15.21606075,-12.25840757
15.74226876,-7.58422009,-13.12012322
-11.20001026,16.75946189,-14.43090657
-11.37185727,-13.90550358,18.07364405
-8.7045687,18.11018618,-14.82133307
-11.02179727,-9.34672571,15.26573016
-10.79156972,13.78596782,-8.49522546
19.95828451,-12.25687718,-15.55927885
-15.82215713,-13.70796276,19.2276868
15.96478908,-7.78546386,-13.56124398
-13.31709984,16.50258371,-12.79742081
-10.88424429,-10.79425718,15.07225446
15.48832587,-12.45276273,-7.54671376
13.37719849,-8.93421226,-10.24681409
19.91219539,-16.47485164,-10.66521632
-13.84863207,16.65358163,-7.57979325
19.79829499,-8.32569627,-17.07831437
19.78922554,-15.63630112,-12.17875247
-7.40649943,-12.32184689,14.85909591
17.65424764,-8.47660312,-15.14077725
-11.3837058,17.85604862,-12.41387454
-11.09864912,18.48511502,-13.24512708
18.61875843,-12.75566922,-14.67644634
-8.18851828,13.07856974,-9.89247712
-11.61079443,19.57635184,-15.98134317
15.56918759,-10.4687622,-10.20458402
-17.07773546,-13.92286109,19.57232481
-12.54520998,-14.4501162,18.66018294
-16.2326747,19.48205088,-12.66025566
-15.09394455,-7.98597025,17.49360647
-14.87808946,-12.31606092,19.4130121
-15.58715553,-11.16020757,18.37631415
15.49411043,-11.63456621,-12.35434733
-11.17747305,18.37245178,-15.41263256
-8.61454793,19.02076615,-15.90674656
19.23709159,-12.56108571,-14.876356
18.65703561,-12.88069892,-10.22108684
18.79345885,-9.39868872,-15.286868
-11.70627883,-11.82481807,18.59764507
16.90292475,-10.89530151,-13.57860222
-12.35335698,-12.68105713,17.55722816
-13.04476758,18.67883245,-10.82849306
-13.51306622,-14.66277378,18.91304971
18.97162193,-13.59100864,-15.14658336
14.3762673,-11.18731368,-10.57714499
-11.80807378,19.22098112,-14.49774203
-7.72855207,16.33815138,-13.07680794
-11.7649584,17.47559757,-10.45071732
19.12633541,-13.81908948,-13.02884759
-16.55499982,19.38820185,-14.53710019
-10.57060951,18.16092372,-12.56741914
18.58412802,-10.33232531,-13.87920812
-9.86069986,13.54901649,-10.5925291
-8.88356091,11.7905357,-7.80236249
-14.26093525,-8.81058358,16.52406396
-12.00550819,-12.05621935,15.40730787
18.89414871,-10.58551644,-14.43536904
-11.63566928,15.9833332,-9.45845892
-9.59603161,-12.15193523,16.65279678
18.77643555,-8.47535995,-15.59712953
-9.2428505,-15.3575923,19.86669669
-12.73887977,-11.04683702,18.80621314
18.20615831,-13.65151564,-12.2566887
-9.54056182,13.35940675,-10.22296664
-16.95546019,-14.92981414,19.95199169
-16.42609898,19.69957845,-8.67156278
-12.03558743,18.0148058,-11.38864379
-8.99198503,14.11517716,-9.6544776
-14.78811283,19.20881617,-13.71428462
15.2150988,-12.17912947,-8.53618986
-11.32408572,-12.45957588,16.43258672
-11.57659547,-11.7968431,17.72315207
16.99411885,-10.26363257,-12.54121741
17.55812526,-13.0452399,-9.34643528
-14.06742283,-9.29940995,17.59201186
-10.00143458,18.96976367,-15.45995769
11.27080559,-8.58878825,-8.33320286
-8.31455326,-10.11898968,13.90128886
-9.76887773,13.12418615,-9.81072304
-12.35618488,-12.53414944,19.91704446
-11.56730576,14.12223929,-8.59030142
-12.69641498,16.44989363,-12.16536483
18.02091524,-13.93901581,-12.44586003
-11.73064376,19.44695695,-13.96900898
-12.96152564,15.72497199,-11.9256661
18.75741045,-13.18365286,-14.92354206
16.73005426,-9.72300534,-11.44818591
-15.97398422,-8.15494438,19.07091247
-9.33881219,15.57909353,-10.86825732
-14.0416877,-10.60698961,17.61371115
-15.07947664,18.51465803,-13.47746651
-16.33732455,16.19113464,-4.60486555
-12.12339504,16.65450834,-11.9061441
-15.34144388,19.35680098,-10.79611452
-13.4993492,-11.7433268,16.46565307
-12.59281345,-12.96143098,16.359602
-13.0761113,16.1663972,-11.21666681
-9.61427713,-12.98827354,15.88655588
-15.58503098,19.00093997,-10.05321163
14.93022706,-8.99419852,-12.35740592
-12.4004499,-12.32340253,18.20212989
12.22788407,-9.3950921,-8.61775583
15.39614068,-8.279206,-13.07069084
-12.89767027,-9.67257439,17.49003165
19.50389289,-17.10596501,-7.14737075
-10.90787932,14.36056223,-10.29402407
17.05676125,-11.27431443,-11.19225043
-9.26802747,-14.33122697,17.34264474
17.253698,-12.12786808,-14.69223391
-13.28408809,-10.83001232,15.66095427
16.03002937,-13.43004376,-10.74099829
14.41399187,-11.43118467,-8.2391103
-10.66684456,19.07611509,-13.64682441
-12.56754555,-13.54072431,19.33605678
18.30167602,-9.83536842,-13.03045333
-11.94602814,18.98190528,-12.0162157
-17.49082412,-12.40638997,19.90569644
-7.62547241,-16.86057449,19.94956449
12.33615015,-10.12678824,-9.31762271
-11.78731973,-11.87885631,14.67253221
-14.14415838,19.02223513,-11.34600736
15.63104976,-9.8454822,-12.07529653
-8.2526196,-13.56470499,16.78344435
-9.21292229,14.36086534,-10.80432179
18.85998092,-9.86643772,-14.64841693
-12.97017404,-17.49112674,19.8482839
18.59467657,-9.5290066,-16.03926464
-13.01023361,-11.74086496,16.60805721
-14.72709221,-11.3713302,16.96160231
-11.70840793,17.38363835,-12.18942684
-15.86825476,-14.67007309,19.47781603
-9.85064426,16.57980539,-13.20037721
-12.96048302,-12.63990247,19.08413474
-12.00627849,17.17542737,-12.93902638
16.21312119,-10.98873935,-13.88516114
19.57271442,-14.79545005,-9.71561336
18.37539255,-15.87303126,-7.13888357
-11.53708119,16.73739858,-10.11258958
-10.62946402,15.75937015,-10.80889269
-12.85853473,-11.67144834,19.68972018
-14.09325461,19.19351031,-15.9410244
-15.85864509,-9.47736459,19.24529759
15.87863186,-13.03703203,-12.17162741
-14.58137205,-12.22717268,19.28669107
-13.20923067,-9.3706841,15.91164534
-12.96713657,19.89236629,-12.83115004
19.00945141,-11.20869763,-16.32060564
-16.02328841,-8.78367077,19.4068978
18.73125913,-14.20106147,-9.90109925
-10.25244122,-13.25513619,16.84434918
-8.00001131,10.837353,-7.30734101
13.5938037,-10.61772759,-10.9716815
-13.01073845,19.02002642,-12.05216454
18.17859454,-10.39043485,-13.12839141
-13.56663976,19.25455841,-14.08750833
-11.02125001,-11.55760908,15.19918738
-14.15408886,-9.32400245,18.85596073
-16.05651626,-12.18765401,18.5186032
-12.06647271,17.46606475,-13.05631086
-15.15607512,-12.99554096,17.45450503
-11.32618778,14.61833298,-10.62202316
-15.42189244,-8.84111414,19.36427054
-10.76136262,19.61945621,-17.38504259
-11.43864753,-16.48084922,19.21042696
-13.73085105,-11.75511536,18.55733377
17.25547644,-11.69616148,-10.88882926
17.27485061,-14.0169919,-8.12456841
-7.69710156,19.5678961,-16.86720479
19.29557605,-9.96254905,-15.85489564
19.15946934,-14.88545312,-14.53576246
19.2918522,-10.88967095,-14.07289698
18.88007747,-15.18706667,-15.27591415
-10.73562459,-13.08897037,17.13581528
-14.27258897,17.16674645,-10.53405265
18.4532972,-14.02461136,-12.00912512
-15.24839748,-15.25191141,19.16575423
-13.89268511,-14.87470762,18.68002569
-12.62124229,18.53151358,-13.1156894
-7.76657063,10.76285915,-7.72205119
14.85207216,-11.38099155,-11.74577101
-15.2790571,-12.33602047,19.64415152
17.66693747,-13.78843435,-12.85137038
-14.04414819,18.0044471,-12.01757185
-12.67896591,-12.54090719,17.94221607
-11.68540909,-9.85115254,15.20617062
-12.78307384,17.42636201,-12.11116848
10.33249456,-7.98574298,-6.8548486
17.01388395,-12.67551781,-14.1330543
-14.99133696,17.27561742,-8.48332398
-10.85297483,-10.47209889,16.13820612
15.39172521,-10.89813827,-10.12151597
18.54565219,-8.98443806,-16.1035156
-15.14759626,18.56931079,-10.09350733
18.41061785,-12.07440715,-10.97651748
17.76987089,-14.89848653,-7.33757944
14.33235436,-11.27438641,-10.94284654
-16.46075181,-10.05487077,19.32161943
-10.13880597,16.99034302,-13.71915682
-11.14487268,14.47684671,-7.99223288
-16.59345352,-14.34481381,19.70786114
18.58967856,-13.68036059,-9.33012946
-11.25730973,19.37961693,-13.23531801
18.84679246,-16.01317953,-8.16784044
-14.26445529,-12.54471721,18.02123371
-12.59527854,15.36499154,-12.53242527
12.47106808,-9.10998965,-9.40118593
19.35261091,-10.53170473,-17.04647149
-15.05789896,-10.66650635,19.86203515
13.62885803,-8.13386799,-10.61113039
18.99107494,-9.24997137,-15.64090526
14.17908571,-9.3626744,-10.9986526
-8.90403182,-10.70478048,14.53674041
-10.3216776,18.37633678,-14.09679524
-12.08337686,17.76528714,-14.34003374
17.82852202,-11.83608493,-13.47467867
-9.48695342,15.94148742,-11.43245919
-16.82933529,-12.78788551,19.23228451
-8.78363517,-15.8652049,18.22122995
19.45821053,-10.58113204,-14.70578585
-12.91620094,-14.95765893,19.80320769
18.71011922,-15.03070572,-13.95015809
-12.24882301,17.31842482,-13.5848234
16.29092093,-13.63206136,-8.67912659
14.87747846,-9.80464471,-12.13713458
-10.6528014,-9.67640484,13.17004882
17.92886655,-9.80194912,-13.98024497
-8.9292907,14.72430112,-11.02949086
-11.06477284,15.56572694,-10.21357053
17.93497904,-11.02497739,-12.06726155
-14.52986016,17.87344081,-11.13448873
17.30514266,-13.57906819,-14.6388587
-8.79122887,-12.64097321,14.96536476
-8.78608318,-13.84928583,17.17557811
17.16314163,-7.64725527,-14.38703281
-8.4398798,-11.50394871,15.44350093
-12.68948968,18.0883437,-9.88164516
-14.30701545,-14.01184043,18.76583411
-11.4055983,18.93885971,-12.8789964
-13.70612519,-10.647799,17.43281173
-14.20191196,19.5190404,-12.00868921
-7.05027937,-9.78764772,12.04048221
16.22934946,-11.97946449,-9.05208535
-12.72376434,15.56737757,-7.42461156
-9.7233091,-10.7556714,15.78115821
16.79282577,-14.04432395,-11.64662783
-8.88390026,-15.49791421,17.70455338
19.57431785,-11.28390769,-12.83702124
-15.92602086,19.97615571,-17.59457361
19.11744235,-9.50388326,-16.5699263
-15.08018417,19.78920723,-11.37072064
-14.05703228,18.50775998,-10.08848914
-14.49525373,16.85399923,-8.0212256
19.93465851,-15.79404074,-13.73252167
19.42070257,-11.01602396,-15.92107744
19.88927336,-17.49226994,-16.16188476
-15.26553774,-12.04575747,18.58577924
-13.79197934,-12.3975511,17.58415619
-11.67765844,15.24875989,-11.75098188
-13.18772443,17.55219115,-9.1559523
-8.91150694,-9.17875603,12.8527557
19.41375156,-9.16811799,-15.76518246
-12.52876427,15.69586884,-12.90055743
-16.37275786,-13.90448102,19.6605087
12.55070853,-9.76917485,-8.43794971
-8.38363308,-10.02535348,13.84186266
-14.63195771,19.52917474,-14.5850523
14.2596994,-10.95837398,-9.27114803
18.01046825,-13.83522666,-10.19406669
16.74085826,-11.40195999,-13.33016292
17.83617304,-14.9021876,-12.50472867
-10.53175461,-14.97227907,17.85776529
-13.05064609,-13.92205675,17.28737702
-13.72145161,18.40809213,-14.90321863
-12.06916803,17.41805583,-12.72557592
-9.47374691,16.71725273,-12.93576581
-11.22436485,-13.89653506,17.6378743
-8.80215776,14.03083136,-11.57824509
18.94410604,-12.00832456,-14.95613985
19.89736794,-16.28503822,-9.67486692
18.99621545,-13.57478324,-10.00445048
-12.95338735,16.91504935,-13.55008386
19.13676482,-12.108699,-13.35542658
-12.44146234,18.57232399,-14.38747161
-7.89781458,-15.10757286,17.97330521
-9.85856281,18.8766627,-15.80771439
-12.89100333,-12.9191419,19.53217602
-10.11754834,18.93067237,-15.16722582
-14.47694987,-10.66093564,18.88688226
17.83801505,-11.64902799,-13.79115873
-11.41085437,19.43107887,-16.06625735
-13.88499454,-12.02884532,16.23453547
-15.80099723,-8.55154935,19.95725847
14.56612671,-9.32274226,-10.05716014
19.48753296,-12.73805936,-15.81834257
-8.01424028,16.38719702,-13.63504952
-16.71089751,-9.45726112,19.79714358
-9.60456419,18.02420482,-13.24496457
17.023377,-10.20793818,-12.50080452
-15.31455733,-15.72157441,19.3544992
13.58373108,-9.09187009,-10.9699153
-12.50202392,-14.10068274,19.95339709
19.78622669,-15.45744492,-12.02956054
18.63083565,-7.47069382,-15.8503396
-11.9790733,17.46651481,-10.30977105
-11.84885211,-10.38029934,15.27163673
-12.85873083,15.255171,-7.8092326
16.06503828,-12.38375301,-12.37419693
-14.05287506,-11.79201772,18.34352399
-7.44163218,19.81659825,-17.4700847
-15.02222673,19.6524937,-11.62519593
-12.51558839,17.74693924,-10.80464154
12.47152136,-8.94760548,-10.1710757
-9.68160442,15.62340556,-10.83625293
-11.4703941,16.98328463,-12.68926791
-8.48985829,11.26711374,-7.30705048
-14.2220782,-11.47031538,19.6342701
-14.10865463,-11.31678598,18.63603719
-11.92072718,-12.68818801,19.14864366
-12.85839349,-13.87098591,17.55627431
18.02582153,-12.76295602,-10.87584026
-9.34895008,-8.55764594,13.1978526
-17.45977312,-12.6604644,19.8609168
-14.44107438,-11.03825591,16.68074588
-8.56342155,-8.78478277,11.42252121
-16.33788027,19.44846301,-8.41849037
-13.15779518,-15.45316966,17.80420944
15.77482215,-12.95182052,-8.41553296
-14.24390227,-13.19810252,19.56910665
-13.73249207,-10.13181002,19.33578402
-11.86132343,-10.69146018,14.97587414
-14.94672101,-13.08067698,18.419236
-11.97056859,-13.39221414,19.34372467
-14.48763224,-11.36606649,16.80912519
-15.62647173,-8.44964379,19.19214323
-7.56445597,-12.38797626,14.69189209
19.94895627,-12.24369854,-14.84735678
-9.37829086,-12.07605129,15.91520843
-9.64903201,18.03867545,-14.71295551
-11.20315938,16.28704438,-10.23809767
16.7089308,-10.30881427,-13.914666
19.91079303,-14.48315932,-13.77760514
-11.8065407,16.63149814,-13.91288464
19.68038951,-7.57637794,-16.57642817
18.14249181,-13.85818752,-13.80149515
-8.86414598,-16.0060832,19.98418512
19.58467018,-14.19479969,-9.96627132
17.99759019,-11.76335874,-11.93333762
13.52661417,-7.38671998,-10.69242974
-10.67386591,-8.9880666,13.98019367
-12.7736997,-14.30574388,17.29456716
-8.5748728,-11.69215783,15.23625608
-8.26187305,-12.50674851,15.57563943
-7.42071447,18.25497789,-15.67490284
12.19648709,-8.43571572,-8.92369622
-15.29542412,-15.4021456,19.22197264
-10.83442358,18.92366306,-13.42229557
17.94975425,-13.5121979,-9.43782293
-11.25449584,18.18592339,-13.44385695
-13.45882245,16.76707243,-8.48474489
-12.7685875,-13.88394055,17.01190137
18.5416244,-14.82087051,-9.67933354
19.8238082,-17.04979677,-10.89994999
-13.35011163,19.27203347,-15.86187823
-12.99677533,19.72138628,-15.15129251
-11.2468086,18.39444002,-13.46905148
-14.77845124,18.11047985,-13.60666634
18.05154833,-11.82045042,-13.30960048
18.65408763,-14.1752655,-8.94798334
19.52408321,-12.68419165,-12.50256992
17.32014283,-12.48418327,-11.07868393
-10.3289149,13.72755843,-10.1824147
18.78859803,-10.96117617,-14.80572443
19.98366628,-16.98953048,-10.31165715
-11.49262316,-12.78980139,18.41173457
19.36391533,-16.38077364,-12.33971552
-8.09566146,-13.61957314,17.29919795
-8.46452864,14.18523308,-11.28022065
14.90725082,-10.81082189,-10.50815749
-8.4003531,13.04072116,-9.17780136
-7.95840643,12.61633468,-9.29834855
-10.2861047,-10.25759724,15.11643993
-13.17256487,16.58993922,-12.85196719
-12.36141208,19.38564309,-14.14075896
-11.11827733,15.73160529,-9.22992486
-12.48912605,-10.92585005,16.98729001
19.74478891,-13.96990571,-10.76365376
-13.95582867,17.41406072,-11.53566064
16.14024362,-9.61652242,-12.80487521
19.33605164,-12.94406025,-15.31535341
17.51269614,-11.86504665,-10.37810804
-8.42417288,-12.36133349,14.6016155
18.47081964,-14.11100239,-14.14005202
-10.96813013,-11.60887585,17.2010629
17.28755591,-8.74574058,-14.28355042
-10.05811094,12.52270752,-8.90472612
-10.1057386,-15.33399619,19.03985848
-11.53572049,15.43190141,-11.75449966
-12.08611104,18.43101318,-11.04162832
-17.30648257,-12.2502321,19.36024232
18.13618646,-15.01705543,-8.93049383
-11.15325189,18.69503457,-14.12171936
-12.24572287,-10.49898992,14.81210527
-8.42649546,15.06896676,-11.25071037
19.31551165,-16.3766548,-12.75205331
18.84429158,-16.15902126,-8.9033516
-14.27384721,19.33435366,-13.37808846
19.62020286,-9.91318425,-16.75456844
-14.96594841,18.96555578,-14.13338714
-12.62307661,-10.52141867,15.81228732
15.77260702,-10.22822975,-11.36673535
-14.16287662,16.8511608,-11.95430999
-11.82063581,16.72494322,-11.79157516
-14.71790427,17.1094896,-9.53189475
14.06829525,-10.62446695,-11.52214561
-11.89541355,-9.81435688,15.22590449
-13.96655765,-12.31070824,17.08144221
-17.08468937,-12.5883346,19.80135621
-11.22000792,-9.99538123,13.70232179
-11.29461871,-9.0576173,15.17213113
-15.54492819,-14.93655444,18.37340341
19.63625687,-10.47061972,-16.51941275
-12.7596179,-13.78132176,16.31940853
18.94597995,-14.09606377,-9.69721334
-13.9512569,-10.06028405,17.99375798
-10.81830415,17.36568267,-11.16997102
-15.82599169,18.58558113,-13.30020587
-13.89040461,-13.41941398,18.48033951
-8.12607146,-8.19067023,10.48821926
-14.92595071,19.6949996,-10.20619043
16.04359927,-13.15020281,-9.89769402
18.08769263,-13.17728797,-10.44306449
-14.89075118,17.61452208,-14.32099138
-8.82156076,15.45809009,-12.73219253
-15.94160245,19.37429469,-10.87080976
-9.70110758,12.96384296,-9.51717193
-9.01916533,18.87702622,-14.38448713
-15.80160984,-11.49333019,19.84632555
-13.29115637,19.08159206,-14.41262019
-13.13321697,19.42952741,-13.97514363
18.34446462,-13.37464126,-9.64032122
-7.98932039,11.20938132,-8.74272474
-9.31047911,-7.32395592,11.56017529
19.83607984,-16.57966547,-9.38876392
-13.40435648,-15.7285569,19.08711698
18.94649839,-14.30354611,-10.54929926
19.7447209,-11.46613534,-13.6093751
16.18485374,-9.59824202,-13.8451756
-8.69841123,-10.71647744,13.87448923
-12.75524933,-11.32284839,16.21219876
-13.89156556,17.74893267,-13.22471633
-10.33716713,-11.19047614,16.68174737
-9.90560948,12.84260721,-9.95165231
-14.41705562,-14.61201312,17.06888894
-8.99692353,15.71865054,-12.86419774
16.03867459,-13.65257946,-13.01048028
18.72753784,-13.39631626,-11.26995267
-15.12186596,-8.01093813,17.43310809
-13.98762857,18.8709721,-10.09663036
17.18232813,-9.11662176,-12.67310113
19.37295254,-7.54496493,-16.31074921
-7.65660038,-12.16671628,14.44366369
-10.96397517,-11.9959318,17.99448872
-10.16960603,19.15717334,-13.79171913
16.22769364,-10.44024279,-13.37468783
17.44958501,-14.44118977,-8.59080234
18.89533408,-8.12705693,-16.25519449
-9.98882162,-13.40329794,18.02199538
-11.85926567,-11.14378621,15.62779404
-8.25970854,17.70897751,-13.8666001
-14.81872418,19.26601778,-16.03212461
19.27057751,-9.06803353,-16.46038252
-10.16428703,12.44499032,-8.05040598
12.11665749,-9.16382573,-7.58303157
-12.96905468,-14.26147602,17.82281462
17.01392327,-8.07396646,-14.54402887
-12.99660771,-8.58977401,15.38676084
17.44060186,-15.20216819,-10.63800653
-13.07535096,17.55159267,-11.55896449
-11.27130817,-11.501709,16.90524785
-14.99439922,-11.06335532,19.34072017
-8.59421236,14.89423629,-11.82134216
-10.37753749,-14.13647096,18.36654233
-15.89259555,-13.83728414,19.72409117
16.26601935,-8.41823839,-12.28499985
17.44843349,-11.64038171,-12.44338386
-10.75157196,-10.1959541,16.28165825
19.73595707,-14.68285204,-10.73514619
19.08489766,-14.90139944,-16.41359378
-13.16212205,-8.30236163,16.29877907
-13.84174726,-10.57801866,19.88040329
19.79701393,-10.901671,-15.59394216
-8.98341786,-14.06293574,18.07354733
19.67340984,-16.59011081,-10.60503897
19.82192765,-16.07046137,-11.62990976
-11.51154263,-13.35620221,17.364756
-14.12158386,-8.76520002,17.26126626
-11.4064524,-10.9900403,17.23619168
-12.89062619,-10.73909484,17.11548609
-10.47323359,-11.83943514,17.78561993
18.45850164,-10.79173318,-12.81374557
-13.73385219,-11.12943073,17.73122018
-12.2981919,-8.65070232,16.16280651
-10.09093902,-9.53987119,13.34934349
-15.64271562,-16.37950321,19.54511566
-13.6083827,16.89653297,-8.96344125
19.65777636,-12.26443305,-13.4230969
-9.94558455,-12.58000212,17.38051166
-11.41006507,13.63805965,-10.0314362
-12.69862753,18.39589637,-10.60525689
-12.21558763,15.22223959,-12.47976679
-16.91511876,19.87844906,-7.73716918
-9.45356634,-11.79083081,14.85474798
12.19246423,-9.21289452,-9.60964203
-16.78836657,-17.05889264,19.67351437
15.51927508,-12.87445321,-7.29399344
-14.25398358,-11.31062606,17.08477713
-15.95076689,-10.9795528,18.21329688
-15.71839819,-16.80313358,19.7105217
18.24725037,-14.97839873,-12.87162943
18.77588711,-9.62859869,-13.59083724
-12.29769504,-11.8690444,17.22849834
-9.91902121,17.88924737,-14.5076498
-9.41037901,15.78272732,-13.28154964
-13.89546683,-10.57969117,19.13963889
-11.29020129,14.70179499,-11.52976636
17.56839389,-14.98864323,-15.09423395
19.10161654,-11.79271884,-14.19959684
19.95775226,-15.20584106,-10.02677349
-14.00081783,-10.1355725,17.57062513
-9.97226847,13.40296315,-8.26287241
-11.33666854,16.93667762,-11.66625709
-11.6216208,-12.36716441,15.24099527
17.49896035,-12.50513643,-13.66151008
-10.82298671,14.22582852,-11.10979847
19.91018512,-14.7844227,-11.61269011
-11.96946556,-12.72494589,17.37414121
19.77823897,-14.4509735,-12.21606837
17.87023791,-12.9112455,-13.91285519
18.3718778,-10.28160923,-13.66924606
-15.62054718,-10.20378082,19.63547471
19.98132357,-10.98911036,-15.72803146
19.84279691,-14.46134752,-9.87236131
14.28214209,-9.28446726,-11.74359038
-10.40295656,-9.35886747,14.68780661
-12.9653741,19.59544097,-15.98803368
-9.81916249,-9.48284985,13.98600306
16.78680503,-13.40298302,-11.15201295
-13.6451557,18.26051552,-12.68937355
-10.01649846,-9.76003412,14.96888933
-11.72805094,19.75178464,-14.8076046
-12.91380166,-11.43645879,16.42546781
18.2064589,-13.06214641,-13.00158926
15.32372975,-10.80701019,-9.88080771
-13.06368439,-11.92897855,19.37548125
-9.3240113,16.41572667,-13.35023115
-10.12371891,-8.08666976,13.48998827
12.62493062,-7.74960739,-9.9563461
17.72316508,-12.76179387,-12.28996045
-15.18068716,18.59673048,-16.30983617
-13.02408144,-9.76404115,18.30909981
-12.38872463,15.3636363,-11.02303221
18.13802144,-13.08638568,-12.75504095
-17.08915495,19.919599,-12.41046902
-14.65902275,18.81751741,-10.97148281
17.70456738,-10.48052942,-14.67873927
-10.66615243,17.15048107,-12.85388004
-13.46923912,-10.59902928,19.21846305
-9.88769058,12.94250054,-7.85892753
-10.49038838,19.41004621,-14.66880169
-7.9275049,17.01445445,-13.98335998
-11.52135785,-11.90245899,18.66445182
-7.6580884,16.97299043,-14.08563735
-14.26804627,18.31828514,-9.44999972
-10.22740386,16.9093724,-13.17081386
-13.24143641,16.22746701,-11.51903672
-15.99346457,-12.09051049,18.77322177
-11.6528765,16.71628879,-10.13964053
-13.0509294,19.84926388,-11.22461116
-9.95877045,15.00091717,-11.09236885
16.56433673,-8.11596952,-13.72418049
-8.82812013,-10.81904529,14.76780595
-11.75649636,18.31815393,-12.6000634
19.18268795,-14.76169036,-15.44706308
-9.58249751,-13.31840239,17.37396525
-9.05883096,19.94091039,-16.62585194
-8.3208833,-13.90496205,17.74193597
-13.44443919,19.10790616,-15.25524852
-16.71517896,-10.84032367,19.30184801
18.9076534,-16.51572112,-16.22908085
18.84502141,-10.9558623,-14.8084287
-13.71024554,17.91891436,-13.08283157
17.50472219,-10.50890191,-11.9704132
-15.14720387,-13.36419948,19.34275226
16.99558386,-13.03661185,-8.89233881
17.60206229,-14.61695338,-12.21230375
19.74808744,-14.55868525,-10.53536054
-10.43231922,17.87591969,-12.2325729
14.22569734,-8.5939493,-10.85205303
19.80118271,-16.66110366,-14.10884596
18.35425537,-14.90538542,-13.08785751
16.47074216,-13.9543836,-9.50872371
-16.68988946,-15.85611066,19.23007406
-10.70696187,18.18782347,-12.97693007
19.79560768,-12.11281853,-16.94654243
19.8246132,-13.63574954,-15.54179599
-11.88493824,17.88999668,-15.3391347
-11.21601345,17.95826908,-13.02020401
-13.016332,-13.50750186,17.53764874
19.48709018,-15.09617395,-14.04089201
-12.41632019,-8.49329967,15.81443764
-14.62833332,19.49497903,-10.96878422
19.75535383,-17.36269574,-14.61843163
-13.57594186,18.5506185,-9.70636045
-14.32547077,19.89176893,-12.02918393
-15.50838862,-11.30835605,19.5201651
-9.64570905,-15.10326893,19.95736885
-8.54508173,11.08208996,-8.59673186
14.24438814,-10.75684321,-10.79512934
19.67242838,-11.59181983,-12.4993987
19.18301698,-14.50291148,-14.3886759
14.84115093,-11.82681654,-8.92144882
-16.2803921,-13.36314808,18.52418251
14.62545974,-7.49757573,-11.78951549
17.29450887,-12.81651448,-11.39889668
16.66143225,-14.21220698,-7.71408324
-9.86446151,-14.48053025,18.97186462
-14.76808442,18.35510601,-8.57043552
-11.17174195,-13.76687929,18.862186
-10.09608793,-14.20458248,17.46603393
16.55035117,-13.37045249,-11.53722399
-14.77474829,-11.8643593,17.77208807
11.85745816,-9.45587501,-7.8216617
-14.88781758,18.89489902,-8.44306292
-7.08131894,17.10996107,-14.54364934
-16.20213253,-12.74040567,19.61824026
-14.03889727,-12.63319292,16.60976587
15.68958585,-9.75777973,-12.62061494
-10.94897399,-15.42534405,18.19308278
17.86554964,-9.29038291,-14.49398005
19.51290218,-16.46588597,-13.87295721
-9.29556445,11.94594865,-8.28779358
14.82708923,-8.44586108,-11.60372373
-13.75004566,19.93915465,-11.09184625
18.6450203,-13.6772269,-11.76632473
-12.56886448,-10.43052994,18.11996398
-9.06119248,19.0093896,-14.77457294
-14.83164099,-14.31816734,19.14436632
-7.8526896,-15.08337622,17.92956557
18.19654873,-11.50255951,-12.04481933
-13.02650749,15.7000617,-9.11749721
18.27336035,-15.17526788,-14.77583282
-10.99996822,-13.83248043,18.1909521
-14.79447893,-16.42726869,19.78376866
-9.24708529,12.83813088,-9.46321837
-10.6433665,19.3958465,-13.58529876
-7.51062709,-13.21232779,15.59581405
19.75871556,-14.58999734,-13.84890443
-7.63695448,17.14695257,-14.02734712
-10.64622831,18.82598473,-14.49625176
-16.22940473,19.13387897,-14.92796362
17.85226065,-15.39174777,-11.37132596
-9.77135471,17.49112425,-13.02385527
-8.53810668,-10.17053127,13.93583489
16.45629484,-11.50821841,-10.28334777
-11.18588305,19.28876403,-14.22213412
-16.47460217,19.99768381,-13.08239923
-10.39480823,18.95256944,-14.65315254
-8.3366531,-11.10417065,14.66356983
16.73586116,-11.57966605,-14.09496182
-10.74640579,-14.21799483,19.67374551
16.62195421,-12.55578939,-13.33865017
-9.68022105,16.01876194,-12.78835433
15.91384908,-13.14605108,-10.2800008
-8.80863814,17.77432801,-14.35535862
19.54610718,-14.02880395,-10.30452174
-16.50608693,-8.51544273,19.3227896
-9.41608238,-15.68336597,18.21187997
17.51074929,-13.15849784,-14.05553611
19.55911923,-17.17034649,-9.28405727
-14.12118874,-14.2340458,18.94950149
18.58479047,-15.08135464,-9.70662091
-15.70395669,-14.76948784,19.64706759
-10.37047085,13.07888084,-10.71051862
-9.0445004,-10.6260414,13.05677935
-12.23199589,-11.12313485,17.61213095
-9.39400494,-9.93583303,14.76323835
17.01447037,-9.74241703,-12.76251934
-12.9354996,-12.1436554,16.61288536
-13.95282812,-13.6923115,17.71665183
19.20127295,-13.47034226,-16.82523482
-13.19093124,18.00963501,-10.86845439
19.77609445,-17.09329954,-17.24824166
-10.65556117,16.3695915,-13.5245238
19.28007805,-16.49138131,-15.63370072
17.3085743,-11.47430512,-13.05837163
-12.79906066,17.93068492,-10.50480261
11.14746205,-8.52199217,-7.46113822
18.29934623,-8.96176965,-14.92414929
17.0358868,-14.66424149,-7.75116242
-16.92417937,-13.69450802,19.85337578
-13.8595229,-8.9116446,16.48014802
-9.6260516,-11.06261616,15.31521085
-8.34426673,-11.5562007,14.11689627
-13.12247735,-14.82597555,17.95132533
16.33621756,-13.77525939,-8.47354012
-11.70160563,14.88092219,-9.85592257
-9.96660376,19.02406465,-15.87105843
19.1240585,-14.20252364,-13.47573613
-12.98670534,16.73864007,-12.7107622
16.35047185,-12.50705657,-8.56233867
-11.38680859,-12.60350817,15.38681375
-15.34017703,-14.37419946,18.92811877
15.56959006,-9.08243597,-12.80547195
-16.33843042,-8.32219571,19.52014214
-8.96714837,-9.92278662,14.08217868
15.24398175,-11.96295168,-12.98607376
-8.72452846,19.95305693,-16.12045848
19.28271618,-13.1095338,-15.53176398
18.61816208,-15.27638613,-13.90520366
-12.76041429,-14.26550938,19.06187583
-14.81348223,-14.77747884,18.39933931
-10.92827557,-13.3709616,17.0820327
16.03419704,-12.53609386,-10.68045138
19.43896328,-15.40542457,-14.58794047
-8.89743098,-15.64779052,18.90362326
-11.45394664,17.30574276,-11.06363995
-12.49302726,15.88340727,-13.26929379
14.96287112,-13.24961294,-10.12738523
19.7775881,-12.07741218,-15.70464043
-15.90079883,-16.71416081,19.40367354
-8.06211738,14.18048906,-11.37348022
-13.64111823,-10.60198927,19.3040755
15.75875149,-12.1098504,-8.57568686
-14.70127011,19.74350182,-16.81932306
-8.70423092,-14.01958857,17.32240249
-15.70711683,-17.53246618,19.77709252
-12.62417488,-14.4947203,18.11387976
17.51821116,-12.70689989,-10.62624526
-13.36817827,-9.56990999,16.31102057
-10.46263717,19.00299629,-15.48810075
-10.40264383,17.52481143,-14.33502704
-12.30650842,15.99814131,-12.04385048
-16.17577315,18.56209975,-7.25488426
-16.31843966,18.64881508,-11.79210993
19.10360783,-12.92621425,-14.29576337
15.23623296,-11.21301912,-12.77111427
-13.77227161,-15.66184887,19.07887256
-12.22338006,16.92856917,-12.97999694
-12.64313398,18.82851738,-14.98060651
-7.97084878,-8.1533701,11.70335735
15.46684863,-10.04964872,-12.62618552
18.4401732,-13.32044641,-11.10138239
-10.00504086,-9.93990364,12.79703722
-7.34297284,-7.28762602,9.84434131
-12.19648139,-7.57453532,15.3250513
18.62600651,-17.85478938,-12.72549612
-10.31874034,17.81297124,-13.7468056
-10.44318459,-9.69467827,13.7619597
19.84254048,-14.53178864,-14.48996423
17.05733817,-13.44434588,-8.64842859
13.43679998,-11.10606184,-8.40349276
-15.95805357,-8.98964061,19.92236959
-13.82680376,17.42202357,-12.92617478
-16.54985706,19.77031866,-11.45708734
-12.62822969,-9.25566629,16.66824384
-15.89975328,19.88222766,-14.71506682
-12.40968928,18.72737746,-12.94786935
-15.80690649,19.8599774,-12.28160741
-9.0469137,-13.7440932,18.23476
-10.75291259,-12.13766377,17.04285481
-12.60371251,18.61253533,-13.60404027
17.85493394,-14.80177295,-12.23536133
18.9504686,-16.68395455,-10.55714096
-11.69821622,18.04171069,-11.85343406
18.31755854,-14.46137787,-9.95923616
16.13139014,-13.71082407,-10.0897642
-11.06071098,14.67579276,-10.54349207
-9.31999148,17.2472857,-13.3526433
-10.46747292,-12.22182093,14.74229607
18.96752944,-8.83395666,-15.55468415
-11.25409835,-12.48280052,17.14871757
-16.79679565,19.06032325,-11.75143304
-14.82358709,-15.7148103,19.2720552
18.54799136,-12.20912788,-11.87461441
18.09576077,-7.77797783,-14.74647516
-13.69328087,-11.97726697,18.21995567
-12.60020785,19.11352003,-15.31193801
-7.96573646,16.95827535,-13.52477455
18.72359909,-15.25298973,-11.34187934
-8.6517716,-10.99078993,13.82157902
18.3512629,-13.47420445,-9.82175179
-14.02794832,19.53964031,-15.50475374
-12.82598001,-11.17080886,17.73362282
-13.97409723,-12.43877344,19.46988348
-12.59579193,-9.38030766,15.05465903
18.64863358,-11.6071323,-15.80860045
17.49349873,-14.45803177,-11.38079627
-10.84499394,-8.25134968,13.06758481
-10.69546412,14.99189107,-12.60080813
-13.84675984,17.84889064,-10.07976393
-13.09206048,-12.5272768,19.46692138
-11.90934277,-14.44006148,17.22798226
-12.14927209,15.80944352,-13.57811178
18.43065128,-13.6986815,-10.77445928
18.03233902,-12.8271261,-13.65532331
-11.45799333,-14.67117576,17.54874114
16.9849023,-14.5103338,-12.27846906
18.95691208,-13.69478639,-15.91540144
-15.42526273,-14.75625112,19.69272844
-13.11059724,16.55996841,-11.56143199
-16.0909547,-15.47050882,18.48659687
-13.93782172,-8.46988997,16.44735677
18.90409675,-10.7851032,-14.37883135
-9.90708351,-14.34653264,17.49352024
19.26661758,-12.4554428,-13.07990716
18.92836841,-9.23977969,-15.01096321
-12.64685312,15.40750497,-12.75274822
-11.52582958,14.58460452,-9.92015541
-13.71040682,19.84836652,-10.98483391
-12.79033795,18.62086423,-14.82652312
14.42554926,-9.85406696,-9.09321495
18.78939319,-12.7992075,-15.34416453
-9.36150603,-9.36938231,13.68804273
12.15294188,-8.37885744,-9.37501871
18.93193648,-14.09965132,-9.37733201
19.82192791,-16.55239452,-13.24070577
-11.48630761,17.86544257,-12.5732324
-11.21514384,-11.57074072,16.77934745
-12.68100904,16.36935456,-8.10824088
-12.48848181,-13.21166474,19.0005917
-13.30253505,18.84445425,-10.16557159
-12.88045802,16.01492438,-10.49595931
16.8128596,-12.71552619,-13.89128773
-10.78720605,14.05906732,-9.66721094
-12.01140174,-11.76097837,17.49609297
18.31922354,-15.85808414,-12.21253671
-10.21035746,15.57982805,-9.91277074
19.19380313,-15.16673825,-15.34044505
16.66571395,-7.56407093,-13.55116059
-9.59661361,12.25477529,-8.59894153
-7.87357099,12.81449829,-10.0272291
-8.20569994,-15.57732538,18.50323464
-16.19667704,19.93601128,-9.67747509
-15.45223489,18.23997795,-11.67948665
18.5251329,-11.79052864,-16.16212076
-14.28900115,-8.02283957,17.57819821
-8.01593389,-14.57586778,17.47839319
-13.87362907,-13.50828868,17.64346327
17.22601913,-13.91121401,-11.48905741
19.08426827,-12.89714542,-13.73163772
19.92824743,-13.90608401,-14.28336093
18.55299666,-14.28666732,-10.83272198
19.69798123,-14.96852637,-9.95396018
-14.39558721,-10.09992033,19.61115084
-10.23858553,-14.37200034,18.36731504
-9.8475081,18.48365426,-14.12376349
-12.03652138,-9.13695565,16.49876707
16.22618106,-8.03959609,-13.55025302
13.16410845,-9.968468,-7.89260725
-11.95032098,14.89605926,-10.76456343
-13.52968056,-12.38068868,15.74614778
-9.89816867,-10.85468649,13.96609368
-11.97360326,-10.25372009,17.61314168
-10.69299325,-14.46916758,18.67967783
16.63241308,-9.02434498,-12.40304127
18.46092176,-14.32478223,-13.06341339
-12.0133367,-15.13477458,19.83794648
13.93772168,-11.08115626,-10.23014252
-10.55046892,15.87252544,-9.94393173
18.91678192,-11.75753662,-15.14608037
-14.21863165,16.97519714,-12.96573796
-12.93810132,15.55498193,-12.05976597
18.89126913,-10.57008398,-14.93370927
-16.20104369,19.87018151,-11.07858791
18.52508681,-15.94661774,-7.73370735
-15.46763001,18.06164333,-13.16063123
-10.84903108,-9.28752788,15.43979803
-13.21171304,15.70224672,-8.46507893
-12.6065138,19.50038429,-12.006064
19.81166424,-10.86754118,-14.61127646
-10.91206191,-12.69447907,18.19208001
-14.06504908,-9.5139058,19.16364907
-13.70715891,18.25526825,-10.09632745
17.17506976,-10.32752301,-12.49577725
-14.4090823,-11.46410804,19.71657443
19.45450075,-9.81893696,-14.76560616
-11.37861884,15.34596725,-11.30509898
18.51315887,-13.59337926,-12.47829963
14.79057437,-11.75148842,-11.15629266
13.5925283,-8.69831582,-10.83651185
17.83591166,-12.7313696,-15.17857054
-15.18150514,-15.40777529,18.45102782
-14.16506418,-9.59486555,18.96427092
-8.85311002,14.00570103,-9.73306583
-10.69285254,16.71208564,-14.47653639
-8.91300457,-11.29563548,15.77503518
-12.79620946,18.05639979,-13.80569906
16.42561058,-11.42596754,-10.15241456
19.15305859,-10.89004729,-15.50888658
-12.08289279,-11.82592408,17.01905168
-12.89568561,-15.56974455,19.98813406
-9.85624353,18.67986511,-16.2944655
-14.76717981,19.43128656,-11.22833904
-13.92636984,-9.72523697,17.85238682
18.20751495,-11.64870726,-13.59157046
18.0531461,-13.37062926,-13.88006377
-15.23991774,-14.05959996,17.83115388
-14.57602222,-12.39179168,16.9504643
-17.53410222,-11.63004875,19.91703956
19.72225057,-12.04717968,-15.54542386
-13.05723004,-12.18361736,15.32296247
-9.74192863,-8.71770584,12.54994478
-12.73910439,16.03031909,-11.0461454
17.70724929,-12.85312099,-12.67711253
19.49710407,-15.7603291,-10.35336348
-13.02283309,-9.38342595,17.25983743
-15.35201362,19.1771956,-15.15557477
19.39158471,-15.41891662,-8.9489004
17.47772471,-9.59107985,-12.95804811
18.0490165,-14.93931057,-13.4465804
-10.89902831,-12.92203968,17.44555913
13.53654788,-8.87881662,-9.60555327
18.85545252,-16.22568642,-14.90654342
-13.54709152,-10.06354667,17.30897207
-11.31641961,18.13114284,-12.37970176
-13.9907919,-16.39927138,19.78025852
-12.47094868,18.9636102,-15.85459712
-13.28088178,-13.29502554,19.74752368
-12.85650866,18.27421918,-10.2110586
-13.15514778,17.81509765,-11.48268833
-10.63926892,19.52949825,-16.68251704
17.00854813,-13.68343819,-10.23824296
17.51945265,-14.15204286,-15.11240766
13.411359,-8.43756633,-10.88762012
19.828061,-16.48080035,-11.95320066
-12.26200878,17.78500686,-14.49567709
-11.00372812,-12.94728733,15.27114371
-12.2569308,18.51009027,-14.97923678
-15.19225106,-11.84085358,19.35860741
16.74625496,-8.04886086,-14.47038485
13.1003448,-10.85123534,-8.42306903
-12.10904683,-11.94920231,18.22330749
12.98552898,-8.78776772,-8.70114487
14.39280403,-12.06366779,-11.80276957
-9.57384619,-16.86489118,19.85430086
-8.44693453,14.40649776,-10.42635686
19.75631306,-15.03320036,-16.83260304
19.20636827,-11.04968507,-14.19074716
-9.38202883,-12.82755125,16.47828406
-9.97377194,-16.37182334,19.37452272
-9.40006182,-12.74095933,17.15615716
-14.89382378,-9.72848862,18.60204607
-10.02535593,-10.52194056,14.53147125
18.08912228,-14.4047391,-9.66458545
-14.38917047,17.27344353,-9.35644897
-12.79213313,19.5240723,-15.56940594
-8.3541623,16.05472257,-12.63370939
-10.17056893,17.1077406,-11.41432746
19.91377296,-15.37832833,-15.31364145
-10.86034341,-9.52946803,13.14593761
17.19307815,-7.59827987,-14.70651414
17.22388717,-14.89028234,-11.41446288
19.94049824,-16.58861017,-12.28445173
-11.87696559,-11.41601282,17.92156961
-14.20704421,18.88821315,-10.34252686
-9.157411,18.9667659,-15.19052371
-10.40119628,16.79132152,-11.66262633
-10.57313774,-15.85139466,18.99997359
-10.08269887,17.25366714,-13.38994506
-12.80246743,-14.48544377,17.67665138
-14.02834457,-13.5368011,18.71964489
19.55742176,-14.8755202,-15.99996906
16.25154899,-13.25936939,-10.44687203
-9.10637178,17.73502521,-14.32145982
-8.05992505,16.9071131,-13.66067825
-16.85483304,19.51864088,-11.10612125
-15.27888935,-9.85399018,19.14126756
-15.48646736,-10.35897078,18.50082337
-11.50612048,-15.7351121,19.98053725
-14.09566704,18.06335135,-10.44204424
-12.20887112,19.29364082,-13.75146506
-9.73698265,15.12797804,-11.036353
18.32716261,-14.45881203,-12.58769677
18.14888461,-8.59494997,-14.02909005
-10.3559487,-13.61365105,17.60381825
18.17951719,-9.54384025,-14.72680525
-9.10690771,12.82234727,-9.77323149
15.63914,-8.89194279,-12.23817212
-15.13267276,18.29133217,-12.3833487
16.13918618,-11.01023992,-9.61093445
-8.69180948,-8.04584659,11.74936328
-14.81294372,-13.40613277,17.75422316
-9.67606742,18.11347318,-13.95467718
-13.87864878,-8.26265739,16.96215461
-16.59322829,-8.09397778,19.2460874
16.06396841,-11.2521773,-10.90981647
-13.7489625,19.0113758,-13.76181981
17.45636532,-13.98839779,-9.28597322
-15.9912504,-15.75762046,19.53834355
-11.2023583,16.05793043,-13.7922399
19.05309717,-13.47314686,-10.6517196
-15.33538683,-12.69447241,19.23046902
-11.97132377,-10.44312832,17.65795765
-12.40886578,-11.74587044,17.257182
-13.7267749,18.65950613,-16.21861143
-11.74089538,16.52374253,-12.02216847
-13.69752793,18.91361509,-15.98382526
-13.11432724,-9.38171235,17.31647118
17.54747603,-9.23871413,-13.08904694
15.43978069,-11.84014126,-11.54293446
-13.90296237,18.59064058,-12.99828489
-15.68577517,18.41174964,-13.38538272
-12.14327087,-9.76495866,14.48170688
19.46455667,-14.99482223,-12.91162469
-14.2846022,-11.20152319,19.18879013
17.70428988,-14.32518044,-14.52357906
13.19149116,-8.68501629,-10.31706043
-13.68551535,17.46263571,-8.8939503
16.87352964,-12.12506077,-9.9952272
-13.10905076,15.3893051,-9.44164649
-8.56149621,16.5525904,-14.32919671
18.60011361,-14.34241811,-9.74477391
-15.3337086,19.08722546,-14.26947084
19.3015168,-14.78215595,-15.00852476
-12.38431126,-15.44556282,18.89376004
-14.51734361,19.05742908,-12.0296873
-10.64227793,-12.39661758,16.7058604
15.03055521,-11.14751492,-10.39576064
17.67104625,-13.13624169,-13.0366309
-9.9377222,12.71106985,-9.96923246
-8.95480301,19.3345839,-15.54470958
-9.87818221,13.9086899,-11.70117069
17.82007483,-13.70252563,-10.82793851
-10.11454822,16.77495223,-13.03275574
-12.23700263,16.20836964,-12.36734253
-12.41051607,19.62786381,-12.6755402
-13.84200689,19.37440892,-14.24141632
16.08203436,-7.90548052,-13.30686277
-10.37437208,13.17340449,-9.97298351
15.0493413,-11.11459201,-10.90591996
-11.6861432,-13.68049664,19.86918111
-8.38368007,-13.20425293,15.73461589
-14.79778785,19.33247348,-16.69009258
-11.55397189,16.61631816,-12.69990162
19.05821715,-13.54748549,-15.40153062
-9.20808278,-14.59386789,18.99654183
-12.53496541,17.41908351,-13.45680608
19.94235845,-14.81888822,-12.52429714
-13.44204373,19.72355973,-14.88615688
-11.38926213,15.0666704,-9.87383465
17.28373824,-10.75417678,-12.00067691
-10.69577096,18.70483381,-14.64923846
19.13267139,-14.2298408,-15.86963062
-14.30067396,-17.07197413,19.6935991
-10.28246562,18.38001609,-14.78449419
-13.59642002,18.24725143,-12.85243168
19.32341175,-8.88107522,-16.36474031
19.61983747,-10.76422536,-16.12809258
-14.55796728,-7.47329334,17.2210978
-12.19508775,-16.45357793,19.36617895
17.45510601,-14.70392223,-10.13451968
-7.01969479,-11.1649125,13.63630759
-7.47431786,12.80029487,-10.58941797
-9.8116382,-13.31845541,17.51830781
-14.78384148,19.88052639,-11.89566041
-10.48750004,-15.09304893,18.70645079
-8.37168779,17.4845469,-14.72666886
17.47431849,-14.99369198,-13.00664198
-12.39500415,-14.22803442,17.41917356
16.99968922,-10.2381159,-13.54893139
-13.71341389,-12.29289267,18.22423932
-14.2286767,18.80904818,-16.36626051
-12.43911329,19.10644645,-14.03608862
16.26326181,-9.78332004,-11.16309239
18.68428787,-9.78393881,-14.2793433
-13.91555184,18.45934558,-13.73985408
-10.36908366,18.32047083,-12.76799639
-10.47775306,18.13195149,-12.38801111
-15.80289306,-8.69971347,19.10546877
-11.99029287,17.41586677,-14.03403766
-10.78714581,17.6522814,-12.76974335
-12.86751432,-13.31788982,18.04272043
-12.67205507,19.49712174,-13.12400699
-15.14186502,18.54748841,-11.89810989
-9.51919325,-9.60169066,12.30171515
-9.21677441,16.12978255,-12.64933605
18.73444056,-13.40814779,-15.60085345
19.83340638,-14.61261021,-11.64204315
-11.91507873,17.9969439,-13.36900369
-17.19624381,-14.99588882,19.58572978
13.94982474,-8.11518043,-11.25046331
-9.86499475,-15.69908915,18.07439132
-9.06501024,-12.48109171,14.72560203
-13.48955292,-14.55640787,18.59365923
-11.11228098,18.87505733,-14.22802063
16.72254571,-13.89336153,-8.98651921
17.78632657,-11.89256171,-11.12330557
-11.44475985,15.22544006,-12.19172549
-13.82604934,19.00872913,-13.45560517
-8.62710668,-8.72800635,12.15632482
-13.43100248,-7.38872673,15.8406372
-16.90651655,19.38995697,-14.78613302
-16.69015396,-12.07164455,19.28723657
15.99763472,-11.5217152,-9.92353308
16.93458859,-11.55946415,-13.75621325
-11.25878952,15.29842747,-12.41706113
10.30380831,-7.23281332,-7.76319043
17.22521123,-13.21258383,-13.4480458
19.13693511,-8.77656018,-15.43856483
-8.58830008,18.55340446,-14.63349615
-13.68323957,18.86128405,-14.74962501
-8.12000633,11.15497412,-7.85081934
-12.39316484,19.46081525,-16.47390556
-13.67022549,-10.81092912,18.2130267
-11.727741,17.45001743,-14.94958011
17.66627363,-15.05015521,-7.86860675
19.17915729,-16.0745262,-12.44863341
18.08845859,-12.73527424,-14.08153128
-11.98664984,19.86618528,-16.03107495
-9.26227934,-9.98775896,14.25755976
12.92604629,-8.43486381,-9.97406648
-11.26483808,-14.61734732,19.17236037
19.0113898,-9.19901556,-16.02988509
15.05871804,-10.14822761,-10.64716544
-12.03506341,-11.85362319,17.55329945
17.54460169,-14.17288767,-13.91803767
-16.57258769,-14.46018374,19.77791693
-14.05730546,16.36908249,-7.06137381
-8.09130192,-13.39818017,15.97189069
17.60968119,-12.08004452,-11.13056864
-13.55533691,-10.38174082,17.59316134
18.44425234,-15.02894832,-11.45238966
-8.54354184,14.29028724,-11.00436653
-10.97030745,-12.56439317,16.64115106
-12.10879908,16.60987193,-13.96481325
-12.83910132,-9.52259654,16.9790705
-14.72074802,-9.2101307,16.49164055
-11.30687236,-11.53260362,15.46175728
-10.85424832,-15.45900939,18.96294281
-17.39372297,-9.24778991,19.69345915
-13.89693426,-14.81171344,17.75265583
19.78273444,-15.13299958,-12.53494176
-9.82629884,-15.56827178,19.82741698
-11.33936483,13.67986203,-7.31404386
-12.18001408,-9.34334599,17.11960371
15.6982228,-11.59239129,-12.66993378
-9.17673123,-15.41426237,19.18997446
-16.29881182,19.56553272,-15.59201305
19.94336045,-11.30169897,-13.52365413
-8.39427313,-9.72374412,13.36172927
-12.68125668,-9.20555881,15.89239134
15.10090638,-8.72175805,-11.34915804
-13.18793846,-12.87088969,16.76260148
16.84232918,-13.84926929,-8.26751495
-15.31536992,19.17428789,-9.47403412
-12.09782719,19.00664126,-14.80010472
-11.47444609,15.51078877,-10.96098974
-13.66845456,16.40939089,-11.68873064
-12.27086974,-10.25778655,16.8238798
-10.45348262,-15.26292283,17.59272751
-14.20094064,19.1945843,-14.96650048
-15.04232718,-11.85157115,18.79883319
-11.90213381,-12.52178598,19.48994887
-16.04502023,-13.5672716,19.83213233
-7.43579665,16.61974639,-13.66521426
19.38007328,-13.18584609,-12.97055861
-7.30138374,-11.22175271,13.80632284
-8.52829949,19.09635736,-15.12236494
-12.81678461,17.64972892,-11.0791448
19.99177042,-15.41875425,-10.98938412
-12.11895826,18.65630612,-14.16058927
-10.80065364,18.58586054,-15.68403248
15.19458225,-9.97662286,-11.76945705
19.64600597,-8.66674404,-16.86671775
-10.22752154,17.55940648,-12.3825287
-11.51545025,-12.69367615,15.32174054
-8.60308179,-9.09552913,12.47839759
-11.18116366,18.03391407,-11.44505469
-14.95567234,-11.31795561,18.33108484
18.09690528,-7.65446902,-14.8954016
-8.54817181,17.36743505,-13.93768936
14.66756392,-9.71982925,-9.77801959
-13.51417649,16.85170185,-9.81650544
-14.56752087,-9.42220793,18.6315246
16.48327549,-8.79047361,-15.29384299
-16.26207941,19.90583847,-11.99091515
-11.27694705,14.84217354,-10.62515048
-12.30986804,-10.63927254,18.42051069
19.41048171,-14.26179624,-11.1235837
16.4733455,-7.32770022,-14.06061395
-16.32011546,19.38624926,-15.05874604
-12.63966564,-11.69534956,18.8629396
-8.83867832,11.48204459,-8.50346164
-14.82535334,17.45819092,-10.17614076
-8.52835796,-16.1588249,19.82155732
-16.45150786,-8.04606841,18.64400116
-10.76323365,-7.18409747,13.44314072
-11.12222057,-11.78790405,17.13773028
-10.1606847,-9.39329695,13.98554039
-11.59457299,19.48094373,-16.34159152
-15.40932996,19.16278249,-14.65763559
17.09560413,-12.0396026,-13.47819892
-10.45063657,15.96733887,-11.11994963
-15.77195769,-15.4191762,18.6623533
-12.4059711,-12.54581939,15.04738388
-15.13507242,-10.46674563,19.69691621
18.99214437,-16.65040939,-7.33956119
-13.03945773,-11.06049902,16.54680925
-14.03133048,-12.34046416,19.04823767
15.74232103,-11.18940602,-9.51618848
19.1341754,-11.27973528,-16.60678285
13.09025974,-10.67704284,-10.02985414
-11.13517791,-15.85508866,18.98222509
-13.06212188,18.10737599,-14.90348661
16.63566654,-11.82369034,-13.7078382
14.09046441,-11.4360826,-10.00481835
-13.13104254,-12.32109872,18.27927786
-7.52544973,-16.31490705,19.39247383
-15.24737039,18.13963184,-13.02721259
-13.27818939,16.59703469,-12.51191269
-13.19420117,-12.50343123,17.97179637
-11.53232835,15.51370397,-12.91307456
-14.91088254,18.5116951,-11.5012556
19.55851719,-10.26647375,-14.42190903
18.85549898,-14.64144967,-10.30703369
-13.36571401,18.5415239,-10.93397038
-16.45212857,19.54062138,-11.93497964
-12.64717635,-9.70724047,16.96669303
-16.70140751,-13.1455299,19.57264444
-8.70231702,17.36128527,-13.28441557
-10.66916626,-15.60715449,19.71182144
-14.34023443,-10.94640869,19.11242462
-15.07742252,18.28595101,-9.19446052
16.09923007,-9.83768606,-12.29892601
-9.30011784,-15.4953718,19.97644547
19.22758451,-11.68923358,-12.95553816
-10.38535058,-15.21360649,17.99879467
-9.21233116,16.85341756,-12.88498155
18.2647494,-9.17791634,-13.5030552
-10.24415598,15.52970434,-11.53693151
14.90957641,-10.67228312,-9.57242586
-15.23605287,18.81281469,-8.20116188
-7.63027903,11.84788091,-8.81525904
-13.30603626,19.41847256,-13.19945161
16.37996952,-13.24473047,-13.47833565
14.726723,-10.35025677,-12.23324602
19.11115979,-14.74287158,-10.83947987
18.99006817,-15.10559783,-16.13748009
18.77552054,-9.09239328,-14.3948148
-8.96353433,-12.13957299,14.69553662
-13.85724461,-10.3367295,18.90229756
19.86576419,-17.2783491,-14.54704733
19.31244415,-12.01356547,-16.90063531
-15.30001568,-11.19635535,17.67837668
-10.40661221,-11.82864479,17.15367907
18.89227611,-14.01469239,-11.87813445
17.71155403,-8.24389445,-13.92070109
18.12203186,-11.54100808,-11.69514999
19.393526,-8.57739271,-16.4518342
-14.25871775,-12.76387451,17.14138618
17.66412042,-13.82747682,-10.61128518
-15.41436809,19.7295285,-10.02080459
-14.34166807,18.10033208,-9.01873028
-13.15485946,-10.28049178,18.99203477
-16.38360486,-11.57214971,19.80416704
-15.4198202,19.80456496,-11.03730556
-12.79704473,19.74343911,-16.85531803
-7.63185466,-9.47099599,11.94444395
19.17895184,-14.05004607,-14.12305968
-9.09807488,-9.97689239,13.02589712
-9.67345678,-9.29446704,14.17438356
-14.37807353,-14.53912565,19.19010525
-16.73645905,-15.22812299,19.58154408
-12.76553562,-16.00478486,18.90082001
17.80213168,-10.25559422,-13.31939991
19.93145447,-12.10761307,-13.50246728
-11.10576034,17.34807345,-11.22196248
-11.61280008,16.46088071,-9.9505067
-13.08754242,-15.43161665,18.84213491
-11.25796847,-11.66400259,17.13570202
19.72661531,-17.04567102,-11.9927127
19.67098106,-14.71636738,-14.86958794
16.93812372,-9.34404821,-13.10456792
13.84128841,-9.3608282,-10.20924343
-12.93014601,-15.17360474,17.85751893
-15.9434071,19.60787042,-13.12614108
15.70261481,-12.00554939,-9.74798948
13.10064967,-9.59385295,-8.03186863
-13.91676001,-14.81037987,18.84839262
-12.52449347,-8.21637753,15.61531361
-13.54463142,-11.6906675,16.41481949
-9.86700646,-15.71573152,19.38264377
-12.58749648,-10.80391461,18.05878602
-9.04296986,11.83311143,-8.23826339
-14.72221025,-12.17570059,18.65181075
17.83967745,-8.43514597,-14.77191969
-14.84455263,17.06608481,-9.78068797
-10.66497427,-9.45163663,15.22532259
17.8270741,-11.36927396,-11.35092153
-9.32405595,-8.10613119,11.91659619
17.77109553,-13.70318877,-9.87638974
-9.72868499,18.68190306,-13.9863618
17.19166153,-9.19921564,-14.38399083
-8.54920736,-11.04697639,14.27750895
-9.32252316,-16.54282328,18.956449
-12.27890342,17.55298777,-12.86007151
-13.75190673,-11.63710148,17.56665944
17.06725823,-11.90868478,-13.78459053
-9.63647201,14.96260484,-12.30680688
-13.70119165,17.47458716,-10.84456077
15.36016298,-12.83160953,-9.90667833
-7.7270316,-16.57010178,18.89106673
-10.80238621,19.04033809,-14.5235538
-13.6129603,16.56857576,-10.38229918
-13.79174922,18.60090178,-14.17213264
-11.41846,-13.18162472,17.91175621
-12.13979722,16.69579398,-14.01372168
-12.13852652,-16.4632108,18.86221673
17.37359754,-14.82221444,-12.42807424
14.67037811,-8.91297856,-10.31161806
18.32733275,-9.97086511,-13.62040142
-14.64499261,-10.93495119,19.46436236
-16.16599437,-16.40675048,19.59040451
-15.05050841,18.08743313,-12.29105186
-17.14167225,-11.52948831,19.80352211
17.45273152,-7.53670478,-14.68096071
19.79119337,-17.04246964,-8.99362125
-13.49262041,-15.07562962,18.3028896
-10.34380736,-14.75025909,19.97691622
-12.76775847,-10.99008771,18.55771778
16.14789199,-8.78234752,-12.19212988
16.47879476,-13.26505187,-9.16261509
-7.47544342,11.95430232,-9.21879159
12.76076622,-9.53587356,-8.21213343
-16.00859475,18.84881438,-14.57881424
17.08559815,-14.07912192,-10.72843096
14.50126226,-11.97564339,-10.21568065
-10.45537151,-10.13050458,15.11867727
-12.82104869,-14.06734399,19.78192006
-8.64259396,-15.06481944,17.86978998
18.7535063,-12.7179613,-11.73666417
-13.6398018,19.66192902,-14.41717972
-14.15812285,19.99729152,-15.83882201
16.59655791,-12.37234453,-8.96027327
15.73474051,-10.15684963,-11.41899187
-12.53721193,-10.64151758,15.23183721
-11.40954448,13.9567984,-11.68683452
-8.38661918,15.6493508,-13.37754706
-11.49012335,13.75602871,-9.77090436
-13.1383391,18.58246697,-10.78267777
-12.67938201,-11.82093265,15.62776141
-12.81398105,-10.3874168,17.50484139
-8.59283249,14.60518336,-11.41319777
-14.52229977,18.21022131,-8.35512207
19.12131085,-11.68512726,-13.32973157
19.53065619,-14.14108219,-12.93695451
-16.94090904,19.5177814,-8.44843271
-13.1120522,-11.27263623,19.93434387
14.34964741,-11.96111269,-7.11950448
-9.05466369,16.31173273,-13.8767567
17.80603422,-13.9638464,-10.816264
-17.009972,19.6091059,-11.29781246
-10.28442088,-12.47186635,17.54620228
19.969954,-14.01952598,-17.0750231
18.10565259,-14.84348135,-10.31583218
-9.0313624,-9.97956138,13.34979638
19.81139976,-12.09198987,-14.61900689
-9.20908227,12.5782482,-8.31729086
-10.2848973,16.66701292,-13.06556957
14.84585829,-7.87041332,-11.71836644
-14.27356344,-11.4619866,19.37587294
-13.82811308,-10.01853643,16.84870231
-13.49511809,18.04108873,-12.09184241
-12.70557261,-14.91589756,17.88508318
19.59466039,-16.35614782,-9.69939213
19.63444491,-16.74240798,-15.28593743
-12.48845131,15.66836179,-8.61446131
17.79469084,-14.42742011,-13.72578366
-16.62895681,-11.87875592,19.58953724
-15.60153838,-9.34065136,19.15053033
-11.32539342,-13.30681571,17.16108244
19.1978146,-15.97090569,-12.58379066
17.18020511,-14.78677063,-10.72107329
-15.04770401,17.82096772,-10.50741657
12.43470161,-7.82286193,-9.79902307
-12.33715319,-13.77331083,17.5172604
19.31047305,-14.46596944,-15.93364647
-13.67133141,17.45952438,-13.51562567
-15.55967689,19.59109092,-10.1855966
-14.56706508,19.25661724,-12.99914848
-13.28920707,-10.57131994,19.04173505
17.30273377,-10.76865756,-14.43547252
-9.79794879,16.97527573,-14.37617099
-14.44998216,-8.86040286,17.10414417
-10.27539738,15.38896086,-10.74297745
-15.61680666,18.30624724,-9.73926043
18.76218369,-13.75517921,-15.3788628
18.59803105,-13.56415393,-15.02655033
-15.15364414,19.59405533,-12.89577252
-15.37102147,-11.54791246,19.00673814
-13.5470273,16.46037402,-12.60077188
-7.0006153,9.71417297,-7.19437078
18.0418743,-10.74437063,-14.16282517
18.88668544,-10.63005493,-14.52574762
-9.93382693,15.84841525,-10.6106132
18.1449913,-14.1131003,-12.08290098
-10.69890882,17.48230565,-13.6157465
-10.00111334,18.2306327,-14.81572641
-15.73206184,-7.40308079,18.48693491
-14.536632,18.95967581,-11.30763027
-9.50248231,-12.12917909,15.66710736
-14.0794411,18.54678441,-9.29608399
-13.50036986,16.23304494,-8.84665584
-14.77644334,-13.01233647,17.5642861
19.09281816,-15.79711419,-11.83591649
-12.88225394,19.25115474,-15.91577288
-9.82962043,-8.55632446,13.887342
-11.08854585,16.76081725,-13.64203151
-11.90530029,-8.60303878,15.76889426
-12.12581894,16.02759608,-10.65987058
14.10500395,-11.81083441,-7.76545837
-10.77845489,-15.32497473,17.64942812
-9.50639914,16.1727524,-11.13328875
12.61192691,-8.65247983,-9.83239324
-13.3457282,-13.29435913,19.80049361
17.40517071,-10.73714154,-14.06187568
-9.91996043,19.33481275,-16.27862906
-8.30826014,15.62566963,-13.65793041
-13.04095325,19.6450082,-12.39975404
17.66425284,-7.33224015,-15.43476371
19.10931038,-9.60523166,-16.76615157
-11.27883986,16.61298266,-11.57681445
-16.42795103,19.44230985,-10.64470414
-10.33144337,16.65433626,-13.3592461
19.83457919,-13.44235052,-12.22283422
-13.21076638,17.21397971,-10.3038213
15.18704356,-9.76387265,-11.66070568
-16.80207364,19.56524878,-8.23900406
-11.65649096,-15.4619252,19.82305675
-13.43972582,16.60026928,-13.0506376
11.93961162,-8.99070955,-9.53856568
-16.39730563,19.76687803,-8.7359728
-10.6168826,-10.937825,15.63828599
-13.26460473,19.03029426,-10.53411329
-10.43808589,-9.52306201,13.30403657
-8.46649441,-16.01190289,18.58464992
-8.14270789,-16.0762629,18.33003473
11.7990878,-8.74106256,-7.46049214
-13.65959292,-8.16267584,16.82936133
16.8312403,-9.52553128,-12.364357
18.31814257,-9.38893162,-15.11112147
19.71247269,-15.59586047,-8.55996209
18.49152894,-12.41762347,-14.62282173
-14.94093691,-10.65556832,17.72088895
15.40099353,-11.00636547,-12.27814099
-14.46409591,18.15423335,-8.5740984
19.93749609,-11.5718119,-14.24954159
-15.0668961,-15.27685748,17.74251919
18.10478406,-11.28642342,-14.59208563
-9.30209965,14.43072053,-11.10946025
-16.96241546,19.4062052,-7.20961633
-16.63563705,19.17304623,-10.32282082
18.94827985,-12.2474677,-12.67838749
15.27810248,-9.60717821,-10.3275958
-9.9321098,-10.90933524,14.05316015
-16.5952869,-11.12709598,19.04066771
-14.80579709,-13.32764962,19.23749718
19.11003225,-11.638749,-16.00533396
-14.68406573,-13.09789152,18.43717453
12.16151316,-7.08906935,-9.47772727
19.22575251,-16.38054041,-12.89130612
-11.0893905,-10.30546193,15.89140672
17.77043427,-15.44873296,-9.20487501
-13.64872113,-12.18779929,17.49903053
-11.32810274,19.81243933,-14.91875946
19.18684927,-14.37786442,-15.16279884
18.30212387,-12.35682147,-13.15330334
16.27491124,-12.9809811,-10.11021533
19.47341946,-12.72335574,-11.58435185
11.76239529,-9.4625967,-9.21181868
-13.70198609,-10.71349771,17.10551613
19.39770363,-16.81958568,-7.20799049
-15.29527403,19.79661391,-14.75819226
-13.33314038,15.80423019,-11.75513235
14.88930757,-11.77045564,-7.96802501
-12.69113325,16.09171877,-13.73614913
-9.77521384,-11.21753604,16.27723809
-13.62517572,-16.39939555,19.64524439
19.35486927,-11.83585456,-12.6999194
-11.77466278,-15.18807951,17.48099811
-14.72488206,19.82080199,-16.53721545
18.69184642,-11.95955157,-12.46526115
19.55433982,-11.84706547,-12.41047617
-7.58872359,17.98537093,-15.19238138
-11.14029445,-15.91141439,19.01476316
-17.16925774,19.62223258,-9.50902844
17.75293064,-14.76548143,-8.73430019
-11.60578704,15.46970671,-10.331191
14.3593167,-12.06650208,-10.78840843
-9.39028849,-9.10163376,12.27792143
-7.97454446,18.59121166,-15.13935798
-9.3437273,-11.77777689,16.02960068
18.45373825,-14.83080179,-10.63817729
18.59616481,-8.20490905,-15.66050486
-13.1295042,19.73417913,-14.15996516
-9.82222089,12.29473144,-8.55118466
-16.1749204,-10.22689635,18.61924476
-16.07754433,18.98050512,-12.2765049
19.10316273,-12.17951254,-12.31419586
-15.18338832,18.91957318,-11.95188113
18.96098308,-14.15704271,-9.64807519
14.28516478,-11.10917549,-11.65937843
19.4559061,-16.32630398,-13.61301351
-11.56108263,15.27498024,-12.41090331
18.18362255,-9.64735423,-13.1865564
-11.85000537,15.18285979,-10.50029419
-8.22789122,16.23560929,-13.61866276
19.76484727,-14.80824856,-12.52355325
17.62991073,-10.92347584,-14.7201741
11.05080862,-7.53435823,-8.71884873
18.22380852,-10.89108818,-14.016612
-11.85480638,-9.61026641,15.15764154
11.28333096,-7.43221495,-8.34815036
-9.35046216,18.4949553,-15.25148896
18.17506705,-15.39081512,-8.34900016
19.61456509,-15.97675062,-15.52552182
-8.41521048,17.56929308,-14.92660134
-15.73734897,-9.81523019,19.05080099
-16.08967501,-10.55534806,19.48349193
-16.43082214,19.41355895,-14.6599218
-11.38043241,14.78253157,-9.92904821
18.65855713,-11.43768644,-11.93610094
16.65147633,-11.1034967,-13.02623529
-13.99191778,-11.19377414,19.34890854
-9.73645924,-10.66417512,13.52363667
-7.08708595,-8.09095045,10.55117794
-11.59308088,-11.5596412,15.56201389
-8.80843369,18.69008467,-16.16936098
12.93923034,-9.75172472,-8.88638614
-11.76061986,-12.14914065,15.63413745
17.37624329,-12.82894528,-12.94667173
17.47746878,-12.53595082,-11.91211998
-10.74510467,16.71298013,-11.5003578
15.84681608,-9.94697684,-10.47059135
-12.97454969,-15.2139879,18.17034517
17.06007464,-14.42338208,-13.48768857
16.68634954,-12.42607935,-13.45461526
19.44313681,-13.64711221,-12.74707761
-15.69150181,-12.30432573,18.0295512
-15.20760317,-8.49313628,18.45256772
-15.11673272,-12.52470344,19.14795726
18.85155639,-9.84546919,-14.86362461
19.35880674,-9.45594625,-14.44185239
-13.88793695,16.83129031,-10.89873652
-11.78955438,-11.60232045,16.17507087
-13.43390744,-12.970126,19.64066367
17.03827648,-14.06863761,-14.11736661
-8.470866,18.46606402,-15.5923649
-13.12019066,-14.48034339,17.18504894
-9.03588482,-13.21711903,16.01801996
19.16958831,-11.59331759,-13.56749104
18.15153775,-13.27136815,-12.46873221
-14.08601385,-10.50795044,18.2406246
-17.2343764,19.88710159,-9.19596393
17.06370399,-12.70928611,-14.01065812
-14.67092789,-12.12444796,19.86030474
-7.64192772,9.99014911,-7.07224211
13.98472943,-10.9661621,-10.29660355
18.90635751,-14.93208464,-14.42247228
-15.19286252,-9.6525299,19.04950382
-9.01667776,-13.11237174,16.25120803
17.90327929,-13.78085372,-11.52491076
11.49971803,-8.91775732,-7.30786779
-8.75325387,14.83204209,-11.42759695
-13.57627034,19.98444274,-12.15097061
-14.54696071,18.4358821,-8.58672969
-11.92795855,19.74830264,-12.9160515
19.6728719,-10.96139432,-16.965482
-12.35299149,16.8597072,-11.82187911
-12.63353298,19.3208021,-14.02061966
14.57130973,-10.59824888,-8.45339092
17.30884352,-12.83643584,-9.22799324
-14.01386965,18.21018622,-10.38363833
-9.59683827,-13.1078491,17.64858043
-10.94142617,-11.25084523,17.37389526
-12.95853151,15.60889426,-11.64038623
19.73101605,-13.24389172,-13.09102132
-9.84451906,16.30925557,-12.22286488
-12.34420968,-11.4834125,19.21185897
-11.30291845,-15.88632297,19.38059041
-11.09525574,16.46832395,-11.63144601
15.9166744,-13.11404913,-7.73820549
-14.23311594,-12.01250495,16.74792923
16.66774485,-12.50981466,-9.95613144
-9.97774822,16.26085057,-12.04931375
13.78122169,-9.18257119,-10.54157415
-12.45344318,-11.90384765,17.17883397
19.2282011,-14.42407783,-15.50378794
16.21220974,-7.40113426,-13.94493574
-14.70147123,-12.66877052,19.45058187
-11.8476776,-11.2589114,15.46485747
-11.50938486,-7.6525733,13.85292341
-7.46612004,18.44010924,-16.15341818
-13.4775738,16.06987855,-9.70753576
18.64414995,-10.28209211,-15.7432641
-13.69042757,17.19379373,-9.37211295
-6.99610679,16.92764924,-14.61205105
-9.27144235,12.37661152,-8.00797214
-9.9051194,18.02201702,-15.50263814
13.01861856,-8.50905726,-9.36916072
-14.23671535,18.93254037,-14.50445693
-10.20330488,14.27524507,-11.08820896
-7.76176141,-16.30646102,19.65651786
-12.1127083,17.84532621,-13.90742596
-8.50192014,-12.00703897,14.22778966
12.08270566,-8.3390756,-9.48775779
-14.3486708,-15.82932469,19.25710579
-11.66707228,19.45871562,-14.29153573
-12.68777763,19.05452404,-14.98468488
-13.99058132,-11.93749299,16.38910091
-10.93245739,17.90275321,-15.17343323
-12.34869142,-9.31064446,16.20688928
13.30808703,-10.38150039,-9.13798088
-15.3237909,19.12592196,-15.44616207
-12.3658884,17.9967389,-13.14415684
-11.04565329,-10.43109671,14.12198566
17.80425046,-14.16128287,-10.2435511
-7.36856713,-14.57881138,17.41995441
18.10950985,-15.80301601,-14.93915085
-13.99377931,-12.09888365,18.06185727
-9.96117559,-13.44224615,16.15922614
-13.81566769,17.16067138,-14.05645021
-9.32150674,13.90178332,-11.17345303
-14.77651125,-9.41078113,19.43081624
-10.94502839,15.38306868,-11.11983185
15.86220289,-12.51681047,-10.98444744
16.60400749,-11.70113663,-12.6881561
16.78429238,-8.84789953,-14.20872528
-12.51018593,-13.34057749,15.7008109
15.21911583,-11.54415269,-9.977373
-7.45351524,16.71563218,-14.05554962
-15.25008361,-10.37058922,17.50275613
-14.44540822,17.21072235,-8.56315765
18.3432585,-14.19598209,-14.41063234
14.4051685,-9.82255407,-9.04339312
18.97473904,-15.47470432,-14.04691511
-12.75175918,-10.98344544,16.42590698
-10.23755606,16.10722716,-11.87733494
-12.07769075,-9.16210356,16.60576944
-11.01092707,15.05273099,-10.56072393
-11.93512705,14.78347044,-8.33714975
-10.52564891,-7.67472895,13.54810622
17.86820022,-12.34054536,-11.45460678
-14.67685076,-7.84737441,16.89116841
-11.27669095,19.17559734,-16.07532449
-9.76474448,17.25333307,-12.91004608
17.78868022,-14.55973346,-10.48030759
-13.45393382,19.51824095,-14.87473966
-11.97242392,15.78551236,-11.30577549
-8.98336568,-12.42903277,14.63822019
-13.20110558,-12.69614867,18.55426214
-13.89491897,-9.17868704,18.40237714
-8.90985371,17.56137994,-13.58882322
17.94577202,-14.36050253,-9.64078729
-8.52000971,-15.42989447,19.29696851
18.43694072,-13.74657648,-10.43371195
-16.07620726,-13.0785118,19.57527621
-10.62422581,-13.13031244,16.09931355
-8.543345,-13.31473804,15.56029699
-11.556304,-11.43757499,14.45206508
11.84808728,-8.32574979,-8.15397179
-11.03913029,15.81480009,-10.89824238
-11.67348893,-14.88996254,17.43225037
15.79484684,-11.97206724,-8.32106466
-8.45214489,-10.72495954,14.303025
-15.80045169,19.23108429,-15.88741621
14.99319451,-10.35667463,-11.95085357
-13.60270335,16.65836188,-11.47403816
16.80976321,-9.67597119,-11.75645245
-10.30272949,17.55079628,-13.9212321
-7.00195713,11.40324001,-8.87349574
-13.62546344,19.74512292,-14.68986478
-10.79170055,-14.20217931,19.3157789
-8.47897014,-15.67717941,18.32354352
18.35732851,-8.98098019,-15.18640559
-11.39659236,-12.23834956,16.44308271
-11.6250772,14.68262865,-7.87417696
17.4388189,-13.85473527,-13.47751068
-16.70211011,19.26764471,-11.6277046
13.0106083,-8.80236063,-9.50714703
-10.70339577,13.85932177,-10.13907498
-7.86288516,10.71517118,-7.64403398
19.18649691,-16.62266334,-14.78440312
16.30935508,-11.80783026,-9.44600475
18.77414103,-11.76336771,-15.99988708
-10.77718028,17.57013911,-11.76830769
19.62608922,-8.08619917,-16.5024015
10.612787,-7.07053579,-7.95507101
-10.7318402,19.04740604,-15.84910617
16.80384052,-13.76239261,-11.24617155
17.1022131,-11.31868276,-11.66991568
15.16526388,-11.8947425,-10.29217558
-13.12157359,19.72806636,-14.55916808
14.01387262,-8.98245693,-11.26192195
18.20068554,-11.32162942,-11.77463827
-14.75811618,-11.65109791,19.74067333
14.68831276,-11.48015085,-8.85405108
-13.88497693,-15.30951445,18.50752723
-14.09060216,19.21041542,-15.64772063
-9.19487699,19.58959211,-16.06946021
-16.10831234,19.63822374,-14.42938777
17.61374229,-11.70863341,-13.95796038
-13.85780691,18.61967185,-15.46707446
-12.7641124,-13.39375013,18.1368318
-14.30486562,17.68099754,-14.0090905
17.815697,-15.00011064,-11.78417997
-10.29816068,17.20816139,-11.50600511
-12.7838738,15.69600388,-11.03548559
-13.30034197,-8.89393408,17.48613938
19.25567903,-16.16211983,-9.19449964
14.69817265,-11.66122732,-7.70731126
19.77280905,-16.36051032,-12.99898556
-14.5574082,17.64066479,-8.88266002
-12.52799748,19.95566486,-15.43320885
-9.49306256,14.89811996,-12.63532803
15.34400828,-11.51845943,-11.40856018
-13.32270669,-16.62291041,19.66919164
-8.90897388,-13.47298479,16.74662742
12.54588192,-7.38888623,-9.79250595
-10.96673421,14.58415003,-11.08127568
-13.48675234,-15.77928627,19.1348754
-13.28221422,-11.53980511,19.41060914
-11.418015,19.26794938,-16.58855686
-10.44613655,19.96156508,-15.13634835
-12.50899105,-9.58605478,15.4994635
-8.97999965,-14.70428962,18.3453059
19.10001302,-11.39449631,-12.815581
-9.38053597,-11.21690467,15.99389761
-11.6317818,17.49669203,-14.97016159
-7.4219431,12.9188253,-10.26425757
-8.33864923,-8.8724545,12.06630009
19.30562653,-16.04667192,-10.39765318
-7.74727844,-17.63878743,19.91960289
-12.38057846,19.98900928,-13.35609495
-13.7811607,17.68382729,-10.47511354
-10.94121829,14.84317708,-10.77502017
-14.87100543,-8.14516486,18.47618647
18.02229293,-12.65033823,-12.54477231
-12.61810613,-12.38305332,18.15913233
-11.06355623,16.67357866,-13.56938023
18.125581,-11.80319192,-13.92748926
-15.41729068,18.53598975,-12.90634862
17.19137528,-8.10601207,-14.93954646
-12.16632164,-11.61629234,16.41382507
-12.07558266,16.91311387,-13.93211571
-7.92684943,-13.05153577,15.52711128
18.30711855,-13.19267978,-13.01761106
-12.11525625,15.58450011,-12.38880967
-10.39070918,-10.86469462,14.40372757
18.67829671,-8.51015943,-15.53101915
-11.12132371,-10.63123388,13.92154611
-15.61164274,18.78960627,-13.50602043
12.91749946,-8.86437673,-10.29592908
17.67752036,-13.145209,-12.59002989
18.76608298,-11.98702013,-11.71925487
-7.78388519,16.04364531,-13.59836817
-10.92466887,13.34920457,-10.69550641
-10.5306506,17.41983489,-13.36064027
16.64558432,-11.68464139,-13.6755754
-8.77053896,18.13028146,-15.33135805
-11.03294505,17.41302092,-14.7094538
-9.25362676,-16.05216176,18.48702094
-14.67966413,19.33581777,-12.71940392
-9.95249182,19.55817212,-14.37253847
16.62486192,-10.45755082,-13.75450457
-8.73723405,14.260396,-10.63845874
-10.72091203,-12.02838607,15.94477774
-10.68409537,14.98299738,-11.68432893
15.73936367,-10.83385157,-10.94185144
-9.75902161,16.83993755,-11.76189761
-9.82857926,-11.32445501,16.58955591
-10.58639986,-13.26795493,15.7749777
18.25342782,-14.30052163,-9.07222926
13.61718979,-10.80043152,-9.31237897
-15.45348463,19.51515113,-10.15954773
18.14855177,-12.94958386,-15.44882774
17.68695543,-11.38132561,-14.37991774
-15.48944399,-13.6612663,17.85283141
17.20107223,-13.97511699,-10.43027524
-10.88619986,-14.6672906,17.52551504
19.66300291,-12.43461442,-11.96406113
18.80775851,-12.7940107,-14.58221275
-11.7819455,15.54361318,-12.86828355
-12.63396785,-13.86042549,16.77076573
17.56614145,-12.29150961,-13.62080675
-15.23869747,-8.0711669,18.00876185
15.71142106,-12.79731491,-13.28201535
-15.45328442,-12.46551581,18.91875764
-8.6230327,15.34375425,-11.43245765
-14.15550868,19.75876835,-11.99355663
17.03775554,-8.87275177,-13.10318706
-13.75755935,16.23361479,-13.36602236
19.45196778,-9.14828803,-14.77428196
-10.73393464,15.09128386,-8.75296045
-13.19930845,18.4869327,-10.38255411
19.98747079,-14.9468979,-12.87737419
-12.49535611,15.1500433,-8.94821418
-12.43508935,-10.66526636,18.48065836
-12.73331534,18.39369005,-12.74989246
10.18871172,-7.1045896,-7.62415389
-9.90202558,19.456594,-15.29546679
-16.1027958,-10.90885354,18.6214828
19.69880214,-14.38300439,-14.29303439
-15.40241665,-13.12889332,19.04378258
-16.96460437,-16.5983726,19.70367192
19.14824626,-13.95999691,-14.72980103
-13.18463221,16.9126451,-12.22017837
17.19777629,-12.68104033,-11.93547698
-12.19626693,18.0518155,-14.42565352
-9.24437122,15.4716062,-13.07119243
-11.53366126,14.83207217,-9.69022091
-8.696281,-11.26228448,14.26776893
19.74954585,-9.69387583,-17.00437399
-12.55024072,16.84128621,-9.37701611
-13.79600919,17.0647192,-10.34118636
-15.24129996,-14.59522193,19.5226709
-9.96177566,-15.39713234,17.75553069
19.16601869,-13.93389678,-14.16603575
-13.73354466,18.68783755,-16.43160367
-11.38094691,19.56704978,-13.61729898
-16.4293559,19.7073737,-10.21508746
-9.22789904,15.31613616,-12.8749143
-13.96544645,18.56134154,-9.15308616
-15.5999282,-8.53123822,18.67388008
-10.44163268,-14.51903045,19.75743458
-10.32317105,-12.67821576,17.28306086
-13.73013246,-14.85501889,19.28603044
-8.81362165,18.97886981,-16.68829964
14.57175791,-8.25445389,-10.84027112
-9.16311828,-14.39401342,17.83655016
-15.1300859,18.23324966,-13.79319006
17.86557111,-12.88778103,-13.19262409
-14.76795182,18.60055984,-9.89938247
14.29625337,-9.50314698,-10.02023454
-9.03514818,-13.36120818,17.53934885
-11.02714414,-11.44026715,15.23019992
14.21894337,-8.45906887,-11.7134336
14.73219113,-11.31183778,-9.23694377
-11.35240688,14.36454734,-7.97197083
13.64004613,-9.34776089,-10.18275343
14.63917332,-10.92863507,-12.13197752
-14.41028273,19.62387888,-9.98372391
18.59640714,-12.35915764,-10.67130237
-8.45226453,19.66205886,-16.41036458
-10.28302902,-13.36586625,16.9781257
-13.00369132,18.31931376,-10.6279367
-8.65341338,-10.31813648,13.21203429
-8.77468523,11.86667409,-8.61184202
-14.12403111,-9.20984573,17.98728237
19.4473117,-15.33801453,-10.12492759
11.76593933,-9.16381708,-7.57607257
16.98270049,-10.52229973,-12.595855
17.94431538,-14.19135591,-15.2756892
-12.66753549,-14.51240913,16.86577758
-11.05975254,16.17513544,-12.63119091
-13.9896051,19.47827833,-10.08583705
-13.37066739,16.9173487,-12.07346861
-11.11351944,17.25576431,-10.78627888
-14.81384023,17.46168476,-9.49130486
-13.72618907,-11.87980785,16.34585364
17.29557073,-9.90258506,-14.52423428
15.13926083,-10.05295281,-10.46242831
-14.98778131,-7.95817052,17.59914964
15.87691116,-9.90804742,-11.89782935
-10.06126491,-14.79633883,18.59621907
-10.98738425,-8.32823541,14.39257309
-11.31446419,-11.21016595,17.47503577
16.14130197,-11.76418541,-9.79980526
-11.44380944,19.46586651,-17.08772326
-10.4157894,-12.72465499,17.87243726
17.09210793,-13.47714792,-12.09532148
-13.84498325,19.56042243,-11.64880756
19.32553252,-8.81587963,-17.73753967
-9.52399262,18.23464681,-13.50917828
-10.18453454,13.13341368,-9.76443794
-10.05472815,15.02281743,-9.84650226
-14.82271874,-12.6570932,18.35645211
-10.60612523,-8.0916997,12.95611788
-9.99844773,-15.61327885,18.71654572
-14.28966726,-13.64106959,17.73535782
17.73063375,-9.02260253,-13.53123172
17.98851836,-13.11125366,-9.57621489
16.30076253,-13.49832567,-7.98202112
19.34329585,-9.35288429,-16.30069272
-15.37144978,19.04164638,-9.05943071
15.88452043,-8.57574245,-11.95194458
-10.75391864,-14.63982372,17.32448927
-15.12497698,-13.58651659,17.87391284
-17.07467172,-10.39721729,19.97154328
-16.10174383,-9.54295298,18.73050679
18.04648633,-11.63505866,-12.4023914
-8.31436348,17.937556,-15.00292419
-9.50152187,-10.22481068,13.21852774
-14.32025167,16.93221421,-14.35941668
-8.47523146,-9.80091133,13.31445656
-13.9972451,19.90625524,-14.94207114
-12.52119046,19.70233747,-16.31105677
-12.22600009,-7.73811715,15.22797661
18.57617151,-12.46901856,-12.61346465
-12.33799116,-15.07491992,19.47920525
-15.2914309,19.85798542,-16.8708206
-11.93284876,17.49524435,-15.18807943
-14.89535792,18.03432375,-14.58620983
-11.48223118,18.24354408,-12.27869459
-12.28451063,-10.81470923,15.83746862
15.08664079,-11.60794695,-9.26046396
-12.55196517,18.2747121,-12.29827344
16.97003254,-10.49308874,-14.06156244
18.01606509,-15.59917659,-13.49505748
19.70929627,-11.76805793,-13.10077493
18.56885627,-12.90176901,-14.09916496
16.52782337,-9.43108694,-12.78106902
-13.09589005,-12.92728109,19.27910179
-11.39930348,14.05852309,-10.90484756
19.65951315,-13.38166021,-10.8404214
-13.50446933,18.52973822,-15.70314526
18.16793915,-11.79070776,-12.51063665
-10.95675336,17.21734321,-12.55304012
19.95510481,-15.02735674,-13.5610533
-15.83094809,19.92338448,-11.41463382
16.93543231,-12.46128905,-13.96308042
-8.29102058,-13.02084824,16.27342126
-10.66223243,-11.13241856,15.67846243
-15.10072339,-13.43970116,19.39526442
-12.00368948,-13.10602914,16.37947306
-9.44692383,-13.66966252,17.38695209
-11.5502488,-8.00086584,14.75359758
16.49754734,-13.79570142,-7.66778042
-12.81986448,16.83509264,-10.1167641
-14.68924687,18.50463597,-8.668042
-15.10532414,-11.13757916,18.9133518
-13.70104912,17.34147444,-13.42678003
-11.17312452,17.11958128,-13.49456601
-7.46808192,10.60743411,-8.1108082
-14.91256183,19.70745196,-11.67039068
18.25899248,-15.41144584,-10.47473912
-6.75733185,10.81414893,-8.53744497
-11.69226194,14.3872123,-10.21526728
-8.44690087,12.39034845,-8.47974041
-14.6528851,17.07049983,-11.10353027
19.49844197,-14.11685936,-12.82215468
19.75656983,-9.53395907,-15.79999197
14.51324872,-11.31989456,-10.20152674
18.93916054,-14.26553763,-14.41685829
-10.18421504,-12.06379936,14.25857963
-12.88272929,-10.96111377,18.89409299
-12.52605796,-13.32263728,18.02774595
18.46296835,-15.92877387,-11.06632672
13.16977911,-9.18586591,-10.32003527
15.59062365,-8.12359452,-12.8984083
19.52468747,-13.51724694,-14.26475681
-14.37892107,-11.4221547,19.49325176
-13.50565253,-12.45093916,16.42058493
-11.99585438,-14.58949054,18.66131896
-17.36119295,19.62163862,-7.68700031
-12.8906688,-10.61785934,17.08532934
-14.94483374,-15.13541536,17.97528526
-9.87810442,17.06367107,-12.19646237
-16.24584615,19.32778782,-12.66377212
-15.98465695,18.59872716,-16.14822931
-15.82316177,-14.21692535,19.77118826
-12.7137587,18.77681586,-13.33748056
-8.07612678,-8.83194901,12.07753273
-8.2862936,19.2935462,-15.52756659
-15.26067703,-11.54686055,19.60311692
-13.33042313,-9.49891789,18.01759677
-7.75078339,-16.35675107,19.68450424
-13.48037059,18.48848542,-12.86261252
-8.93405036,17.1796115,-13.62340983
-10.28876875,-15.05305633,19.60301509
16.02783107,-12.09245055,-9.62745395
17.39657098,-13.40468865,-9.0013562
-11.07681486,-9.73449176,13.4163474
-15.203732,-7.5196165,17.8179145
17.68580076,-12.04598297,-10.5212207
-11.68865727,14.69075647,-9.89553233
-14.43688381,-9.05333261,18.58974786
16.43926994,-13.76778282,-7.54637083
-8.05125983,11.09712865,-8.38481698
-15.99589537,19.68226743,-15.95865971
17.3189235,-10.72873037,-12.87287297
-9.59187106,-17.29586792,19.80592976
-16.65250855,-10.16738399,19.06218817
-9.08541192,19.40604661,-15.01886949
-15.32569595,-12.58077456,17.80220116
18.23232446,-7.34218978,-15.52227299
-12.37997394,-8.43537092,15.57661823
-11.94957112,-12.51078075,17.17659095
19.90199774,-14.89763941,-14.82522929
15.60381809,-10.40121415,-12.51061905
-8.55026688,-13.21448887,16.89747895
-15.58595569,18.27806341,-7.93057707
-12.59989681,19.36872644,-11.78435665
-11.22720111,14.80323274,-10.3526074
-11.23268942,-12.34130804,17.37413368
-15.43718771,-8.65765271,18.90419262
19.82169097,-15.04097,-16.13328591
18.88334339,-15.82533885,-12.25507871
15.82338573,-12.60247621,-11.94374999
-11.88297482,18.7681992,-11.90334183
-12.15990969,-12.63780232,15.43959467
-12.60862781,16.06696065,-13.36489044
19.08152762,-13.31728897,-15.34763642
-9.32445016,-9.594329,13.06577962
-11.079908,13.70982951,-10.93722954
-11.77522429,16.53873252,-11.54633289
-13.2097081,19.8540319,-12.46403813
-8.76964068,-10.83156099,14.87526762
-9.82044172,-15.53954069,18.34183362
-12.65960253,-9.72310349,16.82237027
-15.28202126,19.62950041,-12.15910199
-13.86747039,19.45106297,-10.82068892
13.27770748,-8.50153103,-10.79596095
-9.0866215,17.73155942,-13.68960432
-9.41126548,13.52441882,-8.65860019
-11.80487572,-12.96471121,18.95291861
-12.18358403,18.25051364,-14.64424415
14.62570592,-8.88159091,-10.50790108
-12.55751478,-7.9474334,15.79496919
-11.81962351,19.40115506,-12.78215803
-11.7338529,15.81796712,-13.38251131
-13.02556835,17.49891007,-11.58573712
-11.28034631,-10.44501776,14.70344418
-12.73501402,-15.08804223,18.33638085
19.71301371,-12.37350648,-14.88567632
-7.05963001,11.37314352,-8.71298124
-12.85255979,17.75490533,-13.21787218
19.53612847,-14.56993743,-17.12256188
-8.57104664,16.85066781,-13.18848177
17.92785148,-13.10194259,-12.61619752
19.63493274,-15.76344994,-14.13087608
-14.41537548,-10.39874659,16.6468833
-10.70251781,14.35219131,-8.9521695
-11.64354412,-10.14829273,15.41000474
-9.51957117,15.55129522,-11.76136524
-13.02184758,19.07824066,-12.908867
-10.40679206,-14.26559533,17.36275453
-11.02926671,-13.25430417,18.21745869
-9.09199687,13.52697934,-10.18357317
-11.2019332,-13.19487778,17.01427708
-8.75440541,12.92861261,-8.70616237
18.63832368,-10.39944024,-13.83993931
-11.15511647,15.0323498,-8.94560932
-12.41311811,-12.01587594,19.58591854
-10.04025206,-12.80246727,17.2224075
16.07920114,-8.14438153,-13.28266512
18.7466047,-8.18762873,-16.34066815
17.0079909,-13.30961394,-13.74120321
-13.32729813,15.64561565,-12.61656211
-9.03994055,-14.73496688,18.15046964
-9.86938629,-11.3819587,14.88171412
16.8580912,-8.32056035,-14.05535499
19.03048569,-16.48739485,-14.60472507
16.18735449,-13.09710115,-10.93233486
17.20810618,-14.59368978,-10.87841729
17.31987865,-8.90408788,-14.8028818
-16.4050412,19.27022499,-13.03457271
12.95087971,-10.08816017,-7.57651292
10.52065465,-7.50390061,-7.66551145
19.72453513,-13.51214679,-11.09738075
-9.01902646,14.54183339,-10.50385858
17.45466969,-14.8706782,-12.03337325
-16.36567823,-15.28590934,19.82277195
-13.62017542,-7.49115756,15.90639238
17.32369079,-14.01498502,-13.73753193
-11.55239675,17.17555732,-11.46660254
19.78889654,-13.52023925,-14.34042408
-16.6546335,18.91450345,-8.94616045
-12.66615796,18.67533855,-15.10300689
-15.62366664,-13.22348863,18.72637142
-10.91130699,-12.29897787,15.09193622
-16.35336176,-10.04504402,18.66837591
19.33816801,-14.12724637,-10.5419018
-13.75959474,18.50114063,-10.67416966
-16.65416674,19.85701442,-8.16866151
19.16714939,-12.65930611,-15.40734502
19.52610679,-10.72916492,-16.50797161
-11.11260222,14.8928991,-8.67462144
-7.9668008,16.11338523,-12.7786136
-14.53723293,19.04161129,-12.61982444
-13.80697509,-12.42631467,19.86801967
-12.46471037,-14.06604129,17.7471611
-11.65477596,15.93313588,-10.95669687
17.602351,-14.21576945,-9.76949062
-15.12528415,-11.66282609,17.64649541
-10.18504577,-9.25484381,13.39461698
-16.30670578,18.66352851,-10.59274153
13.51664645,-10.27687558,-9.74608312
18.73159034,-13.2043238,-16.3787823
-14.95165578,-8.20566776,18.43617077
15.8534052,-10.46191137,-12.16082206
-13.90384201,18.3287506,-15.24582215
-10.06391027,-13.38246494,16.25907235
14.80840377,-8.78975403,-12.17928384
-10.06374184,-14.63808608,17.96017822
-12.99687173,19.85621935,-11.29143361
-13.95597359,-11.5893584,18.16545233
-8.01528501,16.44234395,-12.99088687
-13.61238568,-11.65066766,17.29650079
18.18193122,-9.45724518,-13.92748482
-12.73164513,19.01082277,-16.21113296
19.31687213,-13.76850886,-12.43070076
18.01159706,-13.86425922,-11.34965156
-9.38970462,-15.65437611,19.72988306
-11.41007074,-11.79179324,15.13127856
13.82782566,-10.09110747,-10.4951461
18.32526667,-8.80769163,-15.18153176
-9.50786437,-13.07320825,15.36824678
18.50276008,-13.0056966,-12.46412566
-10.9655207,-12.88620227,15.39542636
-8.38416785,13.72347902,-10.69651612
-15.15934363,-10.35500705,17.49586488
17.56884838,-13.81089874,-12.89221476
14.42963322,-8.843183,-11.0441891
-9.5843175,18.65569032,-14.54799436
17.48379323,-12.65653875,-9.91430556
18.29704512,-15.74930801,-7.16239735
-11.35760194,-15.35004755,19.14726964
-13.23883368,17.15658745,-14.61922725
-14.68115077,18.51571095,-15.79270233
-14.53311336,18.28161361,-15.3654162
-13.11884948,16.85500209,-10.40378331
-12.84752668,-14.29468332,18.6300648
-11.67960104,16.15828161,-9.14861907
18.27572754,-16.00766596,-9.03429695
17.46424534,-9.54492541,-12.53510966
-10.7265749,-12.06925317,17.30696176
-9.25134191,13.08810658,-8.50193464
19.29356746,-17.00915785,-9.73060594
14.91800646,-12.44228361,-9.53129864
13.96499705,-9.45949603,-10.60930687
16.97732102,-14.06406004,-9.74456476
-12.6366796,-17.6003804,19.85862001
-10.61761136,-15.88266841,18.50316187
-13.88075006,18.24949959,-8.99353008
19.09862779,-16.16728417,-14.44660684
-12.34948855,-11.24801748,16.46651327
-10.98165469,19.31511428,-13.18069637
16.37422492,-13.24461821,-12.66404944
-12.5177764,-14.44076097,18.63055948
-14.73157522,19.1000373,-9.94755214
-10.87847102,-12.85741796,17.64804446
19.82955741,-12.70132363,-13.66388114
11.74895342,-9.2247196,-7.05273323
-9.81183853,19.36965078,-16.61873596
-12.77232725,-16.01426789,19.05301579
17.9159285,-9.02838584,-13.43009552
17.64922502,-10.88491705,-12.91469532
-16.12457623,18.71717397,-8.92163473
-10.21006653,-10.49019226,15.0699272
19.07545919,-15.21519757,-14.08216922
-14.85498783,19.66070211,-9.8646874
-14.02983771,19.85107469,-12.83209089
-10.58550445,19.42030389,-13.40588992
16.35544455,-7.43771625,-13.68463285
-11.32861708,17.54081692,-13.8088247
-13.06705995,-13.31642379,19.85536261
-12.10847802,-15.67810676,19.06546086
-12.81041228,17.98054434,-13.27844976
-11.8374456,16.14980183,-12.87290163
-12.43789611,16.59561591,-12.56480032
16.80014112,-12.86043457,-10.11559009
19.86383161,-11.40129808,-14.26596059
-12.91376162,19.5929403,-17.15105557
-16.07267597,-15.36838213,19.2899884
18.05323702,-9.36163283,-13.45261656
12.149949,-8.80656041,-9.5165467
-14.13597019,-12.71197388,17.6334084
-11.87959337,14.71916969,-7.57586708
-14.19954963,16.87630668,-7.80193653
14.43312974,-11.47790324,-8.44263536
-14.37998113,-11.95209059,19.93758781
17.81653356,-11.48568567,-14.7842946
16.80578399,-13.20859154,-9.95879471
-9.41043906,-12.95553252,16.59495309
-8.34026186,12.07510409,-8.73008279
-10.67672026,18.87723647,-14.53822695
-12.46496606,-12.48682132,19.05057058
-15.31973081,-12.20142056,19.61996288
-11.06483203,-10.49580093,15.08389458
19.9427293,-16.56154251,-9.62040137
19.27133318,-12.71047304,-11.67601941
-7.99522383,-12.99565442,15.77022344
-12.64193395,18.79095126,-12.98924268
15.71355166,-8.70083377,-12.10455935
-16.11751868,-11.32462375,19.71913987
-8.00549884,14.54928544,-12.07457187
-14.01744203,19.34816251,-14.82713441
-8.77838853,15.98702384,-11.8298324
-9.04835028,19.98384681,-16.88271578
-10.00106569,14.31395895,-9.40039022
-11.88579666,-12.19990634,18.61244133
-13.73279176,-12.64358141,19.54429727
-10.98906085,13.75361725,-10.99871347
-12.85866377,15.17846572,-12.77598404
-8.76758502,10.96167775,-7.73053117
19.77292471,-14.75765955,-12.63673933
-11.26811078,16.60989364,-14.26899621
-10.71680985,18.40164175,-13.85682811
-12.28211603,15.69104032,-8.66070451
-9.45094101,13.19305861,-8.502405
17.66040797,-18.57713043,-8.32013551
-17.3121149,19.58578957,-8.18254593
-15.72470792,-8.32208311,18.03058852
-8.87491763,16.44786378,-13.10853547
-13.47852174,-13.12222084,19.22605538
-13.72394383,-13.10261301,17.6500952
-11.07943449,-9.2096103,15.4194696
12.14716373,-9.57588541,-7.8905788
-14.13066441,-16.44970083,19.45588635
16.71250483,-12.85323997,-10.76665139
-13.00793208,19.07349106,-15.28359638
-11.32195269,-12.85498988,18.88855552
-15.00198567,-12.67405329,17.75802126
-9.60530964,-11.86013177,15.54233282
-12.34751587,-12.1001756,18.66911386
-12.31355571,-12.37453813,15.01076776
-13.20967952,-12.94047284,19.70860585
-10.88412553,17.52210484,-12.5439815
-9.47862258,12.75767335,-8.51631638
-11.07447064,-13.47249259,17.52507505
-12.77324302,17.52184979,-13.53369049
13.81233305,-9.68429075,-9.29977418
-7.32937196,15.53417162,-13.10988914
19.66749543,-10.35622267,-15.13965093
19.55936257,-13.10982296,-12.17066479
-14.67803323,17.99230529,-11.06229304
-14.9321799,-12.86038564,17.18895389
16.82944863,-10.9324089,-12.63975279
19.98700586,-16.66621478,-13.78707145
19.71033679,-8.39900669,-15.86172155
19.75150836,-13.77348561,-11.94121395
-14.30237593,17.22174294,-7.51919398
13.60894478,-7.92862631,-10.71881193
-8.3580664,14.48033236,-11.50276774
15.37136797,-11.36178869,-12.75218379
-11.91663503,-16.10267367,18.640361
18.47301332,-14.98090874,-9.53498396
-12.88549349,-12.19234028,19.49481353
-15.93502712,19.39379727,-13.19060463
-13.54621055,-9.33074211,16.91530769
-13.29870854,-10.5659743,18.68537795
-8.70356463,-13.672292,17.49054608
-12.14573575,17.39353751,-11.85702216
19.3606761,-12.70655753,-16.71026949
-15.94256957,-9.84759681,19.5409648
18.83463445,-16.22715907,-14.14352464
-15.44400031,-9.05720701,17.66324956
-12.98827275,-14.46483095,18.17313792
-12.04114794,-12.3103331,18.3433778
-11.156574,-10.33807529,17.07459233
19.78161421,-16.93606768,-12.12105064
19.71368479,-16.48458054,-12.50410778
-11.74153887,-10.82356242,17.37036903
13.29105457,-10.95088272,-9.00106634
-14.20363047,17.29129078,-12.83864558
18.40604271,-11.59042103,-15.81334365
18.75723911,-9.87627479,-14.67077736
17.36396018,-13.00305824,-11.29105291
-13.02321072,-12.37912634,18.74762313
-9.95990542,12.40371478,-7.86206251
-8.15837546,14.48622229,-12.12918429
18.36390768,-10.63510964,-12.95239215
-14.42674371,18.45964424,-9.30963745
18.9982032,-16.20899058,-10.70412649
16.17046756,-13.53502574,-11.56872125
-9.48141377,-12.41690026,15.79354923
-8.4283541,19.55894612,-16.84852005
-14.00856222,-11.31487506,18.63419584
-9.94211982,-8.39246623,12.82085323
-12.23068167,14.87177567,-7.67887421
-10.19014324,-12.74560024,18.30013913
-8.85098963,-10.35557917,13.24928271
-11.66917003,14.38375071,-10.63347273
19.8367723,-13.78047888,-15.51350082
18.12085896,-14.85086397,-12.8429142
-12.20264512,-10.92710528,16.32085693
12.2365782,-7.55714302,-9.78951299
-11.65581965,19.32852457,-16.88874726
19.57264869,-16.85071014,-12.66903979
-13.99547467,17.07887037,-13.71148999
-10.00306872,18.2718994,-14.92205681
-13.75861729,-12.011045,17.35388357
-8.78422639,19.65781831,-15.67315348
-15.81782258,19.57063511,-9.53942639
-15.63847562,-8.91333264,18.99242
18.78279158,-16.3677465,-13.81479439
-11.65549017,-10.87143923,15.38292164
-13.50939094,-10.93671333,18.54929155
-10.69202783,-14.72799712,19.13530712
-11.71904041,15.56168196,-9.36743653
-11.3005706,-13.39845232,16.7438945
-11.50623697,-9.10820733,15.68815697
-9.76585555,-13.78902321,17.4251562
-9.94966833,18.92728377,-14.593184
-11.11535789,-14.64863236,17.48913978
-13.46923542,-13.14025478,17.43211228
-10.96232897,15.50526587,-10.02143694
-9.43466454,-13.73271136,16.80569839
-12.69050201,17.62974756,-12.27163668
18.51706682,-8.89463573,-15.4873507
19.13889343,-16.47067406,-12.97150205
-15.45796215,-10.58226867,17.74031796
-9.27550712,16.6712277,-13.93202764
16.4334501,-9.21149519,-13.20419719
14.40255114,-11.95835114,-7.05100477
-16.41126365,-15.72132432,19.59758399
16.46476443,-13.37960446,-8.21958364
-11.76062288,-11.07206361,14.86094435
-6.9998749,-13.72787746,16.29788676
-10.69502632,14.28315739,-9.33013972
-14.54033716,19.75008896,-16.35390963
-12.12171298,-15.4592972,18.44364216
-15.54122275,-14.65288212,19.83567793
-15.22990546,-12.6344951,19.11589553
-5.47009454,-19.44339513,17.32239163
19.40325905,-12.05353946,-13.83499624
-15.35971448,19.70830322,-9.21491197
-15.26923826,-12.50808521,18.41259825
-13.94999822,-8.49043658,16.94907743
19.65640892,-16.81846677,-16.83487121
-9.50042132,15.95020827,-11.55215452
-11.35799715,16.15234379,-12.82341711
-16.22531958,-13.2404927,19.17298493
-8.51707031,16.18818812,-13.94509766
17.59091205,-12.24697246,-12.62756268
-11.91392278,19.08327997,-12.05580516
-8.80122234,18.71010971,-15.63030205
17.76146004,-8.83741296,-13.73337007
-15.73731453,-7.95185816,18.46436995
-11.79942256,18.97115895,-12.88009621
-13.43817708,-7.29482061,16.20839117
17.49576894,-9.99082595,-14.0758329
-14.02342909,-15.69185546,17.91921489
-10.21062801,17.78075333,-13.76628555
19.53274402,-11.60372516,-15.03166238
-14.92482414,-12.66356161,19.85174098
-16.6301263,18.85173592,-9.63925308
-14.41809927,19.13508576,-15.35422315
19.82584245,-14.32528003,-16.11493395
-11.14035741,19.45372236,-14.0234232
-15.50490476,18.0560186,-13.23323782
-15.08415819,-9.46514093,18.7722258
-14.16371385,-10.44938504,19.16457871
-9.57952357,-14.73094718,17.68452595
17.66248406,-13.44521599,-12.69624459
19.23916075,-12.5054557,-15.06576132
15.14215396,-11.16216497,-11.15177132
14.85063729,-9.90897156,-9.98976274
-9.78333305,15.54727435,-10.43772196
-11.82554054,-13.08815129,17.97306771
-9.18930136,12.96473315,-8.50011033
-7.49042451,-10.29597347,12.6753098
19.44886168,-14.95085877,-9.93864308
-11.00407458,-12.38308934,15.15043809
-11.34464674,16.40797457,-11.29379529
16.26290668,-12.68467169,-11.58985351
-16.92975101,-11.67301372,19.95143244
15.20971167,-12.00261732,-10.88782739
-12.74403446,15.05261378,-11.47660926
-13.33829959,19.51359252,-12.43377579
-11.6222481,19.68319863,-15.8505419
11.97978484,-9.44842839,-8.14253779
15.05960131,-11.01316442,-8.68683012
-15.96171988,-10.53012144,18.45830824
-12.9844021,-11.05612728,15.51109492
18.92045013,-15.07052564,-13.6892781
16.43176784,-9.11767401,-11.73670921
-13.55938008,16.78291766,-11.34774188
19.37831674,-12.89221026,-13.17918358
-7.89453492,15.79576139,-13.31813082
-14.78833094,19.55952507,-11.8255403
-8.66598333,15.52616875,-13.23382696
-16.78172443,-7.97228785,19.83654234
-9.87974163,-13.38118728,18.01017268
-11.09550605,-10.60279665,15.74843381
17.17962315,-11.16603633,-10.73065943
16.73561082,-14.46745563,-11.8298611
-8.65144216,19.45538398,-17.20499364
-10.54117627,13.75248023,-8.61389787
-15.10975848,18.06030283,-11.23892717
-14.76302607,-15.29725143,18.25510435
-9.75752986,19.81982003,-14.75884672
-13.01633081,17.53808246,-13.73949696
-9.75975711,-10.21114677,14.28424234
18.70924931,-15.08335621,-15.68951612
-8.69814267,-9.92145978,12.21355531
-9.77620225,-15.45030714,18.64437355
-13.06946054,16.59645857,-8.0124672
16.19284662,-11.71594186,-11.38579313
19.92910711,-17.51710422,-11.56589199
-13.75200183,17.58205811,-10.97389194
19.99305204,-16.38345321,-8.08012387
15.61930051,-9.58924882,-12.81161871
-14.87441681,18.21707976,-11.26505525
19.68161236,-10.40196825,-15.92214328
14.35951644,-9.51120627,-10.89422279
19.57412399,-12.50836305,-13.58048474
-9.9561202,15.31904677,-11.32702656
-14.77823418,-15.6938571,19.80528814
18.35587367,-14.1787982,-15.1489489
18.16939584,-15.67869361,-13.57685593
15.10360373,-12.50211613,-11.87232996
-13.28415467,17.45323021,-14.69997492
19.78617647,-12.47768951,-15.99410372
-13.71113673,16.9368496,-11.19625732
-8.98144012,-9.65381173,13.42306746
17.38872936,-11.60242662,-11.63514477
-8.93592626,-14.74052938,17.93041823
-10.98091963,13.33933157,-10.57155604
18.83856302,-12.33333238,-14.79700487
-12.88332625,19.71623352,-16.68257561
-14.30194583,17.62184212,-13.12914952
-13.87778608,-10.58769213,18.22868161
19.39061963,-17.0540829,-12.05075027
-9.94842277,18.65411847,-15.99679499
-12.64588881,17.16841313,-11.17748094
19.99558383,-16.62308499,-14.40688643
18.58160595,-12.16842312,-11.68761122
12.34181155,-9.15624934,-9.23510061
-12.44115777,-16.02673243,19.73308444
-11.69629352,-8.62770259,15.64544762
15.21056975,-10.97515732,-9.74280056
19.8687602,-16.37197299,-13.82904078
18.29615139,-11.92690974,-11.83690504
-7.64768772,-16.02236303,18.92987374
15.18092619,-10.64713497,-9.45032013
-8.80492439,13.37024425,-10.05199118
-11.78126661,16.86030145,-10.22103891
-15.02074255,17.33673837,-8.09107442
-10.07359859,15.13768608,-10.78855086
-8.37952745,-15.66685777,18.62865549
16.03907608,-12.98289171,-9.53068547
15.66422716,-12.43024624,-10.37977495
-15.87741173,18.34077395,-14.098195
-9.68902505,-11.37306169,14.072744
-12.10484073,15.54699706,-9.12380341
-15.56930346,-12.93771001,18.25796654
-10.09208415,14.36586567,-10.76860418
18.88902039,-15.10656684,-10.20282237
-12.22057326,-15.4387594,19.57998048
-14.0665343,19.16231485,-16.13641545
-13.95438394,19.58195703,-12.71252725
-10.2361993,-15.96330698,19.55590495
-11.53512256,-13.31622747,19.80714213
-14.13988676,-9.80712617,18.77608494
-9.47017604,17.36675414,-13.2971401
-10.10653731,-12.65753909,16.68744882
-15.07646762,-14.09374767,19.25564497
-7.95847086,19.25987125,-16.99749814
17.10524996,-13.8035457,-8.08409755
18.98196552,-16.13450062,-15.9590205
-9.61536523,-13.0985209,15.64129273
-11.26103397,-13.98675814,19.01647926
-7.43603654,-12.52667614,14.94594141
-13.4972914,18.81309323,-15.4517631
-13.21205711,19.8787768,-12.63428483
18.15868468,-13.87622049,-10.60453401
-9.33508554,15.81799612,-11.91332741
-9.96215208,-14.46143671,18.18206333
18.06344092,-14.63754828,-14.02362882
19.71280246,-12.45524857,-13.43620922
-15.27887421,-7.57675537,18.1775522
-11.75042524,19.44044245,-13.96964476
-10.04590457,-9.15219543,13.01171121
-9.4781286,13.02921377,-10.26579177
16.02684542,-13.29917911,-11.45464263
-10.95771443,-11.01104812,15.16671307
19.85466302,-11.54710032,-14.8753511
-9.42128047,-15.1104417,18.75700322
16.59315747,-9.12350792,-13.304965
-11.663797,-8.02737947,14.32774627
-13.62014658,-10.95443918,18.4996985
15.4763061,-8.68395763,-12.39266825
-11.40519712,-14.22177749,17.61825756
-9.90507522,12.42866751,-6.93987986
13.74610002,-8.75305073,-10.78845433
-11.48424462,17.85682458,-11.46752144
-11.75266219,15.80606106,-10.92074117
12.57067239,-8.79248348,-8.28328574
15.15175184,-9.01256601,-10.99216817
-14.77218217,18.23082336,-10.02714809
-14.05736624,-14.24367949,16.67675306
19.31675789,-11.15662412,-13.33071436
-6.75545863,10.41851667,-8.06807553
-16.69352599,19.66024998,-12.38411555
-12.85209553,-14.16231482,18.67093772
18.74642921,-13.76686311,-10.74999248
-11.07564126,-13.47745172,18.64630981
-13.49153869,17.1056577,-11.36131026
-8.30964628,19.61607124,-16.4887065
19.39637526,-8.92248113,-14.89719403
-10.34244592,-13.82614281,16.80989835
-9.82307335,-8.16997279,12.09174682
-14.89955244,19.51264515,-13.37902508
14.55979447,-10.33103361,-8.98174003
-9.97786895,17.2423353,-12.83962852
-12.75385699,-12.25003877,15.44151885
19.29013206,-13.67643049,-16.08984912
-7.81978787,-10.80190301,13.35585192
-14.91774675,-12.39693646,18.63030248
-12.64980856,18.94734567,-10.9783934
16.6182484,-11.54975639,-9.61495533
17.06798892,-9.72046297,-13.07680496
-9.15804723,-17.05470706,19.03087787
16.90429838,-12.83778349,-8.65850428
-16.48274913,-14.17593427,19.90333641
-10.8621943,-15.0651474,19.2805798
-15.5807894,-9.44548383,19.33756148
19.447655,-14.77032426,-10.54864063
-10.92883184,-16.57979427,19.18578339
-15.54843911,-8.88272001,19.27879123
-15.36866251,-14.43432139,18.98108505
-10.2431379,15.68239253,-9.88026474
15.61061043,-12.28105654,-10.83316374
-14.84114056,-10.25520499,17.88062825
-10.20443297,-12.72833667,17.29450974
17.72540358,-13.81413468,-13.67510417
-14.74442282,-11.82254151,19.83242686
15.79652507,-10.74149349,-11.15106924
-15.29807261,-9.31546329,19.05801077
18.4470142,-13.98862005,-9.01791925
-9.08230498,-14.36710146,17.57175282
19.78729012,-15.26502828,-13.12404149
-7.74911816,-16.81497993,19.47399759
-13.96218688,-13.41511277,17.69321539
10.37778478,-8.13223127,-7.09838419
-13.56679512,-11.860156,17.81969318
-10.71235981,17.65498504,-14.91681472
-9.22885731,-7.81699871,11.6528873
-13.98829189,-13.96293433,18.24709264
-14.046043,-7.34237826,16.85311164
-11.77498504,-13.09262753,16.80861905
-13.67976786,-13.10623369,19.38620985
-15.35710864,-14.22967808,18.04962184
-9.7682385,-9.07204301,13.64717723
18.88293973,-14.18293017,-12.98279724
15.3000927,-8.3148339,-11.98383066
-13.72521521,16.27554797,-8.25705465
-15.97603744,-11.7683657,18.86845492
17.91263352,-14.48711317,-12.64726027
19.7948853,-16.54919465,-13.33761386
-14.80664397,-12.13326815,18.28503596
18.84183988,-14.86266397,-11.70399495
-10.70158694,18.44922826,-14.62492535
-11.54246826,19.59341194,-13.19083694
-16.62963104,-11.66850103,19.75289779
-14.74740823,17.4586284,-12.26334793
-8.2803336,15.99609324,-13.32435819
-16.61115203,-14.53387845,19.96073839
-9.30260682,13.13812935,-8.40886594
-16.96331938,19.63244129,-11.88306852
-17.26986126,-9.38387039,19.9781585
-8.57474633,-12.26050229,15.48984467
-13.87226267,-15.07667795,19.5384882
-13.20185098,19.44287366,-15.26567886
-13.79897712,-7.82287285,16.34181917
-11.75913076,-13.29825165,17.04562136
-11.98405082,-15.47742297,18.387376
-14.83382172,-14.05374205,19.89629288
11.6997451,-8.01915002,-9.46296991
18.64157173,-15.16314377,-13.04265465
-10.31851737,18.97230063,-14.71163814
-13.87101889,18.37623766,-14.17898114
-15.94611178,-12.88470965,18.64005081
-12.95426833,-12.44698136,17.52505377
-10.88009543,16.32388106,-12.19073084
15.79249669,-12.89474806,-8.70206353
-13.40156319,18.39380051,-14.51651336
-10.72616089,18.51610425,-14.29410219
-13.95114961,19.69811437,-14.2561508
-8.94342979,-13.26753303,17.72934064
-11.57862842,-9.69571025,16.39962347
14.83423971,-10.26597649,-10.32161394
-12.72786529,-8.33446664,16.32773127
-13.80602033,18.19102581,-9.70066487
-15.09487492,19.42005071,-11.9182471
17.79923199,-8.53996473,-14.30940726
-11.05449975,13.79051143,-7.14728902
-16.55439763,19.99301028,-15.34732698
-14.80164845,-10.57394372,18.05489318
-14.73297486,19.53944122,-12.82765704
-16.93468742,19.4558844,-10.75342454
15.45239122,-11.68233451,-12.7458586
-15.59024265,19.30131096,-13.95371769
-10.82076996,18.73566047,-15.59887053
-13.75618281,18.12946116,-13.00657918
-11.10317661,19.21799223,-13.61992363
-16.13526986,19.33763128,-8.03902349
-9.94342602,-12.9456587,15.34378983
-9.43514085,-14.70121663,18.78109952
18.1591989,-13.60022091,-10.47654855
-13.64822944,16.45904394,-8.3001305
-13.77944111,14.69293899,-8.51889535
-9.80278639,12.05458596,-8.25100892
16.74356038,-13.89579732,-13.40886374
-7.09811781,-13.37559212,15.80954147
-11.55633077,-10.70731882,15.17327266
-16.44392555,-15.02983055,19.83646621
-14.99627211,-12.04152529,17.55054668
-13.21858421,17.16251656,-11.93186877
-9.23417657,15.98895159,-11.76150486
-11.11055534,15.12292154,-12.00574432
18.92045568,-8.11447766,-16.24265362
-15.37914805,19.87650952,-11.29248805
-11.73775718,-9.97496969,14.59193207
-10.34590024,-9.21116511,13.68424588
-7.95790554,-11.92353844,15.19949957
-8.44321662,-11.88449212,14.84108756
-12.72971081,-14.92797426,18.63160195
-8.49341144,-10.13556368,13.05342717
-10.53155021,-15.3326971,18.7987612
-7.73599398,17.97146184,-15.0123438
17.77072018,-12.08072479,-14.72812109
-8.62883855,-15.23973524,19.12981335
-14.32252615,18.10668104,-8.32475496
18.49464327,-14.09853962,-10.57105387
19.86749278,-16.33796672,-15.46872146
-12.64717307,-10.40022654,17.88668802
-13.58944937,18.80266564,-13.66772575
17.90802098,-12.79919284,-12.75661777
-13.29629083,19.73510939,-14.94755339
16.87009889,-13.78803241,-10.27454763
-11.92721089,-10.28442048,16.03043439
-11.5717153,-11.95776142,17.06874868
-13.6462694,-8.11680132,16.32873982
-14.22775846,-13.39019717,18.96617029
-9.41822421,17.73011888,-13.20070045
-16.20505769,-9.02802558,19.09541985
12.91052505,-10.19077306,-7.52439649
18.61816972,-14.98604169,-8.74937478
-16.61402573,-17.61450141,19.85773333
17.56838818,-11.32474601,-11.99005634
-15.25961088,-11.15174765,18.21734225
-10.10679839,18.29465703,-15.01182905
18.9759252,-15.67129881,-8.71808499
14.92826375,-10.64224454,-11.36566575
-15.00785396,-14.47787093,19.61665106
16.71904628,-13.50958887,-9.48358029
-14.03823739,19.72673094,-14.48317219
-17.21322937,-15.99133942,19.92299798
-14.46381249,-10.06355192,17.09881723
-12.83234486,-12.21739581,15.43705619
-7.59738472,-15.5075171,18.14946199
-11.04272349,-9.40841468,15.03298057
-9.32100647,18.9789765,-15.57146799
19.8218421,-15.63428903,-9.13027005
-9.29535489,-13.84220098,16.5279785
-15.6071368,17.82064343,-6.79377166
19.61272654,-13.39327162,-15.8988174
-15.88603487,19.1301636,-10.66577626
16.8559845,-13.19422343,-12.70371603
-15.22621946,18.53320656,-11.72247993
-11.48545841,18.32719934,-14.57042299
-14.13301428,-14.0167146,18.07920712
16.08972312,-10.42371387,-11.47135863
-9.19001621,17.57860604,-13.13065945
-10.05729517,-11.24700475,16.54479069
-13.64738831,18.8228344,-10.73535256
-15.05347596,-13.96299277,17.47117442
18.38925817,-9.51117341,-13.47750142
-7.74305227,14.54215133,-11.41160871
-15.48217697,-9.12811433,19.39747451
10.79615347,-7.9074509,-7.55070857
19.96760193,-11.80428617,-12.68698529
-10.87838088,-15.04801599,18.56888844
-9.05254077,-8.97164858,13.24448801
17.10453746,-15.00453034,-8.94754541
-16.51621413,-15.68066866,19.95808901
-15.63450756,-13.78867737,18.19362875
-9.54382361,18.38257549,-14.58644332
-15.44851697,-13.88755247,18.96600976
17.69950379,-11.94696607,-10.59432085
17.71039547,-12.28543017,-11.43999885
18.92397893,-8.75626406,-15.35384535
16.76900131,-12.82268778,-12.37492084
-9.62749963,-9.20117273,14.40914203
-9.66278017,17.772131,-14.17007431
-10.64930428,-13.37720658,16.40738492
-10.75603407,-15.49097015,18.71304021
-8.91512549,19.74916075,-15.26148785
-10.49700129,-16.99324215,19.92364354
-10.42803927,12.74730023,-7.37725936
-10.44435185,-14.76191644,18.58533311
-11.92701007,14.96100831,-7.751015
-10.96094615,14.75937594,-11.25186106
-16.46196623,19.84950148,-12.6018364
-12.11826944,14.36212168,-11.09813618
-8.18001971,-15.28765138,18.57831179
-9.41519181,-11.7267358,16.68771181
-13.99328066,17.8045523,-13.06992616
15.69720078,-11.41291366,-11.34054326
13.73250022,-10.31686501,-10.91875116
-9.03105533,12.76288246,-9.90078616
-11.39003905,-9.84472337,14.67992935
14.74463476,-12.2421282,-9.95266404
-13.59685831,-11.20088476,16.10370872
19.03983829,-14.41043982,-16.31525465
-13.96784603,-16.59370032,19.61131218
-8.17569283,12.77297363,-10.30601466
-9.38571647,-10.49832149,14.01490708
-13.19904985,17.64288292,-11.09859949
16.87817802,-11.47416463,-10.26022841
-14.26337853,-11.56914493,19.54127099
16.84010864,-11.94716439,-12.11685163
16.99686411,-10.87645206,-12.4046995
-13.71973234,-10.94903402,16.81363368
16.07087459,-12.08671935,-8.5841098
-10.62984439,15.31051055,-10.8636784
19.26814574,-16.83423874,-15.80504632
-6.91849085,-16.61795774,18.89314945
-11.17996137,-15.20138385,19.17377601
-9.26086733,-7.55898057,12.1684687
-11.40749015,-10.13167133,16.74112586
-9.29784712,-13.54213846,17.48269308
-8.60149107,-17.28146185,19.65259822
-13.98519536,18.67003738,-15.57418664
-9.9583322,15.0297938,-12.63513418
19.94186107,-10.04708081,-16.9504892
-8.63431823,19.21702202,-15.04971117
-11.75515518,-13.52978647,17.11357153
17.22867958,-9.70572169,-12.95439215
-10.71937443,-15.35026216,19.81909727
-9.9392207,15.85684272,-10.68474692
-11.7254618,-13.75417595,17.88885223
-9.21047075,-12.27115585,17.01848512
18.73397243,-12.93656306,-11.67113917
-14.86434768,19.55018731,-17.16086125
17.26358929,-9.14009798,-14.06382717
17.90298826,-14.51386103,-9.28017383
-10.43254373,-11.54998293,15.99311466
14.89920005,-10.73935319,-10.55119646
-13.18334401,-15.39925593,19.62566193
-8.98880223,-13.67248601,17.86921819
19.55053673,-15.0978641,-12.18625786
-9.60100299,-13.74017116,16.15945288
-10.325824,13.14562789,-9.2704541
19.016351,-11.81378396,-13.30194216
-16.02378642,19.73995221,-14.63699057
-13.35956625,15.74110936,-8.25573238
-15.74568169,-11.08681136,18.01581605
-12.74133226,-11.8592286,19.2960271
-15.02011663,-8.1391157,18.57180168
-13.63643812,-10.67819294,17.06912107
-9.55836854,13.0651801,-10.28368194
-11.15659417,17.20169458,-14.342243
-14.12332506,-10.53478564,19.87648326
18.94907689,-11.69939732,-11.77254298
15.54367419,-7.61269197,-12.75831589
-14.16521401,18.77108681,-11.14444854
-8.62803444,13.3399028,-10.6263753
14.2535015,-10.89134575,-11.42480769
-11.42145202,-12.21025083,15.12390371
-15.51816305,-16.46956893,18.76225349
-11.21838151,-13.65498922,18.8432995
16.29947515,-11.07177248,-13.8037514
-9.13752329,-11.10618381,15.31053725
18.3135654,-11.0843234,-13.31104486
-8.73657245,18.65397318,-16.05593911
19.1133798,-10.81327047,-13.97977765
-12.3528059,-15.87809366,18.76271174
-10.20434092,-11.26223566,14.31316063
-15.28797333,19.74341089,-14.26055613
14.98928174,-11.68507816,-10.09184648
-12.95840177,-15.33630872,19.52889097
-11.51910677,-7.1526082,14.01235139
-10.04399048,13.97797125,-10.30349338
-10.24128666,14.72570815,-9.79674835
14.8001759,-8.22674395,-12.27039726
-14.36957057,-11.97388991,19.53560645
-10.56011418,15.62400292,-12.73268243
-10.22490134,19.7111583,-15.00542583
17.62917162,-14.00436303,-8.7985969
16.65405115,-11.26646476,-13.45227763
-11.76795056,18.06044493,-13.89749559
16.06278047,-8.51906645,-19.39567695
-10.21343088,12.8765736,-7.36814134
-11.77909846,-9.94838375,16.48853283
-14.45388712,17.8114409,-10.58700043
19.28482844,-16.21109967,-9.1185602
18.21631165,-15.99244949,-9.65349973
15.24001597,-11.16341951,-10.44490926
-11.80892779,-13.11844412,19.77509282
-15.54311888,18.95164488,-9.70375137
-12.44233576,-12.81393662,16.46547679
17.54364285,-9.38181979,-12.99671333
-11.85032907,14.56228122,-12.0826359
-10.74624457,-11.2607717,14.99268166
18.79872747,-13.08463866,-11.70291703
19.84860568,-16.07669957,-13.102455
19.45420514,-13.63440525,-17.02267898
-13.58131089,-11.58964637,18.96825824
-7.48644375,14.3297958,-11.26928846
-11.46846453,15.02403623,-10.21801332
-11.40199326,-11.70376581,18.54901846
-11.73351236,-9.43304954,14.79932225
18.21923231,-14.12344104,-10.43473584
-11.90759076,17.33918046,-13.99061894
17.61744414,-14.82136068,-12.6032414
-10.28918023,-12.82099807,17.95791144
-9.49293951,19.02751301,-15.11384022
-13.46133184,-13.33783959,19.6337798
-13.11409652,16.13093168,-11.58283185
-13.20726815,-14.37565002,18.32886873
-15.17965383,-14.13866705,18.8860694
-7.2073646,-16.7792454,19.21766053
-11.24991236,17.83849223,-14.45697969
13.19328927,-8.7691798,-10.24400929
-13.2908768,18.61719641,-11.17510865
-10.14105727,-15.21420956,19.58582916
-11.22311633,18.21274512,-15.33743545
17.34249508,-13.32531236,-8.99969845
-11.37014195,-15.04421896,18.77109043
-17.32584539,-9.41700933,19.8561183
-10.05487694,13.37585687,-10.55134173
18.76814067,-14.44367637,-9.65091079
-16.9243171,-15.26549061,19.79213128
-10.73830697,-12.62228074,15.51676301
-13.95758736,17.78741468,-13.94095857
-14.98495461,-14.01220578,19.35669353
17.7675228,-14.52210601,-9.89986254
-8.71840126,18.56677958,-15.89387759
-14.99962192,-10.9348895,19.13810604
-11.79744754,-11.97272051,16.34808479
17.29441908,-13.35261094,-12.74218102
17.50656123,-12.11822782,-11.2831754
-8.46455709,16.37129979,-12.90880804
-10.2117296,-13.11715015,16.26882908
18.37607265,-11.03469562,-12.79632859
-15.52737574,19.32768855,-9.88012784
-8.89713016,-15.97072157,19.74375872
-9.67246013,17.11556119,-12.48469822
-8.05144845,16.72201471,-13.63068309
-17.03380406,-14.84051187,19.87052622
15.31017593,-12.40978258,-12.96712416
18.45969709,-14.80324027,-11.59804229
19.67294206,-12.61948299,-16.69734996
19.95713112,-17.0770447,-15.01569717
16.61198993,-8.98634757,-13.35906978
-13.24297882,-11.57649072,19.19449877
19.10082779,-13.2327106,-10.94612773
-13.97424574,-15.62725602,18.45119596
13.95503037,-10.14644317,-9.17720505
18.86828443,-14.08850099,-14.10528377
-14.84945044,-13.43651419,17.91659174
15.34254813,-10.292109,-11.7465249
19.43452163,-13.58269085,-15.62449823
-15.54400049,17.97456142,-12.06797784
17.29299582,-15.03435666,-12.89681646
11.71793623,-8.38043425,-7.77352047
14.59716468,-11.55154822,-7.73876308
19.46957691,-14.19782207,-11.74622963
-10.70537631,14.41560237,-9.66008663
-11.52876194,18.16864516,-11.84342571
-14.551975,19.90817955,-11.56439158
18.53029401,-8.70414067,-14.3570958
-9.54402829,-9.80483689,13.65711776
-12.85731742,-10.95125545,17.95111027
-11.28394801,-10.23433567,13.99726964
-9.86154528,-10.99534667,13.70688937
15.53265829,-13.05904444,-11.77104404
19.46958508,-16.91193792,-11.71785641
18.52047708,-11.59962013,-15.09884186
-11.64258248,14.69206355,-7.62530572
19.18238147,-15.82421816,-9.75339368
-14.40102791,-12.41841073,19.86951488
19.8100661,-13.98002907,-14.29341509
-16.43371272,19.67378123,-15.75018827
19.37425874,-16.02834789,-10.28735122
18.66412026,-14.53929918,-14.82972231
14.70991313,-10.42431781,-11.36345583
15.83721272,-7.98288493,-12.83338989
-10.87944854,-12.15008791,16.72238191
-9.85587721,-10.56748246,14.97435663
-13.92762002,18.27294778,-11.65152449
15.97505107,-12.63083803,-9.2746099
-15.15318455,-15.75794235,19.22871824
-9.03242771,16.55206841,-12.14383447
17.07626883,-11.3364442,-11.39600666
19.6760045,-16.13194809,-8.49480395
14.47837651,-10.3444779,-10.0791103
15.45751399,-9.52115029,-11.0682745
19.94639489,-16.28541284,-10.86887059
13.00683519,-9.25306156,-8.449398
14.99326259,-11.39593063,-11.43177441
-15.93740928,-10.33194434,19.7424937
-11.19591457,19.7123861,-14.43315829
-15.27457087,17.69571245,-7.20091808
-12.13142872,15.30659021,-12.65503716
-12.43729786,-13.65589138,17.26730841
-13.03587069,-12.4202115,19.49043306
-16.56524511,-12.27271746,19.5885024
-13.70589409,-16.70353114,19.07304531
-15.96003433,19.74099635,-11.11897444
12.46816564,-9.71766325,-7.79078051
12.13680856,-8.69973325,-7.87715846
-12.08402101,-11.33358421,16.44166218
-11.57468529,-12.76722927,19.65652934
-16.61196855,-11.18295586,19.56702131
14.2938766,-8.02193992,-11.29127532
-11.77264252,-12.05940056,15.9619137
-10.96283132,-8.17785853,13.80947628
-12.75106161,-14.36282115,18.64028278
-13.84538776,19.76084279,-13.00512934
19.3952383,-11.52877693,-15.26924435
-10.48188924,-14.66747253,17.30597968
-15.42413871,-9.66452008,19.03509649
-16.22183367,18.59180185,-10.44350283
-9.59098673,19.11318959,-16.83755285
-9.27278796,15.12485621,-10.96684307
-13.9030522,16.21855631,-12.01315312
19.20433634,-15.98977042,-15.27840193
-11.21963812,-14.62247695,17.75383199
-11.54399618,16.45972378,-10.97060499
12.38609597,-9.26977513,-8.0537323
-15.68834524,18.43506015,-8.95308278
-7.543419,13.68605111,-10.73920372
-10.51066008,14.89817893,-9.79116282
-13.04915817,17.60517408,-10.21370041
19.56817435,-15.58985795,-10.21181652
-10.57912241,14.94627684,-12.32703809
19.65978768,-15.25922986,-15.31222574
15.2366961,-8.87930588,-11.50346133
18.91048844,-14.22976708,-13.18857334
-12.40654784,19.83455535,-12.35046488
-16.14757275,-8.7584422,19.90306425
-14.2796153,17.15041703,-7.39576734
16.86812781,-11.54523555,-9.84388296
-14.01585765,17.32020945,-12.29096014
-9.52674907,-13.81754998,17.69321368
18.2773896,-13.82096289,-14.34312815
18.6291357,-11.65048915,-15.79422076
-16.99370003,-9.1718531,19.70338776
-11.72947752,18.06680221,-14.85120528
-15.69019188,-11.44368841,19.01300731
-12.16572645,-11.90782906,19.1877268
-7.76263121,11.50516256,-9.11366803
-12.63301437,-11.29184538,17.90588339
19.39208256,-10.45097451,-15.58424695
-12.66987589,16.98992006,-10.21129187
15.28218595,-12.3188448,-10.03594492
-11.35080555,18.38620547,-15.46155396
-15.93357359,-10.86930979,19.57981164
-8.8191241,19.4924413,-15.5961071
-12.46564803,-11.29093656,19.01724199
-11.25394156,18.43311401,-13.55653862
16.37332932,-12.05305101,-11.4210503
-10.80201883,16.81451831,-14.06247921
17.00401898,-10.19642429,-11.25984468
-7.93654114,13.36191028,-9.82519026
-10.10004617,16.37890559,-13.94587437
-13.73869192,19.53765938,-16.08207793
10.61093151,-7.93652283,-7.48743985
15.55627122,-12.54410608,-10.92769327
19.61364808,-15.96694763,-11.88138792
18.9800117,-11.28975205,-12.12747715
18.00579596,-10.9279209,-13.04092728
-14.94220167,-13.75103094,18.36036601
-15.6987417,-14.7853109,19.88112437
-8.28983902,-11.68138912,15.21888041
-10.53846269,16.10180946,-10.91500115
-10.95571153,15.80582739,-10.39067109
-11.19212681,-16.01179882,19.50995836
12.88080108,-10.04004119,-8.36188406
18.53929547,-11.38558825,-13.26843359
10.93960234,-7.4407634,-8.03083385
-11.57396922,-10.96832569,15.06617269
-13.92993681,-9.79208347,17.55497003
-17.08920219,-16.44339759,19.38740634
-12.56618085,16.54081572,-13.67915733
-13.18677629,-12.76074863,19.56317309
-11.2448085,18.60056298,-15.05034643
18.61297117,-14.55654008,-12.49044273
18.76282895,-12.05896742,-11.66378584
-11.58794904,15.32193945,-11.13665364
18.80316521,-16.43516993,-15.1928565
18.6446726,-13.42087989,-10.67233373
-8.91345036,12.61759378,-9.78230156
16.22654507,-8.98015478,-12.12086679
-16.6286246,19.67378794,-13.37646085
-9.80013628,12.47621802,-9.49891328
14.40269949,-8.79899791,-11.30316781
17.65177118,-15.31069712,-11.75839625
17.41841287,-11.08193388,-11.7913175
-14.44555347,-14.55477327,18.87796008
17.53071474,-14.80815797,-8.25769457
-8.1068632,-12.21168783,15.62646292
-10.09187832,-16.41928446,19.02823449
16.79206412,-12.57207018,-11.56922592
19.18045246,-16.19910467,-11.98435291
19.76268557,-14.75645701,-11.66254947
-12.54231658,-16.48102904,19.64337133
19.80918647,-17.24153514,-13.59044551
17.38054939,-12.48619352,-11.7495175
19.42460652,-8.38889098,-16.87913622
19.14755442,-15.08050367,-13.01878584
19.19463796,-16.75395027,-9.82232379
-11.31914139,-12.02698364,15.62241925
-9.61304811,15.39242363,-11.69781121
17.81404342,-11.54710962,-11.54276331
-14.16487652,-14.97992908,18.57124915
-15.30934161,-13.77995786,19.13796543
-9.78337468,-6.83381311,12.11501469
19.3888766,-14.1257156,-11.88433224
-11.64473364,14.37898172,-8.37008666
-15.47287624,-11.89664488,18.86026082
-10.10887155,-11.91510939,17.21593129
-15.30073983,17.85082394,-14.71035348
-12.24288622,15.32334347,-9.40223895
-13.02630419,17.83641219,-11.59992613
-11.75350911,-13.29163814,16.64442758
-13.78369132,-8.64534173,16.8121796
-14.52532637,-10.00232839,17.31169387
-9.44968186,-15.57634774,18.71547057
-9.8815827,19.99123552,-14.86443208
-14.88386257,-9.10435757,19.31521754
-11.22155057,16.30044456,-10.48121576
19.02884754,-13.04552384,-16.30461446
19.45615154,-13.74886626,-12.85870832
-7.95780084,-12.03806385,14.8006673
-16.06126853,18.6784278,-13.75466151
18.5182363,-13.08089866,-11.63552194
-15.24299901,-16.26587014,19.4615564
-7.93465626,-9.97538953,13.11926087
-10.96764121,-9.64347294,15.08818157
18.61142582,-12.19145517,-13.10796274
-11.43359497,-11.14886265,15.61689199
-9.83805881,-15.25888604,19.75527925
-10.98066258,16.63682402,-11.01303637
19.90172775,-15.49141455,-15.26059683
19.83460929,-11.44959582,-16.82518646
16.95236201,-12.98537227,-14.04600683
13.34285734,-8.35268439,-9.98563263
16.9912374,-11.90549415,-11.08263431
-11.64017964,15.69075345,-9.30587038
-11.08238383,19.91960587,-15.79684748
-17.1504341,19.99423249,-7.8283306
19.31006283,-10.33362611,-14.87890302
-12.05597032,19.40758533,-15.56604544
14.53343926,-12.23847468,-9.26255943
-10.23761621,15.94118976,-10.929019
-15.65261213,-14.7909113,19.63938688
-13.56049101,16.84770357,-13.67747422
-9.09614578,11.46308637,-7.97428377
17.21250882,-13.04593528,-14.47779882
-13.26957424,19.18394876,-14.36127322
-12.74632452,-14.9570156,18.86975068
19.29874176,-9.15324677,-15.65254621
19.92076958,-13.47688858,-13.63240204
19.88247114,-13.3095716,-12.63185758
15.76328491,-12.14892994,-12.81670972
-8.56004221,-11.37290582,15.05837872
-12.02484727,18.82349714,-12.10558376
-13.91661764,-16.18168647,19.58086963
-14.61189422,19.22489771,-11.20963386
-15.90094896,18.75945632,-10.84905532
-12.23036404,15.54115328,-11.33501763
19.81603251,-7.83088595,-16.47672051
18.63776181,-16.21577547,-9.06457184
-14.09689854,18.2008931,-13.11907616
-14.61775913,17.52284536,-7.7836984
16.77397028,-12.29986923,-12.03108398
-12.58143065,-13.19216831,17.00118949
-15.37947111,18.23538201,-9.12057773
-12.40580043,-16.22713617,19.71063366
-11.41586253,14.4861487,-8.69482023
-13.49746411,-10.74715548,18.80195832
-13.91351322,-15.61941835,18.87944054
-16.48423229,-16.09515773,19.43891359
19.26799227,-14.21623094,-9.4619861
-13.48573521,-16.06339296,19.27516111
-8.91422484,-8.51933636,12.03459987
-10.21187984,-13.61865791,18.57203096
-12.36639209,-15.33994461,19.94955218
-11.17451056,17.87948455,-11.64436296
16.51432239,-13.97754679,-13.01204458
-11.70107639,-13.42197846,15.60071552
15.82029107,-9.96710982,-12.5205402
17.98928561,-15.4906014,-12.48769761
-7.54591391,-17.3028059,19.77318048
-14.58858422,18.20803431,-11.17997217
-9.61179816,-14.34006387,18.43864063
-12.38396205,-13.06703961,19.35754452
-12.09366276,15.67929611,-10.45109804
-13.36699125,15.77725389,-11.4327576
-12.64228702,16.90196956,-9.11679824
-15.37516635,19.89235788,-15.60458011
15.01117873,-10.25480009,-9.81593616
-11.00620378,-14.46524929,18.78039458
-7.86833182,-10.6373812,12.99225441
-8.86857147,17.44054485,-13.66039383
19.78908373,-15.24292316,-17.31147793
-10.31208073,17.6847218,-12.41349195
-12.44260096,18.86946689,-15.96745154
18.24844409,-12.36308649,-14.71821944
-12.23835995,14.69629891,-10.9414677
18.96277546,-7.31758571,-16.23630966
17.52316519,-13.92634712,-9.50708597
-14.07937176,-12.9103425,19.01922198
-12.34088914,-8.84338193,16.08469746
-11.39869632,-10.11349516,16.70154542
-9.92656486,-9.7046209,13.53878642
19.81339644,-14.11237081,-14.9879128
-10.36160685,-9.70933924,13.363837
13.16259279,-10.14939141,-9.01114714
-10.40948317,-12.86478177,18.85333513
-9.67626365,-13.97749277,16.36855298
19.30548328,-17.09445921,-15.24240924
-8.02027564,-10.88643776,13.52082498
17.93369961,-14.69674944,-8.52290442
-16.41405784,-11.84605654,19.14135601
-15.91405066,19.00931483,-14.58308224
19.94325904,-13.85631502,-10.54980863
-12.51274622,16.82125911,-10.6778192
-15.81242891,-15.67981707,19.74339175
-12.97482251,16.04469317,-13.05185472
12.42499487,-9.09659984,-7.77305023
17.72903453,-14.46961451,-14.62109023
-14.13486955,19.72865559,-16.50518213
-9.07088099,-13.47084755,16.58584329
-14.2929838,-14.62953457,17.12984842
-9.32445069,14.35503537,-10.02645452
-9.88790667,-10.39216627,14.53794467
18.94199347,-16.50969611,-10.15675353
-10.83017222,-8.91903246,14.69105183
-9.46716674,19.2180677,-15.43129877
-11.64231764,-14.9098217,17.19158393
13.20135437,-8.60560334,-9.61968009
-13.93059432,19.03455684,-14.20119799
18.00500077,-12.29391292,-15.45346129
13.51700118,-9.08618253,-9.18816926
-8.72176597,11.76693104,-7.75501577
17.97875108,-14.76639726,-14.66409936
-11.57417868,15.18946388,-10.89821797
-16.26626373,19.28733416,-11.07294171
19.43349121,-13.52894568,-11.65140326
16.14150406,-11.25136442,-12.99697023
-13.57184377,-13.9536703,19.4341387
14.29876158,-9.21961909,-11.9425245
-16.32973163,-10.07055901,19.01047582
-14.77567492,-12.99851456,19.42733083
-12.39348835,19.70240049,-17.39519515
-8.7160902,15.81392638,-13.32552536
-11.39973406,18.82152856,-13.09066712
17.4924978,-9.2886186,-15.07804911
-9.33187443,11.97382112,-9.47136077
-13.9978462,18.36806971,-15.96418203
18.913842,-11.52143211,-16.44459258
-13.73679332,17.62383538,-14.37843522
16.9134212,-12.06658296,-9.95172462
-14.88586174,17.95077679,-11.82918266
-8.18680922,-14.65777579,17.90801279
-11.21760801,13.72309821,-10.94994362
19.26688551,-13.15836015,-14.55791499
-11.25701552,14.62830533,-11.54172824
-12.44962061,-15.56531539,18.75956346
-15.57404128,19.91854555,-14.22283868
-15.88950579,-10.69591117,19.27272551
-16.26595094,19.74357842,-12.12311904
-15.77193752,18.59040706,-11.99203499
-16.84332044,19.46982593,-15.14542678
-11.87907472,-12.39509028,18.45470037
-14.70349756,-9.19992936,18.90555678
18.63590677,-14.89574901,-9.07602507
-8.41921218,-15.03493698,17.83948013
-8.30708111,15.15388273,-12.21677828
14.42226791,-12.10021133,-8.57524065
-12.3007076,17.55712487,-14.00961366
-10.57330373,-11.62950838,14.36556352
-9.81160486,-14.31123761,17.0504552
-13.09920469,-9.62932779,17.13871367
19.59069183,-12.32463563,-14.83766249
-12.19861845,15.00326071,-11.81196112
-13.0236699,16.19570442,-10.79818804
-13.38857639,-8.57088186,16.50352463
-15.94319154,19.07108336,-10.46367066
-11.98208883,15.40581864,-8.25459565
-12.55953839,19.39021351,-15.18500183
-9.93899473,19.94884542,-16.4095926
-8.55034133,-9.89292606,12.93337789
-11.15764941,-8.83244126,14.62918569
-13.69403972,-10.68960029,18.44735756
-14.68637332,-9.92196441,19.50664733
-14.87804073,-11.2110662,17.5855005
-9.1986835,-15.62816954,19.30838982
19.89055356,-15.0566975,-12.54541501
17.3769091,-14.20733775,-7.67243875
-10.7226147,-13.35167062,17.93146319
14.54408534,-8.27943223,-11.20835376
19.27086999,-16.91981123,-7.73581936
-14.98993485,-7.94726002,18.37666139
-14.49577168,18.35281804,-12.10628307
-9.60360929,17.50064028,-14.31866315
-14.02043453,18.09213844,-11.30824291
19.76216524,-17.41921489,-15.08019177
14.99309113,-8.76636623,-11.1787751
-13.16276279,-15.30327319,19.58038691
-12.64887185,-10.83796677,15.41291445
-10.0913458,13.5594806,-9.98431589
-11.9376357,-15.24926766,19.05658581
19.8145398,-16.58871862,-9.82136854
17.27603505,-13.48132674,-12.35215544
-13.83835743,-14.82858764,18.11443401
-8.26801244,-12.52873786,16.31417928
-8.77725267,18.34972062,-16.04669541
16.64563311,-10.60017413,-12.23649683
19.95891882,-13.86943939,-14.99727787
-9.42654408,-10.60268485,13.79134729
-9.84985377,19.62232346,-16.37572483
-8.4555147,18.18787042,-14.31175409
18.88770191,-10.3196576,-15.5646132
-11.53375923,-12.84750779,19.93306226
-16.39844696,-15.27847954,19.01316375
15.70601197,-11.46605315,-12.30597945
17.67296108,-15.14196007,-9.03479194
-12.73597828,17.08137231,-12.98462478
-15.53330808,-12.16741675,18.11510677
-10.7547562,18.5298117,-15.70176129
17.14519711,-11.47957656,-12.33587246
-14.26808887,19.74491173,-16.25079003
15.54095884,-12.54713534,-12.49337892
19.59277953,-16.9951231,-16.07785907
14.11660988,-10.47478101,-9.75851629
-8.05010777,-12.45109725,14.91617515
-12.4681475,-13.88366985,17.15307282
-12.48229845,19.15788702,-12.66933519
-13.99330741,18.5863251,-13.22178175
-16.80116568,-10.48839993,19.29757238
14.61387715,-10.57636198,-10.48859564
-11.76625917,16.37159295,-12.87861088
18.65416102,-12.36879227,-13.39603988
-12.15261582,17.94189237,-15.37822345
17.35930406,-12.77923129,-11.89448814
-11.81172154,-17.12578583,19.55955364
-16.21505563,-12.10720539,19.76595188
-7.245033,14.51431095,-12.11452767
19.35967171,-12.45363026,-15.98363116
-6.91457288,12.29234842,-10.01840076
-9.96415752,-11.81013794,16.22858506
19.59029553,-11.57166211,-12.60618431
-14.27612301,19.57515645,-17.30081021
18.55234885,-11.63990301,-14.15618597
18.91810552,-16.16928059,-9.0110769
19.3760582,-11.17145112,-15.69405898
-15.45085075,18.47791128,-8.02561567
-13.70614168,16.8170219,-13.78825566
-8.82070509,19.63159334,-17.4165286
-14.85714805,-8.20148556,18.02232785
-14.67116811,19.80500907,-17.1504715
19.21838335,-11.1883576,-14.37720121
18.74315949,-10.83741324,-14.46720991
-15.5358966,18.63110351,-15.02802215
-10.245807,-11.32925421,13.81203562
-15.57239575,19.27678324,-17.01174463
-9.1582797,-9.60169184,13.1474563
-11.71849155,-12.67387728,16.80979769
16.18108031,-10.87836633,-10.57514113
17.80895258,-12.41748582,-10.54162836
13.93248315,-11.65138774,-7.94890194
-13.09614902,-13.00949639,15.64931484
16.76719712,-9.07781767,-12.26030194
18.96879147,-15.78725622,-12.59079499
-15.38959605,18.4194815,-8.90593594
-11.79790168,-11.26122934,18.51527036
17.05309251,-14.31927645,-7.29040832
-12.40599049,-9.68897041,16.9609711
-11.25582246,15.20687527,-9.94786644
-13.06559083,17.69512152,-9.28761201
-13.81992478,-13.54513895,16.26942511
-15.59200022,17.94134387,-7.89496183
-13.89176575,18.41637326,-12.86295415
-13.7260521,-11.18023568,19.84902447
-10.98480379,-11.61923636,17.64178036
-8.03327568,-8.73883295,12.27592007
-14.74999629,-16.61656844,18.87764926
-14.08800835,18.51691534,-16.1411089
-12.26033329,18.58062822,-11.92268925
18.42028409,-12.00333187,-12.97238838
19.18683687,-9.63401664,-15.34853452
-12.05176086,16.35525861,-11.50491723
18.76247753,-12.73619922,-15.63054183
-14.63404359,-14.31983661,18.27585882
17.05582746,-12.74087773,-13.78893916
-15.74465394,-13.30142791,19.58537054
-9.9572543,-11.11235194,15.46246379
-10.00779049,-15.60303156,18.8717458
-9.99612578,13.0008304,-7.43601992
17.46574367,-12.07531237,-11.53453723
-11.15612895,14.98812983,-8.50184736
-15.65870027,18.54638473,-10.97238061
16.79883238,-8.49252204,-14.45725271
-17.39642503,-7.07259119,19.98523325
-9.00161667,16.68059311,-13.8142359
19.52836997,-10.59169738,-16.56813092
17.16632801,-9.23710067,-13.21920874
-9.8970935,-9.86685783,15.06987812
-15.68644459,-8.15558097,18.95680668
18.16927602,-14.13548126,-13.84911123
-13.67394341,-12.52652628,18.90816792
-11.42671368,18.48448007,-15.79819555
-13.94263422,19.1761498,-10.15111561
-16.24820812,-15.829159,19.17535949
-10.4671194,-13.30179391,18.28175259
19.98708457,-16.18576613,-17.76694939
-10.45334423,-7.75881311,13.34319145
-7.65899564,19.00197168,-15.80427195
17.90502277,-15.00932488,-8.17578631
18.83489048,-13.48995586,-13.50071272
-17.34492747,19.96349488,-7.54993647
-14.76127802,-10.61384138,18.9048221
18.24886093,-11.27496965,-11.69613501
-14.24613553,16.97778967,-11.88929406
19.04603144,-16.77464271,-7.4519259
-14.51853622,17.02504943,-13.24496051
-8.45525813,13.84511918,-11.25368453
14.81525478,-11.74887382,-9.8467575
-9.16680733,15.81148045,-13.49146088
-12.02944373,-14.54285091,18.00204029
-10.53873211,-14.52674148,17.08220021
-15.77145359,19.78529616,-9.57157598
-12.11973149,-13.77540296,18.94335373
18.57384428,-12.85019786,-13.86868433
18.98469128,-12.70194729,-13.49709352
19.46047625,-13.1713897,-11.44834736
-11.37525923,-9.75324574,16.28668508
-13.1142452,-12.82985235,19.97588534
-12.59364141,-10.28401389,15.74759922
-12.35850872,-10.65018014,18.40963027
-8.93580949,16.14620746,-12.90134641
-10.40388665,17.70596822,-12.00778846
-9.65135939,16.0740696,-11.16145663
-14.05947496,-8.78751899,17.66486646
-11.01328364,17.4981118,-12.04092162
-10.06948112,-10.09276893,14.7228863
-10.41149227,18.46908902,-14.83678357
-11.5484235,13.80724242,-8.17554365
-13.52237602,17.8486292,-15.39926604
-7.8673799,-11.82384756,14.33940079
-16.22062603,-10.89753445,18.97182224
-10.43792112,-14.83005435,18.03275236
11.85228102,-9.30109675,-7.61666441
-13.01077684,-13.36859155,19.35887546
16.01424197,-12.43768488,-13.35906326
19.72783217,-14.9471891,-14.22307101
-15.25529538,18.71972832,-15.03602093
18.01648986,-8.18126164,-14.5274179
-13.24603953,-11.73288158,18.98785297
-10.45720921,18.00943396,-12.68170163
-12.32268699,-11.39906231,15.94520717
-8.74937692,-8.90676819,11.67547946
18.7318261,-11.59565834,-12.03371482
-16.23048382,19.5713851,-14.73829363
-15.86872421,-14.75635432,19.64402005
13.95399738,-10.03824593,-11.024564
-10.68967,19.68893577,-16.56272942
19.00590387,-14.26284334,-14.57589148
19.06546725,-13.41567376,-16.6972669
17.47587269,-13.34440597,-13.65538618
-14.53679822,18.33774799,-10.45254686
15.92592194,-9.49059806,-13.4489002
-13.34638153,18.28733933,-9.59807639
-8.24151193,15.89387066,-13.1708865
14.72557944,-12.06790604,-9.51603207
-14.94283998,17.96791223,-12.75797546
-13.59673515,-12.76024733,18.18818808
-11.08665306,18.12116739,-15.46958481
18.40207581,-16.07769343,-7.88853069
-14.51344397,18.62365343,-12.70265653
18.21458057,-9.54959854,-13.60313807
-14.12086462,-10.56776919,17.54368808
14.74958544,-11.18747092,-8.69122947
-11.58703071,-12.89668144,15.84728655
15.68993565,-13.21870535,-10.58600644
-12.86122617,-8.75980952,16.07529685
-9.42814246,17.48748069,-13.80271979
-9.98136743,-9.58408053,14.53820923
19.15801908,-8.43417451,-16.33246198
18.98988847,-11.49589275,-16.2224364
-9.2685611,17.49337499,-12.70959035
-13.18148978,15.74134692,-8.42964183
-16.73764447,-12.088655,19.36977958
-5.93531023,18.9445269,-18.49234882
-12.26848189,18.40794499,-12.82072042
-13.69956107,17.95801142,-11.4739757
-11.2192069,18.62616424,-13.28589437
19.90246591,-12.11356052,-12.28999562
-9.31651112,19.45051234,-17.18458173
-14.69492507,18.44915101,-8.40246636
-14.8528741,18.4725163,-8.22398185
-14.79830896,17.56768052,-14.61798231
18.92349409,-12.6777784,-15.51054206
17.79583205,-13.12880403,-10.95902034
19.96823107,-17.00740257,-11.46724715
-13.52700793,-15.38311118,19.38906014
17.06385247,-11.67398125,-9.80578831
16.36699672,-12.28820455,-13.06190244
-15.936906,19.45752227,-9.50270382
-14.74775942,19.12839739,-13.70367137
-16.5802295,-9.56511275,19.8409166
-9.23742898,-13.33504052,17.97504495
-19.7236886,19.9777677,-12.5520062
-9.61183326,17.73516693,-13.07153984
15.30526487,-12.12317791,-9.06387696
-13.25112368,16.46362954,-9.3364163
-14.15452355,16.49670083,-7.59314958
-15.1032278,18.69979539,-12.33248092
-12.57930477,-15.06383319,19.5014126
-8.49814866,-7.39960756,11.24765188
-9.8275018,18.53817135,-14.76592709
-14.05087171,-10.81046857,16.43190863
-12.65064482,-10.54997882,17.17955781
-8.22335275,-13.2021326,15.51095554
-13.36504547,19.47406477,-15.40856802
10.51080247,-8.211745,-7.27276809
-13.8782616,-14.75217182,18.95393747
-9.55164599,18.7635026,-15.59162317
18.06813812,-13.69124629,-12.29114712
-9.90508341,-10.57442452,15.99323306
-9.99785508,-16.17118905,19.56177681
-13.15251029,-13.33358405,19.81333831
18.42260615,-8.59879297,-14.8444334
16.94011235,-10.35790612,-13.63720837
-12.9524699,-13.29941259,17.20166656
-10.48331168,-11.28774162,14.7499577
19.82495871,-15.7618158,-17.1433441
-11.2358748,17.76644095,-12.03434741
-11.49970714,18.62577929,-13.37057079
-16.19303487,19.29594226,-13.3887694
15.94889058,-12.38019228,-12.57289025
19.38463688,-9.68693601,-16.26156495
-16.72720348,-10.6660837,19.46291788
-12.07882122,17.51375087,-13.5909893
-10.48746648,19.07689175,-16.51177458
13.93180486,-8.44836997,-11.26203957
18.32213743,-13.79328374,-12.71157361
-13.43693614,19.44250882,-12.23750636
-14.07257754,-10.98077038,18.72010529
13.38042375,-8.95706186,-9.79493345
15.9850413,-9.69387633,-11.53934605
-16.65325218,-16.95971303,19.26767039
-13.30849721,16.14922254,-10.19803704
18.59637978,-15.69129661,-11.83262042
-13.42838059,16.08646415,-9.896759
-15.38763135,18.9493645,-15.32515016
16.04607021,-11.11166803,-12.68177546
-11.43558497,-16.5844045,19.90502474
19.99379888,-17.21040691,-8.4395959
-12.7510386,18.0614617,-14.69799741
17.70323806,-9.70804509,-13.78523459
18.26906125,-12.91186188,-11.48531428
-15.41804357,19.11412966,-10.61079801
-7.81260721,-13.14771727,15.92434613
-13.1939181,-11.00644194,19.42126083
18.84840493,-14.69520452,-9.94939143
-11.26481119,17.65699843,-14.27497236
-11.98653026,19.94774646,-17.11030467
-7.32534356,-11.56742479,14.49036374
-7.82673021,10.25916735,-7.22459232
17.96159804,-13.66142425,-9.11313456
14.27239171,-10.13434876,-8.96642435
-16.96444194,-8.37481047,19.69233145
-12.59254832,19.0970128,-11.06667271
-12.61158065,18.42247577,-16.03870233
-12.46072717,17.96996058,-10.11257664
-11.38417403,14.17899387,-8.087484
17.56654077,-13.28948767,-11.72922248
16.36414755,-14.02454953,-10.10057709
19.79173931,-15.22031541,-9.60919427
-14.40789358,-9.19267219,17.05821186
15.54864662,-8.91841632,-13.06151275
-10.80387538,15.17424644,-8.99082004
-11.8887872,16.98745479,-12.98356202
19.73185661,-11.60669852,-13.87461514
-7.73182569,19.15705105,-15.91816898
-15.34426895,18.90163652,-10.12613021
-11.70873152,-17.59520098,19.96139766
-8.80084127,18.72032694,-14.96939074
18.20042763,-10.2718483,-13.11390405
13.45727796,-9.38544225,-10.8993499
-14.42666211,19.67092833,-15.93745225
-10.02838396,15.17400876,-9.6174959
17.47945054,-14.41505814,-7.69590898
-13.46314675,18.13410193,-9.96005742
17.47924416,-12.49538867,-12.95694043
-15.50283117,-12.01734544,19.44540612
-15.99278762,-11.47562312,18.68526396
-14.9702925,-15.43478198,19.70213805
14.96765722,-11.07505963,-9.98222466
-14.0170535,17.4381865,-13.71313253
-8.86740664,-12.35554342,15.29226842
-16.02191787,-9.33908928,18.55655246
-12.84680928,-9.50470094,15.98589251
-12.33163881,-10.34237398,17.24243025
-14.0433996,-12.32831462,18.28653992
17.15127587,-13.20891027,-9.71248565
18.73046784,-16.58676405,-13.77534602
-13.43634242,17.23172326,-10.45741208
-13.09266846,16.05023285,-13.76738689
-9.60734893,17.04917357,-14.20401602
-9.46489051,-11.55479141,14.28028134
-9.24491389,-13.68026214,16.8372999
12.6806695,-8.71554335,-10.0696706
-8.84921901,14.71675088,-11.76228919
17.16165622,-13.43018328,-8.79263651
-14.13423008,19.99325663,-14.69919212
-10.16470792,-9.85514866,14.07547557
-12.21971537,18.54089774,-11.36257563
16.19073776,-9.1277345,-13.25959844
-14.09071715,18.49841548,-12.11971409
19.34920531,-14.18338671,-15.84438551
15.47861009,-12.06576508,-8.34701402
-10.55518959,-13.12123486,17.94526924
-9.21057228,18.62814685,-15.98972878
18.58916273,-11.98255399,-15.78827904
18.64474435,-13.4527413,-14.55475147
19.82520058,-16.40326505,-15.20408959
17.45291592,-13.60425381,-13.13617293
-10.3230908,15.84612801,-13.12705175
-14.13501063,-12.99449101,19.56514971
17.75844509,-12.31015117,-11.09026235
-14.22323022,-11.98101564,17.35514883
-15.49582741,-10.73063537,19.91197
-13.83652203,17.98758992,-10.93325203
17.75130227,-11.0483012,-12.87320226
14.87355652,-12.48042366,-12.34535443
-8.99870514,-12.71187442,16.81761817
19.26050374,-13.67962994,-11.20900926
-8.43899768,10.97430941,-7.43895834
-9.77143139,-10.15124923,15.34937789
19.69898236,-11.87853922,-15.63746676
-7.72817609,12.1365918,-9.05926914
-13.54393827,-10.52680123,18.68987747
-8.05064441,11.26903171,-8.11223118
-11.00924347,-10.21275605,15.11867394
-16.65374621,-13.35955986,19.02249335
-13.09522152,-8.77958772,16.53828331
18.13417931,-13.89292464,-13.36806356
-7.84066256,14.83482157,-12.29343476
19.0372903,-9.54699415,-15.09318589
-16.72523737,19.32799121,-10.18112815
19.15827282,-11.09129705,-15.85524419
-14.67174883,19.28910538,-16.68994637
-10.03746357,-13.08210651,17.04604249
-12.62529858,15.90458908,-12.6078403
15.52710668,-12.73380896,-12.46243454
19.14726492,-10.00656366,-14.28199874
19.73597916,-11.97011119,-13.39681494
14.48253634,-11.98164777,-10.30319806
-14.30457784,18.42284269,-14.20917198
18.83568788,-16.33943038,-11.37425286
-16.52633854,19.61059932,-11.92141622
-12.29522303,16.346933,-10.81904568
-7.47377882,17.00613581,-14.02083701
17.61323458,-14.30600978,-9.61546884
-15.90713228,-14.63416285,18.80481377
-13.08599145,-10.37686839,18.17973648
-8.89381814,17.61386122,-13.43744358
17.1325672,-10.15141533,-13.49177252
-11.84809013,18.26556851,-12.64468458
-15.60347741,18.39725763,-13.86367915
-14.10477457,18.39133181,-9.00902061
-9.85613253,15.32267982,-11.05137517
14.56838517,-8.75531349,-11.5580809
-10.31157557,-11.94239266,15.99626622
15.31470448,-12.23392572,-10.76570586
-13.81952256,-12.92207536,17.83178533
18.83052852,-14.77727393,-14.69752699
17.16277451,-13.29686378,-14.93510045
16.24215811,-13.4081852,-12.15617542
18.94942012,-11.08366548,-14.74537613
-16.40715431,-17.72531804,19.97550898
-14.01226361,18.9208337,-10.04467394
12.16016174,-9.82585051,-9.46032953
-8.35760525,-11.06503721,13.86984396
-15.90292383,19.31622887,-14.26622765
-9.61923952,12.97035533,-10.34080817
-15.06469248,19.2450661,-12.21916612
-11.77423498,16.68065321,-10.20203115
-9.5838164,14.46993677,-9.86813419
-12.67530486,-14.2259572,18.95976619
-9.02181076,-15.17796133,18.45201453
19.26278762,-10.78437968,-16.74598592
-10.03124669,-16.4992488,19.64491726
-9.80134982,13.85044522,-10.89442662
-13.04251273,16.57697098,-8.1185924
-10.16719503,-14.07204502,16.8224116
-12.02511535,19.24515692,-16.31972799
-10.97248613,19.08571384,-15.13272482
-15.10242994,-11.3097744,19.90409652
-16.68265134,19.99279473,-11.17694049
19.29466499,-16.13435155,-11.02427575
-7.88613392,11.78223799,-9.23797592
-10.68082422,-10.67962135,13.21695402
19.52541645,-11.67611072,-16.86436344
-12.51643832,-14.68313111,19.34956601
15.48506202,-11.72913933,-11.66502417
-15.66920389,-16.07519798,18.54442915
-15.24574579,-15.85397846,19.08950076
-10.91539054,-12.33929686,17.08910355
19.29956759,-13.75594499,-9.94854827
-8.08983448,-8.26737553,10.78481212
-13.61480075,17.42025575,-10.87393327
19.53972633,-16.28564267,-10.478633
-12.40463971,-14.60001844,19.43348553
-11.03546914,18.80776311,-15.83863999
-12.15337681,17.09821733,-12.9467928
-14.1420412,-14.8248711,19.73792704
18.08951504,-15.0021827,-9.28960775
-8.66741628,14.91144209,-11.81262228
-12.17538024,18.64793124,-13.218902
-8.884251,12.91240327,-10.53629575
-15.83355925,-13.82335675,18.82522352
-13.90760661,17.44191065,-9.79763462
18.0685893,-8.18032994,-14.79419329
15.82000427,-10.69190445,-11.60159826
-14.18589835,-12.00237224,16.96186987
-8.72842582,-13.083828,17.34257573
-10.5300176,15.39815732,-10.65885715
-14.92090846,19.28451522,-10.69474787
-7.80034431,13.10571864,-9.91211778
-13.54794797,-10.96577899,18.85892447
-10.57568158,-13.44886336,19.12082242
-16.4190928,-12.93089341,19.92586642
18.19007678,-10.55281386,-13.75757574
16.44148893,-13.38334983,-7.6920069
17.54254916,-14.63269241,-12.97442083
19.53654184,-8.45455859,-15.84210188
-13.40608769,-10.43618436,17.61959452
-10.19307066,15.1916182,-10.29946324
-12.43652825,15.04647964,-9.26262188
-14.67221302,-12.05034814,17.8442414
19.90067039,-15.03165502,-13.73767137
-12.04748125,-9.95985246,14.97042205
-14.89156931,19.95566977,-14.05509495
-8.3457514,16.21592907,-12.81394993
-13.6876609,-10.15624543,16.72418616
-16.85949645,19.77388717,-13.33136773
-7.27172621,-13.35677622,13.47432903
-12.45741846,16.23135259,-12.43032902
-10.5145535,-14.79484737,17.20196146
-15.65156481,-7.52239771,18.42763607
17.6373179,-12.26440124,-12.71357786
16.31269169,-8.25321807,-13.14578782
-9.8926261,-9.56538973,12.50831726
-18.63307541,-12.59147825,17.40552848
-12.35361457,16.66773162,-11.06392136
-13.19790948,-16.36304971,19.96435022
19.32139555,-14.7867985,-11.97827838
-10.0421655,15.5651476,-13.07959399
-16.34916105,18.61052043,-9.82123163
19.50468932,-15.21547024,-12.84265369
-13.59520165,18.75898609,-15.431446
-9.05062839,14.81661099,-10.41826739
17.53683009,-13.91802176,-12.34108356
16.04340374,-19.5097672,-8.52029125
-8.24457335,12.57960088,-10.13054643
-12.69745564,-16.20243304,19.78125959
-11.18158955,-10.80245223,15.16657431
9.3762525,-7.11724475,-6.70092015
-8.85706778,-15.22331594,18.74047358
-15.76301357,-11.34944392,18.58350123
18.01087818,-11.50231453,-14.89903967
-13.0349899,-16.13472969,18.4665623
13.96354095,-10.79400962,-9.72570059
-8.39524392,15.8678569,-11.98338918
-13.96713035,-11.55729813,18.58774008
-11.5914228,13.92295523,-9.03308888
-9.73116282,13.04784953,-9.04375006
-11.97181013,16.33663898,-9.69769025
-14.2344704,18.71353109,-10.86033967
-14.02196161,18.09325191,-14.36088863
-12.0722963,18.33683691,-15.19413601
18.95549584,-14.74280564,-11.98670308
-9.03452468,-15.21440015,18.89618098
18.18605082,-10.60784716,-15.73305331
-7.74475155,-10.55716248,13.32211029
-8.9466853,18.508431,-16.00044492
-13.64948136,17.36613884,-9.72173647
-10.99136647,-11.67523258,14.91832826
-10.55867736,-12.04381725,16.71258806
18.90474289,-10.68131655,-15.15112738
19.27178171,-11.03546441,-15.55773898
15.30251111,-10.45464718,-11.56725754
12.86341205,-9.90294188,-9.74675825
13.85715939,-9.71482204,-9.48504461
-10.34087409,16.38932591,-12.41385389
19.75095619,-14.50911608,-11.57323917
-7.315263,11.56890265,-8.983176
-8.8062081,14.70875671,-10.78441578
-17.15041752,-11.04655774,19.39795173
-8.84584353,-10.79936564,13.17173955
-7.13641264,-15.81997247,18.15037634
-16.32786384,19.7051737,-13.45136029
-14.45984494,17.10878328,-9.54762507
-9.76000253,-12.27951594,14.9270991
-15.19434355,19.82024935,-17.03329595
-16.8512698,-8.56263793,19.94249435
15.8941679,-8.47806658,-12.04367116
-8.88160269,17.60203639,-13.93394014
-12.14081211,-11.48529886,17.12385759
-11.65913672,17.18973981,-9.99383395
19.76237155,-10.22380002,-16.70993131
-12.04463003,-12.15656837,19.37027952
19.77845513,-11.2701628,-15.54313588
-13.1535458,-15.40007892,18.033574
15.9185214,-11.95315007,-13.50359786
18.0302267,-15.47862723,-7.00110339
-10.67940196,-10.05666351,13.65102963
-13.25928843,16.32704381,-9.90610808
-11.27012033,17.90992952,-12.61367288
-14.66234406,19.85104169,-16.13139386
-10.16837182,-11.66723621,16.42313045
-15.4909432,-11.42128548,18.38200031
