18.41042821,2.43768433,19.61381856,12.81784444,17.31475042,-2.90704675
10.01128702,-4.82178725,10.65867105,-5.95901479,18.6397241,8.36634324
0.82786458,16.99337603,18.48403311,5.05951533,6.62860508,-6.13850436
-4.02157125,-17.12144645,11.98732912,-15.89029247,15.23302868,-2.25717557
-7.02611733,10.02358108,17.51109505,-7.70239972,9.93246363,-6.4500764
-1.22203955,-4.25797191,14.24668111,1.19819756,-15.82225695,-11.99265771
-3.6464417,11.48776385,-15.00607028,-15.60669009,0.0599381,15.69761234
18.33671515,2.40830062,-0.36357647,-9.52004288,3.65376686,2.40695582
7.26797523,16.41315995,2.64497291,-3.53454475,8.57850264,6.50488071
2.15404638,-15.44257213,19.34935087,4.99992338,19.48570294,-6.77451926
9.90710392,17.99090163,-15.92388157,-4.96497465,-15.30955325,11.46376051
-10.31338091,16.50041063,8.83029813,-9.57215211,-12.46213758,-0.29214654
11.4865937,8.06865261,-6.79155657,-5.43766684,-10.35855597,13.84781178
19.60034302,-3.38722204,17.01307784,-6.5566453,-4.30907032,13.14682328
-2.74393241,16.38287267,0.58266874,10.01687988,-13.79435695,-10.28695477
4.09610689,8.39854109,1.76380487,-1.37111512,1.87985167,-1.56319284
4.33235102,19.03492814,-18.40940757,9.9071085,-4.62479931,-3.65082502
15.18973115,10.08347182,-17.44842186,-2.42980137,-7.20042936,10.43678839
14.85677527,10.20201233,-16.61150529,-18.03744871,-1.98296443,2.0700643
2.08279481,10.94837525,12.93429198,15.37797257,-9.64909821,-2.09783037
19.27960223,-11.38901128,16.69187169,-18.03644626,10.88362702,7.11048459
12.08876331,-4.10300971,12.08806876,14.86139286,5.32351897,-11.0184352
17.32869116,17.86029955,12.64489678,-4.58764489,5.19318455,13.20529835
12.40505971,-18.00761495,15.24197087,10.99216854,16.83647202,-14.51891049
-6.79573612,2.68955718,17.54836619,10.5001134,13.61693485,-5.94969674
19.82267802,-12.53001281,5.2623353,-13.55383111,19.94353378,-0.82845868
-13.56199837,10.70374995,-1.23237464,-12.88185233,6.86827007,0.43687657
-4.65929551,16.61706515,-8.54794682,-13.14428937,-1.91885696,8.13065804
-15.18711255,17.59798586,15.91216848,-10.95562317,6.18698714,-4.14816048
7.69899025,-19.54998941,4.81624119,-5.38772325,-8.90746791,13.50573414
16.172624,-13.91441254,12.25403097,-1.42934093,-0.89576095,14.13075829
1.54782891,-3.7640014,-19.28133891,-1.73621078,-10.19328997,3.1418271
11.57818079,17.56651661,-7.98636223,-2.89600861,-3.40605897,6.46049013
-4.14029819,19.74636327,-14.23655119,-4.83285893,-10.38376074,2.37124034
19.70478613,-10.82383816,-1.97372246,-17.31835172,13.36205039,4.50163771
6.72854385,-1.69124438,12.13731255,17.02212566,6.28526928,-4.10601324
18.0603264,7.73931613,-11.07847933,-15.12868297,-2.29538795,15.69536015
3.57214298,15.88674907,15.83037993,0.8021797,8.03349161,-13.66156836
9.06148963,8.10433721,15.27715271,-6.1649275,-12.08791533,10.28783811
14.65131628,5.61706751,18.38831798,5.64207263,12.36045256,-4.47239854
-10.52033773,18.25260593,-19.13008181,14.77125227,-17.80021622,-6.83677075
-15.84672634,19.34745944,15.38920523,11.48965571,-16.39263141,-6.28872383
-7.51370618,-8.39447644,18.12226959,4.69448059,-9.56523268,-14.83265193
-9.67010034,-7.64070648,15.60339527,11.6534911,14.42608871,-6.3244374
-2.15759409,12.34146378,-3.18218674,-8.08378059,-7.94305171,3.14489711
-4.44611854,17.69919963,-8.44311259,-19.08017616,18.695922,4.59443524
-9.76705374,-9.14565984,10.35567918,17.87246807,13.23003674,-10.01514435
16.78959706,-0.14824302,-16.25642272,-12.15162768,15.69414689,10.15756934
-14.2711506,-13.49678164,10.03947171,13.29783076,-18.8647817,-3.23138579
6.93664217,2.86174588,11.88608168,-3.47962599,-12.47510043,19.76001483
-9.49572126,15.60353477,-4.75988008,18.63632682,-5.7006227,19.87108552
-3.91223521,10.3075741,-6.12426197,6.87558365,-7.70812036,-11.22223559
-16.76343175,18.2506049,-10.77929687,17.60393399,-6.95796386,0.18370027
-14.57557361,16.02623686,18.88109516,19.47993006,-7.08722426,13.22538193
18.11804433,-3.26223256,-11.68671316,-11.45572623,16.31054692,-19.65626466
18.48438236,-3.31875996,-11.31043801,-16.92722958,-3.14391431,1.8982666
-13.48965903,14.21517903,15.4832145,2.24174292,-11.77783356,-2.48513342
-17.04179728,-13.74229726,7.71695604,18.47507088,15.2398429,0.08105519
10.36597455,9.52212129,-1.49112145,-8.08692751,11.68423574,-10.97683812
18.05661018,-12.21744255,9.30209403,14.08658744,5.24018964,-6.79577168
19.90064968,19.66803833,-15.30766872,17.86598213,-3.59040409,12.21723909
-2.40040772,-1.35488729,17.48531465,3.47869436,17.49739391,-12.88723227
-19.28391265,19.58514826,14.72384621,3.71451661,-5.22625625,-3.75626429
-10.83808539,-5.57320965,9.10611992,-15.49328781,4.310826,12.62997847
14.24265384,11.08823429,19.85782923,-11.92173324,14.25902105,-12.84771618
1.90002908,-18.00688045,0.36080061,-4.86418435,10.33396489,-2.09358873
9.40673638,11.88304131,2.79806487,-17.57662599,-5.57451452,8.40503862
-15.56883359,11.62012207,19.57879538,6.04506375,19.13822345,-8.03597991
16.59846736,-12.90272673,18.4540617,8.57932541,-7.22977792,-12.14822646
3.76181618,-9.9778522,5.54164195,-3.84498727,7.4040336,-2.08492818
5.1430365,6.60648955,-9.69034252,3.62803856,-1.29301428,-18.57587599
-7.11804694,19.97801076,-5.27697367,12.22948841,-8.2236276,-18.09750226
-2.14182043,-2.71807809,10.68933134,0.93810951,-10.30301729,-11.04315788
15.43946622,7.41326073,5.36317325,4.17431888,-7.70945439,15.40917913
19.40419574,19.54502723,17.72870186,-18.17242448,6.22178045,-16.56016122
-14.2400445,19.04273975,15.4655783,19.58005705,-15.18166321,-0.51542321
-3.18358554,-13.63286138,0.5857626,-15.01384289,11.06112256,7.68740729
8.2700274,-12.13891594,-5.94853305,-5.29504159,3.07035335,6.17058922
17.55611505,-18.10133156,0.76839951,-14.48132517,0.65410295,-16.40300402
8.48918657,14.73534157,-7.56415437,-18.61461282,-6.47499259,5.6614833
11.34833384,-16.89230655,9.21466205,-2.11935625,13.12548305,19.47555689
5.62197113,4.63034916,11.71029905,5.64177621,-18.24246738,-2.04676945
7.53250823,-13.12774771,19.50507732,13.47739581,12.81212189,-12.27878529
14.72385882,-18.20576616,-18.91172655,-4.60909925,13.2735884,-11.15008254
-18.59126971,-7.66675898,11.40205336,-18.45712039,2.64989691,10.96711583
-4.69554866,9.32542838,15.79074464,12.79316744,5.61794526,-13.622576
5.05100297,19.65687695,-16.97922976,-4.65056791,14.96857276,-0.51034569
12.60835536,0.91708356,7.59169912,-6.25462518,10.41481185,8.22343984
5.9650578,-1.56544441,8.77978519,6.60139886,-7.95707699,-3.72955218
-12.33852642,-11.23011175,17.25879489,-17.83245508,2.99290193,-4.39099646
-11.08282069,-3.91282267,8.53125672,11.48159088,4.9424274,-8.74736436
16.82234127,16.51252153,-10.92647347,-13.63051349,10.5733172,8.71175305
13.04595854,-11.99242462,9.13837567,-1.25415143,1.52643057,-9.25276393
-16.24720129,18.08600275,1.08723196,10.62198581,-3.90297265,3.16456148
19.21550126,18.42055997,-16.46650236,-16.13828493,1.09107479,6.56147903
-13.22455395,-5.41011425,17.56663548,5.84686358,-16.34999642,-11.68331589
0.58643068,18.16815766,-11.9533132,-5.40447229,-6.91426612,11.7211471
-5.16860562,-13.47980754,8.32359796,-19.33712173,0.19833701,-5.73360356
11.2675894,-19.13505186,-19.10587637,-10.64156614,10.89910285,-1.88060854
-13.94158484,10.06905214,6.23948381,6.39563904,-14.28330401,-1.36810027
17.60427137,9.07057703,17.00000734,15.10048892,8.96671694,-11.80023489
-0.83670676,11.06373312,16.62950695,8.44968878,8.77299432,-1.85246222
-5.20523462,-10.20811932,12.89969848,-18.77152365,0.47930162,0.10202472
-16.23786355,2.90967147,-17.26937331,-13.90316392,-2.34708697,11.69066508
14.09122713,-17.34652914,1.82471249,-9.33591576,12.02265806,-11.70355404
17.80744164,-10.60972738,15.72671759,-11.51578531,13.47402641,-10.73680366
10.99377545,-0.43144013,-4.19284568,-1.74310184,-19.48653011,17.6442094
6.74201445,3.5443931,8.83420949,-1.59653554,-6.13535162,12.66513805
9.04904204,-18.79080518,14.85335489,-13.10382215,12.66495369,-3.84828317
5.12726144,19.71610731,11.82144532,6.26541486,-7.48315159,-1.59152188
-1.42584671,10.02108552,0.07607563,17.25945084,-7.55375793,-11.15377009
-8.3625136,-14.54779535,4.55571804,1.49582243,11.88701704,-1.945567
13.37747962,-10.00951858,-18.25767345,-15.64805097,17.56570351,5.28879286
4.50573365,-9.89446387,11.83758855,-16.50989359,2.58429899,-1.61891082
16.37961961,-18.08161498,-14.89493028,2.72247799,11.28144916,-3.67355184
6.20299965,-1.31290477,15.90495665,3.79724802,12.67331602,-12.20671146
13.03147144,-16.69927578,5.9210447,-5.15094703,-4.88250038,5.67427133
5.52117196,-6.28544464,-16.27421202,-4.72529189,2.58595209,-2.01783632
-12.78990664,-2.10100198,3.33517521,8.74493928,-12.19933926,-3.82074219
-15.11233779,18.90111488,-3.40819808,9.8471536,-2.90144472,-7.65762836
-8.8201556,4.53690841,-16.93489449,-2.29807676,1.62608478,6.27340872
10.40737842,-16.57130118,-9.19923705,-4.22042874,-17.78031074,8.40012322
15.90714387,-19.01447809,-17.25619462,-13.56352901,1.19220153,-12.2579935
-10.01000637,3.03383883,12.24541933,-3.36933721,9.5367487,-8.43938186
-3.50703356,-7.87797612,15.54303673,-8.6868007,7.34669171,15.64923101
-14.57153645,7.71967283,11.83480013,15.23156253,8.07891951,-10.57769303
-18.0855248,9.20673816,7.35474631,2.54422766,-2.81805179,-0.97911174
-4.19782366,17.70238376,4.05780898,-2.29619692,-1.72206701,16.08901087
17.72602489,6.14212798,14.93064005,-15.13602402,14.07556802,1.60573771
-9.04628297,0.31474447,7.95043123,1.82296292,9.79396217,-5.60012955
-17.01165047,-11.75674918,16.4515039,-9.00007138,9.93511566,-5.52602833
18.051469,-7.29677444,8.84533419,-16.02677178,-1.59082307,-2.73554685
1.81880604,-13.1253874,14.11727238,-12.79106357,3.548002,-15.16900397
-8.06732405,-17.91958266,0.70019226,-12.26520068,14.18923436,-1.06313905
19.52797186,16.53832284,7.29758163,-3.91973376,7.91879016,-3.3296292
-7.64084153,7.84639568,-1.51523492,13.58223909,-6.22162138,7.00825363
16.48806549,-7.66988684,-1.83663618,-6.34616339,15.36079986,-9.79229278
5.9966905,9.59909113,12.67042083,-1.07794309,11.40246344,-11.33531899
13.89841852,13.29102566,-7.26897992,9.30646526,-11.62238637,19.5653437
-17.07275594,-14.73939134,12.69868759,9.13878951,6.30503468,-12.63553935
6.0163577,18.31454873,-8.133907,12.41041256,-9.96717546,-11.75126384
15.49596942,-7.81129798,-17.50179896,-2.46237584,-13.60047335,6.15943602
-2.91125207,-10.58103907,11.24375557,-18.80946052,7.91482155,-9.86802977
10.56645962,-0.88480509,15.04989789,-0.18201004,6.77460345,-13.47188935
6.00051822,-15.79272388,19.12120073,-13.78641574,15.16572874,-7.77363447
14.98974915,10.88857013,-17.46725007,6.34438634,-3.40092368,-18.03342258
1.90592647,16.00873092,3.72565514,11.8971608,-8.10310096,-18.5263924
16.9157515,11.94329692,-1.89998391,-14.46159092,-3.2059952,11.69304685
9.60973465,11.31937779,18.70994245,4.28066218,12.37311492,-7.07041007
7.13485629,-19.62045106,-10.93086915,-2.7371998,-11.95806885,2.4768977
12.26189129,4.63448836,18.23607647,12.60346476,-16.58252037,-16.15336038
10.63591053,-0.35086264,19.94615723,-19.07538464,7.23735915,-17.19987617
4.18875889,-8.51829942,-17.73480208,-5.54280959,-16.13326271,13.21327093
13.40469107,8.86381668,7.13754958,-0.8527525,-5.99402621,16.30760895
-5.50336114,17.92865087,2.79343947,-11.45338282,-8.28841892,3.87345577
4.62187973,-13.580329,-4.20204646,-5.31715546,-0.10609635,-7.31493756
-1.32732926,-14.61808078,15.00884924,-9.50909172,15.36536404,-12.65197818
-10.7237581,-3.68730314,19.38180001,14.27575589,-7.17031909,-16.75768472
18.87057386,16.53828088,-9.72320207,-3.71997847,13.36382285,-13.2396234
2.33653159,15.33582244,5.00747914,18.92020272,-7.51868471,-10.31693405
1.87218922,-11.67421762,10.09282343,-19.5474366,9.97007173,-5.22126738
2.328867,12.55906662,0.39973863,8.44498293,-7.54644175,7.01230771
-15.64949372,10.43885396,-15.61684684,13.32174505,2.51320469,-13.55084272
-7.21903058,18.35813339,-0.53697396,-0.75752381,-12.71354843,-13.88651847
-19.84211847,-1.71123523,10.61877579,8.73727208,-16.25789847,15.30016351
-6.18018296,-4.71402511,15.47211504,9.69143276,18.74125602,-0.78631627
14.17867211,3.30215922,-14.51522951,18.85045205,-1.6243983,-11.74709952
8.63462469,7.95831718,7.07696387,-14.17216706,16.42403274,-1.18483382
19.21073884,-0.60989053,8.62337197,-15.78207708,4.90020355,-16.34430526
-1.88747132,9.40678434,-8.25414929,9.99336959,-5.9360856,-5.38536903
8.7790709,7.61915401,14.3801671,4.67130354,-6.24893402,0.08878321
-12.33575139,-6.9098015,2.05286079,5.91610626,-7.16216457,-1.03346911
-15.02821508,16.25413697,-14.83544639,-3.616897,-8.65054771,2.89616137
11.56371233,18.24649656,-15.17630291,-3.55335959,-9.93939469,13.7732114
-7.06557792,-7.49201556,17.58772613,19.08306812,17.26512675,-7.6726055
17.30561196,-10.78316336,12.46355704,-12.32610527,13.72287807,4.93515616
-18.51772132,6.24490771,6.0440341,18.1086472,-4.31457624,-0.17912966
18.59196635,-0.05593255,-6.80629628,-12.56610459,-9.45433807,8.58533666
8.4378107,17.06929515,10.37334851,-4.40779304,7.40946755,8.63209772
-9.55278282,11.98105861,17.65766899,-6.44221763,-5.13803444,9.83152471
-16.14574775,-13.42558958,16.55954097,5.92778993,-11.75964991,17.40894347
-5.27629643,-2.51938039,15.75369132,17.83298042,-3.97281804,-13.5447588
16.45675753,-13.6750923,6.96462441,-4.96940585,-2.85605164,1.79214923
-9.19153291,-11.03063266,4.74068604,9.2410118,18.24819615,-1.17338446
6.88570455,-15.70359943,10.35896608,-3.25106607,-5.29612846,2.29629795
-16.39612624,-10.39693606,18.25170219,-16.14809687,9.77304784,-4.76422257
-19.18959598,16.37564407,-14.88756816,16.84595754,1.77930772,-4.36021453
-11.15443974,10.65295701,18.09132096,-4.88242024,-5.59891069,1.51695153
-16.81878574,18.88801766,-1.1028145,3.2596345,-18.8051279,-2.55060572
-14.33270302,-16.61374459,17.70720046,6.99250196,-1.20743282,-12.92704732
-13.88844463,5.07027555,-14.50538698,-2.29748728,-1.44074004,8.19845911
-11.37563697,8.57495973,8.04983841,15.68135361,-0.26424533,19.24350203
-13.72883374,-1.94667569,10.87605598,18.09945936,-8.77982857,-3.42613005
-17.31396791,0.59083068,-13.7883713,16.16083642,-0.97029378,-17.70914795
-7.48406751,14.09234941,17.70822496,-16.49314164,14.82433194,-6.68543104
16.97020999,14.22273482,16.92190554,-1.76201456,-1.74140627,17.31630398
3.95547842,3.19466666,-15.74997197,1.28447485,-7.05169682,13.63842036
17.51628062,-13.51408821,8.99835426,-2.42317999,17.22959973,-13.44231273
1.57485521,16.0712322,3.26813465,1.65360509,-3.52014145,12.79441543
16.59506145,-7.68541043,3.95423356,-10.17207718,1.81622578,17.09893681
13.57369346,-6.10223333,10.69370922,-12.64093522,-17.7507094,9.19950442
16.42626601,16.85235045,18.94126511,-10.40532099,19.93597828,-16.49026791
12.20327679,-13.85272791,13.53159627,7.41774871,-7.66812367,-1.30609645
-17.85874343,19.1684476,-14.20857651,11.74860974,-12.66079883,-11.2491867
12.39479922,0.49376973,18.73064354,-8.49367022,9.08000068,-4.79895134
15.80019881,-10.8300457,2.182416,-11.57138064,-17.08786329,2.83460774
8.00080158,-15.85134261,-4.46690279,-7.90574194,4.23562082,-19.69770718
-17.79838083,17.00319856,-14.3049584,7.69221433,-16.973863,4.25515628
2.81446488,0.06761323,12.39715421,14.115388,9.449972,-5.09880689
-10.61326681,14.32948301,-1.33264211,14.75541032,-13.09209704,3.10642861
12.11857296,16.31493376,16.99883421,-3.84686941,-19.87667775,4.12987218
-5.59732922,10.90618442,-17.16814335,0.75302444,-3.50198877,18.12624316
9.75886334,-11.5857335,12.22723368,12.60022569,-2.13703413,-3.57632926
-19.35051419,1.66410238,-0.63467845,5.43119427,0.70586828,-3.2768292
12.97171725,-4.58512287,19.42408169,0.83557131,11.71664972,-4.08172429
0.25344923,14.76793635,-14.79798971,16.75292747,-10.4329222,5.93654387
13.42540167,-12.76456697,-5.8114381,-12.54856332,3.45285797,-11.00922934
-12.81902899,10.871471,9.91338413,17.04942094,-1.23478128,-13.03826117
-14.25490497,-3.01211188,8.72781801,14.68413539,9.1509348,-6.72754859
-19.23619501,2.34038753,5.47710368,5.47723478,-8.16988763,-0.41436808
8.24799635,-10.48422635,-12.64629181,-3.86197368,4.88600065,-7.91426119
4.79265348,-17.57545839,-11.06962578,-5.24011504,8.2608101,-14.24110024
0.68742798,18.57720348,18.95237733,-11.6605833,-14.41099587,15.6313514
11.18721069,-10.55640451,-12.65676857,-7.79057268,0.77461344,9.08525959
6.04542736,10.48861595,8.23427536,-5.68870666,-5.92204105,1.33680309
6.41621197,-5.69364711,9.907329,17.58383415,4.99582108,-6.06932924
-3.39096077,17.57477054,8.68722004,-15.11126665,11.89278627,-4.53580774
14.31881223,-3.50845502,-9.72459883,-10.17518897,5.4579682,4.58831044
12.33724917,18.95595642,-4.1801774,-11.15465579,-17.02266269,19.46769043
5.51351521,9.43598649,0.06331625,-14.64792201,-3.66226609,16.27347995
-10.84098722,14.14369742,-16.95354427,-8.94148679,-6.899484,14.34836519
-0.76355919,14.42947045,3.61390218,6.44012552,-15.7530058,-3.90571242
-19.40207748,-15.64295832,13.4169568,6.52286576,-16.39306932,-6.75028315
4.85147601,8.50049299,16.00949827,15.66278423,-2.32847587,-5.20278151
8.76733279,6.41903757,-16.92294649,-3.43036837,-8.81723078,15.81021543
15.32448564,-5.69704793,-5.84711182,-1.35537666,2.74591378,-10.99030798
15.42123173,-16.33194557,3.78096276,-11.96906499,1.13343462,-5.16087397
14.85293656,-13.9271696,18.24420162,-11.22879418,2.70140747,-3.11534478
18.99054554,11.20423167,19.71196067,19.50709487,-13.56501566,-0.25923614
13.12547805,-13.58825577,16.80584066,-2.50006513,1.70576213,-8.89212892
4.29625776,0.53049052,-14.17810823,-4.65750755,-11.66232342,6.84136349
14.27880058,16.02782702,-6.12313791,0.71504331,-15.26371919,5.29837063
-11.82367225,17.23767276,-14.48313334,5.95916973,-11.27396193,-3.30304699
15.12680706,19.95292919,10.26256399,16.10325068,-2.96752018,-6.63216053
16.21027026,4.15474002,8.50701153,-6.48929109,14.18793538,19.58513902
18.14782556,-7.84761136,6.38771789,-14.29333138,14.58854576,5.39248319
-16.17380054,-18.90641083,10.80593411,-11.94528896,18.72235475,1.2879699
7.42022117,14.12766921,15.67247024,7.27141654,-8.78972814,-1.32750687
-2.26258249,-0.04747829,18.01887283,9.361766,0.57187688,-3.71190244
16.95391785,16.48025821,13.09418768,-13.9312909,-11.92378621,13.7315501
14.43870808,15.94831653,4.74118572,9.99590034,-12.40897278,14.35134965
-3.64880212,2.93045997,16.16918848,13.22317471,-14.92449507,-10.6826888
-8.61155063,11.41155345,-0.89300258,10.23213353,-2.47515609,8.4107875
11.98551804,12.55106371,13.28075868,-1.40155278,6.00664033,-15.53965002
6.05914627,-12.81304528,-2.10583599,-3.94432534,13.30593973,10.9362462
15.32796949,11.05487946,-7.00018041,-12.01790108,18.97175187,13.9533125
-4.83518147,-11.58301372,17.02717363,-0.53110557,5.71204557,-17.06166857
-6.43726395,16.31526766,-3.63950885,1.86455457,-4.56126632,19.78291777
-6.64421641,19.37215015,-2.71056949,11.28899162,-15.83378917,19.64027098
-13.82971144,18.44215768,17.45678159,-10.38353411,9.73030738,-16.77395905
-9.9737316,2.66801917,-17.74309862,7.27651412,4.28560099,-17.34633251
17.72114295,14.54540498,-13.21052503,-3.56488488,-9.30543278,8.98470082
14.96527578,9.2314583,6.28653499,-3.64328001,10.56477377,9.89392316
-15.83754236,12.84307945,8.93396781,13.01138277,-7.15829694,-13.69951995
6.75097538,2.01999406,-3.95269821,-11.066061,-0.67097395,5.11570737
16.39740213,19.30249847,0.98006701,7.92423001,-9.23300783,-13.41949663
17.75062851,-6.4141734,-8.26268162,-14.13098421,-3.40906131,-0.40535259
14.00288599,-10.82586208,17.98031292,19.43454973,13.19231242,-15.27825721
-13.23280094,15.2882553,-16.46968368,5.94246749,-13.93748491,-6.01858348
-9.8450221,19.34805508,-12.38582878,-4.32994923,-0.71851203,3.44328558
9.66683806,-11.69171625,-8.0030295,-19.23012515,15.00704392,3.28613634
19.00773394,11.92647692,-14.04704228,-8.65286389,-17.54529508,9.43345592
14.70183796,14.04783452,12.73797603,-2.89518842,17.75359457,-3.92135157
7.53538387,1.20995432,6.7875315,-3.32237524,-0.57609157,12.009594
-16.88316036,-10.03997343,15.76915511,5.55500318,-14.23591616,11.1034125
9.29050827,6.12453346,12.42862924,-5.23445429,8.9166878,7.24097009
9.91926497,-9.86898213,14.5364239,-8.39517778,-6.33745974,13.89132963
9.00174246,15.0052213,-0.68425986,16.78954662,-8.03698725,13.1396397
17.09244265,12.43366483,2.30305399,-9.53481605,-12.22087176,19.90814441
16.84798583,7.46734026,15.2139058,15.3991332,-19.82426166,-5.64070821
-13.36453806,-0.81579958,14.89764496,1.14076004,7.93671251,-4.36932883
-11.45072825,18.60874823,-16.22505207,-13.4728933,-12.01551386,7.38030924
8.97187685,-17.83396344,17.16148548,-9.64741616,13.70634512,-10.6724759
14.16739364,8.65974035,12.8676955,15.1671206,18.32968368,-6.2225543
1.04290812,-1.6967965,6.31561257,19.35903534,-5.62527151,-2.53166534
12.73066203,-9.37164187,14.67896289,12.62156532,6.76904996,-12.62203805
-1.64324575,7.82036839,-19.63835795,-14.78628285,8.23049564,19.06513535
-3.60435758,13.94818664,0.73501891,16.50872578,-7.20141217,-16.5204179
4.33388646,-3.4134655,7.11108371,-3.0917377,2.01582814,-17.44042832
11.0929571,-15.24143811,-12.43467362,-1.66028051,2.43063561,-5.12799913
19.12245408,19.26054068,-8.05729078,-3.55590471,12.71629068,12.05399674
4.30904569,-7.30239739,11.53337557,-9.6188225,3.31826669,-6.15165372
-9.18921744,9.94570126,9.81006412,1.37045745,-0.12212162,-18.92939988
19.55885231,2.20297157,8.83941437,-9.45328765,-5.3163835,19.7307524
12.83604547,3.68002085,7.92595453,-7.74448764,12.96264333,-6.19757845
-8.37986809,-16.58776749,11.76729554,-2.66391098,15.38643118,5.76021139
16.2801935,-18.91375282,11.77045523,-5.92937944,16.01192881,-4.53343059
7.62204435,12.80432742,-5.96908473,-9.53317993,-6.12257213,13.39179074
5.40302177,-3.01338165,12.14878028,7.99293892,-10.75909331,-6.41751183
11.40466912,3.97896802,16.37426628,-10.79244626,19.50884627,-12.81638181
-5.50018765,11.1135909,-10.12191677,-10.19601605,-4.00990316,1.97912423
-0.87109485,19.14103391,-3.7162826,2.78169562,-3.07268365,2.74255096
19.4202927,7.76877933,16.11290025,-0.74753389,-3.74561715,-18.76878341
8.12558246,12.71863373,3.60346553,1.31600073,-11.81693073,-0.92686133
-15.20057801,-19.93399435,18.60399548,5.52602841,15.02596822,-2.1765671
9.41298203,-5.8607462,19.41411447,17.55556036,-19.20968339,-5.98059836
18.56180515,-5.80120158,-12.094953,-10.27605806,-11.95667603,14.26099137
6.15503763,-16.93788426,15.67456746,-6.74890037,7.48174324,-2.00110041
-11.05549871,14.77397225,-18.39569911,4.43088642,-10.97773213,-2.82307563
9.73481167,-2.7395583,12.02484763,16.91260456,3.7773172,-12.31595083
-14.20513502,1.99662905,18.21894769,-4.1392139,19.21302227,-11.33272014
5.1026607,-13.41178805,15.06896797,-19.8797047,14.44375532,-3.74133807
0.53331869,16.29072593,16.18188479,-0.67473246,-3.68062495,-12.99595802
8.8778795,-17.72379353,6.68779386,-7.59234171,-14.7414175,4.42039463
5.91330453,-9.43373593,-6.82859197,-4.79052589,-15.24265957,0.12917705
1.49389494,12.49977497,18.19498749,6.77403102,-3.01761731,0.70248401
-4.47873808,19.37366065,-3.37656822,0.15330969,-1.27920874,-3.94778826
-19.17766122,9.50914003,9.60017391,3.72518071,9.6670275,-14.49421479
5.50859536,17.65474238,-5.05395006,-2.76305448,9.26292604,16.61379575
12.68657026,-9.81281674,2.48202685,-13.31337003,6.47385914,-9.62178477
19.2386191,19.42508825,14.12734348,-19.54778016,-14.49382499,4.72157208
7.36194706,-12.68153377,11.08624657,-15.2687234,8.74305674,-0.98768848
14.07084491,-3.00991053,13.00918309,-7.23765244,16.05804028,-17.77176758
1.51465072,-10.04882426,8.40184833,-13.67315556,10.1034162,-4.39960924
-11.20541544,6.27423227,17.03015774,17.8330218,7.9577928,-12.87789005
-8.32195005,14.44384559,-8.73398815,-7.99950293,-12.17179498,6.74282942
-19.93651783,1.70486996,17.14061533,15.41102215,8.63556843,-5.58095255
18.91616317,0.19540631,-16.89144575,-13.32745219,19.80705288,-12.17356843
15.31837685,18.80487945,16.51315971,19.72921494,-12.82543425,-10.92515023
-7.97691069,-9.59271452,7.13346817,2.71153579,-9.44879564,7.14560428
3.01667046,4.25316622,10.38651694,-10.25903631,15.484079,-6.43217995
15.31202773,-6.4598819,-10.51408282,-0.88371393,16.07325052,-15.15076277
-9.98635187,-4.95701508,14.53132607,13.85152064,5.26610887,-3.1478897
1.20285751,-17.16932579,10.73225341,7.02803521,15.28036767,-8.48437067
12.9921907,12.85478322,11.21518673,-13.56821932,11.75156798,0.63221532
13.42456626,16.02762936,11.22575939,-8.91441147,10.14520409,-8.39585975
8.23581434,-12.85730578,12.88084147,-12.78729885,9.06714898,-1.09998948
-9.40407554,14.60734457,8.59753042,-18.58515597,-12.04465734,7.68567786
19.78166072,15.69571827,-7.36777009,6.33133403,-2.67309192,11.41120865
-15.11346185,-7.31602365,17.41883446,-16.04695629,3.67160169,-1.54537246
17.06531828,-0.84300396,-1.86237993,-1.84306211,11.14106915,-17.43611979
18.9289418,8.68664869,-19.84435172,-0.92364568,0.90117223,10.12437185
-16.04922608,-14.4809456,14.33373712,7.2536063,-18.12997876,-5.52309564
-16.01806464,19.90795171,14.87431019,-10.11282088,-0.02822402,12.95951513
-13.70220058,-7.39246491,15.40989347,-2.0281806,17.0707496,-5.52833761
-3.04796036,13.29730913,-17.67644937,-0.48390151,-6.9689457,13.56308979
-11.50829755,-14.07320867,19.62376337,-17.49235655,5.32887857,-5.66038148
9.21164378,13.72109214,-3.95563577,9.04659427,-5.69253022,16.74558396
14.26814191,-12.27054195,-3.13373572,-2.05502667,3.08615866,-4.63797882
16.98732942,-1.9325382,14.53129046,-5.06016611,-17.46063016,16.17527037
-14.46552585,18.60999945,-14.63764207,-8.94460199,-3.68955535,14.66279369
5.08153706,12.44604175,13.69633206,13.38719539,5.54316696,-13.3261233
-4.36475346,13.16130651,4.83470925,16.49754358,-8.37986584,-7.64307787
4.26904706,-11.63342825,5.98094461,-3.1243095,6.49124105,-11.86553626
18.61733843,-18.6177408,3.47472741,-5.40986618,13.95357114,-5.31693238
14.45157369,17.15968815,-8.2327022,12.82048092,-8.32915999,-8.23024266
18.38407113,6.57606203,19.16712033,13.45687898,-4.22300153,-16.54886131
-11.03821024,-18.88258986,18.66942215,-0.40263263,-13.31971183,-18.70136947
-16.94864126,-10.60833493,13.65532983,5.64902223,-8.17225687,-2.00846522
10.06525625,5.3814724,0.67000354,-2.71476155,14.50977395,5.77397702
15.50956192,-13.3100217,14.9732274,-4.95550937,-15.56522253,10.89814295
-17.41114213,1.24325179,8.41256518,5.31581494,-9.23642193,-9.4537297
-0.70062039,19.61895607,-18.24511994,-18.23912316,-3.49440346,4.9408067
17.05813602,-18.95439928,-5.24673818,-2.43014191,7.25228749,13.5180429
18.70863342,-18.58937262,10.94156409,-7.8669478,-4.19298098,7.6480809
4.49382282,-13.5897091,15.48334157,-1.58738671,-7.5954033,2.14286935
11.21598633,18.89334292,11.19966072,-9.19896391,-3.74554416,9.37189528
15.70156998,16.20109259,9.72504718,-5.628461,-0.37534902,5.374466
-19.78294934,7.66606223,19.3296199,5.37144082,-6.45308192,-0.88883507
0.39912618,-16.53838577,18.34102887,-13.87421209,17.29749172,-10.3527382
-6.38947469,-3.12106184,5.72942905,5.05768297,-1.86115489,-3.11110507
14.28397033,7.92014317,-18.01992037,-1.80823354,-4.22747261,16.62203111
17.58284685,-18.20330471,-19.08253812,-7.83758949,17.0351002,-9.8712159
11.55078509,-11.1515864,-18.72280433,-12.75418959,-15.78213918,13.59010627
-18.30700701,10.87117505,-13.17683456,15.78238969,-3.26529149,-16.4428563
19.32955215,-16.51841938,-17.90144114,-12.87053138,14.89521992,10.79891462
18.68525004,5.02395124,10.51292921,19.36841062,-2.11326221,-7.4371939
8.4451947,-17.13427459,6.63786804,-7.53044368,9.10460859,-17.42782195
-8.14628757,-12.29185695,18.01578573,-6.6206652,3.17239386,-15.36929415
4.12351176,6.82952221,10.87017025,-5.23755171,15.22936517,-2.05888861
14.65164461,3.23561784,12.52496243,9.33728243,-19.99756741,-11.32024637
-19.79248683,-4.14985554,17.98251333,2.91526545,-14.2362491,-5.15305243
17.51023033,16.51249618,7.08088393,-16.56335702,-1.06744753,6.59173028
19.69462229,19.36779232,11.77240039,-12.78979744,19.84843178,-17.83131092
18.08500091,-15.61132586,4.23517099,-13.22347932,12.13380487,3.76721224
-12.67246039,9.01364557,-19.95478613,-8.12205118,-9.77698158,13.164722
19.10937638,-15.51264015,-9.80291727,-3.63065855,18.14766381,-3.39568294
7.30776794,-10.69213282,18.86401324,-10.07125375,2.80130436,-12.88432653
-19.78673863,3.23038441,19.11091006,15.86923567,-2.36532444,-15.36686713
17.77590564,-0.71813068,9.92575076,-2.6856393,-0.7269976,-19.55042583
17.32544182,19.26224209,5.49949368,9.64768024,-6.42946505,-6.1804457
18.28001231,16.61452022,12.11580552,13.58648873,0.11740416,-7.86244409
9.59164056,6.08895091,3.51817651,-4.44395502,14.73137521,0.1477038
12.69955089,1.46331812,-9.25439613,-1.64277814,6.08140006,7.38111164
6.20236661,1.97157319,13.04442634,-3.9339228,4.42789063,-14.48159829
9.48174872,-18.52139882,-17.91182928,18.86675074,14.59422578,-6.8618739
-2.20718709,6.52183738,7.28989917,-0.64006237,-11.47131767,-8.41172857
-13.28616298,-10.89689437,7.46913669,10.29667181,-15.99578135,0.76924679
2.12472549,10.63610379,-6.11818256,-1.52190043,7.77369568,7.13404804
8.95019966,-3.60408431,-16.16830733,-4.75103726,7.33169153,-4.48260144
18.22707735,-4.11390061,12.51535699,-7.3952255,17.04291586,18.92342995
14.2866243,10.56165722,-19.51546289,5.23519928,-7.06627279,4.81210754
8.30993712,-10.46341689,18.22143451,-1.95320052,-11.56799915,12.92241935
9.30764965,15.19151257,15.62178291,16.16877925,-4.1760791,-9.1605486
14.31411761,1.33463807,-15.3907414,-14.99341438,19.07371406,15.5945995
18.75690654,6.34804454,19.60553458,2.46827619,1.41308499,-0.1425757
16.83057016,-10.76382005,16.13721669,10.39173075,13.11926518,-8.25739229
-13.19208883,-1.44565811,2.48543924,10.32895842,-15.81020155,18.13645553
16.68395374,-2.05340879,-18.97543014,-12.27407335,13.1704201,10.25342016
-11.23938834,15.89657631,0.73262737,11.30154666,17.83598234,-2.27968939
1.03770704,-16.16154459,5.99899976,-16.66182443,4.34374369,18.80704219
13.72730805,-6.43856471,14.30628265,16.05117773,-0.36627263,-2.72712978
18.52088943,11.35564754,-3.36681542,-3.64922919,6.46558399,-16.83924961
16.50660628,-11.83776833,-1.21572367,-3.26045129,11.05519623,-19.85792217
19.96900174,13.15782359,13.99357541,-14.224717,0.08489108,18.89138402
17.31279129,-7.47286934,0.9333547,-8.39849052,2.78501295,9.04198218
18.30838799,-13.93738611,-17.2078223,-0.34569875,7.95773201,-5.43384153
-13.85609847,-1.545173,19.66652504,15.74689956,10.72473923,-14.94975194
1.86079762e+01,7.00163846e+00,8.31533988e-03,-4.58936626e+00,-1.28657754e+01,7.21645602e+00
15.00973674,-3.73420208,14.08279295,-4.52444963,3.15925687,-17.50842811
11.61552084,-13.12065743,11.94676968,-5.89718049,-8.56611894,17.03565612
9.32645199,-9.04802544,3.97573792,18.4383026,-14.40833549,0.49682771
-7.5247066,-7.10539723,13.21536502,-7.33704449,4.85686996,-3.36300141
-13.65128736,8.21589186,-15.71139021,16.4555343,-7.40399895,15.31020628
2.30780026,17.30899372,-15.02994434,-3.60879996,-2.82193936,3.93274423
15.64723769,15.34841961,19.34849012,6.58232671,2.10112688,-7.13753372
18.66615338,12.72195283,17.21686966,-2.15226181,-4.4165431,12.275285
-4.58494315,14.29657426,3.28574662,18.70133915,-11.9372759,7.66546223
18.30267219,-16.2420099,-19.05765872,19.17182342,14.40245831,-5.31923607
-5.64728321,7.61766605,1.085495,7.4783438,-4.78904599,-2.61174351
13.2711953,3.83165038,-5.65723276,7.67287137,-1.60861125,2.07085377
15.4326104,16.24513537,-4.45938402,-18.17676023,-6.56984735,16.54094361
10.16468666,-12.87732512,18.45671926,-6.73249317,14.51959842,-13.14749717
7.20308869,-1.89707252,4.57388424,-4.91351945,10.16981832,-8.06712496
-16.57363791,11.12088671,15.33825274,8.62000414,-17.85765504,-8.81316663
18.72861541,9.27282618,-4.8068843,-7.27257391,0.60350554,-3.88739693
17.70060108,2.98937366,3.13769065,-6.77678204,17.76675577,11.93774306
18.63151656,-19.61070255,4.46677215,-17.172613,4.45012378,-15.5193663
8.21737949,-6.3804018,6.91335871,-4.96111276,1.43090637,-16.95713238
11.22762135,-13.79119779,13.06839088,13.3431031,0.97459778,-6.59126344
17.52544525,18.47909568,-9.22438407,-4.92502846,10.93887579,-3.71582018
18.19334649,4.45759271,-3.32611024,-3.40136844,-14.65034854,6.59743209
-1.06436903,18.07696781,0.40606116,4.71474754,-9.58611595,7.69337571
19.21242934,6.60954139,-11.24036723,16.38716162,-4.24909992,-13.64136567
3.90272233,7.61682994,-3.88752204,10.02086865,-2.31531167,1.1463872
19.16913491,14.80445156,5.86409705,-5.72250493,-2.88070333,17.14588238
17.89657042,11.33694422,-16.13808495,-6.30819211,-19.8552558,0.78032095
18.32320383,9.78563362,14.70367312,-19.89849099,-7.43838227,2.43263212
6.82132333,-9.20608875,5.18501546,-5.16153693,-12.02056561,10.43859868
2.34885097,-17.82027426,14.62459702,-15.55362122,1.94791319,-15.37764622
3.69958685,-12.8988795,3.70989381,-4.43533696,1.46038953,-3.2710325
8.86930573,19.60962481,19.98843728,6.41783814,-14.21541999,-9.10569734
-14.99293285,15.06068887,-7.61351824,3.30346573,3.61168357,-3.46740312
15.89981546,18.69843663,-16.13151191,-11.15788416,-19.27007876,14.53120975
15.0853466,1.93423742,13.69330094,-19.53415799,6.33389203,-10.29575243
5.78510766,10.8583122,17.57476134,-4.50157371,3.24644753,15.56932253
3.51766925,6.44629689,-5.87411633,-13.4884908,-4.49493505,17.92535969
-18.07564825,0.63020122,-1.81524106,9.88330852,10.96417605,-11.03452878
17.1535759,-5.26401926,2.26865822,-2.26576175,11.17926877,7.42421935
10.3078526,-1.8077036,16.23052896,-16.50677129,14.90486471,-11.02934545
-8.32676856,6.95261664,-9.09158254,14.41954414,-2.53761942,13.90987666
9.8386123,18.16952632,14.60709908,2.1740113,-1.52950763,19.88999115
-7.56578214,10.64818857,-17.26007753,14.38047003,-3.30598672,2.23373436
11.89926891,-16.68840641,16.83929758,-13.87742624,7.37110627,-9.93121133
12.01341404,19.85363106,-17.77944107,-1.61546188,-16.27457937,-16.00700858
-17.80439201,2.92644888,19.81374689,14.17128626,-2.45298361,-5.09029244
19.38676565,4.08624917,4.996356,5.57991245,-1.8248696,-12.44595859
12.62910043,-14.46651968,18.08115523,8.10228648,7.75212853,-14.74316179
-14.50782592,-1.90570509,13.36707245,-16.04451842,3.63990463,-0.34792284
-19.77181139,7.06430731,-17.0992014,11.72782945,-6.78407844,-1.24228142
19.85016501,17.70233435,19.86563699,-4.2195981,-3.57485297,13.4279299
-19.1520632,15.38365582,6.38023716,0.23827631,-4.50853762,-4.85986038
-15.68182089,1.89088106,17.81852833,-14.03858676,1.3236148,-7.86235825
19.56970229,9.60544674,19.38992802,19.80123648,-5.85182831,-4.03684682
9.46081633,-9.03108094,8.84495514,5.65811819,5.88778318,-11.06363991
14.00566299,18.87385449,3.72181923,-9.09310284,13.09240644,-18.91956993
18.11309703,3.49075409,7.48529467,19.22836649,9.7859374,-1.58282962
17.42271478,19.0869068,-1.27675915,-6.38820314,-15.65472476,11.55358847
19.5958393,-8.80228549,10.96127372,-11.99114354,11.96006288,-12.0502273
-3.8703003,-15.67917879,18.55027112,5.57404846,17.28877953,-7.67016375
-9.4471568,11.53036883,-9.00939794,3.48462983,-4.95763716,-2.9499054
-18.54819369,-3.32830632,5.05225304,2.5002459,-14.73888081,-0.70592832
14.13951775,-7.0333954,-4.18601098,-13.73130875,17.74403574,-10.19006915
-16.90598209,-18.67389144,0.78977882,6.25995756,-11.65809477,7.37440002
7.07147439,18.43774901,15.56736967,-4.63601224,3.97655147,-9.67566692
-12.57303043,5.39946438,18.27906049,4.29460119,-18.55901172,-4.06163694
-11.86342102,16.34517185,-19.47923478,-15.15323427,13.33414032,10.95437935
15.47973269,3.09808988,12.07079057,10.4661756,16.66077725,-7.01500636
7.47102864,15.49418185,16.22751412,-7.89253551,9.25033043,-7.49727404
-1.92209734e-03,-1.80913247e+01,1.58277737e+01,-1.81630329e+00,9.22961643e+00,-1.74863011e+01
19.93725954,0.73267606,11.35770791,12.7729743,1.48068178,-3.88076412
8.73053402,-6.35348257,17.15316366,-7.26868058,10.64593462,-2.54539761
2.09280271,19.50993478,18.80374444,8.08759286,-5.20313807,6.19199541
14.00045657,15.95632858,-17.48935464,-12.90109803,-15.12197822,18.06632607
15.70038921,-14.6827,-11.62395822,-1.17098344,3.94604055,11.49875598
-16.28889594,-7.39009192,12.69835943,6.30494127,-3.11287969,-1.02086733
0.05148276,-8.24329678,10.34933155,15.16094846,1.92485588,-7.91616614
-2.43747711,11.25223658,3.70273049,-3.19828646,-3.79310325,6.42299612
18.64889466,-16.85613434,2.71811529,-11.10190146,-3.3069335,9.51167368
-4.68747949,9.79832497,-2.26952769,3.11293884,-9.73185876,-14.02874793
13.81460755,17.96417021,-2.36151769,14.72031069,-16.07086424,3.89578885
-15.39058339,-9.0909095,17.72211853,9.51668718,-6.11810238,-8.41904714
16.25355862,3.44268574,-15.66975912,-12.09565126,1.08446835,5.42348054
19.40994398,13.10143054,-1.1271521,-13.04795126,-9.31152799,9.97293634
-4.66164611,-14.39287263,5.06241183,2.50010416,-8.36708949,-5.50799615
11.00184567,-12.57164578,19.03629898,-17.36009638,17.98302448,-2.90971766
13.31727722,16.50049414,18.45713489,18.0656691,18.30457362,-11.10003738
-13.79399808,8.21286477,15.09596963,16.91174309,-4.32421482,-14.02021026
15.07820285,-4.9879526,16.58990307,-7.8886546,-2.26589778,9.57015413
19.8198509,-16.13386784,3.69922669,2.81740729,18.33733269,-0.23418163
12.68327837,-11.87030996,11.6703235,-2.04271772,4.22935717,-10.78362583
18.79546472,-16.01995239,-11.93962861,-1.00964833,-13.79745089,3.16766672
14.99342266,16.16861207,-0.71454367,16.06355651,-4.82670126,-6.68928243
4.00043696,16.43118837,15.21858225,6.92993957,-18.25805542,-0.85265583
5.33855478,2.79971482,-14.89732892,-0.5913045,-11.44565201,12.32575901
5.19408495,-7.87121607,-10.64678538,-2.08829466,15.43844236,-2.39378021
11.5154689,-9.64744477,-15.13457026,-19.52767097,14.82460788,2.82567945
-14.39711958,-10.9442012,19.63416247,18.52907573,15.15034106,-12.66291393
-18.34766223,19.4294152,1.01906822,8.73844053,-10.95725317,-7.99364215
11.57346185,-0.32661257,4.76412122,-1.89199851,2.43074537,17.39599131
-17.58587155,-8.60162124,15.69491293,-12.23036661,3.84087636,-2.619987
15.97154136,-10.51381053,16.67946887,-8.70688475,-19.67498976,9.47377777
6.07501284,14.5584773,0.8496235,0.72532249,-14.24596787,15.03692077
-7.0250131,-3.63350725,17.40695344,2.816832,-16.58639998,-0.9604709
16.47544948,5.49147086,19.35544708,-0.3267144,7.96717341,-1.33485563
-11.89272985,-8.90236299,11.78794235,15.64871443,-11.12928392,-11.09699627
13.70576239,-11.98033941,-5.10338899,-1.46207289,-2.53993516,4.36982595
-2.4904624,16.61703858,-16.57291176,-3.07643041,9.88888528,12.84317426
2.98697176,18.1545981,15.9803793,12.0401731,16.50954286,-10.35412709
-19.94692196,19.52841409,-18.54741519,-0.40115404,-1.0942795,-15.65324026
18.52941302,-10.61875223,14.40929544,-10.20191066,15.47632704,18.15027161
3.66910655,11.2267037,-15.44020175,2.61849367,-3.78640287,10.60445384
3.70738595,17.0826815,12.07944347,-1.43428532,-17.72094221,6.3900609
13.29598067,18.82199051,4.28570943,4.08340234,-13.40664846,-3.93438405
-12.7744257,16.66785285,7.37868766,6.85111461,-2.9645373,-5.93990152
9.97411449,-5.22143603,-12.65524613,-1.61412173,4.59980236,-0.53287602
-13.06457166,11.81004713,-19.83886396,-0.27572257,-1.48915336,-7.32868966
0.3691125,14.54749303,-17.33412224,-17.09752152,-11.48996469,11.86233913
12.40448717,1.35998133,-15.16256757,-2.80995661,7.30834641,-4.00450808
4.73959003,-15.23741812,12.71014562,-13.00801626,-1.47854443,-9.66893227
-0.23532999,-12.92148192,17.75972691,-18.59165478,13.32539383,-15.47768389
9.40034517,6.07794059,-2.59215883,-7.97267976,2.30515573,18.45464766
-4.1407714,12.44477081,18.49250479,-4.03728274,-1.47763477,14.0450378
-18.93566743,19.40772326,-6.40558095,6.11875869,-2.00074303,-17.47347253
3.46603854,13.31113093,-10.97217398,-7.51831367,-5.79388877,11.09472199
18.35996886,4.55800733,-1.42852174,-1.80303753,14.6513206,-18.43588399
-18.1888809,1.31612783,9.98049181,3.48292177,0.133169,-14.62049334
14.3782719,1.98344993,-2.0288909,-4.43908683,3.50334551,7.6435713
9.53961775,4.9762224,17.55043727,1.8983298,-17.28404329,-3.73060245
18.87716589,11.82748704,-18.9838276,-19.58539905,-17.05450154,9.30114771
-4.43710936,11.51299118,5.6734515,11.12590432,-2.1044012,15.08707714
5.3121872,16.14766368,4.4255875,10.2219299,-13.11054734,1.02084355
0.17296046,6.3396155,14.99708988,3.64245824,12.24999399,-12.67214042
18.64722671,-0.20221235,7.24157404,-13.65737226,-5.65671991,1.93067996
19.58588749,-14.72710443,-2.52992147,-9.40245026,18.53306848,5.07787075
-5.2643026,17.27582968,-1.48012321,17.18213156,-9.19401604,-19.99122072
-19.70305388,-11.02592265,17.38689971,9.37860404,-6.00499912,-4.46206858
19.06742113,5.26173789,14.29213173,-10.75581742,-2.87206867,5.06973919
13.77341583,4.97487781,16.63846503,-1.62239129,-19.70686333,14.52424622
19.92635686,16.93465009,-18.83661535,-13.05707343,6.24163202,-13.22608754
17.44639934,-6.27734603,19.10039712,-8.08348862,-1.62629085,18.37275834
-3.22932334,-13.74567845,10.59449908,-12.74341289,7.15032214,-6.79232974
10.15135068,-7.82332315,19.34355193,-5.76224203,4.29565174,-5.65926587
10.22926583,6.89839852,4.6206664,18.37025317,9.51034485,-4.66806708
-19.31251164,16.98980883,-15.90197212,14.12626958,13.83001214,-3.1919431
1.19883145,13.76101082,19.93447113,1.9072206,-11.27561158,-11.05845524
19.38573442,19.5134309,-10.88910092,19.54880098,-6.84262229,18.04285453
-6.59541366,4.56974211,8.25977224,5.03581764,-16.5492335,-9.13885487
9.37514368,-5.99467942,18.29779285,-7.11004023,-19.71485319,7.88730426
-6.74261322,16.79179151,-12.97035136,-11.41741413,-14.70929161,13.88408826
12.06295848,7.35105726,6.56946473,0.25107594,-12.77971114,-6.95122928
-3.79039358,12.17293808,-14.2458606,5.25044216,-5.31427449,8.00388711
-6.94388755,12.44984869,-12.32289685,-15.17177963,-1.65635177,12.01107179
-19.28646771,-18.95766382,1.42327848,16.5222525,-5.14070937,0.14383417
8.46804643,-8.39983046,-6.28229292,-0.39160969,-14.78144853,4.29114966
6.7301434,-14.72046979,4.44306654,-11.33944414,11.40811736,-0.86156002
-13.45814389,14.68010408,2.07460512,18.20733727,-10.22559134,2.58602546
-18.53713808,16.50545751,-7.81733756,16.26115697,-7.07139327,-9.28779053
4.29424865,4.07626033,-15.69041311,-8.91280987,6.66153182,10.47277541
-2.59034916,10.95189606,-15.99068917,-19.96145432,-5.65143201,-0.1138688
13.82585388,4.81696817,17.29552909,-8.93869551,9.78274927,4.27583791
15.03500628,5.62565978,16.71452295,-10.87414335,18.66819298,-0.8387649
-17.44029615,-4.65187665,16.76216498,9.3342525,5.79053492,-8.19934825
-19.96760033,-9.93622096,16.61540563,0.39305604,-11.34190011,-5.07985785
-3.39801641,-13.14271793,18.12814383,18.06770272,-2.1898812,-16.19213998
16.17819565,-13.64949194,19.14680004,-6.55889069,2.56436553,-13.63901253
4.38063869,19.13624416,16.9152509,16.07249746,10.1206407,-7.72497493
-7.66829492,2.55106908,11.19165651,10.33341236,1.50333248,-4.80036562
-16.77744858,-11.26825346,16.25532604,-9.87494094,5.8796332,-0.11843195
-17.21215597,17.0648447,-12.18403528,-15.51311322,-8.92574093,-0.71634929
10.51855627,-14.47510043,-10.8123027,-3.32955785,19.66808774,0.25244793
14.69384803,-12.83727338,-15.84494935,-3.73607426,7.1818386,-15.13490225
-1.59780696,-18.18380874,6.89032422,-9.00667025,11.08535486,2.39132433
19.63805798,6.0456895,12.88127753,12.93171244,-5.13298774,18.55056529
-8.82111294,-13.82379444,3.30164327,3.37946457,-10.98115439,19.91364735
10.94044665,12.68138955,-15.40665452,-3.06912332,-4.32660487,11.18033272
-0.18277837,-13.84851824,-11.88018068,4.701968,9.0176919,-11.09116775
-18.79139456,-12.76996472,3.56480162,1.08060667,-16.22902417,-3.28233246
-15.39104142,13.59028085,17.93277493,-11.89938934,18.99985619,-16.52762422
1.27676418,-16.05402022,-0.21509986,-11.34976506,2.98354077,0.861887
-4.35072958,0.54097547,0.18788531,0.96468866,-2.19005695,-8.47600865
12.54377001,-8.83128478,4.95753012,13.91499565,5.8025402,-11.2236629
0.72399874,10.10196717,10.08092385,12.67419918,-4.41993373,-18.52675262
-4.08913769,1.59178943,8.34643896,-17.28329371,11.60221606,-5.65488648
-16.16822627,18.25728976,-10.7892364,11.43454091,3.74551286,-4.57702865
-13.38666742,16.1586318,-0.04158966,-13.80602053,-10.35887069,19.120075
17.87810719,15.44558267,17.73807476,-17.00163338,6.79193353,-4.75183692
15.24804129,1.76151682,-6.04725277,-13.00918549,-15.86004423,5.12434776
6.81902192,-5.21365812,4.43040592,-1.60677573,3.41513465,14.78129867
-12.09917522,-6.30180218,0.83327975,14.49712899,5.21078145,-13.13238306
-16.20057456,10.88938543,12.04156638,10.55162292,13.00742412,-3.3906273
9.27537934,-4.23305684,-12.73249574,-3.02766571,6.9254207,13.17273111
16.23888289,9.86128543,8.86652875,-0.52099816,-10.38319933,5.59136581
1.15584182,9.76280062,19.16568893,18.48010915,-1.08043076,-11.03056889
19.37103511,7.98648004,-4.19088428,-3.3265938,16.07990649,-14.60379128
-14.53093277,18.63899263,17.76914839,4.72156069,-19.1861517,-7.58954492
9.34878815,14.14530866,11.81853599,13.4590361,-9.48018194,-3.73813837
14.35617095,-18.20923029,16.18463568,-9.68909213,18.90732459,1.61728931
-18.8725418,12.38115751,6.66644714,15.75101756,-6.09395853,-18.88014067
18.5151826,13.90866892,-15.80685035,-14.80799464,-1.78318251,18.06318698
12.55740708,18.81863224,7.13965209,-8.44096787,-3.21578691,6.9186606
17.8744217,5.61192165,9.18324765,10.56534429,-0.44805199,-6.43542918
-3.19781471,13.43757056,19.00931406,3.32486365,-19.68955804,-14.77795402
-13.24123277,-8.44495225,16.23366912,-0.21857948,2.85121979,-15.21383061
19.73375733,-1.12259469,6.44538738,-12.88384922,1.29724596,16.56345869
16.08667887,-12.18698066,18.52002402,19.24192876,7.33041029,-2.55642538
-1.82808001,-3.02679203,18.04044545,10.09564057,5.34484324,-3.14275693
-13.94362208,13.99412366,-16.7063156,-8.04891879,-2.95843713,-0.30882448
15.22398098,2.04798868,-17.82095571,-4.57811843,-2.19672397,4.46441461
13.58610011,-16.5663223,19.41745708,-4.93806844,16.34083261,-3.2966997
18.60315848,9.18925457,-1.36220962,-16.89878982,9.67125225,4.44473145
10.27240597,15.79257621,16.7011973,0.69926628,10.60151909,-12.28310125
-2.61425344,14.71138242,-6.00561398,-6.9479715,-4.457567,3.72055671
10.24873832,1.31265468,-17.8393383,-5.42758399,2.14278312,-7.65353112
10.35018306,0.56139974,-7.13654192,-5.68725466,13.35224587,8.77984129
17.7227901,3.21052553,1.39187807,-10.57378359,-18.14977202,19.06643141
-3.33815318,17.27305791,17.24727101,-1.95915064,6.91237318,-8.57280065
6.88736833,19.46804369,-2.41482848,18.91124085,-16.32640246,-12.10455722
6.3510518,7.75879796,18.60156788,-5.95340598,18.10699281,-5.25882583
-13.08117598,-13.53100066,19.55835969,10.44429582,-12.10623255,-18.62303777
16.12111455,-12.80150885,6.25386071,7.27828683,-11.36105979,-3.82853127
9.05461161e+00,-1.93754313e+01,7.21649335e+00,6.19931095e+00,8.54086488e-03,-4.94145487e+00
13.85533706,10.73262515,-13.42015484,-3.49878753,8.62678087,-16.13337218
13.0631454,-7.85559876,16.680878,4.53528581,-15.83136506,-7.16982051
-5.52338232,17.47703275,5.6596398,2.13410842,12.53641468,-14.42952576
4.89905406,19.66507218,17.94817886,1.44853361,14.01192037,-16.2238485
-2.6446013,12.95221033,-9.51187727,-5.1938102,-13.78221738,0.66401614
-16.40944257,9.63164611,-18.58152543,-0.82883903,-2.81542768,-7.15578663
-19.16523277,17.35061675,2.37182354,4.71680426,-2.91303743,-2.82525883
5.96929383,-9.65400889,4.9555097,-4.68399364,2.85901681,-1.94745753
13.79284848,18.60350358,-16.82380188,-4.69443569,15.67895423,17.05367103
-10.71670411,-11.67141307,15.02598888,4.89854597,12.97978926,-15.44188933
2.77543462,-3.4895396,15.11947562,-1.43868664,11.88360793,-4.68942697
-0.62146229,-12.9357728,12.20060899,-4.79591124,7.79643222,-10.25711577
-8.97182002,12.27675186,15.8540713,4.89564783,-5.17894849,-16.73536062
-9.44711048,10.95669931,-8.66583458,0.34746999,-10.13197894,5.27175208
4.50950292,-17.80342887,12.3457859,-3.36976289,8.24857223,-15.61870936
3.22391828,-10.49396375,-18.33209731,-5.6539255,11.73521557,6.41598387
-16.0529046,17.60859591,15.01353209,-2.64449284,-15.58466202,10.26646218
9.8599433,-9.73544596,14.69463794,-9.55181658,-1.52777971,5.12535831
-13.8353394,15.40055028,19.60116559,0.71882154,-1.68958015,-17.46685943
-5.73832422,-13.79483549,6.57561595,-2.84323043,12.7893497,-7.19195631
-8.91015843,-16.92803655,3.99116854,6.75908986,10.03526636,-0.05991972
8.2100136,16.58793787,-3.67048649,-5.82621764,-6.64221527,2.47384416
14.15941695,11.74259971,-16.92732752,15.620748,-3.77562156,7.95900444
-6.11567337,-12.42169205,19.20348973,-13.33421526,8.83082952,-11.31628345
-12.5603543,19.23923685,-16.73210839,-19.35284866,-5.79198131,3.98868998
13.19749767,-17.90084859,-15.54416049,-1.44934529,2.33363328,-9.77867643
10.36531293,-10.38856703,12.50134887,18.86477615,-15.91141495,-5.69970341
8.92749776,2.06226603,-15.48543335,-6.29555191,-5.05135565,12.88719821
2.89695994,-0.18136969,13.74988602,5.73307463,-15.7608332,-3.97848902
-12.26288506,-19.48115582,19.33098084,-5.21589641,1.70013697,-2.17607694
18.33544056,10.54045605,-7.48222975,-6.86041718,-18.57960239,0.6002849
14.020261,-12.38553875,-4.55167577,-2.66526498,-6.90363245,14.33054567
-11.84773137,11.39075513,16.6817435,15.26778899,-6.81602009,15.46794958
-17.98136056,-18.17763357,18.74900689,19.09219471,18.95676186,-16.08436656
-0.03960739,-4.46832211,19.28610408,17.47630214,4.44982245,-4.96882342
10.29082852,8.2424172,13.41281668,10.95434827,1.27666972,-3.27603824
13.7707471,-18.28904734,12.39190658,-7.62719156,14.53326641,-5.07369573
4.91013905,-16.6687152,-18.89487596,-2.29891071,-5.28580688,16.33990492
-1.09443351,6.19732744,17.16051247,14.36699737,-10.98967929,-16.22999183
-18.39248891,15.97909755,-5.11001979,19.21908704,-3.55167274,-11.87413878
-2.14307276,-13.62732787,16.67474563,1.36313501,19.08355019,-6.30586337
-15.41674704,18.37069056,7.37746134,14.13097674,-8.52252683,-9.12886143
-11.63693515,8.98301498,16.58344112,9.56016918,-14.3608124,8.7040586
8.2538348,15.30526155,6.7520371,-6.98725835,-16.83398293,18.56736387
-12.54731963,12.79398077,11.30422797,17.57290975,-9.0826743,-19.82836265
6.81638552,17.8701204,19.88910549,12.1247592,-15.64385102,-10.62376443
4.75114141,0.33487922,-8.42174653,-2.5448033,9.09648397,4.76334581
15.16622134,9.17023341,-5.26192198,-12.07048923,16.16272193,12.01417302
16.03138468,-15.02033994,17.32472077,-2.85292359,-1.07788803,-15.67469034
-5.24387289,2.94675592,14.14895898,2.05909411,-3.77623426,-14.7801006
-11.97099691,11.20006365,-3.10159606,7.50818317,-7.23122149,12.30333939
11.73814344,6.76004248,-13.29254046,-5.03959641,4.93648728,7.31968945
-4.81373312,16.85658284,15.12104971,16.84290261,-15.88881189,17.17984946
11.41761746,-9.40014849,-16.4758368,10.53287729,4.50096572,-10.04780948
12.08263204,15.24026577,-10.58422271,9.85583065,-14.4181874,13.94458914
8.98712494,-19.03101088,-1.73702312,-0.90511677,7.07561664,-5.24391897
9.38016766,-6.17237293,12.01740561,-9.08062445,-15.28296437,7.97882178
15.56761293,12.37776136,12.50985957,-9.47392797,6.10540397,11.61074813
-5.65397555,-2.10864587,15.60097,10.95724855,19.91850133,-9.41688143
0.62921762,-17.53936765,14.25610079,-18.95578972,12.10945119,-12.58380102
16.25011569,-9.1524375,6.83889152,-10.06219739,2.69641027,-8.27351289
8.83350607,-8.40659747,8.0295461,-6.09324136,2.81557162,-5.57257301
-5.93852333,10.2867579,-11.2700843,-12.80820829,-6.00004984,16.67398557
6.7802523,5.08682759,16.50246145,-9.95533722,13.71588669,-13.44252491
17.62036492,10.34319283,-18.98425255,-16.07288592,18.03459422,-7.36585615
-2.51839355,10.80931875,18.58117631,2.47121718,-5.50149272,-11.82574328
-18.37582278,18.52903752,15.16153363,12.43122918,-18.54495685,-0.81800833
11.98319147,-14.88631936,4.83998243,-4.19666326,-1.27054315,4.99480797
-10.72800474,5.61800848,-6.05431191,13.5123429,-6.86293194,6.02158573
10.75191885,12.33256677,-15.91799909,18.34808174,-1.27762409,-16.25815232
18.15521657,5.87206826,-2.83253799,3.10524397,-3.4415534,2.07444024
17.07925341,18.32392243,3.37886722,-5.81492097,8.69090767,-3.74300535
14.07217484,-16.72890206,2.0937864,-0.7795203,3.88770099,-11.81148348
5.7910706,-4.50740699,-14.76686863,-1.44318448,-8.73344976,-0.61553936
-14.19652312,17.13821101,-17.76083058,-7.91766815,-13.4993098,9.13669885
-7.87306148,8.74107782,-11.79443907,3.31559726,-14.64887844,16.77739268
17.8077037,-18.41743517,19.50969542,-17.41287759,4.30758995,9.04947092
-9.66715166,-1.30676948,15.07587552,8.43646243,-13.64313364,-7.20240506
17.90134627,12.4485481,18.91965891,-6.61040236,11.18721654,-19.35740525
18.76034429,-15.8327672,2.0207908,-1.65405963,-13.21729996,14.18364145
-18.13808383,0.35983184,19.99723727,-3.40296171,1.77538079,-19.3950035
12.98844088,-10.16569169,-12.52273784,-10.25552969,-14.66679604,3.52176233
-19.28345254,6.25472992,-12.65430511,2.46045495,0.85800334,-12.2622488
-17.09680874,10.75742423,7.1956608,-15.02036131,6.45936906,-2.50216805
2.38332296,11.59960386,11.24787913,-17.85297834,-7.99528259,-0.76779394
-0.95400634,5.7658551,-14.68681125,-3.82626611,-5.96483591,11.32040011
15.16963365,5.85424324,5.11776413,-12.91539207,-14.0791155,18.74679757
3.28835107,9.69980978,-18.99425476,0.38245448,-12.83629081,9.71334281
-15.70937507,1.98943374,-10.04038286,2.2436918,19.95963559,-19.84522371
16.26210961,4.90130849,19.25119158,-16.23758723,-1.64758495,10.3296395
-8.0644935,-11.65391858,18.55154746,17.80556723,-14.28379434,-13.49915853
-3.77582579,-13.72310367,10.35160362,-11.83963754,9.07653467,-9.39740715
4.99680671,6.530022,15.54947161,15.73334735,11.64734848,-14.26022878
-1.00971917,5.10000679,-18.89094754,-14.10675398,2.2449885,12.73688548
-9.4398143,18.02696952,17.60313773,-7.04169887,9.14014348,-7.93966309
15.28186897,-13.97881724,-1.18307701,-6.66504525,1.40713335,10.46161671
-18.35137345,-1.11141216,-1.19748679,7.02984771,6.16863965,-1.15807141
14.66822202,15.62167415,18.85816707,11.21358797,-11.75137056,-10.11913054
11.61943312,8.99649794,7.58157854,-17.14219188,9.30335144,-3.92478827
3.37975208,11.18514211,10.57525951,1.30953553,13.14916748,-10.8003517
-11.35391343,17.51691446,-12.24841521,7.9587773,7.16115702,-18.66539679
-1.47554109,14.32753252,16.84893121,11.14556672,2.18251671,-8.70232153
-14.2591827,4.63672298,5.8750029,11.1346859,-9.77634733,-0.91191114
-14.3344763,18.58510144,-16.3135628,10.08815978,-1.05921158,6.88491555
16.63932235,10.73290107,-13.28427255,18.08586978,-14.52458073,4.27973122
8.57527984,19.0207723,15.56917184,9.65873085,-14.81181261,-18.31522522
-19.40585691,4.46313117,-4.33392169,14.20426303,9.43148333,-1.86045252
12.26376043,-18.91902921,-17.1177808,-6.61228256,-0.74150117,2.37734225
-10.91746559,19.64973516,-13.2592518,-6.60914262,-7.20772,16.87152598
18.45601395,-10.16706263,18.4941506,-15.81853308,13.70694453,17.3764929
12.65784649,12.84720513,-7.11143731,-13.06459085,16.99171875,6.71504999
17.3691989,1.21329717,5.70122349,-1.47252437,16.6317389,-2.29493796
14.32010286,-15.7394789,19.18596972,-3.38967925,2.06511437,17.75251142
19.52830916,13.24167914,-19.86785567,19.48587856,-5.13894252,11.0734809
11.24088269,11.86598197,-7.88196594,-3.83951723,13.15585043,-16.56986999
1.40360677e+01,-1.49813481e+01,-1.58541858e+01,7.67403403e-04,4.53334832e+00,-7.01120070e+00
17.40294415,16.04783913,12.40977558,-5.65875692,4.98957983,11.79967556
-2.13542143,13.64363411,8.18673923,16.36827883,18.51671506,-6.58337636
-5.53501478,14.22293335,16.90473424,-8.01588453,11.54153213,-9.03191058
18.69671006,11.28765468,16.17554653,11.36853218,-1.1445996,-9.23852711
15.15330448,-13.49723156,12.398824,-17.72112912,14.14411186,0.67410039
5.04540501,14.78193403,10.79991565,19.37453835,-2.6205634,13.33095184
-3.41847762,-1.68415407,13.60431964,1.42729319,17.98244809,-8.56113705
15.63735095,5.91728006,16.91963732,4.58945665,-11.20407831,-0.67957208
-15.05268049,-9.95016417,18.0865768,-16.35042758,7.3807141,-10.51751909
3.65478615,14.55231776,-0.42611845,7.86910869,-2.90399637,6.76361449
-8.13485979,-2.44150554,18.25733317,-18.55427937,12.7461598,-14.28636926
19.39289831,4.72574177,19.48093783,-8.13063265,-12.08014817,8.51390824
7.32502694,10.14040558,18.61891037,5.4650228,17.53858903,-9.93336679
5.36464328,10.08992997,1.10121844,-3.46319342,-15.42554299,6.69206905
10.23928591,7.16607904,-2.28822155,-2.02097951,-7.76728352,16.17551148
13.17489563,-14.25749629,18.6192984,16.14552156,-2.48843279,-7.70703321
-10.73319317,-15.67015266,16.94275775,-2.75990787,19.90701507,-14.63121028
-3.50115392,13.06483498,-12.74978767,2.29515005,18.95874301,-10.89646143
14.55153352,9.07582793,-15.24532234,-13.31377544,3.73191114,-12.87700426
7.9451971,3.63229551,-6.37074131,-3.25439099,-9.93390518,3.88814456
19.33873301,15.06092876,2.25437501,-10.09690715,-11.02748743,3.94401767
4.57287721,8.15107457,12.03498643,16.64315099,-14.42308251,-11.7282506
11.00744222,4.7614597,19.54798194,-3.6413738,19.42116308,-14.17081579
16.11628894,-4.65357933,-18.44367122,-3.30920249,-3.01085103,16.35448019
7.73952183,-2.30718411,-18.94334169,-8.44971127,-19.38604011,7.4480503
11.88192306,-9.15018716,17.30191804,11.80556528,-13.29247346,-14.19195963
-2.41556215,7.99733509,16.65514072,-8.64797242,-1.73925702,2.52309276
-9.56514666,13.02258129,0.35387874,-12.30781311,-10.7393421,18.15501209
6.28349887,13.25203186,12.455498,6.47393725,-11.59481121,17.98103737
-0.57872637,13.17266568,14.56975522,11.67631448,-13.85867573,-1.28539232
-11.5469547,16.7791926,12.89900648,-3.42885042,-7.61683002,9.58631155
-18.87761976,-8.31031661,9.8632483,10.88531625,-18.87355069,7.59483371
10.52241958,6.08373106,11.48691497,-7.24391062,-6.93024186,-0.83272053
8.51818752,10.11828788,-13.98332698,-3.07609546,-11.58832476,1.96248908
-7.40999635,-0.32879858,11.38961106,-3.60369263,-0.39133148,-12.53995343
-3.97933918,18.89376994,15.74468213,14.28575503,-11.17397185,-9.98407705
-5.73195447,14.02220833,-5.8981429,18.2801412,-4.69821676,-13.36731649
14.93759234,9.26597971,13.28656666,-9.4700722,9.31745696,-5.36870258
9.88978597,10.37308327,-7.38095933,1.77646536,-2.86909034,10.60280666
16.00954672,-0.6888379,18.49208436,-2.82205732,7.83647965,18.68005237
10.28327203,-18.79325295,5.07820573,-19.75628916,16.16327724,-1.17128909
10.77113242,-17.41358957,14.68010125,-7.96936366,17.3707065,-11.96804723
-2.45077204,12.58131101,-12.84847064,1.37564627,-4.18956184,-12.30703766
-16.6132263,16.23468473,-4.46248386,-18.75290182,-7.65397019,15.67421449
-4.09973616,17.35698677,3.56152157,18.6157944,-11.6592989,18.84779742
18.88758425,12.10177395,-17.93374506,-14.15729991,-11.79854185,2.97708846
10.31060074,2.53948964,-6.98855114,-8.53178451,12.98607657,17.58961325
8.93686214,-15.7346068,-9.14009408,-7.25224774,-17.1085279,16.74235498
9.85091171,-10.34506281,1.42155019,-6.93573956,-0.34196878,-17.49902771
7.77262873,19.21378337,19.91225158,-2.98256321,18.13783148,-1.35091661
-14.03292384,13.30533291,-19.43537482,2.22428889,-5.73319033,13.11363419
14.37571646,12.86618959,9.36889664,-13.62729132,12.35696823,-15.68267972
6.2474053,17.27037604,11.00369711,-18.59403366,-7.84968548,19.433583
16.78489626,5.90602899,16.69266984,15.45853241,-15.1090986,-12.38618818
6.60798997,0.50442502,-19.96032604,-0.11866173,-2.17750561,3.3635684
15.63906339,15.63201332,17.99957332,7.3767841,-2.22428636,4.86197475
-15.91972259,6.71395492,19.08831194,0.46841087,-10.07093589,-4.95454647
-15.70659155,14.26716547,11.28399303,14.78444109,-14.93187068,-17.95154639
-16.87124741,19.43121747,2.90957415,-0.80890925,-18.16167536,-0.19078361
-3.28454486,-16.33322514,19.35009474,12.91520244,17.18952665,-10.34711327
-16.76698888,10.37838258,18.04543759,6.31754934,-17.89962851,3.71744737
4.45681369,16.71176821,1.91852075,17.31884907,-3.46978991,-7.75779483
-16.74521115,4.14231986,-6.24127573,-8.80280387,1.08481292,6.71459379
-19.0751789,13.96697464,2.61979578,5.21679816,-1.24809008,2.14414303
-3.50593327,-0.60103707,18.86404078,-2.07192086,17.46605727,-9.66793115
9.17265554,-16.19248999,4.4515278,-2.85378553,6.34664764,-14.60694046
-15.1863116,-12.91551078,10.519256,8.81068221,-16.36441359,-5.8015718
2.2863397,8.76466514,-1.98041417,-17.21284492,-4.46779197,7.96710242
14.48056308,-13.43907821,-15.96142403,-14.162091,-13.90267335,2.86771932
8.99541061,15.1736359,12.77145922,5.10887281,8.86255229,-5.86302596
15.71508393,15.7519768,18.073647,-13.99306377,-12.83401611,13.16542126
-4.19383106,15.9011293,-9.16827461,-1.91912193,-5.27715621,16.74843282
-13.23022357,6.55335918,11.44516743,18.26039328,6.68565978,-2.63397985
17.52774446,18.09167815,4.33686278,-14.56644064,-5.70785484,6.91453956
12.00606545,17.98223826,15.95449656,18.27819289,10.96759803,-4.65682405
19.09812206,7.38620206,-17.94699154,1.79723738,-5.93364211,8.35224747
-16.39810369,-0.20069278,7.61926201,7.43312689,-4.76580545,-7.2719731
-18.95726029,-16.24773939,11.76863571,6.13992121,15.6095208,-9.04059892
14.58468566,10.00423628,6.81708355,17.46206594,-9.68133509,3.73695652
-14.41575208,15.25198769,15.69187425,12.26947416,-6.0670911,-7.21238902
11.64952255,-11.90132555,19.497545,-11.15368208,9.58804353,-10.37267722
-10.10902793,-6.1943074,16.92372847,3.22349947,-4.95077339,4.73380241
-9.44778141,0.28183708,-17.97164293,8.31249412,11.18325261,-16.07324341
13.34857142,16.65951739,2.15115696,-6.13815092,-5.68949045,-0.67471772
6.85680638,-18.58276861,16.3000798,-10.32854092,14.05494357,-9.50953064
-19.29307827,-2.68484599,6.66742587,14.65755084,-0.69724522,-0.88123973
-14.69119398,-13.56529848,18.10091061,12.12617397,1.33242908,-11.73189893
6.75260752,-8.89794754,10.17667007,-7.57657242,5.99372705,18.68179477
15.06084689,7.21162139,1.29333043,-12.33606788,2.87900428,18.97856123
-7.95572915,-11.38867738,12.58320082,-9.66061599,2.71328468,14.63414394
19.83357606,-13.46953455,18.00625398,-9.61380336,19.21438787,-17.59169949
-5.43944597,5.29443288,16.60898876,-2.75589374,18.41139264,-14.40923239
7.43729371,15.67686885,6.88856112,13.82643052,-19.08603602,-3.84382287
16.52461614,14.04624735,18.50081651,-2.83890827,3.65540174,-13.16061189
17.51287336,6.84445745,-14.74489513,0.05110091,-5.48940708,18.9034946
17.52339069,15.29074713,-15.36192959,17.45419537,-7.33522716,4.32904332
12.02614481,19.98117585,-12.94726248,-7.19575557,-15.27680746,0.10702783
15.40835165,-8.70593903,9.59652922,-8.06426844,-0.84373273,-11.02594132
7.35112826,14.55706911,13.91198585,-4.90931419,8.01705509,-2.08297459
17.10189178,12.96989508,6.50500581,-1.32949341,-16.96174131,2.13951523
-1.86257658,5.32717921,13.75571849,9.56276805,4.21759441,-4.21684561
18.53639078,13.6480616,12.03207928,-2.94017271,15.71551617,-17.6149061
9.96669252,18.84929938,-0.29215068,-3.3303093,-12.75422441,7.89872124
-4.04092599,15.16608724,-18.82323286,-7.54467741,-12.66262578,8.75672185
17.69126144,12.26708032,9.60428064,-11.92170582,9.83065617,-2.42036796
-0.35208856,8.11265192,-17.74633958,18.14202029,-7.13156109,-0.9878263
14.36426295,-16.96498653,19.14170005,-2.60866236,3.8435596,-19.00149801
-18.33870914,11.9934452,15.00311319,0.90903868,7.47623893,-9.58969637
19.07865602,-12.18823552,10.11375894,-6.53407597,13.77001732,2.29795275
11.46232454,-6.58299843,-7.48161705,-9.38716524,-12.35411624,19.38229072
16.06287688,-13.91080759,-18.42128635,-18.31282261,9.71232106,18.570522
-14.61548843,5.09756328,1.31650033,4.57690441,5.16798537,-5.50101876
-11.39661315,7.01881798,-16.23958232,-3.27154514,-6.51945088,15.91408562
11.33001751,-10.74964584,-1.71292797,-9.51490937,-2.800622,19.00168998
-12.73320075,-7.45188194,12.9702796,-9.17332606,6.64093526,-8.33059049
-12.57124026,17.01280467,-12.37310956,2.79901167,-3.77813143,-9.11397393
16.09633664,16.41016407,18.97151767,-3.45494476,6.61648258,13.78970521
-2.57739699,2.88706916,6.08747531,-18.49465099,9.4920921,-0.32109224
4.40585152,-14.64117608,-4.66801006,-6.1224271,-1.02545698,-2.13625618
-16.33011107,19.54110364,-5.23325898,-4.76880511,-16.58711401,3.24438374
10.36000423,15.67803035,-3.39038938,-7.34019916,-9.6092336,14.3543142
-5.58608836,4.42333501,12.21441709,16.46309613,-3.25578924,-19.76197395
10.17519217,-4.87835261,-14.11801141,-6.73132793,3.06936994,-16.92024223
-0.84072364,8.99001071,17.48853321,-13.82691015,0.1145228,-10.28608881
14.8391386,15.18020869,6.66128695,-0.53723429,6.73993156,9.16823483
4.44207861,12.97801506,16.93665767,19.61230148,-6.45330862,1.1013106
-15.67316848,16.04003952,-0.24113323,7.58193678,-14.05854314,-16.61646604
11.57840097,-5.60899693,17.11051523,-6.63467978,16.50155451,-7.84123024
15.22577692,-9.16006298,18.52338657,-2.24787527,18.58195161,-2.58638145
13.06561187,-8.57759767,-19.90886555,-17.37085451,12.73049118,15.54833054
19.23318889,1.72031804,-18.85449326,-19.3316446,7.68787381,16.65854122
-8.09306885,15.38265669,16.98834454,4.06413231,-19.34890046,2.11008428
4.07914507,11.35924789,12.61856511,17.95108401,-3.81025616,-9.80550019
9.60802904,18.78097586,-16.7160241,-0.08314885,-12.25145381,15.83439744
17.27297936,-0.35557991,8.68496169,-8.19894878,-19.034955,7.71946072
-4.61334305,-15.80919576,7.96411971,-5.20931956,15.98042069,-2.62873873
-12.96639553,16.3390225,-9.92343909,-1.35558809,-9.22578283,3.41479287
-8.96202152,-10.25793976,17.2682971,18.64486387,13.69873837,-2.19771968
9.02839942,18.31466786,4.08054578,-0.54897727,13.1612421,-12.47692979
-9.91947505,-19.86763888,12.83900977,1.30436728,-9.51135858,-1.39340299
3.96710723,8.39114009,-12.88730742,5.93870445,-5.0029268,16.79038984
2.36503528,10.58612834,-3.13522917,-12.70551944,-1.45695439,0.64225586
5.19412359,-0.86630856,19.35507255,7.40846122,-17.46203712,-11.71927453
10.02324877,11.76691318,12.62677817,-7.12686876,-10.84438561,3.31476036
-15.82708502,12.68018861,-15.33203493,7.03804549,-10.77148022,13.42034379
10.01067313,-3.5884729,10.6708461,-7.47863536,17.12598752,-10.83279295
-17.40925646,1.63526138,4.591645,12.7760556,12.43222315,-19.90034898
-0.67410642,8.25494021,17.38483754,-9.00723916,-7.89637183,3.67540984
17.79188481,16.54017272,18.38465943,9.98223767,-11.6450464,6.94408997
15.62322549,3.03875782,12.70376547,-3.84645519,11.84067994,15.52084062
17.24222502,5.64471806,-0.85603981,-18.32902142,0.73991615,13.20714825
-12.42044175,11.69287788,4.22378663,-9.53287399,-7.60175996,0.34316632
-14.15085857,16.99896485,5.4925071,8.23106433,-6.18221984,16.22281799
12.96756396,6.60210116,-18.97632516,8.30110414,-14.22391948,16.36291509
-12.97443388,15.62746583,-13.87018141,12.7486558,-12.97104535,-2.35891498
-9.18050556,-3.34945612,0.61224954,0.49949986,-10.43352745,12.93038476
-16.88814693,9.68157595,8.57791886,13.70826106,-17.97636396,5.64883625
17.44802091,17.18001665,16.12548147,-10.66179124,9.87950206,-9.5723654
8.19985869,-19.45445461,-1.21953933,-6.42990431,0.75389349,-4.92134762
-12.86885159,-19.54270262,15.06168118,19.56245776,-7.04856969,-1.49162552
-5.85206416,-4.00123175,3.39953302,-13.48474036,0.39373152,-3.09713043
-4.28390817,11.29723456,-1.92393633,-13.45416696,-7.95156479,19.6084237
8.91500517,9.3193755,19.04794797,15.68756549,-8.40615653,-4.84697441
-10.55543258,17.12162493,-13.01049428,18.2715107,-16.75958849,8.92085187
4.71900625,17.17980812,8.31197535,15.04704655,0.02557423,-7.2886926
4.59675266,2.0680424,-19.68368355,-2.20400174,-19.22610472,14.72340506
5.12773532,-16.82685833,0.88862793,-6.60268715,12.69080697,-19.1276111
13.48749503,-11.46952038,-1.86928984,-1.84954271,18.9544681,-9.99199474
-6.62415611,-15.19515796,7.07145034,-17.97828204,-0.65847613,-2.74042688
8.85077184,-7.10024969,-2.28565815,-8.63422705,-10.00856287,1.51566265
4.07537137,17.96542198,1.04854799,11.04235778,-3.61246494,-15.46315032
15.51809247,-15.60599139,-4.70737726,-6.5747034,1.18515824,-1.35158344
-10.74401023,13.54734518,4.95069872,2.2403447,-15.42849401,-16.4722493
-3.5491227,-2.72148993,18.02561563,-5.32698508,18.93012166,-8.63223511
-8.91411382,18.45770131,10.14688,15.33665003,-13.81749337,0.92051569
-18.92813357,8.82808096,6.00476249,6.98580045,-19.65323794,-3.39753622
12.29591738,-12.25670939,6.18193264,-6.7392975,17.77932501,-13.68145664
-17.75763867,8.33682723,-16.10202663,4.29018426,-8.03447291,-8.30535673
13.29816899,-19.40056382,-1.43402802,-5.0580792,12.3975651,-17.6949812
-3.464664,-5.64578574,18.8187323,12.41204894,3.96569207,-12.6362356
8.92068155,-3.15762197,-7.78697233,-6.67525515,2.87848942,-11.22605472
17.05735686,1.80969279,-4.77513832,-10.2918613,-9.31591356,12.98365642
13.84267867,12.15391462,-1.48362544,-11.28616647,-5.33857401,18.12604481
9.49770534,4.96479236,-7.08574611,-3.52508062,-1.14449177,3.1536979
-12.7340382,15.46523989,0.27836268,7.14725283,-9.62764709,11.6894734
18.43449592,6.76821575,-15.06101295,-1.99929058,14.44586946,-11.32769863
-12.6824734,15.88562637,-0.1847858,-10.9339738,-7.68250391,7.36458911
12.24598867,-18.46316624,8.20395774,18.13337886,3.1043604,-16.42513321
9.00081991,1.31257867,9.96832748,-2.23888181,19.64375473,16.52042005
19.6099311,14.95082285,2.92241314,-14.75412522,-10.83678303,14.75854422
16.81189517,-18.79773724,7.42076997,-12.22091221,19.23551493,-11.9543501
2.2697116,-17.25860686,4.85528193,-8.01345873,9.35660916,-3.50855195
19.79865817,19.7560795,-2.24692924,-6.27119043,-16.43870986,15.20228115
6.94985733,-13.83651856,19.40327274,-3.23114566,-19.13371975,14.43798217
-10.51613482,15.64613011,-7.18392136,2.32693267,-4.42218726,-9.84514613
4.72091738,17.46669073,5.83262098,11.52697772,2.63466813,-4.90513808
16.31009826,6.32608637,1.13934462,-11.78810941,-10.7675309,9.16233494
19.0900321,-16.43479264,16.70154392,2.02883839,10.3464898,-7.89192422
-4.26734707,8.43427069,-5.26172318,11.48677026,-5.46561063,-15.33846505
18.52301089,1.55337114,-7.27190775,-8.49491348,11.58326489,-10.8612478
-19.98699529,9.56884518,3.84183429,-16.87336977,-6.36129689,18.91503294
5.91936322,19.98854448,17.52489497,-6.62748831,-4.50401312,6.94155844
11.66938277,19.50819166,-11.44798742,7.49092843,-1.47506795,-17.12098979
10.97304619,-19.03235935,-19.30687145,-4.37212512,-5.01069696,1.30968082
-13.34143278,0.51316267,19.81379945,-4.85595898,14.34592697,-10.13277813
11.1264021,-19.85850849,4.74044984,13.49722499,-15.82615035,-2.65256416
12.21600318,-9.53279508,14.68496376,6.80851259,-0.21259416,-9.05465847
14.35914109,-8.36478184,14.31010584,-8.00973519,-1.39194194,16.42641599
2.54102781,10.27930404,8.05300219,-0.37463099,-8.38137634,3.76589539
-3.82636265,2.09813778,18.7116242,13.69220549,-19.24523881,-3.79236498
8.49204084,12.35663856,-2.47873921,-3.00147662,2.96362858,-8.76699383
10.38520387,-6.81843453,18.74967588,-11.8938632,-0.22780564,-7.48485029
-0.74873769,18.01076048,-19.03978009,3.21109306,-7.91285271,-0.22485123
13.65716233,-7.91579076,1.84996651,-3.02914007,3.38302764,5.52987201
16.76402115,-18.38103872,19.50112355,18.68754261,10.68405341,-11.2295966
17.17701151,-12.89419913,0.20435571,-6.36460251,-19.81765698,16.08701052
8.16960309,-14.27165029,-11.77692984,-0.35185251,-10.75830439,9.2969625
15.48877753,8.04339681,-19.98827187,-6.66221708,2.86322116,-16.54224419
10.44644601,6.01935384,-18.53923249,-17.74635941,-2.84874574,7.83234702
-1.17900119,-11.50809073,-3.78923423,-7.88835975,6.06017086,17.0993091
5.86735948,12.52754313,13.98327315,-17.90552976,6.5570949,-9.37187109
15.25228485,-14.13489289,4.66167698,-9.62407012,9.99517664,-2.7953582
14.18651794,1.99553628,-0.96446233,13.57288209,-1.65106619,6.64707796
-2.02564915,14.65346502,14.52355519,-3.80722408,13.64038188,-1.90076266
16.31205332,-5.80504927,7.73610678,-15.24824604,4.80386449,6.66268719
-4.84394634,-13.44918734,17.42485182,6.67226651,7.38161373,-12.73234278
17.09029538,18.41280406,-16.76986328,-13.41505192,7.63815514,15.90781167
3.66426193,-15.66450336,12.75418757,11.28986678,17.89284616,-7.60555566
-15.06013086,-13.5033921,19.58548871,6.91095646,-1.66825221,-18.18041758
7.44077338,15.02778737,-13.39831308,15.96494165,-0.54699696,-4.20950471
-12.33978346,14.065427,12.53566656,7.03277649,-7.7632305,-14.44246658
1.66412525,10.52541132,11.71456867,2.78328054,-5.75942228,15.31810319
-9.5458159,-4.17437997,17.60818759,-1.5054617,15.96675473,-2.75177312
-2.40170399,13.61279513,18.84794268,-16.96251927,-11.84203598,8.97677954
16.66582158,17.86601125,12.07522862,-8.24915733,13.94232257,-11.85022187
18.62303928,-6.33280084,18.37116858,-5.60273023,-19.63380138,14.68746711
8.21783413,-8.91506004,15.88611294,-11.08624769,6.18339359,-5.30422406
5.70403786,14.90213627,-12.32877829,12.95822589,-6.86943369,11.8446747
-16.36330362,-5.36037022,7.78324129,13.86343935,-2.471043,0.68323789
12.31393599,0.47918502,4.17869337,19.06630169,-1.21226173,-3.43187295
8.94288048,0.50549594,2.52722488,-3.44059266,14.22456688,-16.6005265
2.28834978,-17.08066965,-7.95798189,-3.14281785,12.13951794,-2.9537211
-15.99887377,-9.49635534,19.00385751,-6.57627256,16.47842483,-13.39339086
-14.26069123,16.49311825,-15.43456832,-18.20373236,-5.6693222,3.49653525
11.27936244,5.81914039,10.64153992,17.80876955,-3.3546975,18.19450197
-11.7697174,19.82110432,-19.42695701,2.11433385,-6.82459562,4.88915549
17.06827728,-9.51203699,2.19613104,-0.49367563,-18.03248806,4.36218971
7.09007722,6.01817162,14.95109068,-3.6083733,19.1147404,-13.55534898
19.01813291,14.79194214,17.41590859,-7.11649776,16.18936987,-3.07757979
9.91436032,14.3995794,9.36369701,7.81753043,-12.23734842,-8.39671848
-5.04765436,-14.48043087,13.54646814,16.48875793,9.58266448,-18.42452065
18.32408561,-9.47535367,13.33884717,-13.87106557,13.18527624,-8.07519202
13.34333511,13.1546918,-4.38991419,-7.19079173,8.91586265,5.80960474
9.36286631,-18.02305444,14.61893493,-3.00222031,10.13940158,-5.8427885
-0.48255981,4.61011609,-6.97177015,15.90147903,-4.57549145,-1.50751348
-15.41320301,2.69191101,12.41863242,10.41190048,-6.86439126,-1.72698911
6.4711702,11.69555061,-15.70156003,-8.03687874,-6.09111307,1.40549189
15.74317259,2.66279472,3.93754983,-9.04874418,12.32699594,6.50805687
18.81854947,19.9471772,-0.42527815,-12.95856153,-9.1781242,10.82437493
-17.12198041,1.7022951,5.13915858,-10.02181046,16.32315785,-3.3456563
-5.74673044,10.14157289,-18.138622,-6.21273971,-4.56234864,14.27733939
6.99105771,0.1260926,-19.61950361,-19.04460505,4.36453787,9.87349678
1.26779479,19.45675982,10.04478395,3.58434495,-17.22239053,9.05607362
13.79734935,-5.49576858,0.57879604,-7.06261624,-4.5077317,1.60156923
17.6358474,-9.73152204,17.49251995,-5.5605142,17.37906685,-8.28520953
17.93319437,15.19686431,7.47417209,1.15902184,2.08526854,-5.45489574
-15.6701468,14.9669876,9.28960584,16.56712147,-2.91312425,-2.90540136
19.68112177,-10.55862818,-17.30894661,-18.9277407,19.51904761,9.48092145
5.72401354,-13.91951809,-19.13838789,2.1363814,8.30437639,-12.35817294
-13.61769608,-9.57040613,17.61540002,4.33690537,-5.02375232,9.22239121
-2.60852699,17.61258357,1.36059895,15.00435788,-2.75432735,-11.01232655
7.92278015,1.69370631,-14.5195076,-9.55912454,-3.75654427,0.57496599
15.14200013,-7.02062078,10.91138299,-11.21150981,15.06808706,-15.97239484
16.01874739,-7.15260555,-6.44564196,-11.30502041,-13.80931332,4.67352181
5.86406045,5.42639034,-7.42208827,-0.59765755,-1.50726639,5.37928204
-16.68288905,3.09472563,19.02454058,5.88972712,14.06370221,-13.63139658
-19.56577717,11.87513192,-11.2315394,3.34433136,-0.14025254,-17.92964612
8.53446414,11.29137534,6.84006071,-3.61163978,-19.98427526,15.12155323
-1.86303452,17.66921137,-8.59060707,-9.63725979,-2.41678686,9.20931804
-18.83105625,16.96891347,-11.47630561,11.65358111,3.0509383,-3.39551018
-18.79269348,5.35518255,10.89386134,17.31130121,-2.44687732,-12.97570153
11.02950182,6.66390643,19.53998879,-4.66823547,12.16199416,2.64792049
17.23526786,15.69216701,-18.37581363,-4.24426801,-7.90805148,13.40943784
-16.35058256,-19.84537297,9.95116387,14.29773829,-2.90010209,-7.05446587
-19.69381652,11.24849618,13.57355856,15.77713482,14.26296332,-16.15200276
-15.05861804,10.46978815,17.63724046,15.1519057,-2.49499232,-13.09138436
-2.93144078,15.55319354,19.28917476,-13.94243003,-5.40757681,12.8265134
3.90209823,11.64994668,1.19626433,-5.75253212,0.04700976,14.48577235
7.10546892,12.79710265,-9.93938343,5.74611492,-4.00937876,-18.56555013
-7.25763649,18.14854137,15.55494798,14.64379396,-12.37796923,-8.41864947
16.673305,-5.54204292,14.84245596,-10.06273405,-10.6016989,18.02235979
3.18195316,15.27210974,14.04186948,-2.30236182,0.59393738,18.2728181
-9.44956627,19.7391669,11.29106081,-7.09782581,-7.3164507,9.32961144
-6.4028465,15.2406433,15.65533978,13.73468373,-13.38808511,-3.50038883
19.50256841,16.84986182,19.06306816,-13.42112604,7.6305603,-2.54557801
19.00164431,-4.93964648,11.47612583,-12.22598358,1.43539566,17.99309766
12.43276603,4.66132995,15.86556103,-11.34175039,4.25755951,-3.22926673
17.89122597,-11.44303138,-1.46336237,-2.30565859,6.72460307,-7.67066769
-17.55040247,-16.40480875,18.77433082,-0.80848522,2.24461621,-14.34836956
17.49882183,2.6863659,-6.82672925,-8.17327971,3.3512674,7.7076402
17.75920442,9.01451771,-5.96742297,4.57413831,-5.16609748,-1.89205565
11.18875981,8.21710399,18.05850877,11.40713311,-4.68881551,15.65826251
19.19076655,-10.38078023,-13.60221989,-2.77480551,-4.03651344,2.86253513
-15.38745513,-15.17047426,12.08376359,-6.41085163,10.72308941,-2.40672205
11.28487992,19.32282816,6.94064311,-9.69371486,-17.43566286,15.11972639
14.40890775,-15.19907187,6.53136035,16.39743924,7.72661263,-11.52405707
3.61775775,-11.86437956,15.00827126,-0.55660577,10.6465888,-12.365119
4.54676836,14.19713488,14.96565784,6.7510213,-0.84511462,-12.79910691
-16.14566359,-11.1736025,11.91422265,7.0449972,2.24270567,-6.70845884
17.73226082,17.92220747,-11.17272459,-2.1862749,-13.79585727,14.9707814
9.22264891,19.37240667,6.98974736,9.25950229,-1.68754253,7.39019079
1.98285751,-8.42771029,-11.51831975,-3.49550726,-8.92316162,8.42317944
9.75994324,12.76406899,-8.10672655,13.91973734,-2.24469017,-13.49513471
-2.1257356,17.08199673,18.11314458,-0.6774826,-10.8339758,5.95970387
-1.50586669,-8.67969017,8.32545712,18.77685886,11.20585003,-3.96944808
17.42564828,-1.49193294,8.10524198,-15.06785662,17.54389279,-18.17276969
-17.70461296,9.43574923,-9.50906018,10.14948597,-6.8240345,-14.87159245
-6.12944642,13.18126978,-15.43514721,2.76823933,19.54067655,-12.87662103
19.8209147,12.27575739,-13.12085304,-16.81051488,13.63698076,17.0045823
1.32767367,15.82374667,-9.68016022,0.19401756,-10.21954099,2.46919025
1.14318728,5.82395726,-10.85991736,8.05951382,-2.59980798,7.40852843
-10.67136464,-12.50532512,18.60264895,17.58021766,7.05739924,-6.89008263
15.07712662,13.85723331,4.00215057,-12.12498242,14.41647852,-5.31629047
-9.3798504,12.03018416,19.6285943,19.36995695,19.03211884,-16.8886622
10.15875314,-6.32557353,18.00946739,-13.49474015,1.68766999,-7.74706763
-18.08199461,14.52425271,4.59669465,16.25407091,-10.08526915,-14.72858912
-5.15825353,-18.45615221,9.41684102,2.61652586,-15.46990225,-3.97413285
3.88811394,4.71455203,-11.32038453,13.96636129,-18.95765764,7.0487314
17.17089881,-0.80735908,3.38285431,-9.40346665,6.29872107,2.57915466
-10.92099509,3.884464,1.63109963,8.32609087,17.90256727,-11.30599519
12.38006125,-0.0662547,12.23246749,11.35109277,-14.32866799,-10.96536511
-7.85379917,18.00241822,-10.22420537,-4.4616991,-9.14880253,18.03745616
5.02392779,-12.22227634,16.53742158,-2.98408147,14.96037037,15.12866482
15.87312495,15.66745708,5.79857955,-18.61652791,-10.38854937,15.4365585
-16.37593019,18.69999842,17.03347158,19.37047057,16.63139592,-8.78782303
1.8793453,13.37964438,18.23288711,14.79217435,7.88397008,-7.28824962
-8.03901148,16.24755077,16.24872152,13.15015306,14.64215899,-11.71940427
-12.57447345,18.32183308,-17.19257852,13.95802079,-1.90276065,-9.5880854
-15.10934883,12.66782605,15.40547712,-7.28739019,17.87065096,-5.93353263
16.62679474,-7.52499287,0.68032001,-14.87145736,1.99885775,18.80186748
-15.33610555,16.25498905,13.94816239,15.26799061,19.98355056,-10.02727885
-1.48139838,16.91887182,14.69148512,10.22493889,-7.84121593,1.44468239
19.47815724,6.1916152,9.5429917,-10.18848351,6.42787928,-12.02314064
19.62651146,19.6899703,-5.52723524,-5.11360159,-6.27875263,19.610483
18.80095444,5.58060584,16.71218147,14.07809032,-4.81550888,-19.97316552
-2.24484753,14.601011,-3.74887291,-3.4307495,-9.79458372,0.05669727
9.049264,4.42509115,5.19613282,5.25996382,0.97421327,-2.50943303
16.74555694,-6.54125697,8.53079644,-5.13575567,18.41381161,-6.36837747
-15.81058759,-3.65215594,14.53735518,-7.14282457,5.46342624,-6.3983009
16.75720926,-9.99797047,-17.66755316,-14.06396606,-4.8436537,14.68040559
15.72402521,-18.55673926,-6.91433328,-3.24452603,-2.78054809,10.58134282
11.7802814,15.86208497,18.82358409,7.63049508,0.62701203,-16.11178243
16.35489502,7.37335815,-5.44200565,-2.51532745,-3.54839972,15.04335478
17.06372216,10.67041877,-10.46260726,-4.66130404,-13.63012041,11.06722036
7.7060358,3.52427528,-1.9382378,-6.24165391,10.65158553,8.4920059
-19.17087298,12.56386223,-1.11959083,-19.95451157,-1.58714029,4.46920772
-14.49766229,19.93339265,-10.72892688,8.98464428,-17.70372525,-15.85900988
-2.90782548,17.66963791,-5.58646358,-15.80409571,-13.84859826,14.18975304
12.15825443,-2.73051516,-13.62814075,-9.35425824,-0.08321216,-9.1625158
-9.90819275,-2.96947896,4.70304063,7.49907515,5.39137873,-2.22067559
17.21522622,-19.79547501,-14.76139925,-3.08058714,2.6693791,-15.11322561
-11.0927403,-17.09974814,11.38364085,0.79291797,-9.16640983,-8.68090275
10.15489117,-10.84538164,1.34174451,-7.71119753,-5.96525641,6.22698306
13.61713985,-7.60560926,-11.40229494,-16.82893445,14.16882248,6.46057883
5.74066673,-10.31181827,17.54829629,-14.51825037,4.96379546,-7.65060884
-6.40917191,17.6777249,14.37999034,-18.24479963,8.89789201,-2.46621524
10.39350073,-2.31546333,-0.10168015,-8.7296907,4.32658982,-14.1589708
6.20944355,13.6890207,11.09444813,-17.71102006,-3.02605017,-0.69377427
16.97088631,11.69766332,3.10302034,-1.82395739,0.01871569,4.37688385
-0.02746145,16.39978414,17.36765057,12.47596354,-13.45971438,-0.12606428
-5.95085685,-16.94537576,14.06059025,4.14114475,-0.52017888,-10.75954607
-17.67497124,16.55046762,-7.17257606,13.35904648,-10.95568641,10.58603066
-4.17292725,14.13208338,19.87491007,6.58130698,-2.96682476,-6.20530806
-4.69210581,2.9286531,18.01873308,4.31414051,-6.77779472,-13.80157452
9.64263171,15.1461643,16.33531296,17.89536138,-18.74393509,-16.86524414
4.9075434,19.26156348,12.15112365,-1.60079089,8.44527116,-15.61751539
-13.56424153,7.9750914,-8.96545772,1.53366561,-3.30097176,-3.30088777
-15.16020838,13.22931731,9.49659467,-5.34669561,-2.05691606,2.2836691
18.19431558,-12.22887657,-12.32305775,11.28406375,-14.40786475,2.48208497
-7.35365403,-7.756948,19.80238596,6.08739177,7.59066455,-7.30388494
-0.07892309,19.2178636,7.99171156,0.18589045,-16.47838859,17.65582111
4.05941717,19.49961784,15.48294148,-1.8951882,5.17085712,-12.49260062
8.90193678,3.66313743,-3.63313657,-5.88225328,0.21691574,19.18073566
-11.20988202,13.77506753,18.59311999,11.56155372,-6.82948196,-8.56502653
-19.89649862,8.31829076,-8.49861849,-10.99409381,-2.41951625,5.70019896
13.94231518,11.8445488,7.23649605,-8.85061434,3.30766591,-17.61775435
11.07175959,-18.9591134,-14.91287887,0.55582365,-15.1736495,8.81731745
15.29922766,-17.22660062,-5.59081656,-7.1110987,-8.2836426,19.62852122
-10.36687426,-12.12848122,17.41321057,4.09265202,-1.71001153,-7.79864915
17.88608431,7.43698443,5.99221002,-3.08227628,14.23570711,-6.97604264
4.48506414,-17.67800149,-14.26463502,-4.53353916,18.74339319,1.65227048
-15.81609736,0.21751071,8.31124273,-8.81299097,8.76716775,-4.37858512
-7.9486218,-12.59835276,9.46054021,7.90888001,19.71691242,-4.35573046
-10.70895902,19.20756274,-1.66093145,-1.70849128,-19.21516739,-6.3385571
3.67886548,-6.37761997,-14.26878409,-2.61818889,6.18974962,9.55378309
-1.07208312,-2.75336843,17.60777862,17.42924406,-4.10807237,-14.13308204
-15.76441959,15.29449048,12.56565137,1.936327,-0.51808094,-9.6219653
4.26667253,-8.88862362,-18.20413518,-2.88791263,-9.44751107,10.70623749
19.72829986,8.17445993,-0.64809432,-10.5842918,-17.9799749,14.01856695
12.19943487,12.22339422,0.0821162,-4.55070984,-3.64431006,12.70318884
-16.63116318,-8.41635461,7.16780318,7.82150901,-15.32153459,-3.12527297
10.36011514,-16.47371317,-10.25933813,-9.07738863,-4.61611576,5.76321546
19.93886831,4.64956901,6.27701808,-0.17336086,-4.36286225,-6.25272703
-11.78544639,9.41323393,1.55793643,12.18585978,-6.33850871,-18.09595565
10.54483589,12.81125831,5.2662153,-15.28865346,-12.48015968,13.28984955
-12.08313682,14.45125569,3.88980458,14.88576533,-5.00397049,-2.10529658
-9.18004889,6.21241495,16.02240419,-16.39067255,8.39292115,-14.92747154
18.15105302,18.30792104,14.66249765,2.85855596,-2.7671229,0.43213605
12.28785412,1.74039353,-11.20286412,-7.31308904,7.04735779,9.06010513
-3.98227148,3.7479058,4.60496613,5.25290389,-6.90676411,-1.97949988
10.29826099,0.70490188,-17.15000468,-8.45021517,-8.09485777,15.78090741
4.63751454,-4.75759441,14.97578743,-4.40043436,7.67087046,-15.19095108
6.89332204,-14.67376859,-6.29283333,0.05233897,11.74340652,-5.18302689
1.32267503,-2.07391427,14.40613785,12.11372563,6.04188984,-6.18328297
-18.69594688,-2.48617221,-0.24003264,11.16904937,-10.39061086,19.43813089
16.10254998,16.87131455,-13.98857897,-8.95439167,-0.30378431,17.71485055
19.77664497,-17.47366502,16.61542022,-8.7688291,13.18494838,7.95400799
-10.50409246,15.70717057,18.83491796,-2.90187316,7.11506794,-6.57375591
15.63478604,0.31434407,0.69084906,-11.61103564,2.02120333,8.40539343
17.23674804,6.71418755,7.02517075,-12.95303658,19.51904756,-8.32227101
12.02705454,14.95443785,-19.3383753,-11.69602327,-2.29612221,17.34097494
-0.74177413,2.20003263,10.08732095,0.07774358,-1.36078037,-1.74997925
19.70182026,-15.13979504,-5.93164867,-0.39620675,18.07512265,-1.63428916
-5.57490743,14.76347248,11.66844543,-13.56710478,12.35844711,-4.72541191
14.09057334,-7.62162669,-6.16349757,-8.17278962,9.31021032,-11.01575966
10.00483648,0.70792742,-8.07441714,-5.12132362,-14.31148624,3.62479186
-7.22742581,-0.94938469,8.02061547,15.83854608,19.27978681,-7.12459427
-18.12178552,14.33666248,-9.20001327,5.27466887,-6.66910065,18.40485613
9.8641674,15.89328462,-9.57151109,-19.32206343,-14.05949842,4.82638376
13.69883526,6.55101014,2.3285512,12.89665387,-4.12743591,-12.06886844
18.71913936,-15.61765902,-11.08364692,-17.31909749,-18.87257475,3.26117393
3.29664612,-11.18651252,-5.61883576,-19.24244942,14.59432472,3.31253572
8.08867459,16.62742295,0.24059704,16.35721769,-16.13167938,-3.82977581
16.6340589,-14.82624591,9.96918404,-19.70119487,4.80840588,-10.39459441
10.97513919,15.04906938,7.44895185,1.2088655,-7.20787391,11.97629872
-4.91295218,14.26208652,-9.39739474,-13.75907539,-1.68643917,16.78708488
-6.75535248,-7.39095269,13.44502198,9.16524892,-11.8111927,-8.57416721
-8.82028336,19.44682023,-14.86529885,0.96811197,-14.05207011,-10.0133232
-4.27117421,12.96933239,-16.97301055,-11.25545072,-7.04591822,6.45531373
7.80792886,-11.48166603,-7.73789329,-8.79755861,2.13022963,-1.51523704
6.04164452,19.74085063,18.91972935,18.0959432,-1.37594105,-11.28777738
-15.38037772,19.8936717,19.8202975,5.63123567,-13.59383072,7.83499758
10.84193115,14.98713408,19.43174219,-1.0529624,-7.21965826,11.57592338
-11.86890378,15.56172576,-12.16960023,-4.85253513,-4.19140335,13.07016427
11.98013183,-7.38200548,17.13498194,-1.57558491,10.59623427,-3.80047074
-12.35018612,5.60701436,-3.56139763,10.19380746,-7.58882875,3.80918588
10.34516038,19.16114294,-18.02807066,-10.86703678,-15.3856328,16.20388582
-4.0608143,9.36566865,-5.85523962,5.43497868,-7.87704925,11.31306363
2.76627831,3.55079618,5.10094144,12.20741159,-8.91651647,-4.41042177
-14.10942571,6.54117564,19.0592225,7.17911532,-8.348484,5.67410647
9.24164194,-5.35055126,11.78058213,15.61004851,-6.11395405,-7.51847078
0.55368474,12.11124575,5.13655077,8.18395648,-6.48636711,-12.55435969
0.25019669,4.26471537,14.61429636,6.74464313,13.52126856,-1.28096373
19.39003851,4.21716554,-11.31187598,-13.39836242,-4.80187006,-1.06083092
11.14965171,-0.43185108,18.23127974,11.11795421,19.94294789,-4.75892274
-16.35628222,-8.60627196,6.81197361,-17.51133131,6.09155807,-4.16176564
15.15986949,17.38647176,16.82615716,-4.64240868,-11.01141637,16.51379362
5.51536701,11.79358679,13.73248834,11.10805287,10.17625291,-4.1210836
-1.46482993,12.02893443,16.34197706,-12.76708161,5.0684929,-0.60292027
-5.9262729,11.83038221,11.62428111,6.92684034,-6.51147377,-9.92807169
11.04544097,7.16334875,8.63299564,6.05419067,-3.90938645,-18.48110877
10.89316432,-2.41877538,14.53168808,-8.40490676,6.92411551,19.92528386
12.1536415,1.68415338,13.65237828,-1.12345115,-1.01067641,14.64502043
9.76798016,7.54346009,16.85815738,-5.366767,-5.98436418,2.58867829
-15.02042464,-5.15184791,18.26072962,-3.70763119,18.02736639,-2.40800266
-3.79025783,-0.18594626,18.22643639,12.53738577,-8.48710961,-1.07472076
19.3469276,7.28180144,-18.41622446,-13.44459601,14.68084988,-13.53567766
-0.45917765,-11.37322916,16.36408734,13.25767703,-11.3183807,-5.24216545
6.48676888,6.84190922,-7.36279958,-3.74579632,2.38047037,15.01604654
-15.96620087,-0.76857323,19.77108337,11.89084961,-17.05620438,-6.7767109
19.20578255,-6.17651036,-5.25462675,-3.84856199,16.9329932,0.40243024
11.21066224,16.0055406,14.10952128,8.67431249,-2.1781456,-15.9411078
-9.68173055,5.54187103,13.74701964,-7.78445399,15.26436573,-8.9024603
11.50156922,-12.24754055,-6.14768962,-2.43520598,-1.81938408,4.02150838
-0.17218924,-15.12530125,17.34422788,15.72792916,3.19468281,-7.84671105
17.9300453,-16.01450853,4.49471551,12.31015349,12.36693619,-2.11568626
10.08715514,-4.22792192,-2.15261823,-2.562059,-8.5938171,13.34008625
-14.63732826,5.20307598,12.82174353,19.93890866,-2.31822228,-4.4287748
13.75002298,-5.86017922,9.43273834,-17.35383799,1.76832277,-4.69209406
14.75083747,-9.01825471,-16.92153845,-4.04492638,7.24201846,-1.84493296
12.32498339,-12.62237509,10.1450274,-5.7155775,9.94555479,-14.04027893
-16.33655884,-10.15040286,8.92050257,3.25054374,-16.37321002,-0.15422128
13.78587218,2.88119061,-5.16774265,-15.02140054,-4.27584133,4.22402914
6.84893896,-3.2094673,14.01523519,13.60688326,-0.48033509,-11.38424764
-4.17697203,-4.63671417,15.84198011,-10.57466727,17.84491026,-6.90429949
-13.74398547,16.35829223,6.24124168,8.77877185,-12.47325672,-9.13867207
1.5704708,17.01043221,16.24376303,11.69094742,-15.16638462,-15.17715154
19.23845774,-16.58871219,9.61848167,-4.30012886,18.21233839,-7.02755671
7.66566469,19.71083588,7.30122353,13.8552697,-6.49483597,11.40260042
19.23037976,-5.96306923,10.5754754,-17.32500412,13.1978133,16.30582445
18.23792282,16.5350888,-8.51519865,-14.34893595,-15.10536736,5.00316481
-17.10933887,4.34208169,19.14848362,0.28330959,8.10844951,-6.38155423
16.56722171,10.06955366,10.54184046,-6.11584286,-14.46074882,12.13063142
-16.78454574,15.41614013,-12.86400026,13.09683047,-1.15739081,-16.88334131
16.95222133,4.2796925,1.7432584,-11.86254716,0.64391276,15.33875272
-11.9721297,8.21397528,6.3909821,-8.03630554,-6.05642619,11.92479496
9.9852309,-17.95322731,18.87165405,19.40187635,-3.48704437,-4.02663855
11.4582333,-16.7921061,-8.28765919,-17.7436248,3.19772292,9.34700216
-3.60289919,0.0662212,8.92758242,-8.19567143,12.0551518,-1.61544123
-17.44488394,-11.91941111,15.81436954,7.4595423,8.72005019,-14.2326986
-7.604938,11.27713683,-17.81806649,-1.98515938,-8.28555202,13.9767775
-8.61686818,-16.87579603,6.68403461,10.00356969,-9.29048638,-1.53491907
15.36370852,10.17775018,11.72806594,1.36135203,-8.26587596,3.61641327
-19.79637789,1.23143127,17.89215717,11.06401668,-9.51327219,-9.76672275
-3.44492577,-13.79927492,3.90086114,3.22989988,-14.15274497,-2.33889966
-18.5331889,15.96398854,-16.81286322,-14.01401613,-10.01868751,0.91463213
17.62043203,7.90524588,19.28142125,-8.9080903,-18.51719062,12.40489716
-3.95970232,16.84672512,-7.92823096,4.15209039,-7.92379218,-2.446399
4.04080107,5.60126432,-15.6694724,-4.31186987,-9.69763285,-1.46147388
-17.3782566,19.52915229,5.73344197,8.42896487,16.79384239,-18.24585102
-14.01983109,7.75319761,-3.81557813,16.59772748,-6.72131275,17.1811075
15.71524405,-14.24550737,19.88956035,3.06590049,-14.66735302,-6.15009426
-3.14274127,18.73859049,18.7563688,2.87950165,1.38273869,-17.44261921
12.85253943,6.99404334,-4.48238063,19.80392653,-2.17647215,14.95611856
-18.51003219,-11.14327262,18.8359344,18.7878665,14.69491423,-14.73650776
8.22653843,-19.86965501,-19.52229513,11.75922128,17.84700333,-4.35934541
-17.59028043,6.50982858,10.83893469,14.87741263,-12.88863513,0.36871591
19.12526254,-17.2269693,-7.45770617,-9.45708568,15.35154372,-13.38865935
-9.65313074,11.68552667,4.76472293,2.97327428,-10.22213166,-12.25062016
-17.02899427,1.95107287,-15.69390673,15.62508172,-2.46332644,13.51298395
14.2961304,-2.26849748,-6.53409845,-10.85273781,-4.00248359,19.53266991
19.8880832,-8.77272438,-12.38850038,-12.32449883,-8.34631587,15.4792169
8.80956505,7.3045113,15.20202719,-5.48440728,11.49781693,9.21286735
-2.69088962,18.88557958,1.62143603,16.8812471,-9.55551661,10.15042877
7.17325742,-17.1530946,17.36227269,11.22766938,13.89200932,-5.58184082
-14.3733911,-9.93653782,2.78011842,-9.23019397,5.53774115,8.63928906
4.84998147,8.20223196,17.41524448,19.21183823,-10.48975963,-7.22595592
-0.91205364,2.86242531,15.67261231,-10.79127625,17.31452641,-6.41700083
-3.13927985,15.80383133,14.18294678,-7.37239466,-2.21929206,6.63313553
-13.86537657,-2.14096108,5.15380483,19.92624934,8.43826343,-2.57852486
18.87171517,19.84410859,-15.51604372,-10.95120166,0.18102655,-17.67435193
9.11636223,11.61080741,-0.3678176,-5.37678359,0.36955993,-16.30627236
16.17084508,7.27078585,-8.95787709,-13.07042968,-15.85487529,16.11041654
6.77829257,8.19630946,-15.64238115,-6.12707171,-4.24682707,5.40902968
17.52106654,11.58978691,-15.95801737,-4.32007313,-17.17554507,19.22559487
-7.76614088,-12.22120074,13.18735309,-0.03904586,-10.75791321,-12.59309772
14.47046885,8.03230861,-5.76716811,-12.03523003,-8.3583276,9.62651705
-19.13042109,12.48526755,-7.73377715,10.67845933,1.50982639,-11.35527347
12.50398829,-12.38158775,-6.89046204,-11.33245193,18.20247668,-19.05013247
9.37609981,-14.63787803,-6.68859792,-4.04400585,2.87966516,-2.48875327
19.05619616,7.68744883,-9.50469439,-14.574508,14.91755475,-17.5348415
1.1864933,-1.28218357,6.57131351,12.84121145,4.28321433,-5.01963572
15.8835415,12.72088947,10.39451757,-13.57534035,12.41726017,10.77532181
-2.55167323,15.28276502,17.39556743,-14.42365011,1.89088997,-9.53106569
15.80676629,-12.94005318,19.23819117,-13.59288043,10.74487581,-16.95045083
8.82304333,14.5256951,16.91754527,-2.54536845,-1.12036356,-10.50270882
18.98876008,19.06561796,7.0224503,-10.52027509,6.72993856,19.46937056
-13.31109437,15.74647967,-3.68139088,13.05588849,-12.50448101,-4.7788131
-3.0185882,17.29745373,19.51433027,6.16714755,5.76271577,-15.90860812
-10.95486859,-14.19409021,16.22844455,14.33311998,12.69292989,-12.15029515
10.07904106,-10.10520664,-13.19359562,-10.85345709,13.79776011,-9.40028705
12.45079709,-14.39207967,17.92103151,16.86628966,6.50637692,-6.58091216
-0.47886921,-14.8517853,9.67832497,-9.00130184,14.61485105,-0.21037094
-14.72018074,8.47363384,8.22489659,3.76474925,-4.91475462,-10.43552447
-11.67741604,7.59321099,10.55495017,15.16576449,-19.31023048,-1.83139813
-5.51931714,4.87192651,16.99155889,6.33700436,-1.31760712,-9.72165254
-15.60448677,3.7723719,8.33072438,11.56922788,-19.61124826,-3.80585147
-16.21507384,19.50088256,14.24147057,18.64128172,-10.3812463,19.65810324
9.92135466,18.75222198,3.02602272,12.36156184,-4.70283332,5.86115737
18.71309008,-18.04156247,-2.67196771,6.95061002,3.03392181,-11.39935471
-6.88818751,4.75193683,-15.95618832,-19.33627186,-2.544062,13.10305725
17.72974962,4.07632372,-7.88278285,-15.7566233,4.64773169,9.64167643
17.56721786,-9.30166832,-7.47901791,-13.31268199,4.14459266,-13.04047673
12.74099461,-2.64273299,-2.90704435,-13.39063086,-12.73570081,2.52801627
12.11415633,15.11084898,-2.00158316,-18.46325386,-11.28389706,7.39755719
-9.99370198,-16.28375754,11.8342803,17.16469088,-2.05525599,-10.53819905
-2.67444871,12.99124785,-16.01726672,13.69184713,-10.10004381,10.79746521
1.61301379,11.81321063,11.76974872,3.54975083,-9.60519345,10.77570474
18.93660627,-7.88713419,-19.32427094,-4.21101713,-2.07911357,15.44298747
-13.90053701,3.80517092,9.92489502,19.73468154,-12.60250002,-7.27839686
-12.92797168,12.16686306,10.18395005,6.14228493,-5.43215116,-1.81595126
-4.45628755,7.52924204,10.90895315,1.06811484,-6.89930364,-1.70243978
7.39347471,-13.09943225,5.1544839,-18.03156305,11.39795947,0.84348678
6.48472017,-12.79423173,-7.20506842,0.91760314,-9.96336797,4.43306735
13.5063785,-1.37760547,19.44059527,11.68243643,-14.57453378,-12.73354543
-18.24337777,1.60051164,-17.00433532,-1.04728608,5.93330264,9.57693438
-11.79696664,-15.09884711,16.01029748,14.29218359,18.97043914,-2.21508914
-15.9411267,6.64012799,7.71862382,6.88699682,-2.83409142,0.6198544
3.79300491,-12.15078842,10.42192777,-2.68300037,-19.36006298,5.82812696
-18.80707931,8.97696917,4.62363928,15.91851634,-3.61991667,4.23929367
18.78781052,-5.04137303,4.30511948,-5.48286817,6.40316409,0.81837215
12.88378469,17.15832273,12.49060486,-11.0799627,17.09914776,-4.80203384
19.88990955,-9.72931243,-10.61848001,-19.00606271,-0.05326271,19.81117485
8.10955691,17.67446262,7.32868726,-16.01440807,-14.47649724,-0.65341045
9.26682394,9.18485453,-8.65552288,-2.32284202,-9.92810856,0.47906363
-7.75006235,-19.75982163,12.12717051,-0.94050854,6.13199706,-4.51771498
-0.10639809,17.31892328,13.84613202,-8.15290936,-2.23435811,4.47817756
-11.53928294,14.72443403,-3.0218382,-17.69781199,-9.42324135,18.8161638
17.98870471,15.57466631,1.99319678,9.8215749,-10.86725658,14.17550146
-1.08664864,8.68036264,15.37090007,-16.31581766,-7.49601936,-0.09235552
-0.3277815,16.96455708,16.99246124,-6.90266856,-10.02623308,18.97381323
15.71926601,6.37888775,8.0467049,2.06111776,-1.18037734,14.11487616
15.87917895,-3.97331634,19.80459991,-2.4977486,-0.84081258,-8.10971797
-11.97666648,3.07654337,16.50107868,10.36949244,-11.5560997,-6.45607333
18.201436,6.10469452,18.89612963,16.16491252,6.73820538,-11.07777812
12.32174302,8.7353207,0.91855137,16.79330262,-2.92756589,-16.06613123
18.62636216,16.36535455,1.32147413,-14.76376873,-12.31325877,13.46521559
12.34089867,18.6704647,8.61383578,2.97978746,-17.81572456,-2.40035254
-7.85366047,16.66254442,12.99928568,2.58177434,-19.93937265,-6.05110794
12.22519802,17.47061959,6.72963838,-12.98325536,-13.33326739,0.85489568
18.11705882,-5.71679054,19.95207491,6.44436838,-13.78320619,-2.15727782
16.69385803,-2.64436607,-19.49038299,-6.48741258,-4.91094603,3.2020999
-18.14994125,-11.40759069,6.89662597,5.07410551,-18.18059175,5.28744023
6.15481611,-1.6032178,14.72546324,7.90777124,-18.2515331,-3.88408403
14.82537052,-6.19796566,17.23886703,1.92573388,18.91635038,-6.57280523
17.88139845,-17.76951441,-4.28252498,-10.10436667,-12.20880466,2.74655547
-19.84687515,13.04749943,13.53730542,12.05950958,-12.67926654,-12.78320414
15.03302337,18.80038552,10.0559083,6.31960486,-5.48204792,-18.56793974
-2.24501326,17.49971073,2.40436784,-11.03478021,-8.27387975,15.7894415
-5.12453303,6.60114817,-8.44432689,3.06276535,7.92786449,-19.55366815
15.95142087,1.05743509,0.64158687,-12.21468746,-11.32586426,12.87927769
-0.7337447,17.35914408,8.70154251,-1.57703649,-8.42822584,8.15262704
-19.96148884,19.09517652,14.21188638,15.05804153,-3.13165793,-15.71061247
12.11051977,18.13107004,-13.02420999,-5.7559129,-18.90472061,8.82832788
-17.04067084,17.03135948,-14.20747717,-3.18207057,-6.09446232,5.52574557
-19.32080035,17.3611982,17.97703841,17.12765868,0.60596704,-2.4386421
18.16862323,17.91500985,-7.97226426,-17.54016239,5.47706206,-1.30533173
3.11030283,19.09713485,-5.03660829,-8.08683327,-6.17657381,4.28826457
7.94894281,15.06496348,2.34931513,-6.85353526,10.52022817,0.83624341
12.28246374,11.50466774,-17.61628187,-11.35237442,11.60879944,7.36572044
12.40250413,16.71555169,-0.03251997,-4.67264824,7.3556065,-6.24340663
12.22992752,14.23579588,-0.52742782,13.94602321,-2.18519062,2.69605319
10.73282662,-1.50303514,3.96799319,-8.47670546,13.89492958,-5.35278488
14.13712822,-13.51715504,12.33436237,-10.87036987,-11.25839044,1.40767541
11.14252735,-4.45773949,-9.42464757,-13.51638975,17.15896696,7.6062015
16.38396442,-18.43938067,15.64539672,10.22841283,6.9270416,-1.96956631
15.12309639,-15.5134007,19.52950809,8.06811316,-7.60956424,-13.08581761
13.98399369,-4.69523859,-13.19776972,-14.49079922,-2.64362672,1.19513358
7.56590595,16.7250876,17.2041413,9.56334889,2.46667209,-12.4022771
-14.96728708,19.25488125,-9.21550179,7.75460302,-17.45141293,-4.91282812
18.96797044,12.11322228,-10.90776171,-9.07832499,16.84955785,11.39485033
19.08536793,15.83292746,13.01978124,-4.21350891,12.26561375,-2.58918425
14.86924863,-19.98112472,7.27459958,3.17922841,-9.47735166,-7.00923772
18.02828765,-7.84734456,-6.94402112,-8.34684281,-5.33286374,2.4435308
5.06766922,-14.48885925,-15.82140774,-1.86343668,-4.95735062,3.32693228
3.5734743,1.64842965,-15.73675463,-2.18755166,-12.60859206,11.65569013
2.04721696e+00,1.49715126e+01,3.89449907e-03,-7.96321845e-01,1.00090921e+01,-1.39949439e+01
-9.66929915,11.79522685,-5.41033677,5.65891845,-0.19430227,-12.26582037
-6.17103811,-17.01680128,5.22099602,10.52037522,14.70869713,-18.16431937
12.69469402,17.27330141,-13.28103322,5.93179463,-4.16789208,-18.30131527
2.53434779,-17.56160156,4.17835017,-0.19445197,4.86540881,-3.36240662
10.4134633,-7.79635438,8.34711731,-19.63287379,0.12614978,-0.65935167
14.52488224,16.9466681,-9.55314728,12.7973838,-16.12196717,4.45898108
18.47601142,18.44746108,-18.25231237,-6.41320445,-19.26630658,-0.3559829
0.10716877,8.79292711,16.92442434,13.66232715,-6.13142024,-19.30371995
18.63432776,-7.90410385,-18.8749003,-9.477586,-13.53131796,14.03158733
-15.4721716,9.60539326,-5.1336912,7.09244711,-15.8774043,5.48167038
0.41206072,16.81710859,-0.12202717,-14.72367495,-14.21172256,15.27496685
1.93327512e+01,1.17066520e+01,-1.08044096e+01,-1.25235194e+01,3.70333323e+00,-4.19344668e-03
-19.18611806,4.0054789,19.14425183,9.19241291,-7.89183875,-10.52296972
-16.52870397,5.92459896,-19.21198433,11.61498928,-6.25137505,16.03084944
-2.8220031,7.23010365,0.87685823,-2.5024455,-3.56350057,13.50570528
16.84453713,0.23446311,-3.49751338,-8.99294851,-19.44313617,12.65033794
-13.52864686,-17.69445673,18.92814293,-4.71503201,13.56832589,-9.38150878
-0.3147007,15.62841738,14.1127488,-11.38334774,-15.72139921,3.3102561
-1.23601942,-9.51086213,8.56020477,10.8330684,6.99733567,-6.48760859
-11.2590964,-3.16133296,12.84299288,16.67660834,-16.55099352,-4.19681231
-7.35440948,-17.20813903,9.64032058,17.54326745,11.2775658,-5.24936167
-2.91915137,19.68894936,-5.41859368,0.76072403,-8.6311523,5.45875446
18.07042444,-0.59808562,-0.40384146,-12.92438928,-12.07388019,6.37640676
18.99323349,18.54273272,-10.5002561,-8.1522678,2.7433525,-16.36215445
17.15794185,-0.1503436,17.28487713,-7.99178003,9.58001276,13.09122685
-6.03431684,9.08482489,4.99089882,10.6564742,-1.97638721,-5.00708879
8.58258502,-9.0296375,6.49518271,-8.40092434,-10.66040713,8.85651433
19.50935197,-10.03217758,17.59295973,3.19211596,12.55350999,-6.19460739
13.73444971,-3.28025254,-15.33007135,-6.9641099,0.34071427,-15.64912117
-11.67252252,7.3748771,-13.81217148,2.40698899,-5.03787131,0.11792123
19.59613845,1.50446995,3.93125439,-10.84433987,14.70726841,12.18598498
2.87103462,-10.65225231,-7.71387294,-4.32075025,8.06888126,2.63433604
11.85103494,-5.31920163,-15.37601885,-13.47051664,8.14212732,6.46150452
-15.47384156,-14.03028029,16.42462307,13.2686024,-8.51313091,3.2455869
-18.16845376,6.91760863,2.97442162,12.40821958,-1.86285431,-4.59248065
12.98571993,-2.03599531,-17.21731219,-4.65522544,-1.09638831,14.74178769
10.89949809,18.59217787,-6.50884308,-10.10762644,-6.26214267,4.12896296
7.35695324,16.2781138,-16.61936119,-9.36840764,-8.31014087,18.60275464
14.43166336,7.87733155,5.8594078,-8.58448379,-17.53488479,11.21619634
-5.84118607,18.18895332,-13.535266,-8.88824099,-1.59595087,15.78002859
-3.44773634,19.67294653,-7.81943648,-4.793454,-12.61669971,11.02460786
-5.48675629,2.43740241,2.23955678,5.82718821,-1.78154045,-9.79122202
-9.09117394,-18.51708317,1.35381002,-3.8559694,18.55715476,2.26404346
8.61467747,7.04793227,-6.89248493,-19.57543013,-2.07926491,10.00967617
-18.37020344,5.86966138,10.06328261,18.89772058,8.1309408,-11.30651327
-16.9030667,3.63833249,7.26262272,16.430641,-15.21295637,13.58146745
15.76093269,0.46844935,0.40874469,-12.81815651,13.99280393,0.37877151
1.64624595,16.49472522,-15.7790491,-11.94325742,-5.27326639,8.13567227
12.66525957,17.60656213,4.65108616,9.80216842,-14.17425862,-18.68079548
-4.68716574,-16.18947728,10.86461775,5.6453993,-12.21666515,-3.28102989
14.60588683,-4.36275007,-17.03866713,2.32585608,-18.89603268,2.82734398
-18.93111704,14.87382796,10.20022686,13.16799892,-5.93975838,-6.65757755
19.74848678,-3.58435224,12.94021772,-14.84930587,1.02050642,-6.97751473
16.12399111,-10.70718942,-9.54419197,-5.0184009,10.74112581,8.91599868
6.45421142,18.49433952,-18.34712696,-19.06611946,-10.9033336,0.4683956
-16.44383886,16.35520101,-15.47976389,-10.01478444,9.76302327,13.4906534
15.77979917,10.50912463,-4.6982017,-17.9383443,-3.17051223,10.44994267
4.95323606,18.17037717,11.85787412,-11.00896494,14.54047227,-5.18089294
5.81927309,-6.41003566,2.78936013,-7.19592503,1.99678494,-1.85537457
17.45943613,-18.41360964,3.16726714,-3.9394093,-9.97158217,3.92115656
7.23396894,-5.31762957,17.32228741,-12.84156959,11.75373087,-5.15389331
3.75737392,17.28636737,-14.20410172,-10.75628142,-6.98820955,14.97490956
-15.92021259,-7.51662117,5.28884776,2.40799501,13.07755643,-1.74119683
-15.43755375,18.34942928,12.06996633,9.31484294,-9.84380554,13.35731475
14.15470979,18.92958215,-0.0703951,1.75181418,-8.65445197,-2.69935774
10.94619737,12.00932178,-11.35774046,11.96306143,-5.24184593,8.69324832
-18.86433005,-18.10961934,17.29184558,-12.20476951,15.99138396,11.24850648
16.80491238,9.98233572,16.24017684,9.38197699,-7.03252189,-5.35107294
-16.02458243,12.20193038,16.27280973,4.29044141,0.68660952,-3.35393239
16.64674091,-7.28875941,10.8256098,16.29650048,-2.20881676,-1.13581298
-7.6383567,9.66562725,-19.36558303,-8.37679951,-9.14136096,16.7528473
-1.75433375,16.68135465,19.65083393,11.96266829,3.90369462,-9.07484305
-2.34717049,2.30899827,17.96609616,18.75895082,-14.81007472,-7.77214087
18.33170705,17.45640184,-7.15260478,-12.30756987,11.27814917,6.2991264
-5.26457611,-4.3271935,16.419657,-13.32018384,6.47229775,-5.40093764
16.83896288,1.34170009,-15.29217777,-14.73965416,-6.6479728,12.88471344
10.26254126,16.81459224,17.36735606,2.03467178,-5.17362068,-8.25903709
1.53944806,19.15498602,-12.44790044,-8.00256436,-0.99127577,12.23162338
16.44841282,-8.51564313,8.42637077,-16.825355,5.69800027,-15.75627077
-7.37119772,13.7949915,1.15872605,15.52284481,-10.82277997,-18.53324429
-1.63754792,17.59414455,18.51563663,2.26315006,-17.00080882,17.71594583
2.66055151,4.10018623,12.52333905,-7.21747239,15.44597972,-9.71455149
17.48853552,11.01731208,19.46401638,-11.49535846,8.20542466,6.43921785
15.64341201,13.88104882,-1.45310542,-18.65195186,-1.96364325,18.45468358
-14.69464859,6.90977782,15.5789544,19.75401962,-13.76972287,-8.53961181
17.53377107,14.30948871,11.97181474,6.52875202,-19.75437845,-5.37270214
3.19539438,3.95246789,15.78303241,16.65140878,-11.17830002,-4.06993139
7.75396048,-18.39862622,-1.78283355,-3.9893905,7.30621399,2.28687357
16.78987079,5.00603839,19.86857059,19.67358488,-3.60609325,-3.10820217
17.83613862,7.42911649,6.78680189,-4.37890088,-3.59776866,18.06125346
15.89673142,19.32678194,9.11720019,-10.7541365,-4.65105245,15.6274524
2.68332187,12.09669694,10.9896486,5.06209071,-8.2544726,-19.67781491
9.45011386,-18.01299201,7.78395008,-17.38643642,19.06054994,-5.96659139
-11.51630007,19.36524289,-15.29668124,16.17938454,-3.57051459,-15.39765597
18.13849831,19.62650624,-19.73297342,-9.46976999,-15.43225148,13.86811864
-18.24604345,7.47148391,17.09579871,1.41464241,-2.85509232,-14.85328887
-1.11985866,5.68183335,17.14140658,16.48354019,7.99376586,-15.2994518
18.52279019,9.48705521,-3.54893124,-9.24296114,17.30702389,-10.69945282
-9.07847185,-15.93593994,15.1703088,-15.57833057,7.55567372,6.90453263
4.73452637,12.92906912,19.89585885,18.99420277,3.50265561,-11.79768231
-19.84852501,8.29853166,7.35191883,-0.85062037,-5.75443596,-13.54344061
-7.53347136,14.25337139,13.29580256,12.75039109,18.07054826,-7.78406736
-14.24101771,12.45167,16.44145419,4.14398743,-3.91460447,5.63367425
13.02455962,-4.43626367,-12.90084869,-0.99319667,-19.46914575,11.30872945
16.16570644,-12.07551784,2.21059986,-7.35263188,7.71362552,-4.09250225
-10.40235032,-8.39291532,2.89269219,-7.74094501,4.95182048,8.34775915
-8.77520468,7.16638959,-0.34235654,1.74000986,-12.50805453,3.4227015
12.10817418,-11.99137683,-18.64274007,-4.73000268,-19.79654137,13.6929581
17.43503504,17.99143122,17.97909521,9.00922796,-2.55571353,-6.5890723
14.89748857,-11.12101739,-2.31287839,-11.9736575,14.7597774,-17.34608968
0.57511294,-9.29134012,14.64513357,-17.26103294,0.1992247,-7.26675809
-18.62044158,1.37884081,-19.77540201,-12.10815055,-2.2360225,5.7981039
15.59357245,-19.912245,-11.61849865,-6.81882058,-2.97667808,1.45566224
15.64152665,18.34305688,-1.98632832,-5.83596199,-1.50145098,13.87034085
17.79376979,15.4687819,19.68714257,-15.24678984,-9.60957356,3.93115406
-15.15409385,9.98203446,14.28969874,-1.44287589,-6.57379273,-10.20527634
16.53407797,17.93345547,5.11051163,-11.99151038,-0.8795604,17.56392716
10.32352637,-1.2876202,0.23292715,-2.16251053,14.3933018,16.63482567
7.20804317,-2.91074429,15.6282098,4.56819752,-13.55924012,-14.07989909
14.40751623,7.13652034,-10.77992134,-6.65604438,18.34473267,-8.16665615
-19.5433146,-0.88326643,4.65557594,-7.05350702,15.27272719,-0.79185046
-18.96837006,8.05545358,17.43843663,-17.08664425,6.28186886,-16.6805826
4.61677493,-18.59971501,12.47949497,2.90855628,15.41365971,-8.67686349
19.70647786,10.75263747,9.45221482,-2.76876638,8.66584464,-5.25645249
14.91276564,10.862673,-12.01335192,9.84922143,-2.42292455,-15.61064772
-17.36948847,16.202541,7.78031253,-11.83943583,-10.2618187,3.3416691
-9.25481303,-15.81238892,3.9221341,16.29679044,14.10569666,-2.67005859
19.0583643,-18.87397988,7.95740672,-10.39886547,15.15954543,9.69838811
6.95182364,14.11818735,13.22039365,17.63573239,-16.52029901,-5.16389544
18.68765362,-15.13314069,17.6118465,-9.65311103,7.98915709,-3.859292
14.98213864,-8.89534203,-5.39210752,-6.99366446,13.42479356,-15.20021227
-8.82346292,-10.51223249,15.08934884,11.13521322,-10.59483624,-12.44974071
17.85034532,10.13034872,2.79454285,17.42265418,-3.02636443,-7.72515594
12.9123265,15.67779541,5.82077192,10.35726321,1.62007232,-2.31746267
-17.78676505,15.82290487,-14.09847664,-11.79449801,16.62566776,8.97607632
13.62882925,11.11585201,-1.03364444,-10.23997505,19.50618451,-17.48574372
17.53542972,-1.92671234,10.25726554,12.26993699,-7.19401492,-9.37049918
9.65596963,-2.16563863,-9.24603914,-3.25619383,4.47078386,-17.24787045
-8.19954747,19.75684653,10.09630323,-11.22789368,-4.76993451,12.85415872
19.00498778,-19.5290769,-12.78072989,-10.61975124,-14.55485839,9.61139881
15.75592486,-14.69442805,7.60171223,-4.01368884,17.22188444,-16.78736563
-3.5631965,19.86775014,9.14314367,-18.78039994,10.73009179,-6.15400822
0.1882503,14.62314173,-11.18393972,1.66525235,-4.5307901,-5.95404871
17.61586807,12.79413251,6.28411206,5.93052279,-2.44071285,-19.90817957
15.82124697,10.11793377,-12.02152089,-10.63605937,2.17471524,19.40023389
10.17684209,-4.55148493,12.44484468,-9.4884694,16.52399988,-3.77930368
13.51373779,0.74297663,3.29620204,-7.82074497,11.26668135,-1.93863375
6.19833945,10.15443316,14.00748519,16.30920905,-3.89727531,-10.31735033
-17.16739539,3.41551539,17.75598066,5.79660283,-1.87036483,-13.55797204
12.62367543,2.70908558,11.68549491,19.13615322,16.66725463,-6.3411701
5.67343,12.68419623,-10.21616965,-13.367731,-5.54090475,7.473963
-19.17291395,6.37839267,-14.1018332,15.38375648,9.46726386,-16.77255671
17.89235037,-3.32165713,16.69355711,-6.54477495,16.17241375,-10.90779065
1.60267439,15.57795947,15.4851379,-15.66766862,19.03964133,-9.00870318
15.70317822,11.89616267,-13.54323062,-6.9913429,5.72984034,3.10686968
19.04553747,-6.93749487,14.22301078,-8.74792872,18.75877103,15.8407443
-5.50668483,-16.29201347,0.0574837,9.26129456,8.21674069,-1.01145969
0.69270854,0.53830978,8.10312985,-17.86937512,1.93613939,-0.7302843
-14.40797727,2.98113907,17.39102093,11.91402077,11.82451071,-16.64090082
11.10666515,14.82987872,-1.17300291,7.65783491,-3.87939172,-14.8737772
-17.62501802,-19.15555845,19.52809186,-18.04031693,17.69037388,-6.73432152
-9.95292997,12.5388789,-10.7608702,17.73213077,-12.0610556,17.8981838
-16.92635749,-13.41627299,12.89510584,-17.97099188,3.38990302,-7.29044865
12.10361449,13.42445117,-19.43087446,6.76359712,-9.81633142,9.45715904
-15.11033063,-17.28902821,17.88736376,14.07222321,-5.58276106,-13.54303349
16.11714541,-17.17569315,13.86173467,11.03640379,-19.329592,-2.72455004
15.62141794,16.74753594,11.31976941,-1.22988733,-3.66343403,3.63824941
9.73710652,-19.92005363,-5.06085182,-7.67051163,1.5690396,-11.64525428
8.37511002,-5.88824224,1.30322849,-6.60518395,0.23556278,-6.12748258
6.86880541,-16.98679321,2.6148571,-1.26656133,13.21565315,13.73341814
4.95266555,17.04931852,3.98216862,9.74461442,-10.22996694,19.79898419
-5.574414,-10.81095378,16.77643206,-14.71241751,6.49834716,16.63816021
-1.52140856,9.93362489,-9.3892517,-12.44610569,-3.48475394,2.62967394
18.30971921,8.80724884,13.6455941,-0.72620033,-5.4313147,10.36661672
13.54683694,-0.86804183,17.22086193,-7.61025009,-0.48296911,-15.30704531
15.12020896,-16.0478428,19.31511336,5.26894622,6.96321069,-11.04515773
5.96504984,-2.15458671,-8.81719851,-4.40285775,-3.13109745,-0.42781169
1.72066539,17.96754366,-14.3369554,-17.61220337,-1.59659538,13.47616675
9.49881307,-15.21992453,-7.99761373,-1.50393674,4.78202753,3.52002209
14.08284303,-18.69496467,7.22661642,12.04017031,6.87641671,-15.36660571
-15.74284558,19.57232313,-6.72720902,17.54578677,-6.18996186,17.47871363
5.77010971,14.34305476,-10.5687757,16.98650478,-8.69814268,-14.12766594
6.94408995,-6.25877175,-17.9713091,14.91642535,-17.21654182,6.2303811
4.74550245,18.67173769,8.35390033,1.18117206,-10.54620577,8.33036178
10.53605227,9.49294247,-19.96800294,-4.31657149,5.99650236,12.13862825
-12.18285575,8.1897903,-4.7934581,2.9845124,-6.33047903,-18.2864187
14.04150494,8.09990585,18.67959205,-10.7790248,-10.21127887,17.24998015
11.05336778,5.15627064,15.14333549,11.6691208,5.25483275,-3.60871757
-5.71612496,9.78052632,-18.11417604,5.87685356,-2.19011589,-7.28205963
1.21196060e+01,1.02706616e+01,7.40748534e+00,-1.85145145e+01,1.26716532e+01,-1.46322231e-02
-15.55476904,13.90089088,-8.60453181,16.52938007,-7.81308881,10.58685562
12.80775262,17.64661232,-15.15287465,-2.4626238,-16.95332304,6.05737639
9.35062807,15.11670581,-14.22812873,-18.43169383,-9.13217342,12.40188705
-3.84712062,14.01992292,12.58914812,0.96593782,3.74240799,-7.14139775
6.93951506,12.39905815,-6.43612774,4.50374686,-10.04267248,-9.39682835
-5.96307232,15.58211645,11.61829752,17.94395905,-8.37362381,-2.16008235
-6.99472436,3.78446409,-15.65148286,-17.26004139,-2.20128402,4.28692464
16.30761952,-19.72173844,-10.88515598,-14.50099014,19.56546461,-0.11096245
-3.088424,8.20121652,-18.11571948,16.11862143,-3.39632517,13.24148506
13.08311191,16.87165054,-12.07921737,-3.43916005,-8.09725356,7.63061671
-0.27579488,-12.67983574,16.05939902,-5.50685292,5.78287503,-2.56796498
5.8110542,6.69841394,4.76873831,8.32961145,-16.42749166,-1.77179762
15.41583932,14.23676135,10.9863935,0.23955494,-9.02147589,2.88869744
-12.56426154,-5.31373883,16.66934069,0.42664947,-4.50527828,-15.0368305
-4.58067022,13.362264,3.43131701,16.76116711,-2.2016634,-1.1009741
8.70440487,-16.82843629,-6.77357666,-2.14111122,14.81205661,-12.80588843
-14.99941913,10.02933257,9.34892033,11.025913,9.27793249,-4.76274861
6.81217504,-0.73272362,-17.51361305,-3.09666492,-8.52114854,-0.53406111
15.73377151,-2.38850148,10.30525752,-13.90366482,-1.49536845,10.34353013
-2.91010044,19.47098166,8.47063816,5.73242146,-9.3831088,19.12319047
12.71844398,-5.66325831,-1.71841056,-6.08289055,14.01881399,16.27886893
-14.81913253,16.61992497,11.87655379,9.6215214,-16.04241835,-19.74739716
15.03925717,-5.32648332,-5.34838496,-10.01443651,0.71469772,-18.20492476
-2.4591657,12.59461914,-5.09756376,-12.59411085,-11.22103456,-1.61442281
10.47961284,1.97451715,-9.54285449,-2.55108727,-9.79768949,17.0300426
13.10942877,-8.28657437,-7.38598589,-10.35071328,9.37646311,-0.97752485
-9.43127716,7.46222065,14.89515724,9.71702508,18.22229455,-8.37471992
15.73878812,-15.22649584,-18.95144348,13.98334378,-16.48613039,8.75738257
17.89725538,0.64038989,-9.38599702,3.05285672,-7.80309031,3.5187366
16.44174006,7.07728977,6.65007335,-9.5024853,2.8832839,13.74230567
5.06243092,17.41098262,8.46284322,-2.38368471,11.87740602,-5.54219598
-16.27771876,18.54327638,2.42435609,9.04589675,-18.44971063,5.36677813
-17.71382682,9.7693232,-0.99036617,1.54974702,-0.94596172,16.72360234
13.38863908,8.34786688,5.49483318,-4.55958101,10.07406901,-11.2279592
13.63847449,3.86322021,2.34726093,-5.01178152,-12.53014715,11.53523933
3.90596445,-7.65659385,16.42297768,10.32516254,-0.43439942,-9.95545075
-9.01675662,6.75724963,1.27032323,15.09903019,-3.30705929,-3.20721182
16.99261005,12.58929572,19.1628648,11.09609346,-7.98610195,-7.29357496
18.57542747,-15.97268353,-19.53731486,-11.02319173,7.7003624,-14.94613887
16.03971656,-7.61435871,-12.72488946,-0.74902125,-3.11848798,12.84486952
-7.51385034,18.20720436,18.74224507,-7.38729172,-1.15992413,9.21137687
18.19311962,8.92313089,-18.8860855,-17.06906362,-19.53843933,3.80409409
13.64544007,-17.20333677,5.56228739,-8.22394689,16.31254592,-14.50016762
18.58826089,-15.41593802,0.40347964,-1.26342802,17.39869043,-3.53781119
-6.12592187,15.97132423,14.98826268,6.1286458,11.5469709,-1.37902153
-13.04903627,18.99676267,-19.43781116,14.75812189,-14.74129462,12.73910202
7.07900467,-15.86353773,-10.68205118,0.80814816,4.24166751,-1.84494346
7.97271512,-1.21015479,15.83224464,-16.50587664,5.51430026,-13.77206134
12.46643268,-17.06403669,8.43327143,-13.41976656,-1.16105074,-6.79467909
-13.32713752,19.18262061,-8.33729191,5.78562374,-14.05941415,6.44133464
-17.18136952,-12.02841697,18.70119202,2.65844874,-14.87760774,-4.59952621
-7.84360614,13.05690784,15.41118653,-1.33719707,-12.1370791,-2.64028726
12.36196662,-3.75485528,10.63994046,-3.09342401,-16.60369292,7.71332214
17.57892248,16.70134729,11.48838526,-9.20657595,14.79077505,-5.88021673
18.35712268,-15.50242458,-17.14181675,-15.62322749,8.25280262,-13.19412281
8.1885721,19.69879302,14.96897674,14.58570168,8.54559137,-7.37392891
12.18730271,-14.40189777,16.87854658,0.73244485,-7.15416447,6.59826464
-13.64763594,1.46045011,15.14653011,9.53528147,16.34760155,-10.69208007
17.89917622,10.68562065,2.05012659,0.24375633,-8.46097215,12.49847279
-13.10421997,-18.44698664,16.5559636,-5.74394768,6.49615667,-5.15807359
-15.32733563,9.33511136,12.23159824,-6.2062185,16.07125006,-0.44894665
12.63417539,14.982329,4.49787952,0.33730026,-4.39051025,1.93128511
11.77341328,-15.68949479,14.29753738,7.97936758,6.60825547,-7.57936879
19.40397951,-9.77725824,-11.59873995,-19.21920922,5.63573784,-11.651998
13.18911449,9.26634768,3.00486276,17.56570956,-5.01484261,12.18949822
14.81452993,-14.85656825,12.61467966,4.68759818,15.20948422,-6.13225528
-5.75745471,15.8614368,-19.78649049,1.88711164,-14.75652723,13.74261878
-14.41945386,8.77739821,18.98637368,17.04644683,-4.83915162,-19.46767983
17.94470767,0.19844379,-17.681004,-12.33165171,1.31890548,10.42767362
5.34741894,-17.22085282,13.58959754,14.07070805,-11.16616903,-11.05980424
-5.65135539,10.70958502,5.94776015,1.89604897,-17.85514971,0.22698982
18.95003719,-16.96828837,14.36548571,-7.08418017,15.98400023,0.33620883
13.34520259,-19.92312298,-8.74413447,-8.65906803,-16.79973721,1.06053314
12.8938684,-3.66944253,13.35853773,-11.82042243,16.37608094,2.66118403
15.83075916,-16.82384235,19.04894769,11.83628034,0.45595563,-7.03787222
15.57347364,-4.00652005,19.97562931,-9.03252475,-13.9355001,3.29479322
-4.15597528,14.32879433,-6.82718416,11.44102522,-8.90067978,6.37929378
17.33478149,-17.81453905,15.09021993,-16.26335569,6.27336815,-17.49553387
11.76157358,1.51534849,-15.15328232,1.58905757,-15.79796448,6.59022946
-16.86783362,18.82228747,-18.99076592,1.51101467,-14.49194483,17.22225171
5.995176,16.54578215,17.15485342,-5.01855848,15.86664914,-11.67292946
1.39928175,-13.09701283,16.41946813,-5.05019141,17.63480318,-12.56966945
13.96243829,-1.96344873,10.61243287,-6.5300429,10.73794688,-14.66448498
6.23923079,6.15430056,-12.10106123,-0.4622971,-4.55903261,-0.332375
19.74916613,0.30307463,9.67210801,-9.60858236,6.36616788,5.35246609
11.38722206,19.97910008,9.9570577,16.13162415,-15.92550427,-19.80465758
-4.21328313,-6.18661678,7.77941255,-11.891174,11.54350607,-5.0306191
17.7773532,-18.72978462,-17.24431092,-17.21744536,9.27009002,-10.76853759
9.08657016,-2.47693601,16.38262525,2.7795387,14.34002788,-7.30740593
-13.32886545,18.73016788,9.00251345,6.60041028,15.00247452,-15.27336436
13.62173008,8.14466515,-15.43792037,-8.35793568,-7.49886032,10.14076852
17.74248481,-3.20763559,-6.94675152,-14.20054074,16.20250621,6.7127262
-1.55422198,-10.71300687,16.75553875,8.30866449,-9.59364768,-10.68541698
18.02024336,2.41734315,4.30565467,7.51800084,-0.82917782,10.32715477
16.33537111,-17.88969967,11.59506569,-2.24890312,13.30690212,-19.86580087
15.32607793,-11.04466504,-6.55965721,-1.24441827,18.31509123,0.90642131
8.01712532,-7.63848777,9.02167827,7.61120751,-17.5462378,-1.97887533
16.9698066,-13.31359125,13.45861546,3.47668134,12.57959859,-5.574761
-3.02238952,9.71840116,19.89529089,6.82175134,8.45635417,-6.14089356
5.8484409,17.50066989,-7.8442333,-7.09583548,-6.85408726,1.73442273
2.90185352,17.91826011,-0.59882768,-9.15711808,-7.82225007,-1.23679304
19.27751761,6.93049311,-15.65847368,-7.84471549,18.86553187,13.53012571
19.48240894,10.34881991,0.95530449,-16.04006105,4.33043326,12.40495754
-10.44329757,-17.10668696,13.9208971,-15.17468544,4.05122299,9.52623633
10.75854925,17.95520079,-2.7995911,10.54933413,-3.64041426,9.0173963
18.49742212,-13.29808514,17.84269621,9.13116144,-12.77451517,-12.76969424
16.75822477,11.84714622,1.35150217,2.68899276,-9.88342657,-8.03448123
18.28533368,4.63602069,-17.36296794,-15.0585084,19.80467442,9.97162993
17.44497495,-0.53455272,18.89637375,13.74708561,-12.49425978,-2.91168553
-12.62238643,8.61827677,-9.28892456,15.90511633,-4.2498371,12.96810642
2.26961815,-0.55340087,3.47142276,13.59720523,-6.96311767,-1.49128652
12.55754102,-19.58532276,0.64088418,-16.77389585,16.35038238,5.24069766
-17.80365675,10.21016776,12.35740683,14.67420474,-19.41950537,-9.30575788
-9.93308297,19.59726769,-18.06215022,5.74010564,-11.99588889,-2.78081134
2.53773639,17.81334243,5.77874861,2.47122344,13.13165438,-2.94547991
3.86215757,14.57613234,10.52392983,9.20248124,-6.29224956,9.47695674
9.01589581,17.2149577,7.36898699,-10.70531046,-17.10916491,5.54338155
-6.96227473,8.1773848,-7.76147711,-7.46206412,4.655055,3.50262881
-6.30097872,13.86675432,17.87875491,17.56517871,-6.87885132,6.77940831
17.69131407,-2.53025227,8.3348776,-2.54914957,3.77666091,-8.16026013
3.11081153,-13.36368862,19.39570281,9.94733759,19.1186598,-1.08072034
-19.21101178,16.51011324,-17.1856094,3.88046703,-3.74698762,19.85171918
13.74204448,19.93521774,-2.66128287,17.14393116,-18.2075191,6.28349495
1.44237759,12.97514694,2.86358848,-14.24218699,-2.24223641,8.77889175
3.34969627,17.27783366,-12.13675543,-13.20123575,-15.97550718,12.32438259
-16.63068878,-10.83684679,8.97162503,-8.1879287,1.66109534,-10.08433036
2.25257763,14.30342247,13.69931103,17.78169655,-8.57402085,-18.04482314
2.54506881,-9.64239757,13.86013617,15.73941094,1.38606124,-1.63553179
12.66771129,7.0942422,-18.27729261,-2.05625461,0.93016923,14.48242039
14.82116737,11.2383748,-16.05128562,9.92240477,-4.55393846,-19.53920879
-2.53056648,-8.06912004,18.29322834,17.45486378,-12.09942264,-7.16893332
-6.40659103,17.05789377,-13.3883346,3.57338578,-10.64294043,-18.92809298
-10.53549945,15.15458473,-1.9251779,9.73217593,-1.54202977,-12.10985669
8.69403707,-12.54003662,4.32086435,-3.88550301,7.69654751,-18.05780811
10.39920265,15.82340717,16.17163922,1.93152655,-3.02059445,-8.89296101
18.52749742,2.74218471,-2.48178087,-14.66818705,14.25078324,2.95610427
18.90677021,1.9000298,7.68946735,-10.95784151,17.38365661,8.0041353
7.18064459,15.05288488,-17.15892567,-7.63164026,-9.65963511,10.96759206
12.44177468,-4.79098245,-18.60122657,-9.27882926,-3.03036547,7.43051668
10.89380988,5.5049185,6.30374893,-8.37752308,16.88046608,-19.48678806
-13.43268299,-12.27468471,17.29069853,11.69056883,16.38109206,-5.40921057
19.04735557,14.129176,15.45336443,-16.09861592,16.88651247,-11.63169367
-6.20015937,15.66309532,-11.67048866,14.05293596,-2.51823469,-3.30299487
-0.26675783,16.17144693,-4.58807702,15.98537426,-6.72303817,0.11159818
7.6518735,-10.04742945,13.16262629,7.73255211,7.89889494,-10.23020046
16.25839939,5.59846678,10.6900048,-8.66787388,9.12977407,-3.59448424
13.77437528,-1.28487576,1.83315199,-6.79660369,1.89185316,5.93861048
-18.17024197,8.30622133,19.52984611,15.98245142,14.49307729,-3.3637683
10.79437219,-19.24772302,-12.64273046,-2.32465259,-18.13359307,1.6549826
17.38601444,16.29006339,-8.14578408,-18.64424902,-4.03209451,19.02932869
-17.98549585,17.5076266,18.38464482,6.32350505,-14.36443541,5.8188807
-11.18606016,15.96020271,-9.25141162,-13.3378454,-9.43295804,19.62924736
12.80815631,12.4390768,16.05927335,-3.52761708,-6.30752489,1.06545273
2.79277995,10.56730517,-15.76527705,19.99862283,-4.00734318,-9.29143492
8.9269289,-17.40924005,-4.61653074,-4.1591758,-14.8952111,19.14204006
16.34675322,-4.14478246,14.23635474,-4.38675441,15.34581183,6.31488783
-1.28278464,3.88432226,15.90945267,9.80373257,9.12546135,-14.46213238
3.33621499,19.044541,-3.08205258,-13.63713168,-11.26252207,2.95179091
4.06227481,-10.55313388,19.19960406,17.50259388,15.30400301,-15.67630488
14.36919166,14.34734294,-13.16684203,13.17672726,-4.35355151,-17.88856913
-2.90120331,15.45019588,9.81216277,-6.7244296,7.89671425,-2.95194194
-6.8896137,6.64787569,14.30313778,3.45597172,17.55725924,-2.62411063
16.94282866,-10.04579997,-3.30936579,-0.36413338,8.15636755,-16.06969023
13.91523357,-11.53191089,11.13571588,-12.40351551,9.95526089,-13.64632805
11.58657805,-6.51288475,10.2653631,-14.98474933,-0.6563455,-11.48168078
-1.34867968,6.95978812,-1.40139779,-13.15269651,3.82029934,1.23684414
19.51213763,8.95037789,4.08357858,17.00038302,-11.53038986,-3.31100658
7.06297521,8.99714428,18.76332106,-14.85945906,0.52031541,4.52535617
12.42197579,-18.57662868,6.69752636,-11.28316106,14.49281408,-2.62231251
1.84197802,18.18210235,14.21041598,-8.21121193,-10.64784744,4.53822685
-11.42480503,9.21513367,16.44828411,16.7410339,6.79376341,-0.8319189
-6.1655226,8.84702751,0.94230194,12.06285989,-7.82391786,-12.38276325
18.71385967,-19.14412189,-9.25266922,-18.99236254,0.78688029,-18.82787168
0.31811982,19.2546589,-14.69734733,9.61374887,-18.96560025,-1.05485054
17.63872742,1.10590038,19.10268873,0.64037613,7.68745463,-12.42038053
16.16209289,-8.23608715,2.98194445,-14.50550364,-7.21021091,0.33561603
12.39814885,-12.21441648,15.90537397,-4.72380175,10.54148864,-8.06198701
-2.48347441,18.88160023,14.80603163,-19.85003418,8.83724832,-6.34591027
16.99710219,16.79234251,16.42185551,-10.07197796,0.20357627,8.33141449
8.07414518,13.68842497,0.32800152,-12.93940065,-2.74206128,12.19213118
-6.37073153,13.351858,16.35627767,5.68417832,-15.0950926,-4.35807065
17.54572142,-15.58512219,-19.12137196,-3.20795629,16.00350004,-1.01395297
-2.63029609,18.49737296,-10.89303005,9.2090161,-4.68825153,-7.80848544
-0.10313282,12.85318353,13.99597105,-17.84956758,6.8024056,-3.66329565
0.87500637,-18.03194905,6.27293602,-11.08017378,11.54920006,-5.58193737
9.70352158,-17.66825861,-18.71757365,-1.21411055,1.63147626,-5.40485673
3.74597277,-4.59260311,-1.19110349,-1.86059489,3.48770144,-13.24571766
15.01084154,-16.96214081,5.04487533,-4.55906151,6.84285185,-19.16464896
-3.75707449,-11.33700884,5.43315488,2.21342695,-13.7793848,-3.17312117
18.79565517,15.72150714,-15.08542479,-2.16752551,2.35645046,16.97238637
-4.65048367,18.02860123,8.30114263,3.04230561,-17.7939848,-18.25798432
16.96318186,7.71347969,1.42142673,-14.35550164,-7.87567559,0.20872501
-1.82425686e+01,1.96241158e+01,-1.11883474e+01,-4.21357723e-03,-2.86607860e+00,-1.60010183e-02
16.03332758,-14.43924203,16.84406397,-18.53564603,0.81720819,-14.70007676
6.69579699,2.02372542,13.85375939,-2.72108223,-17.60313045,18.25402115
8.43121304,-7.67437053,10.11414245,-4.82869176,16.41913366,-19.99731334
-14.38539158,12.06221469,9.7846168,11.61723824,-13.37891054,-1.5983811
15.27124444,1.91687831,-14.66083318,-16.57682693,-5.93144233,10.96500716
-7.2731059,-8.96462032,5.09925467,4.15051099,-6.62618842,6.96317255
-6.92981417,-13.60252022,16.96798074,-7.30537733,14.26542693,-9.14014426
-14.01886293,1.55677359,-11.2371858,11.92250849,4.47789508,-19.84575375
18.83338421,3.23462109,15.91902794,-2.07119709,0.8624983,-8.61945913
14.3912809,-15.03354859,3.04078925,-13.95299297,3.09782162,-12.09971134
15.5185473,-4.75854443,0.64319084,-6.02127534,14.83192088,9.61792795
13.84130353,-6.03513602,1.71947514,-12.74236449,14.81899283,-1.52625005
-17.01350609,13.86255329,-14.18551246,-7.40881559,-1.98637168,11.46043691
-0.44872597,-7.90970469,19.02645102,-1.38658278,5.76844849,-10.61170208
-11.90879364,-8.78235304,9.98820422,4.40025299,-9.92605548,15.69319897
2.53686071,-5.24150247,18.11716768,11.83600054,-17.62992279,-12.81388199
-4.73675551,16.85724554,15.10218398,12.10272686,-8.99598196,1.14512639
13.85661477,16.2137337,14.12865583,-5.79131562,-18.05766544,16.02167887
17.8039681,19.42231442,0.53522273,-6.99419588,-3.44211265,13.21682858
10.49304741,-6.56324806,7.8387308,-4.30000463,4.17789138,-18.62387702
1.40815392,-7.59612214,19.60762395,0.9207469,-2.16470309,-3.27915762
-0.08716525,15.71138157,13.68256075,14.26051921,-0.79554842,-10.30080511
-6.60702368,-0.23920368,-7.2059743,3.56861194,14.3866967,-15.26609389
11.76832862,-12.82391376,12.98180177,-5.36829386,-5.13049706,-0.3139895
-18.8665283,15.91958481,12.46813847,-6.91018693,18.30281156,-1.56088489
17.54517541,12.8316976,16.97168855,9.50593152,2.7982783,-8.42538485
-5.01110824,-19.04458881,6.02682758,-1.20626,17.03406165,-1.55204979
9.50145094,-14.37639411,15.37584824,10.22188524,-6.42551519,-6.0789037
15.97341169,8.94779599,-15.0723093,-9.57125378,18.95944777,-19.67032401
-11.2385573,-3.53464128,14.53696244,-16.96436193,1.19173056,13.77582896
2.03146045,-13.29343333,15.59369925,2.43062419,2.3578313,-12.10287681
-18.85674908,19.5563655,-4.84939165,0.79067497,-19.94104665,16.78403935
-15.95242525,14.297359,1.45660329,7.225218,-1.5949111,-0.29504197
17.34645966,13.81765888,-13.14704749,-15.05436057,14.87942311,-7.66127939
-6.14100697,-1.64126579,11.77516051,4.25187023,-18.07782116,-11.84474755
-7.73750323,-13.82786658,18.68037189,14.28463733,-13.28910866,-14.74175273
-7.58262504,17.41591528,8.31676273,6.28215926,16.05130117,-18.34969181
-3.17435294,19.73763567,-2.33254692,12.26668131,-18.33410229,-19.01882435
1.32839662,18.40968526,13.32513933,13.37076711,-19.09655381,-6.90645253
-16.92229234,17.73467692,-9.59062368,-16.45886386,-4.19702045,6.85714638
9.030831,7.14564906,10.84046721,-10.84390043,-2.83145355,17.81048752
-6.87101307,7.62920857,4.56651988,-11.95418705,17.81088541,-3.82099809
8.01297484,-7.36026399,-7.69232589,-0.31584299,11.675018,-12.1619418
-12.27038621,-5.10159625,9.62498895,9.19068234,-11.85224619,11.56298213
8.93361538,9.50839938,-10.40424812,-5.79752817,-8.08306823,0.79813113
9.05107549,6.67718795,-0.68912098,-7.85848516,9.14337496,11.38850229
-0.2444187,13.06034694,-10.50325888,15.25630435,-4.85154614,6.43811326
-13.04473114,-14.55572738,11.74852565,17.63683249,-14.93237488,-2.57503452
11.99502341,1.80582151,-18.19317687,-9.97944478,-19.33432799,17.99604834
5.63771049e+00,-3.22276845e+00,1.73712123e+01,3.13832593e+00,1.42179041e-02,-1.84013104e+01
14.03571922,-18.55569641,-0.23995775,-15.98245943,9.70939766,5.56613875
16.89998737,-17.37881783,3.05484043,-9.2127777,10.12607958,16.79317336
4.03343599,-14.91948064,12.47021642,-2.25593233,8.84865127,7.87196566
18.62418535,1.04535566,2.31193757,-10.61147415,-0.49147021,11.11781015
6.99947443,12.75819079,-2.56821155,6.28293752,-11.11714213,0.6423121
0.10938604,13.20997295,-16.79907276,0.80167706,-12.22421984,11.97731887
-4.2303378,-13.59512136,4.1861693,-1.76292027,6.48855795,1.05528094
10.51111826,-6.23812531,-13.10082878,-7.15141537,6.76402353,-9.71050131
12.14356204,-15.473586,-9.95076168,-13.87109725,10.74125016,-17.46083411
7.53297193,-6.71475967,3.62546462,-5.99522004,-3.66839838,15.39131804
-13.10385411,19.78835729,8.81546608,16.01667647,-5.90102088,2.82680477
-14.73065438,8.3056902,14.99727193,6.20276967,-13.16412017,-14.82827445
15.84950068,15.83251774,15.7527549,-4.71675589,-15.3079396,6.91368968
16.09326555,-10.30057212,2.79374669,-1.77602146,-10.89686152,6.48091731
18.65415287,2.15125569,3.84138873,-1.48719102,2.99136564,-2.31115775
9.20753777,13.47493717,-3.99139696,14.84673393,-1.25666011,-11.32143274
6.54153639,-7.38191424,-16.63280983,11.36588662,-14.13166687,5.66876602
9.09764554,-0.58419732,-16.13449383,-6.26258756,-7.8517366,13.89271005
8.65327581,17.09024278,-11.88137059,-2.94748911,0.76250652,2.51466173
11.58964003,-1.44655294,-15.09051643,-0.98357547,10.94544307,-12.03703075
16.26640673,16.8327337,-14.78406666,-16.49082941,12.10619795,-5.07215958
7.31928401,17.053653,-14.29596712,-2.98245703,-11.86700503,-0.63885676
14.76259957,-17.04878949,-19.50826464,-18.73074726,9.6832191,17.95622071
8.50546245,-1.12676338,-16.0515163,2.75510448,-3.36511608,4.79811283
18.89318334,-11.83888705,17.45143803,-4.66262615,15.27213813,-12.28373237
18.14270033,-5.19332671,-2.62264404,-11.11371247,12.39085759,0.58016356
11.24581125,-15.4294828,-15.47956083,-8.71537699,7.31934646,-1.94979727
4.08243065e+00,1.29815917e+01,1.37679100e+01,1.43660977e+01,-6.21465122e+00,-6.00830675e-03
-5.84447797,15.84552588,15.83356575,19.53759913,14.97691831,-7.63639851
9.09309459,3.53639169,-1.91263558,-4.12421531,0.25898418,-18.17003359
15.24089183,-12.92537657,14.58915501,3.09929931,-2.56606811,-14.8240095
-9.02535211,-13.35322728,17.12818129,-0.57034317,4.89804904,-10.94152869
3.63903479,-18.77976529,10.19543092,-2.8225889,-4.63199706,1.49524351
-13.54096892,15.11590363,10.16985623,7.28860006,-0.86093805,-5.35195136
19.61726588,18.48514889,-17.06803017,-0.96434947,4.37781466,-18.91021648
-6.68451841,-7.46113616,18.74050185,-9.00397599,4.11481105,-4.62727901
-18.51224741,-5.64646748,10.74592866,7.07484511,1.55338558,-4.2360447
17.96147136,15.74485108,4.05634145,-14.312412,-11.4518136,5.8099174
11.47461237,5.67727203,11.83444925,-11.36036568,16.22561112,-5.95413963
-12.78569908,12.90380237,18.29915025,-3.16787963,-6.86987985,12.30153001
-11.27064999,-12.02469866,13.10526984,19.84441386,5.05385271,-5.31555658
15.07170726,3.18086142,-15.62391101,-14.24019643,-19.95449363,11.60458037
7.43759209,1.8776089,-18.68492261,19.62273613,-17.46574421,4.3225057
-6.45373715,3.11100816,17.83646606,-10.4147726,-1.59296525,12.87904548
3.14020935,-12.59591372,12.47861899,7.42850615,-12.57587339,-7.60469542
-9.60848892,-16.81714738,18.03238256,-11.34835544,-0.62006746,-10.32187656
11.30653272,-10.20583031,4.09522759,-5.37635016,17.72941635,0.71136375
11.18028509,-1.86496776,2.1074045,-9.56606123,12.78254998,4.36861353
-13.8235612,12.10533723,18.51690318,10.96841453,-7.98735039,-11.82240562
4.29398604,12.23676334,1.3806007,12.06398098,-9.37621946,-15.21891859
15.68495754,-9.67571509,-8.29736683,-4.22432914,-5.42482094,7.90111156
13.26287957,4.04750464,-5.9306178,-9.6720362,-7.84653527,13.31264909
-7.68862389,16.88544638,-11.69744764,12.56928905,-15.30371799,2.19368417
4.81430963,12.34651965,19.18377322,-1.0087024,-0.52371373,6.58052872
18.02066903,15.61950286,17.90193502,-0.82868597,-12.46907354,17.23114484
8.8936382,13.42236383,12.20298103,-17.52286292,11.96868948,-9.32250949
11.59315803,13.76811626,16.71461913,4.52547026,-10.7853951,-0.61951074
8.56024493,7.20290745,12.66544509,9.85431432,-16.69480435,-1.54895613
14.16232692,10.09205585,7.80542303,-19.95051163,0.20617567,-5.93866068
4.57345504,6.17432042,-3.17448941,-1.71471709,6.42199625,1.66465713
-0.21237313,0.98500762,11.11661241,15.33513271,16.54769342,-9.10817569
17.50205291,-12.68928085,-14.51496711,-10.73202476,2.64172662,-5.11669191
-15.50908087,7.88156037,-5.47668935,-8.20811223,-4.31738386,9.04796449
2.01219329,13.34541629,-6.4512531,19.78127383,-12.22492271,-11.43558492
-12.39143707,19.45960557,2.81503493,12.44426568,-19.27516814,9.98553318
-6.31457948,15.46894964,9.37418382,3.44310455,-13.62904613,3.11948596
4.50414258,-18.20814825,16.68239499,-15.28186866,15.52646488,-13.42943849
4.70038974,-14.65881795,-18.42250339,-2.29924535,12.66066107,3.21355726
-5.43857043,-9.80010363,19.58647228,4.13039714,-4.96744797,-1.38825646
-18.08397722,-16.44794472,2.12084841,14.92581845,15.64257749,-11.54386376
9.44382609,17.5446678,15.92377384,-11.97013881,9.59620879,-7.47946233
18.48201727,2.61503039,-9.05977648,-3.92097198,-16.26663207,6.02851066
15.24440823,-17.62630208,17.08821509,-8.35313714,7.55442586,-5.64066447
-0.53406487,-14.11236605,11.40186205,1.90002809,16.44540949,-3.09379107
13.40959284,5.65088035,-13.24395252,-8.557414,14.45921208,-10.66763729
13.55388734,-2.63324986,19.48183868,9.22496681,-5.52225109,-5.01110985
16.3600177,16.54404704,6.62792281,-9.79481906,18.83789376,-11.94314907
5.07293044,-4.40868449,7.90662456,-4.82634749,9.9694932,-7.2206955
-19.35694322,2.86612716,-18.09279844,1.79148069,12.9357353,-10.63379272
7.8373861,7.25828802,11.82449031,-1.57847334,-8.35206203,17.59921378
7.70325196,-14.94047868,11.28176649,-7.85014056,-10.66107012,15.03417088
-11.26656503,16.55445357,17.86519756,8.72116192,-11.94533994,-9.56192041
-12.98444427,5.1134423,15.15807787,5.95434774,4.8645714,-6.0641171
19.96579713,8.29013763,13.79315377,-5.51412262,3.73601989,-19.18679694
-10.75604722,-14.27060052,17.40941723,-17.45298887,0.70478296,-9.29679708
-15.2559161,-6.00976258,10.53907885,11.69160376,9.81971045,-12.15443011
2.59934108,0.69716806,19.28096817,-6.70359334,0.34946121,-13.7694359
-14.24906523,11.21529905,-18.05935632,7.48117412,-2.47151214,-0.04101019
13.58779106,11.87891284,13.4907396,-5.39245846,1.66143917,14.2863389
19.75853091,-15.38090271,-17.40452533,-19.93612731,11.45569628,0.71072276
3.74236944,-13.97440468,14.74598164,-8.17399985,0.20610676,14.93014463
6.36450666,-3.0024375,-16.79718814,-4.38083155,-19.40041605,1.84578991
-2.0354496,4.79713706,-11.24424814,-8.36688078,-3.2591309,11.41727107
11.14279787,-15.66353106,-17.52871562,-1.97072946,4.77621905,-1.1206211
-11.30957541,18.41111463,12.57237848,13.68434211,-18.69390441,9.22771296
19.99582831,16.3957275,17.24465698,6.58072543,-8.31907529,-4.03150198
7.60284341,18.30455814,19.95414877,6.27246476,1.91786247,-19.73524987
11.56826492,-10.89997987,9.71542723,-1.47507473,12.49257658,9.24759608
15.40945619,1.11309658,-13.65509155,3.46517492,-4.4419951,7.22382742
-8.28115277,8.25806494,-11.0944611,0.39099251,1.31419932,-1.41113664
8.73764969,19.26092491,19.11930916,9.37235694,-19.72029322,18.68907597
-19.94900112,8.97810383,7.64404224,7.95086471,-19.6366815,18.75041201
5.77209838,13.02717693,-10.98573306,16.09499747,-7.21964261,6.21329344
1.23222075,13.90555483,-14.38501595,-2.21517461,-18.52804581,8.43306141
10.48656725,-18.61822783,-9.34729244,-8.47174689,1.30897642,7.6888591
-6.00848172,19.58418782,12.53260245,7.13361734,11.77262465,-3.80138318
1.52356727,-4.97582386,11.95856265,-18.40335636,4.6843583,13.63905255
14.76650199,-9.41039714,11.84015987,-7.09852853,15.27041679,-6.58755495
-6.76891529,18.41977312,15.0705848,-13.06620769,5.40838059,-5.15865353
8.21217911,-10.12259799,-18.49155655,-4.97638766,5.60636527,-19.18824083
-9.58164108,-5.04850588,15.74180871,-0.14020993,-11.7664284,-7.03289563
9.80657319,-11.029983,15.33753258,-8.55120786,-5.53683748,0.421864
15.73209046,15.80671093,17.74265823,-18.03376581,7.53781424,-13.36442132
10.70544791,6.67905478,-17.57637889,-4.13040116,-0.60026177,14.05369017
9.98265414,16.55079298,9.47951221,17.22481189,-13.79165837,-6.32253148
17.39151703,-1.74433476,6.31501037,-16.01242411,14.0115091,12.07234899
10.50251604,-16.97681629,18.05706688,-14.16456921,3.90273422,-4.08761675
-15.74001937,19.96165984,3.63137036,13.84067849,-12.19318045,11.95764802
-12.35468793,18.6581184,8.9368073,-10.5276733,-13.37147872,-0.45031436
15.62955523,16.86668652,-8.33009231,-0.90364649,10.04385613,18.82715745
-11.03469739,17.75952976,-3.69106026,0.5757682,-5.46733482,-4.22867312
-1.27968979,-16.6884675,-17.67332341,7.93959763,-7.55785979,14.56445748
16.85476571,-12.92404295,2.41255123,-5.26645283,9.79277208,-17.06016184
-10.46801198,15.41494918,-19.03311364,7.85841702,-8.27097551,8.97910752
15.4533846,12.69011695,16.67947243,12.92250565,-13.20397629,-4.75805984
18.80274319,18.52624465,19.23148765,14.5712911,0.52024418,-18.00019871
-4.0732395,5.68495416,7.93688616,-15.70697843,-2.80062662,11.14860194
-19.01153276,11.70605533,-2.82879945,12.33526267,-1.06522806,-2.2153894
-0.66340759,11.59978516,6.55043356,16.24968021,-9.15502368,-2.01368252
9.3721922,14.03638219,17.59391117,10.23310345,15.8517674,0.29481112
-1.87527487,10.0089736,8.52290753,12.81655144,2.95461887,-7.41374906
17.30625889,19.78047248,-15.10432666,-14.40262006,-14.81015786,13.11282925
17.01370567,-9.71631109,-6.83697837,-17.1117247,6.82862568,-1.81843936
16.13285961,15.48656057,-2.72944162,5.74670682,-11.14300738,19.8584098
0.42880688,-11.22372212,17.27973995,-19.27552728,0.34837227,-17.93772997
-4.88865149,-3.62976748,8.80713,-15.64049583,5.269827,-3.84499992
7.6404194,-18.19981756,10.07881857,13.95344691,-7.32329455,-5.5053532
13.49780334,-14.57384502,-6.33229243,7.26325565,9.86820791,-10.73309166
13.96964231,6.40616893,12.72515961,-4.95390923,-1.55107177,3.78902649
-9.41084906,8.00400662,-15.27571293,3.02078248,-1.90374062,-16.5801985
-13.90698489,-0.56069404,5.80439823,0.20305084,-12.85483921,9.66821417
-7.81738162,16.75359266,17.69524194,-0.13852231,13.65903912,-7.06535711
-18.53693816,8.37376868,16.29481997,-9.44005578,12.02603316,-2.71113371
-1.23935862,-3.07004307,18.81303939,18.85341195,8.33372433,-12.21752028
3.61227756,-16.46727853,19.42766097,-16.35417516,8.61829185,-16.55699167
-4.7976974,-7.84439843,17.96780722,-7.84750293,3.0944577,-7.72913098
9.08396197,-8.98141103,11.07164198,9.5861496,11.36140038,-4.60051393
10.15982588,-14.1492281,-10.14674402,16.62773971,12.10406812,-14.64242687
14.73788822,-15.88401806,11.52131745,7.04042087,-13.86761598,-4.22461663
16.14662708,16.73618368,-2.57108343,-10.67524417,7.26203973,14.86332466
12.25880307,-19.20084214,-12.18214389,14.60471782,9.11517013,-2.72895813
-1.83788697,6.19018262,8.79213719,15.49535519,-5.1541372,15.44461763
15.66898229,-4.53486678,0.97512805,-13.82478452,8.64595585,4.46945087
18.52143025,-12.93162174,16.27788395,-4.15635764,19.40878467,-3.35152015
3.40966432,16.47872793,19.03976213,-2.99773724,13.04908142,-19.65784442
-19.39630069,10.39798128,-14.04341543,-9.88543886,-8.44921617,8.1423827
9.70354424,17.82257194,-0.16207809,-6.79680752,4.63956738,-11.68972281
10.53866164,-14.36418125,13.99854303,-16.71533259,3.12666,-8.48965713
12.61539668,12.22688057,16.97856512,15.08374951,-1.40177071,13.62869051
-18.18981428,11.20664405,16.09907464,16.99464536,-19.42616464,-6.69205282
16.60448055,4.40806685,17.048813,-7.44581347,4.16551875,-12.81563546
8.16215857,10.65999222,-10.92906913,5.17789556,-8.61645856,-10.33865389
6.86371896,-0.54013233,19.69650049,-6.21558713,7.46316521,-1.01415586
-15.60035325,1.11420528,-10.36016475,5.42410532,-1.27469525,-13.08919394
18.08259724,17.84596002,-7.10903533,-11.19871481,-6.97045839,3.44348413
-2.5232243,11.76920213,-18.32446267,-19.28059533,8.57873959,6.11957076
-17.76813459,7.73554441,-18.38063018,11.03951451,-0.6580172,19.46745696
10.1431159,13.23006287,-2.66003656,-13.12345026,-8.28777681,-1.06043862
-11.89875502,3.77300271,-13.60893268,0.32727533,-5.65832999,-17.80973745
-4.66945053,18.97963937,-5.05996928,15.74853528,-9.08229454,19.3805071
19.7587854,8.31202075,-16.29915619,-11.03964745,-18.21191901,2.9211151
4.79570136,14.44448732,-0.85937499,-15.63932659,-7.46023968,3.83383102
18.98042892,-2.7140293,12.57934008,-11.91992485,16.84837827,12.69991759
-6.7148189,14.18476241,3.83414823,-5.74000194,-6.92261394,16.51133838
-13.36469382,9.1038661,-0.73867203,11.18143588,-11.5449218,0.06773547
15.33993499,-17.45707324,-12.55253921,-11.17578767,19.81947376,-3.37375269
12.05070957,10.96708923,-18.57950927,-11.18323941,-8.99853034,17.67179878
16.78385869,13.25123442,7.39420223,8.78499138,15.1982955,-2.15085987
8.09629976,-7.32881889,4.3289807,7.61874636,5.11540833,-2.71692862
-4.15024478,19.57095033,9.24114922,-14.68967613,-7.64722013,12.43011551
5.5444367,10.91954249,-6.88705962,12.55613057,-17.22059097,7.00254822
15.04411575,10.64827734,18.25045805,-3.69986879,0.04872089,-9.96876846
-18.98628442,7.79067732,-9.40535747,5.07875252,-3.76369989,7.79681325
-15.36380979,10.36676428,13.83423364,0.88169756,8.47040714,-9.70469945
-0.83822393,-6.78871748,9.93154055,10.04229526,18.68233855,-2.98682555
14.95718804,5.58788727,-4.31868316,-6.96284073,-12.98771631,19.06894306
19.8375159,15.93597003,16.22254225,-14.99533868,-7.21342503,0.48227121
11.94639668,-12.66642705,-12.92345211,-5.54914785,10.48251915,-1.81417766
-15.11255425,9.8298053,1.12844749,9.1257525,-7.7309907,-1.4467319
-9.41488398,2.1891788,16.50343482,12.15082288,4.39792456,-2.125959
-10.72819671,-17.03251025,3.40834029,-6.28336499,0.29617035,-3.38678973
-16.64171385,17.91516918,-8.87874524,14.3313752,-8.93809249,9.29841376
-12.66834957,-4.0937148,6.3605063,15.18896539,13.54557585,-1.7609084
-2.06969457,16.85776515,17.00065913,16.03568182,12.57832624,-7.5185245
-2.96287382,18.28816575,-1.19847877,1.31633124,-1.71283576,-11.85949478
2.00897711,14.50570336,4.03848831,-1.54468683,-8.45674057,16.14983605
11.73660952,-8.33279211,5.95595969,-4.02332324,16.47862987,19.18712201
-18.15676706,7.05045547,9.94322766,0.72213569,-17.02900757,-10.62688428
14.06378197,-1.70168639,-4.75700551,-10.02375753,-18.84412486,13.21817303
8.64561289,8.72697189,0.06609606,11.13626406,-3.51853456,-12.62307752
10.06387672,-15.97873011,6.49190678,-9.20568522,10.6100276,-12.06524673
-3.73038184,16.513447,-0.1416265,19.28039311,-4.52335656,19.85504867
9.82766099,-1.87444662,-14.76607337,-3.86011926,17.10963718,5.0100423
-2.10325721,7.19626193,18.93734548,3.10014203,-3.88138537,-15.97458675
15.68244628,8.91940594,1.6350312,-1.87190704,12.25546916,13.56873048
-10.28476982,6.147884,-6.90380082,6.0846897,3.28596751,-15.80590931
18.45745844,4.92757747,-8.20147436,12.13771832,-0.28436272,13.29311997
10.27812399,11.69664527,19.14112317,1.11341273,-9.2955335,-17.29494707
16.52829226,9.19978751,0.27203097,4.61991813,-4.50748851,-11.45812089
7.93169404,10.31548299,-6.29532638,-12.30545095,13.0774581,4.81728817
4.69517961,-18.81724271,8.58975029,-7.40799651,3.08770783,10.38040655
3.80014597,-11.03914396,-13.36953414,-1.58562076,-19.84101393,6.52815195
-14.66150563,17.05525909,-18.56327918,12.48500619,5.98200054,-10.40291014
-2.6457984,6.65768498,13.62901682,9.34918417,7.74725674,-10.10880586
-17.65167642,19.09651788,7.83963222,-0.31296871,-5.06692113,-0.72748749
-12.37915035,9.85907495,16.86852289,6.95576787,-16.00131755,-2.42528059
0.53057264,14.51744801,11.91938973,-1.93878338,17.76895414,-4.31372725
19.68223004,-14.96285401,-19.55994364,-0.87950771,17.33930253,-2.17550002
-7.8379194,11.6430676,-14.41759168,-19.99547966,-5.9436714,5.4416117
18.37736067,-1.77970493,15.11557733,-15.68747797,13.74356311,14.45166494
1.06684154,15.85069444,10.93970075,4.5445983,-12.78399568,-8.7848897
18.79990565,4.05094245,12.20268513,-12.19251656,5.12132485,17.88262045
15.1569841,-18.38078197,8.8982393,7.54465527,11.52797582,-3.9524737
-13.25344165,8.15244188,11.69306447,3.05941993,-0.77002731,-12.82088135
7.73964555,-8.59074972,3.20112071,7.63468251,-10.57713508,-1.0579792
-4.50978719,19.6042631,13.92471722,5.70456864,-0.2501199,-14.0215235
1.03051172,15.66775554,18.53501733,8.60375528,-12.46169988,-18.22256032
-13.63470133,19.30095916,19.91827831,-3.10994271,17.68095618,-8.58175936
6.36883296,5.65093085,-4.80415921,-7.48414454,-5.94403029,-0.06400442
17.36629362,8.36347891,14.86699288,12.07207809,16.68311668,-11.05154609
9.81726764,19.16566744,6.47643541,-0.95637163,2.5217167,-9.84157126
11.35714598,19.74955811,-6.33551747,-3.03378245,-4.35499553,2.61116079
11.73404738,15.81574833,-8.12633117,-9.14075107,0.51825749,11.84098866
9.42708479,12.62502798,-2.92792666,0.15287291,-7.89675518,7.58486606
8.08105305,-13.85111684,16.20407664,-2.83451873,3.4748658,-2.02215887
18.58609132,7.48012734,10.14591463,4.60693683,9.48000741,-1.96340387
-9.89223789,15.45024867,-13.92492332,14.08915699,-9.83959081,17.05729079
-0.12110185,15.11011398,16.4507083,-7.79304304,-12.2384021,16.3356616
11.23046976,17.35283969,18.58300208,-16.58299426,12.68453715,-2.41535868
11.9976158,-3.61397224,-6.12066375,-6.92011098,18.11141426,-18.01044411
15.12220983,-13.58151427,-2.12948249,-1.46838687,6.72742079,5.58160535
-16.69082892,12.28420837,11.63076381,3.52690124,-1.27270985,-3.51412934
17.24360106,-7.10500969,18.3969128,-18.92707661,2.40838417,-16.6509137
17.12521881,-9.93773753,0.92856757,-12.93770467,18.54006074,-16.26246212
0.83853861,-10.30393485,-14.90267283,7.28021599,5.02402614,-13.03142967
-19.26946559,-3.91528657,11.80499454,-17.4676112,17.99906099,-6.16832226
10.97993328,14.96719472,18.23913707,-6.07377316,-9.90065271,12.34873593
12.86403221,16.12214382,-8.24161545,-9.55569494,-12.26752028,0.58924871
12.1793007,17.69368524,18.33173414,-9.26438885,-1.67589126,8.07464871
12.21657653,-19.51577617,16.84410256,-1.91392849,6.32000255,-13.07241409
15.44009309,-17.15876075,11.62892336,-1.97847451,5.03328149,-17.19654189
7.68324825,0.33219594,-12.4836986,-2.67668113,11.29841406,-15.21425438
14.40479049,10.5284232,4.00891496,-5.42723291,-3.21594288,14.7499509
-5.28692342,16.48408624,-14.59095199,-1.14342716,-0.75680271,10.6581062
17.01448343,-0.12257044,19.46700341,-15.09468096,-4.07267495,18.75331706
16.60701723,-6.04415286,16.46558411,3.32004112,12.91831716,-6.46217602
-9.82013693,17.60704862,-10.19180695,-13.54382221,-4.87205766,7.14998295
6.06459256,19.15293736,5.32562249,15.33483892,-2.82189454,-11.94760922
19.04258462,8.05975888,19.40960363,-10.72079727,10.28414671,-9.68953781
-8.71909394,17.06605059,-2.71696525,7.90148352,-14.14136009,18.45752718
3.35789644,14.16719705,18.59941774,11.35871265,5.68415496,-9.88669729
-8.1393398,19.57816234,-12.50881405,3.91627833,-15.86886491,-2.13026881
4.50745442,19.30956473,-0.58116575,3.49475424,-14.22357617,-17.90242163
19.28054264,8.345049,-10.29620718,-0.4145977,-6.75118775,4.68762223
-16.25745079,14.7883088,15.80010831,8.72434384,9.93387889,-17.69335278
5.19012895,7.86037075,18.72098073,9.98073473,-12.3793116,-6.24219859
-17.16923148,15.4504293,9.18119357,-9.10678095,5.32261285,-4.19587643
-10.71043043,-16.56694201,16.30878498,-15.4064533,7.63672819,-2.25705228
16.57825619,-13.32327718,13.17493133,-17.08141914,19.99566584,-2.85857405
-13.91666164,-12.28555315,12.34366021,-7.76569911,8.38745464,-0.5271364
16.58399895,3.56860715,0.19368122,-16.62498544,-4.25963043,2.75873836
13.87638078,-19.87551631,15.31201482,-9.46499575,2.735247,-16.76073598
12.76496397,15.86318046,-9.976636,-14.61236128,-10.93841056,2.08691831
16.04556738,-10.99107894,1.04673185,-11.90700952,2.04623796,-10.38363017
4.37278072,9.12365279,-8.57882238,-13.15924657,-9.35654568,-0.96413249
18.04257194,8.32439822,-8.07243561,-11.13472928,15.00794835,-14.54767124
12.4628624,16.91094705,-10.76722993,3.50314862,-13.71421485,4.08931559
15.03525009,-11.64479074,14.90479432,-9.55564662,-1.00177155,4.19953792
14.21821891,6.71474142,-9.32064882,-13.73226928,-1.40113086,5.36232437
5.84493165,-3.9166685,8.31526855,-1.98064447,5.77088528,-18.22303371
7.96201726,12.68722701,-17.79535873,1.8529745,-12.85284338,-13.53936086
-1.37239765,-7.29191386,16.35170677,13.16363397,-13.01386489,-4.78127707
-3.48634366,-7.0771207,14.49776318,-11.78849954,18.81081249,-10.12225439
11.43311922,12.49958872,-2.89643786,-4.44804069,-15.93540509,5.51398196
18.62724358,-17.83672579,-18.78514124,-11.11036303,-5.65153609,7.28964619
15.37848626,3.31617057,-6.42016336,-8.63180927,3.11230836,-7.19952381
-2.91333431,-3.02465564,8.93290405,-5.08938116,18.32789086,-1.8591219
2.07764817,11.56982382,12.60273026,0.95420685,-6.02095025,-12.16056837
1.62335717,-17.36682327,-5.24538446,-2.19824074,3.95468464,1.94628997
7.53549557,1.76636528,-18.13077145,-3.73050231,-2.07486733,9.78048219
-5.44535131,0.28398183,13.08130515,13.79872622,12.05191533,-10.80169695
-11.81072201,11.54312006,-5.69646536,10.87177072,-2.8981816,-11.91696566
12.75261041,14.55080654,-0.57926682,12.73502251,-2.79911779,-18.09027103
4.28396312,10.74755237,0.25536376,-2.66263041,-1.4617561,5.99865937
8.90798627,-17.55578823,-6.82393202,-0.6749765,18.09921073,-11.49220007
18.88438272,-15.05918966,-18.40667657,-8.50082135,15.23876891,4.44885942
-17.83642785,1.35362462,8.39787547,2.3687398,-19.77038601,-9.01573508
-5.25918445,-8.33212622,17.21459313,-7.30606768,7.00200493,-2.19381479
18.48250117,1.15011903,-9.2623727,-8.57769,-12.75260378,6.04533802
-8.57592415,-16.29463835,17.77739777,-4.70364057,18.24475917,-1.29377634
-12.54650762,11.85898327,-3.61041287,10.32816725,-5.12730126,-6.30153794
18.32446349,-19.61418311,-16.06907021,-1.03364407,-12.21258673,8.15736342
-4.29330012,10.34996845,19.76235713,18.43732181,-4.29189391,3.88513908
16.2061758,-3.85700423,-1.81044605,-1.15977223,18.31133699,15.14762402
-16.92341201,6.29838915,15.86642758,4.10333594,-3.08264179,-7.33769207
16.87059482,12.80164701,-15.7386781,-7.77426105,-1.67089799,14.05384295
7.41569657,9.32230502,2.11285349,3.31714971,-4.163321,2.73324403
16.64980169,-11.83704436,-15.78520564,0.77116344,-18.37284919,5.85229326
2.82957305,17.71010043,-2.6931769,-17.55624911,-17.12004093,1.14254263
0.52993725,1.59148421,15.18096707,-3.96575168,10.02302136,-3.45907395
17.4140799,-9.61536154,-7.63894654,1.51588769,2.93381789,-8.87079938
5.12618845,19.30077857,-1.82287534,11.26212051,-15.38928381,-18.18049089
-18.3604973,-6.71488162,17.34404285,-3.7985739,8.54110892,-11.29287567
2.98262287,16.69220769,-1.38781384,-2.08533054,-13.65269442,8.53617474
14.75784045,-7.42700249,17.28409359,-0.82230561,6.8760626,-11.71265212
-17.122715,16.42216654,-10.54970306,9.54388681,-4.56144171,-19.78372433
15.21288512,-6.62689893,-8.09031424,-10.3183431,9.68998495,3.18698899
-8.45511006,12.74051147,12.49424055,17.06531609,-6.11614949,2.55277197
18.96229837,3.6673136,2.22572416,-9.98254666,-11.44827433,4.06568209
-3.45744168,18.63773077,-12.71402245,-11.20055953,-2.9766499,0.61555259
19.24551841,-15.73293511,18.08940686,7.7187228,14.86534169,-11.36773571
-15.78649442,12.57570085,10.82137331,13.98437065,15.17434091,-5.38715126
15.569867,12.89965261,-12.8772844,-8.91330076,-7.12108197,11.07376811
14.00741919,11.73029512,-7.47900829,-0.75996234,-1.91664875,1.49103556
-3.71373009,-6.21516081,12.94076092,-19.15320231,3.72509819,-6.931908
3.52323478,19.93683709,1.62584135,4.57512029,-10.39944034,-5.40836153
11.32712667,-10.52543318,-8.53262854,-2.56849338,-11.89590242,2.83194814
-13.32591635,15.33738601,0.47196018,-10.78474103,-10.94324614,0.16375468
13.17544873,11.09643225,-16.85784316,-10.33371758,-19.84534941,11.86185587
6.60000736,-15.77456795,-16.92464847,1.67866132,6.31968037,-8.1493841
-15.29022814,18.09786232,18.22329051,-0.93608868,-15.18897916,-5.49290505
8.13946596,2.27421874,-5.06738401,-7.14539169,-0.0414806,-13.17944742
10.80110007,8.3198724,0.1567284,-6.30054984,-14.55597172,2.49576011
10.0585572,-12.19812696,17.0942845,-6.41251279,10.41496697,-3.19372696
9.23741028,16.33991532,18.79762188,9.01346929,-12.99564127,11.5106866
17.16669505,18.05729934,-18.02966073,-9.82323516,-15.14497418,12.2732217
-2.53059849,4.87015274,-8.68689619,-19.15985837,-4.51999109,6.65402413
-14.570598,14.6074511,-9.3139661,15.04691054,-2.23059381,-0.87107053
13.59892743,15.21067317,17.48074333,1.46110338,-8.6177107,-16.67675322
-12.81468753,19.79344761,-12.21682218,8.4407508,-14.08554453,17.08981621
17.23325854,-3.24215458,13.12692658,-6.78893312,14.63874359,1.82045201
18.68735054,14.0475744,12.01035567,-8.21276456,16.93638935,6.20441179
-8.70661804,12.54883259,-12.32767393,2.1505854,-6.83300396,-6.30627065
-5.17589819,11.91524975,-16.35831566,4.13573504,0.2879039,-13.03903601
18.67992581,17.81025666,14.3283494,-19.05310455,11.87531604,-13.57724584
10.19481331,6.63772662,-3.06882101,-4.75884461,-9.56815303,12.67046872
-12.65856756,-7.61256891,4.98624489,19.19469511,3.43730246,-10.13808565
-4.23974144,-8.90761567,15.23572222,3.45202631,-4.61535063,-6.76428355
-17.42013309,10.34754826,12.89149623,15.50686611,-2.11013379,-14.68655455
-18.61513893,-2.90254755,9.50126071,8.31051817,17.10789515,-3.11780315
3.29096185,-3.77159061,-3.57945591,2.12955948,4.4755659,-12.5328533
3.84713601,-6.58349229,12.85329212,-9.3985702,7.72667856,-3.6211002
-13.04577975,4.04746494,-4.20752268,1.6541616,-2.23538518,-11.48894869
19.23759205,-5.96061138,-8.08039847,-19.41551655,2.55650024,-8.49000024
3.16989352,-18.97828045,18.93233495,-1.3492075,10.36929393,10.06676837
-7.10406192,7.43504965,9.41671867,4.75893551,-5.60400697,-17.51407072
-0.24772785,-15.92810334,19.08904056,12.2490117,-14.14070278,-4.24120251
16.39524884,4.10221597,12.60677094,6.30242124,-1.55477656,-10.63605413
-14.91207092,10.50150453,16.16859595,16.68551894,-0.77773562,-6.77103484
19.50704262,9.80634455,19.85789469,14.75399676,-16.71712492,-0.29374795
-19.89512749,-2.23665675,11.84392742,8.16985212,-19.97868489,9.51970014
-8.8764877,0.28879098,19.43462655,0.33699469,-17.62058661,-5.04444115
-16.05611715,1.0261789,0.96093602,11.40904137,5.22418741,-16.74746281
-5.90470284,-0.36070107,12.64440331,-3.46921691,7.75239967,-5.63477405
-7.4701837,-1.75442045,0.78520392,1.62482172,19.26759814,-9.24054754
16.92971651,10.90070272,14.53410482,-12.07987824,6.55267581,-11.31936262
19.46028908,-0.07260039,2.67548074,-11.50912745,15.63169567,-13.91647333
9.23940045,17.32811778,-7.82378886,-9.38385867,5.65184669,1.65070577
-7.34960003,12.67621562,-17.19901266,-12.91899614,-11.06696521,17.24891212
-18.82264804,-5.42926493,15.51931606,11.73469409,3.55514507,-5.48421833
16.95077373,6.04302138,19.81019699,-2.77397032,14.72471013,6.27547948
0.65543,17.51713738,-6.92292743,-6.17405878,-14.38959477,2.89009432
-3.35220401,15.01343466,-2.58836319,-2.6835295,-7.64246168,1.40463634
16.83505914,6.1977123,-13.58247748,-16.37300051,-4.87221407,16.61074651
5.84308877,14.85116614,10.62452851,-17.72062448,-11.14898219,13.01288424
13.79308931,-12.25522647,1.79133893,-8.03240619,-8.3667765,1.14201793
2.3316941,-12.64957083,18.14418552,11.82097966,18.08794629,-17.55050749
4.45677563,-8.0336896,4.66183842,-3.87829715,7.98506114,-8.67656155
1.57039021,-16.31350885,7.66954022,-7.34513654,3.73494814,19.44576128
11.12335965,14.02276794,-10.3759095,-6.02188816,9.88745719,2.91487111
18.57818392,17.92574765,-11.80716804,-17.65891593,9.91515997,-0.12766626
-16.42660322,9.16353118,7.10255257,3.31867061,-15.05819529,-0.42632341
-5.44266825,8.61706966,14.32073681,6.50413806,0.48482037,-15.82890215
13.30393119,-15.50694956,12.89464618,-11.90929555,11.54826065,-6.08583178
16.6779157,-18.52057753,-9.35104345,0.04802816,11.48847447,-4.34340378
-5.01809202,8.93402333,15.80503641,17.28153211,12.73799917,-12.30960474
-17.05665488,10.43252819,6.76172085,0.86121896,-0.02706862,-10.99806
19.48842712,16.46485158,15.37053272,5.50762788,-6.83110327,-6.14057767
-9.24466469,-15.29954515,16.75152353,4.6345847,10.82927931,-11.98087503
11.79393553,-4.64981836,18.05701161,8.39994712,-6.88627799,-6.95571834
6.90746663,-12.84565925,6.06545805,0.72744208,-9.6959335,-1.26944572
-6.56364226,14.22245089,-8.75494192,-14.01202393,-14.68766067,-0.4020032
-15.97017841,-11.33408811,17.46306693,12.86482609,16.86370849,-0.682415
-4.19832819,6.1524829,18.28323685,14.98768608,18.09941247,-15.78025255
-16.15078073,17.94022959,-16.00646804,-4.69826824,-12.49140724,2.88554338
15.78510113,-13.52144154,10.81710054,-5.70975103,-16.55525226,11.62409983
9.74161044,-4.24036121,15.99675317,14.44811499,-15.29514228,-3.76818896
2.53880459,15.93390817,-7.65741574,16.23904731,0.34886354,-5.98558504
-0.660656,17.13537205,-3.18855889,-0.26760381,-8.85904593,4.65302819
18.92025071,12.16483608,-0.90230954,-17.06449173,-9.88145159,10.83694208
15.45306284,-12.51337281,-19.72631951,-10.08179799,5.7067209,-17.70687819
-17.32973135,3.41082269,16.14765115,15.15600281,-17.15618378,-13.52236969
12.19742408,19.04226941,-14.85844827,0.10016171,-10.68325957,-12.63659323
7.00521567,-8.35795148,-11.32100298,6.92555119,5.99279354,-1.72084562
19.7384648,-19.19613267,-15.70069724,14.32624442,-12.16294257,7.91228368
-15.51346147,6.14482333,15.96752747,15.45034272,12.18525322,-12.04428438
-7.20951225,12.07093983,8.55282101,10.89845073,-9.42271086,-12.3478641
3.62991611,12.24352202,-8.69723453,17.16333533,-8.66703041,-14.8700776
10.16160538,8.00960595,-18.26292142,-8.18670334,-5.01934945,16.23527207
-8.05011371,-0.76869446,16.74355697,15.93990259,1.29183072,-12.09729856
-9.46269849,-19.47700782,16.79280178,-14.97501905,6.3055096,-5.29210828
16.68256686,1.24654971,-15.88484359,-5.01010816,-12.9410866,-0.63156476
7.42669952,-11.15210011,5.2614866,-8.64432628,8.99522895,19.69331683
16.16064094,15.28155447,-4.39695575,-13.90771345,18.39756363,-3.92167629
-1.66355194,12.75912616,-3.76368614,1.92156848,-6.17081755,-16.93697492
18.86090457,12.36515082,-7.11741083,-15.56846487,19.52318876,-6.1537996
-5.76749723,-16.99012479,7.12087309,1.82145464,16.45415807,-1.57984611
-2.97345675,17.59106512,16.30636647,7.3115975,-0.05041041,-10.78597918
-1.75159779,12.78797354,14.02895392,19.34996724,-0.61786876,-2.25375028
8.65914864,16.77870471,6.59162708,-1.57923709,7.00585297,12.96791806
-15.72528569,-10.35986738,6.61938784,11.57334144,-18.82376948,-6.56371938
-10.14365536,4.52862806,-17.85323281,-8.38643262,-0.20418079,12.85011265
8.29414469,5.76548143,6.97331273,-6.75301875,10.08328703,-2.00373855
5.38823703,12.48700534,4.24681756,19.74730257,-8.74085818,-6.12555953
9.47528826,10.09848433,5.92658618,10.56975277,-10.71946387,-18.66212548
6.03915774,6.59396146,11.35788283,-3.79537584,-4.25541371,2.09451084
-13.47473567,16.25287199,-16.41970571,6.7376507,-4.74271479,-3.48701325
16.90873575,-19.38409142,4.95281895,-16.4277524,9.19074884,10.52990581
19.14727884,-2.63483327,19.12071346,18.78937551,-6.45557459,-7.13152888
6.62687692,-18.95482207,14.39984375,-1.9135184,7.82980229,-7.59589922
10.11668056,19.37223347,-8.5566634,-8.86041352,-4.18639125,10.58745372
18.54769391,-1.5524891,-3.18766463,-7.84552447,5.48455007,-0.96828918
-6.04626869,18.20454176,-11.81793536,15.24818833,-4.77686958,6.5687544
15.14525441,19.23311426,-17.07601559,0.33781844,-7.08700088,-7.25977364
-6.79617996,19.41893389,8.3625187,12.76208163,-19.22541219,-3.58716188
11.75263182,-0.19592365,-6.24504512,-11.5001359,-3.82158096,17.08273739
-14.07260559,-15.84155755,15.96516381,16.44966188,9.36433637,-11.52030008
-5.78159186,-19.56483628,17.26953688,5.67692159,16.2697633,-17.60192048
4.27928995,-13.29290194,19.23416875,-19.42801856,10.13262107,-15.3845785
3.91273097,-11.07440419,-14.72781868,3.28506287,6.95613437,-4.51757199
-10.9006882,18.69780866,-6.85893935,6.3754952,-2.22638348,-6.42116679
1.84039879,-10.34261226,19.91487409,-5.165185,3.12465841,-2.23945854
16.85747115,-14.91881603,0.09102183,-2.74964576,-3.10669989,7.62255994
9.25687778,-14.75947672,-19.95886681,-1.11115114,5.16393153,-7.93154682
-13.58521541,-4.59127416,6.74813204,-5.71357008,1.07308754,-2.93448473
-18.59498185,18.25773091,-5.71272702,19.4867178,-6.54224253,1.56572755
14.71906353,-10.37808958,-13.08329367,-9.81175749,6.27056317,-0.81117355
16.56923531,15.13253654,-11.91295767,-3.0525663,1.07154053,-12.43758363
14.62249052,6.67639864,19.2722936,-12.90120872,4.92418189,4.97682091
4.45330776,-17.40475758,-2.37774426,-2.6466056,-12.86073645,8.02782821
19.41200385,17.08982845,-1.55271933,-13.7386799,-7.76886333,0.71224959
10.49134037,18.14974913,-15.4261362,-8.67048361,-11.84860451,9.25603131
-0.37534263,17.47901635,-7.01291021,-3.72037701,-1.96423086,19.30689396
-4.70226914,16.90740054,-9.58562768,-5.08391625,-11.80615081,4.03668675
9.03652029,13.68463249,-0.28321388,-7.9983912,14.74550243,2.48073539
1.07903478e+01,7.36560220e+00,1.46523324e+01,-7.59748227e+00,-1.23464512e-02,-1.08746191e+01
16.92706425,-16.29300097,-4.83524018,-2.38793195,19.02827116,-19.44960687
18.28760356,7.68748287,17.90301206,-18.27434413,16.37075342,15.74710378
-2.96538821,12.21394047,10.802489,9.53877589,15.41136719,-8.58649239
-11.60555946,12.97248468,15.32886991,-16.92884528,16.64538804,-12.72102515
4.51988949,6.46397709,16.43478659,-7.65872462,19.91896979,-12.39026634
-8.81587979,12.569645,8.2366509,17.41287361,-0.16775211,18.69231106
-17.48552906,12.15013131,15.51743517,10.2916687,-15.77939437,-10.36333796
16.10715861,9.18258103,16.70777779,14.33414203,-12.81052158,-5.43704843
12.06804185,-2.42553071,7.6285169,12.39987346,-17.96508322,-3.61989768
15.45124343,-13.11712392,-7.89896563,-8.008566,7.73875071,-13.91302493
-7.23115369,18.52896046,12.12176127,19.68768585,-2.60449726,-0.91013294
18.25418365,-6.63863407,-7.70150161,-3.4246893,18.2224012,-17.23710882
-15.41161149,-1.38690078,17.50937203,-0.68689796,-11.51720434,-6.64047853
10.95635332,14.66421357,9.73705518,-5.44366826,-6.6416733,4.30726825
-12.40810596,14.98909,9.79940601,4.51461097,-6.38162638,-13.0630408
18.32036069,6.78832657,17.38356617,5.53647503,-10.97427043,-6.9588666
12.85645465,6.15940088,19.88076626,-2.1379408,8.43801183,16.14404967
10.28269208,11.81685225,18.96683534,3.57200954,12.14013106,-6.15553757
6.51350706,-7.4900234,-11.41626556,-6.50100698,5.39496754,-14.2721259
-1.44361108,-4.4096351,11.83800413,4.28256317,5.05026805,-1.98393512
-11.9562757,8.63313907,17.72353874,-18.63187667,12.66627378,-7.5914335
0.67918971,6.56682709,10.71717179,-0.06095505,-1.93371425,13.61361715
18.49174533,8.00517779,0.75178888,-1.94901077,4.65652773,12.23614187
-4.18204802,-7.01364553,18.2378505,-12.52772024,6.30596157,-17.14560768
2.59332481,19.57596497,-15.6943539,-5.03610477,-7.55828011,15.49708833
-16.12234476,19.95668234,-3.78385687,-2.52083836,-16.37186686,5.6401389
12.72932348,18.54993502,10.97766948,-7.37598039,-4.52617874,15.51729823
13.52109545,13.71585219,10.84077903,-7.43552332,-0.88319364,19.71437931
-2.92900721,18.0135737,11.34375755,-12.79366858,6.94540814,-8.13106218
5.40458857,-7.82601719,-17.35849814,-5.19558773,4.29646413,-0.85116379
16.57937489,12.62170755,7.62214037,-11.33273978,15.84845411,14.89099005
-10.46813596,-9.47041072,11.16040854,-16.42422929,12.32576947,-2.068528
-15.21456352,14.82384361,7.36385258,12.69857486,-6.15583835,-3.9614849
19.39339347,-10.50429037,0.42963525,-7.5265651,-9.08089734,0.1229315
-18.33891268,-19.20281018,14.59761432,-5.73375679,5.21987231,-9.83280753
-1.96601697,-10.86640724,14.72583409,-9.84972832,8.26034393,-2.1157027
0.13227899,7.22628697,-10.01701264,-7.11822089,-6.4454822,6.80130811
17.47205905,8.39017713,-1.43985069,4.92204097,0.38498408,-4.66228416
-13.09609485,-15.63316814,16.31339216,9.63766052,-0.57327236,-1.37511893
18.3181732,-8.02246903,-7.72136361,-14.95460361,4.57767917,-2.20071463
-12.25105659,2.51589959,12.53603107,-16.84180696,2.62199027,-10.92946663
-0.05584702,15.99448917,18.94334577,9.03149925,-7.32879544,-19.70854185
9.58972789,-11.92336736,0.80144142,-5.12167105,-6.07468513,16.85323914
0.58155025,11.2548877,-4.88612888,0.01231074,-8.36134424,-4.33542567
-15.96550302,18.97341096,-13.25038323,-0.27422301,-7.7127391,7.81529568
17.89960464,-15.78969251,19.92853305,-3.8616211,14.5251888,16.08566465
19.64751781,8.30833972,6.00182881,-10.18129602,11.78802634,19.51034362
11.13688106,9.46822774,-14.76625673,-6.69339573,16.7017008,6.95803058
7.15195715,-4.58525402,-18.10832523,-3.57413401,-3.96183279,12.73199501
-2.73044176,12.12425794,-1.88147508,-11.22588357,-6.98757377,1.8758717
8.34361542,15.59872497,18.58351071,11.02933992,-7.38362248,13.93191457
17.24229303,-12.65247145,-7.39986682,-11.68117493,12.75513225,-8.46841771
6.30884456,16.11452685,-8.75845745,7.93245488,-4.61934723,10.04797962
17.77103148,-14.02151721,-10.11711698,-14.18358462,2.46569378,-1.87481405
9.78027261,-1.64235609,-12.04222298,-7.26108528,0.21787739,-2.5857418
11.01056489,5.52072957,-18.51145627,-6.19340599,-3.92163927,15.43948281
7.39573304,-13.58411087,18.76019428,-4.64657809,6.43234507,0.60241479
-1.51933321,19.41148625,-13.76905322,-3.79512108,-2.13177459,0.07160026
8.94775639,-4.67200815,17.41490567,-0.78289375,16.94981911,-1.03142345
16.22124603,-2.82919274,17.74529574,7.57327003,-14.30674748,-16.22071976
18.7079645,14.82920208,1.06785023,-10.91997258,6.66795874,-15.55450452
-1.99216038,13.28004555,5.16222101,8.27173376,-9.39904166,-8.8883137
9.7982794,-15.02579728,-18.95733025,-7.6768892,-15.63229097,17.16426005
-1.28888647,5.41777272,12.71878471,8.20192462,-1.86878046,-9.31097923
5.144466,12.37617198,4.31646456,15.05057775,-11.49207976,17.01449678
-1.6148268,18.96501593,5.52755588,-4.57755314,-11.68549911,13.55687784
-8.35139607,15.50522629,2.6801422,11.45486293,-4.29423953,-16.44338627
-5.57664442,-17.97980589,2.28684933,14.23067646,6.29228448,-3.70137505
-0.33417983,7.43728618,18.29231298,16.57274026,-15.07450616,-5.91949368
-9.50565764,-8.08546641,16.11697388,9.22078014,-8.36429314,-12.07529435
4.5831459,-14.72120247,0.27767294,-19.01975646,5.95492998,5.23496844
-14.08797818,-19.38593175,18.93690184,-11.59740506,2.64170247,1.85695323
1.92500071e+01,-1.48155458e+00,-1.58021071e+01,-6.74138949e+00,-2.62378792e+00,-1.57464362e-02
-0.4049847,-15.93417912,-1.85669266,-8.78667851,5.97182837,3.49355384
12.31606419,-5.19762721,12.99698531,-19.28846021,13.1913357,-2.50481048
3.37398837,-8.56369269,18.18895789,-3.52389636,6.51127155,-6.35488326
19.69610432,-9.58616817,-17.43670715,-0.16394216,-6.23254137,13.85881712
11.42414229,-18.30565548,-14.27150134,-6.02991733,1.25259341,14.9067176
14.36232432,-17.53330964,-10.9860771,-4.10582012,6.23220361,2.56244926
15.49266505,-5.35243585,0.02121428,-2.31960668,18.05605582,-15.2465849
16.74072396,9.38134178,-3.61063449,-15.32528515,-4.59431585,16.8310066
-11.04335658,11.88422535,-11.12162401,12.98772347,-2.15037397,-5.05858013
16.08918839,3.40462779,18.52062823,1.75032409,3.28926677,-17.13382123
14.34308485,-4.43099436,7.62628303,-5.92716109,17.59320866,-7.78832733
2.856288,-14.82603249,10.63756032,-16.84080512,-1.07572491,-4.96017031
17.81165055,17.83773499,18.54280444,0.18178557,-3.59893552,-10.24647928
13.59548582,-17.55277295,-17.4680365,-7.96122167,1.98643677,7.84515294
10.95356597,14.36156535,6.90811865,-9.30250397,11.09486124,-13.97987327
-17.37090334,14.46288475,0.72731382,-16.38251035,-3.4598031,-0.11947223
5.83672131,17.44198524,-12.92065625,2.5236894,-5.25254768,8.89605285
-3.6262954,-3.42266075,19.53568679,17.34378837,2.53622168,-0.81806779
-0.25323537,-12.13758284,-2.29049444,17.63489433,-4.83429645,1.95849588
-7.25238158,19.88275979,17.63636588,10.30583409,-5.41283145,-2.75361082
-10.89612399,17.32669384,12.63767808,17.9810164,-14.75039606,-6.14362615
-14.08981111,-9.88527044,19.34684318,-15.03502806,4.65180252,-16.63692022
-18.31115687,-11.23507552,3.85051409,5.15273843,1.83188956,-5.44470189
10.71731982,10.94706664,7.60999408,9.59014622,-5.43481476,10.82228317
7.17460128,17.09672623,10.19003579,-2.80468588,5.98848439,10.0171603
15.61035592,9.52734044,-15.28860208,-11.74894337,13.85511227,-7.32652183
10.67710826,-11.72755377,10.98023816,-0.05267415,7.01928284,-6.61798467
-16.54186333,3.5655589,13.29036575,14.07718491,-9.16393879,-6.77957925
-13.69038176,1.47118792,19.37747926,-0.66047386,-4.81340115,-16.4478623
8.14711767,-5.8894087,9.5267384,-8.83328128,-0.20695528,-19.63966953
13.35462636,15.57761301,-13.80973776,-4.34265083,-19.952355,10.61986677
-19.87157058,16.87441941,13.36963409,12.7079128,-11.88478361,-15.67342028
-18.92846726,18.40553538,13.53199893,16.28740354,-11.8504747,-7.04489248
15.23823373,-13.11749685,-3.86481785,13.44558175,5.94944617,-0.23911805
10.2181729,-15.30467723,-15.43272281,-6.69371447,16.00270589,-9.33199734
6.96575545,17.11007706,-5.30651324,-2.690959,-16.54004244,1.63393818
-11.02056729,13.54705147,13.92711702,8.00089082,-14.82703826,-1.44301203
-16.87473454,-14.02167448,10.60870766,-1.26780841,3.41267225,-10.92191438
5.29890625,11.3559627,10.07005438,-14.87657574,-5.57428454,3.27101963
13.94390233,-15.90070707,-7.23911637,-4.95959088,-5.98330601,12.57626542
-3.32876576,13.69926572,19.31133271,5.4678083,-8.93490666,15.06765032
-11.76626773,3.39130662,9.00273762,3.63701275,-0.51278601,-19.32372456
9.05145875,17.52503241,-1.85936546,-17.40085901,-6.77751916,17.3714709
1.96589217,18.39861893,-0.69755136,-1.4880217,13.60743419,-11.66716835
11.6490867,-8.7926255,18.93830369,-10.88498117,17.74354091,-4.16644515
2.47221851,-14.76147735,8.07356099,-0.30504375,12.3849237,-10.59844102
2.15483271,-4.13088432,-17.61279621,-5.53208952,19.22689426,9.95610347
-15.70111426,4.52983228,12.32117003,6.57018855,15.92270477,-11.47618347
1.78742871e+01,7.73507303e+00,-9.86370963e+00,-2.82948465e+00,-1.04236300e+01,-1.22383304e-02
5.37977933,7.96691472,-15.73060639,-17.61772642,-2.89878615,8.08221997
7.87151899,5.38871054,15.73703091,11.42122648,1.00657126,-0.73175489
12.08158259,-8.52752338,19.85191797,5.95256616,12.63907293,-18.84307441
-19.8360711,-6.43067269,14.36734462,2.84158124,-6.72059077,-2.53009439
11.48321649,16.05515641,-9.90455016,-3.59295849,8.4540498,19.94545162
16.61959925,-18.49814998,-7.71948456,-0.98922545,13.36396032,9.70440855
3.40477018,9.79323383,14.50796833,13.27998681,6.78400497,-14.03730866
-15.93484405,-14.02197773,8.7281824,-3.11704391,15.44915593,-4.06118604
-1.24187058,-18.33111802,9.86213438,4.54089633,12.97750357,-13.70393213
-19.51917444,-5.06091427,6.85864543,1.4566737,3.23419728,-4.77795742
-7.76115448,5.69901745,12.51474503,17.10675752,-11.24330746,0.24080408
-4.74174077,7.64452927,2.27036923,4.72532299,-3.03946796,7.80316804
1.38470635,-13.81881461,11.88520866,5.75849296,12.07624976,-12.62846237
11.41814959,-15.71245759,-0.88746156,-6.55915361,-16.92745332,15.52584096
6.14087224,5.95876684,15.57143207,-0.12322715,6.13955181,-1.12400424
-11.53265922,19.16813616,16.928112,-19.5910357,6.32730193,-0.79234703
-18.40987632,12.6269867,-18.35961127,18.83938802,-12.50862672,-12.07948127
-9.88080217,3.63809186,-17.39062862,8.81436532,0.98112189,-19.15501013
19.09372008,-19.35560506,-6.78123425,-11.64759461,3.4079668,-17.08705909
4.12706249,-17.54775749,13.79911853,-3.7611657,18.56423799,5.61708359
19.05603887,12.13376857,-14.84001743,19.40526014,-0.39032954,12.63828398
14.42281414,-6.66419291,10.42453489,0.43578005,10.7825497,-8.87014
16.42204613,2.28311946,-16.27451663,-10.31075939,1.88906501,-9.30584099
-12.65641759,9.97113082,6.23000545,0.81508025,1.64118703,-13.71050775
8.01824765,8.18700308,8.98667494,8.99992299,-1.56926114,0.17312608
-10.1517786,-10.55942836,17.20983741,-8.9431833,14.65168294,-1.24728383
-16.71156322,-16.42108506,15.78541918,-11.56667975,7.13556026,-3.24364961
-13.94143296,11.57850174,-11.86306389,-4.31572187,-9.01431415,3.28483431
-2.49875263,7.22208404,15.11377214,6.33281283,-19.99669675,-3.71796963
10.84084294,14.71195111,-0.67684075,-3.29948243,-11.19670329,6.98234593
-8.6998675,11.30929343,-19.16672502,1.2284385,-1.0835849,2.7214905
17.74114577,13.27353227,10.3803883,-2.24291185,1.35826223,-12.59905544
8.29088777,9.60627841,19.99946632,-8.22735298,3.57371502,-11.43156888
-11.16923401,11.71957468,-10.11429988,5.85271145,-7.07839099,-17.25126773
8.10070664,0.21776297,-15.11021013,-2.44902487,17.8086214,-6.42312253
-3.02469459,-14.45789385,12.77053769,3.03222026,2.56078383,-1.08083775
-9.88453538,16.35130858,14.67502553,-9.44242679,-14.15784141,5.29432671
-4.53941561,-2.08922,10.02297207,-2.37203456,-0.32156337,-5.7138312
9.24087019,10.1171964,8.82440077,-3.51722064,14.33610863,-1.39899455
-8.9346586,-19.38419582,5.56801525,-14.99805119,2.39583916,-0.90124426
16.48144109,-13.98303308,-1.05468424,-8.5636265,15.91246127,-14.78383452
16.10468709,16.14309626,12.28404918,1.73210919,-9.76460811,-4.58319371
16.02088382,-10.12484146,-6.2862576,-10.38886532,6.95962238,12.2248453
15.41514091,-1.44664251,-7.6162523,-5.48345026,-7.19063943,-0.05617886
13.24753984,7.07052255,9.24817591,14.50224224,-8.95390254,-5.62243866
17.46617449,-9.90625244,-6.4473883,-5.504713,-12.56933887,3.11529232
16.11178168,-13.55435657,14.74042961,-9.01153395,-0.66337503,13.78749798
9.97950207,12.18503317,-5.36922116,14.43397004,-13.63703556,5.00241441
-18.86268254,16.53727862,-6.7725948,-13.06194634,-8.66860029,4.56013783
7.49432773,-12.04051314,-12.1766276,-4.3771397,-12.93554105,14.77255617
5.51651747,17.67616705,-18.5801787,-3.69561415,-7.92267311,17.29284483
-5.20230357,18.25331966,-6.51339428,-8.9286931,-7.49333408,12.7093552
12.93196987,-13.69040533,-3.72932725,-2.40081214,14.30066527,2.62883229
-13.3246752,-15.20050181,7.89446375,5.27547091,-11.26825308,12.90417158
11.57007323,2.81419672,-7.36911884,-8.22466352,-0.38877874,-1.23998035
17.3434047,18.20655321,9.7554837,19.08142749,-10.19001291,16.9041353
7.34305023,-2.60166904,15.09743689,17.37985499,14.06524645,-8.59411646
7.3740575,-14.54099992,6.326532,-18.70778334,0.17182982,-4.47809189
5.80121962,19.60489132,-2.5981188,-3.78111921,-16.66299906,13.48581751
11.94375524,10.24417793,-2.986093,-6.84468527,11.38327538,12.84440323
-10.73635539,-8.40478345,3.34583283,17.48421429,2.48984419,-17.37047
-17.68021001,14.10766514,-17.80175323,13.00738589,-14.70687848,-7.9771199
12.17016084,4.76835976,-12.80619079,-18.79157692,5.72618989,8.2041063
6.10224154,14.39872461,19.24804039,16.20266503,-5.94267714,-11.56963062
2.22389533,12.8263367,7.50055755,-16.01671983,-10.79247989,3.05134399
8.46651246,1.89863171,-17.70892869,-9.80674399,-13.35806018,11.03214557
17.78217117,5.52449161,4.23995524,-7.41257418,19.74290413,-5.38137617
18.13802659,1.56309025,19.99215837,-2.48462295,7.02669393,13.68346313
-13.24404686,-6.82093768,17.62873132,-18.30955014,3.68029264,-4.81584465
-19.23882163,11.31408134,4.53094208,10.34642857,-6.69748649,-14.51409974
-5.16556755,18.38915126,-10.06314562,4.03014074,-8.35125638,-18.42146883
11.60926409,1.70101353,-4.05944327,-8.7348888,5.88659177,-19.91787822
9.14239713,-16.77979266,6.29332341,-4.69088091,-19.72821703,18.10884557
18.97393892,-0.76346931,9.27693231,-12.99881185,-12.42582764,0.59031611
9.20473172,2.51519838,4.3171413,-3.59413222,6.1979915,-19.74467794
-15.6234135,16.16339036,10.10188103,3.16807516,-6.2333085,7.8434148
16.31399834,17.06784004,-8.6750206,-11.28847124,-13.10070098,4.4257916
13.53360848,-18.54372156,0.95688772,-6.47929005,-15.51201247,5.39494595
17.61207109,-1.02341049,-13.88913851,-16.39303096,5.98583039,4.63678435
-7.82644083,15.37711692,9.42998782,14.11822955,-6.27871649,-7.97781402
-1.49284839,12.07075815,-13.0509665,4.48405779,-7.31763475,-15.35339931
-6.25000369,19.81009582,9.63152882,11.29065941,-18.70364631,-10.8123707
11.5972621,18.59808949,18.72515524,12.95477794,-16.85095803,17.19254393
1.82731076,15.08901074,-12.18959074,-19.0116933,-10.24427656,2.41066672
17.68476605,14.63278935,2.76269075,4.92329819,-13.21392805,-0.39284923
14.35494128,5.90907363,-11.78853852,1.8343569,-1.95666928,-17.22489237
-15.31810462,18.80723939,-1.84033335,10.27786253,-13.32961092,-12.94713517
-0.24928756,17.1923713,9.7253584,3.89866829,-10.56573804,-4.49608772
9.91777392,-16.50647225,16.95436101,-12.99992536,16.54419689,-13.442734
12.06794301,5.44661515,10.77169677,-6.39303023,17.69889848,4.10490142
6.98864894,-5.78647076,-6.19604292,-4.12368832,2.64638625,-10.54927918
-1.19660804,8.09848059,-10.57629872,0.04845224,-8.19718258,-8.29669149
7.77016982,-9.6552687,16.15195066,-10.74361849,2.11801737,-14.34812249
-10.6219881,7.63751288,10.26241301,-1.77136915,3.93056213,-4.96378096
11.68632541,15.00947838,19.07196674,9.43364538,2.72556306,-8.78639432
16.36908055,4.83963522,2.47529019,15.91788915,-4.19632421,-2.6731267
9.86153451,9.08677192,-19.7426135,-4.12670831,3.2526257,-19.21498235
-2.42960294,5.56029092,19.22421001,-5.20712252,14.84304357,-2.58729331
-7.848657,-10.07764692,9.18063018,-13.98244252,1.99523049,-7.00172828
19.70639943,2.31087845,-16.306924,-5.04441651,-19.55234925,3.24618472
19.9043822,-3.58827568,-0.79708509,-12.29791012,-0.82004258,9.45895397
-13.29003199,11.13350065,-11.46910823,-15.47114824,-12.16648783,6.62904439
-2.36248148,1.48933797,17.42176033,18.35958347,4.83322772,-7.46977316
-19.94008288,19.76440892,9.36086139,18.1341767,-9.42944775,-18.93942112
14.75334193,7.28866051,0.09116007,-3.82498772,-2.86105303,7.59772716
11.73358277,-3.78036062,19.26214742,3.48032583,-15.13780096,-14.91997308
-16.11350755,11.29383723,-13.62236985,-5.36441665,11.59896902,4.06873678
8.66708168,14.8651425,16.11845975,7.49430168,8.37385096,-14.36678072
2.62982568,-18.12102667,10.77134542,-5.29149112,13.54291004,-2.83867903
14.29190807,17.55585999,3.65636964,12.5427857,-5.19989612,-1.58080196
-1.36526741,18.02789324,-5.66505203,-4.01660908,-11.05315972,4.23720118
0.42068316,11.52630343,19.40296084,10.26296421,-4.88652627,-2.45417356
1.53604291,15.70186123,-16.4922763,10.53888586,-6.56843802,18.8385453
3.40102419,-9.4239732,19.31704674,-14.26176966,6.6879834,-18.8600758
19.36997909,-19.31853691,7.96983815,-3.78259359,7.33018782,-2.84965627
11.71351607,10.26330707,-3.23915482,-10.19596226,-2.94599387,18.32798926
18.1458366,19.31152246,7.88764613,4.94437037,-6.80991114,17.02750264
6.15907253,-2.80670478,-4.54479771,-3.16288362,7.82128557,11.68336493
-5.32769267,5.98987032,10.81949855,5.02558276,-17.09235737,-8.451231
-9.74229628,-12.89809231,2.53340464,5.05377948,-17.51719289,5.05112043
9.54426657,17.17607212,-8.50509481,-3.37757546,-19.01112097,15.14391591
10.76350689,-18.90528635,4.36168901,2.78661996,11.19065444,-12.91173958
6.7519594,5.6994915,14.26355154,11.26822241,-3.42391912,-1.24539735
-7.25348405,-1.83714157,12.05144525,7.11083411,-17.86355541,5.81034706
-5.74161092,19.21180047,-7.09364374,-12.97226569,-8.70849902,-0.3571505
15.32193292,10.8489346,4.59265137,-13.53526855,10.60695276,-0.77178543
11.36607061,13.44809229,-5.1472537,-7.97399482,9.84436956,10.15172739
4.15079365,-11.81350318,16.75588055,18.85472349,-19.75202779,-8.72245162
-12.92264377,6.12437089,0.04790787,12.80248109,-5.7085582,-15.5025631
-13.58276544,17.25979114,-10.49776719,-2.65193992,-7.74462558,5.85205218
-14.88725669,13.15280169,-4.59709805,-19.40407139,-3.86187037,5.9640765
15.76801849,-16.88406392,14.52342173,-5.72999318,-11.51402869,9.66656095
-2.29840142,-4.42030703,8.61597624,-10.88925983,5.78248274,-3.88192486
0.41031648,19.41955212,-11.37608103,4.86984464,-18.976348,17.12717988
18.06568679,-14.04172738,0.47999115,-15.61885647,4.1902289,12.76638416
-1.56606856,17.0683166,-15.71285914,-4.18047191,-12.89367636,10.74555608
9.93090628,1.93910466,15.06631826,-11.07212173,11.55255925,-12.28272009
8.58299222,17.94846221,-0.24625663,9.35758466,-6.6520959,-17.23663071
-15.74079529,14.82457686,10.15382401,8.98012004,-2.45510072,18.13843655
2.35380606,-19.49738333,-5.81699483,-2.42405587,5.52060669,-4.50040614
12.05512509,11.838774,-9.19923166,-2.80856171,12.59994676,-8.28243933
-18.37950109,8.29826421,-1.2419173,-19.88725725,9.54543607,0.24499645
-17.36019404,5.52459989,13.26361273,17.42499885,12.65138547,-13.90918537
1.26601369,6.91602954,13.80834472,15.38089011,-11.9438095,-3.48656617
-0.25533375,14.8929128,15.2867453,1.36132316,-9.42233898,-8.93776054
3.96233135,17.86106045,-19.65876241,-8.61346768,4.22373526,1.01323971
19.05491603,-1.3349035,-11.36999757,-14.17742587,-8.08030031,6.08447035
1.7306691,7.56175387,18.08673158,1.8011463,16.18420154,-7.74574088
-10.55389007,-3.88437656,6.58250582,15.96963828,3.14352846,-2.43634584
-15.92815405,19.81460482,10.79452633,15.65617562,-0.7704341,-2.81613198
-17.98031104,5.59396722,12.62872796,15.58502416,-8.97748507,-0.53681851
-9.11913139,9.98931147,-14.28830277,18.82154915,-2.53629253,-15.3191025
18.18921131,3.74259779,-3.81870328,-3.04939879,0.79572937,-16.19343961
15.70460549,16.66729194,15.74091664,16.79116009,-11.67614302,2.25261087
-14.43616637,-12.9476521,11.84737352,-9.91665047,10.15337978,0.81159853
18.15035586,0.03239679,11.02601337,-2.01560121,0.91800433,7.55875827
1.98651384e+01,-5.12309864e+00,1.90974788e+01,-1.62371004e-02,1.20216778e+01,1.70687284e+00
11.37204707,8.04077613,10.83170146,-8.87549046,-3.48755389,1.19485114
3.75998196,6.46388845,8.52490669,18.94386681,-9.84513852,-3.86998
11.38721813,18.91328338,11.97914485,1.44379172,-9.97285577,-10.96576633
-0.12198919,19.36060634,2.07303086,-6.01029925,-5.42256391,10.99808668
1.70236145,18.91975042,13.87678414,-5.91452154,-5.02389003,19.60368213
-18.7602503,8.14515576,-16.78628999,8.89247289,-7.85900091,7.37357055
6.63333897,-6.88890024,-6.57240648,11.57519303,3.01197127,-9.5558003
8.19542424,16.70636069,17.81883643,14.14234435,12.08167228,-3.60010237
4.67863402,17.84885638,3.16405622,15.75114088,-2.87636263,19.94535599
18.21667176,-10.05429945,3.69970789,-16.15678219,17.4537856,-12.24807601
19.16192191,3.41034918,8.57009165,-15.3792335,-0.1248961,19.26004047
15.81421786,-16.47086232,-2.69530561,-2.95537106,2.75987174,-5.95684547
-8.49903541,12.76552125,19.49671628,-8.54885095,-6.65899509,2.91203459
19.35606509,7.67458928,-11.18176558,-4.32642404,-7.16280453,18.64862934
-15.36920457,-3.4937464,13.31627218,5.20840069,10.94765532,-15.09035155
-14.65172974,4.68289702,-19.3189151,-18.47343948,0.67933735,5.42609304
-9.08500196,16.61036438,9.20932777,-10.70940546,-11.75058324,18.50417834
16.51588316,8.81295237,18.97697133,1.32480656,12.95055072,-18.03886603
-17.29059285,-19.77779115,4.9719827,-0.58365395,3.70971533,-1.31086741
15.55461505,15.57048151,15.71083563,5.5953322,-17.74865916,-4.22822992
6.28781254,-4.09423827,-13.08201682,-5.71258563,11.22171645,2.28100926
13.90913054,-14.60750552,1.07093196,-10.69277233,13.40767258,4.21526546
15.37977133,1.72576353,-2.89420247,-13.03867926,5.05018369,-11.54173078
17.85973978,-6.24162287,-13.03243275,-6.44208618,-7.80182396,3.18868484
11.28313465,-11.12189577,12.95622993,-18.87366697,-1.82823925,-6.28528465
-11.51452796,16.97294973,14.14251516,1.20510375,-12.07932549,11.7720567
-19.05947662,12.97045416,-12.18906485,-17.18113813,11.74766267,5.2499121
-6.02451958,15.61018045,-1.04534792,-17.58051845,-13.35673595,17.76088219
-15.41739698,13.7617188,0.75197278,-7.01406938,-8.88195568,3.13049621
18.17601071,1.73635761,-4.50894217,-11.1911198,10.78267309,6.58200076
-17.66295695,2.83029558,7.92271435,2.53124388,-4.14227096,12.96421937
-11.99562085,-11.12845821,6.90011818,-1.28284519,-12.88448404,-8.29107268
16.26352294,-14.52603151,-3.88127423,-14.46062599,-1.21397302,10.80845325
1.90656109,-10.90736097,-12.80375489,0.55146279,7.31325498,-19.16896089
-18.4379561,-17.83413443,5.17840853,-4.9983283,8.22522233,16.79272454
-11.47086056,18.68049125,-10.13643463,5.67342391,-9.09922028,-14.29041961
-6.45572991,7.3633643,10.3027847,16.16636994,-2.82243494,-9.64771524
7.1795612,-19.5797923,-4.21418289,-7.3587846,7.90779783,-16.65435698
-8.67337963,12.37792377,-15.89456245,-19.92995574,-9.7388714,12.24419735
16.88499041,3.2694644,-7.79489709,-11.45569638,-1.25389785,8.86700398
13.39499511,6.92164646,-11.06955276,-13.97334453,-0.59297505,7.42216316
3.85808886,19.72950514,-18.48278399,-14.96799466,-10.86462691,1.75927072
-11.41063861,12.54814987,-15.03181306,1.88280933,14.95185005,-10.78070356
13.84684727,-6.51962628,13.32500875,7.68879564,-11.32010521,-12.01505938
-4.37008094,13.1547881,19.70341775,3.701725,-15.67900747,-15.27922459
-5.53824682,0.65689116,11.45390944,7.73194435,-2.84706327,-10.91957871
15.48611483,-13.26861976,17.50010284,-14.35546897,17.1241562,-15.07551583
18.10798192,10.93340259,-1.79121422,19.68247039,-4.0722003,8.36488128
-7.74396832,6.46155196,-17.4649201,9.82474579,-1.80791947,-12.14122325
-3.57754318,2.90763225,-18.07395783,-7.70323237,15.5366915,12.00474471
-1.99882278,18.71418435,-5.95330489,-11.31732318,-12.44754229,9.56581507
8.68148934,12.5161959,5.84140453,1.27707974,-2.74104788,19.71088559
-10.94781514,11.43065267,-10.3603304,-7.50375208,5.39557464,4.29993478
7.33851611,-13.47203062,15.98169527,3.93438403,12.18176508,-13.24744112
-13.50933194,5.17564245,-15.83038161,-17.62158027,-0.38170647,13.91888779
16.48785988,-5.44472309,-7.53837159,-12.60094652,-10.52554211,9.18654772
10.33194574,8.53841992,-8.83482178,-4.31137326,17.49349817,12.69514891
-18.10562414,10.01541884,-11.34635378,-10.61481669,-11.74109224,3.35528294
19.08909083,19.73223766,0.19504127,6.78637536,-3.89028133,2.20904794
-16.93871748,9.43468871,9.11221241,6.6321651,4.68768456,-7.90057266
-17.25037659,10.81967085,3.59831388,19.62966533,-9.96357093,-3.76063038
7.86260772,6.89021643,8.1718738,-3.26673978,15.8078278,13.70181687
-19.4109622,16.71898268,3.43358967,7.23255078,-9.46825221,-11.3605619
0.7634232,10.49440626,8.79952459,-5.43726875,-3.97450923,4.54444857
8.67076474,6.00980756,6.48944064,-14.53555984,-4.76620739,0.06676889
16.62809303,14.80942607,10.5371474,6.15775508,-3.3258091,13.46460136
-1.51887538,8.99261687,18.14495976,8.40141669,-5.74819772,-4.0711808
5.18970224,-0.87017834,19.55618237,-16.66891632,7.86960539,-12.21306246
4.24884492,-14.59970952,19.1427625,-3.37049,12.17258154,-8.67449919
9.93685756,-6.55465776,16.95764947,-8.53083178,2.39028875,-16.86069896
-5.56458121,11.14785595,10.95587637,17.18978841,-9.17536944,-13.07429424
-12.71570691,9.23887144,0.67743654,11.84519632,-0.92208725,-16.75219661
-1.79724767e+01,1.93015735e+01,5.90073615e-01,1.19960430e+01,-8.76656733e-03,-1.45309510e+01
12.86699812,8.95218279,-19.63307415,17.22578686,-6.75465207,16.88460203
16.19974197,8.79242909,17.15818969,-11.12864952,-6.97651941,11.14549193
-9.12292115,-8.04325883,15.39211121,14.16933762,-1.59659468,-14.80182596
-12.53702561,-4.42091854,4.68635225,6.32498217,-9.35220327,-1.67375352
16.5704766,16.4902311,8.5094978,18.73253794,-3.91045407,-12.35651722
-13.36323527,-10.79183646,9.62424363,13.05218321,15.93554139,-8.02074463
5.08171088,-18.51945721,-14.72778818,-4.49212933,13.12935418,-7.50174448
-19.98779097,-15.62279127,13.72534667,-17.53818551,6.34735724,-7.33010222
12.8400271,5.8659043,15.91883513,5.13414507,11.11301959,-0.58361488
14.69150985,9.5847156,-0.23045604,2.06933344,-8.17804126,-9.20645627
-10.84178011,7.57513051,6.03406989,-8.4520615,2.70888119,-5.37354528
4.78986543,-3.64067655,17.36108861,-16.11138553,1.87844775,-17.49688456
-15.29023232,7.94236936,10.87168149,-7.47509773,2.87457225,-3.53759592
-7.55690277,6.88842116,1.74495712,1.70329516,-7.77003645,-7.49452521
-19.71781309,-11.68441945,14.64382987,15.60850705,-3.92436936,4.66503158
-9.86271625,10.21265951,-18.90836025,-6.82948222,-7.28137571,0.96009547
12.24145673,-9.18735816,15.33368737,2.80328957,7.9128055,-14.71388362
-15.10561442,-7.62211679,15.5442305,10.02948401,-12.59179417,-0.31065284
8.69432305,-3.85630552,-9.04958024,-1.39395898,-15.3043197,0.71617623
-5.19497855,-4.79923484,16.71754311,-5.33568718,3.3835928,-11.75868869
18.32152014,5.20517387,0.39348164,-2.75115957,15.97235056,2.12845652
-2.82925153,8.18784402,8.79309706,-7.930507,-3.84426221,7.22153544
11.019207,16.92771191,14.15824357,13.73951529,-5.64642517,14.07910029
18.2166275,-10.80231974,16.211932,0.12136309,15.2193425,-16.6491028
-14.30548897,16.39046183,12.72503661,18.32327101,17.6672205,-8.3927698
-12.93118856,-18.11383042,15.29494775,15.73100349,17.52210619,-3.59707129
-16.77865137,-16.29856859,9.75479406,1.20598558,-17.18254346,9.66877242
8.57453748,15.65959454,14.99614763,4.31515107,-3.30409365,-2.713516
-8.9155431,15.33117115,3.17635386,12.82865138,-7.8237468,13.47758785
-1.65520605,-16.27847813,16.64484185,-6.99312704,12.49563247,-17.51785373
6.14101294,11.60138698,18.78038649,-17.0589693,15.98577313,-2.46275913
2.13942975,-9.90112254,14.65589079,9.82747374,18.4324165,-5.99378284
8.80200164,18.77780602,12.7938155,-2.31067579,-6.02792686,5.51847643
-17.69870318,15.68905076,18.63921716,7.58988723,-12.9280088,-16.15596475
-0.28909894,4.80522851,15.12878476,-0.57476786,-1.84404853,12.92125467
-7.4837863,-11.1014546,13.43700077,2.82246965,-12.08935452,-5.51774367
12.01990187,17.65374657,-12.45480559,-11.57666877,-7.55133738,3.99396385
6.72046906,2.48434498,-16.05133154,-5.50343838,5.87316895,15.91952786
5.28176111,-2.34542054,16.66334801,19.74861986,16.33838257,-6.39186073
2.91558092,1.03528412,14.69486043,2.73006782,12.70323717,-2.23819352
14.87845243,-4.51894408,16.5770322,-11.1098927,8.20145862,-15.95280908
-13.35660142,19.79406438,15.60546911,7.04176256,-18.20671937,-5.54411051
10.88569079,3.86684662,18.92083766,10.57288567,-2.56657116,-8.94958223
-9.8356177,-10.65302862,15.19991521,1.82581431,-19.16024758,-10.06233957
-4.39368459,-6.43351098,15.41185552,0.72801961,-19.12222893,-8.80782495
10.21335157,-0.82454882,19.34234479,-3.67314863,14.16270203,-17.18517038
-1.02849383,-6.48039888,7.78090912,-8.09740034,1.66060397,19.32051769
9.13434307,-17.74789717,-14.00672753,-5.4339849,-4.19291923,16.99319458
17.89708218,1.47363049,-15.49799407,-16.62512882,13.35555352,7.36810058
-14.50410893,9.84433235,-16.4667092,9.89722466,-5.70819286,18.85558563
-17.72685138,-8.28514453,18.35832986,11.71520816,-0.02115232,-10.74448882
-5.07930864,1.09015797,16.46100337,8.60568071,-15.23998972,-8.2311556
6.02466745,2.5021886,10.69610056,-9.45451143,7.28337718,-3.94902714
5.19888697,17.74936822,-14.2063136,-6.1749774,-4.09509335,3.66142668
-3.57879516,2.21412591,19.19196708,9.96367836,-0.94108754,18.02294509
-18.25185884,-2.22956429,6.45420136,5.73993483,-5.25578741,-5.31184145
2.08475705,16.08518586,-9.15149979,11.71699925,-4.53922964,-0.45897746
-2.1409782,13.94243301,-1.19917541,-1.19717119,-4.0488783,-16.98266506
4.91850819,11.43429748,11.9914381,-5.74783887,-6.29983639,8.26634888
7.25010785,-5.89662961,-7.15277848,-7.46160116,-7.38223316,4.51674398
19.90367419,6.95469212,5.48479809,14.04978325,11.53970255,-2.7919448
19.54863934,19.68843655,8.14670344,-14.80645048,-8.68719162,-1.4350058
18.34882554,7.43908227,-10.28007423,-4.26438924,17.03444554,-2.66980973
-7.31291267,8.57099524,6.82407012,6.93287099,-2.30431529,5.84167636
8.7541094,12.78226842,9.66879053,17.46545445,-6.04020238,-1.21931397
4.19484767,2.97483088,-19.92240587,-1.7303698,-12.66674609,4.62708862
17.16283299,13.12043373,12.93419182,-13.9575812,-13.91076127,5.06984691
7.54651782,-15.29426034,-18.72799369,-3.5061592,11.39425004,-5.99382519
0.75871388,19.5382812,-16.65793473,-12.03781032,-4.34377014,7.10833541
16.70137079,-9.48669682,-12.99995139,-13.17063178,-5.53748435,15.60070097
7.49623196,14.35584963,-12.52196572,1.94549624,-5.91095414,17.67016806
-17.04475971,7.38566026,8.60297365,16.07598207,15.11595492,-3.07424521
-3.88352372,-19.19890918,17.76030712,-2.95552516,3.62937236,-6.89851028
-0.83362477,18.41134473,-10.16689815,-13.36910209,-0.2732666,10.78852201
11.30164644,-12.51776281,11.44618179,-13.57304948,19.73298803,-2.3837283
1.09489932,-16.35095777,12.98976867,-1.13274073,9.69329401,-14.4967481
-2.59087416,-4.02087318,15.59963052,-14.44347215,17.71083789,-10.36890574
13.79676823,10.00616385,7.56602439,18.03444999,-4.20476688,4.01849013
-5.04607816,-16.90232573,12.36189731,16.42984848,3.6396211,-2.41640558
13.05651621,17.61311385,2.3002005,-15.82756484,2.83132748,-1.03922648
12.38276026,19.08667763,1.25206388,-9.33785944,6.40662381,-14.34820639
-2.59392554,-15.19612558,5.29277897,9.06203993,10.22451855,-7.2024019
-11.22007964,5.08080946,5.22773173,5.14504527,-6.44420742,-5.33767251
6.77813407,-19.33597661,18.86599823,3.35484426,1.88296496,-1.85884033
-18.24087742,-1.2925717,18.11746484,15.6031951,-4.56906634,-16.14417662
18.17325636,-10.94405795,10.27176629,-11.03803128,-13.30272213,11.1839015
15.47134525,-9.18856591,11.39327906,-11.35065792,-2.9444224,8.75537729
-9.86734229,0.15050542,-12.84391913,4.14104066,-1.85102559,-2.17391525
9.33800301,11.74283799,-15.03963058,-10.69433853,-14.27299676,0.97545844
13.70988666,-15.49852283,-13.93063907,-2.62759451,-12.85932941,8.19319887
6.87825906,17.02049233,-19.87847391,19.87344437,-3.28240685,-7.00267178
-5.52786434,16.47160049,13.72409464,12.71226185,2.42666295,-9.48955452
-5.41279751,6.01427186,8.02713418,16.98655677,-16.65874974,-7.66769322
-3.21468939,12.36935483,9.80933208,17.17396602,-4.04906299,-4.86702562
-5.50373355,15.34073042,-14.7337078,-14.07160572,-7.05132973,18.84237175
-6.13156986,-5.27441127,13.94398302,14.59499859,12.44023282,-12.39586531
-10.20559388,-6.49054124,7.21363109,1.4953027,-1.89383176,-5.10396966
14.37606062,14.59832377,-2.46570244,17.27540915,-1.33129633,-5.0968868
18.23361464,-4.88255241,6.19439265,-19.39364847,8.45493358,-7.63417921
18.94756215,-6.65065381,13.06659077,8.6975562,-2.78349883,-1.81404336
16.30621406,2.16710803,-12.01940882,19.05268218,-0.64197865,13.52818399
17.17612373,9.61878505,-8.41753496,-9.18158354,-4.08669592,15.98307542
17.22399028,4.59690854,-5.43021311,-9.42032908,6.54701745,7.34939
14.49693744,5.51689815,13.11076315,18.12254909,13.12800653,-9.34892906
-18.28606054,-0.16662336,17.34389963,8.96688476,-8.67460785,-17.85426593
13.08657341,-7.81223471,15.27754443,-7.75240371,1.72357888,-16.1263908
14.70959509,17.81089493,0.84541311,-9.71723617,2.80199917,-7.04796734
16.38887878,14.23199768,19.04158189,-4.54118464,1.41044328,-7.93843792
-7.82797373,14.44968281,-19.21256324,12.33480523,-11.14805097,14.09878247
2.96488137,12.36005498,-10.92553679,-13.50960103,1.28497369,2.716824
11.28532919,16.48228782,-14.19708407,2.11844861,-6.08171304,-3.60675557
-13.42087962,12.84441951,-16.94078544,9.70290078,-4.56858713,-11.43431734
-0.48952979,13.83363904,15.7469904,5.64765927,-8.53390102,-10.61837556
7.39798385,18.86647982,-12.56996997,-6.93966874,-18.75711045,0.42175637
19.00861822,-17.65337155,14.297178,-3.9064226,0.0942388,5.55327695
6.10972931,-17.07336377,-10.12689028,-2.02826638,-17.33611941,10.89944566
16.48729242,-4.90538631,-9.06560028,-8.90948938,18.18216517,-14.82231637
-7.48441745,18.13461713,0.27329261,4.87499199,-4.32279734,-19.69049606
-13.78854645,5.04678595,10.20231763,9.33589859,-13.44371641,-8.25099858
11.49566249,-10.93987145,-17.1000188,-8.51425244,-13.45794138,19.32072374
-5.07843605,-17.27775999,1.9169684,-15.41679877,3.45137947,-0.41891781
11.96456604,13.21292136,-3.16546068,-2.0558664,4.4986284,-8.84019267
-3.97534692,16.81132426,5.5767555,2.84505662,-7.22362344,-1.6976684
7.69229216,14.99388638,-13.58667593,0.41734782,-3.42696119,7.66119306
-7.30538704,19.28983768,14.87465415,13.54318774,-4.45715336,-3.37847424
18.47632558,-8.69522332,9.32726771,11.12342706,-10.55614186,-5.77790416
9.97860947,12.10991925,-5.71278687,8.63215592,-8.82768787,19.02994318
4.56133684,-16.31030203,-13.92755077,6.12928837,-9.35647801,12.15919907
-13.47670182,-13.77278578,10.54778878,-5.69241144,8.0387004,-3.59345788
11.14621935,17.14362612,-2.84832683,-10.21624877,-14.0963241,8.65866563
-0.07908176,12.17818726,5.24883001,1.00930192,-8.09460093,7.7318175
-18.87552265,11.45018446,18.93001726,-9.84056242,4.83680253,-6.09057266
7.69762257,7.58205036,-3.03335842,-6.879035,-2.72930014,18.48753762
15.96537707,-1.58331279,18.59893775,-2.73631885,15.90755015,-19.88864584
2.44304509,16.63771986,13.62291296,-7.48959625,12.59748378,-1.42158172
18.67983185,4.59334597,15.87786233,6.82190527,14.15683931,-9.63624654
0.84644753,11.63455496,19.82858404,15.26936306,-4.26692005,-3.44504274
-4.3950613,7.60560902,6.08517249,7.2642571,-2.98749029,7.42473651
-11.34756901,9.31641811,4.11770366,9.85540877,-2.69241337,2.75804135
-7.04336204,9.52527392,-11.96431777,19.35679346,-3.05085983,7.85215303
4.99123469,-16.73111762,-15.8811393,-4.72101401,14.27748954,2.34440019
-6.70304246,-5.30171918,9.95937721,-9.9296603,11.31642754,-3.40778196
18.38476008,17.80024718,10.39008958,1.50805195,-6.03545493,10.24700618
15.19061954,-11.02027139,15.41670965,-14.22545967,18.55398658,10.39645047
19.06026501,-7.44063097,3.26397189,1.61788615,-12.13788039,-1.04268927
5.46035324,11.91243455,15.54842742,6.39925318,7.65754543,-4.21332504
-14.39127244,-0.85625809,18.50974028,13.73949688,-17.03653649,-1.49060508
-6.18416281,6.94458385,-13.88085129,-6.25645667,11.55458482,7.6214884
-15.41266979,-16.9151207,12.39137563,-16.26597395,18.3897834,-8.51763301
6.31234528,17.82207106,5.69339597,13.10321363,-4.15573809,0.88798198
19.51386206,-16.91144187,-8.67520274,-16.65123099,18.3578643,-16.26338668
6.73971484,16.01308688,-19.47720271,6.3798726,-4.78726841,-9.50596787
10.36107318,13.0329535,19.29540484,1.96417712,-9.15512526,-6.1849909
16.62564586,-13.39721429,17.90220767,18.10756352,9.39839429,-17.02986603
13.16384702,16.38088929,-13.89263649,4.62193394,-8.63028851,-12.64592531
-1.40094819,6.64397367,15.69150599,9.89045882,2.67716994,-9.46239021
13.78521181,12.18021431,-2.34416216,-8.01422185,-10.15169119,19.12596462
14.8358201,12.54977266,-15.76688135,-14.12725289,6.80242641,11.76047412
-7.75932084,3.45430628,6.74905708,13.14512345,10.3441739,-4.44577099
8.26133863,-3.69845946,-16.11196502,14.84610569,-9.8182351,2.35892387
6.92015798,10.39473089,-15.09212336,0.10656595,-4.41992145,-15.84737341
11.2922132,-15.84417066,-1.04648479,2.6635759,9.90569735,-19.76389675
-11.25084294,16.15885069,-10.65586596,1.57919397,-11.58645044,-15.22916375
17.2676899,11.74506918,-5.13981043,-0.17198594,-7.75688993,-16.48802599
-10.9078868,0.35472734,18.57533406,8.55350861,-12.66613398,16.26589197
-11.19331495,19.66396355,-1.74472517,2.85808176,-12.09326881,13.6958626
11.87065215,9.65470176,-14.11272026,-7.16364621,7.23392829,-7.02099664
-16.30289539,16.83716878,10.12558999,14.20531575,-15.01367904,-19.45467304
16.22252971,9.38398818,-0.96852763,7.51288156,-4.05487481,5.7034235
-5.25878315,-13.16230361,17.14739866,-18.81846121,-0.72483078,-12.46916559
11.63012375,-10.01810624,-19.84873107,-7.01074354,-12.36692007,15.28854198
17.98611568,7.06258995,-9.24324094,-4.98680518,9.90974223,-2.75716629
-7.26628625,12.59678381,14.1703422,16.67927547,5.94494043,-13.82867208
17.62816874,-4.47227582,12.73207664,-15.80680415,-2.32155587,5.73584135
12.71257984,-10.84991439,8.31271118,-13.46222149,15.65728014,1.57084808
7.71595144,18.18544322,-16.91165554,-1.61990031,-10.12381097,17.42289605
16.29974195,-9.0506044,-17.13591203,-9.72060701,-4.84030379,8.67204144
-11.43375719,13.15028688,15.31707099,4.43047019,-5.86064612,-15.46713091
9.58268227,5.18581514,-6.7560775,4.16717335,-4.07659411,-17.58134491
12.6670446,-12.66646108,-12.68428428,-18.43492858,15.80526094,7.22055497
14.33441171,10.65785686,-1.53864007,6.36377278,-7.38519702,-11.32782315
-19.73066787,15.70396651,1.29861673,6.60275922,-16.79239841,-13.78536096
-5.73968138,13.99885197,2.56433013,-18.86533908,-2.88204226,0.02834672
-1.04623416,-0.69368086,-19.33160025,2.07982851,-5.72002821,17.9223425
13.98454903,4.21195121,3.2953644,-4.06564316,8.56927424,-6.16074115
-1.84256100e+01,1.73635989e+01,-1.34432824e-02,9.89291964e+00,-1.10432045e+01,-7.22127792e+00
-15.02978429,18.44203787,11.50852775,14.03036672,-16.00102328,-11.53934988
12.47031851,-12.53788552,-4.07298706,8.86518286,6.99749062,-4.79315408
17.62077007,10.23004185,16.26118071,4.85043542,18.76452479,-7.23362892
-15.60760871,-8.24111094,13.49265962,12.26009584,17.57699986,-1.44862145
17.1724551,18.03194209,7.61516917,-15.5373582,17.77023845,4.78891342
-18.2065341,15.18198125,-16.74410631,-13.71755612,-7.90793266,15.76214233
9.62114909,15.3765676,-19.48057467,12.80860134,-15.71351728,0.88927978
16.93510348,6.17404673,10.62651183,-12.81623442,3.01973008,0.23773663
4.23197678,7.05344174,5.60021869,-3.44111288,8.24608578,9.25997194
6.81723847,-14.38881986,19.12200844,-2.46044144,-12.62281729,1.58867848
-19.8309647,19.43894762,-18.16455837,-3.70050649,-12.52542825,8.49034214
-19.58054115,9.0213115,-13.73079674,15.75849965,-7.45594287,10.42109151
-3.3463409,7.94971904,12.03585323,9.27990901,-6.18455366,2.03839559
-18.31876397,7.53905927,4.69832989,13.41519135,0.44988111,-8.48516369
13.28679815,1.49889608,-1.27094734,-12.89845874,19.62688763,-5.88853786
15.33379303,12.67788738,13.46030256,8.89694587,-4.3306652,-9.53483143
18.73865521,18.29175925,12.59250146,-17.63980691,16.65430722,-8.99807421
1.57534707,-4.34851228,11.10396687,7.34353015,13.34005462,-1.2990977
3.42036835,-8.70377103,-0.38402588,-0.47858622,11.91443571,19.29826695
14.67837963,-14.97668762,-12.94748177,17.23843415,12.95379815,-13.33695329
-3.82075095,4.33232321,13.94376411,15.5535183,17.45099837,-2.80878826
-9.83555694,6.37190054,18.13436301,12.64602254,7.23641665,-12.26791462
18.53560882,15.98455114,9.5348261,-1.9660987,-8.16087579,3.74767501
19.30344802,-1.10467967,-3.69382722,-5.3023141,-3.99831169,10.66103883
12.31036625,2.15067619,2.30085278,-3.49192915,19.51458512,7.1341578
-10.88067224,-8.35613248,19.76606055,9.5285192,-16.80861925,3.40924232
-7.89158071,18.95525892,-19.31662423,-8.33343714,14.68026203,3.12528444
-14.5143507,10.97108822,-11.64691977,5.7932971,-6.06577759,-7.75175704
16.58811634,0.65638047,17.12708998,-7.36910403,9.83271388,-13.73842079
6.0001454,12.38341068,-18.48763749,-7.5278383,-10.21605063,18.96840704
-4.56820263,-5.64588577,19.41518432,-8.80113539,2.42528046,-8.4757474
4.2249685,-13.95087029,15.70419688,-0.76850229,10.02252308,-18.70616884
16.88164097,0.56201583,-2.93665512,-7.53995517,-16.94732333,14.18155312
-9.62055405,17.26955851,-6.70054807,-4.32538672,-1.74900639,13.52046825
11.96095386,-4.83846513,12.08468072,19.86136847,18.30018038,-8.45561804
7.69068625,-13.19181844,-1.75709065,-8.02769576,8.37201909,0.50144126
-15.6718569,12.65020064,14.01279583,-7.06882112,18.22656639,-10.18768506
4.76084939,-4.36494047,10.11498859,-1.29005761,-0.31349224,15.65748127
-11.3806422,15.57526207,-2.84855577,-5.09131601,-9.92401475,-1.43289309
-1.01522358,6.40797351,-8.2106589,-12.91577988,-4.98032644,18.93973318
15.0430541,7.59235126,-6.99631056,-8.99157874,10.48130231,-0.69153318
-11.69499375,6.62857518,19.06258369,19.5918976,-11.01388729,-11.83139035
11.10902085,8.48994485,17.23440018,-5.59970996,8.66632045,12.47837702
13.32378803,7.61635153,12.79642223,8.69876911,-5.37350629,14.95695733
6.40146469,13.14467636,19.46283068,4.51484251,-15.49370764,-16.33180798
-9.83897143,12.7219615,0.04523512,19.13162375,-2.07283051,-15.98026003
-5.05336691,-2.045233,9.95276238,-1.04500686,14.89394603,-8.81149379
9.08560899,8.43395549,-18.06550329,1.88751115,-10.67965261,12.32041971
19.06716743,-17.62890877,6.32579651,-8.16704818,-19.42247861,14.38656297
15.08024225,15.06598081,19.22502567,0.12743384,-8.3782802,-4.15469942
15.99904014,-8.38196559,5.0103836,-7.31956788,-9.89365519,3.63961858
-14.42064057,13.13022681,4.98161629,15.61083405,-6.03642435,-7.56827679
17.03886684,3.23364012,-9.73639109,-11.21366481,1.9439453,15.98706785
4.4926593,-8.89593979,19.42248324,1.58365538,5.13509537,-9.68771904
18.8734042,14.96789398,11.88852297,-17.8508771,0.09453822,-16.09548013
17.87287363,-5.76611004,-18.83522453,-4.76578276,-19.57353826,6.16330394
14.60687294,2.10446355,7.02289601,-5.93384431,4.85736645,9.13644815
3.39505701,2.87817773,19.25307096,17.37205204,8.57086098,-10.9904746
-6.00017916,-7.47382495,16.22049874,-7.66253019,0.16740317,-16.14296537
18.86735547,-8.74775001,4.76873764,-18.21082031,-3.84318124,13.25161705
8.07691034,9.03425844,14.55831943,14.51536806,-3.56894158,15.60741292
7.41038462,17.46634205,-3.87346462,-3.81763331,-10.42989579,7.13692551
-18.64649368,-2.19652599,19.53508122,16.0299036,-2.78734461,4.06603345
14.77968701,-7.72666968,-5.46282639,-8.90605182,-8.67065652,8.81236871
10.83156225,15.09892343,17.24105883,-18.58839018,14.47909077,-5.44571269
-18.59761548,-16.81471068,6.46376445,-2.29357173,6.14420601,10.06486325
17.2137831,16.1808533,-7.64730159,-13.49672928,-0.71197674,11.65678101
4.90665305,-16.84611409,-13.97707286,-13.50450012,5.37446326,18.42729623
19.59051303,18.39448026,-10.59185098,-16.41074508,2.85217136,-18.28238665
-2.29068415,15.98040157,-2.30223178,4.12801365,-2.0673159,-13.61266811
16.12130184,18.8352011,7.24093775,19.19545779,-13.86299466,-2.71364404
18.28106124,-0.39632845,-1.49002252,-3.39947787,3.30111021,-2.74110379
0.14428551,8.75793485,19.88336727,12.03801648,-1.44346708,16.09673819
10.2132999,-14.00962424,-18.14375141,-5.53337347,16.3545906,16.80348148
17.13679548,15.67959669,12.39001486,-15.96890269,-13.68711945,19.09055789
18.01116967,-9.30632922,-4.90191623,-15.73782849,7.4722444,-16.68553651
10.92951063,4.25321865,11.46676031,-3.81736501,-0.55823628,-18.10048919
0.45039267,18.62229069,5.59936563,-18.20932226,-5.97415156,15.85889272
-12.62501187,-17.89191032,16.66084276,12.26578431,10.24004724,-10.14195068
-10.25632396,-14.05623244,7.11244716,6.11194864,-11.66411407,0.87233529
0.40310237,15.88585751,6.25893283,0.2164244,-3.1498308,7.03936657
-18.02190661,9.38046574,2.09314096,3.59651834,11.00397211,-16.31638025
-9.33095637,-15.21154573,16.99650795,15.53347607,6.54869525,-6.74426885
17.12310564,-19.71256604,5.26397065,-2.66441647,5.25103668,-15.83875691
4.7379923,3.10204017,-16.11550553,-18.25339038,-1.21431817,14.23697821
9.17813153,-13.50728514,19.06867475,-14.77755055,5.79171026,-11.18673617
6.86929783,-1.9807371,10.28544705,-3.25370935,3.99154151,-7.42891416
5.74588443,16.67521517,-19.05614992,2.5427919,-16.13981885,8.16445477
3.37354773,13.51612493,4.71267152,8.55142882,2.28010907,-1.59620483
-2.7717596,5.72175914,-17.95753135,-8.42941618,-3.32599346,15.73691798
11.70434123,-15.865678,17.43925708,8.26176373,13.05888766,-18.73075858
17.70547656,6.35432199,-7.23541219,-2.92903949,-9.97518907,0.81063728
6.27308575,18.7414508,-11.35236312,-5.81455383,-10.48291672,9.99629958
-16.85607949,-18.76252173,13.15932919,-7.41130073,13.02447078,-7.65975022
-17.52569599,7.14574448,-10.2284091,-12.2621884,-2.83109522,5.30207659
16.69317944,13.19614592,-9.32509618,-1.21916468,0.517174,6.4643758
-14.5190625,17.04772348,16.67181825,-7.60524102,-7.64526888,17.72800666
-3.65803884,9.78645369,-16.16364065,18.43677145,-5.39702587,-7.47125769
-13.22588495,-2.24052079,15.45302426,9.79428443,9.8211738,-3.85347528
18.17376017,3.74898906,8.71834088,-4.83490721,-18.27135757,13.38745882
13.85435024,-3.97597256,-9.30349439,-5.44665621,15.17569926,11.46331189
-6.97346943,4.90793086,17.55085287,-14.20551509,-4.15190191,8.55035837
-16.98060478,5.71785482,-6.24288004,7.64768852,-11.91014267,14.04197841
-5.75849509,-13.92326734,12.9821123,-12.34266904,12.85826181,-4.29596827
-12.83227417,12.79037521,-9.6948566,-1.63265344,-4.45908045,5.88767836
-12.85369753,3.10438888,-8.04386195,-2.56368732,-2.97968985,3.18540607
15.43692054,-8.50179995,-19.18229076,8.20975391,-11.78954316,15.31611404
18.83452467,12.85026114,-6.6167179,-2.92547954,2.02989378,16.7597774
-13.60851955,18.90634005,-13.09718952,1.96165038,-2.0571622,8.61292776
8.78949105,10.34436611,12.3224389,10.61060672,17.96423445,-6.94699776
-0.91093714,16.35199225,-18.78500416,-5.31095743,-9.47770519,17.95548025
-19.69006881,-14.66202554,4.21604794,6.99770083,-17.66542754,2.16762936
-13.67945372,12.022186,-9.90936963,-1.38188343,-11.91719532,-4.96191922
-3.12992937,10.04152149,-2.10615496,-7.11433351,-3.78579364,16.93485021
11.21668376,17.70369935,15.56277629,-1.05948934,-12.00822401,11.11761032
-0.30764695,-11.46252851,5.7496064,0.70907977,-10.25006833,-5.01294513
5.03739728,-19.47781621,19.86034001,7.92110107,15.98723951,-8.13407915
19.18239078,18.24304837,15.30516783,2.61372732,-0.05380192,-10.01829902
3.96443849,2.28551302,2.31224511,-2.3028644,17.18808301,-15.36562009
17.10439401,19.93203456,4.95782141,-4.28271248,-11.7289734,8.24264414
16.90330711,-7.60244192,11.3127596,-12.15638941,15.60317767,-9.29349237
11.61981979,18.65393532,7.07042652,-4.37913265,-7.65372353,7.86500812
6.31090545,-5.30567353,-19.66214412,-3.28668688,-5.46011327,4.91250105
2.3349693,19.95316366,-16.64142647,-2.00097626,-1.81625352,5.1541103
-11.58083197,15.72245286,-3.86762191,8.28689298,-4.05240404,15.59953133
8.75504207,10.61969165,-10.80386685,-5.28811072,18.12487393,7.88057421
14.042669,-9.1886279,-16.91034813,-3.03928955,3.46337149,7.11811246
-17.52854986,15.40047766,-15.30925244,7.14231972,1.30161554,-8.94946647
-14.88501925,15.24732529,14.70933764,19.88952267,11.36390693,-2.21937037
7.442986,-17.69535337,15.78707675,1.65357885,8.66213015,-2.2707432
-19.42684161,-16.6455564,10.01302628,14.0137344,12.88843378,-2.98580607
-15.24931085,10.69602931,19.48264934,4.72804499,-16.72367745,-17.50348427
15.16917076,-2.67075502,19.76909731,16.42729575,9.3850573,-5.16920113
16.1208322,15.26537469,12.7154725,11.14825497,3.80127546,-11.74216083
-17.69789777,7.76957144,5.66826473,2.67937068,-7.13149009,-2.85133895
-10.21124965,18.11799449,-17.41435688,3.77942387,-8.55922574,4.52986558
17.58748263,-17.06800436,19.67697974,-10.41616853,0.65301322,-2.5857807
2.25956577,15.10863853,-7.11303985,-1.01637742,-12.97014766,8.18901929
-15.59185711,7.19288253,-10.25945791,10.77847786,-1.01146057,5.20666665
17.22127437,7.88953984,16.61833438,-16.62323788,14.57636937,-4.46771585
-17.78585034,3.21316914,19.10102673,-14.11853434,3.05401703,-18.12665562
-5.79552647,-18.36355479,14.98203993,-15.26408836,17.12630239,8.61917488
19.72115223,-12.54957978,15.2184621,-3.18752431,19.55455346,-1.7370371
10.84081705,-9.00660549,-12.01425996,-6.74088394,3.63179515,3.7256327
7.93607581,10.34988015,3.25417028,13.82173191,-7.78472175,-17.96842093
9.64807133,-0.56537369,4.47505548,-0.37057489,11.74305439,-10.96123249
15.30314105,6.62086164,8.41857475,-13.6036514,12.69888838,-17.67688783
-0.13168232,14.13315737,1.74417162,17.4825059,-10.92620119,2.23878896
16.29668821,3.81703159,-3.33456424,13.32329765,-17.28748006,1.84653032
8.83793556,12.1647683,-11.01668988,3.57145007,-6.94247133,12.44962835
8.48797723,12.76347741,1.66914473,-19.56217607,-8.90417568,1.5137114
-19.58811779,-6.51065849,11.13113748,-7.31742356,19.74106335,-9.77903845
16.69253784,-2.81401756,-0.10680845,-0.04717489,11.74372492,-7.68479585
-10.91067327,-9.56347361,18.90406271,-19.80226398,11.36192876,-4.96927663
12.15957199,-4.10152349,-9.31003631,-6.7035655,-2.4010148,3.91333999
10.30169488,17.67596614,18.73738038,14.84042127,-12.97643995,-5.81610784
10.6645751,16.94572945,19.85045516,-1.98645088,14.21261053,0.20020998
17.35674518,18.37557317,18.02560066,-12.87354964,-9.54341037,5.75661545
-19.01821583,9.00769021,-7.37312956,9.7840245,-6.62491313,-4.16531577
9.41112549,-19.50798176,-3.44993641,-7.28535166,-16.2261208,3.35772256
-19.15787295,11.33376808,-1.88457659,6.38208897,-6.28104354,-14.9326492
13.8928844,7.33322465,-14.81515986,-5.35839729,12.51999885,6.80402885
-12.65586382,-10.33679188,13.73107028,-9.92069152,5.03168739,-5.90482393
19.87344616,14.08018336,-6.8932689,0.5302491,-9.74371346,-13.63997362
7.05965586,14.20957902,-16.38547482,-18.81119697,-14.97901457,13.66905804
14.54350973,9.70439574,19.3901517,1.36465263,0.82605585,-14.92205221
-12.80252841,6.06141094,-9.4571582,-14.48633324,-5.34630822,7.36690431
-11.87047714,14.5773638,-15.97143426,3.58350415,-13.2439285,13.69141877
-0.94334542,-3.07538589,11.02518418,-8.49908111,11.36034068,-6.20212306
18.08048759,-19.45669583,-8.2419027,-17.6806114,3.87479552,16.60626904
9.30153878,-17.63862968,14.47585053,6.4697714,12.22565155,-13.01658125
9.20563777,11.70667699,6.42453404,-11.99696496,15.95140243,-2.97101496
-12.49743859,-17.19281295,18.19542878,-17.59639219,12.37808238,-19.46565043
-0.17510397,6.33629178,9.2236608,15.175024,-4.16566289,-15.82614042
-0.4833249,19.68155691,2.27994066,1.54464984,-3.51809261,6.08087569
11.91745154,18.21698198,15.86659387,-7.02348074,6.81176036,-14.55486287
12.34058359,9.19783589,-8.60554433,-10.36674101,-17.1841557,12.29125797
19.90593743,-2.27753536,-19.00974559,-19.21884524,11.5317756,-14.18152204
-17.74477631,11.65645451,-17.42038954,6.30512095,3.91085445,-17.72477349
9.1553153,16.26536325,-13.44347676,-9.0510523,2.40062944,-14.86993838
-11.48558125,5.93077983,-15.62846714,2.44385552,10.40950625,-3.94462018
0.56186811,-18.77251072,18.65179896,4.0745083,-5.60154606,-7.53126033
4.66040178,-11.44093085,13.96655733,-4.53314535,0.93015138,-4.16421165
-7.92166799,-10.81889692,13.47972378,-18.44024671,4.61692605,9.80851037
-12.93129319,7.66305303,5.73290469,6.28802936,-6.01876713,17.58714359
17.4408017,18.12199357,13.00829027,15.16070932,-7.8387968,-13.28711979
11.66088411,14.65558604,19.23732117,-8.27574581,-14.1109716,7.0903258
19.15550624,6.5067492,14.74769218,-1.08472197,-10.13732674,17.64278007
-17.50310331,-1.87699778,10.3647526,-3.98861436,9.39532641,-0.72014538
-6.00487462,2.07793604,-13.17701614,-5.26492631,16.14719019,4.98122726
2.67227026,11.76387813,18.30138541,-12.96395404,12.03709361,-13.06036651
14.81330856,-9.76176019,19.1242081,-19.7036542,2.0498326,-12.6349806
-16.43001832,12.49743423,-14.30449124,2.0551476,-9.3927462,-13.51249789
7.46260559,1.06360822,3.74243803,0.75174418,-18.81682502,-2.0990503
-18.3770178,18.52605304,-5.73745234,11.1904237,-6.05168138,1.34847193
-7.26093842,-12.82947603,8.51956126,-19.02214606,-0.38963812,-9.19835379
11.27439488,1.74251212,17.67648049,-4.27375948,16.397718,6.14737682
16.9894826,17.64158907,4.54178213,-11.25520093,13.89072164,17.2687694
-4.28799295,5.29171347,17.66970812,-6.41890042,6.6279985,-8.85708952
16.71147827,7.91150512,19.73856623,-3.01217075,3.95112091,-15.66085039
12.70036957,-1.56319692,2.48372477,-7.19736078,6.50863175,-12.11311831
15.00616644,-5.14437678,4.40690035,-4.37004591,0.77486075,-13.18297479
6.78505841,-8.91781882,-5.73171659,-7.35055917,8.42218229,-8.38297758
-12.0878291,13.22542704,15.00271738,-15.41329488,9.15055839,-6.15577269
0.78676263,17.57088342,0.1664011,2.45347289,-15.36868875,-13.85997731
7.50225632,-5.38168505,-16.37749728,-5.44623527,10.33767364,-4.78389925
-14.99371364,15.72307725,-13.58083877,-12.38322268,17.64870655,8.22151585
-19.96167368,18.58895252,4.02657482,14.67580815,-18.6286974,-3.26599269
11.24920357,-15.11566124,-16.12618762,-9.85324472,-3.44971288,11.1786174
9.64595124,19.12297536,15.88732399,2.6642123,10.3859817,-7.08123612
-11.69856001,-7.26990928,4.82618239,-1.41385364,1.11841535,-3.99380068
-9.32351352,3.85774327,11.03364738,-19.66397891,16.18088087,-7.61671134
-6.38860348,8.58168997,17.37595364,13.5392599,-1.16737989,-2.16074405
13.65340917,-19.76202329,-15.90201819,1.85103526,9.12277171,-2.7238022
16.77105649,-11.77284848,0.67923465,-6.05498744,16.58352639,-19.26159781
13.11145453,-3.23136995,11.45078201,3.57343097,18.39421472,-8.54168921
9.04161782,-11.23575727,-7.37255836,-3.02811013,-11.07312859,-0.99449789
-0.30197153,-7.13261802,10.00712704,10.56590417,-6.26879845,-4.63141039
8.61162279,8.59521262,18.0964102,-4.30427416,1.74824038,-9.29314036
-11.29682778,-8.98276203,15.34830637,-4.82152437,17.98705956,-6.46873693
-10.92973667,19.92369276,15.97617213,-3.62883487,-2.22804143,6.04144542
8.22737799,7.83221752,-3.74997694,-7.04387239,16.83636748,-6.4391801
-6.44014789,-16.41171252,10.67520461,3.64666251,-7.42494441,-11.91641653
6.49436448,-12.71058943,-11.54577359,-0.12128184,11.57461705,-18.27853702
15.19250315,-9.12008925,-14.61953362,-12.69678365,2.20251184,-3.40227496
-12.08049575,18.91038305,-8.43214397,7.03760815,-15.96328792,-12.15616459
16.45570584,-8.83998857,2.22519467,-16.62142453,-3.26618612,18.74591936
9.78362455,-14.46713431,-0.62999625,11.70420878,8.14481126,-12.14213864
16.46349855,-5.99666868,12.9852244,5.50368742,4.46849519,-15.85766384
16.58512985,0.66175764,-10.15927094,-7.13167104,4.75656313,7.96131431
-0.53852323,15.51040394,17.23630348,-9.80437149,-2.15504012,18.68282488
13.6571032,14.09527219,-9.82399243,18.56637342,-13.90719319,12.65982175
0.12876566,19.77075214,11.33713861,17.40164291,-12.6650651,12.44890734
-16.31854467,-4.85165915,8.98793799,11.17559116,-18.71581367,5.50964648
5.8727137,-14.42545041,8.31704088,1.19366454,-4.69377692,-5.06994747
17.77045617,-18.34686575,-19.8381503,-15.36756751,7.61474957,0.5119072
14.39827567,15.57172499,-5.77662248,-5.66086681,-13.72368175,0.14864381
-6.43801694,19.70606022,-18.91256204,-13.73111906,-11.51351873,15.9454167
15.89137659,-6.79685255,13.38495045,-9.69067203,3.92602293,10.36299443
-19.84265633,17.87245302,1.84746282,3.41740164,-4.46818185,-10.36375868
12.01221365,2.88206446,-8.70545205,-8.03231526,11.03559932,3.69352006
17.1636691,15.66423188,7.47559111,-3.83297272,19.36580048,-10.89299766
-3.47095957,-11.07319216,16.05522425,7.75103897,14.36022701,-6.90700787
1.58575353,-19.76748308,9.49320062,-9.31038414,5.63152463,-8.63396279
-18.62425013,10.45797087,-1.72710323,19.01426239,-8.52530188,-9.69430217
15.62028189,-15.81667797,-19.49094436,-2.48079302,10.97248988,-5.50354441
2.19401987,-8.44308715,-14.70107482,2.10167157,-16.71444463,7.29881624
8.51472006,4.53062652,11.82808771,-16.97275759,4.16172859,-1.13029667
-13.35631944,-4.90267461,12.60087298,6.69001051,1.53275636,-11.37743319
16.50822255,19.62720676,17.7526369,12.22129888,-4.15677162,-7.7933157
8.62930173,8.7164028,-9.88280399,-16.44997916,-4.92033232,4.33184233
11.40860284,15.17631073,3.86936852,-17.26326244,-2.92746613,6.05764162
16.95956951,19.32988502,9.32227777,-17.11413958,10.2327614,-2.16907188
7.97078481,2.87690383,6.67692838,-3.50233231,16.94845622,-9.41135304
12.45669593,-17.3015563,-7.8344186,-1.07947235,4.60488083,-0.849371
16.41841602,-12.25916032,-13.94371147,-10.35762041,16.18877499,-2.37449521
17.50298702,15.66235129,9.06074157,11.43685315,-1.25303163,-7.93826195
17.79098274,-8.87710583,5.97614799,-12.70104831,-15.82109461,13.93663595
13.67673162,-4.91025573,-13.08081259,-9.26861781,-11.16723488,2.66720559
1.93393712,-15.28012566,-15.969014,-2.32114516,12.63776299,-15.45557116
16.94551096,15.53627502,7.24449672,-6.87801294,-3.44100728,4.31922635
0.66114083,16.18857894,9.99887474,-2.1782663,-0.32497011,9.5956147
6.80839107,11.76833874,0.30297968,-4.98700336,-12.20106461,6.39716026
17.84257992,19.11735878,13.57192674,-6.8285773,-0.5280548,17.46813112
14.74724054,19.05513214,-11.7860722,-13.43291184,8.76142294,9.18356805
12.51477892,5.04661252,10.3411629,-9.59625655,8.79156124,19.70698152
3.92659298,15.92668612,-17.62846952,-13.40134876,-1.91854453,-0.49363905
13.83745362,6.58109317,8.36388243,0.89658227,8.57011318,-8.57018346
11.32884753,-16.81200443,12.28048412,4.08345185,-19.74138281,-0.6465975
-7.17641275,13.09542785,-14.83948678,-16.47908608,-10.5982414,9.01804545
-11.43010718,13.34976248,4.42999928,7.96357161,-19.56705008,16.92681761
15.84258425,6.10918133,11.18882163,12.74401724,-0.21992963,-6.27032056
18.0014632,-3.87216156,-7.02973282,-5.78852962,17.17932712,16.62488314
-17.38702134,-16.96990377,17.60299366,13.12118906,0.24575277,-12.84306152
1.20149614,13.45588577,-15.87426963,-14.05518772,-10.63697834,10.7854225
-18.48221799,4.17199833,11.64317621,15.80175657,2.67622432,-19.44760251
-3.82747283,-18.8373556,12.68308319,-16.27748224,12.38849733,-8.70048455
-17.42108978,14.11892852,3.00577795,11.82139279,-9.63085711,14.68448275
-11.74510018,13.78529648,-19.9618114,8.80193021,-8.18383706,-13.00450957
-0.92442528,17.12169195,10.59292187,-1.91610845,-8.00724129,5.06958071
8.31613052,17.26554451,-14.43098296,-8.08033813,4.92306901,5.54760815
-1.37772934,15.30558589,1.90205901,4.28774003,-6.14807762,-4.73129986
16.17403837,-17.1409158,-18.14095383,13.14340957,-15.63238532,18.04541493
18.35844454,11.66679287,3.44225212,11.49178583,-6.97952673,-10.9561336
19.00070964,16.00320534,-12.88712304,-14.9942064,-14.63327907,13.66763193
18.43254675,-4.63385311,2.34880335,-10.07061443,1.24506033,-5.59196089
19.30140586,8.80961317,14.92968365,-15.07409332,-3.81107843,9.07526247
9.94560979,19.33928796,-6.39146748,-5.90520918,-7.67224114,15.94767585
18.83417354,11.10665261,6.06864683,-16.25020224,16.99095128,1.25351055
11.57344639,-7.59565839,7.82594833,-7.52038577,1.84157374,3.70595242
15.84199936,16.06341849,-10.0233192,-14.15968429,12.61040165,1.4437938
18.71055442,-18.72852046,2.18124389,-4.72848372,-13.82689095,5.05075016
1.61065151,18.8388566,-6.46892961,14.77095254,-15.32087863,-10.29928924
14.74707357,-5.79169445,3.05298192,-10.04444586,13.10470605,13.82617681
5.84835222,14.40727178,2.61067888,17.80038902,-3.75929502,-1.58331358
-6.62759577,8.81346477,-12.47321208,2.5936402,-8.41714577,0.14276455
-6.43787397,14.80722493,4.45244097,-18.33915952,-10.40424105,14.08802342
13.73977401,12.34581337,17.79350299,1.81831064,-4.73205576,11.26065762
8.61527963,11.84436116,2.44112259,9.29359417,-6.34488487,-9.23550182
4.97062267,11.09761848,18.64642148,-6.24141414,4.0195949,-13.09171341
-18.67387022,-5.48788675,10.26786812,3.09788406,-5.30293262,7.99358862
-4.76217616,-18.07012546,7.98055585,3.57852551,-14.19403439,17.36953214
14.35382588,-7.4292459,7.6357223,-10.72528491,3.57796618,-13.29926133
7.84882965,-3.1395592,-10.72685922,-5.1744207,-14.24045108,12.7002241
13.83536116,-2.35099994,-14.68895165,-0.80679248,-9.05358113,3.48292818
17.11888856,-1.79636314,-12.60974911,-9.05564052,0.68031374,2.47138614
-10.90371901,0.38820322,18.54981464,11.54722247,-16.61335339,-18.77624191
-13.40733799,-9.67367127,11.11243173,5.57246257,11.00116958,-19.96399694
-17.60335705,0.56916253,-8.19821756,10.38249504,14.01167648,-6.23416135
11.76247179,18.58814008,13.74133923,-6.88309769,-3.35644551,12.90109165
7.79820091,8.23453466,-18.84224117,5.85804847,-3.29301285,-13.48246374
15.02771012,6.23694982,0.84872717,-9.46263222,-18.83710858,9.71783024
10.1071174,5.8236055,-13.29473434,-8.31450194,13.37451991,-4.11943638
19.14650045,-18.81207687,-14.85264375,-2.09158232,10.89091206,1.57654419
-5.50222443,13.2200766,2.54295393,2.23936573,-12.59026837,-7.64002395
15.51963969,8.67923524,-14.11609999,-3.02345114,-5.26298706,18.49031385
16.13934885,-13.55168463,12.91901848,-16.2789,7.34252718,-1.83992531
18.98412243,13.44601176,-19.57146454,-10.28079253,1.50123118,13.67654679
-13.43915155,8.07494467,13.52190879,10.76440947,-2.84799637,-15.90351067
12.37814436,15.00865148,19.96479372,7.54193751,-6.01413911,-4.41702218
15.41830345,10.54570826,11.76826919,16.01625206,-5.57128935,-16.75613555
19.35949151,-14.46394704,-8.58955518,-3.98472824,15.16644916,-18.25964159
-5.33741617,14.01519294,-8.75718794,-19.278387,-5.58466976,2.26590983
10.45614104,-12.45233352,-13.99206797,-4.85945484,17.23635335,0.61352583
-11.97482119,-6.62371152,7.01042619,8.01941383,7.16053663,-1.59851534
4.4905323,12.40651081,11.19003043,7.23793244,-1.66510028,-6.16217224
-9.33205361,11.87600854,-17.98923092,-5.0073034,-10.42178504,7.7066892
-3.48603519,-0.24013414,7.22035478,6.40305828,18.47698575,-0.8530645
14.96645368,-15.22478868,4.58890828,-5.13342348,5.44840556,4.7206707
13.81905079,-13.79011704,14.03625953,5.18479891,-17.50007013,-7.13788323
9.75708693,-18.47028191,17.44933335,-11.02415858,10.56250825,-2.13894182
-8.03593231,-18.06371443,16.30236015,16.78097761,12.56614725,-1.63497006
16.42192818,-14.08326361,-8.1748889,-13.6589835,-8.28748773,19.53768572
11.00959893,-17.56677874,-4.09974636,-4.00839955,-14.75004302,2.63123244
-3.892075,-15.75285008,10.29335203,19.71007848,-10.37010236,-6.92041416
13.30440983,15.88052906,-0.71252906,-2.57217052,-4.14195304,17.8929295
1.1335737,-10.07494715,15.54114225,14.39919839,-11.41204704,-11.00189443
9.21748954,-7.37069925,13.19498999,-2.92912566,3.66852955,-4.00319499
-19.10767065,7.98720819,13.25117872,-6.55609987,5.58099093,-9.72285273
14.94828659,-12.94735366,10.76598446,-11.08807834,-2.16969226,8.24948731
-18.09398603,11.23002872,16.4323222,10.47878745,-19.07829281,-17.96718068
-6.9167679,-8.61092452,15.10449573,14.21586177,18.32871669,-3.86358123
-4.73735777,7.02896128,-10.70276667,2.57863201,-6.88533492,-2.93220749
-6.05154427,-10.24074625,11.48099402,13.40868556,-8.66863003,-5.86535763
-16.92287973,17.4531527,0.49310257,15.43662841,3.56801497,-3.44887033
19.59628413,-8.58487783,-17.78034229,-6.92453922,14.63953494,19.38192915
7.73233595,-15.72794702,11.26595585,-12.16108096,6.63884548,-10.29966779
12.89496872,17.23111254,-4.22149047,8.65194059,-8.19491135,-2.72165756
-14.33671549,-17.10855124,17.97046157,-9.20865362,2.66118793,-0.68674776
12.83693659,12.91802931,2.15061116,-0.88342206,16.42757259,-16.52069034
5.68894124,9.35879332,13.8284859,16.59701346,8.70473833,-13.3842117
-6.54607388,17.80000377,17.4177448,-16.70286669,19.95946509,-10.4738843
8.37879604,10.57145968,-15.39602934,-5.36035421,-14.14849421,11.17529702
3.7993417,5.34340023,4.12016488,-2.91280031,13.4475687,15.34727335
2.12039871,-10.1695561,16.28915898,11.53702152,-10.60688347,-1.59999249
17.14092055,7.63076982,13.20945474,-7.87600764,7.04697995,-12.2599772
-16.20171295,2.09371929,19.52039405,15.92775504,-1.81726918,-19.63278008
-2.45848531,13.71037375,14.5144883,5.53989559,-15.26931739,-1.64215386
13.44858567,0.1303773,-15.98589213,-3.64660563,-13.51602925,10.30001558
3.23545289,5.69263,-16.84154908,-4.12420017,-17.86842613,5.49361778
4.92669881,-0.08120665,8.86786761,9.27257513,4.71670294,-2.03237233
-13.15123156,14.45003704,17.74097613,18.34401112,11.58222921,-5.95812001
19.26453289,-16.54757415,19.90492876,6.22512192,1.94448896,-3.09509471
19.65150689,11.44315323,11.61259428,-1.75153115,15.74846052,-0.26062052
9.73507059,15.08570793,17.35775851,18.86418493,-12.44363295,4.84730398
4.97276978,8.09066662,-11.72667979,-1.36861434,-1.72280728,17.51309208
9.5877707,17.90387089,5.96438227,11.61954469,-13.9273582,-18.5308987
-16.03145913,-9.63764798,13.2740103,-19.01662347,7.34911534,9.16087332
9.9146659,16.83400703,-17.0398835,16.01180442,-15.97119434,16.4762631
-13.65881298,2.79985713,-4.82716198,19.43392276,-19.17017165,4.17333647
18.45967672,19.85311802,9.7505848,-1.04264751,-18.48243036,11.39019143
13.6837511,19.93522816,-13.76084686,8.0908694,-7.23381697,2.89125012
15.63771931,5.89598705,5.28600377,-6.06136835,6.81773833,-13.23462258
2.70481166,12.12074484,13.34780747,-5.60339137,12.91154244,-5.61234161
19.23483838,14.95014037,-3.79046702,6.60228702,-11.35341695,-5.51549048
-2.80806454,14.44631223,15.43892739,7.34668821,-2.02686912,-11.02472193
7.14828105,1.38876533,17.21286476,-6.77327357,-12.28935298,10.40102013
-2.39439691,15.93118337,-11.45774562,-5.66428528,-11.99233127,2.38588877
8.45516978,-5.57481885,-17.69720843,16.49954401,-3.55741294,8.64816283
-15.17156177,-3.76712297,10.24035745,-10.22481373,0.02437987,-10.75680439
-9.33987368,14.62046512,1.15098154,-19.64158833,-11.68306024,5.72736095
17.50377168,-15.69428938,-9.17246327,7.77331483,2.85244482,-19.25118347
-19.28809651,-0.27653656,18.02728304,12.67732246,-17.4566045,10.3498887
6.87596675,18.12244193,18.54828821,16.2723935,-10.73409472,-5.07824279
19.30940488,-16.76191959,-4.55147355,-14.82486296,14.4920798,-8.0231174
-17.77211216,-2.2102998,14.26539822,13.75445416,-10.4998529,-3.0176766
19.93296977,19.82226316,-5.77847407,-1.85470435,6.48178506,13.22043712
-11.06345682,-8.56339859,16.34900942,8.9452678,-17.69478869,17.47774472
6.6254299,-7.17769425,7.60745765,-3.7737588,14.32001006,-4.14776888
0.56418727,-10.24749725,9.04074862,2.85961223,-19.44769768,-4.87163385
-17.80243984,-9.20105211,15.68835033,17.03893204,1.86795385,-6.91199694
-17.37875779,11.09850335,6.40061181,1.01112206,-4.73598335,8.66015344
-1.25672415e-02,1.19501755e+01,-1.89431869e+01,-8.10370215e+00,-1.28784269e+01,1.21579807e+01
-5.255042,19.55210579,15.99703797,13.02267872,0.69536974,-11.59221919
-9.89821634,18.39905865,-17.12475249,10.0082833,-14.25808657,3.0006369
8.92455403,7.57122362,12.88139938,-7.47605345,-3.24137904,8.46686626
13.32702035,-14.44365836,-18.74552994,-13.80229713,8.98352502,-10.45751996
7.52927089,0.33271265,-16.61562421,-3.77893725,-6.9426734,12.57582791
16.418033,-2.91143118,-0.64155335,-4.76584534,8.32200468,2.28332879
3.225028,5.03283969,13.39869603,-1.03935959,5.37668981,-12.2109548
5.50965199,-4.96725543,-14.65388618,-2.27966354,-15.73066689,6.119661
17.5356984,-12.97234499,-9.44683238,-8.18617608,4.3988103,-9.68961886
5.74557195,-7.77722602,2.44671695,-2.9640514,7.24555237,17.95401592
-1.32383351,15.79374367,-9.3383227,16.79298667,-15.7674825,-0.15097104
13.76968183,-6.68112618,15.47511584,-14.5434613,13.01312926,-3.05307439
13.61414966,3.58492358,11.92594753,-10.05937686,-2.11969652,0.49573072
0.59067698,16.59594368,-10.34617858,-5.30927451,-15.40683917,0.21927089
-1.92140136,-4.38482591,16.26036172,1.74609872,-11.40277185,-12.3956882
3.01159469,18.33326029,-10.42799447,6.90572458,-5.16996906,-0.89593569
-9.19814358,-16.85281472,4.68576621,16.50304572,-10.64105473,-0.10823563
11.86529663,19.39538674,-3.58944065,-5.53919985,-10.33352718,5.91551584
-14.43387449,-3.82379732,17.99304076,-14.80787779,6.53253834,-10.58873465
5.11566711,1.06367194,6.99367291,-3.28076895,-14.50945217,0.57373965
-11.22021935,18.44012394,-12.05872229,-9.70135075,-15.84899562,0.48359673
-16.33855635,15.03910732,16.81377573,-9.94007346,-10.19469126,10.65669191
11.07391993,16.04213302,2.31368442,1.47545026,-13.52121893,3.22757201
2.75238816,-15.28387462,17.20936626,-2.396939,8.86057865,0.340282
17.13533749,6.78562204,18.00683563,-1.69086831,3.66935762,-6.93739092
8.37854065,13.23551296,-5.00466136,3.43719978,-6.28630802,-13.79609071
0.40362943,6.20019632,7.24672985,10.70956825,18.47093759,-2.94266189
9.9125354,4.07323602,-8.41882668,-3.05904575,-15.29900825,9.75561959
18.24253571,18.79724055,17.02557764,-8.07758216,-10.86021767,13.14897203
-19.32522146,6.39343346,16.94463859,13.64445157,-5.73844333,-19.38552177
14.67305844,-16.58944172,-12.35680175,-11.06574624,-13.6380502,6.24805733
-19.37683146,10.78495265,13.19425831,-3.89396612,3.99028234,-0.47692088
-15.01196571,9.51215172,19.51753457,4.20864279,8.71832762,-1.40323219
-19.29683857,16.15831108,-1.2690703,8.88108644,-6.71459832,7.99960059
16.40156314,14.54064505,19.5710453,-10.14784923,-10.77348699,16.88884378
-5.22682809,-4.63679028,17.41924077,-16.12730311,13.84512454,-13.81759499
-12.99585662,18.23602647,2.00316688,1.58027501,-16.43237359,7.44331615
19.60380951,-10.23156442,14.39433569,-8.4824995,2.74059581,-17.04481644
17.75132081,8.98109352,-11.21720042,13.4541245,-6.87157657,17.42756512
19.899225,16.99756783,-17.58632928,-16.12163904,14.41368856,-16.7420767
19.75650881,-12.03529624,0.42335783,-7.1787874,2.98195662,14.14016952
-19.80267617,0.5566142,13.69153396,9.9544203,0.88835849,-14.54893325
4.1383623,19.81942172,-15.88967301,-19.59658367,-7.78528121,4.60643466
15.23711363,2.49671523,-8.29926841,-10.01647333,8.9996419,-2.46221115
11.19258239,-3.44078058,12.44286631,-6.10263988,5.2260874,16.61075433
10.80467674,4.85848349,-17.7536179,-15.85164322,2.11882146,10.72188581
-2.17538579,-3.47123266,14.40409233,17.98086081,6.89963036,-3.58014336
11.59981858,-11.0631487,-10.70819093,-5.25740554,14.47518004,7.04444437
-17.98204207,-5.22588766,12.60283126,-7.71699385,17.97664208,-4.85035048
18.36063592,-2.62973666,19.95725282,-5.9351872,4.30258377,-12.51406288
19.2223197,11.73520619,-4.21814724,-8.37228513,14.75469339,-10.25932941
5.30699189,-14.4349007,4.0730025,-4.28626725,5.97795344,-3.8222374
-3.22878037,-10.22749051,15.48173713,-10.12447005,3.46653895,-4.69843725
5.83463096,6.97901134,14.72587022,-2.13681197,8.35562007,11.28683824
14.28744495,6.63900645,11.15540405,-4.24287604,4.62929792,12.98284962
16.359752,-14.06938929,6.08939147,-5.45420989,6.9309945,14.77899992
15.39390525,8.54546703,-8.19313104,-3.85161581,-10.87748352,-0.9016301
0.57057619,6.63047219,-16.55507925,-17.33112878,-7.34876523,10.36748872
15.86918583,18.31951017,-0.81610145,-12.2056254,-12.22766257,16.34958478
9.40512158,4.92055052,9.76597856,-15.31203949,15.77019003,-6.63243458
12.68831572,-9.58790655,15.10488472,-4.6882995,11.63834209,1.53440605
10.55227051,14.19594185,-6.3928447,12.9399939,-1.18373133,-11.56939832
17.93880393,-9.82626775,14.93005746,-6.87189238,-14.58835404,14.18203276
17.58088172,-16.69414063,-18.08561409,-10.82755356,3.91597544,-18.80643036
-0.02506215,4.85552995,-13.65276047,-0.29430987,-5.44866021,-6.77097165
16.6013743,9.80561538,-5.80582773,-11.34194062,2.57609089,16.97174148
-18.83693355,12.72773983,12.64246399,-11.84728664,-8.98011998,18.76388219
16.62997753,16.60326596,14.44636766,-1.90438807,9.2776888,-12.51860645
-9.72811832,-6.81402822,19.73952371,-14.88437101,5.9673467,-11.41303085
16.08291626,14.1434752,-17.75058537,-17.08252517,-5.67335855,9.99528374
0.77163972,5.93781732,5.37206683,5.80678383,-5.30824669,10.30244801
15.2234426,11.47003791,15.53249799,-4.65318178,10.0067378,15.83784352
19.65030594,-4.51630075,19.73664548,-5.36989005,19.31339925,-19.40348921
17.01091674,5.4590794,-12.51552756,-14.32066412,1.37927477,12.1008438
2.14246185,-14.0087243,-0.55539145,-1.95350493,12.28414663,-11.42879734
-17.34209545,19.01215611,17.96882038,-18.09902371,-13.33353007,19.13427343
13.88438875,6.8600043,-12.23902745,10.15971248,-2.28245637,9.72849103
19.03854219,6.81627607,-17.1257913,-1.19574128,-11.81861511,14.14276044
-5.14170203,17.62123489,10.62497035,12.18397113,-12.72368371,7.773655
7.84764819,-18.29755265,-2.96447119,-5.63740087,9.93919576,-11.04743651
19.9360683,10.27320667,15.21824162,0.57305901,-7.69515026,-11.44442658
5.22878841,-4.07098951,-19.16636086,-1.41044397,-2.5728061,9.17043053
-4.35486143,13.90057163,-1.71424618,-7.70595399,-9.69410896,2.87284119
17.6812048,14.20488039,-9.27967749,-12.83944653,-10.34205691,9.29397184
7.50640475,-1.3275181,0.00975626,-4.9805453,2.68017565,5.27114302
6.66784022,14.18565827,-19.30687025,-0.57361327,3.37083986,-8.12188168
-4.36839686,13.38145319,19.11993231,17.60991431,-11.78141811,-7.91330776
-11.03103288,-6.02361629,19.63815135,-17.0948674,3.11105339,-13.83169906
-0.75797944,-19.0679565,17.28903799,3.01657665,-0.03156097,-15.14848471
4.76980039,-11.28804552,-5.06724075,4.01760776,4.68260796,-12.22640093
-11.30583674,10.37671346,-6.99888182,7.01450465,-11.34716411,18.54216021
7.47036215,-11.78564933,-4.11027032,-5.32241622,17.05639285,-11.0167448
15.69322835,17.05463995,-11.10032486,4.59778816,-6.94358072,10.80377544
16.56248948,-6.83241726,-19.82236759,-7.99723504,-16.76644734,10.98077632
14.45893574,13.08644406,-4.34154816,-10.15010874,-8.00631423,6.81588808
-6.17561769,14.07509087,-8.97126834,14.04935936,-18.80478688,1.71705962
10.22220991,8.40376386,17.53146953,-14.29204685,9.52479999,-11.47259434
7.92681251,7.63083482,5.72610803,-5.56623136,11.16866366,-17.97438133
10.21077923,-3.39102372,1.20628235,-5.23881225,3.43817175,18.75084038
16.55312977,19.61123736,0.87415041,-9.1172752,-10.75473644,19.06554934
13.7017792,9.53480383,18.68057889,13.16428675,-1.39066318,-6.26571926
-16.46357578,8.11724801,6.64932913,1.33081414,-9.18820222,16.48321319
9.39085535,5.90154152,-11.12990946,-4.52022752,19.65999384,-6.84833789
0.21318847,3.58739021,17.03730545,19.97445599,-14.22102609,-5.28613786
-10.32473203,7.89042482,6.77925175,-13.91340674,15.37830446,-4.42341308
16.67195874,2.41871679,9.3999034,-14.38076735,12.57354821,-14.77735209
16.88116601,-14.76256542,16.05246585,-16.8670386,4.1953923,-0.06812785
-5.84357196,-13.95207733,16.82065846,2.85373999,-10.17639847,1.75502192
17.68461389,-3.78537255,6.63748983,-10.82908104,0.56065218,6.34230521
19.78708245,-18.86355939,-13.8025368,-16.97845745,16.25248566,-7.48675821
-15.59155144,12.20369037,18.49457246,1.50569204,13.05874338,-13.99016085
2.0120458,19.03555222,-8.81422353,-5.06226821,-13.12511911,8.23252691
6.82649421,-19.21840251,14.27162745,13.06484539,-14.07953181,-1.57861393
-14.95341768,18.07670422,-5.43901961,1.96651274,-3.87495748,-14.34560319
-18.55316654,-11.21490913,15.55217554,-19.2581592,18.13493899,-13.21484414
-13.29708131,7.64043602,10.27680142,-14.37180666,1.43994256,-2.49234326
1.39395165,-10.06588679,15.88946197,-9.7806379,10.05694309,-10.33079002
-15.35340109,-2.15169416,12.7969937,14.92480704,18.93306323,-13.01915112
-19.47096472,16.72018719,-12.89074649,14.59723329,-2.75177423,-15.27641891
9.77042824,-4.50635488,18.2897068,-6.90117827,15.68676132,-6.92288375
17.09955902,14.77441745,5.90931741,-11.25992497,7.18747993,-5.7087764
0.06634942,-4.33628213,2.7046539,19.78314989,3.27250618,-5.60486185
-3.8438871,19.61288165,-12.30827917,-16.72723916,-2.92908793,17.9641224
2.8663422,17.9814647,1.06512414,-0.63894211,-0.60240506,14.27062556
-14.62016088,-7.36945697,17.11606169,15.77442549,-15.09458454,-2.03038611
7.86755459,18.3130626,4.81461743,19.76822831,-2.21519386,-14.09259548
-12.57910368,6.50841667,-18.03559596,7.79096946,-8.42361794,-3.14395449
1.68019099,11.72610486,-10.56932752,7.28740764,-8.55571677,-8.56401947
5.17880281,-17.78612932,-11.34966494,-1.32756822,0.71214959,10.2192023
15.1867895,15.23576375,-14.96821061,5.73041178,-2.48138402,5.21614797
18.0094274,-16.48827651,-10.13763043,-15.93423196,19.31057763,16.47101359
5.82750605,-15.48318891,10.75825479,-7.00555088,9.05799598,-14.80092223
11.17329192,-13.32610211,8.39272956,-7.54526402,5.8932126,-5.62191371
7.7999581,-18.43294446,18.62780157,11.57873838,-1.32591958,-13.46191559
5.50287088,15.28698136,-0.14857297,2.33732263,-5.98869363,18.05649651
5.4267086,17.04904158,-3.34479282,7.5978583,-6.34791083,-8.35861417
11.61491365,5.56238332,-17.73791833,-4.35476476,17.12442699,-11.03841745
-15.92414215,18.82779525,15.85820528,10.61767281,-8.43866496,-9.44954298
-19.24770339,12.70242846,-17.16325138,-18.18716409,12.09271239,14.74186168
-18.96241968,16.76175439,7.47034883,9.83744411,15.3339746,-11.66457587
-15.21231127,-5.28593246,19.4570607,-10.4316657,6.67791332,-1.73262263
-18.44772323,17.60465296,16.74529996,9.79252097,-13.52661821,-12.96218984
13.51347854,0.12981097,14.14512836,4.92591197,-2.07544345,-9.16095734
6.2176346,17.53010201,-12.59993245,-12.89396407,-9.09158227,11.27435422
-7.05280076,-1.1268482,14.10255436,-17.51919413,2.41173609,-7.0554384
18.33928377,-4.46077178,19.20841434,-5.79196906,7.79593323,-6.65685225
-15.58373958,1.02571324,11.93799251,1.62127615,-3.86435288,-9.8334282
18.82653126,13.64500378,2.80694854,1.37449912,17.570748,-1.01652155
-8.18509461,-15.5331495,7.17587666,3.87017359,-13.45186563,-0.86649007
-8.42280471,-9.9483663,7.68000859,-19.31275238,5.76488938,16.2433668
17.37880142,-5.58215204,-17.58448541,2.63534732,-2.85480422,4.50094048
-16.99539244,18.10639501,-7.80215506,13.68335026,-16.18669404,-1.0232811
-14.8538353,-16.33993419,12.7088376,-0.04515279,-19.27186677,-13.98024665
19.44351404,-17.74098629,-4.30266834,-12.34335263,-14.24130302,11.06483812
11.65936332,-13.85646084,2.59563028,-2.36616538,11.00149973,-3.91617542
-15.05303386,12.37740126,-5.22561019,7.26454009,7.03798499,-9.44203495
14.62563005,17.9929385,11.57792415,-9.1296144,-9.81221216,2.03319826
5.74355844,-5.18389902,-8.25670585,-5.71195337,11.7946689,-17.07380241
-8.34677393,15.86925545,-1.41205698,11.40640647,-12.3472295,-16.45935889
-3.9420211,10.98799505,15.48626777,-10.27559198,13.00170686,-9.34446687
-17.03738361,-14.55718256,11.40634519,-3.28064625,15.54403164,-2.42782402
18.76065434,19.81188586,-5.46293359,-7.12795768,11.52323141,-12.98983069
-6.46458429,-14.96513383,18.98251525,18.06706175,7.14270058,-17.22411757
18.8682399,-11.55076533,8.43187689,-4.57855214,9.09360913,-17.55944531
10.56788031,3.89717038,15.72548649,0.91059186,-3.52439694,-3.88802611
12.91411343,-15.11111591,-10.68862085,-1.28504715,-13.02250236,5.68259571
-18.75679898,14.54147254,-5.99299547,-13.45680752,-12.06133515,3.0063688
-2.42417723,-19.21745484,15.85816089,6.15635043,15.80329133,-18.11972253
-6.6157623,-9.78862564,14.21532311,2.18383677,-14.12080676,-6.92383447
-16.16172207,-17.07023251,13.49697705,-14.5588725,3.9466626,-12.45212973
-1.86044223,12.50319607,14.96139369,2.29686152,-10.40179571,-3.14362201
15.38787697,5.40648591,-11.84017126,-12.11949414,1.10587039,-8.8928442
14.45351392,-15.00544896,5.66825465,-13.88396876,13.56654345,12.35882861
13.21513421,6.62908535,19.42391471,-12.72362733,1.92171827,-15.63826539
-0.39280753,17.34051434,-11.81552379,19.67784753,0.23345121,-19.7558801
4.0800127,2.60588227,14.98775857,13.74335871,-9.87163724,-3.79444479
11.65067661,10.55630876,-3.48262932,6.39161819,-5.01668518,19.69569422
19.46290492,11.81539854,-16.84384205,-12.65270792,7.78898871,-19.7011018
18.77826009,-18.55869638,6.56045609,-1.50381039,1.09576137,-13.06745219
9.51050576,4.02611636,-7.94518441,-6.74821684,-9.81041032,7.53703332
18.75583377,10.66762614,13.73179812,-13.42621252,-1.16191257,-4.27518572
15.41539502,-12.37246575,19.83023783,-11.04422427,10.15100424,5.85919057
-9.86923387,-5.00777732,16.12115137,2.45126877,3.90670122,-11.09247476
-2.57331994,12.77359551,-9.72966831,4.57526993,-4.93099946,9.78078486
15.45704713,8.50905522,13.09339788,-7.90866201,2.28381369,11.5770363
17.78850345,-6.18516035,17.96041768,10.11212528,6.34753976,-9.4007135
16.79393471,-5.40429224,18.78163513,-5.58134183,9.86531542,-2.06399891
-8.57669327,-1.31929214,16.8207369,1.99638141,-17.10287823,-4.69750457
16.08212046,16.06347222,14.37279917,-14.16436137,15.07573838,-2.65818004
18.41605587,9.06688873,-14.44457883,-3.87941246,10.83686296,13.43924609
-4.46232216,15.12516184,10.7485075,-2.07122587,17.25689126,-7.25523295
14.87695101,11.44215971,8.45939142,-4.15831601,-15.70360896,12.25463566
17.57137814,16.18797141,9.39855935,4.3932424,-7.92210162,1.36834996
1.62043397,11.98193496,17.64505623,8.12369227,19.11139746,-2.5332759
11.25984934,11.94708947,8.92800732,4.09246379,-7.12451633,17.13480156
2.96546872,18.00432561,10.27151491,19.97556052,-15.31769169,-8.48219944
16.9342761,7.18016559,5.20895323,-11.75015912,13.36277029,16.91170082
18.82784737,-6.97487082,-14.80296684,-5.96900889,3.34896406,-19.18233969
-15.88366357,10.93460198,-10.97663979,8.29821789,-0.69282369,-3.2732866
7.32239916,19.47917339,15.82770714,-1.42264484,17.03333816,8.46527932
17.2170054,-17.97493292,19.34515186,-6.14244331,-17.25860658,14.07176644
-0.82695551,15.36334006,-9.37014256,-5.85436508,-13.39307341,1.34037156
-0.94945112,18.92901593,11.61716675,4.642029,-8.28580214,-16.47672778
17.69285652,15.41030259,9.94536389,-6.46549746,15.66195287,5.452262
10.50263753,-16.79254706,-15.22441812,-6.32143352,13.68946212,-11.55020497
3.98578059,13.24966295,1.4203809,19.5265794,-5.63613613,19.97689164
-6.33447637,4.37870262,5.91307056,7.92298001,-5.89268891,0.39203167
-3.45696064,12.61505919,-15.53755823,-0.36120999,-4.90503879,12.77727493
8.08235429,15.70082451,0.79777992,15.53001928,-12.05443931,-3.49301195
18.93909182,7.77618685,10.27558996,-6.45088702,9.41511355,-6.47631025
2.17934047,-8.34572721,14.62911266,16.26852243,-9.22863915,-5.69752706
15.1386213,18.22529752,-18.18444059,10.04573909,-12.30185732,5.70604037
5.35556478,-7.44087454,19.4224873,15.23301747,-10.17546337,-3.98905946
15.60770005,6.74020185,3.6105581,-15.14942367,-4.15909562,15.22598811
12.3505212,-4.94945891,-16.88611162,-10.7145101,2.61604503,-6.12088163
9.30919559,-5.38333851,5.76460494,-2.92520885,16.0774427,5.44206042
-5.93449083,8.62786801,-7.02850881,-7.69061267,-7.07471841,7.33621783
17.26125543,6.11846602,5.96687804,-4.92154598,11.59613457,-15.42495868
16.36647558,-3.95306508,-13.13462297,-7.06669516,-7.6619134,3.79929353
16.55403188,-9.84246747,17.13477466,0.15965483,-10.97558511,-8.60522545
12.08323728,14.75341984,10.89808678,-18.67932828,-10.25643443,12.05326567
-5.97427025,-13.87890509,10.35453655,2.33798512,-15.74944767,-4.91793555
10.94126769,11.30796566,17.05726327,8.61002108,-10.66095438,19.80460245
-6.25422993,17.00708466,13.8593849,-11.27652275,4.85363738,-10.10891875
2.42579812,7.43454793,-8.78543358,-16.38938203,-3.55317062,15.02832689
10.38002806,-15.74648074,5.01464371,-13.67503238,0.41415837,1.35415988
8.3115522,13.82293846,12.56149494,11.66717458,-12.46349099,-0.69626951
-3.6474697,-15.63460887,10.10990428,4.22422712,-16.48248965,-9.55709152
-16.12968171,16.56300042,6.46833688,8.27039547,-6.48514449,-10.40115816
-5.01798271,19.8220113,17.30819717,-15.6251878,-9.20427749,9.45937849
0.21278427,-16.10252281,15.55173409,7.05954447,19.85057951,-10.28595133
-6.24390485,-17.77921904,9.31270528,17.83869184,2.5901541,-1.70820131
16.66301934,-18.00670047,-17.58510264,-7.28374748,-13.42066341,1.24965817
-4.79355927,13.21007836,5.90573087,-12.93373726,5.810649,-4.9996681
16.73113053,11.04568367,17.4644248,-13.3936284,18.9432142,-2.68778366
11.2683135,11.656518,12.91231776,10.13263029,-5.7592824,-9.44067848
-10.2328925,15.98799315,-13.24250424,6.89252073,-12.94651625,-10.39800159
5.10719945,12.41416448,5.91438161,2.16438519,-3.18743742,1.16182098
4.09880196,9.09510365,12.52598031,-16.93044404,13.02312207,-10.17494813
5.37732322,13.80576383,-3.81274341,18.22467956,-6.43577199,-11.26928773
-8.134889,5.69270524,14.16362987,17.17158319,-9.80934315,-4.30808012
-16.96854587,16.78180375,-12.1819531,-7.17838417,-6.03940347,19.0736594
-15.87925993,16.96390389,3.05138095,-9.69003988,-16.66478572,8.71464784
-10.08551016,15.72507279,-8.65266001,2.17570279,-17.01125085,15.94749829
-13.91156724,15.90086049,-1.20392608,18.30451419,-13.1447745,-18.90663934
10.10121287,7.05951696,-5.09630212,-3.30902757,12.45871144,-11.95442021
10.54342036,-17.75315077,13.63985589,16.32230112,-16.3706848,-8.01402027
-15.06314228,16.1454165,2.62753623,10.68158191,-9.04390196,-1.46219198
9.09417628,12.29489564,8.76177502,7.32300433,-6.212009,17.14312756
16.23437886,2.60320862,-12.31268085,-1.21450874,-16.43722161,17.67156532
-7.88765189,7.92695761,-16.90158012,17.17795604,-5.29429484,10.3038218
-13.48256442,19.53511347,-4.15198876,9.16174763,-11.32465732,-19.39946202
-15.26642574,2.47908569,15.35735107,-8.48909737,4.01838903,-4.13103072
4.88125398,-0.0937472,-2.57686062,-0.06261533,-3.43348904,3.12022047
5.82724105,-14.81719491,-8.97532767,-3.65687298,12.53851774,-7.16821109
-14.66670558,16.23954595,-15.24309831,6.91701136,-15.1950521,-7.44437586
14.57273057,8.98521487,5.47587956,-2.10348609,13.50355176,12.71729228
12.182094,-6.25280748,18.8922749,-18.93610523,11.69538256,-6.33402779
-13.06352032,17.27388736,12.65136752,-2.67123386,15.01983445,-1.06998335
17.30584064,7.35526826,-12.84108439,-7.46259168,-11.05968156,6.69144589
-13.35441256,8.0763874,16.99652512,13.79521159,1.90804045,-2.11164495
17.18495241,-2.67914943,-6.7800414,-13.71698844,7.64870328,7.21329295
0.20722423,18.83951817,13.99567085,-6.0761939,-5.53106913,3.0300737
13.03423372,-0.47986233,-9.75115249,-6.2940852,1.6463729,13.27729045
12.78143074,-19.01194401,7.26881455,12.30257112,15.3271442,-9.4472499
-15.75311581,18.89276951,0.6282742,-10.32761683,-11.19870501,7.42318732
8.47516289,16.49658034,-18.6954858,1.45101182,-1.40603868,5.16137133
-2.46095656,14.60174423,0.82976512,10.91362586,-7.5886585,1.78723843
19.55760982,-14.12407745,-18.57551794,-18.40462018,9.0713643,11.41379098
17.91199442,4.81372867,-10.78397361,-1.51684617,-5.53228492,15.30244226
-13.96888761,-17.31641095,2.9874542,9.27552603,-19.03086318,-2.18478601
-12.35893086,9.28921675,-7.2577263,9.21316754,-2.47896811,-5.97199691
-16.573069,11.48874727,-17.41104411,-10.72509207,-8.81350822,14.37807946
17.90584514,3.64777807,15.64594821,-17.19778911,8.65780932,-0.92286948
-15.48556052,-13.04591991,15.66314334,16.18415267,-3.30150731,-11.10878021
8.16983019,-17.94624406,17.65599663,-16.12190881,8.99935577,-3.9212853
17.1206517,14.98979925,16.51747877,-17.95460999,-12.81789077,3.26113109
12.93570147,15.12884785,-10.11566275,-1.90409409,17.24499747,-7.3976691
13.35078565,-6.54162811,-7.20867212,-7.90362165,15.0948841,-16.95275871
-4.57935247,-14.07108778,17.49476472,19.02040011,18.98258895,-5.34675995
15.55697631,7.53255989,-6.08628199,-12.0439192,16.95799027,-10.65926927
15.5867423,15.77424242,-1.78541985,8.00263397,-5.06650516,14.60129258
16.07468504,13.59540394,-12.58349603,-7.04089828,13.66228469,-11.93275063
-12.70898627,17.78294878,-0.20291714,-15.32652469,-4.12745454,7.49593468
-17.45895505,10.15784602,9.18439559,5.04484589,-19.50291227,-6.76345489
-14.33686324,-0.59997565,13.84403404,12.8689011,-16.74917101,-13.22239253
-8.81162042,13.76926292,-11.22334893,2.2620029,-2.79342809,9.35351371
4.95212792,-4.35779944,-9.76201904,-0.31212548,9.82407193,-6.28722301
1.18851107,-11.46458224,7.48966663,3.96534633,-15.62935067,-3.4535369
12.12340623,-1.93051285,2.67435616,-5.58474035,16.12623904,1.34874473
-9.91327194,12.7282543,-9.08008008,1.57132574,-7.69835928,-10.85939798
2.98832398,-16.71631455,15.25694159,15.58683325,10.83953093,-10.62341269
-5.07643291,15.05559576,2.83825585,-7.45799056,-8.78752951,-1.24768906
-14.5598959,14.78197976,13.78928473,17.54349949,-4.50154017,-4.72780277
18.58650684,10.4361385,-8.18119077,-0.20817979,-4.90118807,17.9818312
18.40290191,-18.96653112,15.2549633,0.54888033,-2.9942027,-14.96906343
-4.11034874,-18.58962119,16.94916043,-3.72827603,12.59632968,-15.63447735
17.96740293,7.07184024,18.27083476,-12.54122038,16.00400592,2.86857569
11.26499646,-18.93088535,-8.35427176,-12.40689681,-0.57178851,-0.27598357
-5.17153617,15.14796647,-13.80881248,-17.59210467,-6.22431157,19.44756303
16.7172059,16.343317,-7.04434241,-8.10500443,-11.26700039,12.71434545
-17.21729703,6.07614537,10.21681691,-12.62197108,18.60779691,-5.04168431
19.24383599,17.24111079,8.72813344,2.16494929,-7.02195047,-10.32260109
-14.65500633,10.18904803,2.15607215,0.17387286,15.06869978,-0.69432875
-4.89803247,14.24161383,-6.47943401,-15.86907422,-3.05823528,18.76845807
13.72509781,-14.05172957,0.70686908,-10.72980334,3.56906988,16.19023388
-13.62793765,4.83387937,17.21483515,7.4694501,-10.86890563,-4.39979812
-11.62608512,-10.15291049,3.35091013,3.57899474,-13.23430225,12.30461573
13.38939146,10.95616225,6.40039384,-3.52688794,11.30013045,-13.57894309
-16.42233183,16.34787616,10.23209191,-16.82746743,-15.28142453,12.40284721
19.21367743,16.15532372,-11.39215495,-11.06888712,-10.70653149,10.69544067
3.32730864,-16.97708,13.36989875,-5.63503293,14.8933248,-2.95169182
10.45118314,-10.60159248,-10.45775622,-9.53599314,-0.71144972,-7.07454555
-16.91307994,3.63688956,16.49270654,14.50428775,-14.73900142,-5.52408152
13.17277532,7.20980755,6.50393408,2.60623402,-3.34874875,-15.18588246
18.64343807,15.94447898,-2.60614538,-10.17962684,12.39365517,6.03199005
1.59361389,8.47670718,0.6227572,-0.26724391,-3.06772511,9.97864097
11.95936248,-14.60605212,0.85683781,-1.58338601,-11.21843175,11.51942845
1.97660001,13.20615659,-14.76958917,-5.45491332,-3.42042287,2.58290064
-7.4352079,17.55236361,6.60356445,17.70584756,-6.07234083,18.07369388
2.46357223,0.10521696,-19.99008561,-1.89208074,-3.66961438,15.67060033
-8.37726306,16.48390606,-7.98241448,-17.57479425,-6.93711317,8.0516536
-6.7736836,8.57993981,-7.51751931,7.87115946,-1.22820633,-12.46464508
0.28903151,4.47360281,18.12364862,14.39258045,4.21592528,-8.75080047
11.51520892,-8.64053507,14.71246569,-9.76447845,7.26735019,-3.15191898
-11.70868202,13.01547053,8.51415114,-14.16399166,-4.92768771,18.95536059
11.84718745,-15.03510215,-18.5795435,-11.62469425,9.02141197,11.73351455
1.88132081,-1.96585291,-1.50079792,-1.60545841,-14.09014664,1.99233331
-16.78742639,-13.80440949,3.41754764,12.15119798,15.09449591,-10.11547107
-18.33690575,9.25458679,7.07063108,10.81428365,6.76731428,-6.61522252
15.504903,15.28819405,-1.55552774,-10.08307008,3.65657905,-6.69678759
-6.71302508,12.62073072,-12.92712946,-2.94565762,-7.5848668,16.6885222
-1.85838528,7.56740698,-0.09745559,16.44063934,-3.37852533,-18.88395125
17.51655675,-8.86613775,-11.38060208,-5.43408807,0.37097457,-1.79384369
15.76191921,-18.47615849,-4.18927849,-0.02557297,10.30866881,-17.4438104
-4.64128473,18.64877189,-12.60785495,5.76473016,-16.27406181,-16.00478549
19.62595121,7.13276667,7.31255793,-7.71351774,9.41881876,-2.69860949
10.23640797,-18.71296252,1.90810638,-9.14028112,7.66402218,-17.83631181
-12.41518739,19.41495047,-10.41753166,5.91584892,-15.39113559,-5.57202512
5.7713658,16.0041411,-2.88058231,12.61397679,-7.71401329,-11.48692722
17.66036025,11.54133711,1.21971163,3.61257993,-6.47197784,-4.40733211
12.71721947,15.02814893,14.93146075,-7.58551923,0.87940065,-5.73809567
-9.65448571,19.5719491,-16.90436609,-4.81652024,-3.872922,9.14767466
-11.77517897,-16.37595201,6.52519489,14.76330181,-16.16563646,-5.01901389
6.02651097,19.99237786,0.44574602,-1.74744763,12.58918916,16.80855492
-1.18022598,3.85269762,16.19882221,5.12155589,-3.8728871,7.85903136
6.48022014,18.89286857,13.8545615,1.20996981,-15.42910882,7.17668826
17.99706182,14.80755795,-2.28412372,-10.39193287,-7.11392819,3.24388073
1.68504969,-9.55418206,9.6638851,12.64466427,17.61866935,-8.25791939
1.01117188,12.74074913,2.84846142,-10.88580981,-5.89191077,4.33672998
4.88929072,6.70883673,13.84008814,-0.53106802,14.73046515,-6.57029005
-19.44592971,7.76634208,-19.87008927,14.83153502,-9.17912871,-6.49516441
14.60544296,-14.0940022,-4.74011194,-4.52390228,-12.32544505,12.55255339
-18.2083701,10.2732976,-6.89068439,17.5933806,-10.40570503,-13.63230012
12.65146423,19.73714443,6.77446784,7.59559288,-15.81526345,-8.09826651
19.62279972,-7.01076216,1.6897999,-12.18179896,7.12471203,14.90540367
19.94034255,4.96846711,-18.84429226,-8.78121874,-15.2240759,15.64400316
19.82668634,-2.00921884,-4.50395226,-3.87269382,-0.59249193,-19.37901881
-13.69014792,1.54884029,-9.26402556,10.90385604,-0.07471715,-13.95292765
13.59669958,12.39364871,6.47124952,-8.05161843,-8.33880509,9.21017442
-10.53894937,-9.38494475,3.83145154,4.41624302,16.64066979,-11.1035378
-13.30106825,0.49001229,5.56642011,16.66502646,14.42851422,-0.41551358
-10.85649501,17.92315947,19.20661178,4.92452238,3.65844904,-4.95666836
18.16830062,3.4183777,13.20807109,-6.76998875,-15.82864971,12.12512602
19.15485783,13.58213973,-2.95035553,-2.73708306,-8.90725985,6.82464465
-19.88296099,8.05000929,11.1177376,0.70563443,5.04748661,-14.74372406
16.3988149,6.78249594,13.94954426,-3.03637156,5.03015838,8.23523198
15.62581052,-7.64707441,6.78309341,-2.61683025,8.17006381,11.27161844
11.94334138,-8.92349389,-13.67686823,9.96705158,7.81696692,-17.74442806
10.09335801,19.26396315,17.36688149,-4.77571117,-12.26334414,8.16763546
14.82273203,-12.30607863,-4.34733377,-2.85468994,6.98302051,-13.53890603
16.54990896,6.76434358,-15.97922665,12.57132796,-2.5854743,12.58389841
2.16773419,16.34068244,5.34671998,8.11424016,-1.39992518,13.86168032
9.96407173,9.43603169,-1.71836532,-0.92535262,7.45038556,-2.26504265
12.21604089,7.80078596,-9.0511883,-7.06188248,-11.16650004,7.54747426
18.24392704,6.97830935,-12.70004144,-15.58597846,-7.80607594,10.12489989
-17.51865148,10.08280818,-10.37125281,3.47893564,-7.13927342,-11.57630595
0.26568035,4.30499693,16.60129779,15.98508946,3.28799614,-14.17395611
17.57313294,7.92286964,14.03548022,-9.69459887,-2.88605913,9.64006861
-16.04637925,4.02686295,18.37960408,7.66360449,-12.25201903,-10.75676744
14.75423862,-15.955227,-6.5245877,19.96300087,-19.38103314,7.51323551
-8.06117188,12.53445564,8.37168505,6.03313862,-6.26008001,2.92392662
-5.19556519,-3.56930981,19.785658,-5.69437941,1.32671824,-10.26545026
-10.37679168,13.44261083,7.53664122,14.14472014,-9.29628456,16.23421575
2.64916554,-10.27490601,-14.90019198,0.78260706,-12.14051712,10.27298964
-8.04127341,16.76277094,17.39616536,-0.38560801,13.63552389,-5.90730117
11.90674682,-5.39796999,16.47468461,-11.14171364,10.94933172,-7.36189223
-8.17304094,19.26338953,-18.10555618,-0.03911444,-17.27086626,-17.66565972
6.53803035,-1.76490166,9.50235222,-7.07347524,14.83493597,-3.18469661
19.81487816,-11.84672615,-15.36833408,-19.92487948,-17.44153165,9.80808519
9.98110144,-13.77847892,8.79990231,-16.97614516,-0.74822325,-3.7251359
16.59007434,6.7977056,-19.49673487,-1.26305483,-18.1555487,14.50519141
6.04834678,11.64495269,19.81934561,-2.96026864,13.28429132,-9.34899048
-13.93908716,17.1964247,18.43682598,5.4020333,-3.14504503,0.42433255
-14.71549821,-3.23023708,10.7247098,3.67074443,13.84181788,-7.58750914
-5.5405503,16.20730729,-16.40323999,-7.99680628,-0.32145077,14.32583424
15.10752642,6.84660392,-1.50955868,-8.98859798,16.31368504,7.71117309
-16.19487341,-15.25124086,18.63500393,-9.3789572,16.78266935,-8.70804011
19.73371941,13.3745521,-19.17210845,-7.34288911,-18.97632197,4.16329526
15.34411623,-15.34738353,-1.18168343,-8.70516615,10.3509514,-10.0508551
12.96930472,14.88387005,-10.98207315,-7.11857187,10.73329818,-13.01752931
15.76838147,-2.88162222,-3.19271242,-1.42294068,7.37057748,11.14706643
-14.31579165,7.19722423,-13.34634918,15.89924,-3.82446965,0.27049772
-4.02202416,18.50622893,16.25540004,9.83423654,17.96489144,-1.51391127
16.41337825,2.74922387,-15.61101881,-14.20775944,-2.17754879,18.90883793
-15.80479723,5.03677054,9.92630621,4.39451128,-11.96925928,5.07391769
-6.00902863,15.80326725,-17.09847896,-14.21912395,-16.01703712,6.164428
16.02017429,1.51374345,-9.99590416,-12.33303685,-17.31821575,7.51189701
11.49182341,17.33804198,-4.54323353,-12.47495475,-18.59712705,1.9970315
10.47079255,-11.57744554,4.10487911,-18.07531628,4.68855417,-4.14075118
19.49195242,18.98926083,-4.67109423,-3.77661021,2.14428658,15.82933332
8.34711666,14.98578265,4.68487142,-18.29950222,12.23317228,-3.15215402
13.10090456,14.52205532,-11.39088232,-5.20752051,5.63572716,-14.88074094
-15.60919731,6.89637661,-16.10742565,9.67579764,6.19728429,-19.15390468
-19.53000538,-3.97328627,16.95261291,9.0370409,9.22274525,-2.50651484
17.64646451,3.62307261,-11.73941751,12.42368728,-7.97268679,5.74927243
2.74699557,10.0147963,14.81849378,-15.64454798,15.66519298,-6.49625201
15.65319782,-0.90958023,-12.65445708,-8.9131419,-8.37410937,8.36021928
-8.50556158,-13.14088426,18.75428638,17.85554809,-18.17904003,-12.80913293
10.01107093,6.88390539,-6.7838125,-8.17453661,-6.93469344,7.11169296
17.61501201,-10.97270369,-16.80858807,-18.07346548,4.47093816,3.61805035
10.02078519,-16.43083558,2.34376987,-17.54494381,12.28270738,-1.67410049
1.37403611,15.20792537,12.09566332,15.92607393,13.16096742,-7.52267439
-0.30355883,15.84778344,-12.71629993,-1.99324838,-16.04088958,8.30612712
-12.87094581,13.67360137,3.98591988,1.94926086,-16.15818956,2.12191062
-15.63580143,-11.94175229,13.12622945,11.0277604,-14.97781089,-11.8147278
13.69561896,-0.5812212,-8.38843781,-1.72032628,-14.47247127,9.10318189
0.49693936,-4.48114504,19.05225927,11.87440516,14.42286198,-15.72010879
15.86411556,10.32744245,13.47483777,-3.71035049,19.30859398,-2.10421858
13.16240676,2.0977063,11.67137385,-12.05687032,19.32983776,15.60020985
-12.36485538,16.42324616,17.93243955,-15.51422093,13.25321539,-3.38845389
8.84280654,-18.06692504,-0.16323167,-8.15447776,11.40854071,7.29205473
17.41324509,-0.97878131,4.39190313,-16.69270676,0.88440316,-11.81599358
11.03172764,7.72725598,-12.4451998,9.27579227,-7.07431994,19.77297452
14.80106186,-6.47396017,10.31304302,-4.32598702,4.8467814,8.82654328
-15.51049208,-6.98590219,7.54038762,-16.40465381,15.52160454,-3.22411341
-11.38077751,10.35524267,-9.16256153,6.42580085,-4.97719275,-1.27031114
3.8293868,16.98474155,7.66425659,-7.69820297,19.24635213,-7.87731469
17.27445804,0.16229432,-17.61088566,-13.16400583,-5.12344176,14.91008013
12.34287352,19.49314461,14.42246152,-1.63538029,9.51727066,-15.01592218
-9.76305224,-9.09273549,14.41039162,-5.69788213,6.42902076,-1.36034782
-3.029484,9.75984971,7.28693439,3.38539211,-7.56464423,17.56959319
-8.45693511,-4.39223377,18.08617342,-8.48329551,15.46633517,-10.06294415
-17.9981552,7.87435775,-15.35800694,7.40187728,-5.34590556,-13.67206003
-8.71526099,6.47063379,15.14670612,-2.18018077,9.57230589,-6.6104813
13.17637404,-2.76899576,13.51326826,-19.52842648,17.32578288,-8.76275588
-19.13781998,17.80150253,-8.81639057,14.89011949,-17.88499433,16.032331
17.85039404,18.74719705,17.22969907,-4.03221427,7.13632193,-4.84883321
-19.94702385,3.11870503,12.08657413,9.69938688,-2.14259702,-19.69387458
1.9232327,-4.9419266,19.80865685,-3.85564698,7.10791966,-4.8892272
4.75650003,15.24288597,2.3232137,-7.15568668,-0.63703718,7.44372798
9.41608315,5.50979676,1.15428144,17.61245822,-5.65472117,-6.92084671
8.26947507,15.51579879,-16.10495016,-17.15906114,-7.60445141,18.71862059
12.76515855,0.8592866,19.56706477,1.94640654,0.11381966,-11.69966575
-11.45703417,9.8478167,-12.84293507,9.09839348,-9.51363046,-7.1941194
-15.06310449,15.56508187,16.62523622,13.20514524,19.37183501,-8.1297379
11.4302913,17.57122758,3.45012379,-5.94703107,-1.91217982,2.74048306
17.54460938,13.06399861,1.32887529,-16.52199763,-8.88312145,4.23866382
-9.32299451,17.14231924,-16.6173313,2.22938448,-9.01730748,-18.92127337
17.12298697,-16.42452023,15.36371887,-9.07074862,9.1545349,-18.19478745
-14.7129719,-16.61902456,6.60319635,7.37585109,-15.93419556,-5.1752448
-13.42136234,9.54926128,2.11276108,16.6123383,-1.64824119,-13.20415196
14.67029086,8.5473076,-16.65578643,13.28977639,-0.98885388,-9.39105661
2.46952072,-10.5627086,11.02515444,4.77724608,-6.41374224,-4.40629185
-10.30157052,2.96603658,16.09265649,5.62931587,-13.88255781,0.95636064
4.65173796,16.38755677,5.95381264,-4.31717837,16.91789199,12.23156028
-12.90459526,13.76338506,-15.05388718,17.4102255,-4.64957405,8.46336373
-4.06269766,4.89191478,9.62813709,9.31831885,-18.54357853,-7.02869492
10.59313003,-16.44768779,-6.70311551,-7.31815405,-6.50475088,15.73096788
-13.81679364,0.45989314,17.41766333,-2.11389137,0.76673679,-2.18705194
-19.56085696,10.54253358,12.40603957,18.76255226,-3.42070833,-9.56039174
-17.75122759,16.69340536,-18.08083162,3.58017879,-10.1874132,-18.50525637
-12.39960801,16.75176854,-14.9752327,-19.33733135,2.65075758,10.06218826
19.54564066,-13.2355409,-17.70591189,-0.50710917,-18.16835416,1.69639874
5.92763023,17.73863836,16.53214668,-1.90354186,4.98867621,-6.1739497
18.23325951,-11.72309438,-17.58090188,-17.2571878,2.08701758,-0.44208963
14.01396656,-2.16117545,-9.82532977,-2.39502255,17.73978417,-18.09171283
-12.7928316,-3.88269215,19.72960423,6.06491175,-3.81468779,-8.91684814
16.11082253,-17.24238781,-19.25181305,-11.71854184,12.48545626,4.57061735
2.46394734,14.46674647,1.50042595,17.28076027,-6.45395001,5.18691857
-2.27333565,19.74168865,-18.09762139,13.40547381,-13.23262494,-1.89974322
0.09250351,12.4505168,-14.04414649,-7.39027887,-10.77656094,12.80249219
15.18309677,-17.08662635,6.20421566,0.96380615,15.83626347,-17.15143792
0.17006392,19.19697785,-7.02363214,-9.82114152,-5.89907199,4.00022185
5.07021255,-19.68304043,-15.9099407,-0.66706043,12.91300611,-17.00119217
4.06947074,3.35241185,16.49238701,14.36950223,0.10472882,-11.58758683
15.10150179,13.73921375,11.22450174,-2.70183296,12.79192279,10.25867634
19.88910281,-14.9275957,3.73703158,-2.38739751,10.16692858,0.96687071
3.57840791,-19.28404748,-13.52453205,0.2343133,7.0708555,-8.63446762
-4.26408779,-16.12314361,15.33486562,1.03701579,-19.65360635,-14.88332891
7.62503001,15.63207799,14.93243978,-4.55935478,4.46505001,6.51782749
6.78391832,-9.90551616,5.57622622,-4.49820651,-5.85620673,17.34007319
-12.16796758,8.8225082,19.71274809,-14.7035038,-0.44185361,18.7713027
15.34762321,0.77509948,-18.19209757,15.77211402,-3.64832038,6.95447931
19.19448916,12.17460787,-12.25100937,-14.47263085,-7.99817143,12.26542151
-1.42878639,17.40910707,14.37416709,15.26654298,-14.33033625,16.8827696
1.58175752,-1.22993422,14.43814084,7.41150515,15.29176157,-7.28246515
-15.44441531,12.32145961,1.07284114,16.7267828,-9.40975533,8.88693115
3.97524475,17.61870268,6.74553317,4.61096218,-5.6237939,7.11831526
15.11421055,1.53770151,-17.19053063,-12.13731773,13.55940125,18.75634985
7.07387768,-1.62685846,10.16751026,11.05163513,-11.98740153,-7.47223956
11.19411446,-10.88629765,19.2551076,-8.71327135,12.5725619,-10.05346324
17.73879296,10.1181589,17.61952117,-1.77880979,-16.0234246,16.40297315
-16.81745337,-4.41840803,13.45287104,0.77201511,-18.23820182,-3.09353683
13.13596813,16.78543597,0.45563379,-18.57400945,-0.163053,16.83140961
11.52735233,6.0412798,13.41946144,-13.20099553,7.32521482,-4.14597726
18.26002177,9.02288983,0.67569225,-9.01205258,6.57258424,8.37019383
11.54349963,0.99663844,1.55049068,-11.3211629,-2.00044454,8.0314629
-6.07445027,2.37218346,12.79101527,-11.59668928,-0.59175394,-4.65383123
5.3285901,-10.68446468,-9.21531232,1.39050747,-13.42702101,8.55232568
-8.55793104,0.17836022,-12.78432111,0.59638767,-8.53674942,14.18630475
11.44290794,-15.91170991,-4.03858971,-4.69692286,-7.62923767,19.78914557
10.59158328,1.39487867,19.84651649,-0.99459111,14.41380627,17.23002852
8.84262409,-16.21037563,-5.70195065,-4.38314809,13.87716149,-10.45448896
-18.57124891,-2.01693188,4.64313178,6.35771893,-8.08336573,-5.26430884
-15.98539872,7.16234367,12.07564427,-5.35646601,13.11610024,-8.13012013
-1.50601638,18.24878229,17.20036833,-3.12068876,9.05716314,-8.44628024
-18.51342492,-14.04065301,10.34561977,-7.59722954,8.02479122,-8.1556774
-18.49336103,14.77923968,17.20562032,5.89702372,-8.59072032,10.7600094
11.96589706,-3.75873882,-19.9284157,-3.14331372,-9.46558488,17.69184306
-2.12456749,5.30579585,-11.93175166,15.62075077,-1.55391422,-8.07938393
9.66713479,-16.33230929,-11.37882934,-3.98928951,5.71230483,-8.70228881
9.40540727,12.40069743,13.38111954,-8.13600672,-12.28936318,2.79413896
-2.16664092,-11.16850945,8.54706339,19.36115764,8.35372163,-4.37031944
6.24102794,0.64902923,-6.04435816,-5.24455566,-7.18608916,18.22374193
-1.4634964,4.96160862,13.82355154,-6.15939621,0.83782884,-11.92086424
6.81776874,-5.1873312,-6.20660488,9.7942775,-4.15225348,4.09930265
12.42519942,-7.52183384,10.39487651,-9.77119618,7.32697618,-6.91651473
-5.98733118,9.20547395,-13.32233871,3.56932751,-7.48899813,7.28473681
-14.99836477,9.97040295,-2.9823967,6.58270598,-3.51652874,12.47670393
15.53785832,8.38041095,-13.66733063,-1.0138643,-4.86014336,9.13190771
-17.24275581,19.79786378,17.09158707,5.86141656,-7.86467698,4.88923343
3.57929156,-12.40760415,-1.46392349,-1.37220727,6.38233819,6.50766736
16.62940448,-12.5202947,-1.02351836,-13.45399869,17.08483167,-8.07484524
7.97361938,-16.84424765,2.65012087,-5.65438254,-8.48711997,5.30576717
-1.48743932,19.81628968,4.47758579,18.9547399,-3.9643845,-7.79547927
-12.67839455,16.43842274,-14.31905563,-12.17629194,-13.57395967,11.80972496
17.78237488,13.79402316,-3.72188928,-17.4553204,15.52341484,6.48934888
10.36797264,15.77557786,-18.41955068,-13.83124189,-5.25442247,2.73281347
-17.39274761,5.48295925,6.60214913,11.49631221,-9.89109737,7.2308556
-14.26627875,5.41945396,-6.39497352,1.69572576,-6.54846082,6.27000654
19.35446345,2.70710291,-6.97104772,-8.57065951,5.53115808,15.51654034
-18.8873809,13.69937968,3.19381993,14.96401279,-4.71278999,-14.42511501
-4.12042852,9.49315111,-14.80456657,10.63224068,-8.69882955,-12.25391506
-6.34845015,19.38048837,-18.27719989,10.38058815,-11.15065238,-5.85091677
-4.25919076,15.43407899,-5.75251168,15.14646283,-4.32148936,4.54454116
-16.3330956,18.73085481,-12.78384304,-19.48367239,-13.45764444,5.9047685
13.88361356,-17.93595616,15.83306311,3.45238006,17.84828538,-14.07573046
16.49769378,13.83214494,-4.82155022,-7.77423782,-12.50754824,13.94964922
15.12962986,4.52917725,-13.58913289,-6.49419857,-4.934761,0.56459314
-14.96678724,19.66015307,-9.35567066,4.02245866,-9.92499149,-16.46412048
18.09704137,17.92864389,-19.18322842,-16.47623284,-3.19244685,17.17528172
11.74011007,-6.87148256,5.10951863,-7.15032385,2.35020164,-6.45909832
-10.94837146,19.87257645,16.73785302,13.74869407,-6.10714594,17.48334912
7.68972352,18.88321808,6.51439019,4.08655989,-1.44180293,7.57955058
12.35605085,9.24034552,2.84492969,7.66326508,-4.36437913,11.01879491
18.92637914,-19.95775615,1.27723222,-5.07462885,1.68721083,-8.22178338
10.76952979,7.00928443,-14.74705138,5.13534908,-13.84330446,14.00562747
19.22513642,9.49194593,10.22202406,-1.3337225,15.13475549,-4.23604549
17.15857594,4.94912521,-16.19722265,-6.19650455,-11.14298249,13.79417568
-15.49374887,12.19111862,-10.21010788,12.06696812,-0.69772868,-17.67857581
-0.87224883,2.35966709,19.84770873,1.60222029,8.14411794,-15.30067738
19.72975263,17.58155399,18.2707537,-11.42042066,-2.43330456,0.50189876
15.28131975,-6.79141408,-8.75583666,-14.10470625,14.4847745,7.75388478
-2.20356136,0.47278363,10.38055044,10.25477192,19.3979202,-7.425454
-17.11382186,10.9907169,0.62453841,1.28916126,-1.89408361,2.4740398
-13.26497259,16.08008589,-15.47453453,4.11629383,8.60451653,-2.67006153
11.37741091,-15.09719027,19.17716199,-10.37824293,2.40778118,-11.87109046
-19.09085974,8.17408321,-15.18224742,2.82793488,-8.63291044,-16.24067061
8.02467515,18.6484341,-12.53101216,11.17694639,-6.68441035,-7.32423549
-6.61018422,7.39544505,4.73738411,17.224044,-5.144334,-8.38484543
-19.4902295,8.93403882,9.47559738,-11.06674121,17.2770902,-1.39509068
-19.57909122,16.76527364,-4.51128188,0.97303873,-14.01898093,-14.20604928
17.9896107,-5.27918645,-3.2652391,-15.35987787,-0.62195094,-14.37276488
7.93584142,18.24095599,-4.36172334,-1.70122218,2.9253147,-6.91739515
19.19406539,11.33984188,1.16058013,-7.20625778,5.10469983,15.66938962
6.46378495,6.74340776,-2.21897868,-4.09345872,-1.60495834,6.80264025
-13.27758834,19.91450942,-8.55046416,-10.06205869,-4.79168841,2.05074074
13.87018017,-9.69308779,-13.9329648,-1.98165407,11.82008364,13.43712611
5.90919136,-6.14985534,-15.40712403,-0.84454739,-9.14985982,3.65863936
15.13429274,-18.4407841,6.05608852,-16.58159767,-0.16640442,-17.01300877
-1.7804887,7.09766843,13.18883797,-17.82847529,-2.73192789,6.25486809
