16.27415467,-15.49879982,-15.98799474,-16.95169278,17.70087773,13.97409823
-16.55325295,-8.36563696,18.65607582,0.36393966,13.82967669,10.13046474
4.78032274,-19.01210017,0.7816982,17.72250833,1.22704925,-14.55339101
9.02767072,13.21405367,18.34906366,-12.64036494,-9.93172156,0.21252399
16.55710732,-10.65506856,-5.78084854,-0.2470505,4.15109974,6.59024657
16.71441029,13.96110711,9.52946841,-14.79858451,-18.91473496,4.54316952
7.04735842,2.0283038,-19.4938817,-3.56648128,-8.37968381,1.69278778
-15.18370702,3.32005001,8.89128839,7.71408943,-13.96415759,-0.4263739
0.60039224,-9.07823798,-19.85841377,-10.95856187,18.336993,11.33146817
11.01198012,-7.34399138,15.0629427,-16.01686521,2.3293289,18.47877844
1.2377555,-11.39310819,-12.42797581,-9.68885206,10.93307644,14.80820606
8.68004869,-9.3464039,-5.44772,-11.49396043,19.06050489,4.5569002
1.89453399,9.6030855,15.61677019,-9.43548966,0.66782131,-5.56010702
16.942077,-18.33055698,7.43509204,18.39436267,2.49778396,-11.96534515
11.79495217,9.27117164,-13.9742817,-19.8678234,-6.72404128,3.28086987
0.57940689,-15.6595161,15.12682904,10.73623939,14.40608651,-17.20824724
2.74303313,-5.5172588,-11.88017618,5.40213685,3.73667349,19.78577232
-6.31154421,10.6299364,-14.46833814,16.26268308,3.8393437,5.59398643
18.67371213,-0.34060804,-19.47146629,16.4109195,-8.60729512,1.53012296
3.29712829,-2.96035833,-8.41621204,-4.60987381,14.79711737,1.89468305
-7.29027673,0.69195188,6.51201406,5.94887618,0.11022248,-15.63345397
-0.41964019,-19.19654969,3.93222386,5.36394186,5.9034156,-6.13362803
4.01045435,2.41367416,-9.02796996,-10.68139862,11.14557746,6.85689389
14.65500619,7.14471284,-19.64538979,1.8256659,-9.55368047,0.47548314
-13.1924522,0.36935323,-5.37685629,6.94441764,14.94138179,16.50338219
19.2756675,-4.33068016,-4.16748216,5.46009482,13.18424612,1.38078461
-3.65544185,0.93250625,-17.8010786,17.67171252,-17.39238811,8.40714644
-16.81861002,-6.57154478,11.26922127,13.14953451,8.32261566,-15.09384941
17.48204844,10.42883201,-15.42885917,12.53539042,-18.44310416,2.71117627
-15.09551222,19.52939981,6.92149349,11.96716637,-10.15869668,-18.08925448
-16.49527651,2.61727467,-0.37099593,4.04049277,5.83433289,17.115714
10.3597488,-7.6365783,-17.94656625,-12.10305655,15.89758788,13.22301321
6.06596108,10.29803599,-14.35610784,-3.09841208,-13.65618655,2.0857161
0.91636732,-11.43387922,15.13008652,-12.07222046,1.38433631,-12.3625894
-11.11117968,-8.68880547,1.60709407,8.62611688,12.87491119,10.323451
3.08434282,7.58758814,-13.64216633,6.85326797,-9.34873669,0.45036589
-18.30410371,3.05321992,-17.69365787,18.78288111,-7.42952573,8.15308791
18.8435665,2.95936495,1.84438688,-5.46355814,-10.2909593,-1.30175079
-13.46764012,-8.7436308,7.64179489,7.46739014,16.23421675,-17.82101213
-7.08442445,12.00025945,-10.33116314,0.63455412,18.91714845,18.05243797
3.01113858,-8.26371518,-3.87587752,9.53863881,2.19941118,13.15924029
2.11621344,19.47330471,14.21752398,-6.12115994,-0.13738001,8.90635939
11.56508779,-13.69215804,6.7092432,9.59402727,11.90457547,-19.65881107
14.49808071,-2.54560416,-17.83107844,-15.5801088,13.61061402,13.36704936
5.35355051,16.39046754,1.51895901,7.42893965,-14.02866896,-12.59636605
-16.77499839,-3.66244612,-1.78498178,12.15909638,18.03803298,2.20082731
12.91975912,-7.13572462,-7.03931001,16.36291449,9.85185667,5.68488287
16.42072885,13.74919281,-3.0212392,-14.21165861,-19.75053527,-0.86946657
-11.74058963,-6.47447651,14.51990023,7.72853238,16.94151562,-13.35719844
-3.0191868,2.73641393,14.36242245,8.8735253,-17.4989828,-8.43018872
-17.26478287,-1.59034451,18.34802705,0.44938343,12.39038134,4.92980277
5.64575405,-9.63260255,0.37973426,6.66094999,1.20830594,18.7463035
-2.91724917,11.41029553,10.11154676,0.7820355,14.88986962,-16.05271889
9.29185135,-8.2557423,0.70187376,-18.22748708,3.29190816,18.71171376
12.08126314,10.12284395,-15.07873104,-16.18615277,11.77613274,8.62421338
3.96233608,12.07860458,-3.20625367,-18.30497817,11.8756421,1.50828799
-0.85872437,-6.88723243,-5.8701665,2.18184239,17.82132157,-0.80452211
-8.83332596,-8.88204678,5.86203048,19.59714238,2.00886882,-19.23021435
-1.15591583,-7.67256206,6.5731661,5.0905662,1.41518297,-7.44504546
-5.02668632,-17.87128786,4.10240306,15.99679404,12.99239868,8.4782761
17.76638184,9.24739184,-15.66772219,19.57993719,-12.18872991,13.8547168
1.49714106,-13.09195109,-0.39120072,3.39930297,3.38463868,3.2059798
19.55832939,4.65031473,3.42740278,-17.76627003,-8.5155013,7.91178326
1.869936,-14.23054178,2.04773298,14.91839354,3.40346973,-19.44986069
2.29292974,2.16050179,-18.9530303,9.08518671,-10.78319737,9.85624092
7.51243711,-6.03330156,-18.22647604,4.25094938,16.55654055,2.07716652
6.2953406,7.08513105,-16.13341578,14.43493027,-14.51151894,10.10111557
13.71582393,-14.91286313,6.33894942,2.36025731,11.41553392,-11.18146871
4.28488455,-12.00882981,19.2469212,-14.30993198,7.66644866,15.09836322
-10.27116674,-13.53230611,4.29448123,15.61762228,1.7002795,8.06847999
7.51749219,10.36029701,3.60465724,3.11435393,-14.53777666,-2.40848815
12.41251572,3.24674237,-3.21051388,-10.95123774,-9.98155562,6.24222184
-14.47106968,7.32000124,13.20824573,-0.89347445,-18.7615006,-4.06915256
12.94456296,-11.46328897,-6.51277208,-15.11360323,7.59621247,19.08921315
-14.5884764,-2.87773072,5.27410011,12.23585973,14.32822409,-16.63702141
10.4928935,-12.44950814,-7.90457649,17.54359023,5.23596399,11.16203776
15.38368192,8.84452319,-12.22004862,-14.65553028,-13.30788318,3.02186658
2.44381113,-12.79362455,-7.65302376,-14.85471674,18.99035149,1.70146634
11.64360567,-14.64830779,-10.07842561,9.54591903,8.19353857,17.4784298
-0.26821671,11.74308887,-17.55623251,6.47536092,2.42918236,11.9954533
0.42160605,3.99873911,-14.35015532,-1.73866633,5.82599164,5.68059329
-3.52815323,-18.35666329,2.73361827,3.91331282,10.13232514,16.44259199
-17.1830767,-5.05816676,0.21482499,8.048942,18.99834108,-3.93803232
10.63758049,11.53636729,19.25934502,-16.31828555,3.72375094,-3.94059924
-7.80981165,-14.11843513,2.54638672,17.6115176,9.8606023,-15.05767238
-4.60827732,19.57841466,0.9838775,-0.87546937,14.12143906,-13.92603491
2.61253716,6.40866969,19.62233057,10.1478336,-16.90629089,-17.40738571
2.10780823e+00,-9.58023754e+00,1.27074995e+01,-1.96317638e+01,1.85498024e-02,-9.92673924e+00
15.82322286,-13.52500042,7.52817832,-17.9769476,1.99197212,10.94787113
-8.71330817,-13.38109658,17.78866664,10.22736794,9.9334805,-5.98778971
-15.02616612,-3.78867415,2.62432417,2.8198144,18.49299644,-17.5889537
-0.70131629,-0.63487949,-12.64289424,17.05931386,-8.81172676,3.05744051
1.23513891,-17.39214536,-13.07054225,13.18337821,14.0339904,19.26876383
18.01591433,-8.13523519,6.5203234,-0.80922356,3.86810517,-8.18740728
-3.05210408,12.48992339,-5.65516567,15.14562055,4.69775326,3.30903491
16.99830093,-1.5968614,5.5060194,-13.70645007,0.0727394,-14.40553699
13.02445411,10.47523318,-14.59516807,-3.36416256,-12.78941344,2.01147802
14.70280395,10.68883243,-15.16853792,-1.60907123,-13.28646106,13.5847478
6.90645954,-16.96263302,-8.10554341,-3.07992505,18.77778888,6.55080916
10.97408132,-3.19872572,15.85851017,-9.44281968,-0.74942628,-16.73023666
4.69359277,18.83960066,1.57182882,5.99863061,-12.30306798,-4.58442275
-18.9053172,5.56799728,16.31837454,13.6624761,-11.2766868,5.40255069
-10.77654467,3.80657021,0.54092742,5.8035653,-7.33646006,9.17064768
-10.51114962,-9.00911082,14.30627052,14.66201751,1.72718333,0.74744608
-15.38927244,-2.41489355,5.18843017,9.00149725,19.1737062,10.79261226
9.1516143,4.03127624,13.3859533,10.52087273,-5.23727501,-5.36806281
-15.18547449,11.923173,-15.22242847,6.97560903,-13.10428899,19.55693116
-11.52926803,-18.84986209,-0.12999217,13.34835288,6.20579145,-10.4363103
-0.13336378,6.642056,4.75689241,5.11512649,-4.4232915,-12.04707138
-17.60887191,0.19521856,-1.20463252,4.03205459,-6.25232438,15.65229415
3.66092728,-4.21957548,-8.96516685,-16.16725848,8.37184185,3.61757543
-17.54864536,15.23278753,-1.39255091,10.96180319,14.53587902,10.48530798
14.09714803,1.8871893,9.245543,15.94043528,-18.11282327,-2.69137237
4.25421326,4.97219438,-10.88803972,0.721022,-16.32631395,2.05664667
-11.04069476,8.41027198,-17.99451575,18.44088897,-3.9119398,8.80574421
3.68419077,-0.6113217,-5.39247804,-10.25033127,6.02038748,-0.22394835
-15.96986754,-5.50880135,5.56535694,9.13057763,19.09155077,-12.40895781
15.61256594,3.12371492,-11.65953059,-5.33897681,-12.33306558,17.46801485
-13.17446321,1.27149156,10.15211377,0.07524535,-18.06454508,-4.58608266
3.07406662,-16.08870667,13.75076364,7.84303102,8.99560296,-16.62581
-0.76567699,-14.89003804,3.47144182,17.33702795,11.52651468,-9.87336337
8.1932714,14.26345712,14.86998559,-5.55405893,-16.32997317,4.05531475
1.74815887,-13.25033988,19.20314399,-15.04084549,3.21684646,-12.69741914
-3.53956895,7.32400967,-5.26929894,1.08623622,-14.67900469,8.21337155
18.73844233,13.33557225,-19.58806157,-2.22238801,-18.67982808,1.06211109
-18.6222166,17.13715693,12.3524328,7.83539395,-19.0969027,12.84503688
1.82982638,-2.69365828,-19.11564332,11.01040515,11.92263171,14.71546911
-0.03981391,-14.32199013,-5.57252058,-4.77693531,9.39609392,16.61107901
-1.28827642,15.47431989,-15.94710214,7.68718514,14.43349424,-0.14284967
-7.5001624,1.25525198,2.75961221,3.05991409,-17.89332771,2.67283259
13.27068281,19.57843812,1.15354931,6.98280775,-9.02210059,-8.34629477
15.85092024,3.5855927,12.90850021,-4.80075437,3.59396801,-16.40991869
11.26181612,17.59836386,2.17280528,-4.20215823,12.05494268,-6.49657331
3.60394749,7.61270964,-13.9308345,-3.11682532,-19.28576739,10.47237752
3.54580911,13.65720925,-15.36170991,7.75916368,-17.41045925,3.31550756
4.94831571,2.03450867,15.36810647,18.12538318,-10.97333577,-3.13868012
-10.92486217,12.79978453,14.22944013,-1.27744322,-8.83432434,-16.75869097
5.08311183,3.00630734,-8.19550808,-13.26809262,17.36560461,8.08275431
-16.19936595,3.38256685,0.58833999,13.49041249,-11.77653645,15.46002611
16.12336838,-8.82139828,-15.30981947,0.75783536,13.98060893,11.29117702
-4.86349848,10.32795783,4.20247413,-1.76673414,-5.85489036,-16.54921313
-19.81985064,10.00064743,12.99073585,16.02494526,-12.38364877,4.09395705
7.61658634,-15.76659576,-16.19082855,-16.74242695,7.71050262,19.72721189
3.63092999,14.46686997,7.64185377,-11.24118732,-13.00571824,6.84529733
-16.55019784,17.5583727,3.30766904,8.02302617,-0.90107113,-14.15979424
-9.76272867,14.62329603,-9.46911173,4.88599857,-2.88581666,19.41542861
-12.97176639,9.30406329,2.34293387,3.690429,-18.56482718,1.28167809
-15.50999636,0.73557042,19.66099043,2.93178587,-18.0078777,-4.47489757
-12.94930526,13.7647828,13.211435,2.83075191,-12.73974005,-16.91772743
7.77877331,9.08984304,-8.47098166,-18.19693622,3.13817165,1.1375359
-5.97097955,-10.88253913,1.87121967,8.7472693,6.9620702,-18.08675059
16.63760112,2.66576515,-18.34712959,-7.23508519,-5.04660524,11.86199377
-10.61394587,1.63404143,5.30769695,-1.27072731,-17.27328351,-4.63143865
10.97407558,16.83188145,0.73822958,2.67208267,-14.69748184,-4.03857786
7.12595733,-12.58176201,-10.72183097,-18.5926769,11.46694954,1.91638735
16.64123758,8.11970357,-10.49081931,-14.4665262,-15.6484767,8.33312732
5.4174078,-19.11660437,13.10913372,-18.05467316,-1.82065264,-10.85214655
-9.97040319,10.76139603,15.62998684,2.46254184,-12.1154561,17.86867681
4.15687069,-5.0212301,-6.83348754,-11.7722284,0.26590529,15.97660525
-14.29899094,-4.2240285,16.0172117,10.79029658,12.54962716,12.32823319
-7.65857042,-0.64398354,10.8889114,4.7566284,17.41078504,-15.65024428
-9.71541589,15.64585963,16.44181882,1.13608537,-19.55655898,-15.42279632
10.93259082,-5.1990956,8.31109198,-19.76887263,5.64940305,-3.05327083
-0.03902893,-18.59052529,-13.94673454,-14.86725576,6.71709408,18.07077349
-12.14550152,10.06310396,4.38435607,6.73142652,-14.43186097,11.77419954
0.27200081,-4.22508668,-6.8387078,-0.57837638,8.06785318,1.44542648
-18.29980993,-14.99371389,11.57666454,13.33037932,15.80075743,5.03149368
-13.45947448,7.65364119,-7.91042183,7.42885383,-15.57985133,13.40943256
-7.45971243,8.43596608,3.01244294,1.44746134,4.37319092,-5.44928249
-7.77157635,16.38665547,3.53744521,-0.5565758,-12.45515054,-18.93573619
4.28209106,3.59040225,10.29553741,-10.98860765,2.87247797,-4.30377879
10.58363957,-1.28633128,-15.52805482,-19.70826633,19.30023138,7.48211939
16.70599645,-5.98488541,-7.73476436,-19.72746051,3.47618472,16.59811109
13.25016511,12.87177891,9.32473136,11.25201796,-19.20098965,-7.0431465
-10.5132624,0.33117889,13.13831056,1.26471035,-10.21347857,12.68594368
7.94860114,-18.89676063,-13.083301,-12.55396305,9.2526821,16.68342095
9.35292748,13.56831364,-15.38821383,-11.56027728,-11.6305,11.66240486
-8.13926692,-18.59571234,9.40045897,12.27732672,10.07061156,-10.87119763
-3.77283036,3.22436863,-13.08388296,7.44533304,-16.83255423,11.56026007
10.13574143,6.81437367,14.61235339,-9.82631821,18.14653576,-3.23731768
3.60701353,-15.04632884,-0.7964061,-4.28884995,8.78002637,7.92561227
-15.94115159,12.05056575,-2.29846223,5.05832765,-11.54966774,18.27013271
6.34866213,17.25789608,16.24983698,6.34031861,-1.89970859,-19.00440605
1.25882385e+01,1.35080043e+00,-1.87481526e+01,-1.18116186e-02,-1.33354951e+01,1.41631563e+01
2.72821207,-18.87375428,8.05915721,-18.92793788,-0.14127947,-4.44854803
-19.03403944,5.24375239,3.97246532,-0.80158064,-3.17316553,-17.89115254
1.60255072,-3.71656888,-3.30826326,-10.55953094,13.68794477,1.79377116
1.97310615,17.36060588,-1.45414044,-3.31032511,-9.38063741,18.70915756
5.78602806,6.01560095,13.01410968,-2.1834787,-11.55012459,7.7798345
18.86951168,-3.79537509,-16.10906275,-11.41316207,13.42355357,5.68942077
1.58607464,13.83177918,19.66070241,-6.81511216,11.42003628,-11.00003326
-0.63746656,16.04699121,-17.75944645,5.48478317,0.52943585,6.18986573
-15.65765937,15.74770902,5.073351,0.21619414,3.15213491,-15.65907776
-15.1038442,10.03764046,9.24738366,3.7447228,-15.87866719,-9.10685564
5.92665887,-9.45705363,-16.20545534,18.31951778,18.310912,13.43262713
-6.64517629,-0.62777855,-8.74704347,14.54693984,-19.68798097,2.30144562
13.25872084,-0.90817087,11.71719848,-5.54221292,8.645074,-19.0739499
-2.58095198,-0.32774723,-8.33839093,8.14116129,-16.93220317,6.87844158
-4.48407048,10.56730145,1.44570178,1.49998945,-12.6551196,8.14758605
9.65939374,11.84101502,-15.2053888,-18.88758186,6.01599744,8.6746494
16.36469551,17.04963576,3.38572759,16.28959945,-2.27946681,-16.58118083
14.52164304,-19.13212619,12.21734331,14.00959189,10.69408831,-18.07719332
-14.69056504,1.48373234,3.40991587,10.39601123,-15.2690062,6.80927749
1.2090611,-11.80849794,0.18058108,-3.64721445,5.63537916,15.01826376
-16.26377042,5.89608829,-4.06400912,15.94627989,-6.68185138,16.06344731
12.03205935,7.40101716,12.6338427,-0.22298427,10.65759303,-18.49915314
-18.11868519,-7.40962877,14.28877255,10.9667858,12.83519337,3.70554368
-17.57712925,6.38343014,12.77883811,9.60072765,-17.96331722,-3.82482058
-18.18839794,4.91553703,16.11468842,1.69510797,-5.92421045,15.3528018
-0.4281362,-18.4023394,16.40611797,6.42361903,8.37320673,2.2693526
-9.05408925,6.13749301,-18.83678809,19.08344238,-13.52098038,12.90722818
-8.91424221,-13.87270627,1.02466743,8.0305568,17.64569164,-10.37471703
1.12687327,12.77173639,13.21515166,-4.58741956,8.31464004,-7.60506738
-16.63733023,7.47335124,-19.73883403,19.80476879,-16.50980683,4.12582921
13.03625221,7.97067384,-18.4299007,6.2609092,-16.9688015,16.45155504
-8.79125186,0.17288472,11.33621151,4.31357111,-13.94430696,10.53179457
2.63404647,1.92739121,8.96966941,-4.74511766,12.97466,-2.42588902
4.56396428,7.30035983,-16.2748691,14.35909124,-15.90489712,1.3423468
9.99891774,10.48360618,-0.58235476,-13.79866563,-7.49417587,1.32176649
-14.35151865,5.86802146,18.78427488,8.73512173,-18.24023845,4.59288342
15.40108371,-12.3520831,3.80559554,-2.11744875,11.18007709,-19.71220371
16.69320236,7.79522923,18.0489622,-5.03041837,-14.93877435,8.87671915
-5.74436355,-15.53619719,14.21395884,10.03815032,2.43498347,-19.1559018
0.65374924,17.04838394,5.17181164,-18.1459111,-10.37039085,7.24250058
-1.59066195,-0.52292945,19.03695209,-7.98164598,-1.03206398,-6.30922732
3.64247798,9.38226092,-7.30202457,-14.93613808,12.85969324,3.98040639
-9.40545605,-17.48351548,9.10639077,12.88772504,16.96211652,-19.46505215
8.68652792,19.7094651,-7.18822991,-16.28884191,-4.13481824,5.80814143
-16.96575408,4.75160652,17.10079931,3.57531557,-18.78891154,18.21006113
7.97221058,7.67059742,-12.207709,-17.19469158,-7.20068589,4.03515727
-13.78439324,15.77184552,4.66438106,8.48929389,17.90075041,-19.94838416
-18.41964642,9.74661373,6.58033782,14.74573517,-3.13067786,-15.31588288
4.13112865,18.48349575,-19.69737852,-15.27612961,10.55886489,6.34115744
5.9328713,-19.35571677,19.8574476,-10.83782491,18.25757451,-0.42557645
11.39268573,9.11298767,-19.70811467,-17.96832319,-5.54922505,2.66067519
11.95507365,7.2097897,-15.25958641,-4.04183886,-14.99136254,7.78536402
-19.04332057,-5.56299506,19.25237369,16.0678824,9.14351073,12.69267641
7.09127167,-1.45050914,11.14574545,-16.81885937,1.01228731,11.08012091
-15.50966989,3.77668308,-12.18670683,3.13579228,-6.88183368,16.00761532
-19.69631215,-2.70513087,14.91925309,6.8735331,8.60911739,0.89962668
4.82824154,5.71860703,-5.33797172,-12.1195356,14.79794007,1.67699614
7.38251196,-18.86484019,11.14659915,-9.02613651,17.14220319,-4.80151039
-15.78851903,16.14214945,7.64158956,11.96982975,-4.21267761,-16.37800354
11.67870429,9.41762581,0.80306956,9.68517199,-0.48266152,-2.50728182
-13.46283173,-8.88436255,4.30649413,19.76581721,5.64361818,-12.69802898
1.9183022,17.7597712,-10.0266572,-6.98417719,-18.05818883,5.07878016
6.53672305,12.72691255,-15.4848474,-13.09440705,14.92092235,1.84266651
-1.8941318,-18.32209448,1.7667484,0.5092512,11.05351615,-9.13204379
-0.32737921,13.7468582,10.10255398,0.53982602,-9.98336222,-17.92147631
6.45486577,14.372822,9.47681092,0.39050155,-19.60023285,-2.37632451
11.42676942,-15.07028266,-19.36397383,-19.21758574,16.02651979,4.45790768
-9.29374165,-14.2231997,3.83742464,14.46479298,7.55373208,-5.00602112
12.42180669,17.77911775,1.89323221,12.96962673,-7.29309603,-14.21508523
-5.70823337e-03,1.84863133e+01,8.88237979e+00,1.41957134e+01,-4.41509951e+00,-1.96129785e+01
17.55065778,-7.13924107,-15.67947735,18.89653007,12.38232357,9.52033851
-14.78147233,0.66097597,12.49109864,13.26393397,3.77669706,-15.72691876
-6.19580539,0.57628643,-16.84400939,16.63145869,16.58210169,9.59072
-15.77693088,-14.0639587,3.03756773,15.57679095,1.72094246,-13.62176593
-1.25099451e-02,-1.98629996e+01,8.55695955e+00,1.35910651e+01,1.80968439e+01,-1.68137020e+01
-8.02031449,5.73260167,-4.12818143,4.15472316,-2.48516495,5.03408263
10.2735208,19.54245048,-3.57329396,-11.26293666,-15.74294651,-0.32042426
10.73671182,13.70134305,-16.77341922,-15.86906266,-4.69260918,8.20134087
5.92812097,-10.30117131,15.15204439,-11.24315475,5.12241204,17.09222713
15.646989,-19.36178621,-0.42328409,1.1822171,11.06928082,-3.25987278
5.75289979,-5.65119487,-13.98975341,3.16742333,12.83127842,5.67079006
18.60530241,13.1982355,-19.05918788,-8.25721316,-18.44768061,-0.24533896
5.29422339,-2.01156853,-18.93538533,-19.68160935,12.29328491,17.04347156
-13.36193761,5.45270335,11.53904316,3.81049044,-19.4586403,-9.15311915
14.23855701,-12.55934245,10.25637015,-17.86358782,0.4416317,-6.13695264
-16.69849942,-6.61845582,15.4456011,11.14049072,15.84064325,7.43895945
-2.16991163,14.21315783,-6.7927846,8.29765323,-18.86284603,4.21509213
-16.00325585,-4.29264414,9.46886212,6.89222934,16.6392214,-16.75019147
4.44737572,5.37602961,-10.86039914,-18.17551448,12.83627874,3.77703801
-16.5414087,1.76260695,-10.26101559,3.05725602,-11.88240387,12.44594303
13.39291508,3.07589372,8.65523416,-3.07806006,-18.0954452,16.63228812
-13.78029999,4.54515232,0.43448176,12.31439675,-18.45974976,12.72653354
-11.21659607,10.53331685,-1.63851072,6.0407276,13.07566011,18.78438234
-9.87755365,-6.58309634,1.69303594,5.68220194,13.54664066,-19.22520454
-15.75026897,4.91760871,6.16953681,8.9433359,-15.52027511,11.73116154
7.92290009,8.39110245,-13.89000397,-12.29108601,-1.25034285,13.39582075
12.56466272,3.06614376,-4.57989853,-7.60458555,-15.42276238,2.57051337
13.15916327,7.07800105,15.52998243,-2.1344398,-19.64732717,12.05798558
-17.70069434,-13.93297324,12.24095077,1.6249694,16.47625527,14.32359833
-16.56457925,3.23713465,7.95937091,8.47986311,17.31255139,-10.8046294
8.81865122,-13.72186967,16.245196,-14.65231726,5.06649214,7.46383857
11.0413075,8.16615912,12.00811295,18.62519471,-8.60409706,-7.5789815
-14.78774691,7.55930819,-13.88655489,6.76795955,-8.97457687,19.20028241
12.33129894,-12.70896494,-17.85479461,-14.99570764,19.63693631,13.02941427
-2.49460182,-0.0263402,-10.19345075,17.5864637,4.50196007,3.92422551
-9.04548021,-7.66603814,12.16232219,7.65703659,17.13417433,-19.90677092
19.7948761,10.66391755,10.42523911,-9.32596083,-17.56856975,15.2640419
5.56388068,19.8960703,19.77147682,-14.92952612,16.24352913,-19.37247589
-12.97742046,18.66363808,5.20134828,1.81460909,0.20595108,-13.17962491
-18.8128974,12.24206292,-0.0539607,8.69644556,8.02837614,-4.26676779
12.22939393,-13.4937152,2.06710043,-7.5857974,2.85281624,-18.57839052
18.01610569,-17.86289472,8.50350845,11.87275193,9.24845056,-14.53317774
6.86753043,12.984049,2.53493969,7.052743,-5.19234869,-7.62703028
-4.2595364,-5.34745596,3.04885597,15.21449905,0.8811666,-6.09465977
-10.55763899,19.69689649,2.23989395,3.17606586,-6.74232872,-4.83969928
12.24800399,2.08003843,-19.76738136,-14.62665241,2.6669385,12.41271099
0.65636798,-0.21650107,-7.84548194,7.71189309,-11.3963975,-0.22783348
-18.36836078,4.36434901,-1.38450675,6.34378029,8.73820602,5.39119303
19.2781619,2.65090058,11.89964703,10.27742802,-7.07925747,-4.9777308
0.5676695,-6.06037242,0.81310258,9.88440892,0.60471411,-9.51276925
-7.53405444,-9.63159939,12.92623085,12.5662862,5.12962698,-15.07680435
17.25811157,7.76078777,-19.63485749,-6.87705833,-10.8663347,16.93296983
6.52860907,18.48321904,-15.59635442,-12.68403752,-9.24377715,15.62536734
-15.87865222,14.0124207,15.67133486,8.42608501,3.44908653,-17.62485679
4.86619661,-1.5923602,-5.59091617,-15.40575518,17.25439656,4.7243904
-13.15404566,18.92871488,5.23610273,10.21571894,-1.75250111,-17.8781836
-16.71069109,5.6723942,-1.89718982,4.24214871,-13.66933804,2.99182867
-17.00277902,17.91731213,-11.84514182,19.80989864,6.20621857,6.37884514
1.70048026,-19.05988097,16.19720649,-11.29228193,3.82135086,2.70762411
8.34109666,-7.78521204,3.38365194,0.11410799,4.62833597,-5.41990668
5.47289776,11.29215677,-17.14500183,-9.85648714,8.50393681,10.69274548
0.72951026,15.98064655,2.19108179,-0.376281,-3.29827442,-3.2288058
9.4189614,2.94724391,3.39904554,0.50605717,8.89927696,-13.98272918
16.31128913,-12.66519396,19.20178655,-18.09975732,1.46128002,16.80939709
17.13263775,-5.49324558,-18.67714032,2.47709423,16.657739,4.27245541
7.70327169,5.65717366,-18.73425323,-5.99424169,-13.0674334,-1.02165533
-7.65036636,4.75888976,-15.02812478,0.59131023,-19.36608943,18.25507692
8.41658284,2.50438264,12.56568706,8.20325746,-12.25780754,-5.97660751
1.40397636,-13.00789186,-9.60520008,-13.21522525,3.77956872,13.26759693
3.53340837,-18.45726058,3.63491235,-1.89131267,16.76451215,-13.25880465
-2.0432037,12.07645361,-19.35220825,14.26422331,13.94397821,11.10902735
0.58664652,3.43610203,10.55335631,-9.20516163,8.78444831,-3.2134817
4.2458346,16.79372132,-1.6319711,-9.61941176,-14.11110934,14.25883016
4.37697511,-10.11647562,-1.81952082,-11.32090243,8.18269079,17.7789671
-7.81323274,6.26536849,-18.81282586,16.3733041,-17.18173642,12.13916523
-6.24498612,5.05960498,6.15488782,4.82794405,-18.09066795,8.47743186
-12.33684124,14.51333311,-9.80837583,2.67774616,-16.72272964,18.20476319
-13.47697722,13.1176528,6.14636327,1.92535962,1.12149504,-15.65119592
16.68545245,19.3400284,12.46949306,16.73264075,-5.5359399,-14.19728869
-6.75227271,-16.40324526,8.65088594,6.25430703,10.45687746,-13.75610839
13.67473255,-2.89562694,-14.81415599,8.64138916,8.47314761,1.31019583
-15.71069108,7.64075749,16.45557923,8.71208062,-11.13197895,-15.13312173
3.19502759,-14.76039375,0.38261404,0.60754239,11.09157794,-6.35028184
-16.30679494,-2.69556192,7.41373739,3.94319512,3.0707315,-19.10658196
9.44070562,-5.95484939,8.05059728,0.4252659,4.43533729,-16.42931853
10.93254382,-10.34189148,-1.90903511,8.45446548,3.14604662,6.75527498
10.41770455,6.02233195,5.38079965,-8.42957733,5.83239273,-17.40237812
8.02396789,-19.96616599,-11.17426661,-17.93424128,9.20631735,13.60312524
-19.11487816,-9.60855462,18.61094747,2.95916788,17.57940555,9.31595136
4.58557678,-19.27238963,13.31943383,-12.94487025,16.69135659,-0.22726522
2.97991217,-11.51670171,12.90511043,-16.30948872,2.37164292,1.87745599
-17.97129818,-15.75322091,19.92538427,3.3733684,18.25306274,4.75391379
4.67857991,19.81040922,9.56586455,-15.19005485,-15.09414496,4.67586482
14.93109077,-8.09583614,-2.79080945,10.56097779,3.37146661,7.34177905
7.13706959,-11.57555547,-5.99698392,-13.95032446,13.4677217,2.38005051
3.37203026,-8.03339398,13.13260369,-7.45541806,6.23855468,-7.26864255
-5.2675667,-10.31854265,19.91956887,18.6493263,3.1644303,18.73203701
16.55283671,-15.70654752,-11.94978786,6.54927917,6.29320603,18.95734641
-5.3592512,-14.25405121,13.69828333,12.80391261,11.3503111,19.53239302
-9.21720549,-17.34823071,-0.50097449,2.57404691,17.55368107,-10.25783315
-17.46765972,3.59642575,16.82094302,13.47524613,-13.90134256,-9.34015174
-1.12068722,11.79685189,-16.1013003,-0.58174435,-17.10565831,7.12060581
8.03035624,9.36080833,-8.79399544,-16.04054354,-0.42187981,8.58180955
1.53854782,3.79440892,19.82672409,9.67441249,-14.97352561,-13.1836988
-0.46649871,-11.52837999,4.53328133,0.9478227,1.01900906,-19.55424527
-19.30220443,14.59196049,12.98054985,9.46738509,-1.37389798,-14.54566767
-0.90989862,4.64390139,6.39270348,19.22179557,-16.833475,-2.30563787
-9.71374458,3.71040968,6.96880417,5.22467298,-2.17609717,-15.38349931
6.37840551,-12.3085486,-1.65001551,-8.96814376,1.10315311,14.26763683
4.39219785,15.24245604,12.21152492,-19.88892364,2.87219898,-0.53818231
-5.75912325,16.0198689,3.76408836,-0.08792457,-6.15005402,-11.13080936
13.43733585,19.47596657,0.50021195,-5.11706081,5.52071925,-5.63074241
16.70250163,-8.99330591,-1.89811833,18.10874333,6.14318551,11.93708029
5.38450126,18.92476022,6.34780062,-12.60702273,13.90211486,-1.81623359
13.08825884,14.60573762,0.47588356,8.9236951,-10.27150596,-13.42288116
18.6509155,-17.4877943,10.60026502,-0.62332729,0.81551451,-15.74945184
-11.38236737,-4.38120341,-0.882174,9.31827734,9.11889865,-5.28365245
-10.24780467,7.89500387,11.98353689,8.65147839,9.64142549,-19.07065246
-18.92459476,16.76409484,-0.80365683,3.26208531,-19.84826083,1.82285075
5.20496518,13.15624407,-11.47358878,-19.82793779,15.13018199,10.07607103
13.92050631,-18.34394085,6.37147311,-10.32634608,15.69582692,-18.8370156
1.89598645,4.42058998,17.80079431,16.35194746,-5.42074141,-1.49917742
0.57746077,-7.93030013,19.67340696,-2.11474978,2.99490891,-9.99118095
-7.76160267,18.99929021,-13.33273819,19.74344968,8.49642802,3.61326979
1.46556118,-11.08517646,14.01549986,-19.44980845,7.94386269,-2.80124478
8.72754979,3.05151023,-18.08524092,5.15436508,-9.972119,8.09750452
-15.66315577,14.85302035,1.98231446,2.54373841,-15.48410591,8.58736734
11.63248112,5.15125106,-8.40420569,-3.64242581,-5.58396546,2.10701367
-4.08409452,2.58907851,-18.41748879,17.33974771,-18.94330511,10.64925996
2.18472275,6.838017,19.56680489,-6.34957882,3.83381622,-9.1311893
12.21620107,-4.13821079,5.52351248,10.84972317,2.27687047,-9.20921113
9.24930839,3.3167493,19.74196863,-16.96580527,14.055703,-16.58836479
2.57285257,-18.24231637,-11.09903516,-19.60282606,2.22830397,16.10101366
16.62608877,-12.49145983,11.47949037,19.58381521,0.58020291,-16.14599303
4.30940095,19.91434348,-16.43472266,-6.69191122,-9.56235916,13.79055766
13.26261713,-10.94898717,-4.6446368,16.14117457,4.31385304,17.1850837
-12.00204171,-4.88752024,8.34425143,1.86292631,8.00454671,11.3388747
-4.5773446,13.12015224,-4.86690646,14.4590048,-15.10896746,0.67770506
0.93490465,-13.65773196,-8.79515433,-12.69584651,19.35741385,2.92086952
-14.37613848,1.91482735,2.37167016,5.9694683,-10.8848885,-0.62768106
-0.64025935,11.85816857,-17.77676535,16.32822053,-9.40070168,10.72036073
2.50929094,3.16937707,8.5018449,-18.9698216,16.47796301,-5.79814482
6.05359573,1.63488647,5.19180824,-2.0107289,-17.83971587,7.17383706
-0.19283602,7.77435566,16.56795317,-8.92605453,-0.81344338,15.23096668
-15.27280216,15.33189091,10.65219378,8.46752967,-16.19555888,19.9503175
9.28102501,18.54402779,7.28593509,3.09570543,-3.39421434,-8.98267125
-14.17733673,12.87050935,9.04770248,8.8019052,13.86401251,-15.68987038
3.26158414,15.11996499,11.53959326,-15.31077226,-1.43151234,9.70122749
16.67781884,11.92181561,5.427539,-5.24962308,-19.65081758,18.86512874
-17.1414523,-2.56005555,16.58782043,5.09880909,9.3560076,11.12421184
10.49809054,3.84838486,-13.04119052,-12.65522019,5.61260394,10.92073371
-2.00277835,13.8054906,-8.28807089,6.07258708,-5.49642528,4.80262722
18.81460016,-3.8944609,-17.25429041,-8.93934032,10.71786969,7.04121445
-14.4462155,6.8528742,-8.13170026,4.35661835,-14.03980469,9.11679874
14.73697332,-9.18516152,-9.63789054,2.52990893,7.75549727,16.25618032
11.9912819,-7.07949296,15.95668928,-14.83205659,4.83145295,9.83568617
-13.71804471,16.96154724,10.00193531,2.36546984,-2.56826408,-12.32625866
9.77558065,5.19079562,-13.16871428,-15.22055226,7.91595457,5.53607649
7.48345032,-10.62496449,-8.38890116,-17.5512482,12.60585556,6.32656185
14.63195009,17.83103513,-17.43917557,-16.88674654,14.57965311,3.20657259
-15.96721352,1.14132708,3.12530235,12.36999718,3.50692003,-12.09941236
13.07254314,-12.29376873,10.40279091,-11.16886456,0.02198506,-11.10243872
-9.1621399,7.17892368,9.59823814,3.54301872,-6.88363452,-18.45890458
-1.92545325,9.55305868,15.97115412,6.80855203,-17.17630182,-5.24213543
-12.00507428,12.01704408,4.40552496,9.64033455,-0.68147069,-11.26477094
5.48533154,-13.55226644,12.16199088,-10.84951795,14.66083261,-6.49708821
4.2760578,-18.11017534,2.44183768,14.16288406,7.42240305,-14.68131407
-2.23211616,14.52934394,6.81583581,2.98661366,-2.97262862,-9.72783218
14.75532272,-16.06339843,10.5930572,6.53646858,4.4963324,-16.42163852
4.15023674,-9.31409904,2.72518928,-0.10324434,1.31633451,-17.3395374
-11.3389374,-3.13298307,3.02334795,6.03355749,6.07464007,-13.20399065
10.43000907,-13.97524302,11.66631087,-3.86031943,3.67693687,-18.49981246
17.12379414,7.79721213,6.16984449,-10.1849892,-10.37864401,0.53894104
13.89103421,10.64078308,-16.15532326,-18.4564362,-10.29616792,8.19453496
2.01386183,-15.7559391,2.93450755,-8.75614536,9.23414301,14.0573608
8.50665195,13.91216399,-18.58865442,-17.95605232,-10.46951037,12.49506434
18.39635297,-18.21632972,9.26105989,8.12503324,0.4401833,-13.85765218
1.22335645,-6.84963932,-5.47125187,-19.59415829,4.39877711,14.55854187
18.92473595,-3.44181053,-0.56259573,12.44286438,0.84126856,16.47996191
-11.43106396,1.47851129,-14.85221141,13.63630922,-11.17756692,11.3024874
-5.00540252,17.86967787,-9.06689742,12.99794971,8.61048324,4.29188085
-11.54424523,14.29511149,-4.91460785,4.61098262,-16.90817613,13.81557238
8.20193864,7.87820631,5.05938818,-8.52938218,-3.71582456,5.54295139
11.96681939,2.46411568,12.62882,3.57057559,-12.93214093,-6.50337326
9.97671368,3.12652528,-16.23746692,-10.50774422,-16.28923479,6.46727913
13.64996038,2.11868505,-17.59886112,-1.9838103,-7.02059953,-0.1423809
6.99496718,-19.43667495,19.30785108,-9.68164086,12.71486659,-19.1778253
1.1212328,-14.59924096,-16.6152515,-2.0982192,0.07418329,18.75017444
-14.41883979,3.05969557,-1.51708602,5.06834978,7.76880488,8.65936585
-12.65148922,4.65249429,3.73981302,3.57324562,4.22938466,-16.12121621
15.70043479,-0.04705316,19.14876211,-13.3289121,-13.36970796,18.02394023
11.17590206,10.53978932,12.46399989,-1.62325353,-12.07158551,15.20831701
-11.71716778,18.15499084,-16.77423385,19.51053381,-2.99272096,3.94258768
11.35037293,13.87490353,0.06449928,-5.70770062,-14.66811819,19.88580659
4.83991088,12.88922632,-15.03037159,-14.59317697,-4.53499627,0.73501099
6.80336551,18.46331254,15.75257312,-11.86663663,11.22041367,-5.9445925
-19.13856597,16.59269451,4.78271031,9.67421498,-17.64413117,15.21374967
-16.98504821,-3.87360017,9.77898393,1.72834442,8.21250727,-12.9625325
0.35750786,14.54949338,-16.64804179,-11.32671835,-4.55601089,8.16037728
7.35285862,-3.22133259,-11.72961573,-12.90646552,17.16888647,3.06281785
13.80197134,18.49393106,7.2715976,1.75049606,-11.43363822,-18.55360825
2.46046029,2.49678612,12.15182858,16.01810895,-2.84367883,-18.61865787
-7.55182952,14.89603947,-13.83321986,12.93463668,-6.16189986,9.30436395
2.13167077,4.07478569,15.58202722,-10.33956657,6.74089676,-6.54233027
9.50185704,-15.85911647,18.90901119,-16.39082127,8.69009354,-5.15822853
-16.74917287,6.24225592,-6.94900535,10.19583629,-8.64547878,13.8334211
-11.05839537,5.44781298,-9.30010409,1.67167326,-14.78075527,14.83524806
-12.27228081,15.04395651,-19.40625313,13.38708648,-7.14764112,8.6256475
3.86430644,8.76697044,19.33264904,5.02962649,-17.09473824,-12.52032145
0.38817779,4.78728984,11.68724791,-11.5093087,8.21267513,-8.04073851
-2.20175632,8.23478233,-10.94792668,15.8204656,-17.45258151,11.11421926
18.66457835,-13.25729494,5.006146,-8.3946713,8.7433426,-11.22281515
-19.59864569,1.4477378,12.23197639,16.55784396,-19.53408939,0.40814061
-7.39838332,7.25309509,1.86991525,5.44409814,-15.66129666,16.32018018
-13.1450233,-5.16561229,4.6718892,9.16810258,19.04288217,17.07284317
9.70316957,16.39288391,-6.24905067,-12.2218592,-13.51734345,1.86834982
5.02273883,-2.2742259,-7.10239851,0.24689607,5.80425885,3.56006098
6.55607044,-11.64799912,17.1303943,-9.36668712,-0.52345436,-11.5438268
-17.88390585,10.27575267,-17.45225753,19.82909472,-16.90657957,11.25952044
13.14455098,10.26136423,19.06023288,2.46619892,-13.60024628,-10.2378954
-17.40390766,18.08058892,5.84594068,14.99121951,-8.84748751,-16.45027521
-3.21783591,-11.06788174,7.06543054,12.79930126,0.75854466,-16.68028314
15.31270736,6.80255864,-12.18019147,-3.18772463,-12.50860442,5.681328
-3.03762857,-13.01057772,13.07877584,18.69522799,6.24350692,-15.34979706
14.57719296,-18.8396223,6.88919791,-17.63613693,8.94743219,-6.17669855
8.45012857,-18.74816299,15.4075029,-12.79019904,17.55722611,18.52129336
8.4012117,-11.69388281,8.94173434,-9.06158632,-0.30922345,-14.33703022
-7.30303313,16.81015112,-4.54101485,14.80286088,3.56136981,0.99375724
4.92396715,13.96156394,4.64886325,3.6931455,-5.05925947,-14.47942045
-18.08751903,1.92572126,5.13572053,3.75031811,-17.15963593,7.09753683
-1.17883837,0.87231702,-9.49473624,10.80422223,-19.49883069,6.71844922
-14.68871474,19.68676318,7.15646652,2.46441116,10.65480161,-15.2875136
14.27023784,12.85436758,0.16915367,-9.31090007,10.39634721,-18.45575497
-7.55081856,-10.93721219,10.83253522,11.09982589,6.5564585,-16.97319593
16.77468828,5.4315135,-8.51511223,16.82869203,-18.89969799,6.35963041
19.7128067,-1.28537488,11.47249649,-17.08101948,0.16332277,-12.57281897
14.91582577,-14.39422517,-15.48976205,-17.16931927,18.75337313,9.53548402
3.81358293,-7.76298781,-15.45419231,-5.98178471,11.95517805,11.72157711
10.09758462,-4.3772652,-7.77554483,15.21661395,1.69368471,10.55338889
11.66209041,-4.19071628,-8.56862179,-16.53239889,19.13682049,3.04966424
-3.78919729,-8.18800037,5.17415208,5.89501597,6.10758069,-12.4092155
7.78098352,-16.89165845,13.68238639,-12.75545431,2.27696218,-10.17376124
-2.85401735,-10.3376537,15.86013237,6.0568018,8.23599811,2.80917389
2.02450854,6.60721157,-13.80757381,-9.41155497,6.38721071,6.96292341
3.78460442,1.13979109,-18.28266302,9.92120295,-5.35244722,14.40336342
-1.2278607,17.46950175,-10.61559535,6.61660572,-5.33352262,2.83231289
12.69705948,17.63625651,13.67391109,-15.96187099,14.06165003,-7.84343647
9.50093374,-13.75706208,17.47029301,-10.01387367,10.01043853,-12.65530294
-13.12690022,6.03505464,13.3453871,1.83617688,-19.11104546,1.75763059
-15.34056812,1.01873895,8.85987489,10.15366053,-12.48571968,-1.96961004
11.91063578,5.03422148,9.20201025,-5.31939559,-17.80251476,3.15621655
-8.13864721,12.37762031,2.01285044,3.06746506,19.88911401,-5.95317958
7.10237344,7.30801271,6.6556236,10.29644015,-11.03667057,-3.23789106
12.54577635,11.89193048,2.26929436,-4.12304246,-15.56407486,19.08979593
-13.63854522,2.33303494,18.8945345,0.19786479,-9.42198973,12.51327855
15.26016012,3.61280625,5.80443898,-1.18862745,2.65999852,-15.82512353
12.81649251,-3.67378513,-12.47498454,4.0287801,16.25045149,11.54233753
-15.360368,11.93373769,8.24893595,12.18175422,-7.123889,-13.69783684
10.55937717,3.96720765,-17.9441001,-2.97413502,-18.62316587,1.68710535
-4.45982973,-4.57960586,16.78066308,-0.22933167,18.12994886,12.95009889
-2.77826112,7.78862296,-18.72939672,4.82630651,-5.53424199,11.81469428
11.05433324,-18.5920594,-0.24679972,15.29247134,11.32565253,-8.51946901
-17.73451038,0.03129379,12.35739365,6.08006368,-15.46746465,-0.07293336
-12.41014456,1.15912385,-12.25432134,15.99921729,-5.5254405,3.04819235
-1.15780779,14.52215718,6.76943528,10.58013142,-11.66927445,-16.24775905
-15.95182545,12.02866691,19.95336369,14.79868905,-13.4902491,-4.15220046
-8.25074732,6.49386169,12.74352163,6.45346532,-12.46376207,-5.4382562
3.00120645,-5.09980923,-14.20165392,8.22415753,6.22672198,2.10051049
-6.31874071,-12.32768104,5.05320587,9.82862014,9.82623257,-18.65967444
8.10522521,4.11986677,-9.27750394,-11.7157165,9.13039424,2.56604171
-13.33806729,12.4944927,-18.4534291,16.85659253,5.31658158,3.65298961
-16.78748555,12.4787521,6.15180706,10.50460574,-7.2516023,-9.43960223
11.7004119,-0.87185305,6.56078799,-6.16745621,0.48617746,-10.27572937
15.0437046,11.07104296,4.52406999,-9.8933081,4.78286256,-9.69234732
6.94243352,-16.73088857,-0.33421392,5.93436545,13.33813848,19.02638506
16.72927037,-6.91792564,2.16263302,17.2948943,0.87052962,-19.72231263
-9.93625525,-10.89206981,8.74284045,2.7243526,18.07517106,-18.91982971
9.43701626,4.29039324,-19.5237852,-10.22177917,-7.27350475,0.61076156
3.38989631,12.931454,3.98954783,1.78870643,-9.64702747,-9.67701737
-12.45301041,-7.76892882,6.85814108,9.49458681,9.1203027,15.90659891
-16.53820104,4.92964016,6.61246467,12.56156978,8.1088946,-13.15735127
-6.68103147,4.92154324,10.07724568,3.27884585,-19.48880271,2.135863
-4.69997683,-1.0140061,-15.35473238,10.94560168,2.6377012,4.95365414
11.73049287,19.015443,-12.90345513,-16.55906867,-3.78204636,12.47315156
-18.66626412,5.08787315,10.52725125,9.71960323,-17.49861076,7.90948878
-3.55407913,2.27109676,11.08129581,1.63382109,-11.36348742,-6.74850106
-18.4989157,0.22025147,-13.90714786,0.64225772,-6.90061103,18.36592945
-17.21478221,-2.83772543,7.66873213,17.04518204,17.52985402,-9.44513176
-18.20551564,-0.67926304,-7.84377911,17.73678767,-10.4613336,15.10157563
-12.5292607,-10.24956155,4.79912036,10.73216662,12.03917353,-19.56479046
7.27381746,-5.38792362,-12.40457342,-10.70859152,8.55384143,5.74253756
16.60152681,13.35354476,-15.64964151,-18.7834983,-5.35498762,17.32712066
17.14638312,-10.78267299,13.13197096,-13.26949804,-0.4817973,-15.71044685
8.48344554,16.84630058,3.59758814,-4.88613123,2.61385782,-16.6510188
3.83108426,6.03240328,-19.83567993,13.20013285,-13.47232843,10.13357112
19.59739454,2.42303116,-17.01489575,-13.3403353,-8.57213341,9.67569405
5.88216788,-6.90973544,2.07365996,8.23770498,5.10459219,-13.74222419
16.65338931,-17.36596548,-4.62024137,16.8495009,4.36206777,10.55294196
16.84592434,13.18165723,-18.17234645,-11.68511484,-13.25740756,3.61048825
-6.5687218,7.43458257,-15.90679554,9.85413156,-11.9642231,15.75760138
-12.08097236,3.63687276,-5.19668934,2.64518815,2.60904636,13.83995648
-19.29051516,10.0641341,4.57929763,6.11130139,11.50713867,-16.92803917
6.25893112,6.71893301,-12.65410649,-3.3954191,-8.73120992,15.60979698
3.16512894,16.57378571,-10.26932396,-17.71273403,-6.18018916,1.93885542
10.70245086,14.37053524,-17.94599678,-10.61510707,3.26366706,6.11116148
-11.07726151,-1.7030185,18.07444449,5.54519584,13.04924316,-5.8169595
4.28130663,18.04832323,5.48864707,-14.94314341,-12.82575302,10.95682726
6.64609788,11.19811111,-16.27969413,-12.12389598,-3.03597831,10.6823284
-2.80726765,13.31478432,11.69016783,15.71896551,-2.71065798,-16.52472553
7.80607175,-12.50010476,13.50677922,-19.72860713,7.86978333,-10.33748267
7.1988644,-4.63075975,5.10610714,4.09974629,0.1922963,-18.80148104
-1.11447807e-02,-1.43407767e+01,-3.68863262e+00,-6.87776789e+00,1.06375724e+01,3.74507984e+00
-9.84072985,19.08081374,3.22995344,4.44661055,18.71116644,-18.68519762
16.42898661,-6.99362663,-8.81027595,2.55463698,9.81214675,3.98669846
17.02151502,12.31011705,-7.47111836,-19.82088619,0.4874917,0.22865814
-19.63544577,7.42357094,-4.84487885,5.22689633,12.59377433,6.97552099
-16.26686022,-7.87478465,13.64197775,18.9418857,3.11929004,17.49052647
12.99779053,9.13581943,-8.9604162,-16.27438865,0.98686081,0.45068127
-18.28890464,4.78792104,15.82116813,2.07027647,-10.40982918,-6.8359451
-10.32140111,-2.01710583,17.23473995,2.46708431,10.58418914,7.74690584
6.38190239,-11.68891129,-3.21668782,-8.35966495,8.82990456,3.38747567
-18.78592648,-11.2068266,12.92577686,19.51435844,8.70834274,-18.62781865
17.0232117,4.40068365,-11.48146622,13.17946992,-9.97453873,0.54978901
-8.08137122,5.56499129,9.13015956,6.5651746,-16.33778407,11.8042937
-4.76525453,5.69660991,-9.62951264,16.37938755,4.58890081,3.30371487
9.88170707,15.822747,14.27746204,-19.13785777,-0.38303295,7.08299792
10.7283513,-14.0976755,7.98999599,-0.6160193,8.82117894,-13.11213991
3.21135544,-16.37472646,2.50690963,-11.55544861,1.84620154,-4.15857124
1.52034688,-17.16188899,15.25009749,-8.04508523,14.81745679,-14.33372381
-7.11350052,16.18265135,-6.95196764,10.66481489,16.11151851,0.59817821
-17.62182086,7.36415087,4.67879934,6.10455038,-13.11222338,1.96936627
-18.15532642,12.95511694,5.82037145,10.07607971,-16.85486503,15.42504708
7.74317996,-4.38285176,-14.97016387,-18.2921245,15.89419637,12.07138908
-10.58827774,-0.66727709,14.42979263,4.08448501,-14.45718169,6.75755732
6.44242836,6.94304673,-19.21232623,-8.61978799,-0.02475384,17.4300794
14.76544123,6.72766702,18.14623953,-9.02085935,-7.91284881,14.89293893
-3.08817885,-16.78499346,-0.55438021,16.74111137,15.21721776,-17.14200673
-9.94818241,-8.92882104,2.24237509,7.1313554,12.7110477,-11.76157017
14.07651237,-14.70837378,15.33295107,-3.51336224,11.20498707,-18.63467548
-19.16289134,17.06214267,1.98937568,13.61923641,12.37068819,-17.88469108
12.34365831,-16.59442499,11.52066634,-4.19835979,0.22897436,-17.15695266
-5.46504738,-13.31834625,0.1804206,11.85380579,8.00484931,-9.26870308
9.0099782,-19.07574604,-14.79687566,18.71467711,9.91355923,17.3182603
2.20654273,-14.31988935,4.05426934,12.17114913,5.64447075,-14.57477483
-0.2069221,-19.1731148,4.43824054,16.7590625,15.47938263,2.57964073
10.54584464,-0.48674882,-13.77194427,8.07770519,-4.52395439,-0.25087836
6.8635499,2.8550983,2.4692002,-1.04154747,4.17019934,-14.4336787
-11.76620024,-0.28444657,-13.12703473,7.43486136,7.15529017,19.48587972
-7.93658762,1.9766486,-15.62034581,17.60107875,11.00531733,5.48363113
-16.09166627,3.16340377,10.38116524,3.14802842,-10.22495445,4.59652074
-15.12221811,0.24261901,-8.72470568,3.5686241,-10.04190689,16.21088448
6.10915577,-14.04027225,-8.60954256,-18.23892041,13.85495847,3.60381794
-0.20480493,6.81978934,17.06594878,-0.08692805,-8.43845571,-11.93577218
-15.67626196,11.90372018,13.60579647,2.13804444,-18.87616449,-4.03285284
9.48141545,-16.92976844,-3.38739111,-14.29865781,11.12629152,3.82415399
-9.31396906,-9.18963586,7.82380505,16.60338429,2.04593321,-19.81942719
-8.59437586,-16.58475057,4.91277621,18.7320607,15.2526535,-17.45737909
-9.41178922,3.90071726,3.74532272,3.32704702,2.31547961,-11.06970751
4.56398727,1.80249396,-19.90767024,3.82214125,-12.38075835,15.67938857
-4.04579352,10.96817719,12.54598801,3.53572251,-17.97206802,-11.87971997
-13.6360891,14.84908235,-11.25396548,8.66396909,3.03671916,18.38394412
9.93119756,5.24930797,5.00606511,-5.12336949,-15.03792085,17.99158839
8.45842369,9.0184683,-11.54827537,-19.33410403,-3.28389267,13.53467755
-12.13663367,0.0389203,7.72950407,4.17890418,10.52174119,-16.58833481
1.70164356,11.21451282,-3.31736418,-10.19280595,-9.43268538,10.62581526
19.57921444,-11.58507443,7.24922756,0.25782931,5.56106182,-17.71210138
-10.7332373,-19.83726566,14.05486521,16.83382529,11.75679768,-15.32005844
-10.08562717,1.39839657,11.62378077,5.19986529,7.49037751,-18.79269387
8.85417817,16.55996517,-13.37278494,-11.18812428,-2.68921471,18.80414492
-1.87351615,18.0389946,-12.04045702,10.36282872,8.77413006,5.15422246
7.67604462,-11.2303666,9.22529032,-0.79801365,0.81525737,-18.7711515
19.50340685,-7.5401948,16.43470739,13.63255077,4.75862513,-18.15156371
-19.70831853,18.84749424,15.06399953,18.63586696,11.11342692,-18.75468237
8.20685437,7.36750181,-18.86911385,-14.24439109,0.43629887,15.57257986
-16.69845488,7.61550875,5.48925337,2.50270544,9.00995706,-9.2198136
-17.44994243,15.19587735,12.23724126,12.1336008,-18.79490172,-1.66300041
-18.14061424,-5.99628227,15.16959911,6.61390469,14.71773071,8.92617771
5.52771256,-11.99309872,-1.44917516,-16.67441016,6.63437372,17.60733266
1.63139771,-13.66345645,5.91859285,-18.02915302,0.42739173,-6.4117481
1.78585474,-10.05594604,-6.95206092,-15.14297848,0.26412566,12.52631395
-12.55571504,17.90871576,10.8322506,4.4345345,15.27270971,-18.38940256
7.21707734,17.90636228,-9.12597534,-9.91654729,1.52712731,3.91699849
-4.76977933,9.43861941,-15.05120585,2.80011772,-11.20373235,16.21005416
-11.20105693,13.29745853,-8.42999374,5.41886122,-13.9628239,18.24381003
-18.07123613,-3.7682577,5.22825206,15.14749494,5.30206357,18.79259775
9.62803336,-10.72171338,4.35049499,15.68875322,7.91275155,-7.93252836
17.82472348,3.39746933,-13.13233381,-18.04457053,-8.34821919,6.22107424
-11.04905863,-13.57263975,0.74970029,18.52951585,12.36468823,14.3980162
-0.42792024,2.07246766,-8.04881606,10.04938142,-19.52614121,2.34294705
8.56946384,-12.23713077,-1.45290642,15.35325146,2.07626849,9.204678
-0.43725447,-9.4013077,14.52856017,7.21777553,6.3474977,-19.46693697
5.47957352,0.54208483,5.40453045,7.87613932,-10.72010868,-1.38914744
-8.5839225,12.51527487,15.52390142,6.76403786,-19.91575885,18.81686897
-19.48157518,9.51189364,10.49872904,18.42314367,-13.58826954,-9.9716995
3.87698442,-8.00331373,-16.00566307,-7.84807048,4.19304025,15.07868107
5.99020987,-13.94004838,4.55038076,19.53976983,6.71140711,-16.74320152
14.52938847,0.98482061,13.28314553,-6.09649323,-7.78288977,1.36686432
3.53275422,18.93140433,-1.65372384,-10.15362564,-11.63707087,1.86978351
2.89636929,-9.81938641,-15.42174658,-15.12565807,9.26984473,7.40353368
7.83629599,-7.25171197,-1.66784777,9.7927766,6.02076659,13.62347332
11.72748693,11.16834964,-10.00441479,-15.1143195,-0.79038734,19.43443688
-16.19185589,-9.37240145,1.33872168,3.42803723,10.09898047,-6.12354093
13.48482591,-14.24142617,-2.11052975,9.82446096,1.78509715,5.89671474
14.50625378,-11.28378335,-0.30950378,5.06176941,9.25774249,4.82762354
11.16330816,-17.83973827,2.09062942,-3.6765597,12.23419446,-5.47336819
-8.63507849,13.67013012,11.10857643,-0.35528413,-10.34883744,-19.4022603
9.7040174,-7.91745344,19.80814084,-13.08424003,2.92331806,-11.7656559
5.52364033,-5.62586262,-7.83400785,17.79259533,9.9581193,7.55751521
0.70532743,6.06962187,4.51621802,-15.66169088,-4.0962892,7.53299756
8.67329435,13.23673719,-19.77497521,18.74174077,-13.8617895,14.49601682
-11.10101287,12.91784888,13.0955669,4.58160068,-15.93251501,8.83820005
15.06894347,3.21104114,-5.43694417,6.09025855,-17.12484959,-0.33953742
3.22673911,-13.93874974,-2.89816211,-15.56937901,9.09804643,14.9380178
-9.37631856,7.06040061,-7.8493715,3.55533421,-2.9030309,12.36995257
5.16443498,16.60418627,8.50255149,-0.9349453,11.17130449,-12.97492324
14.55433499,-17.38510803,1.27501172,-2.06606689,10.86272079,-9.1776036
2.51447084,12.99308977,-8.05730656,-14.54846717,14.94619094,0.56684576
11.47516347,-8.34289824,-11.28475313,-15.6793923,16.39328174,9.18049131
7.53118786,13.82545235,6.43255483,-15.38922695,-11.3608766,7.08865982
9.17688722,-11.09168119,18.46909886,-13.91776948,8.31107592,-4.38870292
16.91485023,5.54238008,1.26634319,0.82793487,5.4555733,-14.722517
-9.78217972,8.28491855,-2.76461569,3.57786351,17.48600607,10.01765069
5.69738109,6.21201019,-17.37276516,-5.92778927,-13.73247384,1.74416232
5.23855029,-12.28921588,-7.32195952,-18.25107669,9.93205372,9.13737298
2.17880055,-14.79228483,1.23489218,-4.18334566,13.91969789,4.72434495
10.21028408,9.21744748,11.15548261,-10.96156644,-2.40929311,10.45443536
11.65317979,10.88105995,15.65812743,6.20921439,-14.34758737,-5.99965721
-1.73848275,14.81360305,-16.59360073,18.61292644,-19.47659491,5.99659613
6.21127131,19.1640431,-13.05322979,-12.87014233,-2.4823198,5.04775134
-11.5618243,18.4679888,7.56075842,8.75711817,10.6513317,-18.81138127
7.40440168,-14.97406006,-7.0695287,-0.90284766,9.9271897,12.25205753
19.17786345,12.37139863,11.79089462,5.05470696,-18.06411115,-1.18801967
9.54473348,-19.01690014,7.25304187,-14.72377879,7.54281279,-6.58534753
-19.03716738,3.26261329,19.55529461,11.70124235,-11.7876761,-19.95112508
4.81331615,-0.3115562,-19.55398104,-15.19955942,16.80281137,7.90048966
14.40806879,-17.46153404,15.0164975,19.19506824,8.54030251,-19.71526498
-8.83870723,6.1365219,5.86683809,6.0875182,11.50013481,-13.27496705
7.82218121,-3.97353111,-13.11246519,-17.91716983,7.32214244,8.20525099
6.19554899,-17.17244663,-8.35540576,18.48263955,2.39477817,16.42308501
-1.30646729,-2.74278298,-17.02087325,-3.32603404,18.39997224,5.83657756
5.97841973,-14.61901011,-9.38108839,-18.87037631,12.08027025,12.79413803
-9.62852201,3.34187787,-13.31130626,4.92791623,-14.44469337,17.2906093
-5.74392164e+00,1.45358176e+01,-1.85697934e+00,9.34619653e+00,-1.79178474e+01,1.17016867e-02
-11.53259712,0.05231584,8.44979819,5.08879315,5.4504583,3.01771454
1.73862909,-4.37337398,19.03249347,-5.32457591,0.60930695,-3.89617054
-13.84116271,9.47689068,2.82566026,-0.44761489,-0.23899327,-18.98213316
10.17712023,-14.84285267,4.07608363,9.13105435,11.32389465,-8.51528672
10.93868664,12.26277035,-19.4899746,8.51569904,-17.54612884,5.05447224
-5.4053234,-11.7043246,15.20469214,16.00158941,8.10264331,-17.5996975
10.27099794,5.02469824,10.91919357,9.88349119,-16.28065247,-1.44877716
13.58935655,3.37002126,-18.83075532,-12.32637538,-12.61973835,12.87477241
-4.17792992,-19.48911483,1.16025784,12.7992323,17.14439575,-16.84092409
18.78118964,-19.99323203,11.2046032,3.81082192,2.62307866,-15.7747603
7.62536064,-18.73881925,8.63793726,-12.60321066,3.75236265,-8.25233292
5.53242386,18.59444734,17.22279733,-6.62097025,-9.13282681,8.40229689
-2.12598533,1.80279895,13.68585986,13.8228567,-8.94151618,-11.5747068
15.10643215,-0.96904903,-11.82248004,14.4339489,7.55857477,2.93265259
14.63684876,8.14695479,8.57534201,8.08499654,-14.71598508,-3.48219837
-18.70831588,-11.80932528,8.80532995,17.68733371,7.8638919,-16.03287643
15.14757135,8.6021402,-16.96869495,-13.00739009,-8.65716513,14.92208583
-6.83858599,7.03867006,-15.74823879,17.48447279,17.99841533,13.48777429
-7.71824398,-11.25914781,11.50822367,13.88375752,1.63545379,10.60432499
4.98849323,8.29477273,-15.55504478,-19.19146853,9.54743828,2.27846082
-18.29035084,-0.29153958,6.39837331,4.86632648,-10.00488188,12.43081227
17.14876834,8.12473199,-19.35951451,11.63747209,-10.53675993,16.22247389
19.73081334,-8.97933667,-7.65127806,12.68805603,18.1611067,5.4811456
16.54539374,-16.01878602,8.16257706,-19.73780913,7.99935351,-0.24339636
13.37444186,-18.82615681,0.69440434,15.31577967,1.30238295,-19.35089573
-8.93928611,4.38817958,16.71511458,0.51325051,-11.32583086,9.4081703
-4.45167386,19.01320463,-6.03453498,1.76598301,-9.74535123,10.61544817
17.93918259,-14.78735267,-14.33064801,-18.51743857,13.1969031,15.2885322
1.65856573,-2.55068446,-12.53518888,-14.88240533,15.75761005,11.44450076
14.47911803,-7.12910783,6.03401484,3.79296888,0.61444165,-6.62950546
7.73756979,-17.14726034,-8.09031044,-6.80571939,4.55681234,15.01778128
19.90621121,10.34612591,5.98845033,-12.58347309,11.04465985,-10.45243382
-0.63970505,-0.99298636,-19.49860804,3.91266424,-10.58752358,10.84021624
-10.13017388,11.44903427,-4.25570376,5.84861315,-1.12903224,8.38102425
-12.66400923,-3.60558313,9.46383794,3.81658035,16.90062671,2.92174887
-16.35140205,-10.9899261,14.83980173,2.8351683,16.22943544,-19.35542648
5.39773955,3.32429151,-5.47502296,-19.91034455,12.56177626,1.52914191
10.74738556,19.17981631,-7.82152713,-15.94106235,-14.42433779,14.97501683
9.09184951,4.69737064,15.20326522,6.61673619,-12.63029056,-11.32309642
0.0468927,4.44439028,-17.79250809,-6.32496324,-1.14871687,14.60450742
10.87681184,-6.56439401,-7.81702584,-6.26841942,17.70445574,0.08918381
10.13495456,12.2075705,10.17165295,-11.25621955,1.55135924,-8.22615414
9.91126912,-14.78277569,4.97363327,-7.00848882,4.33113458,-13.50248388
-19.40832981,-9.26690276,11.97778842,16.52836419,12.36170451,-13.42151195
-2.85425367,15.98686717,-8.75674136,16.86202637,-0.69140043,2.3800817
8.76100549,18.63510538,4.00248383,-15.1361162,-10.10185568,-0.4718425
13.43451498,3.43992719,10.31987973,-17.69263749,4.23212613,-7.86050173
3.90244646,2.58588198,-19.48243505,11.91085566,-4.89614463,7.30047152
-1.53133168,-8.61508011,-3.77210621,2.06957499,4.86124527,5.32262332
11.12169301,10.77168017,6.99086923,-19.9015691,-1.20058861,4.00055373
14.57818875,4.30498588,-10.35794798,16.20033865,-8.93001654,2.50311207
-4.70219641,12.77419007,-4.83554284,12.76520268,-16.55399305,4.76899273
-11.76043769,1.59111545,2.73212714,4.19673474,-1.02014045,-17.25754051
3.24816945,-10.24938658,-12.00462989,17.45663345,5.57911711,14.16555267
-7.22930994,-15.7135302,7.92921187,9.67743492,16.08863096,-12.65488514
-5.27585846,6.56306219,-10.56307083,7.31468212,12.19124368,8.75792121
-1.36130489,7.60154798,-19.84783513,12.09150312,-9.98962346,4.30298907
-14.85428863,-13.35735547,6.87810545,4.53081573,15.88252354,-9.96134918
5.18761362,9.31547604,0.45434147,-8.85942843,-2.37883541,17.43844477
2.37127364,-19.86732738,1.6417581,-10.89398239,12.51173177,-2.28768506
-9.45111341,6.70400644,15.13645272,3.71726026,-14.41040273,-11.69043002
1.35928152,13.68448073,11.57971027,-7.25783107,19.91080908,-1.76665831
7.27425108,-18.57330223,-11.58464559,-14.84545196,1.14733275,19.13408689
-15.46276768,2.42937833,2.89821275,4.05605537,-14.29281077,-3.32529474
-7.59021577,-3.59428724,15.90845406,4.81566706,11.34165036,-11.8604339
14.26371325,19.52183482,17.20766418,-17.13702831,-16.2604047,18.53500097
16.45336987,5.91743661,14.55547436,-6.5114763,-12.69131804,18.74354389
15.48990537,5.2832973,-0.76520024,-5.99560412,-10.06574406,19.31372111
10.24877621,-2.49000244,5.75760413,-4.52910854,0.54048618,-9.83834012
-7.78686412,-19.53211587,1.41888725,16.54118307,4.46164507,-6.98551388
-9.6633105,-0.28007031,-10.1699921,18.26472043,-4.03375715,0.41316235
-11.17287155,-3.03404908,14.75704134,2.84066155,7.18536143,1.63124792
17.74863537,5.47223191,3.03358967,-17.87084318,-15.25339746,4.473608
17.07192132,-19.58971518,8.79161322,7.75937836,6.96897454,-17.08982821
-7.47483495,-5.93723514,17.81385865,1.87180867,14.54744917,11.38140416
17.45228246,9.65782823,-13.68047647,13.66217976,-14.49450366,4.46068379
-10.36933207,1.21580104,-18.7605246,19.59938929,5.20478139,16.06558987
-17.46565389,2.092148,13.01609002,7.4471365,-10.08686641,10.92672876
10.93436511,-6.27925775,11.59698374,12.49325204,3.42149681,-19.19006838
-11.68725785,9.97137636,11.18541391,8.8282132,13.71519263,-19.09654445
12.45323939,-12.7621204,7.01072587,2.56979954,2.9349269,-14.07511599
-15.98926595,3.46833026,4.18269233,7.42480166,14.82599289,-17.9610806
-6.82298918,0.9375133,-11.47486978,10.09840164,0.55757862,3.4233352
-17.53995332,-10.15099582,5.6888124,8.5333207,14.81348449,10.53042391
7.05740927,-13.61187434,19.6449874,-12.46988714,0.78454259,-8.82160525
-3.38721013,-13.50732408,1.07890908,17.67906705,6.76120694,-8.76332682
-6.64186648,0.7290534,14.49666219,4.61415491,-8.39408149,7.64246657
-6.31407768,4.63293307,-19.72164367,15.16135749,-12.40575193,16.23913581
12.68620036,1.77216324,8.23326325,-6.73633242,-2.56435132,-0.69901195
-6.53428164,17.76382418,-12.78396334,7.9699279,3.03651934,2.55864093
-6.28215706e-03,9.37778938e+00,-5.62108431e+00,-5.20763760e+00,1.89793609e+01,2.59302405e+00
13.14813937,-4.3145554,-14.023767,-13.80789531,18.85520027,6.30087107
14.33894446,12.81067333,-18.06536968,2.29035134,-19.08462799,15.32619947
4.02534397,-16.52277006,15.44778624,-18.47349084,1.50934512,-12.82119978
11.89033956,7.76468508,-10.98270477,-16.2413999,2.39952023,5.12580936
9.2225201,-17.74713053,9.12803199,-8.5535656,10.09628732,-14.82015345
-10.85812093,9.28460497,13.61008969,5.4068324,17.80383143,-13.4408961
-6.4833468,1.97872356,-2.25675809,5.19602625,-4.54820893,13.89272471
-10.67310482,14.18035281,7.13282563,5.17023782,3.11250067,-9.93649524
-2.25300223,16.81200026,-9.30674473,10.93457257,11.09339737,3.77906602
19.22283526,-5.65882149,-8.58229797,16.83265498,18.26716977,3.48609848
2.69755754,-18.74441226,1.19182408,-10.65214853,14.18828312,17.40361989
-2.90899857,2.69790566,-16.65775608,3.25743837,-7.66528283,8.39142248
19.38811918,-0.05616669,-15.09617098,5.01498264,14.60063513,10.63857155
-1.76540565,5.1336506,-7.2087523,6.86550694,12.47412601,2.19512794
17.61030891,-11.78165679,-14.22443727,-10.05347493,13.72341841,10.75435453
11.51731797,-3.36744855,3.01446624,16.62051638,0.57764731,-9.35668893
16.16381016,4.00196601,16.74882112,13.61468091,-14.32952839,-8.75517553
-14.18366859,19.49888645,-18.99253958,17.86117797,-0.24483713,18.85742635
-13.46810024,5.49642441,-1.46278212,7.09903963,-15.82922156,0.44570263
10.53682433,6.19852117,1.27660057,-7.28654219,18.65461059,-8.49990041
-19.10320969,9.42836523,-0.65951076,11.77072561,-0.58868476,6.95856497
3.31500979,12.31221287,-19.68256736,-19.42542599,5.23576384,1.64968849
-9.57669154,7.11578916,-11.75835681,19.2959485,10.54423515,10.21118471
10.36648267,-1.55874792,-15.79455535,-13.71287467,10.12790073,12.97208549
-15.53962414,10.9278884,-14.3385351,8.576645,-14.42299418,19.19025344
-10.16837192,-14.6893063,9.75617812,7.38578167,18.84712869,-18.47817121
7.31577803,13.48433899,15.63038763,0.95842133,-7.46604741,-19.27357465
8.71255924,-18.40139998,2.54489453,-7.98775983,8.78554992,-19.06799716
17.0277949,18.84855756,4.56482553,15.55955435,-3.01576183,-5.40661135
8.16112815,15.89755046,1.84001048,6.79691423,-11.8152055,-16.41299102
6.30720042,14.36102463,16.98185754,-18.41232533,10.34377254,-12.59174981
-9.91679599,15.59550596,-1.56099064,4.35898832,19.26578894,9.11090507
18.88664488,8.21882533,8.87658886,-8.9434958,13.45672923,-14.72763815
-8.84246911,-1.26131892,9.58332658,3.86323107,15.43789283,-15.52209839
11.14571749,16.92989934,1.63779956,-5.88613813,11.91381699,-19.08004572
0.06664673,-15.3895935,-16.96754359,8.76755394,17.93100028,2.3676919
-4.70649801,5.91138893,18.54776967,3.17546234,-13.01299733,8.60786677
7.29991083,-12.0371213,13.62167416,-18.4651917,2.01456831,-5.90485323
4.51463684,15.79736719,-17.92564825,-19.76879817,-7.86859095,-0.33149029
19.85293447,16.93403816,-17.65171602,-7.72300679,-18.28403209,8.32192083
-13.3831479,12.13618508,-2.52676751,6.35677467,2.04108986,10.90316933
9.76240494,8.35081944,0.16315694,18.05873611,-5.88659506,-5.58316479
-14.76790546,5.75548344,-3.34564095,7.34070981,-9.40512412,4.45713543
12.54252866,-11.82586687,2.89145821,19.02889934,3.8562437,-11.61884835
10.58975731,3.80720098,-5.35320792,-7.48815151,-6.58205864,4.30771142
-0.84015731,-7.99051658,-17.66142812,-16.96480887,11.003367,8.21870102
0.92065561,11.47496213,-18.89667504,-19.57152957,12.98311022,4.92417134
-9.18452879,-2.40272754,4.31020574,2.91181326,16.12145312,-10.66839846
4.22077217,18.3660841,7.95635257,-13.89858639,-5.06160597,1.18957848
-2.714236,19.89397632,-17.22481035,7.92028068,-6.99888328,14.31280123
10.67186654,15.34005017,-12.02005073,-8.01003975,-19.11444441,7.90449978
10.24192841,18.36155088,4.39604089,-12.95791389,-13.51892607,4.61123884
-14.85591003,13.33256164,12.40509835,0.3211288,18.23500249,-18.87172747
8.51704999,-12.91682195,-1.54451605,5.03815219,0.83943995,10.60217401
-8.1689174,5.05807071,6.31375224,5.65523788,-12.72656058,15.08978301
15.46988641,15.49091113,9.96542009,-6.70092464,13.98800404,-13.93268701
8.27123492,-17.83269497,-0.74948054,-19.72125608,17.75080869,16.20463465
-19.94350572,8.52756948,11.53061304,4.6847299,-0.07584128,-15.67044589
-12.26279855,-14.85760032,19.32359151,14.7082846,9.38242109,-1.18018334
1.38603713,-9.77930461,-12.68158404,-12.67588786,12.35939526,6.48678595
12.72014914,-18.35747111,5.70449155,-11.3498131,2.7548678,-12.71772828
12.41144531,-2.82146023,14.14737812,-9.92198752,5.46940711,-17.44200172
-0.96356978,10.22548421,-12.47212089,16.33616663,-15.8816731,12.85590752
-6.65955618,-7.81058678,18.23711039,14.71646162,3.68646561,-11.65127176
2.37775387,-7.56282453,5.36857205,-4.19549477,1.77648769,2.24408519
16.35303425,-4.78166971,5.32194553,-9.95164854,-0.33924885,-9.24008835
-4.90920546,-10.48808835,17.0343028,11.58257431,5.6937342,-0.91822177
13.12338579,17.56951804,13.07801098,13.65903412,-5.43567696,-18.56936521
15.20988391,-1.23374642,5.89759075,-4.75344421,12.3688075,-16.80112826
11.41092623,18.09226471,-13.37811757,-17.53494196,-11.36084451,1.06789312
-12.78970031,10.12963131,1.47740487,4.92626226,18.62314452,-11.48955348
-9.13242709,-8.98570346,13.47242439,8.93905049,13.42307332,-14.87123844
12.11471217,1.08687145,17.29216252,12.6041003,-13.62892679,-9.42269935
17.30040267,-2.24187511,-19.93242507,1.36777734,14.7115019,17.56026918
-11.69205581,-14.88531342,8.80388998,18.42274028,10.39056254,-17.43523336
-13.61944535,1.77475138,4.4684977,12.60181555,-18.67894461,4.73253033
7.1264677,-19.85281899,8.94195242,-9.78297888,12.51212753,12.00986455
0.87805711,-17.06140163,4.73965317,15.97941136,8.63000322,-14.69148172
17.12808667,6.46853705,8.55767408,-14.67359094,-11.76022577,10.3713205
10.51194325,-8.46019557,-5.28543507,5.80150472,0.71664379,8.62360636
4.88096267,16.5117611,-18.33126881,-10.50786539,-5.85297444,16.43640925
13.31270227,-16.24832784,-3.69902132,-16.60109096,4.69416643,12.84367435
11.63483829,-2.37176717,-18.72881494,-14.88961008,9.41785569,15.49140804
18.07349848,13.07222549,11.67291783,7.5862905,-8.87555696,-16.88861994
17.6987678,12.86097183,15.8277757,-12.34059418,2.55730673,-18.46773896
2.63183634,11.06567048,19.16162463,-19.53702034,1.41555392,-11.31849264
8.91691876,13.89542081,8.36558284,-19.7077949,14.03647154,-4.76242403
-17.92979897,12.16200937,7.44506157,6.30280208,-0.23270954,-9.51359691
7.15627282,-11.05192051,-8.91528472,16.42929838,1.80628771,19.46427482
-11.47342855,3.22491693,11.12497962,6.45662394,-19.18371197,-5.21177555
3.12748601,-6.06010769,14.61185717,-13.33818968,5.9805799,3.79288365
-17.92869425,-9.31416653,17.09300088,4.05284329,15.79523158,5.55425614
-9.61333966,10.78536256,9.43686414,2.05049787,-14.75932837,15.24935263
-3.78614585,0.86490251,-12.51164717,8.0198291,-3.13285575,10.09593371
-1.60897268,18.98984701,-18.55536206,5.26666301,-17.4499773,4.25621753
-7.37751482,5.7780038,-11.53885743,2.22507343,-16.75060726,16.48835265
-17.11636945,-9.69763465,6.32818278,10.11199706,12.02052901,7.35587427
10.63993111,12.20729671,6.52403246,-7.12258048,17.01029204,-14.73013428
-19.62026829,8.33923952,11.18502195,7.25150452,-14.65597102,-7.73980559
-18.64413562,-7.45386813,11.98744344,9.61444851,18.73623556,-15.51448298
12.73693318,7.62384194,-8.77423814,-5.32389897,-14.92165534,0.1370608
6.33958766,-9.13262204,-5.20978636,-7.45969152,0.86733231,10.84720156
-14.96284812,12.89558509,3.06051098,-1.37981845,-10.57738545,-17.40721032
19.71222958,16.72662426,-7.23552759,-17.92396893,-18.5470371,-0.98817413
-10.4472768,10.02863052,-8.53216876,13.09906745,-18.2666508,2.81623311
6.30945072,-16.81368538,-12.5040107,-8.26316647,10.4011766,19.20597362
-6.66131966,-18.83001211,16.20554139,19.2705402,8.1510313,-0.49043354
4.93432723,-14.76564285,9.38119472,-7.44716798,3.97902069,-7.21544202
4.52156241,-16.11742755,-1.34778137,-12.77663329,3.798267,7.72400747
5.80197687,17.91083429,8.7730783,12.95918849,-9.68950033,-17.91296429
7.6201599,14.39976348,5.94188951,-2.0210955,-18.57209773,1.9464846
-17.63240629,-3.48794917,4.99171502,5.90254321,18.41435689,-12.60240694
-14.64320309,14.2784637,-19.1720383,16.5754811,6.98425529,14.21202893
-19.89920335,5.24388331,-3.27095699,6.21134551,12.83881026,19.72211022
10.05535696,8.70205336,7.31248082,1.27434985,-1.63683949,-10.60495326
-5.8891994,15.97503526,4.34166384,17.03311924,-13.52718898,-17.19536974
-13.21168154,7.20237514,17.91563796,6.90500411,-15.7274475,-6.74788914
10.3763105,9.83170598,-9.15286798,-0.84242412,-13.24149424,6.1556731
10.84423629,-3.10415201,-18.30032941,-15.00645809,15.22925565,6.41864097
16.29834421,8.04680547,-1.63091395,-12.14316974,-12.40374877,7.87435852
0.5881907,16.95090727,-12.34984459,-5.8421882,-14.71800504,0.58497225
13.50228205,-4.62231348,-9.73244377,-8.53520335,9.44171371,2.94024696
19.86694363,1.61945109,-12.28025044,-16.07696101,-4.77509929,1.50664977
16.56748002,3.78799282,-5.65172308,14.54235816,-6.91033209,4.90354103
13.35678043,-18.4950204,4.18149188,-14.17066235,12.95913234,0.93115949
-9.21655147,-8.0697221,5.76055042,8.20789908,16.59642638,-5.42682953
-7.50125947,-11.54617695,6.07825237,14.96582866,7.06485064,-15.78992929
-15.39117095,7.84117645,13.86273133,9.69140261,-13.12406707,-5.39402559
10.48466111,15.53528838,-13.68532245,-17.61122189,2.4403052,9.86285773
-17.88004427,0.23152383,1.56999752,4.51975796,-10.17825162,12.78821271
-11.37286806,7.96664657,15.6126338,2.59071504,-18.0228241,10.81797165
7.94394804,12.75219764,4.06316568,6.04795607,-5.19531711,-13.88204235
-2.64367423,1.23592194,-14.68305557,16.67666824,-19.85813587,8.4177577
14.51150436,-14.20497016,-3.8469388,2.01844204,8.70224792,15.44906462
1.39880479,-3.64187141,-9.11699792,-19.05801077,12.94516173,4.85797307
-14.62305237,-0.11547799,-4.08482868,11.18811195,-6.03284541,15.72117921
6.66255467,13.09074477,13.82610995,-10.75394867,18.44358536,-3.51786806
-0.76844111,6.12995347,16.61974901,-16.91310273,-0.48518484,13.15647894
18.51662358,0.33847368,-7.93122503,-0.24399424,-13.35791152,1.53829409
-15.98941588,-1.4271671,9.22810495,3.32434814,4.97161398,-5.65974959
9.00554073,-17.42525995,13.6755134,-1.39971677,16.89320605,-18.0096761
-12.08599054,2.27737397,16.36739134,9.35508792,-9.01071476,-8.51714047
-5.91411308,-14.69426122,0.83614355,2.2452881,19.57678941,-1.42066539
16.46998489,6.80652094,-16.46251992,9.71806342,-17.37878818,14.16981178
7.04594325e-01,-9.23008169e+00,1.17094817e+01,-1.92593633e+01,9.35808929e-03,4.77341412e+00
-14.8309296,12.2000196,-9.0232031,2.10534852,-19.69518155,12.61691498
5.88837744,7.7781953,-6.52173758,-14.21924811,-3.43537536,4.2799102
2.76790006,-0.33305121,11.84513712,-17.703818,15.91471524,-0.80634349
11.92368725,16.59991964,-13.23225779,-11.96924047,16.48462198,10.03652246
-10.65715792,-3.06838508,2.35046392,15.93607488,2.25101745,9.87634602
1.6226358,-10.44881043,3.80316772,-5.59052669,1.64469988,10.19289495
-17.79627539,0.36933484,7.05479312,10.21978277,16.9476346,-13.62119649
-17.15362765,6.5239343,7.08743205,4.15105178,5.63676995,-9.1505077
-2.32900845,5.84433626,-17.21854846,5.8701523,-18.04947473,8.46270022
14.33566474,0.99572408,4.72670236,10.35412096,-19.80336128,-2.69941499
12.10552556,5.83180062,-15.17253126,-19.54338951,8.94590521,12.51663802
-14.69794139,-1.51467982,12.28696823,2.7693888,2.623126,-15.22524009
-3.34123808,13.2767734,11.49133389,5.55327371,-16.34872613,-6.02677561
-7.06248238,-9.33469907,1.5682184,2.95376356,19.79917251,0.18863515
-0.42750743,-16.18828676,8.45469318,9.40586675,6.44774524,6.20045326
7.61152067,9.3008908,12.71522381,11.87238911,-13.45188568,-8.67559582
-12.21316421,-18.64182566,11.44072628,13.19736161,5.19754717,-11.7953133
-9.69707257,-1.17789674,-18.20196636,17.04823391,-19.97726657,2.11085354
-13.55313382,11.26681993,12.43164554,10.11150995,16.37771502,-19.09374624
13.96616117,8.85170734,-9.88888471,-14.80949161,-16.61569089,-0.58496915
-14.28525737,6.68573448,-5.83439013,1.87185451,-19.86066953,11.75805056
2.17323219,-13.94288159,-18.90366985,-14.50558499,14.60524581,15.83911442
-8.89145617,-8.17930409,1.54385414,18.07301731,3.63876449,7.39302755
-16.25931594,10.16330026,-8.19268892,16.83052545,-11.85704661,3.31406099
11.44803658,2.51714796,9.94821827,0.02812023,-11.8514642,19.70303544
17.29940855,-7.43875089,-15.61353784,3.06286059,15.55052179,11.42450518
-6.82866482,-9.46992196,0.90588749,18.3812503,2.43035553,17.04955363
-4.05748968,10.83519524,-4.59366987,6.88450441,7.0244171,2.27740936
-5.8536176,12.52951282,-2.14536937,1.57552908,8.57913116,17.20015763
-3.26102832,-11.54165243,12.40294838,17.97822018,3.63991805,3.19650179
7.23924971,14.70299211,-2.76839864,-14.43823913,-1.00520678,2.79639596
-7.82471281,-17.85616294,12.47695979,10.60772295,11.5217919,8.46984581
1.5068324,4.90866752,17.90399351,-3.14960709,16.01960512,-2.40130255
2.45161452,-16.07094989,18.06599013,-5.12062698,-0.75842085,-3.79528229
-14.05941536,-4.13302041,2.15688431,10.2882561,7.45737965,-2.97275992
-6.15119647,12.08779595,11.05821173,12.82730329,-8.72746836,-19.82875043
8.92561369,-19.04526458,6.64162056,-9.64015043,14.31863207,-2.91016039
-1.53682059,7.88513279,-13.51952614,9.35953667,-15.76605678,8.46091829
-17.53063704,14.42052739,8.80141328,10.66923089,-13.09279488,-14.15348908
10.4126876,8.72307204,-0.02378481,-5.93631896,-10.97727287,11.8049809
-16.76327178,8.97693531,16.44850893,4.756072,-2.20668058,-17.80939768
0.55420824,15.26345433,-14.37999397,-10.04091256,15.2060723,10.54063492
-17.92893331,-6.39620483,16.01074237,11.35648325,7.8067221,-13.20764209
2.39393329,17.63829654,13.46434426,-7.98934494,-10.03200196,12.07211358
-14.63994998,2.91263783,15.72986312,8.27781903,-12.53948602,-8.90028106
17.41153378,5.17421322,19.89024551,-9.67375696,-12.84050328,17.59736782
-17.10374386,19.41646601,16.17636914,5.35811673,-9.90252262,-16.89187213
17.49265998,-2.28286433,-15.06861714,1.35154398,7.26078257,3.17922396
-19.54100431,0.53817128,-11.13042818,6.0881307,-4.91045826,12.12578187
18.76719948,0.93099715,3.23817381,1.6428719,-12.83368297,-1.9649909
0.63179989,-8.29837942,-13.56653525,-11.2907535,3.25834203,17.49893628
4.54121809,-11.69990623,10.97240808,-19.63378875,-0.24924106,3.74304749
-1.38591979,19.24797251,-7.94692395,11.84132775,7.31843596,0.13754387
-19.71009788,10.24705964,6.30069588,8.95537596,-18.56946098,-6.10543009
0.25346159,-14.56515967,4.0470471,9.44420117,8.2591349,-15.70787395
-17.30749324,-12.43540426,4.76324768,2.50703663,15.9311463,-8.23298007
-6.68793634,0.03619664,-5.55621381,2.54574886,16.22756648,11.82016169
-0.61546234,-16.57485936,11.39948623,7.85775829,1.85433468,-18.49507208
2.1176882,17.95370436,3.21600234,10.73070954,-10.8793919,-9.06204797
15.72756585,-12.59289904,16.4047296,-15.93717198,7.2062073,-3.1301116
-11.88585608,7.8409016,7.58935707,8.20988015,-7.6032976,-3.01477246
13.64394186,-7.05352197,2.78534294,-2.72214885,1.81249023,-16.18803715
2.2727117,-18.74874634,0.62111514,-14.73557242,16.51712217,11.89518209
1.05044991,-14.60682298,-13.52357798,-18.42377399,3.02112642,13.01525353
7.75212835,4.5834362,-9.66715448,-17.08731034,-3.6605545,8.81708629
-12.68426741,14.03772132,-6.44355436,7.51052332,16.14735966,15.87403024
-0.39998561,16.52166066,-17.46568284,3.05960039,-19.94216934,6.59899855
-19.46979511,6.03157749,19.4688148,2.96602689,-17.56436198,-10.22114058
-2.14746332,-0.54348687,-18.2541149,12.79269185,14.0619462,11.70450058
10.43279594,-12.15914947,0.59404783,-17.5769268,3.95444147,8.89708687
4.65096589e+00,-1.58603158e+01,1.17016700e+00,1.50259745e-02,1.12176422e+01,-1.47428707e+01
5.27774068,1.86409426,19.09892013,0.6699737,-5.23363947,-6.82369338
-9.37296288,16.14298534,-9.57872263,12.39866704,9.84580673,3.24079528
-4.49368382,-19.2384059,16.26518443,12.8142395,3.31940231,12.33727974
-2.03238337,-2.51593112,11.0133814,5.21878512,0.68064592,17.2857227
14.63805871,4.24631279,-4.58788654,-5.70904109,-9.18064975,11.8495153
-7.62811811,10.57257127,8.5051773,6.8783887,19.45917067,-11.25483534
-5.49153003,9.10620319,-9.79025493,14.94139978,19.897806,4.98262394
-16.5636287,1.5871171,2.8663767,0.90777204,-14.04644892,7.03723103
1.63107613,-18.04654481,8.29159245,12.45721469,6.56165052,-8.42576659
17.11162192,-13.66478328,5.23352596,6.80475053,2.9604267,-13.76505259
-2.41721399,-11.07218205,9.49618132,10.88660502,9.08658983,-18.17281533
-4.10368072,-13.67817936,0.5145897,19.36212316,11.05966414,-13.93348019
-6.1147413,-14.63796966,18.79447669,10.92249505,5.53730941,10.43480173
1.32442075,-6.38822965,4.71894828,-7.01555252,1.16914116,12.35438355
9.08308777,2.6069748,1.04956212,-5.32880653,0.33083355,-16.59510546
8.67285001,10.26082029,-2.02142641,-13.68402809,-6.69444739,17.84564959
-18.34435906,6.17866151,-9.57163783,9.03103706,-9.91639258,18.74324281
7.28311707,-18.25814686,6.63989773,-13.87737308,14.52858189,2.60623676
6.46088967,1.38434065,-18.72003041,-5.70956292,-4.56060002,9.44594221
19.1255344,3.54447201,12.9532897,-7.35555915,10.52616118,-19.9913295
10.29127348,16.71438272,8.49169369,-16.87720741,16.23765218,-1.35410639
13.26233922,4.74313271,14.82130771,-19.28843232,7.75501502,-9.87945238
5.12975126,-1.6226001,3.31895121,-3.59849151,1.8433774,-11.79006142
18.83125249,1.15718529,9.22686725,12.10885371,-2.56516074,-1.23958794
19.24945205,-13.86382891,0.37016625,-19.66558974,7.80174374,1.13102108
-4.64621161,3.0900675,-10.85023386,3.00560694,-15.78273847,2.77678456
1.0718646,1.5576866,-12.67245193,16.91482883,-13.02496577,9.63511655
-4.15876054,-13.47830157,11.42456553,11.96309887,6.25097618,15.71007193
18.35509411,4.00489769,4.56401544,-4.69816702,-12.94937818,2.79641953
1.7917852,3.50920158,19.96107111,-0.40615954,-13.78542802,-17.66028912
-19.98663444,-14.52960063,3.73377116,1.32480592,18.58186985,-18.413249
7.11400272,19.67699973,-10.48805893,-19.82993825,-5.84513689,3.80597128
-10.95257997,17.28015625,3.20921396,3.3337234,5.1515225,-10.0152169
-7.96848162,12.76592901,12.9846151,4.10865963,-12.9837345,6.27274299
0.41322303,-17.36648477,9.59359342,-18.03360235,11.29324425,-6.92154626
6.5331697,-4.09467943,-7.61051505,11.87633273,9.04821079,1.83563357
14.15430401,11.76458317,-17.86649941,-18.32718507,8.84072736,11.30723729
10.28256603,-14.94219314,5.61712138,-18.90703332,0.83164524,-7.21894838
2.32039485,9.21701661,-5.86331089,-19.70849329,2.19426037,4.70133336
16.38388209,7.15290683,4.05017698,0.12687741,4.33363383,-18.97489924
12.32654382,-12.08112542,-19.67645902,-12.99910531,11.97699715,15.42129556
-17.50193537,5.68091928,-4.54205411,1.72772367,-18.16765466,19.23204305
-9.75504943,5.7260938,1.16002401,2.06258399,6.17068742,-9.7300147
8.52998614,-5.48699914,-7.85542723,-19.75327673,1.82139152,10.24272312
6.89318584,-15.19199221,6.16102088,-16.02020498,5.42124436,3.01011962
16.43751296,3.64784664,14.73267519,-11.48785152,-12.56369371,14.28054257
-17.0484221,-13.6961225,13.68039468,4.83836699,17.4147091,4.09169764
0.2758795,10.15010002,-12.80453599,-7.53953199,10.11731944,5.74126657
-11.93259953,19.33747371,-14.91531446,13.56737226,9.86567094,5.74099123
-11.23668319,3.76456783,9.81210323,7.4234237,-14.93989102,3.43824165
3.7751503,-2.05268005,5.50643082,-2.87595808,2.35523309,-18.93753561
7.39110947,-11.0037325,-3.26305758,15.98057524,0.23966475,7.79443384
-0.51669419,-13.76710813,4.04560444,8.12840118,1.36294299,-13.89774848
15.44567541,17.1193934,17.95945615,-18.05619728,-12.27839981,18.41244844
0.08941727,15.42793438,17.92654986,-9.41640558,13.12296127,-8.41520468
-18.94395056,2.11013755,-4.30632638,1.33178563,6.84230961,5.82205149
-3.18225214,12.705534,-8.3136532,11.8090954,18.79855534,3.64749281
-8.73917091,17.30107368,0.89042574,3.98008577,-16.66115867,-7.91654065
-2.12263793,12.52292911,-15.6360893,4.99779908,-19.18577444,4.86831598
-10.9659409,-3.13261981,6.45983928,10.41031394,5.98602399,-17.50260099
8.69945364,9.33789089,-18.74229987,-1.12388379,-18.83533129,14.19146898
-18.50298362,13.14249989,17.00140344,4.3774804,-19.43477672,12.43857227
15.17131611,-19.91938341,5.23122938,-4.24414202,0.51711465,-11.48074295
-7.37559743,-4.31962295,2.8339293,3.87252275,15.49090361,2.09500869
-8.29331019,2.67089629,17.55689665,-0.38763231,-5.048444,-0.04620153
-2.81599693,13.69595418,-14.48106326,12.90432686,-17.08236713,6.2718859
13.79564382,-14.6348885,-11.59093599,-12.66447875,17.98776567,2.50887248
7.82241242,19.1091682,-19.75391337,-17.86076064,-8.5045503,12.02683737
5.04377253,15.93118499,-8.10498307,-11.71006987,-11.60743688,10.91221523
8.95910419,-18.53134376,10.17437402,-19.52522537,11.36978688,-4.57637444
-13.36616112,14.446633,4.23579953,6.97276577,10.7817411,-16.78389233
-16.7084481,-15.32502146,5.50494505,12.98552781,18.7900101,2.76845897
-17.04493073,8.52512933,9.13649267,12.27280608,-19.08186506,-8.30820765
9.06572193,18.83494691,-6.59728802,-12.21795959,0.94005398,-0.25284181
1.2939176,7.40729158,-14.63674962,19.51401256,-19.2107633,9.03320505
-11.78265266,3.24518375,-8.12322403,7.68729931,-17.19858104,16.70405297
10.99865652,-12.52528917,2.90992273,-3.36969682,2.89846509,-3.43601658
-7.27709314,11.84856841,-12.96966774,12.67062004,-19.87440266,8.38954059
18.5262619,1.77676525,-10.01327052,-2.40279898,-8.2427572,-0.54250895
-15.41040648,9.85324627,1.68572022,3.7069582,-0.22000849,-5.81254436
10.3468947,-17.33634058,10.02994502,-14.21310942,7.17492554,17.23865243
15.32709143,-15.57307182,7.54060623,-6.10621238,-0.96335032,-9.49409872
10.18480202,-17.79950566,6.26346555,-4.21483815,17.61318653,-19.68174344
12.21636223,-19.14451602,2.92797629,-2.49694045,-0.86617762,-10.06717515
-9.26468963,-1.86568652,-17.79703448,17.76146684,-15.92241913,7.37569198
-7.91498429,-10.30668659,10.47499864,16.12149616,1.41703715,9.0680145
14.46770286,-12.67916042,6.09104059,1.13987911,2.67843811,-14.94814356
-2.54143492,-18.32019784,2.32493694,8.19021345,10.83510143,-17.45815347
0.66509755,-6.56648044,-10.70811535,-17.26486561,18.45378433,0.59287247
-19.54755789,14.16005112,1.26234146,16.43048643,1.38419321,-9.65597807
6.99733333,-6.3808638,9.62614553,14.3353756,4.25394954,-12.37273799
19.11026302,14.09759234,0.36820663,16.4227318,-0.60841562,-6.62715104
14.40291992,9.36878396,-4.20311826,-12.19814239,-16.90212259,16.09644541
-13.42418826,-5.8637271,3.21121146,0.9673264,16.90903664,-9.6190808
16.84624896,2.87359863,-3.88177513,-7.79442873,-7.66498223,-0.71904045
7.8101601,8.64021135,2.13604337,-1.94372879,17.35134265,-14.81635901
-15.94314442,-13.24363509,8.64232601,5.8705813,16.40913494,-19.62035432
15.14321238,15.68751424,12.05609522,17.40578737,-5.87027902,-18.59906802
-11.86097681,2.23800158,-8.81991802,15.39475883,-16.73878678,5.76542942
8.36186144e+00,1.36217509e+01,1.39332002e-04,-1.50678398e+01,-1.04883696e+01,1.14125189e+01
-19.08749297,18.87744127,8.5099717,12.99440731,-17.06906493,-12.43572568
-19.60310624,-4.9670112,5.52227882,10.21261593,17.7960984,-14.20743505
-6.52004621,-12.68804709,9.77092886,7.71605664,3.07173806,-16.70607136
16.96556948,-13.19104719,16.48763263,-16.65124045,6.53481264,11.22447793
13.90925728,19.42169782,1.48775562,3.92889484,-4.04923716,-18.50044181
5.28959557,-17.73819178,7.04555799,-0.49757466,3.02715504,-14.80449147
-7.37549615,13.64465955,18.05032759,1.05214974,-16.47359717,-6.96040652
4.46796357,-7.64616967,-4.64242314,1.89391903,17.7093691,3.24007061
8.06654284,6.96697304,6.27095598,-0.57883309,15.42323779,-15.60592361
-12.52369816,18.00895195,10.98410505,2.51943723,-10.5189869,-15.27711475
10.79914714,-17.66974809,-14.35951152,-18.70838188,17.88316834,9.36316369
4.46110734,13.61223462,-16.88107076,-11.81013825,-5.84930546,18.45792597
-5.7929257,14.5746534,16.29138451,11.28515767,-19.93739815,-14.46036975
-18.52272895,1.76302892,-5.74548934,0.08067246,15.45269699,9.55529747
3.75115944,-8.99345194,-14.492946,-7.32348149,16.64688586,10.64361061
-13.24887493,13.64538475,19.41622736,0.56889446,-16.10057256,14.75902977
11.55728005,9.88066515,-5.7950186,-11.83310812,1.30101603,3.37912982
3.08266746,-11.96707436,8.56058011,-15.93894911,13.73421247,-6.17784587
-12.88220862,-13.32593032,13.16298966,13.06801031,17.63503434,16.88789544
8.66948319,4.95024738,19.57584783,15.76680279,-16.30701943,-3.52933064
-1.49546267,14.50586238,-16.54508425,14.33812445,5.99949203,13.20905521
1.9419755,-13.36734757,4.55901271,17.15919903,12.94327044,-14.51300138
2.67687026,-19.65320306,19.54838739,-8.15022906,6.8183698,-3.96538723
-13.90164798,-5.47219543,1.373247,9.76991244,13.2498542,-15.39958152
8.68508941,-17.99320519,-8.72136644,9.05802465,15.36591311,14.99972854
15.55500549,-12.18460221,1.437121,-2.87764377,5.22929638,-15.14476914
2.72336217,2.63901921,-10.38589396,16.31726258,-14.81874725,0.16614883
1.44275879,-16.91760422,-0.81744672,-15.17383275,4.86051572,13.64422461
-10.47388897,-2.32380608,3.55221599,1.84729828,8.80104133,6.32628873
-0.74087089,1.44972756,-18.15996125,14.09784558,13.37092134,7.70023388
12.44072352,0.99541771,-15.49467411,-3.79035523,-6.04960798,12.36456512
-4.16395653,12.0893698,2.5080048,1.92619965,-18.6230959,8.99001518
-16.46392331,1.83400015,15.94082967,5.85324941,-10.66785377,-8.5129379
-1.16314858,-17.98414631,-4.51812899,11.76063699,13.11861617,15.2281006
8.2811601,-12.4283359,6.6799671,-19.78763083,1.41606832,-4.32238997
-10.38303256,10.72983404,11.14182567,2.38483179,-15.6589192,12.1355287
-13.65618231,10.5089878,-15.56382096,16.81730451,-16.40560416,1.06588925
-17.50074983,5.04919184,0.55361952,7.64963901,16.85083462,-9.98471288
7.37699097,3.11813532,-15.03400521,-15.37289358,-2.14615861,1.53939636
12.80586307,7.27691097,6.22618359,-7.22634253,-11.67001759,5.8601214
-18.21781779,0.75196523,5.30783168,5.1535656,-13.3860595,18.57321356
-3.49404021,0.68572861,-15.85960058,18.06302922,0.56079902,8.98497536
12.10313715,4.03427403,5.38911246,-8.57052191,13.64229342,-9.96110976
-16.65689814,-1.6135682,-19.0277964,7.0713811,-18.85247773,18.8904168
-19.35913791,-11.50967279,1.39288839,5.75881905,18.46139519,-15.56039702
-6.70639663,19.02795545,3.82346636,6.25847495,2.48004193,-12.78162952
16.01378603,-9.54876267,-10.01309656,13.98038358,13.03773744,1.01254139
-17.42047428,4.68508523,-6.08404013,2.45335615,-10.85042865,17.27371075
-18.07398505,3.16708351,7.42039123,11.44757808,-0.19524604,-13.96685103
-2.38778857,-9.69596826,17.76827103,5.9672696,5.34385343,-0.86796955
7.92020939,14.15615014,14.82674414,1.08459204,-15.93254787,-12.89603987
17.14888254,-6.01997396,8.71655113,6.64584388,-0.57707415,-16.22337657
-2.21517396,15.21543816,-12.50965409,12.06589503,-9.32912992,2.83957168
11.80789628,-14.92225104,-13.1213592,-19.87395953,16.69834361,9.90507263
11.40841578,-5.15783792,16.03395588,-19.01986303,13.79010598,-14.03147746
-1.51069438,1.81694048,-18.83635386,15.1143032,-14.24654964,5.41935636
-19.29222667,1.61274057,3.76473182,14.33643962,-15.93364042,10.03070311
-9.92287234,1.30041998,-16.44955456,17.69369843,-18.61406402,6.61629255
3.08353638,-14.34717703,16.63493545,-15.43078109,10.44687594,-14.74218307
8.37973761,7.50128813,-15.85587155,-8.4099712,-14.15756764,9.74045645
13.55383386,-19.43123544,7.60173766,-19.70957006,16.33187843,10.22242432
8.03009546,19.41808059,-3.75958058,-11.59246863,-13.94436421,-0.741353
19.06920771,-19.82878171,0.31986283,-2.18046436,4.68603644,2.76701829
-15.40679611,-0.55029653,18.90122501,11.37426173,13.53812838,-19.92726969
-2.16376251,9.45745328,-7.76610335,3.46903075,12.59467133,4.81254721
8.68660149,8.18297885,-17.2631321,9.97956714,-16.72723907,11.401208
16.65014908,-3.79572561,16.71170903,-18.70474308,4.99576452,-4.28020171
-14.24420376,1.66449487,4.00895513,4.67956883,15.17847285,-19.59408807
15.10905237,-19.00960245,-1.11347846,-14.99232813,6.28342968,1.07500768
7.48502107,6.95934014,5.85330658,-0.77772064,-17.62036691,1.74896827
-1.17322745,-14.59296492,2.66741903,10.79063277,4.19194262,16.48323987
8.40234973,-19.66559964,1.35357428,-18.27488042,10.46474798,11.97891951
-3.47538499,10.89737628,-10.18222614,18.31264365,-10.08997086,7.21198275
5.78436978,-8.81389692,16.48735674,-19.7160521,1.73856706,2.81404342
9.09849401,-11.803043,-10.00158137,11.75385245,19.78148259,-0.15551376
6.45722037,-15.11504527,12.80532943,-12.09619849,8.19893109,-8.99831819
-19.51655136,17.05993501,12.62813545,7.60735947,-10.50277806,-16.97592132
5.32889531,7.51526235,-3.44106634,-0.4801509,-13.61117699,5.55396885
18.41498938,-3.9208432,9.73340688,-18.51547333,0.76187651,-17.84224862
-4.73278459,13.63877079,-11.5262485,1.31387101,-0.60679011,19.90524203
-12.54352903,8.91910548,-0.44751627,4.36704935,3.0794946,-6.38451458
-8.98874388,-12.49200349,0.67221431,6.26021787,14.56984907,-11.5617471
-5.35404056,-9.9033317,14.32978196,17.66570696,8.41258293,11.93688011
-18.17872306,-9.39277089,4.00541499,13.41350551,15.24278969,-7.94675976
9.20105541,10.29196626,1.88832627,4.56043578,-6.05634704,-7.48807047
18.52320836,15.9167341,0.67808378,10.01738512,-12.63310776,-14.44623051
-14.6795808,-4.52214716,-1.03977551,3.24868108,9.19863354,9.52478978
-17.50857864,5.5801688,-0.23605921,5.10382713,5.81278763,-9.4433907
-7.6500719,17.414726,1.56899406,1.89478852,0.04135765,-10.18943967
2.55071309,2.48144735,12.09480924,11.64227249,-3.43089197,-2.77520247
8.96512198,-18.86728168,11.84134535,-12.92768618,-1.34030039,-7.53545019
4.12585728,13.34878614,-13.48579406,-15.99577885,-4.37456601,8.8019801
8.92644499,12.72720348,16.27938346,-16.23714403,17.37849754,-9.31044638
4.87608967,7.06193618,-10.68727787,2.73797009,-13.46647148,8.03826938
-13.57853278,9.07498031,2.85237551,13.18274119,-9.03392887,-13.26950442
-9.96303685,4.74022688,-6.25032294,1.62158534,9.68869209,12.93901459
2.53041744,3.27435134,8.000924,-14.4639207,3.03936429,-5.84596825
1.91413979,14.84022258,5.63557409,4.00992817,-10.36282219,-9.41399356
13.38033274,4.52458934,8.16353225,-3.15207004,14.88601693,-11.28967845
7.75117072,13.62042551,-16.29215953,-16.38132603,-5.22704018,2.3056711
14.99162417,2.42784102,-0.04952978,-4.46354248,-16.88662132,-1.85807808
2.2626957,-17.50898364,7.72306952,-9.06372631,13.53593504,-7.88389715
8.56472472,-18.7369727,-0.44193206,1.08356523,1.48520793,6.72916493
-18.29130386,10.86517119,16.67452764,13.28387495,-15.76092806,10.35545649
-8.27477936,-14.49791078,11.9612059,13.63872289,10.37392551,10.64179415
-11.67786513,10.22929233,0.64024045,8.84520468,-16.17717506,3.93413862
12.73543448,12.92399675,-11.4599841,-3.72666468,-18.28300459,-1.48598379
13.83867958,-7.51691338,4.04939699,-9.73806456,3.17156857,-6.60215587
-15.09755909,-14.87514357,3.65368057,16.36476472,4.65845268,-9.29888049
-3.01960799,-14.93472544,19.38977261,9.55955324,8.31991706,-19.14079455
-6.52084957,-11.05016773,13.98108833,13.27576123,1.78740498,1.25225075
5.86239326,-4.36205114,7.6083297,3.76485292,2.78368361,-16.90730638
4.23349516,6.25455245,8.05418011,7.58686499,-11.13328533,-6.4888605
2.53340629,-8.76953194,10.73455287,-11.51644077,-0.5453883,-4.80566147
-1.69901498,14.32589654,-11.0515989,11.85901475,-1.84066129,8.23532068
-14.92661776,19.26798473,13.8009587,9.89771722,-18.89627752,-0.9947184
7.45409328,-17.96795947,6.38836053,-16.33552242,16.6887806,11.82262958
15.24311699,-9.70968725,11.01480975,-17.82780432,5.25819087,4.9323673
-0.04517725,-19.25398355,-0.13675755,-18.79177316,7.71427915,1.08008017
-19.60238173,3.15820362,3.60315168,0.10211564,-16.58274141,13.26910861
-13.92827944,-0.3960252,19.41517467,3.4288025,16.90622473,11.93584945
17.63136816,-18.21869348,9.81474822,-8.39620225,5.05489664,-13.37559379
-2.71952548,-1.05860415,-1.31511535,0.65101303,-13.80994724,10.55538999
1.81326216,6.21971181,13.20560591,-8.72777291,10.77293322,-4.25586748
11.28009193,2.69055616,-11.74884663,3.56893265,-11.50609777,3.66817834
-17.36954181,18.11772523,13.54277358,10.28912442,-4.56373953,-15.01547929
6.53296914,-2.06835078,-19.89558829,3.73716849,4.04565661,14.49555626
-15.62891103,16.62807686,3.39983452,11.4368354,0.66801715,-6.62561304
15.5962834,8.83246729,12.66277748,-9.90600756,-16.5867391,9.02792789
15.02594683,13.23162556,0.78040794,-19.93963948,-12.18603562,13.49301622
11.11025254,2.7244162,12.01236286,15.85145867,-14.88008615,-8.45232261
9.16299334,15.434889,-7.96074587,6.4729225,-18.30548268,6.78523147
-9.89602325,4.78775045,-11.71910163,14.80835354,-12.3756917,9.83250324
2.89028412,18.00188732,16.31326091,-17.71278239,16.67308994,-6.88103761
0.45975703,-18.65809796,-0.67233684,-5.40945677,14.4319867,3.06076785
1.66460011,-10.74662513,14.9181193,-15.77110497,5.31023603,-6.01635362
16.32926905,-1.82208085,-11.62163346,7.07257437,7.86596596,5.40082003
-14.36093513,13.31903716,1.98837436,6.29374316,-3.24196473,-18.91205189
-6.29555165,2.03058338,9.05841924,3.52207111,-0.82436332,-17.22344967
2.95964914,-2.34434746,-12.87158192,-14.78978613,18.75881309,9.45871739
8.63832126,17.26241108,13.75261171,8.18317598,-4.43567118,-17.60984167
14.02651344,1.64638305,-14.35148379,8.01311667,-4.89812428,6.99130213
18.47391031,-0.23303944,18.86600067,-10.29601935,-14.7301198,13.66693436
3.0195,17.6260998,17.86317698,-11.18385296,-1.74881045,0.88329443
16.98858871,-18.62317577,-4.88910346,9.54120087,1.25386779,14.86701025
13.46825598,11.18698288,5.74927391,-5.31275748,6.54831672,-10.202262
-12.17682496,14.64631094,17.96309263,8.3380354,-14.61484347,15.10696846
7.44953398,-17.99096482,-1.99278656,-17.89508657,13.17536371,12.96920078
9.73490997,-13.89882391,12.50915729,-16.19829854,7.62422824,8.36264409
-7.17978947,-14.02815829,16.39353849,8.24979371,11.99749978,-18.40292577
13.17194275,-15.59001482,9.75747071,-8.12455101,2.58749039,-12.66399657
7.764722,-17.26339817,-3.03129135,1.27403964,5.30583869,5.31271812
-17.29250833,-8.10696401,0.18448514,2.29871258,17.14863822,-1.16159791
0.46326556,-15.74988975,0.54661139,7.48040099,13.2239887,-12.37205637
9.19545837,-17.39550823,17.84897006,-12.46968516,13.97584904,14.56168007
16.43514666,-7.88677237,4.60779332,-12.71863248,0.36559253,-5.95047562
9.93672244,6.60699465,7.96205904,-1.17614152,18.91991812,-16.78707545
12.36232739,-9.49394642,8.80004452,-3.20686291,4.41978304,-11.07499183
10.47470985,-17.38246836,-12.09838389,-18.84705851,14.13574115,13.11725963
8.81683489,0.59127603,12.04479734,-1.09147034,-14.52377108,-10.44775426
-8.53005461,8.66006035,6.32602954,2.94349384,-12.63311586,-3.70279224
3.47947773,-6.3616811,-8.45999582,-3.91381161,9.5733781,6.02026951
4.71271711,-12.49368835,6.58076475,-19.59961851,7.72335407,-2.7950644
0.40410857,18.01456404,8.44889397,15.68939497,-3.29961329,-16.67450281
13.03465687,-6.25441338,1.50765147,5.18470543,1.66325761,-2.4625247
-6.80435444,2.9779228,16.98647057,18.05508251,-13.21729193,-13.77941665
3.0300129,15.1589412,-9.47555514,-14.17765037,10.21406424,1.30804196
-14.4648096,-2.83584842,1.1574008,3.2834912,2.13323196,-10.44855309
16.93602615,-19.88472404,-6.48931713,10.21125261,11.3988969,19.04344683
4.29613014,11.93799063,1.18767624,-18.86862169,-11.24789724,-0.18337513
-6.70688201,13.21444211,-2.7360178,0.51547191,7.18234738,19.00177744
5.04210668,18.58171615,-5.77722862,-7.39772398,14.95273832,2.11751175
14.3996762,-18.36116544,4.33973881,19.01724968,11.47715014,-6.67823608
-16.32113416,-9.86521977,10.98431235,13.09241005,13.12342434,-19.97525579
-9.47836733,-5.38965432,8.35233938,18.61113652,5.07167314,-14.91671397
-8.99081484,3.57644346,-0.6811195,2.49151902,-7.81961295,16.64662761
6.25266086,-14.05913929,0.09575867,-17.33131151,6.61959598,1.87363397
-13.19061044,-19.91750781,12.78845018,16.99568632,5.54292796,-14.68363156
4.09841802,15.06671082,-11.23274436,-11.0465505,-5.3515727,11.98628998
-13.95264861,17.09949018,0.78943568,2.30118333,-17.90585906,-13.91780382
-3.32189862,10.30844386,2.85352475,2.14571235,-2.02517577,-15.53729432
-11.7992543,18.47686913,2.02134086,1.00406276,-14.73713404,-15.93142485
12.34289061,-15.68134776,9.75876945,-9.35857259,2.51782786,-15.32368379
0.31054096,13.65419067,19.47994943,-7.49346037,-7.76773126,8.71045823
6.39021608,-9.52814463,-18.07778632,8.32729564,16.57225701,13.85933131
-11.49585485,9.59742361,-18.32100494,19.13883107,-17.76014142,4.09488466
16.36238497,-13.64695337,3.73773163,-11.83162464,10.13105959,-9.07124812
10.83971394,-4.79034058,-16.76295764,-13.93558877,8.27005704,10.13539521
-4.2049127,-19.06151451,19.76374279,10.425034,14.87743665,9.19981694
-11.5980966,17.04120995,-19.07482163,12.42454549,13.03794103,11.77020582
16.0909239,14.03412603,18.78401033,4.745287,-14.30302111,-12.89753856
-16.39566205,0.88282263,7.78514818,13.8026229,-8.99687213,18.40251259
17.86762258,1.41946728,-16.40979631,7.55341737,-8.45093831,11.84286074
-0.46042455,-5.35983666,-10.58974105,-2.93014947,8.21330445,2.08516686
-10.11394192,6.48317359,12.72900516,9.75935013,-16.62036172,-8.75430703
-15.30173491,3.27290941,18.92393108,12.24232379,-4.16227479,-9.80856453
13.46129749,-12.50449827,-9.01953712,-19.3252412,4.46215357,10.5927765
-17.00794415,6.46842526,3.38433838,6.07434125,-2.97564011,-10.60865924
17.89061434,1.60901103,-16.92183799,-2.08212624,-14.25320353,12.4947865
8.94738502,-17.28846031,10.08707242,16.12640428,4.99933521,-13.12953386
-18.09626746,10.36985317,8.42899979,5.98250074,17.22089433,-12.29737756
-13.12250947,18.40855684,14.29442681,11.15622374,18.5736918,-19.675997
17.12227786,3.29314935,8.14618935,-9.25565909,-13.67956111,10.76476983
-0.01425037,3.77963248,-11.1966269,3.60940712,-11.64646367,6.90142255
17.62327954,1.44424131,1.38488292,-1.67202718,-10.67114874,18.62877108
-0.47662846,16.5821305,12.5524652,11.10422893,-13.96942518,-15.21708094
-17.36834544,17.83364827,8.99917545,3.12499884,-14.29518005,-16.0183085
-16.86856756,16.47439937,12.73432044,18.92908597,-8.24342376,-19.18845851
0.34126686,-13.45486783,11.17662647,-1.59987171,8.77220491,-1.93847934
-7.17889313,-7.74381774,11.98729062,14.83290805,3.0317987,-16.68932701
16.4079034,7.30687694,19.31456021,-14.59254747,-9.5909237,3.41337146
-1.1256068,-15.3542098,-19.42891268,-18.38921664,14.39113756,15.03676324
-0.82142997,-17.74809548,-9.80575508,-19.29246932,2.36183307,14.38970169
15.7611182,13.43863504,16.43774182,-11.83285795,6.73654221,-19.54173083
-13.05407305,10.04488027,10.44708047,10.66829028,-9.07356656,-16.93657699
1.96408527,3.18892362,13.93369495,-15.34179629,14.21175651,-12.92086434
-17.93893767,-0.78381229,7.75917157,14.66925143,4.75124094,-8.26300483
5.53041876,-11.55010407,2.77252198,9.85612678,9.3907337,-7.47477164
-5.59472648,12.4281186,7.05601385,3.52874407,-0.35615733,-19.30290798
10.8514816,17.95859334,-10.70545795,-11.50219607,-13.17165835,17.53225553
-11.28018592,4.59049651,0.43154024,3.06373183,-18.57695458,19.1410836
-18.37048172,18.73107185,9.58564729,2.07937001,7.69590245,-19.22576465
6.73112513,-5.99218999,-12.65004665,13.7183696,9.61143387,10.6498792
11.4938284,-12.85577672,7.05076299,1.65097613,4.2953132,-15.52221019
5.85395697,2.56662767,-15.85770553,11.58768027,-16.29499834,8.92191403
-14.20125663,5.41931383,-2.26559031,3.84687854,-14.99593771,3.55584541
-3.16923058,5.11660497,-17.88865844,11.16255239,18.24910438,-0.72039286
13.13498037,-18.57901709,5.20655962,-15.59136178,11.8054526,-2.26614522
-13.86895246,11.49002366,-14.58463726,5.72470055,18.92004444,19.55858533
-16.99092843,7.85749525,12.55703501,12.82656659,-2.67903089,-17.06179157
-13.15468631,19.1818801,3.70524901,10.0727525,-13.24369022,-12.16241713
9.16053437,-0.83212413,17.88971455,-10.35624954,9.17183699,-13.41273042
6.34716307,-14.43239892,-8.17326531,-18.80118631,6.72525186,13.00178653
2.63193828,11.05564114,-0.93623059,-16.2443569,-4.65962861,14.41350169
2.72200533,-10.86158594,-9.98091951,-4.75422963,4.76642675,13.47127354
-12.38133841,-17.01196205,13.96701111,16.12173238,1.80346018,3.46275526
-16.23100671,5.25772869,10.47264662,6.93458863,-16.75549536,16.40009072
-5.14178253,16.16454995,-12.24031969,5.70805784,11.93980643,3.22449868
15.81245504,-4.20181489,-14.56312066,-17.69197528,10.90751438,14.28529227
12.07210186,14.5023855,5.41659524,-4.02459307,-18.72195999,2.97642083
8.20169963,4.52656123,4.38754982,-1.44767851,19.41858309,-10.40160176
-17.58716579,4.95852569,15.88083479,2.46461202,-15.76579952,14.0190896
-17.00674949,8.56494247,11.00914654,12.62434403,-8.79277725,8.87783615
-13.18915974,1.39674576,1.20489303,6.66583366,14.25328192,-5.32772725
-18.12152439,14.24424547,-12.34105305,12.01828384,-16.89116309,15.29137068
9.66757468,19.8348405,5.01540432,-17.17664558,18.97566224,-0.41086037
-16.44437352,3.7395552,-15.97763198,8.69088441,-7.02637237,19.63601474
-4.81193456,4.74856665,-16.58288266,4.11026364,-6.78958376,6.72448242
7.50575416,-0.90091289,-18.55793399,-15.51227868,17.9207158,15.03186505
14.49330134,-15.73613544,17.26191901,-16.3947402,7.74617574,-2.4119338
-4.18813455,2.77607639,2.24937096,3.8947369,-12.94609803,16.46385328
5.45391855,-6.88774292,11.44374257,-13.03654971,0.0419809,-5.84777433
-9.23038854,-18.02307113,2.03254818,16.26518171,12.12266487,-8.04273723
-19.74118257,5.04699669,9.17594903,12.97346587,-14.14645076,-7.68902252
8.51145531,-11.49393199,12.9197761,-12.46106727,4.25405069,-10.30140928
18.96782859,7.96844845,9.23877633,-14.07782717,0.81807986,-12.20082393
19.26797343,-14.02302648,2.96239456,-12.30688274,-0.14566415,-12.18318886
3.38419099,9.20982584,6.0183685,3.85846195,-3.97189089,-14.89702409
19.00506665,-19.71184431,-1.26138761,2.36567113,18.31711854,9.8077574
18.4871944,-3.34310716,-12.96157697,11.88369278,11.74215314,8.88609206
17.34967474,13.99203859,-2.20316226,-0.42500665,-17.22437459,11.08555463
-0.6610496,-15.78474586,3.75693705,3.19871247,10.52909907,13.21645501
17.81912393,-8.64371102,-8.75684968,-5.91582064,10.92563909,4.79439243
-10.37207612,3.73639655,-19.80754083,13.22923631,-17.72978432,11.22349849
7.28059233,18.84882425,12.28266231,-17.25666434,13.85532947,-3.55568028
17.08687691,-7.00206361,-12.76232172,12.49160922,13.54452259,1.31365223
5.75499399,-13.50174414,-6.27425697,-13.37645322,19.43428566,5.70135553
-6.72056886,16.81098558,-12.56291524,12.61005646,19.67180507,1.08985297
-18.12587378,4.87210039,-0.78289165,9.73634322,-16.20215106,15.92022762
-4.26043613,-18.22066073,5.93169946,4.98313728,8.86191435,8.9667954
-13.66585992,-1.7842976,8.44720989,11.39353756,10.82865667,14.66949822
6.05004846,-17.38681498,11.62885658,1.43216529,4.22461698,-16.90486383
-11.37364622,8.08206606,-16.47352872,15.62763198,-17.81426298,13.41500482
-19.59172312,-17.46493944,6.46610923,13.11689528,18.67700472,-12.14306551
15.30624287,5.51168555,-13.33372561,16.3173823,-15.99234476,4.40031142
1.30925634,8.00645672,-11.04252134,-14.46060533,5.20870083,4.51610412
4.32194039,-18.31072008,-2.12959219,-13.3645233,10.97478815,11.79417699
5.74843392,-5.28539472,14.18642292,-14.22291192,0.58605474,18.16446133
-7.63456243,11.35476247,-0.23796273,7.31310955,-17.97577233,8.52086157
-9.27949947,3.71517539,-2.99121577,0.781036,-9.53369457,15.28627808
9.85848574,-1.77616536,-14.24460907,-14.82423527,11.68139012,6.72308493
-18.78922836,-5.63490382,1.05661967,1.67226081,18.38809664,-2.92728708
8.36532545,12.39283843,-16.99201838,-17.06994089,-2.38178055,9.90572257
19.99089725,-14.56398115,-14.17320584,-17.7371249,4.64620938,19.46413002
13.02696894,8.53030053,4.70419247,-10.12300622,18.01317545,-6.06569048
7.76644037,-11.54044321,1.84409834,-10.8416311,6.79371279,2.36891154
16.7366617,3.25505482,-14.29578038,-4.75932316,-11.76906166,7.09972905
-18.12966072,-2.51242082,18.85461623,4.16651089,14.63920612,15.01667159
-18.04827367,-9.82577907,2.92332706,4.17482549,15.44122571,-5.37876561
3.92957945,-16.66366252,-2.64156849,-19.13055835,4.45658902,18.44986546
17.12708581,0.26757651,-11.37519066,0.62179696,-19.18621813,6.70452421
8.84558658,-19.06983833,-6.55398634,-13.26404827,6.12215966,7.83575967
14.023433,-11.07633719,-11.64138344,-16.78243091,8.47953459,14.70710911
-17.96950919,2.88749401,-4.81867193,9.34657993,0.63466667,10.91507565
7.1213217,-15.70492529,11.33760184,-15.40844071,13.2120166,-5.01963857
4.05158839,14.44787907,-15.80117255,-13.20636742,-3.14040965,1.61671928
6.91448878,-2.76686464,12.71624909,-12.43770122,17.62400259,-8.47810731
19.23548263,-14.46606841,-4.44497878,-6.97524383,8.3410522,9.41758555
-16.90175038,-19.89578939,-1.77205295,18.08512679,5.48271795,-0.98691459
2.79254847,-9.38975855,7.50072054,19.71574967,2.72666054,-13.78785403
-6.66556789,11.47018394,-9.19867121,19.64486682,-16.52629017,8.2448161
4.18886047,-5.63181368,13.89348703,-13.86608686,1.03708353,5.79694723
-11.18295727,1.67704726,-1.89539324,9.69277217,14.8434434,19.47240567
4.34904159,2.03795059,-17.43846354,-3.75553302,-14.24495579,11.48488319
-8.51326791,-0.68877424,-13.18062892,19.5013278,2.38876099,7.72951805
0.72891761,-5.52165042,-16.49114088,18.95091666,8.97327934,15.24234301
1.62434115,13.35845096,-13.52236751,-10.4988505,17.88511178,10.58538344
8.86756875,-12.30479577,-16.07339413,-6.89057963,14.19247664,3.12775303
-8.60758144,18.63654585,-12.1258254,12.6588015,6.29506533,4.27300133
9.39969582,5.49803648,-2.51167736,-6.50651557,-16.41835247,12.67867757
9.44779067,-0.09030177,-6.20274053,-5.36728772,-10.33528889,-0.61634416
12.85825408,-8.62823909,-8.76576158,4.07563134,5.74502652,12.8033235
-18.24721858,18.39552626,7.40289259,8.53550955,-2.45479537,-8.00113666
3.50806916,10.50193146,9.54548263,10.90379055,-14.58390448,-5.52624783
5.50317735,-1.39512783,8.78485866,-1.86999026,9.02311807,-16.87593052
-13.91541363,-6.10780108,13.37707725,10.51920565,12.39930761,8.78657034
4.25583781,2.42049857,-15.2425166,4.26785661,-5.92275481,8.54123782
-2.50059363,7.14269372,-15.93569091,18.08471074,-13.93360259,4.58589507
-15.32304094,0.87941388,6.97316008,9.81777372,-11.86907793,-6.90376366
0.82133942,17.93354099,-17.31394053,-2.21646331,3.0247513,9.8042646
-15.13114422,8.65315322,15.19198129,2.22112357,-8.55200609,18.05094287
-3.82790039,18.42780419,-2.49350643,0.21567748,7.47469035,6.80862505
9.29208078,9.76104544,7.69784463,-2.62422425,12.69421111,-14.78447342
13.72216935,3.18917076,-11.98319689,-9.80363238,-6.67273669,9.88398248
13.63562485,7.38059016,12.01386105,1.18042687,-9.73673537,-4.34053442
5.06514866,9.6255149,-11.80490368,4.10840549,-18.78134406,1.66884126
11.94200671,9.20916159,-1.289972,-14.50236886,-1.00253741,6.06928251
-12.70641228,-0.92584517,0.28023007,12.66453665,15.42346119,-16.5241042
-1.66204474,1.86325651,-19.71853546,10.24253654,-16.48493909,6.37914309
5.05692854,6.29598425,12.62817183,-9.0972393,4.83838929,-5.90041875
17.35591831,12.69147669,-8.38233317,-19.53685822,16.98405998,3.36170395
-19.61105028,14.70583383,6.8326454,17.78190296,-19.04122625,-3.78548485
18.08132249,3.0627864,-0.76233232,-15.15706097,-9.8327187,-0.29488782
19.0173253,-7.40122726,2.20269946,-2.61884828,-1.51302656,-3.6697198
-12.85727441,-12.99072307,15.04275668,17.33411149,3.5187387,-18.46010575
10.72237221,-9.38271613,9.7145701,9.2230586,5.61931746,-17.19772991
-18.90121353,-10.82720815,0.60348664,12.66211649,18.02042835,-5.16058204
-16.31436586,-4.22729596,5.99324636,7.80436099,11.8807855,-0.32339993
17.87672456,13.69145185,7.6824983,-7.45137295,-18.3934351,0.52095851
13.02957467,-15.95364499,-4.26490292,11.39246255,3.28632574,12.31982623
12.50631244,-3.16153348,-5.78183363,-17.44699177,10.70894398,1.9033566
17.33476852,1.00988098,12.86935243,-1.96708933,-9.11589969,7.55959065
-14.94412848,-12.15365521,13.56155353,12.73544047,14.61243428,-15.09706116
-17.77485466,10.58139196,-9.5281317,14.80583615,-11.52868628,11.27384685
-1.09052254,2.02642602,-15.74365349,14.20756593,-10.32579931,12.98423449
-15.18734322,17.05451617,2.03377253,0.62461138,-5.35389635,-17.91109316
-19.38399704,15.14008844,-0.14953446,6.15363772,-10.93448889,-3.38503732
5.46296424,-10.1730091,-4.84243735,12.20150461,5.05977415,8.89605158
7.74381051,1.35718656,19.11943032,17.70617031,-4.98963919,-2.36567162
9.34233028,-4.50055828,-11.14476195,14.48058597,13.86808414,10.25610293
10.47237895,15.36136574,11.64003363,-14.82749268,-11.69864789,3.65115662
17.17691032,-12.12488184,14.08658884,-10.82571542,2.67734725,-16.41009661
13.69666159,18.99286764,5.75649109,1.31995044,-7.65705854,-7.84175069
-15.92501716,13.1830339,-10.30644091,7.15495795,-19.14126208,13.02000702
10.20078708,-10.40675063,5.97945917,-19.17886612,2.81114627,16.13337933
8.2786918,10.56310859,-15.42631354,-5.90614687,-15.63446869,5.43053058
3.38415941,-16.72214237,-12.82973542,-10.32271138,19.9717509,8.01206892
13.15724148,-0.14360282,-15.71768251,-18.90065798,8.25126442,-0.19994058
-19.68670166,16.81278398,1.11731381,13.48605254,19.85689787,-19.38524635
11.7931751,5.88926273,11.59354723,-4.41235313,-15.45985747,14.13825555
0.98650313,15.11219771,-11.20283867,-19.11962035,-13.48320806,12.30284883
16.99678922,-17.72235609,10.61778637,15.62290084,9.95478116,-14.82482671
1.11164601,12.96262765,-6.2293257,-13.36435359,-1.7238019,2.08483656
8.12718472,-1.27479746,-19.75994069,18.98588461,7.16131108,11.96508176
5.36728189,-17.65031647,11.95850124,13.557924,2.62383973,-15.03215278
-5.92367271,6.09972293,-18.7431765,19.00403215,-15.51928208,5.89570793
16.85037373,-18.08093144,-4.84554793,-18.77703397,15.84692875,11.54041161
-12.37464446,4.35931067,1.71831517,3.48537574,-14.13675885,6.17116455
-9.21837903,-18.0538012,9.02519372,17.48806732,6.82943449,19.78680974
4.96405805,-13.04626192,-2.35641885,7.43127981,10.11965942,3.92303406
16.77622848,-6.2256362,-19.57474103,9.11542905,18.84823847,0.50809402
-10.37083177,-11.08684065,16.92000977,5.57027329,17.42455696,0.29388449
5.15446378,10.66445025,-14.79893058,11.60895359,-19.43397931,7.350065
-0.63737426,5.94577748,-12.9415019,10.88927033,-13.23512078,2.22265961
-9.88932965,16.25029277,-17.57749329,14.19697002,6.09051909,7.58363122
13.65778911,-15.2273039,10.49468781,-19.40527333,7.7180724,-0.2515131
-8.34394485,1.87445258,11.50877676,2.26159759,-16.75668143,17.99100224
9.8371717,14.35217083,-14.95390969,-17.68646725,13.85756066,5.58602692
17.91158836,-11.85878541,-1.21497151,17.91932992,0.68395193,11.05495649
17.76781547,-16.5636643,3.41472493,18.7875614,2.07056501,-14.01410904
3.99202904,19.28149199,-2.99871452,-19.21431116,-6.42919441,1.67787391
0.34613391,-7.48626552,-1.07355507,-17.41655334,5.32874998,7.00038603
-19.3887742,-6.34481107,1.46653648,5.4630808,14.43147194,-16.43962839
-12.94882145,7.62426865,3.2911264,1.20407108,-6.04149429,-4.54111455
-13.14177588,8.03577165,8.33517319,8.11453272,-19.14993361,-7.5723459
-12.71781225,-10.19797578,1.53091798,14.36888447,4.10196156,-4.92187572
-5.15653513,-9.85770657,1.76810963,19.02520313,0.18657826,1.05689983
-4.5448438,-15.77478046,15.05890285,7.75191805,4.67931657,-16.97374304
-15.46402305,1.38934285,-8.76358668,5.16255425,-7.79750621,18.12413514
-17.3153245,-3.78262891,3.77924229,4.96384144,4.48988011,-5.71672028
-6.48255662,6.50969925,7.33603104,4.90545449,1.9606688,-18.15854791
6.68817099,-8.98936525,7.29434967,-19.9171785,2.84038409,13.42387911
11.13301189,4.23508222,-11.81458171,-19.23217179,-2.45887687,6.54237169
-8.73722235,0.02528178,-0.94692271,-0.11867923,-9.33347646,4.88935261
12.24336255,-12.41880978,-15.9079033,8.79874882,15.92604983,9.78732213
6.52601551,-5.9245239,-18.10903823,-15.86569787,5.28594048,19.68884249
4.08213224,-3.03163276,-14.94956109,-13.50755161,15.18944859,4.12674818
-12.466509,16.1671654,11.8389167,0.91578822,-7.92060594,-12.81029351
12.54996457,19.81286955,-16.27205831,-19.39416576,-18.66860844,12.10765521
-1.69409478,14.65603644,-11.61292584,17.76212071,-18.68800114,1.44987243
-0.3945435,-14.96603153,-13.33032581,0.91813789,8.12683441,17.55060349
-17.79660162,14.9357859,-3.00123661,10.61285546,11.58774128,5.04369628
13.86230743,18.04402251,2.44608198,-10.67222036,12.2559284,-19.1396189
7.54277083,17.29260365,7.26412508,-1.41392422,2.38918033,-12.42107832
19.38742685,16.7734854,6.86153037,17.84384014,-14.52794207,-12.40010478
-19.54406435,13.99086583,-5.2731782,6.7152707,5.2292483,15.45836211
-10.25044932,12.87871888,18.42078673,7.23115711,-13.4622306,-8.82481048
-3.09652552,-5.8413079,3.87265419,8.5532175,3.03027604,1.01737845
-2.02947719,0.7651699,-14.57011031,1.09928237,-15.18560252,9.60962575
10.3378062,-8.49708576,4.53012054,-5.79859868,-0.18012503,-12.32647099
-15.20325053,13.43093716,-12.85816687,1.44433555,1.3426299,15.04422328
-11.13871652,14.13519653,0.02023973,2.56082128,-10.65435526,-2.84328244
-0.66288629,11.2906092,13.16291719,-10.58252696,-4.74768809,13.72348867
-5.85552761e+00,6.25542908e+00,-1.18808706e+01,1.98364424e+01,1.81568263e+01,5.01431895e-03
4.59181637,5.24973043,-11.00517357,12.3187772,-9.3544718,2.1538345
-16.23788874,7.97417871,7.07300591,0.21790826,-2.61950672,-17.42763708
3.02124792,16.55587456,9.92262043,13.73256754,0.34167817,-17.58134723
8.15010138,-17.75659832,3.52515901,-0.35525022,8.14152835,-8.2736046
-16.50219532,-15.02075315,9.82081437,17.66991523,2.64736787,7.72693349
13.32518835,-10.88007239,14.15895782,-15.09014073,-0.94294219,-13.73270887
14.67579272,-10.24188504,4.33226514,-5.94950368,10.85776479,-19.29598846
2.68586557,0.94403462,-11.80883466,1.8632658,-10.08632938,3.87914676
-12.27218249,16.82946796,9.99621954,10.74159357,-15.19333075,-17.57969034
-13.61907594,-19.5561162,-1.51410834,18.81669961,3.97185318,1.17422419
12.94547533,-10.70531617,14.85423567,-18.01654784,4.17811495,11.49718288
-19.39942726,9.62335571,13.42828881,6.5451402,16.44043963,-16.4204908
5.10986844,8.02045112,3.1583685,-13.26623085,-0.51452311,6.97913728
14.54267703,15.81502127,9.63398866,9.90571516,-17.70016481,-2.4111376
19.11062004,-6.73337003,13.15835716,-13.06388193,19.68825012,-19.72084673
10.60499299,1.07959874,0.70240553,-5.06627361,-0.50128169,-16.16485757
-17.16645888,3.14172706,-3.48023708,9.87349069,-10.74095387,12.02851758
-16.12030635,14.73219055,-3.26159432,8.8686975,16.03594029,6.70438206
13.74120441,6.27161021,-5.88872153,2.94600552,-12.75211494,2.77904183
-16.50594105,7.4180285,-12.93970185,18.53001242,-17.76819915,3.80942825
-10.07007859,-11.23989083,8.92465485,18.66563213,6.79496777,14.49739896
3.26163141,-17.63794412,13.69219411,-18.65128005,17.08880772,0.37567499
-15.23546627,14.66777103,-11.10049544,5.50317806,-13.62276653,17.40206991
-5.40505116,2.07106169,17.24946193,2.24851297,-14.60413043,-6.89064976
12.21389878,-10.4662294,13.76680672,-14.93168583,4.97993073,-9.84364891
-11.92364487,12.27071515,-13.92170583,12.15079124,-12.98098783,10.04987885
-15.28999792,18.06936675,8.16936844,6.48196681,7.46631855,-14.89297046
-4.53382628,-15.03577606,12.21938387,8.63587287,6.46557307,-15.55431908
17.95191416,13.80458512,13.02523915,12.74897399,-2.4002074,-18.27513436
-10.11247784,1.82924107,17.31867517,11.12920918,-16.95478087,-9.42699109
-15.93880548,10.03620884,-5.68780857,12.98667478,-16.53633264,16.81648584
13.621574,11.64342586,-8.32444571,-3.34559586,-14.58232779,18.42665174
-10.82522426,2.14600645,12.03505727,-1.97017232,-4.51356304,-4.99085229
16.82955656,-4.8963602,3.07190834,-1.74218616,0.36285709,-10.46346269
-11.77191973,10.31352725,8.0709142,1.36864108,-16.19408035,-1.7132658
3.94691664,-4.1512847,5.45751373,-1.07359569,-0.63809917,-9.85569916
-17.36656459,0.75436461,10.78862819,4.66993379,-13.19535673,11.79188322
-3.25729622,-14.50801262,14.50807107,17.1590747,9.39343739,-4.89159289
6.77301733,14.2300476,0.65551997,-3.16299009,2.27963164,-9.84250033
-12.04718691,-8.93956622,2.67613193,19.7138181,1.1755411,7.56440318
10.24036224,4.88822537,10.47988094,-6.51048062,5.15983381,-16.26677481
6.96545842,-17.05502241,-2.59342925,-16.04882874,8.77185414,19.03637844
-18.83480888,18.31587714,18.84660984,6.95350739,-5.93445417,-19.08367726
9.09855293,7.10839505,11.34413555,-18.43935637,13.63270312,-2.19686095
-12.42858681,11.6266552,5.48131546,7.82569388,-15.57260795,-0.40112663
-13.67467832,-11.02733339,17.21843427,7.62851187,16.03595239,7.65618133
-6.79855122,18.16442549,3.38798478,14.54279116,-6.57467284,-9.9187246
11.29100268,7.80066428,-9.50213434,18.94717629,-17.76557535,6.32327775
-15.97556397,0.85608338,3.7625491,0.97058793,-14.73789836,10.47723574
-16.98880429,8.57402598,-7.33618287,3.41030857,-5.6685503,10.5931314
17.06385491,-9.8297486,1.80177641,-14.1247854,6.01997533,-10.8950542
-19.88530719,19.18586805,2.33429179,13.16573495,15.73923996,-17.34097826
2.57613597,14.28861498,-16.13202924,-16.00296159,14.94110962,3.57213593
-13.28229629,2.16893723,10.32277618,6.38889661,-0.70267946,-15.07305874
-14.71906277,5.50219775,-3.19677913,1.67913947,-19.56154412,4.93275179
1.37088065,19.73350347,18.49323785,-16.95728455,15.88110939,-13.25667965
-12.04079809,-15.03268099,5.03371544,1.26926303,14.51730533,-11.84588095
0.87538332,-14.54598539,-5.14794884,-19.91905993,7.78672201,14.99748558
1.01306951,-15.97002713,-4.62087481,15.6438502,5.21635172,10.20317097
3.73249076,15.9440846,2.2360799,5.76315956,-10.12876654,-9.61980323
-8.82914384,13.21552212,-17.8552179,16.44948961,-17.50141727,11.78127909
1.86971077,10.60793381,-15.24062128,-13.06645526,-3.60115836,15.80094761
13.3974568,-12.62347021,13.02674368,-5.75112197,1.87132115,-17.34038441
1.87751074,-10.74074639,-4.86067703,19.10224006,5.89722394,10.72397515
15.49067233,9.02928594,-7.24063095,-6.49074786,-13.71249785,4.91585791
-10.88973497,0.34888978,-1.82184472,3.06271296,-9.58218653,15.78286921
-0.34522567,-1.84909303,-11.18160491,-8.2712415,17.49857576,0.35469437
-5.13824746,-18.14791495,1.09469827,12.43552921,12.10590068,7.12900953
10.68153416,8.70629499,9.37184669,-12.85570574,18.19420953,-0.71176187
-18.02774776,3.51610717,19.03833937,9.49217973,-6.04637294,-7.15817537
5.16404695,-13.9539972,1.23932041,4.30782226,5.84277018,-18.22273674
1.19536135,-3.01126815,-19.71788353,-7.4401551,12.46869055,3.62585873
16.66070665,-2.77021048,-11.89515796,-19.65252381,7.82408322,7.28635731
-17.02787901,11.73412115,4.8616386,3.65606481,-5.77776589,-15.99507181
7.53521423,-10.89760299,-17.45003001,-17.62960508,13.49062835,3.3591243
-10.0597772,-1.32412525,-16.78683288,12.98453129,-5.79306438,3.70532366
-12.85319498,17.9814773,7.83529681,-1.63307329,-7.72230194,-18.42784075
-2.48898618,0.6491836,-9.67819933,9.75584229,-13.05436407,8.32707292
-18.33921968,5.37365777,17.13922549,12.25496583,-12.04965073,14.37892832
-0.52187642,-17.62967436,-2.01467755,-19.85526974,3.25221736,5.7802008
19.55286045,0.50718941,8.01603274,-9.60147039,6.38093311,-16.00919912
-1.09603212,-10.069748,4.28752415,18.89263063,5.78031744,-12.48228475
-18.02055339,12.93546449,5.37085137,8.00981981,-3.63960125,-11.81276017
18.73943141,-15.431004,3.01860663,18.77326682,2.32187862,-16.31937873
-19.28382978,0.8570906,-4.02973598,5.78018412,-8.67424793,19.41618908
-17.89832111,-12.02558186,4.02605846,10.78508013,16.84969375,6.91178456
19.46801455,10.7745541,-5.3880373,-10.78174945,-15.70819902,4.16571296
1.88487999,11.98485154,18.81158158,-13.94647887,-4.15056871,2.01405426
2.95141826,10.66631764,15.77739852,-8.51751484,-7.04996929,16.61124388
5.23263286,-14.59938783,15.325671,-19.19994165,0.67443852,-13.06627787
12.47008004,8.05410117,-5.89782947,-12.70215865,-3.64350285,0.89765326
10.30040904,14.90446987,-1.09060796,-18.85399338,-13.32826592,5.27315829
4.61099124,-9.21548495,16.64840515,-10.42439637,7.66827397,-3.66940559
5.68849341,-2.34093285,-11.73823538,18.17715606,11.82567562,1.07511518
-5.02547894,3.58227442,-3.34647186,1.52179533,16.282996,10.03588092
12.12208552,6.12458728,-16.74774642,-13.79510505,8.3935895,1.87948699
-15.77240444,11.36923346,-5.16264607,16.81717796,13.30085917,1.42481483
-13.33985974,2.4208927,8.67822059,3.81891273,2.95358025,-19.45860908
3.13231724,5.76630251,9.78130576,6.43401306,-18.96661573,-1.33133621
6.2402487,-12.80244066,5.20707788,-16.03361939,3.31399975,17.16986458
-5.30535162,-3.38805632,7.63264364,2.17672238,9.50336312,-14.45007733
-1.87591129,-15.7415416,3.14792994,18.68732481,13.60790229,6.19247875
7.63869881,-17.71274844,11.88688172,6.16728979,17.78163858,-16.88934012
11.39476517,14.19375029,4.77783775,-19.46944824,-11.54838388,15.61675147
-8.9187266,11.38109328,-1.51781371,0.52614587,10.92524943,18.70955785
-3.33854725,13.96844562,-15.8243394,8.11476728,-14.99797828,4.95967814
6.58169088,-10.77626924,2.1453378,-4.21622104,0.9507251,-4.5086061
-15.17633986,11.17984965,3.32256354,8.58112257,-16.41302972,10.25963585
4.45760688,-16.13564292,-12.39306209,4.03288333,17.38577325,1.3693692
15.3531076,-17.5869516,6.63138674,-1.01930305,3.81597878,-17.75803762
2.1725831,17.14574634,-18.53560833,-10.16345968,1.29657102,9.62192609
10.04756062,11.55445495,-13.22621268,-16.77344687,-3.21562651,7.54271826
-9.11146129,-19.90843836,5.91005559,18.83416806,9.38368465,-11.43474897
1.25117418,4.13176235,13.43705891,-17.05764818,19.97480214,-9.73709091
-12.68005788,-15.83643149,-1.57252856,8.74961576,16.97262192,-4.99902352
6.50172682,-18.99760993,-13.70871684,-13.00681372,8.8930338,17.48889178
-1.01121257,16.30455235,-14.72261502,19.24699102,12.79448414,1.06854246
-18.94064377,0.47622482,18.7572159,14.4422409,-8.68337772,-10.5871447
-7.1100579,-19.06794001,10.91556537,11.39731931,12.75814423,0.651174
-12.66258141,0.66980956,-19.2163688,13.67482071,-16.77899487,14.43353654
8.07115198,-15.19002457,-15.29969432,-11.48203098,7.63854255,17.06079191
-19.51900055,1.96407878,17.77492267,14.35971654,-18.00771116,-14.30412064
3.04020274,19.61301486,-7.81490007,-5.7517172,-7.20366311,6.05028946
19.23930803,-6.54439191,-13.14700142,15.49216671,5.28920955,16.0957069
-12.48941056,1.52906813,0.21848357,9.23954813,-12.72656976,-0.07192056
-18.26152313,-4.9219178,13.64013766,0.86657777,8.93390313,9.88920369
11.05033803,-14.34277744,10.69264347,-6.86330837,9.63536795,-11.43210143
1.59834872,12.1852322,14.08913339,-11.41376841,-1.8630848,11.31742152
1.97628533,7.67928552,-12.20798772,-14.25215916,2.71988866,2.33729417
-7.0172512,17.61672794,7.44155744,4.74218802,14.11413224,-17.2300357
1.12890892,-6.11783302,-13.77103999,-4.91154982,10.71759931,9.6867838
14.77109611,8.56890273,14.97835243,8.88374618,-15.69328957,-1.46452253
-7.38151947,10.19563706,-17.38278432,15.83894427,-6.22094592,7.80388807
7.91002933,-7.50240217,-15.79818459,-6.24066608,17.27847539,13.62112741
-18.5879581,0.65107604,1.90814141,7.14635523,-1.39938424,-3.59347472
3.09078674,-13.92043742,-17.20507948,-6.83474743,7.04077673,18.77621898
-15.30553732,9.50073178,8.68848423,6.38374665,-16.60820458,-5.22089533
1.37254805,-18.09846103,-12.31072836,-1.76940297,6.74575921,18.16313581
-5.90937936,-17.39667168,2.55953021,19.4340386,10.94510555,4.4709115
11.17603384,16.19218841,5.9122256,14.03956957,-2.78775994,-19.27089581
-8.37152063,2.48245885,5.89249912,1.0247727,1.38727994,-11.08437904
0.18369214,-5.68746147,11.55296258,19.51650032,1.23215572,11.74714062
5.12669965,-12.57288237,-10.04076844,-16.61515825,2.11971284,16.68283903
-9.82828193,8.64220557,-14.73131621,13.56184403,16.03529778,9.81738917
7.98140516,12.09354886,12.13742208,-11.79259648,-5.31270765,2.73989521
-16.29485086,0.10525614,-13.45555569,3.37073735,-8.21874488,19.48989987
2.88121188,3.44795939,4.41582281,-4.36606667,9.99797353,-2.36147225
2.78920918,7.27138136,-15.80596929,0.50214871,-11.93807962,11.49870659
8.098503,-5.9572867,17.49500589,9.74030803,2.51402839,-19.51392378
7.64929659,13.5055529,17.68746759,-14.20085084,3.36498916,-10.84335313
15.87445822,15.63428245,7.39236741,-18.33946133,-5.54317031,10.62824774
1.92532475,9.09248365,-18.46555393,-7.65682168,10.30749904,2.52211698
10.89493305,-14.7849395,-9.06173166,18.16067394,15.3679777,2.16654337
5.36104306,9.55861542,-3.47629321,-10.29049362,-6.64757867,13.75139496
5.22264066,-5.63642388,-18.90198365,-7.68759826,18.34274657,0.88770265
18.6463025,8.57236851,3.84891315,17.47192564,-1.982169,-14.99900639
-0.23858244,3.71522044,-14.22239191,7.74072805,-0.38231704,1.03603577
3.91419195,-10.0008333,-12.48978537,-1.87611881,4.21874648,13.56962321
-19.11316567,7.8748131,4.4897931,9.86569601,-0.69163499,-14.78865788
-10.57522666,2.64546232,-1.51730731,5.14708983,2.94653595,7.27841169
0.64656636,-15.82223781,19.69051395,-5.81723667,10.96441626,-14.95567437
11.24678796,5.99033925,11.44003869,-5.34745489,-15.64068356,10.08411924
14.69507844,-11.88027768,13.09312912,16.42110045,6.71386316,-17.72935794
-8.27731101,4.78789922,4.849099,0.77156099,-0.02542036,-15.96390634
12.62096253,-8.19283563,-10.64104936,-17.15168512,18.19071133,11.13666238
-12.60760214,8.78247716,-10.66701214,18.18834315,-14.54667626,10.29931587
9.04726257,7.92364207,-15.40704289,-16.18542389,-7.22146733,6.46259353
19.56679761,-9.07604769,5.02069444,-10.03651263,2.80703944,-16.05509212
12.77582697,-19.19951596,17.23970054,17.00423027,16.91697089,-19.59270432
11.64020949,9.15348121,-15.65650391,7.27553157,-12.476245,6.50940856
-18.98934298,-3.70767007,12.46749838,4.92015356,13.30259648,-9.79095562
11.15953293,-11.0272991,12.63610213,11.75607496,4.2141375,-13.37052025
-1.36596402,-18.90774645,-8.92105837,-6.51340278,9.78402119,15.13945904
-4.31124519,2.96775989,-15.63301156,18.42788039,-11.76603607,15.19344748
-11.65938699,5.07908308,-1.19313717,4.95657557,-17.6620196,7.34825088
4.48059958,17.65919586,15.55606696,-12.11902106,-9.35267614,10.0969096
11.43926847,-17.83414937,-1.81284549,11.70484058,7.57081459,19.66413556
-10.11240644,-6.67143192,1.56500658,7.5574523,10.06532052,6.17572428
-18.92197272,16.27379148,7.37525208,-1.14247313,-12.90180018,-15.55309311
3.50783679,2.13004323,19.74148855,-0.82575124,-14.8986919,12.94732
-7.99862739,-9.61406696,0.59199931,3.81113373,16.26707182,-12.42487194
14.05582328,-16.83603495,-5.05685332,0.51976497,11.14515974,16.2957646
5.66120905,9.33967992,3.05880955,9.45597711,-9.39700285,-13.42795806
1.5731563,-19.16984245,-1.41044745,-4.19806329,7.65485727,2.6966318
-10.14076695,-18.69322415,9.65340126,14.63748697,6.34297317,-16.78661677
-14.47572369,11.60264948,19.50354411,5.65360883,-19.35661018,3.42181644
-6.58181371,1.29702773,19.99421987,3.76858322,-16.50473899,14.80128772
6.46554826,-2.04934661,-14.56231678,-16.43129028,14.81636347,8.35423678
-1.05768753,13.33664961,14.52043442,0.58942488,-17.61695958,-4.87327081
-6.44974242,5.54203564,15.63165125,1.47710414,16.65759668,-18.68350507
3.82946034,10.76101776,-14.15598363,-10.67849063,18.63035941,6.60087137
1.88429096,10.17612709,-16.73094304,1.78918005,-10.17869089,7.89025681
17.30493019,10.14944221,9.10634716,-7.73954709,-19.06777844,6.63733891
-12.71745694,13.60919156,10.94436101,6.90029117,-14.58095274,-2.55755071
12.15175251,-14.98590946,-8.70595352,-15.0539489,12.33780872,19.44091432
-16.47689199,9.53689172,-2.69641559,0.53139993,7.96193221,16.97892714
-19.88272952,-12.29678234,0.60933397,3.52947722,18.9776087,-2.9225485
16.41807702,10.88099246,4.56407446,-6.49570701,-19.12013001,-0.2737951
-1.83085414,-17.03591823,-13.43809344,1.72298195,-5.7502818,19.25954005
-15.96581786,1.09646904,-5.35837978,7.79473606,-15.45181397,17.91430619
2.32580373,-14.03708656,5.4557742,-0.41701153,6.53167375,-12.43109064
12.02074061,12.28476225,-15.64312946,9.51565822,-12.56487246,2.14986659
2.93365252,14.17327559,-10.68721883,-9.22154402,-1.72297712,-1.1974528
-5.22673233,15.57757117,9.21915954,3.33424315,-0.19846362,-12.68910835
-15.76206932,-3.0668224,11.90482835,4.29257797,11.84654462,-17.4757062
-4.83730241,2.60955148,-11.37192677,12.63766465,1.33210135,10.87023679
3.25159846,-2.1839922,-6.49568079,16.34133779,17.61105215,3.14459748
15.18513816,-3.46545626,-11.81007997,7.92341456,9.85065166,11.55074978
3.54422173,-11.31974748,13.53856225,-5.14805864,1.10712479,10.55961726
13.46986161,4.73660654,-12.24686914,-15.4080514,5.33199195,1.56444756
16.01355348,-16.31541677,7.18427194,-0.49485012,5.28323211,-13.27019932
6.94630582,19.9072417,6.39979535,16.51465751,-4.95472854,-9.00842345
-2.63663261,-13.3814601,9.4274768,17.31326376,5.97030793,-3.00625605
-18.62610958,5.42263246,-3.77884359,14.61968287,-11.19502121,19.51941672
7.65750048,-1.81271641,-19.38140117,-9.88783578,17.10770571,5.82650125
-6.19959836,-16.44861505,8.49324725,10.68913744,11.43367086,6.56380451
-15.65534537,-1.03332305,9.87079514,7.3697148,8.59665973,-12.08518717
-4.93888213,4.39339468,-19.12998673,7.39524174,0.11580909,2.98396319
7.08507117,-18.45945887,13.28218704,-18.70182786,1.97850041,-4.23563491
-15.94357549,-2.87682501,12.11452466,6.02584191,7.50201825,6.7722742
-19.05489705,17.38007534,-4.59659869,3.64982032,19.33660234,16.982584
9.51763696,17.26688563,-6.6621938,-15.29950519,1.62084497,1.9393409
-18.32431504,19.0745983,1.02420283,7.18776524,-16.48612451,-12.23981199
4.500346,-16.12924914,7.97629775,-10.83903057,0.22159339,-0.08399886
-13.66191734,4.59218734,11.19806695,3.903124,-7.51418492,19.97558252
19.87518805,-0.18536225,4.81726287,-10.05580757,17.75331007,-11.6678593
6.65915197,14.95326361,18.36459849,-19.23094979,-4.76302151,7.4339654
7.46409794,3.40144609,17.87214373,4.47505344,-12.69426318,-8.32983282
-9.14089687,-8.90415879,0.63163168,15.69807899,7.37660978,-4.88080475
-15.60492502,1.68100144,14.29528782,4.50138589,-10.31800025,-10.06205027
5.45723957,11.98004097,6.33962189,19.7324581,-15.44233425,-1.27177871
6.53943658,-9.84717191,0.5916943,8.90813672,5.61557471,-2.44041099
2.99888462,-6.88596714,-16.18647992,-10.65088139,15.12437356,3.24018064
-15.3021831,3.51882866,10.28347648,9.17523827,-14.86862756,13.1385193
0.81086347,-7.73795504,2.56682343,-15.69731556,5.0582749,13.991118
6.60202235,16.30525411,-13.20930484,-8.04198375,13.52815319,3.01460956
-8.28652956,8.93936383,6.54147669,4.08489443,-13.1798701,16.20945326
-8.01345467,1.68692337,-19.18982828,7.69858671,-12.7179712,16.37537908
1.30453283,-18.95760717,-10.32398768,-17.60998192,8.98188226,18.02244087
-19.66185245,7.807017,3.67698136,1.35041112,-16.06121286,-3.80952895
-19.60135689,3.63157331,-3.7102729,9.38662006,3.08300747,15.48377624
2.58022932,-16.9364431,11.36731157,-16.14256774,14.91004522,0.93725407
14.71803734,6.46208164,-13.77671736,-18.08500709,-1.35101014,9.28123215
-5.92807704,9.65667642,-0.56313362,3.10884226,18.99895283,16.92131576
4.31134452,15.51772443,-17.22206295,-18.83864331,-7.0005562,8.55246241
1.77958875,-10.53135218,13.3470647,-8.5025951,1.50616254,-9.92257775
-14.49401003,15.12800044,10.01557312,5.46821947,13.02258451,-14.93727335
-17.50513018,2.88892764,18.20781704,9.96545518,-7.04073178,15.86213758
-0.33865397,-7.65514537,-12.7658253,2.47858958,4.82065248,17.72701745
-0.29839564,-11.7118187,-0.94666488,-0.1398124,4.49693669,9.05466225
-6.89602084,9.00154296,-2.95300597,5.01743429,-19.52199156,7.80604243
-15.53839031,6.83919342,-0.63349931,8.59429256,-19.07222562,4.75863152
7.99130376,-7.31913572,12.42736594,-12.26570873,2.14722215,0.01823285
5.5093871,10.29179302,2.92405996,15.29602147,-4.22869721,-17.56087153
1.18566481,16.65146921,-13.72053226,-11.27842507,2.71664927,8.3945554
14.86690121,-6.3424144,15.02092329,14.84065263,4.00557401,-19.6195313
5.99160455,11.72876445,18.1514285,-18.77868624,-5.82016814,7.59830866
3.24012244,0.65153786,-18.45872165,-5.29037899,0.47559862,1.79219426
-18.21878287,12.75115024,4.52032314,13.1659791,-4.82338685,-8.24799038
4.9951795,-11.49790484,5.53485818,-16.58138723,6.40205214,-0.87690028
13.31848786,6.87578125,-11.24422982,-3.04707489,-7.48702768,3.11600188
6.17572987,8.22614517,-2.9972564,-4.34934938,-16.26432846,-0.85907502
16.75732756,9.78021495,-7.32958544,-14.79717577,-19.7798764,9.14644278
10.95359299,-8.53338204,-18.732305,-13.50175958,14.706822,2.07862261
16.71237017,10.6859641,17.97059551,14.6205078,-16.04016514,-17.31012297
9.44219027,1.8157535,11.93382151,-18.78689273,8.4891603,-8.22050606
8.6165942,-5.01700846,-18.11256245,19.09721026,15.57031869,2.57966248
-19.68109712,14.13823475,2.23251525,7.04033778,-17.64175237,4.41930072
7.99910688,-16.62528423,-9.08643551,-4.9821773,11.21141705,11.75932168
-14.02669532,11.47252952,11.68948199,4.74552339,6.2614102,-14.0107466
13.33257659,16.45207298,5.24011256,-5.47257105,-19.31576483,2.42287307
5.59617903,-13.44570054,2.76054113,-17.2600343,1.29854336,-2.75965041
17.87251438,15.81039616,2.04857004,5.27311473,-13.62039608,-7.7900713
17.71953493,-5.62486595,-17.28676909,3.99000764,1.99495041,18.32585294
13.0461298,12.5161203,15.26546397,-17.68278662,1.4203158,-2.5272753
4.27066225,1.37107874,-16.64470268,9.78918995,-18.63054208,8.39107333
-2.85771645,6.07022356,-12.75812124,14.66154584,17.58233084,5.62098388
-1.72372832,5.10149836,7.98629704,1.87107281,-1.38036053,-19.77554268
15.64606954,3.19986843,-16.34849157,10.69374144,-9.6259713,7.71804835
14.06623486,7.62392054,12.31864764,6.39132739,-18.9257604,-4.62514092
8.08300838,6.41174881,-18.31271918,-5.55031169,-15.15330969,7.06233245
16.45858631,-14.29657566,-0.84167673,-3.88687022,6.57818595,-11.75783216
15.26876807,15.14596888,-13.54903836,-4.37461092,-18.10184065,5.76482716
0.88194227,-17.73773995,-3.56899026,-1.41740048,12.55772813,18.61143697
-8.36817289,8.44541488,-3.38116534,5.71663048,12.75958696,15.36232082
13.45243788,-14.6359004,19.36770257,-18.98391736,1.89044711,2.96301197
9.02549864,-5.48444811,-11.18729144,-18.29110238,8.46450413,8.26966693
8.00886126,-1.62920345,-7.5716108,2.43802137,7.36482277,2.28074047
-16.42062687,10.63071301,2.60393227,12.58075792,19.51487046,-12.82339574
-12.32406664,2.65264557,-17.5771067,8.20546239,-13.22022258,18.76363041
10.52114599,15.84919062,-6.45392075,-16.97382575,-5.84483208,-1.37539486
-14.26133466,-3.68334694,15.27408094,3.96243926,4.98564435,-18.15855339
-19.52519751,10.95466295,-10.9803164,13.70588,17.70231955,18.03960927
1.095255,19.92542612,15.72531656,-19.3771699,-15.25828338,18.26615986
4.15432378,12.67521395,3.84833808,-7.76731764,-5.60038591,1.54286125
10.10857778,17.01761412,11.52458259,-1.48385171,-17.91980117,9.75077784
-1.21525461,-15.15597235,7.34341335,19.49568928,13.72844434,-17.27854674
-8.63069858,10.2476716,10.14342945,4.53572017,-13.02417943,12.43593845
15.81460537,17.10563645,-1.18682,-6.7945106,-18.4596684,10.47929433
5.09596213,12.37029801,-7.62320466,-13.83968841,18.83804318,1.40216721
-7.57289664,4.84586874,-8.78664271,5.11296624,-14.10796567,14.24128793
0.69626828,0.23626054,12.45936168,-13.62182017,2.13325103,-2.85587874
-16.61738884,-0.64831147,-4.32796216,4.51443742,-5.72704766,8.28754475
0.70476652,17.40123863,11.09054287,-4.43787552,4.99333092,-3.9817373
-12.62475779,-4.956649,7.73520166,9.31528884,16.22010546,-15.03353615
-7.28228565,-13.56088232,18.15328863,18.44831344,7.50268505,-19.8891841
-8.47582112,-13.10901007,12.12599739,13.07858803,-0.15310366,13.83177487
-5.77966243,14.37105792,11.08267154,1.18515767,-12.00107826,-13.75712553
7.40710462,-15.89207109,13.60835138,-14.68945167,6.03096589,-2.83817756
5.93642722,-18.94017192,13.69325907,-18.85313274,18.55185856,-10.94251478
-16.69243506,18.37706305,-4.67224461,3.87325755,19.85713513,11.02141358
-16.13661358,12.90882099,9.14555764,2.98386229,-5.69000455,-12.26037251
-14.71270243,5.29294584,15.62334781,5.07897599,-11.95981445,11.31967783
0.87359406,-4.37345559,14.85129372,-13.73892749,13.39474617,-11.68407761
1.44972462,16.18238753,-14.0779503,-11.12778015,0.62627975,4.50005465
2.65707284,5.95243765,14.62330263,-17.2852455,-3.89611301,3.89680277
-19.32825523,18.45411783,5.98347049,1.71072754,-3.20915307,-9.83763894
9.66858647,3.93254415,-6.84572953,-11.37462287,12.21317476,3.40498352
-8.7275538,17.36021575,11.18778177,3.78246492,3.4895604,-15.72751699
-12.22421994,19.48747921,-2.27137363,7.04224837,4.42008765,6.71038144
9.85785846,13.55335566,16.87065037,12.7415763,-17.42671525,-12.98729041
9.89814038,12.87227058,-15.3807532,-16.0192459,-10.1843675,7.54152564
-14.00812449,3.41094468,3.56123355,4.23207032,13.70976065,-14.53323199
12.12293997,19.69133184,14.76511895,-19.34630335,-14.96618663,19.41918713
-8.2629576,11.09821167,-8.99980296,7.12487573,17.45370702,18.36515872
-0.41907281,7.59318033,16.35450051,-0.38643137,-13.92311357,-6.97636528
13.16604312,-15.85640524,8.49700902,10.23124562,0.29802188,-11.82193085
-19.60853387,9.96291371,-1.75569453,13.5612225,17.23224717,8.06074461
-0.82472728,-3.91481494,-9.4531482,-6.6895308,14.84252103,3.30350922
13.79225812,-14.90531196,-3.58432972,-17.05014238,4.68030773,4.00678891
-18.65656758,14.22804434,11.47230167,4.48325124,-17.20231187,-3.1964806
-15.8894716,-14.50861786,9.2879379,13.60006099,17.29291003,-15.42196764
11.67226603,-16.57894226,18.16064845,-11.93325564,5.32498262,-12.68176915
-19.21706452,-11.34713991,11.41154228,2.4192641,17.64526428,-14.43632888
-8.70930917,2.52505767,14.85721192,5.08324418,-11.71526708,17.76480476
14.08989878,14.11064192,15.59601411,10.91316913,-4.29448059,-17.11435726
-14.71587041,10.12843232,13.56277318,12.45332539,-13.01847837,8.7856244
17.31534122,-19.47941546,11.42150849,14.0493978,6.60212473,-19.43943836
-19.60221068,7.36669789,-0.57812928,11.83909228,-0.89962609,2.19327926
8.09969641,-6.24035674,3.31731574,-5.74890604,0.25935115,-6.18181555
-16.45992518,16.76763301,11.31176421,12.10821798,-10.0086011,-18.93405429
13.1607643,-10.47343439,-17.54357011,18.31757586,11.53901262,7.86895981
10.3405468,14.51342325,-12.89165514,-19.59884074,0.37787292,5.04681695
-18.2818181,14.83549851,-7.00498284,17.31420493,13.0464228,18.17514123
-15.84028417,-10.464405,9.51562744,2.59817385,12.72872335,-11.83120077
15.04722273,14.53132162,-17.91763283,8.32212038,-19.04279614,3.26515565
13.08481458,1.79982966,-4.34906153,-12.17098609,-10.34756814,0.03212526
2.66504622,-11.6730749,2.26773261,5.20699529,10.9091899,-18.75785202
2.44589148,-19.16116596,5.03885771,19.92753794,8.4074,-12.99865506
-18.82396668,3.39565199,-10.88047715,11.34739751,-13.71796499,15.26309992
7.38662553,14.05605942,-9.5024369,17.32611496,-16.94945581,6.59757663
2.10939623,-5.09498736,-18.89419391,-8.09203218,18.17275229,9.92619649
1.01563357,-13.92267223,10.15683423,-11.82498043,3.37745813,-10.55590924
4.13181444,5.19996011,14.38197372,-17.94705425,-2.01071557,14.14391037
-11.32483339,6.95360926,9.14195552,1.74487373,-14.12936432,15.24612347
5.27884505,-17.86387668,6.99819176,-14.70905541,5.39822972,-6.73728688
1.67711909,-15.29935574,19.66668668,-12.06540462,9.56882551,17.76163089
11.75145241,13.09614886,5.59520404,-2.49380727,19.01629495,-7.74940376
6.39443632,-18.27500534,-9.615956,17.52124458,9.54205604,11.64922874
4.15854421,10.51520725,7.09177313,-8.00568832,18.23201767,-3.06887678
-7.93486871,16.3047013,6.23178878,5.78134051,-10.27661788,-15.42888998
11.25715045,11.22465944,4.55115649,5.13330294,-3.44348125,-8.83481933
-17.05947483,-10.53955994,0.06807528,2.63017365,17.13585965,0.34825545
-4.87175928,-13.40679988,13.38935648,1.49394732,16.01958652,11.83024641
-18.65956025,-4.02474579,6.82297741,10.80015115,7.9131285,18.92528117
9.85410089,-1.86954145,-19.7065708,5.13415541,9.46459712,15.00684759
14.55940552,8.02207575,14.80070563,1.28274918,-18.60805513,-5.71569227
9.67053419,19.98211351,-13.40130957,-14.10822207,-13.04088192,5.62240154
-3.19727748,-19.89091327,4.32412903,17.31293632,2.39350369,-13.74460063
-6.14397158e+00,-1.48411395e+01,4.92241437e+00,1.87927633e+01,-5.11013043e-03,-1.38815358e+01
-11.88277174,-1.83907504,0.55885335,8.84999033,11.79332538,-7.46317204
-16.05164426,15.69503563,10.1203422,12.58732267,-12.76165589,-19.86010563
-4.66381649,7.00759608,-19.93116637,7.70995201,-19.12500851,7.92870391
1.25991482,11.4144863,-13.12885428,14.65921856,-18.14741095,8.07096263
-8.28435252,18.17994836,3.01260358,4.09789764,-5.99120208,-3.91049729
17.83824076,10.57109686,-12.89566358,-3.06788002,-12.84505343,7.04056281
13.12954934,-12.21388514,2.23833509,-12.97695826,3.57145756,-13.84430372
13.61478491,7.08966889,-12.31258815,17.84077563,-19.35117124,6.23207155
6.4053252,-15.8666836,5.19342794,-3.91886377,1.71374719,-6.36238386
0.5570849,8.89605265,-17.61728177,-12.22989248,4.6801732,9.9793866
-18.6908696,-8.14207092,1.96193211,2.78229588,8.88901385,12.29565717
3.46082702,-4.09368458,-5.83137946,-10.75945323,19.62343246,1.17711077
-19.04431666,-7.6599053,-0.34020442,19.48755253,16.18942508,-2.44106562
4.02595178,-3.96734071,7.71628556,-15.46284231,1.62080423,2.11519847
-0.20239185,-17.57326929,-1.00520361,-18.3266725,4.35971867,15.04668405
-8.70171752,11.34996893,-16.2239966,4.38103852,-17.5105235,18.66608342
-0.31178362,8.1071889,13.40352513,-0.34488869,-18.46373471,-9.69270729
8.39255576,-18.88589464,13.33037138,-18.79394821,3.01984196,19.1800828
15.31117826,-2.97129314,-17.74489874,-10.94911623,6.31822581,15.72325903
1.78364769,14.87703345,-19.46265096,-15.5600299,-9.04374034,6.05626729
14.78700626,-6.23149932,-7.95475344,-18.11317512,3.87725155,16.22361063
6.54674911,18.56228602,-19.40465396,-13.31068302,-13.36880184,15.37878073
16.80738511,-16.7636062,10.34339284,2.86155043,11.82776363,-13.11798941
12.24130157,19.70672056,9.51122739,-8.8043117,13.66587142,-19.42602783
3.2624666,-13.56080341,6.08991719,-11.50827198,5.99884955,17.98157082
-18.74610365,-12.56680683,15.02054915,13.78345975,19.53028002,-18.85581594
-13.77937006,13.83273857,-13.1571262,3.37566,12.25180414,15.91557123
1.40807257,18.20994175,4.76813744,3.30800206,-4.28294292,-17.620382
-6.30863699,17.75740955,-15.09496942,13.43962859,6.57806645,4.93362059
13.75684319,3.76047591,-12.9446171,-6.98942728,-8.19791079,3.74357218
9.17248869,-18.03447405,6.53316278,-7.92892991,9.2440048,-16.55228896
-13.0742122,-16.24612134,2.53695753,19.56977713,3.64018576,-14.64374329
-5.26333475,-17.95475873,19.48491006,18.13723627,4.20417249,-19.86185741
-16.58452913,-9.84742942,13.04148867,7.7804142,17.17674079,-19.40817881
11.06949114,-0.44749186,3.1965671,11.91966523,-13.67858432,-0.24672687
-7.27541674,4.71629121,0.31170205,3.76895686,-8.52658213,12.18929899
9.03560724,-18.00021257,14.68041089,-10.9832167,8.84599721,17.93536779
2.18272966,-19.3635334,-1.24293792,-12.8795017,4.70318081,1.82129322
17.98950681,2.32607977,-8.20393501,-8.1951023,-17.6922331,2.77509801
2.68510971,-10.63802589,9.43386918,11.34677656,2.84877405,-12.7046198
6.46897671,-10.21370281,14.04999675,-17.35575326,18.22346254,-2.11185845
-12.98983688,8.42927522,-11.69975033,4.14328039,11.77329081,14.94854183
15.41002776,-8.15140316,3.12459177,10.89335816,5.11051848,-14.11485117
11.07399946,-16.52678201,-2.09162974,13.45748087,14.09373502,14.29182121
6.47736706,1.30351264,-16.86705659,-7.43712168,-14.20766829,7.28554889
-17.98537679,-0.3279863,12.43641946,6.88983293,-5.74458461,-5.63460455
4.05060549,10.24762821,7.26939673,-10.42109345,-4.31455045,17.15961598
3.1739979,-9.18370313,-19.57693728,-11.25653499,16.42892694,15.43160429
14.74321579,-18.38760574,-4.74807126,1.20507956,10.11497933,11.36277647
7.40767922,-18.46954818,11.16824908,-18.13449998,9.21080213,19.23666448
-10.2724592,15.9021629,-9.42169093,5.55220366,-2.7914939,17.93692327
-10.80211317,11.65003717,7.12903781,5.43477637,1.95902405,-14.11266209
-3.56245225,-16.38026072,4.20607995,1.02719766,18.92043238,-13.28283298
19.97766388,1.68885022,10.17891494,-9.16848691,-7.67067054,1.90545131
-7.37274059,-7.47945373,6.9015061,7.41640272,1.24210821,-13.50815551
11.76705031,-12.30560726,13.40911966,-15.34401885,6.45834773,-10.39633549
19.91120612,3.5367304,7.48487763,6.86548561,-6.26322652,-7.35527051
12.37894642,2.38729085,-17.40135612,19.41218532,-17.02670923,6.34605452
-13.25773081,-13.43588664,-1.04580196,1.5914913,18.57012986,11.4504222
-19.39273831,7.38168942,7.55022242,8.17933684,12.45600096,-14.52325572
2.8744469,11.3105887,-19.50364331,-13.54283746,-4.02107729,1.45521459
7.35040316,14.1373538,5.63404831,-2.9254122,9.0688377,-18.03989318
6.24789059,-19.28337283,7.51193199,-19.09417986,5.29773012,3.04373073
5.26711917,15.77037331,-9.19593238,-13.17773989,-8.19196531,15.67939149
-3.40296323,19.93758379,-12.99290165,17.69785718,-2.52071175,3.81916027
10.99644528,4.96295275,17.07940063,13.50562743,-19.41986727,-9.93918084
3.15588062,-0.38901264,-14.93597657,-15.23966706,11.89002382,10.33443353
1.84818126,16.04890991,-12.74952586,-9.05072368,-11.44969941,4.12743569
12.23822689,8.48695496,15.44032402,-8.31489333,-14.75452309,13.19745876
11.01109978,-10.38844796,18.2829359,-16.68482325,8.64106002,-11.55500322
0.53425421,-12.2287324,0.55473119,8.02641679,4.6631209,-9.44157661
-19.69026775,-10.24627547,3.64422379,16.40826103,19.81063549,8.47963949
1.85518678,-6.45872109,12.71721163,-4.44552779,2.6412431,-2.64963253
17.63335638,-16.65318899,-19.89267466,15.28958771,18.79941162,14.81418405
1.84471422,-12.93441575,16.50956544,-9.09517557,8.23257716,4.24237138
19.73208212,-11.65612324,4.5418166,-0.54310244,7.67698264,-13.07650328
7.61493096,18.52684274,3.08216843,15.26817099,-1.70443286,-16.81722629
-19.9339279,10.35999783,-2.54674195,10.90547134,1.1518691,18.58748027
-6.77803508,-14.69233419,12.20375249,18.93450056,2.22966979,3.17654274
-16.24605669,-5.4463127,-0.9418523,15.42086659,16.03109174,-0.71217699
1.30274436,-18.42916259,-7.75284255,-14.57450918,1.26511903,11.4380248
8.2695625,0.29274363,-17.42956633,-17.03640346,3.41624088,9.59774938
-3.96533574,3.28451149,6.99922376,-0.89207435,-2.85181303,-18.8670235
0.68206534,-9.23361395,12.89076987,-1.08346077,3.92394377,-17.25705715
-16.95252369,7.95657476,-0.24536705,6.39616764,15.84172875,8.24304357
-18.33531706,5.20759558,-4.26370293,2.42821972,12.80162163,8.92428534
15.86719792,7.6897428,-1.62863433,-3.89065677,-9.56070259,16.50585669
0.66500255,-14.186198,-1.86225449,-15.95775629,12.1659597,0.68035549
-9.40056147,-10.94010576,13.57281882,7.44398982,19.45227974,-17.33643795
19.8229624,15.74551233,10.87133066,-5.28559823,18.90361688,-15.65801244
3.72911393,-5.55270884,-14.06689981,-17.10634798,19.32576119,4.02743844
9.98453673,6.29708257,-14.34296785,-18.04575528,16.7438504,4.60130172
15.19154639,-8.32155138,-13.57282498,-18.95456454,15.90390608,4.70225192
6.76365004,-17.544554,8.17344386,-19.67597123,5.85297853,18.51952192
3.25713456,-3.4641086,9.30312016,-18.34055538,2.3222938,0.05173664
10.22516636,6.12880041,-13.661016,8.60467588,-13.79559002,10.05954681
-9.69519281,4.04451128,10.32606896,7.40312424,-8.8970054,18.25255051
-4.80065618,-0.96497527,18.32349663,2.81459672,16.01315002,3.0998387
-1.14187831,-6.08805863,4.31654916,8.50100559,2.79728526,-15.92599842
14.26803265,5.78814009,-9.71042231,-4.25533985,-14.8030552,7.85096563
17.42973027,-3.39278017,15.95774091,-17.5382444,-0.14413288,-0.73536375
3.54415434,-2.91868183,16.02469773,-4.39547172,17.80845443,-8.5552587
4.74815175,-2.86544253,2.6626086,-18.42101267,3.10836607,0.82610625
7.95688254,1.67807233,16.7434953,-14.60591506,7.81525641,-11.83972951
7.85296663,8.41688966,9.14495434,0.59947492,-4.7759726,-13.50167647
-17.00363523,-0.25382977,16.54774099,12.28465981,4.42958795,9.31733268
-19.90417845,18.83833147,-13.66388613,2.74115888,-1.36606198,19.19142442
13.13087108,19.37770364,8.44099438,-15.03321604,-4.20394087,4.24948572
-12.55558084,6.14582192,-17.89950877,19.63630979,5.31564485,3.23927132
14.82500887,14.3730378,-6.1534125,-7.53891109,-17.37901556,2.72280778
-17.73077205,13.10239201,3.46316962,12.14314121,5.16662314,-5.33522537
-6.2398873,8.60113576,5.43644052,2.95146759,-0.3579361,-8.73963307
-19.8612197,0.74173135,15.51390168,7.56136063,9.75197276,-18.3549854
2.81925669,14.4486272,-1.9561747,-7.40214211,-1.12395196,-0.2681174
14.4378343,19.55522082,7.03432871,-9.13687152,7.66341,-9.46572093
-6.17190231,-10.48074078,0.07949566,0.41060802,12.87511883,-0.63076369
13.74950727,5.73118585,-10.63723471,-3.17616948,-19.92925165,-1.2309125
-6.87485776,4.52884558,4.47054374,1.29823201,-2.4443656,-12.2543497
-18.87974877,-11.3594202,10.3531005,8.17221187,14.6904017,-17.84795811
5.12671162,-8.7269074,16.55659166,-16.92915736,1.70878709,-10.84757236
-6.87818307,-11.1513232,5.83959164,4.50601381,13.69014834,10.66588272
-10.10447719,9.08605938,12.40979093,-0.05647423,-14.30639613,-1.62647502
16.31184139,-17.93668978,7.57505932,-7.89003777,8.47937051,-17.53840157
-4.54666935,-15.6009761,18.11318474,11.55007714,11.89982935,-19.79897713
-4.08022495,-12.78988422,9.5962078,14.07896727,7.4413084,-5.04628094
18.15065279,2.11304926,-5.04265644,-3.66318365,-17.99909367,10.67804255
11.5721264,19.81125476,-3.14942775,-15.17550874,-1.60683473,1.49282319
-14.83458221,4.30137196,5.04472902,4.73421994,-9.15173618,-3.35731737
8.75213749,18.98065544,7.17580295,16.54682136,-1.4987707,-19.85861275
9.0206518,-11.0555574,16.9555947,-14.12272524,0.87205419,-7.45909242
-14.12207299,-5.65946424,9.21355717,5.04487238,7.10025861,-12.75329821
-0.96720331,10.63779185,-13.54904708,9.50602674,0.68318627,9.65327693
15.96048739,9.59852823,15.44120833,-18.89163334,5.17829247,-0.25677921
0.44868715,3.25504904,-9.51602025,12.66665738,-9.86037897,6.08827662
5.86344202,10.52363689,0.96734457,-6.24543214,10.5306433,-8.80515008
6.11239557,-12.57845932,7.11935333,-17.58455738,9.09400458,0.99314641
11.78466169,11.6289473,-5.22573999,-18.54882173,-4.13204539,2.18455721
15.26814608,5.30639758,-3.4757862,-7.39109667,-19.29006775,16.30941615
-12.65023619,8.11596095,-15.37670375,14.80853569,3.6403192,5.12445793
-13.95564297,0.84710552,-4.57087162,1.50891452,-7.04639971,17.21065654
7.46785795,-5.79080645,-11.19150757,1.62894188,15.56454534,3.19869294
8.99054122,12.30309833,7.6869473,-16.70249851,13.31375743,-3.99713903
19.76469278,0.89255007,14.95565883,-11.24915039,-6.59907875,16.1801958
8.08918525,-10.95341467,-16.63003896,8.65986467,17.19212689,4.05803355
12.63400041,19.35964963,16.53076984,-17.67145776,-10.08051745,13.67882895
-14.33366153,15.35617958,4.97547356,12.94085653,-6.19722039,-13.64068961
-15.88274646,-4.5622094,3.30731236,13.06867807,10.98753514,1.44862788
-5.57861252,2.57251358,-19.62506867,5.71861197,-17.2991786,10.48833768
3.38765216,-10.91893763,-12.44705369,-16.79013444,3.26132883,16.16201421
1.93292716,-4.67757511,-2.82639713,-13.91937585,9.0737595,2.2374945
19.10125126,-14.55840141,-5.87240809,9.35094556,14.00291614,17.35670315
-4.24026767,8.12060134,6.1676872,14.39500204,-2.03557745,-19.38734837
12.04025714,17.25460211,13.40917535,-13.61277824,11.42934754,-6.42491557
12.91250875,-13.01581739,4.37750183,-14.22016716,10.47606927,14.86054118
-14.39010823,-5.99776363,6.97064061,13.26700867,11.5391352,-19.55853653
-13.06477696,10.11595885,2.85910743,12.90356033,6.61723002,-18.20007978
12.33687558,2.64140961,19.08863669,10.02535007,-5.33738784,-13.87517425
6.39571739,-10.66163132,9.98850708,-17.88971064,8.95052639,12.67630996
17.80374143,5.75170672,0.88201458,-1.92392957,8.99860219,-6.76404036
-18.9146565,0.74861563,17.9621299,12.74396069,-11.0690263,-10.08165331
0.029873,2.03027114,-7.80464772,2.45660817,-7.67915058,5.91381958
-8.39111434,10.16382474,2.08278539,4.07647893,-15.36678416,16.2589198
10.47648487,-11.986909,-15.24094807,8.52085979,16.93991712,10.11714228
8.93740737,0.53824686,18.97492938,-3.25808034,-6.30381587,11.03448807
-17.61609939,1.4498425,15.02405885,16.46171096,-11.82999856,-4.35232123
8.37812011,-17.61183275,-7.51145302,-2.69882605,14.47546924,11.72460151
-12.88591402,7.23099186,-1.25094221,1.01938403,10.05713372,18.82732571
0.94422255,-12.10258121,13.27950606,16.42494458,6.10577067,-16.90776221
12.64907423,-19.77197541,3.00722036,-11.60850906,8.87320265,-19.66108347
-15.4316266,-0.53611559,2.26889422,11.86065702,16.75451819,0.21700441
10.45175099,-18.7810524,12.51937193,-17.12335267,12.89690195,5.21491591
16.92110828,7.7192882,8.16794553,-8.59141612,18.84066194,-14.95411722
-13.98466794,15.9630761,15.58109589,3.29005592,-18.23664358,4.43617966
17.33404107,0.62564889,-19.61309099,3.28556255,-8.9429243,10.694686
-10.02019852,0.94043128,-11.63634267,9.09930026,-6.57540122,12.49089524
-19.148621,-10.08056465,5.87814278,9.50934853,18.99533238,-10.26310667
5.16952815,-19.13760293,11.99949908,-17.38740659,15.09018915,9.4562029
-12.19083879,2.29591518,0.85954875,6.69881668,-9.62648996,1.1889753
4.20652097,-15.58785999,9.2506639,12.72965418,14.23507699,-16.52497358
-0.03435291,-13.99636505,14.03637757,-5.6810963,6.49503907,0.63440559
-10.88406699,19.91457753,8.09169557,0.35796191,-15.23419827,-13.171702
-8.20593383,-6.39600576,-0.6986086,15.97462851,0.52280382,-19.7700675
11.96238514,3.51350445,-10.02422552,-12.71217439,10.69268001,3.67912509
13.69591422,12.35834321,-4.19030234,13.5525276,-17.037,1.92940327
-18.46354265,6.27305307,6.89820502,13.41068475,-8.71063263,14.86744885
7.82951408,19.68206129,3.92121746,-16.09525043,-0.26540527,7.9455397
-0.23436158,8.60003102,-17.13363733,-0.99319193,-13.30817757,11.55016508
14.96559928,10.72816008,10.52436115,18.11468135,-16.71396675,-9.7190384
-12.64453364,18.38153603,8.95674275,0.07384687,-7.62089782,-18.08437378
14.59871233,-10.23625389,16.00514371,-15.80143843,-0.04337378,-11.24665198
-6.19742946,15.07185313,-3.02135711,13.45616444,7.118737,0.82673819
19.38116969,-8.10279967,5.77324269,19.67847117,0.36633065,-9.83417538
-19.58541022,-1.73791307,5.65375711,9.24962092,5.0649307,-13.93728151
2.84620961,12.00039758,8.97386523,-9.37207913,-9.72202706,3.81027466
0.68618472,-13.29745586,-0.12986084,-17.80033942,9.91335556,18.10353435
-16.7774849,2.80506025,15.09569168,10.5561713,-15.95685559,3.83214247
12.01292416,-12.53197204,11.20345944,-11.2873912,7.12700461,-18.05533666
12.5728445,4.89986831,-16.06818391,10.29254188,-14.96894416,11.64537842
-10.07800445,17.4742288,0.10367302,4.31063722,15.32812588,-8.75640294
5.24212367,-10.92555947,17.9369937,-19.47734004,5.70607526,10.44744433
-15.00950381,14.34556304,8.47721529,7.03263497,6.26931465,-18.91594712
8.10931728,18.98268594,10.12396788,-16.73607843,-10.15682847,18.12410951
-14.84536585,1.49947313,-19.01475734,17.04040786,-19.33748596,7.43528064
-10.87963362,12.87133595,7.98930632,1.88432996,-18.51634754,1.85259022
2.74567858,-11.70824724,-0.79647774,-12.04795713,7.0349274,4.25642917
-6.29180172,0.8336261,-12.27472699,16.93990519,6.91024205,9.32916646
14.79639105,14.06597664,16.02473741,-2.74337827,4.54519389,-19.70713043
1.57385307,18.81440081,-16.99564379,-19.39634899,0.02634137,8.23495835
2.70161078,-14.68555527,-10.89335968,-16.73403258,1.93629821,18.50203867
11.82097885,6.34766532,-15.58654085,-10.96862766,-12.27944935,16.06598139
-7.65876792,15.7638128,10.24406542,2.29714819,-12.58588982,-12.46144944
7.34881004,-2.02375062,-13.80045022,-8.66993864,15.40276549,7.10690115
-10.45439857,12.88486836,-14.64735139,5.15186121,12.05728582,19.67411974
-16.18341916,-2.83547779,11.45912878,9.12059169,18.30835988,1.98933492
4.93908678,4.48286634,-11.94410316,2.0293293,-8.96997596,10.57539599
7.23537179,17.502749,15.54891791,-17.78481852,16.13615884,-9.03547503
5.5988179,-5.8876548,-16.9198102,-17.70254519,10.89894451,6.12505898
2.12755532,-9.85801532,-10.51552026,-3.17075402,15.93920677,5.8135588
16.43086488,-2.9360098,2.72071886,-9.49811698,-0.24954265,-3.50395599
-7.21302006,-10.35718699,6.10694543,1.40909962,15.89948589,7.88462089
-13.30424092,8.32479953,-2.98134467,9.58466943,-15.77849938,9.50450113
-19.82362737,-7.1146166,6.38827891,14.23724019,9.64184529,-8.03160466
-7.1578635,4.1604196,17.37847043,4.6628487,-17.11749486,18.2788083
11.09154978,-14.67943372,5.12726885,0.46386122,9.22708022,-10.44169226
-10.13836291,11.89049418,12.23986662,5.82097685,-7.55105553,-16.34126006
-2.82722084,-6.10910636,5.10191112,5.04411984,2.72518504,-16.4441991
-16.57606878,7.45783652,18.87165251,6.161024,-13.23355732,15.30401329
14.87608083,-17.2224835,8.74368494,-17.12194905,1.75704905,-6.06680317
-8.84584516,8.36084452,5.94452333,2.38151865,10.83526674,-16.76678832
-19.07918791,17.33956263,10.31799907,8.88092794,-7.57658144,-9.94940221
-4.9968428,12.73207174,10.16420498,4.41341112,-3.24206196,-12.59283258
7.30831374,-2.8845155,-16.44396709,-0.22646385,19.21530443,5.30145139
-14.72281202,8.95545778,8.436493,4.87460302,-5.57527877,-12.40726466
16.38972209,6.4284614,-6.59351232,-16.1868093,-18.3299274,3.17493383
14.91291451,14.51236655,6.13983625,-9.98332064,12.78729168,-11.68610744
-16.62392749,11.85518243,-8.17617488,10.1275975,-14.46454523,17.76920236
16.41687737,-14.21166351,3.90658946,-11.25711509,6.68012912,-16.62147412
-14.01470727,-14.49042351,12.2060635,4.33841609,16.3794962,-15.06788875
7.5719668,-7.83271339,3.90512874,-16.67619242,0.40738285,-3.07328429
-19.71106472,-3.73516074,13.35645389,18.97157394,10.5553916,-17.86641784
0.81418421,-4.92054148,6.01417265,-3.46199935,3.30884507,-1.88966122
8.67140304,11.68826827,4.17281749,-7.04480266,9.57522486,-15.84292084
6.72298281,-17.99711485,-13.97183019,-17.44925571,6.99522975,14.83313063
1.73051683,-7.19693504,19.34882396,-16.89718963,5.32060292,-3.29058518
-11.5236077,1.53391882,-8.04854518,5.50681707,-15.67934462,12.72386025
15.1643623,9.91325603,-12.52478878,-15.7669234,-13.42544238,9.24537946
-4.56716389,-14.48810046,14.20488467,8.03707193,7.01612784,13.79775172
6.5585325,9.69789772,10.22291242,-17.27315283,-2.13406057,5.07184863
14.13818794,0.86072989,15.83867345,-1.00112739,-16.07444117,-4.27881527
11.33643917,14.37925434,12.0037825,2.65795555,-9.25970347,-19.58841021
-13.7812682,8.33746146,5.84837099,4.61171783,-19.17955085,7.84205501
-12.44612559,3.44975425,12.47275421,12.04024824,-19.88124256,-9.3004913
3.25189853,-13.63671967,-12.95559626,17.09920681,17.62631409,-0.25063155
-12.76185211,6.64593626,10.32633435,4.81915087,-5.05191319,-12.27376473
18.97979919,3.750587,12.41676312,16.46963318,-12.99903714,-3.83854628
1.80802672,-11.77142998,9.13934147,-6.87604516,9.64504402,10.84532042
-7.65237194,0.73928162,-16.19187045,9.49117804,10.89023092,9.71941315
-17.30106763,5.87980371,11.21380688,19.34851059,-8.66259499,-4.64352319
3.81586072,-18.38049026,13.39936596,-19.81002573,17.83331474,-1.05463047
6.86195108,1.36335199,-16.77901035,-9.25561904,0.83906666,7.29686528
-14.33886871,-7.3223166,18.37918219,7.24349148,19.00458535,4.54578315
16.38220726,-8.48288234,-2.54754282,10.26903422,0.85110188,15.84624412
7.85919888,-19.57923145,12.89056978,-10.57795219,6.7237997,-10.41499899
9.94947362,-16.30890007,3.12838134,-4.34595794,-0.18080595,-9.48304842
14.92634553,18.30029998,7.67548668,-4.88411244,17.78645704,-14.84643728
-11.95723831,15.6940901,1.96638666,6.15414137,0.11234849,-9.87821329
12.11266381,2.20802491,11.60615775,-4.40006101,-13.2256009,3.79929292
17.6530657,2.21584101,-5.21207059,-14.36542455,-13.85154336,12.08133085
12.96004738,-19.07823975,4.43289105,5.5443792,5.33233178,-9.28592895
7.73248087,-13.50614625,-7.78304895,-19.80580627,9.76864855,12.61408255
14.62799921,4.82565829,-12.22884345,0.01948387,-10.93302927,17.53803465
18.77424354,-19.92575252,1.18805438,1.96604237,4.05452269,-12.24091707
2.24383324,-10.08221003,-10.43519606,-12.22102298,7.00611118,12.14919397
9.13742618,2.05284925,-15.14679702,4.7147651,-16.92359446,9.77125092
10.77845795,-19.81848272,0.95753173,11.6235768,14.55009945,-16.94932198
2.43493299,-11.99069327,-10.90646251,-11.97404818,13.78206847,3.73983645
17.71508008,19.66830069,-17.5282183,-18.66015968,-2.60730639,10.02762406
-13.73309918,10.6095056,1.32924817,13.23783806,-16.79512304,18.82242591
8.43422127,4.62850506,19.20414724,1.84651388,-15.12108749,-17.61337119
-17.48146228,6.80444962,8.29994894,1.8545961,-16.55952634,17.51619509
-10.17613918,8.81585113,-9.433401,1.42264925,-6.89546956,10.08143139
0.58064325,-14.62959532,-2.28072955,6.09724706,8.69861354,13.69151969
-19.81158817,11.7240113,3.07217328,4.83156639,-6.42454771,-10.1679543
17.22853222,3.58224276,14.11384798,10.50691208,-12.54524599,-3.39160938
5.8004318,-17.14152445,3.6336415,1.26019126,15.06444415,-13.72563156
2.57296454,6.68653181,-14.94302625,-2.93638208,-16.52529302,10.48331043
16.30279903,4.612048,10.98643152,-12.40919377,2.87789137,-13.79514191
9.57903039,5.89112872,14.28058049,18.45319685,-14.15585467,-10.68069631
1.6480444,10.42942471,-4.50110263,-15.71790957,-1.19769949,0.0793189
-18.13188263,5.77583832,19.77644578,17.90289237,-15.83999074,6.36073114
-6.52206781,-17.92547628,11.42656166,19.79410148,3.51470011,-19.4376066
8.79724885,-15.46108685,-7.08276308,4.36450862,7.61558954,19.40748776
17.96861225,0.20056729,11.30475918,1.44459431,-18.38683874,-8.16301277
13.77282387,-6.70266635,6.68033452,-5.69133619,-0.20711859,-17.01208241
9.24054714,17.80651483,-19.3928508,-15.86502293,-3.28038525,0.63324053
6.19800523,-11.33263113,6.18073417,-15.31602962,2.0159247,14.83700249
16.38350455,2.35302472,0.45985056,16.28955249,-0.85064088,-12.29018265
10.36150808,-19.50673097,1.5252486,-17.88777701,11.10642597,11.43192359
6.39127738,2.95891558,11.8753776,13.26488998,-5.21525279,-10.71197632
-12.71932253,18.14646091,-2.41258118,6.35754489,3.82691398,11.26046605
11.43291687,-18.71891689,1.39062979,-15.07128916,0.82438339,-0.92740611
2.16807796,8.10738922,-5.9836562,-1.10170865,-15.19668926,10.73020523
13.53643239,12.0066956,-10.16486743,-13.62756966,-8.86925912,5.59302641
18.57535329,17.62690968,-19.37506117,-4.51126765,-19.21688203,7.18026993
2.20721474,1.79836682,18.57096141,-16.4498881,17.92524921,-6.75182816
-7.16125141,1.1719434,-17.94360196,16.16044706,-9.21596966,6.57771478
13.25803815,-14.41701563,-9.30138367,15.93049203,11.00775357,16.62794263
18.70019216,-4.45847627,11.93021755,-11.99219606,0.03752348,-14.07272058
15.65244663,2.80182903,13.18609861,-19.51413997,14.84999434,-3.25538081
15.3759437,8.60223271,5.39889683,-9.57653922,18.52444382,-11.38167449
10.68656648,19.74360212,3.78561384,-17.1806118,-5.10573485,13.06695561
19.58434382,-6.34306107,-4.27352284,10.336377,12.59217481,-0.34877535
15.9962674,12.31370108,17.81454921,13.80851994,-15.1946648,-3.71828165
5.02682799,5.28385473,-17.65729573,3.79725391,-17.90205334,7.02607753
14.71906764,-6.89520956,-1.63854128,19.04909987,4.74352382,14.31647994
9.27243724,11.71768388,16.80459108,-1.26731499,-16.82460026,18.43839793
-18.19445603,1.57337234,-17.89735569,2.0513581,16.41974527,18.5419131
-16.70713205,1.81281114,-18.4408841,19.93118103,-15.03803693,7.79277674
5.01886178,19.07733215,-11.17501607,-17.88505921,-9.04317387,1.8886228
8.41017005,19.13481543,13.15640077,-6.47577407,14.88627949,-17.72404106
12.0982412,-6.43076484,-17.88314724,-15.06126264,5.80030797,11.982822
15.51438576,-16.4742856,6.80995577,19.13143698,13.5565554,-18.29510838
-10.89456973,11.17630942,-0.38924098,6.7668019,7.33365873,-1.97566246
5.66629614,-9.75405964,14.24017736,-14.92477172,0.99247731,8.89000978
12.59814175,-16.24483368,5.54877087,-12.88033433,5.94651823,-0.50650518
-5.91191617,-19.91051297,6.98068358,13.76595953,4.11709333,-6.57039656
0.58450997,-15.99377834,-15.52285817,-13.58947969,0.57773091,19.09749459
1.76696509,10.92589334,2.23281771,7.86547493,-9.16673219,-5.47621555
-12.29632919,-2.59655383,6.28640558,9.79569853,9.3855644,-19.63351796
2.85512161,-12.82983341,17.96844785,-7.47400841,7.08306625,-15.38822146
7.69176377,19.01143642,12.73636145,-17.0800049,5.0215955,-12.67279184
-19.07615885,17.30317941,8.12238167,8.70035501,-19.26611007,-8.15742598
6.78855533,10.14551252,6.69602969,7.67864262,-0.38550048,-15.2412855
18.03715338,17.46207472,-4.42186917,-9.06278572,-19.33393448,5.40193743
11.20957675,-6.86510592,12.26267395,-7.2967194,5.21449738,-18.60676088
-1.56391997,-19.35614117,-19.56265455,-19.42490363,19.66944112,5.51638485
-5.8507935,-15.9292769,4.72090248,11.22975155,4.62437125,16.70874334
9.16548852,4.76994755,4.97769627,-6.11433009,-17.91108229,14.65164033
-1.6056486,5.51514312,-14.81836804,4.45938804,4.1211404,12.7152053
-16.93672711,-7.38841947,7.35816894,3.94459457,10.79326178,-7.24960779
5.34604146,-19.84147385,13.21761128,-2.08748522,6.15622439,-19.48559488
-13.25711842,-16.86461185,3.21736257,19.20704259,14.6423117,-10.12661321
-1.48569634,-9.42012304,-3.79009182,-3.11108889,0.17420454,19.75096072
19.67545972,-15.58804983,9.92217391,5.61762411,13.4425398,-17.533239
4.50954875,4.37825183,-13.53368086,-12.01076541,19.52369568,4.68282092
4.0381662,12.93803811,-9.1917963,-9.92240636,-4.69237212,15.88033082
18.66579557,-10.26376184,-18.08439551,-17.69592186,14.48959673,7.08845376
-0.44058413,-3.14429637,-2.87561644,-11.14759611,0.25388541,15.12982651
13.80902531,-9.31606199,9.39643761,-11.09727891,9.95769781,-17.04930883
-13.4579163,17.69919279,-14.88966325,18.1953639,12.49927371,2.26339706
-0.44201754,-13.64338629,17.31577921,16.55886672,5.53965291,-9.97411293
-10.5573261,-12.5891166,15.61580274,5.54675785,19.79668556,17.32318294
-16.77522527,7.91637824,6.1154681,1.48206078,17.8059389,-8.29116086
5.33844721,-11.49467236,11.80744611,-9.98779636,3.26736657,13.98196147
11.58113439,5.99785176,6.19703575,-7.37494126,15.55006595,-18.58916538
-18.8687264,-0.65172349,11.02876786,4.11924724,-18.15905358,-10.27898619
14.50423297,13.83919496,18.7263051,15.20051753,-17.51520411,-15.28718929
-9.48744282,7.05245841,3.43594231,3.35656461,-19.18009488,7.29276877
-16.15634886,7.71875135,2.16545274,14.39787544,-17.62725592,5.22882988
8.55956576,-13.59551314,-2.68289068,-11.73496799,12.90893531,18.51041897
17.26617061,-3.76719546,-19.92183035,7.58859299,6.26354549,7.13008253
-4.77804746,-17.07098761,9.77940953,17.6843363,1.9844388,16.62456205
-10.66574483,8.22627647,18.71620998,3.81474877,-11.3413607,1.93646181
16.64908939,13.60415783,-4.9293818,-11.65993017,-17.4464675,0.5447828
-9.66978871,6.51605492,-4.98563114,0.97655483,5.90250038,12.44341358
15.76947206,10.44605346,10.51865154,-8.332595,-14.28839369,8.82831757
-1.57296291e-02,-1.58961771e+01,1.05475919e+01,1.45532246e+01,1.52066956e+01,-1.31744574e+01
-7.6982859,-9.2879139,18.65056677,5.32466519,13.36798236,10.66975308
10.76289016,-4.26168583,-14.66891209,-18.86488658,15.15252898,10.90232115
8.46392332,-11.79045147,11.19633089,-16.70791348,2.02979401,-6.79702907
3.34701306,12.46595774,-17.32140783,-2.72665716,-13.89859902,-0.5936815
-2.89329374,3.84461718,-19.98703017,16.1450487,-8.67856315,6.87912171
7.77725607,5.75255644,-19.12110567,12.78477693,-9.46466195,10.15946939
6.65016929,-17.40475195,-5.5316637,-10.24932912,11.09883547,11.4480953
19.88474219,-19.01378576,2.4603551,-2.71322787,13.1099559,-14.93224179
17.09333821,8.28412437,5.99611197,-19.82897,14.93481661,-0.25011253
14.96255661,13.18851428,-14.87988929,6.65779843,-18.03701188,8.99566005
-13.81125217,-0.36011721,-7.60856586,3.3294489,-8.74317105,16.42242738
7.25242229,-19.68779486,2.50131978,-9.42846694,15.80357316,3.7278293
18.22787872,-19.73305563,8.68347807,12.99620806,3.5467036,-19.1410264
18.07641621,2.70668406,19.40671673,7.97697879,-10.22019466,-15.52812519
-17.10152053,-7.50351481,8.55691849,11.68419089,18.56875189,-14.61293511
-3.57163762,1.80797568,-0.72763407,-0.20097576,-4.77341695,5.42655821
2.19453987,-18.4708422,15.60251001,-4.83075354,14.96531168,-1.85037278
-16.23305072,-8.90983818,4.45214007,11.77645935,19.14631183,13.23621534
5.51846604,10.44604857,16.53657464,-14.11922076,-8.41278185,14.12079454
14.18278088,-16.14253292,3.08317193,8.74318733,7.91397318,-9.00453461
17.97435253,19.79711406,-17.71828543,-19.34982939,-17.03554983,12.93159347
-10.44127302,-14.55236581,16.21712641,11.91936054,5.1783313,5.11734266
-16.97094111,15.46187347,19.46657159,2.3886213,-17.42268207,18.95245839
4.35677251,-12.31276268,-7.18587581,-15.27273038,7.88643717,12.49728704
11.22428518,15.05485989,8.10661145,-17.0005557,-14.08292929,3.85774467
1.65005447,-1.23731325,-14.78976622,-18.86498973,6.29985192,6.66108294
11.48715422,8.82283095,15.48119046,-2.40789093,15.79734653,-16.97355042
17.07003577,15.79991252,9.42242709,-6.85768795,-19.23453528,4.40615492
-12.1880069,-17.79074572,8.58408162,15.24430485,10.38940569,10.72704798
-19.63969091,10.24178253,8.5082616,7.55976797,6.45960866,-14.26138399
10.90927672,1.37458097,-12.01571166,-3.76396971,-11.23929647,4.61978023
6.83684149,11.56340879,9.61159758,-14.84770436,-1.23304423,3.40656494
-4.4445505,-11.77805023,-1.0918392,15.46809713,1.90881369,0.55105429
0.76597127,-9.61326607,9.90704492,17.88397492,1.99474472,-19.73621591
-4.65825323,-10.61898525,4.22729152,9.53686971,0.86024261,-14.50657419
3.48994258,16.80717735,-18.85311047,-18.97972915,-9.15681634,12.88919539
2.51798035,-13.66237502,-12.54614901,18.20091726,-0.0881605,16.18760359
5.70794264,-7.13578317,-4.01777892,11.18004585,3.76070143,17.32864339
-4.64201673,-9.11724025,8.15818081,19.74170369,8.67622291,8.99565074
-9.15171395,2.41760832,18.94123906,0.28785586,-10.60344438,-13.52574827
8.72745654,-17.05649195,14.15321633,18.67495498,10.82291018,-17.17282559
10.83349182,-15.24120473,-6.22709487,-12.13457375,5.64333033,10.72987221
2.7137718,1.16606109,-17.80587126,-8.61311318,13.90980781,4.13328351
-12.44930734,-19.2993367,10.84178254,16.87718558,2.29254906,-16.90124498
-17.60196183,9.69379096,8.54767902,3.89853659,7.15424925,-16.036867
4.99614083,-18.66896031,2.38777974,-17.96413005,11.0379226,-2.3958189
9.67390981,-3.23734227,17.98513038,-17.91142746,10.67927584,-3.48880184
14.84605284,-7.90126745,14.12915989,19.87471372,3.84192898,-16.37590451
-7.45247208,9.94240361,3.41817188,0.76786996,17.26250704,-13.690258
-19.43388286,2.97851105,-8.14419264,19.30045102,-11.29292402,16.41266552
12.43720738,-16.59682873,-1.16491228,17.89593636,3.08425513,8.71818792
-5.48748865,-0.21419552,-19.00453456,16.82980073,19.43797185,11.25361646
6.20292897,-16.0778386,16.42821331,-6.23319272,11.1219126,-9.95759023
8.74908036,-10.26130124,-16.53727075,-5.53354838,17.79268715,1.44504441
-9.73904313,-15.57968925,8.46476762,10.04564221,0.72193254,-12.91442488
-6.04720895,17.92443777,-12.51345761,12.24137285,19.70893353,0.79859088
-16.53103507,0.11776312,6.43006495,13.79360258,-0.83363386,-12.9018197
18.98163023,3.20250668,17.84340942,-5.73645944,7.74744487,-19.92817971
3.37120926,-2.09491668,-11.37536435,-2.9237902,7.66715441,7.85583838
-12.23245029,11.27526137,-4.43153586,4.68086195,-0.28988774,13.16091838
-18.51802787,-7.25521512,11.77218463,17.12012134,9.69465132,13.71400717
-11.33947814,16.40617638,-15.80604192,13.99437939,11.62164033,9.98465786
-18.59922,7.55851116,5.25655971,1.5221761,-18.07218216,0.08182916
8.68108183,15.55371187,1.99765898,-12.38704957,-13.56318065,16.8475788
-18.55578827,6.71170893,19.48215668,5.9201111,-18.27837112,-3.17949337
2.62452345,1.79111033,-17.60429753,5.86610174,-15.17594616,10.85422707
2.47020433,-6.03233742,4.95508034,-10.71261027,1.96895554,3.60289839
6.94606595,10.28493288,-18.53179593,15.34591427,-9.80716819,13.48622476
7.1162507,-19.27710428,-8.91383427,10.42847987,5.33512475,11.68420345
-5.47274508,4.95627142,0.93507322,0.35448723,-6.40176172,1.09039501
11.10611127,-5.78050997,-15.86630267,16.4632138,13.56584145,4.85961406
-11.73152465,17.92718457,9.0729056,10.55060227,-0.50607578,-18.19032692
19.42957314,-4.25307891,-14.18416303,11.97249822,14.99209399,9.74499424
-19.215513,4.46106492,19.89440915,11.98367176,-6.99705239,-11.01836482
16.08895136,7.8741043,6.24362925,-11.07580347,-11.13298521,4.20704629
2.9371494,12.7448758,7.27433151,-17.74914933,10.89610209,-5.53340492
-0.42052935,-2.93968839,-13.6757744,-12.43185174,12.43786934,5.21900221
6.18663639,-10.84455944,11.87289274,-1.68148842,3.23228173,-14.85851221
-14.90037269,2.51900127,8.04759514,2.34195991,-6.73915377,5.85055654
3.08699256,-19.46065114,-2.78446032,-14.05319916,5.70419484,9.08375137
13.35071815,1.59492521,-15.40559038,-18.51690046,4.4135541,6.95700938
7.09998333,15.23173029,5.50576419,-17.78896378,-8.13973988,18.48985068
-16.34953403,-6.26929138,-1.02868957,16.50725133,1.61307057,-6.15081608
-13.57829476,-19.39595801,0.36961532,12.33921611,2.75199673,-6.37865185
12.5202804,1.15551118,13.81445858,-5.93977292,-6.70067825,19.03804494
19.09610329,2.26211114,-8.000582,-8.61744217,-7.86631796,7.3052896
6.26574738,12.69600142,9.32091769,-12.40263365,-11.77416233,11.82398079
-13.47471945,2.3691559,7.14645249,-0.75767165,-19.03424916,-7.64566932
1.72282701,-11.1003553,-11.07882124,16.54175287,15.8222446,8.62926891
-14.82484146,15.30207118,-13.44362201,7.92063696,17.97086686,15.14105044
-9.2710412,5.51759523,-5.1097712,15.89968208,-9.81992169,1.06712958
0.40269816,-18.04435336,-14.73693692,-17.18741634,11.56519279,17.93675391
-15.56082683,13.68065289,4.19212125,1.9663315,15.00945312,-7.02943888
-13.40586193,16.7413502,3.85521702,11.91017602,7.3717416,-17.40492884
3.6269151,18.80235268,4.22329952,-18.27776307,-14.72029609,0.85709203
-17.58220583,11.09262682,18.56754148,12.07477985,-12.11003353,12.65078666
15.57408112,-17.00374823,-13.26661347,-8.67613724,0.40075465,15.33714241
3.68334571,-19.25049903,16.49568897,-14.4842268,16.41581334,7.79956583
-19.4215587,17.96098939,6.07070136,5.202072,-12.78468622,-17.80508248
3.79273665,-9.66685171,-11.88302725,-0.83863399,17.35150165,7.46851047
2.47602417,-16.08480006,-14.00785762,-6.89780873,12.39819413,19.05724035
-12.05130419,18.80607729,1.77434471,1.11399764,-14.21625591,-12.24432755
-9.74157678,19.20079041,2.04007134,4.39054365,-4.14474137,-9.51874543
0.30565386,16.96768644,-2.06677074,-13.50187676,-10.73725495,-1.55676202
-5.22539261,-17.46598725,9.64086094,5.34239398,11.70554694,-10.7857002
1.72225333,-15.96988018,9.60124275,-14.41931534,5.01951136,-8.15399408
5.46479841,-15.92409209,-4.79515348,-15.438999,11.77319754,13.23920921
-12.86174119,4.25389722,2.06279234,3.94759377,-12.10039441,17.44862826
-16.10019024,5.01256413,13.45786168,0.84699129,-8.66509959,-12.6844117
4.32911131,-11.73050474,5.19511322,6.12343069,5.51240393,-8.73051966
-16.43938831,6.22102599,17.83744346,8.05439662,-13.15767103,-9.23813525
7.96979417,17.10747584,10.07594767,-2.66441384,9.18376839,-19.78199838
-7.72001513,18.95003094,-13.65452842,11.24499626,-3.18601718,2.29979727
-18.88365215,0.72611055,-5.67024175,10.8368112,-2.95382636,14.46501155
12.86867905,-18.70860938,15.52765093,-19.37352576,8.44247821,10.74682144
8.90367179,-12.49710266,-18.25080226,18.64028874,15.04457556,3.53082646
12.11454732,15.6725958,14.11992793,17.56272132,-14.82773188,-19.92651486
1.46752145,17.15577164,2.01846354,-5.14487363,-7.07181988,10.19803007
-3.53446309,5.53117711,-18.96200972,16.98648354,4.24789928,7.9592535
7.43204337,8.04749488,-12.42830378,19.34837611,-9.38886926,5.65682476
-6.79192723,0.4007853,-11.17220722,13.61188288,-13.5451588,8.99634586
4.15304747,-8.53490819,-17.3835758,4.83335558,15.98437977,12.08057412
13.23171135,-7.51289455,3.6310146,13.06348476,6.23229022,-10.85339321
11.86378281,13.15154976,-6.21522525,-12.42278634,-6.55391985,-1.07625357
-16.60564058,4.77761551,12.25843398,4.85085587,-5.30530834,-5.52004832
-15.1479571,-6.96913701,7.99325976,18.62955253,3.5245127,1.91792239
-12.03047342,13.53592611,7.3332807,9.76419285,-6.51945264,-10.38420239
-14.36545597,-3.61264778,0.63947917,2.88390288,18.8280233,-13.75336734
4.11802685,-1.2672577,-8.04127827,-17.13192716,11.61135623,3.71991335
-18.53484088,2.97268755,2.30496619,7.65712818,11.66099059,-14.26390059
-5.16105862,-0.08014626,-19.9453496,10.07936728,-0.65774702,11.7833245
14.20188783,-1.79257395,9.45567412,-5.77609167,6.60635108,-15.3050101
6.30711463,-11.15375266,-1.93210134,-8.87152289,3.31707005,18.05840898
10.02827928,-19.15192486,17.05663095,-16.19298688,14.04399061,-11.5658691
-12.10717906,-3.60171275,17.64355925,1.8605647,9.99920064,6.19387479
-8.82757353,16.85256673,-8.18506809,2.98567931,7.07617925,15.84048211
-3.93714754,14.80177611,10.05993634,19.39362391,-7.1969258,-14.21967566
-1.61728292,-10.02334231,3.97995254,4.94900118,4.31445712,15.41283758
11.22249413,9.83939291,15.53009146,-14.84325971,18.07094233,-12.67041489
15.64700004,-11.94203232,-18.98662165,13.16017622,19.95543694,15.31724385
15.51894161,2.87334773,-18.87922726,-18.99602433,16.41587795,7.87167973
-19.42254455,0.03460638,-7.5149079,1.6908875,-13.29444633,19.56568774
14.86353349,-1.47191958,-13.6533459,13.34747397,14.36153395,12.04199021
-19.02642324,-0.7332513,-5.77229405,15.68782757,-10.6603825,13.68156803
19.93761112,15.15322656,-15.65113381,10.83208315,-17.63571856,8.95091569
-13.46054341,9.81851314,6.4172173,5.02770039,-19.59913627,12.61856749
19.94069456,11.56777428,8.00328048,-4.64249539,16.95428294,-11.57418462
5.11394028,3.0018044,-19.50145035,-10.75626083,7.0099924,6.2616309
7.78539388,13.13103044,5.57359808,-11.49680195,-3.63361162,15.74627414
-18.38394596,4.71830379,-15.22348496,19.13774457,4.6764964,12.56919117
15.60896512,-16.74138321,1.60061196,-5.02252843,12.04427255,-14.20513879
10.17842397,-13.95526556,15.817931,-19.75097879,10.04711325,0.05145636
5.53002281,18.58253025,-19.70009672,-18.97514853,-10.05879801,10.41132024
-5.03915951,16.08154454,5.30219887,2.783613,13.16890605,-16.16877843
-6.03454052,9.84818805,15.47958319,13.60188502,-18.79273554,-5.97098712
0.21577721,-19.17280237,-2.08735044,-7.40389462,0.56666603,15.97447476
2.37146183,-16.7250536,-18.09500354,-9.0142876,15.5897965,5.73121899
16.23825799,11.6686372,-4.98816772,-17.34641705,-6.70577058,-1.51225693
9.86723989,9.95931798,7.64587619,-13.29229175,-3.2786934,3.86969298
2.09311803,-19.4891005,-3.14075694,-6.94132228,14.33350412,6.70007643
-6.814264,15.05975268,15.79676498,7.14347211,-1.30492639,-18.49573063
3.21615452,4.35011428,-18.19024882,-3.17493988,-15.25522699,12.69568146
-12.5192261,0.80470784,13.01144477,9.15374606,-5.92154456,-10.17452224
5.78536204,-10.11799952,6.31861407,-9.10540268,13.38923526,-3.82144197
-2.2202292,0.34365032,-19.88810295,14.20951053,-4.10324535,12.41611655
-10.81840949,-19.18269317,15.83601083,17.91644808,1.59756337,-19.96736713
-16.12254758,7.89899571,-12.08882285,5.60590571,-16.146506,13.12189287
19.80684407,16.91367111,2.43013298,-10.27287931,4.67552637,-18.73278293
6.61061745,-14.36652499,1.10171229,-12.16994068,12.73472049,6.1479925
4.11787595,-12.04926828,6.30568236,10.47502203,3.94569363,-13.14334673
14.6805472,8.32523677,14.83209787,19.52718578,-11.31619341,-3.75766614
-19.43007233,5.38476974,3.58792212,6.66796776,-12.26628895,14.97123064
15.01171919,-19.00966305,-10.18537417,-15.91801128,4.56003063,11.27646302
5.73399188,3.64795273,-14.3403375,-3.81007383,-7.40164538,6.71121541
3.11658474,-18.99014769,-5.22625496,-7.74203305,4.18432785,12.42235131
13.35870121,14.83992668,12.40389279,7.23941409,-8.29565444,-16.00282937
14.68728213,2.21464407,-1.83343572,-12.55308589,-18.72574185,-1.14877767
-14.56644952,-0.7059517,-17.45015101,15.67387451,-0.04524749,11.61882561
16.4133571,-18.61856174,9.53975097,-7.72490625,3.81975778,-14.86535882
-0.48327127,-18.15649662,5.43804363,8.20272427,1.8062214,-19.85969769
-3.50153604,-11.90227447,1.45922011,8.92811494,0.69488127,6.64770101
-6.61517072,-15.85105183,-0.17473277,13.48300715,4.43789449,0.66255612
3.99747476,-8.52479618,-3.99241902,-11.04182306,0.48333422,7.91832775
0.93894751,16.27458846,-11.42087988,-8.58644705,-10.7005117,1.11072461
2.38924024,-19.53202936,-3.82112693,-15.9608024,9.35837046,12.64590714
0.02949617,-19.16503529,-0.63912104,-12.11965768,10.21259059,8.95888251
2.04128526,15.02388044,9.60364992,3.28079259,-8.78712664,-12.17437342
11.74938345,-5.61409726,11.02560602,-4.29095504,4.65428539,-13.41363963
-1.26151809,-6.52800841,18.65780274,17.45909293,4.93941553,5.40926998
19.0629498,-18.94011438,3.86284348,-4.21890866,16.51260236,-7.80606137
-14.53160593,-1.61647996,3.21923032,8.27956403,9.53313739,-15.13341045
-13.33935404,2.94521793,15.28371917,4.96040256,-8.94990673,-12.87391995
-8.05325644,2.47226561,-13.91258961,11.79937077,-14.34042569,1.43131325
8.43762617,4.41708291,-11.79423219,-9.53976589,-14.83581983,6.8184839
11.97594954,-9.85296485,5.92266953,-7.09026864,1.22078262,-14.88995474
17.66841066,-15.61980267,3.80829252,-8.14788925,-0.36985601,-14.55175748
0.99264274,19.74213721,15.46195871,-5.4585029,-3.51607561,3.23045103
15.02949339,13.62049181,-6.0477647,-17.10914338,7.6701999,2.70375883
-10.86271103,-3.5491606,0.11112931,17.90425718,1.61623139,5.43948353
-15.64513131,15.30704407,2.00526166,10.99961181,-8.63541591,-6.25159913
-13.2629414,-11.6491409,2.80305059,18.22291928,5.96048186,-12.49556208
11.66260952,-15.1092242,15.65973315,-19.42487462,6.64614988,13.06255898
-18.65789814,13.40946341,-11.61648151,3.10056219,17.19076405,15.94616274
13.40170284,13.27384852,-15.46138408,-13.07036677,-19.41084864,2.86877205
2.7281585,-13.26023083,8.09607525,-3.42461796,3.13765382,-15.4231011
14.01442441,18.59907793,-9.10597422,-16.10579697,2.93018526,4.97178669
-15.49550775,3.49618841,-0.31062793,6.00101698,8.1294385,-11.872541
-1.30217988,-11.23564292,16.09589104,7.77608051,3.14434553,14.83730571
16.42750806,19.13558749,10.72503029,4.53689289,-4.66284645,-14.48726966
17.59147847,-19.87976949,7.05845714,-1.93856816,12.1152554,-19.95434285
8.16294152,-12.70216576,16.21190131,-18.49836518,11.1603697,-5.93737587
-19.18029682,15.51365818,-8.12686192,19.05033649,-19.00961155,1.970587
11.87854046,16.79956354,-15.02961714,-13.28106297,-12.55087346,8.38951584
-14.17392857,4.84934424,-0.16922229,11.88397943,-10.09433124,11.27435957
-4.77408087,10.05622854,5.79955556,2.29716968,-16.71206603,-4.08709708
7.92307225,-9.14437935,-18.71665344,-13.47946345,6.86711229,19.99922175
14.67687815,11.10971118,5.39464888,2.65983428,-7.28671904,-10.20797504
15.09553693,-17.59726892,13.12284492,-17.79732191,5.9091244,0.80895413
-13.32955695,-12.3661417,3.09689083,17.0695029,8.50876796,-18.57341502
-18.89789667,3.42638759,8.42926275,2.95532429,9.39315411,-16.62311725
-1.72142975,-18.4762373,14.03596113,9.01812938,10.41444978,-8.20600568
12.78119087,-0.03215375,-15.4459445,16.2094433,8.9055967,-0.31660728
-8.66610198,-18.32270877,13.04526003,17.23336918,1.26010991,-17.80446387
15.10863167,-18.60612374,10.61773311,-17.72274399,11.14276623,-5.46023762
14.0137276,-7.38395258,-11.25127089,19.66960898,18.92517887,2.0606825
-15.62796845,0.33196076,3.95795321,13.23907831,-1.39410894,-16.58477927
5.0189926,9.72627976,-10.44894459,18.86111671,-13.01008817,6.00006935
10.55451636,-3.8112502,-18.29304469,10.3517031,13.14580055,2.2871562
7.6499204,-16.10407238,11.75318204,-2.83984824,12.68918777,-13.58103728
3.41754171,-16.67122971,-0.37669113,-13.81821857,7.11484292,6.67938765
12.98305568,-12.56403189,13.98681154,-6.7645072,-0.38594798,-18.13128477
13.52478794,0.46985849,-10.59196089,15.14193935,-16.75182809,2.80747502
-1.79515883,-14.25054115,17.08036221,11.52797682,10.22685331,12.61911415
10.37509087,-2.3393404,-13.05116597,-11.75012129,5.19928806,9.9126942
3.47706363,-0.28048283,-5.10402723,12.37861238,19.38253376,0.85980294
0.8103995,17.59007172,-15.45138516,-4.85123999,-3.36711465,12.23733988
8.16101331,19.93484722,10.1514322,-4.97583052,18.56810137,-19.72118409
8.0101962,9.40570309,-18.1039573,-14.25580692,-6.20970102,11.92043624
-18.70511764,2.13607701,-10.48491795,19.03697474,-5.04812757,5.29119033
-5.51379188,13.30488586,-3.82302104,2.98812676,7.16665575,8.32378568
4.8498077,12.31826511,-14.37143884,-11.68433374,18.24777973,5.24067553
-4.66969856,-19.68462223,-0.41464121,5.24764508,5.92537835,-17.52326908
7.12520971,-14.92885844,4.21001689,17.56464138,10.43819468,-7.95390895
16.99782525,2.63380043,16.83354238,19.35069116,-9.08762726,-7.07320248
12.68614675,-3.68355888,-13.47762864,1.80216588,19.15958617,1.32496578
-8.55759579,0.82763377,-12.67244874,15.19099547,-10.64612192,4.7741313
5.92039768,2.06413839,-19.61676931,-14.89514165,3.98043978,9.89635731
4.18376327,16.70015211,1.98799648,-8.49941132,-1.09181679,7.4366838
1.26800992,-15.91254099,16.44400704,-15.27957335,10.12832309,18.68092274
5.58476673,-10.65846798,5.06157675,-4.67464629,0.71866136,-17.53700287
-1.41929397,-7.08930781,5.30081712,5.95954302,5.99530146,2.40286457
12.97881025,-14.17568149,4.81484156,-8.73373289,14.56636526,-15.40175595
4.65945297,5.57307253,-14.78834479,12.18556595,-19.62056074,11.05441556
-18.445381,13.740844,-11.93284001,16.98651311,0.50079215,16.34670777
8.74107704,12.06595174,18.93094705,-16.34781171,17.02572636,-12.79926591
-5.34070339,15.06118775,-19.69780935,9.26336162,14.65975011,9.46822162
6.37232284,-10.49922869,18.98322824,-19.72709054,0.89924383,10.39599915
-15.8689096,17.09652831,2.78257472,3.18498109,9.48970671,-19.10147084
-3.43323042,6.64980675,-13.18055313,13.49050259,-10.9256238,10.3800945
-13.82384983,14.84327072,5.73197665,8.0065546,-6.14068451,-6.84068162
-11.93409794,-19.54242021,2.16195869,19.21997142,0.55054596,5.14409823
8.21930377,-10.90043775,10.37961874,6.23320801,3.45808157,-15.24831295
-17.35607382,19.48398563,-14.04295876,19.51572589,0.25847471,4.19057751
-18.79625898,10.7018666,15.90221184,1.15470888,-8.48681157,-17.51492413
10.8525286,14.68060332,9.64610748,-1.777794,19.19503016,-13.99344349
5.82565534,-14.86059998,9.14551596,-10.32009555,1.4962317,14.25255345
-13.8290464,10.45373014,-3.18856442,19.1624694,5.69562122,2.20322603
7.36944835,6.91289868,-14.67348106,8.1833566,-16.34461861,4.1127523
-12.19788278,14.80274734,5.08969235,9.17868469,-15.29863352,-0.506475
-1.15106025,5.70911256,18.41734804,-0.79328609,-11.69643967,-8.04144071
0.39051203,-12.88072236,18.18006436,-12.54700467,2.60276271,-14.50993201
5.16368283,8.24016836,-7.37030118,-8.17737957,4.27336906,6.46840133
-3.72982117,-11.62144167,-0.88080866,16.92587415,10.74864051,-19.21009604
-11.34268743,3.4985512,19.15712608,3.38346078,-10.67294586,-3.88674285
-13.65763422,11.7759541,-8.37764973,12.34339421,17.64579625,16.92340024
-6.75300414,-10.31129905,5.2351174,3.59173473,13.34369867,9.01394204
14.24344448,-19.36903369,-6.50309527,10.08295085,2.77586793,13.02661518
8.87149682,3.2905352,5.14592543,-13.38878496,5.13966243,-2.01054009
14.14912815,0.74765375,4.51192101,-2.57553072,-0.46074314,-19.49106596
11.56815324,-14.83169016,18.1597207,-11.69629572,10.48078839,-7.40613021
-15.14683009,16.93631384,3.15532796,9.33059993,12.57543936,-5.51122428
13.49586426,-14.00139827,9.51563038,-10.22368162,13.59700911,-16.66696778
-12.8379794,2.35550891,3.88302856,4.78120696,-1.16652156,-13.61789277
2.65960478,8.96312001,-14.20502574,-7.56461596,-1.2717778,11.09339144
0.3010861,-19.49928927,14.11357445,-9.25708745,3.39284096,19.34860141
-10.53197457,-17.84435544,18.89448518,15.81255233,3.55537643,7.97742662
-8.86234442,19.30908713,4.9060303,4.41816505,-12.1116796,-17.5228343
-5.18053717,-14.87040581,11.14318413,14.63263353,6.79578019,-15.27483644
-13.07277586,-17.96153461,7.14829448,15.61745131,10.75721769,-10.6687526
0.16852027,-13.40654425,7.8097717,-19.91408791,6.63735967,4.32299401
18.49927992,18.50863878,6.17684127,-19.4051497,-10.62331679,19.11615949
-1.6851922,-13.21803375,18.54626336,8.48748196,7.1168234,-6.29128475
-16.41761327,7.30370443,7.41404706,5.36233151,-9.76442625,2.72748279
-18.65582306,-0.21901169,9.58850232,2.20320161,12.61367862,-13.16481915
-18.67692026,0.22486851,0.86311263,6.88895649,-0.80919021,-18.22473104
-17.01053583,9.16077874,7.78673407,4.57734532,-16.41850495,18.52732162
-16.62528584,10.83945151,14.47016898,7.59483464,-17.6061006,18.52571957
-0.62221122,-12.46200798,13.50097138,8.65501657,7.11740904,-10.39215425
-16.72180324,3.01744128,-5.10868697,9.38149213,-17.41672141,5.42373985
-4.13625737,-8.74680744,15.30168468,18.12046788,4.63392661,-19.46862303
-15.40684095,5.97708907,14.97112756,3.23321001,-17.30019926,18.37913329
-9.81446255,17.11202864,5.07280816,3.73729895,2.57095429,-15.25284475
8.99869956,3.60623439,13.70499869,-2.35469669,-19.25045162,10.59359993
-14.2891366,-1.13416293,0.97675228,3.18188389,5.6439802,17.9128575
-14.77284963,12.04194239,0.70478695,11.7235384,17.00808654,-5.01576057
14.86031879,4.11807476,17.02143912,0.82917524,-15.68563825,-11.00465411
-1.91085442,7.0864888,11.87309321,0.83846164,-9.06028143,9.61402721
4.5744769,-4.95625695,6.70405994,-6.6368,2.25400672,-3.62952123
-2.45357378,15.77306107,15.65666728,10.76996446,-12.87823368,-19.01839958
-10.04290233,5.3385278,-0.29804604,-0.19227968,7.76849581,11.03967109
-18.48838669,2.20771626,19.07521498,1.96766773,-11.95652991,-1.81160605
11.16220366,-15.27122018,2.12071497,-5.11970675,3.9864708,-15.55100972
7.66861553,17.31656649,-4.79491922,-6.06278165,-17.19842404,1.83416107
-0.38664015,-16.52617282,15.59654639,-13.93797487,8.22396014,-11.9472202
9.59123496,11.98564758,12.22428606,-17.63527093,12.11533286,-3.93650144
7.44171927,-19.47375415,16.00197782,-19.40944901,15.1441871,14.30442192
-11.63998871,17.57321478,3.79500585,10.72440978,4.80638482,-17.00023704
-4.81845622,3.39148254,-14.09162884,4.0560318,-17.09763326,1.52618123
18.93484549,2.48497056,-19.50664657,-4.6330751,-12.75330608,12.69852788
17.00474736,-18.32156517,3.81013364,-18.00108999,0.66565109,-1.29058402
8.29310407,-2.04740985,-7.86750149,12.01274407,1.01525543,19.68203558
5.47149303,15.20396805,-17.42043908,-14.26501629,-6.92719759,16.34250925
-9.44263747,18.12735537,-17.91341591,19.79305065,-18.19725233,5.71668606
14.92415863,-19.11625088,1.94894413,-2.76492547,-0.65744044,-9.20924099
17.55890359,8.0765191,16.40601217,7.850027,-15.58964589,0.569228
-16.48867335,18.55257253,-1.96038102,6.61102202,8.06677167,8.41202838
14.94462076,14.90308112,6.16861426,15.84070051,-6.69618201,-16.90978516
19.66737284,6.44033121,8.38503802,-0.3954219,9.63715312,-19.86733752
5.84956572,-16.2173029,-8.97010826,-18.45409135,7.21517446,14.83759061
-14.85817933,0.29044056,-12.85251411,1.20281603,2.7221018,15.88368205
-10.39254846,16.58009212,9.15419974,0.5912091,-13.50947826,-15.36662688
3.63170099,5.6721636,16.60752068,9.27831013,-13.90720498,-13.41965845
-4.78503999,19.25519716,7.94568386,2.61877847,14.15834032,-14.44040622
-1.27642523,8.90355292,-9.10297708,1.21280103,-14.23340849,18.14667905
0.61136324,-12.68969895,19.67906262,-2.69308471,9.71904966,-16.61889342
3.22198565,4.76755602,-5.51910207,-19.92716856,4.49667048,3.16004786
-4.91736766,13.99165167,1.24536611,0.53923089,-11.5551325,-4.3065203
-0.35891614,-17.95686601,6.05028303,11.35437845,7.05699278,-14.10438506
18.21698389,-6.35490676,13.17923151,-2.36779472,1.06376498,-12.98689392
-9.47073494,-9.16683524,7.0058662,10.87272995,4.55456372,-18.05237151
12.28978961,6.31040858,-18.48566645,-2.74252446,-17.66092634,11.89433626
-1.82901651e+00,-1.11755681e+01,-1.79055415e+01,-8.40918299e-03,1.01081388e+01,5.62492055e+00
0.80157534,8.31756696,-9.21403922,1.60217768,-19.12680286,6.51929745
8.19245405,5.54886884,-19.77784297,-18.43465984,15.02312873,8.08342642
-6.828214,6.16617896,12.34639111,0.85108133,-19.01101636,-9.83107817
10.54040461,19.2936848,-13.8632341,-17.33617084,-13.84747042,16.24767999
6.21543161,1.37343577,-3.26977039,-11.0802015,-1.33896829,2.0862654
-16.66307126,-0.88626775,9.73625668,13.30859107,13.2985646,-15.05783605
14.71802077,10.79230482,5.49743323,-4.75822245,-19.85865922,-1.15428443
-11.53219405,11.0748411,-2.65448993,9.44074985,14.39263119,18.51447004
9.72594994,4.06425572,-17.42402985,-4.10653871,-16.48805392,0.58284078
-12.94346683,14.5588382,14.01355901,8.08410096,-18.73025051,6.2269757
18.93833334,2.99175473,-1.76656345,-14.31998241,-8.23764778,3.98388112
10.67599273,1.10068286,12.78278128,-14.12034298,12.43251279,-10.75532489
-18.93408122,13.83803191,7.06602076,11.99639324,-5.78202852,-10.12581294
9.02485218,10.96744388,-3.98904871,-16.61414728,-2.00924067,1.86886037
-19.32285086,4.97274717,17.30318879,11.94243506,-17.23201544,14.31706706
10.90163044,-2.12267856,15.41815404,-14.37066875,18.04723279,-8.36387351
8.02058795,13.57606781,1.70445645,-1.89318277,16.34371281,-7.85884435
2.88786423,-10.39114022,-16.95077424,-4.70586224,4.72957746,19.00011516
6.85523727,-7.56349936,4.64252672,-18.34942681,4.80348362,17.59602455
14.03113071,-17.40883375,11.78853787,-16.38655703,4.13848855,-2.39068187
-16.99539066,9.93762783,-4.54687245,11.96382151,19.11660064,12.55150112
-13.0015373,6.86105264,-16.66199862,19.61804956,-12.76361937,5.86451645
-9.58558763,3.87549294,-10.44177603,13.1408622,8.37273331,0.80630816
12.60121975,-8.82798527,-14.90063659,13.58506485,11.57743236,11.55982806
18.4311221,12.274921,-14.09215674,8.08281587,-16.60773126,10.30272293
3.87597985,-17.84969418,8.11575287,-17.9009578,6.94607339,7.11456191
14.37066943,-8.04144867,6.27451466,-16.96847514,2.31633252,1.26752636
-11.65286496,-14.62234326,3.63575036,12.11502711,9.34293032,-18.86241068
12.49009084,-17.08801474,10.97039988,-13.09387629,4.52718399,-4.08871252
9.35105019,-17.29769782,-9.6206028,13.83352796,13.88564708,18.80866903
-6.90724386,6.93102938,0.09937665,-0.11591672,-2.12541455,-19.1463173
-1.01753158,-9.56180787,-13.10240498,8.61802585,11.2699049,6.76481689
-15.02924931,-8.56458567,6.22251585,11.99465448,14.15102668,-17.54998289
13.95056475,-9.05440252,-15.72959381,0.29684,12.90697659,4.2345277
17.36659447,2.52509885,4.94751238,-14.50559503,-14.46858403,19.53371733
-11.86923951,8.16956084,18.8084077,10.36453713,-19.37418396,-1.83529196
-19.92068161,5.39656437,10.35334059,2.02200292,-8.40918583,-2.02466074
2.50976182,-11.83811518,-2.88937232,-11.26283995,11.13277595,11.32448901
14.2253526,-13.13300568,2.41203283,-11.81858332,3.81357851,-8.72918473
6.14126925,-18.14946404,-0.5109846,-11.77455874,12.07120973,-0.54507573
3.19181466,-19.35744609,6.98869235,-6.2844951,13.19098929,10.30762765
13.21445465,-14.63641714,-5.44994783,-10.28920169,8.53439073,16.9911044
7.57260574,0.21740608,-11.89388421,-9.97855531,2.65637306,2.97099844
1.24819314e+01,-6.80991822e-03,1.23426081e+01,-7.43832978e+00,1.01615095e+01,-1.47869986e+01
5.07281025,5.02793023,1.71983023,16.61247574,0.35311277,-16.3063545
-2.39215554,-12.98213795,8.27201332,19.68030841,5.45991867,-4.03657185
2.59312307,-8.20104084,5.33731884,-2.40017459,5.03959845,-19.4178803
0.82844772,2.60432729,-19.73889211,3.11114636,-12.4975215,12.01244017
18.02641424,-1.48767787,-11.09017892,3.46352578,8.75277616,6.32676606
4.68529453,11.35089212,11.7246233,18.63812018,-12.42306623,-8.39956359
7.43830927,5.30305861,15.17836572,9.1718377,-17.48030306,-12.78461316
-19.02218264,-2.2154257,19.75005163,11.09540075,8.48160734,3.04013965
17.84868154,-7.93873167,9.97768577,9.42306155,1.77305643,-13.0039086
-5.20283546,3.4006424,-16.03612949,16.65096178,-5.58483608,15.29700169
-6.94461118,-18.37384451,6.49772939,14.06109825,11.81917516,-8.70934908
8.37774036,-8.30238676,-1.05347238,16.64382676,4.71561492,11.1819177
6.42098503,1.04413827,6.09826755,7.80891964,-5.27014003,-2.33088698
-10.73127838,-15.15417547,12.68995725,16.76264603,9.96501234,9.49113109
3.0216939,-9.57235922,-2.45274618,-16.87164959,7.99767572,9.78401272
-0.73361137,-13.12295231,2.40175202,15.78398099,4.34710272,-11.92024397
-16.19547846,1.22493403,10.29019521,4.7636636,-14.8381313,14.92225531
4.19721782,-6.74271303,16.44083463,-15.64279922,1.86853228,-17.07901835
-7.29781313,7.36107886,8.64570089,16.0689342,-4.48721689,-12.80352812
-9.92135843,-15.00439379,10.29696861,13.71694837,2.96807137,11.48158813
11.33862912,-15.12963392,-2.2699137,7.66299323,14.50589822,15.86358688
-13.11243541,5.05991451,-17.12108556,17.41449039,-18.13372866,3.2024506
1.27527984,-3.08903892,-19.95442775,9.36410255,19.7020135,9.18280246
18.55385896,-6.50225037,-6.94255405,14.79666844,17.09646512,1.62442438
17.03916396,11.83698403,-12.53219143,-18.16832842,11.60626834,7.28336628
12.90873672,3.83171697,-4.27893484,6.58859058,-15.34813932,1.76024842
6.70796268,-9.65470295,2.31755896,-14.74100949,4.4330636,13.06433004
17.45879822,9.72712481,-11.41664339,-1.09813972,-15.90343794,12.48346505
-0.4742099,-16.68706905,-12.22858943,-1.74187439,14.41310116,17.71877662
-8.56658521,3.36164656,0.41822877,4.90359016,-11.73139487,0.46484528
3.34981552,-17.85377145,17.67406254,-4.76870624,11.4948835,8.59237253
-0.18406806,-4.30199893,-6.34840747,-3.67488507,0.89943177,11.15484742
-14.04359943,17.77359876,8.59486743,5.76134276,11.49522364,-18.56119925
3.70653711,17.6002096,12.47378238,5.68949631,-10.16673327,-18.64898093
5.30254115,0.92255138,-9.20095495,5.65203974,-3.38950906,4.73398197
5.78133014,-8.90610163,-16.31750898,19.82776709,9.33650661,7.55429031
14.00316891,-7.26878225,18.18453211,-19.14286943,0.64506971,16.86093193
19.108778,-9.03868683,13.55151362,-0.99958216,7.49773643,-13.82838348
-5.928372,3.43387916,14.98477781,3.721573,-7.12345444,7.60914636
1.22307854,4.55981552,-15.15817476,5.36744466,-15.80208872,1.34759721
-18.00034233,5.25067446,12.01200597,7.46486313,-12.3786097,-1.99714536
3.19905669,11.46971404,14.27522145,12.91202846,-4.37081645,-19.1935467
-0.43368628,-8.62857168,9.45222533,12.87261241,0.22369332,-15.93834254
3.97492963,-10.50082615,18.20101286,-18.81856465,7.79158983,16.05759528
0.06307773,14.0951477,-15.71797761,12.96312931,-14.76756264,13.16832879
8.72565232,-19.53191445,-10.43906395,-12.5438592,17.23536645,14.54614927
-15.95473593,7.42015073,4.80911195,11.97183626,13.63728143,-13.78565914
12.30471773,10.07553587,-3.53895582,-4.15099031,-15.41503916,15.32370744
-9.41460705,2.89654306,-0.59381637,4.64493056,-3.23121062,4.14815584
12.36845577,15.01689509,-15.5827575,-15.10390144,12.12846105,14.65736086
16.58234726,-4.41719405,4.29399795,-1.64631679,18.48105315,-6.95544742
17.47640599,-16.6148137,-4.74675946,4.35339146,5.8745285,15.0402805
-9.69446638,5.18906246,13.4787626,9.14343686,-13.87562802,12.03172623
8.45442663,16.83363268,11.47886492,3.5187315,-18.88544698,-8.68323154
5.5542361,-15.00072033,9.05567676,-16.41461681,8.13586122,11.01214946
-5.47184091,-1.09261395,17.02775585,0.66575911,10.52540764,13.7048492
9.76105945,-16.82427554,-17.92306727,13.20752873,17.53804038,5.52427607
4.64680234,3.22265022,12.10584171,-11.66648931,3.5920262,-2.69692447
18.33937012,12.96727801,0.95040748,-5.82800306,-17.1339193,19.83364144
5.82806074,-19.6565339,3.31634792,-18.662756,15.67990823,6.38064643
13.55825845,-12.37405145,2.92524223,-8.06343404,-0.55758643,-15.2896846
-19.59633924,-0.44303301,-6.72278168,15.74803949,-15.92958762,16.55121846
6.17764414,-12.50101448,6.73402365,10.93417848,11.56454292,-16.0815683
9.66000511,16.70645998,-2.59454105,-7.71604225,-19.29858974,12.7993166
16.90623162,10.07453942,-17.75023263,-0.48921434,-17.18886622,7.50633228
-9.48746962,5.10991358,17.85617564,8.62384987,-16.80644859,-8.37564078
-13.08445769,-3.75723341,-0.57297915,1.36089824,15.20830846,-6.47994035
5.43992554,-14.84921193,-9.40744936,17.44738974,17.45958078,9.10033306
-7.12765892,2.5319203,-8.06604733,13.78573573,0.59957322,3.60084796
-17.87882718,11.56096683,-10.17259445,16.6054799,6.18911643,12.99933882
-7.85527369,13.34747893,4.45971601,1.27150787,-6.73757987,-17.26184691
3.867685,12.91158796,8.12804667,1.41341116,-1.04591391,-14.18834153
-13.82180126,-9.5833418,10.5995171,4.50692897,14.02380536,-11.0361217
1.71462779,-11.85683006,11.66431082,-13.17647082,8.02240205,16.53792238
14.91724152,19.3948236,2.35640905,-16.69782632,-11.90813606,12.13893533
-14.80866406,2.35045456,-11.73151536,1.77235451,10.91813026,17.53127133
6.74983793,1.20656614,10.77598467,9.24966836,-13.24804975,-3.81674636
8.15424645,10.52147417,18.22926985,15.37560183,-12.26458069,-6.96081535
-6.43538904,-3.54680144,8.4772929,2.16320933,14.40583925,11.59869432
7.4009991,-5.76394391,7.40431165,-4.65348678,12.55045816,-11.33357993
2.96443768,-14.38478864,-2.88967645,-10.83022208,7.72016711,10.37156137
4.26771884,1.97419095,-6.02809424,-13.45078315,18.88515815,2.61470902
-9.79523321,13.7998627,-18.07757046,11.50787653,3.78975368,11.40835482
2.19659092,-5.53170747,-10.29943448,-0.92463053,11.5831299,1.62541024
-11.95455101,3.80772163,-10.32104993,8.89094825,-13.8448176,13.69029405
4.64565983,9.5971318,-15.2859698,-5.95169564,-2.65517632,11.31507841
-1.07713058,-3.62475569,-13.48446089,-3.13100923,12.5471496,11.36281198
-16.65471029,-11.12332509,8.65769091,11.04894513,13.50736954,-7.22938534
6.0472114,18.96895792,-13.45688919,2.44725438,-19.59362614,11.27059622
4.50402928,7.73328011,18.63255617,-18.34071842,9.56216455,-10.78747616
6.60070837,-9.99568284,14.25191824,-11.72176175,3.68566353,19.73282607
-9.81743757,1.69756563,-3.50857246,2.37324673,-1.48200694,11.79370343
16.22019787,15.41081333,0.41809764,9.32184433,-12.8437348,-18.52757977
-15.23468772,-11.79248074,2.95847916,11.46968412,16.35272308,0.40277667
-6.23709394,16.17514856,-12.60362652,10.6985943,9.18713758,5.85066074
18.04865163,-18.32831421,-2.03181811,1.85598801,12.57054671,13.94265508
-18.80489489,8.97514326,16.17402485,13.69289855,2.03796882,-19.55197385
12.82514241,-18.32019743,1.63727743,-0.2294393,0.28296212,-17.54423192
17.18291645,5.83787121,1.31834513,19.35529382,-0.30848281,-14.15964451
-12.67419623,-10.96692362,-0.672667,2.91156173,10.48856904,-10.12119185
17.67651181,-11.68886661,3.05154673,19.07705235,6.64796322,-12.15494737
12.66032786,-11.39265623,-7.37114289,-11.86344426,12.54957915,5.75575234
-10.48267426,7.32265586,2.03323952,9.04824086,-1.39692528,-16.11960189
-11.57277817,12.49639139,-19.28396886,13.66971371,-2.73767543,9.20263937
4.61489348,-16.02778846,2.30483841,-15.65031706,-0.29031712,8.72520186
-8.85948503e+00,3.92589637e-03,-3.26372333e+00,2.41256888e+00,-3.24143299e-01,1.39900082e+01
-12.32392159,16.06634978,-7.66722609,5.02652132,17.69906954,16.61905014
-10.82150213,13.62567906,-14.0843493,19.45478355,12.243796,2.39347653
4.6174092,0.189487,13.37826542,-14.05177147,4.65949598,-9.98691476
8.92391989,8.23755654,10.712741,9.21918926,-13.4774599,-6.68358103
-7.22031012,-0.13941877,-11.59661441,13.25231665,-0.92764108,8.37343009
10.50169915,19.05335166,-7.90678343,-16.13784324,-16.23421113,1.77582251
-6.77348376,2.75081012,-10.94095281,1.70766556,12.53474124,19.15816416
-2.46122143,-15.20769101,0.75578979,8.76864398,8.3169077,-2.95052305
-14.94105129,4.53386601,-7.35332447,13.63830746,-15.5215723,8.72347048
-5.92849241,-9.95521628,1.12588313,13.30195951,5.13195876,-9.01622474
-0.75538452,-13.40263323,5.42853713,2.19001737,-0.03160501,-19.73483203
3.85006432,2.73715218,-17.20574607,8.22743444,-18.39238403,9.13243312
-7.80313039,11.92209223,-12.42833245,18.51750105,17.38881154,9.72466878
11.8257788,12.73745242,-10.91244826,-13.95426614,-11.69127197,7.49313214
9.72670296,16.03747981,3.34612082,15.35352549,-11.27747639,-5.53905639
-10.55739849,5.68798885,1.47614875,6.80772384,3.00704422,-11.1991418
8.20868959,3.55892244,13.74243021,14.66715636,-15.16651374,-8.15829355
-15.81243197,10.73887414,14.3292597,14.75656799,-15.36486705,-9.80083131
14.30150631,12.014031,5.43358544,14.57335582,-6.05558272,-18.82743117
9.11124679,12.14086199,-3.62032741,5.43114955,-19.64385623,0.37910512
13.10681715,-13.63580397,15.60132482,-18.57433969,2.89949272,2.46826294
18.49145866,0.45464231,-19.16862708,-10.58907339,-12.77797081,13.32517044
-8.14586256,-9.3109512,18.33835946,9.59840744,6.27919767,11.11346921
17.49276861,15.18316738,1.68509037,-3.1526916,6.63523416,-7.63304338
9.41598824,-13.21996799,-8.02543108,-19.88504886,18.21849662,0.69906942
-5.18311527,-8.87322373,3.69897272,7.57353005,6.31520857,-3.52719302
-12.04294741,-0.27023279,1.36390806,2.83522086,8.28781278,-15.95703493
0.03880405,-8.43776171,14.44828989,-2.82735234,-1.74666877,-11.26057868
-16.83043032,12.12184692,-6.80420137,0.38986181,-16.15500243,13.69756107
-9.91476966,5.95794909,3.55729015,3.90144896,-2.44486313,-10.09518956
14.60690532,11.84798415,-7.73478099,7.57154043,-18.26572688,2.72253123
16.59010237,-15.37017256,-10.87223525,17.16586564,15.17395909,18.03894967
-2.94089223,10.53177233,6.75996154,10.73782396,-18.28076808,-4.17254332
14.17844573,2.10438441,16.94608569,-4.00317843,-18.98720933,9.06224619
9.79454321,-14.56044653,19.81993645,-14.63095714,5.20720421,9.05387447
16.03848645,-12.35389447,18.91996371,-17.75746551,1.38478991,4.13498843
1.06641438,-0.76202917,-12.12103693,-1.97903017,9.58378441,9.85110479
2.89691206,13.24894588,-6.45313939,-13.46676146,-7.33438498,5.81887721
9.03725847,-10.96822908,10.27500259,-16.15921368,0.08774649,0.99318643
-12.12123685,16.22543736,8.60894751,4.14851338,-16.12208686,-1.37403624
8.40655501,4.88748336,7.8083868,-3.540923,-12.23259999,0.14464811
-9.74540451,-10.01928713,0.02338157,15.26709182,8.22406223,-11.37758518
10.05653922,-4.32106806,6.29995078,-6.2975506,3.80289165,-13.84439505
3.10299779,-10.79499081,-8.9776897,13.37743177,8.49775604,17.46562371
9.43261082,-2.86938993,8.11246836,-9.20373269,3.08307414,-13.24524124
-16.00434012,-7.12215381,9.76829608,7.6387222,17.50549266,-4.22234403
6.7020781,-12.74964885,11.26576198,-11.82493377,8.56292542,-7.57151101
13.96541823,12.86531406,13.50545492,1.09946104,-18.50619329,-8.36563885
9.78121527,4.19561067,12.32196561,5.41790493,-4.87651144,-3.63488298
14.01457659,-16.5195457,3.21499261,-6.47885463,4.11758224,-12.88475401
-17.61415978,10.40313948,-0.10634918,13.58282038,1.0180316,-4.547139
-16.97129317,13.34898164,4.65778222,4.20209419,-12.96703378,-19.73415711
12.35226846,-18.40925103,-2.04414269,12.2614052,11.91018415,6.86007076
4.92089402,-14.30227705,10.3607029,2.8768777,4.53714823,-15.20209394
3.91306135,18.41388647,5.03500912,-15.64282639,-7.90461472,2.83702414
13.51184651,-0.34930061,-17.86127877,15.38806707,-5.00711929,3.31557608
19.98566982,-1.51011609,-13.78395611,12.93552192,6.40165309,8.81495919
0.29861846,-6.61741757,-18.70161666,-2.81707543,10.40825302,3.44014832
-19.34103942,15.61230322,-5.87385835,11.70935296,-19.49111256,13.10120747
13.27340439,5.05554996,14.27783539,3.21199057,-11.00662737,-11.5381957
19.83823201,2.97816625,-6.4006383,6.10148024,-7.2280454,5.077111
-1.97550975,11.32598708,-13.56248362,16.63642449,-16.47436244,0.79924586
8.3454654,-16.94759972,3.8816301,-9.38148448,5.39958585,-12.13453056
17.64135826,2.89272762,10.00419066,-13.20071567,-7.78517863,9.78839042
17.0801599,2.41334641,-19.48341269,4.66008966,-11.83887687,6.37014853
-7.42568912,-18.88332675,7.1997045,13.53057629,12.42531353,-17.03483304
2.6499868,-6.6379641,12.35625192,17.53702214,0.72688095,-14.66665937
14.24880445,9.59833289,18.27400092,13.19118072,-19.55403933,-1.56044944
-8.72409531,1.11371,-17.09409614,16.2409566,-11.57523432,6.35833803
1.58383328,-13.08690411,9.73384417,16.28274219,11.07583058,-17.04185986
9.9584723,10.147281,-7.52752064,-5.61757603,-19.23327969,1.8752986
2.69854485,-0.22223962,17.89085706,-9.05815991,-0.67616238,-10.07598106
5.73318669,6.12434014,4.86009239,-3.59213121,-12.13418388,4.48418503
0.74316645,-9.05525784,19.51705815,-11.4579368,1.17630794,-1.70483263
13.66184469,1.36202874,19.35797551,9.7395431,-18.53688068,-2.03947852
3.34238044,-5.69131539,-19.96997871,13.29074282,13.65682819,8.67888833
10.67644237,-8.27464444,10.11955701,-18.41475076,1.92762364,-1.57266776
-18.48395566,2.42752435,4.62955741,12.9445676,-10.89039944,9.56390712
-18.84035362,4.52281725,17.49505635,7.72463213,-10.76477586,3.58162691
2.5951977,14.82811609,-6.81017891,2.68979715,-16.55391876,3.12867604
-16.91044926,9.3991546,-1.16004955,11.06437939,9.52943233,10.75083438
14.83252436,2.30012611,8.2699041,-9.80816775,8.88962526,-19.85689411
4.25189369,6.26210245,-19.49056704,18.66418263,-16.73819858,3.26357179
8.27983488,10.74731127,-18.77995836,-15.38650031,1.3832616,4.69429359
13.82039377,-15.06662614,1.1657012,-10.15069798,11.75291019,-5.62385713
-19.83485414,5.97082709,-6.01566252,14.92147903,10.19945302,17.75797094
0.34046196,11.58709612,-12.36043228,7.93262203,-10.54543704,6.16283404
5.77317187,-4.71420457,-8.0422041,-16.27248018,7.10489904,5.89093524
2.99719711,-11.14237722,-1.37285559,10.89039146,8.40519012,10.42777987
3.98830244,14.74792868,12.37152947,-15.76804479,9.5826054,-2.7023025
0.90162985,-18.86537846,14.51197944,-15.06063309,10.24678948,-2.10617805
14.16110028,12.27669797,-5.86575487,-8.33130901,-19.28346203,8.30904996
13.17365118,-12.33264506,-5.3887643,2.98655328,3.88567692,15.65252242
9.8225957,-17.06681937,-16.57413121,11.49110748,19.97186848,15.91723954
11.76877798,4.76124101,-5.28567687,-8.33253661,-16.05098508,-1.90247111
0.5454675,3.21526103,-16.89069373,-14.36170451,12.63168571,2.1511994
10.51040517,16.08130493,16.57272603,-18.99433072,5.89583291,-1.34484974
3.71059858,0.38753638,-13.83201885,-17.15469588,-1.3330899,9.930279
15.96974935,19.64633163,-4.31293258,-19.81997505,10.91835498,0.75194589
-8.65092985,16.03148214,18.21523507,4.12119097,-15.75161408,-5.81527477
-19.17733643,13.24410503,1.11675923,5.28190247,-8.31054133,-16.98422663
6.72071909,-17.17271687,-18.6937578,-12.93802449,16.97373955,7.53282672
-5.8419817,6.37750282,-12.67741297,12.44594842,-6.90402971,9.30814857
3.73437322,13.26551128,2.90636347,-14.14992814,-7.9763779,10.04344887
-1.76290763,-8.94907207,2.86152913,18.93663434,4.80811039,-19.84531698
11.18579251,12.04995035,-17.542569,14.8651433,-19.90891764,13.61845107
3.47470683,-14.50392034,15.71275552,-7.00610781,8.4235485,-8.8243176
-9.12340953,15.31662632,-18.68951102,11.67347423,19.42651708,0.67336267
-10.53280767,8.65869753,-19.57159901,12.45181528,5.68989994,11.88502769
3.00762396,18.46153435,-16.37007095,-13.54110792,-9.5402191,4.1833064
-2.39256564,13.59666598,1.69898722,8.76867921,-6.13210208,-5.93142235
-14.16847704,16.48697019,1.54918372,13.32922944,-9.56264437,-10.87026783
-3.48343928,11.3561988,-14.78993048,9.90182912,-10.33276114,6.75767978
9.90596922,-16.40433238,-9.49415495,-17.23900088,18.05848831,4.88994679
-4.80969713,-19.23777824,1.58375992,10.60872395,4.6541631,2.05395792
-18.86530617,14.04280226,1.23838522,14.98647198,-1.15621555,-9.17254595
17.06698699,18.14638579,2.36948132,-8.325208,12.61579226,-5.46080517
18.31032831,2.28268615,-5.7772778,-8.46933899,-15.14777026,15.81176836
7.71689753,5.97132491,-16.92190683,-9.08356825,11.44188934,8.15295104
-9.50771685,-6.32700364,5.66111632,12.33951523,4.76866439,-9.40329661
12.26749178,-14.83219125,-17.79678828,10.96653448,18.93784747,14.2645912
19.04238127,2.10167367,19.18229122,-3.25460192,-13.63293636,2.38212586
12.52066278,3.87933956,19.46877955,3.0583026,-4.53991936,-5.29060795
10.52091823,11.48850889,-14.42077152,-12.55947021,12.65604823,10.49367638
3.93599232,16.92788976,9.42257481,18.74585923,-2.96128991,-17.87628544
1.83002576,-9.79781512,-14.33796201,13.38810883,12.57519568,9.60485173
8.53947771,8.49938007,-13.55114008,-19.49977762,17.59165451,3.11718464
4.60105615,15.21933192,-15.89331707,-15.31010464,-14.17532441,9.23799236
-0.14595242,-14.73147715,0.50039987,-0.61482003,9.21006171,-18.89679833
9.1231765,-10.98296197,3.85549237,0.03114818,6.53145774,-5.48582271
16.31767849,18.3792411,4.9288535,-6.55459603,11.58433888,-9.7294642
11.58910095,-15.9520739,6.38037357,-4.73741554,2.74173556,-12.11585587
-10.47567108,-19.89749502,8.16156238,16.3027504,4.50751161,-11.60024648
6.01628629,-1.21106652,-18.18331157,-19.93935769,17.60874814,2.7082017
-8.69011922,-2.06294744,14.04727223,5.46169542,14.48236461,14.73800648
-16.69385501,-4.80347645,7.5333332,2.82447111,9.96532095,8.63947429
15.78707383,-9.62621049,6.74763561,0.65312118,3.54455879,-14.25385315
12.35791045,-12.51446674,15.10213547,-3.07571584,3.93487628,-18.36263826
4.9967542,-3.87038216,18.3503679,-11.12472149,0.46273811,8.7458756
6.58622003,-18.08384132,9.80245154,-18.1018928,4.47214746,14.75498358
12.27236226,-15.42855614,-13.53333314,6.69676854,10.70063186,15.0006785
7.91865134,-4.63919232,-14.11871295,-17.78132465,7.94914407,2.55229352
7.69034554,-6.52218593,8.68774663,-15.20196729,4.14614699,15.23491298
-16.05145802,6.912901,-1.03197267,0.05387191,-19.06430503,-0.20488457
-19.42768263,7.36243608,3.00582195,14.20314837,-12.76218611,4.64110561
4.80791832,-14.3240259,13.24947917,-12.37994208,19.43375646,-8.90298378
-19.0742614,19.558167,12.43933515,13.93949152,-18.82663127,-16.12678933
-18.66925353,9.5157465,0.21766422,11.43977447,-2.1768608,-11.67491335
-16.83079625,-4.0292436,7.70747867,4.1490791,10.8036445,-17.18876376
16.50775756,-0.74325613,13.40553028,-3.91114638,16.42494156,-15.5704236
7.87002781,-3.33354602,-12.84868757,6.02096848,8.47336612,4.09540666
16.54978602,0.68953999,18.80327879,-18.82041235,-1.1901086,-13.25134604
-19.23591517,16.3964728,-1.92530618,17.79680172,-19.83512956,4.97102794
-6.02217173,-11.13199266,6.89986507,8.6829659,1.7386658,-2.28213193
-5.66939064,14.9526068,-19.95473859,14.68095592,-15.53042398,19.82380758
2.35120813,-16.86489552,14.1486236,-17.32483352,5.93589448,9.99221407
15.79370214,-0.64878262,-18.63584157,-3.3378941,-5.60076851,5.54221116
18.15485912,5.45766086,-5.73380636,-13.67827404,-10.48610574,2.60533801
-11.05956204,7.62428005,-19.19570405,18.49749377,12.10781435,12.39796459
-17.64090037,13.52600364,10.14016442,0.05188989,-15.84660519,14.8609415
3.64183275,7.15071644,8.04420206,-7.63569975,17.69014568,-3.52171892
-15.01758612,19.9357235,9.02714368,5.35673458,-12.67552977,-17.48701813
2.71067641,-7.23914158,-6.49288306,2.74506129,19.32352009,0.9197389
-18.59462929,2.1338266,4.70081062,2.22437424,0.7828549,-19.31688571
-18.76518699,14.60502586,3.51494122,5.9025861,10.39346216,-8.21961486
-12.37387611,1.25031122,-8.20734627,9.47950961,-14.31110357,15.60032667
3.05336025,-15.54195424,17.95198051,-11.01444088,8.55082103,5.91681042
-13.64401436,-2.90811256,1.16499454,9.09039805,10.28179679,-8.41093142
18.20710112,-11.88837398,6.10606265,8.23125156,0.89312391,-16.18089506
2.30951819,-4.2643931,1.10077051,3.9287521,2.82531642,-11.11381196
-6.24957319,-19.05693083,6.22212318,11.09362854,7.91642808,8.13601647
15.99681272,-18.87162783,-9.23567523,-19.56719859,19.98692345,1.66976047
16.12473748,9.28227061,1.73365814,-1.99058658,9.20701084,-11.67915291
1.44947947,-14.45147684,-0.03186544,2.63558253,2.37657832,-12.90211449
-17.6873871,-1.28787119,10.72420653,5.15719822,2.28742156,-9.4462466
1.343806,-15.16452171,0.78169033,1.31124196,6.64890453,-16.17918404
7.74030444,-3.55811975,-17.67014454,3.60616075,19.02840088,3.24930559
16.5326278,8.18062782,19.56170352,7.05068707,-16.73099173,-10.00068109
16.4826902,-10.87199286,-8.87281764,1.5400592,4.61422723,18.63118116
18.65681174,8.19154845,-13.90324798,17.21009671,-14.8831412,8.4783459
19.14957813,10.67419043,-17.55128285,-8.84135644,-12.69889489,9.63122618
12.29151111,-10.36997284,-6.40453325,18.68249202,5.66296686,17.98168116
16.01840397,19.39198562,-13.60122905,-16.27063955,-4.90725629,-0.19079145
-6.60868928,8.40786165,-18.63423473,17.91935911,-10.36429093,14.99935446
-3.70298738,8.92871646,-9.58540073,11.77438821,11.53050957,8.55873952
-11.39225198,19.95205661,-12.76285,18.75472831,-19.46590621,7.14884178
-18.43684019,0.51022396,7.21239424,13.0414457,9.29367036,-19.18270754
19.37318639,3.65059833,18.59162611,-19.87070861,3.38194829,-3.0360777
19.02423496,-12.58487614,7.10513813,11.20817725,7.52983707,-16.73285078
14.89722208,-18.99129789,11.60448332,5.34069223,5.78587684,-12.86731397
3.69232294,8.97015863,-7.24676826,-19.69909532,-1.66395051,-1.05277159
9.98448865,9.00840367,-12.21677271,-16.46881644,7.37037344,5.6984127
-18.12572929,15.70168706,-13.9336845,8.48525401,-15.37731966,15.9131527
-17.4236264,8.44913569,-15.77908156,12.8894806,11.85869834,15.51667502
-11.59687979,11.12274624,9.7646657,3.25787295,-1.50127071,-13.09805387
-0.13994227,-12.62730393,2.70394422,0.73581125,8.26013132,-15.42602483
-18.1599892,-7.15089546,4.30312207,6.32231869,13.58013157,-0.97482315
7.18810986,-16.4282328,-15.23588324,-8.64740412,19.39189907,2.1713848
10.57655212,-10.46982174,-7.02296322,9.63348177,2.14037434,14.23451073
12.58944303,-14.99622796,3.5458935,5.96980682,5.24710136,-12.90996766
18.20635943,15.91570652,-14.6933878,-0.61428549,-18.98226934,7.70985921
-4.35249786,19.89665345,-3.92261288,1.77260265,-9.56972334,7.44037514
17.80392517,-6.86801346,3.27617666,5.8092097,0.95770824,-10.14860996
-11.74907926,3.20082739,-6.26362837,14.99090258,7.09504182,4.08737602
-12.09969334,-4.19099492,16.63802701,10.44021273,14.29160503,17.77068996
8.69791003,-2.99418672,0.93996409,-18.10021599,1.18824799,7.78689473
-9.64726925,-10.17205285,-0.56210759,9.31092729,18.39374187,-11.94162418
9.74797707,-16.11827063,8.32768033,-8.94804421,5.85872659,-10.54332999
-15.82981259,-1.19192819,2.02238508,12.50431902,1.45588301,-5.18359286
-11.60893906,-1.52231836,-0.93900153,4.44646111,3.19871467,-5.61552505
-10.39868549,9.38577489,7.98973422,6.46539846,-3.4454058,-10.60662615
1.01317882,0.94526722,-18.61170297,0.13733712,-5.71081482,13.1520638
-12.24306648,-5.24742206,16.48294141,11.99339657,10.15373538,-10.57621084
13.14951349,0.99353502,-19.35689919,-10.19712644,-14.82069147,18.0910309
11.96985021,18.80905207,-0.03990737,-1.97735893,4.8607961,-9.83059302
-7.11038568,-8.55301087,7.21962007,2.59124763,14.15186394,11.96591897
-12.10443651,10.05385366,-16.43299913,15.35847279,-19.90252642,0.20230282
13.8638444,4.02313912,18.80697795,4.15005393,-7.45518025,-12.64560151
3.67088005,-9.51944123,19.59864676,-16.78996647,-0.65116047,-14.52181348
-15.70116087,-13.46946025,12.69795546,17.68805651,9.07970735,-17.32681798
-2.93823197,1.18644288,-13.79632546,12.79933425,0.33357265,12.90677255
8.07585572,-18.1111368,3.30706836,-5.75506326,4.73345849,-5.65431793
-15.65746744,-13.64411445,0.65535788,13.297696,14.50806297,-5.23347891
8.12568093,4.79965949,-16.4895062,-13.58453192,14.08498837,3.6121495
-7.01481999,-15.58566789,13.1833459,13.2552558,4.67413741,8.30122845
13.29603887,11.39579764,15.19602489,-1.10057618,-14.17444654,8.00014846
17.69212872,17.35113226,3.68100821,5.028678,-4.50690797,-13.83477131
5.1632833,-13.94645058,17.24161983,-14.3947806,3.74723845,-13.39393983
13.47715977,-0.97833001,-14.7463955,13.69641404,10.17841138,5.27546917
-12.37944632,0.63547985,18.87173371,1.31112941,-17.39960554,3.75055441
9.58568672,-18.16616366,3.17423028,-18.53703121,14.16989176,10.38720214
-16.6389975,2.60599633,-2.86668409,5.14776289,-16.73898691,7.10691325
14.97377573,-10.94731101,8.14616184,14.71697687,0.95189213,-16.34232497
-7.74753852,-11.03022565,19.06184207,4.30756246,16.18935836,2.51678327
-7.7612036,-9.20873846,9.83769075,4.42063951,16.36166006,7.28853779
-14.67583429,4.74641737,6.21110951,4.16716746,16.84155508,-15.6608123
-5.49954684,-2.35350599,13.0416029,3.61922418,5.8741699,-2.52599431
2.35297102,-18.02385721,-4.20349173,-8.93019658,14.76394487,8.64509447
9.93858544,-12.19776102,1.78817353,-5.99535151,2.07457814,-13.37812695
12.77989782,11.49540188,-16.42060225,-12.23942776,-6.06159196,11.625828
-17.53709114,10.92118201,5.33052155,4.99407134,-9.53591921,-13.91762298
6.72221584,-12.58108637,2.46047424,-0.63290304,0.91113446,-17.28894457
18.20830387,5.62059797,-17.73548063,-2.02479253,-10.95499254,2.9904392
-18.1162255,15.88865451,-4.99616396,15.41175098,8.83531274,19.65666506
8.17644179,-18.81219421,4.26710407,-1.66080788,-0.47963639,-12.6664206
-4.80190459,6.58619984,-19.61513746,14.53981882,-18.6668372,8.95698473
4.16059902,8.02388358,-13.8874275,-16.15810806,-2.46709358,10.75315765
6.72316851,15.09999311,-17.32302589,-11.75988508,-5.20089384,2.79748963
-11.05686748,13.56350596,17.17484432,2.59943555,-19.30454335,14.93630546
-18.15147828,14.46559426,11.20755103,3.70942166,-17.99146415,14.06915626
-16.16766339,10.72776599,11.96566343,1.408776,-19.42513866,-10.73883969
6.87457519,16.22081643,-15.68332828,-17.30668606,8.12187872,4.07276185
-19.15357536,18.06106635,2.61742092,11.02483865,5.51153787,-18.96560849
13.71692585,-2.30526923,3.57041455,-9.07658346,16.0678579,-11.16737378
6.71008783,3.69742405,-5.46934044,-19.52439128,9.9848076,4.13946081
2.04394247,-7.83867454,6.95704491,-13.43088544,2.40971799,-4.00657536
-4.11863246,5.05765391,-14.74499077,19.28000429,13.9444708,11.04152409
-15.34283792,9.08403062,-14.34886284,7.32384566,-11.94205096,16.85640976
-7.09419201,-6.78301464,6.16217723,3.80350954,17.26170806,-12.8808911
-7.4563429,-9.34144782,1.28137357,10.56753801,3.13781942,-2.64310369
15.45873488,6.21886157,-12.20045516,-13.35572856,-16.79459768,-0.12600805
10.81804771,-17.40064181,16.26073816,-11.4266525,5.44994531,-3.40940064
13.73367401,5.99452915,5.34732578,-6.03223523,16.3343997,-17.35111358
-8.41985706,-3.01577378,15.59548926,9.60532231,1.18128411,5.9331022
-18.45990291,16.23621237,9.62839868,15.34498525,-5.48687793,-11.18077788
1.02000674,-11.13203948,19.06172358,-16.09041246,6.16951411,4.57855092
8.00023393,4.85686864,7.45133154,-5.59755991,-6.47175935,7.90571297
8.59399278,10.1655874,9.89705395,6.99439999,-13.89020909,-6.97244028
-5.73571027,-5.53908083,16.91141658,8.04222114,1.94863909,9.95144072
-19.02634628,-1.06675694,4.14874482,2.71254178,13.29997135,-15.70546022
-17.45460126,16.19828221,1.85973427,2.93764899,5.17416845,-5.79910498
-11.49563385,18.50522783,9.16160621,6.5481128,8.28501186,-16.88105772
-17.59975842,-2.52400182,12.64578667,12.30309511,6.66023333,-16.65488564
1.65036889,9.56027648,-7.77315066,6.38199368,-16.41127744,2.28739144
15.74205579,-4.43611837,15.26171229,-19.78464055,1.82162376,-5.82693678
4.02987137,1.04661762,17.4681638,-19.8755573,19.97752537,-14.43919622
14.64689704,-17.16039343,12.49699034,-17.67822141,1.80428163,5.8898227
13.99492055,7.40600701,-16.07369186,-19.52391713,18.66208576,10.95927302
12.20022238,-14.39916988,-7.28922439,-3.6184963,7.74706562,15.8192281
19.4698284,8.39247368,8.44028083,12.44926792,-0.67408736,-19.69244888
9.75325906,-2.14423649,-14.61350539,-19.70759125,6.56356362,13.7582612
-11.97915961,-18.18008115,4.88831526,15.16157279,16.27011104,-17.600191
12.7412268,18.17472295,8.41857583,-16.19262477,-13.97934835,17.51820542
-17.71710371,2.11607698,16.74305249,6.62888222,-10.66134061,6.23763892
-7.39190872,4.06936255,-8.21003398,2.80242284,-5.51271147,15.36061888
0.79288393,16.93801979,3.56331285,10.735717,-1.81390228,-5.4200651
-15.78922793,2.85709299,13.86222055,10.8249355,-13.58869262,-3.52792892
6.25584814,-19.55680537,0.25014287,16.27417464,4.32442612,-2.57665546
-7.50633228,9.29074386,-7.8547606,8.90810029,-18.67649471,6.05215922
7.29577596,4.75005891,3.69166983,9.05257084,-10.78257957,-1.82992002
-0.7797545,2.66744475,-5.02251467,19.62697372,-18.54151857,4.40303685
-2.26887473,-18.73044888,5.63107234,18.13490242,3.80449736,-7.77607096
15.36271054,-8.81598252,-10.33963212,-19.84248495,2.06480421,16.04803021
-13.51121953,1.78437157,2.94050197,8.31819407,-12.76860631,-1.71574007
3.11717982,-0.82164415,-17.52818575,-10.43792735,3.686003,13.66973547
14.05078536,-8.25348935,3.86542445,-7.21131305,-0.10906779,-19.04238476
8.52086863,-17.83254475,5.3699506,-5.52110191,15.67129256,-6.38517201
-10.13745698,2.16284909,15.41089296,5.18536921,-9.66018493,6.10390254
-9.49338847,-9.67191497,5.21166462,0.85518216,14.18174238,11.9949981
18.78799502,5.29219841,1.41102729,-3.08034637,-15.91384095,1.2754922
8.56408443,14.54583862,8.89396777,-0.35917419,9.2567384,-16.90405453
-10.40675432,1.86568768,19.744842,4.80958666,-19.69192456,-3.7871425
-12.00114615,-13.5619938,19.22586841,15.88732752,10.54617174,9.48329682
3.96639387,-18.94813133,2.9465494,-10.25113103,4.24262405,6.17955347
15.02696122,8.11419499,-6.00349144,-2.33296854,-11.68730502,2.58411535
-6.90887932,2.00896271,17.8866102,13.82132597,-19.04544706,-3.16385057
-10.64154059,16.85454202,-2.8246742,3.67415737,13.38257032,16.45315534
10.11487144,2.1589958,-11.19948336,-0.56805817,-16.4965762,5.4743537
1.6289828,19.28459877,-17.13648321,-1.79893075,-8.35588813,-18.7344585
5.76276591,1.12478601,14.46326462,-18.52689036,-0.89920287,-3.70090736
9.3884366,11.79154008,-10.02809714,-2.40405901,-16.62743311,2.58034389
14.88965642,0.77328748,-13.21820299,-9.19452799,-14.89762322,1.73874308
12.23982351,0.4137553,-19.804942,-8.06831388,-9.83586708,3.14003216
7.76203797,-11.26382507,8.56197838,-14.0109046,6.60170569,1.19862259
16.57591632,14.8739884,-13.54004388,-2.21512448,-14.92218585,2.34113101
11.17823415,4.75975247,16.44980797,-5.036082,-12.04504294,11.51026819
16.12156059,16.9876804,17.84580192,2.96709655,-10.69496798,-19.18375781
10.19161588,-13.43557467,12.61675294,-9.37630016,-0.39640411,-17.35168629
19.20836279,-16.75635651,10.33243458,-7.15469002,12.45869673,-19.91851851
-9.24333941,0.76198154,12.76604035,4.58994059,-15.62282817,9.86423627
10.18982552,16.86588066,-17.43117702,-18.27138828,-4.62871079,9.42343846
-11.79453782,3.31059299,3.13059944,-0.39600102,-9.62291957,7.63131658
15.27733188,-19.23185345,-1.51519526,-2.91364855,11.47937609,7.67594742
-12.10733599,16.58922864,0.76403083,3.48488367,19.86519692,19.36115162
7.94770734,5.56238636,14.90965764,12.74311108,-10.43836576,-3.66776645
7.10799341,-12.98778869,-14.5502703,-18.75130459,12.75331569,6.34619826
-17.16682208,1.80445613,-4.47322876,5.49812122,9.55487468,14.83991027
-17.47369911,16.16512828,6.53580481,-0.12095095,0.75854607,-11.86200496
3.55430693,-9.91597951,-6.51181361,13.79455704,7.48615433,12.27933397
2.8747476,17.69419732,8.76370624,-10.9457065,-7.44352994,7.11914052
5.22326002,9.46667456,-12.70844148,-10.95748825,-0.75107457,7.99054391
0.28595983,-18.12784048,-5.23251522,-2.72529875,8.5938166,11.91608477
5.88199407,-6.01364618,16.93290057,-15.03549824,2.84172711,-7.34611698
-13.21439443,-15.39359871,5.5830282,10.02474053,18.57670849,17.0214319
7.51892115,-17.26971556,16.32692311,-14.88324441,9.69964425,-10.41647636
-13.27944935,3.60530754,18.31245003,5.02644164,-19.90634455,16.992638
11.50986646,17.22295335,-11.75401476,-16.98995658,-12.25948372,3.61739766
3.56820119,-11.07323512,14.23373331,-19.34650081,7.96094187,-9.42661552
12.00392711,-0.47856392,-13.80544087,-12.66459555,18.5140651,12.74551634
4.1412881,7.44229918,19.92377359,19.56773008,-14.79221485,-8.03399333
-3.59505437,2.20439609,-7.70765429,12.21635577,-14.85394701,4.32371579
-19.18591059,5.88311913,8.99062158,17.27065339,17.58705969,-10.45787294
-15.39362487,-3.19356886,15.96965719,3.54129345,10.80944049,11.44687063
4.12343684,-11.45228375,3.14202804,-6.32476875,8.38844661,1.96138464
1.7781211,-4.09440023,-3.31188925,10.98793051,12.08398394,2.85273536
-14.12616406,19.47423471,8.53983738,13.66905525,7.19426008,-10.60482699
12.38950363,18.05292822,5.23506377,11.36810668,-8.72191451,-12.37275759
1.76769973,13.32610502,-16.88535083,-10.15460488,-2.08710383,9.27919775
-12.07560186,7.22915366,6.33326448,7.96739357,-19.5053205,11.79551484
-2.57566611,-19.90738782,10.92476208,11.27623938,8.63296707,13.86160259
12.69112066,-16.08602576,12.72438788,-2.44090071,4.08544187,-15.25868848
11.47157468,0.0664092,8.66236827,-9.45246638,-12.19095849,7.08859678
16.04943464,-2.34289916,-13.54519601,-10.59050448,12.74845411,6.55383091
5.93876805,-13.60438944,3.73643458,2.01852231,2.13871591,-17.10261724
5.27525317,-5.06057157,-16.01876648,-19.51646536,10.39099123,7.17305621
-18.57402404,11.6451003,0.86507585,4.32709647,-16.36131315,0.48126276
-12.0065227,3.04538401,-13.81368651,10.64051108,-8.48590206,18.78460322
-18.93252312,15.81864127,14.81191297,11.54596414,-19.08797584,9.97696462
-12.54965038,4.61851827,-4.46582107,3.90141254,-14.87595325,13.56075671
9.48037464,0.09350696,-17.61917821,13.06188572,8.46895065,2.64160273
14.28736376,8.85207918,4.9230951,-14.16052358,-13.43018135,4.52467811
1.30621957,-11.1166252,3.7282946,-13.75494963,10.34141218,-2.69742578
19.26191874,-19.78462974,-16.22913538,-11.68026806,4.06161128,19.36465655
-6.31653191,-15.05153639,4.71731392,9.42012155,3.46359646,1.73630262
-15.65009117,5.38106893,4.04018359,5.43330289,-4.98775095,-14.67867708
19.35484573,3.30677772,3.17671127,-8.09880754,-7.70723889,6.53085432
9.87414886,6.38705356,-16.60974135,5.21430903,-16.9755327,6.89914164
-10.97154131,-7.25392988,0.9221667,14.55802914,7.17882099,-17.69159015
-4.47975711,15.76570131,-11.73304466,17.38917257,-13.58392702,10.52716591
-16.1041191,9.58243181,7.68240411,4.47851303,-15.09276982,10.81706518
-1.2376625,-9.8076963,-4.50494982,-10.21539524,19.74553837,2.18522686
14.43923156,-10.21223242,14.74973081,-17.53696762,0.85664956,2.41264661
-4.3474985,19.0798212,-15.23522002,16.69090936,-9.77123238,5.03369714
16.32135615,17.53868205,-10.00794292,-18.69041524,-13.81343795,5.86972655
17.78926333,12.06037108,7.42473551,12.42351678,-16.87096517,-4.02911219
-3.15042275,-12.06474193,6.30884026,4.32079735,9.21995823,-9.91973987
-5.09100816,10.77569904,-14.22682328,14.9411319,-12.13297744,6.53998279
8.80604587,1.84348568,-16.69499086,-0.42905395,-14.30378041,3.81017482
1.34148659,3.73731362,-19.41300768,0.02343552,-5.40410011,7.97905679
-8.85032941,12.90457323,-16.81462513,15.2884447,6.07294337,7.47501785
-2.7396213,-17.4953797,-0.8036382,19.14818792,2.20695004,-4.29302524
-19.1021536,5.53119077,7.46926893,12.20747627,-19.09541846,-6.89962332
-9.76744434,4.67568656,2.74766663,4.70583008,15.84028403,-16.80491857
-3.73190421,-7.67380468,14.30037189,7.56763588,3.18165936,19.16448532
-16.39438522,5.49698223,8.31951323,1.17667537,-0.46360716,-13.43552384
7.44136147,-18.31505804,-1.01962927,-12.79849648,12.05444026,15.039206
8.12149517,9.71513199,-18.82060258,-13.77239788,-10.89007041,11.82815414
11.06738275,10.06823887,-9.92919891,-13.80997995,-10.07261673,-0.71856663
19.12584185,9.83708769,9.59464602,-11.11663861,-19.21684839,5.05834744
9.62263558,-19.89393769,7.68713921,-18.52715607,6.44049893,-7.41131775
9.76076566,-15.97135957,-17.32045993,6.04518436,18.04702273,1.50789433
-11.93755407,-11.80527961,3.55545946,10.57627918,16.9316232,-5.81548867
-7.75062897,4.35337098,-5.07505765,17.97958775,-12.44619683,3.16397796
2.20137872,10.16913696,18.39038852,-9.80075637,4.59889551,-3.03401121
18.87384078,12.0254009,-13.92015159,-7.81033982,-18.62646401,2.70728856
12.13309301,-2.06775639,15.3693367,-18.3119546,0.80966348,-13.56683803
12.43872192,-11.08105717,-4.07100384,-19.85340096,8.31210331,11.91861708
12.69729579,8.19279347,-10.94608902,-4.51737291,-16.98245563,7.59749234
-8.09803166,7.1379438,-18.62658277,12.85751459,4.47749969,11.20446574
15.09966218,10.78839109,-10.59845628,-10.65858043,-14.68790896,4.42977054
2.73912602,7.13237534,3.67996266,-5.42496801,-3.02428973,16.43294934
13.06408929,6.51061545,-18.0993259,1.66479258,-14.86998078,1.46222806
16.82684941,2.32795769,-13.86712733,-2.70085361,-3.68895152,0.52780478
0.91307015,13.90669164,2.33427545,3.64084483,-4.00266225,-8.51169022
-10.23188063,10.57395778,3.40165109,8.88881516,-9.15466689,-18.27064322
8.99728333,-6.2838559,4.31115788,-18.92635704,0.56335287,13.57325553
-12.87180252,5.18103794,-0.53740793,7.32636888,-7.17232124,15.83118778
-0.78905526,-15.30484322,2.93173772,2.70991146,10.88854516,-8.8218718
4.13102706,0.01998991,17.64762389,-17.24849813,16.31100127,-0.52550411
-18.30910314,-5.50147741,0.77287628,0.94776795,12.2673352,12.00620099
-0.35069782,9.14960914,-16.77542942,5.37605837,-18.8443956,10.40748694
14.3439034,-17.10660649,-5.31967384,3.75007677,5.73342041,10.88374019
1.84385042,13.77082329,-10.43518286,16.10800135,-18.59979813,4.70285926
8.53691284,-10.69454756,-7.21811925,9.54736715,1.63594952,13.79825988
4.91469748,-19.23791193,13.29992515,-10.8862323,1.77262278,-6.74794538
-12.43836247,14.98046588,8.74784769,0.34692553,-1.89157668,-9.4717715
12.12400603,5.77604504,-6.81150317,-5.4716116,-16.84843206,0.16353334
5.56237535,16.39831332,11.33929576,-6.52375252,5.22254567,-6.17032422
-6.75794169,-16.93823292,6.31014652,15.96169364,1.66570771,11.18210723
-17.31924562,0.70423511,14.78599658,1.23730423,-16.93210718,-8.34128475
5.8026286,15.046515,10.60337294,-14.99147445,-7.20398972,19.6760266
-17.22190646,-6.94935868,6.85294391,17.10008641,2.07916732,2.50056713
14.56715572,-10.05477538,2.5963757,-11.65327087,4.3855643,-13.46491809
4.18061271,-10.56922181,-18.0847914,12.65986112,18.21362662,7.86724606
-18.33059417,-8.10923089,15.74405348,9.18125407,14.61108438,-19.98958965
-16.6686602,11.93074938,10.09081911,12.96938994,-17.86312087,18.68852229
11.77311134,15.26129578,2.91151453,-14.19582442,-7.29634442,12.82644696
10.05304771,-10.95176579,-11.03378064,-16.77871639,11.41572535,9.22707673
0.71200831,-12.95333989,-8.08553425,-9.76397321,7.73746349,12.28601775
6.86734279,6.14372088,11.44998547,8.73210482,-16.32415706,-5.07496019
-16.82562056,5.89609337,-11.9618088,7.05613288,-12.71232213,13.33198799
14.24146364,11.17508712,-11.41792993,-7.6957286,-11.48086435,2.81759938
16.91812265,2.68947927,-19.44727957,-3.39575204,-17.42912068,12.67553468
13.31425992,-9.88237055,3.18827713,-8.72375462,9.61720047,-19.76513226
7.59511944,9.15482095,19.37737721,-14.03036201,0.25393142,-3.04077321
-0.36076385,-14.03993713,15.95408132,4.05507334,4.98837653,-19.52803685
-16.66905452,15.59864018,8.02478205,6.18598457,-19.76449383,-2.2476571
-13.51075619,7.95946412,-0.48727985,-0.46441876,13.97577102,10.8595435
5.58091779,-8.1303897,-13.51544636,2.04116188,19.65180829,6.66028798
-2.83610044,13.61727146,-5.72093391,18.66224683,15.97394938,1.93513044
-6.41095781,2.3608263,-17.26257745,17.72694223,-10.69198237,7.35180386
-16.5729996,-14.615296,14.5880379,5.14674941,19.9746947,0.61103328
-10.23438803,-14.40986289,5.6993557,17.95072859,1.15926473,-14.44010751
-19.11337633,-8.22017735,9.47216948,13.58954769,18.52361692,17.89242011
6.46233603,19.07525754,-0.23611025,-8.5843583,-7.09937935,11.80014276
-11.63473209,-1.00037465,6.19539065,6.35791041,19.98554273,-10.1383489
4.63533926,-17.17015387,-2.16622773,-18.74465363,11.3323623,6.58810976
1.72804352,-9.7939112,19.33353799,-11.37686768,9.19907637,5.04605028
12.28410538,5.75462232,-9.43529782,-16.92899113,-4.13023077,3.1648615
16.82417003,8.97071543,9.77559445,3.68889028,-7.31294053,-10.79556213
5.8131045,-19.99320977,8.99087024,6.61859877,12.32633899,-14.96066973
-18.31379863,18.24341677,7.67719163,-0.75921319,-2.88022207,-11.77793308
1.81082986,5.90399562,-19.41566217,-6.07956116,9.88621056,5.79704665
4.17932013,12.52129411,-17.72383813,-14.95823532,-4.25793544,-0.45073162
12.59059954,-2.68680217,-12.45942115,9.75553083,14.88727055,4.85255172
-19.76706866,5.97342043,10.32137465,10.65125936,19.75547264,-19.65452008
6.96225716,-4.96263711,-11.54898297,-16.77348079,17.19896091,6.42768378
15.95898531,11.21608147,17.12372531,-11.33281225,-14.35217777,9.94791904
-8.77376888,3.69597382,-14.79869232,9.50192242,-13.04236515,7.7656834
7.24711508,15.96667163,-17.17101909,-19.03629405,-7.89288149,9.77910223
8.92074414,-9.0749303,6.76065132,6.46389356,6.79699229,-13.56821098
0.87865272,-3.30778197,5.84396705,8.20345698,3.21037589,-16.20055052
-10.8240461,15.27694408,-0.23509853,8.31828105,13.10129713,6.20548981
-8.24522216,0.78109845,8.37879904,0.96686651,0.48912936,-11.45085029
3.34165942,-14.96743504,13.77815691,-4.60815343,1.07316806,1.49088113
-1.79933592,3.28096444,-15.74669366,4.50851355,-18.30541904,15.22962431
7.00635238,-7.49425119,17.17899935,-16.88426578,2.41355326,13.83529419
2.4820356,15.546465,-18.96704162,-19.81886822,2.39091088,11.55560337
2.11145996,9.12945832,1.15288832,-8.20772471,-1.87902161,2.93260727
5.93200981,19.19349706,9.82459233,-16.39082381,-1.20289266,10.05473105
-3.15449018e-03,-3.34939367e+00,-8.73714637e+00,-4.87075538e-01,1.08061658e+01,2.88746091e+00
3.121739,19.44064913,12.030771,17.45231126,-10.73724876,-19.02892297
0.39498529,-6.68902505,-4.18967804,-13.19911173,9.55447351,1.14693911
-4.59536479,10.31106536,15.16615283,6.1849014,-14.16021156,-10.4102221
-5.58592391,-19.4594895,19.44097159,15.24480845,9.18787774,13.72662169
0.88735916,-11.75668337,19.60359734,-15.16079342,1.55501225,14.72790498
-15.9889485,6.94498802,2.47741217,8.23031687,17.01972886,-8.61049097
-5.58141575,7.37808196,4.96403303,-0.70654132,17.87344415,-7.07557136
5.90722077,19.10814745,-9.98656241,-12.25695292,17.09282621,4.1262949
14.02613026,-1.00305309,-11.17424499,-16.37326807,4.52174621,8.1453297
4.94286634,15.64291845,-6.67132853,-17.57756689,-8.53687298,14.22403305
-11.53117079,-0.09961615,5.04486034,3.38057803,9.4617999,-19.09516829
2.5267236,-14.60921784,6.51925145,-8.34082661,6.97862403,13.97573347
-11.02530259,15.33418025,0.61700046,3.50390947,-17.7818754,8.57874536
10.27360551,-17.51770713,-1.11188768,-15.23884472,3.68247067,15.85279966
9.31009719,7.025545,-14.45715089,-3.96751616,-13.03994853,11.7968483
4.5088146,19.39954685,12.42705409,12.21066341,-14.88220702,-15.47949724
15.82046978,-5.69150633,6.63756129,-13.91114093,7.08549983,-18.88616638
-15.96312472,-4.54207381,7.25271364,8.87070802,13.29768722,9.76961537
18.34655766,-11.17023483,-1.20095892,-15.75014241,6.56495975,19.07923931
-16.88337624,-13.84578314,12.79103526,10.65486137,16.45253102,9.6776843
5.36114328,-16.51931124,18.00737855,-17.04639828,3.74803127,14.08399926
19.22140301,-6.56231763,7.82692674,-11.94436991,9.86574174,-18.71087274
3.60841285,5.94127084,-16.95443271,13.50209125,-18.96063464,12.25157677
-10.2918965,-13.86078193,1.02852733,14.65408122,8.55181398,-1.23380142
10.93877359,14.9395247,-11.02497816,-17.63496593,-2.00982449,3.84336688
-10.49016663,8.69591276,-6.52278872,12.69566912,-16.46247541,1.4169384
2.71124926,7.52092657,-14.05805448,-2.62307188,-9.63918154,8.64924904
15.26804299,10.98735756,-15.50707124,-12.45028072,-16.94850385,11.76233529
-15.05344989,11.47664352,-1.68054571,8.53893435,0.83721767,18.59190557
-18.02756675,4.20289505,-6.74364097,9.13080902,-19.65268184,12.84970802
-16.95359709,1.99544894,13.88122651,10.9208766,0.03637744,-17.6773794
-5.94743309,-16.9895117,7.86512089,18.39184661,1.95424686,10.13701225
13.02318403,9.69416942,-19.80559142,-0.14308657,-15.19964029,5.38617466
18.81934776,2.52139532,-14.40141475,-1.24538523,-16.80683128,7.44167762
17.6566527,2.47780698,0.67894358,-12.52010268,-12.78458882,7.02316369
6.34263388,-8.90222416,-13.1039246,-17.62126898,4.90918307,19.61852849
-19.61993192,11.86214165,-11.12846072,6.2438583,9.11005252,12.91381622
-10.44396166,19.67301149,2.26401309,2.34138954,-3.38122718,-10.74074269
7.37949742,6.8566606,17.48472949,-0.16458554,-19.44907728,-10.9747553
13.05549506,16.26898585,18.41761832,-19.31141708,13.29132027,-4.74471545
-10.75723868,1.11642145,-19.36706983,13.41894903,-17.4499224,10.94863323
11.44968047,8.82707786,7.49851037,7.04719188,-14.62055181,-3.73931377
12.99294118,3.86707875,-16.94348301,-3.17937439,-6.93969692,9.00275229
14.13087798,-7.51479412,7.51752579,-0.1793772,12.51485031,-15.70229226
10.18178628,-7.73407591,-19.38055111,17.13874623,18.42858711,4.24228201
-9.65443635,-11.05420277,17.24925751,2.13001641,15.19277334,9.10562579
18.25514886,15.39343333,10.42021445,-4.83706388,12.1165508,-12.98412469
-7.17905802,-14.53181666,6.0446775,15.56828894,14.59204911,-10.66810608
-12.1688074,18.82544193,18.28048853,4.36658017,-19.88638282,-7.87938917
1.00546065,12.26532063,19.15239876,-3.84679874,4.53362905,-10.37765651
3.55711124,5.01447636,-6.8636322,1.10555481,-18.68678365,5.26145648
-17.61947172,6.4608378,-12.01596877,3.37163057,-0.25093635,19.38310399
13.6141807,0.54482479,-12.77049747,-2.13370624,-11.74437052,3.5983886
-13.83475807,13.58892304,7.81957988,5.87424286,-13.3872225,-15.08449547
-14.10655396,-12.72456307,5.92533866,8.80311292,15.31515612,-18.41326948
8.7073572,6.35393634,10.11336463,1.39891168,-6.93766979,-5.19366537
-19.45323118,17.07163726,13.85662366,15.6079378,-15.51881447,-16.27962287
13.2112271,-7.85001545,-13.70747786,-15.13440933,16.19719882,13.67302418
8.1420121,13.73315107,8.68969943,-15.69891748,-6.959872,12.59458774
-9.47333098,16.67845647,4.49631508,1.89905661,-12.34587273,-13.49963889
16.75656717,17.63900257,-15.00519962,-5.40363133,-18.82382641,1.62895298
-14.06329227,3.13701166,13.36798597,2.64290525,-14.1336527,-11.83611792
1.24218312,-15.60260075,1.73782579,14.43936724,2.30979597,-16.26060224
-13.08174074,4.60499799,12.85826763,9.13417929,-17.34426385,-3.62899207
19.29787142,14.51008415,12.4414948,16.61590861,-5.82126171,-16.16597575
-8.64493171,-15.08875218,10.80465059,14.08709079,8.80415907,0.32620026
-15.43196805,13.37769345,-12.33997803,2.24203223,-14.24821956,12.88998079
-10.49942274,6.46603745,2.19560761,5.37358267,-16.30651833,16.84714177
0.75713991,14.74703341,-14.8441995,-3.59832592,-12.23512651,-0.09261668
-9.55442061,14.02573657,14.92479131,5.28878504,-11.95130787,-15.72422606
8.8810657,19.80302006,6.64273891,18.89125959,-3.80208246,-14.49395109
19.20664271,5.93482769,-16.97320203,11.81347194,-13.44864181,1.13827507
-1.12838942,8.71906378,9.09916585,5.29746898,-5.85556959,-11.9840697
-16.79237592,-6.00038999,18.54920201,6.9088994,16.94928818,-2.17293047
2.46792741,-7.16430583,15.5914894,0.27937525,-0.09705725,-18.07724746
1.86041208,7.52341753,-15.95615041,-10.10979668,7.19148049,7.41903659
-18.53854193,1.30142396,-9.9926818,15.65803724,-6.41904438,14.34528388
-1.0616618,10.1758378,-10.47032287,8.45036773,-10.76027336,3.01376103
15.01520987,15.64828594,12.90346349,9.32214885,0.39420407,-17.59061703
4.40417004,-16.91635825,10.18146787,4.31513945,13.85846454,-12.24886561
2.87730611,-9.97213321,-18.59977074,-5.22949938,18.76109544,14.29624297
19.75138521,7.97807611,14.3397111,-11.78506804,-18.92438945,3.44336522
17.77217317,8.31678035,-18.28234797,7.63186508,-19.44045976,2.61882203
1.86181206,-11.4606784,5.33481801,-13.17535376,8.81504979,4.25944699
19.87690629,-16.23336884,7.60615572,-14.15253346,17.12159141,-19.97877584
9.30985913,-5.38176525,-13.48481511,7.22930017,19.99858614,5.3689571
18.1129032,10.23654629,15.36325284,5.2864011,-19.86206114,-2.38856779
11.3204305,-17.01390739,-1.31367819,3.98201378,10.02669712,9.89455218
-8.12815939,-0.05655601,-7.19769072,0.91242178,6.49830365,19.63927168
1.73704102,-2.101457,-19.70210182,3.85502032,3.7078545,16.02699696
11.07431776,5.25949509,-12.42958914,-7.13236581,-12.10136877,13.72319221
6.4284816,-17.42306549,7.32774529,-12.08622639,5.52478801,-0.09981613
5.78789907,7.66437898,-4.59879225,-11.80722441,-3.49722584,10.56377417
-0.07519011,2.85865359,18.32193229,-10.95345602,6.82400873,-7.8877184
-17.58550152,11.25578848,7.05906953,14.05180962,-8.6396838,-13.69105277
5.08227597,-3.98277759,19.22409947,-10.7788775,13.33299588,-5.30697163
5.16036674,-16.76256759,2.06906065,12.10603111,3.18577555,-3.19859372
19.65009723,3.38645761,-19.50836263,-15.97909196,-13.80305647,8.8726491
0.23956983,-3.59377104,-10.99572522,5.48086684,15.30862438,2.80090728
3.95887561,-18.18320906,18.23934347,-14.67903664,3.27988998,-8.40822703
-14.13242723,-17.63765577,14.04055695,16.43037177,1.83466957,-13.21200149
2.75739592,14.13070717,-15.15841702,-10.69505066,-15.00969344,3.8182994
3.48670675,-14.26582872,13.55607289,-16.71059656,8.40932448,17.71113008
19.59095365,-7.10907877,-7.33398548,1.94370517,5.47887258,10.32992619
-19.65023406,12.92025336,8.86403567,3.88369754,-3.33733571,-17.09481317
-17.38085479,-16.14965629,7.14408516,11.63547716,17.04623085,13.8960066
-17.33906169,-8.91926246,3.01003072,1.55728825,16.56930023,-16.99906709
-18.13656925,1.11169989,1.98546224,4.02518384,-0.72929114,-16.72851486
16.44446508,17.50041142,18.93294949,10.09292713,-18.17412076,-10.16196157
15.51285256,-18.54555108,13.36090048,-1.87044067,1.43001789,-15.25043864
9.70674803,-19.46047587,2.18262275,-12.89010846,13.02918049,13.61260979
14.37847642,6.45740992,0.55266948,-12.2906631,-11.33962806,9.42459443
2.77772609,7.22032097,-15.62035863,-18.01036823,-8.20356454,9.01317187
10.78832811,9.0106665,14.40263133,3.30749513,-17.66176048,-6.30674379
-3.91423168,5.17573113,-14.76293327,15.99149256,-3.45555807,5.32570914
8.57594964,-11.64486652,5.21297371,-14.72554383,2.17827478,7.18779722
-2.41971223,17.01140989,-18.86380077,14.21604775,-19.73005878,2.1330105
-1.54737003,-19.54535178,3.3848419,13.04420992,9.9702834,-6.2365686
-17.78908381,-19.2263443,-1.01169935,9.96211006,19.04548697,-18.81991712
5.3798123,14.59962566,12.19870961,6.18594708,-6.75967731,-19.62213652
15.69924359,11.9319709,5.10388361,-19.66098015,19.80091929,-2.57974813
-1.34119107,11.30501621,-8.93580922,2.82917177,-13.89099722,5.57706136
11.37301524,19.30393559,12.64152279,-2.7125442,14.56482305,-19.68855531
13.28985883,-1.50023514,-17.93140522,-1.23025556,9.8721658,13.23204294
4.96367461,9.19588445,-18.51948304,-16.79396059,4.37898078,11.17644667
2.02178309,-12.1392943,-19.05809671,-13.43774485,19.26098076,8.46577797
10.87144783,12.62114111,-12.33172467,-17.54206638,-7.83011597,0.20973052
14.94614634,-0.46407202,-19.05098275,-9.77395576,-2.19299974,13.41750006
3.68558593,-8.73868642,5.92459284,10.30340605,5.63813864,-11.72502057
4.05954232,6.47798827,4.87988632,3.79780772,-12.90297008,-4.79479463
7.79996825,-17.1294657,-6.37215297,-11.31989041,7.92894704,7.73458875
4.55420622,2.5336195,18.34225244,16.44750052,-10.71889064,-7.78578166
-16.2495573,15.71523005,-8.09919165,19.57671165,-18.66490566,3.6965718
5.72530039,-4.78259092,-1.07103257,5.04655207,2.74085875,12.837789
6.43604279,9.76241419,-14.94181535,13.96137952,-18.44250018,8.53408304
12.26483399,14.25440424,13.65245894,-18.2141679,13.59768715,-5.51995923
-2.88958484,-10.11050265,11.44748317,10.79201768,2.71387672,15.28547241
-0.38043187,12.36076778,-13.4130868,1.5268226,0.44977915,8.84515909
-9.40640718,11.86654123,-10.69161146,3.07782241,-19.09379386,17.26446951
-4.93948849,16.33884043,-19.82349509,19.63103591,13.9571347,4.40947945
-2.44801957,4.46802959,-13.80233043,19.98937462,-19.93992849,3.49628349
8.03982788,-15.82947663,18.88657146,-19.0475479,12.28042417,-18.28042699
-18.91017956,11.08461739,3.24137545,10.55464671,-0.71294256,-14.83191066
9.85460649,-11.52626089,7.22053521,-17.01488706,5.4506335,1.56506063
9.51347676,-16.97647381,12.82179612,-0.80458643,9.79595246,-17.63095511
1.92967365,7.61878894,-19.35122102,-4.89582492,19.87305022,6.291727
-16.56393612,12.7006159,18.6784268,6.81113435,-16.89299038,6.76040233
-0.20684635,14.58082221,-0.11204924,-1.77484777,-5.00353912,-1.95341843
13.08287085,2.43646776,10.20638631,-11.14146359,-10.43522508,13.3340217
-4.75159626,-19.82749521,5.19202313,10.31192867,0.4868496,-6.1434742
1.24434901,-11.87296688,-18.20985339,-4.21289199,13.94524186,11.12173282
-17.65561837,9.95399892,8.62459479,5.97995755,-18.25906429,5.17907136
-13.33105276,16.84594921,-9.06615841,18.89900318,9.15518938,6.60988708
-4.60519629,-18.78154009,7.37999548,18.60297138,16.16793367,-14.16579056
18.00000667,5.58969638,4.11927984,-11.14738519,12.82020348,-17.51860549
-16.70132983,-5.95375542,-0.15838326,4.75813256,14.51372111,-11.54684008
0.73458421,3.11057111,13.57366673,16.36884966,-19.17124577,-11.95249343
7.91811138,6.86178721,18.87882834,10.26516217,-16.05307998,-5.84261777
-16.54034918,13.9253316,17.82690511,13.3561292,-8.52582671,-19.23727924
9.32726556,-1.3689024,-12.67551231,-15.13473909,1.27762921,9.65236453
19.49724528,-18.25925448,14.73281029,-8.55393896,14.611749,-18.82111179
6.56320697,7.19019925,-17.61036833,-10.02683903,-0.04975066,4.1472914
13.97093199,-10.61040272,16.18170235,-15.54847803,8.94913837,-4.31508299
-11.06139352,0.48680379,-1.0285166,10.50748056,-1.25258925,8.57974581
-16.27763032,3.09890337,-0.03801767,6.63337685,-15.11327709,14.69400001
-17.50368488,1.41275857,2.89156239,8.90293936,18.43948256,-9.93845161
14.40272939,5.46777655,-19.52204496,-9.51163206,-11.82254197,18.60756407
15.34171339,-16.26764495,9.70158097,4.67948236,13.50544942,-15.39178823
19.14140665,-12.33114287,-0.50970085,9.62536375,2.27370043,-17.2726315
3.83600369,-12.17901523,-11.21519555,19.25911325,8.19958681,14.71615486
14.20884454,-18.66930718,-2.07206146,17.78072201,4.93069625,15.24605603
10.61970701,2.92487454,18.64069095,-13.12095997,16.20989475,-5.35283216
9.30871334,-3.31396864,-18.59387396,7.8201747,11.44110028,2.44688006
2.30631112,17.41221865,-14.53077066,-4.520846,-0.12097726,11.55968346
-4.6403632,10.65349523,7.36243153,0.43263589,-1.79921703,-15.59580065
-15.65524074,-10.83514616,10.40865707,11.92027514,10.22977654,-18.42391066
-10.37648909,10.58014734,1.76983063,13.45027446,-0.93662551,-5.52003962
4.55160169,19.25864398,-3.218853,-12.30122256,-13.70364364,0.93408323
9.91885397,10.85245523,-18.33566946,7.13276637,-15.05333524,9.42291276
15.73117446,-6.37205516,1.44375572,-6.01446514,9.05050933,-9.43187945
-13.60302694,2.88325255,-11.47344167,8.86638715,-8.85818739,16.35384272
14.04625361,-2.04541747,-16.70595737,-19.77651712,17.05946229,6.87764803
-16.71032051,-0.50457364,-6.38369907,3.1840118,12.97493857,10.71936232
-5.92942501,9.61818454,19.84870506,-0.13051054,-10.19396062,-16.4062032
14.15549487,13.67775846,-18.99483275,-18.93965854,-3.03311899,0.38606977
-16.13660077,14.0665328,2.78547623,3.3473424,12.11878735,-6.02149159
-8.90242711,12.91952328,9.69192888,0.90607226,18.36532111,-18.95386703
-17.98064803,11.36944172,0.5083991,14.26106233,-11.12049898,-11.99420019
2.61619489,15.33902657,-17.15558188,-3.99096463,11.06912013,15.7472873
-18.86651668,10.78277113,1.79299642,1.27049451,-10.61415912,-12.35387312
-6.20509426,3.68010895,2.81632017,4.81697428,14.16416113,-5.09101905
-14.04940897,4.7973387,19.76130991,13.62835824,-6.45870051,-7.89069137
10.97180584,-16.35706322,4.34016562,9.49833373,13.05561307,-18.26786086
-18.46050779,15.65975533,7.01991501,-0.31261748,-6.85660148,-15.95558121
-10.9636076,17.68846333,-1.34189008,9.16585632,-17.43442359,16.92610343
11.17511378,1.40107062,16.62755971,9.77290244,-13.49782236,-7.44020525
-11.26703971,16.04028791,1.799926,4.45367059,-19.32741252,2.35243215
9.04689742,-18.88485736,4.81479738,-8.78562325,17.3141101,-14.61650839
-19.6179535,1.54725916,-1.25140516,16.00533153,-8.35763335,16.75372098
-3.0204773,-14.85383771,15.85184885,12.48559561,12.84708542,-18.40318677
2.18862354,-6.51073788,5.64210707,-13.29811716,3.45308819,13.68830026
-15.003481,14.01846943,-0.86060467,4.97037397,-18.73028214,8.00751127
-18.89685701,9.58736383,5.37189639,8.93732176,-16.0484325,17.22843902
14.86870999,15.86043965,10.66326462,-0.53136618,12.45674362,-19.59432417
16.20273004,-13.68087048,2.27669113,-5.05798386,7.06906399,-19.86403305
0.60242138,14.25117368,-14.16182036,-10.71503064,11.75294935,3.87959273
18.69298154,-10.03609424,-18.85358881,18.1536238,19.40971482,12.64166203
-1.42797304,18.7881109,10.27145682,-0.61202463,-1.99145432,-12.0287906
9.31723242,-14.18123212,-18.59374388,-17.72934541,19.13828129,4.17006778
-4.9012819,15.61071854,10.60996625,2.27394836,-4.21751956,-19.63802454
6.22555977,16.11795331,19.5862728,7.78719655,-18.1858163,-4.12878525
-0.20092601,-6.21607074,-6.81365969,-0.42540321,12.98357865,3.42799325
-16.31178182,12.41854212,5.50082755,1.84443659,-1.0620642,-9.58472602
13.66147232,7.61671073,-8.18402131,-1.64828623,-12.99685941,6.70379151
-16.48303451,3.99651215,19.78577873,12.37876789,-8.76672614,6.31254634
6.23975489,-18.96152955,9.09421158,8.61664812,9.02935338,-19.42339727
-12.06469043,15.88869121,0.40377268,-0.55620901,3.192342,-8.27373133
9.73635538,-16.54783267,-0.58677405,-10.4868067,14.56219995,10.58352151
17.23389743,0.99358377,-16.38247809,-0.95971051,-16.10150067,14.10955855
-12.08282269,10.17666698,-12.52398901,0.50619728,-14.68733991,12.13646907
8.50971996,17.67679885,9.4890016,19.12810082,-3.01095739,-18.57822201
1.84660296,-9.11309267,-7.29519644,-16.72536697,6.93914584,15.36140852
-6.29082345,2.10935527,-12.34856342,1.13307271,-16.82622041,17.70629858
6.99477297,6.77982461,-18.90721293,-10.41362243,-4.20167033,3.55677865
9.73691082,15.44006983,6.43503963,-14.56499971,-7.20037576,15.41827189
-12.65237338,3.69706783,12.67915419,8.12570023,-3.43607535,-17.72031713
7.63726429,-12.92053327,-3.84080409,-7.78486891,3.69982391,18.39567436
-13.04501726,-9.75392548,15.22566377,1.2353286,18.32928759,14.5941083
6.7839063,-18.73037182,-9.48520068,-16.65181794,12.22183919,17.04354324
-17.74769079,-11.46211159,12.15057127,18.10363175,7.22334964,7.25671698
4.93711477,18.07010732,0.77897015,2.25838556,0.21642425,-9.90551192
12.96334241,-0.04959619,19.10194215,17.13938933,-6.66932133,-14.91793793
-4.20215159,0.63634768,10.71567077,13.75239483,-7.79468929,-1.83654854
13.9937315,-3.41222012,-18.95275947,11.23754907,11.66572299,15.58125299
-15.92029123,-4.54095909,2.19454211,10.30622148,14.00366107,-16.6754673
-15.01331799,0.77943918,-1.03772263,13.34217482,-5.47105354,11.31166037
-10.32718622,2.095647,-9.97725776,6.06185259,-1.62071158,13.79297735
2.43304209,18.45153836,14.32563389,10.34155338,-6.73488537,-17.75391686
-15.64471697,2.31352254,11.7056533,8.87502752,-9.81337349,-8.24105639
7.10765297,-13.15652022,15.62687422,-18.7998993,8.54861141,16.42156038
9.50419541,-6.22273702,-11.67379687,-11.69869185,12.61427281,2.39450731
11.08332631,10.67499841,12.82777849,-8.20689384,-17.76078996,17.05414582
4.74126784,-19.12164359,10.12406543,-4.58009836,15.95869543,-2.70765263
15.8704219,2.23058307,3.74662628,-5.72483738,2.56382476,-18.54608809
-18.96968993,7.78497192,1.52816967,1.33566198,-6.50770461,-7.86454679
8.96038282,-16.99087125,12.97495031,-14.30434517,11.87727083,-10.34871933
1.9414191,-12.07556115,9.84809905,5.44104022,4.9797439,-18.28830763
16.96042972,-3.98625738,-15.20119083,17.13849908,9.98785402,9.17391069
-1.08018797,12.60856168,-18.6494774,11.76752037,-12.02317273,11.17523225
11.93558348,16.36734413,-16.24739651,-17.54143298,-2.94552805,-0.46710365
-16.65229288,11.41304054,3.66990857,8.54273413,-9.64479165,-14.31676242
-17.85475358,-0.48226457,-8.94127759,19.40197986,-14.42283406,5.05421827
-11.04755602,11.14170629,3.06032556,1.83699495,-1.89563543,-5.62517549
-6.10831462,1.03986958,-18.11332033,10.88863221,-19.45816363,8.72907683
-16.64750512,19.19668771,2.48647254,1.48866075,-10.78091466,-16.54317748
8.24524506,-17.39453135,10.69312261,12.74197537,2.2911676,-12.94611943
-13.45175836,-1.73374198,-12.24890384,3.10975464,0.54007128,16.75527424
7.77215857,16.96750878,19.18378032,-15.07994005,4.99907663,-11.25548111
11.3522774,-14.05139176,10.00531123,-17.95149079,-0.21460738,14.02191663
-2.49977634,-7.26344377,9.83358391,0.17288125,13.62299723,12.91068934
-1.81633906e+01,1.62089026e+01,1.13007864e+01,6.00281513e+00,7.89099373e-04,-1.71798836e+01
2.3570463,13.08994432,-9.17004322,-12.89695984,-10.32119018,1.02725642
-10.74761613,16.96438138,-9.59018471,15.77464321,6.36775129,4.12385948
2.89316989,2.31625346,11.32519114,4.56327071,-5.17902512,-1.08958382
7.52876418,12.51895725,-11.16966077,-1.63783598,-18.63923844,6.85220717
11.18132811,10.76886849,-8.4611579,-18.09076459,6.99350268,4.75128611
-3.70799858,-14.18961243,7.44439251,4.31417844,6.08842084,12.08939326
9.91920906,17.33269132,15.83757248,-17.6601793,13.43532303,-12.97966276
-12.14767312,13.6038198,11.53093566,5.12886841,-18.47870401,-4.24498037
-14.06149687,1.85912841,10.82811618,11.96821136,-15.3184175,-9.66980362
-2.81069694,-8.10509939,4.40545088,18.46976205,3.42396662,17.44142545
-19.82830849,-7.64519367,5.69331962,-0.44489998,11.19075023,-9.98080834
-8.43610039,-5.78720258,3.25858858,1.88963335,6.69746207,8.61705228
-12.95422762,12.84638828,-13.01300153,6.59857861,2.89747475,17.9521308
-8.35731826,0.87407933,-4.48382887,3.18236816,-14.60578598,10.48909632
-6.24101915,-0.36555453,0.49237759,1.01615612,-17.37097487,16.42095898
12.98885841,13.18180576,0.98970832,9.5577863,-7.28808602,-6.22559846
12.14519064,-2.68670797,-10.46272881,19.95988758,10.09596816,3.09568791
16.7794652,4.24232058,4.30312861,-11.44307151,-10.21961019,2.93567378
-19.69956205,-0.98019889,9.07360781,14.18078871,0.27141855,-14.51133636
-12.52525824,17.69213576,4.80862692,6.06278255,-6.75442004,-13.74895264
-10.54108618,5.99733471,19.32341662,1.94278335,-13.35236266,8.76836449
11.55705806,15.27234082,12.14911739,-3.12259144,0.65629243,-15.788327
-19.92510852,7.82831927,8.90908867,2.41030941,0.50407127,-11.09456507
16.19507138,16.20874103,1.22895254,-9.37467371,1.52996739,-3.82350064
-17.90775796,4.26013472,-0.53505191,5.68734376,-10.72462719,-0.4801446
-5.36343767,10.28179835,4.10640296,4.54271287,-8.07444824,-10.9499216
4.86701276,4.90285057,9.02422133,-3.39182698,0.72774606,-14.77909146
-8.57301745,-0.25213376,13.67226518,5.60279286,8.94657569,-16.76291701
-3.53159168,18.1054806,6.60638114,-0.4022669,5.90743896,-13.4355824
9.598533,-9.82667274,15.62680945,-17.93439809,7.64798539,-2.50708492
2.44278583,8.81964657,15.37040049,18.34021039,-18.50796536,-2.55218538
13.12535309,19.83461969,-18.68520456,-19.28784821,11.25938977,13.4791819
0.46249278,13.75686941,-8.34175586,-15.53065026,8.34960312,3.13394737
9.53369576,14.85482882,3.68779051,17.59671366,-14.33639393,-14.32226667
17.32087675,18.82006635,10.40024114,-10.03725833,4.20045829,-13.06909432
-16.43735347,-7.4558529,0.64051119,12.26834899,13.09386618,1.53802596
11.55910512,-12.0757943,17.91409303,-17.25448332,1.76729649,19.31935349
-12.21414189,-10.32021585,11.60924586,2.12772517,14.93810246,5.87729287
14.04662951,13.86074021,-14.64560649,-4.43614888,-16.25409023,4.87925047
18.67202205,4.58661158,-1.98413135,-7.86119438,-16.92643422,1.98399701
-0.97561463,-9.3715518,-3.86577744,-12.5607311,6.29489072,9.71429813
5.23152381,14.10491366,-19.20009574,6.91019017,-19.15083466,16.29041039
-12.65600458,12.90207793,11.04328291,4.83132009,11.16439639,-19.77944065
9.51283741,2.66553815,-18.37679765,-8.25777267,-5.18239686,-1.62580345
-10.7496173,-19.96123587,-1.16071239,18.30633109,8.85888929,-0.33189995
12.0748247,2.09445254,0.60129709,-4.63964771,1.57858347,-8.06473614
7.57196864,9.05777642,17.29769929,3.91818163,-18.65632623,-9.54624653
14.45336402,-14.41869575,-3.61326305,2.33728409,6.39864924,9.40871036
10.25463306,-14.81470414,-5.00165059,12.21763578,3.84277537,11.73784598
-19.63071679,16.36584101,6.22822409,9.11386925,-7.49560295,-18.14561011
-7.79014324,8.76467288,6.83415939,1.45077787,1.41429806,-14.58692588
6.70114992,6.20657546,-4.76819683,-2.87783259,-10.02205838,2.09631709
15.16017498,16.16833402,3.67871788,10.73547433,-13.37116456,-9.04500919
1.92821513,-19.88526461,-1.86931394,13.37670352,17.25134125,4.42854151
-16.76648904,9.92462017,0.48224392,6.45899952,8.95220113,-12.62555354
-7.65065292,-1.07332256,-7.90932407,9.14471312,-5.97989144,5.54875911
14.1133479,-18.98515451,-6.98520072,18.05334713,12.66488462,10.09223204
8.71721685,8.93856373,13.70928517,-19.1877407,8.64177173,-9.04639504
-17.97958702,-8.99929888,9.5513336,13.5459272,15.80028333,-17.72430187
11.23441591,6.85495644,19.72618673,-13.12782741,7.90701674,-6.68951858
-19.19940699,4.99048697,-8.38781681,14.79614344,-10.66841137,15.36295787
0.40857183,-5.25871938,-15.60842609,-15.12753362,15.69642961,3.78035107
-14.0555101,-10.54046194,8.55631349,16.20282854,0.30588721,16.74560597
1.61676673,-11.37142394,-13.45738026,-17.85614386,2.99834903,17.45721545
6.81616543,0.56269988,12.74593857,-3.92439875,-15.40401539,7.76010905
0.25534896,-4.97572599,-9.1013693,-13.51569847,16.23057834,3.00335637
-19.42455366,2.26357343,14.89977419,11.07390615,-10.3477184,-9.89047612
7.49664892,-17.34782573,14.56925428,-11.04079208,8.25346306,11.32885388
6.49064239,10.1221358,-14.9913653,-12.27519068,11.62275848,13.56647462
-17.85557354,9.97525829,6.95046824,5.69538807,-12.90652121,-4.47479845
-14.09303975,4.42401266,-15.12747054,9.00893489,-11.37938296,17.81423327
-14.68992584,13.50181353,9.09319343,13.12955588,-19.61863181,4.89681154
12.40977369,10.66474581,16.31399623,1.66086085,-14.96052956,-9.96262091
0.56178175,-3.34388535,-18.13831977,-16.55957073,12.34430577,1.13613747
-14.631166,10.52528849,-7.96603396,12.31930304,5.83845673,17.30742152
18.91693447,11.23498751,-18.34401752,-10.16853698,-15.94569333,7.49947283
-18.86505094,2.89071106,15.22202794,11.51022948,-13.39898039,-7.3057706
5.32708378,-13.10683841,17.05597845,-11.32491506,3.78748265,-5.94534021
-14.87500947,7.05431926,12.87656244,13.15559843,-17.01453963,-8.92428328
8.44299311,10.36964298,-17.40770283,2.18432205,-12.80141938,17.12114307
-19.49119149,4.77952282,13.03054847,6.036196,-17.04144271,-4.23416317
14.15610117,-18.37406146,13.85954435,13.23378877,4.76116989,-13.884543
14.99439323,-16.02151131,9.0038661,-5.20665371,4.00075509,-16.5394826
14.81243858,6.67291135,11.34135505,5.66511865,-12.5678804,-2.16223354
16.45840159,-8.82843929,1.28224341,0.57201184,7.91619178,-19.05400949
-17.67027225,-2.74554518,2.55334493,4.38939142,9.46165025,16.56707818
-1.89439,-17.5567329,3.82139088,15.85304019,13.40192313,-13.85017625
-19.92046814,14.43757101,-14.05204627,18.50849761,-18.58574242,16.31190533
-1.36537462,17.68815609,-12.68210549,17.65514316,7.30569445,8.18304541
0.66290189,9.97760455,4.72167606,-3.83693304,-8.275804,3.20526306
6.79274819,14.65195394,14.25177872,17.95643199,-2.90552812,-17.9956216
1.06591664,-4.60219764,13.55925965,1.12145173,4.36523327,-19.35466686
9.94215741,-1.35285814,-17.10730293,18.03705113,12.15736293,7.85491605
0.68699859,-19.64746796,10.05244049,-2.17877336,4.76558164,-0.0477477
2.40517503,3.0405252,-16.784452,4.93040908,-16.26193908,5.5196635
10.40078325,3.26604749,19.20217214,-13.8862423,12.24375091,-18.94596095
19.8733531,-3.48248375,-17.14398277,2.23221298,12.16954757,3.19289697
2.67688697,19.57113121,10.46598378,-6.78365463,-7.34101393,0.49771005
15.8905462,3.41246931,1.85035802,-13.21484676,-18.22837897,0.33531805
-13.62850857,10.01492169,7.9291882,6.66815541,18.65690513,-16.00093783
-8.47830451,10.72363871,5.67272969,9.31891071,-0.98495347,-17.24383176
-0.96131166,12.46684287,2.25249669,4.0721955,-7.8310477,-18.12280719
15.53631721,10.83147191,4.84785372,-7.26130378,16.52989096,-18.34395306
18.18086911,5.60077125,19.87299732,6.99600394,-14.56870239,-11.45443728
-16.88040565,16.61095422,-13.71680261,9.83963325,4.26947426,19.63755797
-13.58725738,18.12170642,14.87427407,7.81452074,-19.95205268,7.9802033
13.82379281,16.59168822,5.14899677,8.09323808,-10.97737576,-10.4477371
10.27822813,3.05901522,17.2597225,14.15409948,-7.31331857,-0.61347809
-1.42837254,-9.60166338,-6.37768841,-16.1072758,12.90836666,0.69065231
-5.80161656,7.66205803,15.16041985,8.99139144,-13.70974566,-6.02532362
10.57814766,10.0435018,4.32737357,17.93228057,-6.26186164,-15.61298624
-0.82129249,-3.9027513,5.08397305,3.6102009,0.17850021,-8.63327795
7.32552263,19.64775011,17.02897653,-14.58340181,-3.68568823,3.96254065
-15.1835664,-3.7988313,8.37191103,6.67205486,14.18459156,-17.19774296
11.0099282,13.7007734,-9.52325091,-12.90018755,-2.0148117,18.52400949
2.88720663,-6.05780106,-14.58844164,-3.47954902,6.11692366,17.41415115
-5.5861859,-0.76407264,-18.07578989,15.2856128,0.99797253,1.93117678
-10.28361624,6.11825387,-17.06029679,18.42276577,2.88938774,1.69878613
9.80600623,12.89024911,13.44190521,-13.68046388,-7.56695629,1.26711956
-16.01321147,-2.51202815,0.77847252,11.16295675,17.20744942,-3.84466453
4.03247072,-16.72996998,13.83962711,-17.20515549,16.41419884,6.73970601
7.07524922,-9.62862133,4.27616145,-6.78003061,1.92414033,-14.75563598
-12.01259584,6.00561499,-17.28552617,16.12662748,-4.85042561,15.92548934
14.39103036,6.45798374,-18.04443807,4.09322231,-14.07169811,2.81897717
5.60466738,12.99642787,-9.38064896,-11.11868288,18.60249384,0.38744392
17.63886732,15.00641784,12.9649819,15.8781438,0.79339532,-19.1655454
-16.15072506,-4.72327291,16.87944137,4.68661987,6.86700585,13.19489291
0.63058785,4.40626302,-17.60801289,16.87950349,-15.2143334,10.00989499
-19.37378382,12.6853432,-15.57963248,8.95258604,-15.426334,19.46854939
6.5570828,-3.27863464,-9.33930995,18.43621918,5.15027965,7.12917998
-9.70936913,11.73992082,-12.65949826,17.25132406,1.99128358,10.48035231
-14.53954411,11.38303841,-8.98778191,0.72979828,-19.74399827,19.19103231
-18.29239488,-4.53362059,0.10176625,8.11932662,4.24793127,-13.62828524
16.42940331,15.02364694,0.4590931,-11.93701725,4.79566273,-9.90747405
-12.04576496,-10.05662887,4.80808558,7.79821145,13.36763919,15.8969735
6.42476228,-1.36206612,16.38997607,-12.68578025,9.27037058,-14.27142326
13.73006583,18.10446891,17.62343795,-16.79450423,3.5299432,-10.83340641
5.31860605,-18.34375931,8.22282421,-19.34911344,6.25116807,11.07581563
13.07752259,-12.33060117,9.07154544,-9.44997078,8.40525513,-16.38756098
10.19402497,-11.2237434,-10.24851798,-12.56596549,17.86249731,4.23319088
13.62358345,18.40054355,8.36022764,-9.65277118,17.48435006,-15.08255522
-13.92109527,13.21134167,11.13171079,8.84565156,4.12009691,-13.10219354
3.18481339,19.86787893,14.82132927,-14.66809793,12.85382386,-2.57761225
-6.73506166,-17.38123144,7.8862079,18.57893632,0.54203878,-18.47048534
13.41000735,-1.45396333,-19.99220144,-17.41370396,0.1106735,13.2184295
-17.58093383,7.1430343,14.89562798,5.06715176,-11.79281417,18.04945261
-3.2803833,-10.83872058,18.37331219,7.0979781,8.97435578,2.36107038
3.27650706,12.33323605,-15.0367209,-15.61171882,-11.59881481,2.22077729
0.98333888,8.56633583,-19.41828755,12.00873265,-13.80493875,1.09812486
16.96788736,-0.45017168,4.42833003,-9.00736129,-9.39547498,14.19289414
-14.92935266,-4.77879118,1.48511513,13.8513782,13.11450132,-13.99371643
-19.82851205,9.97704709,2.71911792,9.63425556,15.23044528,-13.19964362
6.87415634,1.29646759,8.31700606,17.96848056,-2.97981076,-2.19450283
14.72415758,-12.98540135,4.21783447,7.33236459,5.10329663,-12.30837164
-12.58335416,-10.67600875,2.62001063,13.91603747,2.20620567,11.96297591
-10.4566612,8.25239214,-13.38450785,13.03140764,-7.51828804,1.8240641
-18.10976945,13.9132282,-2.32853039,13.30996782,9.67140995,17.84643098
1.2763108,6.90987931,19.50549887,-0.36091648,-16.23137034,-12.13602074
3.9648107,15.06648844,2.81714493,13.14621801,-4.67874392,-8.27538191
10.90440034,7.7940296,-14.50261659,12.2199604,-15.92184763,10.01771519
9.05037484,13.88466595,2.12003552,-11.47500297,-10.11639115,19.70997886
4.24927855,0.9345458,11.81348657,13.52968173,-11.69059418,-5.1004184
19.27396569,5.68554899,14.96242625,1.64325586,-7.73624618,-2.87897415
15.17686164,10.83652834,4.38540924,-1.9623615,18.81441084,-15.65180911
17.64531894,-13.33332497,-8.7869039,17.9038955,4.80686743,19.96338037
-7.34809372,-13.6822828,15.04226529,11.26597849,5.8465932,13.64981145
9.74289348,11.81645113,-16.29573708,-7.61368982,-16.07261026,12.73634855
7.35331671,0.26253041,-18.01358191,-3.39572408,-19.74922896,7.64095083
2.38748043,16.54206193,-17.17731136,-4.45048884,-3.52478615,9.70940498
7.46730307,14.79705591,-11.83419139,-13.9611206,16.2013995,4.05894246
9.14063117,13.68151681,0.34604349,-6.0262793,-13.8180459,-0.0166348
2.92343494,-17.13161683,2.58181483,1.57390399,1.84423273,-12.69416531
5.13657529,-15.37770793,8.14973301,7.70618919,14.20299479,-13.74708474
11.29342605,-18.87538799,-15.41756291,11.75542668,6.13702086,19.12767284
19.27790379,0.70113853,2.04929353,-16.68615968,18.39528408,-13.01309537
-15.75260167,-0.03738686,13.04582954,5.43811674,11.2034019,-15.21297676
1.38149909,2.39745989,-17.18416304,8.11259086,-16.87955579,14.11123419
1.30095404,6.43372266,-17.96105758,3.99009203,-18.9386796,8.28733254
-11.33711027,17.52894234,11.64652613,5.41437411,-9.63875351,-15.2941767
7.00048869,4.2547777,-17.74054051,-18.77061734,19.61477173,12.81367991
13.85573312,-14.00044993,-11.61078079,11.40203806,19.60375624,10.448703
-17.8398008,9.17293427,14.38310498,4.56490641,4.85356623,-17.13056139
-6.67603602,9.13747076,14.59456847,1.95123285,-5.84238366,-19.78342627
-10.98774687,-15.18935079,4.89221673,9.58190959,5.69331198,-16.63589007
-6.92187337,-6.58610417,3.43192896,5.91767717,11.77864055,-15.70453153
-2.81847834,-7.42572032,6.65422994,5.97300279,3.00383307,-16.8454141
7.65293887,-15.57438138,-16.94617787,-17.46401966,2.84098201,17.4309553
-13.38460643,-7.33333727,-1.34602063,1.18179681,16.13598944,19.72515462
9.61514786,6.69357767,-5.68934428,-4.15030074,-8.18387583,2.36607755
-16.49030842,18.28035614,-5.73135946,1.54549723,8.33239767,18.81988828
5.4429753,-9.66518933,-19.68325805,-12.26995007,12.15224348,5.94317253
-15.3084971,-10.24161559,7.55048366,16.64298457,2.89293235,-16.59133972
6.46644703,-15.86797605,-2.93603709,13.27735027,1.01952753,15.95640295
-14.9048276,-3.41128492,10.89946171,1.71873062,19.40784355,-11.662577
-4.66161905,0.76510635,-2.8130996,6.51848954,-10.28834508,1.26490765
-18.30281189,11.2246026,0.49384258,0.07543442,7.83856985,-19.92207995
7.52566686,-4.54961656,9.48586925,-18.06260437,4.49603921,-4.76034126
-17.06984857,0.70872737,13.1795151,13.5653957,-12.40051221,5.58845579
-0.90156718,-14.58942759,0.23288796,15.76259541,9.82520638,-6.39109165
-11.12129003,5.11671951,3.26206682,5.83980569,-7.48305817,18.76337602
-0.66720217,6.19198914,-17.9344019,19.27400311,12.18322934,2.38055999
-4.66003212,-19.07621896,17.15037435,16.0890304,6.53144204,7.76594463
16.35541938,-12.21063995,-16.06408991,9.77692623,17.22050715,6.25042673
11.31093349,16.20632101,6.0165551,-5.46462066,0.7226185,-9.33494345
19.74617815,4.33891516,-17.89220475,1.58648187,-16.58359128,13.08343263
-16.92025718,-4.44422541,2.93649462,7.8050765,11.70365794,-6.28468881
19.68238621,-14.81641005,5.27394167,-3.99939912,13.28644971,-8.7297715
3.7980293,11.75618361,9.45672379,-0.11259989,12.31075906,-15.83764817
-10.37676856,-6.45688492,3.10567869,18.57954929,4.64563561,-18.1243214
13.78238027,5.46269344,14.96315351,-8.21378494,-9.95576385,9.57711293
6.14576855,7.68340597,-15.56509854,-8.78666827,12.93573268,-0.31302858
-7.98455866,-13.95067875,0.29127057,4.24349873,18.42500637,-19.92806186
19.40744685,-15.1690585,0.03547383,-19.42874468,1.57078983,5.80341013
-17.12747245,3.0981453,9.78500757,3.40461685,-13.71002526,-9.27596126
9.30540625,9.49112041,9.85535054,18.31322655,-3.65528508,-16.41220954
-12.29026241,3.03983701,-0.06547102,1.64329508,16.15923392,17.17022339
9.54207649,1.9277969,-17.72353677,-14.80688311,1.42764547,2.58171644
16.62303097,10.18833584,5.04140254,17.56384965,-0.89680205,-13.79720176
9.61767137,-14.25951315,-7.93849113,-11.179391,9.90818862,17.71016141
3.74748658,12.27371852,-17.48837761,3.19017972,-17.00690828,5.5934463
3.61779138,2.4035187,-19.59460075,-13.87873953,14.84221307,10.58816447
2.46494638,13.5199311,19.11567007,-16.07387398,15.52920342,-6.05208728
6.23080976,-15.52483097,-1.20946229,-9.40344722,7.59303945,14.77075605
-0.83947845,8.21519361,15.29775529,5.35920042,-10.02756132,-7.91274583
-18.16272663,0.38296997,6.2723099,1.56482497,3.24675825,-10.00282469
-19.83683659,3.34092362,14.0505096,5.49818416,-5.87831201,4.14584052
1.29661976,18.56480327,8.97823471,-2.31683678,2.6526205,-5.14450658
-13.10954133,-13.18750067,12.77258747,17.51207693,9.62073352,6.93610084
18.00853449,2.87118392,13.01319632,-12.95663971,-14.06864062,2.83004636
-10.85767813,-8.86829808,16.5713493,12.03517853,3.51349792,-18.74759049
-12.92322873,5.05864258,0.37344182,11.07046179,5.73976855,-13.30737544
-13.92217933,1.81700081,-17.01581303,17.32707888,3.44534052,9.39846825
0.26293559,18.71934081,-16.95083726,-5.18100683,-11.48578352,0.48085501
4.70368633,1.0814683,-13.04539017,11.1903874,-19.89540257,1.93680949
-13.37848205,-13.20976972,9.30408987,10.89978422,16.67012741,-8.02952788
13.50199839,9.88288361,-14.77207783,-7.26333355,-11.61723764,10.66152805
-0.020801,-8.05408192,11.52071578,8.78132661,4.80373777,-13.97037965
-9.70069379,-0.17853764,-0.14518729,1.6390072,-2.29313979,11.38654137
12.45824645,-4.97023911,-13.61240755,-2.10867942,18.25768346,4.82705535
-6.44969153,7.51202332,-10.09539235,2.57801285,-13.3034589,14.67518188
4.55292644,13.65023437,12.25732497,-13.43111623,19.20711637,-7.50588623
16.32160714,14.31097569,1.79960954,-11.07185333,3.66509275,-16.91331194
-19.19384183,4.75275324,2.47268982,5.90930096,-18.40407005,8.77156865
19.41958969,6.26064128,-12.78730882,-2.37905529,-15.86231149,1.89783915
-1.09120026,0.04597451,-9.63813004,9.461184,-9.06172151,1.57484559
3.85787653,-19.16315694,14.35879378,-16.33260779,11.87370167,14.57822134
8.99660293,11.07109652,17.11700789,-10.15566788,1.66264633,-7.29844874
-15.36639979,6.80746225,-2.46046656,2.9506098,17.66698762,17.04229641
2.80744237,8.64899683,-18.34170387,18.77164105,-13.04944124,18.21509943
-17.52691438,7.63668505,10.60269181,5.81422157,8.42911022,-15.01451184
9.44011617,19.0589689,4.76921482,-5.63104587,17.99097825,-8.90212555
7.45836746,3.86719861,-4.66509528,-1.43759471,-19.35400034,3.72798617
-4.93931177,-0.26359842,-17.79559227,15.48347368,-14.18609933,0.62547842
-14.65550905,0.4110621,-12.62831491,13.81767707,-13.10052481,7.72911742
7.65194073,17.09613857,19.10036591,-13.59243826,15.4480493,-14.49388733
-15.359374,8.22332089,5.18869844,4.59063315,-13.63363148,7.69579597
4.60829341,-19.22637335,0.74463708,-19.44366569,6.73965432,15.95418137
-7.79438618,7.59853356,-5.10990543,10.49903483,-10.68607834,3.32662444
3.31058546,11.48559673,-18.60074049,-16.35584152,5.36111896,3.83937362
19.75131734,14.99399414,15.13206628,-4.29146016,-19.79596162,15.83403551
12.04941124,11.01746675,-5.519668,5.35925904,-16.65975856,2.92149689
-9.55137917,-17.83438341,1.4527131,15.34701952,5.64084855,-16.33632959
5.76881778,-10.66244834,5.96641537,-16.25132042,1.58005755,4.55205479
7.68692249,3.70920683,-15.14028473,4.5814775,-6.89045944,14.26346803
4.78985742,2.48329026,18.87781848,-16.99297979,9.6843151,-8.69976349
14.6403678,6.13717811,-19.60842102,-10.67523716,-9.34444285,-0.20568025
3.50728087,7.05858232,18.53211274,8.64608245,-15.35853619,-10.27840359
1.9750494,-2.91977034,-15.10504088,-8.01854842,17.16550672,7.56719891
-5.91642074,15.78463328,-17.9949111,18.25075977,13.02956684,4.23019982
-18.39085721,11.65270648,-2.64780368,12.68151131,-19.88590891,8.93332422
10.03451574,-15.41768368,7.11788786,-7.46214893,0.32188057,-6.51904232
-15.41477976,-19.42681627,4.94084179,14.546558,5.39127924,-19.26670877
-0.24023291,-11.2785101,13.23691445,-4.1896025,2.22791854,13.75638449
-8.65488338,9.26100594,19.14848919,13.32181664,-14.11685395,-10.30534366
3.82739211,-17.56178565,-14.17605099,-7.46853826,4.34295881,15.77935453
12.06565037,-3.39046427,-11.04621761,13.85581092,19.18373351,8.74438002
-17.85744051,18.57161944,1.58078783,6.5846407,-3.10686699,-4.92361086
11.86123954,19.18043144,1.38527475,9.59505503,-12.44654267,-14.76734042
12.77074392,-19.91967511,4.43206508,14.34169204,6.23539327,-12.60993648
16.02871358,10.06552471,3.4985782,-5.4217747,-14.02002645,11.91253436
-7.63026554e+00,4.55529431e+00,2.94371211e-03,4.91393582e+00,-9.30589883e+00,1.26819057e+01
0.21215995,17.86308636,7.10701049,-0.74811748,-4.10844178,-15.49010505
0.21278082,-8.24888493,-15.52638207,-16.85371592,13.49463237,6.52216192
16.4927608,-13.84673938,-5.26312274,18.2905364,12.67908131,8.39539223
10.91904151,-18.86386617,5.36151102,-2.69705114,8.47079897,-12.31163122
0.71823873,-1.43816086,-15.15790474,-16.51247112,15.77062871,12.63271183
-0.28439401,8.61811593,-6.40345379,-0.7959902,-17.39928717,3.22501437
14.15039834,-17.37550011,0.12629629,15.27995828,10.55596443,-15.25109328
4.93883905,1.3438855,18.2209363,-8.36157179,8.24645352,-15.64449476
7.04565641,9.93986381,-15.98222054,-1.95535431,-13.76763701,8.22454747
17.90897452,9.62945053,5.67815033,-4.90610933,-15.95023674,-0.39439837
-18.34158229,7.95898143,-11.77454395,14.56764703,-11.96061752,15.59877839
-0.25980554,13.49689544,0.93533822,-3.63787879,-3.86943648,15.03220153
10.69360162,12.53840973,15.93101502,1.82538948,-13.53870786,-5.09364032
-17.57031039,10.3807893,3.78123297,10.59324579,19.07062736,-13.58225364
1.16783784,-10.78119644,10.6016999,-6.45504532,2.05063301,3.37312523
-19.35698819,-12.85917439,2.842189,11.90334669,17.52627767,3.52513265
10.75799603,13.42572188,-17.85361819,19.83795405,-16.26262899,14.70865996
-17.15619524,-2.88075813,4.5743799,11.23955622,19.21393617,12.00942011
-8.74717779,-17.13345418,0.46343143,16.58696431,13.64587858,8.2109174
14.76447427,-3.05922791,18.32134853,-17.60546529,19.4858907,-2.48792316
2.72427551,15.09572447,9.79354154,-19.690735,11.31562697,-1.25820771
15.77090491,-13.54103939,11.80473979,-17.79481284,10.11573404,-2.36519808
-13.98688733,13.44176384,15.23052214,5.88358231,-16.49012763,-8.35791072
12.4632826,-0.90968308,2.30650399,-2.06621468,19.4986373,-10.64839999
-18.52715406,8.93825351,11.80051118,7.07665441,-13.80434365,5.5634344
-8.54360013e-03,-1.96211464e+01,-9.17940998e+00,-2.06147165e+00,1.29014471e+01,1.00201687e+01
-15.86191819,19.56812823,7.80047926,10.98422335,-8.08412854,-14.55048562
9.68148584,-15.28969196,-6.60610226,-17.63083134,2.91516027,19.44608358
19.91457079,1.98903434,-18.11287521,11.09125885,-18.93067581,2.85840509
-7.89255155,2.33827955,12.30492033,8.82824492,-13.30063059,-4.91805783
5.2456707,-2.66365852,-16.89111541,4.61688273,13.98793913,3.11903296
3.27423816,3.51854266,-18.55172912,-9.00454918,2.1667933,8.84222549
8.7415644,-13.07054966,-13.20014924,-16.03288621,18.55220472,5.47971218
12.95346852,-15.73293058,-15.68028828,-14.64034043,8.24614713,17.18386586
-10.31421787,4.84819782,-19.29685646,15.94523202,5.89896029,9.28051392
1.18560611,9.23014624,-2.68732244,-12.28194452,-2.09411543,-0.06290731
10.70709478,-14.19019554,6.65940345,19.577042,14.12139654,-11.6151393
