9.06943495,18.84026003,-12.19076279
18.25162642,-14.98796022,16.89075176
-7.15295946,-2.51847689,18.95206894
19.65889578,4.68488372,-3.7157805
11.63403383,18.83994181,-7.52292896
-19.9204884,12.37328595,17.97823132
7.57661341,18.00039456,-12.96596124
-11.35121754,4.78399472,15.78101771
-19.60937853,7.54519409,18.03162436
-19.12887126,16.86640688,10.18669788
13.54962743,19.48899508,-16.24614691
16.9717215,-11.79059228,4.04212473
-8.89036964,15.41853973,6.20518114
-6.66926959,15.19350302,0.8434572
5.31774379,-11.65799243,18.96414079
19.67689608,-5.39011806,-4.92533528
-3.93161739,15.2903094,-2.51146132
-13.99153555,7.44269692,11.62094776
14.18594957,-15.71522335,8.48814897
-6.27058497,-3.37052026,17.97206548
11.95625417,10.34876475,-6.52224574
15.35704181,3.87220359,-8.52107357
-4.22784189,-6.25923037,17.70363019
2.76463274,15.80046931,-9.261804
-6.13931406,3.04647894,15.98535692
-5.40594988,-2.04210472,16.53616534
4.42313969,-6.85485891,9.53105683
12.07592269,-5.66662356,2.74643872
-17.70811151,16.57366717,12.99586605
-3.69325897,16.05888834,-2.34297141
19.99898069,-14.53954963,0.87896289
-19.40663928,5.69250995,18.23068309
-17.22048182,19.62304554,7.24070904
-2.63024852,4.98422718,17.66326748
0.897534,-13.80600182,17.46844345
-7.70138225,13.64896827,3.0510865
-9.89102008,15.16589486,18.54713917
6.96978883,15.98380956,-10.95914637
17.16569015,5.67824901,-14.69936775
9.41627706,-11.38772599,6.77444896
17.35745361,-4.93188901,-4.0863116
-5.97909207,16.08585589,1.21674471
13.87386395,6.41653909,-8.87151055
-15.12469376,8.79888846,11.04215099
15.74435768,-12.94228829,9.09473023
-2.37233376,10.57181832,15.46637314
5.79981948,18.29871074,-11.78727568
18.93225787,-10.54026842,3.16063647
7.61951528,7.88546376,-11.10118929
16.51216328,-4.29129849,-3.9796129
-3.06326089,-2.9809754,15.39417295
16.09886925,-19.24614886,8.46839788
6.80622437,13.8494611,-14.12229461
14.49588934,-10.25557545,6.14044844
-4.55532651,1.45983336,19.93296442
-8.90042811,19.70425851,-4.39237879
-18.87771928,18.80039504,18.23501862
-5.77672463,18.59434453,-7.27060446
13.08843151,1.97954448,-9.36011123
-8.86007125,1.87526077,18.30027342
13.1723461,-6.5228418,3.82810557
-10.26324767,-1.89434834,19.45068337
12.94608889,7.65599182,-10.98030091
3.97750606,12.45482628,-8.56923228
-18.95288667,15.56562832,15.1139267
11.31413249,15.12376717,-19.66599234
16.49549842,-10.25876877,5.41581522
-12.20870537,17.78740174,-0.57638239
8.66534685,17.9636861,-11.90007787
-11.17903576,9.18444724,6.52267386
19.42446124,-9.01915157,-1.89593587
-12.15616252,18.80818554,4.93245383
-19.17139432,12.35360396,12.86054061
-14.9693471,18.22570008,12.46277383
5.48869539,18.9082055,-6.65110514
15.55184999,-10.61985508,2.43100615
-12.68601404,14.32442081,5.09733016
11.84791753,-17.75388229,12.20655248
19.46393612,10.28569436,-15.43836786
13.46270088,-7.16332968,2.40363294
9.86491533,-15.72065913,15.29216535
12.41557562,10.74772591,-7.11231061
18.79434577,12.79562557,-15.23310294
-16.99985493,7.35988863,18.37808549
12.18055958,-1.01641848,-3.63896201
9.91119513,-12.7060477,10.22503637
12.75606822,-9.5927058,11.33295645
-9.40960055,19.86470255,-2.96663725
-10.36427753,14.92595852,3.06811644
9.99749722,-5.69990487,7.67403143
18.4935475,-8.92026672,-2.39001601
16.30638001,0.99386446,-9.87546809
18.06204168,9.7150339,-17.78809201
-12.87295389,15.08679361,18.30788221
16.49381045,7.42366355,-8.83504341
17.52135967,5.88226798,-12.60023233
3.22038725,18.40134104,-16.03893136
0.6259323,-6.50352147,13.09134822
19.92311679,-3.77936169,-4.92266166
0.09760693,16.67108612,-10.1838412
15.82344781,-9.49515456,3.3229306
4.12418602,18.60554462,-7.83746993
-13.08010527,1.76500283,16.3681192
-15.16395598,8.97719246,14.0342841
7.41342407,-10.88712952,17.5873418
-9.97160178,16.92093045,-2.16280874
1.13929453,18.13143771,-12.37002103
14.42996547,7.62600192,-11.58758719
6.26690041,8.48077958,-8.96161015
15.7410928,-3.8796014,-6.17682638
15.49515315,11.23461498,-18.2240845
-14.06969835,13.65714054,7.71198718
7.88278991,13.65104342,-11.29450675
-10.75779616,6.24888556,15.64720615
6.60497835,-13.01083569,17.42331202
15.44385757,10.09001379,-16.44765221
17.98758103,-17.19804242,6.73260541
-2.05172644,15.44307761,-8.08090003
4.55282696,17.40485549,-7.95858913
12.97256902,-14.95632472,6.73711045
12.13989723,-4.04557925,19.54856507
-17.36003988,11.9036591,11.78376198
17.56686835,-10.05229335,4.89595368
-1.81616361,19.119606,-11.12259546
8.87412694,-4.03208278,2.16549911
18.10741735,3.76151638,-15.67042943
-7.20386881,-0.3562374,15.93781971
19.97015758,1.33104453,-9.98272978
-10.39739726,12.13447787,12.87728353
7.87976824,-16.84725694,18.74535039
-6.81657278,-6.24839509,18.32759756
-10.04089928,1.22500568,15.53123932
-3.78605965,13.24878817,15.76003088
-16.46848314,14.14462966,15.15659706
18.4518607,-1.81652655,-4.63197856
17.21126618,-5.82932725,-3.54789142
17.62676656,-8.26159886,2.10218767
13.1026268,-7.3341704,4.23124511
-15.1003295,15.99709393,4.25706587
-5.40487361,15.23886268,1.24486288
-7.29500346,18.06898379,-4.79364317
6.1112743,17.71780457,-17.35299705
6.34481034,19.31610162,-19.1763655
0.02330579,-7.73504765,17.78981234
-7.65705202e+00,1.14267328e-02,1.57871684e+01
7.22246677,-13.29742611,16.65001031
15.20583043,-11.58916596,2.28612917
16.59229565,-2.59275394,-7.41402101
18.85152961,-9.52432917,-4.03691504
-4.52816555,12.86070667,8.86350575
15.27579859,-18.47727264,9.16291404
6.12798054,12.7437993,-12.9673951
14.48542093,3.34647195,-9.19272363
-14.7403876,8.29582132,16.94526821
-2.59191478,-4.08390399,11.28898312
0.99194459,16.61517323,-7.86372486
19.90413713,0.70609296,-15.35212975
7.45327565,-12.63486834,9.6273938
-7.00513104,6.64316795,11.23593773
-15.59990862,12.14052468,8.08531257
17.99225219,-4.97151363,-0.67217372
1.46761611,-5.25866126,15.64858862
-14.40731147,10.49807803,9.16584176
-7.70935767,-2.05228195,19.27461032
11.40509174,15.65183983,-18.58483953
13.11033481,2.52658166,-7.54698434
-16.43884522,15.51661815,6.25896989
-15.26353763,9.23108208,14.45324777
-0.94529604,10.72884994,-5.32490196
16.11398137,-0.52305019,-7.17421631
6.63925516,19.57055722,-10.20595416
-0.15862766,-6.46468936,17.91719734
8.89161398,19.49786214,-17.73522317
16.05436862,-18.76869612,13.43600809
11.00198231,-16.02978852,14.83460256
2.28856215,-10.46236108,16.39247031
13.32681509,-14.98017912,18.69228551
15.76066166,-1.42774824,-8.40436806
13.46271803,12.89877216,-15.00274452
16.69996193,5.32026293,-9.47859509
9.7982001,-17.23755028,12.13490484
-18.88201881,15.33293525,9.63042679
-14.35855764,2.02598271,18.53831702
-16.63089102,13.0846176,14.15091301
8.07533305,-9.94127092,6.26099513
16.57749452,10.6136602,-18.23615355
-7.54977208,18.42236327,10.48895722
2.84622807,-14.55693816,18.95138467
-2.23524569,-7.75903042,15.22051821
10.61399164,-9.75706646,6.05270289
11.35811886,2.16340497,-7.19495979
1.77369496,-8.1089592,13.99618783
-18.20969769,13.61537012,10.54606353
19.66300762,-6.31197559,-7.84947007
0.09719527,-4.07369765,9.59384113
-16.52339945,16.85354476,19.89821353
-4.21862685,15.64886668,3.71380642
15.46404402,7.97387298,-17.71342251
-16.25552236,10.75384626,16.96665051
-6.92434856,12.68348938,13.50171923
-13.20899406,8.24969025,14.66475365
13.87356519,-6.7245564,3.84792961
8.58086632,-3.88853993,18.97836221
-3.68373028,-6.44820193,16.39957795
-3.96148879,18.52952854,-7.05676434
17.81973119,-8.8877816,-2.71382601
-15.95950066,5.82527217,17.44439837
-16.51205396,13.97698503,11.64813463
-14.3634287,11.71567412,9.57977141
-4.35491677,-1.12330862,17.93557205
17.03446848,-3.0857149,-8.03929485
-4.78583601,-2.54890206,15.22085458
15.87214508,1.17973017,-8.036133
-18.41004129,15.59967953,11.06987715
14.23606966,9.22557065,-14.28643926
11.46316793,-6.61691723,0.97814764
1.77130737,-3.65386944,9.2170008
5.46831661,11.25434871,-9.72906786
-16.78360246,14.0618343,12.96291241
18.58599951,0.86202114,-12.9609414
14.94693041,9.74446043,-12.45254096
-11.48765337,0.75290138,16.10565551
17.08801067,-16.27770497,18.5557146
-4.71283631,12.28566223,18.59922625
19.81942308,-8.81855118,-3.42556362
-14.96118707,17.92229598,18.16725349
17.43165854,-7.8239073,-3.77973111
15.31882476,12.1096247,-17.61275873
9.21951779,8.36841017,-13.07053678
15.39132233,-3.37129272,-6.8496245
5.31869495,12.6872979,-12.5174855
1.58516995,-7.588474,11.95556098
10.61269451,-14.35604657,13.70297998
-3.29631278,12.46522211,0.23398807
12.98439187,8.27355717,-12.28893863
-3.229168,18.48180343,-3.21720834
13.12422883,6.04376561,-11.29972256
-8.9144823,14.58583167,7.64319115
16.53565941,-18.88391031,13.0151157
13.10377807,-19.9742137,11.51739584
6.94402383,17.21541293,-11.72958931
16.20083184,-2.98504253,-3.06777892
4.7838434,-15.07326124,17.17939399
19.90036741,-8.76136257,5.71951261
-10.27798214,15.99669416,-1.21409962
13.07232453,-15.80623952,10.51085982
18.02062585,-12.81896265,12.96596062
19.51351487,10.67356678,-8.49278397
8.98676726,-15.13068903,13.13512281
16.37611095,11.92635875,-18.16990415
19.13189264,-0.7465039,-9.73321553
14.62200336,-5.108015,-4.80091514
-12.14005756,11.87881477,7.86312567
-8.43728072,13.5882167,10.01893265
15.57646893,10.66769695,-16.79421708
-4.28072447,1.87286051,15.21328863
0.67841202,17.21768576,-8.8275289
13.07262399,-18.29062638,14.84358101
-3.29726542,13.25880916,19.90655962
18.80550268,-2.91043414,6.73300493
-13.04492609,19.33421208,7.56266275
-19.41981338,19.56394041,10.49518886
18.57167451,10.46598187,-2.2979711
-4.43738497,14.92762166,15.66415374
-4.92276288,-9.05025667,18.78175569
2.06564054,-10.45961141,16.92820414
12.72838267,-7.7004372,5.70048088
19.50611809,-11.62369929,-1.20592155
0.33787501,-10.78475515,16.29338321
18.1116393,-7.86827227,-4.20393971
-3.77229665,17.11948533,0.03256751
-1.21513798,-2.68091517,15.86379833
10.07955744,13.34721461,-12.9672241
15.46904226,-8.62027769,1.16704618
-5.91966727,18.30351399,2.86897103
-15.13956128,19.21981607,9.06556974
18.63245952,7.05704882,-11.21432198
18.14084126,-4.38129089,-7.46659967
18.88137719,-19.16534032,7.8793848
18.1241288,-7.77970577,-0.93170254
13.52431969,-13.75979451,11.21176062
-3.22857873,-7.38085951,16.02527441
-5.05687285,6.8664357,19.20742838
-14.98720068,16.53660601,13.25732161
-9.75314146,14.73047333,19.79701243
13.81321798,17.83034257,-19.69208961
17.55914388,-4.57260785,3.97720023
-16.80114593,19.05791883,13.84877098
7.72609744,15.77872438,-10.36458214
-19.49113129,16.52447613,13.21963637
-0.01933143,-3.3850602,13.44673402
-8.2405227,15.9268659,-2.7772622
-6.45155452,-5.11847726,19.09669179
16.06340752,9.78299844,-14.77391271
-13.02287002,11.51319995,8.58082359
16.23830321,5.21100508,-7.3002005
-14.50110919,16.55849652,6.15619947
12.37946104,18.48959943,-9.96633311
-2.86379433,-1.62988451,18.08481076
-3.46866307,14.18649607,-5.30859439
17.74689784,-3.46903763,7.17103336
-7.48165925,13.45319283,0.32159698
10.66195449,6.51354369,-12.71969299
-5.6030898,-3.51877042,14.42316606
15.84507302,-8.59972355,-2.49505271
14.31072675,-3.528361,15.29211523
-12.37543896,6.40600303,17.58741002
6.52357588,19.74384385,-10.87110315
8.8945444,11.92448689,-16.18611738
-18.03030814,15.02000529,12.66408782
-13.77990665,9.97858703,9.5025283
0.18716814,-6.16005699,17.7220642
-14.35574822,15.95196428,7.84476087
17.6614496,14.55359401,-11.15854274
18.97032674,2.91482367,-11.85563227
8.46092098,-18.35774875,18.61578098
16.67105227,-4.14785912,9.17678648
11.46289788,9.28268778,-12.31740536
7.48884082,-14.38345453,16.15260366
-2.86998264,-1.68449059,11.70412316
7.57066522,-11.25567631,8.52388872
16.61292711,10.60337393,-16.5559389
-15.76720172,11.79535059,19.05136624
9.66189411,12.73645923,-3.5309094
17.7752836,-6.86666868,-1.41744708
-12.44692711,2.13661944,17.62538975
-8.95300781,9.60910425,5.94741895
12.23224183,-2.20794235,-0.4375768
14.09862791,15.67868676,-8.25256487
-15.06834342,11.68002189,12.5127725
18.05520703,2.56717199,-12.09695796
17.20221489,-9.3310067,-3.32138774
-5.26662513,8.7429781,13.25981555
15.9980944,-10.25744648,4.61182135
-19.74925912,18.42371621,12.49169465
-2.12123375,-2.45602022,16.9893236
-11.59954385,7.91720943,16.32448222
16.51864094,-10.17403949,-0.27783932
-3.59796852,8.29951399,2.97475592
15.51838676,8.16067755,-16.81117512
19.37279799,6.51765213,-11.16116321
10.27660294,19.56913951,-13.44279176
-9.69789765,6.36297818,10.88688204
-8.74585663,13.53968247,16.62997675
5.73216205,-8.16751533,8.24012434
18.54760844,17.19666277,-16.43103053
8.77276721,-13.77992718,19.35989947
17.09142571,0.88472531,-7.28317317
-7.10224304,9.65723024,7.09113429
14.00590485,-3.67475105,10.97772762
-11.48726236,16.05598966,18.97486547
3.86115652,16.96179184,-16.35549309
-19.66799736,16.94362204,11.61153886
16.18176673,1.89596197,-12.88201145
-15.4289461,2.61784333,18.80152333
13.42778056,-1.22645028,-2.99237569
-15.06771473,17.73983787,7.68374467
15.47548938,-1.95862027,-6.33620373
-7.15510224,2.1315284,10.20414399
-2.80621137,-4.57105227,13.73762394
13.66745861,-13.79687954,8.68146032
3.88235669,19.96383711,-15.83600948
12.31646828,4.0711485,-9.28095665
-13.2035658,3.23897811,19.56912723
-5.63495225,12.93366851,2.36558368
15.34620867,3.95203365,-7.94138543
-2.31968358,17.85603299,-3.24053402
8.52887385,12.59580454,-5.6828496
3.16993783,16.95413094,-6.67503882
2.94348418,17.17165803,-5.9240133
2.63025647,-10.53572828,14.96512801
-2.39147502,-5.18005864,13.43209389
-3.83790353,18.34283763,-2.81215401
-8.58836967,-3.00645032,16.98149535
-4.06818566,19.46330919,-2.81699348
19.18802322,-9.77410984,-4.12517826
-14.52489824,14.3301707,6.75467284
11.65710397,6.23536417,-8.87001805
-12.88698005,6.88169268,11.95878246
-6.82522465,17.15636529,-5.59218629
14.29397088,-12.83291728,7.78662913
15.75152049,-0.52124687,-3.50361833
19.16820702,14.05161337,-8.81011691
11.75885061,12.25458298,-15.23371839
-6.54020671,5.41088388,16.94393304
-13.42123384,19.26989386,4.86923028
-7.06996983,3.27443294,15.54382225
6.60148379,19.93790575,-13.7044751
10.45586156,-16.31068981,11.49394096
16.9543722,-3.01722636,-8.66483924
15.74867879,-18.32752737,8.88423681
-11.65037452,8.1691838,11.92000844
-16.59463034,9.65038824,18.57544096
0.51876348,-7.31429143,12.9297244
-8.31892873,6.32707417,18.58415785
15.54878712,13.00954971,-17.72393838
19.86626912,-5.69606181,-2.24803871
5.97472182,11.83399781,-7.85253297
15.92905703,-8.89622771,8.00722621
15.42199736,6.54469207,-13.23458616
14.31273725,-6.23551321,7.44368094
14.86439399,7.61379457,-12.40731825
2.18737339,-11.3904196,14.58322394
15.90157225,-16.90099395,9.54302577
-5.62877306,15.07801662,-3.8122932
12.27859545,-7.46256388,2.13903717
7.79946073,7.96293505,-6.2326423
15.6746865,-17.30924433,16.7213215
19.62500052,-16.2874689,18.156122
-18.3481221,8.99182831,18.16019792
-16.95313322,14.02844165,9.40675436
-6.46049142,11.08118701,10.76241941
19.38305672,-5.70004898,-7.78939398
-11.96394226,11.5509471,9.69502021
17.67440868,-18.94937021,19.09705237
11.15532809,-5.55719658,0.35336507
3.83768396,18.8058623,-5.50743738
17.27896962,-18.17105767,9.00868531
11.98127278,7.45000312,-12.12891715
10.55825224,-2.31439045,9.16522775
10.14953292,10.42907201,-13.50622623
15.57192762,-13.62700659,8.40205811
-13.57702518,19.81844418,-1.63408562
-17.89960272,10.8148256,16.54478958
13.82961656,8.23611184,-13.8534042
-1.78631974,12.45277967,-2.61829372
6.05584316,15.134981,-6.41046751
14.56998209,-10.85890721,12.5504901
-8.2064557,12.97458831,-0.31559486
17.7777706,5.31480038,-14.4512557
16.08904034,-19.52333849,17.75104942
-9.48319203,10.71379268,10.06023486
19.54848037,-5.00277719,7.92868501
-12.43409271,13.14242157,9.80850706
-7.88150645,-1.86978449,14.68897701
14.14249447,-17.05539608,14.5017185
12.19202816,-9.49048249,1.82222036
19.77268658,-13.39791781,-1.9322356
13.40835452,16.33735138,-16.04885808
-4.15105071,-1.7397729,15.95073007
13.01682974,-18.0137715,12.79874199
14.12704735,6.28509008,-7.48429864
15.28700127,-18.63236001,9.67325132
-2.92366229,14.1582691,-6.05271183
18.89969639,-10.4698062,9.78179725
-5.30227644,16.04897929,1.81342817
6.88900922,14.65353503,-14.83698216
15.3675123,1.30622355,-5.96992742
-5.30670345,0.66639128,12.7010983
8.08251044,-17.54687857,13.88555307
-11.65190141,18.34166497,9.39835123
1.88073007,-6.90995576,9.96062391
15.34398358,-10.41284164,5.2693305
9.7324149,-6.95604623,2.86073007
16.9142693,-9.24669069,2.89135097
-5.33309072,13.76708036,10.69514684
-15.9156724,4.1685163,19.03172871
8.85762446,16.17452472,-16.31511135
-17.41117674,10.70990047,11.50035078
-14.30389856,16.05360211,7.25966111
-2.79289701e+00,1.49322454e+01,1.31196666e-03
18.46734453,-17.71472616,7.84813614
1.17466167,12.90563575,-5.33036944
-2.57300706,15.36575943,-7.116884
18.19362274,-5.09787354,12.04403872
6.61506581,-15.54682294,15.47749041
18.00949936,-6.98235852,3.40072332
15.30891021,-13.36485607,3.38276732
13.13407838,-18.64878135,11.38041156
-14.38456363,17.59988947,14.18115095
11.02994496,4.98798949,-3.85828582
-19.96311686,14.94638378,10.57440329
17.82258583,-4.92312587,-3.2987107
8.79564248,-10.84217002,7.39157556
11.53053972,-2.9737654,-4.12638209
19.77510418,13.9577654,-6.79026312
3.48846283,-15.61372919,19.34719264
11.77279964,-3.40317848,18.00305091
-5.97179459,17.94276813,14.15652845
-11.66335473,16.10957433,0.65399406
13.33543777,-12.26375386,5.86585653
-0.43034705,17.53797841,-11.34505704
-6.04600731,11.85928882,17.79594675
5.71428093,-5.16661214,6.34071974
8.0295896,-4.31653324,0.97020977
14.4351469,17.25045915,-8.99269635
-12.01186651,8.0490639,11.49495492
1.63866789,17.06407416,-9.6142114
-0.71315442,-7.26573089,16.52885305
12.23512248,-17.32584824,15.75285424
-13.58004437,9.09722945,15.42247328
19.92370027,-0.63989582,-6.31145835
-17.6914527,14.82973113,11.15112703
-3.18986869,-4.14069356,15.84051001
10.65066813,-11.67476891,7.45185283
-12.50058896,5.18678244,16.46525842
13.67653676,-16.45684875,17.21666939
-0.01624037,-4.65753254,10.27378902
10.62385152,-15.84799947,18.02695933
13.13166548,11.17581469,-16.03762562
12.56631233,10.33068864,-16.66812221
19.63491019,-3.1057753,16.21357798
-7.40865297,16.80373585,3.17263164
19.9767712,-1.71552769,-2.85376312
19.04909058,2.88177276,-11.84866508
11.80379187,-5.09826652,8.89255412
-0.22786216,-6.87772531,16.42045186
19.09397915,13.00216078,-10.58287519
4.87584489,15.02483398,-6.4610609
-10.32684465,-1.13238438,19.21577981
18.68321717,-6.25312395,13.86230827
-9.24973048,16.90790573,7.636572
-7.07643976,4.6657287,16.80446257
0.81582971,18.14200978,-9.4097452
-11.24120702,16.42944798,1.07017819
-6.58436568,9.38876918,18.27634997
-8.90456216,-4.90248282,19.77681062
15.6489535,-0.14038898,-9.90725147
16.99385535,10.61256141,-6.22475411
5.55804629,-14.8231726,17.59375383
-9.78215362,-4.34048764,19.48865801
3.5518825,-12.09346802,16.33812807
16.27550518,-15.86222986,12.87873758
4.74924844,-9.07754825,15.18833034
17.98762551,9.01162303,-13.29633976
-19.87402092,18.13503556,8.06082485
-5.10498173,-0.4922042,12.59330031
19.63841657,-6.40744673,-7.7835839
-14.61672003,6.33564959,13.59022508
-15.16702058,8.08316333,18.22879586
7.14022211,-7.19069119,11.9951194
-15.51520446,16.26857927,7.1051987
9.99021093,-11.67447139,18.48360916
-7.22696325,14.57081886,17.99587187
16.34488262,-12.94737925,10.71409035
6.12749915,-15.17066898,17.49411946
-12.40564681,1.96777074,18.77704066
4.73553985,19.23717247,-7.74717574
-13.50814174,4.24847876,19.51293029
2.87847333,-3.84728015,11.70774704
-10.77381997,-0.11236704,17.17221658
-2.83063735,-4.99006967,17.41291638
-18.55108478,13.73653449,9.84683002
16.46109331,4.43541706,-10.8151085
-3.29139888,-7.47905203,19.69805257
-10.95054075,18.84334637,2.36855213
14.36302248,-0.07768221,-5.84851432
-16.51979994,18.01701952,8.67518011
-18.61807192,12.88763719,13.90123125
15.94197093,-2.55692629,-0.50216993
3.10437303,-7.00340608,19.09532212
-19.24928629,7.58546444,17.01314581
-12.29820939,12.90292882,6.2558335
15.21628451,-17.80725056,7.60558219
-16.99637326,14.14602818,12.36575305
-3.54205247,7.93862297,8.56232536
-8.11857465,-4.31463741,19.58468695
4.69171645,11.8075394,-9.01472351
9.63880139,-4.7581867,4.27663307
10.23023294,-11.99974003,17.77376967
16.61700161,-10.60027255,1.49344031
-19.82292695,11.42425605,16.15974818
7.19053244,-13.81356927,15.79599762
-3.39033052,-6.78098766,18.45241995
-16.32286099,9.6151415,16.78667922
13.90680331,8.05817402,-13.14113132
-8.75547525,2.99880026,18.27649971
15.20083875,-5.58287311,-3.67674159
17.90944177,-7.78932165,-1.36001985
4.651612,17.32414021,-11.07490531
-4.22238785,-7.56004575,17.61114509
-4.25994316,-1.30926666,18.88185363
19.11572475,3.41249466,-17.63953734
0.60319506,-3.48081971,16.1936081
14.47681477,-9.21045397,2.92162061
-8.72939319,16.01583472,-0.99732966
-17.7709796,14.98563246,14.74788929
-13.70030744,8.95914308,13.05770308
2.20670118,19.23549417,-10.35504054
9.28863689,10.70106989,-9.5486916
-18.95083696,5.4327138,18.025927
17.58905679,3.66780668,-6.79237486
-4.26131694,10.78549034,15.09247824
-7.96473127,-0.54834472,16.93068042
0.77864749,17.46895143,-10.87411759
-8.9468213,17.03185049,11.96980898
19.5996804,2.9127131,-16.89445118
-6.1384051,0.91445783,10.82018739
1.11885834,19.5294094,-15.24789745
18.02817741,11.37003313,-17.41355821
-11.79656184,19.19997561,3.74212035
-3.34611814,11.28841734,-0.7600324
3.82458859,-12.80667286,13.46092774
-17.8535171,13.87466119,9.47387722
18.64403484,5.03141917,-18.69181951
19.02525832,-4.43407501,0.86185303
10.22402373,4.54927093,-5.609015
13.4258462,13.32342772,-5.17435208
-7.96985281,18.05728437,3.42979563
-19.6733111,10.79552046,15.60375473
-4.11396485,16.64295941,10.98208712
-7.23775328,16.73151388,3.84608895
1.2366555,15.47300706,-3.47936532
7.44820858,-16.16711099,19.00340889
17.99832599,-17.0359298,4.1613128
19.90381283,-4.29208763,-6.30931539
15.31162851,15.97692398,-18.6382908
-17.79558136,15.33973871,9.50357963
19.72831014,6.71760155,-11.62708406
-9.69645387,18.58538045,-2.37978327
-5.29062167,18.76252352,-1.18983128
17.33352453,-7.3679167,-5.19342405
13.75849091,-17.42350447,16.84457164
-9.73082514,6.20842211,8.79540021
-19.01008851,12.60481325,10.89502042
4.81389,-10.52066881,13.50422323
-13.68476771,10.27194239,16.9265038
-14.57852389,12.09986155,19.00427014
15.5797645,3.94066262,-8.79510979
-16.02252738,16.77978651,5.61249477
0.53891152,9.44135864,-4.9925028
15.69984595,-7.25482725,3.8618676
11.14367,13.62411019,-17.84343161
-8.2716071,3.32449352,17.36454045
7.01971183,-16.53273361,15.30446517
19.07227041,-15.18458159,6.4284286
-17.35716738,13.30049586,9.12029404
14.94603747,-5.07741254,11.90744279
11.81701766,-15.52815306,12.61641914
-10.24838686,15.99653226,18.33692214
1.19066916,7.26073636,-3.81607544
2.15854079,-6.65925958,12.51728537
-9.05343883,11.4317206,14.40305529
-4.10996726,-4.92880171,14.60232722
-1.64842635,-7.00820242,14.51738168
18.18128759,3.98724937,-13.21333617
-5.09504501,19.83529308,-6.71675694
-7.29757663,19.74956674,-2.00010204
-2.3252046,-7.69573382,15.00239913
17.00809749,-10.29689255,-1.06252697
10.34705763,14.06229284,-16.07549429
17.09275772,-3.16783202,-2.75067757
19.53265967,-9.54101552,7.258944
4.50890409,-8.52628293,14.44188802
-3.01502084,13.73426005,-4.39753247
19.17384244,-4.99198612,-5.22953437
7.2840992,13.61882269,-16.28372854
10.47634211,14.10940658,-18.31521265
0.69233981,11.41187262,-6.09486115
2.21656326,-13.57633885,19.9355255
-1.35297713,-8.52621156,17.56805607
-9.1419593,5.00898563,12.30333169
-2.45019002,18.59219935,-9.01981047
-10.00095795,7.32095848,18.65175905
-13.55169103,7.69262307,19.95298963
-2.01137336,-3.08794705,14.18883959
-13.24419915,8.07595312,11.52371626
11.43834802,15.60387635,-17.73520493
18.94099147,4.48295864,-3.43550366
-19.60941969,14.35097487,9.97373488
-11.38662762,17.29915119,10.98197481
5.09467122,-13.16470773,12.66033988
-8.72074734,5.41955168,11.51974668
14.98655142,0.06978976,-6.75389606
-1.79055616,-7.63163238,16.96739397
15.15878186,6.39132802,-14.33536595
14.15605022,-2.9776646,-1.98374874
10.10555983,16.10550924,-10.84648519
7.91978972,14.6774816,-13.06347439
-19.01620706,12.96989041,12.65591035
12.95329007,-5.21465264,-0.8519818
-8.78290325,19.49801981,0.7217601
7.16858591,-11.56781306,14.64417711
17.51249327,-6.22635866,-4.49904391
-5.33977007,19.83039871,9.01906941
8.65090856,-16.90700275,16.98394416
5.95133208,-11.22502681,10.60418213
8.78741537,-12.32790013,9.51952297
-9.67619824,15.04405371,1.02144084
2.57015622,-9.17330535,17.37835276
18.19075613,-16.04386552,18.21255941
1.53732136,13.43489849,-9.74641037
-19.95644981,17.64170217,10.58800998
19.42542833,-15.10636485,0.9985895
15.84249708,7.68014965,-17.90483161
9.97629832,-15.99018994,19.81782195
19.24430441,-13.0957325,15.78209981
18.87758523,-3.49341383,-4.34940024
13.62488378,13.96171398,-18.55874452
19.9915533,-3.41318845,-2.28569412
19.51269028,6.18510134,-19.85081161
12.99676233,-3.57850768,13.02534916
-2.2030775,14.03485892,-5.54192142
14.51838674,2.25623909,-9.41203024
4.74612933,17.73548117,-17.77700513
-13.63920289,12.07867893,7.06697943
16.24430953,6.68047402,-17.24911091
14.90011669,-5.87491025,-4.59571817
9.535577,6.96739378,-11.76684803
10.38631996,-5.74721452,13.64753843
-17.19802637,17.41226156,10.51133794
-15.33422817,12.98221498,10.91714814
-17.50482459,14.06726379,10.3325852
-5.25237987,14.06505747,2.62158952
14.564824,-6.05982579,-3.9557444
-11.08243521,11.87038065,18.65868729
18.49079943,-3.96537996,-4.99320406
16.27713929,-18.23204179,9.83385794
2.34396796,15.6109687,-3.5509627
-5.12668273,-2.35637126,14.55779585
-17.06844895,16.66649133,10.6252586
-8.92635879,17.76975489,-2.23002054
-19.56411726,12.18784362,17.77227173
9.65509618,12.11924266,-16.91845054
-0.99302291,-12.50408446,19.49583842
2.1108063,-6.07727314,10.91459031
-13.15257446,10.92977159,13.048046
-2.63945699,19.13782056,-8.66982513
15.54767258,4.06659776,-12.0793004
-4.07719773,15.46656427,-1.12700826
-4.48483337,-9.42983358,18.81111871
-5.25697311,18.79765579,-4.0852207
-15.59032051,1.97254804,18.40591883
-13.19741296,18.60493651,3.9029687
9.99151444,-10.90537022,9.25299919
13.34786988,8.79843109,-15.6718888
7.60313147,19.15703775,-19.7868583
-5.58182799,2.72204441,8.19422882
-17.09979319,16.8247085,9.16979253
4.30884417,-7.03694491,11.06614017
11.41276794,14.67020285,-4.21638144
4.4628962,19.86734663,-15.04060352
3.49241272,19.17051092,-12.44206405
14.94519443,12.54789555,-17.16425492
-18.19591056,18.34437695,13.17827344
-14.05369495,12.47730072,13.68079246
17.60300348,4.21179827,-14.46214855
-5.53846213,19.39400175,-9.41333456
13.67429737,18.06420878,-10.24780202
-4.8817094,10.24739623,3.44390755
16.41775394,-17.31994917,8.62933388
4.80724432,12.23307898,-7.77121495
-10.23645203,17.7952634,6.03527541
17.99254183,-4.94926663,-5.55593892
17.59387736,-11.20626137,6.92004864
3.83928592,18.29231067,-8.57949691
9.92100306,-13.81872663,17.32490092
19.53812683,-3.0883403,-8.09574181
15.25715102,-2.28793711,-8.30384742
12.91583751,-15.84956033,10.29442236
18.34913031,-12.81408042,5.57264
16.30500103,-7.09061736,-1.03150058
-9.55495456,5.38544709,17.48198862
-13.95736349,16.05954781,5.9707324
10.80206197,12.99135261,-19.22547594
16.47732683,14.35209981,-19.0287935
16.31661227,9.55584341,-17.27817513
-5.70462017,8.15528694,12.23898818
17.02373263,-8.7744942,-2.85921049
0.97186617,-12.3256318,16.73068304
17.57254181,-2.82538867,-0.63919999
-15.21988696,15.80144765,11.33874617
17.90723088,16.48080609,-12.16304909
-5.64081444,-5.1289987,16.20984079
-16.30119158,11.93315535,10.39561633
-6.27540133,17.82307477,6.29503203
12.73908152,8.54446651,-14.21642199
7.21805038,-17.86424899,18.37610145
1.65226219,19.74404651,-16.56905188
18.77201038,-9.46301674,-3.62581523
15.96039086,-5.56757803,-3.28759957
3.63150545,17.88890956,-12.60806132
-16.47571373,11.13322238,12.29222089
-16.11084087,15.10799736,13.28656116
-2.84031608,16.37185688,-5.88804268
-2.8261787,19.4183823,13.03500766
-5.85200039,3.8984714,19.04687259
-6.24463423,19.95853904,-2.49538438
-10.78976904,3.41712823,17.69333784
-18.75686779,14.66669928,16.86257135
11.51682091,-2.40891152,-3.59202757
7.12539188,19.69879995,-19.83781021
3.39750048,19.98449787,-7.45804341
-14.86603162,19.50399613,13.97873532
7.69886127,7.165318,-10.0211511
-13.67832024,18.85833666,7.50421122
14.10227786,11.93238891,-18.13907602
17.91514193,16.27338975,-11.91715267
12.68010073,9.15121565,-12.31507951
-6.9038483,18.7697527,-5.22911723
8.70564426,-12.45982144,11.14647616
-9.48885674,7.92607566,9.22519297
6.5259844,-3.79975039,7.16388464
-15.1258412,11.1470454,11.30272746
-9.26047172,6.60162035,9.38939347
-14.42757425,18.34060898,7.79188994
15.22359363,-9.62425725,2.88379978
15.03199233,-19.74212419,17.18469744
14.96850019,5.07216256,-7.65715106
-4.57502993,13.95382435,-4.71685289
-1.30023695,-8.75961471,17.60851853
-8.05530726,17.25363629,-1.6436302
-11.46551213,6.41606267,18.68188897
-11.25024107,9.86195698,9.05403339
-13.78016859,8.25108064,18.25865059
-2.21663245,-4.15028626,14.58457956
18.30283519,-13.61718607,3.94288988
14.28437196,11.3758947,-10.41071699
-5.03708867,-1.86294703,13.09269508
7.18307637,-9.29641936,14.09330642
2.45002248,-4.52210775,15.44391225
-6.44236029,17.77075419,1.97741348
3.6624011,16.70732309,-10.42951253
-4.96760482,16.68714641,-0.28684444
8.78923521,-18.51935057,14.9591711
-10.15831696,17.48345422,3.02462674
-6.47297415,18.28053169,-5.07415553
-10.4731747,7.57391903,14.48618378
-10.03922729,1.83617297,14.47381487
-10.86334929,-3.31310304,19.95716896
13.98915678,8.82316914,-7.00439374
9.89558488,-11.05390271,6.1683232
10.72124595,19.93584719,-18.92759075
-8.86590101,19.32728109,3.00462383
-1.62753942,15.04394138,-3.90669051
8.02509442,-18.93840707,18.53767081
19.86932034,-4.34837738,-5.124865
11.17235787,-16.38960828,16.54599206
0.73602088,-5.48576314,13.74741518
12.04143005,14.42726324,-15.0874392
19.80015638,-3.25930452,-11.78764104
17.75529931,-6.44221183,13.09542163
12.99618808,-16.01712458,8.18053636
19.14537929,-18.8938612,6.12203756
15.44864519,-6.47014687,-2.68699453
-10.9651582,19.77265713,1.17956651
12.30761458,16.16190922,-10.37746422
5.0176234,-5.2294386,12.07470764
12.21242073,-3.62170949,-3.08202162
6.23365274,-5.05493217,17.28616836
-5.94122813,17.41207911,9.32365301
17.5038103,5.82897282,-13.24182543
-7.65757672,5.01741119,17.43482939
-4.47160383,11.38815729,4.47063234
0.03841474,16.85804242,-11.95744944
17.30493551,2.06119768,-5.6832921
-14.38003816,5.90304649,16.6073934
6.13596736,16.5124951,-15.04856551
4.48162,11.09075034,-10.92058926
-5.23996485,5.36600675,19.90986239
6.53511852,19.9554469,-16.42603797
15.27422839,-6.38863192,-2.94733289
-18.67489878,15.93716681,10.70702069
16.80602856,-9.52501278,-2.15741839
-13.99682273,7.99664959,18.87549844
8.19006029,-8.76301,6.45938256
13.78658412,9.33167025,-17.83643838
-14.06357639,10.68602045,7.84014564
-10.73682188,7.25541407,10.9722638
-17.43278233,4.36589128,18.57178526
7.5859041,-13.31305814,14.23708147
0.09250978,-3.7819607,13.92163022
-1.13106999,12.89801793,-2.2792212
17.74405051,-15.26159673,7.73773958
12.55031662,-3.06472532,3.16361189
-18.74317312,18.76637318,4.53281042
-10.30579134,0.01994179,17.83300018
-16.52498977,13.28709258,13.20487426
7.75424733,-10.85108144,13.67782304
9.20172512,-12.96778558,12.89472708
11.6818553,-15.35448414,9.87101586
-9.08819767,15.35382265,-1.65887228
3.08047954,13.28371074,-4.36634823
17.92718919,-10.83949743,12.23189291
18.22942024,19.25622494,-13.61056388
14.12837594,16.50900754,-17.54301003
-3.93789369,10.58781453,16.05751494
-7.23848643,2.37406476,10.71806973
17.17035625,12.05893602,-17.39109657
4.03855733,12.50927418,-8.52365063
-14.34413759,5.24215414,17.27612251
-6.09534708,-2.34140414,18.25152047
7.59917035,18.84649591,-11.82156961
19.30719785,-19.85473227,12.84083609
-11.3258214,-1.33916708,19.97615093
-17.90272447,10.76205601,15.31012234
-0.15265507,-2.61474663,9.78353959
-6.13643968,16.62198235,17.30480643
8.05066713,11.59371808,-12.24629584
-3.63750763,-3.11592048,11.76503829
-5.93071071,7.32037356,19.34098403
19.38386249,-0.5426506,-5.23378514
11.77589092,17.93663661,-14.25593867
19.35744646,3.7248743,-10.79154046
15.27332983,-0.14548787,-5.29889045
13.33452566,1.0042416,-6.88456128
-18.23293915,16.97303272,8.29040534
-6.61894585,15.93717688,-2.22044505
5.84741678,18.4592589,-15.52467665
19.65622832,-11.03132585,7.82643914
-5.57644978,18.77698324,-4.43272845
7.2672602,19.93045986,-11.58091804
17.0012163,7.40073515,-6.58828563
15.98079207,-9.5864609,6.64591623
13.69607161,9.07485674,-14.40989283
8.31085729,15.70847661,-16.09371104
10.23725162,-16.55912458,11.5629871
8.16439803,-10.34565098,16.72255337
5.88112554,-9.98228644,14.19261378
-14.53176415,10.37941304,17.51460915
-2.56887136,17.50665921,13.94991073
19.98450992,-5.10771838,-2.40052052
-9.97902338,16.60469259,2.74956987
-9.16516063,2.59790638,12.50101083
18.44208047,-2.46173839,-9.3656806
-13.70782862,19.79252532,2.2152093
-15.97081313,3.19983587,18.28075637
5.95962118,16.62477705,-16.96314029
0.64629416,17.39865641,-12.39881096
9.8725408,18.44498337,-7.53702081
-6.53664825,15.00999201,-0.2476218
10.77506617,-11.3673689,17.19313079
-3.53992965,-5.30889544,15.61419577
11.68671739,-18.36452618,19.03028294
16.36091162,2.82863645,-13.74600598
-6.0352865,14.20517715,3.38417327
15.95699728,7.06190302,-17.86444953
10.34278578,8.819919,-13.73059638
-14.14764472,18.361344,12.86932028
11.75362498,-14.53524669,13.83163903
4.95559197,-12.0358328,19.89668981
10.68216218,-2.16661917,-2.46555083
7.70277974,2.48198401,-5.3007716
7.75691131,-8.96569224,7.36612201
12.28440986,-10.0450314,6.83722497
-6.49027511,3.61920644,10.98792789
-3.49138016,14.80938911,-1.39807463
-2.84947159,-2.22229371,9.79908477
19.98780155,-12.70163136,-1.52790193
-8.68044611,10.68314597,10.86684234
0.38486139,10.81133077,-5.38335546
5.3041843,13.20348559,-5.68710766
17.02097253,-5.73721325,-4.5317257
-10.65304766,9.95651083,7.15318648
-18.2291351,9.7391831,13.19349738
14.41206717,-18.48838877,12.13629921
12.49975841,-10.71716187,4.28482621
7.07193685,-12.98930659,10.64065682
10.82626801,-15.3127239,17.06990258
-5.80723901,19.17308789,-8.4177733
19.69061832,-4.22745918,-9.8820393
18.79620841,18.92314878,-9.72910624
-3.93675778,1.35680504,12.93115863
-6.71206914,14.56685732,1.36821034
11.22655767,17.02087852,-16.82649309
-7.93165111,16.33758301,-3.84221473
18.89616073,-3.90714871,-8.28612969
-4.30786403,-2.77911043,12.15949407
12.518186,-11.42375928,6.45090596
14.79763292,-16.77941896,10.52722723
-1.98564602,17.41311291,-5.77421892
-14.97842595,17.70529578,8.33545524
12.3678469,14.76203972,-17.11084793
19.75496017,9.38265593,-13.72594945
15.48866589,7.78983243,-18.47048886
11.89874093,-14.54963092,19.44573995
-6.59944555,18.64732884,10.32820849
19.13406746,-8.35689903,-5.27110879
-9.62624137,17.36827257,3.47773991
-2.97434758,-5.17219874,13.98861548
18.85651827,-4.35116257,-6.54572192
14.19736431,-17.45664528,8.86445249
4.07060669,15.41056879,-13.78197126
-15.50840265,7.82493075,14.64696992
-8.98065635,6.78799754,10.86431991
19.82464067,-15.09382507,11.67507654
-4.3147918,-4.56704354,14.73563266
7.68565007,-15.75404816,16.08519254
-5.41333871,15.61892804,-3.40384177
-12.31593519,10.28420617,9.05693453
-17.43707929,12.87496587,14.20949989
-14.02313556,13.27793927,5.76401746
-13.74244501,10.18962231,14.82986778
-1.30572836,-4.54805276,14.05524116
9.96900462,-15.56641514,17.51026108
17.02668729,-8.78050436,5.46549074
18.59482121,13.87905575,-18.7712381
12.92815481,-2.73935879,-4.88613498
-4.73269117,-4.25079564,16.38099531
18.60460905,-15.87831225,4.37568331
16.21901602,-4.40701825,-5.8127201
17.77080485,9.47434274,-3.47354235
17.44038513,-5.33147209,0.79661463
11.96386176,-9.86389967,3.84033632
-2.49225247,-6.41370031,19.99102835
13.62081825,0.49599328,-9.61129809
-17.01564577,12.91132799,14.81362383
11.33643631,-3.039327,10.04001991
-18.49772806,4.91979412,19.88851982
9.18629468,-10.68350841,12.59514699
-6.70248808,3.32985895,11.81935738
-19.18988155,14.48359207,15.48935684
-5.72495029,11.76459415,11.50371658
-16.25444371,9.81400241,12.62140135
15.13566371,-2.70128255,-5.01232466
4.47677681,14.92350655,-10.24057757
9.70371794,-5.67554903,3.45990318
-12.8654781,10.29440557,12.52370819
12.82577458,-12.37854452,7.25746984
-18.75055603,14.50275242,19.77889946
12.99267638,12.60290743,-15.51495288
11.91654672,-16.60254971,13.32224272
-16.65758594,13.16161994,18.16729148
-11.9747602,12.16173786,15.326428
-15.44765353,2.98345688,19.83565062
-17.39400734,10.07931836,16.14694574
-2.78131308,-1.24995788,15.41719052
4.05348943,-6.91497447,11.19375684
18.23400584,-19.92490913,9.61184191
14.40205395,-7.98459933,-2.0139035
-9.51196424,8.84980415,5.56343296
19.24885993,12.56959471,-4.60343922
5.35441024,-9.85992232,10.10112177
2.40138307,9.44699511,-6.67514242
15.78023967,12.13542035,-19.88449614
18.69662998,6.17517632,-3.8607863
9.37521487,19.5172625,-19.70048279
-13.43954011,14.97852428,6.25001084
-18.3898508,19.54849044,8.92832189
8.46388524,-7.7744018,4.84914658
17.06066125,0.5975603,-8.80610352
9.54266208,-18.24163194,13.54296487
-6.31797248,4.90788725,15.27175123
-11.33745769,4.91299837,15.92872811
17.71683384,7.3654973,-13.01910773
15.24320218,-5.45244292,-4.35512801
5.93636257,-4.5458389,3.43519957
14.6279851,-1.85157791,-5.26359812
18.01194569,6.84576289,-18.79382829
17.11044245,-8.66699028,-3.27931344
12.28564513,-16.98269186,15.42284903
15.32881945,-11.09440644,17.74883201
-12.90205131,6.34098336,12.04803632
-16.19521159,14.37335083,12.97450793
-3.52946918,-2.07623554,16.85091663
18.37421587,5.61596335,-13.31626493
-12.18456122,9.48920209,10.98898112
19.67269218,-11.63671898,13.12853009
-18.94127008,14.36641476,15.09218843
12.86966147,11.7557906,-8.68142729
19.7485115,-18.01650712,9.74430486
-6.51810159,0.6799546,17.79916624
1.61740598,-8.47905533,17.70753465
18.13278339,-10.97976732,0.59335363
5.28996032,-7.70432113,13.31420077
-18.328636,7.8369954,18.83705993
16.17910941,-19.52415839,10.50444266
15.63535458,9.07284428,-12.00730242
3.07526617,13.76397956,-11.46606222
-8.38511469,-1.96974776,15.48726914
-12.28256497,11.66584598,6.6771525
19.3566466,-10.41769192,7.25656665
-14.32999248,8.77717024,13.84739098
12.84621395,-9.5270272,7.36262553
-16.43970454,4.4027056,17.61216667
-14.69580331,14.69970896,19.59209178
8.13008063,15.91560494,-19.41593457
8.55919979,16.96985643,-12.91842503
12.94760405,-1.85220628,-4.11664041
10.02738376,-13.54669521,9.81081421
-17.38011862,19.63681772,2.73794885
18.02655515,-10.39352204,1.56471327
4.60688494,17.89183338,-16.755636
9.94233599,17.33526095,-19.34661004
15.46514603,4.61513777,-15.14634676
10.11192981,-15.56711211,9.92029133
6.64561128,-17.32477002,17.09511163
14.07751231,-5.41705602,-3.55355652
18.31852225,1.64976195,-13.2207844
8.83322559,18.2686709,-18.25720355
-16.2719069,15.82611117,5.09295174
8.62181984,-12.05634283,12.79638926
19.21096066,-4.8127142,-8.56120976
-3.33906265,13.61599209,-0.49163648
18.35295179,-9.38245886,1.19749393
-7.18828548,-6.6285277,19.67376712
18.25801252,13.10726012,-16.33173253
-10.44556472,15.89680731,5.15367348
17.22437012,-2.75933323,-6.76626311
-16.95129435,14.68690204,13.11331577
-1.27766103,9.65106197,-3.65650116
-0.33746495,-2.98595182,17.98047104
-19.40800462,18.58702167,12.74208113
10.48751974,-12.88951833,12.17675411
14.05209174,-8.77185505,7.75891382
0.32066142,-4.80452139,9.43789935
2.17984396,15.29367609,-12.70556941
13.74052829,-17.01555509,13.65079848
13.81948409,-2.49158662,-3.56141138
-2.27632517,19.32282508,-5.16224631
-0.13440385,10.69860352,-3.25033516
-9.86551945,5.47812387,8.91285501
-3.75898957,10.60263583,1.66984751
-19.77361163,16.17275648,12.80933397
7.58602126,15.32539019,-4.64429634
-2.68620803,14.04927928,-2.42536676
-10.05047701,-0.13618449,18.86469767
-9.69381185,19.26950078,1.80658343
16.50416072,-17.53851532,15.09979764
18.67357502,0.44135662,-13.43427591
5.07301231,-9.68616685,9.88033511
19.77809805,-16.17388266,12.9089849
13.94352951,11.68152633,-15.94788439
4.7557158,12.67335805,-11.1529252
17.00512778,-5.56345182,-0.70660816
19.17317412,-10.31667527,0.18701566
-18.91071973,11.89776374,12.17546945
-11.76904887,-0.8458029,18.8970613
13.11535364,-16.64619032,12.54765698
14.900385,-6.86655694,-0.06651373
-2.63763089,15.38917229,-6.45893559
3.12504711,10.80324316,-5.23813676
17.70302026,2.35216027,-12.10283704
-7.21909164,11.98569088,15.0319851
13.54459766,3.83371086,-6.36468385
-15.55212741,8.29083392,17.06625635
15.14085944,-4.7228691,-2.87509981
13.84538622,-15.70430945,7.3940972
15.15793181,4.91769455,-14.97779394
-12.97799548,14.62002819,2.98424387
19.86952185,-11.62334386,5.34597364
7.45904304,16.00519661,-16.340995
9.66876703,14.57561971,-11.413739
9.73989648,6.85688883,-11.19113127
17.2965997,4.83860385,-16.15471068
17.83189067,3.9870573,-17.30885369
-4.09073389,-1.24176447,14.63916146
9.67895252,12.67976128,-14.31323251
-18.58243799,13.74797868,15.68133978
15.73606178,1.44448715,-7.78073818
12.48681923,-9.59225948,17.45638446
18.23001184,2.64053452,-6.5337815
19.90664875,11.00765694,-18.76899076
10.96344048,15.66354591,-10.16432857
-9.27945041,6.56888779,10.03631986
-4.40304988,-4.13100258,13.78081485
-5.48381666,18.02358569,-2.0798231
18.88046849,-3.90980774,-3.37663949
8.26846218,14.00938521,-11.52330877
-9.86882965,0.46713392,16.79174566
-2.39821243,-5.17232859,15.13306667
12.85347758,14.74969568,-16.59793442
8.35488014,-12.17149951,13.10955734
4.13937115,19.65264877,-18.00359331
16.93273787,1.44387288,-5.12527296
-16.41223511,5.79770126,16.97290194
1.52394036,13.69815679,-8.52346154
-8.54685588,-5.53419459,19.20056523
-6.39198201,13.6781774,2.69366558
11.16963158,-11.98025035,6.44421102
-14.82193613,13.30655615,8.91838586
-12.24277178,8.91564395,13.79342675
-18.39600398,11.23421467,15.48416692
-0.46601071,19.47290358,-12.12549574
17.1929812,9.24074428,-12.80460375
-0.44619847,14.75223433,-3.97799119
15.6387407,5.54381945,-13.19551064
-3.30850169,1.28122867,14.18771652
19.65771898,-6.72586305,-2.18045625
-4.48688096,17.83750406,1.42026003
-15.72527314,11.36950987,8.9796405
11.82041822,10.53732868,-14.19726369
0.40421827,-4.07491943,19.14341615
19.74968913,0.8976037,-12.98384684
6.17697256,15.0092737,-9.88108583
3.93040071,19.66171601,-12.4602679
19.78452444,-3.79547319,-8.13341401
-16.93061232,19.78235594,6.53816227
18.27254956,1.8478372,-13.41227309
-3.84832713,16.97948929,-0.5149899
12.24203883,-19.42362258,14.27601311
16.56052225,-18.11939982,14.12320331
-3.35165131,-1.3677038,17.64698283
15.72470681,17.83031187,-7.98032825
-6.96701493,-6.11326844,19.45064938
-1.43808021,-6.83557923,19.83506924
1.94685391,-8.91019349,17.93398926
12.52483062,11.99432377,-15.96284718
18.40096018,18.16993853,-14.05797133
5.4268041,-10.15472421,13.0858263
17.29161869,-11.40174077,4.27707324
12.20992474,5.11401081,-11.9944473
15.72162501,4.49553001,-12.95357441
-9.5886053,5.95283279,18.85124776
14.35475547,13.48526907,-18.68296212
5.97824072,13.74134203,-15.11438696
18.52754873,12.22388446,-19.74158262
0.96893754,-5.44364524,11.1870935
6.6797563,15.5590813,-17.49780011
0.71524607,13.71800452,-7.337607
-13.96495117,18.52537649,9.08123334
19.10205496,-12.78816331,9.64930213
-17.28372926,11.96266989,10.9764724
-7.33584524,19.27822039,1.65256388
13.61912618,15.87725703,-12.76431386
17.10839408,8.91348374,-19.63252809
18.03239998,-13.30185402,3.27789139
9.02800814,12.37386811,-16.5421176
16.37279426,-12.85770704,2.04011676
15.61164563,10.74897033,-16.00355397
-17.40109628,15.54549083,10.90241802
-4.06417654,16.47886077,-1.33159281
-2.90406472,19.05695965,-6.40890146
-12.18847938,5.88373471,11.69179315
9.32065141,10.7397374,-10.04169128
4.0176476,17.52843793,-15.1182333
15.20724086,6.05679052,-16.66127497
15.75447855,-14.92306262,6.28846795
-5.14786129,11.91889023,10.80934996
-17.2905454,11.17693398,16.15067505
0.68502681,-10.94574667,16.81435251
7.47298966,-11.54391427,11.27565859
14.85432706,-9.25835764,18.81348004
10.07472779,15.35090052,-19.73463569
-1.21367808,15.858894,-8.23928084
-8.56964831,14.57450831,1.40965187
18.37026503,2.12169485,-11.49053561
19.3593832,6.50929938,-9.18529584
19.01681413,-12.57611892,-1.0555963
13.34643037,11.74854315,-19.3285201
15.91179738,-2.47364765,-5.6331458
-12.6547797,19.41443545,5.92941956
0.46543695,-12.71562432,18.31686054
-5.62549287,2.47430424,8.84232773
12.99744907,-18.45819984,16.19202452
-10.08839476,18.72706539,-3.01307285
-1.85644078,-4.56964434,15.00459933
-17.59922686,11.8348583,11.03915732
-13.42776047,10.61768054,14.91850508
14.33575454,-5.76022973,3.22942064
-3.45253875,14.97111672,-0.25519328
12.94735958,-16.36342656,9.97047092
6.21618912,-14.41809549,18.10345868
-4.27846447,-7.19744848,17.8977779
15.88110678,-14.91536203,4.11884145
4.11814477,18.19454255,-7.91209798
8.82066707,-14.46597497,17.13284355
19.25188293,-7.21273707,3.22885647
7.22388858,-10.30930266,11.45079024
-5.09173832,18.61029932,-6.22966819
11.31445445,-7.0542894,15.56299284
14.98972941,-8.57954481,-1.33814997
-8.73486554,1.05642454,15.12493777
13.81281076,-9.30823083,10.66037449
-10.83441904,7.00270033,19.22013307
-5.70049115,-3.99776394,14.65018982
14.26754846,-19.98702316,15.24148166
-7.0709049,15.74788684,3.4063686
14.59644375,-5.60525875,-2.11651836
18.37507258,11.18120337,-7.8554168
-13.75612444,9.13460176,19.40843108
16.53501839,16.53640974,-19.74711769
-5.17056657,-5.17764551,18.6405816
-11.67093473,-2.10719954,18.54934834
10.31100859,-19.06515561,14.13145776
17.90703044,5.99412118,-18.00861127
0.14145872,18.26035407,-8.8998398
-12.18461502,13.63295442,9.09908645
1.25636743,-7.24550536,13.3384731
15.13578494,15.4469262,-18.89952862
8.55710059,-19.19661755,16.3468581
15.40045984,-6.27189131,0.17079597
10.90574388,11.26083796,-16.57440732
14.01704329,7.9890186,-15.89943111
12.55015387,14.14782081,-18.97832783
19.42812486,-12.17587528,5.39122195
-13.29261744,12.31122873,5.58482575
0.18535462,18.00369075,-7.7858715
15.39650698,11.06955075,-17.88192196
18.65896652,0.55922243,-8.45707743
14.04835619,17.79522057,-17.83986777
16.14387345,-18.63890042,11.12354756
-2.15783376,-5.82444034,18.29713778
4.37080129,-11.38207883,18.50542144
8.64989205,3.21042509,-6.10129104
-4.66026882,-4.53436007,19.39462623
-0.57390319,-7.30854011,15.31337651
15.67499857,12.02734904,-3.5896757
13.9804164,-9.00559833,14.16305193
14.28104862,-8.86489602,14.07676298
12.28257951,6.76344101,-13.08783161
0.2008063,-12.48132438,17.0775573
-0.88074747,19.70432299,-8.26026315
14.34411665,-3.66533177,-5.35417845
13.20636422,-8.85524761,0.91526262
12.84810957,9.69905864,-12.99364745
-5.60541747,-4.32619742,17.39961588
1.32874618,-8.6401769,14.2133841
13.86140069,4.96567376,-7.7003252
8.4841633,-18.61465401,18.61952939
2.26102593,10.26434053,-6.760922
-18.15661075,12.81289505,13.66069244
-16.66012263,19.511648,11.95334461
7.80666108,-15.9702913,12.78297941
3.60474636,10.10795501,-7.51270032
13.61219675,-9.4013758,6.08795859
15.20782165,-12.7032619,3.10351606
16.96036505,10.46755502,-14.59755904
1.82915794e+01,-2.93932584e+00,-1.82376754e-03
17.61104725,12.25077349,-18.82383193
-4.08771923,16.66100259,1.83156775
-10.40404011,10.96275554,3.92054648
-2.28124395,15.80196533,-7.54541391
6.09720661,-11.1089989,16.27889669
-3.65066641,12.27836793,18.55115188
15.69684322,-10.19062221,2.43160445
3.08993974,-9.07343295,12.15724881
12.37045183,-7.19651189,10.11085856
15.22813313,4.5588969,-13.04084154
-8.98991017,-2.13469418,15.63080796
-4.84344849,9.877937,1.67729565
-9.02643242,19.78433607,-3.52775034
-8.88644818,6.2380153,7.11031207
16.23984399,3.07535651,-11.93114896
-4.78138672,-2.89401768,17.09345338
15.08457039,13.18662499,-14.87385925
6.33394786,4.85510421,-5.72472104
9.86929867,-7.85675736,4.61250874
-2.71892575,10.94988195,-1.38902032
14.3018745,-6.7652406,7.97760706
12.39255733,13.73091579,-16.67459667
15.15900548,-7.98377499,0.81812236
-11.1924471,2.07213344,18.63224218
1.97917582,14.71776364,-8.82221418
13.15991543,10.90075344,-3.29354747
0.56570143,-6.12829992,16.69461029
-8.86184929,-4.75475465,19.76129598
11.13819102,5.5818799,-10.57210221
-5.84250214,-4.74312125,15.36348021
16.77425394,-0.72613119,-9.60910673
-0.8329756,-8.51437621,17.06791026
-13.40057703,3.72514364,16.25464301
-16.76160645,14.69580315,19.18086126
-10.37745928,14.46674072,6.39583741
7.32402182,19.65038366,-16.77678069
13.1318503,13.51336287,-10.37612848
-12.24443186,5.76492655,18.37610661
17.91749078,-16.39409916,15.24483363
-14.68212358,10.06138106,12.24861278
-13.61909941,8.37506924,11.37222623
14.63387134,8.84844445,-17.10140063
18.0673789,-5.51085466,-6.19584785
-10.05477089,18.25195928,-3.03559738
19.40511921,-0.14429977,-11.39814325
0.39307661,19.56701825,-13.16735835
-14.36313535,8.83738398,11.49937209
-8.14100787,19.21913025,-6.06363051
-1.62214415,-12.46942433,19.59696423
-11.05965211,10.50018253,5.9661086
-9.12632957,17.91587548,-2.26741333
-19.15106724,15.32989934,9.15333387
-6.7653714,11.7704967,-0.52783017
3.60369491,10.3372403,-8.05791695
6.85983113,-10.73844313,19.31623642
8.39993528,-14.81906665,16.39979676
18.13680179,-7.76265132,5.22808573
-7.6134394,16.36830643,2.80974818
-10.56462465,1.75373964,17.35622022
12.80058111,16.00436214,-10.14682402
-2.67486751,14.49259007,1.2780727
-6.79004476,-3.53813309,15.92203905
-5.71382804,18.71883656,-0.52073766
9.64287668,-15.38385168,11.03679048
16.96872534,2.2531252,-6.46663225
-14.62169049,19.04031567,4.33472317
18.21462289,-1.48317262,-9.53349924
-8.76681929,6.06100267,7.67769717
-15.75290202,13.56016391,7.00276504
2.89463804,15.4469867,-12.39440204
11.69780648,2.91775215,-7.66256056
16.00506728,-12.34646918,6.95550189
14.00184494,2.62690323,-3.10748032
13.45568396,-17.98972782,15.51291983
-2.7600418,-3.52013577,13.43281318
2.32038178,-4.92720793,11.88191898
-18.18053213,8.73820358,16.53408053
14.86036346,-17.83799178,15.18563753
-16.63711114,18.70445623,8.96159324
1.35542453,-11.66572481,18.07374458
18.17112962,-19.83571512,10.78207614
17.48932954,8.24051109,-13.62924708
2.3069184,-12.18005685,17.06641935
15.08862123,-16.50083268,13.13645734
-14.33303488,16.24454964,13.20498936
5.1597393,15.58540556,-11.82257122
17.97063983,-13.70720576,5.43756725
-2.86014373,-2.81252821,10.42839763
19.92295705,-6.2449846,-5.64387047
9.46652224,15.1512356,-10.19506152
-7.00551584,14.11330979,6.91189252
19.26585892,18.90883936,-12.24847849
14.35557054,-5.40346427,1.37484009
12.49892446,9.39842464,-17.41729877
17.12739125,2.32531958,-5.65704101
12.7977679,17.07298415,-17.67286813
14.42419764,-6.98908347,-2.56540259
-18.46456235,13.48949858,13.33895372
16.56661147,10.3885331,-15.81904208
-18.20127393,15.52230354,10.8883594
-6.69062739,17.93920643,0.75378654
-1.64827602,-4.68337735,11.46638617
-6.28165697,19.83887342,-4.44636027
17.53425307,13.73069986,-5.57104066
-6.46202398,-4.65289543,18.29712375
16.97934623,-14.92744778,6.17349256
-6.87206561,4.23126777,7.52818816
12.15499185,16.92807785,-19.91740723
16.29450837,-17.2612935,9.97419993
-4.65954807,-5.3520131,15.43633394
-16.48594914,7.08024518,16.37669822
19.41207929,-4.59279584,-4.07756466
16.16425442,15.9550841,-17.50066631
-8.08076738,-2.21157031,16.15625131
9.53000777,-13.47306566,12.79172152
8.57119272,-14.23913089,12.51453391
4.79481307,15.16360353,-15.26792741
-9.54227109,2.5232885,17.40673107
12.98990112,9.50397331,-17.68753306
4.70603912,11.3568148,-8.94636553
-12.31893427,18.1592885,-0.91673691
-6.95026294,18.44075856,-5.89866454
-3.84482861,17.39516208,-6.41717249
10.24046035,-16.49828971,16.47147289
-18.47314081,15.05438909,14.52286801
-7.89265698,18.39987119,-2.92307629
-2.58465328,16.13303896,-0.32223183
17.10596698,-2.9959293,-3.29054614
5.92599921,-9.96994713,13.79659282
13.06177465,-19.20308615,11.06883846
-7.26513333,-2.88176706,19.22665079
10.35655715,6.11702622,-11.35403242
12.88585822,12.86401076,-4.17284247
19.18656419,12.49383505,-12.82960727
15.37130375,8.83444894,-19.32651578
11.31990521,15.24664907,-18.72357917
-10.57790099,11.60971739,18.85731253
13.5108209,-2.3320786,18.58364167
7.93154435,-17.71053681,14.37310055
-16.4143968,9.60215807,16.44718939
15.85157869,-14.2779766,4.76377157
-3.2070459,-4.09290781,15.82383826
18.38629242,-12.47332749,5.44928197
19.80560584,-8.00192547,-2.79710335
-16.38615456,5.29327981,17.45467642
1.5662407,18.48779495,-6.52680097
-10.84301075,18.21665439,0.76354054
14.63507082,-8.71748707,8.94436196
14.92686052,13.93715386,-18.34742118
10.2527735,-9.78299162,8.40735503
13.32714864,3.710368,-11.24024758
-11.87181976,10.71657798,7.0321422
10.39269859,-18.93073539,19.40253303
-14.77972791,5.99212548,14.18848212
-5.53543252,-7.69333403,18.5111957
2.43560912,-4.99249934,19.37701915
15.14861871,3.56652746,-9.59715643
19.94566059,15.78218442,-6.51060918
15.84324881,0.63936508,-6.53137643
16.8663165,0.81036381,-13.23085677
5.1379251,-7.64853313,9.35047732
-4.95995766,10.90176843,-0.69459059
18.10582402,0.39686031,-5.27095917
9.83112857,12.05253501,-12.19833074
6.63296627,15.98498158,-16.2978955
9.79831688,-4.09114517,0.82234572
-5.17243562,-1.47797467,17.79075804
-19.14343867,11.21161948,12.99371419
16.21003061,-17.22008067,10.00970648
-13.81221473,13.84695756,6.22475168
-9.15726463,5.01157675,11.69044845
14.16665797,-17.05064326,10.27206738
8.78415745,-18.88869698,19.96166417
16.33732525,7.91815079,-8.42271725
16.55402882,10.62377802,-11.70328373
9.46116476,17.99738364,-13.88608108
-13.9699004,17.35652498,2.5761041
-16.95708358,8.06887398,19.44679894
4.10504978,10.03038379,-2.51032006
16.37459594,8.16279268,-12.85135964
-4.69703097,14.32782143,1.42133933
16.52747815,0.81217798,-11.25646469
8.0694375,-15.51350516,17.78607885
5.63948564,-10.70611842,18.76608629
0.41903443,12.44174362,-3.50993418
2.19644126,-3.72366121,9.78805073
14.50120955,14.51470559,-16.62298342
19.73342079,4.60116525,-18.01267421
12.10796585,-4.92993975,1.03745465
16.88071287,-5.93747587,9.81321976
-13.1295051,15.0302007,5.14280374
10.49714673,-14.48480758,11.42924359
-11.67817718,1.74595954,16.48090133
2.53370465,-13.01809768,18.50687038
-8.27001869,7.92925371,5.48146245
-9.24162211,19.15330334,-3.83609066
9.21484974,-16.91818983,13.05619219
12.68283137,-15.70330527,17.1040536
-19.11211788,5.74091337,19.31707244
5.41339203,-10.75905142,10.25275022
-6.9943244,-2.66365085,19.85992413
12.50892524,-8.04971808,3.57274642
9.78359693,-18.67269975,16.67970181
-9.07436582,0.79356466,12.86004746
-1.81231108,12.81156694,-5.15492813
11.73851913,-13.6713722,12.2612521
15.05465853,-8.64538746,4.30449942
3.91643384,-6.44424556,11.06031752
18.57766326,-13.72593869,0.32280354
3.12458628,10.15244394,-7.98467059
3.79853906,-13.95011689,16.20802971
-9.29869026,1.082309,17.57233283
-4.68415339,-8.90824464,18.42139963
4.39813281,18.40087148,-17.46572346
17.66684846,-16.01033021,4.92354759
-7.25883304,3.03621293,19.55128186
-13.93529048,11.71279247,10.15633693
12.88606501,-6.56186563,8.56851762
10.0010035,-17.60315618,14.28436431
-2.68751045,-3.42845285,19.26182199
-3.57526757,16.38388077,-7.75125035
-5.78596679,-3.34216058,16.836576
13.80882411,18.13715803,-19.09517236
12.3550697,-1.27234292,-6.44931296
-15.61972109,12.31615987,9.41743005
16.75515443,9.37846866,-11.58758022
19.30419807,-4.23197973,-9.43801016
19.84723413,9.85793552,-12.42779237
-5.27188781,14.04551192,-2.91799977
9.74885311,-5.0064699,1.48196849
18.62887765,19.00046153,-4.60384435
9.89255725,16.79656216,-17.27795253
18.02132369,-16.77589539,8.22432102
17.24630923,-5.62340858,19.90918971
13.37374695,14.40964133,-15.0472148
8.17899629,-9.22386343,18.74543788
-2.45263232,13.0138243,-2.70469306
1.83587041e+01,-6.02561916e+00,3.57085426e-03
13.85308766,-15.7876541,8.94675993
15.71725956,-18.78346298,8.76514353
5.00872268,17.32686848,-15.17186512
17.47407502,3.30193873,-13.27698252
11.09226122,-14.31113229,7.62483429
-10.10455346,-2.71243132,19.39850786
-9.25529023,14.62791116,-0.86404922
7.88038218,18.68985056,-8.10555883
16.30516639,-0.56717829,-4.8046136
-10.00779343,10.19671506,19.72560063
18.64956815,-10.07204228,16.92093882
-14.92627388,10.90576216,11.09773398
0.55284162,15.9785151,-5.48101626
13.34757934,8.14605401,-5.74050227
12.61528891,15.06209036,-10.35452747
-2.78280219,10.86723788,2.55520379
16.1125997,16.68239135,-6.25806497
-7.07091018,12.47711559,1.46872884
-10.68748887,-3.40219402,19.36482156
11.99738949,-12.78137394,17.26992849
9.00050695,10.10585922,-2.87799205
16.96200779,-16.88100491,13.83938449
18.0326865,-16.26728374,2.79305529
17.1706921,-17.81312272,19.43900359
15.32626519,-13.97976287,19.22479147
-4.5545609,-3.19727094,15.72199887
12.75694458,18.8569635,-16.99652775
12.37193741,-12.47669663,6.94674797
-7.70155222,15.87258354,-3.36822079
13.11999326,16.46092893,-6.65175363
2.14284705,19.5870657,-5.37994425
12.11731772,-10.26173301,5.38185319
18.26713734,-2.02542523,-1.0735566
15.65097192,-14.85982993,7.92089289
3.65360099,13.97460571,-9.33283775
-10.32358699,16.96433376,14.63518261
6.41123004,-14.36803535,12.50909323
15.34742919,-7.49894907,-0.06695743
7.61964894,-5.55767472,9.80607848
16.99054654,-8.64312761,8.74902036
-10.29353176,16.83620276,-0.02562907
7.43637927,-12.06673411,12.38308701
14.68762602,-18.85244648,14.50520278
4.88660201,-16.71933174,19.39594686
3.16274397,12.02941102,-8.13831269
16.56125604,-15.34111356,11.6031031
6.16474631,-13.49691916,17.6805419
-14.63706942,11.06407313,11.05636062
16.86756455,9.8195723,-19.15384782
12.90162458,3.26957235,-4.29436277
-2.13443431,18.86242204,-2.12704902
-6.16876421,18.07682019,10.24655312
15.03780426,-18.52414071,11.25659894
-19.77833516,11.43209014,16.00559616
13.17937794,-17.29656461,11.0690179
-14.03175147,11.56391961,9.41980559
3.09110395,19.32950264,-5.59790348
8.3031628,-6.32983852,9.7229401
4.53861671,19.06571174,-9.03701017
14.5758826,-18.81140048,11.38714802
12.08790736,-3.01981449,1.37299085
3.79533069,18.34169373,-10.40072427
-0.47812912,19.97905247,-12.80313377
1.26433549,-11.49207385,18.33615697
-8.18525217,-1.80739332,16.10122432
18.24886478,-12.95830156,3.8696604
-7.72250584,-3.17156311,16.19817115
11.20867173,15.50627778,-16.0311218
19.42732597,15.85254933,-18.22303951
-6.44874676,16.24537934,17.80219599
-15.69429769,10.87369322,13.18802968
8.05586372,-19.14214715,17.03006998
-3.08806545,16.87213164,-9.11378241
14.99340446,-6.93110527,16.03579149
0.51993935,17.61880146,-5.6543175
-10.86691378,6.21576898,14.28067819
6.04134998,-11.10406794,18.07114903
13.72379133,-7.38889984,-1.28686616
12.24647069,-19.17836509,15.58489829
18.99317958,-14.85302857,10.44388031
-4.69047222,15.1877468,-0.89711826
1.73348070e+01,-1.21111603e-02,-2.66637066e+00
11.25356557,-5.13178602,11.75187635
19.06205159,-5.69593726,19.29448327
1.25226504,-8.40369013,16.63468097
0.55727178,11.78227743,-2.77321145
13.76379081,-6.21696104,19.75322947
18.81488089,-10.07326851,17.21031955
-11.00995191,15.4336232,0.90173103
-7.21949944,13.83741347,11.33243309
-17.27055623,6.53564064,18.28566761
19.01915999,13.79931072,-14.69097083
18.13119322,-7.27519296,1.08274729
8.69179197,-16.05506304,13.30662597
13.41275923,5.51440036,-5.447849
16.85826316,-2.66105663,-2.7984556
9.47412574,-15.8023027,18.16643838
-18.29198612,19.1946906,13.33173011
15.65434169,5.1841936,-9.98318504
-18.31795047,18.56376756,5.03695121
12.48245414,1.63951096,-6.58725288
1.13031112,-11.16262431,19.09356512
-16.45188928,19.42989952,3.14586122
-6.45838718,12.54744766,1.34013618
-15.6754904,3.96396964,17.90039694
-11.36219657,19.69321253,-2.97609634
-6.09498554,16.24966888,-2.9911105
8.38614574,16.80570138,-17.96516621
-6.51019909,9.03898464,2.31448005
19.81668273,-3.28358601,-5.22252862
0.04285574,-7.77876319,15.51966708
-13.23144765,9.05211104,17.80035818
-17.30434754,10.58679592,17.84130498
-5.27444064,17.51317264,-5.81443436
15.00795836,-7.7950021,-2.40284913
14.96315441,-16.87533187,8.18926068
18.84645764,0.0499493,-6.26976616
-6.07181609,19.01801712,-6.57113183
7.32106456,12.57710089,-15.35328567
-6.84084524,-1.15932246,19.43575488
13.83570384,7.98499349,-16.84366151
15.30121131,-5.60916929,3.07466278
-3.38515858,18.25240611,-4.30909111
17.86129904,11.23784367,-10.74420531
11.86453561,-13.41803277,12.09844874
-13.78765757,18.58012494,9.88309892
10.34127103,-15.76856204,11.32071493
15.67929152,2.77772929,-12.14554951
-3.71353886,12.49454023,-3.8697355
12.05758682,9.20094934,-11.44359726
13.11572959,-17.68102397,10.8706964
-15.26294825,11.01340115,18.40953131
4.43618969,-12.72881586,18.62813048
-3.64510427,13.59111736,18.17404551
11.49077535,7.21699257,-13.23367014
-1.89546498,19.70098356,-11.6396944
8.88473065,8.43778153,-11.42714902
7.29950825,-10.02784768,12.436012
15.1979344,17.1098723,-18.18401854
19.13207853,11.87287178,-8.5155393
19.56625009,-6.13855154,3.08047748
-19.61040356,13.13554628,12.58054681
-4.47624596,-1.8195356,13.47948881
-9.90099882,15.17390193,1.53989822
17.35731931,-9.14813471,-2.51550477
19.88760989,-7.4156735,-3.6191744
19.89220231,-12.71772103,-1.05116746
13.21999674,6.37778526,-9.93487146
6.38214428,14.64269331,-13.8880283
2.78417964,7.15698273,-3.32996819
6.84531253,-4.69144695,11.43936831
-4.8727062,12.67725175,6.1008465
19.14141424,-11.19779408,8.03895044
-5.02395077,6.19644211,19.32590561
-15.36347826,5.68188579,16.2667607
9.18435172,-13.92738374,11.38918872
3.99022343,15.08181641,-9.92584871
7.00194364,7.68657605,-4.64585411
18.78930235,2.70252198,-4.36553995
1.90418975,-4.35449351,10.87032926
14.44479013,-4.29181145,10.57097428
11.23545167,-16.5532765,17.08740603
19.36745436,3.67132885,-13.23762898
18.70455614,-4.67803706,-5.83145024
15.95405861,-14.88366837,5.48063538
7.80372817,-16.19464134,14.73818025
16.04751473,-0.6287019,-8.97544161
18.32644502,7.84389171,-16.44658241
-5.28261339,-6.16890999,19.92393678
-10.41113872,2.09060154,13.64334426
-8.87071686,19.6711449,-3.16450812
-13.86424322,4.9229261,15.19594373
-15.68854312,8.808125,12.18435195
-3.04933584,-7.75355308,16.48470966
7.45233061,15.2995698,-17.13913761
9.44869362,-15.07058163,14.87800652
-7.9123731,9.77872771,3.24162059
7.90026172,13.87580233,-10.08839722
8.88805506,-13.82724097,17.73556749
-12.65054897,10.11522683,10.36427262
-16.89672279,18.79695803,3.30885487
0.56169822,-11.85533641,18.69888512
-9.59267706,7.23603179,8.29363394
-12.88109313,3.91851457,14.28657395
-10.39350231,14.98874957,11.6952947
6.93414829,11.96339564,-6.79725926
-19.87858078,19.90626487,12.28496528
1.13834318,-10.60626536,19.01118995
-5.12432939,-1.09823219,14.35880209
-5.04775521,14.96511575,-2.86887645
-5.712165,-7.56232547,18.45238353
4.03424387,-9.86029625,13.41032589
-2.42832336,1.13854516,16.12139657
18.89958552,-10.71431651,-2.77634381
-12.11247347,19.83680141,-2.66763199
12.54042565,7.72014048,-11.73410807
15.09347298,16.09824309,-6.70017837
5.39904118,-3.04345697,19.04279772
-4.86055044,2.30197728,12.13145667
5.753952,5.37107454,-5.40191123
-4.85763814,15.28128011,-3.46882664
19.46463297,-16.3581971,4.89088413
-8.83633412,17.90003443,-2.18943285
-1.88652474,17.56819334,-8.34839382
-16.88946897,16.37103443,15.38901997
-2.79723981,-1.6452016,11.9885119
17.64270953,17.70247391,-15.43736823
-13.44447078,18.78654648,3.54362731
9.67312918,15.9062007,-17.15855044
-5.14865503,-5.67853291,19.16776188
-3.16158929,1.79183365,10.60610182
6.45385534,-14.09099581,16.99856915
8.54581015,-11.33148636,13.23671475
-4.98854694,17.89094932,-4.45603721
-9.86940956,9.96902098,5.28692115
-8.7303672,13.54696943,6.61861985
10.13284766,17.23554785,-16.74263994
15.49100472,19.82084949,-16.83788268
4.95195025,17.543533,-18.00665183
16.07616035,12.35879401,-15.78591301
16.01708112,0.40544119,-9.56284005
9.52027771,-18.96107105,16.4908317
19.6814067,-19.64453394,15.07883906
10.61641846,8.59727532,-14.38054233
-4.83120089,4.456104,8.09158892
14.24190086,14.58614359,-19.64735974
-5.93606217,17.27660082,1.35111573
-18.60472241,15.77791569,18.33475522
19.29097657,14.22461778,-2.63744072
-16.56890519,17.09107346,7.2722484
-1.66138352,14.68133742,-2.68352767
-0.59110861,8.48293047,-2.18222918
-4.4649706,9.81838467,0.07433826
-16.760843,18.02276692,16.51027143
-3.0717594,0.6992673,11.8386205
5.02990736,17.79232425,-7.50817138
-5.87374299,-3.80221439,17.86754877
9.09338662,-17.78467351,14.97762717
16.84837154,-18.88352653,10.89012653
-9.57179354,17.20531362,8.79747995
11.5823465,8.95672394,-10.87467844
-14.73693163,16.80730456,16.26072824
-8.25643335,6.70323838,11.15957075
19.00148156,-5.34635672,1.90158623
-7.71917891,9.37329242,8.71346451
7.59880619,-18.560994,16.82662692
16.79805989,8.63268091,-11.42706811
3.03332597,18.34813567,-9.95309754
16.54590431,-2.52937935,-5.38674753
1.59146332,13.6992371,-3.87252738
10.08901675,-0.3521451,-4.68823667
-15.44839389,18.75396684,18.43583867
17.41458948,-3.99474712,-4.78665106
10.66658394,4.86672714,-9.71235828
-2.76952216,15.60536159,-2.73193946
16.12722273,-13.32516536,12.70777736
-19.51411622,11.98963413,12.23533475
8.69543051,13.74806454,-10.76142743
-5.88215473,-4.03563401,18.37513829
18.74302199,-18.9594675,12.50388216
15.66841943,1.39724399,-3.88336324
-1.56212347,-9.64045297,15.93159582
-2.58806137,19.55641897,7.24212996
11.40688278,-13.3804393,7.63213662
10.52070251,6.69624416,-11.19462746
10.0544485,-19.88532333,15.99690819
12.92679053,-7.91464728,1.78390616
-3.8807988,10.90921976,5.96974971
11.93546774,-13.45569302,9.78306388
10.72714381,-13.88130158,13.13507049
-3.0640771,-5.0030588,12.91155066
3.18442829,16.19674748,-6.18664246
-17.07589853,18.2647636,5.41118115
17.4606261,8.75034388,-12.94289927
-16.58586,4.81146477,16.22941698
7.80699822,-13.95516742,12.11642597
15.61240451,-14.9604764,7.46855151
-5.73114558,17.84074719,-7.27607202
6.66945059,-14.62712616,18.87623865
-7.01995637,17.09191397,-4.27564119
11.26497244,18.85962116,-18.30254845
18.49176785,-14.63705563,18.48986221
-11.39593061,2.2547479,18.18681319
-10.97844634,3.27351657,17.01446987
-3.09928914,16.34585849,-5.36420013
-5.76810547,12.97145738,2.72907522
17.2452966,-15.22232149,3.97573109
-4.14118899,12.12614483,-0.57298268
12.33904738,-16.92854032,15.91703985
-14.30472416,19.77030222,6.12563376
17.91989179,13.7593199,-4.72148342
-12.553378,19.47643599,5.87367757
-14.79644401,8.48141769,13.3033459
0.09093901,-5.17803041,11.71977278
5.9099983,16.2490467,-15.78314176
-11.88956587,11.12142736,6.8351841
18.89283066,12.49978474,-19.63491289
13.46717532,7.01433543,-10.78629723
9.13890968,-0.80336055,-1.47489371
3.58785016,-8.62343398,11.13701723
0.77668986,-8.97758615,13.85269595
18.96666827,-6.01671351,9.82509189
15.69675992,-12.32411737,4.00659864
16.94142567,8.13509381,-14.67579452
2.75063881,12.09712096,-3.55008823
7.6798214,13.06269362,-13.21381071
19.85873071,-13.5316677,2.7413058
1.78773149,9.3641396,-4.70023447
13.83511506,-18.21793283,12.70296467
2.83300642,13.98612028,-8.82005471
10.39743432,-15.05493753,14.10096246
-10.48210375,6.54109358,10.70622276
-7.14215082,9.84776442,19.87175625
-5.84691467,8.70791522,6.17775337
-13.58821758,10.69781457,8.64546652
3.93233407,-8.88589451,15.8812668
13.0356525,9.07109608,-16.25847354
-14.7630814,19.19676234,13.06059741
-4.21452221,5.82758322,3.70708753
12.08379379,1.29976258,-5.64251709
18.49796242,-16.6145789,7.6453224
14.52481584,1.67276376,-8.50511873
7.12069802,-18.35501965,17.41179994
18.1380798,-13.09018697,0.35528662
-4.55664994,-4.48268755,19.19146331
-2.81732032,-5.0956029,14.12775641
-16.94084491,13.06420908,9.5704441
11.57548904,-18.33168716,13.83246367
19.18410913,-12.81515948,5.56885845
-6.21109975,-2.32315188,15.5812399
3.67631293,16.13512537,-10.50897943
-10.91712752,19.78457679,-2.00099487
19.87934378,-4.1588878,-3.10025835
2.76754395,18.25116654,-9.16958135
0.29038035,15.56473282,-2.80264032
5.18956315,17.85271966,-12.41740614
16.9035154,19.56862505,-10.3102968
16.03035373,-4.85227133,1.90091431
-3.4934689,14.9118818,-2.75854029
-3.51955738,14.26434652,-2.91468181
4.29050498,19.59756312,-13.11777216
0.07750534,12.14192559,-7.51066698
9.24436086,-19.91981348,16.04922173
17.48170309,-17.80551641,7.27752184
9.88524968,-17.26438574,12.07586613
0.81527533,-12.44768572,16.55018156
14.16083179,16.13613307,-19.53113107
-9.58082146,7.00511627,15.3875117
4.21117106,-2.75087022,12.67739686
-6.74990675,19.90707345,0.11517444
-13.43382572,12.63810988,7.90644061
19.59923097,14.22636437,-5.42877593
14.15105272,0.31228507,-7.47303776
15.90917607,12.86753119,-16.21736971
14.41765202,2.66156454,-5.78929239
-10.40830752,2.85785816,12.89808303
-17.91160127,17.82207315,14.14713953
-8.94203581,0.91831491,13.52427301
1.22563616,18.93991238,-4.12390263
11.67932342,-10.58334711,15.24896006
8.43821341,-15.61246418,12.42384524
-6.59187654,9.98389032,10.80333284
11.21229592,4.84957444,-10.81663395
-12.87125122,19.96003241,18.73909806
-1.4838509,18.70365532,-3.76196465
-18.48191802,9.14394866,19.626007
-2.26647466,2.19663945,12.93898048
5.60963192,17.45759849,-8.04873704
8.7500057,15.83094385,-12.76161514
14.50076398,10.63702618,-14.35798135
-18.92140439,14.99789089,14.15530737
17.3138071,-18.34544047,6.80481846
18.87989293,10.57403652,-13.03771951
-3.1044623,-2.40522535,10.5161592
5.98041873,-9.38183138,13.39533235
-2.78323632,-4.23071562,17.51119856
-0.12716595,-9.91529676,15.75078243
3.40225809,-8.52541128,12.38161071
-17.99856493,4.17556026,18.5876751
-1.58952516,-3.76558997,17.6988009
-8.20026969,3.56060424,11.8430611
-19.74023652,12.7742424,12.97139651
3.86848524,11.89652782,-11.32153532
9.82554152,19.64481998,-17.66677547
5.70267987,-2.79891748,9.72580603
13.1302751,-15.17480415,14.02033482
15.603957,5.01500127,-13.90381482
4.3199827,-8.68710522,12.57295467
-1.23708833,-4.07894505,11.62201777
-1.6488641,-4.3322156,11.44913783
-13.81919071,11.65932072,8.4609537
15.80308748,-17.38762884,13.68568583
16.72684739,-8.24507243,-3.74007083
-11.89859014,19.6360646,3.2208122
-15.34353589,6.69072187,19.26416304
18.77457862,5.92369183,-19.03580261
-19.11836325,12.74223598,16.05664262
1.97094784,-4.71088465,19.52079903
8.89553622,14.28628536,-18.44324989
13.85728806,-13.71829692,5.96081701
-3.46751366,17.32003052,-8.34381683
-5.82712114,2.30020729,9.50424274
12.43424157,-11.02167107,11.71131184
-18.4881072,15.83737353,10.25427994
17.27484231,-14.09266105,17.61281528
7.83290157,-16.357349,13.35849866
7.60837298,-11.5354213,15.37583636
-17.51963614,12.93922103,15.43756947
-8.98678742,9.63064048,5.02354449
13.09851742,-18.49081454,10.38943399
9.26966962,-3.24821945,-1.45372801
16.49247351,13.01008309,-16.59705637
3.6055002,15.80836911,-5.61788583
13.68094405,-9.26029393,8.26731164
17.7355976,13.52409953,-10.13689599
13.76590471,-18.31410874,10.89784893
16.04824001,17.84943221,-10.95018817
-7.09832126,18.68906546,17.8032842
19.3217661,-0.82507692,-12.266393
19.06224787,-18.5187692,3.93305117
-0.02139112,11.49561924,-5.73304927
-8.99649605,18.07735159,-3.18756183
-7.0513966,6.33510291,7.97037431
15.87828963,6.90758851,-6.24388592
10.55028346,-10.38026176,7.9078184
7.43375146,12.36821855,-13.60822325
-2.96015436,6.98936661,3.41292925
-2.6927595,16.76848585,-2.3231283
19.61962153,8.86796934,-8.73511034
19.79680428,-2.49887775,-12.54472937
-19.01098088,11.54507301,13.66389811
17.49132008,7.28511204,-2.4993962
5.84908081,-7.93382127,7.21620396
14.10627473,12.59282601,-16.59676741
1.67783557,-7.78134762,17.75308615
17.30128547,-17.58356568,13.7510403
-1.32223144,13.17191084,-6.59821225
-16.0154092,7.65211021,17.82394132
9.1588001,-19.42782699,15.28717478
-6.54744876,-6.08401365,18.20434905
-15.42248289,13.06529465,11.62045123
19.24843008,7.22145817,-19.01182136
4.69069759,11.86139828,-8.14365541
6.64388345,-13.40268825,13.43802806
5.61499636,12.45048816,-10.40498924
-3.30781364,18.32395085,-10.26020173
13.94163986,-5.50931209,-1.63128013
8.56672877,15.70557255,-19.84061399
14.16202158,14.27943419,-17.29611822
2.38187265,-11.48542124,14.3879977
18.94372177,-19.91980786,16.56010976
10.29510126,-2.5213864,16.91959127
19.09616275,3.84394671,-15.06612149
-10.51966761,-3.09669304,19.39711474
-2.31335195,13.0781962,-5.74231712
16.44100651,-11.43889027,10.90715961
6.89224242,10.68742717,-9.94454329
11.38267536,-14.98011324,11.48550598
6.38953153,15.84997875,-9.62803011
12.98131574,9.63731607,-16.2799094
9.29034964,11.14386014,-7.14554993
0.56565131,-6.56795321,10.49256206
0.54887047,14.56879136,-9.63650076
9.18958602,18.41156602,-15.58156781
3.18276931,11.29018695,-9.96959497
13.34640398,18.93968207,-18.54986201
16.25812208,-16.30519145,11.14668357
17.74012673,-7.78512727,13.07260552
-8.04432294,15.46871962,0.98434416
-2.06104587,-8.26084626,15.18911636
12.19343675,17.33571035,-16.28117488
15.78939916,-11.23835636,4.07526234
-7.49004191,5.09018863,8.53903021
-13.03288592,18.23398409,18.38065678
18.80068108,-15.6638652,10.5208199
18.94773331,-10.36564069,10.05449599
-2.99539182,1.774156,9.3516724
13.80115918,5.73233349,-12.21901816
-8.09960744,-0.21769222,17.56111028
9.63390942,10.93478645,-12.63145415
14.94065954,-5.45942373,-3.13519769
-6.52741002,9.20538483,5.64967625
14.94116345,-19.83994008,11.30140554
12.42785264,7.50028389,-10.52253525
15.14684094,9.23837564,-18.98376591
19.38926658,-5.11859922,-3.0260614
7.31354147,16.25896041,-15.35701088
10.98845498,-16.20738416,10.40260564
-16.60266404,5.46438835,19.45566122
-3.13343142,3.65764908,8.88464519
-19.19997245,6.31626129,19.89032697
-2.2599497,13.62004621,-4.40802892
12.61320896,15.07574679,-19.95802334
-7.53708388,13.92103018,11.59022944
-1.87244069,14.73894731,-4.48532036
4.77740189,17.57155885,-17.84536641
16.21943965,-2.11259038,-0.42177863
14.52656597,17.00814505,-18.00517019
-1.11224211,19.02718416,-4.70202562
18.96588271,2.42997163,-5.11634363
7.45357389,-18.52358013,15.99326048
18.60408913,-2.86435783,-7.47573899
-0.32666466,-4.08749921,9.22746159
14.43994825,17.09254135,-16.48759815
17.44361681,-11.81271841,10.49832176
13.75856069,-16.29435846,17.59934502
12.78422343,-2.1946066,-5.04301875
-8.0280948,17.58816121,4.50380074
11.00572406,13.13571699,-16.94265273
9.71308835,-9.87256522,11.91171935
15.75758448,9.92786166,-13.66131442
-8.37958367,16.4970674,3.48089361
12.82954295,10.01944053,-17.58084959
15.91192389,-10.19467787,18.23007434
19.33860344,-8.65572608,0.89290861
-12.12565828,19.28117177,2.49342919
13.44469691,-7.28530227,2.49004261
19.93530008,-19.07144345,17.14838662
17.08887144,-10.08700771,7.35197163
-10.88662332,15.87809977,4.52995277
2.84568426,-9.94524098,16.52786319
-14.70484912,1.20006826,17.92252936
16.98022221,5.55667613,-9.052327
-2.90507681,-6.3208647,13.92390491
11.9051101,12.52642722,-14.42482696
3.21872448,-14.70040797,16.40336997
-9.08039224,18.9204581,4.07884321
19.73634822,1.42781696,-16.20320471
-14.68866694,4.87580604,16.42559006
-7.68761346,16.81826427,-1.80649517
2.15726357,-4.59285902,8.55432659
17.60019882,15.61135277,-19.33482109
-18.22372304,18.52609747,5.70990831
17.43140929,1.05685499,-6.48013654
-4.9840197,19.96521571,-9.11492008
11.64072521,17.58462924,-7.61827264
-8.38236005,12.16708178,3.88089808
6.38415104,18.80129766,-9.76879979
17.26064519,-3.57467637,-8.25373667
-17.51635384,19.68873325,3.81913001
13.08979766,10.14826232,-18.36199521
13.14413844,5.08643576,-8.91294273
-0.15927016,12.80213747,-6.48735903
19.83114656,2.1213045,-8.75452916
7.39974181,16.03569206,-10.68449374
14.23819502,-6.51344727,4.99671989
8.07059111,-4.88795469,7.43851094
9.66104279,9.85563246,-13.26452454
4.8991122,-4.16635384,8.14592725
9.76891533,8.71212744,-11.87237151
-0.29838115,-10.20052118,15.73373556
16.82889923,-18.4820963,12.80134192
13.39333089,12.55592596,-15.04451158
18.51899632,-5.56332289,16.52436258
-13.40927828,16.63603091,16.69370928
-11.37957022,19.28700798,2.81709592
-9.83300835,12.6145953,10.82950204
10.31017853,-1.98549305,-3.17796239
15.22602779,11.31328895,-14.68546139
10.68941302,6.76009596,-12.60511904
16.02562675,-19.31009745,16.21168473
19.16876687,-19.62294128,9.50869692
3.69978376,-11.41228789,16.69306427
19.37517,9.21317825,-14.87231864
5.93583118,18.71024016,-6.08657207
-19.91174884,11.35591204,17.16584789
5.82191492,-13.02697975,13.57566705
16.94522932,6.53807398,-7.67134066
-1.47795874,-5.47541169,19.76119394
13.61943781,5.29509604,-10.30858471
14.42379074,13.40958935,-16.80920942
-3.01007759,4.12499408,18.96395485
3.64729477,18.61131267,-10.83913243
-12.31947167,7.54951104,16.78828713
-19.77031667,17.79027478,7.20015528
11.25917462,14.76119295,-15.83740359
-19.12367446,13.25402698,14.7690176
-14.41644779,14.10395678,14.72476324
3.9594049,-4.94909439,16.77459134
16.34622834,8.71478403,-12.86649683
-0.49612541,-9.83289024,15.70832364
18.36320571,-6.79092266,0.59646227
19.0218011,-4.6059762,-5.37268088
-1.899422,-2.77370885,15.00544662
13.1485761,2.18619852,-6.74286524
-19.95206328,14.08528712,14.48306282
11.99856811,15.53062155,-18.86514138
16.26302629,14.94107079,-5.94728192
10.40111953,18.03161804,-15.04048591
9.4846124,-15.26470128,11.32360855
13.59282219,-15.39287232,8.7810385
8.83878823,18.8331866,-13.98148449
10.18827139,-17.71730248,13.59937688
-11.60706535,8.60164136,15.11088532
9.69443873,0.86957736,-5.49968179
-3.66317335,17.55454079,-8.43930046
6.75960359,-19.16369551,18.80316067
-1.23611882,-2.80841064,8.92703603
12.47202018,-19.05050081,11.46586086
-16.57925289,13.64558656,18.28483069
9.1920451,13.07882892,-12.92181017
9.95486476,-19.69129512,14.38007565
14.6860633,5.52926041,-9.34271387
-7.86924197,12.3138965,2.39100034
6.11978795,18.41540142,-15.11074674
-10.06111781,7.60455067,16.07344848
-7.39023786,17.57154298,13.38204997
-8.7465517,5.90065819,18.70619787
14.42713888,1.03253743,-6.4336119
17.03467543,-3.47609704,-3.26455589
-17.12204159,3.64590961,19.13131188
-12.67411369,19.68197675,13.64810269
15.58324475,-8.46933979,13.57408465
-13.56858328,3.03989689,18.2472113
19.63820119,-12.97485077,2.6525656
-2.21594453,-2.08431248,18.66243447
18.52823009,-16.2393537,16.59461174
3.20398606,18.9645057,-13.17744782
16.60383316,1.27339696,-11.06731078
16.03022246,6.88032929,-14.1360921
-16.02086412,9.61879881,11.98842916
11.55333701,-9.9359203,5.29818387
-7.36410899,13.3355885,3.78301759
-17.56178351,19.42099383,11.77767285
7.32313429,-19.56093603,16.95886155
-12.38059082,5.83639291,11.22629937
15.0314254,-5.46424058,10.31466307
6.27589081,-14.81585083,17.65672124
10.35195965,-16.55784398,11.46159072
-15.46177078,12.55783276,19.23672766
4.04710664,-12.55644794,13.8654537
-6.7540037,17.01410237,-3.31136503
-12.2431582,3.97623883,19.47751152
15.86222494,4.97629159,-6.34258607
11.14042035,-13.33805078,10.58327965
-15.17634755,12.28960657,11.96547122
-17.4251913,16.43640739,9.69180669
12.19375648,-15.55308074,12.69276024
16.31080382,0.66052427,-9.85116605
1.92484233,-10.13386895,13.96887832
6.85600571,17.94790948,-19.20924008
10.84675521,-17.57697996,15.22339687
7.09806562,-11.28662736,9.66660151
8.99520753,4.72177364,-4.42161285
-7.92360944,12.53877005,11.73542652
-3.7614633,-2.33353093,12.52416516
16.36565631,16.53192803,-3.85419105
-17.60691191,14.12897006,9.24881854
19.32146707,8.18370993,-17.84438473
-15.95690834,8.87090648,15.8496721
1.41995707,15.75468772,-4.62759363
-5.42664818,-2.00517135,15.20565536
-12.51233914,18.25886386,10.50608668
-13.96817299,6.87985598,19.86914559
9.26192782,15.33822797,-17.70973708
-12.33509748,17.15336525,8.11183368
17.95058667,15.37216151,-12.52855247
9.86966494,-6.61088129,4.48077766
-15.7040096,5.36367811,18.26866828
13.32015837,-6.6941444,-1.49111183
4.38985002,7.01053655,-2.43391127
-5.88409993,19.45412226,-4.2493258
1.31911523,-7.77103436,15.84045336
4.51081747,-11.99023173,16.88020882
17.29474466,-1.70213863,-9.70430252
-8.50130901,16.37520929,-3.04465417
14.65416527,6.55348879,-13.61614421
7.58288659,-14.08729321,11.22005695
-11.8238116,-0.07775456,16.7365643
16.64933891,12.23909351,-15.28540068
-1.46719679,-3.80964502,19.70722364
-5.56785499,1.68564807,15.38629849
17.61154815,10.12486401,-14.03327592
15.58173148,1.13889933,-9.88344403
13.40819758,-7.35762437,-1.08972212
10.25287099,9.20883016,-14.4960766
-3.94633102,-7.44489269,18.2999011
-10.77009301,2.06157153,14.31337336
-18.27427823,18.4405816,6.68164417
13.13652793,16.78157625,-17.66898935
11.4142636,8.52681404,-3.01930703
-16.13094924,10.81670559,15.93816352
14.8213214,0.66139799,-3.90099294
19.85079571,-9.04191315,10.75821982
-8.31016591,11.00824416,19.8567592
16.41269589,-10.64095482,2.98034637
-5.03014723,16.33467076,18.68615298
-15.4037639,19.0799704,7.45857659
7.64767632,17.45185148,-15.33022393
19.31303458,-10.17431588,-1.80499584
13.053877,6.28467982,-12.16092499
8.38959795,-12.39373155,16.58449394
-1.41790085,-6.64138229,13.23775344
-7.51911054,2.80020705,17.58315957
-2.4705067,13.44298984,-2.78614448
19.24543664,-13.73364887,4.70579091
-14.1608033,9.66231549,14.66522782
0.72460673,-6.37927502,11.57323055
-12.55376768,7.69563304,16.99860407
-9.58703478,13.92284625,2.39238781
-12.84778756,13.03709234,9.31908615
17.58714303,-6.7096105,-3.54114449
14.51227324,18.51072052,-12.38272918
9.83516067,14.50692505,-18.13103753
7.50245237,-15.64349142,13.09394856
-17.60516375,9.46764296,17.37487933
13.3443977,8.51060859,-13.07519166
-7.33072287,10.05799015,4.16210614
9.28909382,-13.45719399,9.31548648
-15.10773006,17.69178535,11.10015051
-1.58682662,19.39442464,-6.93285774
18.93628043,4.64296316,-17.54977768
18.11689011,-5.39930103,-4.94982184
16.00869015,-19.15101552,14.96581767
6.80234733,12.59745192,-10.21074186
9.65392446,15.04650908,-19.68156657
10.16516903,-10.99820292,13.23895043
-9.48273097,18.04348817,0.4097251
-18.44147816,7.22780253,17.22643806
15.16816398,8.11971007,-11.78361678
15.73721417,7.49090372,-18.4000271
16.49840818,-8.72900071,-1.19230355
14.96818568,-2.96319688,-6.33141458
19.19232336,-10.18398776,-0.85171363
18.35854606,-6.15330276,-5.66779232
18.77898021,-16.21030193,5.04186466
18.62534693,13.12641494,-17.6215526
11.45299083,2.62400953,-3.79788596
10.3326583,-8.8317723,18.73576317
15.39132981,-18.03659997,10.28549939
-19.18707224,18.63252602,12.3049739
13.64871266,14.43648079,-16.39268677
4.97077271,-12.59371984,12.35232722
-15.16221336,12.55140653,16.60358877
-18.61066713,16.79678157,8.90000249
11.15840624,-15.52945577,11.18527331
0.86166699,16.54339229,-7.12123455
7.13147281,-11.40350734,15.79465905
12.62567235,-9.96083744,17.59328526
-19.99146924,10.25488141,19.49451387
5.42652208,-12.08649059,18.34258939
17.1501957,8.75360611,-18.65280457
9.8532613,-13.56394701,12.81545882
2.31720516,-8.90144349,16.49408949
0.15259219,17.69964421,-12.06213987
16.22201369,6.49894424,-7.22390394
-19.61574532,18.88811221,10.4446614
-3.26622696,-4.15402612,17.92625065
10.18155766,-17.93010442,12.14619751
-9.98354733,17.21140956,5.7942259
11.33705484,-8.70250139,16.40206126
15.74371047,-14.25525966,5.31087434
-6.63044919,-3.92803496,16.01706047
15.31181948,8.96671489,-18.59640767
-16.06468468,17.63344147,19.01612771
4.83151104,8.04823628,-7.46718383
7.49789394,14.78258509,-16.46212869
-3.89512074,8.78972552,15.83812576
13.38108231,8.09927494,-14.26356475
-3.52179898,-8.38633875,17.3443362
16.67177535,-8.4905989,16.31577964
1.73397697,11.67022544,-2.74801871
1.63860003,14.24043345,-7.88391474
15.79405557,11.1240334,-17.44932709
18.12766673,4.30917704,-8.09849495
17.26307964,5.60771017,-8.99879892
-3.48109938,19.66880019,4.62647682
-13.46877033,9.64938406,18.49600424
-19.45173876,17.14422067,6.71940433
19.18024612,1.43195462,-6.82657013
-8.23630994,11.69087017,11.62832571
-2.60199039,-5.63186812,14.66406676
13.94998728,11.84683695,-15.37261125
-5.64682465,-4.70175005,14.83414845
18.73208854,-10.8812513,4.35172743
15.40530806,-1.111648,-4.54592664
-10.7419398,2.02382075,18.36948238
14.0554721,14.63191918,-19.04671705
-15.39912877,13.03100982,9.72292737
-15.53698379,19.57818539,4.00089133
-1.74331849,19.27125902,-12.61180797
-14.36759724,18.73859178,8.5997196
10.54201155,-0.16078447,-4.1567641
-14.870315,13.86518787,8.70995037
10.60811407,3.97881002,-8.9787221
-18.23073556,7.95310117,18.91607793
-10.86808791,11.42909901,16.0872946
-4.46117926,-9.46911068,18.80201629
17.89194779,10.76218837,-14.64942056
13.67574701,10.7425839,-16.95011811
-17.68783521,5.14724896,17.33587201
-12.09307166,19.42793032,-0.18678576
15.18824731,-5.25022812,5.54690541
-11.16515546,-2.8228504,19.79837022
14.03221541,-7.9395933,0.22506244
19.50197541,-7.65482657,-1.48850923
-1.74540117,-3.98408431,12.78102006
7.41827972,11.6920788,-4.52386185
13.74616583,-19.32315841,12.88571974
-5.15864251,-3.96002298,19.81507945
10.95152191,-6.26479295,2.55823228
18.86615333,1.04293041,-10.25402608
-2.64225807,-10.20759385,19.05550046
-14.48549369,5.65213289,19.89213015
-14.27945412,13.01917844,8.3061939
-5.95755358,-1.74823186,15.2630974
-18.96312618,11.99212234,12.81050953
-10.78782723,18.20639127,5.74573605
-13.28378194,18.37812066,19.00851877
17.0097297,14.87399257,-19.49182554
17.40674811,-3.51208655,-0.18981661
-16.46612435,19.98044871,6.7946998
11.90322449,-7.36776244,18.79580771
13.24340287,16.58329716,-17.77348816
18.21423388,-5.58159625,-2.66019275
11.90675139,-13.55183934,13.08087481
18.0503962,-8.07430153,0.73526407
-5.23218122,-2.3265247,14.50210958
-1.1616782,-9.13285695,18.02076419
13.38752837,-10.7459387,2.32743333
11.50369478,-9.57110514,16.59837736
4.1804284,-8.55613568,16.79436751
1.11680371,12.9117348,-7.29115099
12.2080607,14.1682941,-14.79278632
13.82729871,10.61211818,-17.57331352
-5.97524490e+00,1.28507286e+01,4.72689273e-03
-6.01117161,16.2644604,-0.23607756
12.08435191,-16.12317316,9.61868974
17.11859292,-4.83483908,8.25042409
18.57947635,15.88067505,-9.9621987
13.13070011,17.38218085,-6.03296185
14.41817624,9.76798318,-16.30241696
-9.71863619,5.42144661,13.6885004
-5.91511276,18.39634956,-6.77865955
9.15659833,-5.47612499,9.41793718
3.91743618,-9.64199185,10.64257725
17.2462908,-1.0858885,-10.09535731
14.57185817,-13.26380328,14.89171509
14.31614029,-6.58937361,4.76558162
12.32860946,-18.97191042,11.2533243
4.13588107,-9.75551431,19.94153431
14.55617105,4.93478118,-14.49038139
11.09016921,17.78304855,-15.48194752
9.95918148,1.83106659,-4.97331534
14.01806824,11.41612392,-12.17595277
4.18171154,-14.31542707,16.57386922
17.06915198,-4.36581643,5.85615696
-16.89743915,8.2159141,15.77166522
12.75324496,-3.40329423,-4.92432614
15.84746044,14.98355044,-17.98329204
-9.0777136,17.65869879,2.17165341
12.65283275,11.95759169,-9.61527591
16.61271768,5.46727452,-14.92203283
17.60317188,7.83601692,-16.15613699
-6.37856331,17.78814297,-4.09363549
7.24627489,-15.48082255,19.73759709
10.82394074,-18.79814518,19.21845662
17.22033257,-7.6360377,4.1744253
-11.74684382,14.78620152,8.85050642
3.45797745,11.60762957,-9.13835757
6.01274494,-12.02650157,18.96300854
-4.00348974,-2.21409096,15.58580305
18.91850501,-14.72792242,13.08195686
17.30004293,-15.52278688,6.8410436
-5.70555286,1.00296526,13.2575359
14.0664265,19.83157305,-17.44654324
14.3618145,-17.18790242,8.95422773
-11.88148514,9.07246623,19.1737286
15.70748554,-8.83842542,4.43069271
-11.99553143,12.57458708,13.44784606
18.15422383,-11.681145,-1.97396832
9.39119207,19.04989498,-16.51291662
-9.11783934,1.85847877,19.08758515
-12.04867455,6.04133246,10.44002044
10.63847039,-8.43522431,15.64907518
11.83780879,-18.50384108,11.51706414
5.45547674,-12.50880079,14.50792569
13.3141514,3.05849577,-7.67079616
10.69795215,-19.20165319,13.03062171
18.47679193,-8.36255062,2.27473024
-2.41253143,-3.0625513,10.30690131
-11.87491629,10.37553744,14.71147662
16.55631182,-16.90550933,13.7272736
-2.34675251,15.54022457,-8.31680313
-7.23891898,19.78097869,-3.91527189
-13.94781693,8.94245692,14.17275587
-1.79378103,19.13957293,-2.90453405
-14.60319172,8.68536501,18.43990666
-8.53324768,16.59317933,-3.62046021
-16.82449407,16.06674702,6.36198157
18.67922441,-18.53935168,11.09922932
11.55611755,15.37733611,-19.43033194
11.89245166,-6.5049888,3.06088303
5.78405714,18.16148451,-17.85349878
14.96950147,-8.48438728,3.85986431
-19.20801454,10.36946085,14.67285831
-14.06105283,11.12148938,19.27454427
14.31713023,1.26910025,-7.73855759
17.13157189,-9.09689631,5.51000637
17.06192621,-19.75522488,16.57768358
-1.89775799,17.22457386,-9.55784795
13.44515191,-10.3319372,6.68794568
-8.84900877,15.2003442,14.73044303
12.79252115,-17.35193951,9.73318312
12.30698977,-17.40007042,19.53585728
-8.45887163,2.12175581,12.37682447
14.42506069,3.38585111,-11.2891941
16.93974976,12.25501703,-19.61876153
13.33147215,4.61294145,-10.15956652
-7.66398896,17.22632414,-3.86400281
-6.06909837,19.89119934,-3.01839758
-19.33728843,17.5410274,14.03305583
9.84434021,8.36063756,-12.84779939
-4.81489521,13.48713867,-1.0649623
13.92209591,-16.75076171,12.97916042
17.18257223,-11.07691107,-1.54080695
-7.60164222,19.82761999,-4.06984098
16.00969734,-15.77529345,8.74728773
10.59724854,-19.43379693,14.65633661
13.49529925,2.73252204,-11.51803015
-4.14401498,-6.73483891,17.15379653
-16.32256405,6.10783945,18.8843136
0.0374337,-3.30105357,17.69295301
17.89133169,-8.50724395,-3.87194826
-3.88897822,16.76162537,19.58896379
14.3525317,-10.96431908,4.16135726
18.56783963,-10.51578633,-3.3828876
15.78635826,-18.27961393,6.97112321
12.80873122,-9.38308029,3.0579196
3.48022362,16.39017832,-13.25356415
-7.74680324,12.58830105,5.41927115
8.68058622,4.76578784,-8.57168938
-13.36251406,17.87057924,0.48162991
17.44751774,-19.83115871,11.5095441
13.70825247,-7.30911791,14.49504609
-3.7810333,18.46744883,-3.09837587
-6.56700958,14.21555162,-1.88908528
17.68569392,4.06674132,-9.4120843
-2.65889476,11.92220904,-3.75518176
-19.42619958,18.413209,5.5215615
-19.47616206,12.31607241,12.69057738
-4.25394535,16.73404004,13.66186121
5.5945376,-15.86236861,14.72058426
0.03121065,-13.51584779,18.34705316
-13.07171405,10.56012815,8.10434538
16.21369758,16.60505904,-15.87259699
18.62579722,-12.36914954,1.60143471
14.85015098,-16.07585176,8.11621336
19.65402819,-8.08928832,3.29647336
-9.75984516,15.88992652,5.57690359
0.78904233,14.45524377,-6.71327963
-3.6905061,16.21562621,6.02778409
-8.3083514,19.39050629,2.84434851
19.22741477,-6.5266939,0.27179697
13.29261518,1.7755569,-6.87498902
-11.63678456,0.90982682,19.65030622
-0.80410507,18.13250407,-11.30970445
17.04751388,-7.77205688,4.9076999
16.18010665,6.42005048,-17.35584068
11.03453465,-6.74291464,1.88107445
-19.12889042,14.38403337,16.79130948
16.88868061,-18.6857578,12.67371874
-11.05373359,2.83763352,15.22486071
6.76564613,-9.43629931,14.61100138
-2.74201789,12.52404402,-0.62734493
5.88083863,13.78993106,-4.82207791
-5.87295487,-2.1398688,18.5800191
8.6026325,8.40038776,-12.02443715
18.27127162,-8.86850617,6.79970803
0.48842976,16.64064511,-9.24559448
18.46102012,-8.9949242,0.56808879
1.92947901,16.25277853,-7.76998834
15.20900875,-15.72954557,16.07554772
-4.68861153,18.54091903,-7.89677272
-17.64305396,14.6393521,8.14687945
-4.1185219,15.83704935,-7.07731708
18.51759433,-7.17299075,-6.37800972
18.50457149,13.27355903,-12.7213227
-14.8461204,10.63568257,16.25257475
-5.65607279,9.95936989,5.68051873
-11.70717822,18.77222281,-1.79062375
-3.12431885,16.52850056,-3.46569482
6.26240948,16.08887245,-16.1103085
15.39494728,6.87403446,-15.00569777
9.74478781,-10.71756338,8.1064787
17.03745813,-16.14216559,16.0939212
-18.26713529,10.30372471,13.0840538
16.20242824,17.03647887,-6.99380568
-2.73837775,-3.69372707,13.49677037
19.79051477,-12.77886456,6.98033896
8.0816465,15.12445419,-18.06913624
-7.55414616,6.90723501,12.06947956
-6.56649768,19.25333529,-7.9878593
5.30144267,-11.24990125,18.96037457
13.72598676,0.11333869,-5.73617882
-5.01844176,18.36373848,0.8630305
-2.21717534,-5.74909369,14.60332962
-19.63409278,12.16265002,15.70382418
6.60278261,14.09551727,-13.19222662
5.18009345,18.86294271,-18.04318398
19.97176232,2.25118221,-14.62749477
-5.25835688,8.31652544,2.22180292
-9.90684187,16.41784661,7.82905923
-8.80179487,-0.41559437,14.40050115
-9.89323546,-1.3731986,18.0942356
10.39465025,6.49987883,-9.33844809
12.74421209,-0.80051114,-4.04541497
17.32359868,-18.18644638,14.05963482
-17.37757651,14.90988445,9.25607588
-16.02070286,9.55665118,19.06068447
8.17716963,16.15804456,-10.4623495
-7.84398451,18.13367899,4.34117579
16.53295161,-12.62925492,0.97598804
13.30408865,12.31432962,-18.4269936
-8.25982866,19.14144566,-4.15744275
12.27881053,-2.54724375,-4.60723929
18.93236818,-7.54443071,-6.48290999
-15.40752099,17.98383867,7.77086463
3.52025559,-16.91742675,18.95190037
8.29998677,-9.79131354,18.16097099
-11.17401934,15.40735724,14.16629512
10.67357322,-13.7870632,11.73054423
12.67223219,-6.81120834,8.82682924
19.8109831,-12.24190042,-1.32517483
17.58968147,-7.76245851,10.54709581
-8.02847664,14.13585308,8.78693488
-16.89099944,16.69508442,13.15914866
19.74326181,-8.2989864,-0.61638596
4.5892231,-9.20346071,14.71632104
19.24076537,-5.33143835,7.87083311
-13.44283694,11.57746347,15.24936851
-9.45721785,-2.41940708,19.06458144
19.34031718,5.31378883,-11.75874504
15.70202455,-0.8185486,-3.65385014
-9.78955746,1.43139724,16.21689816
-18.6692582,11.9989465,18.16335724
18.97574431,-6.66970383,-3.31936776
-16.78536795,9.60870937,12.69171735
8.01748985,-13.75000293,10.78890624
18.26063115,8.48378631,-16.03918131
-12.05024557,-1.25399965,19.18259803
18.6775165,3.61707481,-17.86661606
3.96620632,7.09473508,-4.03599441
17.62078708,11.50853329,-18.71208107
-1.04844114,-7.6068353,19.84381476
17.97530511,12.49942101,-13.57235732
18.53101899,6.18783611,-8.46624893
-7.53738951,16.23485731,10.98181608
8.52739408,8.19764611,-11.30957187
10.19549823,14.58546736,-19.24594204
14.8853357,7.64783328,-11.10420689
16.01391162,-8.70615709,1.69781837
3.62683859,-8.78808332,11.28776551
17.44208198,-14.05534955,2.53374368
9.84876455,-13.78152446,18.27052247
4.55964561,18.19151657,-17.02417614
5.96683248,-12.52021375,14.34570703
14.78270287,11.97053539,-17.22711171
-7.67352144,1.94573365,16.614826
-16.4244808,13.7321049,11.07377339
-6.58138188,-1.6966077,13.66425591
8.82543462,-8.4484389,8.94229647
-15.56883277,11.37377167,9.04150418
12.94169599,18.33284377,-18.3164954
5.60485659,-6.31521934,19.61038922
0.88659824,-3.28985733,19.25918119
16.62248982,11.73496247,-19.04599153
-2.97427682,16.69136862,-5.54765547
19.25518234,-0.86122249,-2.39173173
9.64122024,16.97632816,-13.83013856
-5.07568901,-2.58450895,15.56535239
8.59139821,-17.05388345,18.43228136
8.36343183,15.93792347,-18.69723188
-10.05559952,-0.69482228,16.86975711
8.71009544,13.57449403,-11.01844312
11.108331,-4.95138209,2.49639841
12.37189414,5.81871182,-10.90130949
9.88150347,10.59992254,-14.39479907
18.26082237,-8.11632968,-5.07173674
-9.8503786,17.66288974,3.56500175
13.28394975,-16.33813056,12.00510378
-9.47492025,4.47707828,12.10913266
-15.38993066,17.11719195,9.01593838
2.21342153,10.94473139,-5.72199102
-15.88395651,12.17407998,8.44113997
14.09022086,-16.15233515,9.49669542
-11.3418579,8.87666725,11.31388202
10.64365953,-15.65135647,17.3042473
-12.33017315,8.58714392,15.35049738
5.97009786,-14.9316607,13.71556457
16.87845013,6.52572813,-14.77154313
-8.51845959,2.44991166,11.90035959
-9.16013204,15.9198677,-1.93367813
-7.1757815,19.99483018,-3.39768705
18.27010694,14.03292698,-17.60371706
18.88124007,12.23782096,-11.87606909
7.20327521,5.29332169,-2.34040305
8.94871031,-11.7078949,7.59706602
10.38064877,7.39751712,-10.31983659
16.10939468,10.59802135,-14.21560523
5.12207298,16.8011098,-8.02316722
-0.31111319,-2.71382499,12.25573974
-17.02047397,16.79583357,7.60350072
18.89013937,3.03400492,-10.86577745
7.82744286,-17.34673634,19.77101042
1.03261206,11.17474644,-6.57409853
17.67498821,3.45578727,-8.10069493
-5.76466473,-2.89943926,16.94874749
-6.93542557,5.60685093,9.66355782
12.59109847,-6.41846395,6.66394902
13.38978298,-18.04555127,14.5120695
18.85183109,-4.11666777,-8.54496074
-9.93388285,13.87574381,4.55479856
6.00561411,-14.40430687,13.60119111
18.69614926,14.00192054,-10.01234035
9.14453597,13.09607359,-16.09018408
12.80466513,15.205779,-13.07015463
16.23962612,-3.22372674,-6.09739388
12.71466905,-18.15801492,13.07212889
15.78210863,-4.32826497,-5.35996812
9.25914368,2.99854832,-6.33150118
14.14269895,-6.55912489,2.45428868
11.95245859,-16.00961946,13.73621509
13.0545504,-13.86701693,9.03649831
16.38648209,1.73739346,-12.27656684
0.13458602,-10.71282008,18.82246443
-9.92204993,15.40377063,7.32454988
8.23594242,16.8840144,-10.54034288
11.85729195,16.01302085,-19.69383788
19.73251188,-11.35434557,7.91852292
-7.20849769,14.33226852,-1.17070733
17.02655377,-14.21996922,7.39344105
14.45117568,-16.23520705,10.99467851
-2.25145063,11.88917413,-0.52648795
6.7725311,17.10347956,-11.57004308
4.52046547,9.41122244,-8.68016911
15.3473071,-14.4355427,9.59746236
16.13326769,-1.63259528,-9.19043044
-6.19111495,9.00656931,2.33937186
16.4155463,1.44077894,-6.50689773
-6.58842315,-2.24314741,18.04592133
-7.08148959,8.2562741,4.85947274
-5.81892943,6.48534918,15.94460939
-4.66823853,14.91565803,7.11518245
7.78569067,-12.06287306,14.79292335
19.418181,-4.16152287,-4.77358502
-19.04043943,14.77832265,13.69573954
14.17617408,19.35264676,-14.54334938
-12.07761628,7.45503924,12.62960408
-5.12692239,17.78630017,-3.77145292
14.11431299,8.81588121,-16.45131319
15.63597966,-3.20752399,-5.94678919
-8.40019274,17.85085444,-1.12906602
19.29938809,6.43311369,-11.2877863
8.91539437,16.43876444,-15.15370274
-18.39978002,7.90953245,18.56113496
9.42088253,-17.44181828,18.57868081
-7.22839581,-3.35503266,15.55936675
13.46160048,-16.76444992,19.10527979
18.27024198,12.475018,-5.92901353
4.49085439,16.49576274,-12.86347683
-7.39608592,-2.83839964,14.82759988
18.6836104,-0.70180328,-7.85687521
-19.17093671,8.2123773,15.74655548
-8.1182874,1.14070658,16.38860025
15.7829776,-13.02411045,3.58924155
-8.19019417,19.18862373,0.02971176
-3.54235339,17.41722673,-5.07953248
9.85748482,-1.14363738,-2.77603267
-19.60552645,16.00473076,10.5825506
-17.83473766,14.97413137,15.30328864
9.02794169,-17.73827006,18.20696283
11.66846878,11.00290078,-8.36842899
-13.39461101,15.57988486,4.23650262
-14.98156037,16.93996077,3.73648503
15.92878403,-11.95744744,5.37937971
16.87834617,-14.03529919,9.33666973
3.15051736,-5.13440308,7.24080714
-5.47069415,13.05386641,-2.64841902
11.06243421,-2.60043051,-3.57993424
-9.52407962,2.10188893,12.4741186
18.99606904,-12.59398335,14.29422903
8.98244327,17.2641296,-16.52026434
-12.52440851,4.09616525,17.654128
10.7067763,3.52533083,-5.77851561
10.40986347,13.71669179,-10.31278891
15.09934991,-6.19949725,-2.24470747
-5.68749631,-3.35178212,17.72997593
-5.568382,18.62583513,-5.40182766
-10.83407373,4.87968594,12.66589405
-4.99999412,15.05764636,-4.16089542
-17.03236282,8.60867474,13.00206558
10.29408773,-12.62832971,19.27559044
9.96804862,-16.25160219,11.9284559
19.04854657,-18.67482535,15.29068488
0.86396705,18.86555204,-12.93278581
10.27758564,-15.08977577,13.59577671
10.79706559,-17.13654244,11.40576914
19.53525317,9.15255981,-14.9545977
19.45002348,3.95999227,-16.57688128
5.10453669,17.02019521,-9.09952831
-10.69032967,7.28613116,8.26176383
-10.63254538,3.94642294,15.99413884
9.2479939,13.40665722,-16.2713511
-8.97241752,19.00615654,4.34250152
-17.43244262,5.08752768,19.95137276
-9.78610066,16.87563216,8.45992002
14.44343789,17.56683912,-11.8994583
-3.06428169,8.98412628,14.73556331
18.87931842,17.44960503,-13.98959704
14.99621645,1.67523059,-4.84298793
-1.3416553,-7.26396102,19.29889311
6.63493727,-7.3005759,6.19792404
-16.60429913,16.6135509,13.47488428
-17.09613717,18.1381318,12.18986836
13.94128218,14.91313577,-18.45976523
-6.41661246,1.05092402,17.93663812
8.21161347,-14.8221325,15.43963178
-10.54283482,15.70665839,3.29085731
-19.63183022,13.87239958,10.16363671
7.44757268,17.55266508,-19.57830409
13.61390273,11.96367959,-16.85584604
-0.61276282,-9.2854352,15.91397267
12.92531368,12.73626447,-19.97673108
16.15649211,-11.6860184,17.22739976
9.20500936,8.85553157,-12.36106677
-1.06326938,19.95080938,-3.63168641
-7.71780179,19.58064143,-6.35704604
5.55783163,8.11538164,-8.57275847
15.29958564,-11.01765911,5.35780079
-15.18614814,19.28712764,6.18489874
16.17796834,3.41558951,-6.0053796
2.79872696,18.71370342,-13.51208819
-7.71272897,19.29735411,5.00174967
19.57775517,-19.84442792,8.9073959
14.47254832,13.08094711,-18.02695385
4.45862321,17.13168231,-16.58624816
-5.30182031,1.71987886,13.62151488
10.27869438,13.28847476,-13.42116174
19.65059961,-5.76949028,-8.65940862
-17.18903412,13.13067638,15.43374973
-12.66789316,13.31816372,16.13517347
-6.94532566,2.03998242,15.29012547
-17.40712591,14.10698525,11.81399889
-13.58706204,16.98010946,2.84289998
11.23053985,-7.47521126,7.5646671
11.693499,-3.67917169,13.32344918
-5.69259723,13.91346521,-0.19751797
12.658556,-12.58185353,7.7752532
-3.12522667,17.23504245,-0.25785989
-3.17300003,-5.72636556,18.91479046
8.04807669,17.78446968,-11.45521012
11.19281222,-14.65902855,11.35482067
16.77267017,-3.39473044,-0.31540778
12.44842248,4.07098686,-11.44079902
11.4785179,-8.69418606,5.21967964
13.32170923,6.4087111,-13.82752238
-2.52227541,-6.34510934,19.14331434
-17.42866323,16.1733891,16.16727884
-18.81150119,15.83254937,7.62039721
8.86535147,-5.63979565,1.77737982
10.57487014,2.2567719,-6.7771382
6.8699445,10.27679709,-5.22506857
19.87256431,-10.31706136,14.19430397
5.19480135,-10.80770962,10.15212652
-6.26445689,19.29938295,0.56794742
-1.75188789,-3.08214819,13.64385484
-5.21877007,0.42321138,18.12160806
8.88926868,-14.63944157,11.72174037
19.5854631,4.1826641,-8.25843504
18.45351876,18.93080432,-4.59950866
13.43945366,-5.88023414,2.00408361
2.2338553,-5.69764382,13.06757979
-2.08201583,-9.96765956,16.86328152
16.16744653,-18.6319879,14.35580096
-17.86846929,18.36660257,18.18780308
11.80342642,-10.16608402,8.86844012
-16.27112792,10.04252476,16.71342876
19.67541728,2.28514675,-14.15368482
12.50213881,-19.66870139,13.03133785
17.03219755,-6.95123561,3.66350739
-19.68442259,16.99764826,17.09029944
6.66032604,-13.89368259,19.74469402
9.7277118,-14.65521128,10.41015347
-19.49295718,19.82392155,4.43841935
-19.01873171,16.92396135,14.028825
-18.89224158,17.70581871,12.74564837
1.0929052,16.29763239,-4.97073137
12.91708858,12.46084862,-16.84075496
11.9650352,-9.64839913,7.01525367
-15.45672443,1.2211815,19.89954846
16.54057726,5.12344632,-7.66195154
14.41552787,14.94771341,-12.8153505
-3.86830084,9.98205274,0.67646116
8.84772279,16.02247995,-2.86253367
-12.32026853,2.10168633,16.27204606
17.89508389,-14.15617751,3.1415561
19.68806322,2.14265544,-13.72675164
18.32106155,10.57984935,-19.3150721
-9.45632161,8.99720729,6.22339006
-5.66760397,2.6161756,14.0374489
-11.21558131,19.39671242,1.50065868
-11.22027467,4.29823724,16.36104734
-17.6007492,7.85374182,19.18352053
14.53623107,-2.70218769,-1.90557908
13.65590022,-18.91292911,11.34064802
0.59618567,-6.83316266,14.06746292
-14.31452287,7.54407152,16.80650491
14.48984196,-19.80518417,17.24375107
-14.51329959,9.2630365,12.83067939
-9.61158048,3.17953873,15.64348992
-6.61856238,2.48704889,9.41961781
19.18439165,1.42130356,-15.53015958
-17.25664591,16.07500709,10.05932731
8.20033841,-14.14504379,17.22874119
7.91743424,-18.23930125,15.85392753
-18.6897923,11.74157225,12.31976539
-4.65071478,15.57942608,-3.28688774
-15.8442258,2.5829258,17.67684153
-9.27140528,9.29052502,6.16360695
10.41301588,10.75329948,-16.29608659
3.59599446,-6.57232893,11.59496029
18.88267938,15.61279678,-19.69470726
7.29639932,14.3364825,-4.48449604
5.34705602,16.92164641,-13.98031631
-2.23529652,-11.60358528,18.86239286
14.60224798,-8.0852277,18.04121844
11.30654239,19.27372252,-7.18766443
-4.74371667,11.05711783,13.63612765
-15.81470595,18.13973525,11.06399238
-4.55363424,19.17155859,17.5452597
-1.12634186,-6.24612726,17.19678568
-11.04982043,16.62733421,0.65900189
-15.04762913,8.32826908,11.13317057
12.34369744,12.98589652,-16.44020843
-0.30859569,-10.65790824,15.46014091
16.67947379,-6.25049214,14.08251807
-11.13426531,19.39747188,6.71504173
-2.57461891,1.70244909,12.65355103
-18.04282439,10.5369226,18.37281555
9.605273,13.99698241,-13.44398245
12.080894,10.36359652,-14.49278867
-19.47289102,13.55658577,16.60427972
-12.3815908,7.95013788,11.41429061
-11.28806643,14.54121198,17.3591355
5.34940762,18.68432407,-11.33003738
-10.26134477,-3.04861285,17.78219973
7.07620725,-0.87653247,-1.79796712
13.3431894,4.75784479,-11.0581911
3.38166861,18.04644033,-15.43825205
-17.05028765,16.65844712,6.62500726
16.24218405,2.09305574,-10.31823752
-13.16362191,15.93996439,17.16268256
-3.90898803,14.87343495,0.34996646
18.1768174,-4.00595539,-8.94516654
15.71735287,-4.51280293,-4.20856282
-6.13338957,17.01185475,1.21159313
-11.12456004,15.88465776,0.08408453
-4.51867008,-5.60568885,14.68215906
18.20680269,-5.74709566,-3.53873392
-4.9512365,-4.04460847,14.47511102
-13.93511675,19.83644228,10.22693919
6.60315863,-11.54592425,12.04808937
10.29610197,16.29299214,-16.81044562
-13.48577435,17.77067402,3.14459232
15.41811757,19.91556357,-16.68048181
10.13939109,-14.06377913,14.0805262
5.95122013,12.47492161,-8.86192904
-4.17651183,17.19215418,-8.38399429
-5.79799996,13.72682054,-3.19769485
19.54610259,4.18131834,-17.06233159
-2.07247671,17.05782034,-10.34835661
-17.54221002,8.73358299,19.01700765
17.30597999,-3.81661735,-8.37783412
-0.83710427,9.87410987,-3.42671804
-7.85399448,14.78284595,2.27430078
19.29548233,-5.79379065,-6.26370477
16.30469672,7.42296738,-18.58691299
-6.3416842,13.46788359,11.75354712
-17.53278033,10.62455541,11.45590148
8.75831653,15.08234078,-18.96601316
3.29778879,-8.54488513,15.92422239
-17.92666871,14.79489839,12.31450916
-4.87490763,-2.64062352,17.63780679
16.25520469,-19.46269279,16.1312593
9.44734857,-14.31431577,15.11758848
-18.08972844,16.15811221,10.76827905
-11.02960205,8.49291133,16.7732998
9.14309164,13.49499091,-14.74217261
6.34451925,-11.52954897,17.6616234
-8.16574016,0.03624655,12.97538679
18.93552658,3.55228093,-16.28718073
17.13350521,-16.5636124,3.91317813
11.95554889,-6.62228363,0.65666787
15.3813037,11.19933694,-18.40184328
-2.94664831,15.74111146,17.14006137
18.90812218,10.12599897,-3.8502662
11.53940365,9.42025176,-6.32075465
6.51298516,13.91323387,-12.31682926
11.29676234,-1.78019806,-3.70806126
18.54965815,7.45782528,-12.39697681
18.85665314,14.46413503,-19.32642843
-11.90451281,1.47822276,19.50632734
12.5987041,-4.26312352,-3.81039259
-6.83313134,15.83777627,-0.6171672
-3.71202301,18.56847441,-5.87885257
16.6263527,-11.71909753,2.39713379
3.24725688,19.9269735,-8.55542257
13.91520238,-8.98780589,5.49929284
7.50743956,-18.14374093,15.57616326
8.20078109,-11.85045035,10.6173275
8.72033458,-14.93179524,17.90322797
-8.38839007,13.39902025,11.8410848
12.08861684,-19.64985312,14.7423081
-14.20628023,17.78368303,4.25246648
-19.10522661,7.50941927,17.20858331
-10.06327969,8.16567887,10.10254684
11.44211982,-14.97716906,19.32189122
16.29570629,-11.26440261,10.39548287
-13.02620101,15.24236722,5.86589081
-12.00418748,8.47380781,7.96529076
14.39214306,-13.50356267,4.91077949
-8.20145273,16.10278828,19.15149744
-13.01160735,17.63758795,17.35125152
3.5598477,-14.11502874,18.28492509
1.46401157,-8.66857256,14.10484138
-16.05547472,18.19762117,4.35921003
-1.01982310e-02,-2.83010448e+00,1.86063026e+01
-19.35017262,10.85163511,16.9224967
-13.8186512,4.24599967,14.78474781
14.73490731,-9.50472607,8.32610043
-17.64716598,11.57730719,14.38868297
12.70591901,-15.92867815,11.83840221
15.34989897,-14.1473256,11.49811148
-9.23172209,15.81164205,-1.15978633
1.00047829,17.88019954,-5.58736599
16.9071607,-2.91746332,-7.08413728
19.32748462,16.86472452,-19.89630466
15.42618382,-14.53667103,8.16143501
17.6729673,-12.47527266,4.69220022
-18.16548205,3.35384166,19.7993795
6.11087539,15.45927401,-13.07994865
17.8292492,-3.6074551,-1.32492243
-12.41801822,-2.80087754,19.98278299
8.17204808,-18.08059262,16.09399513
-7.51841352,3.72269903,18.75060627
-7.79023168,12.3130425,0.64128986
18.67506531,-19.40919479,16.30263015
16.04671197,-12.70711145,5.85960395
18.566159,-18.82468029,7.92052853
15.3187858,2.73519724,-10.86956601
0.30924802,-15.38771121,19.57895901
18.84946611,11.72219088,-18.8710288
-3.2277901,-3.76566598,19.19517477
-17.45571975,18.96826857,7.17972187
13.14556499,3.17784701,-10.8644791
15.7025557,-4.6221709,-5.37654251
12.66744004,-17.15557701,12.21991663
-6.79672154,10.2506943,4.5771388
15.55801331,-1.11108639,-4.83691514
-18.36202064,16.4652245,15.79193933
-2.9305124,18.36724114,-4.26154364
17.05681288,-11.13978991,0.69850648
2.16371012,-7.34601916,18.70368677
-7.47377926,17.24191423,-4.45256714
19.9108603,-18.76838404,4.07870869
11.43984863,-9.55785774,16.29277738
12.13870104,-18.81905991,19.75960529
-7.73192773,17.66158595,1.57145881
10.17700378,-17.04036503,13.18077262
14.00237736,-8.76348686,0.47751223
16.89150323,-4.99391039,-3.53861616
-4.59469887,16.5312523,-2.60737631
13.10386789,-17.44039453,18.8712739
16.7773366,9.01286494,-13.139605
-7.23202681,-3.01769031,17.94477681
18.9734846,-12.4062596,18.46751789
10.88748665,-18.9035503,13.7506136
-4.1486194,16.40589184,10.27369148
1.7920369,13.37343585,-9.023361
12.93564633,11.05365922,-18.21610482
-1.84661492,12.08721792,-4.2174865
9.28773371,8.07205858,-12.63536292
-2.08953229,12.59693713,-6.01419291
12.83394416,8.94780804,-4.85922312
15.75745046,17.09653655,-18.80733263
16.66855971,5.15180531,-8.75762034
-16.02109902,14.29324474,17.9422539
-11.34707205,16.91332263,3.6591723
19.1510279,-6.12124513,-1.73839387
-12.37007384,16.56020743,5.17369011
16.17147763,-12.8378178,16.21644441
8.70141707,-9.88112079,6.63419893
-19.08848843,18.80872321,9.11695259
17.53659625,-4.88374285,-2.6429034
-0.61422395,19.09566148,-3.1763308
-19.99056855,13.58137712,11.91280316
16.06299379,8.69232879,-19.15591971
3.2864239,-11.63419247,17.18429429
6.84272665,18.18823253,-19.70597015
-12.64662247,10.80907638,9.03659456
-15.35873885,6.29253528,18.60013169
-11.00402398,-1.92726306,18.0058509
-9.9660339,-2.8041278,17.42526334
-6.74634946,19.2769098,-4.47507337
-19.69275853,18.07627618,14.18693949
3.9659784,18.40597213,-17.82434979
9.62796468,-14.20975838,15.31932505
-11.25652901,19.52230025,5.38208245
-9.16288284,-0.62325569,16.97507479
-2.37588492,8.65171166,9.38517304
-9.0520883,13.23530839,5.55486319
11.84924221,11.52047906,-17.54500547
14.52924614,8.78125028,-17.06506581
-4.8349743,1.6816392,10.48551396
7.76360997,-10.19018179,8.71853366
8.73986633,-12.85250972,9.88121335
-11.69708709,5.2067207,18.9076529
9.06672481,-3.56998218,1.16904098
-4.80556568,12.79290452,0.32525586
12.77716607,-9.08768,16.6875202
14.59547923,9.36574501,-17.46227642
11.24127733,-7.85198521,3.75134064
-8.24554426,-5.56777903,19.38671731
14.62383279,7.87817233,-17.92302277
-14.93330128,16.78483561,10.26183577
-4.44598732,-5.16815899,17.31314092
-4.7103049,1.06846049,9.96073607
8.51783459,-10.4150213,11.59903108
17.01688128,-4.75849013,0.35080505
-4.62566136,17.70897497,11.17017007
18.39732514,5.71785919,-8.2885906
-13.75998172,7.75565572,10.84863565
-16.90302586,12.29641269,13.41462342
-17.76807543,6.64262125,18.56259618
8.91284708,-11.72418912,9.09192671
-16.87227677,15.76280501,18.76578253
8.15553012,-11.00761106,7.41079795
13.35010908,15.33384887,-5.79176989
-0.89970282,-9.75534293,19.25883345
14.4313676,-5.39662572,3.56613938
-19.47593082,11.77892493,16.27145373
15.02781527,-19.74391008,16.07984051
4.355425,-3.04020091,5.46612345
11.35213331,14.30393824,-18.33963724
16.13135838,-11.95313922,7.78385388
5.07220949,-15.56297127,18.66869484
-9.08530989,19.48860467,1.24789613
-13.21708673,10.51233132,18.05746695
-3.13966486,-6.96462656,15.27640847
-18.58564535,13.8715804,9.5104781
14.10082486,-15.72759382,9.84013545
3.68388466,-8.34653351,13.41710997
18.6372124,3.48977749,-15.5977967
-19.4992093,17.23421688,15.86691049
18.86453963,-2.37488854,-9.34451789
15.74754298,4.56230714,-4.1298492
-18.76457044,19.87852226,17.09655307
13.92029139,14.94294716,-18.33574674
-7.85418889,-3.89477678,19.42459136
9.28008044,-12.18739465,7.3410959
-5.41537466,6.64159269,19.28883865
-9.75266807,5.44944732,13.28845144
-6.61662585,2.14308561,10.68122956
-7.8932579,4.01576825,15.07617341
2.66626558,-5.19069895,9.14017613
14.00840739,-4.02430982,5.09294799
19.34842924,-4.40229621,-4.27148427
18.29560265,16.12443217,-14.83284018
-15.67743146,2.38736053,18.37150534
10.36991001,15.27248497,-12.31944139
1.96176011,8.45781854,-4.9551079
1.3260902,17.90287372,-8.3741566
19.14461494,-14.94493419,6.36300446
3.14330971,17.84084055,-6.39434318
-17.15806549,13.51744638,16.86632828
10.29597054,-17.18482281,13.10634362
-18.91529044,19.85333023,8.02410294
-9.97701075,7.34965543,12.32218348
18.26457444,6.14990299,-7.31719813
-2.64963749,17.38464488,-7.80593095
18.33179636,19.15810931,-12.51828734
-7.82240465,1.46464887,19.75236712
-6.16590635,-3.49233593,19.63222498
7.91114732,-7.47392072,13.77727638
-7.33115937,5.74888466,6.16401323
6.63718999,-12.32012393,19.76479687
-19.63786496,11.33619702,19.70201293
1.82267984,17.96475899,-11.12385503
14.24218488,-16.76934364,9.33021921
-3.67415065,14.85365001,-2.6967865
2.05333481,14.70615031,-7.3041841
3.7911515,10.58889848,-9.79108759
12.07652226,-11.0361875,3.76696426
17.47066493,-5.32114834,-7.01481338
-8.45725937,-1.17950737,16.14923654
19.43558126,-3.83025363,-1.08931656
10.39091067,-19.95865668,14.86253782
-10.89388544,17.41219441,-1.44996958
-3.18186779,19.61021875,-3.63170445
-15.70500955,19.49514832,16.98029402
17.79364319,10.01975371,-18.11597664
7.8431928,9.71805344,-12.21235539
3.65821553,-14.18999834,19.20529448
19.38960586,6.33509974,-4.82315361
18.48535569,-18.84674368,16.48003082
-4.61125817,19.02903808,12.34589443
14.94144069,-19.10105409,12.99466961
14.77550833,8.77069547,-11.61010364
16.95470256,-5.53862785,17.90634471
-18.4318593,14.69573445,12.94882662
19.14449986,-2.90989792,-9.43165517
14.73488721,-2.70358075,-2.92686399
-19.42928253,11.47945064,12.74648086
10.08288977,-9.24747506,7.88759824
-1.18748903,15.5069032,-2.69998153
3.64511721,-4.65222278,17.94712403
3.90575931,14.62096733,-11.44040713
10.17662009,-4.26202761,7.05869799
4.31649482,-7.8841521,11.03808676
13.29229228,-15.20732152,10.74838215
-0.66923175,-12.93258391,18.79197981
16.64662524,4.63781042,-11.4238585
7.76193502,-14.9445814,18.4144039
-3.50214792,-9.64130992,18.95700375
-9.7588011,1.16789806,13.58710941
7.41717391,12.3412025,-14.7632019
-2.7983567,18.82049938,6.541751
-3.05414435,-4.14823467,13.45193401
12.95910381,-14.71091998,9.30387462
7.32808187,5.87953684,-8.73152763
18.5019632,-19.29426542,10.34948915
14.58296701,-5.95233472,-0.64979299
18.47858125,-4.33407458,-8.06803877
10.3781419,-14.54751917,8.67330846
7.27359236,-14.49379011,15.54076568
17.8134563,-13.399558,9.19143297
-3.52893163,-2.17222346,17.04121879
12.01976171,11.2272182,-18.71116718
-2.19933059,13.35108947,-5.38448131
14.55442693,12.91334291,-4.2862607
3.79642213,-6.38029274,9.02064705
-8.83234485,14.78249052,0.16653641
-4.17936142,6.91074667,2.93695065
10.37689196,-12.75937111,18.26987156
13.9197604,-19.54593076,10.71035841
7.25598391,10.57555755,-13.32012287
17.20163822,-1.65105673,-6.06660883
15.74668426,-10.09742862,14.132869
3.68576443,-11.04802774,16.68532098
-10.85837908,7.63799328,13.48374546
-4.52986955,18.52956585,-7.52867734
5.89575089,-18.30612025,17.43053062
-7.7343386,15.7250803,2.69462313
16.53923296,3.48163901,-10.9069885
13.1986998,12.36191626,-15.37342529
-19.6559724,16.61889947,12.00420744
16.7759286,6.52072467,-12.38825972
-13.833216,16.19952981,8.2219704
-3.27811848,-3.99857021,19.02845283
14.89454361,-17.030417,8.05089357
10.7610324,-7.72707875,1.55993846
16.05800104,-5.44770872,14.7858445
19.28141934,-7.64923724,-5.10115495
19.10671319,14.67087808,-6.78877339
19.44524863,-10.42606364,-2.26333155
19.09737944,-8.52853477,17.7339774
-8.09396518,19.77654874,-4.40909591
4.69967816,-4.04677434,15.4174945
-3.99097355,19.23993432,-4.61170077
18.31834905,-14.89606685,1.80744361
-8.37951413,7.80607387,11.40444465
14.73394212,-6.68845147,1.13460976
-17.57833864,17.40977816,15.3113906
19.95045899,-4.8671912,-7.43748941
17.65925447,4.73682531,-13.59780642
-10.41159093,12.43314891,15.05937312
-19.74943414,6.09229445,19.37646086
2.97826268,-6.65694349,19.28980558
15.95518918,11.43632842,-13.29000583
11.44215277,19.70442675,-18.99915924
6.44856753,-9.82390635,10.32296792
-6.00459824,17.56648828,-2.4206139
15.36528545,-1.10186271,-5.2839783
18.55187984,-17.34034373,11.06066904
-5.76630385,17.88493829,-5.67191153
-8.18025501,4.81136284,9.98220636
-16.87866343,13.81997906,7.8632821
17.67980427,-19.7918196,16.7697234
-18.64735841,10.33120391,14.64514618
11.8428921,-16.10913401,10.93296211
-11.77227819,7.60697011,9.74617555
5.96693117,-13.30996051,13.90974401
19.08173587,13.1482307,-19.08100177
-17.07109727,12.99200721,9.05471822
9.92604143,-16.25930148,14.59197171
-5.94356405,-3.02026159,19.19046297
-18.74517703,15.88283577,13.8764593
9.19880113,-16.13794545,16.52350261
19.15202574,-6.40978388,-0.29790706
15.13303838,-11.07291639,13.1489169
11.65911543,-7.45800725,3.11830138
-7.79573742,15.74618995,-1.95604466
-1.90828551,15.1673059,-4.40275506
-8.64357685,19.78101041,9.77169978
14.17327781,-13.46506676,13.32175012
7.4083321,-6.42760934,5.51576613
-16.44197885,16.90377329,8.65918726
-13.97937076,18.91946536,7.17546885
10.80909694,4.83791425,-11.14921303
-4.99875522,-7.83714252,18.40624945
11.656151,-12.44364206,5.57908381
-2.26227316,-3.23925175,18.24692215
14.0509095,-16.91226898,8.8296725
15.69332891,10.0822927,-16.0964836
-17.99596137,15.69769944,11.53787945
14.80805843,17.49354828,-18.73706714
-3.96903828,13.47586232,-2.89378403
15.49414007,-8.41857448,6.15374671
2.1487171,-6.11279719,11.96892794
-5.47611776,16.55097435,1.20346097
17.77578122,1.91958473,-13.14465225
-3.76468525,-2.80194835,17.49913875
-7.17241562,9.12072528,4.78881482
-4.25891893,7.09218353,7.60180936
12.16539158,16.64388808,-7.56169665
2.78282553,11.81611143,-9.48590251
19.17568961,-12.53747722,3.01380665
19.47645271,-11.75972984,4.59737777
11.1400745,-15.94340124,10.93695222
-9.38116091,0.08059672,18.01554287
-6.21444916,11.68578611,0.22315961
0.2426285,-4.33547172,14.12791596
-15.9065293,11.3522473,9.89189735
15.36069476,-3.45890203,2.80123397
-3.04611678,19.44941034,-3.85747736
11.57033589,-17.99218642,13.9494187
-3.3320276,2.0857195,15.68516403
-6.52442432,13.20978317,12.28142487
4.36647036,-10.05996346,16.18654707
2.60716993,-9.78396498,11.88642463
-6.78628022,-1.9191859,17.95852908
-16.03895455,12.76032482,14.9873913
7.76571187,-5.56437496,15.35431116
11.37831204,-15.88405823,12.63584601
-7.67206092,3.46458784,18.2072335
-12.50553178,12.00945666,10.27498366
-17.85796835,8.66628912,14.21575749
1.07002508,11.78394305,-7.84583335
9.50041391,-6.81575439,14.95629254
18.29076409,3.78756238,-9.08251053
19.86585913,-7.48640449,14.02404906
-12.9920629,9.37413894,9.95732365
18.20696268,14.21381615,-13.62603717
13.04034206,-11.44066105,8.16465209
17.66715514,-15.39768369,18.48673049
9.07681108,-13.28848509,18.69175709
-12.10560429,18.96662421,-0.89418759
-14.36413261,12.65179884,18.47552694
14.2720577,8.22486417,-17.93875871
16.5593376,-10.96477256,0.57101641
18.64638278,19.55844919,-13.91092801
16.1624885,-4.56912813,-2.00476227
-14.04048376,17.4510302,5.65503478
-3.72822267,-0.5633238,9.30064455
-7.88540682,14.74180548,1.2930882
-10.77540563,18.66317098,5.7685045
12.61893153,13.46980678,-11.79891265
16.71058166,6.52245753,-17.19627296
-17.65532207,13.37836677,12.10989945
13.01466185,-10.93347474,2.80709865
-6.41643068,10.93082881,9.6232588
-5.9497612,18.18995555,-2.60119558
4.13181452,16.88797877,-13.90830925
9.99255621,16.10052091,-19.048141
19.2015178,-9.73437487,5.87227439
-2.49455302,11.66552658,-3.42851126
10.86329683,8.2350423,-12.29573605
7.00123775,-6.96331262,15.04844958
14.35171241,-19.67127391,15.83183101
-9.35703228,0.69878232,18.3786683
-18.48250958,19.78142042,6.80092416
6.86772016,-10.29222215,8.10643461
17.89120712,-16.49812598,10.56291277
18.75875684,-14.07213239,3.9612247
-12.93401912,7.35141313,15.97860531
19.67505156,-19.61923603,8.64938107
9.56147343,-4.31338136,1.96212911
16.13277306,-13.77376565,2.75096176
-14.17835527,7.66917953,13.28327073
-2.32097648,8.73888666,9.97850606
7.09906977,7.71994177,-5.52977909
14.63404895,-19.5465306,12.3563063
17.44348163,15.32769187,-10.32186694
16.07371713,18.93696811,-15.19804693
9.63806113,0.90949746,-5.5344025
12.59294893,-16.84834311,17.7014876
19.2595003,6.61697549,-12.74053085
-1.47563317,19.99079018,-3.02006802
1.25287621,-10.69605859,19.70059022
9.93350407,-0.11519608,-3.47287905
19.89109141,19.48614512,-19.90449554
15.02316777,9.16738556,-13.57288297
16.77843034,-14.74131936,6.86786748
-1.77055435,-2.87080742,10.88090201
-11.37321452,10.75806365,14.57301745
14.7294536,-4.12055599,-5.80584965
-13.90521882,16.04349764,4.24844305
-8.12898289,2.82195834,17.08017152
10.97340442,-6.13119631,2.62761921
11.58419056,8.42709837,-15.52671745
-19.55690178,15.98020395,8.46889327
16.51267056,12.91435802,-18.80503332
10.80969861,17.22840943,-17.55713179
15.47474051,-15.49130312,9.59385407
-4.99815873,-6.03888253,16.03047106
16.3744504,-19.37100608,7.42746103
-11.92105197,7.7889395,12.58402845
-11.60769132,6.32909157,11.2049102
-6.46419753,13.38918773,0.8894122
15.18230137,-11.69883564,3.39891187
15.15860999,-4.05451154,-6.51648003
-3.84815933,17.04995455,-6.51580832
-17.12133533,5.52448819,19.30525872
-17.66879717,18.34133489,14.64301371
7.96889592,-3.43139987,0.50846827
8.33610942,-15.84917837,17.18144764
-11.94593417,18.10029168,-0.81414893
-3.81448888,18.86258879,-6.19305612
13.91233914,-7.07592607,-2.39408321
-17.81633551,17.55169309,4.86170697
-17.66779517,6.77428144,17.46736208
11.40187122,16.83720228,-16.14969546
15.01379968,-14.28311377,4.4004464
1.79820145,11.19570621,-7.91558528
-13.0471191,15.47865425,8.53667672
-3.46874766,-7.97486542,16.24269855
17.35067744,-6.87135783,-0.04315091
-2.52762336,6.98050333,0.11795501
4.5339098,9.31789871,-9.27617433
3.19520643,-4.88863798,18.26369301
-3.75909142,-8.45906997,17.4934687
18.69387203,-2.01683977,-5.7037147
-12.86973702,14.8999074,16.15687846
16.62026447,-18.49102061,16.19621595
5.55189931,-18.5177012,17.91565224
4.4689168,-14.55012938,15.46765055
-18.87895286,12.0720849,11.46098275
-9.15322385,2.96681597,15.14922887
-14.71601626,4.19289526,16.96802332
16.28583495,-6.64548451,6.74133068
-16.91242619,3.72862116,18.78368943
-11.51126419,19.63213069,2.9471874
12.8055419,19.51102884,-13.55150295
4.14074024,-12.79587378,16.06788639
-11.06478426,3.76308677,13.40004265
-19.9370054,14.45689826,10.2469319
8.66574097,19.11929892,-11.51811154
-17.33411868,18.4017486,7.28168286
-3.79110333,19.23679418,-7.71635242
19.91099026,-13.71317063,12.09693358
-18.08215472,19.70624399,7.68413959
-4.99495968,2.28680746,18.18377105
6.94627528,11.13082815,-10.28613832
-11.92070726,15.24184309,12.44428189
-3.69149108,-0.58035177,19.92981818
11.87446842,-19.02015851,14.05278482
-2.96309454,-1.56467161,15.8476659
-13.59883471,7.13265604,17.16234729
-19.67346331,15.11458866,13.69208051
19.43579777,-1.89717065,-3.91130759
-13.36927942,9.86676381,10.25982603
-8.7512058,12.64267939,8.94623347
7.83591377,9.62928335,-7.42111677
19.26249522,-3.65198083,-8.85810369
-19.21399563,4.79720594,19.72039776
18.40143933,-2.47314777,1.84682092
-11.01059814,1.71796176,17.74197376
1.59384609,15.6679715,-6.35056464
7.38472515,-15.68870499,12.95350576
16.63273375,-9.70152072,4.41121916
6.89605034,-17.74200359,17.06460162
11.77434308,-18.61743754,18.54580197
15.73961234,15.27152855,-16.1293562
-10.9181368,3.41145385,15.09057625
6.8781612,-17.43332423,17.19844616
-9.34060283,-2.02884019,16.09830055
-11.34088293,3.69703909,13.83418921
-3.42336879,-1.63033694,14.04160246
-13.49092935,9.02474522,12.9490576
16.39063738,-3.13323206,-6.20022199
10.73182138,-16.3086748,10.6697277
3.55773081,-9.90498377,13.24141721
-12.72753785,14.46553032,3.30082203
13.45571899,14.49545095,-7.37193794
2.07482676,19.24532912,-11.0610674
-11.42258959,4.72999673,18.37355313
15.73753779,-9.85322266,-0.37530243
8.51612488,-19.00028507,15.58928442
19.16536514,-13.94073371,6.18620241
2.8444895,12.6026313,-6.18360045
12.72542095,-12.62980598,9.71693066
9.77144964,10.84243101,-16.04362423
-12.54340119,14.27186884,7.36366022
-13.45357624,11.1045468,16.39362915
15.17181059,-6.48340938,11.42063894
-15.14302119,16.70560707,12.72909463
13.05080933,11.22829708,-15.85226431
-16.88146849,12.25502438,16.17555288
9.05870646,13.10729404,-17.41995483
9.81732649,6.04220447,-9.50678267
10.75709957,15.17228978,-14.84962584
17.05766631,-15.45069849,15.637856
-12.40647535,15.09008454,7.38489222
14.0151308,6.03708365,-13.99866836
-13.16983485,16.72969671,7.78904621
-19.99070358,19.99363134,5.6495037
-6.69988306,10.72559772,2.52569844
-16.04144856,15.63443611,9.91315417
-5.07856953,-4.60309564,16.9466479
3.33616976,15.89167257,-14.03529962
8.55094156,-16.48103235,14.48744192
-10.85684753,-2.96421498,19.30729102
-17.4476515,7.59267694,14.27759072
10.17482792,-5.23235796,0.24483734
16.73662591,-14.7793921,4.03136021
9.69418467,-14.90575091,13.78174253
-8.26677354,-4.33991775,17.59333931
15.80890668,8.34075596,-15.20967279
-6.92514921,17.9338354,-4.81196441
7.01918466,15.02914084,-10.99474982
13.81768382,-18.7808965,13.37923333
-5.81287473,7.41738193,9.32420647
19.77336788,-3.46177766,15.52603991
0.92904892,-4.82292236,14.94187949
13.90096264,-17.92757007,14.10242747
19.78511501,-5.31725215,-5.23818289
16.99366496,3.35968627,-14.93751388
17.98846389,11.21099606,-17.31737063
-5.60637871,-4.45163966,15.99912175
2.53081209,16.66420233,-6.17549953
17.22253217,-17.17870276,11.77653177
-17.51277023,6.70184161,17.85173306
6.30326504,-11.47589037,16.32771995
13.54951716,-8.88655437,1.03779351
8.53631807,6.40907582,-8.88551652
16.76629748,-19.20397857,10.54912637
-5.8008132,-5.55596674,16.86080718
-0.08251165,18.58567163,-4.35126097
-9.90633149,17.47807261,18.62974412
-0.90787074,16.49699654,-6.04826802
-6.64916345,3.35370364,18.52070927
3.90836078,17.97036395,-11.88573189
4.89663841,-13.82061064,17.11281728
15.69681158,-5.00269777,-4.08529178
-4.03459086,17.65077056,-1.52644208
-18.65331113,14.17662251,13.31187766
14.83664253,10.92263635,-16.83381532
15.93608911,-3.16428858,-5.89221035
19.21960448,-3.37715351,-9.49092124
8.44664643,8.57139207,-12.2489168
-1.60366023,-5.70901287,15.33316853
3.97605639,-7.21118601,18.21438315
14.98299368,-14.29032639,4.63962252
12.06996045,-11.63980785,4.41503318
-10.94475056,12.95979689,3.54806517
-3.63865059,6.7850945,4.2278622
-5.81916627,19.62943876,-4.83362138
-12.73687446,5.55209139,16.7851645
15.83309281,-13.60507275,5.14911201
18.14509498,-17.7824554,10.98743738
15.63571728,19.69520873,-19.2408908
10.82599297,-19.61096704,13.41863977
10.57629171,-16.09415197,16.70852179
16.38342626,0.96667558,-12.22354102
19.64408101,-3.91233017,4.9343557
-3.19588164,-3.66801471,18.58617913
14.97900417,-18.11086199,11.11687123
10.63750203,-19.49310805,17.37763
-14.34336098,16.45018539,9.15951118
15.83143624,-11.80384278,6.76184707
16.49676647,-19.26250358,15.02214115
-10.15960405,7.17369965,14.25479659
18.84917417,-4.38266742,0.11934516
-17.43647723,16.60865848,15.59534829
11.10724795,-5.34511637,16.68867365
-2.13613317,11.33623933,-4.74826694
19.30444055,-18.73637113,6.98837038
7.21865476,-9.77653559,11.65190892
14.5854951,-0.26749872,-8.67077283
2.9079123,-8.22714143,17.24660538
19.24947386,-5.12420899,-1.43033412
-11.58318949,14.24173281,2.5134516
15.42206773,-6.61710633,11.46280018
19.28955651,4.3017539,-9.81449844
13.38137282,-15.72971861,7.89217689
9.98784393,12.58451194,-11.76953851
9.33068675,-14.68590494,15.97056927
16.05373252,-4.91928116,-6.37962331
-17.76000437,18.16641035,7.15517013
4.041233,-8.74389592,12.58433907
-10.16724356,13.94906655,16.3416036
-8.49853037,15.93920012,-2.73593619
17.92330886,-8.5235539,2.08160716
-18.68797646,8.16466723,15.53261018
-3.4896587,15.81892082,-4.09150427
-17.29341223,16.51955371,7.73995911
-2.0330196,11.85647512,-4.71599196
-0.55187768,12.59398205,-5.23010119
16.49332177,9.21119982,-18.90796567
-16.93156152,2.23091247,19.70214457
6.213601,16.25826154,-7.95476831
6.05858328,15.34897547,-15.74099422
13.96155418,14.15523276,-10.81956893
19.65106993,-17.21970579,3.53573723
-4.04434369,-4.22785215,18.80652473
-1.417194,12.00543956,-2.74949875
16.36730177,14.62978475,-19.90488248
10.16215615,19.10905881,-5.60540681
17.11001426,-10.73800306,8.50747412
5.65150651,12.83308815,-13.28020206
13.89513701,11.13459198,-15.78764371
-10.19039322,16.65557394,6.93245448
-18.5756316,17.32778226,19.66651201
19.63458152,-3.83990611,-2.65080829
16.61194496,-2.89640259,-3.44002853
2.43607581,-8.0716551,18.18706286
16.48673929,-2.18666123,-4.47350509
-4.17378268,18.55860539,-7.70128415
-9.78224168,-0.11421771,16.77699005
18.01088609,-5.37176507,-4.7863007
6.11622502,-8.81745026,7.7770231
11.758583,6.05306199,-12.07833173
14.52361546,19.82642375,-15.80674832
-5.42911418,12.07899085,3.10558718
-17.52220096,11.02079493,11.59050684
-9.3638687,16.82696016,5.09903118
19.69670315,-18.70472297,7.96899834
2.78115032,9.20443018,-5.959854
-6.63752704,-3.76801449,19.96097382
7.60326625,16.6453653,-10.26109145
15.13175175,9.01651441,-13.57644616
11.56010717,-15.10070531,16.59372963
-4.8060925,16.3887561,-6.98375378
10.65940845,13.07949191,-10.79456689
7.89459885,9.09368254,-10.42174139
16.96200761,1.48861035,-5.92769623
14.84280588,-18.08531507,7.65795914
-3.11632984,17.98923354,-8.55568912
-17.31445795,19.47615301,18.32999249
11.30586395,-7.7255975,2.51046976
-6.47213441,17.12634571,-5.19429779
15.65624143,-18.99383258,7.89992597
13.02193401,-14.28309385,18.43521303
-17.05929369,13.89359645,8.74104583
7.82776466,-5.89932924,16.84740158
-7.72730343,1.84499801,19.39409438
-19.89603007,15.50705559,14.1292287
2.36937336,-9.44847858,17.46597242
1.28842821,-13.82045185,19.27066472
-5.74246896,19.20910631,-7.27096739
18.48049477,17.59167122,-11.32255424
-0.3760459,19.90236909,-6.26596565
16.92830243,11.93125179,-14.07310619
9.57159715,-8.07746473,9.57588385
8.85556672,-18.77861666,17.87198122
19.76391615,-16.48441161,2.95046292
19.77292363,-11.83625225,2.3601275
19.32019268,-10.5990664,6.44306173
-18.18300469,13.76355506,9.29532539
16.07180303,10.02016929,-15.59333645
12.08911721,-15.0440244,9.83918789
-19.78147118,16.24881217,13.54182939
14.47528213,11.45426625,-16.65325562
4.7551095,19.16547592,-15.43646782
11.21402692,13.08354274,-18.92493778
16.27103066,10.19420738,-16.53966844
-7.69855907,15.75377238,1.26438718
13.78720277,14.23313166,-19.44764644
17.9457505,16.72205931,-19.11718413
13.97470774,17.63522355,-11.9648378
16.12625208,-9.46099498,3.67846257
11.55240351,-6.85866865,0.14941214
-13.42764516,9.23098289,10.35750672
6.02570553,19.0148936,-12.42088592
3.45608023,9.65519012,-3.94459567
-1.36932326,13.24233272,-5.36224724
13.76425478,-18.06406515,12.89344697
-13.13917674,3.17664936,15.50851736
9.64812806,-13.02289455,9.80296462
-7.39024879,0.28730318,11.90317868
18.06366568,-4.51377013,-2.97230266
13.89919182,-9.90518866,9.29634689
17.50962809,11.31969723,-15.58276733
10.83653174,-5.27844524,0.05290947
13.18869011,9.59674922,-16.38544853
-0.08376382,-9.64098455,18.059441
-14.20172095,17.09319384,6.00400205
-15.46941811,7.46936739,12.79271138
14.43108537,-3.23736117,19.47685522
9.85923095,13.97200279,-19.0364112
3.17885247,17.07893145,-10.30824636
14.26510194,-1.73661203,-7.56650795
-2.99270696,16.54897367,-6.38975103
17.60889378,-15.57403039,6.92157082
-11.28492589,-0.36712822,19.44332206
8.64007866,-3.1684588,1.17376136
0.76521082,14.30936745,-7.43592808
8.35112592,-15.66143843,17.02882025
-13.00886784,12.69595352,5.66418433
12.80710401,-11.36157968,16.22468468
14.38985246,-10.81679856,13.25870025
-19.02739753,17.45776545,6.40303645
19.83402712,-3.68831746,-9.63652574
-6.47864702,19.25874018,-0.15360992
-13.44149069,7.16348744,13.39352596
-2.2882476,-9.90039937,17.82190746
13.5492864,13.49229899,-18.72280617
-2.29530538,15.0043833,-0.80871106
14.6511178,13.30694201,-7.80936661
17.38096851,-7.60202529,0.7100428
-4.60095497,15.48619202,13.62990645
-2.24807587,-6.65730081,17.89425597
11.64107204,-18.24848798,15.39978073
-9.97735548,19.26167664,-3.7968949
2.26056667,12.80172026,-10.20500681
-6.84364287,9.08917287,4.52879188
4.46066404,14.90484904,-8.28087082
19.65223461,0.72822875,-6.83957203
-8.1157555,17.14642264,7.50683175
13.33344482,11.19970279,-19.19232352
12.796298,-5.80950696,13.51985855
19.34729437,-6.01708235,-4.10410825
8.29729894,-10.43995413,8.63380554
14.61459077,-10.72037378,1.05010554
10.11790806,-9.61723921,16.18067707
-2.88056143,-3.66533895,19.72308361
-10.29053873,18.10104505,13.34156289
17.1967323,8.841084,-14.43834729
18.01582755,-0.9935457,-2.09879076
19.88658496,-6.04239052,-7.84108548
8.76675918,-7.00413455,16.92278409
7.72290808,-19.28557855,18.86416088
0.65920328,15.26677751,-10.16970205
-13.31356244,14.47662953,17.26096927
10.73943111,4.31379752,-3.83199292
-4.01749483,15.01411259,18.80486536
12.69114237,12.30583582,-15.63848413
-18.26567243,19.7543065,7.53670379
-1.76859271,-11.44361919,18.49676154
17.66251938,-1.75429775,-3.8465241
16.65751517,7.3598073,-11.06547568
17.18049711,-13.20263665,13.71424338
-4.42149977,6.31126824,5.72616335
-2.71326531,16.90324457,18.5863997
14.01903497,-3.15132735,-4.71987881
-18.98177292,11.82477931,14.37802068
14.41270201,-6.33236976,-2.03079642
-3.33762834,7.11187221,8.69580049
-4.41383645,-9.51210723,19.44366387
18.29781359,-0.08178533,-12.12003005
-3.56343223,13.48898573,-5.44963516
17.99380246,11.99079445,-15.12664813
-2.43208822,-2.99276715,9.9290381
13.86745333,-0.10977776,-4.72198295
-3.76628783,15.75102443,-6.8703744
4.79426511,-13.14138388,18.21770213
19.81854739,-12.47258172,17.98687424
14.15295369,2.65828912,-8.85517741
19.366789,-0.10994916,-6.17389856
16.14126315,14.72074562,-12.62814928
15.26760221,2.54093441,-5.80173616
-15.78057047,10.94365987,10.87113283
-5.78046144,19.90195241,-7.83426046
-14.9318085,8.95900797,15.39143897
-15.74708934,5.88287951,18.33548031
17.87176348,5.1509075,-8.35095208
13.3376311,7.64055078,-13.65663864
-13.11863236,16.0060794,7.63564396
-2.58254842,13.74681677,-5.03682902
-1.82805169,19.26513514,-5.45627543
11.6424554,-16.47553318,11.79466095
2.69449632,12.65834762,-6.67393263
13.06897176,-11.20624619,10.61832623
-1.28694954,19.71307897,-4.72412159
-9.64878721,16.38742858,-1.13666491
10.94896094,17.43092736,-19.88072681
-15.43179417,16.60242238,17.97940897
12.03807537,16.7641213,-18.65557817
18.77257341,12.95368279,-15.99437748
-12.48754051,17.76886478,4.68951009
-4.23934227,-2.32382393,11.33587368
-15.02060799,18.88750264,9.39605833
4.79443233,-8.54273548,19.6109664
19.15232026,-16.49962627,8.40397522
8.73734253,-9.26481373,14.62798255
-1.1723858,-2.7582367,15.08982592
-8.55507289,13.43964207,13.65211517
-3.9497427,-6.99321734,18.06818634
19.07730713,-3.91993256,-5.20594946
-1.14308489,-5.50546901,11.71734817
-8.67504689,-1.8326717,19.2085858
13.93316674,8.80669671,-16.05219901
-5.05307988,9.79308561,5.88474508
1.04519027e+01,-4.21475399e+00,-1.13615817e-03
4.05555813,-16.82576354,18.72254066
19.07281257,-17.99905102,4.05492286
8.89268529,-15.61871068,11.2338041
-19.46507398,10.1768644,15.97930635
18.65734818,-14.16032064,3.25944234
-0.02950132,-11.06065654,19.11359818
12.28202494,-11.24868081,6.37180063
-2.35665936,16.16840153,-4.95192188
-6.06003283,8.20603663,18.80833155
15.39538587,-10.25321012,2.36350258
-16.01325843,5.31147166,15.25439626
-4.12250022,11.66954352,-0.78855445
14.52154534,14.46657124,-19.73667913
18.46573882,-10.33002359,-2.83273597
-3.09248084,12.38234273,-3.42661023
9.94564125,17.92377318,-14.39218627
-3.58398338,9.24068526,-1.02024946
15.21151813,8.20422992,-9.70590467
-3.392426,-9.51728019,19.76646376
1.35369609,16.80615713,-10.58435793
-4.8416657,12.43554218,9.50796102
18.16082248,0.83804092,-7.8871364
-2.66316079,-0.12863396,9.67006894
-10.04786916,16.21272125,-0.42529765
2.09480337,14.37765756,-3.57400326
-2.03543273,19.37818896,-10.61608098
6.68357642,9.21753722,-5.38906437
-13.32099056,17.0105433,11.50148375
17.6984404,-0.17742631,-10.0527426
-14.28174225,14.31923951,5.45757165
-1.72096648,13.85233698,-4.44503411
17.33320731,1.34779945,-12.43062015
-5.42814607,18.95935205,-4.60834164
-19.19097554,10.15996498,14.09806752
7.88527621,-19.81059553,19.94358491
14.36398439,-19.58216019,16.94825606
1.81948712,19.15887752,-14.3527294
4.97800565,19.02874325,-14.97466467
6.36669221,14.72310847,-14.12613999
10.04158482,-18.83089948,19.56031643
-1.05344475,17.01586607,-10.72438539
15.18745642,11.79684156,-14.28253255
8.3759411,-7.19907564,3.51468635
-12.76037832,8.21306328,14.64892601
-19.76038513,14.41413509,14.15272455
18.68012203,-5.84510073,-5.82234009
-11.95025824,18.48765904,-2.09544913
18.11648668,-17.52485658,11.32838113
-10.42908322,-0.50547554,15.58298518
16.71844569,1.26847804,-4.43245268
18.63861043,-11.76100478,3.87288936
19.41294601,-15.99687325,5.55237968
16.83505611,-8.735395,17.22731865
12.44766268,-2.66659325,-2.62888975
6.95112733,-5.29637242,11.06298229
13.87725619,-6.93146026,-0.71718543
19.41895288,18.85435387,-7.44441985
-18.56132988,10.94988469,13.73483936
13.2773294,-18.66479865,10.46761088
11.53338196,-1.49948256,-4.92202563
-14.68846044,10.59943619,19.35693136
-0.76999221,-7.18971828,12.5034101
-2.73873068,-1.42843356,10.8626227
10.80327611,14.63851983,-18.74010233
14.13775006,6.76011448,-15.59512897
-10.78769509,7.70988039,18.13342086
-19.47330035,16.42097237,17.50350959
11.57277228,-4.99688059,1.53999215
-8.2032261,16.129919,-2.76277633
-2.60881974,15.20586323,15.02942591
-13.21271743,16.68848946,7.45742185
-3.3495935,10.14202101,1.20936401
9.42987849,-12.54237155,10.04230002
-2.3031031,-10.38010884,19.22211789
-13.18795505,16.78640812,6.02350528
-10.8796481,18.46739496,1.69031572
15.17948142,-4.87471203,-4.47694963
11.18355993,-16.38628533,19.08911456
8.35179674,-13.41195484,9.83305591
17.50075169,-14.38287269,3.02901523
15.86145898,9.6810364,-14.12646177
-1.59582164,17.51965659,-4.62479394
10.76202584,0.28241337,-5.9315277
-2.19478636,-8.91259835,17.74338385
-16.75911011,8.30296442,15.19460958
5.66525255,-9.13067536,15.44043976
12.79131174,-3.89751547,-3.84331749
-6.64083927,14.93680583,5.82178039
15.71010667,-8.57224268,-0.25611186
11.6954001,10.22425633,-16.15085143
-9.38353145,17.42567702,1.49585025
-2.26838669,-9.68459282,19.02353762
19.85330488,-4.90627774,14.36707937
0.07487055,-4.77626477,18.55166257
6.44177672,13.09352173,-12.761278
-15.51959056,15.10796315,10.49852988
1.52251094,19.95066074,-11.67954594
5.74127453,19.78827161,-13.25484697
8.75684077,12.43979493,-14.01019743
2.80531787,14.36648257,-9.58533695
11.45267008,-11.1479169,7.82625271
12.21194318,7.80210489,-14.65173892
18.22395071,-6.67609133,-7.02829832
-5.12428635,13.85658936,19.91772113
17.16593039,-0.25341638,-7.87082579
-15.80243839,8.58842069,11.81176627
2.15199995,19.4022531,-10.40743462
11.36214438,8.76118974,-8.26963916
0.30697015,-14.55283704,19.19524226
-8.21318678,1.63065222,13.42543828
-2.48396266,10.39221083,-2.87839894
11.30418647,-12.20989139,7.58976204
-1.22989997,11.65910419,-3.3667062
12.97423196,8.31844249,-12.00585586
6.42233888,14.68626321,-12.26345325
8.24141097,19.88253089,-14.93810086
-6.728343,19.88588946,15.21810858
7.75835622,15.80865355,-15.65337957
-17.48196256,7.22398714,17.90385115
-9.88009084,13.59246835,0.68933478
19.16495152,-5.53912061,-2.32213068
-16.13933566,16.86260073,16.76507713
-0.31174594,15.38009928,-2.62022777
-2.40391443,-2.43599083,16.49337994
-7.52167257,10.54817892,5.12474106
14.83989724,-1.34548475,-2.31780117
-8.12320714,-3.47841622,16.61726078
18.80499308,13.33466574,-18.21250011
-5.74159539,-4.33123465,14.91654946
-3.50564035,17.50539164,11.53546831
-10.9452173,17.44961125,2.84398525
12.05603176,11.17562258,-6.77632361
13.59208338,6.84501514,-14.49529878
-8.61833666,2.03789248,17.42250734
5.25701076,7.1661691,-5.38949169
10.75136531,12.92747952,-13.83319609
-15.32729449,6.9799239,12.80377539
-10.65598951,12.20460389,6.74927282
-0.64940476,19.61930584,-7.5796392
-19.69465357,6.67457103,18.20076181
11.47513244,5.93600348,-2.38114571
14.11376208,3.78634011,-11.46403804
9.00185826,11.53283257,-6.8368735
18.79478609,-10.17450998,-3.20341616
18.82168737,-4.13102637,-2.2225808
10.97151969,-6.36884259,17.50090916
-18.25084373,13.21891401,14.44551228
12.74460436,-12.90951524,14.13417349
-18.2389503,8.89546516,19.73865769
8.49558952,-4.05943929,3.82916932
-16.70216267,19.06563057,3.43518477
17.70205535,-11.70294066,18.22064277
-3.38961757,-2.16797313,19.08644049
10.56607505,-18.82227476,14.90372495
4.57338316,-11.8506202,18.51284246
13.76299473,-12.30856115,4.66264154
4.16398887,19.57676066,-10.98383555
14.07728842,-19.89512569,16.9347664
-6.18087393,15.05459279,-3.40440165
-0.16641062,8.97500673,-2.32179753
10.50103164,-12.85664023,15.2698383
6.13420454,-13.11883081,16.32768715
8.03614909,11.13926575,-10.42165804
19.77007581,15.33081607,-10.88771052
-16.07922143,16.18571783,16.99112067
12.0552488,-19.71069574,13.21811753
-8.20961423,17.97587043,-5.16671088
17.78200685,-17.50231241,10.08849767
-10.87575709,2.69010534,13.97695371
-15.77617391,12.35116433,10.32936256
-5.35878124,-3.92698145,19.0052977
6.25173123,14.35777119,-13.31859678
19.19700601,-6.40698228,-4.56735778
17.36047951,0.21057196,-12.18685378
-16.88291143,3.84019085,19.33464521
6.99747171,-13.58091824,18.54307357
-15.98861818,13.54249577,9.18057076
18.92614005,-5.37106723,-6.9666619
7.0566547,19.96116065,-9.96904323
1.89744413,-8.46288093,17.95381102
0.65547933,-13.14911302,18.60534608
-4.69645898,16.54178469,0.63236779
-18.78823813,16.76855323,14.12944782
15.88761613,-19.47648779,13.03615052
-4.08084668,-3.72762814,17.82835326
15.07501157,16.02862058,-11.68184386
4.41441107,14.10032883,-12.42734885
1.27757171,19.40008216,-5.58401876
10.8838838,15.31491195,-17.88729014
-14.54528286,17.70350513,4.10775993
17.33087411,-19.62308664,18.22464023
14.54487561,-15.39897243,7.78457255
16.98260516,-19.72149169,14.00559097
-17.11525301,16.10385099,6.97030069
18.68831395,-10.72304448,-1.65831973
-15.79465496,10.17780277,15.45496283
-9.9005724,19.50005861,1.82684515
15.56638582,9.33612945,-16.33932823
9.51149203,-5.16595468,0.53556715
15.50784584,-3.36318259,5.16835032
12.24776836,-3.65774527,-3.66917225
-3.4736888,0.93320668,9.64801863
-17.46945067,19.15910973,12.91754183
-8.562535,1.07429001,11.91942299
9.89619899,18.73328549,-19.45745208
-6.3157824,-4.74536786,16.88912455
-12.24953323,5.41932953,11.52979773
9.30939807,19.39551718,-19.87010778
-1.14179685,-2.88705097,14.0081833
4.60470736,16.16112257,-13.00874924
-3.55930412,-4.91236562,13.59798747
17.50746503,-11.28989337,5.12265166
13.7100238,7.55596074,-14.84084748
-19.17723629,14.89814079,10.87773388
-2.35890977,-4.18927479,15.77077007
-8.28196908,14.47362793,2.23744986
17.66293009,-11.94291239,1.45094793
-19.93424067,11.8223151,19.06091701
-1.57778919,-7.65916014,17.04833883
4.94027352,19.69042896,-7.37251634
16.93294693,-16.83550262,11.98435407
4.68326935,16.65489808,-10.90768361
15.30112833,0.01576025,-8.38054566
18.70496205,14.8338447,-6.46479193
-18.17688692,14.71214713,15.30990247
8.99886731,-14.96989192,11.14947883
-11.10399668,13.10799954,7.31825728
11.53496253,14.76156787,-16.62869373
1.38335758,18.4797544,-10.76494948
-8.65843351,16.01693631,6.25393424
-7.3340694,3.69183029,9.58383673
-5.76560133,17.78560021,-3.36392865
8.60585211,10.18815485,-13.84038376
-0.11452608,-2.51635207,17.1073606
8.33094456,19.28127002,-14.94659875
-6.31634368,-2.06666517,18.5589654
13.07816363,14.64592518,-19.0076096
-7.78715633,11.37653084,1.75437473
-13.15747169,19.50974162,9.07303796
17.02727927,16.70273651,-16.92687296
5.09447271,-4.56367819,13.03515692
5.52663601,-8.714033,18.23342883
-7.21965039,2.83734139,11.66424613
6.84405334,18.51452482,-10.50140641
-13.37934701,9.10120837,12.01011174
-1.27396416,-9.01342812,16.14413748
18.19742847,-0.05519044,-6.49908693
18.94179532,-12.88348763,6.57713531
12.04267375,7.53557204,-6.12252499
-10.35470759,19.94747352,6.87776385
-12.5600565,14.90491533,3.67666901
-12.73143121,18.18592764,4.42815481
-15.72402174,19.71961645,5.60065493
9.07843817,-1.60140545,-2.62304013
19.13937396,-11.01918003,2.40501806
-17.9399933,10.47734926,15.48072728
-11.60777682,16.81864006,-0.81525882
18.69891632,-12.03447682,3.30725559
18.71085244,-5.72970515,16.65736363
-5.12889515,-1.17006603,16.28961531
1.61753456,-11.26663303,18.91269953
2.45892473,18.22869051,-5.73730916
6.881012,8.25579502,-9.06154843
13.09498031,-3.02082633,-3.50183524
14.27428963,1.50221139,-11.23047964
12.26925324,-16.48566982,17.17359434
16.20582935,8.78456861,-12.55683367
10.64978215,-13.63329608,10.19876449
19.17088075,-14.19509069,16.39841943
3.05749677,13.0900049,-11.64122436
16.70828607,-4.60264524,-6.73731456
17.18658488,18.32632526,-19.03121114
13.17104686,7.3495469,-14.40963931
4.63934088,17.95178583,-13.82849712
13.54770476,-2.86148159,-5.90340699
-14.66514078,13.49717954,8.13304862
-9.31289489,18.71677079,-3.93428785
-4.9412349,0.58559742,15.70146395
16.04446748,-15.61246503,7.84983106
17.34715901,6.86518794,-18.89689281
1.17310403,18.3807213,-14.59069584
10.08660481,11.66772621,-15.50575585
0.3317811,16.97615169,-5.3559839
-7.45803905,4.94834128,9.04696883
15.75659782,-15.3706663,5.03289708
-7.90174544,7.18675304,6.51358388
-11.52439896,6.58787919,11.90291608
18.08286188,10.85198499,-17.95909653
-11.27990955,13.07105902,15.3685893
-3.11133995,19.90991083,-10.10273576
18.53301828,-4.36787517,-7.37961908
-7.61346679,4.39506164,15.08095809
14.12542067,-19.06457403,12.78879601
-1.96327954,-6.15588425,17.66097876
6.17585427,-13.56862472,17.66779156
13.8647386,-8.41661999,3.35049563
-5.71614663,2.6902693,11.47984142
13.67723988,-2.29164028,9.18234656
-6.87971692,-6.04868694,19.54008918
-12.35454486,12.67008177,8.40284836
4.26822427,-9.37188741,10.35288664
16.11972294,-12.72911475,4.13693668
17.80992155,-14.41485385,11.40394943
2.91313982,-9.124878,18.47082176
17.59449514,-10.92610801,15.89948033
-1.62982025,-8.04168077,14.80971878
19.54693359,-2.37799263,-11.52183859
-5.59737378,11.18016108,2.32644633
-3.73160864,-3.18156386,14.17765207
0.64186536,16.12964691,-3.14227225
19.92452141,-0.18279867,-9.49691036
19.74981923,-10.96094807,6.93659971
-4.67530365,1.60652754,17.30921828
14.29699208,-19.51180013,17.45537614
18.70540307,19.47023902,-7.7817733
18.2783469,-4.9618203,2.82894296
11.20073223,-14.6709781,12.29256101
18.43154628,-9.27320503,0.86729697
7.16420744,-13.17119509,12.60295608
14.61735232,18.28318197,-10.71854744
-3.02833056,-5.52756181,19.06617896
-10.37449975,16.56338673,17.76191509
10.65943735,16.18550211,-13.78519156
11.3757079,8.35248853,-12.92365285
-5.57596721,-3.36435209,19.72203234
-5.25780951,-3.89389283,16.3420135
18.90404922,-2.15057482,-9.90985985
14.16672998,11.56352774,-11.25654062
5.56960169,-12.99362722,14.52015117
-6.58679727,19.31680564,1.11990556
-7.52121196,4.46183051,9.76577764
-6.76362581,-1.27442976,14.30965235
-12.75224567,10.53827506,19.17224395
-3.36408298,15.18901374,-5.32923803
-4.46715973,-3.00876854,14.54143886
18.00240216,-4.33263985,-4.83630506
-7.08029299,-4.28554347,15.95714116
7.73025707,-12.14698218,17.84504892
19.3179446,-18.58042816,6.47716912
-16.91099424,15.37890721,9.5287062
-19.69596008,13.66678433,17.02071839
-4.4670709,15.06101154,-0.90752379
-18.40696082,14.03886424,12.93441023
12.20658326,10.83326487,-15.47382117
-16.92208378,17.42048402,10.38127272
12.56890345,-16.10828064,11.22997939
13.50464016,7.65801703,-16.72088336
13.21787359,-9.04301349,4.10605164
0.27048383,18.67979623,-5.26332124
18.00692035,9.08119909,-15.31828572
15.85435139,-2.70309826,-7.51013991
8.02931053,-10.47845412,12.24035243
11.22869603,3.26918642,-8.5257663
11.15753658,14.27921385,-16.93355109
17.56709497,-19.48753946,16.41753389
10.99038684,-10.25051677,4.58408821
7.60696085,-19.81425502,17.19147383
3.95053598,10.57326893,-8.02986532
19.86116594,2.48807059,-16.43807341
-3.59697772,-4.2596928,15.43601242
17.94040653,-7.41391404,11.6514934
13.96457884,-5.99523451,-2.03971771
14.99389112,-4.65101796,0.30851934
16.15657468,-4.08184972,-2.68956584
-16.42919412,14.9745493,5.85125486
-12.93084816,-0.15464889,18.6971177
9.78291292,-11.59067379,8.64826651
-4.2371391,-7.45726815,17.07864056
19.47885231,-11.20648405,6.58312425
8.34715295,-13.6719801,17.00088756
-19.33218035,10.15415518,16.18845208
11.65496609,-19.71763068,13.20800112
13.70865706,-5.19121885,-2.37741986
-6.27040048,15.35268891,-4.10321811
9.30584193,7.67396016,-11.60665433
14.88867215,-9.64951757,5.21878943
-4.4719039,4.56330479,17.15963206
-14.02137171,11.62661685,7.89739839
7.44993735,16.31332749,-19.09191089
18.07358096,-11.25698173,3.47383393
9.59343126,-6.26755431,1.49726037
-7.99898167,16.40175138,6.2225881
-5.92673491,19.06593826,-5.07990312
15.77630006,13.85283446,-19.61725422
15.60332906,-18.72335246,19.74857252
-18.17187314,16.18180134,15.81370758
16.98555262,-14.05059951,10.6174946
6.04509648,16.11012649,-15.21309985
16.81006726,5.11210884,-15.76229483
-5.75017174,14.12727437,16.42970801
-19.41074831,15.59989061,9.5682486
9.98008292,-14.0728444,11.527736
-7.04373983,-1.30229579,19.37547489
-19.44953755,9.42787837,15.77999916
-13.45126599,13.57911622,8.8640463
19.0634204,-17.35219239,19.35699384
14.67387238,-4.60913553,14.49006347
-19.59017551,15.8260437,13.35988676
-10.74723173,-3.27462232,19.88048037
12.54190678,-18.70445554,17.4711312
19.12909977,-18.90855299,6.90011817
11.59567656,-15.09309268,13.51335576
13.75024132,2.37391953,-10.06989464
-14.75814391,16.03876661,6.32053343
10.07176386,-14.67130717,11.00727917
4.74440298,-11.08726613,10.91871674
8.57449334,-16.76042635,15.01816481
16.69177261,-3.97472193,-6.05430493
-1.59134877,-7.53171794,17.23875242
-16.41732587,1.63785633,19.71574159
-3.74845427,19.42080867,-7.17105062
12.4858442,13.27064194,-17.68168414
-11.746723,16.37146524,3.33349254
13.19557044,4.44121489,-10.23719537
5.10744595,-16.97819559,19.11671815
-4.15730959,-0.64851474,15.80086949
-12.53766778,19.74563323,17.59575766
-14.31195458,10.87237529,9.23865215
-19.09370701,17.53366235,7.76660975
4.93371885,19.34134549,-13.62516022
-13.22511013,5.27608878,18.84938027
13.22438316,19.40302971,-19.89997874
-10.1073391,14.6598462,3.64522068
17.12434148,5.94636512,-16.6508798
0.6705039,15.93032349,-5.59509956
7.86231462,18.80798345,-8.75165365
18.46942356,-2.23392933,1.52974872
-2.62781957,19.25672777,-11.22218904
19.12716084,-17.7819124,15.91241685
-16.54521085,15.53806203,11.1126298
19.39507651,-1.38713169,-6.7644062
17.15447556,7.16842519,-9.87208101
-18.42652604,14.354827,19.45411229
3.37625155,-7.78188371,17.9482697
-13.37410457,0.1330138,18.95386789
15.29761065,-16.48080135,15.82182788
-12.26802112,18.37459084,14.32153824
4.91677053,5.64453969,-5.41484961
0.83524592,-9.52887261,16.21884602
-0.5432914,-14.27324505,19.31422366
19.08554332,12.50340423,-18.61096001
18.39119204,-12.98721213,7.30350577
-5.98301162,15.2865951,-4.30419554
-12.23973572,11.74381422,7.95520231
19.09708794,4.33109528,-16.13465841
3.56284827,-8.53421924,10.03665267
14.77388872,-9.87666694,4.00297392
-4.50352728,9.3754874,3.89754708
-3.80464354,17.70604798,-3.78256144
17.65340509,-4.03118253,-5.48039087
15.38365362,-1.94281998,-7.13262981
14.12773518,14.91730063,-16.57883409
-18.86528248,15.33681057,16.23116932
-3.5312707,9.9025291,8.26450519
-4.38539526,-8.76701915,17.78038823
12.31743908,-7.0807736,5.50408818
18.13345494,2.51342081,-13.07226432
-11.86959305,18.11282089,13.58115821
-7.20374067,2.71551157,9.8230851
5.21079321,14.97130014,-12.35741939
-12.48090225,10.32567809,8.30511319
10.43304774,9.29497376,-7.74108963
17.7459248,2.93584653,-9.2920192
10.91064113,-18.71838452,14.7732592
18.93662571,-7.51924432,-6.42963996
10.90731705,11.75703489,-13.55122459
12.12180199,-18.96656064,15.20205834
-19.30559272,6.62602785,19.98619085
16.66369273,4.53115251,-9.1687409
12.38855136,19.96013196,-10.4786527
14.57353232,16.80996425,-10.44129314
-12.54617349,14.34288567,4.32434868
-11.78405728,-1.10620954,19.18905948
10.59611043,-15.31066543,9.89608555
16.08389426,-10.27873735,19.68953454
-18.55405908,17.29377146,6.44562922
-6.37126195,12.20115163,13.61460703
14.99605288,-3.24061354,-5.87355896
10.77986147,18.11542936,-16.52013534
-17.60454674,12.18634976,12.68218121
15.45960957,-2.29195236,-5.66721012
-7.48524512,-2.56031454,15.82076541
6.01587946,14.44568076,-12.76113162
-9.80187915,12.95165383,5.87979222
1.17413523,14.7550807,-8.2331507
-19.73958976,15.32250244,18.06315691
5.75296951,7.01087337,-7.33798353
-11.27918108,8.4690756,10.43733589
-13.89863166,13.74833819,6.70600564
13.64536074,4.27969365,-7.68269331
19.83447717,-2.68380646,-1.73827275
15.74496921,-15.1941612,12.3635171
10.33990178,14.25280222,-8.51241316
18.75251981,5.1970391,-13.28980717
14.3288749,3.09373539,-10.49907683
-5.22734217,-5.37820134,19.55258316
8.03225919,17.37514635,-17.76957253
9.60697614,-4.12672207,0.15149903
1.48848018,-6.90701124,11.95443724
9.28937703,15.44483412,-5.58808808
19.05326754,-17.83463288,3.38161224
-17.0238526,15.49080569,18.3503073
-5.53758219,3.15665084,6.9658726
-6.44466582,3.87764269,8.21624287
16.54229473,0.17020422,-5.98383257
16.20653241,-12.9062639,9.87805498
-6.51249015,-2.39587496,16.39059967
-12.69089438,5.01463709,15.54071015
17.20485031,15.99708012,-5.5320705
-14.54721299,4.71772407,16.36939168
12.01319136,-11.12714681,7.42795828
16.66819057,2.71573508,-12.9250986
-5.20691573,10.93857104,6.9443997
-14.09821493,10.5981175,15.52271819
14.71105387,-14.64348488,11.53797617
6.52452387,-17.31737709,18.94719808
-18.63231827,14.66362361,15.44202258
5.31479531,12.24451788,-12.39018738
15.67978089,-18.40428502,18.45354378
14.51617307,8.40269022,-16.25325121
15.01207143,12.27495477,-9.78631644
19.69509887,-5.52679851,13.80080892
-7.49091041,18.60872784,-4.91432372
-18.96667903,9.81461414,16.35121427
14.3446267,-4.01875119,-3.84894153
-13.66478981,18.35388686,10.57634115
5.29616165,15.29066663,-15.5926744
14.82466328,1.87034082,-11.51885244
-11.4855733,10.09344234,8.03324401
-14.06160388,15.35815031,14.46581084
-15.20115259,19.37297234,7.53600293
17.43914703,13.53254385,-17.33026855
10.65997855,-15.64144001,15.62058233
13.27584,-8.48257798,2.89638892
6.17107063,-5.9618037,17.6990195
18.38558626,-14.99349214,8.26851064
13.89679519,-15.36118735,10.4075134
-13.96625708,12.20184945,19.7081937
16.84065664,6.47853801,-15.67071668
17.17799397,-10.0975958,-1.81907412
17.82252501,7.21870712,-19.33740975
-17.97317361,16.87016602,7.08135443
6.15393849,-12.37798915,13.37656176
12.5220845,-15.67592258,7.61137045
-5.98725771,1.67524511,12.00964429
-7.79504771,1.96085979,19.97387285
17.40334788,-12.86367009,2.62161088
11.08883037,8.43193174,-11.13566087
-8.09791649,19.78621298,2.94590889
18.71188196,12.48545361,-16.88394903
9.20438695,-13.69131485,12.02138143
2.76471003,-2.67577318,17.07281656
-9.67624359,4.36861784,13.24742394
3.74212461,-2.86349873,15.22211131
-5.00108536,15.65033965,-6.14419366
19.87050844,-14.25305895,0.60680041
6.42818192,5.09757807,-3.19672195
14.76655788,-8.65130659,0.0822141
0.35210972,11.77815746,-6.5737755
-4.96874552,1.65496902,10.91064853
-13.57500976,3.76608146,19.08966675
12.30710219,-5.33267312,2.47518795
-3.00449734,17.1798456,-5.96366517
6.75107909,-15.55366915,14.54506304
7.51485614,6.50086,-5.6199241
15.68718017,3.36758152,-11.61894222
-2.57935406,-6.51142805,17.04950984
18.24015177,-3.7056099,-7.85370601
17.07060609,18.96440404,-18.1510138
-3.22485303,-2.61906564,17.90338219
-15.84934761,11.30030227,10.06223842
-3.69847616,-6.730873,14.91652524
-7.59712806,17.25599526,-2.07596477
-17.35571098,16.5945069,11.38770545
-13.90187129,18.67546765,-0.36693945
8.68748175,12.17082213,-14.37677844
-10.96373619,3.11910223,15.64204845
17.72024405,-16.35661472,9.25269928
11.2226657,17.99987506,-14.80321203
7.01158068,-7.04051532,5.13401472
14.0797279,11.81671716,-15.96804093
14.12804381,-12.02299829,9.24947713
4.65045614,-12.05944409,18.8578874
2.59889957,15.58667441,-11.98712256
-2.87903921,-1.09128252,12.30700748
-12.16571112,18.9667385,0.77984006
13.46878443,4.99915782,-13.91552668
16.11053908,-18.31449162,10.13128586
8.69867501,17.55101002,-15.23481481
10.36565916,-11.792057,9.24815151
4.49809022,-16.49215445,18.31566234
16.81836304,-18.36135942,13.92305812
13.03087526,-15.84708848,7.85933535
2.82681357,16.12098551,-13.69062433
-6.18662657,0.73786053,11.17661448
19.46395933,-11.98253891,-1.35857989
18.73981018,-4.17541822,-2.25411603
-14.83865258,1.84051424,18.90880717
19.2227818,-4.34145741,-4.10198036
12.83128198,-17.00530801,11.08502855
7.28145901,-15.87131368,15.38121699
-8.48840008,6.70020499,9.55574614
-14.58356356,9.72505863,19.10330289
14.43892286,-19.59363001,12.52764121
17.06225614,-16.75016027,5.87085489
1.23659886,14.48344688,-10.97309031
18.88773654,-0.63824626,-3.66835507
19.02706358,10.116139,-17.17825359
12.84059398,-8.46240939,4.0246121
13.05384008,-13.86826421,6.49790039
3.78724365,13.30734329,-9.06907074
12.59761174,-16.48373582,13.45795369
-18.03867956,10.15633641,14.00732819
5.73297622,-10.67084711,9.70812054
12.73101781,15.30260057,-15.90532227
-12.79214938,17.52368608,18.15499568
-14.87905364,18.97707915,19.49012092
-4.12579547,-6.57014691,15.78178165
-19.22640556,18.04964906,6.34565522
18.41254626,6.99075934,-16.61605561
19.27000049,-5.29012807,-3.71970881
-11.08966031,17.03256114,7.25076863
-7.89297274,1.42531516,12.39209631
-7.10227877,7.54389928,10.1523221
16.02786924,-17.15172756,15.25198516
13.06064559,-6.94738353,-0.76315286
16.73202741,-2.20363966,-7.24792274
-16.06577329,9.43451128,13.46347659
-7.49344141,14.9659337,5.63720364
-7.51818653,1.83101789,15.11348855
-3.62768286,1.95164342,14.72448195
6.13461313,-7.81274598,7.8985888
-11.7858861,18.61011851,-0.59561445
1.3852528,-10.7558214,16.11185041
-3.76555786,15.39634897,-1.87118596
15.42555465,-6.18246452,5.01974445
-7.85969485,4.51383302,8.84141501
18.94589891,13.35689784,-16.50527531
18.30264489,17.86599552,-5.0383656
-8.96493231,14.81800497,0.1288591
15.97791194,-13.08805431,8.51155809
8.47848225,-15.35199766,13.18788205
16.14969599,-7.07778362,-4.21187052
17.41772,-14.61681392,19.7499717
-15.98270865,13.15337605,13.47446995
-5.17535502,17.41941979,-7.4024882
19.32900033,11.52481368,-11.85889155
18.63569147,6.99902674,-13.02299709
11.80380063,-7.04026805,9.40944939
17.61861591,8.41500065,-18.76639229
-7.51255869,-7.60704524,19.55560137
14.00684288,-5.98618159,-1.89718735
19.22793719,-16.18053637,2.22222007
14.26087235,5.09221563,-13.48147025
16.81403791,-15.85654735,12.28570043
19.87613103,-12.56080799,-0.42779259
2.95741646,-6.32039823,15.97638252
-4.28949991,3.73660244,16.40847246
11.25823055,-16.4510187,15.4484492
5.07061267,-10.10830953,17.5289222
12.58377504,10.01025881,-14.19846175
15.02965858,-6.56569048,4.44764238
7.16391246,-19.72558693,18.20214216
-10.15660294,3.66761046,15.4066514
-0.40757298,-3.01462587,16.29176895
-9.05853962,18.16069022,-2.662129
-12.0452287,11.87464945,5.36084002
-7.40074597,11.98203582,2.62412976
3.4113619,-14.94957379,17.11178226
18.78010003,-16.20833857,4.56177787
3.06704876,-10.96454631,14.26452016
-6.31761624,12.42943266,10.03230163
-10.23238309,4.35374224,19.10778929
-6.4900583,8.66357487,11.57056654
-4.85750545,15.17373069,3.37350451
-7.82074244,10.16360485,19.12019202
6.27075062,-8.11060827,7.26547293
13.45691755,-6.1645276,-2.70410367
-13.18949426,13.80938318,5.4381484
-15.97472332,15.57518932,8.9376858
-9.49757256,19.17236934,8.95310816
14.64870485,-9.40126336,0.10463705
19.78984186,-19.79244293,7.13465505
-0.44324095,-13.48325201,19.75616643
13.18640569,7.17362639,-9.62718586
19.00555312,-13.48218787,10.85962897
-19.94624925,17.56326931,16.59185655
15.62027029,6.30579058,-10.46816495
15.04806314,2.02477869,-11.48301734
-11.14140046,7.69858413,9.95950888
18.16965964,-6.29932126,1.42568956
11.74078894,19.059804,-17.33157195
14.56251364,3.72350585,-6.42108168
-8.24029159,4.23377656,14.18048344
-13.33976302,0.77440156,17.49789527
-8.66727972,17.5220408,6.67952412
1.21453324,-10.66159311,15.31410527
6.4434214,-3.16380973,13.27123088
5.31109724,-7.69635519,11.71526234
-11.72043024,7.66958545,14.24920174
-15.31355737,12.86418448,19.73319717
-6.15448168,18.35630181,-4.45048141
17.02016292,-13.29366047,9.59240243
-19.34778476,13.48297662,10.76256757
17.45806594,-9.63351106,5.34369802
-7.36081469,8.80072955,16.28803684
18.01760098,13.73087089,-16.6741668
19.069367,-8.79605515,7.85748435
7.11885858,-9.56198967,18.61571002
16.71249441,4.69527589,-12.10169339
15.39982377,-8.92299605,3.21819541
7.88223,9.79983144,-10.88375134
5.10695715,16.70484751,-10.30889741
-4.46171536,18.5016566,-0.59156166
13.03859507,-9.29573195,3.35137099
-13.7408637,11.31295711,8.05484573
10.58768043,12.60423121,-16.97087522
19.96515708,8.07708273,-18.95426845
3.82314808,19.4035768,-16.25299735
-8.49130528,16.80146906,19.24518834
17.41762761,-10.00569477,-0.50307872
6.74745422,-6.8405637,15.87122375
10.93051012,10.06248903,-7.47084819
14.11852288,-19.29579892,15.40337482
17.08189432,-11.68398083,4.92723149
15.97910252,2.98398682,-6.31084352
9.25387838,10.76659107,-8.33915453
-16.13485503,13.09872984,17.9922788
-7.39292074,9.53437082,3.56886301
19.76158476,-17.57966673,18.93643584
17.91299808,2.3206668,-6.76540257
16.22026607,7.15091687,-5.52495146
-5.4172146,17.87158291,1.08684661
-16.96975888,4.12515175,19.75946013
-12.07103237,10.54452511,6.43133487
10.18825622,11.6161974,-15.08834844
-6.87538105,6.8622442,6.92997212
12.44068202,-4.35519921,-2.82535912
1.99562165,-9.54985276,14.97119432
-2.18091559,17.43895806,-10.18342503
15.98950598,-9.27371712,7.7528392
10.57550804,14.665956,-16.53441974
9.66094862,-12.17089899,12.77553688
-17.89289446,7.62855846,18.81624614
-12.48654883,1.39743827,19.30102466
3.64671143,17.09603661,-10.98933995
-11.45979217,6.44316165,9.69437415
11.96989511,-18.86387005,19.59890806
-18.2066322,19.27918238,13.01037974
-10.01904995,5.83206975,10.4238164
-9.23533247,-3.2360348,19.82145628
10.67263205,15.67422807,-13.86590066
-5.75203836,-3.66895616,16.10185182
18.09866841,-4.94523238,11.40742074
-9.784567,3.32088048,12.56562235
17.8452083,1.82111423,-9.0891538
-15.30129723,7.71720238,16.37639025
-18.96399197,8.48771864,16.12722121
12.67442281,11.94466554,-19.63499298
16.83675147,-1.42194248,-2.89461391
14.27506501,-3.39710571,-3.92095149
16.0331943,2.20990441,-5.97707723
-5.33263263,-1.07795403,18.13609145
-4.49905335,-2.70631217,19.37927917
-11.92265667,3.2883657,14.53036899
14.24357677,-17.67852362,11.17946519
1.09278002,-10.21257768,18.45337656
-5.28209939,18.67363531,-3.53556072
-4.04277192,17.70395252,-1.87423346
-17.22229809,12.93807483,10.08991383
4.02193357,-15.77355605,17.12905779
16.91995472,-11.78745222,6.46278759
18.3895589,-19.55810781,9.12758179
18.80414574,5.8883769,-18.21815749
-5.30609826,14.01437102,10.74936877
19.34922498,-5.73581225,-6.67358886
11.31244826,9.00709756,-14.99927077
-18.56504458,14.84434209,12.98829413
10.90239089,-19.40597434,18.28694673
-5.4929063,-2.76803534,17.74610178
17.7853595,-14.16306746,14.16475374
-7.88800177,19.84311394,9.86396448
-6.10408624,17.47555662,-2.1516534
18.3531171,-5.14051343,-8.80061172
-5.73753186,11.02910489,4.81865477
19.19729598,3.48857387,-16.10350721
0.95595938,-5.7545212,14.28440613
7.52832575,-19.06376034,16.72275106
-4.6819308,19.9546095,13.8952649
-16.06764315,9.257952,12.47317004
5.92246754,18.10023386,-9.9519488
11.48176091,-17.06732229,19.39725486
-8.77168022,2.54287897,13.85640962
10.47449167,-16.06063644,11.5393514
-7.31048884,19.16501868,4.43094883
18.15103031,18.0025712,-6.68469527
6.84974075,-9.33270592,17.78531852
5.34100991,17.25909278,-16.46976711
4.68717422,-15.4838948,15.76054323
15.7056351,-17.59174218,17.37999829
18.88503776,1.20499871,-9.80846734
-0.40036566,19.86994004,-11.62808605
-6.3753803,13.46139131,17.73596187
-5.53649613,18.24883054,-4.46589941
-9.99375266,-4.08750005,19.13487062
-3.05249168,14.34365613,-6.47351274
-12.42052969,17.5467784,3.01601042
-5.50701964,-5.22563099,18.21364873
16.55339868,-15.41607984,8.2868578
6.96066708,18.71611376,-19.9700795
-2.46450497,19.61556112,-9.1201327
14.45902182,-2.25713152,-5.43549595
12.57924982,-11.35596477,14.56613114
14.06091624,13.44578286,-16.10536476
-4.15829482,-2.25625609,16.31072008
10.36558876,-11.91683687,14.2115904
-15.85861104,18.98967769,11.3578527
-2.62997249,7.14331844,13.25742045
19.26871495,-7.34489499,2.17617098
8.83466943,-2.73999102,11.9213938
18.78775473,-4.08382562,-7.45643515
2.11837474,19.40545966,-9.24676756
-12.07117001,4.88559094,13.5056716
16.33445131,-11.43518048,-0.46737163
-6.49108019,-2.36486171,14.65095394
-19.70661986,13.42333925,13.79152768
19.6871632,-5.43611384,-5.64278722
-11.83878201,14.11631469,4.34089773
-3.10326809,19.83943706,-9.24310234
9.99164552,-4.90859654,1.26175656
2.36120214,13.07493176,-6.63475992
-13.14732174,9.92903271,10.86796587
9.24576478,-18.60261387,15.62854372
-7.65920574,18.71359248,7.03398661
11.56492165,-1.25620145,-2.48047771
15.23021384,-11.20931525,2.49754585
3.55471415,-17.62787923,18.59645201
-2.90933055,-1.44117436,17.21789914
-18.76061232,16.55310672,17.71723371
19.35843746,5.39367048,-17.35726149
15.35752922,-13.5727152,9.08559417
-9.04473764,-3.91090193,18.5744694
2.02923562,-12.84323505,16.9123823
-5.35874431,15.99903884,-0.68317075
13.65544329,10.6570541,-16.34765738
17.40260398,-3.01486505,-7.01488106
3.61229673,-6.52692028,7.86819707
5.54769219,-15.27508919,16.11351146
18.44017375,3.95213454,-16.47426781
-12.82406611,7.57244541,11.78261246
16.74994415,-6.45571086,-2.80491126
8.73790534,19.19923579,-13.64124565
-19.68920992,14.8515196,10.80816189
14.27186204,1.39599344,-7.27386753
1.03775569,-9.44856223,17.23857735
-13.69854156,17.55985059,2.45820594
17.05900404,-12.00143467,2.50665998
17.88687719,10.56175705,-16.15915511
-14.95354962,11.96004151,11.33291259
4.95055672,-9.4556905,14.99696216
-10.21570531,5.21348757,19.73418812
5.94059612,17.94244237,-2.7664856
17.70260162,4.64689068,-11.74736681
2.40448652,-7.95424805,10.43048951
1.57923573,-10.82002436,15.95538065
-12.465725,13.20692596,8.0142401
14.51218503,1.19343947,-11.30089796
-15.19625617,13.24415877,8.70854868
17.31722468,-2.55967912,-6.12452343
-15.61637946,19.01599431,1.57696357
-13.94045559,8.61601777,12.06112588
-7.34793056,11.13351697,3.84037199
5.34861471,19.52412132,-17.50142239
-8.64412126,-3.15281746,16.91351756
17.73691699,-15.24819879,8.06661761
17.94114156,-14.09072162,6.47382853
3.28726744,-10.31429247,14.27142766
-15.36046492,18.1075274,17.49381045
-6.81503947,-5.3737714,19.73314503
3.43933006,9.13108596,-4.55742008
19.69357424,-11.87177615,-2.94324647
13.04608319,15.47016542,-2.82960656
12.45098538,10.12234949,-14.75086955
6.40317005,-14.11532727,14.06842285
19.65933259,10.81171941,-16.59155909
19.95473202,-3.67990252,-1.87084289
19.8634653,13.03122661,-17.35239349
5.2561729,-13.64895251,19.38437283
8.71984502,-16.61764905,16.91221941
19.89011535,9.12486579,-18.81346663
-2.64489755,16.6200194,-3.42305316
9.96983548,-13.23948794,19.1090928
-10.33764609,3.25273528,14.90335599
16.07344726,-18.99163472,13.94373574
16.79489912,-9.20092743,-2.56259855
-18.36501801,7.9004264,16.08914013
16.39337892,9.85211163,-19.65060751
1.26359185,10.20589276,-5.86027864
-13.19398796,0.07526262,18.36804281
-5.10864902,-3.62764774,15.13139337
4.15113226,-6.66409846,15.702382
14.00921279,-12.12631694,4.63294385
18.4289193,-18.81782757,7.92895952
18.9011488,-12.93199332,-0.36625879
11.81865908,10.65480824,-17.2466495
13.1342063,-19.2234114,13.29648322
10.5931695,5.35483927,-8.8090867
-7.95264317,-0.17400812,12.66602499
16.56375001,-5.87175256,-5.55775982
17.24811149,5.52396956,-17.77655665
11.79599025,19.55632711,-17.76486127
18.10890912,-0.34911649,-8.92939582
17.8512962,-3.58011558,-8.12350229
8.43707243,9.40416193,-12.39097334
-15.73557099,13.04823772,12.39581336
1.65195369,18.27455518,-13.90618721
-19.15661302,17.2168979,15.48524848
11.1628766,-18.19551242,11.6686662
11.88097518,11.58706049,-8.78744338
-9.85208055,7.65520612,11.81050224
13.16684488,-17.21324085,12.58829405
-7.70524434,19.88007934,-2.21399767
-16.25887188,10.25089825,18.7600551
10.75587778,-17.98190874,12.17642747
-1.85802059,19.62658352,-5.17622526
-9.75423843,6.53321545,15.92838274
-15.26716114,13.42995516,9.33548032
-2.61673802,-0.90988343,11.57567206
16.17278766,-16.78532636,5.69849214
4.67904865,14.33379775,-13.49829525
14.65147078,18.65174748,-18.64355421
18.23868956,-14.28159398,1.44127646
14.94561875,13.39578969,-17.07995562
-14.89233923,9.21345118,17.35604948
14.98281293,-17.414786,10.86677984
11.7653251,-5.99783848,13.54421275
-15.18016079,1.76865389,19.78534724
17.04292169,-11.67262954,7.17043841
-13.08181771,17.3223538,0.40057354
-14.32036042,14.8659452,5.55984652
-13.84903236,10.97129983,7.36273621
-12.57631871,9.31453614,14.3554059
14.06905814,8.09509571,-15.92633477
17.35505504,5.0448675,-6.42361698
-11.92150208,19.5719578,3.44201415
11.88132259,15.2157698,-19.31910329
-12.36042758,1.90562539,15.83380074
-13.87601414,5.1579107,13.3183701
11.67674953,18.44523577,-18.14907536
17.72543679,-15.17096543,7.98883069
10.45035428,-2.10803446,-2.68891348
-2.71314398,-2.99322294,15.81502423
-6.55344515,11.07631036,2.13443433
1.98196088,-5.67112346,15.80655595
-7.51203046,-0.77151092,14.54549597
12.33445713,-14.60294696,10.45967634
-10.27945386,15.84989338,19.75061278
16.70562792,16.90271978,-6.76102337
-7.47180021,-2.74598299,19.39733963
13.11783373,1.70725066,-4.53604754
-16.61626755,5.71721397,17.71335229
16.56090881,-11.84105728,5.56154587
-0.22276642,-7.69811355,13.86218199
4.56937056,-15.14265147,16.50018051
14.22780836,2.16450938,-7.48801945
-12.26408151,8.11395303,19.02756212
-4.30153046,15.71250155,-0.61433437
14.13198886,-18.42846185,11.46801912
-17.59773327,14.74959718,8.30363825
-18.96688693,10.96689193,16.50197674
18.49122621,10.56882242,-16.36604847
-7.86302325,8.57077449,7.40088988
5.61342166,-7.80926934,13.85945622
-19.22007413,10.86796924,16.06281458
7.27094918,16.24785355,-17.88099756
-17.00362268,15.87625288,7.64382732
-2.02050562,9.81836487,-2.48510929
-12.70794947,5.5464505,15.17144482
16.01431837,-19.78827596,15.58261893
18.54234254,-4.72163937,-2.78935645
2.09517619,-3.53682029,16.85255554
-9.50005704,19.54015596,-2.56102302
-16.87441772,16.15336569,7.34699017
-8.41899851,13.41125633,16.11098552
16.28912364,-3.66671699,-3.66086073
12.25368092,-11.84312475,4.90862136
-18.86548015,19.31743182,8.78603668
-4.52785026,-6.54021198,19.04385652
12.00875427,-13.40008256,17.45339037
10.51284134,-9.03435516,5.11158498
12.64062973,-15.56259013,11.14831798
17.07460421,-6.66957942,9.42426327
-4.87884735,-3.29916461,16.5720102
0.09501301,-7.37829655,13.09548429
-4.13294779,-1.78554507,10.41965241
4.97891502,15.49163456,-15.57877935
-4.93085654,2.96706916,6.75232246
17.92041859,-4.83463473,-5.02043797
-5.27217907,13.78054649,3.8077154
18.88204157,2.78695139,-11.32006397
16.66051862,-10.89201593,-0.31781109
-10.4343243,19.90180703,4.72622955
18.82282069,-2.24259553,-5.55079218
15.42153459,17.35643605,-7.31648884
-8.84788806,18.36626045,-0.9449217
16.89212034,12.83909113,-19.94788092
19.07402878,-12.31138914,-0.08724865
-6.52237133,2.23652468,14.03026068
1.38031805,14.97522356,-4.43455635
3.06139049,-10.8561669,19.37795757
-18.08587508,6.10494547,16.99047118
-3.61120329,14.25936384,-1.22945371
-5.75859987,14.99815145,6.62572903
13.868623,-16.9615974,10.15154207
10.72701406,12.79995639,-16.62927247
11.44025213,-17.57070297,18.21369045
-7.8102391,2.68175156,16.16734409
12.13328112,-17.39853327,9.90937331
15.68823199,-4.44038972,-5.5977438
-5.22129374,13.49928603,16.88093976
18.8476193,3.86031251,-4.5699484
18.01507123,-15.01119906,13.77137154
-17.13483261,17.10108051,10.47356642
0.50691322,17.93728289,-13.4916724
-8.94063318,13.32487617,0.06144354
13.99936241,18.0172849,-12.71948569
8.71405327,13.07339488,-14.84050165
-9.26008229,14.49304524,19.94197438
-13.12976997,19.15086743,4.67370726
-14.82997863,0.94007366,19.53388862
-9.7002073,1.06790132,15.03470517
-1.42920735e+01,1.39105286e-02,1.97519427e+01
9.68141017,18.94693595,-18.82149271
9.6595019,17.79614291,-16.51960363
-17.82635244,13.81344058,12.27591817
12.80886961,-16.6721888,10.18467641
-14.4247528,10.90614934,8.92691774
12.93433729,6.88272523,-8.75834626
13.67031082,19.63910762,-16.6671444
6.06355396,-11.02372522,13.45983102
18.75815248,-4.84219855,-7.00011944
-19.7421677,14.96640217,9.70321906
6.66763028,-5.75044072,8.89821839
18.5298535,-18.85883337,10.66063059
16.4262014,-17.18439362,12.04698359
-0.07844519,11.00484688,-4.85434178
-4.8903534,-7.4460562,18.39583188
18.68486003,-6.65819987,7.17643008
-7.19558826,17.39892512,1.2811147
7.99109348,14.86118339,-4.18977995
10.4035883,-18.26770567,15.76986654
15.187322,8.0862698,-15.6412372
-15.65083676,8.49618385,13.34986818
12.38077961,-10.60327701,10.97647664
4.47497264,13.48518872,-7.75656162
8.87186142,-15.21029441,14.42002173
18.07479709,-14.52720025,9.20573209
6.71698977,11.40457289,-9.09420283
15.23544307,-9.9918565,1.01679969
5.42245152,-9.53849955,14.82727019
-14.20003382,19.7428342,6.65210506
2.84178052,15.12635757,-6.20489107
9.58502757,14.87590555,-7.28704864
16.54749238,8.87355111,-16.24435777
16.74582723,6.85851594,-9.33013101
11.72370818,-0.40275223,-2.63982687
-0.70124935,-5.19444548,11.29503364
14.44860545,-18.40400766,17.94412353
-5.73103311,9.20486693,10.25555713
-4.4715003,7.07250524,16.1945396
-5.7934549,0.73256597,12.90962631
-9.23903554,1.62764715,16.73697775
-7.64097037,12.36648599,4.14902643
-9.04933155,12.13488334,4.19966892
-12.93415041,6.0774765,19.44083002
-4.31067288,-6.96734092,19.36579237
18.34427966,11.6005947,-17.48429405
-5.60261758,3.16674441,14.44348237
0.19513543,17.64686097,-9.85396069
-13.23641696,14.0594661,11.34293485
-17.80416318,7.89112203,19.53955737
13.64616176,-9.92290142,2.43755397
-3.96680388,-6.78057947,16.06254076
-8.05171730e+00,1.27379065e+01,-9.50975623e-03
17.93956723,-0.33637412,-4.89847794
13.46061422,-14.87106218,11.41241304
-7.1475946,-4.06618015,19.62905529
-5.47292038,15.11011303,-0.55158566
18.53526546,-7.8518452,14.43801926
-15.09180356,7.82636994,12.22827834
-0.71878199,-11.25462487,18.34744234
-9.81242213,17.01964644,6.0529825
19.11340058,-1.5960167,-10.68262835
19.91431021,-15.18345763,11.774638
-16.42344408,17.50190554,7.49964276
15.33539485,-16.69579903,14.05406305
19.35792613,-13.30121946,1.96413
9.83030764,-18.54559872,13.9659605
-19.47279526,10.15681509,18.51263736
-3.35060086,-0.68336066,12.62573886
19.02182441,-1.75459364,-3.86112313
15.04354287,-19.67138485,12.3680133
19.17210646,-8.02593121,-0.47183336
-10.33137943,0.80702882,17.0605975
-8.19066666,-2.6055095,16.48398232
-3.58392601,13.34030688,-3.28245633
17.20645753,-18.31572978,10.9926674
19.2316749,-18.48251849,6.29576237
19.7607454,1.55052706,-13.09839702
-3.02256351,-5.76948282,19.73502185
-5.30942824,11.75801117,5.32080558
19.36830856,15.24327665,-12.98517036
14.64691996,-5.03500481,14.5394781
-11.84932848,-0.0474136,16.62853637
3.36806345,19.87238827,-13.97061625
17.17764405,-13.90940863,17.48067283
15.29124102,-17.95213983,11.6158987
-4.41849375,19.23013833,-4.59810344
-7.32778914,9.26648247,13.88289267
-0.65595805,-5.94799168,14.5778932
7.39049981,-14.5995718,17.49622003
14.42275636,-16.10944167,9.73751317
8.6873239,17.82755332,-19.22260194
-12.61828445,14.90157205,2.15135062
16.85749273,7.22624149,-12.32635632
-12.91456021,10.77677961,13.80968077
17.4525479,-10.24166443,4.7794047
-3.89397799,-10.14422839,18.58550962
-4.49133584,18.55710941,-0.83989149
-12.1729387,12.86095286,17.58520925
6.9309065,-10.17885725,13.05124381
8.83159354,15.49892778,-16.22763249
19.54342848,1.94054883,-11.68470076
-6.6116142,-3.75281117,14.85846394
18.86302462,-2.1138543,-8.21472598
17.68515479,-9.29635367,15.07262717
-3.82230876,10.3018667,8.05054155
13.57523408,16.55438033,-18.0557933
-7.33545732,1.6446782,16.92265142
-18.85982055,17.26522273,17.20416546
-7.06579539,16.90358563,-0.87863488
2.19700321,18.63552547,-7.43654628
9.10367848,-17.09140227,14.27737131
-4.22198115,-1.29583515,19.73076701
-9.00227721,19.33093236,-5.2797393
19.43593396,2.67826954,-17.28182138
-19.68179344,16.17841142,14.45719261
7.41328193,14.18130567,-6.67211292
2.14613599,15.73250896,-5.04516309
19.39002693,-6.80617963,-5.73449907
10.11881347,-18.15448598,13.1440663
10.97481431,-16.96174423,18.38525467
15.79423487,12.19308739,-16.41601707
-15.16746555,9.79000666,17.29580929
7.90823353,-13.74916826,15.89777749
3.20256075,19.76737221,-14.02084696
-3.55687076,18.14717246,-7.67129313
-10.42999366,12.67196209,19.2921047
-13.55127509,15.41867227,3.94411146
1.78833545,9.61465849,-6.1320838
-2.79612752,-9.81332047,18.63352126
17.43189716,-5.02305225,-3.75646961
8.67580627,17.92258121,-16.60521589
0.19520385,19.27724508,-11.9544065
4.01086742,-7.20493126,9.46418743
13.14954185,-19.50795554,16.11954894
-6.57720875,-4.29019857,17.29989779
6.05586972,-13.06581141,11.7626716
15.74477351,3.24381063,-4.43229914
10.23253338,-19.48215255,16.59745378
16.90179711,13.86476638,-19.25616575
18.67430329,9.73428439,-17.93188363
-16.45091931,18.99262268,3.27278257
3.44092738,-16.43583264,18.96242968
1.54602411,12.36271724,-5.94451892
17.2316042,17.23654091,-8.05102808
14.18419453,6.39710834,-11.03146141
18.06994746,-8.32643241,12.29900653
15.53851079,-19.06561741,15.51298356
15.00847482,-12.04655199,6.43813314
-2.89945908,14.9960465,-4.42018889
-2.83444256,19.48498944,-10.22150488
19.46268113,-5.11106608,12.00171263
-0.4609082,8.76960651,-3.30859849
15.57114836,-13.80336461,9.60887112
7.39126817,11.22400658,-13.82386157
-17.21945444,17.8354062,7.30399391
16.3104828,-19.95822373,14.36434442
16.46099204,10.8946723,-7.72979114
12.16954089,-6.1130752,14.11836376
17.70411113,-19.84517081,17.61823224
-5.57985412,1.26111176,13.00747575
12.85793172,-18.6973758,17.13089489
-19.696947,15.46051646,17.87215385
9.72627954,-10.05433337,6.18179616
15.86215198,0.65439742,-8.2342061
-9.34216395,3.18363417,19.08630892
11.22443058,1.12965481,-6.88199332
9.55775665,-10.78170872,7.0851816
11.09825823,3.31965418,-6.89512832
16.63756857,3.33997764,-9.57289398
15.38989447,7.89856683,-6.94821751
7.45149377,8.51478032,-3.98665214
15.57763268,-7.16796208,13.70481603
-8.53295979,5.70637283,9.76485554
2.93135272,14.02279706,-10.09270027
-5.37906781e-03,1.32723948e+01,-7.63170186e+00
-18.69362381,11.2122068,12.46465483
19.12808899,8.06771755,-14.39734311
-7.1133273,8.96213338,4.74286448
19.43152401,-11.7374715,-2.4349057
15.11922095,-4.16857358,0.46281685
13.21177636,-7.35988905,-0.34022574
9.53198016,-12.22993466,18.67928842
-15.30819438,11.80254734,11.54990019
14.32003829,-1.37575957,-2.24199779
16.03809166,-16.1086088,6.78296709
19.62188873,-4.86414973,-1.47790101
11.60348575,15.56405854,-16.58911697
1.60971677,-10.06306446,18.57020194
4.0984614,8.29475379,-7.07959074
7.04372708,1.02376847,-3.49735418
12.73207849,-12.21059612,19.99569547
19.72697963,10.14988978,-6.41434566
6.29914211,-19.05905637,17.87603687
-2.00769118,15.64118706,-7.12378115
-3.84833562,-0.76822139,15.34763789
-3.17399408,2.72761379,5.22074476
13.82938384,10.57533244,-19.80526988
7.48459455,19.44447057,-15.2733471
18.10811023,11.69719131,-19.43200104
6.43654345,-13.57648267,17.73618326
18.91410688,-12.30783922,5.27275889
14.61793127,-18.07452879,17.87353545
-10.48749219,17.78957423,6.77748934
16.49651096,-16.83698308,4.90029713
17.72509649,-18.66466618,7.28751413
-6.8102899,12.98693569,15.5438471
-11.38593481,9.92484858,8.29770389
-5.83731554,19.32473217,-0.15163836
-14.44345932,6.29275365,19.7968778
-9.88386807,16.69254708,12.38383393
-0.53972604,15.64053403,-6.81806795
18.97905133,1.77065702,-11.11868879
19.30581984,-8.68481823,-4.89069244
14.31403939,2.78615281,-9.02275693
-16.97235281,19.56332638,3.42035129
19.41869794,1.67144266,-10.73635319
-6.46161412,17.75993058,-2.6614281
13.98746788,8.89729514,-9.85358268
-0.21442972,12.29047904,-3.8773493
-17.89343072,14.41051565,18.70049927
18.53067576,-16.84328208,15.40240687
14.12352547,-17.22580032,10.45831136
10.14352096,-16.43847059,18.13725044
-18.22791142,12.68831018,17.73528695
-5.0255479,14.35461316,-3.13853172
11.18172699,-16.9971668,12.75785115
19.8170965,19.31929895,-17.67397357
16.29315314,10.88543645,-18.33916982
-5.37854751,2.12717578,16.12069908
16.82266357,-5.33499633,0.96954278
-4.59862117,-5.47999031,16.28515378
17.7651063,-14.20070783,7.02534755
4.59055375,-9.82730451,16.95594987
9.91476059,13.04403084,-11.34985665
15.14159208,13.80117496,-18.09034672
8.38788015,2.9154007,-5.32766074
1.65720277,-6.85612051,11.08540846
11.19616666,18.60614597,-9.58096926
16.59751828,-16.39942498,11.34281985
-4.73775421,10.25878861,17.8434881
-3.18871558,13.92918295,-4.19080929
-13.77439422,19.57708771,8.25707686
-11.70520984,1.5487174,16.988431
8.67297962,-12.83377187,19.52871211
-4.35357678,-1.17948835,10.73216892
2.17382809,-5.98637808,11.57852766
16.29695318,-18.9243024,15.46816847
-7.38825792,13.46312661,-0.6175221
19.89204563,4.55428493,-19.83960137
12.08225812,5.46705723,-8.39987684
12.56052267,-14.89579303,19.90502285
-10.40827003,19.3980162,-4.26746115
-10.63753353,2.21087764,14.27560722
14.54396053,-16.76072639,17.98461994
-10.00944151,16.37966137,14.45050935
19.25217924,0.18475036,-7.30450087
-14.22005106,19.92836967,12.64783581
14.33743455,17.16668745,-18.86959126
-12.64447813,13.0579399,7.81690412
11.63636852,9.70717099,-13.03391865
-6.20097097,16.7098352,3.58666939
2.32660107,-14.53664246,18.88791199
-17.41219453,18.7688904,18.95413294
-13.02713931,18.00523264,3.39751433
-2.29454658,-0.58120764,16.58639751
15.69196351,15.683584,-15.94241324
-5.26169837,9.71192752,7.09182108
15.07280378,-17.55992152,19.88478578
-8.21881266,18.51583773,7.5793781
7.59395107,-8.40569422,14.44180411
17.29041837,-15.79734744,7.82259048
19.85516448,-7.21713872,15.11829645
16.14915989,-3.84837302,-6.66509823
-16.49136583,13.54272372,13.16602943
17.15293531,-17.32605271,9.84903705
-18.97760187,19.44653489,12.00470879
-4.44397846,-1.09607977,14.1992239
-8.29375081,12.13014403,2.05720375
12.21770939,-4.71864092,6.85539921
-7.10948486,12.32646938,8.30184611
17.66547478,8.86614309,-13.92216364
19.13888679,-11.31348534,-3.2090154
13.69070372,-7.03595509,7.79887233
-11.64450506,18.79531067,9.38695433
-0.6022024,12.38987477,-3.88764889
-10.61516899,15.7005437,4.67332816
-5.4196971,3.13365134,10.17730818
9.73286937,-5.3366713,11.31432484
5.85556922,-3.71628767,16.5998765
-8.54084237,8.6198772,4.43186244
0.98874069,13.72010572,-7.99704025
-5.29543569,19.53624671,-9.45307278
9.67058545,-18.34343064,19.42607666
17.32136187,-10.54071212,0.41172527
-4.09308196,15.91829159,-2.63219781
-9.74925344,19.00599684,-2.95119763
-6.25431092,18.75043704,-5.24757388
-8.42106448,2.15207327,11.87673205
12.18571365,-2.01449931,-4.42453939
-3.84326004,-3.31975947,16.94099518
14.51568789,-6.4144403,18.17550344
-16.39760722,18.22449914,6.35528306
19.60117349,3.20963832,-5.04997564
12.31695057,-18.99094402,17.63992514
3.73996891,-9.99350756,19.6700049
-15.29094767,10.54879951,17.29523417
6.91774556,-3.36423169,10.26035766
13.40435876,-7.07005637,3.42979928
-1.219755,19.00011075,-3.24583342
18.92442778,11.37467685,-19.08949224
-17.72010992,13.37025609,11.35335478
-3.61187744,-1.01071988,14.54936583
9.10441292,-17.93667427,14.84509067
12.63991036,9.84246408,-17.58490384
-2.35423851,12.09986891,-4.50293636
-12.20512118,19.6867964,1.8455253
17.16230318,1.9892554,-7.72091403
-10.8344316,3.67997323,16.17976252
18.19310705,1.44223784,-13.71201762
18.54705357,9.75581053,-6.49265947
4.27197837,-12.13580084,13.05520872
14.43350968,14.88484385,-18.80011998
11.5973651,-18.26412946,12.42334752
14.23601459,-14.23051025,8.13728032
13.30575339,-17.75948672,16.99119294
18.74797292,-11.01397045,8.30272568
-10.66261612,-3.7689116,19.40883004
-14.00613853,11.15221742,18.9585122
1.91631986,-7.05731232,10.77557329
-6.01198032,13.89427195,3.4225073
19.34705349,-8.28813332,-4.22308703
18.91232103,-4.15242792,-8.6933882
-5.03166201,-3.72838743,15.04158038
10.37535415,12.87782379,-16.77761293
12.54083821,-0.74394676,-6.64306926
-12.20055479,-0.93878318,18.89135753
-15.43287691,6.75330097,13.47178513
15.82377221,-6.96748433,-3.25499322
11.17750044,-5.73829035,-0.56048658
-4.8247067,-1.35080731,19.45608499
13.68336885,7.97482215,-16.91239896
-6.56899248,-5.93195549,18.76318793
18.65382141,-14.76728942,9.45427897
-19.80687783,7.17547392,18.52809678
5.53624345,-8.07878747,9.27611525
14.94305959,-9.06174779,9.4690482
-6.07323922,13.41372006,8.820856
0.77396725,-3.67716925,14.41347492
-2.5575079,-7.82260154,15.18199193
18.76404143,-19.2756135,16.35007726
19.44670334,6.6780952,-9.66958159
7.34192752,-9.94950371,11.23002146
9.22526214,-8.63064954,6.79689317
18.50259668,8.39084228,-14.17167531
-17.39054876,11.85445506,12.33425216
18.77468216,6.65426751,-16.37872281
13.93022349,-3.94437568,-4.51418694
18.00822579,-10.98488591,1.70711189
-15.25770607,15.26856331,12.99054184
-12.13837401,0.88815151,18.83623068
-19.06856298,12.45209491,11.74490481
13.38092116,-14.10990681,11.11071077
-8.76789924,3.23096034,11.7797703
18.04043853,-9.84117639,7.32262088
19.34616654,7.9727851,-19.03121922
-1.71906852,10.0252576,-1.8207597
-0.74526965,-6.41844078,18.95307959
-15.92430379,8.13903852,16.09754908
6.25210734,-15.19536176,17.47382269
1.28796252,-11.53002278,15.31345445
-18.8921055,10.02873153,18.6308901
-17.6424712,18.68044349,5.84763882
10.15945372,-2.6731968,-1.49124229
-15.34144555,12.62259194,14.59064664
-7.9543839,3.40683602,15.36452567
-3.09693669,14.88627588,-2.38486264
4.04834502,17.02504655,-14.52441783
12.70521602,11.1895154,-18.64222885
-5.05939308,-0.9587071,11.55295958
-12.79018487,16.82427768,12.21068303
9.48320188,17.5823728,-15.73726663
12.35925646,-1.05227444,-2.46347881
15.269864,-4.93713636,-5.13180837
-10.76050017,19.99719165,18.83751351
15.20451292,15.02103174,-3.72616524
12.86668599,-14.57650351,15.2112272
10.22602356,12.32278727,-5.80932582
-14.01257444,10.60173097,11.77132137
-9.65926943,14.18973909,7.03373723
-3.73587947,-10.66373516,19.40584651
7.3586956,-13.52278392,17.85417425
18.88210057,6.09978291,-13.80602026
18.59255319,3.2255965,-15.20435117
-4.24313969,8.04792402,2.43841733
-17.77732248,16.34190226,14.66388631
11.68679371,-19.62827978,12.90136465
15.53224387,0.20740602,-9.99867744
10.22262635,9.63791534,-5.43331849
8.67251925,3.94428587,-7.95285983
12.86209349,2.94031307,-6.96873313
14.45650242,-2.64065999,-6.69038725
14.2636363,14.59207266,-16.89777307
10.85694735,-6.56268474,2.61288105
7.19771979,-15.06183432,18.05904168
18.23702445,-4.48783246,-6.30878694
19.58802892,7.76908937,-17.23693874
-2.46806891,-1.59817061,19.7854876
16.48588817,8.01239321,-3.62723946
10.12220268,-17.48947036,14.28130915
-0.0307405,-9.59678285,15.74412796
-8.64151188,19.09923622,1.34473318
0.5473045,-7.30204229,17.30582271
-7.40449966,3.84916521,14.93355731
-7.1233469,19.93219992,3.76000911
-5.49672539,17.87820238,11.5939258
-12.70990828,11.85631778,5.93090617
8.53117427,-6.86098376,6.22903477
0.09005725,9.40969818,-4.40834572
8.45500516,-17.91779609,19.0733392
13.50188412,-15.43610335,12.58633413
-15.73253234,9.45679036,17.17820203
14.24112202,-16.81944142,9.34722714
14.34375683,10.83462148,-16.00889441
10.39466826,-17.53662367,17.17126488
-9.19077366,19.73238017,11.5618432
-4.27940575,-3.91168929,12.69790009
-10.56205662,12.70891679,4.74677189
-6.46942137e+00,1.60680600e-02,1.99199676e+01
14.86183348,-18.72545188,16.15669916
19.04327482,-15.59165051,1.52419417
3.1522746,-2.49202007,9.80630613
-7.21696441,-4.13446716,16.37845973
-17.84027232,11.7967021,16.84267388
12.26337672,-5.40684642,6.56493842
8.31654896,14.47899243,-8.93181064
-2.96155479,17.84096479,-6.9308693
-5.85496429,4.36748453,8.23454288
18.7380933,11.91877184,-16.85657621
16.51517634,-2.60628616,-4.17558467
-8.48570737,19.47844438,-5.0310902
14.74460113,15.10577171,-17.77010898
-11.20507547,16.66373394,-0.70676266
7.05966629,12.32090843,-13.98744306
18.21087393,-3.87974482,2.84282954
19.14479611,-4.92478969,-9.64407733
-15.17936293,18.17381335,11.17071415
-14.59401124,17.92006533,1.36982981
10.09789195,-10.28549821,14.05727322
5.48938526,-11.78424115,15.26495613
4.96352212,19.7175005,-18.47157593
-7.71957863,6.02180655,11.66573361
-11.17168257,-2.89537741,19.46482318
17.07566761,15.42661115,-2.56806804
16.49810257,0.31043415,-12.32410293
-6.87881163,4.0680278,17.77403475
15.27053742,15.08817119,-19.30417037
9.34243209,-18.45926241,16.08687491
14.42809527,-7.65175654,16.54717822
16.03607884,-10.19302716,6.08021293
19.78732984,13.47218492,-19.08041866
19.59111739,-19.89591037,7.12005153
-13.67359472,9.036932,12.91533718
-17.25484968,12.92153774,11.14095187
-7.99812876,17.78146545,-2.51675033
-8.20652602,17.67523022,-3.82165515
-5.22636726,16.04745061,0.3190116
-6.36731443,16.15059323,0.3818302
-0.12651138,16.38570207,-5.1403276
-5.92976579,-4.90438513,15.83888506
-3.26878791,1.01815736,14.01233325
-12.07749394,17.99001867,6.09454239
5.64976546,-7.79911075,19.04770279
9.4094942,-16.3021274,17.84339344
-5.66539869,15.45159987,-5.11283976
2.11557309,17.79498697,-9.8384053
19.03954198,9.87462599,-5.04995997
3.18454913,9.18432417,-4.25681286
-11.05997815,2.65832443,15.26069124
18.62109728,8.65066613,-16.36974849
-18.11004269,12.86115299,12.22964013
10.18171787,18.4719848,-15.4215817
2.63239417,-6.87287013,14.0871685
18.96988749,1.02178712,-8.75208088
10.86802707,-13.72702462,19.38048286
18.9718429,-17.54537211,9.02567027
16.6331029,-15.35372422,14.67438078
9.08776793,17.61160951,-15.65094596
-16.56200464,11.13675516,13.49064851
16.84842396,6.59831485,-10.55408904
18.85819713,19.18333062,-4.18159886
-10.16767107,2.53617858,19.0643522
2.67944413,-12.54293521,16.64422821
-11.65859903,14.53058381,10.70333601
-8.21629616,12.16549193,0.44757813
-8.99582053,14.23264025,3.83338385
-15.78708461,13.17728786,11.91756054
-3.9086533,11.77868589,-2.4703658
6.29629958,14.06707564,-9.74213542
8.19724887,16.0809344,-10.30239386
11.10132358,19.12187736,-19.18014781
-11.33530093,14.38382173,9.08483501
4.99240311,-9.51597317,14.87372652
19.96090337,0.15860109,-14.60029656
7.12144203,-2.78067217,7.73742396
-0.83908419,-6.73465322,18.63128637
12.44021494,11.53382543,-19.32436776
9.92052533,8.82561623,-12.83358398
18.63353963,-6.00012364,-3.08290498
-9.43438542,19.44422504,1.38327837
-1.0391359,-8.52027805,17.67184176
17.46868296,1.08528401,-12.55115659
-11.18472708,14.3884313,6.70903311
14.42674221,-17.22534975,11.80855381
12.2166852,-16.73409652,11.01841264
-3.34057305,17.40887304,-6.17695215
12.63570071,-4.67112182,11.10214449
-15.8913431,19.46154646,10.44950998
12.58388625,-19.53208202,16.76853706
11.56728105,-6.67873513,17.57623829
19.46164246,-14.25099405,2.91245933
-2.650933,9.92347208,4.71517751
17.0577945,14.88734772,-15.53656067
5.75769118,-8.57756228,11.43791347
-7.34292225,16.16900377,11.73523567
19.33321166,3.62190069,-8.55343085
5.41858238,18.56450964,-19.35378351
18.00733607,4.12256268,-17.53497376
-17.69950581,5.77418427,16.38553051
15.90005851,2.4686491,-10.63664368
1.90330495,-11.60756231,19.089533
-15.21573784,14.27804774,16.13743514
-6.99071386,14.46312071,2.26507178
-11.58273823,5.73565853,19.86751236
1.2905013,-14.87691726,19.9517876
16.1090873,-16.5516036,6.38058036
18.95190941,4.02230094,-18.47057467
-3.520357,19.84234754,-4.84459654
18.77775711,-13.05475406,2.01180308
16.75466625,-8.24967532,4.91584024
-16.01455119,9.30306301,11.65464304
18.8792296,-2.24898726,-6.34428308
8.71935083,-4.06078653,5.23374605
-7.18162399,8.29751013,16.91042896
9.75622674,-8.53703365,12.04245853
14.06722668,3.5517397,-7.5271773
-6.4310185,16.40748681,16.64906905
-10.13771774,4.29582932,19.08735091
15.18456955,4.59356902,-11.29792572
-5.58403069,-5.07652208,19.62456924
-17.03669171,12.42316837,9.19891355
-7.94112675,3.86261007,16.25143201
19.06024678,-12.45886243,9.8309998
-11.51443385,4.572531,11.99910593
-13.70547374,9.25351252,13.84777288
-3.44163303,17.48265703,-8.59513962
15.81428265,19.47419492,-16.08718769
13.65876565,9.64228142,-16.12665433
-12.17171109,3.04280273,19.55422673
16.41668537,-9.7833892,9.8614713
14.73671626,-2.22349974,17.82611359
-4.26597649,-8.65875015,19.5349978
-7.82408091,15.04706736,16.81720964
2.7689826,-6.91095753,11.76646306
-6.62231915,6.35321974,7.700905
-1.67234976,-0.90841294,9.71531952
18.09073375,-3.648351,-6.53043936
-7.25189944,17.38091712,14.61494157
19.289242,-9.57644898,17.17226747
-5.61207625,18.0561361,13.0872075
12.73503005,12.95755073,-18.65481602
7.34741027,-18.9161721,16.1356019
-9.30573266,-1.9364586,17.22024417
11.60481039,-14.26092316,9.19470477
15.6669249,9.16866991,-10.71831784
19.49550417,-17.08331359,9.5203897
18.65437241,-17.22279521,4.64611211
18.10557066,-10.64512322,-2.72740118
11.30929685,-9.16719554,2.42489476
-11.79858717,8.00804962,10.9419647
-5.35464053,18.63879854,-8.7816677
-19.8747452,17.80489201,18.918094
-4.05874814,19.71001642,-8.33658304
0.97731594,18.69419923,-5.02466569
18.63247861,6.6896541,-16.72983876
-6.49538916,0.28989265,18.86638678
4.49170907,13.97749911,-11.12524031
-10.4329168,16.8194558,18.66986527
17.4559747,-12.60922273,1.04990362
-18.34546177,14.92482111,8.25913111
15.45379918,-16.65738943,10.73302528
16.00399366,5.28404219,-16.23926971
8.44680394,17.01875654,-11.74816176
-7.95889436,7.86901115,4.50004619
4.12539016,-7.51143668,9.20705661
-3.93450837,18.96982414,-5.98044518
4.26986382,15.12736917,-9.3923017
10.18608934,-1.65537568,-3.87682885
11.82627777,19.44143865,-16.32094277
12.63806099,-14.54427795,8.72186973
18.0550022,-2.1702293,-9.05353973
14.77448547,6.09129731,-15.68484058
15.12327524,12.84764943,-13.38654648
-16.61309131,13.12437693,16.51412048
13.78939958,2.0109944,-8.18821749
10.44674144,-17.86717265,14.68914494
2.28440752,19.03368039,-12.82150121
-1.75606611,19.24510545,-2.53704475
15.4599109,-18.66270833,15.46541526
7.77092456,19.43570117,-9.15884998
-2.41040445,11.73260001,-0.91875055
15.81733827,-19.89620409,12.18867469
9.43786608,-11.92048509,13.51404156
18.6251653,9.92803414,-15.50999563
-12.20865075,8.70122936,19.08902787
-5.35360672,-4.97861825,18.12922598
17.95502104,-6.11897175,-5.38678983
-10.43549195,2.78713395,13.40345538
-19.78538618,12.88603338,16.60742819
16.76554493,0.95160598,-11.19387317
-13.70460558,9.1850374,12.08469847
11.70263952,-15.18854797,9.40241983
-7.64790108,17.89986484,-2.70062677
18.36384385,0.58360954,-7.74033045
19.88510207,-5.44545346,-8.45790023
18.79757866,-5.0731131,-5.78070137
18.73085382,-3.92774574,-7.93638521
17.97521476,-6.46137241,-7.0723361
7.4272288,19.23640142,-5.16880822
-10.73161584,12.45179684,18.40793744
11.6147765,7.63087201,-9.75751694
-0.38541514,17.59051356,-6.57562579
5.21793409,16.35768998,-15.5241129
8.56729575,-11.22065048,11.63168957
19.09632955,0.32287668,-6.29840015
-15.91495496,15.32141644,13.3543679
-14.05978773,12.9303099,7.67098324
-18.3085027,11.92512264,11.69212857
14.59560226,-19.75644784,19.00181227
-18.26080679,15.79858138,14.52693392
14.7738299,-10.72448386,2.50798362
-11.79046372,0.94373222,18.00975337
-7.08422585,-5.87791586,18.60327672
-18.80959009,8.30432941,16.18961315
-2.73646151,-4.97304651,17.80645077
14.16132868,-10.36396307,4.1641858
19.39612645,1.53915499,-5.21797925
-0.58143811,-10.41777699,16.33825915
3.89925523,10.18021976,-8.73201125
13.68838385,-8.316414,4.52221792
7.79264963,-8.2194219,16.19966286
-4.72669608,-1.84672867,11.23013325
-12.97511469,17.32606915,6.73524313
18.5466276,-1.39209329,-4.70216161
13.49795332,-13.47712975,7.75920149
14.46979506,-18.17854342,16.23552811
15.00337429,-9.88169041,5.34532018
18.83206894,-4.23503279,-9.54923739
16.24522441,-8.67855321,8.96756506
-1.68107034,17.81459514,-7.14731288
-11.98843527,4.10886692,16.09845644
11.80368621,6.29753668,-4.92875584
-6.30987356,-7.16649159,19.4690663
-2.5701645,-2.79865344,12.32133151
-14.29962603,15.09948556,5.42977593
5.41248769,14.36561794,-13.72532822
4.22102593,6.40404157,-3.83829123
-3.49571108,11.01398531,-1.19966835
-12.21743097,19.87498879,8.33056744
-3.59680417,-3.96873796,12.32513936
-2.84465058,13.81639545,-4.69896583
9.92555738,-13.74555296,17.88762623
-15.5415498,6.11027644,18.0880291
18.60671317,-12.69455019,7.72426911
-10.58435595,5.56226975,18.08677994
-6.80292681,3.54957562,19.87735971
12.8697644,-13.49452343,8.57961915
-16.44291426,17.97721259,5.98839361
13.62030277,-14.83309918,16.19655802
13.82962782,5.21181967,-11.95885324
5.22387386,-11.10037568,15.90793375
12.11041803,6.24319918,-13.72306511
13.13838228,-14.8653869,16.55773504
-8.58980892,12.24703768,1.05993464
-3.87512557,1.00019939,7.64371313
4.78654762,17.75284787,-17.45626309
-0.56329427,17.31078885,-2.78973941
-12.93566629,14.39313947,14.32728646
-7.24243938,-0.07980901,11.97493266
15.50611131,-1.16054215,-9.66942502
12.45805859,-19.01055525,16.43642526
-5.99268587,-7.42082403,18.16491115
19.74319485,-2.14831435,-6.62255366
-6.49750598,14.14800211,-2.66837809
14.21451474,12.21556838,-6.53828176
8.14132144,17.34730541,-10.93655646
-2.96120482,-2.7638884,14.31760669
2.30676704,-5.25318563,17.7762259
15.64020471,1.81420871,-8.27476832
-8.34429141,18.51676989,0.50010676
4.62050261,18.09288997,-15.51699759
12.02781064,12.09916389,-15.86680196
12.00119563,14.18438002,-14.2688836
-3.84061443,-0.13262568,15.88622201
-10.33987764,19.68423921,-4.37576388
-2.59259776,-3.97700907,17.53234204
-18.62290107,12.23915043,14.94209186
-16.75975736,18.14291877,17.93064086
12.65340224,-16.73921926,19.19454996
-0.45880399,19.18360652,-5.53709548
-4.04140197,-1.73461111,13.52412288
-1.26199974e+01,5.07952301e-03,1.70119627e+01
15.77768935,-18.52397615,9.30550602
-4.84651838,15.24356729,-3.86261214
15.01187762,-17.97036316,8.27793831
4.7917173,-2.39054741,16.29459154
0.33734717,14.21817747,-6.51084938
16.0907342,7.91386229,-18.68469857
16.80077547,-6.74837782,-5.2948262
19.27687837,6.07225752,-13.81076979
19.1305632,-19.76554338,6.18267885
15.69965044,2.1305953,-6.69523247
14.79102497,-5.16814907,-0.08511119
-3.79378355,13.93688588,0.20314
-18.47382705,19.5775869,12.34175897
9.02310512,-16.37430508,15.8746293
12.27767715,-4.39099086,-2.50366885
15.72308501,2.26642601,-10.04231999
6.65149555,-17.13705764,15.03038189
9.02713959,19.90402098,-14.4175076
6.52651827,-12.3699449,11.8704876
-8.36392528,4.51578122,11.57211409
16.93074726,10.82975749,-17.91743298
5.55733863,-14.60667666,18.09089742
14.48229423,9.53119104,-15.6823601
12.49550463,5.24279183,-12.65122055
-11.67345048,7.36697181,11.79582645
16.90479297,-5.97957097,-4.73604914
18.35509927,12.27057395,-18.59122007
-7.79983315,18.51479242,17.13788124
12.58822002,5.77542322,-11.59817046
16.40433865,10.59830905,-19.66090176
18.71377068,1.70510704,-15.62217591
-8.07268748,-3.10883179,19.97630798
-4.58060935,-2.99548852,16.15225406
19.9861234,9.9857355,-15.37851521
9.11762236,-14.50773668,11.79528087
9.23773737,13.48379572,-11.82504536
11.06924246,-17.9585725,16.69628385
0.58172728,-4.4611305,16.35304346
19.36383215,18.76024046,-8.67123103
-7.1120721,1.51759756,17.43331825
4.23635642,-8.56747312,11.32300607
2.69847844,13.40876542,-10.69622816
18.30272186,-19.97584822,14.3451825
-10.78791279,8.56168973,18.1282053
-13.84220416,7.5467221,10.89835048
9.68332621,-8.12116315,4.1612382
-7.71177186,-0.74811878,19.4565063
16.16476112,-17.41326014,6.56453338
19.93944126,-6.67146327,-1.46785528
6.07608323,-19.63322114,19.52267912
16.77401211,9.8602642,-19.11229476
-16.63280223,7.9707325,17.0055158
11.81101146,14.00315311,-16.10695467
-19.95858376,16.5080544,16.55962794
6.46607716,-15.50819261,18.01176935
14.5411325,18.99956056,-18.47554419
15.22137211,6.61173596,-14.25579565
18.61558554,-8.25067413,-4.25690957
-13.82745531,0.51790433,19.13796432
5.13334443,11.7190408,-11.31720889
18.03145691,-4.44417739,-2.65648794
-19.43217475,16.37562385,8.83609777
-7.46323183,6.37820954,14.31669416
10.53704644,3.77437364,-8.59112432
7.23937895,15.49653802,-16.63562699
-4.66664869,13.29576352,-2.14725713
-4.600404,19.26813557,-2.44053864
-0.81980628,-7.68619554,19.50838986
16.01354618,-17.88211197,10.44337272
1.39743351,-4.33056867,10.29626736
15.73575775,-9.63477553,0.1116716
7.67796006,-5.35607551,10.55903736
19.37514143,-5.7543949,13.55184981
19.30378873,9.15329998,-14.52580389
14.28772004,-5.95191876,-1.42464116
4.44513951,-6.25524706,15.48582369
-7.32493441,18.16450017,-4.25738563
-16.21535765,12.25246731,9.04164762
-12.09119983,18.07843262,2.0626879
5.36074362,-19.54858571,18.64009317
10.73669591,-18.41635267,14.10362698
5.94715744,7.72951499,-3.2562703
-19.60451286,11.19935243,15.9092296
9.17543351,-15.01352797,10.88761215
14.92295532,-10.98382488,6.40546358
15.36067377,-18.07368893,10.1141648
-1.8120516,18.6933368,-5.90514165
-15.49945037,19.03248893,19.17453587
-1.35254743,-10.49283738,18.1658029
16.73066723,-16.49932401,15.72696614
-10.52829343,11.07663011,10.69413221
-4.73358873,0.34548663,13.08485066
-3.74890388,14.20508593,10.8343737
6.051281,12.92662178,-11.08694112
-6.44699545,-6.62907875,18.23459712
-6.92401149,-1.25338806,17.81781263
-0.47053449,-11.27709024,18.98815639
18.95502805,2.0116177,-3.54060724
15.64139699,16.92904136,-13.60914322
10.91933103,-3.66991217,0.69336891
-3.7493432,6.75748727,15.47481185
11.17161084,-12.37019027,12.48168973
11.91790333,17.09840814,-14.78992007
-10.06511582,18.85105314,6.36884722
3.99536797,18.80617936,-18.19301307
-5.60332846,-2.638778,13.08706288
-10.70018376,6.97405703,14.93411242
13.76106855,-1.54373459,-4.96748514
9.91818293,7.24425177,-11.0686511
19.858343,-16.18404793,3.65320045
-7.01988581,18.06512043,17.46187211
6.69031829,-18.06731283,17.58756652
17.50701169,-5.07478171,7.6394485
19.38305,-7.15868134,-2.53365431
-1.37143642,-3.73034657,15.90856138
16.65424361,-16.58671352,11.02547103
6.62765691,-13.18231877,15.59304879
17.52387061,-13.07388933,17.77494597
10.96527942,17.21341639,-16.69788863
3.99314269,-17.44363977,18.00448286
-15.33208825,12.32754975,8.1678447
18.07754854,-7.60932166,3.24867636
-13.04137072,15.48384408,2.93988114
-15.10271291,17.05137414,3.64230211
-4.48777782,-6.08949793,15.70689916
13.45710704,-0.35424627,-3.63904293
-11.70942569,3.71924378,19.32305365
-18.7618211,19.93870418,6.1372665
-18.71877369,18.69195138,16.21199921
10.32954519,17.58876545,-12.60698483
-3.12884267,3.64736238,5.54930763
-6.80483716,13.29273378,-1.37323507
13.49545441,17.44741047,-16.78059983
-16.44865882,9.20260923,12.17409305
13.48464581,8.7957493,-17.57938827
6.25102423,13.5080816,-3.69788603
9.18595619,-16.79147966,14.07022671
-7.04529509,-0.92025232,17.57901465
16.9647538,-13.77828811,3.98010987
-4.45373557,14.28504675,11.37459209
11.16221614,19.75826566,-19.38440885
8.08126006,-15.12685022,13.90661108
12.24295598,16.00731757,-8.55125742
5.03193015,-8.6532664,19.89597553
9.53804532,11.85339101,-16.06343706
13.21502134,6.44258785,-9.88241611
14.72699631,8.84338401,-15.34022043
-3.79288603,19.431233,-4.90225648
-4.90807239,-0.44128027,16.00446755
-16.3931529,12.93341646,12.69890651
14.75404081,-16.54474978,8.86275554
0.04520928,-11.36713917,19.09241042
-3.72971567,-0.09316491,13.18071376
15.03625692,-19.09039214,11.16436826
13.93006154,-13.29155177,12.92933597
-8.49536009,5.81992782,10.81080349
12.1925722,13.42304563,-16.68378882
-11.45013506,16.54485305,4.90948731
9.35537187,2.93313481,-6.75374293
15.27506659,8.25021653,-12.93253249
-0.88979647,-9.63106905,15.56556059
-7.51513285,12.92854131,4.48969535
-15.73018165,5.64731485,17.5956028
10.62121635,13.15870767,-3.07260592
17.97970032,-13.91338192,19.79945739
7.25535043,-11.34368548,8.63576388
-13.24596904,19.88169126,9.58215107
-9.89305749,-1.31786204,15.85272075
15.36694327,19.28596389,-17.85357713
13.80001723,14.27659736,-18.66664104
-11.68963768,1.33314695,15.31148972
7.9829586,14.21062991,-11.36891947
5.65240917,13.81246597,-7.31153598
17.62634134,8.15483059,-18.63251313
-6.29349469,-0.57971816,12.33715642
18.90391726,-1.40720421,-2.57648991
-10.3071266,-1.47414602,19.52815078
15.36562912,-17.9571479,14.81150211
-7.52005382,17.83008059,1.77341458
-12.40630578,17.74020408,8.93662842
9.57963248,19.31160541,-17.88945958
10.27723936,15.02217641,-17.42219199
-5.01683529,10.59108719,0.93602087
9.40088935,-18.76125216,15.40577511
11.85772599,10.61636807,-14.15780884
-18.91031313,13.20411153,15.33090738
-4.84306847,17.42308408,-3.74378575
9.67525394,-5.58434198,13.5774905
10.90579122,-13.39115859,17.45977508
-6.01215158,19.23850465,-0.10764979
-9.23841713,17.64585777,-3.50540437
16.99092777,-0.84963512,-4.24919202
11.40521584,11.84538591,-17.23050783
15.35546527,-12.94637361,4.40049997
15.60965103,-18.02923293,17.07156792
-12.31384456,8.14699854,19.9641381
8.96122517,-14.78408835,15.73947178
16.85062728,-6.33837141,10.7670709
16.51710219,-5.2096369,-4.80520608
12.99538671,12.77759682,-5.35529595
-11.43877099,14.81828725,2.00155036
-18.64384879,17.16218928,15.42771429
-0.67200227,-11.67525776,18.50032904
19.34330518,-9.19632556,9.6755096
-17.21164202,14.87036163,8.76450196
8.04118616,-10.49444881,7.48247032
-1.8905526,18.20894392,-1.25107092
6.45041414,-13.5305255,11.65423506
13.26619912,-6.89266489,4.13683572
-11.76207006,2.31193634,19.88554362
17.48870457,-3.69549836,-7.59014186
-16.58396041,9.36249462,11.9974465
10.66282201,7.37735543,-5.03275836
-3.04778883,-4.59461406,16.98790336
8.31174981,-5.9690821,8.40149653
9.41287222,18.38068273,-17.07566968
15.65727576,-16.13355451,7.27801633
-8.70575743,4.59472833,15.77655218
17.14421991,0.97285908,-12.64306728
-5.57334307,19.22488635,-7.5357505
-11.92151894,11.85931801,5.56580668
18.34250676,-11.65564076,4.54551623
14.18814588,-9.01050997,0.36084431
-17.51635648,18.34628722,9.49728137
-8.29099215,8.35323179,10.65152907
9.62338027,-12.82815236,13.93645596
-16.32532914,6.83982007,15.4597413
19.28798596,-16.74797082,9.49921349
-19.51993723,16.21825869,12.58089624
-14.09853938,7.54229954,16.99902464
-13.16779266,18.38699678,13.11545681
8.29415594,17.71017167,-17.78492841
9.51338361,-13.00985976,14.89320206
8.90931073,-5.86367178,14.20447983
3.47311047,17.13873175,-12.60762301
-16.72850404,8.74113186,12.97594222
9.74120349,-8.32446893,3.43846747
14.51297873,-5.75932907,0.14633331
-3.721618,19.55338594,-8.92521795
19.44847193,-9.93646822,1.32775926
-15.2725511,14.75285067,5.63801137
17.40657169,-13.95191798,4.90118425
-3.56677556,-0.63371714,12.69629906
7.42821041,-14.55307951,14.86111728
10.0249897,14.89974102,-18.89942218
-10.21543838,5.5537077,18.65099915
-1.06851228,-7.9079256,18.87788112
-4.08481168,-5.07559577,15.48531933
5.18492302,-13.87040601,15.16233198
19.20674969,-12.26138596,-1.55416651
9.92965354,-15.0678855,12.977546
-7.62234399,18.90951783,-3.07655557
-18.16869916,10.89089856,13.94871425
16.3779739,-17.76068842,15.157301
5.49363664,15.29521384,-12.18127559
8.85350535,-8.02907045,5.40416457
13.38981674,-3.96201538,-2.05577317
-12.36749601,4.33879897,13.83527285
14.17866883,-19.7552781,12.06021152
-12.57879432,1.52800734,15.62072409
10.16640022,16.11382535,-15.5408165
10.01580106,-15.19831451,12.11761384
5.6295327,15.5070628,-15.65366391
12.20938432,-13.99855075,11.35861862
-6.32106046,16.67407929,-3.53065911
-0.83586325,15.15593403,-8.13942603
7.25376524,15.66078581,-15.09939619
11.76694367,-13.05216257,13.57129499
15.05567203,-5.92664163,0.98047954
0.78842926,-9.27532753,13.41446197
-13.66397853,1.55006845,19.60915733
5.68212252,-8.17197887,10.59840204
-0.57907986,9.28683805,-3.33029897
15.56063224,-18.46133683,12.97324607
16.83783183,-5.46966847,-0.48153097
19.72847704,-7.56455884,-7.33377501
12.47183585,-9.81718239,12.05304386
3.36477435,-16.04950307,19.27523613
-3.70705676,9.16590201,-0.19583137
11.53665068,5.76375321,-12.18697142
-4.14477312,14.71948324,-5.34713917
-12.34317321,16.67151672,10.1424035
16.34376741,-8.27528569,1.27288362
-12.94046577,13.22386918,7.4559186
2.86401311,15.14969247,-5.99496047
2.60473307,-5.49644199,8.87424181
12.90975018,-7.20579684,16.83670435
13.51186032,-0.75349648,-6.64330657
9.78573075,-5.95475827,10.2438432
-6.642112,17.81651084,-2.09668774
-2.47199948,14.59624359,-6.8491619
-8.82230625,14.6992899,5.96509561
-2.59101012,19.6151692,-11.55821393
16.13568952,-12.43901407,7.07325205
-11.63267725,13.32359121,15.377958
-10.86678613,9.32710053,7.16266508
17.13052419,-6.79488606,-2.09877315
6.77016745,-9.12418136,11.61080537
-5.95837091,-3.87803733,18.92380803
0.17092248,19.33793769,-6.30906599
-13.7199153,14.43621919,10.24940697
-0.65296671,15.80949696,-10.48478899
8.50774709,-17.05000039,13.52592308
-3.14551268,18.2671381,-8.86783268
13.65599332,9.38233499,-16.84628707
0.62501594,-8.78555739,17.71736651
11.09775011,8.87228359,-2.9531328
16.1063532,6.37756383,-4.8466442
-10.52657837,2.73934921,17.00628383
-16.97328842,17.89296414,11.0448287
11.3596852,0.6910806,-4.08212829
8.9465805,18.91918063,-10.11367863
5.19066429,8.25302216,-7.76739988
15.87249341,19.40121757,-18.57934457
9.39226741,5.50448848,-7.56061524
-12.85532956,12.33403183,8.40558513
-9.83733192,16.76941475,19.67937877
2.49871112,-15.72547288,18.5681418
13.29411561,7.27529096,-10.10169678
-19.52385531,11.88754908,12.07514645
5.85210479,19.4422085,-17.82598351
5.97107477,-3.67784322,4.0111707
-10.00023192,-2.49560721,19.56234949
17.3735291,-0.25760733,-10.74690192
-11.75062933,1.69757722,15.93217799
1.1111765,-9.47924906,18.88129373
18.71832645,-5.74144941,-1.1234684
19.41800445,4.90395816,-18.42603936
18.93568246,16.25428949,-16.0300885
18.2013179,11.68915065,-6.40582073
-11.69604995,3.95243959,16.40093242
15.43870794,-17.76245573,7.81788317
-16.99203454,17.15192843,14.54266808
14.66915455,17.14759971,-18.51941398
18.30014942,8.12018001,-7.51744373
-10.6482973,-1.98268569,17.19865619
9.57505639,11.40681552,-8.34788444
-4.10393303,18.82424039,-6.31917871
14.36785985,-19.39055521,16.75435911
13.68792836,-16.89401815,14.15615645
-0.94957963,-6.42343442,17.33963276
12.43293746,12.99158819,-6.93197102
15.94635299,-18.82052683,16.77584262
17.58784942,-14.17086406,2.43824813
18.39522897,-7.21988043,1.38072432
17.93631772,-11.97413315,5.34942501
-0.03763479,-10.2517398,18.18313079
0.34377769,19.13561072,-8.8635865
5.04282525,-10.32311073,11.01543708
-10.92627435,17.61637867,2.76548
13.62608661,-3.09355643,-1.85394232
-4.18483951,14.61252701,17.03703406
9.76709911,-18.05393437,19.59452828
-7.67839401,-1.06526762,14.96420839
-12.74512935,17.11101246,2.14054868
3.81506341,17.34070055,-8.69878114
16.42443731,-9.4546393,-0.8037062
-16.27754208,12.01225302,9.36614441
1.11241551e-04,-9.10394473e+00,1.38217553e+01
5.78782097,10.5959505,-10.33874684
-0.2177226,17.26058397,-11.3577555
-5.03692562,18.10202127,5.81001994
17.06500177,9.03620745,-13.69993995
16.10993517,-17.62062704,8.53305032
14.88533278,-16.92362471,8.20435068
18.49209101,-5.59595844,9.16581692
15.74409494,-16.38245492,6.86812819
16.0387,7.48144277,-16.23110639
-8.47385912,19.24220868,6.25668647
18.07517932,1.43698787,-10.76787684
-14.13525931,18.95437417,3.08279054
15.29009616,-3.55762155,0.48637879
16.25226406,14.84706939,-8.27125973
-17.1733803,7.11932349,14.87090904
18.60081827,8.33960845,-16.37591921
16.50715778,9.77091082,-6.002548
-10.57363677,18.88397894,5.98133378
-14.86456221,11.73488495,15.26055797
6.68866383,-12.88754933,16.20647368
10.88292614,-16.10184196,9.64197937
0.33607566,-12.78670166,16.97548421
-13.32591087,14.5525486,13.79504017
-18.95361252,14.67187627,19.45453071
13.32957874,19.4610852,-18.32442977
-6.45911511,16.57258655,-5.44250767
-11.45319096,2.24006056,18.6534206
19.63597646,-14.87100464,8.90176601
-16.31671995,17.72311468,14.93443495
16.95809955,-9.60294453,2.6203414
3.02659209,18.94977939,-9.29912331
-9.44288105,2.43055103,19.51243302
17.93973958,-7.95643269,5.84926769
18.75364177,-5.9001305,-5.91004116
-5.29972205,14.06205346,-0.14999031
-2.67189878,16.52069911,6.98742895
16.25890045,-3.63492645,-6.83872429
-12.35077996,4.87293427,19.50145255
7.74323023,17.16417325,-15.53524699
8.81650283,-12.82601307,13.54862709
-12.94937562,7.60667142,19.84478281
5.44918586,-12.49688906,19.9487134
10.74669369,4.71251959,-8.73529995
-11.06710175,-0.80841541,16.57193531
13.22773594,14.73782245,-18.96545237
16.68672617,5.52772809,-11.48918956
14.95873358,7.65882264,-17.80090606
16.78849549,-10.08060522,12.0641008
-12.76635832,-0.63270139,18.10226325
14.81069307,-6.45702612,13.30741922
9.36381442,14.36535907,-18.19502983
-4.03416754,-3.65365808,17.22832609
-12.94669886,0.76537878,18.29779249
-9.93593578,18.96494042,-1.65196514
17.38640998,-14.67280406,8.0826897
17.912574,-3.33922667,-1.03483952
18.50576289,-10.45516833,-2.87473233
12.36193913,-12.47320001,5.99217578
-4.06958956,-2.33809708,18.45879476
-18.29944987,12.02224138,17.07471241
6.52912124,-15.88260983,18.89541626
-6.3013912,1.5005678,13.92323479
-17.9414265,19.4456135,9.23351415
17.80490493,-17.27357062,11.03370767
11.83525469,-2.71411337,0.06217841
11.37281366,-16.03178638,19.99535614
1.75629524,-8.68296108,17.25556429
11.40745659,-15.54264972,11.9449531
-4.10242357,19.09213012,-9.28755092
5.14765091,15.50057482,-14.53791351
-9.34232319,17.70516887,11.74420845
-2.05952268,16.23569862,-4.90032373
-15.26612395,17.27965893,9.99037151
-3.03017102,18.99245251,-7.35805451
9.81923175,-11.28354737,15.44463865
13.2809998,11.93391376,-10.01139401
-8.50803111,5.18929449,14.68667919
10.41108567,-12.94293174,14.24644253
11.10762203,9.07769665,-15.66460509
19.30808678,-5.86494688,-0.03496284
-14.9767733,7.93259653,13.84164175
-7.93750341,15.31989294,4.29081452
-17.24431253,8.70400225,19.64764449
-13.99348189,11.48041042,15.526934
18.13305615,-0.13746811,-4.54908163
13.87858056,-19.97688024,14.07761141
-6.22306069,15.4119899,-3.94788915
18.59191943,-2.86844038,-8.94474447
-3.28816716,19.35971096,-5.77475694
10.34418786,-10.58922353,6.29907462
18.75689985,-3.94296051,-6.42166184
14.48696817,11.18508319,-9.30327097
10.48321862,-18.43459286,15.7313158
13.55698308,7.79394261,-15.08755181
19.94152873,15.04248289,-15.88260792
16.80657975,8.00476137,-19.49001662
14.00361025,-9.96973575,0.84441117
9.78032434,14.10238074,-15.10262906
14.83890808,-8.75310719,18.77344376
-3.63474844,19.75371641,-7.78428178
-6.04596482,1.38482676,10.50749484
11.19751883,10.96277664,-6.94838185
19.3113503,-17.85568523,7.05959904
-17.34108843,18.78103176,3.39300227
-17.01363783,8.97764637,18.63045874
-8.51265436,17.15016426,13.65596117
-5.6710096,16.95623604,-3.39030793
17.57065379,3.88086427,-15.69543809
-4.61735939,-3.70673273,15.60825126
3.07950127,-11.28990167,14.53521478
-15.34837262,12.07196922,18.234736
-19.183798,10.20455624,18.47375
-4.48390392,17.69305363,-4.94051723
-6.14590543,9.11141417,2.64603916
17.94367822,13.9188209,-10.75616751
14.41714425,-18.9285693,13.88411612
-13.07435225,15.3319032,9.12381589
-18.1015988,16.16300466,8.55808702
13.52384007,-18.62294331,16.26310691
12.61114481,-17.79558883,10.63871056
-14.44594267,7.94895018,11.81898475
17.70114638,2.9259537,-9.99010262
-18.10040646,18.96273775,15.50945649
11.93123288,2.10199971,-6.87714499
8.87576694,-13.31973804,9.62776222
-5.70315464,19.69499825,-6.40939537
19.08218704,-4.10909335,6.97396023
-4.69681138,17.01900856,-5.90881912
19.96924694,-4.9697936,-4.71393226
12.90602737,-0.07526052,-5.48678762
-9.88484942,18.2826743,-3.83163922
6.41286229,-11.96780159,16.05346247
-16.40075432,8.6095702,12.68027198
-18.77367247,11.46292794,12.58526947
-10.33672368,7.80420744,12.15755024
-0.23389823,19.44678493,-9.55274047
0.14186932,18.87494198,-8.32968129
9.49225241,10.51321629,-10.88984213
17.48955274,-2.08538173,-10.3209424
14.28874413,5.58958321,-13.13417067
0.78038047,-9.65802939,19.63191607
17.872543,1.12478301,-14.30030702
19.72192718,14.19467553,-9.43798687
15.392083,-8.536107,1.77981192
12.17529793,-9.17922391,3.22405441
17.47581823,11.46066262,-18.12755432
-5.63512131,13.45967297,-2.92604591
-14.30693613,8.81551879,19.76820537
9.30897281,9.43707909,-12.13725551
-11.9366288,8.64220484,12.42097336
-12.5986568,17.81916795,4.22885331
-9.16121427,16.44631797,1.56414108
12.39481514,-17.43484588,14.41329383
19.3544192,9.90316205,-2.64283167
8.99045869,19.26764744,-19.77060117
-4.59230606,-2.82940306,17.71924267
11.85400877,-16.1120021,11.15518546
-16.79177775,9.69724777,12.64182389
5.27944702,-6.84133006,14.16651023
12.09266538,13.71722806,-9.09692232
-1.23245688,-12.88293774,19.30726586
8.46128075,-13.44822981,13.93409761
-19.41117747,19.44602572,14.94202319
13.43630685,0.26120365,-3.40557681
1.84687949,17.29410035,-13.29123124
7.49030663,-8.62747167,17.60208622
16.55248394,-18.7510002,17.32945683
17.73085344,14.91486653,-12.29223134
19.97979973,3.74866151,-19.31247425
19.42971519,4.26117536,-13.14648565
-5.44869394,8.14833081,8.29920004
-15.79845239,9.88875062,11.53944532
5.35922214,-16.33130176,19.01632517
19.58907256,5.3973288,-6.48469014
-1.58910749,-3.36359485,10.24922835
-15.70123958,16.43582584,4.55818479
5.16613712,14.2144343,-14.62181624
-7.35406328,8.14608961,15.42767472
11.00074622,-15.18748948,19.911109
-2.31795564,12.19466771,-3.70224606
-10.5156235,-1.02350001,16.54080309
-15.28600294,9.8431033,10.26282539
19.54248249,-6.47235005,4.27678903
-5.95920021,3.86881369,10.33690116
14.06334413,-9.63813313,1.45036096
7.29896504,9.22314338,-9.14650649
5.34311987,16.91265921,-12.43352976
17.19902391,-18.01339926,9.52286327
13.63871905,13.70831368,-18.1480497
-7.99865301,13.77764754,9.35595708
-8.09159963,19.68184324,-5.87592166
-13.04258327,13.50137974,17.38312003
-4.49295684,11.25521259,1.05442951
7.08276493,-4.06936557,1.68355278
-17.70474299,18.42495747,9.608403
17.42530036,2.10148411,-9.49586754
9.51257092,18.60434729,-12.61382149
16.93468823,-12.26808661,6.94161982
13.40612409,14.74608928,-7.99626024
16.28831581,-15.85517987,5.97937277
-14.3592745,16.27654113,8.87753255
-13.68630732,15.35726388,7.63010371
12.68977877,-17.24993679,8.96425955
18.53361249,-13.89975122,5.47621005
3.02296841,-13.38252112,17.26096286
-7.8684282,13.90125022,5.66403851
-3.93681349,1.69751687,7.18505096
16.45181971,2.02380047,-11.14263025
13.17074247,-18.57458908,11.06794323
6.21221169,-11.54251591,11.40921998
-1.34792119,16.18681575,-8.26798021
-6.09335082,12.20225058,19.94318519
3.42248221,19.39347837,-11.19971579
3.07939225,-16.24134352,19.26820592
-18.07148034,9.65937879,15.17569743
17.26275139,-19.92663564,14.67513697
8.1257561,19.21485787,-13.06969613
15.37854504,-4.95290869,17.85131528
18.52343625,-14.83449193,13.99806156
-13.3552674,15.70558595,10.06025402
12.64299779,-17.66149959,12.98882171
16.52237415,-14.06961529,2.48967988
17.45587488,2.50595799,-14.12426768
17.33018762,-11.3314199,6.91055026
-9.52901006,17.51886227,-2.51736165
17.40632425,-15.62760344,6.23644407
-15.1903191,7.82501385,14.5065801
19.35013425,5.80975947,-14.57013321
3.4492742,13.62126141,-9.45430643
6.56341503,-16.77486934,19.24774518
-6.03004601,15.60920679,-5.00802522
13.27923351,2.43221837,-6.79882036
-3.71565369,15.54095942,-6.1563781
8.17747592,17.56178929,-13.8738723
12.62303203,13.49367636,-15.33720148
-8.44462838,0.30749574,12.85417916
0.42415871,-9.67649855,13.73597931
-16.3799882,19.14598685,4.38170454
13.43322794,-14.24685648,6.77012596
-1.29395937,19.35977245,-3.0942604
19.04487514,-5.02360606,-8.00757634
-17.51336929,11.60977263,11.20042683
8.1342165,-11.8166879,15.13427234
-17.30925175,18.36814333,5.69492285
-16.13203132,13.04400378,12.37514898
-4.4322142,5.50702219,7.59336377
12.52634461,6.62268131,-14.3658629
-18.03912414,8.41626939,17.09726988
9.89702868,-4.39500014,2.01349209
-10.42927735,7.29711733,14.25615934
-14.92606345,17.53864101,8.14573493
18.14212476,-6.73092482,-3.41853266
-11.56047204,3.73397497,13.05178851
-2.9779776,8.53396008,14.40817804
-9.61932092,-3.49743479,18.8339997
3.55222719,-7.23175707,17.45439539
-12.74844758,9.82443517,7.86926757
19.18004419,-12.39822873,7.90132727
-10.23086273,7.17671864,18.35589069
-4.21358646,-1.59790909,10.87512713
14.011998,8.83669866,-7.40687795
7.74885262,11.45479664,-13.82198673
-13.051642,10.25495775,8.56539994
3.38445514,-8.49052939,15.66297508
13.80555083,-12.84819365,9.08126196
-14.30857889,4.97257148,16.12451127
10.8943929,-16.39267172,13.14361829
-1.98206236,19.64261286,-1.47688708
7.12727774,-17.40302183,17.25998352
8.98187048,-15.27526217,16.4468254
16.07467713,-13.90841121,7.53007422
-16.03943843,9.13118357,19.71421217
7.85133703,-13.86231486,16.42923554
-1.10327303,-5.10146031,12.53031324
-11.30260389,18.19644215,8.19529547
18.53378424,-8.38835576,5.35908588
-10.36081814,16.73199281,5.67805043
7.14219105,-2.78161503,5.70669947
-1.49129901,-8.35814108,14.69661375
-1.24119405,15.54878221,-7.8510541
15.35685676,-12.46969141,10.89872475
-10.51155691,2.40608286,16.90870298
-18.25817684,6.2921061,18.4033371
16.70177352,-10.11134069,3.09969063
13.13795888,11.45909865,-18.91772487
-8.23707408,18.15481628,3.22372739
-4.71288594,-2.60999433,18.22595157
13.66297019,8.30018111,-13.7669622
-17.92808018,17.34815375,9.19103775
-11.20986196,12.4308263,3.50756359
-13.16583658,19.10589897,10.11674349
-3.2035899,-6.97704618,16.31994495
10.12267382,13.67971201,-19.001748
-6.94252498,16.54798764,11.93034601
10.25193313,3.50505404,-6.82362338
-7.14847623,11.25192759,2.70887876
-16.767069,9.66392727,16.54990726
15.48231635,-12.28599207,4.06275146
-15.78525236,15.4442635,15.89032972
1.86880049,-15.67843958,19.51017529
12.95772926,-19.43267378,15.06647947
19.77943801,-16.22000102,4.26595106
12.46869474,-17.2383982,12.91141619
-2.6312219,18.77249777,-9.16090075
0.8643071,18.70605607,-12.16654193
-1.76372587,-1.74485631,8.1895501
-9.99779166,19.76554258,-2.78171561
14.61380349,-1.82066515,-1.16281824
12.48156889,13.77472671,-16.86158454
9.25172097,18.99968879,-18.0003374
7.58755704,-12.45471667,11.32528753
-11.17183067,1.87909529,16.97867342
19.71043764,8.00573464,-18.93566973
18.89615639,5.98667162,-15.16978204
-18.10557584,14.27444611,11.20979025
4.52461597,17.56225041,-5.44317091
-16.78982817,15.91920893,8.26335917
13.48700088,6.02714276,-14.71363723
-7.93239479,16.21516189,-3.63392022
6.0595925,18.07974806,-18.49789057
4.69331972,-7.77578088,10.93656767
6.93707129,-15.24378273,15.43903693
-14.43543622,11.37022302,8.47103474
-17.35880895,17.22742624,8.76297943
5.50868356,-10.88586741,12.52524178
16.11486895,-2.00915853,-8.23360854
14.55990439,-3.44335022,12.69173722
9.49967167,13.26933756,-15.58217665
13.06804745,0.59482039,-3.1908907
-6.72277572,11.56664594,8.81515976
5.16630043,-9.24873943,16.18528116
-6.47383083,9.04031574,2.42466178
1.97509824,-5.9105029,16.12400045
17.81046369,-6.69103885,-1.4751662
9.03049227,10.38734529,-13.89651601
-9.21662497,-3.70997733,18.98398873
18.58960316,-16.57846633,8.76219427
19.28377312,16.56148299,-15.60707437
13.95811017,-14.47280307,11.85596417
-7.31744047,16.79936966,-2.53833924
17.76404871,7.42825663,-12.44570774
-3.78617517,13.07757906,-4.89612911
-7.6920381,-4.65735741,18.173079
-14.28185646,16.12220914,11.24114366
16.34642019,-18.71195606,10.55571156
-8.42343348,18.83831366,19.87661192
-8.98490779,-1.23431779,15.64211708
10.87837288,13.05090333,-18.03061824
-6.92947707,1.11786378,19.64600441
19.33728364,-15.7569867,4.98866436
6.04942744,-9.38314118,12.15732045
16.52604845,-13.73222315,3.52742105
-15.95086827,9.57716777,14.43148786
11.07154853,10.2067944,-16.09188696
15.60084732,-5.55834416,10.64375209
-1.80970847,-3.40539396,10.96870736
18.90156905,10.5011082,-15.04924236
1.66807946,-8.7761621,14.36667977
12.3197673,14.86400065,-17.35614572
12.40989355,-14.76289633,11.55513309
19.20264093,-9.6029263,5.22889344
-5.94884293,5.06154884,18.91694988
-3.74819544,0.09572584,19.71809658
17.27111315,-4.32877383,-4.39805012
10.74101096,19.77806356,-14.46688811
12.94637107,-0.02215861,-8.09520974
15.35319065,7.16529084,-17.69081561
-5.65616012,-3.40726409,16.71774994
-9.76518474,-4.17962063,18.86547247
18.40406294,-16.71316273,11.51562801
12.09478997,19.14594609,-10.74247194
2.48518279,14.73274216,-4.6995107
-11.21260585,5.7392492,13.4036862
-11.47590429,6.76237687,13.97116305
9.29730713,-19.944952,17.12168541
12.7042878,12.36350119,-9.67450309
19.1786565,-8.58558249,1.83385837
-19.26712319,12.61930441,18.37338268
15.35463897,7.81849582,-17.97285739
18.25886888,-2.11962168,-9.96320703
1.94591435,-11.41153481,14.62379491
3.63489063,17.8128417,-15.00659199
-12.4014569,12.07772681,7.53446567
-4.61561688,14.40943814,-3.19721177
9.44087012,12.77578284,-13.82610599
-8.77345572,13.04531406,2.58283106
-6.93313413,1.57733402,18.451432
-7.32388174,2.73044736,19.87472802
14.24204762,-17.24257006,19.51609954
14.66598877,-12.15834556,18.27790198
12.54140298,12.46847939,-16.54798384
9.37604879,3.81744511,-6.06076502
1.74783379,16.41908096,-9.62845266
-2.99069848,-9.89393102,19.57308344
16.20082902,-16.82598633,17.38701873
17.51814076,-5.61860096,-5.97657865
15.11398709,6.66158809,-9.33699379
-3.17207935,14.05656639,-3.15188923
12.09760883,-14.91807947,13.82383043
19.7250089,-17.54159094,5.38573468
-6.06946295,14.02833659,-3.43942145
-1.97001662,19.2653852,-4.93155819
-16.89003921,5.76881156,16.77850925
12.84903812,-7.86162243,18.31379703
17.22104847,-17.80328352,12.42653142
16.93956607,12.25805842,-17.10893608
0.10200549,14.18385523,-8.69190302
11.94313453,9.26567326,-14.18710839
7.95869927,-16.92652666,14.73128411
12.71966825,-2.46160183,7.38705716
16.94206858,-18.04020613,7.27434586
15.68544964,9.81132797,-19.83984181
18.92606134,4.39050189,-15.66035202
-5.41640727,-2.94837724,15.96907
-14.10386227,13.49070357,19.02715822
-15.44639292,15.70783467,4.21315301
-19.19308516,14.40541991,11.71861512
16.13404872,-16.49446957,5.81242705
-13.2157522,13.32678294,14.67695902
-11.05937992,0.15726661,17.04375101
1.66584805,14.21349895,-8.5229855
9.80105293,18.13569484,-14.07675362
19.70247272,2.0493293,-5.26676982
2.9500478,-2.96810608,11.72336944
-15.94999688,16.4630991,6.57134974
8.93879296,-14.12895581,17.45354245
-7.50188367,-6.53947033,19.64823495
8.39228482,16.9130842,-19.83314094
-16.14957233,11.38540242,11.5728028
14.29308923,1.99418857,-7.32672511
16.57779946,-19.62011957,9.34591135
-14.68397987,13.37227472,10.26314422
12.70586377,18.12356586,-5.51208694
10.88856478,-7.19065606,14.95743679
-5.01848666,-1.74448576,18.70465605
17.32706041,-15.31221313,5.59560971
14.3212152,-10.469669,4.96661986
10.23501103,-16.29949256,16.00807767
8.81952849,-8.82930476,5.93073002
14.10526279,-19.26019478,14.89717858
-13.93146467,11.69346419,9.64043804
8.73669781,-13.91196251,13.59110091
17.02829588,-4.7280154,-6.00522187
-19.08609216,12.61942815,14.42611667
-16.88073625,11.48075528,15.41011785
17.9883153,-15.7984243,17.92512505
16.86691922,5.75855621,-15.91436945
17.66411972,-19.13233322,17.14979703
4.8454164,18.67179607,-11.53367574
-3.81740854,-8.31388889,17.36494421
-18.9318628,13.8668948,19.80382282
17.00295124,-9.17999565,1.40280917
-6.97840064,18.75356049,6.50858037
12.82193622,-2.9736858,-1.20705375
13.87681612,3.33161933,-8.65956176
-15.89103971,10.57411159,15.21962559
5.9817061,-10.79541243,18.46407757
8.0814178,-5.6485848,2.32474801
19.95101794,7.7478264,-11.92516429
6.22662437,-10.788618,17.82794768
-12.99631003,5.17396186,14.17591744
12.99579191,-3.46641849,-4.88653148
-4.49725893,15.98462971,-2.39990851
17.74777233,-6.61340149,1.63586461
14.96626115,-3.19666324,-3.47336035
-4.01639876,19.08667211,-8.90289886
13.60645472,4.29794088,-11.55131435
10.64179843,14.31463675,-19.2707511
3.233381,17.30329112,-5.08325919
16.69909388,-14.78251871,19.03038612
-4.94915217,-4.64479135,14.52276245
-10.94782186,8.89120523,9.24898495
-15.36190221,5.15504483,16.44957205
-1.28129106,-5.77969847,14.873887
-11.12501669,18.18543732,6.98350991
12.37777353,-16.92351355,16.99591997
17.89694298,-10.79783601,16.88584014
6.55387084,12.45682228,-9.4059489
7.45062151,-11.17392378,12.31220346
-7.23759616,0.48589723,19.50251798
10.68753516,14.85334543,-15.6810514
-6.96730413,9.45284284,3.85387003
-13.33590735,16.69262879,13.7703866
7.80732079,14.04880967,-15.51331623
17.23144934,8.56056802,-12.83525715
-9.22550889,11.49884114,6.76353385
-5.11050616,0.55382655,13.66971282
17.80103382,3.54447377,-11.53016768
-16.7431219,4.67017574,18.42180829
-0.39601916,10.51213828,-5.16096548
9.0323242,-6.07552307,12.66731945
9.85748844,-17.36256222,12.81604842
10.08291415,8.35971662,-13.04226326
14.08716313,-1.58157938,-4.10114475
-19.25824348,8.46793166,15.74741263
-9.78603462,12.74500058,11.07200295
-17.79025774,13.7424243,11.72177702
13.43219567,-18.17349635,11.98849669
-8.6052231,5.83778578,11.09980561
-11.32864459,18.44523893,7.95037172
8.30742849,-17.64272031,14.33334547
15.17692885,-4.52697777,5.02247748
5.22381234,15.65753467,-15.65971046
9.17296917,14.07074644,-17.87184136
-11.99459555,5.807428,14.50832778
-18.81475511,14.09586583,18.99145859
14.96152959,5.59860836,-8.77342317
16.0316921,-14.91138945,7.6530463
18.27214636,-2.23911569,-7.80632335
-6.6673621,15.80686087,1.45732855
18.25488964,0.4446939,-8.79461668
8.84462641,-10.87329205,8.39927733
-14.52043043,3.80095788,19.91748912
-17.35201329,16.19946783,17.84905459
-13.77891588,13.42206103,18.19342729
6.70005878,-13.05671844,18.84977378
-10.51276765,13.24198253,8.68951504
7.07666244,18.70209,-19.6969049
-7.60352328,12.63399748,4.69944842
-6.86689883,17.97565891,3.08384789
-3.52642612,-3.0013909,19.48181272
16.87101838,-17.15047601,9.62358707
-8.50325098,17.846733,9.40647645
-12.79126244,8.74073915,13.19698226
13.94867561,-1.92178804,-6.92440219
-10.72777492,16.6056903,-0.77862983
15.67704435,15.90210846,-7.01116372
5.44193261,-16.86381934,16.62079675
-4.8475792,-4.91871531,19.75803968
-14.98331219,16.67761372,11.61347924
1.16006055,19.36714955,-9.32312438
17.77089709,-14.45847865,19.1940885
8.08602238,6.71087155,-10.26999109
-3.02817258,-0.96883978,10.80339173
19.11794434,9.856843,-12.67407085
-19.98789323,18.37434833,15.39076772
-2.14337045,-3.941681,12.24295774
19.37002441,8.33131866,-12.68228313
19.65850371,-17.80379425,7.19033699
-0.73506119,8.57414551,-2.23500461
16.69133071,-9.44323449,-0.05106535
-5.69838557,1.56045813,19.25646417
2.57191412,16.24747654,-13.73320159
-0.52073634,-2.10875432,13.00861476
-1.54406672,19.61363208,-4.20648373
13.15544924,13.28314601,-16.70788244
-13.01065603,13.88684568,9.53716857
10.13794497,6.99045372,-10.7743628
7.05374528,-13.50215965,16.24206911
-5.42129265,19.80127616,6.9123951
-9.86115546,14.4030848,9.39027857
-9.34830501,0.87133029,19.53976518
15.50047084,-17.90126151,7.35555558
8.9553616,16.94452563,-14.68182284
-13.50203136,8.95884452,18.39160218
8.06463179,-10.35171298,15.57158148
10.85641337,-17.66886883,12.7764823
13.6409436,-9.50952184,11.7698563
9.28090065,11.70870528,-16.20145663
17.89896158,-13.80222292,10.08511686
14.84702599,8.47345859,-18.56523874
13.79519069,-16.43351643,12.83430013
12.81786625,-4.9357299,2.11889089
-12.45961357,9.67835029,8.17064214
10.63181513,-14.63288145,13.90024594
19.92000055,-18.0844223,4.17067112
-14.31924887,11.75427595,19.9975203
7.91374931,19.1513691,-15.7741101
19.80905764,5.98161476,-18.40777491
-15.09178081,4.9914873,19.55616876
-11.34624483,16.81919731,9.28967332
4.668482,15.19563113,-12.19322072
17.60969303,-14.84136957,2.76455679
-10.60009575,2.47193326,17.42873768
-19.52783378,8.75940406,16.72805916
8.2188013,15.3630772,-10.74790047
13.84360278,-8.99137564,6.71929674
4.24860347,13.36586816,-5.16837886
19.57694902,-16.85611841,13.0122216
-16.57413501,16.44834773,5.99391438
-19.4774104,6.29243668,19.1209547
-13.02126203,2.38858971,19.75084884
19.26679736,8.20606805,-19.34042389
-8.35492513,17.69218742,-4.35564329
19.88595515,-4.46613678,-2.50275875
19.53991454,12.40458641,-14.1493682
7.80948773,13.71872232,-16.65455166
14.19027242,-13.40608409,13.69271307
-2.6115572,13.95897406,-6.40342959
-8.61616412,-5.52850811,18.95905006
-6.6314917,15.74647072,17.44773691
18.98244287,-18.53971933,9.08010397
0.40911989,8.17797143,-3.06780632
-13.13710413,-1.62087944,19.32608379
-6.83888362,17.77399286,7.85978125
-11.6819643,13.09652843,15.18261729
5.04420796,14.6981248,-8.15558435
-17.38818422,15.1125328,16.5014809
-14.340395,14.04994342,14.2380597
14.77973044,-4.51425062,8.65533958
5.70262772,16.90833696,-13.53855121
3.68343779,-7.73053733,16.63081577
11.76041563,-15.52794497,8.3611125
-6.17690644,13.83316775,17.75916079
-2.29996706,13.27752099,-5.62753551
12.07170856,1.59606026,-4.94040074
16.77472904,4.8654753,-7.28046096
9.73998369,14.71468693,-16.35817163
14.04478472,4.24254746,-9.81229971
-18.48845785,16.07806352,11.89089975
-12.59293473,4.23561344,13.60346773
8.27392616,-7.27845292,6.6915105
14.8378529,-15.12463552,11.92162528
-9.45571322,5.37125811,18.33149229
-0.32041742,-2.11537647,16.28258809
6.83147365,-10.42960949,18.88749672
-14.21929137,11.27387031,11.4565827
4.43639714,-10.0505104,12.83303802
16.7060849,-14.64907487,8.1602596
-7.9641856,7.48536669,16.84906087
-15.47831594,13.36770639,9.16777585
-17.56968895,14.70331989,12.80874099
7.21775051,-7.05130467,7.90120857
13.46022929,-10.09419302,3.24444355
7.34758843,14.82266663,-9.97224389
19.08144512,0.07590642,-6.23173623
9.05429395,2.84281362,-7.14077688
-7.40616204,13.09740732,-0.6877606
19.47408694,-8.76360668,-4.28040058
9.76025471,-13.52921244,8.16974629
-8.56815323,5.8553341,9.22046645
14.10463018,-18.41603568,9.26478363
-2.17546352,17.78085215,-9.23168648
-13.91901708,18.38627244,12.67403959
9.96098468,-17.54076375,15.22310368
-16.51454084,10.6721629,16.00056161
2.92397864,-5.49900979,12.86595745
-12.84561118,15.71222533,5.35513725
3.94734179,-6.48047783,9.97473764
5.22599831,15.34524888,-13.138511
-3.08557616,11.52592252,0.15989324
0.36896724,17.15537812,-8.05749872
-4.69260257,15.7097311,3.45057827
-8.61816361,13.00972975,13.68320151
-6.60508074,14.72396477,4.04208204
5.27415831,-9.46217818,15.97634897
-2.40656408,-0.18870511,7.98252429
17.36705697,4.13156232,-8.04835926
9.3305421,0.33817187,-4.70782235
4.63977893,19.94462304,-19.07959678
13.75386302,6.33345124,-14.55617295
17.45907713,7.0196842,-3.78666584
-17.73310557,5.03151324,19.24372531
14.43237575,-3.78354851,-2.73621714
19.71082416,7.2889802,-9.49156495
18.89603258,18.76451787,-16.371236
14.99244403,14.03282417,-17.24089477
5.26087566,-10.48334919,11.16700283
4.59722618,-8.59964746,12.50953813
9.92739059,-19.33749921,14.55364903
-8.03368518,4.32365818,19.17257215
-1.03772786,14.06134815,-5.84241733
-6.23255345,15.3025524,0.95367497
-6.9910006,16.68065484,8.71768479
4.5824514,-5.66490172,6.72821683
6.12465299,15.51653684,-15.85131297
12.58511763,8.18547335,-12.59385258
-11.17748715,3.08811598,18.08989889
2.79658531,13.93996142,-6.75623453
8.7053199,10.71031244,-14.31056625
-18.75059542,19.55750294,7.96355803
2.29853605,19.89567861,-17.31799368
14.34683647,-5.51682907,-3.80156308
9.51262558,-10.29820894,5.91313624
14.68467274,17.99960043,-11.06448557
15.79301183,-19.85512732,9.59540987
-1.34954389,16.99286164,-7.4592386
8.11586024,19.52090028,-11.48028578
17.73120951,-9.25530708,14.61507951
18.27624267,-14.26908751,8.61582447
-8.18471007,19.19032487,17.08794255
6.87590424,-4.65185198,9.60865479
16.5953063,0.31769672,-10.98672587
12.29172548,-16.72785463,17.10266676
5.70811883,-8.0060075,18.71281973
-7.49982113,0.87924298,13.34690027
16.02492379,2.18298729,-8.56078868
16.5781255,19.38347695,-17.01378659
17.06260783,-16.50811489,12.41036575
16.73769108,-12.65577988,3.86624622
7.27650598,-4.33310958,9.53769755
-4.61034364,14.16765432,1.237534
-10.1293298,7.60222564,7.77031184
8.04254325,-16.16187516,14.58486078
-15.50863475,17.12556812,2.97976867
10.88117188,-15.38487979,10.36351237
19.58722579,-7.65444747,14.48192285
1.50928724,13.45990679,-7.34122036
-12.68478801,15.98818669,7.70801163
9.22782064,-13.61182125,16.81464762
0.43794488,-7.48635005,12.58594727
17.46060054,-3.31414999,16.75599447
17.53563505,-14.39594272,3.06047094
17.09061384,-7.15794513,1.06233677
-7.16532273,18.62559281,-1.14277213
7.25979521,13.14965317,-8.01834158
-11.56654937,16.32465762,8.0795375
15.18862947,-13.8946451,8.97198973
-7.24769932,-1.94530568,17.64703155
-2.83514828,14.81908594,-6.92184841
13.21773722,0.93375372,-6.82738234
8.69661384,-14.77817421,14.03193034
12.70080953,7.98543952,-16.23023982
-2.64339104,-4.05045402,13.00885498
10.08809044,12.4619503,-17.57249755
18.11967646,-14.76535491,11.7404874
0.17791047,-9.4420622,15.48446497
12.32354665,-0.70122862,-6.08718946
18.96826148,-17.21457963,9.32562261
-16.45801161,13.99433543,11.36604068
-15.58952332,11.02926795,15.80010094
9.30728241,15.88650723,-16.13241744
5.87715848,16.46325921,-14.38265638
0.19308995,9.66287097,-3.87076775
17.27803717,7.36836824,-11.76696069
-2.64754368,-6.79969122,17.47854443
11.77456512,-14.64941823,8.05908203
16.10995075,2.31695462,-6.40149311
-11.84255297,9.11173866,15.43459779
-5.74587533,19.10352183,2.01307042
13.32157752,-8.87660395,14.30901825
10.09638359,15.66886056,-19.99199023
-9.17533523,11.97062844,5.60767243
9.17390867,16.03140466,-18.86762786
-1.27447936,-5.25053349,18.10844707
0.92608469,19.02726851,-7.57053934
7.33439926,-9.84052237,17.93674739
-10.28136078,-0.38130287,16.02798512
8.42656319,17.18150695,-12.73295552
15.50486597,10.85284169,-19.81423575
-4.63946089,15.83142926,-6.67192111
-9.80787936,11.95712741,3.63529276
19.08900918,-13.69947947,13.0608957
-13.98588217,13.13639954,10.87944882
-11.59148735,19.8715419,-3.24598296
-11.92207569,6.52143063,12.69602313
8.41034789,-2.25293785,0.59927998
6.80621092,14.18497865,-13.58290223
-2.8347111,16.04007305,2.13760325
-8.58376566,4.62290515,18.90489661
11.58238821,-11.95245943,5.92003171
-17.81124169,9.09658235,15.96200657
19.16684209,10.03506544,-13.68808837
-15.17596314,8.89391358,17.00392946
-9.01085975,16.86405097,2.89233203
-9.30421117,18.58005115,-4.08582176
15.99182672,-11.02492127,6.88182396
14.90535795,10.2098609,-17.53533669
16.23018161,-6.38536394,-5.03394742
19.4513329,-4.78562512,5.80545617
17.00943342,9.20274919,-17.05433629
16.12970075,-18.72649954,12.55437637
10.28603185,10.94049436,-7.58989428
-5.97004694,17.4555022,2.02156848
14.02819493,8.06157472,-16.79547889
-8.9982433,5.42966966,9.24150713
-0.84415231,-12.30331586,17.96328581
-12.93073489,7.40526641,12.2266004
18.72695646,-15.61610774,1.96619423
-7.67118248,18.53746447,3.31450818
-3.13669754,19.61448493,-8.86083848
6.54459523,-10.20169945,14.96982322
-5.66202649,-8.00181126,18.45346811
-12.79225627,17.08910197,3.15630409
-8.50421135,11.38350618,1.76253341
13.42804256,15.2574778,-16.70617765
11.04453268,-8.43575381,6.20137165
8.8417164,3.47106888,-6.18086336
19.09395033,6.14562738,-8.48485786
9.6651874,-19.97163422,15.37532559
-2.99672972,6.75392709,19.26151909
-2.84437917,19.2148518,-11.73432469
17.7629641,7.1111675,-15.73195968
14.0030832,-1.28477779,-6.36750801
-4.95699819,0.3914236,13.55920663
-1.55176313,-3.8465698,14.91616674
7.24298866,-6.06582378,11.89884084
3.89876669,14.94977275,-5.49341523
-16.56573724,15.32021785,6.44234473
-6.30839318,19.03222538,1.83858774
10.0974849,9.76434113,-14.76903033
0.88140209,-13.72867707,18.33472774
15.30020008,-6.43370634,16.87240259
-13.08499344,17.0768387,3.64165732
-16.95098134,5.76002473,19.85443203
18.13923273,-7.99030203,-3.01481362
-4.08751445,8.20533565,6.61492332
-7.63023679,17.36205675,1.49691178
10.32737084,14.08795436,-14.82132874
16.37274213,-15.48461779,11.15435947
-10.47224019,15.23151541,7.88333297
11.93520443,9.1855196,-16.07619993
19.6025647,-6.9223741,14.62239878
-14.34663547,7.54740647,15.00113226
14.93362321,8.9273697,-13.30235076
3.9972459,17.01948469,-7.97764108
16.47862355,-3.50408044,7.50048978
17.01571104,8.9374041,-5.64111355
16.15817739,4.12087614,-15.00672205
-9.89324338,12.30556629,5.06382345
2.65981875,10.70132064,-3.89207455
12.94868416,-5.18372058,-2.2995123
8.48093097,12.78732472,-16.55502912
-2.21774752,-3.17830594,12.88207901
-13.69520249,11.21011188,10.45220778
-4.69031964,-6.22100048,17.06737659
-13.19797161,7.86291616,13.79938398
17.65908039,3.6354575,-8.77841345
-19.63641743,12.62055417,18.57616785
19.54935127,-11.94799165,6.86868574
-11.48432144,6.76761941,10.39220229
5.99413479,17.00521192,-10.69482735
15.79845997,-9.6740865,14.50856467
-3.91140075,1.6848708,8.43390772
-2.31682045,-5.95485405,18.08240063
-7.6834896,15.79635461,7.2256256
4.95894344,-9.21697531,9.5570914
-11.6422384,6.70556312,9.67261046
-5.23449414,8.76543467,1.90925002
-18.13413707,12.55792669,13.61120015
-5.28563534,1.40035047,12.52317718
12.00548855,-11.95181135,7.77951823
15.29378789,10.44488986,-7.00413067
18.51649168,2.28131662,-7.41927309
15.52013518,-6.32854946,-0.50900558
-8.36670124,10.38408277,5.29656398
-2.82840293,-5.80188321,15.85724336
7.85319105,8.53721421,-11.34344888
-11.2771295,16.94103309,3.9279675
14.17947854,13.65913057,-7.44802863
-15.37882151,4.42529091,16.8283264
-6.15311055,10.26806229,1.11387917
12.14422121,-7.91090138,0.55993474
-9.66255352,17.20860148,15.51150187
-7.9300128,7.97817225,13.7854133
10.15409594,-19.4818503,16.30663665
4.29691348,11.68855573,-11.56829599
-8.22404422,1.97851613,15.74400067
17.74687187,-6.62111025,6.45012718
-6.07535436,-7.77283537,18.80878644
18.7852821,-7.02836662,11.51679725
-0.53118755,-3.39402032,11.06379089
14.16479367,-0.88410103,-5.0661713
6.24440265,-11.59979442,16.38488645
-8.13381568,3.32188125,9.5708101
6.64133046,10.42583535,-5.34341054
-5.08053756,14.64893387,-2.57668769
10.05368494,15.53030093,-9.27011046
17.19567117,12.64716105,-6.29122553
-0.61487563,-10.72182498,19.10221582
11.62999188,-18.0559136,11.33427816
9.45155099,16.62214878,-19.51777807
14.45123311,-4.40859366,-2.39970918
-10.70464564,18.45423104,3.57200897
2.36617816,16.62239584,-13.69786026
1.07209354,15.7158055,-6.9885415
18.30214895,4.86786342,-18.18247792
7.0792386,-11.76508945,18.94867526
-17.04117745,18.32327163,7.99341492
18.78592557,1.51487708,-13.5305525
-1.94399735,-9.13154648,15.68546135
18.69376462,12.63773406,-17.26715579
-1.87058531,-2.15662661,12.56356274
7.53397822,17.32086939,-17.02972086
-3.43807889,9.43332885,7.66315522
9.01907827,11.87440709,-13.52160828
11.79524159,15.62131213,-12.35207464
-13.75381077,8.35377998,17.99544709
-17.72484193,7.94050338,14.40883114
-19.56060311,11.12748735,16.35996835
19.73700498,18.57415108,-5.99429057
9.55317935,19.25045789,-16.96291532
-16.77760576,7.94725533,15.1192759
16.71969174,-4.51937717,-3.87164411
15.13552104,14.94531893,-8.35423625
16.12572299,-14.77216586,4.32368226
3.66989142,-6.16755715,8.73536655
4.30466436,-13.7901966,18.33687723
-4.53043334,-4.60960621,17.5800764
-9.55476927,17.07913058,-0.36473148
11.25568329,8.97764347,-13.89731811
15.51765637,-4.45305296,-2.34268952
-7.58814791,19.0473603,-6.86153736
-13.34180838,8.74830124,19.84259267
14.29750259,-10.92830618,6.52160918
-0.50570939,-11.60274725,17.95948448
17.76406771,-2.254474,-1.61207678
8.34151552,-4.3047828,0.38157605
17.01449996,-6.63121674,-5.74261576
15.27285475,-18.20157646,9.06896184
19.46348139,-16.07045275,4.66165382
13.99788493,14.60599224,-18.83748268
19.15361509,-1.45977736,-2.84800032
-14.76290756,8.29540368,14.48482663
15.95595617,-12.2280795,3.9893379
19.39509351,17.00783062,-15.59689463
-15.9250279,14.42283571,12.98646008
-19.09981125,12.97999194,11.06992966
9.42490315,1.22696471,-5.30929866
-3.94297563,19.43813372,-6.26499638
14.17688112,-18.46102285,19.59379039
6.94342139,-4.6500253,2.21122088
10.32763322,16.94888712,-15.32763675
16.14101288,-5.16938895,-3.34824688
15.66518732,-1.40446509,-6.58646403
-1.7919523,-5.35858569,19.14427993
16.442694,11.33687423,-12.18391396
4.6381592,-11.26003537,16.03283218
-17.93295355,9.18199757,15.65905523
16.35416325,19.18327133,-19.13376752
-4.03043058,3.6474183,12.87492961
-18.38998382,19.88955005,7.58426448
12.06149464,-8.12705794,1.43951413
9.19644816,-19.25676911,15.66910078
19.28756454,-3.11022096,-5.33345124
16.58630243,-3.97015431,-6.77071306
3.41168234,15.36709286,-10.31429055
0.88286484,-14.50840725,18.77944514
14.95615599,9.05146101,-3.31605215
-4.08870558,14.79152865,-1.4705991
16.93647665,2.37947899,-14.68052476
16.05965402,-5.91758726,0.50925144
18.37353179,-15.55706368,3.10448743
-13.69289076,7.11066027,12.88077922
15.85085083,-16.76932565,16.56310194
18.34015128,-5.52015432,-2.64217274
16.73079727,-16.4205392,12.9176733
12.9846645,11.86087798,-16.1451391
-5.77113982,15.88849972,1.61758813
-8.7417818,1.43615791,16.4475542
-6.30670034,-4.56962593,17.05498731
-4.88236911,10.85563324,1.09318962
-14.96780216,10.17165345,14.7371181
-11.54078735,5.76386298,19.27192512
-1.92920583,14.58432719,-8.181568
-11.862027,12.48122941,9.77031562
-13.43619363,7.65469585,10.78358748
16.3375364,-6.35675236,7.16481198
9.41589453,10.28284785,-12.60972424
19.45782918,11.07063753,-15.06836595
19.70637186,3.64585898,-15.62460441
-16.57733544,16.80539015,16.52640815
-16.26339444,6.59908062,17.78014618
7.84096119,-11.34868151,8.14754606
-10.42394162,12.64980773,5.11636015
9.51840585,-16.18348925,18.63405661
8.82152215,11.93654221,-15.22567647
11.66836488,-14.16374599,18.43792119
-15.19578556,16.4085478,10.29563612
13.48169909,-7.35997712,4.04032213
-10.98318018,-0.25498731,16.1353326
1.67570254,12.98684348,-7.53899873
8.04500576,-16.56301664,16.1759263
-6.33911594,14.97131484,-0.86092543
17.66148569,9.8618508,-13.01321039
-12.832445,14.52811504,4.801617
14.806708,-4.7461915,-1.4306158
16.76583537,13.04777623,-19.94855273
-8.32668605,18.12359027,-4.30305506
14.37140214,13.16419097,-19.1893095
-2.55142357,5.64693186,17.07172381
-7.68742998,9.29101417,5.53121824
11.18157816,-4.01155967,16.93538129
15.21359133,5.98799548,-8.67985675
-5.38671033,19.34095482,1.04656286
-15.94830573,12.02834879,15.42211414
9.15772121,-19.75807601,16.04527812
14.70105142,-1.41789586,-6.2390737
6.63799433,16.28046842,-11.26443084
13.95639261,-15.69877603,10.08673262
-2.84513765,0.71601207,11.79445821
19.51214892,9.07700896,-6.82447291
-16.07188991,10.04160281,19.71067471
-11.08494808,17.75844548,17.87749333
-16.59920446,6.09930838,18.7538449
6.77699819,-12.76390652,10.39848252
-6.93888939,14.2192709,2.13897713
5.99461528,8.8311262,-4.45275108
10.96056924,-10.37847743,7.34484737
-6.5099385,10.86115603,8.44605584
19.76332755,5.77074537,-6.36995152
-0.56759213,-7.27380369,13.60102667
-1.4710788,-4.94209555,13.90635408
16.08539994,-19.27651984,7.6425879
11.75458932,14.53528255,-16.60114828
-12.45540313,10.55484514,6.75534505
7.03130337,-7.51481758,6.01332887
18.20087727,-5.82261028,-3.64900108
13.26094109,-4.88633416,2.25638198
6.22203594,-12.64055996,15.79277306
11.57929262,-14.8510528,8.61917841
-17.2638985,4.35602188,19.43259483
-17.39613158,15.92455544,6.4297967
1.32679899,-5.54272341,12.05306484
-18.52158286,12.35738166,14.69221475
-9.85489843,11.34968697,5.88136022
16.44714252,-16.61788317,4.89815273
9.7432619,16.60229753,-18.4751474
4.31405415,9.38225877,-7.67287743
16.06011581,-6.7826318,-2.51416351
-15.41193606,7.9717886,14.33028452
10.38221517,8.90639662,-6.39841122
10.90239454,-19.67381946,17.70998632
17.20600928,-5.65905113,5.42635595
-9.23307075,13.41360699,4.44953334
13.48147437,-8.90701073,8.51671851
-6.80389159,9.28220709,18.85642567
9.99057461,-13.44547596,14.69158884
19.75894354,9.57754171,-15.20516492
12.89073048,-1.67548834,-5.62807223
-7.56008112,13.06001709,11.97727844
16.52525553,12.16536427,-10.84644835
-6.42353735,12.96243684,4.42783456
-2.64369092,-7.38499133,17.85319788
16.32287781,-6.21933244,-3.33332057
16.56667331,1.51719099,-8.21817871
18.42942411,-6.14984055,-7.72593993
12.23847743,12.51212446,-19.55124622
-3.91718981,19.59751807,19.5289303
-3.85732738,12.66355992,3.37797272
-9.88143398,4.92733156,19.15202554
1.72893869,-9.69716957,12.79608606
18.59711368,-4.80633108,1.58093509
-5.86042328,0.66072499,13.60617255
-6.01754161,16.61081135,-2.91593903
-18.98342214,6.88125451,18.73177276
6.40873751,-6.31396829,7.62070777
-6.3746808,17.08416632,4.46302471
3.71651152,-10.70345917,12.04301663
-5.92160382,0.91270109,15.7224044
19.28989803,-3.64802594,-10.18185773
12.32873389,7.89886809,-11.45515207
9.5014771,-13.57045016,15.65201542
11.1976135,-8.87019619,11.85594539
2.63732467,10.50586839,-7.30806511
-19.07924269,9.16562497,19.1168326
15.39597651,-4.00917628,-1.14497696
-7.06229661,13.23139096,13.69225154
-1.21431134,19.84538443,-8.08469839
14.04446546,-8.51759955,-0.86059008
-14.14757911,7.70446494,14.12691834
-9.22322793,7.34129625,13.2044472
-7.08854485,13.00118771,5.62386801
18.88169446,-19.81086654,11.76037072
-4.14496308,13.74112048,10.74221459
-12.77815578,9.28808001,9.30752605
16.13205189,7.41938329,-14.64235537
-5.99386657,18.54075212,-6.49491921
0.15415255,17.01816469,-9.86640828
9.36020408,-4.33192166,5.74930261
-6.57848212,15.49752744,3.0721299
1.28403402,-12.00337312,17.68459872
-9.99289062,19.34286169,3.57876148
17.54880424,-14.38173595,4.02820222
2.54750171,-10.95975865,14.12593374
7.12242967,-12.27296083,13.12193792
19.62780842,3.05226518,-18.12833206
-16.88333918,6.45165774,19.14792374
-6.681865,2.7924038,16.97307854
9.23692817,14.24932568,-18.35516532
-6.21168389,-0.95983439,17.9417385
-3.02313833,-4.05248621,19.99187897
5.69588892,18.9195614,-15.00968509
-3.97013823,19.93135586,-2.27372197
-10.78662212,11.34676995,5.49218497
-8.37693564,10.67464609,4.808075
1.54605635,-10.79981617,15.8352174
19.89444213,2.00354382,-16.46922419
17.46153067,-5.15659294,0.52341899
12.47303222,-15.61574462,19.67925751
-2.05644691,19.58933726,-3.84992624
-8.01375348,12.63467155,8.26612657
-10.92916702,17.25996237,-1.16383127
11.27621079,-9.00222482,4.9701964
18.71910747,-15.19171515,6.15061064
13.86911382,16.65601052,-19.48106958
19.10895735,7.38086265,-5.56229405
12.52751845,-16.88081075,17.8822762
-12.97053569,-0.34745815,17.77890308
3.154876,11.48258723,-6.65957375
15.2966424,-13.66036663,3.27416507
16.64257378,-6.95932907,-2.34518917
-15.62332233,15.96014557,7.48023649
14.79598992,-13.41030271,12.69451503
17.29557466,3.94053375,-15.39488317
-1.92344193,15.70929383,-8.41947923
19.81580121,-16.60993063,13.69716596
-4.83067721,12.39844663,9.97348445
6.1060491,-6.00899812,4.33685576
-12.11762061,18.2046934,3.37891419
16.43748289,-7.91855096,5.27689523
-4.09381845,9.10258563,5.63041867
6.04627578,-8.32570594,10.73677902
16.78559621,5.76954553,-7.21906297
19.59657586,4.80851504,-9.04797346
-12.83026883,-0.53175592,18.57990078
-6.84859169,7.16793001,6.62213229
-8.30162712,13.75023296,1.48263713
-6.92430697,-3.95592106,18.19732482
8.17996122,9.25292221,-11.63890352
-2.84286514,-8.09064156,15.59505
5.08831938,18.65175317,-12.96008989
-8.98161282,0.30765844,15.21726116
3.34360028,-6.77317609,15.9849147
17.10583845,-1.88355113,-4.80246771
17.58540732,-7.91739352,-0.06296697
11.55864159,-18.59190582,15.13932005
-10.3936641,-3.71324646,19.67664838
-7.54362963,-2.96931009,18.88568019
14.89510185,13.0902977,-18.22414717
19.14135351,-14.55584741,3.15823054
-12.63345172,0.72025642,16.67981682
-1.80498283,14.71709224,-6.34083444
19.94079333,-17.12208091,3.5421494
-1.92324896,18.49203768,-9.04969767
-14.93908636,3.48371305,19.17650617
-16.20310007,12.75162481,17.23057225
-17.31350542,14.71451926,10.87490623
17.09357602,-19.63105443,7.19393674
9.66361128,-2.78431233,-0.71675976
17.04335779,-2.96874808,-8.21517584
-16.35477524,2.62562285,18.17229558
19.72731719,-7.93165044,9.56349863
17.2021601,-18.70870844,11.40408262
6.7219402,-12.67682516,17.74192025
-13.84660406,17.82396461,12.40439326
13.36199031,15.7607061,-17.12555886
7.84632569,-18.11029186,15.80099954
-4.50132106,8.37982194,3.30646918
-7.05332696,12.25349581,7.35250356
-18.66466204,16.4852116,14.03163871
2.20874255,-7.3993668,14.80220173
-19.06411762,15.70868025,9.19509338
-15.02207787,9.69588505,14.31170753
14.33867694,-16.69251857,13.46497291
12.58009582,-19.70815346,15.72779607
9.53827108,-18.49537857,17.98681612
-9.12075282,4.07455203,13.31159531
-10.77337793,19.56218743,-1.78296292
-11.34057123,7.18598907,9.71342057
-2.95844609,16.28111804,-1.33683937
-9.97271033,7.93160025,7.66996936
19.28049509,-16.3226505,3.97368261
13.72777408,-5.76491741,0.79862047
19.64138671,15.26639255,-19.35421266
-0.50824964,-2.62873966,17.36997762
-13.4647439,3.89744338,19.55082321
-11.11420672,4.70415171,19.12117522
9.16846217,-19.76107065,16.06087122
13.91113954,12.97738918,-14.71396176
-11.4193687,18.26013249,1.98379005
16.49121218,-4.3053385,-6.58855878
18.34667647,-4.60872115,-7.49256816
12.43474609,-16.33960641,9.38956493
12.98287339,2.89235709,-7.95280033
-12.50064283,19.89400861,7.7901793
-10.38724666,4.36638316,10.66168718
13.05373401,-12.29044733,5.49946257
-12.14292612,19.15540391,4.50966063
12.87181711,2.1397576,-9.0178371
-15.95584238,14.7092554,5.69027063
-5.25500498,9.26159336,0.66889857
-14.66739388,17.83712709,5.10348341
-6.47918937,-6.38974078,17.40458807
14.55572538,13.27573609,-13.32171663
-18.34712969,13.48796465,10.00781102
14.35866168,8.91163389,-13.86749158
11.84547184,-17.69535939,19.07598892
0.51424947,-6.74607774,10.6515878
-9.17817118,4.06276076,19.43591348
-0.80643009,-4.74508018,10.14629967
2.57865697,-15.6963066,18.62887191
-19.96147597,13.89202152,10.51890183
6.30717764,15.23320348,-6.27316671
13.02892749,3.73165439,-11.14325205
11.88278822,17.4706381,-5.00509084
-13.80172494,17.13715319,7.39102923
-8.63299371,18.46717221,8.89377975
-7.16675975,18.65796544,-5.598878
14.93240152,10.33099158,-19.87981323
18.8173242,-7.34623614,-2.90301073
-5.6535188,-1.30442162,17.99067941
-2.37669948,-8.30474462,16.807756
12.19854326,1.27612051,-8.84551104
-2.50262862,17.87117277,-8.10330543
-14.86357602,13.911524,16.4084819
-0.54795245,14.02162048,-5.32934978
13.64152867,-7.9392072,2.18833247
19.27814433,-7.49061703,-1.89490734
-3.45535675,18.54490748,-2.39407845
10.81756758,-13.78369707,17.84450684
4.77459136,17.90534019,-16.61986314
16.2712698,-2.23695927,-8.53214352
-12.88721982,19.07052084,-0.0657345
12.52387046,-14.58246972,11.29003134
-11.18097818,0.90854104,19.86052675
15.374195,14.35401224,-19.89600256
3.31849066,-9.94054086,13.79395835
14.67275607,6.17471006,-8.68805915
14.94998298,4.24162474,-8.26065287
-9.27563008,16.04676445,2.46063519
-13.12390729,6.32591283,18.91636365
-4.05092878,15.5034402,-5.13028633
-16.20224933,6.28701649,19.11182747
8.46020604,2.73378046,-6.17047062
6.76913611,-14.67620109,18.51257448
2.63620675,17.86911036,-11.23414575
7.88311852,-15.56190508,13.22001049
15.83149973,-4.59322451,-5.55562927
-6.7961644,1.67874687,12.18772859
10.48324325,-17.62446378,14.41155585
19.53378334,-13.09742345,0.58762622
-11.9832478,7.29369144,11.45819114
2.80259187,-12.23948666,18.22926094
-14.04968702,6.2558977,15.25579231
16.52932355,10.14461219,-11.35891633
-2.31786661,-9.81156814,19.37108174
-3.92301427,1.72357614,15.65670152
7.1654273,-10.85208936,16.43963318
12.87296389,-10.52140712,5.81271005
9.99028303,-16.47314047,14.26348402
15.3931273,8.05384579,-12.82798391
19.69118731,4.05135175,-16.11335855
-12.00308425,7.14263417,19.05529852
11.57910642,-14.8711626,11.08892835
10.99790583,11.62090874,-16.3474139
2.7369763,-4.50344801,7.63183835
-19.28065136,5.15326303,18.55060185
-6.96733995,-0.23249231,12.29186152
-16.73806364,9.24068841,13.46452682
-14.67115093,9.48497187,19.27559568
-11.74594898,2.62455329,18.69105981
0.76001252,10.1133127,-5.87289778
13.43661339,-13.33722792,7.49850339
13.83638447,9.63008117,-17.14318614
-0.85006077,16.79127937,-7.08092833
-18.16269376,17.96082952,12.41764911
-4.39253402,10.00213093,4.99747921
12.28609317,-15.23829115,12.57022198
14.66519013,-19.38700449,13.7559344
-14.00923543,-0.33562153,19.91369279
18.71414876,-4.31046457,1.42765483
14.18793422,-4.00990779,-3.54190999
17.73559698,7.23595521,-18.26231923
13.91616031,13.26967512,-18.84784839
10.23494352,2.83672149,-7.55489236
-17.81300034,15.89197651,14.61279849
11.2618002,-1.64813413,-3.22871148
-2.52972364,-9.08104465,18.29329886
19.12459131,1.38512594,-11.73921783
-4.80003479,16.17434139,-6.02727519
-15.25497192,2.77919283,18.75946677
15.16564527,9.26242224,-18.1356386
14.61727825,-12.83880819,10.7401506
-5.09107616,4.13356359,10.66418861
18.0141097,-13.48200036,5.10557068
14.91938299,19.24288124,-17.29147276
17.36893683,-0.83822303,-9.41410789
14.53065869,12.82167659,-9.55716511
-9.18581297,6.15788613,11.39509082
12.40416568,-12.84876347,11.56077322
0.26594171,-10.31387942,15.92730685
-14.51577883,18.72934939,6.47286662
13.93596458,-13.97892978,12.72895909
19.2132229,-0.53086325,-12.14485246
14.05121052,-10.118237,3.95446851
16.98702027,-3.40815067,-0.08075502
5.61799644,-14.59886465,17.91118198
16.52005093,2.2156088,-8.83048374
-2.86509016e+00,8.73437866e-03,1.31787730e+01
-7.26115008,19.05801841,4.1573696
2.50483794,-12.70595972,15.25475539
13.259133,-1.87326844,-5.5021834
4.60525829,-7.76393856,19.31002448
9.92860682,8.69460325,-13.41482803
-2.61426711,-5.44434254,19.21559079
11.73316393,-4.04801934,0.65932725
-3.35122683,1.49250383,15.33027834
12.5206703,-13.87065191,14.11756453
12.64510929,-17.19437479,19.29848357
13.29669791,15.29326592,-18.75861107
19.3235176,7.54340257,-13.90924718
7.94193729,-13.13091692,14.19774293
-4.14385751,19.08282806,-6.52399554
12.88178019,10.52987687,-18.86444285
-10.02642832,17.62666311,5.70707757
17.24338964,2.01338808,-8.11244934
-12.89173678,11.30753261,7.19912242
12.86241138,-15.66938707,14.33866873
14.72421265,-6.95744211,-3.06227941
17.12601704,-11.3983344,3.77002324
-17.69366784,18.41121615,12.33378159
6.82736644,18.98428071,-8.25597749
8.76818723,-5.75361765,2.52058352
-15.3358717,11.70776246,14.84836254
15.52729187,-10.50607526,14.86248736
-8.37067951,-1.79070831,19.17050255
-15.17979708,12.51046981,7.294497
-15.71363794,17.25271389,6.32737132
-1.79507398,-4.4188375,15.0840435
5.55792147,17.56149743,-10.72649794
11.94213245,-9.85778073,5.62063183
-12.60434593,16.77225534,3.15699627
-6.17436774,-0.22551092,17.12252226
16.46496991,-9.62017104,13.81473975
18.92577756,0.28755892,-12.62008479
11.91900789,14.23044213,-14.95824363
11.00070228,0.98774158,-7.31595699
-15.60763424,15.48671012,14.38398696
15.00901199,-10.37545841,17.64130704
10.18882869,17.23876776,-11.58785482
-17.22815696,16.52109647,11.64069233
16.78411383,1.21412133,-8.20196343
2.45659233,-10.48613358,16.60846993
-5.97979825,-7.94822162,18.88759436
-10.78523797,4.71310404,19.48420471
16.61730306,-12.33933755,3.76073369
16.51956631,13.22991328,-3.64125733
13.87011286,9.28480344,-15.01096397
12.97169421,11.19496239,-16.85807594
-2.90793343,17.50967379,-0.48571894
9.23498398,-12.76318109,13.16482822
3.99080098,11.68640246,-8.26861106
17.80432744,-4.39742612,-5.52222408
15.40273816,-7.72758754,-2.23225696
0.39818986,-3.53303831,10.93940515
-13.4510881,17.65659301,5.51758761
-2.67773543,17.73724416,-6.19019317
-2.23769244,-7.45553444,17.68774474
-17.55719731,12.93867371,13.29199048
18.3569709,-10.9368381,-1.65890695
-11.41497723,7.82817458,16.16400241
11.0134278,-17.11081563,18.7304299
-3.15481614,17.80654573,-8.64382948
-3.01307184,6.07205531,7.60631456
