-11.41252444,16.38009485,12.68941493,16.15521899,8.2751708,-15.27695195
-14.02123466,15.68862394,3.32662569,15.98960702,-6.04378037,-14.06304897
-17.38645987,-9.38924133,8.2961041,17.88244078,17.51730569,18.58988254
-15.28395599,10.40330595,4.52426821,19.90682145,-11.6935434,-0.96642384
-8.8921597,8.9747444,-19.3690512,14.75662587,17.14425025,-13.55622501
-7.69968059,0.75963365,-2.40964588,-2.82343791,-8.41817811,12.71429927
14.15362641,-2.55242492,-8.14225006,-11.11892733,12.80651261,14.447464
-0.99860478,5.50367984,-13.00604219,6.29846234,-18.63202256,-9.10325105
-3.11971836,-0.94482241,7.93980237,9.00974362,-13.61976584,11.54202891
10.58066892,-14.50558776,-17.24662633,15.10639216,14.08787633,19.07386922
-11.94321682,4.7150557,12.48696148,17.23904032,-2.4736149,13.75511703
16.19212221,-2.44785782,19.84988777,-17.44956193,1.8989168,12.28622944
-9.3692695,8.48602399,-5.8811517,-1.91080367,-17.22671629,8.4224178
-1.10943899,-14.17000677,-0.51443403,13.94544145,6.24791818,-14.73229732
18.96285581,-2.36586498,-12.51650746,16.84571538,14.56157411,19.8507244
-13.28303781,19.73871518,13.57253106,16.79980532,17.61689291,17.31321702
-6.86632435,16.40314779,5.02909743,18.1199805,-18.58163655,-3.2031663
-8.1562033,-7.21387602,10.81344616,6.73856163,14.65394909,-9.95672287
4.50583598,18.7399384,-9.24949519,15.5786653,12.60195079,13.66095404
19.61230821,-11.70146141,-10.77943613,-18.05011726,15.15888071,18.01151525
9.45194723,-10.15913753,-7.33541394,-15.62781727,-15.07770357,8.33884653
13.60727215,-17.75425434,4.37884843,13.78377945,19.11313608,-13.7697133
-8.15031124,17.63673842,-8.2285356,19.87249338,-13.80392748,18.12515997
1.41710746,-4.57125441,14.63511277,-5.90005077,4.77130648,-16.29170126
-4.1025807,11.70897888,-10.01255773,-10.73940122,-17.97226727,9.19214992
-7.53118394,1.75882297,-12.03681545,4.76262621,16.97367119,16.09607352
-5.8456181,-12.57468811,-0.14970333,7.62171339,-17.00175068,-7.28259302
-18.93015724,15.14210376,-5.89978915,9.34633043,9.07697036,14.67722548
-16.49590396,-3.50710437,15.0627954,2.70025168,17.39677308,-16.0180767
-15.0593201,2.65891799,4.98050383,-14.93794477,-6.76116847,8.00519663
4.14730671,-2.78876007,9.13847549,-3.97856254,6.06864484,-16.77121346
13.5101152,-2.99690299,15.81153973,-17.73094379,11.40885709,-11.48106303
-7.40459325,15.44894277,-4.92642206,-2.88776938,15.32345357,16.62686081
-5.87104271,-9.11921125,16.25469872,19.62120151,2.13812269,5.16736203
-3.23517837,-17.102923,12.50712982,7.28001971,-15.81658292,-14.75573049
-0.84728479,-13.87443735,16.73616066,17.22895539,19.40886182,-11.45083977
15.71431717,10.16553818,-19.86894065,-17.28765197,7.44812641,-16.93056198
-5.45378855,7.64707609,-11.54474669,16.68377358,-14.96406165,-1.17931433
14.56441831,-8.95203438,-1.93678516,7.64596357,11.39618536,3.32243208
-2.76318758,-17.96796055,0.50077695,4.96544788,-11.67193144,17.44380773
2.37856332,6.36068717,-9.25704909,6.46344019,-10.38907883,-17.97143081
18.78097559,-7.39045785,8.65786231,11.46072826,9.66097303,-6.59193214
9.10088268,-2.47886595,13.94074319,1.90341079,17.16097939,0.60567445
-9.20772066,11.60789948,12.24016572,12.49337307,-4.68977105,-1.84412126
-6.9857013,-5.26757356,18.85452235,-5.62665703,8.27915148,-17.30920988
-6.14653449,-3.74000132,4.71156791,-13.93011451,8.89438212,-6.56334615
0.40264183,-4.54766785,-0.974957,17.51369819,5.6830064,19.67894005
16.87153438,-7.16536321,-15.29201767,2.83788619,-16.38827856,17.99611239
-2.44603837,-10.75016651,5.75118617,8.00033105,15.37520016,3.75878395
-15.36974985,-8.11012075,0.62495509,18.16625384,-0.25511835,-19.92087244
12.50810075,-2.41566522,-12.87588401,-16.98251676,-9.85641812,11.68922307
0.6949916,-8.36732351,14.71150594,13.74627046,15.67687835,6.97082086
0.98628874,6.75778203,-13.66269442,6.84087405,-16.75047869,-0.20493371
17.06647593,-1.01655482,-18.10959992,-7.68981179,15.41587581,11.51074922
-19.92355864,15.85307469,-4.56583846,-2.37558725,-9.60263174,13.78298942
-2.75470444,0.43394221,-3.98795571,-4.64210172,-6.28731038,4.85759459
-11.42272505,-11.81258855,15.44481987,17.66943134,19.54800099,-2.70876589
7.00849742,-1.56201386,19.1776546,-11.63381452,18.98350878,7.41879095
-16.13654914,-9.54143411,1.21460664,14.43890295,-13.18569686,-8.12677379
-4.17492496,-11.40576398,17.51120121,4.51859801,14.83442929,-3.3312334
-2.66724912,19.45834354,14.10846118,13.94096652,8.91916018,-13.69593043
-6.82918076,-15.00631829,3.26749611,15.70384558,18.58237612,-9.37850384
15.38516853,-10.85433721,-5.39113689,-19.16184124,14.72543834,0.43702284
-4.04157437,-3.2608753,16.15680836,15.04107676,1.00589595,-2.48525829
15.68401719,-2.28833921,-7.97619006,2.50379013,11.68169435,9.49677857
0.257731,-1.93228994,-8.71903509,-0.41248442,1.32167369,11.31368522
14.4787774,2.83540055,-6.14732759,6.25339077,-11.61404614,-3.77810183
4.76695892,-18.11074129,-17.53293522,-13.31934674,-12.86339964,17.92020739
-4.01159519,11.72165328,-7.14662479,13.01896733,-0.11807532,-6.86073936
13.89035245,3.31672286,-9.49546645,-2.69591332,0.79458018,9.06866338
-1.68467173,-2.25263073,-0.73362838,18.55135851,2.83818977,6.19782499
5.78634626,-2.32510237,-8.87190141,10.79530048,14.20424247,18.60767602
14.22533391,-3.50404969,18.76219249,1.16517485,18.89532283,-17.86419862
5.94910363,16.01310028,-6.0751674,6.09740437,12.60760626,12.47066096
16.54185713,-16.33538738,-0.55500767,6.2139228,-3.29066454,11.83702409
5.08008068,-12.03514001,-10.41150051,-10.00125295,18.25001503,2.9754497
-3.83204697,-6.66450309,14.16789508,-13.13475338,8.08954012,-9.99749824
-2.63486062,6.26667058,-18.40293488,16.7303242,-15.80439909,3.26595235
-4.48001991,10.59801884,-18.80837218,16.5829738,18.44998384,12.49370489
-8.50580165,-7.30826113,-1.44007292,-12.99035217,13.45351737,-3.85089329
-19.29505531,10.87486028,-5.86072627,-15.95981983,-19.85662547,13.20674584
-4.51837309,2.87708331,-15.23461872,13.04723769,5.83042791,-11.79017277
16.06851429,-14.34827468,12.87571033,-5.4430917,15.07576002,-11.77217138
-6.80151214,10.56250176,-9.78381876,12.32262987,3.89908913,8.64905942
-2.14765694,-12.85224305,1.53117077,10.14092882,-18.84519995,-9.02813012
-13.15760887,7.85256063,-1.28703148,17.54612978,-12.63156801,4.70961455
8.14560482,6.53859625,-6.78311588,-2.53875327,13.25640747,16.24858291
-8.72107451,13.04847627,-2.95079552,6.99050517,16.05501676,13.61066053
10.73594558,-19.50230598,-4.96818223,-5.36608497,-9.95991896,17.16174567
14.46147147,19.35797244,-12.82382159,-2.55557353,7.32017814,13.21575492
16.99762159,-8.90813673,10.01624062,-16.98492923,9.51980435,-1.83652084
-15.56978991,10.11058465,-10.37105729,10.9989254,6.00881183,18.84469515
-16.67955509,7.43789536,19.83938248,19.10243957,1.4176414,-13.91878262
13.38082656,-10.24657068,-1.74239841,0.46403897,17.08297801,-2.85368702
17.51345629,-3.95052521,-8.22348748,-10.52895732,9.70837964,13.88816669
8.09809194,-9.98227218,8.2854186,-13.01568109,11.46893113,-2.96102595
-11.64173947,-8.27985454,7.82948543,12.9564656,-11.68053929,-18.24744502
15.62630925,-0.40690915,-0.52349149,5.34239044,14.64667117,15.50864036
8.15020735,-3.19186072,-7.08413265,-13.31286652,7.58809705,9.09533595
-7.70534654,15.18851239,-9.50601628,15.35753189,-5.63229689,4.09352089
17.93434692,5.96145628,-11.39210745,17.13417193,-8.25222261,9.1221655
-7.33432722,-19.26848475,5.91573636,12.51124466,0.08809659,18.73468209
2.0851054,-12.96525928,-3.6376542,1.12382638,19.3983885,9.91419418
10.6499545,10.68729565,-15.22388985,-11.39015184,3.89887826,16.40974398
-16.48371524,-11.85009799,13.35801706,14.2607512,15.23753517,3.97682869
10.44168917,-5.85225352,-1.15686294,12.70674334,18.96311122,-7.12809201
-14.38744845,-3.69488056,12.26869892,-19.36972238,4.53631731,6.49795773
18.49537278,7.76881454,-2.30935419,-19.0204861,-17.17237306,11.76148414
-9.04932986,10.29303434,-1.41025482,-19.235621,5.44948537,1.93536347
0.77660246,-15.068094,-13.52552791,-10.87041032,-4.86986878,17.7172485
14.45254028,-6.58947987,-15.49505107,19.29487252,13.14792008,-1.61280859
-5.04649458,9.81419265,12.42657957,4.91061252,-6.30346247,19.70975393
-15.61981216,-6.7857387,9.61039734,4.52124481,15.75748862,-7.69697101
16.91070007,-1.01765398,-19.63489222,-11.64956757,9.18223171,11.39952526
-1.02726988,-5.87015479,3.4711319,14.29642377,-2.21981413,-5.21560736
15.60676197,-6.78585256,-2.97611266,5.61818881,-9.48365735,17.36904005
-3.14432222,-9.69327727,2.62606604,11.54984923,-13.73416469,-7.0755976
-12.40692142,12.35757667,9.90793887,14.84597901,-11.49902454,-7.47416494
9.67744237,-0.11872673,-12.63958013,-2.29519687,8.1732804,17.32184478
-6.87790192,1.37259849,-1.78897162,15.48771513,-12.4708406,12.74313828
-3.86983575,13.32400296,-0.81397136,-4.0906256,-5.55797664,5.49757564
-3.04583573,16.50545934,-12.24542574,15.12750023,-17.13946459,-7.11377656
-10.06997792,10.23811977,16.98009069,17.95456606,-3.51407889,-15.43880757
7.47482712,-13.341544,-3.06463774,19.9692101,-14.92604819,6.03131213
-13.6444142,0.97562349,15.25959354,6.96555919,8.7054437,-14.16962782
11.26209316,-1.2209435,-11.41665662,-10.90264535,13.5514784,-14.09989546
-2.32092446,-11.32504737,10.4838832,17.22544912,16.06710993,16.53401168
1.4752202,-12.83010779,-7.440434,2.35358777,15.20189972,-12.74883875
-0.49962202,1.42249744,-19.01672525,3.65594992,-7.92660678,-10.44474191
-15.33221487,0.68362097,-8.14157418,16.26889338,-6.37294234,-3.14064366
-6.89694317,12.25140463,-13.05497306,9.64351696,-9.65056761,15.80334996
-2.02752297,10.95472597,-16.60931976,2.11365295,17.63815723,19.2781191
-2.66050673,14.79604602,-1.76254399,-8.53000015,3.2071097,16.30238003
-3.57948923,4.74398077,8.81131064,6.47480196,7.23906473,4.02180966
-6.25608767,-1.09856611,4.21104891,-19.14116968,5.65023325,14.422509
18.18748879,9.23789641,-16.50685683,5.46155396,-17.28602772,2.07706743
-0.64176663,-4.02303935,7.1909532,15.00739052,17.22664759,15.05642152
-12.37855013,11.20343074,-17.46732948,15.94365774,3.53003473,-15.01515699
-9.65949721,10.58203177,13.43847041,13.76944382,-6.09832262,-3.07137868
-10.48009905,-9.17604924,1.22722543,16.79379822,11.47603107,10.32171917
10.16158502,11.18778691,-3.59407069,4.57733541,-0.80354269,19.87781117
17.77218689,-4.10067841,-4.82862182,2.55301033,2.00192403,14.364529
1.98500488,10.35908954,-3.76045551,-4.41687895,-9.95297315,16.99491522
11.22863753,-2.01076477,-11.31308925,3.38211045,5.11417079,5.09387499
-1.07229926,-6.99469286,-10.96254178,-18.29988503,6.19288604,5.91404236
-3.51135156,17.4606172,16.56211132,3.43617776,-18.62690988,15.80515145
-4.74041426,2.71040897,-19.78221294,10.42636379,12.16257482,-17.2884953
4.29759513,-5.61734301,-6.05547968,-12.91609609,-13.34347099,19.80603549
-4.0436937,13.5930513,-2.49486477,5.26677229,-13.6180949,-10.81491823
-1.44966047,12.30497256,-3.90310701,18.28841878,3.77927751,9.60712397
9.36352685,-0.14625162,-7.44857846,-11.07511531,17.23021891,17.33026122
19.73823638,9.63762352,-2.93739798,13.61688485,7.91957653,11.35275715
18.19684346,-3.30523318,2.93774226,-17.92585113,4.6682506,6.3611351
-16.73848251,-8.45850138,16.5042347,-6.58623912,11.35672788,-18.82695266
7.34604088,-2.72281456,-10.01092525,-14.06372299,-1.31915244,11.38252855
-4.98883373,10.32989266,-14.84047955,16.26501118,14.42935622,-2.33854105
9.49806788,18.02305262,-7.94586828,10.50545587,-6.57888323,7.63455109
-4.92616487,-2.04253678,3.4228808,15.19102082,-17.63839833,-17.03720221
4.42732578,-2.99799425,15.05748449,17.38623334,4.95311812,-18.17078297
7.26846792,-13.83587189,12.54028141,7.59770054,19.17564414,-9.04968599
16.67933314,10.48497472,-6.07403953,14.42468103,3.62980182,17.31160457
-15.23900604,-14.66473189,19.22383602,15.43306225,19.43191697,9.94847047
-13.13659282,2.11712288,6.41515397,18.9819187,18.7957815,-15.19102811
-10.58644045,16.22363558,10.71897442,17.63298984,11.75165443,19.15972157
11.5912219,3.98678305,-11.91228148,14.39742362,-14.61113203,-10.3591775
16.57336391,11.36763852,-7.71445813,19.9904746,-5.16501238,18.3754008
-10.78598561,4.77726745,-8.60118784,-16.04466144,-13.59977394,7.65636826
6.34200108,7.42036077,-5.83524462,16.98528425,-10.62624305,15.40473601
15.86682629,-13.82333263,-3.90888314,-3.46646486,8.69506058,12.46171178
-0.78173938,-7.17250457,4.63317988,18.09476634,-8.87924345,-3.95611306
-18.0250253,-3.51434155,-0.0266751,-1.2760714,19.84647867,9.73927496
-9.83176555,16.72084975,6.46612333,6.74290901,2.50159614,-7.17534221
-5.45767183,7.40940454,-1.17103789,10.07352326,0.27698741,9.59351292
15.80763569,10.97514975,-2.20682585,1.7520747,14.35871424,15.28969659
-8.34209041,5.60818092,-12.15399271,11.07791806,-7.30023004,-7.46635466
5.82487462,-2.09309751,-13.28966727,13.35263211,3.91448079,-4.36519703
-3.24196322,7.47607228,-3.86395423,10.21304508,11.75057016,-12.63753832
3.21974026,17.16780832,-5.49502048,-18.47098289,1.26980868,8.80993153
-3.3659712,5.11648418,16.05976715,-0.2415357,-16.17673664,15.15286218
3.85793646,0.02383937,-2.95981007,14.45930118,17.15392416,17.89594839
-7.6045445,3.57251737,6.51900415,13.38795197,16.81691406,-11.37001055
1.12316985,9.3330397,-13.75926009,-4.79406644,0.50940702,-19.17054508
13.65509193,-8.4327746,-10.81684848,14.88809156,14.0005286,16.88890947
17.26016494,-4.15455682,-10.95289641,4.56703673,1.8446935,17.1125766
18.3727235,-9.62990203,13.73544379,7.95258437,18.42303109,-7.09677015
2.93864843,-11.05622279,10.36225792,6.31291954,-14.00267969,-11.22037942
0.05461542,13.42440573,-0.61956577,-14.32693029,14.46868134,18.30447129
15.04728103,-12.11548486,-5.2066724,8.6264893,14.83336694,-19.50837044
3.07174238,-3.20621638,-0.02586264,-10.79183278,3.33385883,-7.51157883
7.98659021,18.18561462,-2.69292652,14.34103068,-0.88335473,7.96105252
-6.20378133,1.04330061,-5.29759069,3.33321971,3.91284825,18.74818443
13.20931926,-9.52445903,-13.93726106,-19.10120585,2.14260706,17.21448065
-12.33940021,-4.35786519,6.73438116,16.70107499,12.96252542,16.00627728
-3.93882354,-12.06593698,19.45822712,12.95215984,-19.93657797,-8.32929487
15.44690746,-4.39412942,1.33550569,12.21771178,16.00796176,11.27554857
3.5789449,-6.47742157,-0.42198984,0.58024966,11.94152122,-18.70899298
9.85431772,-2.27539482,-15.02644867,17.81495747,6.08496872,-18.07935422
-13.11159494,11.53530801,-12.55766665,15.27982365,1.36161626,6.80925233
-4.02386671,6.12516463,0.63655042,14.8716282,-1.32951709,18.28960304
5.28410029,4.83254803,-8.04192703,18.66029999,17.32582129,15.11394859
-13.52087896,1.11041196,-3.33380615,-6.4679405,-17.33177507,11.75862533
-18.66965964,13.04504839,11.04770902,0.63179814,-15.05107708,4.90403526
-14.64396879,7.07986673,-1.80610016,13.43438095,16.10922848,15.31373962
-13.71430519,4.80492994,-17.32337231,16.46893353,-4.08850375,9.46134381
-9.70573082,9.56906665,-13.23564933,9.36711888,16.09547301,15.8308445
10.89428045,14.79601405,-13.77787532,-17.72140173,18.87105487,0.3329161
-5.31618184,-16.73319007,10.83332695,11.5406747,14.07005424,-9.4777958
-10.54221118,1.32692653,-8.90547484,17.1207281,-13.26582726,3.60535516
-5.75896877,4.39866566,-8.67243428,-0.31933144,-19.50716493,13.58649942
16.59076764,-7.34194883,-11.16057632,-19.21959813,9.13949517,14.92412187
-1.86791771,11.33091474,18.53577295,13.25677081,-7.46195511,2.52207523
-3.14030576,-17.06320324,13.54207482,10.85450714,1.9984555,11.4323022
0.51608929,-6.65202644,4.47645282,15.08503841,5.28889009,-5.25568939
10.27924426,-16.76370481,-0.01936977,-15.98924901,-0.97115037,2.22489105
-4.01590735,17.08034055,-18.71691656,10.17759067,-8.74627394,-7.20768086
-6.77741393,3.51233644,-7.48437239,3.49658304,14.87190891,8.40365106
-8.13893024,18.29192536,19.57248794,18.55052363,18.76475534,-13.94331704
3.39562683,-13.37169881,6.97500489,14.11166326,11.93231824,-9.76703575
-4.41956223,-0.72140213,6.56695107,3.70626821,10.96253435,11.29571544
-7.24577528,-10.41043481,3.13803773,6.84941291,13.38063523,-9.48201588
-15.74281388,-5.6472909,2.52760116,15.26900564,19.71438181,-7.3591689
-3.68920321,-3.05234808,11.09171942,0.74326327,12.69205152,-0.6174511
16.99957441,-13.20647845,-6.35750658,-10.13820735,13.66975449,12.1877533
-14.91099653,14.45462077,-4.4786405,-19.6106191,-1.22839416,14.8126269
-5.93215234,1.86136535,12.94408713,12.84373201,8.62347783,12.50543716
-18.80939959,-10.41804316,4.54449429,-18.94978278,17.32108736,15.04700701
16.97278275,9.05558464,-6.84114265,4.31450366,-0.54042325,8.0791391
0.1772597,-5.70402195,13.48231887,10.75440839,-0.73858958,9.63238175
-0.25012505,-13.70391375,-13.53255983,-18.59097773,16.72401654,-12.90018004
-0.61934033,-19.53260097,-15.65160275,-10.81812796,1.69234661,14.82053206
6.37970908,-14.50370652,-8.21126585,16.12094123,18.25142056,10.61556842
-0.23700898,-4.32929414,-5.35312409,16.47327435,-7.5069943,10.81589232
-5.94886952,17.22715698,1.02165138,10.04895908,-19.28450772,14.90623832
8.02910159,-16.66680141,6.029379,4.63606362,-8.55272466,-19.04670466
8.80781045,-1.288017,8.92130111,15.4857876,19.00701178,2.4847488
11.58707185,1.24468829,-18.3357442,-14.76008347,14.26470665,4.19545943
14.0679774,-11.26255738,10.87902137,0.42154417,19.7904349,-0.3812213
-5.01473494,3.15167646,-19.7558933,10.19131585,12.65496953,16.09311343
-14.12394252,11.52453808,2.28043885,15.77502723,4.70416236,19.74690771
10.82229186,11.28323555,-6.63025419,-18.6980019,19.77067583,15.69670947
-11.25604655,6.51662358,-2.93132326,2.08503566,-16.39867584,3.35246742
1.76792114,-15.76409318,-2.66561993,-15.88263296,18.23597876,-3.80192148
-0.20331071,-17.2088016,-8.76312193,-6.74278938,13.38072789,14.61572992
-15.49696317,10.26979564,-5.45753563,-8.31814385,6.49876725,11.81465384
6.33997523,2.95855871,-12.15345787,-15.42471654,9.6765931,14.16348326
-17.07159085,16.28404186,-16.24146432,18.36178347,-1.08676298,-2.34442143
-1.87096435,18.6159574,6.63410803,8.95468667,-6.85733317,10.09523654
7.06141645,-16.13420791,-11.85253983,-2.05878671,10.4563834,12.10727903
7.35027013,-3.00170748,9.88983282,-14.11699552,13.97043717,9.21650933
-7.06649717,-15.06852543,6.47298931,14.24796787,-14.20028349,3.34770385
-14.40894262,-3.5452881,6.33484346,17.7696943,-3.24535213,-13.46744554
6.07303353,-10.67188593,-1.95274646,-9.1931587,19.27875259,-1.34742605
10.56077069,-17.58445972,-9.1544338,0.83124278,0.73682441,12.99942945
1.70296445,-13.43210946,-5.42604115,-12.50860539,-5.98187687,12.62736
3.14753316,19.67540938,-7.13998363,1.93563381,-5.99822119,10.86191729
15.94311228,-18.92743387,-4.82595651,1.439934,-17.02602556,8.87255434
12.57878077,-4.91415608,5.36543716,-17.36317696,19.43750626,-5.57866199
5.53358449,13.86607052,-6.72786134,16.9203497,16.85697703,11.80494979
19.90342496,13.37213639,-12.12391597,-2.79031403,-15.60902216,1.4861791
-0.22870258,19.5560962,-13.54357706,6.73167923,5.17123534,16.2644116
9.50142896,10.33705854,-13.72005797,-11.68592365,6.11677125,-17.025201
0.43782651,-14.0745461,12.87697607,7.94182458,15.45821045,-4.4451348
-9.70195814,15.09254764,-1.8403163,17.21905454,19.9444367,6.51732455
-9.23140065,9.16445559,10.75058881,9.43590753,-8.63367174,-16.1177344
1.94224729e+01,-1.21122647e-02,-1.23496394e+01,2.59079501e+00,-7.82454609e+00,1.67880567e+01
-0.7005961,-13.41170493,4.89233803,4.87366004,14.62102798,8.45798852
1.78099627,-1.43581235,-10.53711027,17.54390048,19.82016055,3.51250356
-14.80472937,6.50736864,1.78684502,-4.23405458,-5.66654342,2.16704443
16.30098531,-13.401705,-6.63227675,7.94423322,3.7306969,14.67303448
5.93422585,0.42436108,-7.10263011,0.43078541,-17.40414179,13.45994527
10.81095056,-3.23423834,-2.31003267,-18.00469006,-8.59220853,9.29457592
-10.9040018,-0.73628525,14.54955158,-5.27972853,19.70204295,-3.08100284
17.79181701,-14.33833779,4.59433493,19.49433268,19.20839086,3.2875595
10.05090107,3.55505236,-2.51233278,-15.44998014,11.65934902,-7.35701015
-6.75539377,15.99557638,2.53092162,11.0206687,-11.89407878,-2.87643604
1.54181246,15.70084682,-16.01324418,-1.88717843,-6.95735317,15.4315217
-18.21414886,-13.82373922,9.31020618,15.12406768,18.20601321,-19.48510704
-14.85277537,9.83144045,-4.58148359,-10.916811,8.82587446,5.76317224
12.36106837,-11.94103117,13.7892126,-3.86986646,17.74606485,-3.70497806
13.05358852,1.0926281,-0.8464327,-9.66027304,12.03270478,16.94677654
-4.27399883,-4.46807993,1.05287652,11.49553952,12.1469856,-9.2488497
17.73046726,-5.85444397,-0.12881813,-10.13808253,19.25145717,-18.00278761
8.61235737,-0.9419578,-16.73523113,2.37948066,6.48888273,-11.79467925
16.18162792,10.87840058,-6.99542234,-2.31425974,-19.6264915,18.91696571
-9.74569497,19.30643008,-9.25663292,11.7799961,-10.61025964,-16.81203201
-5.61494849,5.62707438,-4.25332111,10.11545627,0.15152988,13.04613354
-1.59032939,-12.81198421,-16.73197657,-6.61781009,-0.02842562,16.54431902
-6.71441345,-7.10371135,13.61430036,4.18698267,17.61425765,6.17528676
-6.88917991,5.25934957,-8.83669727,14.29426624,-8.57401086,17.10406621
18.05465087,9.53351863,-2.22458856,-2.84094528,-1.41691103,13.50080484
-0.20423178,-0.66238286,-12.87758297,-16.23182599,7.4471698,-6.8038929
11.98507487,-7.1396771,-18.73959351,-16.42828346,6.19954639,4.00110356
2.64479235,-11.77074536,-7.15455078,-4.95232518,12.81701456,9.3157992
2.32428649,5.86224486,-4.91661359,-14.9442583,-13.81428505,18.22847079
-8.38226227,14.27475615,-13.16248098,18.43180308,1.16290236,10.82176235
-9.20682606,-6.32227808,1.28604302,10.6628356,-0.40887895,16.54061039
9.46339128,-4.4018853,11.04225031,-2.88308784,18.70524819,11.15749398
15.42564617,-9.46468532,-10.63597968,3.6390497,11.87376136,-6.37556601
-16.51129167,13.82797151,16.82584157,18.90351128,-14.12644648,16.20325602
-13.92567611,12.71722058,18.41219731,-9.63034928,-15.78623252,13.51023899
-9.20758378,5.29484263,-2.3510635,19.51839806,-8.21201766,8.32204055
0.32395773,-15.91734915,-5.85053922,-18.29356004,-4.76852652,5.73102024
4.93674801,-1.92484641,-5.88169112,-17.5528304,10.62365942,18.73364495
-2.17669334,3.75232799,-13.26757549,17.62146893,-19.19960925,-10.26786089
-1.71454237,-8.89112207,13.00812803,7.44312846,-16.73210967,-1.57997065
-4.53936405,-12.27998368,3.77988579,16.08941237,3.94443548,5.47672998
5.7465662,5.80544857,-13.12913125,-11.51155232,5.82180212,16.12795198
8.45924849,-2.47427335,11.79656774,18.56752996,9.67952865,11.99593045
-7.64680549,2.23257991,-6.9209928,-6.04211875,12.67734007,19.3773297
-6.02148878,-7.64109639,6.03400597,-18.17112636,12.98587072,19.91237245
-3.07314889,19.45137964,15.35496786,4.36617805,8.89068469,-0.90957276
6.21469797,-9.74904654,-4.77440799,10.61993867,9.9413252,-3.63703084
-16.47683914,-9.6584758,1.13317396,-11.23318717,12.51101442,-3.0370858
-7.27480132,5.60530846,-0.29411774,18.26211824,7.66663152,11.79810793
-7.18423878,6.60840041,-18.34442879,12.29701167,-0.3317569,12.09122521
-8.36231956,9.27588926,-4.72530362,7.67308197,-15.05628694,-3.28736222
0.66518391,-15.24463511,-2.73551165,-14.24695661,9.55697744,6.10158637
14.28839955,-7.72064594,15.45081626,-4.80007567,18.597564,8.1283413
19.84022969,-11.67735705,-11.51885975,-7.76836588,5.81587751,18.23816079
-10.87713062,-9.43912073,13.35688454,14.08336756,6.98538476,-19.49849857
-12.38517109,-3.58546041,10.11669462,2.15954465,8.02426575,-9.94487226
-2.59465436,-0.79520887,16.72338164,-0.85641925,19.77544868,-3.53978621
12.05181365,-1.14742582,11.91562208,-17.01674374,-12.33863883,7.95864946
11.6178212,5.85218569,-1.56617371,-16.61235627,3.51238076,-4.406741
8.2712196,11.4437266,-5.02373216,11.16672738,-6.19762535,16.40965268
16.2813475,9.10808856,-2.91140783,-0.65203301,15.85375354,17.21280623
7.93612203,-4.90640563,-19.25720673,-19.66596375,12.47126367,2.32529634
1.93768976,5.88421178,-9.42953479,7.08051854,8.2432276,18.82989385
0.23140202,-13.0285747,-13.96921973,-10.19016829,15.11979899,-2.57873618
-11.41283293,11.27304279,9.78321458,18.19829924,4.82358961,6.28774346
-1.47919886,4.70897052,10.64442556,6.01018818,-3.57311492,14.98966181
-12.79888156,-0.42682262,4.90818068,14.62101603,2.22606896,-8.21540734
-4.241786,-19.87227998,9.91878653,11.93080858,16.51700514,19.63665589
6.72778798,-10.94681701,-2.08058441,-6.75041661,4.47105714,11.48232146
-2.85209066,-4.44075475,5.23014878,8.14974988,11.45633208,6.48164591
8.17868635,-16.13343967,18.14959938,18.96340843,19.56051582,14.08580616
2.77380583,-8.27389808,15.92689899,-14.97366647,15.6174556,13.72587811
15.13807098,-3.89929175,2.93279021,10.8817319,14.54367568,2.24500373
-10.56809911,5.19547796,-14.27862687,13.17520046,-3.97126048,19.00114373
9.88122643,-3.3826927,-13.51045731,8.81950846,18.19786289,8.96226662
11.37778611,9.94637585,-14.78984437,9.05124465,-7.7573078,16.17970745
14.96261222,5.31298004,-11.37510908,-5.01673331,-19.19126445,8.35526614
19.596685,6.70316011,-3.15199085,3.92489655,-13.51939722,-17.63603312
-19.69359597,8.25207616,-1.98971545,-6.52412893,16.5555679,10.3151055
9.28374388,-16.40799221,-3.44303935,3.5229311,0.38945524,11.56770665
-14.83272715,-3.44046914,6.3394747,-11.34164066,16.69467005,-15.28695028
-6.47494152,-7.41218033,17.96389766,18.61440094,-3.43638701,-19.9823535
5.94597676,5.20661305,-4.33354719,-3.64063235,9.58791135,13.80363369
15.4334796,2.71993782,-13.14716411,9.12558905,1.38919007,16.06738039
-9.9268017,9.82496604,-6.24052994,19.13305393,-0.12530043,-8.15205505
-7.11875382,10.1686728,-18.19052288,9.502361,-15.17618296,16.2679527
5.27809448,3.89142198,-3.76286002,10.92634909,2.65002895,5.89556741
-11.79599029,-12.65961552,1.42142761,10.32534994,-5.49395743,-6.53851262
-13.68140822,1.32249001,3.32821983,17.32814575,-9.41610047,18.852942
-11.36856624,7.63572645,-1.76789991,-7.74908928,-14.42014094,19.45692821
-1.31595672,-8.20298648,7.02912888,-11.72201236,12.88749463,-12.29863825
-16.99781419,1.19447814,-19.50080763,16.28900697,-18.76209592,-2.97513197
-0.38787669,-3.91007786,-12.01336766,-10.94002625,12.21926724,-18.17502862
10.79252621,8.85273014,-3.17996065,-18.85115697,-4.77874892,13.05724482
-6.6589293,18.61654302,-12.19858699,10.74356762,-19.39668778,-19.4447698
13.19545449,-11.64178039,-13.46232357,-18.15830546,7.65871577,12.94005422
-12.37892565,9.67219689,-0.17794076,12.63256063,3.20772609,-12.2409438
-1.21150504,-4.25806311,1.6905411,2.45914322,-11.90509199,-7.35931258
-5.26739843,18.18486916,-0.20488078,16.76021304,-6.05902422,5.02701609
3.0249006,5.14863767,-0.24217935,-4.86692628,12.42420682,14.67501184
-13.48774266,-9.18990984,9.04582436,-11.25733642,17.39424329,-0.81556194
-8.68948195,4.08836296,-15.97821298,17.68419509,-5.374821,-1.77877729
18.91524864,-2.1047985,-6.12750159,-12.39342285,10.29494146,-15.74482432
-1.07659746,-9.43896893,15.21813669,-19.93816179,11.98647327,-16.65556229
-8.83603556,-3.41756094,6.54163341,-13.5940345,4.57655954,-13.33041317
-16.19796247,17.53910112,-15.71009961,11.16623302,-13.45634101,19.27474905
-0.68641351,-7.42675012,14.18162034,-19.10623698,15.4258764,4.31189305
-14.66468471,-10.5650456,19.96943964,-15.62120308,12.7259279,-11.42702645
-5.45685927,0.69346339,3.77486561,15.03723016,17.61615782,-3.09408092
-4.35582202,-4.77274998,7.04425731,18.68643506,3.51565324,13.12385738
9.21260634,-7.11029526,-9.96563207,0.71379583,13.09776491,14.13490178
-7.30165294,7.58127121,-9.02246834,12.41323033,-12.13212547,-12.02153292
2.45065454,-7.57860424,12.37033731,-14.20042908,16.91419984,-11.15988093
14.50685799,4.55654593,-9.5402609,-16.79118014,-1.76420723,6.30465001
-2.76538487,16.8026725,18.55100208,4.86132137,9.32658375,14.36222948
17.01888091,-11.35323833,-10.56312244,-0.40678389,15.69100783,15.53682669
-18.13455166,9.09411613,-15.35977947,8.02463225,-15.53328956,15.40055038
-12.0854478,2.02681503,-9.64593002,-3.26727804,-12.31936652,12.16098675
18.15603482,-17.66371328,-7.19318642,12.31489532,0.62898772,19.26738272
10.59734566,-5.66913927,2.40383488,16.70047021,7.33474116,-10.68104237
10.63545655,-1.68071441,-5.33957194,-16.50151274,3.25731379,4.18118539
2.25671534,1.80586212,-19.59424893,1.43897159,-11.18245987,-6.22518915
5.632508,15.3745718,-3.23395273,15.78202242,-1.37886662,9.75467792
-13.98653133,10.92450679,19.95253103,15.51181287,-9.15332099,5.95055131
-13.96838003,15.38677412,8.42118957,-12.90978125,13.00799654,-17.91148014
-3.53175528,-9.81260323,4.98132491,19.92896763,-9.96628403,-9.05951124
-0.70963571,-7.96921818,-19.1965111,3.96926004,17.29854644,-8.23587986
11.64666609,-8.13988158,-0.91898757,14.85014438,-13.58268922,10.15555312
-13.48877232,-4.62379427,10.91356897,19.95474167,9.30298986,-4.02630986
3.99268181,-7.32249423,11.27042778,-0.49890039,8.27034322,19.90928505
19.53306312,-16.42278374,-3.06741364,-6.72574483,-5.41063224,17.43149098
15.8689308,11.99525897,-2.87727666,13.22712608,-19.25070599,-17.06644091
3.36084605,-18.05345408,10.91929638,4.41118703,18.62366439,-10.69856874
13.70345895,2.46172062,-18.75430678,6.06132466,-17.08259267,-8.91602005
-18.43807966,17.35055241,-2.7489258,-14.6726603,2.22374829,19.54295435
-2.41876443,-15.42410884,6.54656253,14.64922555,-12.52852179,-19.03556092
3.85773135,-17.04827435,-13.3812204,8.62330128,18.55983057,15.15655105
-5.96752509,-3.33672133,13.68140463,12.17168441,8.71384114,7.66106854
-11.662619,7.99084954,19.82413176,16.89489668,-8.38317817,1.3509682
-5.18706098,4.99357268,-13.43612991,16.3314158,-16.61405353,-3.64233051
-12.34719244,9.66192453,-0.11903888,14.37538445,18.7568622,16.30644592
15.99368434,4.18942593,-1.29703666,9.96499923,18.68153467,5.94182276
12.95231263,15.08708279,-8.43256102,7.42626623,1.08243053,16.65604189
11.91140636,7.54808086,-14.25628195,-16.6074939,-2.10706839,13.91147615
-1.87059512,-4.62366681,13.27619499,1.62098621,-14.76151754,-17.26614383
15.99608781,-12.22544985,5.0898663,12.38350526,-5.35232131,-17.45554072
1.31519181,-8.95292184,6.62415049,-7.97292145,15.22052525,17.18909169
7.07673893,-18.25861654,-4.75577047,-8.0085121,-15.19928185,18.70437141
-18.56177481,-5.74757047,17.72295236,-5.0241153,17.33668849,8.0570687
-1.10627803,8.57124273,-9.66894865,19.49289779,-19.54120187,-2.53222545
5.76384206,-3.39181792,-6.51872997,-14.41808765,-13.1872743,19.94415735
-6.10320187,15.91556635,16.54910072,18.47588028,4.00802193,12.67987014
17.60930694,-11.9896404,-2.055327,-0.26480167,17.15454949,6.40069756
-6.04822852,11.83218354,14.48335557,9.93053854,-0.96377406,-14.48371017
12.20478528,16.21329793,-4.63438729,6.45258573,10.7496965,4.27302126
6.70995802,-15.90384374,19.81674268,-11.29564163,19.07006583,-2.26221985
-7.36369955,1.74180109,3.9496563,10.40371713,-10.02582304,-5.09964684
-5.49264594,9.35634057,-1.36847262,8.23339625,17.21531017,-14.55615445
0.65086205,-10.31212577,-2.8049795,-19.48992012,-4.83929589,4.61064481
-7.50425277,-14.7694856,15.42075795,8.55973889,19.4845218,-15.85278905
-16.84298332,7.87131801,-13.72172526,-11.15943979,16.48025256,16.46970065
7.57895182,11.02037829,-16.35137522,-10.39760334,-13.78246685,16.68186487
13.14879668,15.09101646,-5.8021775,4.26343661,-14.95827496,-8.61942213
-0.97778143,6.28345848,-2.53129058,4.0088233,-9.58870453,-14.0965564
-7.66170906,-17.75248929,11.74631751,17.72705892,16.38777882,18.36418524
-13.98443753,-3.89897386,3.25919742,12.38259193,14.37546665,-0.73337288
-18.43547104,-1.33735256,-4.29112926,-2.79969402,0.60810497,12.33477671
-18.15080187,2.09407289,-16.58979036,1.08276076,-18.68779669,17.8994088
-0.36945893,11.45097282,-4.3726493,9.339684,12.6014636,-10.76631745
-1.91650654,-11.9113605,11.58147434,5.88847106,-2.59290646,-10.31616468
-2.006982,-5.38768971,16.85589946,6.00587399,17.98306901,-2.51879608
-5.66800005,14.61615818,-2.67285547,-16.38177524,19.72942186,9.51127695
19.7678402,-2.07592162,8.66153407,-18.09176136,15.42171241,-4.93754584
-9.67985917,-17.63055356,8.52749728,-6.31448472,19.2605526,-10.52030502
-3.88071956,-4.85293441,-1.04482804,-17.71140217,6.14756863,-7.66132387
-4.51678443,-8.19487217,17.12408107,2.42012099,12.1641389,4.93861336
-2.8725131,12.7577955,-18.24215682,12.47956742,-5.67876921,-7.112191
15.57726523,-8.18362308,13.69734682,18.47694462,8.42413482,19.15448067
-11.62047364,17.42713322,6.78970916,14.61369839,-7.23031451,12.2566113
-5.27274324,7.67799633,18.4792148,11.81371015,8.50665787,10.85390383
7.19666098,-3.73096978,-14.62806688,14.06012794,13.84108643,17.33413705
9.96177728,-18.33839662,-6.7225158,10.97440788,-13.18517552,12.41620245
-4.90379816,13.16146102,1.45377744,12.24063878,16.09545421,6.65534576
-18.96029182,13.76266396,-16.37905069,19.60127889,1.78584049,16.61467275
-9.59690089,-19.85106072,5.49518792,9.19390468,-11.52366433,-11.48370761
-5.71122397,3.94662175,-9.57537611,11.24339246,-8.62806332,-16.3031987
-6.6098588,1.53823982,-16.57944694,18.37511147,-1.18972389,-16.84223016
-15.21763584,-10.59327855,6.0923646,16.43984823,3.80664975,-7.10038752
4.22977277,-18.54695675,-12.86760793,-7.34870122,18.54423032,10.9480271
19.2404797,-2.69610089,-5.62827862,-19.59385743,18.17272334,-15.31090603
8.51498946,-1.10046701,6.39421282,-18.51711535,-7.45706282,15.43904665
-11.25381211,3.50554202,9.3902562,13.18323573,6.17231008,2.94747711
-8.02315101,11.63680239,8.22559152,14.26523518,-19.81764067,-9.11969307
-0.39865489,-11.11650891,-4.3204125,-6.09815974,13.74407194,-9.79911441
-19.1787981,11.0555693,-12.93308328,-10.50729994,-9.85224043,17.37066195
-3.27467614,17.16582329,17.27384313,6.45575749,4.76723931,19.78081324
-2.3508862,-7.95020478,19.06566525,10.26166823,15.27159113,8.99630735
8.54772541,-3.55885722,14.24909684,-9.88317888,6.63507529,-14.57128307
-5.60619463,-11.2515102,17.76105162,16.6639805,-17.37890191,-5.9312904
-7.33759814,-4.0220244,0.08018613,6.07757172,16.15431401,0.16383704
-11.5319927,15.03614381,5.37205576,18.23684856,9.83413207,-11.22384956
4.76235505,-13.25675185,-19.2975944,-17.98230389,14.1995029,6.7081647
-11.09534008,1.45471892,-9.42645858,16.22045926,7.92219363,8.51000823
-5.41487819,17.55089996,-13.29337064,9.97117424,-13.03471361,12.49370835
3.19209463,17.57722659,-0.7267623,-12.3371014,1.5261781,-3.90412471
-2.16954041,17.83345631,-11.74135784,19.2380406,-2.86702794,-10.47067129
11.8362549,18.84669747,-2.36902121,-14.25062828,16.07610644,3.88062393
-17.31542724,3.3810481,-15.43440831,6.99963249,5.85532534,16.93877212
6.64173971,-4.19784574,-6.69780507,-2.87027482,-5.27040454,18.9013045
1.62047557,-13.66072427,-3.57194277,-18.42488249,15.77209401,11.60634983
-1.53627843,-12.77259742,2.36735577,3.18324002,3.84641418,-7.84676908
-2.22489978,-2.54738022,19.06259995,15.83136049,0.09630937,9.06414186
-6.13566551,4.00320467,-4.22196253,-7.08285875,-7.68132008,17.80631678
-5.71071553,19.25489833,18.11774877,18.86062988,12.26899125,3.63488789
-4.15148206,-16.48050109,17.79751891,5.75044968,-8.91529272,-1.91890228
4.63294236,-9.90671875,10.64022012,-12.58897063,10.00386061,-4.30928485
-11.40001189,-10.83839337,11.85768736,16.80128603,-7.56746779,-10.66337945
11.25512516,-13.5090303,2.89138052,12.68608085,14.5183707,12.2487463
17.97409006,-4.3919867,2.18467882,1.74395757,-17.39796042,-5.77624674
-6.10802362,1.29608577,-5.72018327,16.57538231,-7.50468017,-13.82607447
-2.74273946,0.38342654,-13.11249738,2.87826982,-7.48743539,-12.09367961
-13.43081992,-10.43019886,14.22556536,16.27890748,14.64337542,5.92576922
3.7413802,-17.90186773,-7.92144406,5.70101587,-17.69974133,14.16552206
-9.93850528,-5.19227731,3.02774588,18.37729536,7.4557076,5.37521443
18.76085117,-0.25854263,-6.55953773,-12.58842798,-4.42422656,18.57844277
11.79543367,-13.18449635,0.11888671,-11.74551711,6.6990511,10.03115073
1.23857103,-10.46856134,12.19208622,1.1348443,19.79362893,13.55513511
11.56716401,-5.69513608,-16.34039757,0.06022081,11.03006802,4.02984392
11.469344,-7.20439399,8.20825571,-5.28112252,15.33712351,-6.11502532
7.99595308,1.9596353,-11.88634347,11.48142076,-19.68256436,-5.3113277
-8.03854588,-14.31747812,13.17131085,15.94035326,-9.37534405,-12.6868141
-6.06483754,-7.71730688,11.24243948,19.27704879,-6.90267134,13.68480144
7.38409624,15.80991906,-17.05921033,-18.32136555,12.61218645,-5.83629783
14.56428046,-9.19237709,-10.64444014,5.93107029,15.37693761,-2.13572745
14.43964881,-5.71819468,-4.35735946,6.47512987,-15.40039179,8.86231245
5.49719187,-10.51091053,12.02192455,-15.39394333,15.73966128,-16.03575767
-10.77539574,-1.44207877,-3.38681745,-9.16124319,-6.74263701,8.62188968
-4.32597696,18.15647239,-16.94647845,14.1216308,-7.94480346,13.2934892
-0.53641956,-10.31256721,9.38054544,13.01333442,-14.98947648,-10.6171831
-2.05791783,4.18706938,-2.74450858,19.50891221,-17.91890755,11.49992917
-4.8098381,19.09592921,-15.80799318,9.69648854,-11.82957774,-10.51799491
-6.9180459,2.5933542,3.43512803,9.99393499,-8.20704504,-17.01976057
-2.20576886,2.23761351,-9.95815927,19.62356916,-3.56957843,13.49680981
18.77789077,-9.96338246,14.05046803,-19.359785,0.04304969,-8.47279316
6.22312798,1.7841828,-5.16023394,2.32813317,2.30794324,14.90247635
13.3712323,-4.16676208,17.65694756,-17.91048162,-15.05328993,8.19193006
-10.04188927,-6.05746172,9.64932814,14.48609696,11.11411082,-10.82509133
-11.54180807,3.73306509,-0.72556891,-13.17167443,-17.22460883,6.1491089
1.3661058,-12.76594802,-5.83884472,-14.83511113,-1.19088897,5.86408274
17.7582657,-7.56582444,-1.15619566,-11.33847337,-9.85676452,8.67333564
-10.96003302,18.31847051,-0.04252699,-3.72351825,19.50534745,13.48067676
-15.00189159,-8.1071971,2.56836646,19.84500963,-11.12100121,-11.82215538
18.81956615,19.33609672,-12.96497371,19.28717832,5.91632615,18.28822488
2.03310799,5.83391075,-8.0769688,-2.79835745,15.20896985,-17.29684783
-5.71349944,16.67239344,-1.02346619,12.85864593,7.07106229,-16.80315948
9.14519204,-4.05653429,2.80001889,-15.90174047,7.43445663,6.62998744
11.90462974,4.70774118,-13.34712287,-5.3380923,-11.91990746,-1.37516792
11.00656123,-3.26220239,18.87642925,10.22446725,10.84551785,5.81138238
5.2812444,-1.72456629,4.16431307,1.59034259,11.58047166,-1.49235166
-13.08989594,7.6853267,14.27343709,1.39191621,-13.85777648,-12.98116798
12.93261979,-11.10345525,3.10070787,1.60299748,16.45673876,16.62148422
11.63785013,13.04619466,-9.41868746,-2.00416668,-3.88238424,12.57935464
-6.64178273,9.89127917,-5.01568937,19.37945521,11.92644262,3.94395764
-2.1735819,-6.03032057,13.6479301,3.03745289,19.58147703,-0.73041111
-18.35861243,11.48578611,-7.64279443,18.45750159,4.65739569,7.852361
-9.05958016,10.89029831,-3.96044196,-12.6758758,7.12859161,4.9974137
-12.75153098,7.17115582,-15.29496025,14.83980137,-3.18793386,7.6688267
4.13749172,3.54022851,-7.75399006,4.03288147,-6.8692944,6.3417853
5.20091015,8.31730863,-14.29694144,15.86571478,18.82980973,16.78724025
-11.04759633,-11.31044925,17.66066416,17.96698796,-9.56113586,17.20375002
17.97916834,-0.40607507,-16.19206184,8.03864397,4.6564692,-13.77690955
5.49514353,-7.21970647,8.12269742,13.97619473,12.71310075,14.48384024
-13.40541605,15.46362489,-10.97800617,-18.84406315,-14.13969198,10.39345048
-2.40629579,10.16190749,14.61598286,17.85514142,-16.50578758,-4.71849134
12.20484413,-15.50890939,-12.38483506,12.22503864,18.5905203,16.26080368
4.17228025,-3.74343588,0.5409731,3.40010823,12.30702547,7.79821251
-1.17510298,-5.66628921,-12.5901185,-14.0641049,11.41469585,-10.08540377
18.11977271,-16.88990758,-0.51765176,3.17122144,13.84200744,4.26945084
19.83004789,-11.31436789,-0.96663094,-0.05961,13.23577664,5.7012941
-5.8381173,1.48622147,17.19102587,9.88803184,-13.63549454,-1.1949431
14.80613442,-3.17914426,-5.28317796,10.98300026,-7.96059528,16.66125533
-1.08569745e+01,7.85553937e-03,7.33560099e+00,-9.32501890e+00,1.61744313e+01,-9.31723845e+00
4.44210067,-1.75491248,-9.70443262,-10.04282027,16.03848722,9.06851739
-9.05798991,-18.33045758,19.47625268,15.61789723,2.54486875,-12.26229425
-12.47126429,3.2607933,9.41388736,17.7581831,-1.1869008,0.53784937
-1.46254676,-3.48118302,1.5939656,13.44367225,16.19528589,-8.6318633
-6.03526652,6.54125825,0.41769889,13.38114909,-10.60234279,-7.34838476
7.33414376,-17.94838202,-4.60751005,-5.8091222,-3.07597228,17.47683514
10.71268517,4.59718726,-15.75982272,-14.94465153,3.51979943,-4.66269037
-10.34440636,17.13503808,14.86749409,10.34522885,-16.65571199,12.41109685
-2.7674524,-17.82973551,13.61833096,14.13008173,-18.65954247,-0.63382013
8.99498853,-8.44725179,-19.13815817,6.80554487,14.14630264,18.08049599
-5.33002835,3.05707994,12.57509198,-10.86906323,-16.09324075,16.95972883
-0.16214995,-9.97633172,-4.08448118,-19.55230768,6.96004387,6.3028805
14.27470432,0.41755714,-17.36013559,-17.55195094,16.1350196,-18.09407944
-1.4081355,-3.32363685,5.67845584,10.38620314,6.96505502,14.90316714
-14.65565653,-0.74653822,-12.40101585,14.37472926,-16.68021167,-1.47140296
-10.73075672,18.43232368,-2.42345936,-9.37633503,8.21480605,7.29449011
2.38929316,-0.03777944,-17.97697889,-4.60060569,-13.49947156,19.76100094
-16.66016532,4.64814542,-8.2742607,-3.77149342,-17.0706713,7.75686118
-7.71981161,-18.77939927,8.40588466,16.08233809,1.80894245,14.809999
17.30533423,-8.58441873,14.4636232,-15.48447032,13.33245431,-18.61676789
7.08905574,10.75727219,-13.59164517,12.51535304,6.58654571,17.59030472
-15.37597969,0.44017824,-18.09866149,16.55563539,-7.17635027,-5.86913429
5.06841746,9.23021696,-13.02188138,-5.77724506,9.41700676,-15.93940893
-2.83805059,-6.40202573,13.87494399,6.72240243,16.05438856,-18.25159739
12.77209726,-4.18035544,-4.59295846,9.38624316,19.21197707,-16.03705213
15.62733787,-6.12834586,2.07877334,0.80244943,18.99223922,10.07150355
3.03028403,-2.2830313,-13.78875761,-17.71906335,18.0578495,15.66572921
-15.34788753,-2.98231804,10.54266493,4.9289379,7.18400515,-0.28154654
-17.87677904,-1.55501206,18.92447625,6.59220384,15.70349647,-18.80354731
-4.62527227,-5.79995266,-0.47851293,18.32600138,-1.26744619,18.56765115
19.72829407,16.57073976,-14.44820506,-13.52385478,7.44927893,16.08031561
8.53076096,-4.27292728,11.11901574,13.3759757,9.98354174,-6.91253322
5.68138883,10.9943805,-15.63150162,-2.45925704,6.35927771,16.24341324
-11.27153712,0.59904167,-19.86738242,19.96046081,-6.8326026,-17.25010921
-3.80940636,19.42937042,-12.92426274,10.89774584,10.35974156,12.69973305
-11.90367259,4.34391121,4.39023059,14.03450022,-9.50615506,10.04908064
-4.13987266,-7.53703015,18.58818908,13.08016824,14.25139857,-6.9844515
-10.74649537,17.54304192,-5.88669566,12.75642424,-18.71410754,12.75093801
-1.07960798e+01,-3.89142760e-03,-1.63471794e+01,1.50802466e+01,-7.70979817e+00,1.94668492e+01
2.95309411,11.37213188,-12.1755362,-3.94369257,5.4468664,4.80856479
-8.19546359,7.06118547,-6.68299857,14.68005213,-19.03636004,-18.493385
6.52126343,19.17862821,-6.32547076,-14.92506877,-3.19788968,12.27662819
5.90277895,-11.94883519,-19.80420673,12.99455237,18.46590696,13.25582254
16.47971094,-4.39569046,-12.4166857,-6.29389026,14.38307211,9.74870544
18.69312174,-19.47621943,5.91187349,6.62446029,19.58172752,-12.68814126
7.88612784,-8.05480004,9.21781658,-17.83576774,19.77382219,12.16220013
-17.7861707,9.42194307,-7.37952818,-6.33043256,17.11349133,9.42038405
-4.6731854,2.9863456,15.48969221,14.70247975,-16.20252151,12.22771736
-0.72443764,-6.72289514,11.3529488,2.55431467,-0.41609238,-13.66006645
-8.001846,-10.06462309,13.83074512,10.49393618,2.74833128,-12.51142333
7.44028856,-3.12828293,-13.37778117,13.10044942,16.3562402,-6.70858517
7.60124032,-0.65093214,-7.3080509,5.30357442,-13.72539784,9.33539814
-14.54085676,-12.35637682,-0.14503503,14.38416022,2.93935271,3.4035146
4.65140498,-4.84844529,-12.61423258,1.41095297,1.67119869,14.73770142
-2.06245473,10.96566012,-18.07474725,8.35751143,16.14053336,-13.09134717
-1.71924263,3.77033952,-14.58495867,4.229693,4.501029,-11.46408474
-16.93511323,0.82030038,9.11311905,18.83138589,4.89221419,-2.2501286
1.7650173,-5.59033396,0.73701468,-12.14597881,18.49921306,10.47272312
-8.14582909,2.73463256,2.55431092,10.64019048,-18.18339196,-9.16280748
-11.41164735,-3.31190246,10.60442899,16.20637778,-9.42840544,-4.30936875
-6.37159683,9.02395445,-11.66701065,9.29862676,13.19387355,4.73861184
18.38992402,-0.58602039,-19.03229502,-15.32784871,18.00719352,8.32595547
1.38613936,-6.5292731,8.21198905,13.53487333,19.16079881,13.6819087
14.16054581,8.59583886,-11.92932918,3.46944366,-18.48896669,9.78934921
-1.63797055,8.80871185,-12.41817598,1.09503163,-10.06514252,-14.43693643
-4.66200243,12.47050349,-18.60639423,6.22149863,-19.19367203,7.71836657
-13.68197672,-16.95002897,3.66115712,18.68395931,-1.23961808,-12.12056714
-9.73543172,6.48544823,-15.9701673,13.0364133,18.23539511,14.8996615
-17.31731204,-6.25628797,-0.52246963,7.19331969,16.66904363,0.59158337
3.43019482,-17.47981046,-0.35692344,-9.96863751,14.03124751,12.50559253
10.57573687,-2.5454807,11.12554927,4.26068449,4.25478417,5.9371233
-9.06006962,11.72049734,-3.67649916,-11.00475464,-17.08621077,6.51869119
-11.53040557,2.92773835,-4.66045903,12.59016137,-8.76841606,19.3645514
16.66766243,-6.40990332,-7.59008808,-14.09812201,-11.28768632,17.09389283
-1.02238825,-16.3461868,18.20712513,19.59360449,2.1171836,16.13981104
18.63563439,-17.01312469,17.16763895,-4.01637501,17.52660827,-9.87392155
18.6580317,-7.53269698,-9.73563607,-6.12263288,16.84043648,17.34585852
-11.01408931,-10.81024122,1.56596349,-17.56300508,18.93390272,15.74546976
18.75997858,0.36250922,-9.22362096,6.39396834,17.58232842,16.19188722
-9.85641724,-14.62674696,14.34182067,14.97677021,-8.98574961,8.16675238
-8.80505928,10.65207438,19.77840272,16.06537565,4.020911,1.43234003
8.55546251,5.60254376,-14.49973092,-16.09899152,19.9615063,-15.77936721
-5.77771291,-14.41641072,15.61397095,5.50299953,13.10442237,-14.67642369
4.17612081,-5.8482719,-18.0162535,3.22207099,19.7677141,4.82227739
-7.51223416,4.32492428,-7.3234739,5.16771072,-14.461342,15.26148928
-17.37371237,4.82870457,0.83856085,17.84573592,-12.83641938,9.16291232
6.42898299,-17.70532372,-4.00751931,-18.00729501,12.48534473,18.84955846
14.23506608,14.90997423,-11.62826002,15.4856932,-14.70654983,-14.72023417
-5.2506032,-17.84405813,6.68064353,7.61989343,-11.8390424,6.86506634
-7.91358195,0.8213607,-4.14385735,-5.82652984,-16.71071102,17.37994735
12.32275926,7.5248091,-6.32214186,17.95074502,2.51701923,11.21332667
2.93149925,-3.72186276,-6.83529522,-9.45964482,9.60088348,-8.24592618
-11.13340267,12.45363597,16.04236144,18.49169001,-17.1833356,-6.89944724
-10.33243085,-6.9243725,10.00979789,10.01449308,9.90840976,17.58395973
-3.27468294,-6.41459927,4.65455598,9.11220906,12.34084404,-1.17224398
-0.99934857,-2.63455054,14.69144756,4.58968592,18.28786172,-19.15455923
-1.40278932,-13.62756807,12.39698802,12.52073018,3.89528651,0.9433696
-0.99953446,-1.09143199,1.07726949,-9.39714499,18.10626006,-1.02114907
-6.92477817,4.8826866,-7.52285781,12.85300963,-7.67932727,-14.69825812
18.17761993,12.55825124,-9.2727765,-19.81732406,8.01106562,15.16407069
-10.37655716,-10.74618546,10.71870856,10.36079739,12.32237164,1.31038033
-3.04189002,-19.58610111,16.38013518,12.92754486,-18.3568855,13.38680586
7.83586268,-16.73005572,-8.28707742,-12.22312124,18.98269214,-11.80335915
-1.34241424,9.08662891,-5.56078559,-15.22694337,-10.51903167,11.9781537
1.18995991,12.43906391,-12.48612043,-2.58326073,16.49428368,15.77711449
14.27102,-13.90213417,0.53127515,-11.96877135,-2.12344482,6.44014469
1.76453768,-9.26079461,11.36931222,10.02746944,15.77279134,-5.86424729
-16.18616752,2.28040852,-18.06700643,16.70935471,18.87344906,-13.59998559
4.93919406,-1.89238357,14.77799943,-16.45614691,-5.81626724,7.39904579
-3.72188502,17.47020563,-13.94198908,13.4513661,-19.78122524,10.03011357
-4.5061059,-4.04691927,6.36846264,16.50702984,7.5869346,-14.75881652
-10.00694073,2.7049077,-11.50424565,14.75347011,-3.90847706,10.31307532
-6.9654884,15.90216409,15.35340642,18.05420931,12.26433589,5.13478719
-11.08694404,-19.11393309,12.86253144,11.84329936,18.69339274,-7.64568866
14.20060563,-5.85707335,-5.50307916,0.37912825,19.28661401,18.75704039
17.74011166,-15.40603256,5.5950283,-17.84132721,16.0383384,13.16320546
17.45350379,13.68919762,-13.26141851,4.43206724,16.08712905,16.83951705
-4.01048942,-9.27965141,7.65267941,10.13502714,18.47673577,-11.50266902
-12.61184053,-9.13242967,17.95817378,-11.13539749,13.44278165,-19.71423189
15.93745355,-3.80408132,-19.32043922,-13.26416523,15.96402175,19.9152515
1.939648,-3.19084708,-12.6627779,-12.05683842,16.27620364,-19.94079042
-5.36819645,15.61392403,-9.29135141,6.41245747,-17.83624647,1.82360061
-19.11543911,15.55036299,-7.2998167,-18.56142396,-4.00194626,13.79833696
6.73069424,9.81872445,-4.57877231,-17.93846905,-11.4352013,5.95668303
7.65382911,4.19837223,-18.43911522,-1.78418924,-12.56704382,12.86205005
4.84716109,6.81935252,-9.04379206,9.41708349,16.45359064,19.02052214
-4.04454494,11.50863622,-12.86492869,-5.204023,-16.12588436,13.66484145
12.65786528,0.07176212,-18.96792792,-10.14954676,15.60237462,-6.8843058
8.29551143,11.31371651,-8.52627136,16.99852384,-15.99312659,14.38343057
2.99990786,-11.40111402,8.13633923,-4.83718594,9.9732025,-6.72947658
-16.71091393,-14.4845885,8.49758014,-16.66585026,16.8695406,18.03131555
7.57302239,-1.06365973,10.977427,-11.49543511,1.9325735,-18.42860502
-3.77118125,1.97566583,4.5365864,-4.93877315,13.0667875,-19.10293407
-4.28879973,9.91247158,7.0475032,19.17741878,17.92763649,-19.66327216
-9.58563499,12.30682101,-9.40249435,-18.446276,16.1080556,14.69612952
2.9175654,-12.85956744,-4.48080181,-6.65394163,-13.56801004,5.05543035
5.29587759,-4.89852219,-4.56982634,-2.66611596,-0.40207357,6.32547194
15.54236682,-5.38619426,19.34291615,-14.84747571,16.35265766,-17.17194588
0.44800073,-6.320778,-6.52100952,-13.49119599,11.56309916,-6.29926686
3.64967484,-0.22111061,-11.86009092,-0.76491221,4.64453597,15.1523466
3.20106225,-14.26156214,-16.25710327,-5.92972928,13.4950671,4.37508472
-12.50960276,-4.29535282,4.65691973,8.42163461,9.99166665,-15.29295459
-13.84741568,3.81116392,-16.82336613,18.33043109,18.84519438,-9.29901053
-6.00481511,-9.56915122,6.01580685,12.35767212,13.19242911,14.8264642
5.66931643,-13.12375051,-15.21820819,15.72438983,18.59229434,8.60612408
8.95630888,-8.55309492,1.61574434,6.96430238,11.45884818,-15.2954061
-8.123704,14.06057135,4.57073448,15.88052247,9.68573567,-0.21783206
-16.76173636,-9.26232933,15.24617659,16.29053651,2.83957631,8.2849106
5.45247984,-1.76373301,-12.74353672,5.85898982,2.56867855,-5.74508851
2.93503431,-9.39384695,-11.14769763,-9.32946832,-11.15436332,15.20866277
-16.14835174,1.37595194,-5.30579468,13.46903266,-10.18211324,16.07379192
1.34528421,-14.00553029,-8.08818859,-13.23505655,19.44869156,15.02992591
2.59079702,8.1241378,-8.29902455,1.23189731,15.52567138,18.60680547
14.98568448,-11.3266279,7.2401308,-18.69900925,17.13662302,12.36445731
19.85624853,-2.783423,14.29891056,1.48027629,4.93521916,-12.38004195
0.99653131,-4.99306589,-7.82670725,-17.2696287,11.0251,12.78007142
11.5608276,15.86259913,-4.20540062,-15.91520704,13.0571932,-8.73091053
13.91138073,3.22349598,-8.78788725,5.62471882,-11.47445582,-14.43211373
12.05603834,-3.84470186,-15.39521943,13.72581937,10.86214061,-18.02088023
-16.08383338,17.28389742,-11.58427441,-18.51935868,-16.35047125,13.40325993
-14.03245491,2.6818289,-18.92728723,14.48176451,18.72610959,-6.86825883
13.34317972,-14.1796258,-4.16484537,-14.86781495,-12.3493733,5.47574676
0.41137385,10.39289214,-8.42011664,5.09842688,-19.63369148,-4.02189681
-11.38905999,-3.61797313,2.3107242,-2.38121444,15.17194896,9.47626956
-11.94923573,-15.78537857,4.14118006,-10.23928643,14.29981742,-18.20273242
19.36341241,2.58390018,-15.7155546,17.87504171,-15.78013048,-19.48142402
-7.19453557,0.53045005,17.845869,12.63497082,8.81662152,-12.60872835
-13.9214565,6.86260563,12.87225192,18.35943191,-18.62494361,-18.1949696
-17.1777025,-4.89324961,6.28497726,9.96007003,14.8864621,-10.0372776
5.81482718,-11.58668865,-10.59550885,-13.04441977,11.04862637,-6.02591935
15.35965778,-8.55795494,-14.47451231,-17.52847267,12.93158675,-17.43370299
-19.82273573,7.29528621,13.5107978,-0.68880087,5.21466293,-15.76026728
15.38772845,-8.36474824,-3.53033122,-15.10459191,-10.19803291,14.77138124
-1.97675273,-9.50583523,12.47093705,17.53969435,14.83653337,17.09104415
-7.83851078,6.07457702,6.80959359,5.54610737,18.14309381,-19.62218265
-5.66011741,-19.4454333,17.0633688,7.45444249,10.8992251,18.00099779
12.53988214,-12.99970143,-10.7085822,-1.44789147,15.16264115,-12.65788941
12.72061522,-2.15306784,-17.95434689,-17.68511325,19.86756736,0.83063798
-5.72143234,4.83145564,17.87750612,9.42035247,-2.43881978,-15.95447394
19.91831271,-13.15611465,9.00764144,-9.190355,18.74585418,2.18763763
16.29715495,-17.84088156,-2.08664534,-3.43449827,-16.72753088,14.12175177
-5.05124591,0.62837724,-11.07218521,-6.3257938,9.12612077,19.80011902
-17.18328061,-10.69106318,3.87198437,15.5588973,-15.8994718,-14.69364373
15.67187104,-7.59529442,-1.08999727,-4.92777808,14.04971041,6.39945987
16.48352711,-11.48022892,5.71893061,18.50212169,11.85083202,-5.22303495
17.25143964,-2.70212835,-13.12547046,-17.7179678,15.13574521,19.30805361
-3.4298342,-6.67687045,13.75871404,-15.64107052,14.65489553,1.45642486
17.17801306,-9.53617118,-6.36157403,1.33997347,4.01625937,14.09830746
-18.62931664,14.4429866,11.25015647,-2.29749323,2.00938734,-17.22748228
-19.64034508,12.99078904,3.50551961,9.23688859,-9.75991359,-16.08148066
1.05279333,-16.86946004,-3.08860443,10.60707869,13.25631311,18.03701801
-6.43485805,0.191869,-3.17311913,15.41509814,14.6716851,-9.09778727
-5.48520906,19.08525172,-3.25525176,16.74007152,-9.15493355,6.123463
-7.88587904,9.83833976,-12.99046498,10.67362089,-18.82311452,-11.07409494
-2.78531544,-13.642931,18.47085317,15.84516461,0.85427868,-3.99434875
-3.15644842,-18.47194057,3.70703708,1.75748773,14.4119535,-15.70710406
-12.29839002,-13.76130699,12.16713615,-16.04765435,17.93275204,2.16389945
-4.16936404,-15.26482317,6.06885323,12.21864069,13.42806471,-4.2096152
3.95728302,-2.37412828,-16.96721079,-14.26270954,17.38394699,-9.43003555
16.89774459,-7.71666733,8.14384601,3.21090391,-0.06456475,-15.06672973
-18.64562843,0.14283124,8.71077442,18.25774584,-3.61531514,-16.45883081
18.78965298,17.01848456,-18.61954367,-4.04508732,17.22705842,18.93317522
10.96503365,0.68570437,-14.76550966,-16.48571261,9.82237913,-10.06399654
-15.33965534,0.71307956,-8.97735993,2.04782476,-8.06656312,15.17923822
-13.86690694,3.84604771,0.82236686,16.3683642,7.93452214,19.87568604
-1.64205503,8.66096251,9.55343437,18.27962113,0.95870651,18.04709593
-14.34752002,14.67832531,-6.15783414,12.37763721,8.91536265,14.21746564
-4.15900182,1.57669819,-14.3176553,-4.33543701,-16.83341044,14.71670775
-16.14107765,4.08840668,-1.71794017,11.18961531,-17.71629396,17.69283213
-4.65765262,-0.14847362,-6.91788784,14.50517441,-14.18712375,-7.53607794
18.51783077,-3.76265041,14.14360597,-18.21498194,11.6197357,-5.86806533
-1.96344429,13.89896955,-11.23001656,1.9120393,-16.20996291,8.54397997
-2.64283971,16.20018394,13.82244708,-17.68494461,-17.06172991,5.26108682
10.99437898,-17.40706357,10.85300265,-13.96412605,5.75785489,17.65234595
-19.4900796,-11.54764136,8.83551021,-14.92606314,13.4691783,-15.18875283
7.33627725,17.91665875,-10.53608317,-12.82862386,-5.5535264,0.43061452
12.74696828,-10.0329477,-6.02178052,8.09783505,-5.17533286,17.02652844
7.30212723e-03,-1.76712153e+01,9.80428869e+00,8.06451238e+00,1.80993049e+01,-9.52010459e+00
19.08269471,4.23199801,-2.40251806,19.32182425,-10.05784216,-15.36625283
-7.21578628,-3.69639463,10.69879697,18.20305034,-0.73170097,16.01889136
-5.98585486,4.01712757,19.70741405,16.66338386,-7.89493607,-18.05197611
-7.2347134,-6.53760944,5.38083246,-8.19732796,16.9785986,-4.78165586
-2.6699267,7.5071265,-6.49941409,3.79436236,-19.33027237,-12.97165576
-5.68891531,15.03056386,17.65655467,9.82348555,-15.49800904,-11.91583161
18.019572,-2.76347825,13.90695749,-3.72665111,5.68004149,7.95535529
-16.83213318,-6.19438302,16.10810023,17.41970783,14.72567226,-4.46334508
-2.93935232,-14.59354561,15.90871801,12.71753584,17.16436841,18.37904224
-19.46134101,4.52127284,-5.47657137,7.32695217,-16.56050315,6.3186093
16.92657081,-10.12760228,-10.39263431,1.00839791,7.5532663,16.61951137
15.73546433,13.39685043,-6.70144632,8.14376569,19.42568785,13.37455355
5.27087652,-14.38026989,0.54003163,-12.97767563,14.93866893,-14.43539013
9.86497569,0.60935633,-10.12465212,-6.42980004,-19.43177127,-0.51414943
-14.96797942,-13.54759711,7.3899005,18.0422309,10.30083634,-11.96091403
2.64416655,-15.17461483,-6.62629161,18.13506499,6.98309363,7.993924
5.45596577,-9.61483507,-0.70147413,-18.92881978,-16.7238118,9.7994326
-2.98308925,-11.17119755,2.73521003,10.32577535,-19.49290469,-2.75377829
1.64406564,12.56320216,-10.86417638,-10.6676886,0.25892698,13.61669478
5.21015643,-5.93323129,-17.42308559,10.69411924,8.86036781,12.83883088
-6.04299059,4.95701334,8.80020794,7.74567568,16.93228531,15.66223944
12.55326622,-5.01004646,10.7812813,-16.77870656,5.70359344,-14.00025254
-19.92234196,-13.19669266,5.39460333,7.16828267,15.576401,-11.65768625
14.39228619,-5.05063706,-6.97497469,-18.13506871,19.2498868,-5.59770592
-15.95447596,-5.40901915,14.56722432,11.93330675,13.94384906,-1.99027129
8.16296899,-18.60103823,11.00026376,-17.09243622,19.59258747,-11.59921133
1.90564884,-12.36592934,-9.08610104,6.84195769,19.7563619,19.03805374
3.81837901,-17.19085084,1.73515368,13.58487521,9.45997989,-16.78795978
-9.40096004,-1.94456071,10.68380235,8.32709125,10.70086625,2.89841316
-0.52729533,-2.7341044,-11.23649368,-15.86497359,7.42505593,17.56659781
-18.43386939,-11.08474785,13.90848666,12.08918238,18.24176675,-16.22224834
-12.30535816,16.35326117,-5.52418972,-5.63451886,-19.20295702,18.53598339
4.95920389,0.1793365,-11.74272522,-14.87659335,19.67567151,15.38453114
-8.68404878,19.71999842,-9.4294787,12.93232805,-12.00393632,18.34061267
-3.33058988,-18.97939702,11.72455994,17.46191703,5.19270851,-5.82474995
4.06178603,-14.46040123,-7.33984723,-15.06687559,-2.84637361,11.77360157
-7.0006228,-11.90245165,-0.88326364,-3.04517226,15.21668371,10.06570049
10.05751159,-5.95460836,1.29929289,12.79214994,11.58722161,6.50359106
-4.29544886,11.20484225,-10.44113922,13.27621243,-12.37947304,-10.59653949
-12.88759977,18.92433596,4.91203602,14.15095156,-16.96885024,-7.46325722
-11.49164462,10.83684396,-9.62261413,13.35482708,-16.34583779,-7.08626577
-12.43018226,19.79781674,5.75281863,17.50247855,8.25829342,6.04704881
-3.56911656,18.16470536,2.6604779,5.52624879,-16.31145523,10.34135747
-8.35148104,14.77190704,-2.67701911,11.29958837,12.40400539,-15.94122729
13.83134431,-5.67974478,-19.42328018,0.09220419,17.43807079,0.4367985
15.80304255,-17.78398174,14.8658489,-2.90568981,19.33282645,-15.12927061
-16.80279226,-1.58606297,7.30760969,4.89274189,16.74103278,-4.8632483
-2.03624709,18.40066091,-12.29417148,18.68925147,14.98206391,16.15676795
16.51503972,18.85940798,-13.18431925,16.04779273,10.78822987,14.91449659
-5.051747,-12.95599969,8.77288394,18.72933127,-18.66755869,-18.31031739
9.9423456,4.33440337,-13.33587638,6.46008919,-19.51327542,5.51951052
12.24082961,-14.31139525,13.19814662,15.44377094,8.93620693,-14.6190714
-8.01510526,-12.16936028,12.23055561,6.62641162,15.17209115,-13.57607297
-8.89398238,15.49307801,15.50514055,13.8304494,-8.08519308,-18.73781235
19.67793053,-0.98245113,-7.30019299,-4.23131239,-5.13462593,15.63699643
-11.79308796,-0.62269234,10.75034272,11.49369759,12.01034673,-6.69167291
7.91512934,-14.92560896,6.08321214,-2.60400187,0.61456287,-7.72149223
-10.72156528,11.84989844,-12.87464337,-11.43799862,-14.29672427,19.96529481
-8.9151177,6.67480581,9.72012668,-0.82855219,-11.87866337,-4.33084643
-0.71362675,6.20213459,-5.16479691,-10.10403184,-7.95202183,16.98559396
11.4897463,9.88395367,-10.71985665,17.33526106,-18.03441869,5.01012976
3.55277881,-4.03326223,14.38642858,-13.15093821,16.90666077,1.01106714
-0.2357899,-11.644627,-18.65733798,-6.03329046,19.98372279,19.94471531
-8.63296973,-1.98223255,8.29799976,15.04791649,11.65998432,-3.9210181
18.20601967,-16.37203056,16.57700485,17.94057207,16.34359722,14.97084244
-5.01780522,2.72437544,15.08570743,15.25576656,3.78547274,-3.56835727
6.49388831,-7.76937973,8.44345785,-1.14310284,8.40654488,-1.48686147
-1.51463243,-3.81970212,11.11161429,18.28106962,-1.27152506,5.70953929
-8.1894523,5.62241098,9.25226818,10.18314685,16.37766993,-1.79522195
18.29063917,0.30122294,-15.17967297,-19.13643518,-15.70597276,17.32028849
-4.29821258,-10.8123576,-0.10839945,-9.18244677,15.07532593,-12.97521067
-3.42288793,-19.12793237,12.56715364,10.92411045,-15.86772364,-13.97064823
18.8048056,14.75985938,-2.73311735,17.001596,13.53658995,18.58092112
5.5092646,-4.36286801,8.4742353,-4.36888876,17.73789307,-13.31339771
7.72012384,-10.4527509,-8.23688299,-11.22599177,-4.3420872,17.61589448
-15.35763224,0.77936974,-13.73214216,17.88681942,19.83478241,17.80499541
-15.5736709,-6.22395172,8.19897111,14.45527499,8.52441065,5.38527404
-14.41997195,8.2318367,-8.29540666,19.93316599,3.30167596,16.2205451
12.85156625,-8.98682873,-17.72441798,10.5964116,12.93679176,10.90779995
-15.48178323,16.02806117,-6.44356079,-11.36579538,16.14898338,18.60580178
2.73242443,8.70716332,-4.8168695,-4.17577508,-5.94753735,18.55718498
11.58414851,17.91216206,-3.82114846,-5.79265797,-0.82329941,10.93874286
-10.02736668,12.32559211,4.68581491,13.28153522,-2.26924816,16.03706015
8.73204722,-7.85019163,-5.32816263,-19.97109124,8.26655378,-0.05240561
11.64812565,-4.89949674,-8.47977645,-17.53632727,8.49233909,19.13422334
-19.46816072,-13.49402069,14.52561085,3.47392229,19.32878374,14.11680622
-16.36226177,14.23760559,11.74286437,-9.36652854,4.02307149,-17.00793943
-13.94118558,-18.4620296,4.33659083,14.5813385,-0.87640406,-10.24913828
-4.75988366,-5.64220001,1.18720495,-9.83526349,10.13422456,-14.93323022
16.61563765,-12.7145652,-11.88065141,1.18853504,16.11776429,-3.54174364
5.68794984,-14.59503409,-13.61245433,-17.48852949,4.98710909,15.64296072
0.23685027,-15.0493855,-9.07419018,-6.70486482,4.88238256,12.63425081
-5.14179237,-14.61659204,17.92404773,10.20200558,18.35347939,1.43488741
-9.08228719,-16.40313931,13.95871559,14.35935273,19.2790999,0.87340927
-13.39817745,7.45321555,-13.63129401,14.54675976,-15.19708314,3.92638361
16.89394413,0.29462864,-13.48221485,-0.86253019,6.95351532,-12.97281519
11.95503946,11.71500943,-13.5842214,-11.09313215,-7.57135711,14.08141178
-8.59796025,12.20050719,-11.2485876,9.04746902,2.63956038,-15.70520179
-15.13075814,8.71114258,-2.77076263,1.0474149,1.14604445,17.77204832
6.99955102,-15.52737463,10.04345251,-15.61593646,5.48369243,16.26480314
-6.07152021,4.36033153,-4.31676901,18.67078911,-2.89028336,15.46370265
10.37545943,-11.02563369,-19.26376159,-9.93902771,14.81218827,-2.06869724
13.15193507,4.45396155,-9.9388483,15.89110852,2.44664703,11.76133392
10.96972884,14.68146176,-9.88469494,-6.43436929,-16.30067672,8.72634899
-8.80268364,14.51076446,9.97842526,18.65474094,11.54942827,2.16949096
-17.29585938,-8.13991174,10.15811239,16.44580641,-11.9635063,-15.87807373
-5.40856377,-9.56358877,12.40332081,12.34207965,9.1776609,-9.09189779
16.40104089,-10.87284575,-9.92227964,6.51927146,-2.56071142,16.54740051
-9.64834361,11.46720686,-5.0178594,19.91271039,-4.69129423,-19.42955655
-4.32515841,2.39818772,16.28390785,5.59675788,19.65758599,-3.90582606
14.59915384,11.73207666,-5.87508293,-11.64806685,-10.79762451,14.49176396
-10.88299242,10.22660606,-19.0784929,19.43752197,2.06233796,-15.29113374
-9.07156923,3.28822858,15.37025119,16.26611809,-7.28702242,14.55023437
-0.99113726,-5.10620536,-4.42718753,-15.49216539,19.38688166,-16.16188761
-5.83559277,14.0779367,-19.55340771,4.3777854,-19.63540385,-13.92641754
-10.80741337,0.10972465,14.73061183,14.42075172,-19.84282775,-4.93878671
-18.77314148,14.16000358,-17.76615126,8.78161362,-14.29531243,19.53785494
-12.39216775,13.43231554,-0.80718542,-4.6118099,-6.19881728,10.94128756
3.43451648,-4.05184934,3.09097292,-17.71634398,2.60061636,-8.71936562
-7.07868642,-15.59813289,5.74872912,7.09764972,3.22293497,-14.865142
2.79336514,-12.13434829,-13.84018481,2.24762262,3.83164997,17.49171432
-10.02941053,-5.00743358,19.8319564,12.01016138,13.77004733,18.462199
-5.83162442,13.07641791,-10.90508142,15.06133117,-6.62549272,8.15410138
-15.96499137,-3.66197534,1.47405635,18.96059657,6.89507567,2.49409998
0.95468846,-10.5231123,-10.62921934,5.39175297,0.77361726,11.70088836
-1.17893578,17.29427934,-0.11096882,14.31770102,13.1256964,2.32802299
1.65098655,-6.45206312,9.80358073,-5.67950914,18.38942664,-7.43253912
-6.72268572,6.04801681,-2.08006056,-1.25987025,-10.30066562,1.44961862
9.42131537,-4.24267135,15.4826106,9.98401339,-18.51211852,-18.93706015
-5.78073004,-1.09314646,-3.33822378,11.54822851,5.63581145,15.0101957
4.38735179,-19.78696193,-6.77687541,7.21374588,14.15740649,17.12561955
-3.65532159,-7.50886171,1.1806945,11.11475905,7.12968145,-4.49106284
5.79968973,-6.51725324,-19.21444075,-0.23134761,8.26757357,-1.45430681
-18.75843995,-7.39249211,3.90605824,-1.25403507,9.88575554,1.06693308
2.06122008,-11.24623908,1.02342934,15.20669576,15.14050084,9.83042221
18.53284568,3.69213162,-9.5366685,4.42894807,-11.42094014,-9.55830276
-4.9686362,15.63059875,16.75496018,14.15170569,-17.4209329,-3.78537253
3.03451812,-13.43754291,19.72018596,-14.85720385,8.1465752,5.58786094
-17.12397768,-1.59924201,-7.74845178,10.10997611,-3.0130596,17.01071094
-3.71101575,11.22076942,11.41263547,15.98628624,-10.78098775,-8.09852176
-4.11650127,-14.52878452,17.51598398,6.63989214,-16.52168259,14.94875446
-5.23706569,-9.26849044,4.74553129,15.64040367,-14.25845353,3.26252524
-2.38860686,-5.89252447,1.42329539,14.18969725,8.28463937,6.40793581
-6.39230802,-7.95764351,5.21443466,12.9702783,2.61634301,-18.58017038
14.99084969,-10.46721212,-2.30528032,-13.850174,14.72819804,19.98236478
16.28503582,-4.82482843,2.93533438,18.81226247,9.49862905,-5.05313244
-19.88530514,0.06720307,13.48483677,6.1559145,15.25866782,-5.76733219
-7.09097108,18.62874347,-6.24785828,-5.54036438,18.51370835,18.60366293
-2.88525035,13.22814584,-4.51604987,18.91249108,4.79010458,12.90574793
11.14092381,-6.97143228,-1.95219439,-16.20758136,-6.17672531,17.1983334
13.33984114,17.54339222,-17.5265015,-15.50916738,4.28610422,15.50789121
-17.41008974,18.14670408,10.6910439,19.83920014,-0.88884552,9.48204524
-7.61503823,-3.32539177,-0.57648757,-9.67255412,16.33505837,-1.37258244
-5.54121017,-2.24134212,1.20755156,11.16438402,1.98628395,-12.15928378
3.12182662,-7.37548667,16.61876431,14.78383933,7.40323258,0.48415058
-3.57619037,-12.66284951,2.19766888,-18.01568531,18.93596161,-8.41424859
-0.77794529,-12.28130092,15.80223837,9.15896914,17.2354458,-2.69850342
8.07621306,16.13501033,-2.17282605,7.890901,2.8383571,14.7531136
4.46262845,3.88367376,-2.43995979,-12.24606562,-10.41804299,9.1615975
-8.8713647,-13.23032419,10.63922939,12.70328287,-7.22348056,-9.85151707
13.75283137,6.84024876,-8.77333149,-13.34755894,-14.78559629,18.83438583
-2.49647466,-8.73594171,14.59136981,14.5388094,-4.68020671,3.78605036
13.56092984,-15.2362061,9.97342256,-19.74558254,-6.22556597,11.69708371
-10.03758826,2.64125639,19.26843668,14.13045197,-11.28967485,10.0463897
17.89160033,-14.66108735,-8.26521493,0.57898319,5.02998579,12.40810255
2.65245365,-14.1069316,19.60989068,-19.24955526,18.57401884,10.85849311
-17.34434055,-2.2988577,2.21413657,5.2466132,19.68148995,18.05552678
6.16187579,-5.84001227,7.17186925,-4.72651215,19.96868961,-17.31972408
2.23704812,-16.22542576,10.76997376,13.49501342,16.52357693,9.57357194
-2.0843546,5.40643064,-14.50880123,18.83872202,-4.80988234,-7.31452692
17.72008509,2.34948033,-0.86834007,8.85504418,10.71504667,7.13995084
18.95586924,13.70356198,-13.47769759,7.85402193,14.23022505,18.15066338
-5.0918147,6.04774774,5.8118991,6.71462131,-18.22695976,-12.65893921
-4.26274378,14.54904845,11.75079924,7.64683478,16.73326577,12.83026574
12.46007522,-19.86983558,-7.16463791,-4.45391351,7.44763962,9.12718786
1.62013643,-14.43653821,-12.9837269,12.99368205,19.62381671,17.33671996
-4.95839357,17.07209266,-11.74679695,16.95790901,-13.6997377,-19.56565238
-17.10165314,10.08695217,-19.91155358,19.00838025,-9.5604801,3.58315126
8.73452842,0.66380481,-14.13191005,-11.61338904,16.95249456,10.58582839
-12.93614171,6.15187709,-16.9804466,18.10568085,-13.36832398,-9.73795783
-1.8871376,-9.85988417,16.84141041,9.05223211,19.71298148,-3.12833282
-10.13395923,6.22877173,-2.33351081,-3.13223835,-12.23386214,5.92831918
-4.39381828,17.82202158,3.27410219,9.78292331,-19.09808822,-17.50410116
-3.36568157,11.91596687,-10.70062982,-6.64140153,18.1681109,19.06149381
-3.37912495,-10.18618843,6.05426598,14.7232693,-3.56814607,8.34729829
0.09989947,-10.61973843,-15.63103067,-7.14245958,15.07539549,-6.09939064
12.56599838,-17.56787012,7.41168505,6.23106314,-8.79946337,-12.47683355
-6.34485871,9.61826462,-2.95736387,12.64425672,-18.06890801,7.4533308
16.37432214,6.97123122,-7.01779476,13.9007054,1.41642006,8.11061281
-10.50005748,-11.86427846,1.89092304,11.21121539,11.78012512,-5.07661327
-7.41085465,15.89494015,-11.97543339,17.34596607,-10.33777161,14.15872629
-6.42045148,16.4728939,-3.81485788,15.21674757,18.00879086,-6.91031469
9.33191763,-4.53179448,-17.80404732,7.56851691,14.29477256,7.7073445
4.16354646,-15.32434516,-17.63572902,-14.69590315,19.63943493,7.73887146
-0.88971186,12.44415244,-18.06871993,8.60770886,19.91424603,16.06361416
-5.18707857,19.17220509,16.26221869,18.38044909,8.14079856,-18.4948515
-8.03001624,-12.81400372,5.80039817,9.27385516,-13.541862,-17.14570421
-4.38708197,16.33670335,-13.53407042,7.06702913,10.99490608,-19.19931164
13.43663501,-8.03073777,0.64873457,-12.42595523,-11.55208612,17.68318634
10.26239945,-7.15008971,-18.65156673,-11.75717447,-16.79196531,19.53412853
2.34761934,2.49086455,-13.42927326,8.67932524,9.55944935,17.05275935
-1.02868356,16.44513411,-13.74525832,11.2448158,7.43525065,19.98086128
-7.7032287,10.59162809,0.11350482,12.10019951,19.57878412,-2.42459502
-12.6046648,8.43803167,2.41993902,19.2709848,15.16003538,3.4210593
-5.2666673,-17.6590979,0.49003544,4.72375,17.40756065,-3.15675252
-1.65107432,14.85111619,18.37029857,7.45583408,-13.42890008,0.411186
-2.13230455,7.58895423,-0.31555264,8.15333645,-17.86831608,-17.59254712
-13.89083043,-2.6115639,15.25863556,17.72656399,7.74344088,4.56318374
-4.7235544,19.48759426,-2.46123301,3.87566956,-6.94652889,13.10501245
-11.73468306,-15.29700302,4.61760358,16.49087042,5.69501371,-14.32033249
-10.888819,3.60839632,5.61802028,16.52694214,3.28282893,9.3703537
-0.56151458,0.96038333,-13.47001274,18.6253968,-5.58617777,-9.92181859
1.48366705,-3.89873975,13.86651838,-6.69606556,8.80268276,-3.34401105
9.68103309,-15.01822614,-18.85465615,-10.34110129,14.17703106,7.77556957
-10.74218086,12.23974508,2.43879076,17.21142595,-13.60207333,-6.1738302
-3.23187922,11.9366853,7.78063776,4.34239767,18.54910403,11.86155289
-6.20046318,-0.71085878,-6.07541257,-3.16788455,-14.49959466,19.3877817
1.44949575,5.98930276,-14.89532522,15.84911545,-10.20458372,18.317742
9.29488617,16.05628826,-4.26432165,1.39699492,3.65738155,11.30216882
-8.42719441,-5.5018768,3.13226292,-13.48858616,18.06646843,0.17592712
-9.90392771,-2.54834639,8.97769723,17.5262668,-12.60003611,-7.06154681
15.51860379,10.62218336,-4.69575155,11.80012364,14.05417494,11.79087468
-7.7121993,1.37452363,-9.22179615,14.16163434,-1.68327916,-18.79727619
16.27582826,10.40819738,-5.71529651,8.14475653,6.16023047,12.53479826
-11.0885708,-6.30428761,-1.29453736,3.00369142,12.87561594,-13.87982677
17.90418122,-11.13137401,6.8332197,-18.41164069,13.76879305,-9.93462543
-9.62364495,7.66323248,-4.79239261,15.24202277,-13.48352583,12.3236192
0.28980041,-15.66664437,-6.09293295,-16.36623488,-1.34190056,13.08162147
16.56111827,-0.33275808,-4.14379258,-12.90433587,2.75576927,15.26388034
-5.99280595,7.7033661,4.22819413,16.04159076,3.06800313,-7.08736205
19.64014369,-19.09638798,-2.74499712,5.39870652,7.23293886,7.82603285
-4.34230302,-18.88467264,2.63145363,18.89138876,-18.91305965,3.65896572
-15.22253414,10.32679223,-6.11559327,6.66454966,-15.42146489,16.35408495
14.91576003,-8.09168245,-13.27949689,-15.96700225,13.14452896,5.82370568
-6.4379535,15.36622801,17.47920465,12.04755032,-1.90688339,-2.3404772
-3.15735862,-14.31825762,15.66988888,18.95166353,19.47741931,-11.85029609
8.97042473,-4.13554133,8.45828062,-0.94522621,17.32369879,8.079475
-5.48350217,18.63469885,-15.28816651,9.48491317,9.28461896,-3.11036349
8.75044828,-12.94145172,6.18225055,-11.71108205,19.9380799,-15.38098811
16.67964542,12.30990374,-10.73239597,13.9629001,0.89453693,18.39970173
-11.44270474,-7.80097146,12.66754715,19.7118273,-13.32079489,9.62069898
13.52046605,-5.03927223,-11.41406017,-1.83891806,9.26449142,-10.06282462
12.73258538,-11.66736999,0.06592894,-13.84650201,-5.5821232,10.41855822
-4.64602634,-11.3301813,2.76950647,4.78054421,-8.28912299,-14.63580803
3.36460814,18.80517893,-5.26403926,-19.28610424,4.6549604,2.51717336
6.98109557,-6.43309119,18.92807107,-3.97374726,10.97639235,-13.28792484
2.32356213,0.10357227,-11.62885799,-13.23973816,8.06167667,-0.59179365
16.98260082,-0.4322526,15.63556742,-7.90914478,4.28995035,12.17300696
17.04689691,-2.82709714,-16.25820232,-16.26259877,15.26064521,18.10462146
14.91952552,16.38467608,-2.60339552,5.06920642,4.00975588,10.98945465
12.96562956,-3.27619855,8.24756503,19.47593448,8.77918862,-6.90207206
0.58706654,-14.94937853,0.56998046,6.20582739,18.46139153,3.32290807
-3.10722571,-16.3130503,6.09800064,18.29730033,-16.02941624,-16.11400499
-0.47871605,12.23190117,-6.125931,5.31012375,2.06721709,1.62921545
18.9809804,-17.49671806,12.82203118,1.92998052,16.64322443,-16.31418835
-8.94037114,-12.09522985,19.43194313,-19.49305071,15.15673651,10.96017389
16.44778824,3.89917544,-3.00924806,-18.02381791,-6.49298889,18.32295977
-9.83100999,5.29814157,-2.52221776,13.46411712,-13.91606899,5.72432476
-0.93759548,-15.05567936,18.80865182,19.66734808,17.82993719,1.89051844
10.71727673,-8.69937693,-4.75988689,19.35641666,15.74765883,-17.33040608
15.72745166,-13.56191909,-4.40310574,8.27059692,16.4048785,12.49893959
-2.36569623,7.1278775,-13.39397977,10.55320153,-4.8424592,-9.3416491
-9.07772653,-13.49949325,8.63036154,18.21651402,-9.38628776,2.02149814
13.78948386,-1.82106836,10.28395771,-19.64356037,19.16170069,-11.95935613
13.56579976,-18.47069481,-13.42670545,-16.68263002,1.8361179,17.13707541
-4.23103674,-2.64692755,7.45773303,-0.49854193,7.42494547,4.79891714
-3.36768668,-5.24078136,18.91253341,12.17771816,5.78601182,-18.69017944
17.81507778,-2.54708666,-9.22252165,6.36310734,8.80851675,-15.70920109
10.25793494,1.03955957,-14.08690239,-0.73867183,-12.34691975,-0.39268002
-4.6719548,11.76707092,-14.42652071,14.94895406,-12.38224287,2.29163197
-10.83988154,-4.35714185,3.19849092,13.23718102,13.92336044,-17.73473362
17.41479065,-15.00796534,11.42019347,9.6315993,16.95424184,-6.79761286
15.09064865,-10.55092005,-11.40699539,-11.20380356,11.32165051,-1.56471853
8.07942234,-0.28339705,-4.75482033,-6.01999963,2.85297593,13.29171461
2.75608059,-4.33861965,-6.65797353,-4.45897332,12.62858561,16.67185471
13.19907799,2.30543733,-6.56168719,16.60352193,-9.68564607,-18.77760077
-12.99980744,6.53741294,4.84122076,16.39542075,-5.10655165,-17.46943111
-0.7562189,13.89113904,-10.8470661,11.43264069,-7.63274269,16.81594856
7.69090575,-19.16367715,-12.25838151,17.17562526,3.10525658,18.76010915
11.2376816,3.3074784,-2.57360168,1.33401511,-11.73605015,-16.79342364
-17.20661566,15.29972928,17.45671255,17.8139935,-7.43534886,-14.88875176
-10.98356222,-2.87769751,-0.41285975,18.46308562,-3.73343894,-8.5349394
-10.68145535,5.30087966,-3.6981922,16.32715095,0.90958705,10.76491688
3.69391482,16.89447513,-3.4487017,17.43526685,-14.92232433,13.94225277
-13.70060903,-19.52040514,0.18711681,17.75472112,0.44501215,-6.19219557
-0.11450067,6.23171912,-1.41136023,5.27534995,-14.37881169,14.40007395
-10.70691821,-17.46408213,14.68453844,4.7314779,18.37438263,-17.68842099
-3.90048957,-16.69986796,6.77594642,16.20492625,12.91379771,7.79027497
-2.89689797,-7.985118,14.0353152,4.92293624,0.0848747,-18.1657764
-18.80593051,-14.6381606,14.48831745,17.43662368,18.27651759,11.39246236
1.9741686,-0.50326962,-6.58414145,-8.1119802,15.76510689,-15.78300278
12.9719256,15.09962065,-10.8483737,-19.88203006,7.32116503,3.67943951
-13.68584551,-3.2044805,2.21463571,17.72458198,-5.85361516,-13.24552125
-16.79738316,-7.2576653,13.01304908,16.71645353,12.84204881,0.04041549
-7.55109797,-13.37858135,2.41027758,-3.84858182,17.03869902,0.060277
-5.59132037,15.11041537,17.97771046,8.2745444,2.02059855,5.66469009
18.01930137,-3.41671293,15.53300591,14.09905263,15.75990951,-19.63786478
13.0861302,-1.29204761,-11.73186932,3.1906166,8.7064495,7.92840434
2.61003755,19.67015292,-19.92378734,-9.77859742,-0.11885487,4.89663678
3.20723898,-9.02264976,13.50109212,-14.59783087,5.1043786,-6.97232068
17.67295775,-0.92287623,-16.8185762,18.40267357,16.14193867,1.08538461
-16.86265913,-7.44035687,5.17414809,18.77773591,-6.91924154,-16.74461484
-1.61483532,-7.87416039,5.53667583,-19.20282319,17.30124746,-6.30464268
-9.11178078,-17.80092166,4.81389006,4.22520141,19.47106895,-4.94867886
8.41766427,-5.18313171,7.86782594,16.07549919,15.60481627,-18.31192343
-0.81721953,16.87303169,-8.95636254,6.54682064,-15.98879315,10.55776414
1.87952724,17.15771569,-7.10836408,-1.09257954,7.16137281,18.65156475
8.58316215,-0.10050708,3.90377669,-15.61548827,14.99828578,-4.11829862
-15.26520969,9.92928095,-6.53957265,-6.62051498,-16.2034923,7.67590879
8.93283525,4.66255199,-6.3705965,-13.72244802,1.97979759,11.91848698
-9.19198198,13.56902053,2.62345495,-0.03704498,-14.31150009,3.98131716
-10.3503639,2.54170215,-6.50829979,-13.56497036,12.80272524,15.53853223
-4.77548289,-0.04041209,-7.16675677,4.81825794,-7.88639429,2.19754699
18.8086948,-5.09599706,14.33639151,-2.97322181,10.75335515,-13.7204345
-1.82066669,4.04776012,-10.29012546,15.55844966,17.62843996,-11.09683934
-18.21365593,4.22760913,-7.41117739,-2.74296058,-5.73462516,12.15202047
0.36574409,11.81103827,-4.70071677,-15.64695793,-6.543708,15.90446235
-19.74273507,-15.44394811,12.58831749,7.83498966,18.64978141,-15.22874964
6.61947128,-1.80814009,-7.83298445,-12.07692239,16.35137875,19.34044813
4.33595428,-15.6166233,-1.32998643,-18.79992334,-16.94830532,3.26954598
-1.71691752,-16.19231897,14.70326597,18.98778987,0.64732415,18.42672169
2.81998031,-1.89517438,-1.19180382,-6.69326572,1.19520681,14.22547908
-5.10501304,19.81638309,-19.68835087,11.07309687,1.63912447,-15.80363809
7.48288029,-19.0621262,-9.36317748,-9.22174827,4.30407081,17.47521066
-8.53070044,16.6297976,10.1499242,15.09266548,7.66882776,8.59667853
-11.14178792,17.63249279,-1.98128744,14.26701106,-3.94182844,18.26712875
-9.72542241,-2.93418329,10.01446696,-9.1361243,19.84537973,1.43134322
1.82090576e+01,4.99374177e+00,-4.49338310e-01,-2.33786640e+00,1.77172569e-02,1.90760979e+01
17.11658642,-9.89628691,17.7246658,-15.60521237,17.35342619,-19.74198184
16.94243126,11.68514737,-2.22041949,9.35674095,-11.24065569,4.91013231
2.91814452,-16.39430514,19.55354841,-16.20742806,18.92816667,13.83316751
16.64339499,-8.88183118,-6.64608909,-18.95648464,-1.36293081,11.38720503
-15.54769008,-15.6094756,6.19695637,3.54381824,17.83638267,-18.27190897
-3.04156524,11.84042687,-5.59770687,3.63200794,5.71585194,16.12649595
-4.679334,8.92100865,-15.70002196,13.0633428,-15.30157482,-8.12542155
19.86276123,19.19163832,-9.18956748,18.03167563,-1.76894598,14.69412652
7.56877553,-4.48170644,-7.29378027,3.40602246,19.2044293,16.78631679
-9.78394726,0.34863827,-10.62270014,17.29736322,7.76931202,9.31935049
-8.28444967,16.29078016,-3.67423307,18.74438746,0.17892982,6.50559279
-9.89076996,3.74185867,-3.56163326,12.18707138,3.03176141,17.14134098
6.95716789,-3.16063324,-0.75984272,-8.97448388,-10.20511706,0.95540589
10.80784233,-4.9783684,18.56624066,5.09517419,15.69942863,-9.1075352
5.95241997,-7.00329341,-12.55574008,-19.12076938,-8.0996299,19.46059691
8.30513648,-8.10914132,12.81465301,6.81092889,3.66551559,-15.77679993
-18.20086723,2.60274417,14.47392652,16.87646782,-15.02635108,0.9830818
3.24722469,-3.41028999,-7.28036502,15.76209825,9.58322605,15.03617647
11.78853326,-12.48090941,2.11818178,-9.10092506,14.65727392,7.91486833
-4.0128079,-18.2096421,6.39417046,14.5336666,19.96564533,-6.73144129
-14.10068481,6.57350537,2.56259174,15.56522073,17.81882966,0.06317852
-16.06873884,-10.63308423,-0.91078754,19.38352886,-17.91543773,-14.94576744
18.73885176,-8.41947801,-6.91909185,-3.94323049,-13.00850841,9.66665718
8.81618468,-6.41337949,-12.05436344,-16.32830824,17.29923038,12.11708025
9.02421473,-19.6540947,-7.53883978,17.14967464,-13.66412119,16.33070788
-13.00588576,2.00944106,3.74287592,16.39616418,-14.53399762,4.12426354
13.88274999,1.15228388,-6.32612932,8.86930021,12.05311062,7.1652744
7.80712853,-11.91366945,1.18696286,3.90540599,16.18745398,3.77241111
-3.18630274,10.79669038,-19.36177391,11.86000446,-2.08417899,-9.68104237
-9.25985987,-4.91413332,1.60109204,16.49888536,-11.80082684,0.94059686
-2.38828711,6.91400319,-12.49392466,2.10520967,-1.59882902,-7.59536188
-9.90997753,-14.95362807,6.12617033,-18.2820948,19.8641794,-14.69453598
-8.3787223,-15.69704792,19.68770216,11.02023229,11.91292242,18.63659908
16.5037297,-6.34841119,15.86455321,0.30345708,12.27046322,-14.54779841
-12.54882015,-12.52515116,5.12077469,17.21337802,13.56288446,-8.54590787
4.63784086,-5.55861579,8.3493671,-14.65482987,-13.13472126,17.65155809
3.20282907,-2.47305347,-18.30088226,-6.55324709,17.73206474,10.44848119
-8.72733716,13.67604664,-15.61910188,4.28468877,-17.95745869,17.37401763
-16.35945999,12.17821315,1.67936197,-16.44408416,-15.2007139,10.00858816
-4.70002507,-7.67643883,16.55662438,9.95970343,5.9769813,18.61780253
-0.13587531,6.25301411,-10.07707856,16.84075951,13.05392388,12.45618091
0.77329148,-1.6886553,9.92437005,-3.3094586,19.84712795,-17.623336
3.33699439,9.10255996,-10.69559739,-10.01582568,5.4447761,2.8200203
1.14696355,-7.01119493,2.82047729,14.45894475,-3.21290675,-3.03962899
-3.39184504,16.35752176,-16.85642224,5.00536153,-1.49156189,12.69751872
-13.43692902,15.23013779,-9.38555388,15.29074028,-7.77746952,17.21707432
1.9576792,-10.37061072,-4.36040762,6.83703396,11.56526854,10.65149246
15.76924472,-19.49858223,3.69427189,7.22400343,19.87639075,-12.64023134
19.1417325,-7.83369986,-9.66610664,0.13777472,-12.46890624,12.17119443
7.71521152,-3.60805543,-17.63920814,-9.74647457,17.89051461,1.57546818
-15.07793773,-5.57777439,4.92449782,15.15609575,-1.97221725,-15.89929886
13.26589666,-0.22272473,-15.58945856,-16.46580679,-3.34895842,15.73062013
9.68790828,-6.38176124,-15.44993877,-5.43644545,15.4014739,18.89858641
-5.91138391,-0.86580585,-2.07294869,-16.49615748,-16.85594191,9.4168555
-3.80482887,13.11856608,-4.97669119,13.03923121,16.42825736,18.88458862
-8.27184632,3.04307124,13.3241184,19.03206426,-13.08683523,-15.28711499
-4.84196358,-10.01828694,18.06586687,9.45142465,10.40816291,-13.64536712
4.76829974,-2.03599185,-6.94944529,-12.53241073,4.32012513,2.68185092
19.64072952,-7.26111434,-8.34275212,-14.24393718,11.76018276,9.00604001
-7.96035274,18.12878845,10.82016733,14.56107703,9.05140326,-12.6821584
-13.38549666,-5.7238697,-0.67866673,15.01537419,-3.71477753,0.94360872
13.69272544,16.26540745,-14.53692312,-1.08967337,-18.1478885,19.06400223
-8.24261863,2.82459473,5.9738819,12.17398386,14.29932927,13.79801412
-13.18762673,12.66306629,-2.2881752,18.53512263,-2.17697984,15.01143066
-6.7272993,-2.39829942,19.74024454,-3.66604352,8.51561324,-8.35159406
-5.86143657,-15.79401313,19.12582995,0.08665658,16.76395899,-13.32582267
-4.50215163,-0.87466295,17.37707608,4.58064598,1.48749024,1.58449451
-3.08490223,7.16985821,-8.56592911,17.14997931,-12.08683739,-12.81965995
-10.7364704,2.42665499,-5.02837121,-11.73000238,-19.00912355,18.54224601
-8.53366781,-12.16992137,8.24962226,18.06149832,-18.88450548,-9.98236061
-15.49348317,10.22777484,-2.615476,1.18595087,-10.87105846,8.33233393
-2.81513829,9.15752829,-6.30648372,8.70390226,16.29781319,-14.37331181
-8.73822595,-1.17577206,6.52483222,-13.1154517,19.35431442,-11.44326053
11.66567851,-7.84965119,-19.27471251,-7.64688345,15.66494943,9.69947797
12.95773199,-7.6908851,-13.05005706,16.75503257,19.25517011,7.6603079
-8.40221188,1.95404975,-4.84052451,11.92425568,-16.2825864,-1.6040832
4.00736388,-4.10753848,14.27553386,-12.58286543,17.95787754,10.14552091
-4.51650517,0.88562631,2.18910183,-11.15038721,-4.93788904,0.73253155
8.62105205,-11.31316162,-6.76825008,-11.5955948,10.46622309,-6.75192159
6.7591013,-14.78636961,-2.76986336,-7.10851747,10.06915598,10.97105643
17.09251165,-7.12430019,6.66430509,18.73009684,16.07077548,5.05247235
9.75433817,5.1404696,-13.73621335,4.50054414,10.71650693,18.50829265
19.57440426,6.95626391,-3.45680146,16.7588545,-17.64497637,13.60092136
-7.26373896,-0.41111722,-11.54265974,17.35160907,9.15240523,-8.71401633
-18.1869689,11.59711432,-15.53003473,8.47322558,-4.86007282,17.86523316
-4.1890852,-8.91700229,7.69377769,-7.35333328,14.00213431,-17.80460009
1.24739705,-1.30947844,-8.19803702,-8.64109577,8.85708726,-16.4174689
-17.47642387,11.82413026,-9.77707706,0.14773003,-19.72719834,14.589891
-9.24151734,-19.38633164,7.38110192,9.24551873,-12.70020678,6.15017293
18.33587432,-1.09498777,-1.08403652,-5.36527193,16.9228467,8.73915457
11.69505538,-8.69730366,4.90683729,-3.70824265,18.0795427,11.6806013
-11.47489964,-1.95124004,13.0223956,19.29682704,19.05542474,5.43559983
12.63467396,8.40017875,-3.28222712,-15.6782693,18.35157423,7.86871381
-1.05147803,13.04276264,-15.71441953,4.11808271,-17.03129659,0.96212967
17.67158762,12.3286288,-5.57945147,8.28042664,10.52435758,5.02548493
-8.44591409,-11.55846303,2.31332603,17.04880204,13.99317688,-18.73111292
-7.50070472,-10.19064432,6.54765933,10.33710305,-2.19430055,-4.8670506
1.80756752e+01,-6.34963398e+00,-4.23377856e-03,9.72069985e+00,1.36523057e+01,6.57004842e+00
11.40325154,-1.66172047,-17.13811932,4.21428229,2.14336089,-2.95769973
-0.81532728,9.59345555,18.80561505,14.55976704,10.57871309,-19.10902097
3.45529959,16.50249531,-13.68260438,-10.38827273,-13.97324404,17.26665728
-1.52642423,19.68405188,3.67862089,-16.5878618,2.61987129,-8.46656399
2.00146093,-13.90825863,-18.04577982,9.23193774,15.7034007,-6.60501926
7.12855138,-18.65132545,5.64994528,-13.80773617,-11.7520417,8.1966517
13.8036784,3.98896825,-13.41432886,9.47326557,17.12500788,19.94512364
7.25050161,-10.06333153,-2.46751005,13.49351668,10.69041476,-13.22015037
-0.08662338,-14.57556102,-4.92088902,-14.56814557,16.71288223,14.77343687
1.54272977,18.52235737,-3.28199597,-3.88292058,-5.54613129,16.73935434
2.55012201,-0.86089603,-13.36903088,-14.24181101,6.95375015,1.03050593
8.42793322,-9.92802962,-9.41378481,-11.62287656,14.27814004,-19.97785433
3.27923196,-5.68798595,-1.34390111,15.19708458,-13.61319976,3.61604992
-18.46027212,18.21521305,-11.52134379,5.92009168,6.5023966,19.93272819
9.21793141,-14.83305492,-9.5447469,2.10258959,-6.98356737,17.77110891
0.3319624,-17.92824197,9.27510215,-12.51908322,18.66767004,-17.87436385
10.48173433,-16.03594265,-14.93897321,-12.61818458,19.59018203,8.39337435
18.01428124,11.34781666,-8.02728112,-0.61569333,-8.23760672,11.5433862
13.32534238,12.7252184,-4.73520831,18.33379862,7.38030825,17.10410565
14.27789689,-12.64955833,-15.53938751,-16.31511416,18.52080664,19.84200366
9.68985331,8.8406408,-4.32761857,14.73940082,-9.1060809,11.33340694
-8.57674741,-9.49779182,6.85955017,-13.39266852,18.29098785,4.4891637
9.62226565,-1.4183274,-11.43386192,-4.35294007,16.5687615,14.51769233
-4.58048371,-1.67056595,3.79170459,18.80420546,-4.58776499,-3.55066448
6.02648083,-1.9233377,1.74224365,12.4923672,13.44687115,7.90097056
-2.03081593,0.43014311,-12.03962821,12.04647573,-14.16847753,4.77293369
-7.01809941,4.36826755,-15.65545747,11.60384922,-5.6375205,-15.87874651
3.24422966,-4.65027229,10.98666573,-12.8672191,12.27464713,-10.37585298
-7.40617384,3.03426917,3.09847991,18.25125337,3.22705691,-11.54545363
9.8183974,-14.39133778,-13.68131849,15.44420413,19.17013838,-10.46904829
-18.56513201,14.38146764,10.55198965,-7.70139295,-16.75947374,19.10011854
-2.16058432,2.95839001,-14.70031612,17.70778875,2.8250975,14.99391112
-8.55086791,16.63348633,-4.58909345,17.97272831,-9.68712838,-18.10877538
-7.73562557,19.75939124,3.44448485,16.49472936,19.54410026,-3.89354172
-0.90062416,-12.47556007,12.0159751,18.51959574,16.23647416,-6.36905928
13.86572813,2.47222573,-13.65255456,-16.45566526,0.38541126,7.96150803
5.92506562,-2.58442546,-8.98341151,-17.29168644,12.68073693,-5.86121857
-18.50825528,18.28054587,-7.93828728,-14.70771461,19.50861358,17.47557839
-9.27724887,-3.96010125,12.69579063,18.6938936,5.73718294,-19.39746849
-18.26839447,0.91180522,-2.79554516,-0.58494002,-1.98673893,14.0899307
1.19545381,-5.49277318,15.61365072,-6.58318457,14.67765477,-17.76517485
-13.30043111,-2.31258361,19.86510543,-5.7202257,7.82822731,-10.20391089
10.53611467,-11.00286069,-4.17159147,-18.44951163,18.02643645,16.00427997
-9.98444814,-1.70957181,17.65277242,14.14238733,9.89635517,10.13152283
0.42695933,-3.36916664,-8.52928959,15.04317023,5.22237346,-11.01848671
-4.14800822,13.8941883,10.53160668,8.40884559,-14.62898396,-0.99483846
18.58400881,-11.3576423,-9.19294899,-5.95568134,-19.73855278,10.56277036
3.43450998,4.55106505,-16.39663005,-8.56869942,18.34613217,6.77942429
15.97372613,-18.97519269,-10.02051651,-0.92308598,18.23685585,9.67189504
-2.91677093,16.42045176,16.94011114,9.01927167,-19.53029334,1.84856206
7.37013414,16.80265294,-18.74929797,-18.85945889,18.48639244,-14.97243301
-16.14544632,11.67921597,-9.72500066,15.94537339,-16.07798065,16.83195993
12.94657111,-11.44697631,-14.13495154,0.77842164,-11.64504012,17.05961772
6.28770149,-6.60208046,-6.09863715,-15.67663967,14.78716083,-10.63251415
1.44449354,-3.10760943,-2.96918375,11.61016236,0.07281672,18.46333352
-18.43466053,9.94734557,-9.96900974,1.61454028,-0.92027812,17.81466854
-7.23224553,19.74859868,-18.91254747,14.93642426,0.86796194,-11.8527163
-2.30835152,-18.78942311,16.90195416,10.10356764,-15.2396667,16.75087814
6.39337909,-11.5249248,-12.19952404,12.37562016,15.06811691,19.36754213
-18.19411944,-3.08603993,3.50715711,18.01448574,11.34504827,19.33449025
5.19929849,-8.72907753,-18.85773899,-9.74764554,1.29968042,19.48734622
16.79418516,-2.29198671,-3.20397272,2.89728338,13.5502678,1.22170142
-13.24186729,15.47058546,-16.57701152,15.73618607,-5.60724013,11.2860653
-6.78554103,12.21296518,5.97797898,3.894608,6.44830121,-11.49659073
-3.15214031,10.19297654,-4.4907732,8.36066613,16.42757348,16.09308082
11.65023815,-12.66089637,17.15044429,-17.99718061,15.79936769,-9.48130124
-12.23174647,-15.12096475,4.65808273,15.38559347,18.6998821,6.87763738
14.57690825,5.79332484,-2.420311,19.50112917,7.86392686,11.09224916
-16.42320835,17.64158897,-14.77569475,18.79104386,-12.81211844,-1.49487707
2.02483969,-7.25826209,-6.4602849,12.09073222,10.01126185,18.40208298
-10.36441494,-0.28879593,-7.07724859,14.86871256,-6.10108521,12.66052704
11.6040889,8.80159346,-4.87396405,-14.64843861,-12.64483533,9.85432804
-2.45914865,-14.60066684,-0.25187285,0.80144122,19.75459685,6.21743725
14.87377381,7.05308366,-3.00325462,8.99440802,-10.28959872,18.90060766
16.54813955,-8.1065052,-7.41503955,-2.06667711,14.67995014,-10.51564177
-3.40124506,-8.64951474,7.19845378,13.66599824,11.22480406,9.99075359
18.80269496,-4.58079468,-17.76935199,-3.22791676,10.42000289,4.74616985
3.75006765,-17.34061804,-10.40650897,-8.81315607,10.38874447,14.17963178
8.3704306,-6.7109655,-3.50704302,-15.19379713,-6.83788336,5.15822767
14.81605753,-4.90714497,-3.33767288,12.19908005,-8.12473741,17.20131285
-14.64972969,-0.58369768,17.49403311,18.17535363,18.24497854,14.03705003
-6.86987194,-19.05117394,15.63382329,12.88456903,-8.70684804,6.3086542
7.09996854,8.72547178,-6.75582139,7.38599254,18.70146179,9.56343403
-3.93453382,-9.73976845,0.41357655,8.32622263,-8.41080532,-7.07806059
-9.97632758,17.16625742,7.7178481,16.24412631,11.021637,-9.08172982
-6.35188805,-3.98886844,19.41257966,-18.5433618,15.48878281,-13.11317024
-13.98705524,6.43678957,10.35818175,-8.93797625,18.13563208,-10.96445642
-6.66366379,14.8433203,-4.99065889,15.80254388,-9.6398606,14.41140909
16.12136142,-15.37163555,-9.00732748,-19.87712519,11.19393486,14.16224494
-12.73343681,7.82508493,-19.3925399,15.04686503,-14.11596941,13.44523397
-7.35868949,7.53962067,-10.22992201,12.18192268,-14.68221378,-16.38152951
-5.04461224,9.13704543,-10.79482688,-17.52618217,1.21725013,13.39634175
19.28692091,-4.21984894,-9.83027628,4.3364615,18.68536513,8.41214577
-6.5628507,-8.63495277,0.2261382,17.72680049,8.8573525,-16.85662741
18.68646326,-4.64454992,-16.8981802,17.10325782,18.69786754,-13.86260173
3.86870929,-4.74330889,-11.49064782,-19.07066447,6.09347286,6.67826288
8.99065019,-16.94315854,-4.74991232,6.11305727,0.44031622,14.26529943
-10.26303514,18.92958264,-15.73896677,15.85407402,-10.42040316,18.38303621
-3.70971133,13.73197969,-8.77029081,3.51977891,-16.37610292,9.93622513
-1.83635718,19.79494426,-6.1056541,-4.34180407,7.47905399,19.09806283
3.79284064,-4.62294696,10.74384465,2.95886485,16.10910426,11.41008542
9.2806618,-14.32650627,-17.59151319,-3.7448258,18.97949165,19.6709986
-12.37624384,-8.62250174,10.94889856,18.81681134,8.19774981,15.41930421
-3.6506618,-4.7538378,7.4551234,-19.82042388,9.8232334,-6.71305888
14.25284261,-4.39476347,-8.25761819,6.68343572,14.54474855,9.55718186
2.47702775,-14.68453182,4.74471875,-10.0064159,-19.39393907,11.73914104
8.94646663,-3.26246825,-7.45293904,12.18417087,18.62688661,11.38693484
-11.28952615,8.12695549,-9.23936164,-11.56592784,-13.26205586,13.4210505
3.35656383,-1.7096672,-14.26410409,-15.43570227,6.72162861,11.48752545
-6.34689889,-15.85661165,4.7701808,13.17505352,-19.72094907,-18.9323824
-10.00395906,-13.47025739,11.19225728,18.84151795,-16.52104334,6.63281526
-1.27239414,-4.29087124,2.21511769,16.60905455,10.71035097,-18.20908656
8.72820007,-12.70396873,-10.16415303,15.12823991,18.73510777,-12.89843842
15.25883068,-0.09192647,-18.36377796,-15.4191262,9.7825068,-12.77543803
10.55413803,-6.86988616,-2.03261347,-12.70378749,4.72778334,18.64515215
11.15838093,0.68602597,-4.76054944,-1.49836436,13.65233942,-16.70638744
-1.37965225,14.94862115,18.35301539,4.39627922,9.62482306,0.36876071
-10.90707411,7.2602502,-16.1112152,10.01929565,-18.16383196,-10.09319967
-8.72588791,18.06558793,-18.36600715,11.08833438,0.05921385,19.09205583
-7.15841709,10.60392514,-7.89514716,8.11328261,-18.36211068,7.04568807
-6.14845718,11.45580027,-11.15196842,19.42940014,5.09897958,19.72544175
-3.5095971,5.9763817,13.38737395,-0.10862054,-14.98735676,15.13115783
10.55737501,-3.73704894,-3.31376035,-17.36880689,-3.73669438,18.45384897
12.10501624,-4.16612189,-15.96096376,11.01649324,10.57742456,14.89381588
-4.61475027,5.48081229,-12.93911995,14.27457474,13.12305254,13.60128867
-19.91567106,-15.82428077,16.60181708,-10.540623,16.35333159,0.04988412
7.24864056,-3.53546768,-13.53298992,-11.39189412,10.33642041,-9.65665554
-0.56649797,13.00394548,-11.71917537,-8.33318513,0.85875468,18.86230598
11.32152828,-10.72946005,-17.43094546,-16.86045942,11.18650283,-0.56484351
-7.55685764,10.59713772,-7.53801118,-5.61685841,-19.8260813,11.88190048
4.15230693,-10.29098606,-5.42773257,9.27998257,-0.38714087,6.74816636
-7.62868232,5.22998558,4.13218838,8.87921693,-9.34405843,-3.19195116
-9.94413322,15.75527989,-0.75056755,14.50830694,16.46338291,-17.77841002
0.04105745,-9.5077364,-8.48681793,-9.49988412,4.00697796,15.27234667
9.61470715,-8.27633042,14.57857368,-16.03724141,10.34638418,-7.42561969
-10.8040632,6.9654663,18.43110792,10.12156224,-8.4938236,17.66879892
-13.81531856,-3.81220988,0.45913477,17.99379233,-1.69989169,-7.92400274
-17.86928886,2.15725709,-8.52655449,19.7115415,12.54717021,10.6275962
-18.34244495,-16.544795,-0.34476591,7.79018637,18.23492714,-4.16150844
5.51679424,-9.99625801,-18.76269125,-19.42969187,15.8282296,-19.69242811
-19.88220218,7.56664069,-7.00293879,-10.7803993,-9.06508576,7.63331292
-6.83945324,-17.02075213,-0.02452128,17.31103883,7.26826295,10.78965761
11.93999327,-7.49275103,-2.00416893,12.55134032,8.38126744,0.02832341
12.97039039,-0.14012113,4.29503018,-10.0852432,3.09205469,-18.74648567
-1.12021746,-16.2839852,14.91878917,-8.02821051,18.31688733,12.14635619
11.5520911,-0.1660392,-2.91072476,7.35983543,8.81492693,5.21219323
7.35076398,-19.49085447,2.13221602,8.09832873,0.54545,-8.96939228
1.24747987,-2.42769927,-2.80740813,-3.08834694,13.02623659,-9.71258177
13.43125376,6.25674795,-2.4900626,-4.01660556,-17.44946668,14.19562431
-11.84350745,2.10886233,-14.63915779,-8.87483651,-19.74011753,16.29291745
-1.13402699,0.79563726,3.88602113,9.094805,-2.99121522,-0.41854013
-8.64299016,9.8405901,-5.8944061,9.67427267,-19.00972331,-6.1822605
-11.28103188,-13.0151751,0.42448216,16.98357019,10.20848029,-3.69172803
9.85648646,13.32770918,-3.37876531,-16.34285908,-16.20984205,10.39284816
8.26304082,10.85480728,-4.98503087,11.83927731,9.49071671,9.67988599
18.32601391,-1.33082166,-15.46169478,-18.52798817,8.42959055,-1.1552601
-7.55438336,4.94102391,4.86114327,17.11224495,-14.09621746,0.30345846
-17.630506,-2.14662497,19.82476955,-6.20241471,13.18098403,2.4829269
6.46051471,-1.73398821,-6.34285483,-3.93063339,17.8784587,7.8214845
0.02413666,-10.85215719,9.57284386,16.57103633,-13.67295948,-7.46952596
6.15750748,-12.56353664,-2.8286479,-17.80683488,-1.2227581,17.32251263
-3.94703404,5.80258629,18.602944,6.90045939,-7.63350967,12.87953996
-7.36361004,14.14272183,3.10918682,15.85509025,-0.6807411,4.3349341
-2.39292417,-7.1908451,3.75552717,-11.77681168,8.45236888,-5.52548095
8.98394088,-2.43024109,-3.33113237,17.49885867,7.27443559,4.17099037
-8.56856342,19.70368189,-10.60112073,-0.78187461,11.05448171,16.06269366
10.66844811,13.99797668,-3.26441098,-4.37473619,13.63557629,3.52253617
-11.28803723,6.87042785,12.15759883,11.49916,-7.33294725,-6.53965462
-8.44761588,2.65839238,-7.47779785,10.11752954,-4.67354236,-15.32576906
-4.0965747,3.04607296,-6.14306151,-0.58934897,-5.61589189,18.76709333
2.95787663,19.06437084,-4.57320442,-6.69441714,17.78532145,8.35362335
-12.18022114,4.7533865,-11.40622196,11.00560134,-15.57902932,-2.06078553
-17.50849755,6.14533535,-4.29629445,-2.6717938,-9.58069247,11.49272511
15.73760029,-14.85285185,-5.05966291,14.43018177,13.22911472,16.48815978
17.26270476,-5.82895949,-3.74799107,4.85533455,10.4708072,8.24085247
18.98043983,-4.13968084,-10.79948472,3.27848414,-4.19488283,17.3052615
8.07500172,-4.64736166,4.69474696,9.18843367,11.52977544,3.75864371
13.17055907,-3.05640698,9.85518724,9.20368013,-18.80150906,-11.90399684
-5.06707835,-15.42892773,5.02379384,5.04669379,11.1600682,-14.26088821
12.86080745,-2.12314388,-12.96788367,-14.90203276,7.58132132,-7.30658982
18.35862262,-15.21746886,3.93194469,4.9600111,19.03574941,-18.90880699
-6.63858653,6.22951174,-0.91393693,8.8939611,15.36130231,18.82038523
-14.72628142,19.21018959,8.60439084,18.10598946,8.72219301,2.06442006
7.92917418,3.36776924,-9.99209442,18.89552458,18.20962969,13.56594044
-13.39067341,-9.95262684,5.7779129,16.5920214,-15.90946477,-3.9057531
4.87608142,19.4415552,-15.91426034,-7.36243712,2.95222359,-0.83723377
13.75370844,-7.01700069,-12.50673283,5.71312865,19.90033545,-2.0649457
19.4043558,-9.02605349,-14.79235125,-2.96037724,7.20123687,17.15696165
8.48707717,14.62826284,-12.02247035,-19.48570766,17.92682585,11.66176502
-4.97512648,-5.56644201,10.34196588,14.95301069,13.34377715,-2.27750482
1.67202528,-4.54850167,-4.83618513,-10.99878579,13.48627959,-16.38287173
-8.75367655,-2.6897139,18.60546098,-4.1592845,15.83695272,-3.97012364
-5.14706385,-15.9478866,3.03098872,14.26026898,19.82260962,5.06848548
5.61601715,-19.01052178,-6.13815449,16.93309414,-4.38202491,11.21664731
-10.58863617,-6.66858404,-0.31480624,6.37809716,15.54861804,6.37661604
-5.5477946,17.27284572,18.74172292,16.58798587,12.65578689,11.11603637
3.62017467,-16.40553771,-6.51415615,-9.82845989,-8.39867483,19.83734625
12.68747726,-17.86800314,-3.37762675,-16.66238565,-10.91276188,8.83586525
-8.49343614,4.52058206,-1.69178428,13.21137648,-7.61985024,13.66049905
4.21010775,1.25376844,-4.83270564,-13.04132194,17.92537495,-16.6447926
-6.98615017,12.50829813,3.69665032,8.76956384,11.47253351,6.00440672
-13.62685603,-11.22668038,19.01994769,18.30147195,-18.4855744,-3.96295302
13.3521962,-8.85819706,-2.21928529,-17.62966911,-6.72174523,5.68937419
3.14246087,4.88554433,-6.50548647,-14.36370434,7.05144446,14.95013805
-1.51819465,-1.52878258,3.9192024,18.58419103,-4.67327087,-7.69421899
3.19721804,5.97565982,-5.74805365,-15.60549809,19.48596946,15.49511088
-11.40524951,11.66579888,-0.22414688,8.85971793,10.08936761,9.24689369
-2.39211546,4.62352932,-17.88205338,17.91097886,-12.77103814,0.3742889
-6.92721623,-1.47217202,8.6404567,18.08430632,1.16513072,-9.88450901
2.52979221,-18.18275865,-8.32902492,-5.13333511,-0.25660429,14.05203231
14.26600997,-19.63636582,-10.39594039,18.01257412,-15.37091092,17.36389315
12.77208197,19.39135346,-7.31773745,15.02718922,-17.83044505,7.20898665
15.98878282,-2.04309967,8.07372711,-6.89943864,6.9787774,-8.39054331
12.40553765,-7.00771324,-15.66530762,3.15097855,14.74794759,17.97088016
5.77979082,8.78184553,-5.36636306,-10.41559524,-9.88365817,11.41969563
-9.39688848,13.12605963,-12.36777967,-8.1976262,2.7759836,19.07828046
-9.66603112,8.7039634,-9.93983517,14.39701338,-6.76924541,-17.63723078
4.05998018,8.05850979,-17.19887942,2.11943093,-11.84194361,12.78150839
-7.52418635,1.12237918,10.9454567,-13.17790203,-10.14706529,5.89944865
16.50256829,19.05932057,-3.76487674,-2.96896766,-16.99498366,13.18706163
12.32722833,-8.81047398,4.59765121,-12.4877366,-6.73338391,12.13828962
-19.02779219,-14.04840565,9.67327922,-6.32176382,12.94210711,-15.72681215
-3.78957306,-2.00845138,13.37369514,14.71942444,-11.49940479,-11.68364861
6.39760156,-15.30637154,-9.39459063,9.41315473,9.90451997,11.14563676
7.65869716,-19.34592888,-12.79523818,-11.77876665,19.40631008,-17.65107028
-9.60659191,2.72460498,14.34708268,16.90641866,-15.24558794,-4.92166067
9.57513726,-0.64051707,-0.51916484,15.20806639,15.24022954,7.58051522
2.94558778,6.602061,-0.59074359,-10.51037577,7.26709502,17.82990625
-10.04035135,14.79502496,-15.89869065,18.22042232,12.45142306,-19.43292164
7.42552343,-17.61890059,-10.51092717,-17.14804431,-12.32530059,16.61727541
-6.02916897,3.67966669,2.34424311,-12.17430182,-14.34630921,12.94248696
-5.37678624,18.3018633,-4.45360069,14.34581223,-5.09988292,0.88917606
-2.82477611,-13.96824116,3.01736906,6.45510334,10.98889919,-2.9545207
4.57232201,-1.3193611,1.73408947,-9.93186705,-6.52889951,10.77771982
2.02167701,-1.12661703,-0.55985041,-5.3952445,4.86384185,-9.4578359
12.36876965,-7.62744826,-0.52459261,-2.38764423,10.80889525,-5.85389603
-6.90847782,2.11091256,7.80315153,16.6162305,-5.12543958,-17.7573087
1.96382062,5.42533407,-11.85733102,4.39310115,-8.28111317,-19.17554247
18.50673491,9.69425646,-12.37881781,-14.48958206,-10.3672486,14.94044625
-6.34704979,12.28468724,1.42882946,0.59713252,-10.17790829,-6.68842803
-5.17608496,5.038213,16.3053527,17.40021493,16.46870069,-7.43952588
10.88066515,-0.88171084,-9.48629382,-18.65886971,-1.62281339,12.96814611
-7.84559506,-12.26111136,10.79869782,8.47869047,-17.25987937,8.32572203
-6.60150836,8.21286898,-1.66353759,-1.05529868,2.7455636,4.09476389
6.70646097,-1.12317474,-19.63086108,-4.83596265,10.78578249,-19.9878829
-6.23454782,1.14657573,-7.35647889,8.92269487,-11.0236563,-18.55067322
-0.5349676,4.09638649,7.51628881,19.28576982,-7.41654798,0.93626771
-4.58680585,13.38693476,-3.94534173,-19.51408649,5.36408516,19.28761919
-3.70168163,17.85883832,-18.75393856,12.39861835,-9.2233267,7.99674188
-0.13210163,1.70014799,-15.43766576,16.88353906,-10.31392023,-10.30863094
-19.63660596,2.78038048,-2.48082286,-6.84397473,2.14381827,17.22826504
9.14700789,14.72786663,-15.34609422,-0.7418314,-12.44969819,17.34675559
-1.87489837,-14.6965412,9.50406975,5.03379101,18.10745296,-1.78336
16.8864267,-3.44133229,2.06786404,6.55754141,-13.02416049,-7.13271073
0.99879294,16.39737646,-9.80871621,3.50106007,-17.30595542,-17.47813465
-1.72244758,3.43705613,-6.05755041,18.88213396,-3.26564969,-5.21733184
3.27534167,-5.38858102,4.9829684,3.84586827,-3.08683218,-16.1670929
-6.83952706,3.69975758,4.21213862,15.12900322,-0.4404339,19.6776595
12.6422832,-4.2731761,-6.55143788,19.55816536,8.99013133,9.27820959
14.27024861,-1.79735277,-15.26474496,2.58439415,9.29902013,-9.29577375
4.832072,-11.38851788,11.8326268,-9.65723333,17.61128311,6.92970865
-6.37058145,3.99035358,-15.07158538,12.25213238,-11.08906818,19.43079561
-12.18399526,2.52421474,-5.37612408,-4.8951856,-12.40384382,5.72977707
-14.58563959,-14.21675958,11.18949521,16.83622981,-1.68218271,9.29560722
4.92326809,-13.03494648,-10.46744335,-12.03335968,14.47393629,17.05247579
-14.35070046,0.77364788,-3.87356718,16.63804566,8.99525052,17.34367352
7.47960216,-2.45667717,-6.38217859,1.21046229,13.07066591,1.12277605
17.63675619,-9.58201175,16.22334265,-2.36630011,17.62894752,-10.49017577
-4.9674976,-13.3456378,3.53609271,16.1394112,-12.57447009,2.58767309
-14.82906724,5.61618495,11.50647384,15.77062596,12.61247526,15.42676257
9.51960257,-8.52631467,-15.70181313,-16.67735989,14.8533803,-19.08396701
3.8625843,13.25992335,-1.5889579,-6.53988928,-2.99777353,4.3492112
-1.38613323,11.82377747,-8.6542355,19.01631403,-11.18827319,18.1685059
5.99449643,-10.22204835,-5.96611842,-16.14428477,15.98105908,-14.19868179
-7.71427826,-11.26713671,13.70634624,15.36872585,-14.93439065,-12.01432536
-4.05851366,4.30890827,4.6605028,-15.52287389,-14.0211351,12.52793817
-11.08326325,5.35357448,-2.99988775,8.37913469,-18.26429269,13.71879515
16.18661419,-1.97337598,-6.93325718,14.8093232,14.29804944,-3.80366501
16.67774757,4.9922071,-6.21414631,2.6535279,10.48025617,15.15385002
4.61996434,-8.31517369,-8.44526863,-9.64545562,15.41346592,-19.29083559
-1.93656899,1.86657431,-19.85650043,12.28442752,-19.4965144,-2.01674549
6.38529679,-2.33606944,-5.63171472,-6.15348638,19.00139396,7.73982579
16.30809559,16.6431077,-7.80637473,-17.83991422,-3.63963038,2.73092455
4.67222474,15.00004803,-13.6633951,12.96886267,2.29179337,19.34670405
-17.29412424,6.89379437,-3.65461345,11.62767536,-16.19774767,9.1530787
10.48196594,18.16141835,-6.13409272,-8.98278212,-10.52367803,12.22191619
-12.90274837,14.80515811,-4.45382493,-4.79718512,0.09066713,10.22022343
-9.21915268,-7.05292084,19.95766905,9.26734716,7.18369346,1.09536313
-14.47891585,6.86024667,-14.38090235,17.90402777,-9.43646946,19.162642
7.44113947,-16.20395945,17.7886202,-9.11411637,8.79235867,3.87786457
-0.75331732,16.63254091,-7.04427108,-0.49833683,-2.56176626,13.44218975
-15.19616995,15.60993957,2.05523321,-2.625249,10.10982387,-18.32294921
17.02284988,-17.66301537,-7.43446196,17.45867392,19.37198063,15.45502008
-6.03805221,-0.4463493,19.22389825,-19.17869923,10.7081793,1.51071215
12.15825895,5.40285304,-8.33936918,2.63365452,0.52140039,12.27549729
-15.1333833,-0.16735515,13.01285963,14.4904375,-6.81487975,-13.17021442
-2.96297235,17.52268642,-2.65560463,17.1381614,0.22763212,-12.98511596
7.95160647,-11.37295557,-19.87713757,-0.75129978,18.71904754,-19.68687588
-7.04344275,14.66179088,19.30977501,13.91769454,-8.17878181,-8.59646223
-4.00968184,-15.91255386,8.28524009,8.19675648,14.91827903,-18.67641733
-3.6156436,-9.32767936,8.60763068,8.98545997,16.38596104,-19.68019516
-2.0103007,0.94458937,-7.2226973,3.68736794,7.17877166,17.78445909
1.01589019,-6.45151762,-8.38792306,-7.01138238,19.21871119,-18.99932272
-16.10997153,-5.32364774,3.13393092,-7.31448512,15.1236726,-9.61493554
13.17324324,-9.47014274,1.00955911,-2.34856971,13.21918042,1.11105738
18.57649427,7.31328356,-16.0609909,4.99220654,13.7794828,16.96443638
-10.13335285,2.25830378,-0.40989033,11.42378138,13.48814437,16.23105889
10.62289089,-4.13004657,10.00605139,-12.75469721,5.21360933,15.70384271
19.52385355,-2.98156792,-9.0978505,2.05159382,-6.05547774,16.44194202
8.52075681,-5.13766576,13.21237462,-1.13785362,7.94583138,-16.45237342
-1.17641412,11.00144996,-16.84605553,0.97521461,-15.13923961,4.10806948
13.3115503,5.35797252,-5.62677383,-11.96777071,1.61256479,16.51735592
-6.16289705,-12.21176565,2.38325568,10.95248954,9.96758989,-7.60333087
1.88775613,-14.22988646,18.52179958,12.50334808,16.55505845,12.73149076
-4.00020195,1.10087273,0.39178603,3.07352471,-11.9238498,-10.6685411
-11.34459801,-18.2275883,17.43877005,-8.04432408,19.03189087,-1.03048005
9.97454757,6.45763825,-10.760944,4.07359874,10.00805461,19.90881767
6.01311449,-7.96011857,-17.99118284,-8.18939346,12.36659278,7.47393323
19.87386417,7.68854538,-17.32488262,-1.06316872,-18.43393818,-19.41936827
-6.42226893,-12.58798182,10.74484223,-17.65350871,17.17696058,8.12294734
14.92527489,-7.87649716,17.93073169,12.47523328,17.55620191,8.52221728
3.71504017,0.43807704,-6.28369038,-9.24995134,19.70035117,-14.48331538
2.64735094,-14.37807248,-8.40048051,-1.70318931,-12.59400321,18.77529151
3.77258135,-17.73780269,-3.57444928,-6.35220236,1.52341889,2.65190417
-4.76129161,-12.44343588,-0.26605505,-8.08815521,19.09079988,-2.42079534
18.70625683,14.29964569,-14.4983888,15.52923056,-12.21101197,15.32422
-8.19568227,6.26438099,-2.75546484,12.83171669,4.16243897,-6.3790589
-19.65115098,5.62588097,-7.53680061,-12.52017491,14.92491797,14.27194124
-7.71280032,-5.77305445,6.48960986,3.58791187,4.84148435,-11.68671618
1.86881127,-7.51402637,-11.73930046,-9.01922663,9.23957887,-18.35258123
11.86455863,-4.25587423,-17.45350681,5.09174196,9.23410365,4.20270282
11.11898527,-1.12947937,-7.60453907,-5.47900856,13.72397981,15.76838808
19.5934803,-0.11035336,-4.47532941,-10.75502277,15.6754809,6.19988063
-7.38043579,-5.35543361,11.08020673,12.73942218,-19.16038461,7.97547321
-14.19427228,2.37424678,-18.08571223,19.44347652,-14.32159861,15.09168519
15.47510016,12.3244654,-9.42140679,-12.80796264,-0.76953839,13.10281663
-15.01946761,16.52468421,-18.58134158,0.60501454,10.01827202,19.73263494
11.01333827,-3.6956736,-1.88250285,-10.19348723,10.6435568,10.3756634
-3.81081217,13.31542714,-17.00305873,12.05820024,-15.87170687,-14.700418
0.66778293,-10.68674155,-13.77379266,-3.65701661,-6.67206307,17.08181327
-5.10268577,19.76337392,11.41869526,8.97358236,8.3588369,12.42950606
0.4678708,-16.27280519,2.40470747,18.15958321,-0.05638222,-7.91794487
-5.06488134,2.22460869,-2.44364349,10.57534287,11.47908372,12.35894808
17.7824742,-3.92746535,7.44345033,-19.37259124,17.55564887,15.61979704
9.75684658,-0.66478797,-4.52716191,-7.67680273,4.9544105,18.76572024
-12.8857228,17.93128628,-9.32877073,4.66963319,-9.88994726,14.90486486
5.97182409,-0.61576929,6.36563343,11.23910125,14.65857777,-7.62940485
-14.58290444,8.67488648,17.67258927,10.66372826,6.6898895,-19.83721864
-0.19149942,10.86542369,7.50017921,-19.18010419,-15.74612762,19.7655109
-5.28782985,14.95550251,-2.31559171,-4.54870218,8.35440341,14.64677609
-5.99623312,-8.43796995,11.45835838,6.79259463,19.51538667,-4.71711111
-9.68700553,-8.80719402,8.50841011,15.77510715,10.50099571,9.15101695
-4.22228637,15.7124575,7.24809939,11.20455767,-17.41532675,-6.24718193
-18.53033235,-11.73994438,5.15625727,-16.44275042,12.93172892,-16.73965427
7.50766071,-16.71491833,7.63887585,8.3755663,0.94628408,-14.01909327
-13.51360273,17.22712836,-5.63547004,3.14942934,18.76812292,5.50451828
-2.97214134,1.33397861,-1.64346897,14.5856695,4.34254427,-15.91029792
11.35249492,-4.03551827,-15.95772492,6.61761845,-3.45487478,17.56119796
14.88360654,-14.45906882,-0.68998849,-11.39505305,0.7205548,19.7603047
-11.06099511,-13.66320831,11.47966902,-5.28701751,18.76019266,-9.1141577
13.45360425,-8.97480575,-12.67652771,10.19833051,11.79786089,11.46137452
-2.62370731,-11.79887517,-0.26482143,12.33867284,-8.82811314,-16.68790515
10.31676669,1.72761683,-10.70056827,-3.19803008,-5.65255442,18.08725785
-4.76118478,10.70345249,-7.11470482,11.35009347,7.00815109,-17.24416305
-10.392765,5.2179181,-6.21844307,19.6481163,9.12775084,12.9048394
13.67446978,-7.89317595,-18.00326851,-18.71812602,-13.50568517,19.21998716
19.15935802,-18.05293996,0.34132047,5.20536248,-6.64058396,2.74281234
7.61650918,-3.9282806,-8.71296712,-1.97707566,9.94407465,-8.00465892
-10.94183195,-8.06983969,2.06147184,16.05033734,3.12721085,-13.43604091
-3.75448326,-3.24310548,17.57580254,11.09167289,15.65683696,11.90735151
-7.27989886,7.74038386,5.03843142,9.99386943,0.85060994,17.22794445
-2.1412724,9.14488197,-5.98547617,15.31378427,-19.24241189,-6.27912013
-5.59700036,6.43226304,-10.8540043,5.1300974,-16.66307798,-19.27498163
2.36011002,-9.62719677,-16.22666508,-6.70766382,16.44112532,1.68693392
-15.79727835,-10.22643309,2.80491833,1.2718137,14.50866957,-2.73846144
-3.29803825,12.67578289,-11.99299574,6.16871677,13.85603068,-8.09038095
-0.63018207,5.85024581,-8.1972036,11.81428702,16.60595048,-16.09556508
9.23901346,1.72529495,-1.95996833,-15.40324606,5.48203892,-10.89646022
-12.35592516,18.81615674,15.15121732,13.96426676,-4.39346885,-10.57803188
-9.60754136,10.06150332,-1.91437923,8.68019416,8.32157439,15.86357843
-18.21569007,9.14406767,16.16895355,19.97442494,-13.8920509,10.31165858
19.69502675,6.57914723,-17.76752506,1.39892855,-10.17866207,0.97885587
19.02627222,11.50581926,-8.57428075,11.22344471,-11.25494868,15.10089519
-17.48311535,-3.61076256,6.88496942,16.04772367,10.89904883,-12.33106454
-13.18264826,-18.99722611,11.26964915,12.12237217,6.28809519,-14.67650563
-18.52421758,14.60195932,-6.12430549,16.13667251,-19.68030239,13.42462589
-5.80844366,5.98999423,15.57285455,14.77232665,19.37481668,2.14294426
-7.25346923,0.08744636,8.16475016,8.88202846,-7.8413616,-12.3368417
-7.88970916,3.11872356,-19.74399892,17.68111991,-16.7824672,-4.08834228
16.89125671,-3.59250824,-13.79077842,6.1559232,-19.16827102,17.02622521
8.45780327,-7.47144489,-8.41330489,-10.68531416,17.10482594,-11.46997368
13.79247047,6.04017565,-11.55781684,-19.72565411,15.66400301,6.65560251
-2.57898669,9.32139638,-11.18673591,9.43886605,-3.74368126,1.83572666
-2.97604996,18.38132635,-0.45200757,18.48811029,11.85604065,11.58879433
6.22615913,-14.05192258,2.45318822,19.12095672,-8.76943274,-10.10758341
-0.44549942,-3.68347015,18.45697977,18.43970539,6.96918722,7.28355449
-16.20725355,-2.42485735,8.16940756,-11.61414994,13.15206896,-13.29409954
-9.88171721,17.69120876,-12.03075018,15.29926378,1.71213237,-12.914921
-5.14847307,-9.87135211,12.22669618,15.62098982,13.26730811,-13.97934866
-0.50577427,-3.01734949,11.47795823,-8.84813082,9.95823,-17.30438713
13.56714385,-0.80801322,-13.70667909,-7.95122274,8.1350368,-9.56687065
-2.89028056,3.45997934,17.28921343,1.85191091,-18.82774409,14.46176258
-12.80207771,10.36446236,-6.04423457,-8.70852086,14.46696444,14.07327792
-6.69318156,-15.70552516,12.92476717,11.99744112,-12.50963068,-17.95514081
2.27474369,7.893245,-2.60188301,11.05919187,9.76190135,13.6789072
-8.42278239,-12.78271059,2.43063901,16.39427727,1.85437154,-14.80229698
-6.0346303,-7.11858103,15.25658653,-6.10242287,16.37414541,4.3553405
6.57691873,17.47429281,-9.15396695,-14.03571834,19.48289063,-3.76189778
-14.12889044,-18.92688862,13.09145115,19.50553819,1.11012055,-18.22354437
-6.43955899,14.58408007,-5.65856273,-3.9357863,12.89125303,16.78069925
-3.32421337,-16.05956884,8.45614483,3.84095945,14.62920389,7.31258207
-8.45231033,14.25699728,-16.81015696,18.30220965,-1.29831721,-1.03349273
-17.91062954,-7.71599741,1.08382059,-0.78554736,10.81467084,12.1849608
6.93168588,-10.43596074,11.92816401,17.53708614,11.11640866,1.61575828
3.00428775,-8.1793841,-17.57805478,14.24194448,13.52822447,3.85391035
16.47829704,1.85498503,-16.02789671,-19.46956886,-11.43593711,16.50184669
-9.81103986,-6.74924859,0.09568684,17.21263778,15.68521744,12.48984946
1.97096896,-5.41232926,-1.95728633,-3.45489822,7.64548829,16.66848083
-4.90920785,-4.82633048,3.76984492,14.29591429,14.06928464,-18.51455569
16.11418031,-1.72828737,-0.21255992,12.74866996,9.1422838,-1.88496599
-13.62465913,17.53333781,-1.33521483,11.65491721,-19.88418005,14.63165092
-12.27547289,-0.36095095,-7.71711002,-9.80411508,-9.91747446,19.68486571
-7.39375652,12.92845566,-11.01773005,-16.03273624,-5.75071682,14.59539852
15.14672014,-10.60364776,13.84696087,19.61986137,16.53300441,13.86544478
-13.70701447,-14.30279859,15.78249632,-12.99844023,18.92152155,0.33284041
-7.06565172,-15.40811438,5.94181029,10.11963975,15.84072607,-5.97636637
-7.79399284,18.60523484,-16.54673582,16.22159478,-13.49283077,-19.41056829
7.99575749,-3.39934651,17.90193146,2.70601012,19.84814596,3.41659133
-3.26461378,8.43241088,-13.86117509,10.2775217,-16.08105227,8.78336777
-3.20177676,-4.56741623,3.36729271,10.08569526,19.21311053,6.18804446
5.71843974,0.21349879,0.07894138,-3.90224067,-1.02168815,15.45869318
-0.57390071,-9.18251077,1.41023813,4.96650169,12.308274,-6.21651114
-8.03779834,-2.20003177,8.24490013,5.09319865,2.64840481,-11.24314495
-9.7846448,17.69350213,3.91193832,11.33750189,9.35756497,-0.26199335
14.54957539,-6.59860581,-12.37508387,-15.77363368,2.67626845,14.62020655
9.30886399,-10.94490772,-9.72372688,-12.46610992,-16.35159032,12.60534748
9.59854392,-10.9017676,-7.05235503,-13.58050427,13.79906084,17.85147585
-6.90967485,17.14110413,19.06493893,10.64335802,-12.61557989,-15.55759664
3.90844199,-6.64520694,3.18629341,-19.3925138,8.37180123,-5.00102147
8.66442134,12.13541563,-4.92278427,0.37501717,-15.84756554,8.98897313
12.1775319,-2.24488025,-3.17631842,8.26146818,17.67641628,-1.72946287
-17.63085032,9.22837789,-4.36027971,17.98474147,-6.29184329,19.06804278
12.59294525,-19.0346355,2.9737898,-19.60124546,10.49096311,9.58569129
-11.51793083,1.53680297,2.72716938,18.84384074,1.79316649,14.24673255
-17.64665918,6.12668432,-2.57952972,17.93066953,-17.40834821,11.63195052
-14.83968683,5.22761337,6.36083792,15.88676303,-14.70745657,-5.22679846
-8.03772266,-4.88814714,19.00087465,9.29655229,7.56347124,0.35971095
-7.882102,17.83547999,2.3423642,16.48670308,4.16169681,-15.43460153
-2.98078044,1.61220251,-8.24132474,2.97154733,-19.02722952,8.09310819
-16.24088546,-6.74725091,19.420002,-5.01092837,8.35998184,-13.66663495
-3.42354331,-11.74976099,9.96790899,-17.36104214,15.20618293,16.44883128
-5.38329559,13.98765403,2.07262767,4.90762008,-16.9043426,-6.5477965
14.93970085,-7.99400062,-4.24688547,15.80724148,19.54476573,0.85727296
14.3164257,13.24176344,-2.04692083,-1.89916541,-9.07870552,4.96563494
18.57850204,-7.79081037,-9.15449069,-10.68951293,5.91375928,11.71452711
-8.10908989,11.92099752,-1.38350092,17.61909856,-13.81136045,-11.33811583
-14.88405858,4.69848631,-2.72260017,17.35797095,-19.45035375,-10.51742639
-13.51185742,8.40523924,-14.79409715,14.90924456,18.83134971,-17.31627847
-19.74125401,4.49889634,-1.02851779,-6.51969429,-4.12427583,2.05541349
-3.4336812,2.75508391,5.76685809,12.78301974,-2.64747802,18.95623416
-7.40692389,2.74919168,-5.16410922,14.11254326,-0.50177184,-19.47010983
5.02644559,14.28361173,-10.72350024,-4.85943062,11.97036682,-6.54609095
16.67907485,-6.60594323,-2.67905724,17.73809323,11.75483563,-19.19542768
13.24597454,-3.72642455,7.64814507,15.04496993,16.12194335,12.91673041
3.03339414,-19.5817838,-4.07314588,10.53898949,-17.01446329,12.01545423
-3.38619475,2.7637135,-1.62913059,5.85881702,-3.6332183,-4.06985892
2.98797224,16.75722369,-4.92257542,-2.51465298,2.02558001,14.09404087
5.09336265,-10.46486037,-19.7823858,-11.19686379,17.29225213,19.10853934
-5.47374228,2.40629838,-12.45965728,-14.64019451,-12.51593984,18.4470278
5.70268185,7.42591379,-16.26597118,15.55232967,-5.22992248,19.8943619
-3.2989307,1.34630051,-12.91192657,9.19359034,-13.72573569,7.4408514
-14.60976866,7.85484535,-4.27471521,18.68803449,4.48797631,4.71883427
-17.8377241,16.21091338,18.7385587,18.55992558,1.42283327,5.77826015
18.23392041,-18.59311607,5.351991,9.69389231,-15.61596654,-17.74841787
14.56193524,-14.49736049,-18.14457988,-0.74759218,19.62531992,1.82029117
0.63985709,-16.236763,-16.61622324,-18.97977568,-6.39480276,15.33571511
8.04589658,14.23140838,-1.1604044,-17.44061748,-17.48329194,2.39689435
13.06100092,-1.26340998,2.94296026,3.08600912,15.50258383,10.23308987
-4.2313021,-0.10807461,-10.9798215,5.68541499,-13.56010442,18.83394405
-4.60409725,-10.90326962,2.69661922,13.65193485,16.06280208,-13.662412
-14.84874622,-16.8610993,16.49154264,14.97341693,-11.94670952,9.0397911
15.67782732,-5.34763923,-4.75201501,-19.94180232,-9.70277829,3.41348426
-16.91098555,8.19095574,-7.12596949,-1.68344511,8.66165773,7.99520461
-10.01692992,12.49523069,13.3155608,19.55804834,-12.59572351,-19.4477017
10.01666387,-3.25943725,-9.20473006,-16.6497311,-1.13339003,11.16502781
16.66478675,-9.70044806,-7.46385426,-3.50542013,12.39085259,6.58295147
-13.80004696,16.64245325,3.22959044,16.47616335,-19.01140218,5.53618484
-0.63748766,19.86092141,-15.89490897,2.88028493,-4.19530003,0.75928349
-7.82104921,11.33741877,-13.54653322,-15.31600788,9.69062955,17.09442775
11.08428084,-16.13342604,9.16127634,15.52986181,16.37386413,5.9076252
6.37152665,-15.51093152,-0.07653857,11.83184584,17.21353298,-17.47284134
14.93113676,-19.93063051,-10.72211608,-16.1540441,17.08391034,16.34762788
3.48064549,-7.71615754,-16.49776786,-15.63271792,14.90818409,-5.39771717
15.58494733,-14.71223811,19.87796464,-10.74310766,16.04594187,2.70101912
-2.87722706,-14.38665719,0.87851489,-4.89079754,13.99005255,-4.41819737
-6.44541384,-5.69360714,0.48816919,-15.31800428,15.76585178,-16.99934196
11.06746602,16.06004032,-12.05212961,8.5746003,8.58537922,15.06482626
-13.95635986,3.12301746,7.94717125,-5.81925522,-5.24920819,3.30261617
-3.7095295,-4.05847213,18.20502253,15.91951173,-13.642466,8.46880669
18.46276068,-7.50674864,4.88279647,4.57157147,15.15060831,11.55143761
-0.80506521,16.40041592,5.87382172,13.02054111,16.07876252,-11.84851312
18.04369927,-10.39213662,3.96747227,-10.89129858,14.30417247,13.7398471
17.741769,-5.72721792,3.05100669,-6.67114979,11.07637703,-6.17824799
-11.95661661,-5.94731943,2.98263551,11.98105066,7.02484366,-14.20657104
3.32131491,-6.99122803,-18.82554771,-12.82027924,13.9334256,-12.40849014
4.26007757,3.12303921,-3.00893128,-16.31919071,17.85638524,-13.71044716
19.7313747,12.17416416,-6.68587756,1.40129726,-12.20970162,18.85443677
-12.76072095,17.05995661,11.43519829,-5.80020971,-19.11931759,10.15251503
-12.45509669,5.33819106,-5.9217591,6.26974187,13.25586152,10.24931133
1.59352514,-16.23747437,-6.07112182,15.62721487,16.50739745,18.64262284
-10.05699479,19.96675932,9.0452285,17.08265999,5.84334443,4.32835007
-8.77733216,-1.97231257,12.23529253,5.8990212,16.98306127,-7.50027522
-4.94607491,9.59535437,-3.83020147,11.15473581,-17.88545357,18.61554486
-3.80901097,19.93284201,19.89240303,11.54206476,-17.751193,0.40541791
-0.3386223,13.9604779,-1.92046589,4.10779179,13.12849912,13.73996794
-2.77938499,5.66262448,-12.86243395,4.56197137,18.22395763,15.99042307
4.18089024,-17.73531698,-13.25499641,-16.40514593,19.3099572,-9.23628074
-12.06609996,4.83780823,9.41183379,16.51729054,-1.23873385,0.87638637
1.54953628,1.7079852,-16.37199146,-8.72421017,5.78325925,-2.47624795
7.38879615,-10.43984281,17.96497812,8.09053981,15.12336979,5.92109199
-4.24252906,-4.42889394,0.83967239,13.11203534,-11.50280294,-17.25133515
-19.09234744,-5.77944423,12.45786635,-6.84940584,7.78174417,17.7385412
-17.32580982,16.11171911,-3.07262936,19.50696484,-1.81469097,-11.50279085
-8.83624853,1.68592373,-12.62789637,14.71809954,18.77382873,11.87617928
16.47509295,-13.54134692,15.70014178,11.06159146,15.33620669,-5.20361309
-12.03018229,13.01520781,-1.92656301,15.97958231,9.10922865,2.67476934
3.42033749,-0.99412533,14.94636732,5.3827634,5.71692821,14.34680868
-11.31604681,-3.21759153,1.44295916,15.33226024,0.36127673,-12.33631869
-9.90137384,-11.01465862,13.50640785,8.23748336,18.52825576,7.47582704
-2.33653757,-10.30343586,15.10246051,17.70920352,1.62350309,3.0189204
5.34930955,-14.46197623,-1.80942686,-10.32793036,14.43554864,3.45795985
-5.32439632,-10.41356947,4.25216775,9.26342043,-19.71821782,-3.60989817
-1.07680156,14.29949229,-1.09617679,10.32977034,-18.31891569,-15.24868992
-14.08754717,18.4609685,15.79194717,19.24605925,11.85425683,17.30138949
-19.58830033,10.75083068,-9.67866051,-10.58571932,-10.08279538,19.69794769
-6.60509056,5.14432571,0.51078615,11.53160681,-9.22334993,-5.930437
3.70343663,-4.03732466,4.5795363,11.17623253,4.1364644,10.95156848
-8.43695411,19.5662797,-8.25886567,18.55312247,-0.85530143,18.31549723
16.87841467,9.47279797,-1.26275616,5.92324473,-17.34367009,12.13363294
-12.24803029,-3.01978832,18.9763016,18.88934151,-17.08560513,17.56084335
-6.04617724,14.82550262,-7.29295616,-5.50009733,-15.03019957,14.17187111
1.71109885,-3.43719419,-15.17499822,-15.97292023,-0.02067167,14.13937028
16.08102351,-7.82410708,-1.44546083,15.54448726,15.31958808,-16.82092197
-18.99749883,-14.08130684,10.9141147,-15.28470552,18.89526786,-18.36309963
-8.06243518,4.06812787,-18.29680009,12.76762469,-15.61957187,7.82921018
-1.64386984,-8.54518331,12.66588961,15.27857093,11.53263177,5.68743355
8.38447381,-5.25870535,-13.94855501,-2.52400115,-1.72733695,18.51348486
-2.9512331,-16.67568634,19.09871451,19.37903938,-13.41736009,-1.47551311
-10.54950376,17.95176578,-4.05281921,19.88540581,-2.6617388,19.30825257
10.06104698,-2.1063667,6.81685948,4.35044132,16.00141748,-10.00564517
5.13756735,0.77368981,-17.7428762,-13.36071746,-3.89251196,19.25123818
-2.45067858,9.88428919,-7.80680684,9.43278708,-19.81702896,16.50902772
6.94922449,-0.6230951,-12.98236941,-7.38234051,14.54044663,2.87581483
-12.83758037,1.49608074,-4.99924441,-5.15924492,-13.55302873,19.51719306
-5.03789644,2.67393437,10.66078112,7.26325241,5.60854807,17.80523704
1.03323760e+01,-4.48309480e+00,9.22386820e-03,-1.23280653e+01,1.39100999e+00,5.26977643e+00
10.41132546,-12.32098337,9.42215682,-8.8638007,12.97894761,-11.71679978
15.78506851,-5.08887587,-6.18794001,-17.56545997,-2.98456446,7.4674586
-9.0797516,2.20060579,4.40572472,10.88443922,13.29863971,-19.39751925
-14.3981179,-3.16211095,13.12957971,15.43590311,8.10661341,-5.20171637
17.88086454,8.18515566,0.30356105,-13.25744124,18.9374984,4.53639863
19.79596209,-5.65853897,-9.43163993,-7.91620369,-5.08886116,11.5744089
-5.34597106,16.62586001,3.70266737,19.76935187,4.87499027,-0.19468129
-3.23970729,13.18307895,-0.18977555,15.38586064,-0.86846721,-3.04566002
-3.20164299,15.00492161,-3.53061784,5.15383235,1.51748232,-19.0810428
-8.84839198,5.19802654,-8.43464254,-7.36128756,-7.45957289,9.28119924
-4.47135637,18.24615469,0.26141495,12.63923634,14.59812342,6.67186013
-13.5282255,-9.12883193,15.0227304,19.00692686,16.63804399,18.80751737
10.71123699,2.22577726,-16.06660245,-13.3824547,-6.41426344,19.94394353
-19.07075782,-3.79373,8.6483934,-16.23018555,18.26639484,-3.44248276
-4.42064184,3.78828466,6.27452218,17.42080847,-18.7045981,-7.24276661
-19.45396772,-6.88867213,18.38289958,12.96362843,12.98346381,-16.00182357
0.96472711,-16.3306976,-3.30065364,13.55477281,-18.08733202,8.03128192
10.90488234,-8.82030394,4.34439046,-7.01304607,15.95628353,-3.60357887
9.85736192,16.93848068,-14.77781236,12.10429706,5.81315056,17.62038917
-4.60480467,9.20137188,-16.40095629,-19.90139548,8.58803254,18.96994955
-3.01800377,-14.5569879,0.22107528,-8.42409743,16.42879538,1.93741962
-8.07950707,-9.63172209,7.67485778,7.37546476,12.07350061,-18.01705718
3.53822857,7.21440283,-5.81871917,-9.36397786,13.96345851,-1.52928609
-18.4513903,-16.37000859,12.58535265,19.86631623,9.57903766,18.39360205
2.56108539,17.22235081,-7.66884043,-6.63071836,11.94305725,12.26992553
-1.00156537,8.86464347,16.88444715,1.64665715,-14.61290829,4.69366733
0.33212206,-3.56600336,11.15578445,-6.64961064,8.57130522,-15.73109575
14.31592584,3.98370803,-10.71445211,16.84045991,-10.46992048,17.20142876
-12.64476657,1.876345,17.67320511,-13.44559674,-8.99951709,13.11494766
-6.21064355,-8.54394902,16.09435243,-14.39541336,10.06403998,-16.45335927
-1.94371933,-18.84144023,19.9421403,14.97577223,-11.91711415,-4.03330676
-12.94419409,11.26121588,-10.94491847,3.15115777,1.44474207,18.33020744
19.86365456,-1.26528862,-5.61926038,-5.55207801,-3.47298545,13.55111528
-8.02570863,19.52399712,-7.80942272,-11.7265132,15.75255657,13.28404739
-4.68525725,3.35280139,17.56612103,5.72826119,16.33268625,-3.03780395
10.62253889,-7.18078368,12.15283995,-6.99897139,11.82343384,-10.37209107
18.40561446,-3.16390148,-9.57554252,-19.78535935,13.69009298,-17.72427292
-6.26896638,-8.30915407,12.35606696,11.79345078,12.20990859,5.07324209
4.40235533,-14.49565893,-6.85020761,6.1101184,-15.15944577,13.54578804
9.44631675,-14.0204746,-4.10272415,-12.26938126,-5.72058002,7.9339824
4.01035622,14.05393954,-8.30477296,11.2535662,-7.87552431,16.53841028
-10.83286806,-6.55073682,-1.81233959,14.12089346,9.11627588,2.53339128
-13.14991317,16.59218276,-2.87000538,17.56053435,-17.33277564,5.31752897
12.74708883,14.10631702,-4.63901627,1.36395043,-15.79267908,9.3050348
-12.62581467,-8.27281614,4.29610624,-6.84122673,9.30433861,-10.67403216
-12.25899113,18.02680947,-1.0852726,-3.74067654,-7.21945226,15.35390214
4.0592343,-9.47644174,-10.99815982,-0.80933624,10.10432865,15.48615249
-1.17482067,-18.89590658,16.17497677,7.17740506,-13.82353383,19.53702183
12.10086028,-6.12486085,-2.55762563,-13.31885907,18.39058892,0.28133285
-10.99667177,-0.57825452,2.80379329,15.56604447,-1.33995231,-8.12127655
17.21802249,-8.1671796,14.45840271,-11.78228189,10.83880866,-17.71824247
6.11662624,-12.12270353,5.22321467,-0.86812385,16.09118028,-8.04938054
14.38584302,-13.66705969,-14.67101353,12.03263349,19.28167449,3.56989143
-5.5036015,18.30385662,-9.90068901,2.23382848,-18.50425233,14.70688652
-1.82642133,-17.52107373,10.18431442,9.15428297,15.80930934,-0.06762769
2.8186285,-8.98759917,-3.40957028,-8.15387888,11.46034312,8.51051074
-12.13724833,-7.91151089,1.67336933,15.41053612,2.82799536,-11.68533788
-13.92397138,11.40277738,1.15892476,-6.65592551,-12.46398622,5.00495553
-12.5821475,7.35377027,-15.54895325,14.86428261,-12.95192751,19.26574229
10.99004067,-6.58237396,0.12720655,-17.73129638,18.44748433,-15.01935025
16.71773792,8.15065262,-1.8809247,18.5786028,-14.51246792,11.393086
3.59178375,-12.63607873,-8.76428881,7.45955768,13.31644304,13.07624301
-4.64237991,-7.05248144,7.23281303,8.57842939,-0.60462487,-13.50115243
-7.51404794,1.17539603,-19.96368919,17.27840395,18.64418251,-7.62012978
-0.86175479,-2.11760661,3.15557684,-4.48608916,5.78384963,15.14814943
-5.0939826,-19.233312,19.25016573,11.00020147,-18.82978227,2.92177018
2.63586254,-3.18353652,-12.44943974,-3.90721585,-12.40022174,14.55515576
16.46526282,3.99170919,-1.50089652,-18.37565542,-17.95222771,18.2482706
7.10438592,10.34252602,-10.65414989,-2.80720525,-14.9411886,4.4757906
12.21404111,17.24156176,-8.65539197,9.60550205,12.20049062,13.49433905
12.74987436,2.39570552,-3.72783827,0.31783547,19.02606311,13.31250044
-5.26899915,13.71271333,17.12985061,12.65600541,-15.24047891,-5.42437174
-9.70125174,8.29563116,12.62353624,15.46060384,7.10942611,-3.38994562
8.4003112,-8.42797066,1.97023161,-8.30781872,15.63331386,-0.4892089
2.73043828,-16.90704997,0.02084693,-7.58335809,19.14837815,-8.69759336
7.00932553,-15.06683771,9.68787471,13.44452519,-9.71448601,-16.07446453
-8.3585127,16.23123605,-0.33732481,18.83193556,-3.23914209,4.56643336
-6.34772715,-3.93358819,17.87395203,9.10125965,0.93872006,-5.79000763
-9.1236443,9.46764674,-2.18517926,16.01585342,-9.78301245,4.432425
-13.16661456,3.30128705,-9.97200324,0.07101455,-12.72885766,14.94371662
8.62733875,-11.16157721,14.654661,-16.20411677,-17.42027098,17.52966456
-11.92181614,-2.12179063,6.62394567,-5.25041681,18.17587876,-18.04831108
-0.56901816,1.30683482,14.76855076,8.08486448,4.36240109,-4.75829671
17.09928847,-14.28755642,1.69045487,-10.78634653,16.99106925,16.15445512
9.11677401,11.360535,-15.61729448,-19.39754307,5.19420448,-8.09579436
7.08731294,7.23829722,-1.18405563,-9.30371452,6.83664415,19.43339587
-0.87487891,18.80390738,-0.98249288,19.42162903,-0.30960341,17.16951617
1.62321334,-11.76445177,-10.62042862,16.392866,12.11412088,-1.98755831
-10.91338954,0.6925381,1.44272537,11.92552057,15.01424213,-4.8801818
1.25861394,-12.70787971,-19.45480032,16.23462165,19.60698992,18.59254473
-4.90913271,-6.28414654,13.92008602,-14.38417805,19.57606799,-11.80053103
15.73458188,-15.72669458,-4.16888201,-13.40543059,17.72058436,14.39647843
14.10046586,-11.26014671,-0.68545038,17.83290355,9.69978414,18.75221407
12.60954474,-9.86180617,-10.66661734,1.790662,15.80265265,19.53895762
2.39651364,-5.91207258,-0.63854145,19.67317969,10.72552982,4.33523248
-4.00110664,6.9794787,19.32924873,-2.75599199,-15.57756123,2.38132002
-16.54763589,14.95767484,2.56391378,18.03012855,-6.41639719,-7.16467379
9.21572757,-18.1475453,-19.30462715,-17.40919592,-3.20267899,19.31706122
-13.42075958,-5.35632815,2.6802343,11.91470728,-7.14987011,-9.2265771
-17.93824564,14.57381971,-11.02602343,17.8770772,9.74021137,-12.22136809
8.74000547,-9.37537071,9.64366335,-0.63263761,11.98820148,4.83112596
-1.2962458,-4.65915879,-6.93152683,-4.18947616,12.39294713,-1.49244611
-3.58944017,7.73445303,-4.27123676,-2.74426005,-4.78378458,17.02610944
1.71598025,-6.03437584,-4.01012768,17.22958356,0.29721661,12.69699222
19.61617833,-6.8589736,0.16539437,-13.35792481,3.1847571,12.33918577
-6.35664989,13.13427201,-14.21129798,19.91786799,-14.14164943,12.27667581
-3.55732903,-4.74309853,13.75274486,10.85539904,14.16115172,-17.29229174
-14.87784633,16.91274384,-11.3891288,-7.02975621,-3.34405566,14.27768756
-8.70037363,-16.6577757,3.78407095,14.17841144,3.3209235,7.96466052
-6.6401527,11.54748354,18.87452128,19.35616055,-2.85998006,5.24952379
0.59349047,-3.29103876,6.73596624,0.17474871,12.89327608,1.13119451
-11.3083948,5.03635626,2.46365355,12.95594999,18.61040284,6.64547008
-0.54758849,-8.00009003,18.49744734,10.81470865,19.22412002,-5.73662299
0.85753269,-4.83368796,-16.7359299,-13.02525384,3.81453505,9.83094054
-6.92485918,0.40346633,-13.06872513,19.60660792,-1.69364597,2.13143877
-6.05188582,15.44041796,11.5818959,19.65208817,-9.04535522,17.76475681
9.59359312,-6.08717843,-15.51671781,-19.09261676,10.25708823,16.14455089
-0.44635041,-3.56919717,-7.19815567,16.63222756,10.02920269,18.37984654
13.27718697,-7.50614061,-5.3781671,-8.33443973,15.02775453,3.02865674
-19.25221273,16.74577327,-2.35257441,18.91491839,-14.21608144,-5.98726657
-5.11593139,-3.96305054,11.18267192,13.30993169,-4.06196636,6.79159289
15.18194333,-3.32025576,-4.56799526,-3.14910752,13.94146788,7.9412172
0.36775544,-1.03144032,18.78135292,1.15909627,3.00965216,-19.75190107
15.60214126,-4.52432929,-3.75993116,13.46504126,13.95021841,10.4746016
5.73232722,-9.44170972,-11.06577419,9.11102694,19.76271437,9.66069809
-18.21599151,-15.79087627,4.61539059,-0.58836096,15.95999049,-8.58042829
-13.53525394,3.06116875,6.21344516,16.498216,18.80208646,17.52872894
0.2692051,2.40991696,-16.31219212,-0.53962001,-15.80781984,-4.94890303
-8.19013085,15.88630248,14.10749933,8.95058557,-19.51820174,11.58564094
2.88109922,-3.15027144,0.68817004,-10.02670425,14.96428666,3.54387684
0.06059971,-13.61607523,-12.409537,14.53463768,18.53494313,15.92827073
14.5609749,3.2837178,-19.56591429,1.00347346,-6.57619245,-2.39169061
-1.19911589,18.82196322,-11.82467847,15.50754979,3.00789981,-9.18468182
18.86916032,-12.64571992,16.26823206,17.50733673,14.06809911,1.78680899
-0.52682275,9.37916152,-9.35327265,5.52907781,-18.4907003,16.0596675
16.54267729,-7.35102975,14.884508,13.37114187,1.23224426,-15.08650394
-3.09234025,19.96620073,-17.50531606,-5.32812256,-11.11267186,19.98504527
17.31783754,-14.83536337,-5.41249344,4.27455568,-13.15955314,16.34397053
-17.57365171,-10.00926438,1.09175474,15.86858595,18.77249798,13.46771286
-5.66075194,-5.34870629,10.5357244,-4.25405104,13.82845291,-11.47001405
18.08952043,-8.90514105,-9.20934394,-10.77576087,14.032394,-3.13991292
16.82585594,-7.33448285,-16.57584358,8.00892577,9.2119211,11.3981716
-11.10953831,3.00437361,11.55561664,13.73173014,-19.15379806,5.71781864
-13.55127818,-8.54098405,14.12260379,-10.78734769,11.90986079,-2.03164557
-12.27936658,6.52878452,-0.1355761,14.08948005,17.87993257,15.40900042
15.45698501,-14.6666752,9.36133605,-15.30583484,18.64909848,16.48329873
-4.84004497,18.60351165,12.67337987,11.90365117,-6.69952249,11.74345223
-16.19068381,16.16786572,-4.57890422,-0.53203696,-17.29527319,19.69566052
-12.69581941,5.58916773,-0.60534061,6.40758241,18.81211224,4.45359942
6.95083304,-2.64642794,-8.80672039,-11.11574449,10.25894589,-10.88600305
-4.23739967,6.8666596,4.08831198,3.01450427,18.0990122,-16.58302463
-7.54770214,16.30182439,-8.56056456,17.50591803,2.98581601,-10.66637204
18.81293693,17.17519395,-4.5204071,4.30453183,15.87890614,9.35914043
1.5470053,-6.21933777,11.64038884,11.08706827,-8.48656819,-16.6693692
-7.42071301,1.19068092,-3.73461128,17.51034057,-17.46669993,-6.48782288
-10.40006621,-16.33649766,2.10268668,10.18104213,17.98503831,-2.28104798
10.27084375,19.54907066,-5.56990443,19.41220826,15.65004353,11.76143382
-9.6784108,-7.863442,1.16987973,14.16398855,6.68236392,4.41107166
-17.7651443,-2.1781395,17.76501959,15.92889938,4.63280334,-9.45039677
-9.83574855,-11.43443128,4.15048496,18.82267287,17.41987715,-15.9318254
1.66118004,0.32118108,-6.8006744,-16.76356928,-1.72475242,7.917781
-16.31121257,-4.26771155,16.21748242,-10.63490111,17.37781482,2.96215376
-17.55252565,-8.52967575,4.16249087,4.66316844,16.33129843,10.97618123
9.95042963,-11.07631414,14.73011107,0.85781643,17.13061727,-15.78084453
1.11502233,-15.48524239,-10.63942136,-9.93766945,18.92056726,4.0898139
-2.56405173,-2.16425161,12.80139823,11.40868975,4.88977177,9.24444423
10.32322852,-6.63311473,-3.10311687,-10.05016482,16.9174552,-10.10063313
17.85917274,-7.55371821,-7.94307141,-12.60590546,15.67097044,14.46561559
17.09623459,19.63714964,-4.31699777,-7.73912326,17.25344176,12.62705047
13.56245749,-5.50459373,-4.27628769,-14.60995931,-12.06389435,16.29051348
2.17330161,9.13687414,-9.54904122,4.92307236,-3.89859703,18.97951882
14.20322121,13.92994946,-17.15832255,19.87383649,5.18140388,17.88207486
12.81601028,-13.69505827,-9.39762611,-2.78559423,-19.97292372,12.49175121
5.16871109,-3.09763935,18.91083634,-9.62799783,14.3182668,-10.82698985
-0.0316588,7.76306149,-5.52954418,15.78226404,3.59084491,-15.02894757
-6.98213851,19.79983847,14.80475296,11.03896242,18.4067202,10.9848258
-7.66603457,12.83056231,-5.25160821,15.0329808,1.90890821,9.65248782
-9.64063818,-8.47547346,18.11178111,1.4120417,12.24823949,-18.03628266
-0.80961625,-0.05391676,-13.64764077,15.05219274,-11.16560927,-0.24231562
-6.66501507,12.02373947,12.06427067,16.61599792,-12.45952445,4.83379462
-13.82531398,-10.51669078,5.10781448,3.31838788,14.09506954,-5.42246093
12.01619018,-18.04172464,-4.63375716,-6.19204723,-4.84463406,11.12884329
1.40831056,6.60723891,-7.57668406,0.3107166,-13.72258164,-7.06995882
9.64732508,-17.80971444,-13.3508431,6.98570515,2.62985282,19.05067245
-13.85812002,10.92530429,-2.91689753,4.50439164,-19.28536261,5.04601591
-14.16487085,-7.56300835,0.65649425,-4.33596186,9.31004622,-14.75717045
13.2604029,14.66011718,-1.95065612,1.36726396,-10.78061683,7.16289302
-17.51649829,-11.92399481,2.23142727,-9.67881106,18.00289522,-2.77804976
-14.12746924,-0.51251396,14.17761211,4.5569421,19.35891252,-6.77712715
16.06972977,-1.86149066,4.30802866,3.7731237,0.53522236,-3.7823145
-14.34088555,-15.82389689,3.47022607,19.24551851,10.45011196,-5.1913034
13.18191756,-17.090999,-13.2001606,-7.20305447,18.00671824,0.53222349
-11.82926476,-17.20500275,-0.54209837,13.73448275,-10.2306753,-17.37998681
-5.06856452,1.95169477,-3.38521743,5.09267644,-10.09731731,-10.25549041
-9.85088618,-1.26383354,-3.71802392,13.94113241,-15.01543866,-15.89566159
12.1623235,-4.59021048,7.92371198,3.81333005,11.00774644,1.23301236
-14.9469214,-8.79664512,6.98542866,-6.34512621,7.8419775,-13.31617836
-6.9205464,-8.1534236,7.4618362,-15.21364569,15.64111652,-11.53226308
5.49199013,-6.13133991,15.54196137,16.65689535,9.19549641,-13.13590237
13.3883936,2.01451986,-1.95347554,16.29456759,-2.58290709,3.63761216
7.94119606,-16.62759908,-6.30482172,13.77129318,15.70397475,14.90802751
-2.94020139,3.58426981,-16.81599217,6.43839226,-10.17696632,9.82220528
4.60028452,-3.25586823,-19.56568813,-7.94001253,-18.78399351,19.23319246
-16.61831007,2.89178721,-3.15642543,18.43756594,-13.49083641,-7.47220868
4.69656713,-19.21363837,1.12834263,-5.27916201,-13.08954978,17.5987666
-6.36545587,1.63340582,6.54516334,-10.32972355,18.30018946,-19.76422163
-10.69094361,17.10110909,14.59272333,15.70870972,2.13638452,0.58865151
-2.40020219,-14.71015558,17.14048497,10.82838398,15.27814949,-4.3250983
-10.64794263,-3.24544233,19.51757515,-13.69654693,15.03777953,4.48790472
-16.44610682,9.470549,-12.49799649,-17.38946893,-12.55835679,15.91887349
15.60120139,-12.62601308,-3.61164151,6.22726753,2.97950555,17.92787346
-13.4170014,17.64998564,-3.85731338,6.17125541,15.44327933,13.78449918
-5.45005669,1.74977056,-2.84839631,17.07467885,-12.45881845,17.87513554
18.66399259,6.65380535,-7.07326593,12.6254651,-9.75288831,15.8949815
-1.60367457e+00,-5.09655066e+00,8.62655733e-03,8.29635322e+00,-9.57555673e+00,-1.72801849e+01
-16.57735008,4.17905494,0.24567616,18.6532571,12.24481983,-4.74920808
4.77511496,3.98733781,-4.50922258,-4.45827639,-7.76749333,14.15250625
-7.68285872,-1.00832531,9.33960689,-8.62135081,8.36110577,-16.976387
-3.16853657,19.91546855,14.11537489,18.99523803,-8.32293643,-9.4417022
19.78457639,-1.22865734,-5.43455636,19.05742958,3.0385522,12.68235222
14.50368602,-15.09776134,-1.95494357,-5.58457842,-18.34645438,9.8377664
-10.30965067,-0.23311491,-18.27933339,18.06603088,17.61397565,-5.20403273
-8.95254572,12.84908175,-7.22470159,9.84988019,-15.44879964,13.056612
16.47039506,-7.75579126,-14.17807123,14.30189592,14.1409992,-4.70707125
-18.35239511,-3.09397714,2.87127197,12.84343581,4.26814391,-5.94538901
7.315763,-17.54446271,16.43748685,14.73777737,-12.63070031,-17.67053335
-11.49307615,6.37645337,11.89197461,4.63843845,-19.99906079,8.03548482
-16.21404304,-6.44583707,8.79798672,10.79870564,11.27606861,1.3241972
-16.27778169,-8.46008213,2.61810423,16.98753325,-11.16895561,-8.97977027
-8.00780716,-4.08349991,18.41612879,9.62668451,9.00551851,-12.07053381
-4.52795686,5.57585179,-7.0985763,-14.43554716,-17.92284118,12.628921
14.51160996,-5.84420909,16.00968303,8.80282001,9.36292848,-16.42524452
13.78944904,-2.64148339,7.19816834,4.20360735,8.77275943,-6.8302781
-13.59660275,3.3903093,-8.54792359,-11.68676462,-17.5730011,15.94009648
3.59575219,-4.70795874,-4.89013649,-14.90452029,2.96394948,5.71846425
-6.118581,14.2765225,7.1122407,19.31136324,12.87864886,5.08098606
-17.95425051,2.05258586,-8.13226451,11.60771085,-13.52197124,15.63707247
7.79050675,-1.19949612,-8.22356794,-16.33765661,0.74205602,-5.19083288
7.17723422,-14.7301458,-5.87796161,13.81396061,-14.98076825,19.44933793
12.0616508,8.43406157,-7.28289769,2.84068806,16.96660726,13.5677461
-1.32827627,-4.66423901,17.26406858,10.77367009,-9.86991811,-16.7311017
2.14509373,-3.75766153,-0.4635559,4.67494772,8.1887005,14.6603667
-4.84087794,0.87968354,-4.11835053,3.83972946,-16.3957769,11.71791626
6.94311936,-4.47498545,13.51633187,-16.95139575,16.54902855,-16.18337939
8.53034039,-17.66526644,-5.76348544,-7.4221113,18.41063744,6.81702385
11.86373389,9.64065798,-2.6785079,12.4679714,17.87155151,19.74674391
-0.28519796,-4.63461084,1.02276481,6.33597157,-7.00474372,-2.25721949
3.00864098,-5.76803513,-3.75310674,8.12444429,11.62798043,-14.35777098
-11.81546636,-4.66561063,19.00936845,-9.68516647,11.03277362,-10.25887506
-9.37053812,4.92817888,16.52480537,-16.44439717,-9.01497186,8.63124053
-7.48023274,13.73070872,10.85620938,0.79146197,-5.57131607,-16.63513894
-17.67229299,5.26882911,-5.5729844,-5.11775584,-13.58516362,6.39480596
4.48685407,-5.04270146,-3.60743488,7.3135903,17.76435352,-17.4507813
8.81004552,-5.79978377,10.32561363,1.12516292,16.62574488,-3.80969321
-5.16784497,9.12757053,-3.67318515,-16.498882,3.06287179,5.31566968
8.33932827,-9.83968485,-5.54100839,12.10403645,17.00267754,11.14958393
-2.10193138,7.54192817,19.53438553,12.94506919,-3.39857554,12.59412629
-8.27023196,-2.77862873,14.94184294,14.22693481,-12.17943273,14.29761722
1.04634885,-9.61149392,-14.95072305,14.23534311,17.40595127,3.14566282
17.1894463,-6.40948517,-3.66288949,-6.31487141,15.09707035,17.89325637
-8.3684091,-10.49171555,4.23550069,16.80819643,4.38373701,-10.95509187
-3.72105028,-19.07530065,17.37883175,15.75144442,-1.74358501,-3.21379322
-1.43696447,-11.36100922,6.68277272,19.97366986,-17.97775608,-13.96615695
-0.47214813,7.10529539,-4.64052035,-14.85918304,7.81550732,16.95470304
12.91385996,-11.94173214,5.32601548,3.38744835,15.82688508,12.75990637
-4.88225854,2.38646188,-7.57865024,13.24185984,5.68783504,-14.98080675
-0.86305423,-9.55661835,-1.61406403,-6.79994196,-2.02273704,9.2466495
-11.43572402,0.26422937,-8.85870293,18.5341045,17.06276219,-10.75604854
3.52017062,-3.76741275,-7.76905169,-14.84298581,7.01580719,-3.75316734
-4.92907488,18.50721308,-3.57896291,-10.61696126,-0.22626746,9.61568761
10.84817924,-8.75134137,-7.50831485,-16.18546062,-7.24803391,8.05171754
11.71197091,15.44651642,-17.5399728,-14.23678,-4.21195631,9.71181715
3.30153079,-3.56069674,2.18689803,12.15489549,6.93964961,18.35623699
-3.7142767,1.9099807,9.60167728,7.22566159,-7.90925404,-0.59956501
-11.53159607,2.23488685,-9.51345242,-7.20055074,-18.70071806,11.60694692
-8.82714352,4.81304153,9.24368231,16.48935984,-15.50324055,15.01706316
-7.55335202,-5.17192925,3.3516022,13.21229285,-17.00569944,-3.14524914
13.13283122,-10.907743,-18.87064614,-7.43207083,17.84529023,19.44201189
5.16209148,2.80415035,-3.93238689,6.39809586,10.6404016,10.30049148
-5.15400558,1.52154437,4.52713472,19.00265006,-4.58343012,3.11783565
-10.85198523,13.76646432,-12.12920189,-18.69830396,-2.41209175,17.86357317
-5.73963765,19.53327695,-19.66886214,12.44460406,19.47151604,6.43522063
7.03436223,-3.12354596,8.60120577,4.87875533,6.3405648,15.10368892
0.17932045,-18.91074196,13.45287698,-13.63126865,17.98203575,-4.77279094
19.32957896,-3.93994466,-9.14693801,17.23825692,6.74666538,15.33560766
4.60978195,-6.27313458,-7.80296607,15.41747382,14.78587642,11.03511394
4.74377252,13.27430884,-4.01911074,4.87832201,11.20265239,19.49015583
-16.79388737,19.69697088,-2.42565684,17.19545579,7.02211318,2.98652715
18.76908467,3.80685498,-6.20946327,19.58637933,-15.7124852,17.81022129
-17.66031631,-16.4671927,5.32494831,-15.69831085,17.35061659,-19.10095778
-16.14537113,-2.79129634,3.13063723,17.88656732,13.14632839,-18.44043324
-7.60101044,17.48426514,-17.2054432,14.94327854,-15.00370779,8.00917476
-0.78672727,-12.60511259,-4.23720168,-17.73845628,16.7419064,-5.52437277
-12.75478835,-3.77148829,17.48992208,-15.24067718,2.94503858,-19.95386478
-7.81764428,4.34859376,-5.6882754,6.74530673,15.64284136,9.30360502
-10.46407136,-2.50192581,18.40879941,-0.56544583,19.87867497,-9.55476254
-14.26978005,-12.8327791,2.86587775,-9.48174577,15.43121182,2.50644386
-6.29193772,12.2300763,-5.72710136,11.3408267,8.69814072,18.09460459
9.5475488,-9.21116194,-7.17944183,-11.11547813,3.15919607,18.40608639
-1.55225486,14.37575629,18.2767396,4.43259651,14.92157175,19.94629246
-18.08219836,-0.68557727,-12.06546571,17.7171379,19.43950645,17.23040108
7.00965744,-2.8945306,6.4020715,-9.47633697,16.5486634,13.79014963
-5.16085797,-8.19874729,7.19022344,6.34382844,-19.26647713,1.38793743
-13.69866758,-10.79207284,-0.32220249,2.03786496,15.56532326,-17.29284535
-10.44198679,-8.88684625,0.1683698,16.22671416,-19.35950183,-19.42647627
-18.68824517,1.95042401,-13.48105521,17.1456908,-14.10483819,14.90425835
-7.08892726,-6.83551514,4.72961955,10.09324748,13.93440331,15.93427197
12.08571624,-8.04613275,-18.96494031,18.63800739,10.64886495,-11.61526583
-5.18509369,-0.75568522,-7.51951676,7.97708634,-17.25280111,14.92800553
13.72295279,-4.96026514,9.89029637,0.40451897,8.79382558,-7.70182271
-11.9719979,-16.11299474,19.47659697,12.02149916,19.97781903,4.39449833
8.96031644,-7.85125934,0.45500806,0.04985894,14.1911301,-18.43098227
15.30504404,15.18542641,-8.8268437,4.57741424,19.34769722,8.95193462
-14.60353774,-5.22118299,19.77813089,16.20888201,17.02435189,19.73685814
12.07739317,4.61411799,-8.30536139,-12.02670033,-16.49296648,-1.50630564
11.64161628,-14.1470934,-18.06659116,-18.31184727,-12.62711473,18.52906652
-14.1671515,4.45593044,8.48671452,-3.33363057,15.63563204,-18.69556473
4.95174253,-7.61465867,-7.4181162,-17.55012388,4.67389077,18.81638698
10.65905892,-14.85137162,0.52338481,3.96885412,19.92190256,0.05225672
-5.12254141,14.56287265,16.80837067,19.57143112,13.26350306,-8.78472654
17.53514285,-0.5343184,-1.24263145,0.12918919,-17.82724506,7.96026176
-16.06277089,-1.17102756,-10.31706387,19.17655174,-17.69397608,-9.95183391
-9.52704763,8.46345626,-13.32055277,13.73549556,4.22128678,19.51978602
-9.35664296,-1.80226981,13.08926921,-11.56893669,13.59653665,9.38337083
-8.02890232,13.45945283,15.08307202,18.91227204,14.89356725,4.45147895
5.22243317,-17.40130916,-3.20391965,15.59312053,-2.84996689,12.1612032
4.14728073,-4.64070197,14.02008111,14.63134019,15.93617413,15.40789167
-1.95189311,-18.7100173,15.27025395,7.6569323,8.68795198,2.83887028
-2.86682982,9.89229579,-18.41619028,3.13765003,-17.99514632,16.55932333
11.15637939,0.28279783,-2.15649748,7.15731749,15.17579621,14.09618025
6.85945462,-10.36186485,11.13374717,-15.63727482,-5.58262134,6.45664275
0.11003059,7.85246111,-0.46245947,2.94636955,-11.25878348,-11.8521457
-1.66957359e+01,2.63692316e-03,-1.99705404e-01,9.75651328e+00,-2.81733918e+00,6.83327607e+00
7.22555428,-11.53602771,-14.67420984,4.96873872,17.02638583,15.25575991
-4.11774051,10.86669577,-14.40539043,16.88911915,17.33325071,-9.20021968
-12.84402408,17.62113551,-14.67355863,12.18478626,3.27841213,17.93309024
-10.04237903,-5.21334605,2.82760306,17.63586894,-18.23961813,1.00265839
13.21308048,-5.31975544,4.60343711,-6.81340085,9.67170192,14.38082496
-17.20413074,2.65860483,10.54525008,18.33665279,-2.18318038,-6.92579373
6.11757394,-12.39123002,-9.14928772,-17.69936468,13.38048094,-15.11819324
7.20942284,-11.21297382,-0.53660248,-17.76222148,-4.83317233,9.12641967
6.44165608,-16.31151426,14.5529836,-11.36918358,12.17617535,-15.0348234
-13.59830571,-3.41850808,18.51167298,15.88978431,11.87497025,-6.7399795
5.36781403,-4.75160184,-3.16100821,6.3260834,18.37674849,-14.77520225
-10.36559112,-8.58597711,16.70407861,2.35390711,13.84504528,1.41084266
7.42571398,-8.03013305,-15.93781371,3.1139967,19.87744124,7.58700216
-7.79596032,-11.75763926,9.62568752,8.93516529,8.28115444,-15.98204849
19.70088101,10.19208618,-10.86792697,-1.57595105,-6.74099287,15.90945221
18.34945848,-6.03000894,1.30470674,-18.01544926,4.30822204,9.74687928
9.88045111,-1.58210605,14.17171241,14.91523281,16.45667328,-14.06164637
-3.14212989,18.31922252,0.4671805,14.75154158,15.16068801,1.36396573
-4.15236497,-6.08051065,7.70916398,-17.98749151,15.38336371,-16.21588781
-2.81024395,7.5977873,-5.80438704,-16.84941968,-18.49440857,5.9981048
0.29628822,9.27117729,-3.41787814,2.84974987,-14.61650174,-2.48780252
-13.4577909,-4.2583802,11.85608011,17.05644257,19.04808263,-8.79809593
-7.68402625,9.89815677,18.71383265,11.931239,8.33808749,10.90663939
14.21940182,-13.68955224,-7.59841179,11.41620297,13.97134675,14.30259416
2.35261491,9.70314814,-19.81701065,-16.253406,2.85184335,-18.54570671
-14.27309186,-7.04995199,7.45059408,-0.80166422,12.33631874,-3.94810078
6.70055875,-14.07825906,-17.81398176,-8.40746685,17.85811607,17.02861946
11.0180211,-9.63855691,-4.95813712,-7.86536363,-13.549593,12.86587067
14.94949325,-2.36803458,9.27018139,-10.36359982,15.783842,-5.18346638
5.08080369,9.27365647,-12.17232357,-18.68851446,13.09095921,-4.23084707
2.89208616,1.98940503,-7.14227452,15.28039527,-9.6091994,17.42697513
-3.98414391,-11.24648653,19.08933942,7.35114549,15.05358485,12.54813744
11.49571237,-19.07716245,-4.89023049,15.75139929,-4.4853677,5.25158558
15.76739476,9.58081316,-2.30515713,14.20104526,10.12695637,17.31103725
-1.38931617,11.69468017,19.2637215,3.10267626,-15.16589794,7.12485644
-18.36363007,4.45308553,-5.80637413,-13.18127162,-6.35517235,12.50161544
-15.49427309,9.29823766,-16.24547494,14.51119714,-0.07252783,18.68144058
15.17523746,9.50948407,-16.25320575,6.64440545,-15.57689023,17.41354823
7.26350009,-11.19016576,17.22750934,-6.78981856,-9.15180387,8.13153244
-12.17752107,19.14841286,-5.69799082,15.1768368,-0.21183582,4.88629009
11.02346639,-12.47671281,-10.10018185,-15.47980423,14.15970336,-6.90362592
-14.46161898,18.06381878,-5.33001794,17.65072814,-12.62184293,-18.59265977
-14.97315889,16.52387298,-19.6160564,17.95054126,-18.09058864,-5.31970341
12.63687065,9.28675486,-4.36571946,16.47815871,-15.9422184,1.44623337
17.24413405,4.60669806,-18.73519624,0.64472498,-19.59593033,18.14311933
15.10132,-4.99334359,-11.14486448,-13.21444541,19.51554109,17.11764029
-12.38230451,-11.60677093,4.93542754,15.95799202,15.64182414,-0.7964289
7.08934173,-5.63975338,1.39328011,-14.96235486,-2.32823091,5.70154418
1.42652839,-2.91247732,-3.77256159,16.77916681,8.36745737,5.33377396
15.8088313,-5.85699309,-13.65556658,-9.62845607,-15.68468621,15.33717215
13.29335519,2.3606177,-14.94636175,13.23801862,13.63160667,19.55190122
-10.06591929,-8.39041255,4.14989961,11.08564443,12.91348561,-5.76577422
-13.64998529,13.14601506,-3.49699991,-16.08045873,-18.921031,16.72177064
-13.98842791,9.93979136,8.08072067,19.72841026,14.53623874,-16.19221901
10.69855238,-7.81341408,19.76495432,-10.51754219,17.67716983,4.13680319
-13.14552046,-5.69616907,13.68495574,-9.32328501,14.64268973,-12.67869114
-6.56402772,-9.51168668,18.35053728,17.11060452,-11.23274918,-8.77971048
3.78825281,9.11975872,-17.10757291,12.03146246,17.9768879,19.93053165
-9.312236,6.9628718,-2.26959989,14.37392058,17.09363711,-0.82742502
-15.15977405,2.11980919,-3.67711669,5.55382369,0.30423518,8.02794197
-19.68693744,14.72672523,-7.95656925,18.59655828,-14.5584144,15.79695017
-8.346949,-8.05996632,10.80246752,-14.07320024,16.33317435,-9.64898304
-14.13423342,3.68934423,-7.14915045,0.28518128,-6.40878962,19.78593545
-14.41117933,7.18338346,4.72805344,-10.85497848,-8.17765967,14.46353229
-6.22633739,-6.54778461,11.66376985,-17.767182,8.23593781,7.45063054
-1.99079676,-3.7789758,10.97531529,17.13931466,14.0813869,8.36104907
-5.43222768,12.34131104,-8.84059735,-3.0063634,-13.64329318,16.79769884
-12.50908751,-6.81822693,17.19600074,3.82481078,18.84287351,5.18760031
4.69851877,11.78661555,-4.5372265,10.14916311,17.36498489,13.56555069
17.02041045,-1.56821018,-10.20052963,9.01380948,13.11687947,7.85049281
-14.17959217,-14.37771903,13.15351124,16.18498254,9.17313468,6.1617553
14.87735014,-8.6633763,-9.94750894,4.277536,-7.19734311,19.27342895
18.91211996,19.29573324,-11.24060967,-4.92469343,10.13561846,17.21891848
-2.29096172,-10.06345604,14.00180828,15.03392374,10.84035406,9.34226878
13.46223522,-2.74640749,-1.02088096,-9.76265494,7.83299157,-16.51852951
-16.18426443,1.85843204,-1.53721751,14.4488164,-13.42916375,8.4349015
2.34104273,-9.47287854,-16.19682046,5.09674723,9.24642957,17.11129613
-3.29300843,-19.23020176,-1.07114107,3.27741437,19.85373181,-17.448248
5.58362023,-6.14268224,-6.39243859,-17.15571856,-8.19781679,9.27979677
-14.43728462,-7.02243579,19.68098426,16.0815126,8.52163347,-17.57774665
-10.73194183,9.88569244,-8.53409103,0.13711944,19.70809732,9.70125905
3.92741736,-18.5157242,-4.96677752,-15.91242145,-5.46114006,6.14805893
19.64012406,-2.82416709,0.56958114,-19.22142352,4.4953542,7.4341556
-5.35158343,17.32524191,13.35682024,12.91871935,14.83043248,-7.84365614
2.73940457,9.39332031,-12.56591176,-17.50782041,-15.36033656,17.23952715
-1.49219568,-3.58651307,-0.13758589,19.82278882,-11.78793678,4.1951621
-12.54031756,-4.56088218,12.83795736,18.77822844,2.3168196,-13.92693427
12.14013974,-14.68485183,-5.47502977,10.31058104,-10.74097697,8.01518075
19.08085948,-8.57262831,11.32181194,9.7492777,12.39188434,15.266317
10.85774883,6.88312949,-1.9669182,-9.07797282,-18.88508894,15.90450312
-10.38969006,0.90937892,6.82914461,14.78661308,16.13024342,-14.22440929
10.14588044,-10.12538783,-7.21061645,-4.31529938,19.88863613,-2.38743968
14.07565925,-1.68128595,-17.96022891,12.77044705,19.29258331,-4.63926646
5.1386688,-17.31622689,10.6428431,-11.39831598,18.34463955,-12.43270306
-12.68272509,-4.30063369,15.39952321,13.16517425,-19.5702357,10.0146713
-7.08182233,5.07436373,-13.76934761,12.81661222,0.96686859,0.66717843
-14.21247923,6.84446718,-19.40097638,19.19624434,-9.73012272,-11.60480395
6.81201798,-19.5893303,-13.96847188,16.28987069,7.36638679,15.71787544
-1.45957153,-5.97797087,9.46251189,5.61677004,-5.51302146,5.33983017
-14.14067987,8.12285773,-1.86305919,-8.39575727,-0.37343866,8.62443976
3.68112362,-11.22896687,-14.70615785,4.76327325,14.04995911,7.3942745
14.85035657,-16.76592072,-4.08710872,17.2240917,14.84363778,7.20118612
-13.56920988,12.16701895,-2.47195665,19.55594439,-2.7413704,-0.56382284
-9.3220171,13.09469288,-2.67377534,3.71859839,2.76275386,2.70963674
10.32469485,-5.75039919,-7.23036907,-12.13351313,5.30676984,10.31084667
-5.86797608e+00,-1.75193121e-02,-6.34636284e+00,8.98296565e+00,-1.94456366e+01,1.24347946e+01
11.88510937,-6.77943418,-2.60200788,-17.81739022,17.26907095,6.86497953
-10.35689817,-4.74248195,10.71515472,0.91908072,19.53096293,-14.29578209
16.46365275,-10.68484083,-7.57981154,17.63510836,-15.12089207,16.19682926
-0.58986506,-6.34700573,-12.82845902,-11.38007721,5.37284711,-2.64124493
-10.60346318,-13.55526075,3.84733316,-13.86354395,15.74441587,-8.72334995
14.42248052,-4.71681956,-18.75675935,-1.33353763,18.98888933,14.74115275
3.494543,-9.2904238,-6.44599892,-13.64707288,13.57211641,12.24839636
14.48001914,-15.45231697,-7.85867541,15.89063396,13.19922081,19.69155863
-5.938691,0.70696166,-16.18610537,12.92572756,9.31294689,12.52614143
-18.31611881,5.60438285,-4.01930207,2.3921984,-16.80019371,11.64747237
-7.30922573,-2.88000513,3.74061414,5.04802447,6.93897868,-17.3852138
8.32690335,-14.93452012,17.8482818,-13.776555,13.54591766,-4.94276516
19.22853449,8.16802534,-5.87416135,-19.80952733,4.08951029,6.33053831
9.76856507,17.13352091,-4.87518451,-17.31296247,-9.2298387,13.9142105
18.24566724,-9.59293177,-19.87358983,-19.35522068,18.25383118,-5.68245338
-8.87275267,-15.42973148,7.13845945,12.91616244,-11.52644957,-12.08941094
9.2943171,-9.12764989,17.88877796,-18.26492447,14.5808596,-2.6631107
-10.77580428,-4.14187108,6.20596064,-5.75200464,12.36068566,-2.79782309
16.9073782,5.80750393,-7.6358159,-15.97884607,-7.18683766,11.23310485
6.36379174,-18.69431211,-5.97604319,15.40458913,9.23161619,15.80617883
-3.45186069,7.45717427,-13.2485297,9.59347705,11.6825835,14.80591253
-2.8654867,13.94360865,9.35699316,13.26733503,13.6495818,11.66796822
-3.81341111,5.16537139,7.4444483,-4.7109627,-18.55821201,-0.84911537
15.43126552,-16.21847978,-14.26704199,-2.75261396,17.61730451,19.92206475
-12.24692968,14.40588193,-9.60913397,0.94010911,2.50063555,14.88975955
-3.76355979,-13.34771317,13.72549295,16.99167031,15.45960908,-12.56273553
10.32424448,-2.40938034,-18.23497598,-4.18916078,10.59407377,1.99592115
-8.46892206,19.84185582,19.44633702,9.88083549,-12.50515129,-19.26303907
14.6000006,-13.54638549,-13.83802128,9.79038398,7.71332942,17.42319028
-7.08234455,13.11728096,-11.34274326,13.42201315,-17.66260277,-11.85303856
10.0275453,0.56450951,-10.14768547,-18.83705617,19.99568022,-14.13935285
11.401243,-3.38049109,16.57075258,-3.91325998,6.02842243,-1.79563773
-3.92648995,11.85932677,-10.40669314,3.25544767,-11.39807715,13.26870165
-9.9618103,-11.60311731,2.44948291,18.72164755,-18.07400655,10.32086461
18.77190296,-8.09433284,-6.52611294,-0.35493177,14.99613662,-17.31872136
6.74219366,-9.89515981,17.41457764,15.2739148,13.89127759,-12.8692742
16.86023748,-7.96799592,1.62051421,-13.64139162,17.21124196,0.34638966
18.50063349,-6.31306104,-1.92908774,-0.31393179,-9.68851217,17.67455958
-12.71440315,6.95806474,-3.45817073,5.43831121,-14.51627532,9.11312649
13.60301698,-9.56577051,5.89229365,16.17744481,-4.72402492,-14.62870388
9.12506078,-3.74445954,13.87050828,-6.88003833,10.82668419,7.59760739
-16.02372614,1.2298437,-12.28486918,10.69966003,5.8974057,15.06468342
-11.74872328,-6.05142128,13.59941018,-0.28502229,19.27193575,5.45938864
-6.42657509,-10.98704326,3.78259886,8.21998801,5.92183296,0.7059769
-16.13243168,19.93282383,15.32013805,15.87554657,-10.86092558,10.63452487
-10.62095603,4.7813262,-10.18416372,-8.74746171,15.4441707,15.84230222
7.95998351,-9.0694869,-4.91073929,-9.45117026,-3.75467328,19.60378653
11.30103238,8.11280761,-17.27141802,-5.04783801,-10.76519749,19.74535338
-13.02378609,11.22663471,-19.95854995,15.11843309,-2.68982736,1.65719623
-8.35905057,-4.71848085,9.55668014,18.20091447,-17.87322784,16.91589496
1.8102943,5.59819587,-7.06745308,8.6526287,-5.48901389,13.48178455
-19.35949979,-5.91915642,0.46771167,-10.31761605,11.13474962,9.99624919
-14.77040447,14.00191271,-9.73766252,8.45699088,9.50203453,13.88340524
-19.02951147,18.29383175,-12.42502809,-13.94940742,14.91786099,17.98271082
-6.53212995,15.44199352,-7.92480626,-13.49059286,17.1716504,13.76315272
8.32097634,-14.40706639,-4.7165918,-4.20114075,4.96096867,13.95027709
-18.54533795,6.4592205,13.2586742,18.97839594,-15.93860558,11.44169523
-7.84619497,17.27923375,12.68938414,12.71243556,-10.30900597,13.74986692
-12.78054248,-15.44617518,9.4665831,15.44717492,-8.29779203,18.54054284
-8.05266234,17.40522946,-2.37104649,6.84321598,-19.61630848,10.42609983
-7.87582153,19.91822024,-7.37803876,7.14819482,-5.99382729,14.17178467
7.77370661,-8.55758474,17.89307981,12.2325713,16.55030972,8.49065358
-12.78069376,-14.99954466,4.47477907,18.92332608,-1.38890227,-14.03257812
-10.95818094,9.69767095,-4.09582794,16.22877134,13.11643746,17.97260926
-14.45066173,18.62976095,-2.91118095,15.59780433,10.92959136,-8.37248456
12.06088645,-9.89452537,-12.75402833,-13.74320968,13.84522198,5.65310133
-14.15019997,2.0419512,-12.37423473,1.71995509,-17.85656083,16.11946155
-14.01636804,13.11912723,-10.96040095,-15.15392478,-12.25525078,16.47720238
-12.05635161,-8.42740988,9.92452761,8.19209836,18.85399369,16.39837812
4.97480383,-9.94041741,-1.11467311,4.74922319,-13.85727199,8.19409599
-17.88076125,9.26231136,-1.74238968,15.93510375,3.71972248,10.08056679
-13.49067428,-9.41653771,1.04014281,19.10726935,2.68875046,10.21977959
0.90156371,5.56320762,-15.90505755,-14.62214046,1.99221303,19.08469348
-16.47587527,-6.15772407,0.75487677,8.16190424,12.76408541,-14.12277306
0.43161379,-15.76283591,15.15648322,13.89593506,18.23748606,5.08165616
-11.18284891,15.15873701,-14.71869566,15.89156016,19.13085694,5.04906555
16.47727172,-14.97894562,1.50419056,-17.74335739,15.44121928,15.82577416
15.81967034,8.83585141,-6.93243171,16.06794996,5.68921894,13.34958149
-18.67085764,3.61443884,7.80580571,-7.08746687,-8.2131405,7.23331367
15.29322418,-9.87643009,19.86257793,-0.32278356,14.11970528,-13.1523661
2.16609816,-7.27775174,9.31652321,-16.0917439,11.89924207,-8.83965217
-3.97338799,0.85258858,5.83090837,3.39100051,7.82245605,-19.1670711
11.90876056,-3.24258088,-15.0886985,-0.76004377,5.44701347,11.40166557
-5.55101896,19.60902769,15.37199014,17.25224692,2.7194014,14.88289395
2.95442934,-7.21139471,-11.0503847,19.8766451,-14.55082557,15.88072949
3.51401618,-7.71535903,-5.97731841,3.62897826,15.52016929,17.82608043
-8.17739455,-16.780728,19.84316252,18.66345384,-0.82379122,0.36572877
0.48073202,9.16235191,-7.82343074,5.05511273,12.92925598,16.15865463
-5.20489997,-3.10099143,5.29052781,11.13766225,15.64790394,17.31544096
-16.98260432,-6.19766151,1.78829829,8.28717821,11.80231735,-17.64088222
-13.217752,-12.38373511,1.50222677,18.25396214,-14.68911828,1.79790546
-7.34098757,-3.45196512,4.459146,14.41228983,13.93368318,-5.1862314
-1.14635232,15.4502438,-18.46980335,10.73753,4.38545791,18.78000009
-9.42532717,10.67932778,-12.89870373,15.74517662,14.67647299,17.21203028
-0.03666895,5.50701654,-0.47513328,-0.22996643,4.38663922,9.27787926
-18.52642719,19.22159343,12.9352795,2.60908198,6.92357126,-13.40969355
0.1985969,-5.18929646,-1.06300124,11.05640487,19.15294605,-18.98513774
-3.69931739,-3.39553857,5.19861089,10.92425759,-7.43080025,-15.83265801
4.8154523,-8.54296302,-18.07031961,19.71382603,13.37470258,16.16198571
8.25572347,4.15794622,-17.30206697,2.20378046,-18.13920069,6.86960201
-9.76015839,-1.1197542,12.36141013,18.78055107,-14.73115167,-15.38552289
-2.10249212,19.15434471,18.31550914,11.37873806,3.19159233,10.90980633
0.18883313,14.60927139,-7.52623018,7.85983951,8.84456411,7.40751382
-13.26043644,14.25739494,-10.67258101,12.52958089,-16.15384206,-12.0618134
-12.31568026,-8.27997544,17.97023836,12.61827498,13.46198986,-11.44778557
6.81572645,-8.24716426,-9.73494392,8.56082058,8.70906615,12.55462363
-4.56814094,-16.62771934,6.28115454,8.40044598,-3.62998614,-14.1282392
6.54677039,-14.81540509,4.10103152,-16.04439605,-17.35406188,4.94248649
-5.24970005,-15.77653886,19.49278248,10.3707099,-1.98930385,-13.28578331
10.54557869,0.20011683,16.95451456,-1.87845711,10.60925578,3.84427402
9.85537957,-10.34104279,-6.00746572,17.48298177,-8.76261776,15.21261459
-4.97687184,18.18133713,-18.93850777,12.49889,7.66741544,17.087548
3.66649438,0.98673275,-2.44930648,-9.00615905,-11.98841023,5.48219617
15.6262895,-3.34376703,-2.21386052,-3.10936191,12.01551827,-17.81746919
-14.42895612,-14.52789527,6.16349179,19.65964364,-17.4655282,-14.07130452
-6.64691033,12.38267268,-10.18959656,-14.25204265,-11.15135638,13.96477752
-6.32981169,-8.57036127,10.60559472,-0.40192317,16.21660315,1.45379735
-10.92648026,15.9164906,-4.80596034,1.35057222,-15.80373444,13.58354369
4.52317417,-17.74017231,-14.61014939,1.06809943,12.7143838,19.6258092
4.19835543,-8.70080682,-8.73365936,-10.43112923,-10.91015475,12.85623351
-6.78654001,12.76656872,19.71830223,16.13782458,-2.78263088,-19.04065384
-4.10247895,8.4279549,-13.26480748,15.35044428,-11.85663029,9.4926109
-3.51092823,10.72057266,-9.49452343,12.21810689,6.17939267,14.06035465
-7.0929027,7.16844406,-4.29921953,8.59960744,8.61188288,-13.79273034
1.63586858,-1.54940957,-5.9549435,-4.03676988,18.5593211,13.62304383
8.43339494,17.60078278,-4.3907776,2.29926217,-5.70614933,5.02390168
17.53725571,-6.19728713,-0.07210819,-12.62868472,16.43900978,5.55644041
-2.75773814,8.32492667,-11.08409537,17.88588527,-5.95526105,9.40948598
-14.90175957,13.67906849,15.68404174,17.93846322,12.54121783,4.07541161
16.10566829,-18.99518446,-3.20949983,-17.89108535,-12.04777848,12.72612372
4.27574562,-7.63652521,8.69778542,-9.5740347,-14.0800521,16.00216272
-1.67806722,-6.89453591,12.41365682,3.33305502,16.61384698,8.00749217
-18.405595,-6.16237817,-1.10653938,3.76968184,16.52100101,-6.79714339
-1.77654406,11.76737616,-6.05594067,19.77414994,-17.19812853,5.62785901
-1.24826156,-11.25397686,3.76948621,7.45446142,18.50363093,-11.70031621
-6.44968664,-1.17029228,6.87095294,19.8300084,-6.13446863,-7.77487451
-19.46999364,6.44931898,-10.27101562,-12.85022806,-11.35101358,19.50786051
12.82971602,10.98898898,-3.24256635,7.80641226,13.93186487,17.3913772
16.85241319,-2.45268615,-2.87576235,-3.40448627,8.11372118,3.86136304
-7.05624501,3.95430361,-1.87179287,2.52351324,-1.83968143,9.11857202
-1.80028042,-9.73023139,1.04109125,-8.62179436,12.90944881,-10.14418085
-18.14479603,2.64021858,-9.66815972,4.23822901,1.66344561,13.68338466
-11.47886492,19.61457797,-6.49388002,-7.95524092,-18.93519043,17.63999103
8.52093845,-9.26454118,-15.97625414,-14.70053361,14.58353335,5.71557325
-4.92176975,10.01311444,14.1614251,4.44138714,-9.63309878,-14.22392656
-0.66863781,-2.26332699,5.24167084,-18.02965916,5.18697198,14.24387173
-0.60157282,3.29353951,3.49983833,6.57563223,17.75592989,3.37971688
5.55596457,-2.09738279,-14.15757157,5.18460451,18.43060697,17.29877771
11.31463138,-3.82622945,-10.43625602,12.55077853,5.62543826,19.65270661
-3.38453932,-17.23234632,13.15417055,17.16626038,-3.39714573,-14.53995186
18.32681114,-11.26514458,8.94263483,4.78953708,16.48309931,-0.21624697
11.96689377,3.06345188,-7.308261,12.54738828,1.66054867,12.8996611
-6.52858665,-12.82326229,11.66906459,18.47496868,11.93420058,-2.35788006
10.72970086,13.17888524,-6.9887704,15.14142066,-12.58418284,8.44973086
-5.5187907,3.19479037,-11.29167358,8.33340485,11.04886434,13.87220133
-0.95119314,-10.06806624,15.03552059,-15.39036686,17.3771008,-15.57684373
14.64892555,-0.87331302,4.46198783,-2.24767843,6.03789348,-4.18702553
19.34050023,-0.54180878,-10.0913704,14.79637396,-0.51321627,13.00942237
15.21089392,-7.67274697,10.02890129,-0.80407318,7.92520554,-13.95664425
9.18974414,-7.84455035,9.35444994,19.11733574,8.55797202,1.44143927
1.39108923,-8.3490191,6.13438861,8.63285077,8.9371619,10.93456684
-10.81337701,-0.55480386,9.32093726,19.70808652,-5.76780848,-19.43582177
-10.42631851,10.43530934,-8.06985815,-6.89809348,-1.51428677,13.41040274
-12.63612495,-14.19543024,-0.38085356,15.01911468,2.87649615,-3.33468539
10.47800852,-5.84648499,0.40535012,18.45616502,10.53656743,-2.34417406
1.48703692,15.07635161,-5.67674695,3.01915517,-6.83171531,17.05296442
-3.1411053,14.49038457,-8.08677496,-9.05975872,19.11779059,14.32578862
-11.81280697,0.23658134,-12.40909171,9.30086485,-14.02293458,16.29103759
10.40937481,-19.2028694,-9.89885218,1.13620756,12.14789348,11.90395028
5.26951571,-14.81264694,-13.31350641,15.56641081,13.37537134,19.85570142
15.98255515,-14.13682368,1.96580005,-17.09992326,-17.77562007,19.10983045
-10.25696691,-8.81653759,1.27712073,1.95539831,16.90618188,5.1248091
6.38234077,0.96934767,-9.30661123,-2.01449344,2.35036239,18.73420938
8.72765967,-1.86002493,-3.41723317,-6.54988222,1.43456218,6.86154614
8.63578533,-11.76530301,-12.28760876,-11.6666516,-1.75046915,16.84131127
-5.76863334,-17.22374255,0.05413492,10.33210747,-5.82225983,14.21902747
8.21510795,-5.31469478,-0.73011833,15.07636479,5.791692,16.22953758
-18.41585525,4.3621504,-11.81007516,2.89380548,10.22115574,17.11725401
19.09001458,-2.40420387,-9.2721995,15.363321,-7.98202146,12.47874919
6.03922456,-9.93362474,16.19562936,1.6020253,11.67311518,-0.31527936
15.400047,15.76060222,-14.22862574,-12.13693287,5.01005875,18.33393146
7.16753565,-4.33981777,-6.20422314,-19.15672421,19.25354494,14.30018546
6.4712193,-3.3388405,-2.56233202,-12.34896007,15.43997109,-11.01308186
9.67589231,-5.08034633,-8.83162741,-16.43790005,-19.21817911,13.28974078
5.97563942,-16.26361984,4.12270713,-12.33537755,16.01138795,10.23709237
-12.23708465,8.63116727,-10.39290817,18.67312295,3.23008285,-5.52781188
-4.89570421,-18.56272767,19.5403134,6.31847918,18.90611318,-2.56182943
-3.40108893,19.15854696,-4.6014938,5.84510476,-14.97936812,-3.30450599
-6.95604583,-7.24644535,10.5612867,14.43052348,19.56430126,19.0812753
18.65180931,-10.59387454,11.21026383,-19.05059427,16.61009037,5.1014348
14.63202807,-6.99457981,-8.51633777,-16.24000633,17.75655216,7.36306621
0.05309311,5.00987177,-10.12724963,5.15211893,17.01211052,12.23133219
6.27112285,18.29420565,-5.90829801,-17.02204591,12.85090728,11.49764457
1.43392121,-3.72716763,-3.68076535,15.81330818,-15.16797653,15.24030456
18.79076133,-8.76797812,7.51409792,4.1959076,-16.07929622,-8.4534034
-5.27103501,-3.18783963,0.47845213,7.3096067,7.78265571,16.01290407
-4.62317016,2.30849534,-3.07334922,15.88643418,-16.77429203,1.55326759
7.8456668,7.089656,-8.17595775,-14.22931268,-14.30583741,10.26221893
-16.4288156,9.30886939,-2.29073079,12.81223515,-17.7388587,13.27357365
-9.53378824,-3.54318095,13.96827713,13.41043502,13.15404431,5.06933304
8.32957153,-2.3548104,-7.03521984,-12.72022668,6.57035664,7.04913875
-1.63133097,-2.23600399,8.53460817,7.89413617,17.23276393,-16.1681844
-18.73966219,-3.42083703,9.14983105,-14.22548358,8.9287423,-16.57544775
19.36774466,-12.33968111,-8.26336302,-16.3957587,12.92464103,10.4409921
-19.60728192,19.69443172,9.34213037,-0.9898032,19.56993671,-13.13380301
7.2139096,-12.12256833,-6.57275711,10.85268566,-12.04794097,7.21055005
-4.05661636,11.53718351,-0.64109985,11.32077801,19.88612984,13.11616952
-10.69373498,-6.45345638,2.43864687,16.98385601,18.13583066,16.68890212
15.91738641,-2.3148058,12.8424809,13.93328796,6.96824587,19.93894971
5.14627925,-2.25591311,-9.05639538,3.75796451,14.67403001,-10.00511779
-7.30063363,4.87791478,-17.70944834,19.34592889,-5.22920392,-1.3509977
10.94935655,15.58738902,-3.27174077,9.1002278,2.88523958,11.78092904
16.01960601,-6.83936768,3.46884961,-15.78582435,1.83400409,11.91220415
-14.26578504,-10.23644436,18.40871578,13.52427359,10.67458733,-12.0870595
8.86350095,-6.61030098,1.4725967,9.85206341,12.03307265,13.63556141
8.16736669,-17.05265934,-14.41419561,15.73336629,4.67310622,16.18813254
-16.75681606,6.74342766,-18.18540036,-5.9217122,-14.93299379,17.46331301
-6.36209044,-9.53837042,5.08288667,19.34251021,11.79819383,0.87287295
19.09857071,-7.30316885,3.67397622,7.26689955,16.65723966,12.11007592
-9.91722453,7.99201283,-9.65666423,17.509714,-12.06793837,-5.35063004
-0.28070443,-16.18154331,8.34175815,15.41687493,12.05596479,-3.95295668
-7.15998612,-7.96934794,14.04002174,14.06911813,6.92501068,-17.61643322
10.61188862,-13.4506746,16.09950572,-9.14504746,15.38801734,-3.04985835
16.8733589,-8.20336535,-1.35384474,-13.83178151,-12.56736339,11.72592165
12.68426531,-6.45959082,-0.35020005,1.63011829,17.03500395,-5.83411506
-8.59753232,-15.51404681,14.47448356,18.44513998,-9.14083318,8.94942173
-9.27056268,17.20920343,-7.41454841,-2.50332128,-15.53748862,17.85235742
-10.60019551,-10.42730377,1.86889163,18.73966703,12.89578544,-0.92700493
-14.32268934,5.3753437,-5.55514277,19.7373912,-10.60903518,11.62569941
8.39505365,-15.59411186,-1.40148802,-5.59828194,-14.98365297,2.57484893
-1.23679943,16.32271903,18.88877665,11.7432749,19.11527706,-11.91363547
-5.41760835,10.50194484,14.24393455,16.21728579,14.63711122,18.15131233
15.63308496,-12.54368641,-2.93454206,-11.70724571,18.04938581,7.66087852
-3.98917209,-0.22115016,10.00479134,5.79673215,15.51906845,18.14300286
-3.28768743,-12.6213309,13.56542014,10.05468481,15.6367275,-19.66412355
8.40814258,-3.40060845,18.00689646,18.7725309,17.76359478,-19.18378249
4.59145484,-10.81157034,-3.0196585,12.26800126,-3.71433745,14.48086447
5.95236484,1.32179746,-0.53610102,11.09284182,13.57135211,13.87304618
-2.87679785,1.38038989,-18.68428195,18.86746634,14.36914652,18.78772557
-6.04241589,6.29596631,-1.23215547,-8.51073449,-7.1616861,19.65565117
18.55503626,-16.04010602,-1.78663176,0.68417536,17.71216606,3.51985946
12.93010881,-12.36058688,-6.96968954,-11.74731703,-18.51826086,8.87019302
-6.20282288,-0.49897843,17.5768452,13.03022505,5.48232646,-11.0881739
-2.92813707,-4.85113218,18.88457593,-18.36089483,5.54087603,-7.51741227
8.09077069,-0.71981617,-17.75295266,16.44309466,10.92117054,18.02707763
-14.76135905,3.96983051,-19.98135138,15.88475152,16.97743533,-10.00198688
-11.12357554,14.00170641,-2.76835179,-1.23441499,-0.05932113,5.9287283
-10.65703672,-16.1138918,17.56097776,17.44329838,13.95142092,-3.251337
-2.88866236,-13.58552785,12.09507146,8.85967788,18.70620499,-2.9217541
-4.87129385,-1.32294729,2.23905207,10.36349572,7.78937323,10.02451827
18.74635997,-11.31639931,0.76957514,-2.02421828,15.14778257,-7.34555877
-2.35208544,4.69095486,-9.56405771,13.93713264,17.09223549,16.0815156
-1.00370299,9.97318835,-2.95888019,12.25282347,10.88984261,-0.64827529
17.465835,-9.97764376,-4.04757507,-7.32821391,13.20916749,-17.7810619
4.50090095,-7.97701749,-7.83707981,5.32806198,5.28577489,11.14784612
-19.56281815,-14.96536374,9.9956254,19.92753119,11.08393574,-17.89577131
-8.93361472,6.05995816,12.65416385,11.76300996,-12.36923303,11.33459127
15.19660063,-8.89159107,6.07443099,18.38864366,8.41294269,-8.25466486
11.22080784,-16.01452097,-4.72206037,-15.42372929,14.87743172,-7.37270573
-6.35686383,-8.05407798,8.36269936,6.70836155,0.67104287,-4.5320463
-6.63817205,-11.5665885,12.87934478,14.65345044,-14.86365726,1.41189282
-7.62006592,-4.00214908,4.16149996,-7.13216365,13.78863969,-19.28903356
-2.76900612,-17.0431066,3.8914805,-10.42693428,19.40609466,-12.91247965
-8.14747834,7.199227,10.00609146,5.09347029,11.71722352,-13.90014439
-9.58899222,9.59679865,19.74430718,11.6497829,8.39629304,-8.7250423
-10.03274921,-7.65728248,12.23585319,-0.32961557,9.92197507,-5.84842878
-1.23710359,-17.08326526,16.17846574,14.35090361,12.06332687,0.11106644
-2.00512079,-12.52433095,17.57961917,5.22786629,-17.47314069,17.06221687
-16.42513515,-7.63313879,11.70600831,-11.51973423,15.97382031,-13.41166482
17.28651598,-7.79608111,-2.81968713,-2.38348457,12.71761453,10.86337376
1.15161997,-18.66280946,-13.65252822,-10.23597292,-1.14376245,16.74755964
2.51136146,-2.5341321,-2.74182723,-15.6423244,9.49249498,14.88512892
-14.91347571,-0.95771316,11.07710882,19.20785857,-4.90537496,-11.6489077
13.27862507,-10.15888942,15.91624217,-17.46203447,8.85613752,-15.98074226
4.12174846,-18.81871528,-15.37679354,0.60770916,4.9538542,19.05940425
-9.67724686,-1.25221014,8.24892735,14.28418003,-2.53882689,-18.61929001
-9.01241467,5.56117919,-12.13620016,16.89930817,-1.40384485,9.82127233
-7.02207343,-10.16522568,19.79397242,14.16058578,-17.21762213,-9.38698165
-14.26842547,4.43193101,-12.56682551,19.24174324,8.20079773,-2.78535974
-3.04958915,2.02644828,-6.39432405,14.85350848,-14.17197875,1.60656533
1.52998755,-19.41784797,-17.27232423,-15.7232095,10.14310178,18.70383912
19.47974117,-13.08720386,-0.89526252,-19.32466567,-1.2553771,14.37519052
15.44086879,9.37911057,-7.11052667,-0.35679476,-12.18246803,6.00168231
12.10006604,-10.75621445,-2.41726197,-14.31141305,-7.08949672,14.63635381
-16.09159786,7.79044105,-2.7433778,-2.37893788,-8.49040036,16.14623009
-7.15114929,10.07286598,-18.84124452,12.02532018,13.2618522,-10.646853
-6.36624918,-7.00972128,3.28876495,7.10456131,-15.39429351,-17.76523373
11.80691337,-1.05069964,-18.03804748,16.30744186,18.48526013,-5.98588714
-13.35189578,4.92793753,-3.78958611,-9.77867706,3.56361329,7.55703684
-11.21931886,17.83873665,-12.9259175,9.61064592,13.84724615,18.56587824
-7.96714396,9.05930889,-17.72146781,9.61137044,-16.43432196,-17.31336896
-17.36682749,6.98493886,-9.5425209,2.02612613,9.53044057,19.39164309
-9.16105001,7.63033143,7.94249346,13.68334094,-18.30171082,-7.66918158
9.82231637,-8.61536466,-4.29985907,-11.9594296,17.48707451,-8.96596867
8.86473111,-5.09700477,5.90076065,-8.98185436,1.99221773,-11.21779926
-0.63315049,-0.38952968,-11.31571823,15.54154119,-16.27736782,12.11357185
-7.67655195,9.64126777,16.53035255,11.39886563,-11.26529606,-13.39746902
-8.84724706,14.60985175,3.22924916,18.51961928,-2.20540422,8.11371708
9.48490301,-13.54233745,-9.54253139,-15.02510529,-17.25442481,13.57488782
-14.82365325,1.88848101,-18.86141227,15.04668231,-2.38389854,14.31929862
12.27064192,1.14739965,-13.70728819,-17.76433304,6.43436977,-14.67815198
5.86254796,11.25907904,-9.22676391,-11.07344335,17.83239533,-14.73905172
-4.15588523,-2.95111228,4.93148258,-11.99852001,5.0758007,17.18820931
2.70274822,8.42962443,-6.13470453,14.46128887,-19.51372741,-6.69089537
13.50384998,-0.41532644,0.27383116,-10.36251622,16.68593223,1.79308567
1.14609849,2.19532821,-6.92308758,13.73951193,-6.54615755,-19.74964405
12.6992141,2.96147089,-11.98057318,9.72110766,-6.14351013,-0.13304675
-5.81565279,6.2837188,-2.59788801,7.6395125,-15.31789718,2.49082814
-12.27548236,1.72492609,-5.81955067,17.16661346,-2.20737458,-10.93491714
-15.26453789,11.62723483,-18.48548252,-18.86978125,-17.10525728,16.84110226
-16.39145587,-1.0493247,-15.29981346,-17.73310272,-12.91418625,18.48622549
-14.96732171,-14.87624275,3.41877502,-7.73214442,15.73529908,0.75968017
18.08864508,-8.9696749,-14.32432469,8.06491598,19.34056492,16.99165076
11.95630146,-15.31648496,-6.07576894,1.69938628,6.87018091,7.45673552
-4.01025387,7.74970303,-9.72443238,10.86855689,-14.49916794,1.5657887
-15.55204714,6.55810908,-7.73075695,17.90060924,14.53850815,13.39614697
-11.69456467,1.05973421,-0.05618659,-8.01879052,-15.77197765,18.6529604
-19.95709548,15.26802594,6.45443213,4.82025659,-3.22378569,-15.65496421
-5.38300482,-13.13738698,12.01846727,-13.88841818,16.99156679,-5.59291614
-14.78757353,5.35560534,-13.24428229,16.27471443,5.66991297,9.88247016
6.86214286,-7.04591038,-9.44115282,16.66501754,18.68984514,17.64870166
-6.54855552,10.5191032,-18.49002233,13.68231917,5.10705912,11.01991662
0.51957392,6.29702601,-9.44052776,7.0600922,-8.49768274,7.71665076
-10.1811876,0.9571793,-8.34563286,9.84603807,-3.41356434,7.67372673
0.29198245,-1.73189547,18.92957446,-9.84980275,6.72887555,16.58613648
-3.37971075,4.17858309,19.37853457,19.47829626,-3.00601063,-18.65157439
-16.57657849,11.93885338,-15.92177262,-7.04586929,-15.85366597,17.88945809
-12.19824883,5.43635977,-8.25090817,-15.35177151,-16.43124351,12.13074408
8.22150359,10.35827555,-8.7207324,-9.13742513,4.28920289,7.52509372
-13.72799323,11.26669147,-3.33760952,9.54159328,-9.47856124,14.8956635
-6.57669967,-7.55436448,1.3093156,15.44453221,12.8653647,11.67679782
1.32080283,3.13609492,-5.67578591,-17.68148998,-9.0722434,8.57263098
-6.70453963,-2.22689537,-0.48413537,-18.33564387,9.75045157,-9.98016804
-6.441214,-4.06426339,15.87294535,-14.85736921,17.02848761,1.45066198
-18.78628833,-4.22188555,9.12894897,13.61435727,9.76488076,14.7148285
-2.20509932,16.01491291,-1.6122355,-2.06227083,2.26187634,15.29856322
19.76305366,-13.07842229,-1.81667969,-12.70683913,1.66622495,19.5666572
-5.51796573,-4.48464253,2.69921083,-5.15385384,7.62066152,-16.05683869
8.50993794,-10.67306547,-8.5055092,2.45008287,-6.43965877,11.78858934
-13.00185014,-2.83955323,9.29147809,16.01725409,-2.46630069,-18.98571873
6.9905418,-5.79818277,6.45212209,12.01561931,9.06787729,15.35391236
12.26541617,-7.87821208,-3.86598283,-7.59039091,-9.98797136,15.07865085
17.23096678,15.26879421,-6.66040471,8.34851193,4.51538566,15.57109141
5.60784294,10.45334305,-5.43769004,-8.85472713,2.51610707,4.21461819
2.84303543,-11.00023782,12.54254101,-1.1817405,18.49398361,13.05504405
-11.2166657,-10.18202361,10.87186305,-18.89071257,18.98547249,2.66904901
10.80379127,-1.63445866,11.080127,-2.24740396,15.52844838,-4.479302
-1.60283599,15.22731622,8.11305308,18.89949912,-13.57175974,13.76698521
-8.96038847,8.70385487,10.03948679,19.57248116,5.79452257,10.54033124
9.56640371,9.98646809,-10.96965402,13.19932683,12.53145927,12.30615672
-10.60572697,5.58489878,6.82486623,12.58618423,10.47463397,2.29214846
-11.03570415,-4.21352625,13.92009922,17.44960532,7.72118312,-17.11678498
6.98158785,-7.01898979,-3.7729144,-6.10331142,14.31648449,-15.67439226
-0.33881837,19.191858,-1.19330785,2.65322529,-0.55505042,-2.89854323
9.22188521,-6.95787843,-17.50389121,-19.17306153,10.96264211,2.10300414
-0.40947501,9.86359382,-8.8557028,14.46980202,-6.59122348,-12.03090904
14.71988362,-9.05085735,-14.61907641,3.62901831,14.14855592,-15.57699278
12.11683178,-11.44432693,-3.38043189,-14.18493219,-16.88391302,12.63770161
15.16770787,-19.77544161,-0.21065108,-10.76098168,5.40017588,9.5652596
1.89235339,-3.34061377,2.39253848,0.76634336,13.89994853,3.9386648
-19.06936231,6.86679927,14.87732619,-7.01362103,-18.71492243,13.54029168
-10.44924514,14.83421865,-18.57144052,12.67085697,-17.09850895,19.26765949
1.03041014,-2.54779732,-7.88500421,-14.69662668,-15.23677932,17.91877603
3.40335652,-14.10378443,-1.13966586,-12.03031666,19.0306223,-12.40496161
18.09722053,-9.93206378,-3.41984753,-4.68788861,19.26167821,-10.69096098
-8.61627178,-11.67251869,2.08648573,14.85879562,3.86291535,-14.12055354
7.10780867,-3.98462621,2.47058141,14.97071872,7.00037011,1.05570773
9.14870793,-8.78657134,-10.00236959,17.42646246,-1.81559537,14.4616801
-16.52943404,0.46085415,-4.65649414,-16.18443236,-6.23256098,19.74822538
-6.66086978,-8.2574069,18.24542264,10.65116241,14.41699255,-18.39670705
-1.70645887,15.36972783,-4.02388722,-8.6420653,12.42592194,19.92239867
-4.89646366,-18.33349439,0.18375479,7.73165532,5.46736012,-1.46188916
-11.22465471,-8.61238824,12.52294508,-11.66037098,14.59437537,-16.62144537
12.40781434,3.18109887,-2.38094721,-11.69274345,-9.99187287,14.7785486
-1.72076943e+01,1.77905379e+01,1.07617616e+01,5.24580175e-04,-1.78004422e+01,-1.44295104e+01
-5.65914348,-4.03411827,2.92199212,-18.3398579,19.94227082,19.11157221
-4.18832156,-3.52879266,10.24534359,17.94928374,-2.64596746,-16.05771053
-4.23126535,3.86208275,-7.73083501,16.41691926,-3.2185677,11.0915047
6.91710514,10.65651853,-9.54734114,-12.06440619,-9.50906145,8.32498357
-19.74831427,1.85999295,-1.7522287,1.91053462,4.10561576,5.27062031
-9.84969889,4.71237158,7.10565336,-14.94284441,15.47362278,-18.68012259
-8.82618452,14.6052605,-5.41082883,-11.53265283,-14.98935499,14.69529948
2.86823371,8.69099089,-15.92293746,-17.40098856,-2.56587689,19.57998219
-18.67731191,6.49327431,-7.07917047,-4.88689301,-10.61955232,7.1675047
-1.65582269,8.42390021,-16.20342317,0.8507981,-12.58963009,16.31056478
-12.23352161,-1.58542542,-17.59480795,14.53652114,-18.04996183,14.54921753
-14.28053508,-6.50991514,12.43474198,2.14411855,12.70340419,8.05535512
10.40070445,-8.07678535,7.50680842,-5.74887938,17.79486269,14.86289
-2.94599377,-6.72666686,18.48679408,-5.89228966,8.30929026,-17.04272928
-2.8671447,-11.62684994,8.57456652,11.19659899,8.05216401,0.01304992
-2.57915633,-2.82575855,1.48285279,9.9207791,-17.73104973,-8.58244602
-8.86871652,16.88531622,4.15340961,11.84967751,-9.93224289,0.37303468
4.62022021,-4.35683922,-5.58454293,-13.52884309,-2.96206082,14.12788698
-5.58947419,-9.19889711,15.97752066,14.30796173,19.00691643,-4.01126438
-15.40672454,11.88860051,-12.85526988,16.91589249,-19.54777825,0.03991257
-14.23371637,-9.48960893,18.89274449,6.26058017,16.20451791,7.04831243
-14.55558461,7.57086433,19.61455123,18.41197832,6.77478571,-15.29351566
-18.29089079,10.65999053,-4.33184877,17.03900715,0.34010391,18.22808091
-13.93798801,13.78575491,-15.33599622,17.11316589,-14.1437818,-15.45849878
19.8182497,-11.95685564,18.46353179,11.02225522,13.80694225,11.38154095
10.39734633,-9.68227055,-9.45038192,7.78443186,8.62863932,17.17072585
-4.6085423,-15.39674078,8.86915286,15.6005547,19.24672669,-6.58455568
-1.14323947,-11.71659447,2.25326979,-3.06985337,17.59901584,-14.96741439
11.85061879,-12.7174731,-11.63562167,-18.99551492,18.74235313,-12.57396571
-15.97305383,-3.85424634,13.16496896,10.2978168,9.89202911,-2.43938503
19.11872303,-9.51569344,-13.39010548,-1.7813639,0.47698046,13.90869444
-3.05582928,-18.29215385,11.16475775,12.66891974,13.02829005,17.17207356
-0.48897781,-8.1246463,-9.30860736,-7.80291122,11.06265828,5.93469616
-2.17007857,2.73991884,5.32240097,8.88103678,-0.69688676,-16.66514388
2.73827902,-3.76073689,12.70741318,-14.17282008,-19.83686533,9.97444794
3.01923891,-8.16079174,-3.46302012,-2.34382971,-6.15823948,17.96847679
-2.74575475,-12.99421225,10.81990513,12.91085932,18.33078491,14.34009496
4.93972914,-10.84143666,3.51141027,13.31664184,18.47867424,1.51215063
-10.07669611,4.27295813,-2.79592283,16.72411691,-7.00853998,1.63839448
1.20024655,-0.30831646,-18.16600491,2.03107151,3.81677199,18.71847462
8.00296871,-6.37957972,-0.50861679,11.75083296,6.31834243,-17.31695648
-11.17275112,-17.4220765,12.33161298,18.55525697,-11.12891315,2.4633691
-3.70321936,-15.51810114,17.34175233,10.42605195,1.88940284,-15.57136624
-0.23119085,-1.83298927,-8.7133569,-12.14903195,13.455461,-5.05994895
-2.54459779,17.02289948,-8.24462772,5.27113813,-18.39730058,16.38002723
-2.64303315,0.6306407,12.51649524,6.10012913,18.48275883,14.11934971
-18.57719654,14.96395178,-11.42816803,-10.67793376,-5.39179672,15.46362594
8.6108543,-11.95831124,-4.11183508,10.25667214,17.11259307,9.09215037
-16.88743846,15.59593008,-7.28489284,16.79095212,17.1250226,8.19957877
9.84136943,-11.87502016,-5.78466186,-6.51472353,19.42787178,5.13824416
3.86150244,-5.98772818,-15.90703555,-4.40726588,14.0371752,17.81400549
3.81194663,13.21499127,-6.09135822,6.1129321,-18.68490335,-13.99059232
-14.86154014,-17.08697618,2.80998261,19.62336656,-2.75190083,-12.27287576
10.21336536,-1.93913483,-14.47990138,-2.07162656,8.47471462,15.08358518
6.48000538,7.17249865,-10.37185886,11.69711183,0.39699535,18.47719865
0.86705299,-1.36750671,16.72115605,11.61754523,19.5281074,-12.73300977
-7.22332446,15.99450304,-6.42293901,-10.05650968,13.43110388,12.72945293
2.74531337,-9.17573718,-3.50417953,-19.41199866,-12.81986203,7.58025967
-2.82108764,10.51528759,-4.45250214,13.09376678,4.15834657,9.09379249
-4.4999167,-2.06686883,8.04526604,17.56401745,2.74692043,8.41135327
-13.70079274,9.51196529,7.71268718,15.41255137,18.64673647,12.56819552
-7.84636429,3.14892853,-8.83613607,-10.76517945,-6.76086284,10.72369939
-10.6483384,-2.92513955,17.85004663,15.48418731,-17.65181936,-11.92490229
-9.87573178,17.34364921,4.88637512,-2.21126105,19.93199396,-5.08534704
-2.29300499,3.58981443,17.20003541,10.29051332,4.22200085,0.39554285
19.56286564,10.92735656,-1.4632112,13.75829081,-1.49615132,5.81105432
-1.4498641,-12.23091725,9.55766322,18.2115805,-18.75684246,3.02594813
-8.4613273,-6.95027952,3.50476795,16.31872185,12.15215893,-14.07449086
1.10025235,4.99568747,-12.29567561,18.96101652,1.64210941,19.94185216
-8.0074949,16.34135537,-4.9659132,15.33505154,-18.45433444,-15.25278533
15.48480281,-5.31701967,11.50467164,10.03816805,19.43473734,-2.20517014
-0.70950499,-17.00761868,2.79920952,0.2430035,6.10992749,-12.36358472
-4.32354822,-19.46300446,6.16331239,17.33502528,-0.2836135,10.98491409
-10.47065722,1.72233704,-1.12694661,8.76607184,-5.18284996,17.55833632
-0.81043535,14.34487614,-11.3562825,12.10020827,-0.80421583,17.32880069
14.92755436,-15.3904844,12.92460449,6.92295865,16.23226775,3.48411995
-0.48769772,6.75514025,4.0544627,17.2507054,0.71692573,13.40652115
3.66135683,-15.9302782,-12.24496944,-13.13972534,18.58995066,2.85805361
15.76969797,2.44807539,-11.52499059,-6.89535023,2.20992864,14.15097608
15.29665028,0.33620013,-11.79341921,17.39037728,-0.86221369,16.23171591
-8.48425689,3.19698039,0.37023098,10.27151139,-9.28383564,-5.86886082
-15.72214135,-12.37707096,9.2609495,-18.98842295,12.07637989,-14.23878239
-0.41280755,8.31810353,-14.77260685,9.51387782,-14.85672449,10.46772747
17.17053964,19.79393337,-2.83263742,-17.89157309,-10.27250672,9.56453482
-0.23615763,9.23007237,-9.24394189,0.96179696,-0.81868386,15.49799555
-2.46967102,-13.49012509,14.82963391,16.1296166,-3.33596446,10.22436075
-1.28788726,-10.38159513,3.01023531,-16.25778327,13.21079962,-2.09858785
11.31974911,-6.03022122,5.74535241,10.08462897,-10.60315159,-18.92360142
8.63237392,-2.4251075,-13.59840817,12.68218193,8.35071,-6.11343231
-0.2554819,3.83853836,-6.03307276,15.72912233,7.74565149,-13.93731511
0.39478151,5.04305459,-5.78765431,6.45011069,12.51021698,12.64625958
0.39309412,-1.90310567,-7.58979913,6.28410874,7.87246155,-16.38910178
0.01401421,-12.47029372,-8.55537832,-13.47408299,11.4817613,-6.00687296
-18.57703438,-10.41359806,15.67621632,-8.04231205,13.98455397,18.06259391
-11.96076997,-16.88268381,-0.47602304,13.94421306,-13.67048461,-1.12892059
4.62410531,-14.87218646,9.42810807,3.98718392,-0.61781126,-11.76205266
-11.78305616,18.2715497,7.22434883,18.99547487,-5.09314948,0.95489055
4.39732025,-2.41258278,-1.66046546,0.37928219,-17.91139972,12.38585571
10.08788072,-18.48241402,8.66501636,-11.16320778,-1.66501704,-6.89366376
-7.03958033,-4.99435123,-0.98359393,8.86119354,13.59631485,-17.67955505
-3.17730625,4.33759807,-16.93259081,-19.21106118,-17.42739211,15.06481757
5.09498552,10.20791226,-3.74548298,-3.48861089,-18.81545059,7.87192882
11.32301416,0.56374106,-14.22715402,18.1468007,-14.07965196,2.44115556
-3.97233019,-1.19705842,18.82574916,14.4907791,5.15500571,9.43312919
-4.98951877,6.32349261,-6.31199489,-3.38628957,3.40171142,14.93462209
-16.97988395,19.00956044,-5.52342527,0.62904085,-19.44158721,11.03918381
17.57583934,-6.37636827,-5.39985639,-9.13542973,6.62859218,18.73455737
12.09407219,-5.22686893,-7.01028165,-4.58734116,4.2496042,18.11132845
17.04615958,9.56384311,-3.92827829,18.04775734,9.30287882,19.18531239
4.36123899,-11.56107535,16.36490521,3.53802406,13.29190243,-15.96429348
19.5730683,-1.43201781,-1.71602983,3.42530616,17.96834999,-19.534492
-14.84165326,-13.04668215,4.95253461,15.5462536,14.69284415,-10.42225647
17.43952768,-2.03096229,16.53360694,-2.09433792,16.81653693,-2.26400662
11.43114348,-4.922464,-16.40956119,-1.08031298,6.36412284,18.1670175
4.40654436,-4.80799725,-8.3948314,9.50884128,6.42508292,5.65714017
-9.13372254,14.04778667,-9.87076037,5.48948393,6.44370708,15.89461224
-10.75743473,-1.44490377,17.30236044,19.67896266,-7.7277439,-12.35461495
10.30072072,-13.04167077,10.75653169,17.38093071,5.55223777,-13.88225957
8.32408417,-10.92080378,5.97445466,13.83907444,17.59040588,-10.5663649
-5.88273991,5.74645843,5.64400959,14.82474023,10.40061239,8.15857477
8.99863506,14.13647717,-3.10505525,0.70236294,13.57931269,15.94818726
9.24290083,-14.37350365,17.26469465,4.94013336,4.56029965,-19.20928066
12.56642603,-6.64920641,11.82512811,7.95254085,13.89852201,17.68003065
-17.12738252,1.07270781,1.25714775,-12.83224201,0.55548625,-5.23971046
16.55180808,-16.49611183,10.9630293,-19.60074518,-8.67712746,15.76512574
12.64581766,-5.73465482,-13.94175911,-15.23980186,-9.16458612,18.42176365
9.17397266,2.28903962,-5.94000488,4.57306774,-2.19897243,1.36334687
0.01960577,-10.7756823,12.43854376,2.57803052,12.79436206,0.0651133
0.52938132,10.28406264,-10.25972901,9.76089429,-10.19307651,17.44797874
-4.65388706,-3.68579781,19.92076511,-16.41427777,9.56058869,16.1047116
7.15567114,-9.43416015,4.56810495,-12.81425471,10.3865802,6.43479225
17.71363203,-14.04063594,-12.86312609,-19.03553398,14.85738444,-16.12209751
6.6497787,-1.34957405,-15.63781092,-12.65161537,7.61218904,-16.72268331
6.45489248,-6.46008182,-8.22824495,-13.38257794,9.97720578,-12.9096845
-7.19961232,1.24465662,-1.34956033,-1.53581719,-0.15392487,19.57621413
-16.24187821,9.17808518,-10.37449868,17.41305964,-17.758497,14.38627061
4.17392357,-0.9820548,-16.80194276,0.92177719,9.23709941,9.35660971
4.48701917,-16.51231118,1.72050725,10.47961371,-3.33657864,-6.0155807
-5.05426819,-2.1564389,0.97752837,10.4848868,3.04846224,6.83166471
-1.68219664,12.09814658,-13.48808589,17.47712465,-17.07277057,8.89142632
-4.35872365,12.70164628,5.87527741,19.58076358,9.07455025,-0.1258605
-3.80133457,15.40775,-14.33502139,10.87865044,0.88607727,-1.23434743
4.43792427,1.95629517,-19.9991435,1.52763357,-14.8696216,1.26167082
10.19178156,-16.96489984,-15.55223503,15.20222777,19.48249056,-18.44213174
0.69439833,-10.15291948,-4.04535295,-10.98186684,12.03526168,-11.39920798
-5.74304463,2.93719435,-1.03971499,10.70095567,-3.80181267,14.70316854
17.7105731,-5.78675237,-12.71022527,6.82927191,19.99535142,7.83988339
-0.2582669,-17.87693042,12.61394478,9.36858954,-13.35483866,3.40279032
-4.99549721,-3.5368929,9.93149568,7.77304327,18.84127971,18.80208486
16.38459842,5.9479091,-10.35443175,-13.15433829,-16.77599813,16.65498079
3.72179577,-10.41349159,-12.899708,-18.06399942,8.88364138,16.98882414
-1.05168962,-1.72475981,14.92479879,-19.28761445,13.21803763,0.7616299
-1.6852547,3.42997014,17.82736024,-13.96979889,-17.51665425,16.77877061
19.45554201,-2.3371727,-1.31690832,5.64646302,11.38158019,2.28041784
0.89348254,2.45656644,-15.70780387,13.78513643,-17.13944541,-19.58728331
4.74168905,-3.71183208,-1.75851528,-16.30487482,-0.81691904,8.8367755
6.3671504,-14.36912513,-9.32037156,12.19766807,18.91868717,-7.04763962
-3.41534712,17.95828354,-7.67163427,10.75840501,19.96509183,-8.48440892
-13.37499296,10.70019766,5.17525362,17.65075951,-4.57279584,-3.13888368
-5.73758524,18.42280998,-18.81375738,6.79447786,-2.99313153,5.0729046
-11.61636447,-10.17214968,-0.58257741,16.12480206,-4.66434703,16.05055129
10.31749571,-17.71558694,12.46344533,13.84705462,-19.32304599,-14.37615094
5.16886198,-14.00652395,-3.74284098,10.5078367,16.4394247,19.47358632
-7.26195547,-8.31886181,10.50040041,-14.69559389,14.60544058,0.37900965
-3.77211273,9.87669677,9.85383085,18.28170256,-17.19865429,14.15018175
17.48484606,-15.93628728,-8.05662145,-7.68166723,-5.70057075,8.89978247
8.10448274,-2.87685157,-10.64524827,-3.86167181,13.24238226,-14.46064711
8.86538033,-9.34386173,5.05716466,-5.42885424,15.43314324,15.89165733
-18.32726981,6.98634007,16.17860216,4.90457191,-15.64143396,18.27056501
-5.42879889,9.90263433,6.2634184,2.85250651,13.07613638,-11.73929564
8.6506061,-15.33367869,8.56440359,17.58430746,18.23960028,17.50052427
19.63775358,5.40521822,-12.85833964,3.10797747,-17.47455018,8.64324982
-16.77370732,-3.26972954,8.83387775,-18.0306577,14.51734627,2.4133987
10.95966609,-5.42119679,-10.31911284,-13.00349573,18.31210417,-5.79985757
-7.65551854,2.08084049,-9.47164309,0.49632564,3.99401148,13.07596963
17.67310853,-15.71013876,1.46267292,-18.739108,5.20378936,13.11201173
-8.641969,7.88964164,-3.5732703,-15.79262883,-7.53480498,18.988397
1.81801588,7.12830255,-0.48102976,-5.44011439,2.74742958,1.16259305
7.76410215,5.15016414,-14.91395889,-19.67431223,12.42476188,14.11590576
-2.12305431,16.02631429,18.60747777,2.55838835,11.41667946,-1.86367418
8.66127124,1.94851087,-4.3840798,4.80593923,-17.46125284,8.30365029
-10.28765499,-1.02058833,-14.35605216,12.17325651,0.29660826,-7.76849416
2.30414161,-3.79683723,-19.51026425,-8.62027906,9.09499798,-2.878997
-2.40618983,1.46020494,4.6402412,17.71627424,-0.90413048,11.8123565
16.61718903,11.84031227,-5.04271037,2.48721469,14.2883422,12.03332873
-12.19638218,-16.97322291,7.38901782,13.00605423,18.80601022,10.43396582
-11.15034469,14.22162377,-14.57586888,19.24130136,10.80777582,-4.7723886
-6.41460904,-6.91132391,8.60898925,14.17133394,-18.618296,-16.2615507
-1.91406245,12.12030844,16.60911711,-15.08031345,15.90969843,-18.61555354
-18.34722847,-12.41237492,5.63712692,-4.91644651,11.29181345,-18.3336316
-15.70801742,1.3575275,4.81008976,18.06806849,-2.27095268,-18.86184897
1.90046779,-6.05516124,-0.60909443,-9.08471435,7.95155251,-18.12616683
-10.24617337,-1.58068527,15.70563604,18.15857782,-17.5792254,3.41490519
-5.21997254,-2.5832304,16.35255122,13.56131608,14.26338538,-9.83336491
-12.30897159,-3.07391357,8.59970968,3.4545124,15.3384139,-12.35447848
-10.59451819,6.11128883,-19.96899614,12.09898997,-10.18954543,-6.77323214
2.35588048,-14.69472629,-2.95233396,10.86524058,-19.56069318,7.50391495
-1.70066908,14.02269294,-11.37144156,5.28948291,-18.01114139,1.27907947
9.11698772,-9.61803594,-17.42909857,-8.38099774,17.15935391,-13.37445263
-11.75389618,13.75345323,2.88796515,16.95828253,-11.94950655,-19.30048001
-3.84121533,-17.65226322,17.04657121,18.47195419,-17.21340385,-17.8977418
10.65869222,1.1102083,-2.66433085,16.22452734,-13.80654227,-12.55454045
-4.77353032,4.8676291,-17.91836108,18.45673232,-12.65103454,-17.87551963
-5.01437239,-2.97975841,17.28639435,-11.17973989,18.45875282,-19.52246501
-1.30995268,14.624473,-14.53716983,19.04578644,-1.37657552,-1.25920521
-13.58182533,1.08766455,17.00885874,6.74438264,-4.48710822,15.55222195
9.1175336,-13.53898329,-12.37576027,-12.29024338,11.55870305,17.28260122
16.59977838,-3.65600337,3.07222803,0.7564224,-0.23579772,-6.11926565
5.929965,-5.23261224,-17.1952978,-15.65177456,8.67181623,-11.24855988
-12.59577073,18.79809218,3.84910776,18.38614157,2.12538704,6.70777732
-3.02815715,-8.15909388,0.31318041,12.82416437,19.50357674,-6.60393913
-12.64652063,8.29067362,12.87775377,19.17457937,8.78453106,1.02299907
-13.26786102,-3.85322369,3.01010227,-8.30052669,16.90637782,-9.88870726
16.31974964,0.2857779,-3.0403675,3.56499172,-3.53567192,19.12362066
16.65805625,-16.40926718,10.06072881,-2.94626415,19.54421495,0.1110822
11.67222964,-12.17051706,4.55715151,9.64044621,17.14560483,1.25264002
-4.83890928,16.0927279,-18.72780926,17.98821013,-18.42543029,-13.19134412
8.87270636,-6.30173982,-0.34086176,10.14428007,7.23152525,5.23906035
2.6074245,-14.13195173,-1.61155337,-11.55814998,-9.2779869,2.46724217
-8.70389592,8.64487777,-8.76315325,17.41488892,-3.18602477,-2.62779609
-0.71730224,12.37521461,-14.75764894,4.56512606,-11.17879431,16.72037679
7.47602857,-6.65106261,-11.77635331,-15.22340612,2.84592621,17.58862979
-10.2716181,10.75991209,6.65836487,17.34061135,1.05979243,-0.42784142
14.85068662,15.03730039,-13.21265839,7.61306806,-4.56407229,19.03879413
5.06899996,3.98998202,-0.92220832,17.46024926,15.29078432,15.35722935
-18.85946401,-7.39840792,0.20101287,-0.28241849,16.94328109,-9.71825744
-3.9539223,12.36208774,10.46461761,17.79406367,2.13249588,-11.33393248
-7.89221289,-7.14614847,17.9327399,18.19220063,5.69089477,-13.21728447
-5.06594737,-8.33176274,8.65087607,12.14060945,4.90412618,14.80450917
15.07622593,-5.4599566,-2.8761116,12.29652509,-12.35954962,3.25130249
1.25617534,-5.62609372,-4.59589647,4.97729409,19.62980158,17.65781766
-2.1744553,6.03021358,-4.59793395,7.29031502,15.59690463,3.17273089
-3.75206431,-15.42072579,16.77713337,7.87673443,4.75025979,-6.09205801
-7.22476012,-6.67585228,12.53574555,8.88808483,8.40307905,2.87638814
-6.41650248,13.07595634,19.93709387,8.21137225,13.57541762,2.87277351
-3.5474098,-10.83604317,14.66709912,7.94052954,17.87257363,15.69805415
-12.76970732,-10.60281314,3.58237194,19.5107438,-5.03631258,-8.43076459
12.97784942,-12.62647672,-1.08129637,8.93090547,14.49398199,10.17327251
3.44401359,11.20214512,-15.51620451,1.06225306,-14.8877796,14.38955902
3.17045434,-8.01438215,16.95817773,-18.66807195,4.9669897,-11.36497177
-1.45060594,10.05058324,-3.99238236,9.8482793,-17.34566409,-7.72450457
-4.74703345,4.38781991,-12.0032562,17.05147407,-18.44397212,14.09916537
1.25295454,-5.91694599,-7.37255721,7.63690989,10.49327679,18.54679194
-15.45999693,13.56317659,14.11925678,19.68572361,10.69843666,7.25435666
-11.70886053,14.85887006,-0.93411794,14.9906505,-15.50473755,3.97467182
-6.41899246,-10.14144031,9.18672984,14.20207186,2.10171362,2.35007773
-4.04005104,8.81926189,-6.91355526,-12.07312755,-9.2566521,19.56659734
2.1498148,15.44028152,-5.38579876,0.25940569,-4.23704965,12.00058936
4.46088566,-17.92017656,-4.48185797,-8.08351287,1.32243777,16.85478143
-17.51633987,-5.57523129,11.85292162,17.98199751,13.0869338,19.8136908
-3.64617388,15.89978775,3.52070162,19.80547356,11.3420036,11.91121944
-14.84915013,10.3203914,-7.00976655,-11.49164289,14.67949957,15.51680778
13.40482027,-4.70792752,-18.84067238,-10.66340825,17.25000976,-5.94876575
5.45697895,14.79826448,-13.17056046,-9.41573438,4.62793847,18.38186897
-8.86639074,7.98721419,-7.70695809,-6.70928424,-6.91350348,13.32953835
-10.428152,11.08647312,14.19072035,12.23012804,-16.78068492,19.7097829
5.90628354,-6.12827107,-4.22928368,-13.52366884,-16.95752708,11.99534606
-4.04816758,1.44488239,19.36242011,10.29073098,-17.35336156,-0.7090375
-5.5232456,2.8255829,-1.18500646,5.57415385,-9.52993727,-1.18562176
-4.69866439,8.52098975,13.01964416,5.98028986,-9.36340628,-1.47835156
-13.42246394,6.92503808,-3.87875506,17.1660765,10.06427195,-2.73097106
-9.11646132,-6.22223439,11.02556632,-12.66495791,11.16330057,-15.40690066
-5.79704147,-12.87962985,11.81336949,3.68814033,17.66974948,18.932592
-15.45395097,-3.29027489,13.61317673,-17.1790381,4.1653063,-11.6359281
15.97177234,-12.39734622,-8.23888344,4.41899025,-7.31283473,17.19200214
8.80478947,-2.63428411,-0.81963781,0.42204396,14.01572464,8.05827484
-3.89524194,7.97143942,-17.79442419,16.20185701,-5.47185023,-12.6848276
7.60112316,-8.07883845,0.64276855,14.84997931,8.33439375,19.94406168
18.91470789,-6.33177791,3.24374701,16.53965603,11.95596429,0.36521157
-4.88257849,-5.95455555,4.91785054,12.76101412,17.54161355,5.27892366
12.80525346,-1.26021393,-16.12446432,-19.37010545,7.06798814,3.69283899
-13.55250727,-3.91063592,13.35271271,10.72365939,5.15925738,-18.58941289
-8.31701161,-11.17350321,4.41749536,19.78458554,18.62304102,5.41810417
15.09544697,12.26556745,-8.36162285,6.35414266,11.43974586,9.8322868
17.84839179,9.65098285,-10.48499011,-11.99511311,-11.34925818,13.43953234
-2.04460763,-3.66945622,18.12886173,11.31387252,12.79029478,18.18019055
2.27542435,-8.79266343,-15.516604,14.13100687,12.89785205,11.70269763
8.35191792,-19.59262575,-6.87936621,-3.25320718,1.57032213,12.10872477
-7.57288423,16.68077754,4.81585194,12.81464482,12.43988225,17.2915399
-19.49876999,8.45995998,13.61064573,-5.02290425,-15.59748004,17.20763901
-3.72524827,-18.23836464,2.79419133,8.74702116,19.92848009,19.46995661
17.11309142,-17.87751227,-12.02471324,14.90816516,17.99882675,15.67752301
8.91036368,-8.85472166,18.26039166,0.75447323,15.83347839,17.37470466
-14.06443282,5.19178732,-1.60891179,0.36308494,9.21745619,11.93677898
-4.68299219,17.74463929,-18.82006428,16.4532756,5.63790588,12.82558585
-4.41571193,13.24210156,7.59299501,12.73462356,-7.61206679,-13.19028057
19.13962289,-3.65224513,-1.42742177,-14.29786116,8.29806655,14.65544131
-5.60638879,11.10332438,-4.62948399,0.81407207,5.3042779,14.16044989
-0.48594692,15.20804374,-9.68015557,0.48501025,-11.97124533,17.36700585
-3.07162977,14.0274168,18.46927748,17.79932157,6.18842905,14.69485758
-13.75328837,-4.16327797,11.00726609,-19.61150072,15.5714397,3.57546762
19.79994899,-1.43737274,9.85370678,-17.06019711,16.44335321,14.79475555
-6.76482859,14.09576472,-17.05636107,-12.85001661,-16.5434729,18.19301721
9.09827839,-0.26366609,-10.56160576,-0.01057046,2.26625643,-6.58419581
16.85980138,-7.58370795,-6.75851409,-15.91805432,4.78532915,13.36535703
-2.05336296,2.41323594,4.42448363,-7.50582363,-15.81011909,2.56992888
2.99679756,-11.78628664,9.09888397,-16.43547592,18.48993494,-17.4901869
-2.9987283,14.12910993,-19.71767896,10.76709992,-17.99892775,-4.07320722
-13.83851618,0.56551724,19.72651303,15.59045933,4.53647942,-11.59221093
-2.45706003,15.76195589,16.59849204,6.42744372,-17.52138953,-8.83676856
4.24787015,-3.56849655,13.37147537,1.97993625,3.49676357,-17.968356
5.89114067,-16.46792487,17.05923355,11.06590659,19.90679524,-0.98442629
-1.96483511,-8.14365589,0.24029296,-2.6157263,16.52110219,-15.05720019
-3.70696281,1.61406271,14.59923338,16.96540837,2.79859265,-0.53967121
-13.41638128,5.55430703,-3.18312686,6.18538303,11.29220681,14.16660051
-5.95782467,13.55987549,-8.11066016,-10.27269987,12.33290421,15.85983217
-2.85188387,2.8927182,-5.02134477,16.01278799,-0.19812119,-8.77862574
-7.23088499,-16.35853319,-1.48851013,11.02673032,-8.15611852,-14.92743019
10.26408171,-8.64105165,-0.57172663,6.47393388,4.10563824,7.4459881
10.46690675,4.58428601,-16.81423957,6.52146191,-19.63672195,13.1012973
17.64814628,-19.60387475,14.85212431,11.23959092,6.01086729,-15.83143131
3.56248962,-9.36660679,19.36587415,3.84330693,17.61568236,-4.28054183
-18.85495633,10.23280127,5.17688376,-9.69659607,-16.57408973,13.03354731
18.7944503,10.58452511,-5.68864025,10.47780302,-1.00243415,15.35915144
13.78678215,-16.88427122,-2.17343101,-14.08511046,13.62658522,16.20010246
9.05146937,-10.87571583,-10.38480655,-16.22760529,14.41900321,-15.35007984
-4.83005353,7.060788,-4.52277657,18.46462862,-19.64910381,-2.10834937
-7.09422062,-1.3820549,3.16386856,13.37366917,7.30516223,-6.11198976
10.93235206,-13.50205821,-15.47755885,-6.37760331,15.37573132,12.14634402
-5.35086047,4.6770037,-11.16873981,16.21342527,-16.03902536,6.74979906
-19.912544,-6.80475294,14.77955853,-17.03031712,12.03941241,8.83557154
-4.48328472,19.23280734,-4.59906211,9.2106244,-2.64415553,2.65068355
-11.3300004,-2.22808583,-0.31757813,-8.64268172,17.74851531,-1.77111826
-15.07868617,2.25464454,8.24874118,1.73428673,-8.89560872,-0.23200856
18.72307507,18.55416503,-4.8759414,-11.0256352,0.34530285,18.47843576
10.23833153,-6.71501035,-18.24604549,-11.89139604,6.85167111,-13.91930932
-19.87802235,18.52261394,8.159491,14.9923744,18.06584159,-14.91659372
-6.02694048,-8.90510455,2.37348414,-16.42050273,9.53564118,-8.71984387
-6.59239663,-2.43364846,13.00303907,7.30189085,7.16473972,-5.31319697
16.0694418,-1.1372525,-8.19705618,4.56137206,8.20002153,-0.64911205
-14.29770291,-9.11114941,14.93241861,0.81425671,15.59072363,-4.56148303
-3.95841445,-10.02023288,6.2976481,15.08212371,-15.17432199,-11.62457072
-16.60684179,18.95160413,-5.15633209,11.0885765,-0.20743747,16.91994114
-4.43812624,18.81420205,-12.77357791,13.29492645,15.96640484,-16.13070299
10.7123893,-1.57977572,-14.2691227,-14.53451634,-5.52277084,14.69673438
3.15769269,-16.3586844,-3.88630664,-8.93779535,-2.51211542,14.61031558
-3.53544512,18.39048453,7.14537945,15.00265346,-0.81331228,17.91378701
-0.73438186,10.44563656,8.93680716,4.17314428,4.36630147,8.94195297
-5.04620055,9.36871527,15.27451141,11.06666571,10.63894139,15.9079396
-7.79078808,9.99093857,-6.88757769,18.49027599,-15.59681075,-5.32024102
-18.1304012,-16.35679705,2.69614779,3.78782769,19.35043323,15.78148162
-13.17597073,1.47973547,3.37061726,19.35888698,16.29793502,11.53430276
-6.46914243,-14.2543651,6.30859659,17.26859061,-6.14957992,-18.80329772
-0.21149449,16.21273197,9.20257743,3.74893171,8.38872947,6.11301318
6.4726697,-15.50186862,17.8769019,-4.0108285,16.35295323,-4.4440285
-6.03923727,7.09592872,-6.42494354,9.99663977,5.15598715,19.46033664
-19.23646858,-0.53626415,-10.59566115,18.55176705,-11.61937722,-13.02200184
-17.64775397,17.9314467,-2.55352891,12.97531255,-11.85488082,17.08467079
1.55567362,0.41786974,-18.97984554,8.05096262,-14.26801673,8.83626509
-5.18647926,16.12740107,-19.07502765,5.89481251,-7.55448065,-4.02626052
-6.57072741,1.82076031,-14.17237834,9.44826772,0.99001376,-14.02077223
4.18929606,-8.85140991,-4.86451888,10.25994098,14.18904338,3.77725387
19.28581683,-18.55711411,-1.94536191,-17.34763988,19.40186869,14.8163726
18.39444227,-11.25015468,8.26359482,-0.85079195,-17.66961125,-14.95145976
9.95318737,-18.34929935,-16.49221284,3.35495657,0.56817293,19.24108788
-12.02408742,0.72890207,-0.47557439,14.72814533,-1.34929585,-19.52177766
-0.05799291,-10.40472634,-4.98149949,-19.04183937,-9.56026512,7.88637784
16.70588702,6.25503454,-4.81431164,-16.35158329,1.22513041,10.5714694
-13.85473616,11.14399073,-6.23796492,10.12381156,-1.47426386,8.63280255
13.59697568,-14.25208769,-6.67025684,19.88229359,13.1510177,8.10088256
3.55142119,8.37113931,-3.28626256,-4.45983568,6.64243616,19.28951892
19.25270094,-6.63494337,16.14458955,12.48563687,9.04350091,9.75942053
-1.85492792,5.72287247,-18.54316793,2.62827888,-18.92536327,1.33519665
-15.86002776,-1.58939218,-8.1168608,0.01799385,12.8045124,13.23063398
-15.28458617,3.95134308,13.70599188,-6.51053152,7.357417,-18.90145242
-3.87098478,19.64333533,-13.8572581,12.8435816,-8.81468738,-2.79485291
4.00368736,11.45864832,-18.0276799,13.94355588,-12.41826562,-3.88225813
-1.481749,11.89374514,-16.03756897,-9.74914095,-12.99628935,18.74532597
-3.70547162,3.46351858,-5.17436665,-5.16527233,-5.8945392,11.9651508
-11.4745319,1.30336984,-10.32502808,1.19895036,-9.67972425,17.90481547
9.82542746,-14.02587515,8.99529248,-9.84597923,4.79402151,-18.81249723
18.20231082,-3.69525936,13.10003093,-17.13156261,19.92500737,-3.70057491
14.62633244,-3.53224634,-17.71883115,-17.08775471,16.42837969,-19.48875354
-12.04756838,-9.01811372,2.54965222,-7.74871141,14.4589206,9.07817158
1.93212081,3.46274893,-1.58244627,5.76530082,-14.18078866,-15.11867722
1.87900472,2.99987637,-1.58029893,8.20137876,-0.08004174,4.80955833
14.46152265,-2.37524456,-7.90470697,12.01601258,18.74483082,0.12252351
6.03258353,-14.50134461,-10.67046569,-16.83862063,9.73562618,11.35667263
-1.69171955,-10.88929068,6.9391043,2.34363241,-0.94930477,-17.05932403
-4.78808672,10.02002245,-12.97719449,15.90940271,-16.5037258,4.42326448
-0.85219199,1.72578499,-9.69270908,10.83190591,-19.18244677,18.58754982
-16.43919361,10.49210133,-0.37980136,-18.55765018,-11.5429419,2.35155422
4.86171694,-3.55421227,-5.12677392,13.64698526,4.72019342,10.13099539
-16.55708844,6.71364002,-4.70142426,18.56703281,-12.3053969,-6.74309211
14.27941539,-17.87655892,-7.255523,2.07880718,6.81140961,13.78715638
-11.33677978,9.46721841,-7.52988706,14.95196694,-13.62588489,11.35150415
-1.42600601,5.2083291,-7.44017858,12.64458711,10.59729834,9.83603196
6.67635245,-12.73479794,4.50948856,-19.2825468,2.60302618,9.91906354
10.50597889,-2.02986471,-15.97482037,-14.5084939,2.16802201,-9.53231487
-18.83287874,15.27461605,13.09611517,19.1786645,-2.83504921,-15.62388456
-17.87017799,18.04952205,-9.33346452,18.18617357,-19.11926522,-0.25265256
9.67881195,-9.66577743,-2.26669167,4.30455687,-11.20062223,6.91070644
-2.46173564,-10.46281949,11.9728186,19.59594253,16.57519169,0.43972368
-3.52247654,-9.06810311,18.11667391,10.22039792,16.45303645,-14.98378836
-13.65474484,5.92974152,-6.49928778,7.20423388,11.57674945,13.92782503
-12.45729424,17.63984967,14.17783231,18.88535424,17.15149809,-13.47968607
-14.97169281,9.15208363,-3.57386158,-12.92571931,-11.3607854,19.09761068
16.02375814,-6.72849489,15.07276257,-18.42567912,17.29395116,-5.01390157
11.28175497,-3.59020429,-17.13802449,12.42265277,10.55467962,-5.41283103
4.47893317,-7.6342574,-6.77246024,5.19745226,6.32775445,12.77124539
-4.80151225,13.76765591,-11.60321571,-13.74882908,-15.97294355,15.43993417
-13.29963058,9.37699407,-2.72058609,4.99944616,13.27083811,17.43484514
-3.98635145,-0.08915404,-16.20424952,8.54383678,-18.29148449,-12.839921
-9.87141387,-10.68325755,12.08271821,-11.69697226,17.29565825,-19.71678588
-11.2805854,-7.59485171,3.6644462,-17.6810531,18.37412954,7.81674348
-11.84219493,6.26916658,-12.49204464,-13.30891653,17.99421442,15.84534783
-11.49975791,13.77558886,-14.09262629,17.29025077,-13.02315299,0.46836824
4.88704886,-0.32976284,-10.62540929,-19.83156261,10.34344321,-2.89225921
13.6338817,-6.04882452,-3.27259051,1.86346682,16.37446588,-3.69382835
-0.54360474,19.3309674,-4.34700002,1.86695836,17.24772884,3.66451376
2.25921138,-3.76959082,-13.27292481,-10.67025391,5.18755586,-11.64346103
-7.24237317,-17.2442182,15.16064672,15.69784454,14.79288749,19.71168585
-9.28814583,11.74707413,-3.94471538,11.43447774,-3.33845963,8.23022423
-7.90796998,9.58770951,-18.65740596,12.43549413,-6.87631192,0.80677077
2.02098148,-12.78115553,17.24900864,10.01775502,17.45262061,15.13226842
-14.24647956,10.34699562,0.60060461,-15.20797668,-11.5701803,15.41533635
17.58864337,-6.74596368,-4.21686534,2.71553456,9.07431527,5.62218927
-2.00468186,-17.72477222,7.8663079,9.82049711,10.39491534,-19.63153662
-5.14475106,10.55153433,-0.45138508,6.71052692,2.76468693,3.50596406
10.61946925,19.68716161,-5.62841989,0.59838821,14.69428388,15.4352901
-9.44486768,9.39962541,-19.11876625,17.81922621,-14.22079574,7.87687462
-3.87469618,-8.96890384,4.6116171,18.73571603,16.49331968,-2.54683533
-16.01109904,16.56453415,6.57321203,19.31224746,-3.84355371,-0.91669891
2.65184703,-10.20767881,15.92870316,-18.48206271,15.0660323,0.19713584
7.95476819,-4.88691861,10.54968374,-10.2451333,15.10764646,4.55215361
-1.94618244,18.91346669,-8.71430079,14.96682913,9.0840426,-4.12969339
-16.18120538,8.8983054,-14.14689201,16.73383089,14.56481644,-15.87601795
-6.83875986,12.37726301,-8.03103382,17.31299508,-19.32595281,10.37602588
-12.47211131,19.0409084,6.97227937,13.03505025,-0.06248803,1.36355803
4.43713947,-9.49246902,2.02384696,8.30422046,-0.0601216,-4.42767004
-19.45615182,-0.52003354,-2.99667783,10.17887228,-9.20981212,3.96953901
17.44976307,-1.36065976,11.70765445,-16.47095758,14.8774849,-14.62186244
13.28412765,-4.0479478,-12.27592405,-15.53929129,-15.95283416,15.79210228
-8.76873169,-14.90799861,-0.46129341,5.43369445,17.2455743,-14.74755638
5.66639018,-12.70953552,18.69183643,-16.24856604,11.78287325,-1.5234133
6.46225767,-16.29584318,19.26558648,9.09117533,18.65040538,-16.0946284
-5.7384481,4.73454676,-13.66087234,7.27172275,-19.98942331,14.12409317
-2.70767408,-9.50005759,0.17234797,9.67181129,-17.55615183,-9.03101546
17.89661596,5.83133817,-3.21662467,1.89414759,1.18522901,13.94004733
-4.39739632,-2.33915453,7.99091496,5.73090874,-12.76303371,10.08327634
-1.24390711,-12.24033305,-9.61709765,-16.33668881,-15.11136168,12.71673333
-14.59661922,0.07933985,16.61966772,14.57205002,13.41074695,-10.51041133
7.62517946,-18.87462897,-11.98057641,-15.24564025,17.6962932,18.47287867
-17.42590379,-3.63667759,9.93023489,14.6994628,7.35119099,11.24029249
11.43182156,-4.6088116,2.86569166,0.959355,18.61540845,-11.27869935
4.95607493,-12.26808197,16.48636948,-12.75369174,9.83179312,-9.55385225
14.08282659,2.48744723,-15.52485097,-8.87888545,-17.07498254,16.49227228
-11.34503706,16.72209896,3.05748909,13.53414077,-12.33917411,6.26404893
-2.32579761,-19.38695409,7.32251913,2.34849473,-15.09986066,-19.48264457
-7.31465118,13.59392641,-7.22651283,5.29972442,-7.30349235,17.14993039
-0.52520311,2.56547312,-16.01587915,17.8250833,12.00003707,11.97987271
-0.67848395,-11.41768704,4.02277306,11.59467826,17.81767519,-19.57638764
-8.49767873,-5.64967522,10.27045843,9.75329616,19.21833071,-2.30182786
16.19201137,-4.65279518,-4.59336941,-18.1261135,6.13612381,-8.05665991
6.3871513,-14.84510494,-13.65155449,-13.72377214,7.1988541,16.78203327
-6.36713726,-10.34159502,18.60537907,2.98777221,19.22087867,-17.0787074
-7.95365823,9.02388512,-5.15849368,9.74980895,14.52818552,-11.60441865
-3.45657689,14.65568541,4.73990884,11.57478899,-15.61636909,18.78679197
-16.8387625,0.63414444,-18.0332102,16.21298206,10.99503935,-10.23201327
10.01621622,-8.82904757,-4.59111392,4.59080428,11.2286069,-13.43556284
8.41368288,8.60950876,-3.95099287,-6.24215395,-12.91443655,17.30052146
-1.93743977,-13.80549127,1.67257925,-6.02706735,15.9961474,-1.12164513
-1.23799708,-8.91712549,15.93037624,3.74266961,-2.33927047,-17.07335604
-11.37680172,6.14455137,-4.85079897,15.12877528,-11.66423289,17.52285906
-2.614235,14.41058026,-12.17656069,-3.79549809,-10.27805811,19.63399553
6.00101472,-8.9411618,-7.37294106,-15.27116492,18.07611419,-9.91993766
-6.33197634,-11.33121802,17.10682433,9.86178192,-10.87513669,9.87608506
17.79786349,10.46728025,-3.62822091,-3.40244874,-8.54021765,10.66242416
13.01111002,18.11289157,-6.07333176,2.13986998,-10.94539508,15.32310773
8.33734414,1.82345295,-11.41025244,-6.80068959,-14.56526067,18.80060892
10.36267491,-3.32645966,9.81251654,-8.6182629,17.37905506,15.59932635
-11.71111205,-19.00870548,11.83220673,14.0351196,17.44245519,7.22147358
-12.30978165,-18.63971292,14.9968412,17.34567759,-5.65817989,-15.82745975
-7.87307471,10.3922866,14.87235741,15.49028666,15.94369252,-15.73148575
-1.591754,7.01726604,13.96864387,-6.01365037,11.94946777,-19.46160484
16.60105119,-17.14536923,-4.56431214,2.68070576,14.11490164,16.61897485
8.79846921,-3.97990735,13.72988908,-8.63656478,6.6080253,-13.18702141
-19.77108714,4.71987302,-14.66000375,3.79879313,-11.89243966,14.64142964
10.27087438,2.82271574,-12.48245811,-17.83961939,12.40817614,-8.03861423
-6.26095961,7.21325253,8.65579338,19.76323524,-15.26247562,-8.23962671
18.70695938,17.91964898,-11.08915667,-8.17011142,-1.79104309,14.59134179
17.50533305,-8.37724557,-12.3216254,-10.91424798,10.89066013,11.0322687
14.92992098,-6.03758468,12.65189198,-1.02507835,13.10324558,8.76424542
3.16894986,-13.26879344,13.02079618,-2.9107619,17.29851475,2.33096245
-8.22986645,11.54338582,3.01310259,-7.62309328,15.41838123,-10.43922817
-3.84935502,5.94203826,4.92296552,16.03176827,-12.98659485,16.23839863
8.37624232,12.91347939,-1.49648757,-0.96716393,12.61219196,11.46434553
-9.57306402,-15.2903926,10.48016084,11.28589888,-19.00103509,11.43576006
-8.40684609,2.47078162,6.36711918,17.98428847,7.45079804,12.63302671
-14.36866632,3.8312304,-18.75833014,19.34371728,-16.4225453,13.75984463
9.80163369,-4.00294501,9.45718046,-11.8259263,13.77133987,8.58602887
-10.25911261,2.97368579,8.46042056,-10.91668583,-19.38028023,14.66699162
-8.78867401,15.70627424,-3.62578291,9.64076082,19.73131726,11.00818637
19.351491,9.14299301,-17.48795251,-13.48074905,-10.29672175,9.82570253
-10.25557952,13.65789636,7.76296968,-7.63357442,-15.97731451,12.13736406
13.10929413,-9.68298788,-10.11653715,-16.04105646,18.39120797,11.35795393
17.31879816,-13.37362171,-5.92343402,3.09164991,-19.85120625,15.99871349
-2.29367888,-14.81915074,5.51843446,12.00320598,-5.81457696,-13.70496868
9.59307887,-2.09081517,-11.9294419,-11.04544949,19.39055243,7.76709141
-7.20761021,0.05099868,13.28494483,19.36282247,13.5037896,-18.8831666
10.67447642,-17.83876955,-5.88362792,-13.48875748,-16.02714195,12.64120072
-6.27936776,13.38370686,8.34722248,-4.07736429,1.78469517,-13.67262108
18.28158174,-10.12677602,2.66606139,-19.26763819,-2.40011216,-0.99988414
3.58333283,-6.0534501,1.53194455,19.06768012,16.7527183,13.10665719
-5.77167789,14.96387109,-12.28975415,6.57370212,12.97144007,-19.79111852
13.42774528,2.84460423,-11.99763227,17.85105686,17.99302018,12.63776763
-16.14231923,13.17403111,-9.01039424,18.55920484,3.72162267,9.13222147
7.40841644,-8.94583009,11.40631774,0.05878813,12.20847935,1.16383994
1.32157363,5.98841978,-6.41358251,5.1792789,-16.00540642,16.99554027
-6.92534745,-4.22667486,17.91538657,2.91842351,8.4894762,-16.77255986
-4.22093854,3.66976929,19.57954671,14.54896061,18.36892775,18.68718164
-15.88204251,-14.0406704,12.8551746,-3.74976753,15.7360747,-11.97352942
8.92280167,-2.03189722,-6.67960094,-1.89823094,0.45416092,7.3832956
-6.98435781,2.09573167,-3.28007406,-10.24097484,-5.04607765,3.3394573
12.74178963,-10.15418579,-9.88100115,-19.97339523,-18.9592775,13.54490382
7.93052474,1.5169294,-1.10872146,-18.43759366,-16.30754197,11.86545496
8.9387324,-13.3478612,-4.7096334,-8.94638551,-17.02274219,10.63608476
-6.09011979,18.47731178,-14.1230193,14.74202903,-19.02325902,13.31789085
-10.57844062,-1.7805151,8.75787897,10.31395628,-9.83355807,-11.11058792
17.93630135,-14.42841379,-12.78250271,16.18563752,19.21653644,17.9326194
9.64152558,-8.88085949,-10.1072945,4.7420726,12.04063839,15.04026815
-4.69204377,-14.49442727,14.07308438,12.34987251,-11.63731621,-4.55211673
3.78222387,-1.73828166,1.91845558,15.43284082,-3.49577918,-14.93985363
-12.50338126,16.4751843,-14.78488779,15.51710724,9.12231608,-14.47273959
10.33492089,18.39721474,-4.60304884,-19.25715698,19.72228669,12.26766716
10.02590784,11.66625274,-15.74134871,-18.12213726,10.28564479,16.68369521
-10.21351922,16.25624902,10.61615673,10.90073369,4.85025085,-18.92607138
-18.62019169,1.25181853,8.8244692,-14.2885718,4.30157695,-17.05800927
9.68899891,-14.14280469,-8.65649535,-11.34699571,1.79871468,19.31195181
-6.03760373e+00,1.12676924e+01,1.91498521e+01,7.77645629e+00,-1.90145284e+01,1.05830135e-02
14.94965278,-3.47553375,-0.36240706,1.01576197,8.30113008,11.11255797
5.07153441,4.91243724,-8.24874592,10.8269628,-16.67352512,16.13394445
-14.36551412,5.35743907,9.18011464,16.0603149,10.95112382,0.50524788
-13.25051462,16.38999743,-10.74630313,-10.63317639,-15.28035624,19.62507002
-3.834572,13.87970399,8.8234464,14.53306376,2.07013627,19.45968564
6.58778765,-5.90696515,-15.37084846,-18.99319788,-13.50686965,16.36468361
-8.90836579,6.14926805,-12.20559113,-16.66675243,9.74492261,15.45267824
1.25683703,-9.0712324,-9.22691112,-3.46150859,12.19667673,-19.43362406
-17.98928192,-2.50840383,-0.6489354,3.79925421,9.34434236,8.94383888
-19.33419004,-6.40667063,5.36612559,15.43493481,7.4615312,-14.08519764
-19.01792142,-10.94650545,10.16341921,1.8773389,16.80191543,-4.43141478
-11.27515496,14.0421484,-5.37618785,16.79953188,18.93817967,-2.46551531
-6.79251181,2.4610033,-6.83884206,13.94513334,-13.65136191,-13.75849388
-4.45039151,7.33475505,-18.22264123,15.51998601,7.79544834,12.85803251
17.67576349,-5.07677564,10.4401074,-8.48991644,6.16098839,-14.32661607
-3.99977141,10.07996598,6.09960122,11.81095588,4.10566156,18.81309138
-3.72730451,19.60937847,-3.01780078,-7.41389725,-9.72210197,10.03681092
13.76314183,-13.24869319,14.74144586,17.96172624,16.01510026,-11.79206655
10.40551644,-11.18611469,-2.62575411,6.21940609,7.65041655,16.70698537
10.19086855,-5.28412029,-2.4033341,2.71780441,-11.14170497,15.86828808
-3.91787295,-1.81897303,7.57159973,5.94926768,16.03479334,13.48818299
4.22297323,-13.27234204,-6.48703182,-5.55118577,19.3227764,-7.26508945
-13.52823734,7.26097415,5.47937805,3.99212113,-14.50371219,3.7073952
-1.12302291,-2.81992873,10.35504263,7.88315606,-6.69737261,19.86534777
4.51728526,-5.38880238,-13.0650553,11.10231209,8.89306834,5.37008008
-18.92013315,3.80392738,-7.00150864,11.67198875,10.59782602,13.72261903
0.30002611,-0.4656482,2.60718646,10.83526661,14.47365484,16.57261883
-0.2197399,-18.36440897,-8.10840378,-17.78239387,-18.73890525,14.95612628
0.10060204,-18.75588441,0.53853075,-12.91245223,19.66987389,16.04808492
-4.70492107,19.45751453,12.56375182,5.15150918,-19.17411779,19.29034657
-19.94217249,-12.41259361,8.0730815,2.78400281,18.61338862,-17.16296217
11.71419713,-17.72430822,-12.2861164,3.3974144,-9.78047518,11.98680505
10.4637551,-18.41310986,13.92785354,-11.38887821,-10.67707345,7.0616051
-6.96331788,2.83158211,-13.02329852,15.00216067,1.54461799,0.45329974
3.62736216,-1.21095599,-7.32262196,-8.72203038,10.08495189,19.81369312
1.4609828,10.47888739,-7.73440393,2.5498897,-15.01121378,15.29456974
15.00813888,6.82038411,-7.08088097,8.49286106,-3.28065904,11.28546673
-11.09800612,6.40041205,-3.30930058,12.4602641,14.71803824,8.18570938
19.74162935,-16.5086918,-4.58336426,11.07322881,2.45803434,14.75624471
-7.04550572,-16.26203541,6.80250285,12.81879448,3.91577177,19.77906691
-11.77199418,5.20613177,2.97611881,13.71990226,-13.76338114,0.4883834
-6.28370611,-10.25646394,17.21611089,13.71718402,12.19055465,-16.57977191
-14.90750866,7.51056912,-17.63573447,-18.37619099,-6.04111228,17.86666734
15.22780394,-17.9565365,-8.84768569,0.27350721,-7.09800625,10.26930616
-10.06647598,9.76929529,3.1081358,12.6021701,-17.12174173,10.37151764
-14.63745635,-15.46426422,8.16783483,-18.18944084,15.8755624,13.29841453
-15.79619563,-7.1650114,7.84608381,16.45711049,9.01258602,2.58809484
-2.51557782,-3.39635882,11.98669037,8.67275317,-1.1860448,-10.81356674
-13.55740961,0.77522069,-18.14917293,15.18190651,19.0014733,17.81723226
13.5565463,-6.67302844,-11.0501132,7.10265693,17.9436038,16.03251291
-5.65052691,-17.07065037,0.29510418,-12.31501018,19.89885538,-0.31840062
12.41003098,-1.89359115,-19.88618791,6.11156295,9.77581872,17.0685405
-13.88589826,-9.11153247,-0.171981,-5.13790081,16.94463576,-4.72989393
-8.03959901,-17.35258475,0.30809032,11.88405358,9.73415968,-14.36765249
-3.56450377,10.34021624,-11.55714387,11.64110982,-0.4565229,16.6190483
4.93077452,-4.53110153,-16.84445081,-10.60177942,19.30984008,-1.56791139
-15.99380742,15.53860393,-8.18815237,11.90766969,17.03250307,15.57395738
-2.31837208,-11.03230151,9.87878648,18.66745399,-10.79507713,-19.38512944
-3.05783487,18.94548509,19.40357586,16.41681623,-16.46342415,2.44782584
10.10807189,-3.28665702,-8.55198151,18.66030758,19.42233391,-4.9653396
2.21113858,-17.75208796,-1.12153814,-13.57329848,-17.75352531,4.57545374
6.84077739,-3.83914261,6.95578333,8.7298591,6.8730814,-6.63694741
9.59106713,-8.03642873,4.94369588,-19.08133006,10.1375615,-16.47434054
-5.19059212,1.86059626,-8.05535225,-18.67091886,-5.66669019,19.58920219
-1.43704018,-16.89589037,3.53929981,-7.25565144,19.96649737,-7.01955614
-3.83424889,14.25023548,14.51571418,14.32059745,-11.41216449,-4.35895463
-2.68394343,16.71612807,-9.90799475,-2.22424438,7.0326733,14.08055759
-7.39926271,-3.85638226,3.90660016,12.35280048,1.06025675,-14.41499244
-7.08423655,-6.36922609,4.7068092,2.97913809,18.17227613,-11.70867865
-3.53649443,-7.42173755,3.90322379,7.3352236,-5.44271144,14.13670113
1.56915839,1.41069593,-11.80376219,-2.62464096,15.69434369,-2.6169754
-3.72522023,-6.27936556,11.92107665,4.05442555,9.32083701,3.00037757
-1.5722133,5.58543057,0.28884257,12.55434927,2.45308327,13.94799852
-5.26789938,16.17952577,-11.2478197,8.85028308,-16.28499819,10.51384173
13.23001666,-9.05441732,2.00686016,0.09630088,8.76772502,-10.77521326
-6.43288466,9.70986408,-17.0609458,17.12098897,14.79796593,-15.8381943
8.65909316,-11.23644085,-9.80212941,-17.06596275,-1.19565486,18.07825987
-7.76537581,6.69831157,-7.7891285,0.73405837,18.64616897,17.98511906
-8.24391683,-7.03410652,8.30800994,16.75219382,7.09732897,1.9613306
-4.93901897,18.84636351,-13.42945183,16.6767817,-14.81216018,17.49359787
-17.8154781,7.71063769,17.31182378,2.3493715,-14.89073119,7.24733773
-1.88485271,6.13148789,11.46516839,13.17992769,16.89043715,13.80080793
-6.11175252,9.82468818,-8.74691544,19.6363483,19.75251768,11.8201742
5.15864558,10.7710056,-6.94242874,-11.80865415,-1.39081477,11.29999905
-1.0783687,-3.69785435,-8.00826392,-1.80844081,5.4820143,8.5760575
-3.10841007,5.5994235,-7.14510095,9.42691058,2.45953002,13.90887759
3.36556108e-03,-1.09272637e+01,-9.27377097e+00,1.93694465e+01,1.14580900e+01,1.59838238e+01
-5.56997134,-5.93275371,17.94865414,6.66948482,3.46383743,7.85546104
-2.78197281,7.28680039,-1.96799467,18.29069355,-2.11175345,12.82439771
1.90741355,-19.29065437,12.97853525,3.66913046,19.83770709,7.0432146
-12.20061345,1.59643138,9.51233775,-8.24921945,-11.75356953,17.2027743
6.64261785,-0.44340707,17.19537897,9.6082323,7.77057317,7.35212673
-10.39276945,-6.59951389,9.28179435,5.76544381,8.42651888,-6.80492021
-8.67649574,10.31863276,-3.71069552,-12.7467545,-15.08135786,17.36418889
-15.05756088,-12.1351061,12.88827314,19.13017237,13.79378305,4.21521674
-6.31872457,10.86353185,6.17768827,10.3433813,2.21033752,11.08116698
13.89826577,-9.57368625,-4.0737948,16.27659874,-5.73439533,16.01811575
0.22534531,-16.07901227,11.36014454,-18.33206391,-6.77255401,8.11060271
-6.30259961,-4.74481833,15.23713664,-18.12124455,15.27619187,1.25718793
-19.9215879,0.07260693,-14.22883688,-18.56875294,-7.41841954,16.92195766
7.94255961,-13.01482431,7.07748342,15.68703547,14.33120433,5.04131306
-9.39305481,-5.61416997,13.23567868,8.28093523,13.04758064,5.30797219
7.41988111,-7.50940554,14.28307535,-6.98616479,15.97096343,-12.40901936
-1.8160323,18.27304127,16.43412324,18.8707548,-16.21931922,2.85055373
-16.36199226,10.82558866,-0.17718285,19.84634425,15.53937797,6.46726375
-8.75773647,17.73801593,-10.48588632,18.42571807,15.38162821,-18.9859577
9.22129705,1.54696939,-3.25248641,19.75491017,-7.44821838,16.32290944
11.42105946,-3.02451386,-16.08210158,-9.87113474,3.06670936,-14.58185769
-2.04526848,10.77743995,-12.23599519,10.04597832,-14.61771611,-11.69160376
5.63224266,-18.69040338,-16.67881086,2.15166692,19.62359502,-10.28923441
-11.05143069,13.51028175,-6.85225032,16.22208295,7.33446699,10.03637326
10.6125375,-2.31677846,6.20692048,2.21218786,14.36645084,15.94224639
3.21432498,-0.63664763,-15.70301874,-6.72704464,-10.14447566,19.46985584
-18.95456739,3.46511759,-0.91572846,-6.02184962,-8.83847133,14.2575363
10.37792561,-5.13255059,-17.15698381,4.6453219,17.77251364,-14.33724526
-13.66540363,8.19409958,11.56786216,17.0621232,13.86177398,-0.74113739
10.03538888,-5.46223898,-11.02681765,-3.97761411,18.82156184,-18.71306333
1.34844495e-02,7.41555209e+00,-5.31958555e+00,8.37083894e+00,-1.35221415e+01,-5.13645245e+00
10.14839487,-11.56317941,-1.55528327,6.75814283,-11.98686944,17.62250074
-5.72625606,-0.29128106,-5.40343675,16.3276602,18.28812455,-13.1594207
-18.36708963,11.08974416,-5.51243104,-1.69292498,-1.73615426,5.49229937
-6.76975864,-19.18054634,8.49499768,17.25979712,-15.30895959,3.8909076
-16.26529167,-5.83742783,15.48789005,8.6004599,18.81254225,-6.28625676
1.31748631e+00,-3.42523509e+00,4.24378874e-03,1.39746808e+00,1.74741674e+01,-8.64241734e+00
-10.19627709,15.98764146,-16.81827122,17.27236249,5.7987159,-8.99090343
10.42260258,8.00246861,-4.53094749,16.80638312,2.40760516,8.41560834
-3.58455417,11.36119908,-3.28992699,-12.52765343,2.34643033,5.68987908
-0.8127079,2.87179173,-10.7160236,10.74446975,18.29464902,7.48871403
3.53987012,12.03163939,-2.60680652,-13.41716198,15.26147446,11.100913
5.19951254,-14.90213246,-8.27248261,-17.31543523,-15.02945275,12.22149986
-5.03453233,4.0326186,14.12811215,5.94579937,-15.35956894,-2.86834682
-6.76102615,-8.39223746,5.97151448,-2.94409499,18.14794974,-18.36355635
-10.05753776,-8.8903742,-0.529126,-17.51686675,10.1245123,-2.99253807
2.80464661,-13.74379476,-7.31345496,-14.532835,3.8870258,8.37590171
2.8968473,16.56798223,-17.85601935,-10.96177679,12.43743212,18.33744788
-8.65774752,-4.41715827,18.87070105,3.38592882,19.42315891,19.33641931
-1.05855551,-6.96842108,3.20928298,18.31228568,0.17277868,14.37840353
-6.20688882,15.25639226,8.52901753,13.8346652,-16.78994923,0.55218261
7.36667395,-14.28603433,8.77476168,-15.72961715,-1.05854351,11.45944402
-16.66636398,-11.66934537,17.52624737,17.42163768,-12.27695101,-18.61583606
6.75949995,-7.79815366,-5.63596979,13.06145998,15.61233618,-2.91813481
-9.4079613,5.28118004,-2.99171925,15.25138521,18.22304381,9.38885033
4.01634912,-6.66969706,-3.86244752,-8.72356401,16.66264434,3.82865431
-16.51856591,-5.08135975,11.02275049,-16.69537401,7.40183271,-0.28597782
-9.53882457,-19.21058143,0.6583061,11.55257198,-6.06894754,-18.14135778
9.91606131,-18.42236108,-3.31885419,4.44061367,2.4309183,3.15783026
19.35462636,5.31317343,-6.1485478,-5.41400145,-15.14349466,6.48859458
-13.89639604,-0.09515736,15.45520656,18.85239995,-7.49861848,12.67760051
-5.59944328,9.89510316,9.80010242,4.42686891,6.83879093,-19.45216604
19.36746663,-16.46381897,-9.78794934,2.80952374,8.08838022,14.17120145
15.43940991,0.83158015,-5.31331983,-17.75013287,-9.02928733,6.10904342
16.35982969,-13.38355998,-9.92487769,-16.14670925,10.53864187,15.83997536
5.57754419,-1.20490392,11.9316672,-1.79128691,-1.33782833,-17.80368356
-3.86799657,-14.65600874,12.13704558,17.16345305,-11.44616226,-18.29342917
-1.90496349,-12.76998651,-5.86433163,-12.23715138,12.87671241,-13.48206251
8.15976859,-11.73878657,-5.60960343,-19.84038814,16.56004384,12.33775665
2.57322614,-16.76125225,-6.31512114,-9.11260599,-10.17476128,6.5726787
-14.58521104,2.95561929,13.30445799,12.49116712,-14.40104552,-1.50917827
8.94965499,10.95869259,-13.81783574,-19.73924414,5.27748899,-12.97243178
-5.38903897,2.95672407,-3.88907101,3.69043855,18.40780522,19.71711136
-5.74935522,4.52674037,13.96922396,8.03637622,0.83125269,4.62063714
-4.74816489,-1.19739576,-5.71812829,19.71781866,-16.612397,10.30720955
-12.58001735,-9.2776681,8.6350358,16.90055189,17.82930787,14.76391396
7.73724328,-6.87655472,-16.62691564,5.10804393,18.92275919,-1.33099755
-1.25405985,-11.96405488,-13.18063166,-19.17261826,0.94017867,18.01305269
10.28967025,10.2090152,-2.73575254,11.63661519,12.00881451,9.30553392
3.90028848,-2.86366369,3.12891112,-19.72073168,10.42005618,-18.61123472
17.67327728,-8.9983603,-8.96951091,-10.82600252,11.72722927,-2.8193946
-5.858136,-2.15367696,7.05116189,-19.47091837,12.1608358,9.26384151
-12.38480781,-14.89142909,11.64647816,15.90544371,2.63692131,18.12370619
-0.82231896,2.40042897,4.85761906,18.50107307,4.38392624,5.93046245
-3.46909832,-13.57251477,15.86454039,9.69339707,12.98874065,-17.38394678
6.47399475,-6.00618799,12.68671171,9.19198455,16.44412327,11.15625555
1.81206832,-8.04310709,7.98409455,-17.44110279,14.67775918,1.46248482
-14.52564809,-4.35439046,-0.04754037,-6.57254277,6.30474839,-18.01320961
-3.99205659,0.64579222,-10.32141968,-8.74232461,-5.00750164,10.0112281
-6.75101847,-13.42339916,6.98834784,11.95302872,-6.69830367,10.3789102
-0.95812323,-5.39558447,1.17524996,2.96878937,-17.54859215,-10.06439004
-1.27314407,-16.01036045,-9.13733385,-17.70505826,-12.14178104,17.9686569
14.38164057,-12.04593414,-8.06031825,11.56413761,2.64845561,18.91997261
-0.77575249,1.67177506,-8.3179129,6.55227201,-0.82141049,14.63699128
2.98770561,-3.21460466,-14.4409615,-4.70716648,-16.92715484,17.71874857
-10.19631835,9.55383807,13.28154836,16.32326358,-13.7075009,-14.59030659
-3.77965231,15.00593256,-8.22313255,-0.85307719,17.50309295,11.9495245
-19.64856948,7.18171114,-2.9120256,17.24822926,-9.53306416,17.85446069
11.61726778,8.44920799,-6.08482468,-12.22478977,2.49005669,7.84000457
16.95898019,6.78557176,-0.51157006,-4.27138439,-10.71017096,9.02436344
-3.33769509,8.76695559,-1.31977881,10.51815936,-11.48933555,-8.5670976
-13.11870015,-2.88867328,14.94730362,14.47016897,15.65094922,-8.55344271
7.54338763,-13.18537043,-5.03070224,-0.27645539,6.24852512,13.86906739
8.10782561,-8.2504569,9.53887474,-3.42532282,18.85238424,-17.16486045
8.20481912,-3.86804332,-14.92559331,-19.32735899,-6.12679901,16.77270298
-5.85475714,6.38374608,-15.67333791,18.92507724,-4.70389259,6.55646161
16.28626599,-4.9985525,3.76280787,-1.17074374,16.57372383,11.43640286
-11.55884104,-17.34405199,17.52746558,13.54723334,-14.09906503,-9.30019197
2.82559224,-4.72615108,-10.17088151,0.23876197,5.05760633,8.15084186
-15.71689828,-8.493917,17.5803937,16.03958697,15.04582657,-9.42803107
-14.47809313,17.16566246,-10.51724474,-9.10130932,-18.96038606,13.59186147
10.85623682,-1.46934335,-8.81482972,7.68161671,-10.80825809,12.74790889
-10.12503466,-5.94181279,16.16480883,-15.83898984,7.59483537,13.29487369
-17.47352708,5.97738265,14.91445979,16.17098027,-4.09364874,-15.99591437
-3.16277888,12.94165511,-8.06005025,-3.33452755,-17.50632566,11.907183
3.09216207,6.39791728,-13.84351602,16.496604,-16.32275472,-12.23080133
-7.49524144,16.01356383,12.81573324,10.83785993,-6.23011642,-15.44464627
10.50828567,-11.39185373,10.4155931,-5.65648681,15.16196798,-9.44728807
9.95567558,-4.78172696,-6.55610558,-1.73571218,12.08198901,-19.82553823
-5.8206925,11.47116252,-13.61636942,8.71794153,3.62707806,-11.5070629
12.05419648,13.99431986,-18.45216918,-15.59419667,11.75306741,8.30033001
-18.36594115,-18.92701016,13.03412945,19.60220294,-17.97715158,8.60392053
19.92697972,-1.47134898,-5.89949078,18.51255746,5.36692431,15.08786267
-6.32741359,-16.77321525,15.64543099,17.38279873,19.53858451,-10.51526784
-5.65256288,19.74451775,-9.19078401,15.67706331,10.75751332,19.45008392
-1.52029167,14.04656,-3.61484799,-2.00872068,-15.53298846,9.55533024
-10.70253669,10.29246104,0.04651928,17.95371118,3.21295103,16.130573
8.4839741,17.04558398,-5.30563924,-1.32845074,-0.81195375,12.40672577
15.439202,-4.29898641,-0.13448865,-6.06256458,17.40892466,-17.06439516
-9.52885816,0.23056758,-6.75821786,13.97730484,5.62480894,-10.69845008
8.04271267,-6.97229057,-9.90486743,0.90324348,-4.34174454,17.6725278
6.65929996,-4.91949092,3.70621108,-11.88821788,16.27004225,-16.66853517
-7.81777893,-16.41783147,3.90493801,2.8814342,18.50465407,-6.5242918
12.78120449,18.44631822,-3.50340152,-7.20796699,-11.64761189,10.32460671
5.97441298,-13.74005075,17.06669197,-1.55220391,16.66008887,-17.82552344
-17.33655489,-13.05522794,0.76787084,18.63588919,-9.6336619,-18.05000402
-2.81758455,3.89930635,17.53318354,12.17521125,6.01323658,12.0812189
-13.93712262,5.81617293,-12.38659983,19.48348107,13.21826483,-3.92612281
-13.08675569,-9.00908866,2.12954111,5.30936566,15.94174199,-10.73007611
-3.65497129,-11.27242194,7.39997276,2.46001449,15.56410195,-7.96470696
13.60311496,5.65524578,-2.97963895,-7.91163353,-7.1695004,5.89839044
-13.02211156,-10.65729389,8.43574568,-5.81696332,15.40913564,-8.99802949
-12.21309824,-7.23382908,17.75934749,14.50033844,5.54941518,-14.2400494
13.45655289,15.65807237,-0.98293819,-12.15990644,3.75141759,12.50156297
16.56150362,-14.23291079,-2.19692642,-6.31093845,-16.74918567,10.61330282
-16.32959869,2.65211113,10.26090491,19.82748955,3.93509598,-11.29005253
1.37529804,19.61275605,-3.36877262,4.60384859,-9.86851279,14.32528465
-16.81415738,-18.77772067,3.8410482,18.59548509,-4.51240759,-3.26410146
-4.19452781,-15.2234474,2.74601613,7.13070893,-12.63378864,11.52534941
4.04929234,-11.48093825,-6.14997694,-8.27324899,-9.98422559,7.04722515
-10.14108088,-10.46595466,4.75631714,13.21202197,1.07157793,-9.34420569
14.72866416,-6.99764243,11.225556,-10.85048653,12.31658747,2.35105354
11.21657376,-10.82943953,13.03824652,1.90840782,12.23093274,-19.58787916
7.11628689,-4.05202885,-9.10301761,8.79330883,-19.77975431,10.88325053
15.71584576,-10.38084015,3.00981002,8.91206202,18.69914531,6.81859708
-14.2583936,-2.63504016,2.86672993,-5.70794616,19.98141433,13.49225527
-4.75147814,-11.74305439,0.18618336,15.02932356,-8.83627467,-2.69313003
6.3012711,0.77327699,-5.40311744,10.71801932,-11.42769132,-15.63789751
-14.60333786,3.60188906,-11.33454759,-1.22059125,-17.21369231,16.22536669
9.81174207,-18.37510695,-1.53293665,2.81100975,-17.62271907,11.22252731
-7.62995684,9.93448533,-11.05854092,7.101602,8.42460879,11.22910145
-12.48595875,19.23865933,2.71987573,13.95719278,6.90333127,-15.12393512
-11.08591361,3.50182485,1.15427402,-18.524905,-13.38809164,18.02633613
-7.78765566,6.67299058,-11.79310394,17.3980999,9.65110417,-4.48440261
-9.00355487,17.3669228,3.82054749,9.90999749,-14.67960503,-2.49252183
-8.42242161,-15.0853766,14.49800329,15.44274985,-12.49109015,-12.04219713
18.97518281,-6.88112857,3.14678347,-7.75507166,15.86065111,2.53065736
-6.66465733,-7.32603438,7.59239123,-5.00555689,5.64382415,-19.35475155
12.35280234,-5.59406948,-16.65134336,-18.74104396,9.23999432,1.62725489
19.1061267,-11.75081007,-17.53554433,15.12308191,19.16190585,16.51440613
-2.65596195,9.73024895,-2.56400337,12.84812964,-18.23206749,-9.48025567
-6.46017329,17.78813092,-10.30045117,-12.89669025,-18.50824976,14.73287733
16.26600202,-16.71835421,-3.65212209,-13.02312163,11.07459407,17.18761276
7.04801374,7.34268476,-0.74544335,1.99129271,8.76774431,4.93913382
17.54937446,-1.49494191,-1.72236806,7.4896154,10.47347472,5.31590015
-3.19464226,-8.38205208,-0.07919781,11.73051475,18.0950815,-5.31117854
4.73076311,-8.77522878,16.81543559,3.45049039,10.6062215,14.08763491
-16.33077993,7.56410512,-4.28944231,17.86746067,12.00331337,10.94736247
-5.12353131,-7.24351491,6.21374145,13.01044442,-19.35312238,-6.30551927
-12.19488684,13.8256152,-10.93740198,-14.67163907,1.46052279,16.14539943
-1.61965398,6.77111677,-17.17625238,-4.34631129,-7.46768788,19.91891435
-8.52411465,19.41333296,14.42402851,13.67670073,-8.59165611,-1.36755408
10.78031191,-1.88651923,-18.0803978,8.07899503,14.77583792,-12.32178297
-13.13082901,5.46659399,-8.89178579,2.3210673,11.60317815,16.71088105
-6.27763511,10.08700652,-6.02700376,6.27342521,-8.60164621,13.26035641
-12.04482505,10.63931891,-9.10606381,19.1781671,1.2895185,8.69290944
11.92175783,7.779485,-3.52831882,-4.66286477,-0.54228004,14.81312238
11.51370306,-16.26134927,-10.60746908,3.6484046,4.42746037,13.27220651
18.34965315,9.95724758,-15.06927523,15.90449153,-11.66857774,17.53165969
-3.70607655,-3.02709472,9.00367948,-3.79272967,18.17639471,12.41979303
2.02176263,-3.46151801,14.8524155,-9.33926023,10.64360794,-0.10213639
-4.29852502,-11.39934862,9.40964059,5.21420738,4.31522089,3.38909558
-6.92141589,-2.01719323,-1.11511335,-1.56369865,6.12454968,-0.82931949
-3.68307183,-4.15597752,3.0202945,12.56492935,-5.411325,-19.74045634
-6.03064726,-7.16788621,13.72264339,12.08052934,18.08806723,17.70686773
13.6973749,-8.56270188,10.86589513,-16.54723857,13.09076101,-16.05627616
-3.83164714,-8.5854278,4.36057171,8.26722214,12.08590219,18.17863528
-3.9597284,12.19518413,4.33248748,-15.63263699,-16.71773299,17.65448766
-0.02466415,16.49361725,-5.00808888,0.33787298,-15.03805854,8.46529268
-1.08727413,12.49722127,-10.26263275,16.08288354,7.01764229,14.72367638
-3.11693749,-8.73628851,10.79471618,7.3313769,14.60806546,-9.13084512
19.88453248,-11.45994129,-8.46417144,-3.85947701,14.68672414,-1.09210912
11.06208191,-4.27507408,13.40298463,-11.57812613,10.84286713,-12.00062015
-7.9907377,2.22935856,-13.25804431,19.29004867,-11.60901392,-0.67457434
-6.65782367,19.87735552,10.27989322,10.36812927,19.42421067,6.44658923
10.41808228,19.87196969,-10.31736117,12.01559897,18.20590022,19.44698037
6.21075904,-15.27372153,-5.80900163,-11.58778019,2.43073418,8.61594264
-3.09407953,10.17789777,-7.31988099,-16.12300829,-4.54503661,11.84720884
-3.77014857,0.87435339,-10.92063693,7.66953147,11.77262188,18.22266881
-6.42327589,-4.37728505,11.43184671,15.44051161,9.04266751,-15.16923275
-10.07492079,3.78220932,-9.00188972,16.11357699,16.02925689,-8.13246421
2.39369816,-2.63586974,-0.36995117,2.08871324,11.81898596,2.12925019
-13.54728466,5.08207524,-5.51571379,19.8388686,1.02835334,-9.42785239
16.39029774,-1.92488985,-3.89124441,15.22476306,13.26933674,-13.07674987
18.22502241,-11.67729156,-7.76683113,12.96710545,17.97293026,1.93118745
1.31386306,-17.30167608,8.26179452,16.9390017,14.23016384,-9.42641598
2.24270878,13.41881787,-4.11607293,-10.35686474,15.94451498,11.38262183
-12.17446467,2.01895173,-1.16236425,16.92946592,-16.00874536,6.03895058
-7.44403666,11.97120895,-10.31074636,-15.46088788,-16.94236006,12.49079717
-5.52758743,17.49623182,17.25778878,17.98360662,-18.58857777,-7.82724535
-4.52166466,-19.96889476,16.28518561,18.15646003,3.00444705,17.26229505
-6.57812842,9.63054976,6.14250415,6.82387886,-16.42523109,6.85459494
13.60090674,-0.05775029,-0.67890403,-12.46204762,11.44183051,4.63864857
-1.32397996,-15.3228343,12.76561133,5.27621717,18.27875054,11.63357312
17.81784922,8.18614614,-2.8610705,-5.31217769,2.88804772,14.98871306
-2.99173521,8.34034075,11.49514736,13.43016456,1.4808815,19.9699924
-0.93270741,-7.64907317,-7.8631857,16.41823623,-17.55020409,10.2679334
-0.01619869,11.92702556,-3.37809589,3.59589599,15.31852903,-0.0615458
2.99385915,19.04377691,-4.44566015,-12.99793242,-9.23304854,12.38001146
2.10864574,-2.46842424,-5.53699089,-14.07632428,2.09707791,2.77998235
3.88307702,15.77458065,-9.96313083,13.55485695,-17.96334859,17.80597452
-15.49513762,6.77665672,-14.89617654,-9.19219231,15.85977839,16.32614464
-8.5480601,15.16720978,-16.89164752,14.86296939,-9.89844337,-0.22555318
-8.44703553,7.84561565,18.53198097,19.05698176,3.23102725,18.53167431
-5.13180057,-11.42167817,6.70196773,9.00310582,-10.69224419,-19.60143837
10.57978267,-19.99910252,-10.86609796,-12.98630573,-5.02736909,13.65780325
15.6070811,5.67499168,-1.77045735,-19.95912152,-11.4470232,6.99919306
7.65796749,-2.91215875,1.04989145,-2.91925847,12.02919994,5.16011974
7.64338699,7.0680484,-1.31665035,-8.6093506,1.48423516,11.64918704
-3.1008227,-9.44615803,16.79665936,16.75286966,17.68427393,8.11396441
-0.76667453,18.1942149,-18.91239295,2.4290034,-5.50767047,-8.97787825
5.58899427,-10.08581992,-16.35396289,-7.64480166,15.0812181,-13.9150879
-1.26852443,12.01980433,-11.09466878,6.19413356,-3.36211037,13.17671599
-8.85215936,15.87955285,10.16839652,9.82559964,-18.24678835,2.7049497
-15.68589231,12.30873682,-19.52528119,15.52265329,-13.78094437,-7.7025547
-9.95929234,-15.28896407,6.14727187,10.21375216,-2.39613611,-14.72716528
-18.18603456,-3.99090447,7.95592189,-1.2379194,8.95592965,3.69524012
14.56509314,7.60591599,-2.46017519,15.84888939,13.2863184,12.32648297
15.86417691,-10.96448921,13.45330978,4.95056843,12.87007834,-13.04970146
9.58962147,-14.63405898,-11.19385262,17.35739151,3.49062247,18.84309534
13.28268078,-11.15571434,-14.96547281,-4.05394772,19.90254859,-15.36314735
-9.31673085,5.26482716,-5.75240743,19.84392741,-19.88962666,-0.8668478
2.56841942,0.16913145,-5.3716166,-2.45179046,8.48503748,11.25623342
-1.37592624e+01,-8.18140339e+00,1.51641253e-03,-1.04936147e+01,1.33236780e+01,1.94974637e+01
-11.850986,-1.67088348,14.48086062,15.61035375,5.32319257,-8.90399485
18.18030548,-2.1686274,-5.05033896,19.77837307,-2.56898153,7.70470283
-9.84311658,14.62412726,-6.39972555,13.15677428,-19.46694912,-19.61787319
-3.78059412,10.44725157,-3.18164885,15.47093967,3.91016846,4.52787579
-14.55562139,6.30037959,-7.47880053,-18.27625718,-18.4891968,10.19022381
4.22939878,3.03481862,-2.34123102,18.41664818,2.81586188,9.99154273
-4.29516109,6.1270966,17.01566149,12.61110248,7.22908555,12.83768599
-10.61356022,-14.48898763,5.87393987,6.54892906,17.19492502,-11.93998722
-16.45012694,-1.8928099,7.06362429,4.79441088,9.46712933,-12.69752636
11.28535232,-8.72393069,-10.02738491,17.86786269,10.55967275,11.17650703
-19.98829463,4.80054735,-0.51518529,12.18215501,-9.88497171,4.41086971
15.80781236,-17.5136412,-6.39736894,-19.78364061,4.43798797,9.95623036
13.98254673,-11.48135509,16.76354769,-0.6475702,13.12971241,12.62272495
16.39959055,-3.91090264,14.6908896,0.11321705,18.53160391,12.1589836
3.29034501,2.05360297,-14.72287135,10.13877166,-18.95015115,6.88782674
2.73145073,-12.99383942,-7.49914111,-11.07566525,7.53333746,11.15384844
0.20887962,5.63769936,0.12072775,18.79217587,-11.02611627,7.4427676
-4.96115731,4.27506905,-7.03807482,11.5516722,3.36806728,-19.45256419
17.26739885,9.57080554,-11.02669671,2.5828522,-9.82818773,16.39532086
-9.66568482,8.16089473,1.58089256,-3.94227286,-0.35387932,-2.60890599
14.30360882,-14.64750757,-4.24975099,-5.58180235,-13.63239931,16.5616455
-17.3833419,0.41342868,19.4706337,19.95952855,12.43381876,6.76548531
15.41913764,7.97492189,-9.32428831,14.0965568,8.87088099,16.16856741
3.28396247,15.96879676,-0.72621802,-16.16247843,-15.85058264,10.07105299
-9.93107675,16.64773307,-4.3752465,13.58878838,-17.62231521,-1.74129635
-2.74267248,12.44629591,-15.20276393,14.47589944,16.20229364,-8.6902633
-8.98325331,12.96398293,4.61746421,8.4922615,-19.87868373,-18.32649277
1.92574736,3.4731222,-2.49060437,11.24579638,16.35018436,15.88559257
-2.66868218,-6.26212204,0.73601532,-2.39466349,5.68703325,-6.79844985
-1.29576059,-12.87392268,3.36781001,14.49387916,0.60346958,-3.19230926
15.96645056,-11.87969608,-2.82974411,17.53807338,18.11242411,4.65711285
-3.80605346,-3.13170566,14.48186594,-15.77882434,8.92842688,7.31250122
19.31036121,-13.20736855,16.68332147,-13.0333058,19.76598083,-10.47354331
4.20922285,-16.52191263,-1.19173539,18.19825891,8.90544201,12.79843385
-17.07874288,15.22265507,10.76552346,13.01412508,-19.66850639,-7.46437914
16.70349843,-10.98992235,15.01681878,1.48846277,15.91469713,-19.00476157
-7.38535676,-0.26148915,2.02429449,11.30403725,18.7802897,14.59274878
8.24701784,-7.64630525,1.07089122,17.2392759,7.70808382,-16.38133392
6.80677443,-2.39119673,-2.95403433,-18.72146615,2.39686887,5.82992936
-0.19215476,11.90199427,-19.55169109,13.66872219,-17.41701202,12.14562385
12.14753693,-1.96389225,-12.50725272,12.381028,4.78383745,-2.24594424
10.92468768,-14.78117336,-18.90231094,-19.34494609,18.18146929,-3.69223751
4.86663579,-17.67744638,3.67992799,-19.11866723,10.96182933,12.64211641
-4.48075834,3.30253731,14.10767459,5.4856246,15.45169849,-17.14983677
-16.4055368,-2.08826238,12.74011171,6.22847898,10.66883267,14.41469058
-9.5732003,17.63996413,0.02164538,11.9838561,18.2813932,-19.84865784
5.70310121,-9.75558638,-17.09589894,5.3289227,18.89851872,-9.00243233
-7.63437334,18.90583938,-9.93895551,12.88364663,15.30732282,-19.05603522
8.14220014,16.87207786,-2.82328485,-6.00711482,-16.80393024,11.61193227
-1.52419152,19.70116965,-2.38172667,13.71877145,17.60602664,1.45542333
0.78639217,-18.34255269,-5.51329492,-18.7282684,18.6409944,2.47792881
5.75232239,11.47846345,-1.92482894,10.42027008,7.44519917,12.16200601
-2.41410666,-10.3251427,6.28422978,-5.92941901,16.56052644,-19.4922143
-7.96941255,11.07651203,11.39937714,-16.58361431,-16.5704564,5.48113194
-15.44247781,-4.60937333,4.61738145,-7.7251798,19.18903362,-11.50464308
-19.97422324,5.44260938,-3.80700151,12.11818573,-4.09081043,19.84614777
14.0918118,-1.27492571,-6.75678037,-16.26699708,10.125091,13.20803956
-7.56061985,-0.38411101,5.08792586,4.8542338,15.5305617,3.81094104
5.97677546,-17.4458337,1.74711023,-6.71170766,-5.26332912,9.8657181
-2.58888636,7.29213399,-10.22376647,7.24137419,11.65147188,18.58225306
-7.16040893,-7.95921534,1.47635905,9.10479954,16.02723378,-7.77518906
-10.88194735,3.76844631,-0.8422943,7.89703522,-16.02497365,4.98796923
-8.19757461,4.50162213,3.9390401,-14.62871259,14.58552287,-9.47360738
-18.6768128,12.25157081,-0.37998674,-10.16882304,-18.37633222,2.25227622
-15.15306722,6.53580473,-5.44874629,-0.41260222,16.46800836,14.37807884
-4.00239367,19.26524936,14.74051447,17.67169617,17.69708253,15.65649184
-1.83080341,7.50156886,2.89987399,3.40855991,-18.92341593,8.94034526
3.7939669,-7.61372039,13.40862434,-17.63988685,4.02729221,11.71999317
9.72725613,4.27843738,-2.89565539,-0.73801052,16.80681994,4.04983522
15.53019562,1.01450614,-1.32237391,17.01026153,-16.99728855,12.34666985
1.00272932,7.7798166,-15.46128703,10.48566526,-14.20866783,5.66604127
8.58925784,-8.94117738,-12.04678751,5.86455605,14.46018709,19.2311273
-15.66435815,-9.80819287,6.41494589,17.06396407,-3.30249223,12.53428592
5.40412232,-18.83075157,5.05950211,-6.24082165,-11.23763839,-1.04596629
19.0638286,-15.25052867,-19.83767908,6.41752846,17.80528833,6.93515877
-15.17145768,13.09642569,5.24289655,19.300687,-17.23266006,-14.68530606
-14.17704765,3.74631025,-17.99438087,19.89961034,-4.03346227,18.94130594
1.38630491,-10.37433848,-14.0799282,8.45608604,14.52860596,-12.48738943
12.38076333,-12.06542003,-7.14180088,14.60078018,5.46956891,7.82051283
16.89155424,9.77868478,-11.10243075,9.97110349,-7.64985417,17.1881269
3.75372442,16.14456184,-3.60554936,11.89981409,12.34245373,7.37130851
4.28484549,-3.2189835,11.15932175,11.37598729,6.07144804,-15.89772872
-17.49612934,-0.87778274,2.76355614,8.01463982,3.18268463,-12.60656421
2.39816192,-13.90151211,0.47106393,-8.93972183,16.40514438,-1.4640783
-3.73336765,5.00242567,0.65487546,10.28916968,-16.51251729,-10.11091684
-3.18563772,-18.91749401,1.33017947,10.98536277,-2.64530414,-10.39744498
-8.53222381,2.2301572,-3.37151757,9.63566657,1.12534597,-17.32484698
-3.2146067,4.16983569,4.26280923,13.78688529,3.30515397,-17.16222593
-2.60622362,-10.90326952,-0.5713155,-12.74648012,13.06943939,-9.96998652
-8.54429722,-4.30551903,10.08612867,-0.78362723,13.50421896,-18.23775937
2.43133564,-15.892421,-13.63950628,11.46463923,9.75618222,13.60560365
-6.47900739,1.77318298,-16.62178836,12.70384049,-12.08554818,-19.5670031
-17.94330707,-0.88121561,5.12254141,14.5043219,18.57969339,-15.81009665
-11.73845819,8.4401075,-4.45167488,-4.41871696,-7.82099673,12.6481721
-19.19925976,-5.33366547,6.24657131,-3.31439649,9.85465966,-9.83659268
0.87011252,-3.81824012,-2.96932167,-18.3839127,3.99299192,-2.70708349
-11.74640133,-5.77795634,1.86986694,15.58602112,15.61800972,-9.79399906
-12.38927241,-6.80841423,7.98711688,11.70346045,-1.55167821,19.48020765
18.64809182,13.54668584,-17.06304082,4.15033308,-2.71310601,18.72010818
-11.20347282,1.99190201,0.95425073,-4.64615353,10.61221947,-12.11508962
-16.06978114,9.76686381,-15.60055203,18.01521347,-12.0041408,-3.76934858
6.1539671,5.29405786,-0.32864823,-7.62281094,8.9874674,-17.17007169
-14.27030744,1.85220233,14.03941971,18.57027903,16.5544834,12.62118522
-2.73490875,-0.53496489,-7.32280233,3.016935,-10.88112155,-13.54015479
-8.13623225,1.0881641,-19.3090777,12.2596407,-16.24693169,-19.87396653
-11.99850547,-0.32450363,-12.88342521,1.31169823,-1.06013501,19.72223705
6.89738641,-3.13955314,-6.11702662,-0.70081858,6.79724257,16.39090762
18.1426221,-0.56131305,-1.60551972,-4.44658821,18.44988137,-18.28702294
-14.57360408,19.45346444,-2.88210897,-9.86241787,-3.4474324,4.87446969
1.53215611,11.1913377,-1.10817563,10.47074357,4.24289077,11.31961116
-12.03821209,-9.57481943,-1.19645781,10.93013819,-2.78392694,-16.86038636
-12.23057801,19.4999952,-0.69344156,15.91543203,15.45608581,2.66854203
0.81253761,-7.98354334,-5.20272798,10.18186846,13.62370738,-9.36155587
1.06824339,-5.02093032,12.37545765,15.91841834,-16.02196145,-14.77732501
-3.44175148,2.97699373,-3.3878459,15.96027606,-17.06017564,14.41289262
-2.8540189,10.22625698,17.07922932,19.08187847,6.18596168,6.79255158
-6.29562455,15.63069905,-19.39788319,8.25937035,8.28547986,-6.36567665
4.61911328,-19.12976703,-19.9790778,-7.42722157,18.71368373,5.88001593
-10.08795297,14.91830562,-2.37186024,10.21626239,5.54514572,11.26543614
-2.07892316,17.61901305,-19.0020721,17.4755318,7.9213217,14.49486397
1.72280791,-3.04827109,1.89420685,-16.49458534,9.61284525,-14.13408405
-5.04607304,5.68417537,-17.51581995,10.19126918,-8.13793102,4.29707655
-10.00682895,11.85635504,2.14771435,1.44615324,-15.24830328,15.91073006
-3.09680556,-2.55500886,9.19533447,5.57980639,-13.59808616,3.75101405
-2.50036007,11.66150197,-7.42430453,2.48025757,-18.91264092,-4.30781105
-13.12506079,17.01419055,1.93927741,16.77095633,16.30640715,17.3413192
16.18729749,-10.71182336,-8.63717977,16.82670617,-10.67955475,13.63300093
-8.1556617,-3.71736557,11.30299648,10.30005417,4.55715564,-16.55634794
-11.77495193,-11.02247403,15.90881755,17.54449555,13.01596104,6.68851043
-15.93373787,19.92279733,-7.46612134,18.63235064,18.06834437,6.08569595
-5.37294113,0.83704683,-17.87675957,9.82145842,-19.66169725,3.33184082
-3.73984956,-9.18896008,11.91368594,9.50407538,-12.55864222,-0.59272073
-15.42461738,-8.48812857,1.15001778,-16.01641579,8.02040756,-9.04868692
11.84553191,-10.91020184,4.2777674,16.34331702,17.72566428,3.03634354
-3.42088349,17.81742365,13.92550761,7.84183465,-3.33528473,2.17195007
5.23223947,-2.44324365,-1.86488967,-12.45095454,18.60728922,-1.77577705
0.97713074,-8.25398079,-9.60587327,-19.38505583,3.01450987,9.58291186
2.61463649,4.03773376,-8.6026597,-4.71342171,1.97184739,18.01846322
-6.73080787,-9.17637603,2.74340508,9.74339586,13.77038092,12.52380358
-2.75403547,-9.32314299,8.6377072,10.43628897,-3.61905588,-11.75381737
2.49111869,-9.24359719,-6.67574062,19.41201365,-9.49878386,9.55744058
-5.05642557,1.61546177,4.60710976,19.33264356,-10.73565118,-7.48962735
-13.67048552,9.94979395,18.14501498,13.22269614,-12.81086969,10.6172165
8.20098621,18.33957128,-4.73153863,-9.62578005,19.97588088,-9.43078357
-1.65711582,-2.88279603,1.53815546,-6.31556588,2.6559791,-13.21138276
-17.67904749,-3.44956905,4.76649292,-16.43088725,19.77046799,5.30685452
-1.33026661,17.43515108,-4.24322243,-19.96602384,-10.41405545,8.60496304
2.62839859,6.3094212,-13.07184632,16.18818142,12.76089478,18.95150456
4.67358247,-7.20555841,-17.30549474,-17.29491554,8.36384311,-18.994346
19.44116246,16.30528287,0.07806821,-5.95642372,-2.31961253,18.03641829
-10.04405108,-17.84084613,11.21279061,17.21135131,10.29668824,-6.33566472
1.54448602,-3.31580097,-14.71780629,-7.54771745,1.94306026,-16.30903908
-1.84597676,0.25388656,16.86423393,11.62097849,8.35878697,-12.07031212
16.89669305,-7.17582482,1.37347204,7.28130544,7.6922566,0.98792487
-7.59793327,9.01766002,13.75922832,17.43462332,12.00986733,16.03790816
-6.29941095,1.93869524,-16.35268612,14.66402535,4.02174693,18.4783085
14.48531746,-10.12792902,-5.01750016,5.01377824,14.17086347,-5.79523381
10.55447982,-3.22796291,9.47587169,-12.74450765,19.73580512,-8.81588936
-2.59289998,-0.36533215,8.31250849,12.18027789,18.15510432,-17.33336577
-6.8971808,-4.27120706,13.36948046,10.71360609,9.19702552,6.02945598
15.97600323,18.32105188,-13.76432795,16.37776963,8.04248804,14.34710452
-17.02771145,-6.13124147,18.16780124,-8.31529566,16.83175579,-8.89427433
-11.12911558,3.98909839,-15.16169861,16.77943592,19.13636161,17.23913618
8.42544835,-5.47217872,-18.99971098,-11.32555732,7.35546674,-12.49510517
14.92824357,18.89043283,-4.10140008,-10.99903435,-18.78551013,14.37565652
1.96747319,-8.95193521,-5.34078545,-6.50386692,-0.16543437,14.36906034
0.62446249,-15.59856752,-1.60149106,3.51530996,5.33198919,11.59878992
-13.26454134,8.57657021,-2.28603101,-7.54003938,18.38977548,16.70502278
0.81999515,-8.34277755,8.23974265,11.39430143,8.2372946,-6.36321435
10.93977163,-6.66305433,-3.57946047,-14.85302574,14.6301664,-7.02094644
-13.743779,17.55905964,-3.955962,-0.286332,2.48592779,19.81327815
8.1085957,-1.88952541,-16.94894356,18.30945829,7.40012536,14.46876555
8.33561257,-3.71146077,-3.61159603,-15.3694266,-14.01882782,19.92908771
-9.82176257,13.62851585,1.54625823,1.40542853,17.30236763,-6.73917021
-3.35163066,15.61725395,-6.0188657,-19.42973973,-6.35863704,16.93517907
17.2073014,6.37934261,-11.14407483,7.76186271,-7.34540126,15.19049693
-14.7476561,-5.6208674,2.79364088,-17.39271088,10.31883288,-9.03120824
-2.00639459,15.21219993,-4.53764393,10.69629757,15.85602106,18.84300666
5.60797993,-4.3823389,-8.18616117,1.04359834,5.72217744,19.1765059
-3.40661349,10.41853988,11.83137573,13.8682995,5.74770761,-6.11164576
17.23900313,-5.27036946,-5.58135228,-12.17155873,3.94610325,18.34505233
-14.21866915,-9.57480858,2.74226726,5.37634743,17.85253696,-14.95768511
14.66548172,-1.27138581,-1.5869726,-18.79547969,-2.29755598,5.32983272
13.88478964,-11.00183191,-0.72622097,-17.12939843,2.71873852,10.21294135
18.58002717,-1.60317042,12.2112409,4.36065609,8.48373421,8.89853058
2.56859397,-12.51697185,-4.96256836,17.26703388,-17.97757942,14.64618329
-4.67753179,-0.07839446,7.9257531,18.25786063,17.37691943,-18.89387983
2.91617462,-7.25955266,7.3802172,-11.29780283,9.56891134,-16.96898753
-6.68195582,18.56214522,-7.34641175,17.32738887,1.76442282,17.05148942
-18.75177982,-9.88954512,0.69167302,0.99630803,18.00316858,-6.21970879
-5.87950965,-4.84670775,19.2262798,-11.66040199,16.62834494,-0.6931656
6.16216113,10.24057988,-4.28185047,-19.97514927,-18.28251105,5.79749191
-11.48826474,3.9899951,-4.66003696,12.05143104,-13.25140444,12.74852721
-13.24108657,6.26253668,-3.86261181,-14.89014574,-3.80321631,17.50737004
-5.1377519,-3.03163041,9.95050209,-11.27460838,17.09793282,-12.45497775
5.6025936,-3.93581481,9.04554445,2.37896082,5.68784385,3.51864831
-2.50537859,13.02363701,-17.7270046,9.56968222,-10.27193761,4.10591386
-12.32146823,17.10696617,8.26977551,14.12950601,-14.01588893,14.20512132
7.18631949,-12.11785515,-6.11588124,-9.26572895,8.33394668,12.32221971
-6.50839393,-4.44015689,7.86494679,0.39019494,8.86224893,13.94128383
6.04963945,-9.85299518,15.21924361,-17.6502083,15.33697278,13.7299997
-19.09077885,16.21303758,-5.3216173,-17.80231559,-13.20334244,11.31395144
-11.17892115,3.23138867,-0.48498548,-1.21264642,-8.99255248,0.47088145
-9.86489084,18.67865209,-6.06396311,18.92204333,0.08442414,-3.75673863
-15.39874372,-9.95478957,2.04707878,18.57179255,7.24934838,-5.76676848
-17.97311981,12.38303736,3.40999765,18.24301905,-14.78032742,-11.11264374
-6.51859429,10.4097892,8.69464667,18.74116964,16.46195492,6.57251282
-5.17731638,3.24768739,-7.49736205,12.45193851,-7.34739752,7.73265344
6.60958344,-14.32286372,-15.00129844,10.77592081,16.45965893,-12.50870068
-6.94243078,11.28407991,-3.42460792,9.28609147,-17.71489375,-0.08041135
-9.31357293,5.59514257,-8.53091057,-8.30793415,12.05499393,12.22776782
10.88830336,-6.9569909,15.59541388,-6.99174667,13.4103041,14.17455834
-2.06064054,18.99596599,-0.76659412,10.70122377,-2.92613209,11.45645138
-15.60426094,10.93994252,12.34860002,16.65046035,-3.1526673,4.25165821
-14.26193274,-5.90444953,13.85630025,18.04845825,-5.51961068,-11.3386935
5.11426196,-14.93816747,17.91970437,-10.59524486,4.72707895,-12.04568277
-0.02236545,-18.66306382,-11.42852998,8.62249503,-10.1558232,14.32303636
-13.69155856,1.71449511,-2.57006854,11.54766643,-14.77611807,8.85165442
-17.42219364,-10.60205248,16.0474397,19.86576549,-2.88723507,-5.90183516
-16.59960743,-7.68061386,-0.34335773,3.89078335,13.92113251,13.80418317
9.01264098,15.48512134,-4.1745523,12.30000406,-5.41152869,4.92913675
18.54844221,-4.50594702,-1.0911703,-5.54132341,6.46982707,16.18055375
-19.21048448,10.2476162,-14.59482335,-7.7668511,-7.52827056,14.85717222
9.96479214,-5.52761844,-11.28032615,-9.02938835,6.90659489,5.10530802
-7.39201197,9.47100014,13.23438164,19.16667538,10.69972824,11.10624084
-9.67994589,5.88187723,-5.85310656,2.00028009,-15.83104827,7.26767944
13.26259586,-1.68083924,3.95594592,-16.95682629,13.95386392,10.62867706
1.7348982,-2.49310869,11.54059067,11.01698581,18.16971173,16.52418028
4.85953819,-2.55004088,-2.94644879,7.25766316,7.3944314,-1.8508813
-1.89031845,-2.08669653,16.23757983,3.64130778,-9.2129973,-18.90808865
16.58015238,9.1207949,-2.21569953,19.78962078,-0.24486425,15.13716453
5.2518151,12.83912492,-11.29091332,9.12205059,0.94246458,15.46387433
-18.24136517,15.15776321,0.22073322,18.2783157,18.41719444,19.02375172
1.10332767,4.40027724,-17.91800019,-5.55885309,-9.19070726,16.58779237
15.00772881,-0.99405518,-2.63132067,13.80841026,4.29622827,-13.52807091
-4.68549096,-4.90148484,7.52886858,-6.26408424,12.08926812,5.49189366
11.02855923,10.32218921,-5.62931889,17.14614883,16.62187582,13.06778298
3.71694737,-2.75080332,14.45775468,-7.3468018,-11.9468223,5.72114774
-7.13988621,-17.63064073,18.73757943,-1.99123773,17.62256542,-10.43849107
-18.6373524,-4.39815347,13.46015323,18.77336029,17.76482014,-2.53497415
16.07968524,-5.73894816,4.04544283,-8.18399563,7.3931407,6.4467509
-8.52749897,12.64092877,-2.57845952,-13.89839463,-9.9382042,15.44054677
6.50490574,-11.03414481,-2.64602977,18.00389716,13.90401399,3.45223188
12.77458063,-0.97145828,-1.72222912,13.10357818,3.11272349,13.6509921
10.27510721,-11.24704751,-9.15537218,-13.19038108,-18.05183845,12.50031922
-12.41903612,12.3418321,-6.57680815,-11.61599219,3.49425256,17.67136145
8.18501836,-2.50911039,-1.21586123,-15.03374815,9.71697507,-2.21256568
-8.76344512,-4.80767522,-0.11118857,-13.28412497,16.13676919,-7.97689798
-9.36028351,16.95711802,6.54224749,-8.69177711,6.58557173,-6.75385104
5.04382118,-8.75410101,-17.64730977,-3.92836446,-2.47867189,18.1817582
-8.99683365,14.94974736,-16.49673212,16.88059724,-14.31951434,9.41013971
-0.27339733,-3.23928142,8.75187114,16.04428961,-10.76781882,-14.10188323
-17.68234344,15.64379349,-6.7031215,18.35696225,13.42294985,-7.8630168
-12.18141794,-6.91922411,11.87190672,19.11673528,9.37842888,-8.42897107
-7.16769156,7.89657876,-2.09762681,15.92755562,-3.73265657,8.03011539
-3.82318655,6.05708233,4.3252275,15.8964075,-13.46439433,2.513047
16.43990833,-11.90115348,10.65430318,10.6060974,18.74704164,10.6005329
5.03781785,-1.15405991,-18.96209051,-9.18113441,7.04592503,-0.96432984
-5.92827717,-7.80525215,14.37077247,-1.99446199,10.0223961,-3.59865618
4.87248727,12.4452397,-2.47043367,19.1813597,-12.2610678,-8.78345014
6.80250287,-16.73503926,-7.14203383,17.99696616,-12.93526555,9.2446836
3.41767988,-1.25772956,-10.63311452,7.27531074,19.12395833,1.01428279
-10.01347898,5.7558544,-16.3848333,13.68984148,-17.17648416,5.79990651
-0.22283679,18.598855,-9.16379129,-2.94016976,2.39622503,11.35706524
8.44839249,-18.00526823,-7.25568745,11.35356845,-0.77760991,16.52355997
-13.5930762,-6.64330134,1.53919951,-11.8742239,13.31451539,-6.27964102
-11.96591229,-6.93140032,3.42277726,19.56078925,17.39671544,-16.69129265
-3.93895376,18.54774857,-1.56831095,-18.89700492,6.607272,4.96917747
17.16425768,-1.9995098,17.77035843,12.05182832,18.4492358,-13.0629055
10.62264717,-7.477452,-1.49350006,1.4861463,19.99196247,-19.70645824
17.72130591,19.30267321,-6.54357646,13.11603163,0.37909566,17.35415533
19.94049338,-8.63651703,7.09150533,12.48141629,18.88983929,-3.40466713
1.17310967,-6.19407702,-1.67359501,-5.94775182,17.70632277,8.68906288
-4.15471573,8.75593498,8.31499107,-19.24441815,5.33248484,-19.06527195
4.28515784,-5.37501133,-9.84825361,-10.69997289,-1.30761303,18.30934247
-8.17703257,10.35980138,-8.95675756,10.99892135,-3.24487887,4.49215889
-12.79965889,19.76462169,-3.83957355,-9.74846789,6.3470769,16.58991008
-11.42578324,13.76221103,-14.2051586,19.01120247,-4.46975525,-12.19713597
2.34076593,-4.31024553,17.17739058,10.27394369,18.39057683,-3.07055898
-16.09783822,-13.88174179,0.70791014,-16.32766282,13.30036777,-10.62664137
-8.2473824,-8.03086545,2.2591868,5.03135434,15.50794863,-0.98045557
18.5775751,-6.29756836,16.0262782,1.75709693,19.3035265,-8.88872658
-8.33622663,-10.21507349,6.86677646,-18.50075993,13.16801375,-19.66435614
-16.2624634,8.630533,-1.20873656,11.76031606,-15.40844556,-0.58836956
-11.35108949,17.19658304,-6.73903544,-17.8997709,14.03311255,14.94815833
6.70972439,-4.33967189,-9.84764839,-10.25343984,8.03516149,16.07060115
13.28583091,-1.16132687,-13.67942864,-19.12482618,-9.74649681,15.03905848
8.62651502,11.61785818,0.08409376,-0.71202556,7.04969703,7.50644795
9.96771478,-7.87240964,7.07231592,-19.94773733,11.01190082,4.10223481
-7.18833595,-4.34561293,17.17388761,5.14740397,14.29975538,-1.09768511
-3.83169063,13.12233267,14.19699266,7.67256126,17.27135454,-16.87769126
12.52325501,-5.49071924,-0.58762579,-3.42096691,6.76658405,4.06453727
11.17172394,-1.5285291,-13.41287802,-11.56812566,17.36569718,-18.23090087
-11.01179489,-11.01210383,11.81604357,-10.33755253,16.32554619,1.76516416
16.3703746,-6.47287791,2.52158651,-4.22803187,10.32917628,8.48744902
-14.97665267,-1.480637,16.71199734,-16.7390649,8.26322567,1.57117445
-6.41099075,-9.02567793,8.17803204,19.68558241,-8.71222626,4.17421128
-15.70040965,7.06509434,-6.5524544,14.53999435,-12.68350595,4.42948932
-0.04025739,-9.8842969,3.8803645,-7.25454143,13.97637985,-4.10305023
15.55679168,9.77772679,-7.8224149,16.55714483,-15.33152076,8.74211764
-18.39199074,1.70188102,-3.63202394,18.98534409,-8.88995596,-15.96551707
-4.0900314,19.5591344,-17.91788677,9.63088741,6.99824661,-14.87498753
-17.96681713,7.59813339,18.07513625,16.00355375,-12.99448505,17.98105892
8.13053316,-18.00629755,13.77102155,-16.40010947,-16.57075762,18.32743228
0.4216036,-0.73534817,-10.69817506,-15.17557101,11.9840822,6.44391036
5.33699852,-4.07165749,4.77128831,19.53446287,-4.78848874,-16.00664722
-14.26532451,-6.84224583,3.45626795,-12.196096,16.21451862,-4.62231494
-18.21944226,2.33365622,12.84325336,-7.77118391,18.52031535,-15.68080765
16.64137661,-1.33857609,11.43208431,1.01139021,10.7785451,5.44988836
-16.60999629,-3.48687324,16.12991916,-6.01804148,14.14950407,4.65843505
6.44085405,-7.48854692,-16.81387052,-7.43505523,12.98309447,-0.37931441
-6.60676343,-5.35840374,15.81023815,-16.05756879,11.56616223,-12.51026358
-2.2054428,8.69302156,-13.13412043,7.79064836,18.06368095,6.93320832
-6.0173924,-15.53279733,-1.161068,15.47396625,16.85351025,14.74324587
-15.30321325,-1.49105486,1.75351654,-15.22650235,6.35209354,-3.03838616
-9.4391315,17.70347483,12.62888889,15.38482718,-15.3174455,-1.87847846
5.01311384,13.69075122,-8.8377201,1.91039138,-7.94452176,18.8934422
-14.79259427,-6.56838073,5.90193401,16.1310004,-14.18668398,-16.5917601
-1.70908586,4.8031803,-14.62102237,4.45299934,-9.80549227,-5.12691603
-12.5348223,-0.58404294,3.76375048,-14.77820056,4.98736807,9.99947569
-6.29037922,8.39184887,-17.90915525,11.15923744,-7.60623363,9.50211429
1.55436287,15.29128197,-3.95932564,0.21915349,15.40758056,12.12148881
-16.99237705,7.15641684,-4.09076597,-10.42386104,7.58416096,13.37419632
-12.9366998,16.35046376,-2.43843701,17.79194105,13.98386116,-2.79214703
-15.85210142,-7.3683636,9.0019284,15.9460589,15.45068531,-19.46077997
-9.88492669,8.07466814,17.22749183,19.83814231,5.77062783,17.068713
-8.31377636,-2.18062104,6.0043391,-13.2776717,14.49210021,1.40369964
12.98115946,-2.34057544,14.48228595,-12.71408883,14.93875599,-0.64236865
0.10339822,-0.595211,-15.76178291,-18.06856383,0.07894001,0.61841421
-4.16101885,1.18927754,-11.02992581,-1.12214699,-12.06323094,15.41934303
-17.7961398,3.22970405,7.49293576,18.93915045,-1.66501978,7.34133299
8.04910317,-4.35805681,3.83808061,-5.46223903,17.76853403,-9.64226663
-12.4623987,1.70937775,-8.12533176,13.76686821,-6.78180286,-5.47885495
-3.04005035,12.00136146,-2.14079378,6.94158921,10.16783614,11.24560139
-3.08036294,18.91515507,-17.89085025,17.02127685,-9.34452595,-5.36800743
9.31084985,7.42378429,-15.41796724,-14.98674048,4.05525121,-13.577409
19.5288126,-5.06597286,-14.53988604,-10.27924196,9.9853844,17.89470517
-5.92614552,15.1223845,-0.10919892,18.88030999,10.11926677,19.51858872
3.38758434,0.13675232,-11.2763698,-0.23508369,5.60115202,13.65400089
2.93049374,-13.18248127,-5.12881121,-15.49028569,12.425705,3.46193357
-17.73250199,-9.32637249,8.59416932,18.77318056,3.06881769,-11.89839842
-12.09954142,-18.03510539,8.45015674,17.486854,-13.65727093,-9.91893878
-6.02360833,0.62010732,-19.77156063,16.84026474,-14.78268077,19.4047304
-8.416762,10.44005902,-5.55061008,11.95576806,4.00478688,16.41889582
-2.81585153,-10.24580024,10.86610828,4.73605484,11.26813911,-13.91765063
15.02083384,-9.981203,-7.05496458,-18.96756976,-11.87537864,12.25035986
12.89248188,-3.55742027,-19.70637703,-10.81467583,16.19336656,-19.3750811
-3.40055816,17.88137467,-0.12257311,13.50774193,-6.44634951,3.32487538
-0.40723297,19.58191492,-17.69489723,10.00545016,7.73419225,15.89967952
-10.73673247,-2.34633537,5.79696839,18.28663821,19.60789695,11.37684714
-14.5560261,10.27479863,5.23607184,-8.47986637,13.50118085,-11.03254435
-12.77059218,-16.79671316,15.12833947,14.29824211,3.79793181,-7.69123615
4.90487645,0.70580015,-7.21540636,-3.21969194,5.1390781,16.44347602
15.29540689,-2.83607002,-3.21173269,16.68562175,-2.78970715,2.87241679
-2.37799091,16.11743866,-0.53511403,11.25853213,-2.66566798,7.01431072
1.89731417,-7.98721897,11.83662413,14.77514525,7.77074893,9.59108685
9.36074025,-14.00499573,-8.75928948,14.19652526,-8.42392558,12.78933233
-14.75073261,-11.56105618,0.16440346,1.08481147,11.57963449,-0.42516545
18.6684757,-3.36411783,0.35597432,-2.47899389,6.2975276,-16.69725923
-6.21872338,5.94729526,4.73142515,15.24545852,10.18843268,6.55678793
-3.82786418,-13.50547194,13.88019678,14.10705976,-7.45810124,-10.14094883
-18.91303523,-6.79199102,10.56066321,1.66959125,16.19022607,-9.31022472
8.3154158,13.30682517,-10.78626303,7.51496408,-10.07088765,13.62417533
-14.17187792,-4.00260078,5.18330996,19.32544832,-8.90397073,-16.84016636
9.35488093,-5.4868862,-9.31707702,1.64761528,-1.08865919,15.81573646
