-16.3039674,2.47895993,2.85647861
-15.26504584,-2.93972439,9.02737489
-17.49393667,-17.71450319,8.92738164
-18.75141078,11.22747445,-5.24074446
-12.47222161,5.38594663,-2.03369659
-13.06105576,13.40769537,-11.73920219
3.375727,-11.05808478,-2.41603278
-18.94575126,14.41872902,-18.21652962
-17.83380447,-0.9560505,11.65424165
12.14032745,-5.64714792,-16.5542417
-17.34911158,2.86105797,1.73267566
18.54391809,-18.57600722,-9.06222566
1.79584547,4.40208389,-14.42819702
-9.43873392,-16.61626583,17.96689544
7.4000249,-11.30549441,-19.9785407
-16.22058536,-0.65139905,7.46020413
-19.0150819,-5.56386185,19.8457244
-2.52844807,-8.84131934,2.64157522
4.70927926,6.33371259,-19.16350609
11.34070168,-14.19174908,-4.07019424
7.00882176,-9.13937954,-8.27800748
-8.36248035,-17.361964,12.65146209
-18.89154182,5.1581551,-13.46536059
9.09454207,-10.45821491,-4.13600213
-19.23345951,15.73612741,-18.92380887
2.73052009e-03,5.34785492e+00,-1.14625447e+01
-12.82621269,-17.71975713,6.38028934
-11.55321067,9.48090283,-12.67424156
5.1411686,-18.08072326,8.2504134
-11.77073476,8.44027774,-5.21400094
-4.18857387,-15.58444262,11.90759683
1.43776279,-19.78188975,6.48356776
-6.22619106,2.92449484,-15.4935961
-18.42419424,-9.40479321,14.00769269
-18.29732206,-7.56252967,6.15084559
-11.27464545,-2.63858632,8.02882651
19.0239827,-14.66670499,-10.59107795
-8.88155967,6.09051728,-17.63877723
4.6177831,-18.53513253,-3.14975443
-9.28251821,-3.87276987,5.01137956
-4.5488084,6.76601511,-12.14276971
-17.66757223,-10.50041708,19.92081807
16.57669592,-16.86391346,-4.9160709
-16.44353439,7.32489962,3.58962106
-6.12068816,-13.57388087,6.91295899
-2.69685585,-16.25971208,7.99944847
19.45742763,-19.09240869,-19.51786853
8.63060173,2.45764043,-18.07602741
-10.36537298,-19.72265548,7.41692019
-18.6066565,9.33410125,4.53692059
7.53332974,-18.41564912,-17.36225385
11.6193805,-19.52617956,-3.84459708
-12.65603452,19.72002962,-18.40813759
14.42124164,-18.6841729,-15.34155045
-8.8930058,7.16285607,-19.90515212
-0.72594758,10.09124091,-14.53229283
-14.42853504,-5.10568906,7.64150751
-0.56611158,-12.78101246,7.06306502
-14.72062842,-11.12224361,3.03097785
-4.10024779,-5.27544753,4.49262606
-19.08380186,15.67352286,-3.71187288
-9.8754959,-14.34716949,14.49396405
4.42527624,-18.69736995,-12.93659102
-14.9549821,-16.45373566,3.95788057
7.03295912,-9.29121097,-18.54930509
7.54559151,-10.142857,-7.9502147
-12.46536218,16.99953543,-17.25961415
14.87869564,-19.85462393,-18.92589212
-14.38920575,8.5888957,-7.142601
15.29260455,-10.6438328,-18.90229161
-17.83112102,-10.42475355,19.75906063
7.11670674,-10.12839226,-17.88015491
-4.13805818,-9.6017504,8.2073933
-10.36530098,13.95810128,-17.20184387
9.18851593,-11.16454125,-15.83013325
10.19582086,-16.7268959,-2.84292289
-2.25257696,-14.05503103,2.71105839
-11.21789742,7.72097687,-5.14424861
-16.17103933,2.98366994,-15.25260532
-12.05095052,-18.25059771,14.55226955
-16.47997577,6.41731974,-7.11684044
-16.31946981,3.53164223,-0.6278025
-0.76940416,-9.88599441,5.39613182
-11.38439666,2.25530795,0.43482638
-14.60265295,-11.0395789,6.77636403
-0.20000314,9.6817433,-14.39950678
3.7248554,1.51642375,-18.24359826
-1.24546146,12.52011785,-18.15938076
8.87957479,-3.24721304,-19.05933102
-5.8970148,12.18960895,-14.51729965
6.74571236,-15.13356075,1.86358155
-9.03101456,4.48097001,-15.54486228
-17.66108807,-8.88845234,12.27614665
15.49086078,-18.00967161,-18.59626791
19.09036876,-15.63467517,-16.59823751
-0.98395498,-10.70550249,4.90776638
-11.57822297,-15.41352801,4.89402641
19.46200914,-13.55934162,-15.7314631
11.35303053,-14.02187994,-14.72008693
-17.4390865,6.86469621,-14.89936885
-5.75202843,18.06871443,-18.82271507
-19.88015278,3.83012343,10.56774087
13.31078559,-4.65602153,-14.09540799
9.84386403,-1.14538737,-19.18745894
-19.20245743,-12.01890154,9.12123344
3.94849157,-14.35993806,-3.65809393
6.80270099,-18.32703294,4.61624497
4.21153554,0.3091653,-14.44384064
-17.68512083,8.40973589,-19.66939647
10.44636223,-17.67025726,-5.79504698
9.23221234,-12.35553533,-18.33371388
-13.3500353,13.51969341,-11.21596251
-14.22333498,-12.38714488,7.58515105
9.55026908,-19.54467394,3.21206528
-11.97880968,-2.23662421,5.91482487
8.6524273,-5.16985015,-15.08555072
-19.4867744,-2.43191417,12.89876079
-19.31256769,5.72339351,5.07041752
7.0921621,-2.99096407,-8.98287769
-17.32976855,13.65603778,-12.58202996
-18.83594534,7.69113186,-11.37717197
-14.30057831,8.88619072,0.59493352
-15.7485772,0.73475355,2.83027719
11.8878973,-18.26034385,-19.00287484
-14.56615125,-19.47576436,18.49035144
4.37454755,-8.17581888,-11.09006311
-12.92990008,-17.26506443,11.50188502
5.49778446,-15.05509748,3.79753262
-6.429155,9.15898252,-16.57352192
-14.37139073,14.99330386,-7.3710611
-14.56681506,7.89556496,0.85103168
-19.86862056,16.89967481,-10.54194522
-1.97498858,11.48400553,-16.88139782
-9.74415902,-0.77805161,3.49929838
-19.96453249,-16.75011416,12.41620897
-2.54597041,4.75700903,-12.9481781
-14.28866037,-5.86348839,14.923289
-15.01393318,4.93594693,-8.17012475
-14.47299481,7.75034311,-2.21762425
-15.4774383,-18.77019468,11.64215004
-5.03314576,10.88631219,-13.48313943
2.949996,-7.18160925,-15.39534984
-3.12469601,9.73837541,-16.24838778
8.05557548,-19.95482442,-10.85990447
9.12366845,-12.05784591,-10.89952907
-15.25935132,10.36472978,-7.52516111
-19.55431045,11.93067117,-1.67047676
8.66692219,-7.7130124,-19.46426173
-18.78780993,3.72827211,-13.151077
-2.60790902,5.47207088,-17.31777826
17.3040322,-16.92794169,-19.09450635
17.1118226,-14.02200876,-14.96417453
-1.51815922,-17.79689398,10.71297566
-18.51666065,-17.35938671,9.85123776
16.62961028,-18.91279671,-17.3104274
-9.0752951,2.45869004,-8.01035902
2.06769898,1.59656359,-14.97258004
-19.95576778,-19.15484215,15.06319343
8.92870054,-13.11953224,-2.4827359
10.35199784,-15.58838705,-4.6043081
13.74362441,-8.11669262,-10.4991321
-15.73754582,-13.06295343,4.79066247
-13.7704885,1.11085284,7.77802998
-11.25476603,16.57787697,-11.29392227
-15.81542765,19.20920415,-12.75463133
-7.12199697,16.35693223,-16.93777902
-18.75609041,18.88292369,-17.99471082
-8.29025127,19.66744363,-18.39299198
10.1886247,-7.91974578,-15.9069043
-12.32153424,-4.12412603,10.58012189
-8.56310232,-17.80625888,7.90111158
-12.75290831,-14.45410178,18.36676359
2.31492307,8.10345836,-16.72052156
-4.04774107,9.93164401,-18.52757964
-5.98209567,7.9784895,-8.60940861
7.83849179,-15.10145936,-18.21108199
-14.80750227,6.96497164,0.21062342
-6.92001127,9.90677832,-13.44031383
-15.31149379,16.1334641,-8.03233935
5.97302323,-5.70378666,-6.0821198
-16.60396813,-5.58140264,7.80552789
14.80222741,-5.11553689,-15.65915897
5.43701572,-14.33377697,-11.9788708
2.93871969,9.23863074,-18.10129124
10.204002,-16.25416665,-6.95810214
-13.46090918,-10.97752935,19.06906319
1.1402857,9.00642666,-15.0637337
15.4756161,-19.26822472,-17.98656633
8.98054696,-17.76643285,-6.3887527
1.41859133,7.43279802,-15.40246286
-12.86259593,9.14346782,-14.7862148
13.43169274,-15.49009309,-7.53356733
-14.8560109,-12.60576073,18.0876112
-17.93274551,-6.84943643,9.34141389
18.41710809,-16.72543596,-12.442348
13.52735056,-16.00523287,-16.46800334
9.98543537,-16.16278113,-14.42540364
-16.39669557,5.55220101,-1.27514066
-6.89911968,19.41364265,-17.69774676
7.54157993,1.21563087,-14.96464076
-2.13375518,15.43072736,-18.37120278
-16.49882644,16.45164058,-9.47727648
-16.96844558,13.1965797,-14.07040835
-19.2328927,14.65915072,-12.95088861
-19.51368208,2.39303015,-1.68645621
10.94760639,-6.97115884,-9.50158485
-19.14652734,-11.50135869,8.80687953
-5.77999522,12.92575819,-12.31187724
-15.3699475,16.77336716,-7.06617011
8.22690705,-15.12862711,-11.74108948
-10.48838471,1.2632666,2.88681786
-16.69209926,-13.06138821,8.32412624
-11.36249155,-12.43441316,15.05939209
19.9515253,-12.73814727,-12.12189888
-11.66498962,4.75328763,-0.25021826
-15.19355403,5.28438126,-15.92429886
-18.32913517,-5.97606066,13.12079252
-5.55284391,-17.19707178,11.21893885
-5.98616414,-12.23537807,11.0859096
6.22381451,-15.88096094,4.79449672
-18.06234115,-6.46306574,18.48649228
-11.21310288,-18.91649915,16.96905145
5.04592747,-18.67118861,0.08901424
-3.27205126,2.60689055,-15.63673278
-19.20488913,1.42257246,10.41029697
5.63822909,-17.46254839,3.51383723
1.63323788,6.45292424,-16.08766246
-17.27621186,-8.96093296,13.12133454
16.53865314,-19.06473413,-14.19924272
16.40889809,-18.47814271,-9.96982428
12.89608289,-5.13117436,-15.83544974
7.04334888,-18.07880015,-13.4271651
-14.4862868,-4.30939069,11.46856876
-6.23200836,-10.33788205,10.58215102
4.84231332,-16.86844754,3.80800861
12.55626398,-12.79842976,-6.83258793
-5.2563629,-14.27134301,12.67333182
-16.48655894,8.15485182,-9.57252385
-10.34427795,18.2292329,-17.35518452
19.97728594,-15.095693,-17.004432
-11.9639699,17.24794935,-19.16398721
9.57879148,-6.07410439,-10.8926992
6.84303157,-16.50775894,-6.48685071
-15.80520443,7.25795959,-15.07652528
5.75368447,-1.46369944,-10.91921558
-18.85912411,9.4746845,-19.96491953
-19.96074027,16.12280084,-8.02171985
4.08899137,8.26429159,-19.46080403
10.7365676,-17.30376951,-6.18449683
-9.45009996,-7.57894677,5.9443163
-3.17958729,-13.13688006,6.39311786
12.57037922,-9.12003314,-13.52384884
4.13413948,1.35299069,-17.47098045
18.75049537,-16.13923766,-7.78459892
-0.43868261,11.93126097,-16.09531545
4.69878162,-6.14480513,-9.07311077
17.36318479,-16.26206407,-8.06012281
-3.52365921,18.39178438,-19.73283518
-5.71061095,8.75980133,-11.15742106
-8.12472442,16.30175958,-16.84731868
16.75114637,-10.6691663,-17.41703381
-11.59512549,-18.23225476,12.98938425
-15.41278012,3.68821053,3.96656795
-19.1912889,-15.88527701,19.51551374
4.13279778,8.73173522,-17.57438355
-0.40652947,-18.74363199,4.95480892
8.10622346,-17.06414135,-7.38753675
-13.43921377,17.61550107,-15.96015083
5.12482429,-15.08983926,-9.61717127
3.70659146,6.25627188,-19.58063128
7.47969289,-5.03932134,-7.81848346
-14.99068803,-16.15741489,8.58778394
-13.30182712,-17.51611295,16.17316052
14.53125564,-10.04452934,-18.28045536
-17.22306236,-12.54563361,19.36900911
6.95572344,0.1357999,-16.20416668
-11.88230532,-17.69288173,4.89835153
-14.0528714,7.54048468,-15.52383266
-8.46599254,-19.91247495,16.3107084
2.99803595,8.05771839,-17.00735224
-10.33859105,-10.38761278,10.06779398
5.27522497,-18.75687587,2.21983459
7.87444317,-18.03110069,1.63978156
-13.71326946,18.97446732,-17.62726853
-16.29801027,11.13419367,-8.70585573
-4.42767071,6.44617532,-11.59294302
19.17378216,-12.30165517,-14.18304292
-15.31896388,-5.84480123,3.07673712
-10.11030448,5.44107393,-9.73225429
19.59320672,-6.79614809,-18.10737486
17.41652702,-14.84922923,-18.36833523
12.45651848,-15.56003043,-12.55334036
6.82128318,-16.64470174,2.60504904
-11.44856425,18.34746384,-16.26341098
-13.14278671,8.84879142,-5.12538069
-7.83980255,-14.04122337,3.56144149
14.91958131,-11.85381488,-8.75243867
2.23387568,-14.12752764,-19.60331783
-19.29846788,13.77058207,-11.32401283
-8.08510584,12.49297486,-8.90673755
-9.07302613,19.1958104,-18.94569003
9.0793182,-11.34841377,-18.34104866
4.36717394,-14.46509483,5.29919893
-16.36779903,8.94636396,-4.12105
-11.05004805,-9.39017619,5.55143511
-19.94114371,5.32075255,9.10848432
14.53074393,-11.35267746,-13.23419223
2.33173451,-11.0947854,3.59538053
-18.85330192,5.52600782,-17.42819926
-11.20521647,-14.55858284,10.11652918
-15.4956325,7.39090567,0.71789253
5.59793285,-15.60439961,4.06884213
-3.95791466,-8.95936026,7.7288149
-19.89864567,14.30744458,-18.32752061
-15.13296058,8.72691883,-7.18056855
-13.02509339,8.10469158,-17.45094315
7.44899438,-16.90381918,-11.84347072
-1.26791649,-12.86989323,8.55128566
5.25384321,-0.13046509,-14.31112837
-19.19088883,-12.30196508,7.61843473
-13.77947435,-12.20066038,11.97380636
-3.47780812,-14.20791189,9.42254364
16.62663048,-17.14535671,-7.83958016
10.19860318,-3.34038865,-19.2193007
-12.07435814,18.20237671,-14.08809018
-0.89525219,4.1984975,-19.56297675
4.68372926,-12.64397917,-16.60071705
-15.46460366,19.55292215,-10.70609431
9.03605452,-5.8846463,-17.1517679
-18.64840155,3.54681126,3.6915409
-1.50121707e+01,-1.96899368e-04,6.03174191e+00
-15.72405119,5.80165824,3.81777669
-19.46568525,1.39884522,11.19329639
5.38767493,-2.20655433,-18.28208586
6.44253273,-18.66534353,5.91904214
-6.09444639,-14.11337219,15.6586019
-6.87170203,-14.24216147,8.68034542
3.86630548,-13.87354775,-1.23308374
-18.29846627,5.79357711,-16.92271561
4.53849555,-11.99863492,-12.54050462
-3.86200469,14.85894025,-18.29863253
-1.81943086,4.53168163,-9.49006573
-7.43422284,10.34990913,-12.07505844
-11.41397465,5.51948127,-7.81936357
6.95736224,-17.2536743,-17.1388766
-12.24291201,-9.47330005,4.26693857
-15.89713789,-16.69122729,9.75299032
13.54311487,-10.83493459,-14.2515138
12.39651844,-7.92417465,-18.61052916
-6.37099702,2.64403919,-4.44701611
-15.78965862,12.84789048,-14.42320645
-7.0432285,14.56053564,-14.90166127
-18.49244086,4.07110978,7.12441561
-18.26823127,6.99786766,-0.93438624
-2.05889944,13.44802513,-19.09994073
1.68651381,-19.12109234,5.56336322
-18.43093388,12.56643827,-6.84660276
12.13787331,-19.21501924,-11.43711396
16.39980079,-10.0763092,-10.82708599
-12.83372765,2.39303781,-2.23488161
18.62516593,-3.51852895,-19.99045569
-16.69163819,3.39444281,0.82278022
-12.26152983,-17.5143899,9.62895552
-14.613572,12.06751786,-5.58184553
15.50320267,-3.81620121,-19.82392521
-8.96279616,-14.51431694,6.2214365
-15.95331786,10.4789599,-7.08630549
13.64009066,-19.63524321,-0.50581897
-19.75146587,-11.77896856,15.71276896
-19.50826952,-16.62537089,3.74654234
-18.03609455,3.32690015,-19.94199805
-19.01507681,-16.05229626,9.34460647
4.89261396,-18.04548053,4.10201827
-19.39962495,7.45543902,-1.94349993
-15.75946976,-9.42402864,6.95508285
4.82541903,-12.44575729,-19.46357167
-5.8364234,13.86957103,-13.04266882
-11.18372912,-16.85273198,16.7596968
8.66858415,-6.34345641,-18.64474052
-19.82964431,8.76326794,-1.73023096
5.36696697,-8.75028458,-2.47872709
-19.33817731,6.71868901,-5.80878437
-8.98133071,6.2621877,-14.16741104
3.99637431,-2.94929982,-6.36192729
4.18871862,-7.99671768,-1.41425816
8.06369543,-14.55123762,-17.47942213
-6.65559887,11.70606441,-9.76028904
-10.58915373,18.98582663,-16.80913524
-9.3694207,5.16124046,-0.80243239
-18.48004867,-15.73958625,18.53401086
-14.42717866,-14.62372463,10.14431968
11.31264479,-19.30199909,-0.78830671
7.22083399,-19.07094771,-11.28972939
-15.13611421,-0.88960069,2.77161812
12.2118514,-16.47999606,-4.00551071
4.32675446,-12.05648925,-11.41316894
-9.91505216,16.81751957,-16.90937282
-4.7865305,-7.23399915,7.33252123
-12.51947185,16.65610861,-12.79772453
2.21426703,8.05454033,-19.36206853
-10.08274452,-18.03109964,13.45861831
8.52064417,-11.45139712,-14.40181441
-7.25754525,-6.42508821,4.09885
-8.86378627,4.85989214,-0.90503695
-11.21610776,14.74856016,-8.66347902
-11.606868,12.97862647,-6.35479043
-3.56650056,13.8006664,-19.23950108
0.12166868,5.63606642,-10.624766
4.27451281,-1.3919169,-7.680426
-9.37482423,-11.05874021,9.53000696
-12.6365829,-16.42090479,17.24636938
-13.92060979,-16.56762419,13.84989125
3.4729495,-11.78381575,-6.97656173
-7.44947304,-18.9995761,9.03877605
-8.14278214,12.1557112,-15.93725686
6.8937339,3.30221003,-16.41695846
-16.38690123,11.0528267,-2.04060021
8.71591479,-18.32907538,3.14733714
-18.55423842,-3.81071037,8.43023746
19.30397615,-14.1921794,-19.64542587
7.2425246,-13.65323813,-2.79499311
-17.6310017,11.58659135,-2.04076954
-19.72511376,4.78844033,1.88992525
6.05189032,-1.25065949,-15.68982078
-6.32818186,-17.05299547,4.44412065
-18.93741067,4.47446918,-15.10653357
13.96506671,-7.49586094,-17.68867873
-15.67922124,18.41068903,-15.78404111
-12.37387779,7.63401673,-0.90286415
-16.23212335,-14.8085013,2.49612631
1.57409376,-13.21068403,3.36100847
-3.42938346,13.07354223,-17.62244073
6.24152643,3.49150714,-18.99343532
-14.83337159,9.41812844,-12.99571105
-7.53470995,-15.36152757,6.56671444
-1.83612101,-19.54306951,2.61115705
-15.71601398,5.09251966,-18.85509124
0.08732332,-14.04154181,5.73205066
-11.80845325,-9.31876364,2.94884695
-14.98199639,-9.33716783,12.19357886
-17.85490626,-17.03260951,8.52748339
-13.37888659,3.06707354,-11.92527252
-12.74854034,-19.1411015,15.5637701
-19.17635608,6.50324567,2.71733907
-15.72737727,4.6178698,1.78690655
4.04863801,-19.39958629,-17.58128898
11.04728943,-8.31927946,-17.57499688
-6.02275487,15.21866485,-13.63399128
-5.99897894,2.51012845,-12.15992098
-19.07894804,-10.6921521,9.39734287
-15.54313742,7.61946129,-13.04515412
-16.74813828,12.7820828,-19.36737316
-18.64104564,-10.13049223,10.26760152
7.75076714,-11.05697862,-2.94155672
4.03309353,-14.05033865,-7.21857172
11.51168619,-14.87967735,-3.15596734
-15.25610151,-12.40053547,19.55379231
-16.66088623,-5.59243171,9.16479098
9.69224983,-16.78132684,-11.08678282
-16.02380529,2.73092914,-10.74434103
-19.00858474,-4.14263093,8.28768223
-10.48606922,-15.708787,14.45230681
4.62595852,-18.34385158,8.90223551
-19.21424744,-14.4166137,14.19123816
-14.77474853,-16.81011553,18.31752222
-16.86882837,7.66012008,0.62423757
3.87444276,-15.00458253,-2.90733515
-18.9265967,15.11955734,-15.82683192
-5.4186566,3.17177562,-18.58746042
14.24796814,-2.37721336,-17.48569794
-18.18272911,13.1938703,-14.41995997
0.77373768,6.63878227,-14.59671734
-5.13025297,7.38450023,-18.61356155
2.68415411,-3.72598832,-5.42507683
9.88367495,-18.2152492,2.48693498
-5.85405917,-18.70626445,19.71336876
-18.53360787,-14.12763164,14.46862989
-7.41560363,14.98934246,-15.43805479
-18.35916695,-7.0974254,18.95124479
-8.06930982,-10.62547428,4.45141343
10.91613622,-19.92043375,-2.44240135
-16.23240211,-7.30597275,15.72915823
-0.5525318,-18.1475961,7.99715197
-3.959218,-18.8614955,7.54677746
-3.4775698,15.61292753,-19.73167475
-16.07887511,14.09710116,-4.35616077
-12.63783249,-1.09736507,8.57373205
8.31969407,-0.78089475,-16.56311105
-6.06756768,-17.80317249,4.27332641
13.02396002,-17.6255244,-17.40577544
19.3502707,-17.07033316,-12.41963849
-0.52483343,-16.09249597,11.08508722
5.4361791,-14.54308347,-4.2473011
1.10256846,-18.9517376,1.98480015
-3.71306324,12.25034404,-19.06415094
-9.59506022,-9.91365918,5.06993389
-17.19143901,-10.06761058,11.14777131
15.38126282,-12.10055274,-7.78079932
16.1811397,-19.06329732,-3.4350637
8.76596373,-2.71332434,-14.87765826
-0.97619073,-15.71049492,6.41845596
-17.96217439,15.53525813,-8.91847297
-10.07751752,2.78226217,-14.71226064
-18.03028622,1.53250228,11.70698643
-13.10508301,18.60132438,-10.42627427
-19.87714135,8.26285109,-1.9590882
-16.62318498,3.37168126,0.92173954
-3.50221448,3.78641965,-6.49385126
17.84527551,-18.13555609,-14.05996882
1.03573016,4.68276284,-10.15373551
12.11548606,-17.70732426,-4.94467217
-15.4795268,-18.57977957,17.62580724
-13.69414689,9.20094715,-14.21487852
5.82427667,4.39098547,-16.52330564
12.36339726,-0.13971125,-18.08615939
-18.95504459,13.34586597,-17.44740088
-19.45393324,-12.08387723,15.92561816
-4.45702555,7.37375236,-10.97429311
12.54526337,-8.36797636,-9.10824611
-16.73965099,5.04762408,-2.32079884
18.31508923,-13.28861059,-16.33533707
-13.53430005,18.36795906,-18.32473161
7.09542973,-16.63737698,-2.53763579
14.36098585,-17.08060098,-8.08695023
-18.15816616,14.61440301,-3.21598987
16.92195201,-11.53679591,-10.00429111
-6.70220573,11.58861573,-13.68448769
-15.68813098,5.43725422,-18.43253387
-19.83877807,-5.76285129,12.51521248
-16.45579711,2.8188575,-13.73960834
-14.89992292,2.38987816,-8.23189539
-15.2269753,9.86420505,-9.74056447
-4.7653338,12.17750309,-16.3663686
2.22529795,4.76681259,-19.70721772
-19.68774991,-7.42745125,5.81278189
13.46696386,-17.41479498,-1.24381976
-8.64777281,-18.5560771,18.28639952
-9.74586546,2.243115,-16.25104406
-16.92008347,10.24795881,1.45647804
9.31125449,-18.54861736,-19.74075898
-0.07546242,-16.69725815,8.48167447
19.53983451,-14.08449533,-10.59456478
9.37685691,-2.67499137,-13.90286371
15.74591507,-19.91822149,-14.63961209
-14.44808779,8.10132793,-1.32892838
8.92499513,-19.10269031,-16.12201599
-9.53889761,-5.85661455,6.98455453
6.63983077,-6.13712237,-14.61086544
-17.76682938,-2.17926993,10.07223467
-18.5540519,3.49965649,3.21256273
-3.72190714,-9.859899,8.82732095
-19.66752712,13.16094748,-5.96863141
9.45736276,-4.06510891,-18.43863763
11.55705474,-7.66998287,-9.50284372
-13.80789258,5.65801997,0.26932691
-17.9906273,-3.81990249,12.83093532
9.34702728,-16.17828283,-2.72795529
-11.98441521,15.02662262,-12.05035163
11.59913477,-8.42210591,-9.63628888
12.06067666,-9.95172443,-12.76627478
-11.44849011,-1.82911884,8.57639309
-11.81886904,9.17561477,-19.75831677
-17.31491779,3.97679401,-12.6243196
18.15870271,-9.33018129,-14.28426922
-5.12466461,18.57837193,-18.56408965
-13.24193194,-19.22845073,7.80503078
7.18689184,-12.67017237,-2.46801831
19.95760766,-10.92723255,-17.53419271
-12.19436234,11.18160381,-18.00256731
15.68839159,-11.23136504,-14.71093469
-16.97688875,-3.28904261,7.81742922
7.29107968,-13.86054835,-16.19853644
15.7797585,-17.2825299,-6.06527921
6.91108024,-15.83017852,0.37564354
-16.9685104,-11.09051912,5.13042715
0.27442465,-15.417994,10.28702754
-11.94066659,-19.80964211,6.79499179
15.94392272,-10.02973577,-14.87152539
9.27309032,-19.83911998,-5.89477921
10.99998065,-5.88977693,-14.98996333
-13.73804621,14.17223321,-4.99177937
-2.961944,5.4543631,-16.08232874
-12.47037221,13.49145115,-6.98142689
-13.35772025,-13.36841615,4.67393382
-3.27982656,16.122609,-19.63858452
-13.90477766,14.73955334,-15.25044561
19.3502717,-12.02022081,-18.98058661
-6.23908378,3.40771144,-12.3951568
13.87869393,-5.58727975,-13.21282688
3.70784961,-13.35613974,-11.29037769
15.69312366,-18.732841,-17.86508026
4.43876844,-19.07786377,5.80771939
9.43345792,-19.26187487,-0.87971682
-7.23207179,4.27608699,-18.96317406
-10.02232057,13.18028196,-8.01413555
-10.42348665,-16.14733293,6.56967237
-15.56674431,-12.0025802,14.62576135
11.20844006,-14.68250062,-14.13250503
9.82240138,-19.20443874,-14.96066401
-19.4306902,-16.38379269,5.48311745
4.12288957,-9.30313235,-16.07619383
-18.96786553,10.53121597,-10.65470277
-19.91366742,10.64453434,-18.68088192
-7.26378634,-19.4570145,19.00158904
16.9035103,-15.847384,-12.83946685
-19.24023319,18.80644272,-4.58013496
-18.17198381,-12.88438709,4.60419031
-15.82569523,4.06478492,-15.81623663
10.24114716,-19.83539446,-1.99062464
-3.16585254,-16.03731011,7.71779224
-7.49275883,19.92014894,-17.45381336
-15.3878578,9.56142518,-11.06172454
-13.98125689,13.05356382,-11.48343925
-19.91021418,-13.99710638,10.15059772
-14.79861128,11.55269301,-5.74950701
-10.39819821,-19.57848392,18.0201967
16.05893524,-13.90851618,-17.43198009
13.79292269,-11.83086329,-9.07577182
-8.51429635,10.13407892,-16.20410498
-12.73016225,17.5821803,-9.25944725
11.36665343,-14.56808588,-13.69608338
-11.33930475,-9.52682227,6.96785447
2.81365905,-19.19773448,2.78036948
2.3391669,6.99436632,-16.13177345
-5.84735075,-15.38543537,4.63399053
7.46714173,0.04279456,-19.50501707
-17.4534595,-2.89417444,12.35826944
-14.15645804,1.62986249,2.04629545
11.0259173,-3.9313126,-12.64699548
-10.68369146,-4.19937514,2.89270378
6.52049911,-17.2008361,-15.591761
-9.15544737,2.48375007,-14.98420079
-19.94594825,9.47419219,-3.43060521
7.17605126,-13.22047679,-11.05937611
-8.68916411,11.78088491,-16.69070709
-18.78062906,4.51562126,4.93087945
-4.95848624,5.80654532,-17.54645568
10.56507316,-5.81685092,-19.50574853
5.86612725,-15.59401226,3.30569109
-17.29398998,13.68210297,-7.98604188
-14.13131633,-11.13398821,11.382001
-11.77548621,-6.10345099,3.22653316
-8.82592643,-19.44653284,18.84035131
-14.61060918,-15.7957952,6.79148828
-8.4296739,-10.47028641,12.70188163
-17.393699,5.19096841,-7.47551164
19.04357591,-16.47726687,-16.33595971
-19.82393465,-19.72136914,7.94083089
-19.23303838,-18.927587,16.79827676
3.8332533,-12.58375033,-2.0773887
-14.78389123,16.50601786,-7.51201774
1.28726867,6.04307503,-12.44111437
13.22057303,-5.2613818,-15.05184546
12.59748169,-19.31795836,-2.64476571
-13.18430461,3.63913319,-12.65974439
13.98835287,-14.36561995,-8.05080657
-12.94810282,4.2963439,-2.0573096
6.23521632,-16.4174584,4.11627153
-17.2857587,9.53593239,-9.39536047
-17.02225936,2.17894122,1.97277382
-0.40995212,-19.69223459,5.27387426
6.37726782,-14.81294154,0.85444765
15.69660111,-17.3912177,-13.13225418
-2.63638027,13.54244278,-19.46802307
-18.23671593,-7.82677284,14.08675505
-7.42765511,-15.38032211,14.79913495
19.07877068,-13.908624,-15.36819456
3.44676118,-5.90623194,-18.7399744
-8.48145268,9.04037862,-7.35491455
-19.07078911,3.20695632,-6.24557046
18.3443656,-15.83434826,-12.54246826
-12.12928837,16.28438716,-15.98201327
3.94922552,8.03403702,-18.79317692
-11.4457141,4.37314995,-8.20817488
10.9726313,-16.25357624,-3.5442687
4.94381064,-1.31849743,-18.89803755
10.57332216,-15.32535824,-2.80168704
-17.53454797,-17.93410747,9.04609137
-0.76171084,-19.36263719,12.93515546
-9.53375483,-2.80860287,6.72341845
-19.77674577,5.95233972,3.15073258
-6.88185485,9.98574018,-18.23610114
6.22019334,-1.23222585,-10.19454522
7.5241726,-8.62439801,-15.99166778
8.12376292,-19.9310295,4.87055082
5.5156692,-10.80180699,-9.64284554
7.38857512,-1.77934015,-19.61874987
8.68085221,-9.33667742,-13.93585022
-16.21271204,-12.19167931,13.62706811
-19.8814119,10.15141237,-8.02338952
2.34978642,-19.86241872,10.83985522
3.79736381,-15.9226813,7.64523525
8.47740721,-13.55792958,-1.59428025
-12.52518028,6.3559906,-0.55280418
-19.52905116,-2.83743934,3.30812765
10.29244067,-19.1896183,-18.07849669
11.31396008,-9.0645408,-19.45468192
-18.33096444,7.2258087,-6.2250312
3.0937305,-10.02575147,1.12350513
7.37804898,-1.45387102,-13.88587148
-10.22905016,-19.8297893,14.05923579
17.34192264,-16.80967489,-6.01709605
9.0648303,-11.28896852,-13.74751366
11.50877363,-8.79057126,-12.61311893
-7.95089776,13.18348495,-18.93432326
10.18423182,-15.11067702,-12.58072134
-1.81196276,3.83854347,-7.38328829
-18.21888103,2.63150959,4.7623531
3.50206349,-13.76538158,-7.27991977
-12.17853386,14.88742083,-15.58164461
2.82734521,-14.4762819,3.22211432
0.83835973,-14.64629153,3.31570622
-7.91772167,13.11203152,-10.23066306
-11.60373255,-12.90684271,13.3167491
-13.89489941,-3.20560536,9.49612846
-19.31691548,-9.11034565,14.46780945
4.4038209,-6.31152197,-16.84383994
3.82227139,-3.40116693,-6.50508993
-19.48651612,-10.59026475,15.23242645
7.37748698,-4.52613071,-17.30344321
-17.47776139,-19.33980204,15.56675046
-11.10603168,-9.25428024,15.31670447
-15.59615818,-5.35781278,11.04176192
3.69294823,-9.10171657,-3.55793857
4.18475244,-15.80478408,-2.23025733
-15.6414506,10.42149518,-6.7420463
-2.10999933,-10.76390484,5.2663391
16.17026958,-18.91727262,-19.80969958
-9.89538545,9.70723583,-17.86791495
-17.41640304,-0.76812671,6.05877629
4.52031653,-18.36847113,3.57112454
-7.56445665,-15.31209678,12.47905553
9.04900788,-5.71250767,-12.81143582
-5.8412942,-11.242646,8.79209554
13.21001475,-7.66258861,-16.29674516
-12.18825125,-7.94673673,12.8647713
-18.9170119,-6.85532543,15.1273225
11.38220842,-17.62767493,-17.99697238
-16.70065184,8.02965069,-0.26519935
-19.47426582,19.67657551,-7.72663413
-8.88810011,3.27026213,-3.59469173
-18.91682006,-2.10144528,12.57995419
-11.52840538,-12.6004729,6.68082423
-17.97772271,-6.11821304,2.55464292
-17.16515253,-11.25030743,11.75456371
16.29810898,-9.22985011,-15.9318541
-13.98980799,-16.37166665,17.0895115
-17.7417104,1.59068136,3.37212401
-2.54853035,4.9370486,-14.44495547
14.13243782,-7.52740593,-12.61144565
-10.80319388,5.80222003,-12.88646576
-14.52989915,12.25597438,-11.23817091
-16.37445499,14.08317647,-7.90696368
-8.22899641,8.40938138,-16.19884243
-16.5330838,17.13860882,-7.98342938
-11.20401206,6.47344327,-11.2590046
-17.90617036,16.36481464,-17.90395132
10.97122068,-17.98832254,-4.54560574
-4.82488608,5.09946746,-13.83777882
-12.84246136,14.80532861,-8.05675411
16.8222302,-13.47404488,-12.63501611
-12.375955,-6.55062322,8.43412186
9.61251028,-4.46158287,-12.02613717
2.55963431,-8.19403243,-15.25657777
-3.46478607,-17.60329831,4.69548954
-11.63151803,17.87064263,-14.48647097
-9.55348097,-7.7847848,4.60869561
-15.25011434,6.85899739,1.89709393
-9.1505011,-9.13557649,4.4024549
-3.66181602,5.86439588,-10.12885418
-18.47240241,7.95262658,-5.42069836
11.49909827,-19.8242398,-0.84575764
-13.61321482,-14.72171217,12.59535139
-1.42096796,-17.88794757,3.57709339
-8.96626855,10.40704547,-12.08688235
5.52918589,-16.45759615,-8.53290457
-9.36826015,13.3051281,-9.74984759
-2.89347338,-17.21984754,12.25610412
-9.58036139,19.5441691,-17.97065823
-8.66220542,-13.35961931,11.48178669
2.87584148,-2.85993412,-10.01091985
12.9687894,-16.73341388,-4.86001373
-13.68640725,-10.19079221,16.60600493
6.94021984,-0.04855056,-11.96532158
7.1275164,-14.18027288,-11.4967827
-8.27978157,2.00119385,0.49228022
14.69323452,-15.82259311,-5.87691491
-19.10004496,-14.69600193,7.63146929
4.94807647,-16.64710945,5.40312189
-2.62586264,-9.62717486,4.09501712
3.32418407,-11.59298439,-0.9764168
11.96795124,-12.02954369,-19.01702933
-10.63708694,-17.91623258,16.50269029
-1.829943,-8.83397412,4.95722871
17.3116603,-15.84370519,-15.15185551
-14.50581223,-12.17386214,17.98108392
-13.06536022,13.94190905,-8.22882617
4.31611965,0.51684113,-16.02032011
-19.64100848,13.21082639,-12.74149949
-12.10638628,-7.01007422,3.24091289
6.57076165,-17.66558921,-10.60980415
-4.17314606,-18.08693535,12.99697712
-1.93187885,-15.70511908,7.23958146
-13.74026533,14.46909845,-19.71356482
-11.69391741,-6.97791699,12.06816866
-9.81887986,7.67647618,-18.46233286
-18.35122076,5.88733838,-0.40649829
-19.46035331,19.00954369,-8.19072708
-8.78870333,4.1214076,-6.11120134
3.11999093,-12.8632325,-12.46316553
-3.06646058,-18.75944603,16.13087858
-19.14348279,-19.80871901,16.27031676
-7.7934674,5.58216012,-14.77644377
-10.69625682,17.05978839,-11.55292711
-16.76072098,-12.71968575,14.68079329
-4.55838684,17.63379283,-17.69436838
-9.35203093,-18.13366068,12.61458074
-18.13868525,-5.36805156,5.02801174
-15.80644913,12.26105776,-6.83198159
13.51446703,-7.39130757,-18.62992249
-19.2335685,-6.38258047,6.93342765
-16.8541525,-15.86724356,19.6310694
-17.11445246,16.94071161,-19.2526835
-8.36155749,10.5465421,-8.11551377
-12.55611252,17.38149599,-10.36821194
-8.74103259,11.38374194,-8.98219834
-2.94719618,-19.73694097,11.61189957
8.91407659,-8.05883552,-12.49732882
-9.99803229,-15.74128495,13.60188054
-12.11888466,-18.39289583,16.70698492
-16.80081574,-10.25361073,15.91065823
-8.36469257,-19.9815477,16.1816168
-10.16489603,-2.9414907,5.36754927
-16.27178584,-8.61507283,16.68497823
13.2767428,-16.00949856,-16.53226605
-13.71335627,-3.27456766,5.74146984
-12.63859477,-9.10493908,10.70186712
-4.10062346,7.35510014,-13.80832504
-16.22116653,-11.77804942,18.64846805
5.62279502,-6.65156771,-10.64136411
-19.24073645,7.82327963,-15.92273854
-16.24338632,-7.63201648,3.98294928
-15.99458242,3.3818322,-3.29399408
2.95442786,-13.10655249,3.72343671
1.79603516,3.63660957,-18.60213478
4.22960522,0.68725153,-11.05691045
12.41990665,-2.70991084,-19.01746573
-17.09429435,13.61527616,-1.07857041
5.7651758,-15.79433442,-4.64562943
5.83264336,-18.5529803,5.46868857
-10.37180041,-19.08472953,9.16752483
-13.03554569,-8.89447298,16.117909
-15.36400215,-18.11308189,8.9837802
-11.46891052,-2.42614993,7.24367552
5.27138413,-16.69521515,-5.32773708
14.36541407,-13.11471947,-6.32088838
4.56171674,-7.07382458,-8.38725697
-17.15585547,-6.28492631,16.83971258
-15.34526974,-0.13961178,9.93843022
-16.26682543,11.5037908,-4.84866851
16.92690434,-19.66588008,-4.91737786
19.80897271,-14.5248519,-18.79329998
-19.98685018,2.54200064,12.99081878
-5.03574042,8.55768159,-15.12274769
11.81402566,-16.38433363,-7.7973845
-13.00095747,6.93123208,-16.03679101
15.01235251,-16.5836134,-18.79105527
10.48196747,-5.77724532,-16.57412888
-3.86585577,15.13218156,-17.36451471
-18.15717849,-7.53814125,19.21166301
-11.75064322,-11.45490768,16.13578462
-17.16163068,-8.09028851,16.20436121
11.96346735,-13.25232059,-16.66556062
-18.92568024,4.2082282,-4.35873911
-14.04265556,9.52984499,-5.99480471
6.49552248,0.13387289,-11.10156448
-12.17354216,3.77437102,-15.03386409
-17.07511059,17.15446898,-13.77554052
17.36477442,-11.0383809,-17.00656434
-18.51048134,11.54045941,1.04299646
-19.48622028,-6.63891921,14.75101066
-6.30751454,2.72013854,-11.24413814
-16.32557218,13.16524738,-16.42979993
12.61365014,-18.71712478,-7.29000726
-19.85296905,-7.29610214,9.07003861
14.17520772,-15.03695422,-18.92498109
-14.22350598,-11.62230279,14.05224649
-16.72857346,7.4246201,-8.92082893
-9.73050665,-12.90797211,10.79605593
3.35228921,-15.55827187,-8.69501977
-8.54807639,11.64793913,-11.24924775
-7.36497449,-13.23835647,11.10751385
-2.58500113,9.89569695,-12.89978312
-7.35425059,-19.16834053,17.15464025
-15.95541187,12.33502658,-6.36279875
13.02131189,-3.92367548,-19.80384022
-18.28769687,-18.5122796,5.41031465
6.43991363,-16.65011623,-8.24302323
-11.84550826,-12.09628675,5.09624669
-0.24387717,-14.60138484,7.65961436
-7.73843976,18.55559961,-16.20590392
-12.55803887,2.70628118,1.45419974
13.88412853,-11.89585427,-10.20371077
-13.74342097,17.63103785,-10.36306203
-15.14568557,19.67051706,-11.80617706
-12.37690827,-6.24057276,3.99910625
-13.19430438,5.31388429,3.44209649
-13.14732029,-2.31608429,6.98522164
-11.53991756,-19.77258421,7.82387684
6.18703148,2.97913293,-17.39296458
-5.78566907,-18.65995913,14.41385519
-1.76479249,-14.687302,11.1885383
-4.86342267,15.12262249,-18.42853802
1.12898497,9.05126386,-18.28353366
9.22499223,-18.45206565,-3.87517648
15.67980075,-7.32956906,-16.19188793
-19.07923845,13.11464552,-7.15061024
-11.98013542,-5.68597206,7.24799929
-11.90156363,-7.74347702,13.49738528
-6.57656598,-16.67371894,10.79232989
-19.7684614,-15.81814938,12.52466271
-1.9441376,-17.00387875,7.36502547
10.06778806,3.01655498,-18.10894062
3.14534719,3.55513875,-13.04387684
-14.13691741,-1.65816391,9.20516142
16.14960064,-13.63051891,-18.36063828
-17.03533887,-15.86273047,5.61373647
15.83489316,-13.11320376,-12.05880883
-17.84724168,10.67586559,-5.84221126
2.8839086,-14.05685969,-5.67119453
7.06187791,-14.37959825,-3.23306988
-12.57680187,-13.32480589,9.56016816
4.34119405,-17.29763553,7.6965592
3.7882705,-11.84188545,0.17712452
-19.43083799,19.25660344,-4.74931177
3.43035155,10.30607465,-19.56588443
-1.68682839,4.04052302,-12.65521536
-9.66450626,14.18041169,-9.372342
-19.80221394,7.21457031,5.78562828
8.19698839,-13.24758172,-13.57404832
11.98662475,-15.89894298,-5.99733347
-17.52060334,9.12169131,-19.0306742
-15.87686022,12.05186954,-4.11740351
11.23266074,-5.07344733,-14.16736457
-6.70517268,4.313661,-3.34310196
-17.96702571,-3.53334159,9.58918874
-17.92862613,6.41918422,-5.87011027
-17.98422993,-4.88281653,13.79129596
-16.07304365,4.66621235,-13.59904791
-16.01918653,-2.52326893,6.29762787
13.27987118,-13.87283526,-19.55539596
-7.12692789,-19.67298432,10.94528938
-13.0829878,4.86435263,-14.05382534
-13.04711361,18.345878,-17.23344282
-9.14872468,-6.3782608,9.11260597
-11.64929309,4.58660089,-13.90913301
-16.96342359,7.19903055,-10.14646419
4.68839151,-12.25848784,-0.46200854
19.27107388,-11.66225794,-12.06994963
-8.57922019,7.98298535,-17.10108797
-18.47022336,12.94990773,-8.60128208
-15.53520783,-1.74192136,5.32865321
-14.1457892,6.07897057,-3.19018874
19.15763821,-7.86263517,-18.16055498
5.41142564,-9.31656553,-14.86635889
5.46243042,0.71752902,-15.08990443
-15.00266253,17.56642558,-13.59931032
-16.5734935,9.32115343,-3.03738838
-19.1140019,19.99127696,-13.65450088
-10.48504162,-18.50000633,16.58349697
-16.21907238,10.31565966,-2.64432255
-19.27949388,9.30910908,-10.93546483
-4.22102008,-19.41409241,7.87473174
-8.20792953,13.35626652,-19.26282678
-10.8246575,-4.90788166,6.78438048
-15.83965791,11.70519509,-7.9072893
-17.49233755,19.2234427,-17.12292738
15.85072636,-12.85499663,-10.00184341
3.83507026,-15.83161654,-7.16255364
-9.52912446,16.75983893,-12.01091716
-15.04949359,2.40452976,2.58966459
-5.31621151,10.90573186,-13.62362728
4.69644288,1.19496222,-13.42061415
-14.50073692,17.34964554,-8.65570794
-12.74192045,-16.52562043,13.44962708
-10.97520789,-2.7158587,5.03609451
17.52076821,-11.89346926,-11.07631321
-19.14869186,8.79909886,-1.31581637
-3.93317859,8.59908469,-18.36517443
-12.43365177,-11.3458628,12.59121232
8.78980127,-18.54223969,-0.314075
-4.23589946,17.88656914,-18.86383332
9.26590924,1.74537782,-16.62349429
9.16343083,-14.14432093,-18.94363296
-12.85160515,-0.41894392,5.43252084
3.54239345,-10.28108846,-19.4235098
-9.03527215,-14.53608143,2.74411374
-18.66313763,8.94555794,-5.01933675
13.16206379,-10.56540904,-8.0536413
-18.71945821,11.42786663,-4.87866439
-14.75353279,2.97113345,6.35654839
-11.5743534,-17.87783931,18.85144095
-19.61084643,11.57246648,-12.35593161
2.73933504,-15.00551994,3.71063129
4.70160538,0.80494946,-14.68639096
-15.66246837,-1.60144925,4.59165009
11.18565047,-19.30245401,-9.39584551
7.4645485,-15.23443815,-5.06188338
-13.78541061,-8.30272684,3.01133439
9.09300907,-4.30448292,-14.03768052
-0.28951552,-18.72536483,3.37404413
14.22814803,-14.18305798,-8.78768199
3.09264483,-16.64666113,8.68442266
7.82906846,-11.23887415,-17.31049548
5.39973877,-0.05162625,-10.36812145
-4.25114293,-10.83628002,8.51597184
-1.75476857,-19.4970376,13.8344724
-4.22813006,-12.88830981,6.47514464
-19.4886626,17.1115583,-14.14544318
-3.92419151,-9.199574,8.37466572
-10.47286981,-14.53658079,6.05785704
16.22591386,-9.12122054,-19.96770178
-9.39196204,7.48102394,-18.20508975
-16.93326389,-10.21504267,9.0582189
16.60240267,-19.54884557,-19.16321108
7.04709846,-19.86109512,2.09566388
-11.26055622,6.94793223,-18.66098545
-15.85620949,-1.5150417,3.24257797
2.80321351,-15.30308596,5.26909267
11.84305889,-17.47742968,-7.22651262
-16.29170277,-18.23361207,7.29291038
-17.2370725,-7.79208636,11.95026087
8.96935476,-17.97986052,2.83013456
-10.05331689,19.82798934,-16.72065327
-9.44313033,8.61275837,-18.88256269
-9.91908681,-10.31235713,8.5686105
-5.23869324,-14.20642807,11.05947642
3.65916456,-12.85108927,-2.97739857
2.87155691,-1.29378026,-10.95918701
7.60249219,-12.43551053,-7.83135368
-14.3868656,18.55942062,-9.22846627
-12.16531287,-14.69741424,17.67083256
-12.27052669,16.40416696,-17.98525251
6.13644555,-13.11497534,-11.81634803
-5.561623,10.86126215,-13.41988823
-16.22312583,-15.07233748,17.32554814
-17.0107613,-9.73796972,16.37016994
-11.70260079,12.25360908,-14.3981187
2.86632703,-0.15049482,-12.84332
-10.83425397,-6.50790456,5.67906608
-17.3008781,16.84339996,-4.01356028
-14.76114973,-16.51880272,5.35826329
-7.78767878,-17.65603052,5.6441337
-12.03800011,-4.00565579,6.32543974
-10.41204575,-14.77968808,11.86076015
11.66741599,-15.18458194,-15.77090958
16.46220596,-11.15462077,-16.21709197
-16.0900648,-17.29442817,3.3514265
-3.02914524,-17.86061845,7.8048448
-12.61675791,-12.15650849,2.72674597
-17.49542754,-9.70334478,12.5837153
5.37944577,-16.97711634,1.27453138
16.06336151,-17.99472081,-17.4182127
17.98236159,-13.12955436,-18.43583663
17.57608124,-18.4244472,-14.18287338
15.66781857,-19.95107893,-15.69119499
-17.05808497,3.13433433,4.87106671
-1.63121352,-19.82069618,9.94940281
-12.38515582,-5.93474034,2.80834678
-8.19156275,-16.66125411,16.51470131
-16.71387259,8.00298992,1.30911396
8.34778179,1.08560369,-18.88703292
16.01794141,-19.54493652,-4.55024335
-0.23706443,2.72087144,-17.96449765
-9.908508,12.3445763,-16.33409841
-19.27530322,12.54508503,-8.60285599
-15.67732016,4.92731009,-12.74991522
-19.54217002,6.73719086,8.06398897
-6.55303438,-16.19638725,12.79721566
-16.84360309,13.26063217,-10.48379404
-0.48941254,9.48368021,-16.98043381
5.77945354,5.68746351,-19.43626543
-5.84726039,-16.18215786,3.60552136
3.76026645,-2.39644676,-16.16457676
10.06111748,-19.50752619,-18.34526806
-15.47762188,-17.95646434,7.79954133
8.51902854,-6.63348011,-9.79000687
-16.65817512,11.01734685,-18.01145052
7.90305364,-17.37472259,-11.87332305
-16.46158347,4.62326233,5.3173566
-11.00487432,12.34042405,-16.25700872
-7.24731714,-7.94278192,4.47411149
-3.39582485,17.22522582,-19.75864353
9.55762937,-11.69331658,-7.10245966
7.06170174,4.93487764,-19.06776666
-2.90410841,-13.91339928,7.78712997
3.68152998,-17.82076041,-15.90236483
-6.34649425,-19.35488859,3.92642007
2.71770621,7.87643919,-15.56188169
-12.01770357,18.28132497,-13.80556008
4.94800606,3.26840572,-17.44969392
15.95912717,-9.50697265,-15.9883881
-18.11126469,16.50611238,-3.34834522
-13.85392475,5.30080356,-1.6512333
-13.45931675,10.87199205,-3.89012091
6.82636042,-4.05630163,-7.62629144
-13.90563135,-15.9983567,18.37708597
16.76658507,-9.57772372,-16.86555351
-13.47571844,-9.49604783,15.74900716
-12.50919837,15.77920644,-11.75146058
17.43865331,-6.16886601,-16.8360505
4.51123592,-16.86796448,-1.4365245
-17.07780557,-19.20068682,10.7419138
-13.4198949,15.64676105,-8.59321261
-16.42027453,-16.24060691,15.80190905
2.23482315,-15.88992216,-19.9948865
5.17923439,-11.22321118,-2.06364673
2.89487078,8.61099817,-17.93784182
-17.44670362,2.67485409,2.90633593
14.43562975,-12.44809219,-9.91678204
4.90212758,-17.31489554,-0.45983344
-14.99935126,9.78458676,-16.69583389
-12.60949827,-6.38093899,10.63440268
-18.69694987,5.64213001,1.34414959
-19.45461919,-19.7008796,5.67400376
-13.53825549,-15.4453966,6.96045051
0.8742336,-13.63432481,6.98008192
-1.53029851,-18.22179396,2.50902435
9.10167268,-19.09961277,-6.62572849
10.03388486,-8.07396541,-19.01484798
-12.1433978,6.10503859,-7.40411436
-16.93060298,13.00797161,-3.73599266
-16.76113895,-19.23199713,3.66393489
-12.02212783,11.00081797,-14.2229297
-12.93576752,-14.9981691,16.99904813
16.54059284,-13.44630467,-14.84182715
-9.26828177,-13.72824351,12.03415298
-14.42351553,8.27654899,-13.46130964
-5.59075643,5.12736042,-5.77790482
8.62595743,4.19851827,-17.98270596
-11.63425637,-17.2225237,18.88562612
9.01859948,-18.1701037,-12.50930418
13.59377745,-7.6876385,-16.18679641
-17.35224666,-9.9349023,19.89620492
11.37512764,-15.81282912,-18.75207109
9.93816604,-7.81509272,-15.19382312
-13.18455656,13.07022382,-5.40957472
-14.36021287,4.4951053,-14.83048545
-17.95501161,0.97470349,12.44990974
-4.28904499,-19.4825171,8.27332032
5.75834629,-18.84719449,-18.73172318
12.77440916,-10.62351951,-14.26405506
-18.34539403,10.64538328,-2.20121843
-17.721038,-4.47418439,13.55405511
3.55840179,1.09876692,-16.40581658
-19.95813966,3.28317842,6.51755851
-5.47800489,7.60838165,-9.50800279
-11.08031154,-13.12992382,7.51992143
-9.91531951,-13.5246171,6.14363574
-14.49352782,-8.174595,9.34827712
-3.71514131,11.74423843,-12.96357724
-6.37050065,9.16714174,-16.24090411
-3.39777867,-9.88095965,6.87056942
-17.45719587,3.20057811,-12.87302033
-18.82110442,16.18518813,-12.87083402
-15.38452906,-2.50712258,5.91348175
9.7824709,-15.24531779,-1.81690177
7.0348709,-17.54599061,-1.7769144
-10.81085369,13.40238134,-14.74253669
11.22751487,-14.1852985,-5.20766021
-17.85053624,13.79829996,-8.15702975
19.67958133,-19.57995253,-7.68263744
6.19122308,-10.8894472,-17.45444922
8.74713522,-16.37145366,-1.13602956
5.25069614,8.53505721,-19.94705181
-5.53481241,11.22228288,-15.64115761
-19.11264205,7.17326373,-6.85252765
-14.81546862,2.4371697,-8.61134804
-4.75378424,-8.66439455,2.37169292
7.44008737,-16.37140595,-9.28326941
-14.72457363,11.60757665,-10.90694316
-14.35027778,-9.29624023,3.60774716
14.54833423,-15.20998983,-8.41674616
11.48822741,-13.92269763,-3.21254605
-18.81353291,-14.24250379,9.01119472
9.04204857,0.51135521,-14.73474739
-6.04492498,9.50207393,-9.17199336
-13.71961482,17.40845239,-18.98613318
-13.90471706,-12.95089569,17.43752893
-13.876036,-11.06451233,8.89723097
11.3425162,-7.26822703,-14.10310395
7.04481669,-15.88387547,1.35775654
-19.90611398,-1.05433633,16.13569422
7.77226468,2.75832519,-15.75349549
-16.1094526,-10.75994215,19.78582004
11.77156955,-17.99739585,-1.09315035
14.95757527,-17.65719918,-8.63963385
-1.27012081,6.37386855,-18.40442386
2.62752676,-18.16595614,-5.44859507
13.30486081,-11.20222277,-11.82846317
-2.96526007,5.79308049,-19.9598558
8.19361683,-7.03354538,-12.90526108
13.42531259,-4.71894509,-19.15873264
6.55023539,-19.71812092,-14.07150746
-12.47688857,4.80510947,-12.68077512
7.72249041,-4.1964638,-16.43367405
-15.1339045,-18.54137047,19.68285193
6.74010167,-14.89229263,0.25619306
-15.07889857,18.79088476,-9.64136549
18.52686622,-8.26150023,-18.17435728
2.65849695,4.12150909,-11.27567335
-1.85627169,5.73888059,-18.74418822
-12.07507169,-13.19205024,2.82309586
11.2292178,-9.96027312,-13.74530899
-15.1262886,-17.42322422,13.89611472
16.35077224,-13.75831503,-11.43781251
-9.11410469,10.62293097,-16.66076894
-11.99207426,14.05332545,-7.90244856
0.26232372,-11.16893603,4.57534473
-14.64726108,11.26009968,-5.84952045
12.99584418,-17.63136808,-4.14995062
-17.89122733,11.24444605,-6.91722993
-14.81727165,4.93372072,-13.25279092
-19.01106612,6.32356383,-19.06130788
-13.4065988,9.2066021,-5.08517303
-16.41993685,1.41184118,9.07659249
9.42292623,-6.63112279,-16.54353678
8.32808598,-2.39768141,-11.09848673
-14.98446509,5.5515175,-14.05696915
-17.97235352,-4.31101029,17.63338329
-8.39032266,12.1599884,-14.92172043
-4.63849172,-17.22654331,7.90610165
-5.14270316,-19.90089327,17.34369863
10.43971266,-10.75716426,-19.93515191
-4.20730305,-17.55601881,6.81456815
10.62291694,-15.32415538,-5.7996348
-19.2180595,-0.13750625,13.2540953
12.23511946,-10.56123733,-19.79949717
7.53611253,-2.73042778,-10.07470253
5.12301993,-6.33493706,-13.34392936
-16.09138852,1.70644805,5.08524436
18.82659454,-11.82592902,-11.80123293
-3.14138432,14.07468442,-15.70163815
10.83045957,-8.40588171,-19.42273414
17.17660735,-9.42638872,-17.82874266
9.46356862,-3.45612222,-14.95780844
-4.01451861,5.53910167,-18.81889825
-19.33381693,13.61864581,-2.86265266
-16.19100546,-18.78983915,11.50733563
7.55624535,-10.26876549,-3.22663878
-15.82197578,-10.96467438,13.91446252
11.71747923,-9.66387777,-19.46348552
9.29596733,-16.42938988,-17.44335929
-14.07336369,9.07287015,-19.42238611
-18.99464876,-1.33944526,13.54765146
-17.05662691,14.82889212,-7.34858657
16.79969369,-13.69115849,-10.5119245
-13.44607831,-6.31447645,10.41287169
12.07061049,-7.28273393,-17.42918088
-18.75843776,15.02981874,-11.31155158
5.20230902,-11.89664534,-10.74407862
-16.54905796,12.33253183,-4.07138342
-15.04388709,17.51152499,-8.05516479
-17.46218588,-14.38690665,14.07577182
-11.5783852,16.91204882,-17.21936242
5.65349541,-17.49008694,-3.28707933
-9.72870148,-15.45261493,19.51703689
9.44697397,-19.45139614,-5.97328347
5.0577853,-15.68737302,-8.33615667
2.95361321,-8.22427146,-8.74953161
7.61120151,-12.62863328,-13.0846553
-16.22421476,-1.57439002,5.74136591
-17.06354077,-1.1385307,8.58111335
0.87938222,2.55291384,-10.85079375
-10.6654458,-12.25738166,15.48378003
-12.18983646,6.43480846,-1.20865462
3.33294623,-19.10812717,10.32773905
-10.28863739,-13.66571194,19.40195085
-2.72101233,5.45571797,-12.24417617
10.23429289,-3.55130002,-19.1417169
-11.28727182,4.47934133,-15.87943697
-8.79356374,8.50869042,-16.65234883
-7.40957606,8.01537385,-12.93102733
3.85560556,-15.98360267,-9.30307363
-17.00124111,0.6897474,11.66102887
4.50316432,-11.46957308,-12.76400269
12.94240266,-13.03349667,-8.44391521
3.62834673,-5.51594941,-10.91624578
-15.10526018,5.17425981,-18.22532569
-16.1246492,13.21664023,-3.37144525
-4.77783208,10.82461135,-14.42113812
-6.70296493,-19.23418492,14.95252235
7.46854431,-11.92131633,-5.5540852
-9.11042028,-18.50528996,13.47096672
-0.4062115,-12.10862695,5.48214983
12.15291345,-14.95452171,-11.60978472
18.67791707,-12.61488531,-11.76286743
10.49467871,-14.50329895,-0.8173842
2.67329472,5.57259802,-19.94870595
11.60750756,-15.98313608,-18.02400051
-14.63025254,-3.34479036,8.64429913
-17.56594233,-3.49609159,2.23781587
-6.1681215,-16.27387455,13.71759365
6.17733433,-11.27492592,-3.21520071
11.73842309,-11.36086157,-8.07101713
3.30286479,-1.39854192,-6.59568945
15.74368504,-19.78079642,-14.42170699
-17.78671707,9.1941675,-3.11052097
-14.29074425,8.96902379,-7.5636258
1.42704001,5.11972176,-13.02398105
-2.57472777,2.52682196,-12.96321378
-4.86633364,12.56849166,-12.62810159
-18.89290419,14.54031992,-3.56962657
12.60924355,-11.88692399,-14.77395926
7.92531334,-9.87992346,-15.74908231
-15.29237023,12.53384106,-16.36937042
-18.25136169,-16.56715938,6.11442686
5.05598965,-19.30578605,6.36853032
1.99749431,3.66423777,-15.17399047
15.88823047,-7.59641986,-13.29535512
-17.59435513,19.07755004,-19.99325398
3.06207302,-5.40629878,-8.65877638
-15.00565852,12.39533094,-8.05696492
-17.53234206,11.00484558,-14.84045003
12.94712143,-11.28718808,-7.81334411
5.59879243,-15.71587668,4.02623172
-12.85382653,18.9899515,-14.6396684
-14.24026645,-7.24349805,16.77808303
-13.96869969,8.12390727,-18.19884494
-5.01228349,-16.78544731,7.06580521
11.39510884,-13.07232255,-13.1280326
-17.29935834,7.39384223,-12.16709516
-13.80901165,-13.34671658,6.04853027
6.1537733,-19.9193315,-15.15511987
9.13455088,-19.70201004,5.2578412
4.55757155,-16.0142636,6.16756036
6.48240228,-1.3194119,-13.10286591
-3.05249024,-11.25084869,7.0954173
13.79377315,-12.91318482,-8.22063711
7.92823073,5.0273569,-17.86752141
-19.94920071,8.22124459,-14.5521549
-19.90780948,16.63532997,-4.22951662
-17.22879734,6.32930428,-14.35166218
-13.21052379,-11.96666729,16.79011041
14.28595592,-8.50587939,-19.9656424
11.97317222,-6.98567622,-10.34436579
9.3748615,-16.89384739,-4.75683718
-17.82062076,2.59479425,4.43803717
-19.15713213,-17.02037572,5.35076254
5.52030068,-15.57958946,-18.47245098
-17.39075506,-2.12995036,11.86991319
12.77320946,-15.80688482,-13.70487183
-18.93180534,-2.43477338,8.24199545
-12.6239287,-9.20587621,12.08721472
-11.73122067,-18.67816924,3.69682392
3.27137194,0.19166236,-9.51763327
-17.72847584,6.63764124,-10.11801662
14.48772684,-8.10664916,-19.85841997
-11.9528233,19.88008612,-17.44945513
-14.92887633,5.06927483,-0.21237116
-18.35723482,12.30746901,-8.15608269
-4.90140788,15.69238402,-19.37623501
-14.91514051,14.25772201,-15.93385545
-9.6770856,9.76599234,-19.23345985
9.09526826,-13.90987526,-11.64059518
12.90922526,-12.65334444,-7.65829804
4.08299413,-3.776134,-11.80380587
14.73205229,-17.66092964,-10.34798341
-5.71372484,-18.49323041,9.1967422
-8.57100049,-17.52441969,10.2049778
3.84101944,-8.90703179,-17.97590203
0.77536197,-18.83917642,8.47006319
-15.3881041,9.37682752,-13.94034825
-17.46570095,12.29154725,-9.69187821
2.35440845,3.10805296,-10.48533032
-10.92819077,3.10998644,2.50046004
13.88184493,-3.79242848,-15.93159447
4.04004177,-17.53838123,-7.91782187
6.84950021,-7.46833173,-11.09296853
11.32167203,-0.92062747,-18.08037485
-0.13039839,-18.71793989,5.25173144
16.56595782,-6.5627995,-15.31110734
-19.29918476,-18.76541624,12.9430832
-14.4250753,-13.10528612,15.79189864
4.84530998,-9.2921326,-7.31260563
-0.09500146,-19.30772842,13.73772868
-19.553334,13.64648938,-2.50240206
8.39161052,-14.36097392,-11.07228164
17.61560881,-6.6788359,-19.49923001
-8.7943284,17.90265645,-19.77465255
9.76348472,-8.27868767,-11.38478191
-16.77886738,-7.12107109,16.21194913
-17.24436854,3.49201876,7.07815745
5.47848395,-19.52637047,-8.40503656
14.61261938,-11.52574543,-11.61887511
-10.90455712,-18.86176669,7.84512703
18.70749539,-9.01847123,-15.89626106
-15.77268364,12.35072764,-14.09094582
-13.15843952,6.52271272,-15.52621524
-16.93232437,-3.74049418,14.58815451
10.28543505,-11.68211148,-18.94842667
4.11631714,4.16957891,-14.67075884
-9.25886682,15.50643546,-14.59902385
15.04191548,-14.34724321,-11.10756507
8.82487386,-16.34141467,-0.80853209
19.35756535,-15.4110131,-18.39009522
-10.4970226,9.25022222,-14.46054996
-17.60221864,17.0083599,-19.82777166
-10.28799163,18.27659554,-16.95804274
-19.50288711,12.71703671,-7.25371211
1.45828548,6.02947934,-14.80104424
16.99656649,-19.00971259,-11.15293391
-13.15248921,-10.33485795,18.14524631
-11.77577663,-1.14459818,7.31310487
1.19370630e+01,-1.71553234e-02,-1.85452699e+01
10.01971703,-15.71730908,-19.54343636
-17.49606946,17.72715304,-5.64763037
12.94957666,-17.14875074,-7.23370987
-3.40068887,12.14532332,-15.07617132
-10.72086291,4.72700187,-11.40746188
11.53180922,-4.48244271,-16.4718018
-14.67464871,14.74119269,-8.57168774
-16.20668532,13.87850814,-14.16609508
-9.72995717,-17.47349269,6.91123723
11.00189605,-14.04616236,-6.05374461
18.77208882,-16.0098699,-16.6285129
8.36211893,-11.012909,-3.11287663
-19.59501174,0.817409,7.01968036
-13.75298049,14.36649945,-19.75382164
15.32424482,-12.79464103,-19.15854259
-11.118998,-6.8054103,13.44099365
-14.90447001,-9.24511382,12.40842465
19.9884619,-18.99815057,-11.98476249
-17.13031755,-15.97658104,5.37521291
0.24959029,6.69430105,-14.12381899
8.73562839,-18.95811799,-9.58375175
-16.76681939,8.66695319,-5.76831544
-19.33501144,10.60964456,2.88125891
-9.83417993,5.57978515,-19.72420332
-18.28483041,14.4511477,-14.10054009
-3.54803774,4.65659683,-10.2142438
-8.70625773,4.52272158,-18.88584451
10.48285189,-5.53494541,-18.78475478
1.37728338,-12.12422321,5.83668612
-2.70403065,-15.71974848,12.84448796
-4.852769,5.81453419,-10.23038862
-17.93805889,15.62938871,-16.11733884
-12.59406313,-15.27034021,16.58874367
-13.04607633,16.94097519,-9.45782833
8.81665735,-16.50638741,-12.03618834
6.3559211,-15.64179488,3.29134173
-1.66165478,-19.6341237,15.14993228
-8.17993948,19.20547418,-16.69649156
-3.16899817,7.09585364,-9.89898126
-16.08471592,-0.65665758,6.90880395
10.19302554,-4.3088691,-19.33724668
-10.99753684,7.53087724,-13.87607225
4.89006503,-13.28951413,-8.48374372
8.46021694,-15.97542572,2.53015653
-8.16304483,-17.08682163,4.41364762
-18.17586804,0.89875565,8.70793772
14.80458364,-18.87291839,-6.71127218
2.22766634,12.55582957,-19.22540606
-7.82159263,10.86147849,-13.63753472
11.64428644,-6.18982098,-10.13057877
-18.70922553,-1.61232141,5.62714433
-18.96808121,19.89627867,-5.89296432
-5.72803313,3.88820658,-10.67111184
4.76460564,-7.06277877,-7.55724681
-4.31564076,9.53626267,-16.18779615
12.81907116,-16.97024152,-1.58366005
-12.25484631,13.38352277,-12.19853245
4.04241578,-16.70122447,-8.96159051
14.26448398,-7.85337811,-14.93350944
15.50251731,-8.27986448,-17.63212722
-6.55856105,3.75077768,-5.62943617
17.48306728,-9.50743455,-15.2767803
-9.63366153,4.83942197,-9.58015424
-11.7516894,-17.67428878,4.73511315
-12.51285017,2.74889046,-0.01262009
12.32199912,-18.05362639,-5.46014406
-7.06997071,8.06437452,-19.3634524
-15.36880885,-7.09510705,11.61340566
4.62706565,-16.98333064,1.35636327
-17.5178671,-13.81070075,7.67306946
0.58060164,7.84771821,-12.98826776
-14.20363727,2.39570829,1.71958815
-15.55396826,11.43444436,-18.14780632
5.30553965,-18.161795,8.20721677
-13.75265408,-9.25679781,18.4930402
-11.78100655,-15.74191148,13.46513034
-7.22659033,-15.32825416,5.46810197
-15.34685993,7.61526198,-2.44891893
6.34238888,-19.08991947,-16.08331712
-11.79576561,-15.36227412,17.88480423
1.57841655,-13.87423813,2.29120702
6.50149364,1.42063318,-14.42873799
-14.24311851,7.13480483,1.66771265
0.26865477,-19.61795514,4.55464435
2.78327547,-4.93430475,-12.55559816
-8.71451403,-15.66773227,13.32602687
-16.46517486,19.15250038,-15.59364722
-6.154399,11.22159761,-14.11107021
-8.81016572,0.91836105,2.57379687
7.34876715,-18.93228735,4.87726507
-10.59255622,5.21479192,-0.91050139
-1.64233071,-13.39420634,5.61477573
2.36801227,4.2415875,-16.90802347
8.94338482,-18.00542894,-3.20421394
-9.80552631,14.44142101,-14.75751631
-17.9999574,-12.75281353,4.95643231
13.12898501,-16.54226427,-9.12880123
16.3214437,-6.72333479,-14.99066879
5.039799,-10.46957983,-6.31192848
10.99061355,2.84261172,-19.97513121
4.39869263,-19.09064558,6.61285585
1.67885569,8.58343243,-18.93003954
-14.7588471,10.38984426,-1.15854858
1.86410521,4.13610873,-15.79405167
-1.42269594,-10.1143433,4.13234778
11.27058722,-10.31984728,-17.62869083
16.48282031,-19.02804853,-19.91515373
8.15206703,-4.92672549,-13.23517804
1.02908998,9.11035875,-15.64200917
-13.71710238,-16.30831358,6.61388605
-8.71810996,4.44205838,-12.44128773
6.56466223,3.2271242,-15.00616323
4.27963673,3.9690208,-13.11584085
19.59324801,-12.72385432,-19.22095831
-15.8021785,13.78156152,-2.78348954
17.50950021,-18.34698519,-9.26555418
-19.3439438,14.7706819,-10.38217012
-5.69890069,-19.29133922,12.77430196
-12.68275206,16.09071891,-17.18399974
8.21065025,-17.54214835,2.52601882
15.92674243,-17.54683314,-9.63753928
5.1362681,4.01163705,-19.03289219
3.15640415,-15.57176138,5.12399679
-12.22538053,-10.74911647,17.32253188
-13.21701086,19.54220469,-11.15278517
-19.13511541,7.83297191,-16.89063068
-8.27304568,-17.40297363,5.82973633
-12.21511027,-14.40582422,6.87254339
-15.41301234,-4.93139009,13.20593874
-8.92999736,-12.71949763,15.04442284
-13.83121825,-14.1904876,17.92153426
-16.02448507,3.47270554,-13.85853134
-8.62199206,5.28972448,-5.53762565
9.62819944,-9.983195,-16.96503068
10.39085303,-1.419971,-16.8205616
-5.13254827,-13.27502376,10.45427898
13.0873509,-17.86990433,-9.58063929
-14.37780317,-16.12350937,18.79627578
-9.63691534,18.07929623,-17.52189165
-13.14324393,8.62807034,-7.29210067
-8.7388253,9.91067322,-8.9877678
3.37877156,-4.14387995,-5.21598929
14.98473402,-5.66532791,-18.58730837
8.47678017,-11.73644315,-15.48702441
-12.24419299,-4.63042943,12.24749475
-7.3743181,-18.92850093,17.59293225
-17.47699202,14.54419425,-9.23860067
-10.94322684,11.13310648,-5.44887326
-15.86656241,13.93366061,-5.76867786
11.1882143,-16.75191834,-0.65070989
-13.74794998,-12.69671409,10.81457524
-12.9580697,5.33069663,-11.55812326
-19.81263412,16.10343764,-11.64560867
14.48894749,-6.4181612,-19.35075835
-18.52171971,14.65176669,-4.28227506
-16.66154488,5.07770113,-9.03622319
-15.43066357,-1.46988123,6.69560561
-9.74525393,18.43202191,-14.21967731
-3.70964556,9.69701803,-17.70187576
-6.43720328,-14.86574072,10.42702943
-19.10173849,-8.00998953,14.75273008
-12.89712524,5.2547884,-4.10329697
-7.80925232,-1.37339823,4.47543932
-14.24550992,-1.75830046,6.780688
-17.37138308,12.87077129,-1.53120928
11.12644382,3.00199574,-19.746539
13.78526952,-16.56995612,-3.03985208
16.27621658,-6.54059889,-18.03131084
-18.46751674,8.40534228,1.23475604
-14.83469069,11.43973619,-4.48946397
-16.03374454,-9.87734512,19.865475
-2.65034659,-15.56112562,10.72918486
-11.56442483,-15.52660098,5.56470404
-16.92800317,2.74195581,-19.10402564
-1.4068244,-17.82388594,6.22217317
4.56485471,-15.93760626,2.468404
17.58384316,-19.86509254,-17.3872929
-17.36022622,16.43314006,-8.63344002
-0.31600712,4.63648927,-13.80612491
-14.54860885,-18.63139616,19.93301885
6.45686245,-1.18458147,-11.8630498
-12.78479844,-16.24015388,4.954109
-19.42581749,-17.71966082,3.81796395
19.93672029,-13.5919562,-11.74958525
-16.90882898,-1.42156844,6.20670447
-16.43999569,12.98170028,-15.71314287
-13.94028071,2.7490523,5.33127915
-12.38244958,9.18616205,-11.79642691
-1.30085668,-11.53861583,3.60289938
16.1474629,-14.4714501,-10.67424767
7.67224336,-18.75742212,-1.41203057
-1.79915353,7.40283186,-19.64898496
-12.16207765,-10.31350325,14.04010759
10.94007679,3.88343006,-19.41371934
-18.11040187,-18.30114366,14.15555436
13.04531504,-16.2604136,-8.16686257
-15.89931651,8.78387553,-7.84874742
-16.57200464,8.72043386,-8.76015952
-10.71420152,2.95571051,-8.34015413
7.66460688,-15.8586451,0.48462465
-10.10658615,-19.58163659,16.21112305
-16.72579946,-8.00011126,8.04138687
-16.36594043,9.97342865,-0.52121595
15.84751916,-14.40098239,-7.47338526
-14.76643688,11.66352764,-17.31821597
-4.14797323,-13.17354022,5.74386036
17.05020767,-2.86531308,-19.13204502
-3.8797588,-13.62939662,12.91700239
-8.98860149,-6.75796056,4.42183015
-19.57689473,17.27157349,-10.10466109
5.97842217,-1.42881945,-18.58801402
17.9956995,-8.94894745,-16.60828402
3.65582446,-12.73040712,-4.52917364
-19.67850665,6.55807154,-0.23085942
9.17860789,-17.32544207,-3.69980012
-9.53632833,13.90288132,-9.83761395
9.57897137,-16.95652075,-12.01456132
-8.21568267,3.1206079,-10.91595403
19.32412052,-19.78681774,-7.25324463
-16.24046427,8.11729875,-1.53318558
-16.53712109,8.40028581,-8.90221556
-14.46387078,-4.40039127,10.06658229
-13.80562486,-2.23859799,6.29068643
-11.38072411,-6.10649517,9.67791689
-3.06775802,8.26892946,-13.94178387
-11.21522432,-19.1280818,13.77855874
-15.1175765,-11.9544444,7.43071157
-13.23435871,-14.91307774,19.58975357
7.28861736,-14.45435273,1.53136441
8.45975864,-0.35758623,-14.55965455
8.81636807,2.73425807,-17.9914196
-11.29890044,16.82947213,-11.07228234
-19.52756723,5.26422992,-11.8150583
-10.50793147,3.93019807,-16.7140957
-10.24584322,6.3937565,-8.88348294
-19.98533749,-7.04171087,16.30361723
-18.63356381,15.59945639,-9.05952104
14.08723827,-11.06235454,-7.8723304
9.43158747,-18.69266925,-13.47225362
-4.59757891,-16.19285294,15.1137688
13.38114711,-15.8013515,-18.79540774
-16.98110612,18.34026379,-16.80523974
10.01603141,-5.55474472,-9.92289798
3.72679202,-5.44085417,-18.56962243
-19.17173827,7.90420446,-5.22773939
11.3527306,-1.7386937,-17.23642344
-9.35688612,7.8496551,-3.09333851
-9.00227448,15.30091966,-16.37314644
-19.74705571,-2.10829917,7.95661078
-8.39375734,-14.57891489,11.09856236
7.9431675,-16.58804586,-14.55384432
8.52398387,-18.77128839,-13.3810472
-6.95623447,14.1457576,-14.35483393
1.3954891,-15.07329806,4.44032018
-13.34439148,15.32104451,-18.26086984
-17.57980689,2.00888705,5.55208586
-18.41731366,-9.06566037,2.47476106
14.49533833,-13.71262779,-17.58844176
-12.6788718,11.24163925,-19.85058654
-13.26935944,9.92845245,-4.87585074
8.52391677,-10.71819291,-6.332663
6.65082535,-6.55720936,-12.43046416
-17.43782178,8.33260594,2.36023972
-18.35935483,13.57153246,-13.21171305
-7.42685805,6.05715987,-12.90991178
-1.57558873,-18.23786293,8.15539995
7.76587102,-12.48768793,-5.79038351
3.93710354,-13.53920795,-18.78207628
2.45664881,-5.38455773,-7.23684544
1.3830186,-18.56836225,7.8294038
-10.5653975,-15.72956633,18.31913651
-10.20412829,-3.73540145,8.50735854
15.82343303,-12.44970545,-15.53800378
-17.33643005,11.16646558,-4.4164283
-13.06718597,-11.19953408,4.42257338
-8.76798689,-11.15828374,14.54978901
-15.47682074,11.61204031,-0.80436781
7.08026807,-14.21469655,-3.87748425
-2.77765679,-17.20001269,13.02944806
-7.8427749,-14.51702113,10.8010719
6.53090716,-13.20807307,-19.50076529
11.95255201,-7.07274585,-19.58743066
-2.2113642,7.01940934,-17.25817709
-18.58502888,13.70007163,-6.07729476
-1.3507623,9.33714304,-14.14940066
10.6817713,-11.49500506,-13.49935549
-15.24399933,16.03434157,-8.74130548
-10.93206684,-10.5196587,8.06031661
-18.97287834,12.99578383,-8.71108675
-18.45565449,0.20211899,6.72860902
-5.62722798,7.03149699,-9.75207659
-14.54995861,9.29557864,-0.28202875
3.18497936,-19.94061912,8.11479983
-10.76741911,19.00495025,-14.15912671
19.45736478,-10.59435113,-19.95738754
2.32896095,-10.28197595,2.02049062
-8.03488623,-18.18459601,14.79497922
5.08889799,-18.24781054,8.18037141
-15.34985362,3.14387039,2.02112554
-18.22322733,9.44173167,-13.42227833
2.54555209,-16.69815833,6.35110045
-12.90161194,7.93971027,-7.7704457
4.68877907,-19.36594076,3.16795526
-16.97703983,-19.39259378,7.51210049
-9.36415316,-16.89113525,14.48584144
-16.57877994,3.30183223,3.93792777
8.30467386,-1.26214801,-17.07162155
-5.76181858,-17.71520114,4.16491347
-19.69676063,11.95143904,-4.52736529
-15.48712168,11.85454796,-7.48569102
-13.4889774,3.97136343,-14.53847319
-19.3662103,3.4874263,2.79493127
11.2440143,-13.95804778,-7.13048801
-14.9923361,3.54160458,-11.3107746
11.56747129,-2.29273753,-17.86896559
-18.07328181,1.27722873,4.65425033
-15.11221241,9.65382417,-14.94682495
7.4030742,-6.38735911,-11.5029095
8.97933362,-11.87320119,-4.19524367
-8.98130063,-17.89073391,4.9087545
-3.33791032,10.74871932,-19.01317297
-12.40826766,-8.95051067,4.87394639
10.30464113,-19.73854449,-14.07732233
-19.80029963,-10.52757431,15.26039424
-5.07917284,14.61001354,-17.91964631
-1.56787882,-10.42802242,6.26120892
6.17156041,0.57543402,-14.62528393
-5.4220717,12.13828486,-18.21494313
9.47585873,-16.80330864,-15.8960542
-16.24458225,10.87089682,-15.44731282
-13.04854113,-9.57484547,16.6354176
19.90342138,-18.40943576,-7.69065817
-10.51555133,-19.89553119,19.95071755
6.41580993,-6.02778411,-19.25411054
-13.91895753,8.90969628,-2.96458223
-1.55104679,-15.11378807,11.02659455
5.86726304,6.82909003,-17.66441375
6.17467618,-19.60574642,-9.63834536
-17.34941261,12.83957324,-0.64853257
-19.68644109,14.52429271,-18.04163155
-19.81322149,12.93509512,-12.22545994
-2.20729645,9.61284775,-15.4586703
-7.25764024,13.1713527,-16.53504052
-13.68136429,-16.39932035,10.64898678
14.77266392,-13.05599654,-10.05553909
-19.19436005,-19.74090465,6.32646049
-12.39738931,0.45752869,3.30643131
-3.25557249,-18.73979874,6.92731599
8.35071181,5.38052057,-18.57475345
6.16958618,-16.21702915,3.56289734
1.22722067e-02,1.16015722e+01,-1.97839339e+01
-0.78278407,2.66310245,-17.09540041
3.04986351,-17.64691504,6.82100552
-3.91556607,-5.65228399,4.68890012
11.11605341,-4.52383134,-11.79002948
-18.96874855,-13.24950915,6.10641293
18.46548015,-10.4877684,-14.98367979
-12.47586177,16.40204619,-9.97782781
-5.98691984,-11.96464445,6.97317095
-11.49660228,16.73420579,-18.56955651
-12.28858443,8.60914998,-3.28850263
-2.74620696,-15.96314792,10.18818767
-17.66174516,-7.03468429,14.28468709
-7.80366771,3.43963833,-19.97808113
4.80917196,-8.85096472,-19.02646849
-5.2546172,9.79757291,-15.05052161
-17.17264941,13.46679764,-4.41978386
11.31037781,-19.88439392,2.98374108
3.12772247,-19.056901,0.95045631
-15.16232256,-9.59442612,19.04815837
10.98396602,-14.01056534,-15.1734817
19.77614136,-15.1677065,-12.1346732
10.88204074,-2.66547646,-13.89585656
-17.56637967,-8.1635925,16.71840999
-0.27179798,5.71352256,-19.99581976
-9.89171954,13.54957289,-19.93153177
-14.52369859,-18.89160251,2.93573705
-1.65017595,10.63818132,-14.22633696
5.98036678,-8.01146244,-19.07104531
-18.90327517,-17.95496164,10.42083041
13.97131785,-16.38263691,-18.4919132
-18.98545746,-13.34026052,15.67767813
1.70230974,-16.59461424,5.08033182
-10.30421891,-15.39371301,13.17016162
12.34889052,-15.38045491,-8.54644398
-5.90542262,4.0549331,-15.02380721
-18.82599208,-13.7313829,5.15605092
4.46659659,-0.64152094,-9.92838746
-7.53713306,-13.42111458,10.42366665
-17.88466536,16.43360823,-6.47190566
-13.78592893,11.55125733,-10.99646172
7.19894244,-15.85256254,-5.79985938
-12.94647224,19.71626879,-15.40916059
8.1581285,-19.34812261,0.56819246
-12.21771295,-7.98027908,9.3766136
-18.50198757,3.41045165,-16.4179173
2.20732228,-19.83288853,9.89221968
-18.43710534,4.00091998,7.80359917
4.33269518,-5.05973175,-12.30787698
2.58444544,3.27720106,-18.5686157
-7.7675964,16.26533906,-19.63051476
7.83048794,4.53733142,-18.72436227
14.24742669,-10.52328293,-14.08909305
-16.91194534,5.90988804,2.9497314
-13.20098132,0.28313218,5.99227543
7.40945781,-19.68883175,1.78819968
4.67690234,-18.09771168,-1.63466643
-5.89100179,-17.12383644,11.9203821
-18.03389161,5.14715264,-2.69612862
-11.88849927,-10.24408021,7.41621398
-10.09527382,11.48715965,-9.69281479
-15.71895955,11.5254362,-6.85918327
13.67398196,-16.53720214,-10.25322801
-2.19681256,-17.23244336,6.74854632
-13.06911638,-1.87590181,9.60722061
0.2600427,-13.96242392,2.41378963
15.51178914,-9.23683153,-14.05867899
-0.21450852,13.10126013,-19.04094904
3.79786847,5.66212233,-15.99493197
4.54667277,-17.3483899,-16.28061705
-9.97750363,-10.94148529,15.8341637
15.30304097,-16.89144085,-8.84748557
-9.73954538,-17.03527298,12.4235601
6.55366432,-11.67872445,-15.98294041
8.878533,-18.7016733,-15.11902103
6.92941761,-7.19833745,-12.61732493
11.32173621,-1.84704606,-15.17972662
-18.18361521,17.10921482,-14.09665279
-13.63845077,-2.04805371,5.56213771
7.06869842,0.50440277,-12.26357597
-17.83270483,-19.41844023,4.16002239
-13.38279706,3.12359241,-15.14675752
3.85961867,-15.37662677,2.16588016
15.12861301,-14.85798262,-13.57568752
-19.75225885,10.0120559,-18.44124992
10.79544577,-0.94470706,-15.79996601
16.27219655,-15.86139717,-18.90986128
-17.95073563,10.75993625,-4.92564636
-11.27198546,-9.78888449,8.3973433
-8.3142205,9.46956837,-19.53407119
-18.57568009,8.18401291,4.76117004
-15.31790086,-7.87628385,11.07810961
13.40982195,-18.08796953,-2.22489757
-19.80051421,11.51130114,-2.73282178
-3.25076557,-11.7969887,7.62894331
10.34778554,-19.75863132,-11.06665261
-7.49862953,4.06309882,-1.95711274
-14.21120749,-4.35626749,9.3321604
12.16164315,-15.05608687,-7.03594584
19.2361182,-6.15437101,-18.62607269
6.45239988,-14.58970504,-10.45373422
-19.06344134,4.27732329,-1.27556483
-18.20391945,-6.65656364,9.7417386
10.58673506,-4.5716493,-18.91925221
-16.25895848,-8.6318115,15.33657843
14.46184285,-17.95080326,-7.16285568
14.88455126,-18.26953235,-5.61483765
-7.4086529,-15.4552958,14.09215991
-15.02518499,9.341789,-2.85916722
-11.59875957,12.65265066,-9.82888552
-17.79398399,12.39377001,-6.24072488
19.16729799,-17.0249946,-11.30161421
11.45404615,-17.50622907,-13.59998069
-4.05817271,8.68864665,-17.9966936
-16.85235574,8.65288794,0.26715353
15.48036771,-18.68138532,-12.79671773
-6.03011565,7.04284348,-14.75009612
-17.41065083,-15.35658618,19.62715216
-7.05515132,3.74618612,-19.76396958
5.83442982,-18.68837051,-13.10035657
-15.63982683,-15.87315071,4.70999715
-7.64685485,-6.59695128,4.73706156
2.44732091,-17.83879273,4.57779588
8.15962126,-19.184891,4.10559598
-16.63525702,4.70985786,0.48552952
-2.31418793,-15.88803667,9.07441319
-15.62015735,4.45386945,-1.84938889
0.76017702,-19.26805608,4.15263565
-15.76252821,15.92700921,-10.70279189
1.29345326,2.39860338,-10.24613348
-14.19361397,8.06113629,-11.06732187
9.32223722,-9.61281811,-15.92772705
-19.33311606,-10.19274742,14.32097969
-14.51519744,6.91114225,-8.53104561
18.33227484,-13.24394146,-9.71400122
-19.21336387,-9.0310647,19.7975502
-18.70316676,6.78625177,-8.03754852
-19.27732968,-3.10322703,15.06299591
-6.90104433,10.80538968,-12.11192736
-4.83228367,-15.96084684,4.11777345
-9.20457892,-19.46440238,11.85901847
0.76994817,-18.43915671,8.5904609
14.29595404,-16.03574477,-3.23940467
-19.41707808,-15.4251739,6.89005081
2.96741071,-10.87646152,2.78324812
10.56551189,-16.88284938,-3.68122635
15.99115957,-8.65973575,-18.46304751
-3.66894658,-9.71392133,7.59823841
12.6952256,-16.93993506,-9.08602781
6.2929386,-19.78764942,-6.7432439
5.48372903,-2.14304488,-14.16675251
10.81814787,-9.68676057,-12.11114089
-2.68935361,6.94418043,-13.34461147
10.79699611,-6.72372822,-10.94181143
4.20170498,-16.66003475,-19.69971226
12.18239245,-15.75940236,-7.89564036
-11.46848617,7.942873,-13.93482475
-12.8738321,-3.09502533,9.01727658
-14.56482168,9.07161769,-1.33272048
7.92745409,-16.43825952,3.23374882
-10.02106282,14.91929911,-15.47098963
-14.56463884,-2.14255979,5.08207531
-12.12133051,-15.42345538,19.4161782
11.91741202,-4.34362567,-15.86478591
-7.95306535,12.46755359,-9.94372668
2.74781161,-7.86660869,-16.65106357
-14.49739348,6.91252811,-13.43590871
-13.95015278,-18.30121327,9.96282344
-3.92056091,7.55906534,-8.75212892
-16.74267889,-11.75596128,12.62460135
-15.72799987,-11.69869383,7.22585331
-13.34664724,-11.08274932,19.96973532
-17.91260515,-7.15863564,9.11279299
5.10770652,-18.90341456,0.10757483
-18.88618993,-13.263753,19.790342
-18.25024325,5.88694214,2.39032554
-13.07345284,18.60385496,-11.74265831
13.37725707,-12.75701123,-5.7849079
-6.73478654,-9.86011671,7.16790228
-18.55556828,-8.63383696,15.45027136
7.87538026,-10.98309389,-1.87252484
-0.72505108,8.58957849,-17.93375408
3.54533514,-5.35584325,-8.39370303
-18.61281779,9.02028785,-7.88788023
6.8471798,-19.44777909,-5.97343129
-12.20808429,9.84321734,-16.57423632
7.68420324,-7.81963059,-5.35166835
-18.75530848,-5.74187847,14.71282485
-18.17754675,1.0805349,8.89679617
-17.78969408,1.60295943,8.39847455
-5.92791784,-7.11436972,2.54511443
-7.1860917,17.02003665,-18.37354412
10.37448901,-16.43526983,-15.62480362
4.65232617,3.82588722,-13.26248993
-14.26237278,6.86860575,-18.97883584
3.38312072,1.46371478,-14.58769816
-8.68721044,-16.66634606,9.88675787
-13.29017935,7.73794709,-4.39088511
-12.77308504,17.94549605,-18.30379834
-12.52260635,-15.93592292,8.08232961
-17.24761766,-4.76932959,7.82486674
6.35996269,4.46490259,-16.8356673
10.24946346,-4.05399458,-13.87578667
-14.77948174,7.98262925,1.56935832
-14.98012838,17.48223759,-16.72886302
6.55519405,-9.44989154,-3.53857285
-1.5742741,-17.38249542,11.28649346
-5.62041869,-19.82949457,14.15262794
-12.40937061,17.77014708,-10.9642826
-17.68301616,-8.02049324,2.82129365
-15.39395219,-6.61947692,14.96655317
-17.60098723,-6.87437174,4.71484096
-19.93728569,16.22203351,-18.93394115
1.10318667,-18.35342999,2.56597338
11.17585073,-15.32993605,-6.26836128
-19.1415503,11.1360009,-12.49272672
12.60351138,-4.04089387,-17.25162173
-16.76722998,-8.00160596,11.39469146
2.58913478,2.51175583,-10.44753999
14.85187116,-19.57280697,-6.87859326
4.03791753,-17.33148611,-13.83760427
19.42610681,-16.42254376,-12.05700441
-12.09052762,-13.89558378,13.95815747
11.07359304,-18.36810233,-1.86565326
-11.77537112,16.60339488,-10.43027136
15.66423244,-11.25052029,-11.49514141
14.05759212,-11.26480041,-9.30472631
0.5243792,7.77324733,-17.83695539
-13.78771912,-4.28242288,12.20504009
8.22505342,-15.92267169,2.7016586
0.3920316,-17.76119559,8.33854824
-14.47727549,17.92550727,-11.94831388
-18.10578546,-10.75287913,17.40793422
-16.04412824,17.20937085,-16.73058516
12.72161206,-16.1096924,-11.11111379
-11.61348384,-16.09023341,14.50082752
-1.23644596,4.87973371,-19.77953709
4.39657416,2.06248243,-15.06169768
-18.88121925,19.3985176,-9.67345427
-10.25616636,-15.83696258,4.10255254
7.20102592,-15.47463832,-9.24536255
2.6486985,4.96657983,-13.16182899
-9.26280148,-2.43861526,6.99463211
-16.75758719,-0.68954455,6.6560281
-16.6858614,-8.63154104,7.0368052
2.50893041,11.27962881,-19.55769503
11.15798217,-12.55914746,-7.81339146
-11.46758921,5.12503827,-0.26497615
18.51407829,-5.69799027,-18.44325703
-13.6164643,9.70109578,-1.81615621
11.77094239,-8.66220679,-14.89387987
-11.10680954,3.63980995,-8.35650315
10.5582226,-19.10424135,-10.77708035
9.88674651,-6.90014964,-14.81270374
5.356092,-18.03650238,2.43362306
-11.72927777,0.06787712,6.81284249
-14.42552021,9.2632963,-16.63723559
-15.18380129,11.18259373,-8.51566583
-7.72757722,-13.29938119,5.06974662
13.97859652,-5.73404453,-19.82519932
1.16824919,2.34260526,-17.42778988
-12.87904783,-4.96695913,9.76360173
-3.99567788,6.70857758,-12.08415937
-16.5623059,11.78908421,-3.88287482
4.40335091,-18.10714452,7.16414167
11.60665579,-19.90461133,2.10947654
3.37663584,-18.14811034,-12.84236452
3.35603058,-7.50349049,-17.11605725
13.59084796,-7.01926494,-13.39371224
-15.81241354,5.56194953,-3.47358353
-8.21037977,18.68536824,-17.28238531
-7.27083255,-19.05186015,19.1205393
-4.91633644,-16.41349381,13.78757624
-13.56253521,4.2708025,0.20473377
15.54345233,-11.2770086,-13.79417983
-4.73119504,-12.28982152,4.86120641
-15.6265569,3.16455094,-2.00023158
-11.03951546,-14.28677504,7.82471663
-12.79749228,-18.33867269,6.77769179
-13.70040776,11.76077366,-9.5629057
16.79280838,-10.66129718,-19.7559992
-17.68394263,-3.78663664,12.98009091
-0.55057699,9.91415145,-17.2475315
11.11059039,-15.37179244,-6.27955472
-11.5305289,-9.75836234,4.75411816
-11.98392801,-9.18077677,9.96519036
-16.52287572,-19.47610671,19.30711806
-19.47372449,12.76142043,-10.75265664
-11.82076211,-13.45431559,6.60821961
5.85098224,-13.2517547,-13.56681224
-1.82407444,7.27624501,-13.04478427
-14.62467708,-7.88063697,17.66475328
-3.61901225,-18.57544539,16.2965942
11.10232686,-13.88391718,-6.02080663
-0.49638706,5.26501664,-17.27810021
-13.4147597,-11.22871581,16.72038847
-8.59721996,12.49495557,-17.49649221
2.69307181,-7.87682862,-18.41615949
-9.28144874,-10.89969162,14.38345901
6.53770209,-13.23353866,-6.78049943
19.04516724,-14.16318872,-17.28687627
-16.27329039,0.15504617,7.90870608
11.092824,3.58280777,-19.36103935
-15.7140804,11.18908771,-17.89381351
-12.95975253,10.54898915,-16.62551313
-17.93094326,-7.59365105,3.69545273
-10.9246491,-0.68452747,5.09507868
14.36931632,-10.44278426,-17.92972062
-8.80030468,-15.58236628,19.2367754
-11.36767578,-9.14541356,8.27542582
-12.78115959,14.06316036,-15.47135104
-1.91197871,15.48954136,-19.46900096
16.88037675,-13.02455942,-14.30134789
-14.5746181,13.94495015,-9.28807125
-19.35035063,15.34841238,-6.7093667
5.6196737,-1.08371814,-10.58434413
-6.99542862,4.17382113,-19.20703422
-10.98455816,14.18106651,-17.62568854
-15.76931145,-13.6061904,2.6475165
19.68403138,-13.76622543,-15.83419021
-17.75045751,16.35758089,-4.45486247
2.93402313,-16.85034168,-7.4121011
18.77850205,-13.07740879,-19.60228859
19.61353969,-18.45369861,-12.9250284
3.07240834e-03,-1.25449548e+01,3.08119431e+00
9.79367406,-16.83686737,-1.88625227
-13.26619213,-19.43064304,16.29480256
7.63233666,-14.67131232,-18.14678421
-11.75887555,-8.07637936,3.33764819
-2.4040496,5.5703625,-11.50099969
17.61337187,-14.79450572,-14.45820444
1.90510259,-16.65622121,5.44287781
-19.17108553,-7.33537598,17.83603328
-1.93707978,-16.41021364,6.07471855
-8.55387346,12.81590728,-17.22870089
-19.38295758,15.5126831,-10.34743553
-12.14321911,-12.09994643,17.30365252
-15.9564074,-5.05377983,8.26401173
4.92488051,-19.22301144,-19.38649034
16.2340919,-12.50342219,-10.01954296
-12.80146449,-19.80637753,3.63309393
15.70414189,-18.14087263,-11.82019968
13.72997202,-17.06300267,-19.14229636
10.26362476,-19.41680051,2.36478007
13.12196132,-3.2528312,-16.72019338
9.22806225,1.98735273,-19.99287842
-3.52105661,-12.70812109,7.04292435
3.15154295,-18.26919966,-18.59282626
8.62694861,-4.89639402,-9.3154438
-19.58688468,6.0056747,2.44733646
-6.37529573,3.276424,-15.3730952
-18.67894191,5.769421,-8.7698556
-11.7483135,14.72551541,-13.36468039
16.63316885,-12.43227258,-12.53354492
-15.04929411,2.95994703,0.77245062
16.86104087,-15.53219618,-15.25261358
-15.74644274,3.10622679,-13.26284071
-17.42967276,4.87838886,4.28088966
-8.39600853,10.96369302,-7.82120893
-7.1691108,9.7532564,-15.77932513
8.26289122,-18.95387902,1.45731395
-17.56691111,-15.23718486,15.56515905
14.29370021,-9.07298837,-13.06008308
12.3165607,-14.05208799,-8.28222927
3.21859047,8.38105736,-19.84416901
14.89408318,-12.82439312,-8.54410299
-19.7475667,-1.95890294,8.79789742
-16.57171787,13.48714639,-3.53621223
-18.49395896,11.15468145,1.99518876
10.61378119,-12.0299292,-4.22067583
-13.31647425,-15.67731625,5.577174
-14.04986508,3.68788658,4.95449531
15.19731717,-3.27083365,-19.88683497
-10.36037596,7.2730313,-17.92791524
-2.52486027,5.26748161,-14.33426438
-7.15265761,8.04733458,-16.84781684
-7.5060898,-19.71559769,11.23649222
-9.97418315,5.00154946,-7.61730068
-18.74551283,17.36012506,-7.93634785
0.42504153,-19.05804805,2.49894044
-8.50705394,-2.52048412,3.52502436
-2.86500098,10.19996897,-13.92292506
-19.69272078,-9.08297962,6.56477834
-4.20005202,11.66713751,-13.35877537
5.88980137,-15.76016204,-6.90624976
-14.64839447,-6.32142217,8.91856631
10.46024108,-6.11311785,-15.36810812
8.81050678,-2.45155363,-12.45923996
-17.97716859,-7.20026742,7.3503156
7.08021878,-14.24365458,-2.89012797
-9.49438397,7.87336382,-12.2719272
7.01420315,-15.28017815,-19.72182748
-19.68905685,-10.11778328,13.98421411
3.04155956,6.94637932,-17.4998774
-8.4477276,-16.00977642,16.61225105
-6.40387659,2.33054416,-13.06421213
3.42671132,-10.7683957,-15.37302827
12.9485264,-17.80855424,-6.88140052
-10.33630032,4.62171918,0.76201868
-0.35204893,12.97520547,-17.57479185
-17.06494628,-3.31282029,13.20283539
-7.43009052,-16.98793084,16.61032899
6.93883918,-14.93573823,-19.25056592
-12.45923072,-12.56555648,17.52890554
-5.6602471,14.63251856,-14.15251515
-7.50472765,-13.77111366,14.84652795
2.70052348,-15.89990351,-16.77974677
9.71809033,-17.12799291,-10.83727981
12.83931643,-15.42768158,-10.15143222
-19.51228142,-4.38787682,3.01832724
-17.17878194,5.22288517,-2.32495595
-16.8769094,17.62926738,-18.57447341
8.8526789,-19.05414242,-13.77158058
-19.26751884,-8.60860412,14.85154006
-7.61770414,8.39297071,-17.73967792
10.5544525,-15.24573119,-8.06745499
4.68973817,-3.24659889,-8.64251151
-12.25343507,6.79614339,-11.63645966
-1.70937755,3.91958495,-15.48225839
2.81824839,1.47146436,-19.88674327
-17.38905282,9.25395788,-12.86338796
14.10843209,-10.25664206,-9.61773609
-12.92293315,-15.27679137,7.5843887
11.88738446,-10.05009386,-19.36368465
7.63237294,-14.91617665,-12.97103689
-8.15734081,-16.71733698,17.56382623
4.22285408,-13.36721129,-3.52160985
3.84593697,-15.89704032,-19.02220565
3.53685059,-10.95707827,-10.10627194
-19.11278302,15.94433672,-10.06371333
-11.27678021,6.93795039,-19.93724036
-15.332868,-14.28456637,14.96915695
17.26115086,-18.33197426,-5.9763749
12.03355333,-8.13394478,-15.63694659
2.06139182,2.42562977,-9.66095499
2.28954301,-12.42656516,-11.36880093
-11.99644023,-3.06717695,4.88271359
19.55476834,-14.76205185,-16.71603785
0.01798353,-12.26713154,6.6685251
2.40021881,6.15308019,-19.23388017
11.00262861,-3.9030447,-17.41375813
-9.73930189,4.03737167,-14.24199393
-13.13771288,10.31102215,-6.1086683
-12.6619421,15.04835652,-10.88020872
4.34692634,-2.53081806,-15.69852366
4.45000718,3.42303941,-17.01393475
-11.31449782,-11.35243904,3.40553466
13.25045068,-17.93193388,-11.92417761
-17.67358674,18.39729428,-12.991328
6.25651315,-10.89296142,-14.22910559
-14.9251495,9.04000591,-9.88472854
16.50951691,-3.64736388,-19.67001462
-12.29650751,-11.2500931,16.48724245
-4.45444501,14.63750096,-16.52908014
-18.09086516,-3.31392342,13.65860573
3.36213954,-18.93906114,-10.91875196
-10.40490287,-13.82403671,18.23438261
9.96287278,-12.14436149,-4.88251842
4.00048767,-17.02189254,-8.46526831
-17.09035592,10.16532948,-3.45169815
-11.46441236,-11.18246436,15.2195629
-1.14753234,-13.07554932,8.70103093
-2.59517515,9.01458036,-17.20705209
0.73662236,-14.89675107,4.84199502
-15.09230066,-6.60575224,10.79670529
-17.63943965,-3.30489083,6.55506526
-5.90445039,4.87429457,-11.81981346
3.27771705,-16.78837457,-11.90080651
5.63897691,-1.50218263,-19.40655883
-13.60471682,2.71322805,4.99556277
-18.3080184,-13.29105217,7.47099292
-2.22745053,4.90790567,-13.69157247
-10.81642926,-19.8084869,6.07543018
3.63529323,3.01264959,-13.91062584
-14.07924693,10.18603704,-12.76303418
-9.72888533,9.55489917,-13.96646161
8.29167547,-10.1655108,-17.27738025
-13.76412017,11.85966845,-7.57893515
-17.6453528,-0.42642548,10.88776941
-17.04204851,-3.73140083,10.74699005
-11.05501677,12.77809737,-14.63602567
-12.44963603,7.43535755,-9.69894966
-5.38566055,-11.36241881,10.12825791
-17.94257054,-4.22045548,2.34673717
-18.0441478,12.28233951,-9.37995509
-11.4368426,4.13397966,-0.40300444
13.68004665,-11.30686035,-10.22182718
-13.82078174,10.64637962,-14.52609565
-18.67871842,7.81906148,-8.86604713
-13.87626293,-18.7724432,12.77001948
5.20577251,-14.76070658,-11.20400662
-9.23825695,8.27734098,-17.03270671
-11.44884944,-19.19657656,7.88722712
4.00917497,3.00617884,-16.258077
-14.67911646,-3.65730237,11.24462964
-5.324607,-7.67490735,7.55418199
-8.89713881,4.9465856,-17.53903864
4.70784495,-19.11111539,7.48189804
-5.91909308,11.26176625,-15.59446731
-16.11778282,19.28555654,-12.2890545
6.47112015,-13.99697895,-0.09522288
1.7134923,-17.44581275,7.98603718
-13.61036804,-16.17424936,18.77704209
7.69955819,-19.82150257,-4.51004561
-9.33642566,6.54606709,-4.02717876
2.55683133,-14.74439826,-13.02368541
11.1353989,-19.01933787,-8.82533457
-17.43600579,-16.27143688,11.78125163
-8.24550678,8.82933709,-11.10641704
2.62774272,-16.96747104,3.77063665
-13.04129205,-12.68178503,11.90015639
-13.25871075,-0.69239486,4.39602052
-13.31135435,-17.04848486,12.59774065
-13.72003549,14.67937361,-17.71518573
0.83310617,3.95143847,-10.65934914
-5.55477419,11.11145803,-13.76840263
-17.4047324,-10.7825251,14.9435725
4.81031608,-17.00244847,4.6552058
-10.16115731,-5.55063945,2.8560396
6.71240332,-18.260093,-5.86487179
-6.65409601,13.49923584,-16.04558835
-11.43383272,-9.89207953,7.90247564
-19.94530834,1.06595825,13.93751483
-14.05232273,12.24958511,-9.63140453
-11.63247286,7.87211178,-13.92988761
-6.06184718,-6.27641391,2.47794798
4.62990569,-18.49294702,-10.71851392
-17.82248767,-7.96407053,19.07266343
14.57186661,-14.74856688,-10.21726509
-19.69037894,-7.06077432,15.16386643
11.33774429,-19.49823949,1.78645157
4.57781682,-1.37900057,-13.70154206
-8.35967381,6.16936684,-16.88006698
7.5880275,-0.80360123,-19.81255922
12.50246715,-17.54874235,-12.09936988
-15.25721126,6.82259817,3.18816434
-4.87013752,11.9572375,-15.41139305
0.47230945,-11.45217104,2.59380304
-9.45164108,11.95341535,-9.24673727
14.5471718,-8.37869956,-19.73940211
10.72705224,-11.68468001,-11.90390857
-12.60017746,1.67749181,0.80063443
-8.74118678,11.16365827,-18.48919471
-19.82742173,17.27130904,-4.59807056
-18.7697502,5.04503644,-1.82028258
3.67132866,-4.14271923,-9.37726527
7.31249163,-4.91386667,-13.06649277
15.00613308,-17.6853521,-6.44723441
-18.28942192,9.84234137,-12.46484012
-10.25924345,-9.90146223,14.32219035
6.29754505,1.89983071,-13.38652499
10.63520872,-17.32776433,-2.27356501
-18.89580683,-15.77752382,13.03461897
-14.40242978,-12.15529112,18.84364964
-10.02481849,6.19291657,-1.52613201
-5.53292218,-16.29291513,13.95270456
-14.93029038,-13.4648047,18.90967145
-7.88863533,10.55797521,-14.08372618
8.98043317,-3.75041498,-13.64384108
4.63799432,-5.95706187,-9.10878457
-6.94834476,8.83615752,-18.84530647
-9.4036588,-15.94251744,9.77254221
5.51230384,8.35090523,-19.62438103
-14.56889331,2.22475534,-8.61043838
7.48028409,-17.58220014,-2.13731734
-19.10835672,4.17506175,4.42587149
-8.38223516,-13.38515077,10.18163256
-12.35230624,16.32039058,-8.3771999
4.27441806,2.39557754,-11.18229709
4.42129415,-16.36681184,-11.6335694
-19.62886421,-9.97814428,18.99041236
8.49209833,-16.30167213,-2.97330207
-8.3430946,12.90096665,-14.62415784
-8.23883555,-2.5496686,5.70764577
1.38455955,1.96087314,-9.90571237
-9.63237561,17.64174877,-15.54042339
-5.79682872,-13.04697076,12.08950038
5.02115958,-13.13363937,2.93674357
10.84193951,-14.12421345,-14.78738283
-6.39044172,-18.59480241,15.98010036
-12.14115176,-9.98480838,15.04481833
-16.72607223,-9.87125961,19.55514073
-8.03625838,-15.58139735,9.67643032
0.66513419,9.75308887,-19.46852368
-19.36266475,-18.63789593,15.34715672
3.54242431,-19.65946816,3.59703313
-4.79153592,9.3346754,-19.4739903
-1.58552486,10.14556684,-15.64082043
-12.14551888,11.34391322,-8.39896021
9.52808073,-1.88053337,-16.19289088
10.83255624,-5.87280405,-12.56138579
18.69826271,-13.12879089,-12.74742626
0.50594813,-19.47285568,3.92342436
-1.22112436,5.08147519,-12.18896797
6.95502435,-18.55624384,-8.36064379
7.08568054,-15.8889541,-5.86300936
-14.42217479,-13.14359076,8.80341239
9.84289121,-9.48106277,-11.30532679
-10.10895084,11.6465166,-16.11121264
11.74922856,-4.28509998,-17.03281028
-4.51898296,-19.0988258,7.09656469
18.92583871,-12.36444053,-11.8897418
7.89714488,-2.37424643,-19.78528975
4.02641341,-6.01594972,-10.02010861
9.86249214,-6.91364209,-9.30155059
9.72569511,-16.11732964,1.18859673
-19.62770491,8.60980381,0.65308464
5.12588985,-17.36780044,3.25425081
-10.80411648,3.08083834,-15.45810988
-1.02500847,-13.50718492,9.44214853
1.64191449,-17.73522761,7.43541777
7.69359398,-15.66481225,-17.09400627
-13.40588832,16.24200949,-18.38130071
2.30870797,1.67945286,-11.38019591
10.32736838,-15.89300932,-17.10062931
-7.32348428,-18.69864882,10.57753951
-16.05750069,-17.66202644,14.40419248
-15.19969454,11.99041978,-3.7721654
4.52942691,5.66201043,-17.1147852
-8.67397413,8.09897385,-12.65824509
-10.29353492,-5.05553052,3.83573197
4.87163841,-17.35444584,3.66264646
-1.97963236,-18.3503149,8.62891606
-13.58412099,-2.86427187,7.30891922
6.75494909,-9.31839805,-8.13798107
-18.44142251,-6.05490453,14.60525856
5.01436215,0.75970658,-11.17177491
-6.68535247,13.09486094,-16.40840101
-4.6184592,-14.96979303,12.44104112
-14.20419267,-19.93214059,18.65587368
6.79709111,-10.96629037,-0.59538552
-9.386321,4.05423684,-17.05366557
-11.5533917,19.59723276,-17.21015477
19.77420043,-15.24789198,-16.46135685
-19.73404715,-2.07573524,3.73920487
10.66077023,-14.1995851,-1.33293335
3.98759006,-18.19014745,-11.12249995
-12.20557123,14.84220519,-12.67381281
-14.00598249,-7.35711266,3.9395374
19.23392836,-18.10689253,-16.21044911
-9.62627897,6.03257069,-8.02729286
-13.1461068,-16.54890757,8.30582614
-10.06548609,-15.19374028,16.82294742
17.16919952,-12.91302782,-13.7960903
11.68795215,-3.49049343,-13.38244515
7.8704413,-12.20655576,-2.44216312
-14.28969358,-6.14018572,7.49931077
-18.42156998,16.76465793,-19.49183797
-16.58314592,-9.36638961,8.86768395
-12.79858138,10.58342357,-8.13898156
8.53121406,-13.09336137,-15.44151563
-15.23879548,-9.25793851,14.96395742
-17.82417465,18.95987368,-12.31851071
12.22148312,-0.62495925,-19.83117979
-19.40764226,2.91904347,1.43047233
-5.42848534,-12.96633359,11.22330683
1.81329995,-17.46582752,1.05178326
3.97660017,-8.04951592,-12.80605211
14.43322429,-5.98692952,-18.65888476
-17.14323494,9.08712973,-9.65775488
-17.87126888,13.49509917,-9.95526317
8.84859007,-16.49399069,-2.64740102
18.79568674,-19.19236604,-19.65087969
-12.59317745,-17.56742743,12.39750228
-13.57840397,-17.54693008,9.06431052
12.1506163,-17.15227388,-10.11574839
-19.26398047,3.17923957,-7.97239972
1.06549128,2.81754422,-9.83833669
-16.00235521,-4.65407278,9.48524034
-18.00186184,-9.31142213,19.58014514
-17.78562843,-3.40163253,16.0240165
12.68276292,-19.04914324,-6.70079843
-12.0318284,5.99690395,-6.60919101
-12.6689955,8.01245702,-19.49863534
8.06826707,-19.24060445,-15.30438076
3.88470039,-4.90571198,-18.35535881
-14.04042975,-17.59573415,18.08930114
-12.62528944,13.80955522,-9.46527922
-13.68884698,-11.4351002,19.8613459
16.24514037,-11.04810204,-16.23357065
-19.38483871,-14.97162467,2.88352691
-16.41541821,-3.79631448,5.93585235
-14.06890274,-12.77510879,5.7186221
-15.89399801,-19.60842313,10.60419793
-11.93133499,-13.42964718,17.34260135
-18.59851961,6.77219991,7.36153022
8.63046476,-19.09068186,2.57675449
-16.17699158,-11.91136713,7.39963689
-17.59078344,-7.2219551,5.92632342
-12.6717047,-14.98656064,19.19241996
8.04506558,-0.70208259,-13.79008056
3.22304631,-7.68072751,-5.19653217
5.16886549,-14.18967375,-15.15254757
-12.5028714,-15.13706332,19.02400371
19.15374681,-10.30412756,-16.22403642
3.42979138,-13.20784999,-12.10853112
-5.56684885,-16.21550915,12.98479136
-17.79047297,3.21261388,-13.77650556
-14.64349224,-3.29255729,2.8643909
-13.21265745,3.07926954,-9.68481212
-12.95275321,8.69757298,-10.84256695
3.34311243,-11.10612397,-18.61989315
16.83929873,-17.57029366,-13.83293633
-7.65775938,9.96790588,-11.53804867
14.67925732,-16.43833925,-17.94183704
-19.14275167,13.24031065,-17.16655048
-9.22405826,2.20884314,-9.52723992
-12.33107185,-14.80564787,17.02306974
9.55779012,-17.92360125,2.13173323
-6.18943799,11.54294074,-19.28709753
-13.78999901,12.69517036,-13.75209243
-6.36339368,7.04938556,-6.93105167
0.70423068,6.84348501,-17.84076579
-13.5119686,-7.83821693,12.01960022
2.96782935,-17.40281118,1.82818235
-9.07336008,-19.39748017,15.22027444
-9.54935907,16.22933992,-11.28456946
-12.74465241,17.07952303,-10.34224769
-18.60700696,2.14571971,8.73243292
6.52014791,-10.22013298,-11.96548945
-16.12213504,5.79615033,4.11736509
19.58753466,-19.51539134,-11.42430003
14.00529041,-7.78030753,-10.67128323
-2.43899059,-16.42644325,7.47793834
-5.11558694,9.09800153,-18.61895202
17.4312784,-14.63761683,-15.7120189
-6.61934247,11.79909434,-11.04832026
-13.60825712,18.57859091,-9.63648668
0.61060218,6.29911837,-17.26840106
-16.44021229,3.82481377,4.30549558
-15.76928291,12.72842299,-14.29863442
-6.16725165,9.86889331,-11.49843369
-18.91617963,-12.6874657,4.08122277
5.57393509,-1.72829454,-8.38396888
3.45892335,2.42577405,-17.6836084
-14.76204181,9.40687576,-4.94849977
-11.53740501,3.02141276,0.54185299
-8.07831536,15.07098637,-12.78790831
-13.64806745,-7.27176379,13.82778858
-10.8385835,-19.9241651,2.3529069
-17.26665899,10.63670179,-13.37291685
9.95128338,-13.24530905,-9.92257485
-12.81207471,7.4357359,-11.08074297
-3.574102,4.65276844,-7.80462673
-6.41689868,5.80741624,-4.86747361
2.02261861,-19.84224105,11.95077381
-15.0657006,9.98404042,-4.59592804
6.58255179,3.56468564,-16.5535531
-9.80075328,8.1769335,-9.68607573
17.93973096,-10.97222374,-12.9717031
-6.07307181,14.62270331,-17.50140388
5.87220807,-15.66361455,4.17524429
-8.23886759,11.58555939,-19.79766716
-10.76905788,-13.26523813,16.92918532
-17.61257022,-19.09477496,11.17453876
4.88770485,-15.66018132,5.38950742
-15.35691831,9.90369417,-17.72031432
9.42134788,-8.30196886,-19.20090266
-10.52062607,-19.87117289,13.89004523
6.80593001,-14.44034775,-12.01019968
-16.82691854,5.90907147,5.12667816
2.02701809,-11.04238259,3.13379906
4.21387026,2.80706856,-19.21525224
11.55687417,-8.15585785,-14.7823676
11.22181003,-5.88393534,-19.88402084
-15.48324106,-18.91750525,18.094883
-14.26045194,-19.72136582,3.80527549
9.40141182,-19.2388572,5.38298439
-11.96119489,2.30274388,2.31398046
-15.75125741,4.12621622,4.81376301
-2.98562599,5.21333917,-14.42799169
-19.16158356,-5.00358501,8.05299844
-9.20638671,-16.81948702,9.37093385
4.10604135,-12.59319718,-11.81929611
-11.49814721,7.74128026,-2.12417237
7.73927331,-10.32228181,-5.42898071
-18.60671591,10.36236172,-8.61714354
2.37940347,-18.05296632,1.74984462
9.58912999,-18.34842157,-14.76080225
9.86828659,-10.58220404,-15.80706873
-5.79935094,-17.84515375,12.27795007
-17.73185082,5.86223408,-3.37848462
-11.82866453,6.56072763,-4.36937319
9.34449887,-9.20450976,-4.72226681
15.67606133,-19.61765093,-5.39327472
3.92360406,-12.65051539,-8.96733553
-8.2940911,-17.28823692,12.11767368
-6.08621283,-17.04289999,14.66846951
4.49553855,-19.93241537,-16.36966726
-13.36657752,8.06807926,-2.34753814
-11.36477388,-9.36001116,3.93050534
-9.33477973,7.91517464,-15.78720262
-14.09724075,-15.37829299,12.7443592
-18.69472768,-14.77250536,6.94966519
19.34336231,-9.67276855,-16.67588878
-16.52228602,-9.84556155,12.1351025
-12.16903812,-16.3779077,6.47143954
-5.9432386,-12.29366672,3.9382844
0.62851897,4.68007098,-14.96012847
5.11746714,-2.64589471,-12.31094603
-7.31686237,14.15841685,-18.82417453
-9.68043814,-3.44257555,6.66798234
-13.67921072,12.08794674,-15.11083624
-6.72120586,16.27256668,-19.7265175
-13.41266503,14.34665194,-16.99900572
-16.52055149,10.82639495,-8.45796549
-13.98469446,16.12449801,-13.50432531
-14.57382709,-19.69861856,16.55335097
-2.28635348,-18.97077802,10.07520333
-0.88745065,-17.02921507,4.20533795
-19.59019941,-18.23324131,8.48489107
-18.81901644,-11.82198343,19.76036538
-12.45708822,-0.84422126,4.24048635
12.62781926,-14.91368336,-4.87702385
-13.97837657,-3.47170005,2.82446701
-7.12508709,6.18551011,-15.52075094
-15.76199034,-13.4062064,7.15304337
-19.42232402,0.89613627,4.69740417
-13.73752249,9.3181352,-11.68528041
-10.08797443,5.1485834,-18.47762827
-11.44802331,-10.05057504,15.31168725
5.85706192,-17.12708724,-8.00043854
0.89595838,-15.11072917,2.21847649
-12.15259486,-14.06360915,16.93982096
14.12652004,-19.26398971,-16.29804226
-15.54117445,-16.05099917,12.64393301
2.51473524,-0.36584471,-13.43192777
-17.05520549,-12.83556106,8.59932826
7.75392372,-11.28614305,-18.3186296
-18.07508805,13.57818437,-2.1510613
12.53309149,-18.3080005,-5.13326302
5.59750564,0.44353313,-14.57430112
-11.97547111,-15.29120736,15.58341525
10.86727088,-19.62939355,-5.69897635
-6.94551287,6.09524872,-9.46954697
11.08125922,-11.50584184,-5.16828736
7.27208131,-19.87915298,-7.0637509
-17.34051658,3.57283286,6.74177789
-12.85824543,-6.84549526,6.438818
17.74480799,-14.39846491,-9.88066373
-19.74163859,19.04156442,-18.67367952
-6.38881887,-9.44946761,11.35748498
-6.72838921,5.30357175,-11.49458328
11.80021895,-17.33622473,0.08542583
-9.55086479,12.02949154,-14.36843006
3.93107593,-6.64394953,-15.93128527
6.84297879,-0.26259726,-14.14460288
-8.93793378,14.27805471,-10.69751579
-3.53451217,-8.67535593,6.26964232
4.90761858,-10.90749087,-8.31015209
5.37105606,1.141016,-11.11637105
-11.94394054,-18.21651553,15.38788419
1.21064047,3.62348803,-14.89552135
12.9002197,-11.99065122,-16.13182617
-16.25533081,12.72917694,-4.42903519
-12.38345911,-18.36469471,16.89227114
-11.28478489,-6.15528849,9.34434713
-16.54698733,13.06279854,-12.39927783
-19.44236049,-17.51327218,6.37888359
-12.19892672,-8.69788558,11.89791867
-18.16712819,5.05491273,1.97009742
-2.23385882,11.14684698,-16.2431501
-17.70113184,-6.56929128,6.87834274
-1.37308854,-10.57154712,4.63612384
1.07602869,9.9155571,-19.77712455
-4.48793812,10.55566099,-15.97175887
7.49662635,-16.91227444,3.9046849
-17.01459417,-18.45670165,9.47514856
-13.19531278,-10.42025073,2.99011307
-6.51505529,11.30146973,-17.20239831
-18.00225609,8.41599119,-14.27801712
12.56545777,-8.56241306,-8.83700318
-16.69482518,9.16049616,1.14450577
5.29518167,-9.25162497,-0.66455491
10.44227609,-4.98473458,-19.44937082
4.09004393,-0.45918718,-13.42593832
-17.05383373,1.29086273,5.99461239
-18.06182717,-19.16247751,12.07817123
-9.22470528,14.89042019,-10.24350817
11.25865081,-0.06009549,-16.60188806
-18.15494468,15.86306682,-17.51684304
-19.87510499,-4.79345107,11.96278518
7.30054941,-18.88893136,4.20676756
-12.06506676,-12.15520995,16.64219551
6.42619462,-17.74037141,-14.46900232
-19.446964,11.55209365,-5.56311476
-17.68471007,14.09844231,-10.83834565
10.74789491,-16.23372453,-17.62999701
5.1138511,-11.4698724,-13.62585504
-17.12906058,-9.17555266,4.95127827
-13.94481423,-4.33615632,13.67421624
-16.27255701,-13.72643904,19.60315878
-17.36950002,18.25397336,-11.51239529
12.10430406,-10.47651162,-18.63840626
15.17782318,-14.80485715,-12.24336912
-19.32231004,-9.42254454,10.05444487
-15.99137691,4.61936218,-16.45921068
-7.88570689,19.54604521,-19.88995072
-9.44919513,19.50326464,-18.95936127
-19.60494437,-6.78779361,9.12005332
-2.9479892,17.4753577,-19.78859816
-7.44795567,12.88811149,-18.13402981
11.82392501,-15.8574127,-10.85311536
5.5251083,-4.81219416,-17.04353163
-6.86128525,9.32145353,-9.55649122
-10.26626267,-10.39059987,14.10358035
6.86231076,-14.23617906,-3.43542864
-13.05080663,-1.75535937,6.83332298
-2.00005712,-13.36600472,10.89750452
18.30946769,-16.83356098,-19.46406194
5.20013188,-19.4738508,-6.15763936
4.33388518,2.4502754,-18.40442866
-19.62188254,3.15986046,10.64856724
-6.82210835,-16.81668436,9.51948118
8.06264271,-19.99107695,7.02685402
-13.17036455,15.10213702,-6.50632397
-0.78263628,6.42407804,-16.95413998
-11.34271294,-16.47391566,18.9137774
4.82213351,-14.49919825,1.87377765
-18.1419807,-8.21681355,12.55089343
8.88522051,-17.3085804,-4.17147868
12.54597121,-9.23215455,-8.09779885
-9.9394915,14.7051043,-17.17787563
-1.74273793,-13.90066112,6.20046978
-18.27701387,15.03892484,-1.41502549
-6.23230317,-19.03277899,11.87904209
8.41390807,-15.6369924,-1.04316398
2.43328251,-19.96348033,-0.19471081
14.20356314,-10.23284079,-11.6333327
2.48927738,-13.40688735,-4.75923631
-7.61443599,9.60651352,-14.36138612
-16.87257564,15.52103058,-18.90411404
10.95057603,-15.84777854,-19.94558741
-3.52605639,-16.75116389,13.15823585
-0.79502808,-10.74192571,5.22065398
-5.86847195,9.05994172,-8.54715341
-15.91480212,12.36398635,-9.21420134
-16.52860602,5.57640628,-7.82473523
-12.71263461,19.31151713,-12.65709194
2.91808617,-14.76760008,-14.504097
8.18382476,-12.26309803,-9.34438244
-10.89349814,15.09346616,-8.8230973
4.04173974,-10.01637071,-15.75820129
-16.80044931,-2.33685769,10.76550014
-16.26359745,-19.99680516,13.39450985
-6.77656847,12.42345889,-16.88180141
16.54912583,-9.84331796,-11.57181362
-12.80283432,-13.11285356,8.64324123
-15.54516515,15.2637883,-4.97285425
7.02571159,-11.0694671,-7.89544998
-8.32400407,12.26318279,-13.56533219
9.04452373,-16.11660242,-6.88525798
4.82699474,-11.68148023,1.48154154
-19.10825751,5.26990363,-15.16668655
-18.9203663,16.36194997,-12.29654503
-19.75227886,5.81913421,5.63913875
-19.40419922,1.89863414,6.91442751
-9.89968309,-18.9596554,16.48448651
3.51285408,-17.14724139,-3.70808534
3.39801743,-16.99394688,7.65891982
-17.86905559,12.47711859,-1.53856683
4.78398563,-4.13470189,-15.99515954
4.54043474,-18.26555291,-18.96673693
15.65506287,-19.47009923,-4.59466385
-14.67799009,12.56805688,-6.85820958
-19.65729153,-6.61631965,10.45292497
-9.09923458,-15.23283429,12.39501594
-11.91488763,18.78153207,-14.59848261
-19.34768557,-16.87668929,8.14973327
13.5176712,-15.4963973,-8.67302152
-2.97842186,13.2058126,-17.53575674
12.45359376,-13.26971905,-6.02612456
-3.35979727,13.13857427,-15.60208178
7.26330205,3.83208826,-18.05254636
8.86594549,-2.56339333,-17.46675536
-19.58157997,-5.31911448,13.12503304
-5.99576281,11.9891399,-11.1198604
-14.4781711,16.09048705,-18.88082342
11.14466681,-12.2241147,-8.57373267
-18.51751684,-6.23650036,15.44510913
1.1782075,9.36447147,-19.57166301
-19.66072748,-11.62688143,11.64738771
-17.71046112,13.39863252,-13.73195826
-7.67509842,-4.58251633,6.25093609
-13.33297983,-3.97585727,8.58407976
-9.21041671,-18.28701442,14.03476251
-10.44958531,-2.95559919,7.05857569
15.03780131,-19.69704611,-2.24762351
-17.77598051,0.65443999,2.40993174
-18.6298755,-3.42631765,3.48387897
-10.54186323,-17.86192174,7.27452835
-15.23725342,5.55893132,-3.84088885
7.98123266,-1.79812933,-19.83818356
-18.79693598,19.95591425,-18.47591137
6.05529209,-13.71999227,-19.93160345
-15.24707213,-10.10662516,17.60476194
-13.82354963,-17.62047572,8.41088729
-5.77477235,13.82392398,-17.93300513
-19.13090428,8.53002928,-14.07003014
3.36889337,-14.64136603,3.70942507
-15.12879399,7.35741895,-4.91951366
-17.44292853,10.14572811,-3.17722356
5.92280479,-7.46904467,-16.47983236
-8.46014758,-19.74455325,18.74344499
9.67977713,-6.2111807,-8.24256214
-10.91022746,-12.82100705,15.46628811
-8.80005066,-19.92732131,11.88182088
-16.9666403,16.02758252,-13.45848888
-8.40312497,-18.40763507,9.06482144
-2.89995284,15.98011335,-19.08653929
-6.31235498,-15.8257662,16.76640522
11.27098672,-14.50965829,-7.78711184
-15.53830932,4.60993547,-15.62592088
15.18945753,-7.05959933,-12.86796135
5.95987715,-0.28837084,-11.86939341
-18.32706116,8.42907418,-13.31724209
-19.40313332,18.8557466,-12.03469501
19.90514375,-16.60513801,-18.99174647
-18.90712773,-9.86293295,12.14279623
12.10022581,-6.22098473,-19.13795045
9.51196876,-2.61856382,-14.54063078
4.94697078,-18.44873433,9.07020892
-19.74160381,2.11160687,8.08736352
-15.48374261,-2.90313415,5.22067073
-18.89823868,-12.29191913,12.23987978
2.99349398,-18.73954516,-9.91828954
13.39194228,-17.0467452,-11.22409174
-14.49733804,5.91688899,1.94735725
-9.71518032,-19.28700741,2.81509777
1.34296994,-17.44584025,7.51288943
-15.88530778,-13.43703448,19.88506176
-13.21581655,-4.80001092,4.45278168
-11.93968687,-12.2315862,19.03621576
12.13912655,-13.24915951,-14.02980242
-10.77113075,13.75543621,-17.63398541
8.56335721,-12.16442966,-1.82739483
-15.73999777,8.62004769,-3.73673727
-17.4990296,12.13923295,-11.29956688
15.51894907,-19.88719719,-19.16482422
-18.2640664,-8.7746682,15.63881698
-17.82330684,11.45745519,-5.29544723
-12.15535285,-13.73428913,6.64962824
-4.07612801,3.55800094,-8.94185503
18.02431926,-8.17634291,-14.66047969
5.50583367,-18.05366738,-12.8122493
3.19318439,-19.45430214,7.15529935
-18.84485846,16.57373997,-6.58021863
2.36953654,12.16841619,-19.09923462
3.07132209,-17.14638465,3.84252449
19.88094672,-11.7091984,-18.53415816
-3.89493308,4.74518502,-16.11006606
-17.10452455,18.85517476,-6.31563332
4.26428515,-12.01446702,-12.77411257
-13.26420423,-0.04850595,8.76012248
-14.28391181,10.45853529,-6.66491351
-9.46785549,11.59367932,-8.05061826
-15.93238481,5.82057859,-10.58855542
-3.61072121,-19.33952055,10.8420937
3.33615001,-18.85518356,10.25674724
-11.39702917,-16.09768826,4.41776438
12.39550997,-16.67016536,-19.56773516
14.71346362,-8.01501499,-18.05821413
-10.69646191,4.59132708,-2.7342529
4.1528459,-18.46961744,-1.71508676
10.71566513,-13.89502681,-4.60170601
-11.50536662,-13.39949607,14.38876314
7.10780386,-12.50959248,-0.88249193
-6.42681009,-17.93963955,9.2568152
-13.95514982,-16.87918887,16.59923082
17.46989692,-8.06496424,-17.76895028
-4.50374822,15.86795396,-18.55870181
-7.05251258,-5.81806786,4.94932114
3.87392936,-19.87041809,-19.37095648
8.15873718,-5.2471358,-16.78606568
-14.28229588,-15.14903418,18.08548974
-7.89848816,12.62896101,-9.88555661
-15.85886543,-4.94681506,6.57011852
2.55840788,-15.54578125,-4.70010635
-2.15700471,-12.50885429,8.41056795
-14.77140932,10.66999999,-13.56511521
-19.8802028,6.43119088,0.26161154
-16.66490403,-0.28722815,12.48050324
5.64534939,-18.10072371,0.67815741
4.21727776,6.02134566,-16.91932033
15.41473411,-2.0642004,-19.05317242
-13.40175828,13.09524856,-8.52648774
-18.80805042,-11.49997588,6.04381466
-3.88173909,-14.38338552,11.03059126
-3.57660499,3.46813809,-19.87425692
10.32565344,-16.3907029,-4.37099055
11.67356432,-16.33733556,-14.91564836
-15.03973386,9.40045605,-4.43468342
18.17398363,-14.37809853,-10.46864953
-5.71719459,4.12184421,-6.49893785
-15.51169598,-13.78975039,16.65360307
-15.05736299,14.12907425,-6.12292793
-13.98084548,-8.94524765,17.08250167
-1.67512819,-13.78105173,9.19192002
-10.70735769,-17.38107404,15.95510647
-13.07374546,-1.93102007,9.09238267
-0.6719801,5.18487452,-17.98704391
-10.98406146,7.9107737,-18.60983127
-13.87172059,3.99684106,-1.19060989
-13.95174956,-12.44586281,13.72284339
8.68639954e+00,-1.21265844e-02,-1.35789100e+01
-5.97157467,10.25708596,-19.05416828
-14.25421285,-15.679538,17.26390641
-4.43675415,-19.68732609,18.13742399
-12.60994186,10.87922441,-5.41639652
18.14908726,-5.41453791,-19.25505855
15.05684814,-5.29164534,-16.26059717
18.85762148,-19.04676734,-9.45148938
-19.71095084,6.04973596,5.05820187
-11.5305553,-14.0670334,5.36144453
8.04648117,-19.83348237,-0.34239273
-4.37592049,2.73587345,-13.26628891
-13.9196023,-16.17098647,3.17217811
-19.3597047,8.73132403,1.22964843
-13.47689307,-13.28144725,16.18592931
-17.04635899,18.14857145,-8.26645468
12.49737343,-3.05897985,-19.56837993
10.29931553,-19.3472924,4.5541031
-17.14350453,-5.4410348,13.28777967
-15.91113732,-13.10162903,10.59144853
1.75448172,-19.61669026,11.80699983
5.98572406,-13.53658568,-15.62212321
0.97381575,-14.68086685,4.67843628
-8.12614395,-19.30591681,9.80546143
-10.64697837,2.7235641,-9.6166401
-18.20127788,4.81636823,-2.16774622
7.87413126,-14.17157652,-10.71137059
4.71952092,-8.26295249,-13.6675529
-16.40228059,11.55378638,-5.43764099
-19.50505726,-6.73383132,19.87743104
-17.61886574,18.81316167,-12.71541572
-13.9438833,14.31332142,-9.85064584
-17.64022626,-17.9175694,5.60853901
-7.44941134,-6.46498585,8.59884112
-16.17050102,7.68638252,3.00071161
-14.34066106,2.08446626,7.77121319
10.61342999,-16.51602884,-5.93683673
-18.65168409,3.90115925,5.33111859
-9.48998791,17.50263682,-15.35292132
-15.49940764,8.87322787,-15.64344365
-8.19536513,18.82137425,-19.21382747
-19.25533543,9.44848761,-17.19374018
-11.59009037,7.66394187,-10.53662634
16.66188147,-18.92522709,-7.98462298
13.00377565,-18.16250839,-12.58724673
-8.02463927,-17.42084383,14.13924926
2.90302294,-14.45978475,-17.66291764
-19.0809754,8.81993839,-0.29102131
11.44011477,-11.38445775,-7.08687527
8.59545652,-5.7941752,-13.72535157
-17.74750764,5.41385433,-12.814243
13.11265495,-16.24053125,-19.42383053
3.89804105,10.15380897,-19.61494661
14.33039396,-18.67359085,-7.83230923
-15.36684442,4.83826628,-7.91222801
-10.88596974,13.00400711,-16.96645905
-14.10535094,-9.93202512,17.08098418
-15.35164762,4.04010833,-5.3176999
-14.89274393,19.61310056,-19.24564694
-16.56603542,14.85167155,-13.77839407
-15.32433178,12.60128579,-5.43996519
-7.51463278,18.8909771,-16.85974679
-13.45215906,-18.87167167,19.32744627
-5.20793406,-18.71446341,14.69717229
5.30549519,-14.74723725,0.12410924
5.22511023,-15.81807372,2.49980382
-2.28748287,11.52699794,-18.8683429
18.66981255,-7.29210159,-18.28652916
13.86774997,-19.4699478,-5.79773672
2.86184725,-13.86300141,-16.78769311
-11.56769477,-16.16301716,17.58855839
-3.05364393,5.47752766,-17.60961517
-18.29428449,10.02929364,3.07595061
-6.43803597,10.83920266,-16.19097764
15.8600033,-7.06276818,-14.03930857
-13.71791392,2.95276079,5.57036897
4.1908228,1.2655338,-15.71081396
-1.04960413,4.3495943,-17.57048543
-8.21935699,19.66296297,-18.40828748
17.90747357,-18.83377309,-15.49529618
14.27420434,-7.88946937,-16.09997176
-18.16056589,-2.73770026,7.73166635
-5.78129761,2.79802054,-4.72899076
2.87133258,-16.89733817,-6.91487181
-5.64774871,-18.56906695,16.61496295
-12.72369227,-12.46616574,16.69478327
4.36042012,6.8294388,-18.36045544
-10.19629193,-4.13893821,7.73623118
-11.48707534,15.94886248,-10.10795592
19.60726971,-19.65995208,-4.80680895
11.84795486,-17.84237111,-7.09022629
3.74803527,5.52134418,-15.70599779
-1.92499218,7.64311511,-14.80477398
-13.18827346,16.47792569,-19.1922391
-12.91262596,5.71004445,1.61826225
-11.68389233,-9.62780055,3.18011066
-2.3989456,-17.79375322,13.40662873
-13.29093667,2.96933697,-15.57162143
-14.4214278,5.89352229,-19.94400338
10.26449268,-9.81762596,-10.88545279
4.64353914,-15.41993676,-6.16203671
-18.76984499,13.89151926,-15.7594757
3.11645466,-8.09998317,-8.2826188
-14.37426622,-0.58551244,8.35570701
-14.71684127,6.42011709,-11.57340647
-17.28044884,5.95592596,0.26899759
7.82128316,-17.50968606,-0.47348194
-12.99822484,13.90121932,-5.93546152
11.68201601,-16.34920119,-13.88801982
-17.16185178,-3.84848534,12.83559746
-18.87300061,17.22960656,-14.12383622
14.26571545,-5.48063892,-13.24892871
-14.67967529,11.7840143,-13.07391916
-13.4550116,-11.62828137,12.44613375
-18.41779188,2.54609838,5.88723077
-8.38606219,-18.33883441,14.53613125
10.83127239,-19.91079234,-8.15127714
-19.97278187,12.9749381,-10.80250021
-18.48719523,5.46290569,5.68880331
-16.12127325,19.11886264,-16.62396982
-14.08209346,13.73131434,-10.32698491
-4.73884561,-18.21203251,16.11311218
-17.20956819,14.03628879,-14.68843739
6.80064247,-16.58323207,2.59886787
13.80271406,-15.57646594,-8.35009201
-7.28541104,-8.87857624,7.84399339
17.85311811,-17.0985343,-8.72206637
-11.91064843,-13.41068665,16.67666708
-15.38663744,10.42186186,-17.96919909
-12.00838232,-11.15399939,6.94140118
-6.20676737,17.25305435,-17.98660323
-9.99148247,-12.21217779,5.59632617
14.35075475,-5.89578639,-17.1848368
-19.49489934,-10.5520526,17.18565959
2.76335138,-7.8270913,-14.82220104
5.26576456,-18.00499332,5.20382271
-1.8067012,-18.74612578,9.4159622
10.08718547,-19.94309498,-7.33357785
5.35157071,2.83897945,-16.06151974
-11.8522433,15.72555688,-13.48144793
-18.14414532,-11.45951545,5.08837748
-2.50290096,4.76605209,-12.07641688
-19.89455111,11.69677709,-13.36181917
-18.69474581,-19.08488561,16.33710405
-13.89119637,-3.64575415,6.68908783
3.51208198,-18.0343144,-1.16713794
10.88235448,-17.68668508,-18.56961919
-10.10271959,-13.67494778,7.93150824
-10.75693026,5.94225824,-18.7353081
-15.04960616,13.73370058,-9.79104504
-17.94769318,3.62688431,-19.27578799
6.39054377,-19.09827926,-1.08117078
-7.68029358,13.53327363,-18.04710024
-4.62757892,-8.97045031,5.0312361
-5.57672647,-14.47425914,9.7257138
-9.47619048,3.31454741,-5.79948562
-17.29036822,9.29663473,-11.34377181
19.5456884,-12.4086764,-14.32220532
-15.08569885,-19.88670307,7.11134277
-2.77503158,7.46910339,-13.297215
-4.59107356,15.00273954,-16.3449603
4.37805475,5.17255178,-19.73430999
3.58364049,-16.27428734,3.73059828
-15.80230538,-2.30322852,10.73856615
-14.17137386,-10.48867948,16.96169271
-19.31416314,-5.65931613,19.13056733
-14.83588619,-14.07171263,18.83791977
9.17216016,-9.33857821,-14.5035292
-3.99663477,-18.21271664,16.3485527
1.44869997,2.26461089,-8.86162753
18.94376789,-15.94796815,-15.39817134
-19.25478619,-1.73787133,5.03102426
-14.32152934,19.21103352,-10.12483083
6.48522434,-19.87260823,-19.68976288
1.35659353,-14.02930821,4.60156247
5.58131198,-19.14553914,-1.85623789
-13.32852962,-11.08147925,18.08446216
-9.22950996,-1.13033224,4.05735084
3.01543777,2.28799644,-15.25409644
-17.31908356,3.07833152,7.33199401
-17.78671318,-11.30753375,19.09263679
-3.11523985,8.57897481,-14.29672877
16.42826481,-14.9942893,-10.47992288
-17.97227445,14.7434852,-6.72082941
-9.7604361,8.36361286,-11.75227371
-9.77003617,16.85909001,-12.37194207
-17.44578567,16.93500515,-7.43884002
11.52522361,-18.67767526,-7.77606108
3.05858884,-14.00419167,-17.80957597
-19.17205063,-6.27378933,14.14692154
12.07168092,-13.13161784,-7.73411368
-14.53890711,-7.41637994,11.27992626
10.12706839,-9.14873662,-11.30510526
-9.489909,-9.25485041,13.55634733
8.69939443,-10.92105738,-6.78656777
0.78591041,-8.78262,3.31700365
-16.73754252,6.53947155,-14.19338002
4.26317246,-1.17421665,-15.05819803
-16.49215432,9.13662917,-15.76185258
-9.54824104,-16.15211255,16.19155455
-17.09777191,19.97291867,-11.28311973
-11.91848662,-17.72123876,6.03552473
-18.27256494,5.24623984,-1.6407062
-10.66303399,-16.48855825,4.50119972
4.62778725,-15.29798111,-7.82751064
-4.57686974,7.71809883,-10.32070674
11.11982386,-19.69859869,-11.3103165
9.51459736,-2.8293278,-19.42635308
2.91422244,-12.11085941,-9.65687639
-16.84631717,6.89265841,-13.63915077
-10.7877978,-7.05196713,5.53612223
9.03441022,-12.71239714,-16.26754493
19.73510934,-19.86613041,-18.67691058
-15.27051607,-8.63360245,9.95565857
-2.1580395,-16.15500203,8.46531398
-19.39359045,6.67025409,-0.6127383
-5.92817543,11.93522293,-19.97153036
14.61078383,-11.15915463,-16.07635479
-14.93258041,-10.98012223,16.05660383
-4.86253014,-17.52464652,15.97736611
12.29278824,-10.30957969,-15.11739754
-16.65490724,19.24450256,-16.71070116
7.27085943,-8.06474274,-11.70905217
14.4799011,-10.91225438,-18.0640801
-14.86983387,13.51914117,-4.41887376
-4.97789377,5.93675221,-9.55387567
-19.95150722,12.67122707,-5.48818443
7.31051378,5.44601015,-19.53631675
-3.75328788,9.80857044,-13.95505752
11.16386215,-11.33076135,-5.34611773
-13.63666077,-17.02743799,10.15459533
-4.53597192,-12.3278343,11.75871967
-15.23067085,-15.98082454,7.03325351
-11.2846556,2.33653264,0.92000514
-16.80464693,19.70065727,-17.62072594
-12.02746667,7.19791239,-16.87749677
0.51213463,-18.9478398,2.3194349
-12.00002865,6.84257003,-3.52856714
-15.7963857,3.70461272,-19.82020886
7.4233114,-17.72210855,-4.49751212
3.9426021,-6.17820354,-6.51727652
13.89310873,-19.34824954,-18.07321426
-13.63080123,-8.85753351,10.0842333
2.54319821,-17.90421737,-11.87347939
-14.15896742,18.64617959,-12.43486939
-17.84654507,-3.88685062,9.98269014
8.46473875,-18.35821095,-8.30894884
-14.62506933,11.27103435,-16.95071448
-7.24501602,-18.19667264,16.16713834
4.94760412,-8.16417234,-3.28394966
14.93417751,-16.3897501,-8.84206677
-14.0583572,-2.33363583,6.22306466
-10.9225781,-14.78082743,14.61836019
5.22469092,-19.4605363,-19.69359902
12.86255507,-14.3402273,-9.8126949
-8.23228308,3.29096509,-2.95818208
10.58292501,-11.90803067,-8.54947271
-18.91017725,18.08024861,-16.95583046
3.96698891,7.03625804,-19.16354735
-3.78763741,8.33465906,-19.55875125
3.20158404,-10.45343125,-10.04996874
-9.4061101,-2.63337828,6.24612446
-16.39257006,2.64249986,3.88889066
-18.00791353,-4.12507726,12.95477583
-18.41473139,2.4348094,-15.83179885
2.25652726,-3.86761676,-14.75397458
-19.77011832,3.90530849,1.86853088
-2.55439972,-16.99162611,5.18832011
-8.70072295,-17.02676728,17.29933693
-19.72958466,-2.14376883,6.19646247
-16.29481829,18.60997984,-18.94934277
14.32348743,-17.47676661,-8.64625451
7.27947282,-19.93129988,6.18639966
4.56175948,-13.13112094,3.47367012
-19.95163322,-4.88665914,11.28784269
-11.49671601,-17.34636591,9.50764941
-6.55354383,4.68699785,-5.4141004
18.98447505,-19.35110349,-14.20229871
-10.64443697,3.99077602,-13.85772525
-14.48494744,-12.3898904,12.56806739
-10.46010292,-1.44945981,6.31732213
4.14536894,-6.70301507,-18.83361433
13.90298248,-14.52987635,-17.28390746
-6.24137737,-16.37760714,10.19443118
-4.43105739,-16.62628047,15.91475999
-9.83585774,8.0859706,-8.54189887
-1.70272375,-17.7939128,7.83890345
-15.72120225,8.59081222,-2.92906856
-8.71821243,9.59534878,-17.85589843
-6.72730498,-19.16108419,12.9340906
-17.89373394,-6.03947078,15.96814033
-19.26618571,0.19531725,11.15487956
19.9482589,-17.16108275,-19.54934402
-12.0555849,-7.37996366,11.8001603
-15.632265,15.28231986,-5.60293927
-17.8786322,2.6626769,-7.20227772
-9.58035858,-17.91506688,13.51189956
-10.2469394,4.09387627,-2.22133258
15.33383959,-16.31724812,-19.14660717
-10.98601799,3.17005399,-17.71261603
-8.28389083,-4.75073638,6.40903723
-15.13711791,3.39132023,-19.65398793
-15.91821685,12.3253234,-7.51828775
-19.8561376,6.02181853,7.4197877
-17.47446113,16.17361061,-6.76392844
11.48513927,-4.29998028,-18.75047559
16.08160148,-17.3285499,-7.60673531
-19.79185772,3.39070173,9.51587029
5.53253179,-19.71193581,-16.27711086
-16.38890275,-5.496803,3.45216888
-8.73639444,11.98302847,-12.59647248
-16.81191319,-15.74656338,18.14054166
-19.88376723,11.02171691,-6.00568101
15.50215116,-19.98541081,-3.54834049
-14.87108273,-15.04395348,4.58796466
-7.10710501,8.21423271,-8.86205598
-10.9591507,-10.81366873,2.84342549
-14.61314229,2.76621101,3.22707287
9.84210537,-15.38605684,-18.28126647
17.19220964,-18.1297682,-5.33838663
0.79930964,-19.76440687,11.75176547
3.72850953,7.77025792,-16.16013721
16.25519662,-19.58137994,-10.48339825
-0.68686286,-19.76792447,8.39156537
-1.0873584,-17.95539139,4.07943039
-14.06058769,17.41526722,-13.13318913
-9.14687399,9.46781322,-11.59113486
-19.38387113,6.34493537,-11.94243422
11.36848159,-0.21791105,-17.68092257
4.05317173,-18.59153814,0.37383776
-15.45997103,5.51249717,-2.01526881
3.62332162,-11.02552959,-0.96011004
-18.43684863,6.16226409,2.22311756
-2.13068998,-18.13262636,11.9233368
8.75040976,-8.54897526,-9.09408118
-16.03009033,7.7470279,-13.95176391
7.93969935,-16.07401806,-5.97389116
-18.33852231,10.31679176,-1.09064079
4.9027539,-7.9105219,-10.25295469
-11.85275788,14.99491186,-11.52283262
12.23956087,-14.34021085,-15.24174094
-16.97969149,6.8895914,1.9191888
-6.50225836,4.61459172,-18.63909895
-14.37931597,-13.78782423,5.76790374
-6.28059166,-6.93637368,2.82241806
12.84355353,-19.75659825,-11.49788697
-13.60599178,4.20708785,-9.6579003
9.02174409,-1.91357806,-18.34966225
-17.30336909,6.54562256,-11.55653325
-15.89041453,9.27343628,-17.97530025
4.13182299,1.2326964,-11.59382118
2.85674914,-1.4472631,-15.76226006
-19.10309869,13.57813132,-1.33818489
-6.69477156,-12.26053293,9.02778221
-18.3864331,-3.83716044,16.99539769
10.06295127,-13.74114248,-16.22534929
9.22172009,-6.41152897,-8.76710867
-11.0660895,-19.21033961,16.12480771
-17.02329894,-16.90524542,11.18347845
-10.78605626,5.79200146,-0.71545999
16.45786324,-17.65231742,-5.54610477
-8.60296712,-18.64411677,9.3905639
12.32540812,-17.27524463,-0.98902241
-17.11851719,19.65588592,-8.70139307
7.33584062,-4.12779578,-10.30087536
5.40086019,-18.0833582,8.21993878
-7.12706244,-4.38288084,5.00344031
2.9363904,3.98578856,-15.85415585
-14.61460355,18.8563916,-13.68214527
-15.06770007,-16.37999575,12.45021376
-16.23305547,-9.89941976,19.15679304
15.99413485,-16.06313833,-18.42149479
3.91230521,-1.956079,-12.25487236
18.90348383,-10.33276477,-17.68165449
-2.22560574,-16.94649468,12.74629193
-18.52934678,-11.25671674,19.62170374
17.91521846,-18.84810767,-6.73912272
12.07561003,-3.2855552,-14.44657685
5.82354602,2.40604243,-16.22192825
-19.92745194,13.49017555,-4.34003979
14.92381379,-12.33095632,-17.00607573
-4.84921042,13.33960363,-19.6410446
-18.20202787,2.67963145,8.84151632
-13.57165373,11.23461186,-14.9139827
-17.1817106,-12.53746884,14.18442563
6.87109584,-11.15000127,-16.16943942
13.3345303,-10.57380026,-15.84710906
-8.56639579,16.12621939,-13.75280334
7.06674209,-13.90407794,-2.96029794
7.6092605,-13.0828858,-9.02486039
-5.72096216,-19.0474937,5.58814421
-16.32506888,-13.29330531,4.51670414
-10.35781339,-12.0854932,17.45175251
-17.15353563,-6.27301644,14.45967085
-4.04404862,-7.74689767,7.10441541
-1.15349812,-17.55821593,8.33197515
-6.24233459,-17.18317661,7.0687253
-15.26133199,16.12564206,-6.36332035
-19.91544199,-7.3672435,14.84417796
-18.46686494,-7.51220551,11.51745499
16.04631175,-9.65162028,-12.88467034
5.8658038,-2.80956816,-11.40493536
-12.48871771,9.21187317,-15.78406901
14.06987441,-1.0801041,-19.51245215
-8.70585243,-15.98427953,18.33072811
6.53862041,6.07174303,-18.12136159
-18.76410381,5.63371941,-14.67662229
-0.99982506,13.14008789,-18.02384238
3.00613696,8.33238933,-18.11764972
-10.04351251,9.13358048,-3.51431697
-9.23388803,-12.76430349,8.73075933
5.60597072,-11.12738921,-14.30391342
12.56792029,-18.18123549,-6.6428463
7.86692609,-3.51593266,-11.7503465
-18.99511631,5.91140279,-11.69426269
-4.56408531,-18.23463592,15.19016729
-11.46178999,-8.68142637,4.66947277
3.05275733,-15.01310513,2.86531452
-11.01474581,-11.43820601,5.16715437
-7.36438171,9.58424427,-18.90866448
2.26860899,7.6206138,-18.91428616
-6.27991178,-17.28781428,4.01549127
-17.87253786,-1.09292501,3.32211885
-6.28261489,7.29774597,-14.52907452
-2.35057333,5.87968083,-18.48336501
-19.33417568,8.43498254,3.34608276
8.24657979,-17.02569765,0.32899522
5.92832947,-16.12114447,-0.68781866
-16.3462844,9.1952714,-12.96646877
10.95446347,-6.4320165,-14.26544278
-9.31919072,-7.37873808,2.47921967
5.13437361,-11.8588931,-12.80811234
-8.23461141,-4.97943825,8.61191154
-17.77631232,14.64830748,-3.45843012
-10.81081439,11.52920013,-9.13825458
-19.22774264,14.0945192,-0.06858229
7.10188666,0.02910232,-17.2135637
15.71211801,-18.10538106,-5.60335464
-10.29607969,5.33152153,-10.0629004
8.36053522,-2.34648552,-11.56865486
1.78793379,-16.75154457,3.98022569
-16.68528656,-12.88901077,7.94318645
-7.66152163,10.78943167,-12.8906146
-7.25671279,-19.01606266,17.74766039
-18.36416028,-7.33269473,5.63743008
-17.33608786,-0.94801228,4.65766024
-13.33787875,4.11046881,-6.91458151
-13.95720231,-6.66570153,6.48568685
-14.10649781,-15.23189271,19.02128032
2.29431816,5.73915861,-13.19238569
-0.0560529,-17.08847247,4.36472193
-16.76460913,1.17783566,2.82017061
-6.03602844,12.46627384,-15.05029077
7.29853295,-18.24700115,-13.58383677
-18.58592711,-13.11237758,14.89774976
-9.28726383,14.12320119,-15.89551912
-14.47523195,-8.674345,15.68066515
-13.18660073,-14.13302647,4.23581333
17.20038568,-14.5284692,-15.56004619
-5.35539426,-12.97202225,8.31284791
18.52792762,-9.73548601,-14.51941806
-2.44573815,-18.09702796,6.64406943
9.32532832,-4.47542604,-16.03638436
3.30557069,-14.87867312,1.21827478
-9.46745314,-17.62135743,11.95294283
-15.99924231,-1.36363411,5.20839659
-7.69837704,15.91031758,-17.54298079
-3.21210829,11.67293511,-16.66964013
5.51747319,-10.7665259,-17.11171828
-6.82784147,7.57388355,-15.05837375
-19.82166558,13.00397418,-1.00190014
-16.44654001,19.29501235,-14.27888885
-11.31423987,2.31176968,-12.50379712
-10.80890666,8.45558601,-3.6290014
-19.47699861,-17.54628555,16.30028691
-0.94592588,-8.69353277,4.57535087
-9.40589071,-15.96079952,5.78027764
2.96861659,-7.25546309,-16.68472169
4.89982849,-17.79163435,-12.20528053
-19.98817145,17.62035119,-5.1033431
-12.52785429,2.83681016,-13.00132017
4.24595125,-7.17140375,-14.40503926
4.31773902,5.14142194,-15.74299128
19.62480311,-9.98917097,-19.28367943
-14.76234251,-8.44402029,6.71835502
-13.89279752,-19.17251629,18.58094772
-19.84641518,6.89335857,-6.9524349
-12.38092019,-12.56123531,14.09445002
-13.8162159,5.93690678,-15.926945
-12.90753178,16.08135905,-9.4887265
-14.14054873,2.55654201,5.07079703
9.15440797,-14.18819492,-17.59696103
-3.27368176,6.3285703,-13.13412642
-8.20338633,10.67527691,-18.71313466
-17.4083564,3.31998002,-9.01628147
15.34512367,-6.55973041,-16.80951802
3.1574959,-1.61025219,-6.80034862
3.28518721,3.66586003,-16.61118196
-15.15267794,-12.75313324,4.12792878
3.75760087,-15.18511209,0.89927757
-14.68889092,-2.48558632,4.4848815
-19.45153709,-18.47293452,19.18010218
-19.2553518,1.0615393,6.99742324
-4.4683351,-8.38725761,7.81838371
11.13050193,-18.1323552,2.40873067
-8.85913249,-14.67988842,2.6530833
-15.50713623,17.1373856,-6.29707688
-18.29873881,13.60789711,-5.20886872
-11.56669114,11.42778076,-7.06047351
-2.52759567,-18.40430416,15.82602023
5.08662726,-12.44962775,-18.61052278
6.83645656,-18.25726365,1.15087432
-5.55830077,10.4505294,-9.98100467
-10.82104243,19.56377157,-13.73090468
-8.14454378,17.66855709,-13.99762342
19.14173258,-10.16270411,-14.0382048
3.58669014,4.66445462,-17.09898673
-18.96602803,14.24585111,-6.40214779
-18.28678748,-13.32885481,3.63720034
-15.54923139,13.17319005,-2.5520564
10.06447813,-12.59192325,-6.44057491
-17.4301341,6.02445714,-1.07261533
8.33502211,-17.07613592,-9.36310685
2.88472047,-13.54235946,-15.53988214
-8.8123981,-15.73102598,16.16583874
-4.13909723,13.11835302,-17.3543243
-10.62262381,4.51349318,-7.39559507
-0.7570203,11.68535254,-16.95221854
-16.80325514,12.8141335,-3.95077593
-17.48405164,3.21805314,8.84806131
-10.44691837,7.62505668,-4.64274656
18.3430994,-7.60815209,-16.66229645
-13.90300766,-10.90755429,11.33439223
16.04060577,-11.96355931,-12.86061803
-12.69931553,-12.38572872,18.45106563
7.95400189,-8.77474006,-14.54349962
-17.29359106,14.65067863,-7.59376255
1.3171184,1.89383903,-9.81242543
13.74726362,-8.99919938,-9.60489229
-11.75216998,18.14721689,-18.33964325
-10.32404356,10.84741265,-17.37598588
-11.16184875,8.62332698,-11.8008105
-17.67611958,-3.37880442,8.50437786
-14.35537721,-4.63535245,12.92395446
3.1651573,-12.54317979,-5.72718165
9.78189105,-4.07127195,-12.10539842
8.19061133,-8.8792592,-4.72919681
11.99153486,-6.04228455,-16.94530149
-8.91112833,-19.71081925,14.88423859
-19.24818124,9.05295593,-14.83863302
11.34793957,-6.0949583,-14.96912705
-18.0998363,17.30203083,-4.83493028
-12.32014628,-0.06804284,4.49810508
-8.52330067,7.67845462,-8.42113262
-15.86098186,-4.19954488,6.37823717
-7.77765634,-8.63342109,5.02861116
16.77071869,-10.34329179,-12.18716411
-1.81193135,-16.18906116,4.77872128
4.50488772,-0.66715354,-8.4219216
4.40074954,-8.56204277,-2.49501809
-12.90539987,5.55484888,-9.21582234
6.49186627,-4.85310776,-6.33821184
-9.15322806,-19.77923137,6.79225114
-8.29575053,-12.47236384,6.24662552
3.67963948,0.53140959,-18.00486655
-5.35528777,10.00581588,-9.96595733
-18.92417643,17.20686713,-7.83807418
-14.61394163,3.70608319,-9.95096456
-1.10388032,8.49913833,-16.76127639
-14.59797005,12.06450738,-6.2024872
-1.76059578,-14.15290386,3.98400019
-17.47751233,-4.47483139,5.0990623
11.2163792,-7.24348504,-9.59618176
-10.17967164,11.65150351,-10.46119809
2.77680389,2.8142169,-19.80947495
19.05638169,-11.19989742,-15.74071621
19.46154258,-19.33204992,-7.6281568
-8.73767528,14.48245467,-12.41357005
17.19265768,-18.46671008,-14.63647499
-6.58992889,17.27821804,-15.34069309
-16.13179601,3.77326662,-0.75163475
-8.56232197,11.17953316,-18.2312428
-17.63329759,-7.5143379,17.945339
12.54393053,-13.84022091,-17.50996093
-4.43490132,-13.75564736,10.93019777
-9.42656496,13.5047754,-18.82661619
15.75451708,-4.41420581,-15.90006193
-12.33540939,12.01489021,-11.6461845
-19.46429212,14.44876329,-10.2594789
-14.19239399,13.75905075,-6.13797606
2.45931126,8.40752929,-19.54387998
-16.30065416,-15.04159786,16.25743683
-13.44038514,-13.70407741,8.30409055
17.03006759,-14.69001813,-14.02813366
-15.5746359,-13.29137424,8.92484655
-6.67996326,-17.5577273,16.09133552
10.30174944,1.01407078,-19.50543913
-14.17677475,14.95919803,-9.74901821
0.85138806,-14.73694765,3.85255701
-9.94045823,-13.682655,10.33767018
-0.88715258,-14.49036082,7.27819477
4.89199251,1.3122278,-12.40508323
-7.39714131,10.31472883,-14.11390438
7.80533622,-14.28759917,-4.68556692
15.89539857,-19.59015853,-8.39078767
9.41281038,-18.62602635,-5.01585087
-12.23897102,-1.67926474,8.65093418
-15.26037407,-17.51370399,7.80231893
-17.76691153,6.32575047,-0.21471226
9.54826049e+00,-1.75190725e+01,-1.53772988e-02
-12.98497781,2.65120644,-8.53823497
-10.59383426,19.30828696,-19.00995701
-19.22892927,13.75222861,-6.06610667
3.33344423,-9.26285938,-3.94450981
16.13286291,-6.66459548,-16.35945612
-6.7223436,-9.54554129,4.29745533
-13.57468704,16.47049124,-9.96532368
-2.38267738,-15.64053605,10.10216702
-13.91711235,8.14082401,-16.17039462
8.36884558,1.45075208,-14.53456907
-16.31941236,-16.96835007,11.54446255
13.79403648,-18.4662722,-8.60783292
-17.78600598,5.02447896,8.24714498
-11.48894629,-4.96007033,5.61193701
-13.92347772,7.82785172,-10.31954415
-17.54761027,-14.93844603,18.05274029
-13.02452382,8.85777012,-10.63881674
-4.33048943,11.48960649,-16.99713336
-8.49591925,15.6625284,-12.02501191
-11.59782021,6.57474866,-0.8303612
12.05498417,-12.70803543,-6.43210635
6.08746979,-1.66730975,-13.81579445
4.99049154,1.39738538,-12.65672857
-13.67967629,18.41339493,-13.71420585
10.88925295,-11.42281789,-10.36876367
-17.16968619,-6.94753236,8.63368206
18.56662335,-18.96851993,-16.20557351
4.13266888,-14.11362256,-8.41069555
-13.84814881,6.11995177,-1.00466435
-19.4780396,3.9994287,9.52956019
7.56944758,-12.64978925,-10.51124974
4.22323513,3.44099454,-14.51705327
1.72891753,0.90464838,-14.18682641
1.67647192,3.62000496,-17.40008918
11.03661511,-18.64252807,3.01459331
-18.57869658,-5.15166967,16.87372732
11.63623652,-15.25455772,-6.34493341
-18.67511837,5.73192581,-2.83753639
-6.56278335,-18.16342336,5.66337705
-16.07108703,2.84481007,3.45240827
-19.04983977,-4.49778436,11.06694045
-7.14289847,-19.3240748,9.66771048
-10.59826181,-19.2212799,9.80756112
6.69509939,3.8629358,-18.22291342
-18.45854112,13.20614042,-13.54963828
-17.66418849,-1.76575474,6.49119002
-10.42432359,12.55641586,-16.4638662
-0.93938857,-19.60645121,14.53878128
11.043401,-9.63000698,-10.61234975
-14.78638217,-6.5485295,9.26260581
-16.33961433,-3.95018635,3.1697439
-7.04646377,9.84283882,-18.62619764
-13.81415242,-11.74231475,18.4792213
-4.5040513,6.38455826,-14.43264614
16.93748631,-5.54096511,-19.10350247
-9.34514893,1.01643048,2.27743967
-8.91001778,10.97057737,-19.7444215
-11.91457468,14.29328135,-7.33295881
-9.89903261,15.71884495,-10.25554817
5.89437185,-12.80262021,-6.19477189
12.26372277,-15.04436154,-16.024335
-0.06156737,6.46400031,-15.54723422
-6.90149538,11.73780614,-15.09682785
-10.91869459,-16.36980548,18.23995428
-12.31341456,11.49030782,-12.68513235
5.5170547,-18.82018712,5.11508378
-17.32553801,-7.83804454,19.97137297
-17.31535387,8.19717895,-17.38002855
-13.65746243,-2.22652658,8.43642774
-17.91653494,7.86851112,-12.16617172
7.14924187,-19.08514184,7.01380001
-7.82873832,3.57160242,-7.93224996
-14.76677343,9.52873901,-1.72329759
13.6228118,-16.52803121,-2.39032138
-10.51771799,15.14958593,-14.02948794
-11.72375231,13.74413768,-6.64135226
-14.76714072,-17.90891741,9.79624345
-10.30755743,5.05631517,-0.71563804
-12.9570569,5.28538122,-0.62217055
8.29456032,-6.33434716,-16.22294177
-9.32160829,-4.07912133,6.61733193
0.72090032,-7.85714191,2.55168477
-16.26706552,3.99309297,-2.39205121
-4.47983933,4.58469715,-5.84120844
-16.37104576,-13.64114687,3.43295704
-6.26521453,-6.86195597,3.874928
6.14149284,-17.97978954,5.97592144
-14.34399296,17.40521094,-9.50132075
11.51584345,-19.02413963,-17.56666612
13.60792843,-5.11238658,-17.17229985
5.19461218,2.80314915,-19.21861115
-10.31717378,-6.67312382,5.72780485
-18.22037843,-15.38871553,16.39005485
3.31403016,-17.66358451,-6.44011832
-19.59476672,-11.42366269,18.46638662
-18.23475606,4.61275009,-1.19873095
12.49050079,-9.54056368,-10.38685759
-13.65671385,-16.07473176,19.025851
-1.59820817,-16.0716857,10.79340278
-15.8641013,10.44698664,-16.06610078
8.20527682,-4.38227998,-16.32398952
9.84937908,-16.09525653,-11.87977089
18.669546,-6.38564214,-19.08489014
-12.01496405,-0.92205149,7.07469215
5.50048304,-19.57005719,-16.12534264
-17.58198709,10.22700862,2.90866339
13.84339644,-15.99652657,-8.79273827
-12.30379452,7.45095418,0.06276525
-18.20370574,12.78068539,0.39692957
2.95535465,-19.37944433,-5.14410827
8.83095446,-19.98828015,-3.42877992
-14.26896524,-2.30078817,4.54680752
-9.37198503,-15.87069461,7.56694456
9.27865369,-5.57290805,-17.21654438
-16.15148281,-18.64495029,15.63293022
-4.93701312,6.22386682,-12.14307417
3.23298903,-15.77266022,-15.96402515
5.06466627,3.61368277,-14.9125845
11.00945175,-13.31202944,-9.25047065
7.5769152,-19.09387016,-16.12777142
3.29385776,10.93649138,-18.89215367
-3.10172088,-15.8243952,8.01165461
4.25032452,-17.2875842,0.44970395
-14.7153145,13.23943848,-16.34664965
10.2483574,-15.30189221,-6.25570283
8.70122424,-15.60910421,-19.31143776
-17.18059259,-7.29064632,12.59485671
-17.92067951,10.99114606,-15.43645494
-4.58676054,7.9584429,-9.45249139
-6.05636033,-13.10036321,12.44319559
-17.48731708,9.00637135,0.78685976
6.02711669,-17.75012015,-16.35828738
-13.73597388,4.73514027,0.58234506
7.41182482,3.47787682,-16.39839591
-18.53692475,-11.2833568,5.71617667
3.75379644,8.13596785,-17.10712814
13.56329081,-16.42595072,-16.98491789
-2.74054523,-19.59781406,10.49459267
10.67934197,-17.27890742,-18.91536657
-10.10564187,-13.77457378,18.70548665
1.90067003,-11.95027108,0.4793261
-19.13692975,8.48717252,-17.29450335
-7.86231803,-16.49221194,6.13455055
-7.57634934,-19.04933585,14.57859272
1.64224613,1.08018387,-10.34099477
-10.25959045,15.82755639,-10.38711726
-16.80371837,17.14790143,-19.34874079
-0.67517319,-18.53152423,7.81951274
3.88695329,-16.24718384,3.39646859
-12.32362043,3.23907882,-19.59266002
-19.70410517,6.16560766,7.24007612
6.58555496,-2.09201598,-12.22728632
-3.10424844,-14.41411422,7.22223623
15.44918057,-11.43146618,-8.53368736
-7.88576502,5.8159551,-17.58643008
-16.54181442,7.22371719,-8.02934629
-12.45835576,6.32405883,-18.39099913
-4.13208624,-19.36799978,12.23628611
-7.57195848,-0.35134351,3.02895782
-14.57868412,-11.92427562,16.25538822
-7.70545966,7.45455692,-10.81110019
7.92252589,-16.41952653,-9.89014683
-17.39965891,7.0907507,-19.50685598
-15.5630397,13.04121004,-17.94540169
13.6105093,-17.95935322,-6.55763247
-15.63401081,5.01124554,6.16097363
-17.24109842,10.35682098,-6.0294909
-19.44384586,-11.00860442,8.50527646
19.16812266,-10.43790466,-15.29283093
8.08894754,1.03166877,-15.81868967
-19.60341851,12.89471594,-12.28854847
-15.39305936,-5.3427499,11.92049933
-5.10514249,-14.38404129,10.24336162
4.23598733,-0.0495063,-16.80106888
8.84220338,-2.17183702,-11.06707117
-9.00551379,2.55782575,-10.14257197
9.73959509,-13.94343835,-18.11530762
-19.66733319,4.37809564,-1.63610821
-9.22147996,3.52521342,-9.07422555
1.09642251,-12.94812315,7.06161509
-15.12904599,-7.44284606,17.97121249
6.2520408,-13.46786994,-4.91268897
-16.56938928,-7.86581586,15.47922936
9.44360773,-3.75935741,-13.03045571
8.77301606,0.89529509,-18.84601112
-16.65487804,4.686916,-3.75397476
14.9347246,-5.42863604,-15.23149281
10.73629154,-15.63903052,-1.84052142
-10.66556636,-19.82245971,7.80239926
4.07065643,-0.10160887,-15.22154755
13.30635352,-18.36531486,-7.64238888
-8.70991517,-15.95752433,2.51369737
-19.95913892,-1.80686069,9.13755763
3.52314613,-12.4098676,2.27166709
-7.2039279,6.83823517,-12.98063851
11.33688291,-8.23974266,-8.35695175
12.33401538,-3.35028298,-15.22359912
5.76519935,-1.47699532,-17.38227059
-14.83098466,6.34999886,-15.16235614
7.45999441,-18.19190331,-16.95212141
-17.79819094,-14.89905079,11.3907641
-12.0350866,-10.35201018,16.12366931
3.63402367,-2.79257032,-8.51468609
-19.45100334,9.06820887,-19.37764868
-16.18066894,-5.83762269,10.44169568
-14.7949922,3.50579502,-16.22727588
-16.57970708,-5.68292935,7.19926549
-14.006704,12.51555446,-5.53290186
-13.27022535,-6.32141035,10.40628438
3.37432332,-14.37782558,4.56940229
12.75838196,-9.01948859,-9.99149584
1.36462229,-19.8039882,6.08530736
-13.95930538,19.84237566,-18.39573805
8.04485626,-3.30861964,-14.46328247
10.62431117,-13.23478606,-19.28985602
-9.54487419,12.31437569,-16.22135856
-9.69602776,8.63087531,-18.75114762
3.0678237,4.58581023,-15.1522403
8.41941472,-18.81354123,3.62858741
-12.70125512,-18.40615473,14.01081901
3.60669138,5.83541171,-18.50201154
-7.22464021,-18.88675688,12.66339296
3.58870702,-10.59843614,-2.61190877
2.68263466,2.73903272,-17.74531971
-0.3418283,-10.7709408,5.72137623
9.71558267,-13.11286365,-11.43605
-18.7783096,-4.48324881,10.80062143
16.12101537,-5.25602709,-17.48703903
-12.84786992,7.35753389,-1.95611772
-9.58594114,6.93395535,-11.68006318
-11.31934108,2.77941182,-7.37731709
7.86387624,-17.94211703,3.22399826
-7.90313373,-15.52887645,10.22783365
-15.6258128,-11.42569009,9.03913286
9.23334289,-16.37967857,-3.76495021
-1.16817489,-9.81988483,4.42872891
1.37606646,11.87396073,-17.96330778
-6.89266297,10.72455294,-15.84511114
17.75742156,-17.15125654,-10.99229361
10.50191009,-17.10929048,-5.36132099
8.93756948,4.13032964,-18.43500392
8.6974563,-14.57431979,1.1710035
-11.48035807,-9.03747671,3.67279296
-16.56581768,-8.81977251,11.51747077
11.28140395,-16.64061031,-15.58383374
6.6531957,-7.79017786,-18.74144216
-5.30329754,-12.62954206,5.56587425
6.73593198,-16.01799653,-1.59215796
-10.77885438,-15.23218179,10.66572249
-19.48825398,-8.05811465,8.98144196
-19.2917107,19.18112106,-16.95159823
-15.68722815,-15.44872134,10.50993445
4.37873336,5.45747995,-17.9711867
-16.28675444,13.21253521,-8.98273791
-16.15940233,6.86395451,-12.59357089
-7.59659435,18.03207701,-15.80207797
12.07661259,-7.03510252,-9.63446316
17.64028236,-12.63253591,-13.12070301
-3.2706756,-15.55649986,13.34672169
-9.76313749,-9.14681816,8.2878328
-16.22842588,-3.8246338,10.87943754
12.1731955,-18.00548993,-5.19784932
-18.47726469,-16.24080049,4.02025414
13.62446531,-8.71739421,-18.81599594
-1.65052815,-15.78795636,5.14402484
-18.44343073,8.41101805,-8.1948988
-17.52910234,-17.83518112,11.16911551
-18.73029954,-11.00224562,6.20530584
-15.17224301,19.07642055,-16.58072972
-15.81562493,19.14775481,-13.11175525
-4.21718723,-12.6526117,7.1985042
-3.16005644,15.29521258,-19.77117713
-15.54609565,-17.22419751,14.45044381
-19.39254268,15.00200357,-5.88826841
-3.19781252,9.97459315,-13.85366131
-15.87138637,5.88866761,-12.21802659
-12.77050344,8.35821836,-0.05195899
-8.42146546,-2.40900972,2.9033293
-18.1092864,10.15544826,-2.80657612
-16.2910676,-12.61073352,7.97628017
7.45496618,-8.35339828,-4.07129265
11.90184423,-8.74206223,-9.17360253
-11.34537788,11.7361089,-7.63193018
-13.41512975,-8.86520304,12.1768992
-15.0274346,-8.4124865,19.03581139
-12.37964097,12.67643657,-13.09882442
-18.65273305,8.2168858,-9.29377623
-15.09529112,8.07633371,-9.82464975
6.959832,-4.37908076,-7.70958924
11.48207218,-15.69437244,-18.52448147
-16.04264688,18.14815394,-18.72921509
14.9368947,-14.6487062,-19.57840444
8.20006518,-14.61123345,-17.81489616
-16.11076874,-10.80435176,14.2275027
-10.03436477,-18.65197803,13.48136275
2.58924421,6.75807357,-14.58847185
-2.39790453,7.44967865,-17.78808408
-9.57192816,-2.90573302,5.69806578
7.82822308,-13.62956093,-14.33226579
7.30919409,-12.36141045,-17.16256089
-1.17036485,11.93511795,-19.06475534
-19.54748309,12.10987229,-18.41545808
-7.91697901,-17.70341113,19.3112731
-13.5084612,-8.93924385,17.99888971
-12.96700003,-7.82590343,7.64134255
8.10300099,-3.10389501,-14.96350153
5.42711104,3.97713371,-19.64657957
-19.10999037,0.58020814,11.84066052
-17.18948,-18.2001557,18.70886194
13.84963304,-0.24685518,-18.68864736
-16.06150013,-17.46912719,11.56471947
2.60319009,-16.73498595,7.11413184
-14.95546734,7.93207103,-2.21968196
-8.13481094,-11.46535441,4.63683167
-19.85365277,-14.83454832,4.566972
-10.3875721,14.78344435,-17.69988426
-19.96245822,-5.56409347,15.50005098
10.57011596,-18.49864895,-18.1544557
-19.40888555,10.88924312,2.74270387
-4.76063216,-16.89887715,5.78177971
-15.37435762,-5.34032081,12.97761401
-5.74419338,-14.52068255,6.89522031
15.17170856,-12.51277247,-17.50763868
-19.27790444,0.4374585,11.79722229
-12.08043444,4.3146148,-1.60832707
-16.96733198,9.82498102,1.54048727
-15.55290218,11.39890062,-18.06617295
-15.25868527,13.51734243,-19.526215
5.02015563,-1.27231422,-16.30413661
-17.81514531,5.63500366,2.42575756
5.21102457,-9.3924076,-17.56206548
-13.62892302,-12.94915799,5.15379653
19.71078514,-17.77041804,-6.97471068
-19.06386468,-12.24842737,5.3739171
-18.02451517,2.2399806,-11.40425273
-0.2203706,2.44622944,-11.69339353
-13.35761554,18.02684358,-10.29799808
-19.95168514,8.95893904,6.55278054
14.13959859,-18.41148008,-3.10847207
-13.43329223,-9.03973555,5.46736819
7.56156143,-4.88617126,-9.36913068
-16.83437634,-13.56924804,12.44170284
8.04932811,-17.13096874,-8.27715541
-18.52920175,12.46315208,-9.30668672
-11.37788242,-17.62699598,3.3481401
-12.70967063,12.04822294,-6.82756509
-17.72622966,5.61782781,6.35334695
9.58977456,-8.08019162,-6.06341211
19.16600525,-16.95367485,-13.34468314
-17.31120172,-10.27479748,16.33343167
-9.15053625,-17.68989318,10.90501271
-11.82154321,12.55627009,-16.26763843
-0.85989223,-19.9340344,5.34118799
8.8046901,-16.68066532,-19.28774205
-10.643937,14.30295885,-10.28629203
16.20831046,-16.73914105,-19.94550996
7.68547865,-17.77359464,-16.92492529
-10.65935171,12.45962936,-8.82705184
-16.6349998,7.73202893,-4.55870993
16.13183744,-4.62211975,-18.35001031
5.54347457,-14.67825514,-17.35346737
16.25561338,-18.55829799,-3.75962966
9.7524766,-8.29245921,-17.74482442
17.86375532,-7.99084798,-16.71399434
-9.24001575,-19.8438932,3.80274508
5.10521462,-13.09763677,-8.30290367
-7.3197558,15.79876818,-16.38973006
-16.29457846,-2.78072498,6.09995992
-15.56768185,-14.38762062,17.29782088
-16.61808311,1.21330414,6.12249888
7.28247334,-19.46320048,5.36263411
19.58334039,-18.15059762,-7.57920834
8.22921702,-2.64906314,-19.68703621
-8.11511495,-12.06032517,2.57214117
-2.33614531,4.66047718,-16.20083033
-12.88939326,8.82734727,-14.4974803
-18.35045792,13.80215627,-10.40852907
-2.92235561,-17.14487909,6.78897589
-14.97949142,19.70060386,-13.96215421
-15.45219661,15.14441697,-8.17026089
4.67979733,-16.01137027,-13.91370761
-14.41796332,0.26120009,2.91661226
16.10765894,-3.40676257,-19.08837736
-19.81121607,-7.82675624,5.77459682
18.69892894,-15.99783326,-9.93043997
-13.0109651,-2.11127638,7.05475319
-17.99354395,11.86824989,-6.29773464
2.15822819,0.79234105,-9.67468495
-14.39471732,-11.06079019,2.8629457
-19.21601407,0.59783675,8.57695071
10.87177218,-6.08627331,-18.04077833
-15.16841914,1.00271086,2.4358482
19.64376773,-15.53311338,-15.82653967
-9.96585786,13.43854052,-10.45796875
-11.43387167,-17.34389679,12.57907593
3.169104,-14.58658769,4.59567316
2.90007172,-9.93840293,-7.17276614
10.73507305,-13.77580189,-14.20025585
-14.49091395,-9.94288749,15.41222758
13.01533337,-8.65592956,-14.48720879
-6.0807037,-13.59956316,14.26276029
-7.01764542,8.41763735,-19.34672192
-18.58235274,-2.39417299,6.48544119
-18.12992015,-12.42042015,2.96881961
-8.066261,14.97896595,-14.43382381
-15.52434435,15.38196053,-5.45584306
-15.17023403,11.93318985,-5.2006825
-5.72867929,-15.47759748,12.57735119
0.3814536,6.18523344,-19.35892966
-0.79785982,-9.72054638,2.33860852
-10.00861622,-18.58329696,15.89379874
-8.67480107,12.89077267,-11.39713625
9.69324478,-17.45079765,2.12289616
-8.02251843,9.0536339,-13.05956043
-14.68613922,17.85509209,-11.51937844
-17.29481402,10.25669714,-4.88542509
-4.44650298,-13.50215127,12.04494777
-4.81322107,-16.83351744,16.11642256
-12.23856611,-10.27424938,4.06860642
18.60019984,-8.85059491,-14.50061376
7.99492239,-4.15237163,-19.98317861
3.84531015,6.89922209,-16.38905003
-3.51699871,12.98856446,-17.11959176
-1.54689251,-19.789735,10.53355148
-10.68063387,9.54820053,-18.89480315
-11.1596683,-9.21379788,3.40609665
5.55744038,-13.27883004,-2.86786277
6.86595112,2.20679429,-15.4709384
-18.51325428,8.94622175,-15.57769555
-5.18954687,12.45766868,-13.8519109
-19.0701868,-12.40947983,15.42886364
-11.3467515,10.78557776,-9.21961717
-16.67737342,8.38672078,2.64017341
2.92464416,-3.89703889,-5.73254312
7.5879855,-13.91337317,-1.96855796
-13.53409413,-5.58792414,7.66930362
7.26135094,-19.91936829,-7.9989137
-17.59024452,7.80525175,-15.30747975
6.19947211,-16.73420974,-0.22519847
10.10903615,-14.44573702,-7.71698683
3.30113068,-1.78483566,-12.44637443
-4.29247935,10.80274799,-13.46990571
-18.46705921,-12.56024942,10.01251763
-17.92482728,8.77530484,-1.44044306
17.18858008,-10.47565356,-15.97207915
-15.03582336,16.04147101,-9.41032436
8.43449368,3.63008862,-16.63587681
-9.2119761,4.86917523,-16.84013276
-17.61260173,2.51815605,3.85485829
12.52187628,-17.27743005,-15.81384815
-13.79773708,7.05144509,-7.31509325
-17.92290556,19.68543082,-7.503396
-14.82218403,7.4049398,-8.25860604
-14.8455705,8.64446809,0.53686756
-17.46877833,-19.1010947,6.71468522
-7.79632657,5.72223897,-10.81530088
-14.64653232,-7.57866653,7.07673347
7.91843026,-8.84319215,-14.83957436
7.66967486,-17.38365498,-0.14496227
-16.18579343,-8.15368586,7.14589482
-13.71097931,-11.39292124,15.69656954
0.19477495,-15.74025394,8.00131706
-11.57255075,-11.98213564,9.05001704
-13.62707864,9.30502888,-16.43397127
3.44857025,-19.80893405,8.96948328
-2.36296558,5.12744938,-11.82384948
14.04429615,-7.07225929,-19.53223768
10.67549219,-9.33629536,-6.17935229
-11.84775758,-10.09870749,16.70690806
-15.49801158,13.54661648,-16.30452682
-17.67578633,6.34088268,0.0720272
13.99453245,-1.14426846,-18.71563054
7.32781422,-16.98563157,-10.28109537
-17.75254668,-14.95664349,19.67605536
2.35345595,-18.99276858,6.67571867
12.05981033,-17.9932572,-15.0235956
-16.09894984,-12.51282801,18.42720589
4.43976676,-11.99194601,-15.08126597
-19.12790987,0.85004469,11.67193565
9.95084191,-4.65739425,-13.14940562
-18.93614465,-15.04398155,12.33341663
14.14272251,-5.30781888,-18.14162205
-2.10023396,15.09567395,-18.03029005
-10.69103048,-16.57974913,2.72853616
6.32874362,3.11979357,-18.69153001
2.26410894,-12.72688109,3.25442604
11.16449091,-17.51417033,-13.6951779
-11.56526229,16.62326175,-17.82650178
-4.2114614,9.34233435,-15.45376069
-19.6224777,9.39124207,-19.06292081
16.05753929,-8.86759582,-12.43932587
-6.73317897,-17.49713541,17.1000742
-15.03198912,6.47578162,-17.8047463
6.23854708,-1.99500267,-19.2441635
9.93885146,-19.71147233,4.92445838
10.65210338,-3.76624256,-14.68648071
-7.5624055,19.07410097,-17.91700509
8.18365784,-16.9054966,-19.24531318
-1.74528202,15.83425053,-19.99238763
-7.55042852,11.05934932,-18.68659027
-18.79089187,-10.55266347,14.76930475
-15.0676827,4.12143454,-2.56216151
6.8897589,-14.86614895,-9.62082926
-14.1116317,8.38918072,-8.13797726
2.68988776,-18.12969054,-13.58401574
-3.34310323,7.72461962,-9.66453827
-7.04147618,-19.02768332,5.01432431
-6.07517927,9.1577934,-18.9201245
-5.30136084,4.06591873,-5.95625265
-10.20883851,-18.61463781,13.99955618
-13.59194731,-18.56559662,9.04488526
16.23656998,-8.65994167,-16.17778038
-6.90210235,-10.12444574,6.73838559
19.16416727,-9.3320979,-15.21750037
-16.61385029,18.75172949,-12.45411477
4.02634314,-17.15133157,2.70751748
-17.3064324,12.76925112,-13.22352012
-18.23120598,-16.11185917,11.45537161
17.82825176,-17.21715996,-8.70369526
-16.59202431,12.84467254,-18.63834457
16.16988521,-7.31303344,-17.96337737
10.82970664,-14.39651741,-6.07772154
10.35811821,-15.73147233,-17.94524923
-4.56497466,10.99823501,-17.96468815
-14.77306419,18.36274623,-16.57960497
-17.22339101,2.72520925,5.99672862
-4.30972268,-16.20936949,13.36103151
-14.98011588,5.20271613,-17.58919409
-9.05769192,-17.36052433,16.11470576
-0.7044613,-19.8784421,11.39785135
-18.42990287,3.66961999,-17.39962932
-17.53693396,-3.9662239,3.86172818
-8.50081248,-16.29962048,14.68697959
-19.87916053,9.67019396,-11.17390233
-15.28987652,7.10866754,-19.48680286
-11.91638084,17.58480288,-19.6838021
-12.18169013,16.24922501,-13.66420815
-8.56630906,8.26875096,-11.43846374
-18.34517006,-7.00524389,19.26655741
-10.63582989,-12.21824272,3.73431393
5.44441462,-12.78977578,-5.4062387
-17.02700573,5.64307514,-8.13655046
-11.85603412,-8.9930849,8.90679785
9.33254727,-12.49463307,-2.53305127
18.69769839,-11.48856249,-14.55584154
13.78037416,-8.25859687,-13.66134214
-5.20523442,-13.56588097,5.10250619
-17.12819154,-4.28595267,6.25972907
6.02537136,-6.48383765,-10.95229383
9.93016134,-1.66919011,-16.58267103
13.98448644,-7.30398552,-16.13929704
-10.25657117,14.51159972,-11.42923381
12.64420369,-17.59572724,-17.39754569
-8.40528538,7.2821657,-4.18991768
5.18513088,-19.24437829,8.70818311
3.53336203,-18.40044872,0.99207868
-17.42695827,2.73230815,1.61022891
1.05199445,-17.00301368,5.58316763
-18.55389942,14.72199476,-6.86327851
-1.67887702,4.09369736,-18.30959742
10.58615792,-18.46308063,-19.01893637
-13.09498239,-16.21350602,10.6416704
13.24851667,-8.90361199,-10.98437221
16.33269627,-18.73641158,-2.45048617
-4.69285136,-6.43233576,6.03069079
-1.84991669,13.80108159,-19.35116539
-16.2100361,4.66253649,3.76066074
-3.86484871,-11.95463587,3.81758571
-3.2609016,-19.68755663,10.23782438
-5.23195082,-18.74374756,14.25126937
-12.48954903,5.31751309,-2.11957033
16.06685036,-8.66644717,-12.47336302
-11.20661349,-9.33591212,8.7617484
-15.11542468,-16.18985668,12.62403306
-15.49055484,17.03529862,-8.85801171
-18.59485277,17.54136714,-16.55057964
5.66501587,-12.53992121,-14.11791762
-11.47418878,14.83287473,-17.58582916
-17.00488104,-14.28444874,8.27819494
-19.31536008,-1.68757554,9.8969786
-17.75529134,-16.98832607,5.21436244
-3.34799936,-17.61026064,16.46213819
-13.71538171,-3.28745525,12.35830443
-15.60459549,7.9838427,2.46100009
-10.66694916,-15.27265269,5.15340558
-11.23255924,-6.53182746,12.21319786
3.82798063,-14.79612495,4.60615446
4.18929877,3.24856846,-14.86544999
-18.43960266,-1.49777541,13.59726145
-10.99376708,18.5705965,-13.08988647
-7.35749668,-6.91129208,4.24054754
6.52741045,-1.20710991,-11.50995486
13.869141,-13.82331331,-11.41059685
-7.70907265,-9.64494026,2.50821689
7.28612345,-7.56700605,-12.49504228
-18.04305504,14.70712398,-17.92497532
-16.88442606,14.39956326,-9.13649256
3.31762365,3.00020455,-14.86762103
5.88601883,-12.81180084,-6.98434161
4.02241088,-13.52795918,4.81900755
-4.22439685,-19.45098171,15.64541585
9.9184232,-2.9353082,-17.2424244
3.6318531,-16.06569065,-19.42601229
-10.90856079,-18.6265598,3.46356518
7.90055532,-18.65818677,-2.27005215
-16.42306438,-13.23434256,11.42289029
13.1135056,-5.1201768,-12.92017125
-15.18976711,16.97763082,-19.72185411
4.42274003,-17.57567813,-6.15642182
-15.61747049,3.7562304,-18.21397099
-19.65240136,-18.91717188,5.37332283
12.69082945,-7.28010226,-16.37114864
-14.6946126,-7.06127527,6.92231689
-4.88509065,14.94263758,-19.6063875
-14.84966879,-2.53167018,12.47357429
9.33292289,-12.73444907,-6.4941597
-5.81097107,6.41422362,-13.02846682
-15.8758626,2.44410801,5.07666362
14.6250367,-3.51035737,-17.87475198
-19.55739358,-18.18729491,3.79456949
-18.59404584,10.24995917,-15.82499214
5.42667732,0.76210211,-11.14856473
5.74067177,-14.35423961,0.56932517
-2.00766413,14.01422712,-18.00997584
-19.61646825,5.75747718,5.34079166
8.53339372,-3.00226177,-13.28900921
11.52274448,-19.5124133,-3.01819617
-7.00560818,8.50985763,-8.08104348
-16.85067728,-17.9005602,11.54833409
12.19866629,-6.71704013,-17.48670039
-2.27264066,9.99563447,-13.60995191
-16.20675571,8.91952559,-11.4109423
6.28992595,-19.03134347,-6.76541303
-10.77347657,6.79664403,-1.87497645
-12.00100914,9.85945054,-3.18818768
5.54158494,-13.92910634,3.54247219
-19.91323503,14.71099937,-7.18715781
4.03293519,-5.65183363,-18.511909
-13.62826817,7.89210524,-16.35997502
-9.32727965,-13.08407161,14.7430723
-14.55788051,-17.41057098,17.9534364
-15.24052518,18.84067819,-8.78175387
-18.75352922,-4.74447187,7.18564676
11.88796573,-15.4567931,-16.14413866
11.52191696,-10.01662804,-16.73162961
-0.10148022,7.42847273,-12.05113809
2.94316144,-15.59275885,-14.15865962
-18.19796294,-18.7489036,12.09755016
-7.03271646,12.54392969,-11.09055269
18.6694903,-8.26523737,-17.02790268
-11.23854436,-18.37061516,18.80522895
-2.86525107,-14.64449492,3.15952078
-19.27176286,7.31587181,-2.31088097
1.72985739,-14.44229172,6.86671469
5.97941992,6.43682729,-18.47678671
-16.2478768,-4.01275662,15.14479707
-18.09431562,7.17956942,-4.38133472
6.14262952,-8.91964782,-13.28902306
-16.51893182,-18.56975849,5.99421629
13.33908925,-14.28940584,-16.68565332
18.28066981,-9.17606626,-18.30178866
3.75971327,-15.36618284,-9.21837728
-0.13232443,4.09884118,-17.8871273
-0.23547739,2.91186138,-18.84562956
-5.6706808,5.37796602,-17.95948767
6.16419006,-2.65296497,-9.37517487
6.09757094,-1.32214442,-9.94707389
-19.68362283,-1.45213504,12.03617227
-15.67802705,-17.71175344,13.37761481
-15.05377481,10.11735829,-14.0459901
-19.35384853,4.39107592,9.77176933
-15.26875334,13.32419653,-6.71072093
17.56142412,-16.97093875,-14.41199349
-19.50338305,16.49716785,-2.39166096
-16.21687528,18.66304883,-8.49847174
-16.01838118,-12.23631512,13.32818594
11.65269389,-6.50020809,-16.53938681
-15.82399169,11.30515422,-9.83133111
12.38952685,-3.23785887,-14.31165458
-1.93078739,13.99298106,-17.83353773
-6.06137762,13.24425876,-17.74924268
-5.99301732,-6.70244925,5.36430214
-16.77123069,11.40583755,-0.67780022
10.26710648,-9.02885236,-16.56181799
-17.24785715,7.26090549,-14.15597864
-16.02173981,4.23318299,4.49732881
6.64783715,-11.81890235,-17.45226365
-18.08185947,0.48278402,8.78480631
-10.02581218,17.25330397,-17.14676722
-8.60016379,16.16176297,-12.52066607
-16.21322544,-2.93208344,10.37392431
6.08450435,-12.23566518,-14.28149848
-15.2744531,1.43143304,2.91855181
5.11325577,-14.4163762,0.08434924
-2.40834091,9.88685589,-11.87841665
16.8326865,-9.35570788,-18.3843005
14.2925723,-18.35628806,-7.88552408
-14.50045583,4.64414598,-1.66586908
8.11245261,-2.07710251,-10.52296422
3.94693486,6.73829723,-16.19976542
-16.1301061,-13.00080463,8.52360078
-12.70415636,8.31994744,-17.83903673
-9.94247754,18.84692629,-18.44876544
-8.7379155,-15.33855513,12.73929325
-15.9241068,11.56470385,-4.63258001
-10.46176039,-16.93475357,18.461814
-9.71413417,-17.26182737,8.39202261
-9.42095788,10.54864419,-10.14858979
-4.95154951,-16.19939667,6.22220184
4.3792207,-16.31150941,-0.87732336
-9.33488846,12.5598398,-11.7870325
10.74924467,-6.97441001,-14.38718396
3.82534989,-6.93576027,-15.34931691
-19.2592973,3.46681518,7.71209539
1.81610248,0.96797939,-19.47818897
4.11766426,-11.37180902,-10.40062292
0.92088084,-18.17646718,2.45820258
13.40103556,-8.94294239,-11.00344492
-9.62712439,-6.36053507,7.05596958
5.8867263,-8.46962148,-3.80099201
8.64776007,-14.95039906,-11.71466598
-14.62776143,14.04724107,-5.4027985
2.6690448,-18.95994737,-10.58120106
7.31840787,-3.7836259,-16.22493882
11.17689908,-10.21150599,-8.53988819
-5.80153814,15.3504755,-14.21090355
4.23521403,-15.31160608,1.2650294
-12.94062195,14.3640144,-14.61154345
13.6156846,-5.68813168,-17.21236308
18.32597688,-6.13054875,-17.37602043
-13.47481134,3.03558328,-1.06122545
6.86614025,-5.76161241,-11.12515688
-13.55627795,14.95919489,-13.83520567
5.58380851,-19.92435927,-13.62194304
11.37522764,-5.95961508,-17.74331825
-8.58086985,-17.94615786,17.31965186
-14.73958388,14.11484536,-4.40663096
-10.7466817,14.95196516,-12.70864016
-12.57096836,-10.32650276,16.21441382
-12.02344728,6.17757434,0.88163089
16.38366492,-15.82884119,-12.39503537
-14.26556954,2.05624123,7.2764963
-15.31754082,13.22249588,-5.5115095
-10.54953152,10.41848911,-19.11861654
-10.15425324,6.52531446,-19.83800997
-15.62123755,17.50398045,-8.21199884
-19.85749299,3.3522957,3.91969205
-15.27841979,-5.6174106,3.37854865
7.53978217,-1.41742878,-14.89733911
-14.2958942,-18.72538492,9.24056331
7.18873463,-17.68570581,-4.59900295
2.97012027,-18.36713859,-15.49515533
-7.68242782,-18.72016521,15.21835844
-19.87613024,-8.57877415,18.01119732
-7.86288121,-19.92676942,6.39785823
-16.93088265,5.52360973,-14.33532749
-12.8118799,17.5960157,-9.34700735
-12.98775292,3.62932417,-19.28780468
-12.35683605,14.86634968,-17.82922223
6.64793394,-11.91332275,-1.08483501
18.63223151,-9.84130036,-16.66786024
7.05018042,-13.22777564,-12.69332301
-5.49125105,-11.70557456,10.13782792
4.4049575,5.16142344,-15.46557943
-13.59123188,17.81804661,-14.16882404
-18.82948922,7.92163164,4.21808904
4.31721472,7.12465249,-16.48994532
-1.98634824,5.81503932,-16.72931313
7.87951385,-13.10619885,-1.6407897
17.19548091,-11.13205404,-13.34250145
-10.80496767,-14.94921732,7.91015283
14.469256,-4.64843429,-15.3840442
0.88567772,-18.07757808,8.18421512
-5.50010314,-14.42051563,14.04123878
13.33454061,-3.75125166,-15.33184743
11.8971384,-6.4864777,-19.01003397
10.36174683,-0.99922765,-15.32883326
4.19629548,-16.59678233,-8.73108228
14.2499734,-12.89890231,-10.34426771
-16.67422037,-6.99059591,12.20257148
-4.50685433,13.44995624,-13.51217878
13.03425864,-17.00319199,-13.17016925
-19.55887088,6.58843391,-17.90408352
-13.60589025,-1.18105994,3.35135087
-12.67996471,13.03778724,-19.57930082
11.4379594,-18.52911134,-2.45980022
18.16043201,-17.0482541,-7.65495642
-15.01423791,18.55331949,-13.03212966
11.98079244,-18.83335549,-3.07405772
-8.02664708,3.14815295,-5.62259645
-7.79951497,5.72709216,-13.69510863
-0.02341253,-7.47865599,3.03482596
-17.41966565,7.47332597,-13.70304181
-15.36178683,-19.37575613,12.17731572
-12.70090387,16.50234439,-17.11434299
-15.3834101,2.07582274,7.08016511
-18.13070491,9.10980234,0.59266611
-15.10875277,10.39822598,-11.8082097
9.66906057,-11.00978769,-12.35871693
-19.38117136,-9.24898132,14.46452628
6.19624939,-16.34932259,5.62509761
-14.63486743,13.99618701,-8.41862252
-14.10163912,-15.63411833,19.23992484
14.11124984,-4.96578263,-16.70893753
5.33875551,-11.41954171,-17.13679627
-16.91877445,1.69482476,9.97857796
-7.5806012,10.1124791,-7.44035866
13.47943051,-16.04831339,-6.1331797
-7.18528067,-19.25615872,17.9853074
-18.72517703,-4.55653229,8.21227163
11.88706451,-15.48566022,-1.40267023
-14.93313003,-8.09228215,16.36999144
11.31888941,-19.35862854,-11.78747873
-8.28219893,-15.64603653,5.91785292
-10.6440903,-18.04249859,16.9619358
6.02355176,4.09844148,-16.79379711
-14.20194287,3.40450463,-8.50511931
2.75412351,-8.48949294,-17.18205152
14.74785017,-4.05056944,-17.29351843
4.52809562,-9.97990361,-12.45747974
-12.87971629,-12.91722107,16.80577611
5.21467885,-13.31621,3.0241701
-16.51420432,7.34417365,-5.83623713
-17.4431032,16.62393606,-11.2820605
7.86541715,-10.77722525,-3.10877554
-10.48167631,-2.60173478,8.04452624
11.09560958,-15.54377893,-7.98235231
8.56129528,-11.45971401,-2.30867083
15.05322818,-7.21659303,-19.14843262
2.59722781,-4.80212793,-8.99467875
-14.66118919,16.99039347,-10.69557337
19.33778703,-14.02612327,-9.97884734
8.97506812,-14.47719616,-1.57264793
-6.11774997,-18.59671554,12.74377754
-6.16728773,-18.52384459,14.33692767
16.51812807,-7.04407862,-16.58709497
3.48690748,6.83592637,-19.87292708
-9.73229157,3.74687653,-5.10664115
18.24404593,-9.86402189,-15.5305859
7.48119228,-14.04274916,-16.30170597
-16.56572397,10.37644221,-8.45427527
-15.81587229,16.00272936,-8.08792119
-8.62586957,-17.88514809,17.91746166
9.09949375,-18.66960226,0.45825084
-16.50368819,-16.5684166,4.46422749
-14.91972879,-18.59697195,8.56256062
-11.98534706,-7.71404102,11.46381656
-15.73418434,15.96482859,-5.243098
6.97358725,-18.66183001,-4.19368786
5.08078821,-18.16244198,-16.65619549
-12.72827615,4.24410793,-11.52564418
-16.52021666,-11.43059938,18.04411171
-17.90330026,-10.57710598,13.14891653
3.45671956,-10.43579068,-15.7978908
-10.84460758,13.23557547,-14.70321884
2.58584272,-6.24550296,-16.54154549
17.08254296,-14.59532048,-7.77630969
-15.83667652,-12.80533638,4.47634699
-19.88171628,8.52615762,-9.2022134
-17.32814251,5.65672402,0.56431245
-9.44047545,3.25358757,-11.15976709
19.66019238,-14.49953577,-14.1739701
4.20811439,-17.16765865,-0.76339872
-18.88327436,4.01479414,-0.73558579
-4.25474805,-16.68874902,12.64181312
-4.54834346,-19.50037332,14.82971859
-18.06555753,-3.44622765,14.88381441
-19.47492734,6.8237127,-15.93868149
-19.61403531,-15.87525209,17.5032112
12.98451142,-18.77037179,-9.63539708
-7.90757002,18.82038728,-17.71153352
13.16860451,-15.29293814,-8.80186095
-12.13235233,-17.21782354,19.17304122
-11.41876968,-9.47263007,12.71940316
-17.01325759,9.67877859,1.89630934
-19.32409717,3.17602765,8.5591485
-3.99141002,8.39695617,-12.61147223
2.95505468,5.66378365,-16.73050479
6.31390616,-4.83022487,-15.75132846
-10.50735321,4.43794589,-7.47668381
3.59344579,-7.12215283,-13.47421569
-6.06350875,8.83035296,-17.10776231
7.89170827,-15.38774365,0.7063082
-5.99328773,-13.99640519,9.44093514
4.69390918,-9.69682138,-17.56541108
4.57391278,-16.91308528,3.15453313
8.08535578,-12.06120005,-5.06756246
8.44619667,-15.22811492,-14.92337094
7.89867573,-16.47365209,-12.48985351
-17.32949071,7.59802947,-3.87278438
-9.45929592,12.26022462,-8.71307595
-17.7923329,18.90118553,-6.84874292
-19.65621611,5.77394817,7.1253659
3.86616978,-0.78874179,-8.88633529
-16.01836781,3.68763304,1.35813277
4.89283081,-19.03626303,7.90155525
13.67631627,-16.63995449,-10.1791009
19.23556252,-4.78206986,-19.4444984
18.07549926,-14.73587173,-10.6138981
-5.51918211,13.72504195,-19.805406
-19.75753187,-14.20997285,14.27688817
9.43952569,-14.07714783,-5.91681833
-15.28559235,-10.65890527,17.28701026
4.76835734,-16.72681956,-16.85829102
-14.17423206,18.59485284,-14.79446754
3.16245286,-17.75295183,5.94644167
-16.75115848,7.44488991,-19.17795788
1.84436173,-9.95677827,2.43348055
-15.43651252,4.38341088,5.95661384
18.05187645,-15.43356638,-19.07191279
4.7484994,-10.96631493,-9.11423212
-13.99816641,-7.99173632,16.06505847
6.72668211,-19.97454851,-14.74522395
3.38481016,-9.70336283,-9.81174074
16.13173908,-16.69549813,-13.36007465
-3.5989652,16.88614066,-19.22750107
-6.23112079,10.32420805,-8.91616009
-13.19216851,5.61157056,-14.5900379
4.80787016,6.59106372,-18.15324381
13.09643386,-8.32451379,-11.34864309
-18.76514861,-4.02196522,14.17352138
-13.22397143,14.69919987,-10.81554301
8.38912704,-18.0992757,-16.55908538
-18.18803311,-1.89578634,14.41983959
-4.40967389,15.09557328,-15.7768236
9.57154205,-15.8475408,-15.10949223
-8.9978066,-11.64069253,11.52807842
-10.30885314,-11.4864233,9.69910057
-7.70805706,-12.84365577,4.32423376
-10.3959665,16.14106279,-11.64821916
-16.12143745,-10.36610217,16.98791346
-11.53454495,9.36531651,-14.63938654
-14.92232652,-2.05785615,6.85743467
5.64436795,1.40464257,-19.4294719
-13.8302171,16.65793471,-7.64238242
10.53524136,-15.0938148,-3.71346728
9.05043274,-4.74916986,-11.69420188
-17.61581767,15.48449491,-10.33640722
-11.4598546,3.08940823,-7.74979451
13.87896625,-17.972367,-16.74470111
5.77214768,-18.85232995,-1.18399889
-13.15253008,0.07706197,7.69376085
-8.00191087,-12.5575611,14.84355255
-19.21768539,9.04066673,-5.11985252
16.62688522,-13.58748984,-10.18603105
-18.51526506,8.72428644,-16.82268463
-17.0266231,-14.15534602,10.26876989
-18.24911261,-10.9775932,10.82654297
18.93210998,-16.17099368,-12.49149746
-5.45919178,7.24700537,-13.78211112
-15.467181,-9.15008052,4.95906075
-15.31205525,-12.82802444,17.33107918
5.06271348,-7.95215266,-8.42204887
3.47485214,-12.37592771,-6.30496887
-3.9173739,-17.68857431,8.52192709
-14.89219565,10.00444621,-16.47148836
-15.92808772,17.27822501,-8.35956272
-11.86891512,-15.46303197,18.23709585
19.43512171,-13.23660722,-16.04253963
-19.08967,-13.54592196,15.78924239
17.16471434,-14.77572843,-14.63609914
-6.21071661,4.7017967,-19.0903128
-13.84679221,18.40196129,-19.01052821
6.47206224,-12.53103663,-19.05311494
-16.54089943,-2.58326671,14.00485038
-15.97675931,-17.41868943,9.57404914
-5.89602167,8.19974473,-12.48721806
2.45117335,-19.99360552,8.67073692
11.39718217,-9.99518809,-16.79773685
-15.11932027,18.82031118,-9.59028933
-18.42758438,-11.69185257,19.06477269
-6.19193507,-15.94431458,11.5388714
-10.34578566,5.05133684,-9.48911132
-7.20262748,-17.04910733,17.21306829
-8.71194838,-15.30901113,5.81948195
4.04280427,-12.47487879,-17.55110951
-11.80940688,8.68534667,-2.35994657
7.14852102,-16.16168548,-0.54107091
16.64757353,-12.93824288,-13.34305781
-11.55043859,-18.08588818,17.27285935
-18.82784898,-19.76606543,7.52287762
-11.16677628,7.48151373,-8.48800056
-1.38522538,-16.11936952,12.790853
-6.94230783,3.66797822,-16.50416615
15.28621785,-9.5618256,-14.67926584
-12.14869165,6.11493338,-6.20747489
18.13781431,-12.00528975,-15.86909974
-14.67092832,-18.71015484,9.68225647
1.97811973,-18.09911723,10.08429226
-11.44264364,-16.01938055,12.53174202
-8.99112072,-18.95369846,16.84389731
0.80845296,6.01846727,-13.6086722
6.19154321,6.64404018,-19.59481654
13.59864655,-14.95226011,-10.26004269
-16.12909357,7.51116385,-14.62447198
7.37460601,-0.33809344,-13.00102509
5.83527653,-16.69582965,-15.44700531
-0.0974662,-17.42892537,3.83006621
-12.60815341,6.64307095,-10.06486903
-10.43183934,5.56526747,-14.97847486
3.10798002,-11.92339034,-15.94868673
15.88895166,-16.68385214,-17.84982436
-9.89534946,-14.40934066,10.68476958
-18.42667352,6.96355254,2.57868032
10.73925178,-14.21407203,-9.61079195
-11.66392008,-11.72428655,17.48389528
14.09124563,-18.75782051,-2.40313121
-8.86322693,7.52081652,-14.42617814
-3.63239847,-12.66771049,8.22156401
9.10739245,1.43028016,-15.10161669
-12.96764384,13.87937159,-13.15655949
-9.59414949,-8.5881998,5.68826964
7.58506186,-10.77874361,-13.6843859
-0.84514588,2.66805076,-8.47090152
17.83512428,-16.38646372,-12.67323726
-17.56872278,3.20216705,-10.62475887
7.605803,-8.80622865,-9.37330571
-1.35122228,-18.29977481,13.74534381
2.33721737,-13.49514364,-13.26339252
-6.21840711,12.18459793,-19.05721665
13.91386883,-18.39931532,-5.23770719
13.81257093,-19.74802889,-14.51118478
-14.34082466,19.79567228,-15.54408737
-18.83257673,-11.06869895,18.18877966
12.13775674,-16.13195314,-2.21325965
1.62274189,-14.21927932,7.00626046
-18.20651325,-2.22969862,11.15639023
-19.93663835,9.50237897,5.27069464
13.67038507,-14.1428931,-7.9166574
6.99643287,-18.5037999,-18.69085279
15.97382587,-13.90836293,-6.86661712
-2.64311093,-13.44456456,6.88822911
-15.91981256,8.54062891,-3.81964742
6.57517326,-15.9168367,2.42533508
17.43535585,-12.82227719,-16.35075612
-11.54392939,-6.55238141,11.64832758
-19.66133687,-3.19516,12.03647442
-4.51304629,-15.8523271,10.4787356
-10.83262324,8.63450338,-11.80011665
-12.67610067,-17.18880199,5.97226983
-16.59128416,2.29682931,-1.04822283
8.22242897,-12.506404,-6.48949352
-4.84238917,12.45779154,-18.4017899
-17.29760699,4.47827323,6.69263465
-19.30183269,4.44246429,-7.96472415
-2.59583278,7.68852548,-17.10764399
13.08732817,-13.60010305,-19.15674414
-18.33723911,-18.16152732,8.95550508
-4.08842544,3.50539077,-13.36096998
2.87552906,-4.32546875,-16.58741035
-19.45382328,-15.77162988,8.35240284
-2.39309931,8.87597368,-13.35936805
19.31035222,-15.56888215,-8.39003113
-17.35161073,8.56330634,4.06510806
16.83383892,-16.38352529,-13.72048164
-19.09712803,-2.35258265,7.8202425
15.33057646,-16.4484632,-7.83259713
5.50036079,-2.19483293,-15.21045241
-17.20061743,10.47939178,-15.11059841
-16.78071845,11.96446181,-4.51387812
-10.20831449,-18.97591321,12.38104597
13.69287155,-17.44773117,-5.31482787
-18.12275081,-4.29366058,13.99963065
-8.06908661,-12.73535984,5.21192307
-5.25960974,-19.43175594,13.92012898
-3.0048425,-17.20241698,5.81390409
-16.24055421,4.86232228,-14.99787451
-18.08443096,-1.34922391,7.52863029
-17.7168717,-3.92290099,5.49698483
5.27927895,-13.27360148,0.16195851
5.58663107,3.68087335,-17.67248295
4.48969125,-12.38187305,-17.55554027
-9.29402248,9.88688877,-10.2523808
-4.76901666,-19.64060978,5.80411565
-16.87425998,-19.20686508,6.01044572
-5.24361381,-16.31145076,7.00227169
-12.28625476,-5.39595333,3.92089317
-6.60202414,7.6840081,-17.24773822
-12.92501274,11.75553854,-14.28018113
16.49451495,-4.50198555,-18.26952734
-11.07371934,8.34025236,-6.18325322
7.2066667,-10.98681779,-8.30506962
-14.10274375,-14.63890537,5.29807447
9.22258307,-18.72118557,-13.9556944
-17.15474351,19.08848167,-15.29790036
8.56092766,-17.46613203,-16.91742935
-0.71966011,-17.98645753,13.740478
-18.85939534,9.0663762,4.11414257
9.95516352,-8.46688021,-18.29478267
-12.74320756,-10.47516939,9.95488677
-10.81006806,-19.725314,17.50854538
-10.84896073,-5.76828516,9.95335658
7.36917446,-19.84605729,-6.00290513
-15.33629389,-15.03838563,11.48624689
-11.17853141,11.00719094,-6.60913486
19.05690206,-15.58934882,-14.23301611
4.96447712,-13.51407137,-4.35310966
8.36957088,-18.24748216,-14.37192731
12.46229192,-13.14416874,-17.1944068
-13.78976425,6.76154217,-11.14452975
-17.6615066,-2.00499359,12.35819835
3.67534337,-18.67341917,5.62999532
-14.94135157,-18.35508144,4.13367187
-19.37298595,17.26593551,-10.1067426
7.85223703,-4.81295318,-18.97599716
-8.17864915,-9.80711581,6.95144525
19.09689336,-12.84236273,-14.51307348
-13.53698304,-18.80138075,15.53020159
-0.29422767,4.29662995,-9.18962171
14.79513262,-19.71771089,-19.96363945
19.68545382,-11.29196697,-14.87502064
-6.47982441,-17.16437104,17.22981274
18.00782952,-18.98785541,-16.88550253
-5.15617343,-15.05029764,9.35019029
10.99544008,-13.51336275,-4.85163099
11.71754631,-18.78139874,-16.06140126
4.40240029,-8.98951819,-1.26532022
4.70944312,-18.56922301,0.82802324
12.37951671,-9.57683579,-14.16584033
13.27615467,-5.67359364,-19.02980247
9.06203101,-2.92137927,-15.96058537
2.63801081,6.21437861,-15.29497704
-13.36544963,-2.23721443,5.89907858
2.3516935,-5.11673271,-13.82951366
-8.96763242,-15.74375316,19.98983639
-12.74170792,10.16354095,-4.73798857
-7.25014476,-8.60576799,9.73345344
-10.03272761,-4.1794473,7.29064093
-17.30843144,2.47453888,3.62505652
9.54510459,-5.73082775,-13.61995142
-7.17442249,14.19053688,-15.33914442
-1.70117055,-12.52357214,7.35815241
3.24243458,-17.54232678,6.39732553
16.36055833,-12.24467988,-9.16658278
5.09321828,-5.9049617,-19.49213408
-2.26090926,2.98197433,-14.63991126
15.63921233,-18.45038417,-19.48365719
-13.40320383,-1.12091824,3.45368542
-17.7625202,12.40848512,-12.83173652
-11.70531442,4.52260673,-19.15663352
-13.39293867,-6.63374959,5.54141415
-19.20595833,9.81705738,-16.5446506
-17.80942392,5.10866131,5.04227773
-16.1329554,9.06052217,-14.1488115
-17.35570846,-19.62889108,6.83641241
-8.40653078,19.42214029,-19.60598056
1.90011811,-12.69435739,4.63853539
-11.92388018,-6.43938935,5.72366884
4.10771346,-18.9969397,7.64244248
-13.21966858,-18.90763405,8.13654497
18.50661391,-18.68692756,-7.91769644
11.03036436,0.8546447,-17.32577341
-11.58305736,11.83823373,-15.7593369
14.49530793,-16.14762214,-9.13995407
-14.64303757,2.64335285,-16.91681936
-14.97325465,13.66248566,-5.24029542
-2.05200423,-15.00510953,11.99867878
-19.43853498,-16.79769106,12.82987178
8.50172386,-18.22573487,-19.49922076
-15.70121034,-7.8184969,8.14624907
-17.80279674,8.15225764,-7.45703979
-8.76126181,-13.51326624,17.76941716
15.34467335,-5.97815702,-16.88754894
-16.37709926,13.35751809,-9.08767707
-14.30768706,-10.35034996,16.44333364
8.12975426,-16.73173259,-15.59591836
-18.25933034,-8.89580096,13.40168468
8.29658008,-16.40142137,2.6495414
-13.1235719,-14.0068151,10.59938991
8.5829478,-14.40215115,-9.973393
-2.77643203,6.10611511,-10.83690681
-11.09760008,-0.05350947,4.4066014
12.50341639,-18.03391824,-5.36389019
12.2854124,-18.03977202,-14.45640333
-16.52431784,8.06896278,2.67947342
9.56837564,-17.20943349,-0.36879112
-15.15661698,-16.63198347,8.15550277
-13.38384848,-8.36281129,16.2496458
-17.2514642,5.73750001,4.00002048
-19.78896696,-14.59274389,15.07376834
-13.32226535,-13.55775567,9.13361316
1.29819142,-18.23607885,10.819266
-15.22199561,2.44090185,6.51711733
10.55334698,-14.9804875,-0.67380486
11.03694733,-12.31276741,-6.63577519
7.2545674,-1.87971072,-19.68305034
-9.00559492,-16.99448582,16.18375851
-2.76673069,9.22216974,-18.18092248
13.09200022,-15.63167568,-10.50947846
-18.10630525,-16.86075205,5.0514337
-12.92068807,-1.1211536,8.30604353
-0.76620588,-11.66428945,7.9822957
6.56138256,-5.83586714,-13.54559692
-17.46709236,-3.14490608,12.57347751
-17.83341364,2.23048077,2.55609935
-15.76604269,14.84927428,-13.98099812
-5.23705096,-19.13767001,19.23345142
-14.41146239,15.81591234,-15.17519685
-4.43860023,-17.8114739,14.07173413
-16.14623028,3.25900496,-3.16492303
-12.70350047,2.69825,2.93723625
-18.6218453,11.81372313,1.45692431
11.94239993,-14.25615763,-19.27386011
-9.92173973,19.83775816,-19.83204656
-11.15078379,6.7949387,-13.83533144
-19.25036526,-9.02989033,14.01276507
5.59209737,-19.31908753,-17.94308641
3.70351961,4.32480262,-14.78267902
-14.43255723,8.40682832,-4.30438886
-4.39131795,-19.28492081,16.03519421
5.83551967,-18.43068437,-10.49184664
-14.55928748,-15.94243931,4.37675036
7.86503766,-6.84220512,-17.38513371
-4.18005683,-13.17429937,9.40462984
17.49591672,-19.65690377,-13.08054228
2.574209,-17.07043459,3.25353515
-6.52829101,-9.35833598,6.92219255
-5.97601614,-9.32390583,10.39369232
-1.31810485,13.77440866,-19.05506551
1.83314028,-17.44872793,7.72025217
8.78768366,-19.43851147,1.43547487
19.79052902,-17.04701316,-19.68237702
-14.23323181,-7.45781155,15.82090251
-15.80601084,-11.90969117,18.43536989
-0.58619801,-17.57717173,5.46788307
-10.93123373,7.64277112,-3.19012782
-15.41354167,-11.33296124,4.16938041
2.1961448,4.39871548,-12.70184602
-8.80239922,18.61001887,-14.42954472
9.90846903,-2.79762844,-11.9047377
13.75954297,-15.40535829,-4.9964945
-17.93010836,13.92088039,-4.4971165
15.37732743,-9.96329668,-14.45246529
-6.71076218,-15.70689801,16.44586077
16.14582743,-5.20339081,-19.63943666
-16.92156563,3.67790384,-0.63441578
-4.00168388,7.68660969,-9.95754955
-16.91624996,3.65301962,-8.25318831
-10.85841421,-19.22791095,6.81655294
10.62470969,-19.15013926,-10.0031984
-0.22240358,8.03794086,-19.05625085
-10.03015627,-5.96792371,11.56883545
-15.06348895,-4.47202043,8.26746866
9.70406498,-6.75020832,-19.09584978
15.32067571,-18.08727712,-5.04349933
9.35596622,-9.87748533,-5.55445973
13.21783803,-17.10207932,-8.15313566
8.12608993,-10.83933478,-3.18967906
11.40013358,-5.27461206,-16.69485009
-18.93165557,8.05173216,-18.32809797
6.08521668,-19.02962225,-16.18321871
8.20722698,-16.67994457,-5.39107625
-18.65275427,-8.57401354,17.50039606
-17.89890185,7.75166312,-5.8751035
10.74609653,-19.73853408,-6.38519963
3.91626066,-11.74856472,-15.4014352
-17.01690418,5.4377522,4.54405658
-6.40440555,-10.17754457,6.1082872
-18.82377094,7.12536129,-0.82179903
-16.90866137,-11.22950541,7.82098694
-16.8266049,-18.53556114,2.31860632
-1.40283714,-13.58718014,9.00681723
-19.96979836,-7.48079826,2.86336272
-6.6299606,7.60787029,-7.46938347
5.96265802,-16.38630937,0.62894155
2.63164872,6.57902947,-16.32922764
-14.69645212,-17.30612451,8.26227404
-19.44043646,-7.9021434,5.12149872
17.62872573,-12.18442178,-14.21441622
4.70382219,-18.57278161,4.23800826
-15.67303069,8.86114058,-2.88998811
-5.53523469,-8.82988337,5.53359638
-12.24994976,16.12308938,-11.77854203
-17.19098742,1.75964471,9.7132495
14.10565943,0.23727448,-19.25735825
-10.28870878,-12.51035122,16.99420176
-17.17510853,19.57198983,-16.08022263
-15.0049353,-6.39860124,5.65633032
8.88170387,-9.05361479,-10.71345823
-8.37858616,12.33571514,-15.63689985
-14.68092031,3.77679146,-9.16816082
-8.05465052,-19.5944284,13.8013585
-13.53276641,-0.77274663,8.41353568
10.65318386,-9.64088947,-18.44224623
2.05335883,-11.49572481,2.25132846
19.11723276,-15.76898755,-10.30418341
16.1826221,-15.35839856,-7.00788701
-17.95667296,9.23779975,-2.14279622
12.94837684,-16.18430436,-17.08213781
-12.12766384,-10.07516372,14.79631021
11.44814972,-6.85175772,-15.59160591
9.13137314,-12.14035392,-18.94084832
-16.03472996,4.68281596,-6.15569735
-5.15192931,15.94141828,-15.47480128
2.85384923,2.8704218,-15.0606977
8.88432568,-19.69203375,-10.92340131
-15.61855415,-5.26481902,2.29521449
-14.38106462,-8.68528582,17.73860648
-11.27345738,12.12421882,-13.92409616
-6.23242237,6.39731285,-17.08574276
-9.01093062,1.60900228,2.75561422
-19.03618273,-11.28925225,11.61083256
-3.88932725,-19.25250401,10.27056096
-13.16135245,18.82246023,-14.56640536
-17.73084478,13.66807935,-8.80307654
-12.95439512,-15.73594567,9.20170497
-12.07048047,-9.34023687,4.76803017
5.60839994,-11.65633917,-14.14641093
-7.19780952,-19.24623485,8.83494175
-13.00751335,11.8247463,-14.3466071
-18.90714915,-15.41030502,4.89991762
-16.76207632,-6.74337364,2.92652628
-18.75627514,-2.07773303,12.36183938
14.20852021,-13.63573392,-8.00294522
-5.2445646,-16.82790018,9.5428153
-15.41697575,-3.12294405,10.29306494
14.55457034,-15.78935761,-18.85787022
7.0507525,-3.87032208,-16.47079308
6.76682106,-9.19879863,-15.16501851
-18.91948308,11.13865979,-5.95514024
-16.37296171,19.1737457,-10.28612374
14.36712096,-12.13185339,-15.17479766
-17.33415486,-10.81545628,14.00344904
-11.14792152,10.59190501,-10.73349811
-5.55148867,8.27338635,-16.94919337
-11.19459845,-1.27565279,7.77088394
-4.69386381,-13.19345138,8.69068524
-4.39389015,5.73590741,-6.36674038
7.78883495,-13.75190627,-13.72259392
-19.29458019,-19.09792091,15.74421705
5.10458576,-15.85129592,-3.64308722
6.47656242,-16.80475257,5.88110589
15.53028273,-19.25120508,-5.43759244
-11.09718685,-12.01200574,17.37800474
-9.41550334,13.92727672,-16.22109314
-4.76379286,9.19516822,-12.26686304
-16.00169246,-1.47270455,11.09918997
4.62191375,4.48184752,-16.23180794
-9.82976161,15.80098065,-11.08266998
-3.62551643,-12.74215393,8.40646352
-9.13978073,15.40934936,-11.17950389
-18.31256792,-1.94446977,7.91322299
-9.35617853,14.47907112,-10.6807849
-5.41579888,11.96537845,-11.19624001
-10.21258926,9.81723069,-5.79673667
17.66349032,-19.84546113,-16.96822205
16.34867801,-19.2413283,-4.47761006
-17.96682315,16.67806829,-14.75598403
-1.33273309,-16.32339289,7.23036193
-5.14972139,11.71396016,-19.85170834
6.2680534,-9.90162518,-1.10169713
-15.4337706,-7.04429951,3.79744079
-19.39714533,13.90911489,-18.66559105
-7.20946869,-15.23144748,7.11735578
3.92429399,-12.51435725,-5.28215642
9.69872549,-3.0668364,-13.37312266
18.33885466,-18.24938047,-6.07272774
-12.39041237,-2.11589334,8.35177559
3.97685589,-10.33048667,-7.20958641
-15.69661203,16.41981349,-11.19644807
2.79757236,-15.81346235,-3.02521007
-17.03036603,6.50613415,0.56275235
5.9498962,-9.29989317,-8.21427651
-7.46402632,5.3979319,-16.69670904
-5.42845171,4.42069723,-12.9200487
-12.0031839,18.71486594,-18.63853383
19.62748643,-18.54923346,-17.38284442
9.79777817,-6.81079047,-18.18080295
-1.67378603,-19.41094412,10.2845518
15.09862258,-19.68981276,-7.56958212
4.46002072,-19.72800522,-1.30003469
-19.59071443,16.73788467,-6.01215853
15.58116754,-17.86681278,-15.67913742
-9.67755948,13.12026778,-10.91140901
-19.07778776,3.94577104,7.79931528
-18.01180249,-1.77728589,14.17527265
-12.19015874,-15.0799567,5.19978857
-5.02105577,16.70710356,-18.12323277
-7.58521095,-7.20035291,10.0872514
-17.75568446,-4.51791706,9.34439039
-12.17372627,9.75390727,-6.80154554
-2.99842034,6.29464843,-19.62714302
-12.17603387,-1.32349971,6.64548937
-18.29901471,0.60902125,10.81482673
5.42352718,-5.88273732,-13.71248782
7.82892257,-4.63208729,-17.6407162
-13.85887088,-19.89647726,17.12781535
-9.89544301,-17.66254653,17.22033452
-10.91480272,-12.58594137,8.06985978
-9.91583802,11.99382143,-7.51229796
6.16079891,-6.83521738,-9.37996535
-16.35513456,-8.31111198,10.66190613
-19.01108895,5.05785066,3.2731272
3.66845468,-7.82424573,-13.40128218
-4.47902254,7.97709291,-14.79376962
-17.54207778,-16.13118211,6.79005403
-18.88142413,-16.91641265,12.0323886
8.25501444,-18.40274921,5.18801522
-17.63810713,12.84541187,-19.33812829
-19.58419008,-14.02398188,19.48464255
-6.91955814,-18.4586492,9.60186765
-18.46192171,2.87527573,10.45489945
-7.47357633,-18.1458851,14.69898973
-11.58497673,-4.41183734,9.80502835
-5.18936028,9.21115917,-12.10231816
-12.61757999,5.30047422,-13.15682942
-15.22001394,-10.02610736,3.53126138
-13.64901533,2.82683601,-16.68353687
-19.71750939,-19.82297226,9.13569653
-11.71264803,3.83056924,-11.52060338
-4.82323048,-12.01623745,8.75736593
6.73842562,-14.50618351,-14.32501205
-15.74272416,4.31900316,1.24297665
9.0598028,-0.40597896,-19.91709991
-16.05258706,12.06159681,-19.88292706
1.61482224,-18.99941984,12.07088888
17.57139358,-13.25882445,-16.57876628
1.49757312,-12.21576453,3.36236408
1.94418126,-14.659587,0.52122211
-15.86714663,11.92780172,-13.92632556
-17.88843042,-18.34029139,10.35499737
6.74980261,-16.98014841,1.12208637
-16.63891875,-14.84710073,10.98620062
7.74527436,-2.54144884,-11.43648259
-19.01956629,11.03997053,2.46513592
19.70892854,-13.07913666,-13.558367
-7.52304617,-16.74841136,10.18739689
-18.98922026,16.9364339,-10.58015381
-19.46010807,5.46139958,-14.39071074
4.61148465,0.19173472,-9.79427379
2.68212166,-5.04457523,-13.82842973
4.53432436,-18.19332609,4.91163915
-16.89945876,-1.24830343,5.32891288
-13.13461688,-8.95091674,12.59267187
15.60982708,-15.62684048,-18.90398712
3.67724257,-18.33663012,4.01346821
-17.72598164,-6.43806309,16.06029912
-4.12321216,11.13503286,-14.6509065
-16.97823552,-9.22215447,16.19103237
9.90600003,-9.56567796,-17.81255701
-19.90839315,-2.21059839,7.90226791
-10.31503448,7.74210256,-6.71807085
5.34634171,-12.17116469,0.18546064
-15.2696329,-18.68307086,18.21569583
10.61374145,-15.38161764,-3.26688673
7.50874142,-18.08572386,4.42568624
8.93082518,-14.97640588,-6.14627531
-3.78227037,-14.62855798,4.3233863
-2.335437,-16.44502623,4.16315685
5.87831427,-17.67529117,-8.18408144
6.26369294,6.90674097,-18.19969025
2.47467055,-12.06548795,2.52234722
-15.10952654,-19.09540848,10.81797858
16.05499915,-4.63111048,-18.4921198
-12.48010921,2.87100705,-7.07453244
-13.29981557,-8.82578496,13.59020543
-17.19720037,1.48768089,4.35156383
8.09356689,-11.01759031,-4.03319075
-10.21554631,15.67951826,-15.60314323
-14.05705857,-15.76076298,9.95937733
-1.93160348,6.11911756,-11.74561854
-15.66423689,14.88612232,-18.87769323
8.69141503,-5.36584214,-9.07330311
11.66050312,-3.04325316,-15.11391198
-15.32038737,15.4819091,-5.11296601
12.26584689,-17.46901759,-9.80176602
-3.0564826,5.3799282,-17.35740655
-5.33419034,-9.38388179,5.52443944
-14.90986086,-1.00428989,9.4703473
-2.2310308,-11.71475226,8.34444289
-17.11128182,9.8062043,-3.21722698
-10.59164802,4.52574298,-17.56993852
-16.2746079,3.4275168,-19.61713819
-0.06215691,-15.10161318,8.71886392
-11.26974101,11.35095547,-13.18970253
-10.81536145,-3.12733288,6.12917744
-6.9767367,-12.43589167,10.19992694
-19.5175994,15.79916248,-17.44382236
12.78137589,-7.2589493,-15.10567214
-3.05964893,6.89575061,-10.62567328
1.80459908,-17.08022473,10.38071839
-19.29911212,18.55683439,-4.6341912
-0.31409691,-17.39812159,11.57794789
-11.78837814,-16.72025317,9.0214355
-14.50702351,-7.07754189,2.87121184
3.36097283,-7.25508435,-11.74071206
10.35727679,-15.31124099,-3.49167103
7.92196902,3.97639079,-18.97716046
-19.78190337,17.21743038,-19.37809522
-12.54810117,-0.34348493,4.16213788
-11.04869579,-3.81392329,2.90072108
-11.27238142,13.99146061,-11.28668535
-14.24124009,-14.96030391,15.83987003
17.53288771,-15.9143331,-13.41358802
-5.86142137,-15.92899333,17.15369815
-11.86726061,10.49756117,-6.27686276
10.26391127,-18.95801419,-17.39484654
-0.92807096,5.23726059,-14.27782158
-16.55575291,-6.27244282,12.45687874
19.7826631,-13.86086049,-15.80374105
12.47126898,-13.45158498,-9.22876318
-10.44488901,-19.92391292,12.31809665
-5.8724215,9.14177837,-17.44952024
-9.1361751,-10.34283593,13.58828386
-16.86465959,-0.84664928,10.01064518
-16.84571808,16.39739494,-10.99757201
9.2037492,-17.30060736,-15.48366064
10.16105906,-14.40711649,-7.84130265
19.75547188,-12.50381683,-17.92915606
-19.86576932,-13.31016235,11.55775247
5.88922201,-17.48554018,-9.04887523
-19.69958752,-6.01128675,9.79369234
1.95695488,-16.48152484,5.77087623
-17.20829203,-9.95360368,13.32200372
19.01274488,-11.74249389,-15.44445034
-15.28094171,-16.23211776,11.44853797
-15.26344435,15.29620303,-13.00388694
-11.3926955,-14.41722159,16.62199697
-13.76031543,11.65300792,-6.64079302
-14.90031793,-11.69521574,7.77374237
5.71106864,-6.98747818,-15.72683934
10.52395642,-17.20150643,-2.15814745
-17.29827702,-12.1702498,8.39959605
-12.98977045,4.01196487,-14.77989742
-13.81217649,8.48335985,-5.0774548
-17.42972294,9.6170329,-14.87101159
-13.0969343,-13.38095935,16.58649586
13.20193794,-9.45820308,-11.50386077
-17.69586776,-2.88013866,10.60003162
-6.53559887,-12.8734594,5.48931549
-19.77275514,-8.58471406,4.49637492
8.45515591,0.08610961,-13.16447966
-16.60502372,-8.91534818,6.27766223
-15.10470116,3.22773942,-15.54581471
-18.01246378,15.86377652,-12.87250812
5.20467096,-7.5620314,-14.98173494
-8.7327361,-18.63927046,8.34522324
-9.73428252,-9.20097017,8.96621818
-18.7419778,3.18746576,5.40454793
3.86955043,-9.69130804,1.19863161
2.62185997,-10.77476036,0.34186599
-12.65437303,-7.59284085,11.29534318
-16.82845538,-12.17313669,14.7646525
-3.26411731,-13.02691106,9.69268843
6.95650809,-19.36285257,-10.70589481
-19.10855411,17.39088898,-8.18741991
-10.20518842,11.40251433,-18.48790046
-16.56946322,-1.1922031,3.40383668
7.29703278,2.93912418,-18.08916552
-19.71279925,-1.90117816,13.19085265
-10.27410666,-11.93305983,6.07320984
3.13729475,-6.05401347,-19.767476
14.91022571,-15.57259099,-18.83557666
-19.34311744,6.93920622,-7.47138408
-9.30688111,11.85313518,-11.1864191
-4.42179378,10.82759324,-12.61092435
11.66090106,-17.4646599,-18.90278037
4.78256261,-13.33753195,3.03154572
4.29172659,-7.80989179,-4.30726513
-16.87848051,6.04998724,-3.52833058
-5.00550671,-19.58293652,4.80568458
-14.80573257,-4.26750271,6.68499185
3.87747465,-6.30362154,-6.43112256
-6.22174423,8.9147244,-15.80504227
13.31054752,-4.45782069,-16.76881457
5.88257138,-14.08834202,-16.82449048
16.78877587,-16.30883921,-4.94967886
-6.42686018,6.45683771,-6.40991152
-14.07533291,16.03912407,-11.6974062
-11.17301001,7.8141025,-4.31018794
-11.54274366,4.37780738,-1.89266612
-1.59116533,11.84324656,-18.30124033
-4.96836109,14.10377254,-13.99099226
-12.94088657,0.72000934,2.87193905
9.65541409,0.14627031,-16.30640478
9.8352199,0.89167753,-19.92429547
13.98528082,-8.91739975,-19.31935694
14.01803324,-8.29789492,-11.83958912
-9.84016516,7.06532841,-17.69591934
-18.46697705,5.13403058,3.49292616
18.42674917,-11.38280312,-13.90043468
-17.87974821,-7.5258037,3.6609394
-17.09451187,9.04846965,-18.66410945
-15.20252478,-0.94251301,8.64927276
-10.53744663,-12.77386101,13.47127259
3.75854083,-12.79717229,-18.29958097
5.40927392,5.7437755,-18.62187586
1.9761629,3.33170111,-19.71490343
-14.90097123,-17.20645541,3.80039012
-17.66796748,-0.85157656,12.82178215
-11.50248217,5.70209482,-11.07867489
4.70009818,2.20209499,-19.52401283
12.79050976,-8.14060059,-9.28905997
-14.27185698,-9.62324968,16.37930286
3.98364777,-19.92183086,-19.19374934
-15.59769955,-14.47971939,6.59890725
-15.0484734,11.98574038,-11.1577149
-14.66835514,12.62292081,-17.58720735
-19.02491578,8.21312648,-1.63190835
8.00057766,-2.19429194,-18.10454404
-16.84426383,12.66080213,-16.35963541
6.26474533,-17.92626285,-11.98830235
-7.27964409,7.54739846,-6.0658796
-12.64217145,-15.0031266,17.60486881
-11.61094779,17.2896553,-16.4531726
-12.58056158,-12.14716419,13.35497704
-7.91411496,5.43048615,-3.07694415
-17.1081572,-19.32371527,13.06860511
-16.65992887,-3.96252079,6.31153791
-12.49356246,15.46041279,-13.10764997
-5.89493618,-17.92865535,16.24677404
17.38006991,-13.75272568,-13.91467881
-4.77066195,9.83100136,-13.10440894
-7.26906981,19.66921493,-18.80234195
11.26800535,-3.42019816,-14.3017998
4.28923092,3.48095134,-14.81431134
3.16240973,-9.54962656,-5.66032165
19.38631927,-15.64984758,-15.86834857
-16.29711949,12.31719098,-4.11499554
-13.74376329,2.23030692,-14.21867069
15.07781299,-15.8755128,-7.19602612
-8.79856915,-17.11861174,15.74257027
10.52484699,-7.68474465,-7.58235818
-13.73032351,-8.81828736,14.9226135
-7.72620991,-16.63140562,15.25229173
2.22598241,-9.24863046,1.72499309
-19.11568038,-16.90362547,16.24473786
-16.01551069,8.15777695,-1.35376694
-7.83063079,-12.02763281,8.37470212
-3.45753427,8.28539917,-18.94946648
10.49659669,-6.83091059,-18.96045737
17.68907235,-17.96980443,-17.37802174
-14.9867538,8.76504312,-17.47897413
4.1938508,2.88234621,-15.1174562
-4.64726183,-19.78650919,9.62805444
5.02056572,-4.19368083,-7.57254832
-2.87066385,-19.39556195,16.83086482
9.66209486,-12.51392508,-3.5565602
-4.36072982,-9.37296308,5.4855933
-17.30453481,-6.5058488,17.76766644
13.48894299,-6.40833359,-18.85920788
-19.73124741,-6.72530986,11.49709608
-12.2727657,-4.2667974,7.65022376
-5.9256263,13.25087012,-14.72000085
-17.41131734,-15.60616411,14.15826131
-15.71584808,-5.53164658,14.83885564
5.83785358,-11.93656271,-12.18770378
18.12875802,-11.09013724,-13.56779889
4.45710501,-4.37262143,-14.87440777
0.78288854,5.50337233,-16.65023584
-18.84004443,8.31658024,-8.62609815
-11.41400751,16.07669274,-17.38477957
8.83717023,-10.16044175,-5.76966614
-16.88326105,-9.67809659,19.03795466
-3.78174915,11.21605803,-15.91366918
-9.70946793,-15.86667713,12.8448363
-16.38003657,-14.25183914,19.2618289
-7.07231275,-10.73386536,9.79266248
-7.61500967,-19.02834067,12.66490687
-9.95207172,-13.58959153,18.88413811
-17.26351219,6.81627372,-3.19441042
-3.37229256,12.73283953,-19.01413035
2.56798368,-10.48193896,1.77795376
17.50318207,-19.81174469,-14.40413647
2.46768396,-3.97944276,-14.46054838
-12.5766183,10.19655623,-16.07710275
1.72628794,-7.53318421,1.05870755
7.30511515,-19.22376556,-5.23473573
-8.28606237,17.29882373,-17.72127128
2.57377401,-1.21596383,-16.45276901
9.90989053,-6.16155095,-17.31798496
-17.68232235,-10.62647952,12.3114707
-13.17403244,-15.02030697,18.08255787
-13.20209138,-5.42362959,12.53350826
2.13554405,-15.6575678,5.09597696
2.09856839,-18.04895943,8.6241636
-17.28804338,-19.14874931,16.79352357
-13.25537537,6.63410672,-9.08849354
-11.40691891,18.62867986,-15.52448731
13.45197996,-4.91865118,-16.89934215
12.12120423,-0.72132639,-17.75209042
-7.50233143,16.97023053,-15.22960327
-11.55964699,17.63000122,-12.9261783
1.78708934,-19.7833221,5.44959772
-14.8464616,10.52184485,-19.55010418
-13.81474325,10.25652063,-2.09589651
-14.65427998,-1.87606172,5.30614015
-15.61440847,6.36437715,-13.02147063
16.11530485,-12.09171743,-10.45600656
11.41527662,-18.87231756,-18.56429044
-5.48587178,12.87406886,-18.09517072
9.19551347,-19.87411558,-13.12842084
-5.3455849,12.67524337,-18.11769009
-14.5350134,11.18921529,-19.45536649
9.97783377,-7.39594397,-17.92209443
15.9723159,-12.40576913,-8.45771934
-18.71694145,-7.96470512,10.62573791
-13.18067367,-1.4648775,8.50108808
-4.83706679,-17.02852212,13.28553709
-0.08888129,6.91496806,-19.26394621
12.88733627,-16.04799432,-6.65026712
4.85594983,-3.90214207,-14.46888264
14.90488736,-19.79644252,-17.61612791
-8.31673824,-17.89551134,16.56137091
12.66070329,-7.40506688,-16.49006428
-15.90985276,-1.5384442,4.94034729
-14.30463444,11.43252794,-7.70361925
-18.16120255,-10.6176291,7.58370034
8.6102661,-6.86463786,-19.33568758
-11.39605286,-11.93960377,7.29073715
-8.71638407,-18.74317264,9.93312482
4.30724803,2.86955701,-15.81042014
-1.65966088,-12.04042688,5.05951558
15.76930226,-12.18858356,-13.48042943
-13.5515674,-15.27463628,18.29777413
8.84453607,-15.76789462,-5.90374884
0.23899496,3.77993208,-13.8117941
4.58627446,4.81825662,-18.0231151
-13.04778529,-9.14792219,3.26174312
-11.99789606,6.18493644,-19.59671351
8.92215945,-0.08500272,-14.69866727
-1.29327302,-14.26905501,11.04661687
8.36293168,-12.03667316,-1.19269935
12.92276949,-18.87079858,-17.11115525
16.54184502,-19.49742301,-3.69341005
-15.47403229,9.63346289,-1.10168199
-19.09744831,5.14876269,6.8521963
-3.75688679,-18.50027897,14.30104094
-14.23299775,-16.44427499,7.26206924
4.80465139,-15.96561536,0.32211872
4.07485198,-8.07321589,-16.19740838
8.19000898,-13.43131348,-5.1053778
8.4397677,-15.00267765,-9.48994016
8.45242748,-18.95150255,-6.32129453
-19.53538813,-0.84836907,8.86543304
4.27888257,-16.71248952,-10.77423358
-2.66051438,14.65056214,-18.40779124
-11.83421159,8.66473553,-2.54928534
-14.01091985,15.31953698,-8.43900659
6.96939556,-19.3238287,0.17008448
-15.42322862,12.66483708,-19.10982681
14.44180151,-16.40797604,-11.68189195
-2.18309194,-19.57306764,2.39656737
-8.75478685,2.5927037,0.62923733
-15.12697934,-2.74531156,12.71223737
-7.9318389,-14.69725106,18.11012556
-7.76869072,-13.95703844,10.30544144
13.04596315,0.42707869,-18.63533536
-13.80193796,3.8548516,-11.14884614
-10.43561557,-0.08081779,5.68110537
16.79043927,-19.31445813,-15.07959745
14.74573439,-6.52096754,-12.69326613
-7.47032682,18.51293358,-17.46708188
6.25811622,1.8689042,-19.18121548
-16.42216932,-19.0841471,3.44628911
-8.32293668,14.98772375,-15.49650956
-15.34648743,4.36779346,-11.11536305
13.48928231,-19.30037043,-3.02509938
-1.37993639,-14.15350825,7.87480787
-9.83693353,7.27485664,-10.18918843
-16.58198483,-10.20316014,19.89189226
3.20855552,-14.28743767,-18.03384858
15.63952533,-19.14062562,-11.73020053
-19.91090484,11.93795012,-7.1803835
2.91957801,-3.94844413,-12.44485629
-7.43683179,7.47048381,-8.28035099
-13.74318155,4.79868793,1.55804666
-9.49986158,8.17324689,-13.35115041
-1.06445942,4.03986793,-16.84175439
18.46500148,-19.20806097,-9.63465798
-4.32953329,17.9286481,-19.53881736
-13.09698732,-15.12769395,9.35014006
11.68907173,-4.18290229,-14.21689689
3.04472976,7.38025551,-16.99165912
-19.59675438,14.34243799,-7.63011986
-18.97177881,5.36999132,-14.45984172
-10.74330484,-13.8827204,15.77081131
-14.46622227,-3.38369208,2.27576757
4.2892324,-13.85101007,-16.9403163
-8.00175176,7.59596006,-10.6096766
14.02893171,-7.93341775,-17.5161194
-12.90655651,-1.1604062,8.70235796
-13.50290999,1.10776285,2.74430145
8.23499571,-11.73872356,-19.06529308
-12.98521495,-16.67633529,9.47454353
-7.09251589,8.15486323,-13.35122498
-19.17488185,-11.96449436,16.7168601
-9.03708834,-14.29460248,6.86476541
16.18556272,-19.93962748,-4.85318032
12.33997543,-15.34931067,-16.55896777
-19.83971296,10.06356791,-12.47159048
-16.86050983,2.73759918,7.88706269
-4.62925718,-8.57637142,4.07194775
-14.22258815,3.01581967,-8.04624893
10.51788217,-0.71343822,-17.93280097
-11.2898853,10.36522491,-5.82666746
-12.41210321,-18.16475794,7.02888626
1.63179005,-13.76295068,6.26462849
-18.59415712,9.41134964,-7.51438436
-15.9080871,13.86323174,-4.54329765
-10.58703752,-13.68234872,4.54110611
-17.49377462,-10.88424105,13.73782085
-19.1139693,11.08302517,0.91440811
-7.50923832,13.82960847,-19.97896456
3.92217784,-6.45821614,-18.98814355
8.52097633,-15.83219989,-13.35201547
-3.98895769,-15.34065838,8.49711176
-13.78205557,-5.13752674,9.45662745
-15.89748815,5.31971247,-8.97664548
-19.90316985,-8.35281537,10.77385258
1.96195338,-17.4562767,7.56154225
-11.60452653,0.48665505,5.69975563
19.38426727,-14.69080834,-18.10900263
-14.45105861,-10.39294483,18.46193301
-17.67419946,1.95678008,5.11826351
1.29884943,6.0122268,-17.64711672
-15.2578834,5.47474199,-16.15604236
3.94039342,-15.76673114,-1.09823218
-11.0504546,2.9317959,-11.89963489
-5.80104865,-16.14374904,9.37551751
16.83281917,-18.79544323,-19.7867298
5.63376196,-9.20344477,-8.33194738
-14.02050241,-17.6368133,4.90253589
-10.30758742,-15.92085095,8.78352847
-10.2546645,-14.43660705,13.16514492
-12.46485378,-14.05743997,10.20577936
-3.99546584,-19.53240724,15.251357
-13.90007904,-13.8289322,8.17539246
-6.9960908,-2.63857288,4.31318162
-15.84714356,-3.60080693,14.91307328
-15.36045584,12.15197344,-10.9066536
-12.50146987,3.68437865,-12.67246022
-10.01756137,-15.17732715,12.36953386
-5.05251266,-18.9865065,3.17127532
-18.72769201,7.58400875,-8.14102073
-18.7407793,12.52183,-11.4316235
4.76063781,-16.43288408,-5.94068789
8.46751188,-19.30567566,1.1329805
10.82354544,-2.7293146,-16.58712459
8.78315273,-13.53134004,-11.45659913
2.56063866,-2.08612553,-5.82816111
-12.33865869,-16.7424281,10.84786354
8.84566074,-6.7552137,-7.72571437
18.14750055,-14.34172601,-14.78893492
-8.81596838,4.11892016,-11.54714235
-14.80916493,-16.65627557,14.47743054
-4.53755983,-16.27375556,9.80726305
9.04127038,-3.9233533,-13.55376503
-12.03748598,-19.7128495,18.35527256
-13.95995437,8.88300396,-19.48868011
-6.08193497,-11.34812883,7.99327146
-18.29457574,-0.49566623,12.53517183
-13.87682346,-6.43309668,3.99833893
-16.59696829,-7.89088556,17.62268769
-7.35233998,6.92221524,-12.70160255
-17.38208107,2.67059328,4.84025425
-13.94308588,10.53287633,-18.35558507
-12.08408455,3.78057845,2.4970178
-6.34075711,-13.62559108,11.79905389
-11.87210437,15.694146,-18.39384215
-13.66372814,-16.64486464,5.02558083
-15.48216274,12.70047478,-4.03574247
8.94147153,-11.76587869,-16.62893961
-19.75614935,-6.65418773,17.10617041
11.04814958,-14.05698291,-9.25506198
17.61804554,-6.12670501,-18.13676691
2.33338441,-15.83165684,4.85190363
-3.6293449,6.45242717,-15.26206979
-7.12386185,-16.86281386,6.11879871
-16.51798854,9.64229179,1.24934679
-12.35122097,-12.99308541,14.62951883
-8.62974087,11.1169692,-18.33469516
16.80184218,-16.51590268,-9.63029597
17.84840068,-17.64754931,-11.32890101
-6.46308238,8.80450584,-17.7179756
-8.71112148,-12.49894769,11.30511113
2.60944235,-16.76310335,-16.64805619
-17.65453489,19.5072511,-14.4310283
-17.28922859,15.94262578,-9.24604666
-11.88376178,6.85782145,-17.1930536
19.30369482,-8.50277054,-18.98063169
-18.06971557,-4.59184282,15.5083423
-15.44234145,-5.40865541,3.68675479
-9.64218312,2.67023118,-3.19976931
2.47973072,-18.76772286,-0.31004308
3.54834756,1.75823985,-19.26911953
16.48285568,-12.39372328,-16.60803348
-11.12932913,-13.59763779,15.60359775
-17.17625339,14.37363134,-10.7246961
-13.35907313,16.18432286,-18.64524419
-16.18990829,-3.74739202,12.10861712
-16.3743071,-10.82793367,10.82618156
0.1563107,3.23731508,-13.84439425
-0.86304617,15.50546951,-19.92626223
-10.58308373,-12.12828102,16.68336668
-19.35181563,8.68888751,-18.87028528
-3.13384873,13.48778919,-16.53041032
14.95525794,-18.07001377,-16.77808689
13.91467344,-17.32909448,-16.42746996
14.8397829,-6.24546858,-16.03351484
-19.31904006,-2.35502929,4.18989043
7.15124533,-6.55536418,-18.08365775
-9.5526021,8.63325595,-18.50685192
-3.64100696,9.87634122,-11.83133971
-4.75378884,11.2243415,-12.21439252
-9.02354959,14.91124285,-16.40792482
-17.98981695,-17.70861191,10.46839099
-8.27925188,-19.5043914,17.24305615
-13.64852029,-11.18534854,16.56054926
6.77081884,-19.57297449,-9.57224789
-11.80521672,-10.82567316,14.1483308
-4.92223445,13.24253931,-19.4421272
18.58574978,-18.26290695,-10.11258012
-7.05862297,5.57027897,-15.6388552
8.71417398,-2.73406819,-14.25480156
-19.25642024,14.37455152,-8.02733422
13.20627174,-9.70364131,-11.25246927
3.15659049,4.72319009,-17.91672153
-18.08086021,14.93236879,-17.76913698
-15.28130192,-8.47004454,14.20615968
-15.03609214,-2.42441307,5.79508361
10.69817076,-2.55071262,-17.58580556
-14.27726923,18.24076834,-9.98021647
9.80953433,-10.89716952,-18.85360877
3.56544035,-6.29145635,-18.69633609
2.16460259,10.22500064,-17.16351795
-7.20594713,-18.47704621,13.68072424
1.46927067,11.59076103,-17.53553173
-18.15934528,-13.32821286,6.89040075
-12.96535652,-5.83456707,14.17525897
-16.62364858,10.49229078,-12.09245783
-18.11408695,14.65208076,-19.62379708
15.67631673,-13.45785205,-18.84218188
-2.01686604,-17.05611822,14.16973339
6.49706668,-12.25918571,-3.51607153
-9.5719695,-16.54074357,12.81899965
-16.62165325,9.09737095,-3.50557332
-13.16375261,8.30374661,-13.08871331
-19.61096224,-0.69516082,14.41193882
-9.90005398,4.98680004,-10.28654802
15.13445638,-4.37914614,-19.83642615
-8.75025908,-19.15353594,13.64082733
-15.31790853,-15.1288884,17.38379424
10.09155171,-3.24122931,-18.2380636
-13.86053573,10.66263004,-3.09864849
11.07209097,-6.66611945,-13.37802761
-19.51969841,6.23435022,3.2418111
-10.58204115,10.2287737,-5.44341395
-2.77835454,-16.55588027,5.906794
-15.04199836,9.79459518,-8.55033898
13.90248688,-6.56050275,-18.2611458
3.1936396,-14.28581615,6.03570735
-18.37088705,-12.3217967,9.79980545
-11.61296003,-11.41283218,7.35554707
-12.40477188,-16.40698282,19.85230923
-8.64130753,-13.34134875,8.0711004
8.20833624,-3.86261848,-12.40517491
-12.82373577,7.60001624,-8.91831958
-15.0684171,5.60129506,1.39598073
-4.9648048,2.85255001,-6.15842865
-17.7784306,4.96318707,8.14924322
-19.4921232,18.33512817,-10.05005272
1.8689859,-17.71875403,5.7937189
-1.52851667,-15.10855632,5.13753381
-17.68481121,16.92183585,-5.55517576
-6.29205448,-3.25753927,3.05716389
-18.74012167,-13.27775691,7.98299655
-11.2410775,7.75050197,-16.992814
-8.47339896,3.55244696,-2.68192857
-18.49877281,14.69092198,-5.68680013
-16.60588305,1.20903694,5.87064952
-16.40700016,7.64916275,-12.49613942
-11.41116912,16.42039164,-16.06610084
-14.13894989,11.10290859,-1.44565214
-9.13912499,12.47087789,-9.7272113
-16.4893893,5.30988521,-10.31677436
-15.67573752,-10.87753294,8.96987349
8.82876948,-19.1702716,-2.58633119
-19.89453135,16.64562458,-6.13188552
-14.43449304,17.72402495,-14.65064033
-18.23191529,6.32679584,1.9571304
5.82999652,-1.87581129,-11.58811376
-12.96467921,9.67529283,-16.37323606
1.04560747,-19.54150516,4.98921418
-14.72337612,-0.6527764,9.89898121
19.92605514,-5.37662033,-19.33249727
-17.71203527,6.36428771,-4.66144019
-11.67452513,10.91523413,-5.461046
-1.18173273,8.43424574,-12.22046568
15.70907528,-12.63637714,-18.62190312
-18.52278263,-16.8985983,8.36229877
-18.72146262,13.46379851,-4.11218472
-8.52844371,11.04929911,-8.50134918
-16.8098879,10.3495002,-4.13912074
-14.21240701,-6.19313823,7.6739473
11.54574487,-3.71006678,-12.67145455
-16.85625971,6.82331806,4.43106165
-11.95586222,14.80944374,-19.69738774
-12.65259229,12.76973119,-16.95227597
-17.86515608,8.50970924,-15.55534092
-17.2043544,2.72765297,-18.4071789
10.27665432,-16.90133357,-13.77140422
10.41982425,-12.28318301,-4.2235372
11.32336221,-16.15323595,-7.19532586
-16.9544718,15.10284187,-11.69285463
-17.95294608,-7.99298036,14.12623212
-13.67500248,15.12868591,-13.26741802
0.77574535,4.21876824,-10.35887903
-10.95296031,7.84022589,-18.83922018
13.79023035,-5.99894732,-16.50331252
-6.67198115,-18.19142267,12.19305501
-18.938221,-17.94548824,8.37408881
16.09990578,-15.62984253,-17.17512761
9.13021551,-16.79663081,-19.02633398
-10.907277,17.94152453,-13.85375115
-18.30296956,-4.82957454,8.12329527
-18.90557622,12.70029788,1.28856278
-14.34034681,-9.21810617,9.32056139
6.05467919,-11.574629,-18.95938033
-16.2353035,4.98665211,-15.425167
-18.99372325,-16.26131366,11.60943215
-16.88825003,-13.27474536,14.38324075
-19.83066822,-12.79127696,18.86996629
-1.98993717,4.58179453,-11.83116029
-7.96409363,-8.50661203,10.90441543
-13.18868179,-11.27633224,6.90740951
19.84443488,-19.18445562,-9.42284879
8.49514337,-4.00895883,-9.40209331
-18.04364454,4.0809966,3.52840911
7.78750147,-16.0843729,0.27697826
-13.57830902,4.31255589,-6.67970287
-16.66949189,5.5446292,6.3262122
4.76378355,7.29379663,-19.2511247
-19.18924415,-14.34877038,9.05218482
-16.95013075,16.73171991,-11.07334926
8.93310699,3.59824277,-19.32309786
-10.21296597,-15.06999595,7.91773721
-9.80246027,-19.18121329,3.32782593
-13.78154613,-16.56780001,16.22677572
-17.20592595,-18.11099877,9.35442018
-8.87428208,-5.34164542,2.26546467
-6.24021687,-4.21116259,5.35198462
-14.03785897,5.07106354,-5.48824523
-17.14631486,6.92478196,-19.07452357
-13.84512564,4.30903672,4.10289306
-4.68088353,12.88563944,-17.2208363
-7.43349627,-18.06553817,17.48989224
6.89857961,-10.2713793,-13.69788329
2.77070528,-17.10270334,1.0851111
-11.66295498,-10.43618013,7.93001424
9.49759336,2.75236631,-17.09946384
-17.42018373,9.30141766,-18.74799119
13.02147685,-11.57137798,-15.76249706
-5.57075795,10.74941043,-13.37152575
-17.45125017,-9.0546439,4.51376495
-12.2380911,-13.41516923,18.26059464
-2.71303968,-18.21082964,12.50527419
19.65963076,-12.66996421,-17.52621322
-14.65057485,16.78480189,-16.44935598
6.71498679,-13.37591732,-3.31850281
-19.29799888,-19.17057779,15.72883432
-8.51163832,-9.7175351,13.09864155
-6.18003204,-10.86191623,11.39122873
-1.68232385,4.4981037,-12.69775406
-6.28431033,-15.27111688,15.86105405
-17.19208781,-17.2709677,8.20716176
-12.54810405,-9.4682932,17.36756541
8.50356376,-19.29956061,3.9478116
-6.98408238,16.18518379,-15.34011631
-11.85482265,-1.29833813,3.71184056
0.34745379,4.61805797,-17.1150084
-19.94762149,-0.03886807,8.47784738
-6.0232496,16.2957858,-15.45357782
5.90802289,-16.93748385,5.96727614
-15.38667953,-13.1632685,3.93090238
-17.74216538,0.6558363,4.83288199
11.88240303,-13.46725583,-14.47275809
-10.08924435,5.63910947,-14.13910733
2.82186853,-5.764022,-1.54021202
-16.9127363,13.3120275,-2.85614992
7.01058741,-8.67541585,-12.81383251
3.05786957,-4.06046461,-19.7964955
-11.95444034,10.2127468,-4.2281986
-0.58772885,5.3255966,-17.73476243
-16.77500532,16.14442062,-6.05856754
-19.97558467,-8.57808131,11.06456823
-2.20749767,16.29579859,-18.94570624
-12.76471602,5.12235639,-15.13305326
-19.16447373,-14.65155161,18.25270761
-18.7090857,-5.15983821,10.13043738
-13.59494406,-15.43988647,5.7438698
17.15522887,-10.70908166,-19.00118927
-13.18640274,-0.47433477,8.32445233
5.44932878,-3.78819532,-7.8606509
8.99720743,-14.90154672,-12.56978719
8.6647566,-15.7039769,-19.54923127
9.92692341,-12.87868176,-14.88082152
6.72444108,4.45528739,-18.16223323
-19.21145053,11.52433543,-2.65288092
13.94600474,-5.03917637,-18.20393915
-13.12538878,13.81334027,-16.07170246
-17.81566162,-14.253029,8.92372316
-14.11549654,10.12251928,-18.58402729
-19.24453403,-4.80660996,9.10474316
-13.84775033,-1.48786925,3.09482624
-1.49982607,6.33059533,-15.788973
-14.9976694,2.82889437,-8.51614784
-17.83495766,-6.07913798,18.79467427
-18.42597703,-6.63186346,4.08231446
7.34977718,-16.12137554,-19.99953191
-7.56272124,-13.32134738,5.78409209
6.17242497,4.65046917,-16.40421245
2.52935924,-10.38067348,-6.84677576
-15.86188004,-6.08461471,16.73831692
-16.33931103,14.21761056,-9.67317837
-13.65954604,-18.49432629,18.91500394
5.60529344,-19.00359813,7.30688716
4.14049033,-13.75171192,-7.3326189
-15.77330246,-8.16588896,19.28681081
2.5407552,-17.84577166,8.57858748
17.12825656,-14.17766933,-11.6816115
16.96593165,-10.82457799,-18.46349627
-9.9579514,16.22303735,-12.55651517
3.00250344,-13.5596269,0.4082949
3.77052266,-8.59014499,-9.5669217
3.24496106,-18.91720159,-6.24156522
-6.6371343,2.40938303,-16.61348412
-3.44644348,-14.26722868,8.74958409
-14.8334527,-12.43220058,5.4547232
5.92578343,8.31691222,-18.85468683
8.35072152,-19.62361914,6.63229977
10.56992203,-11.24072942,-17.67739411
-13.42212576,6.3767222,-16.69580828
-5.93318312,11.3794417,-12.61502441
2.33498128,-7.7843324,-5.22886524
9.74215158,-13.53636792,-15.76192339
13.47458234,-11.11123471,-17.24647154
11.21047818,-17.29689805,-4.72074124
-17.530018,10.5795574,-2.19781188
-13.69229405,-2.48815233,6.20885062
4.44897438,1.78989085,-17.11712648
-17.95325524,-0.55219641,4.38002986
-17.97024439,-14.5840996,6.86276085
-15.52177604,-9.48123821,7.16551567
-13.09322671,-0.8977063,4.64684087
-15.87430121,-18.43910529,11.65985202
-14.48507924,10.44940963,-3.35165191
13.85224191,-6.54458882,-14.23217599
-16.00914645,6.13580027,-17.80866239
-9.42297365,6.92150193,-16.58605748
-19.85172068,0.33863452,7.13296032
-5.44709007,9.31726017,-15.11427952
-3.66486138,-10.51450803,5.9868855
16.66022485,-13.50145878,-12.38851608
14.82998718,-19.36050309,-10.54701496
16.5747126,-19.46831602,-4.47944349
-18.76380681,11.75749315,0.8933666
-13.45605994,15.74536019,-11.35830265
-16.50916599,9.70179058,-18.38731652
-11.25847862,11.2127884,-18.77751095
-5.63311308,-18.76578836,14.17429553
14.13560735,-12.90474765,-16.12547044
-11.90949143,7.75426028,-5.79817073
9.75562465,-11.96351069,-2.84491559
7.5790564,-13.43441955,-3.86903839
14.45434482,-16.06127905,-9.16971851
-11.0279834,-3.74526161,4.33094003
11.33223401,-17.92913588,-14.99024968
2.27848513,3.891224,-16.82201068
8.1545314,-18.08446863,-13.34528372
-12.57758652,5.89200857,-18.7243197
-9.81615836,5.78154168,-6.99812518
-11.74799396,5.61719982,-5.77779638
-7.91887853,-19.1870622,15.72876105
3.95566293,-14.12831277,5.18951246
-19.6712318,15.2509553,-5.45000119
9.22842515,-12.87625529,-0.80976434
6.83968994,-14.83220536,0.48562304
-16.49184835,17.14011984,-10.58738193
14.81153311,-19.98998432,-7.49594825
-13.41330006,6.09219263,-4.24982725
-13.01621972,-17.08872109,10.70053879
-13.48501625,-1.76158248,9.03721319
-15.39968124,-17.7674639,16.45577435
-11.22485294,-18.45328956,3.40149298
11.00794315,-7.74990103,-11.74688425
-16.82123646,16.66852636,-11.21173015
8.29186363,-6.50699394,-13.74097968
-19.52460618,-4.1508104,13.60127919
-9.43057701,3.65006664,-5.49994102
-19.05962152,4.2556966,-11.82301633
2.37086486,2.37667213,-17.98929287
15.44317753,-10.45657173,-15.2782841
12.32452284,-18.88706524,-1.76605106
-18.14959463,12.4360058,1.04669201
-16.84572186,13.17045064,-9.25948402
7.69587818,-2.5997163,-10.94781866
-18.22187251,-14.30001695,14.42647361
-16.37754709,8.95550019,-11.8653197
-6.97056836,-17.29503416,4.28905318
19.20022633,-16.44582703,-15.51381517
-12.64735046,18.01603735,-10.53303732
-0.25595619,10.73108806,-19.66916254
-10.6652832,5.60281651,-5.57147441
3.82520663,-19.04115202,-19.36657611
-7.22038394,-16.08012425,9.327683
-15.04148662,-2.08709276,8.65846613
-15.29869922,-4.48656152,11.14531887
-15.94885933,-17.58023401,11.68108414
6.24876933,3.50001087,-15.31500824
-0.91351055,5.95669036,-17.58493622
3.3316295,-9.07246156,-18.00340443
-10.21566128,-12.21184799,4.21894779
-11.51334308,2.92340974,-9.76615095
-10.82461135,14.36655535,-16.89321276
-18.83361766,5.35542506,8.56122879
-17.78984531,10.37574341,0.04777019
-18.96489797,6.67384521,-18.05107982
-16.74147721,-8.67030178,14.88004305
6.37859768,-14.31049512,-7.12360346
-13.57880971,-13.60061188,2.24376788
-19.87948594,1.02899767,1.94038052
-11.28074182,-14.2889334,18.84725025
2.50234045,-14.49424275,-12.70984685
-15.76468846,-15.09919843,18.31156713
-2.22661128,8.71154951,-18.19239917
11.9462054,-19.6613933,-4.52260557
11.64651167,-8.50247811,-17.32808969
6.76076872,-9.80450166,-13.23704863
-13.53888316,8.84872772,-3.83103908
11.60622418,-13.26636582,-3.04654522
-16.73762657,-12.68967175,19.67669704
1.69613049,-10.44143904,2.24090743
-19.9867239,-18.77309617,11.21087093
10.43208577,-8.38912801,-6.63129477
-11.80881449,-15.90079449,19.68680088
-6.33921227,-13.99564627,13.67751041
-4.66393256,14.23653754,-19.30970771
-6.4402126,-17.93135572,2.26180294
-11.59365814,-2.87136351,2.92969597
-2.06517068,-14.36720015,6.61213409
-14.96304534,11.4337693,-8.8628781
7.92683649,-3.90930741,-15.19671834
-10.25761832,5.64634938,-17.03438545
-4.61822271,8.49974202,-17.71668856
-16.28471228,-5.25640697,13.36688505
-6.55724905,11.66796644,-15.09632833
12.5861046,-12.27081661,-6.86284162
-7.48698417,5.11582518,-16.10325788
-9.50521418,-19.51185625,2.2418606
-14.37513369,-14.65017627,19.5840767
-14.63866577,19.33874241,-19.58309839
5.52322021,-3.31271976,-11.60595199
7.2116032,-12.59334872,-0.92526905
-12.39052681,-17.83905477,12.95507665
-19.9972617,13.125953,-12.69236186
-6.66640348,12.81972528,-14.74972586
-19.74898443,3.94413891,5.96228619
13.85331311,-6.72116286,-17.18010843
17.46978135,-18.18610845,-3.83637478
-11.40361843,-1.4859518,3.87481489
-2.23109022,-16.67965167,10.97625587
9.8212791,-14.80538041,-19.04386859
3.63420377,-18.52220153,-6.05084784
11.35470834,2.97296514,-19.44050772
-18.65054958,10.41668231,-6.94044103
-19.54705068,-8.9836149,18.57903893
-0.94396683,-18.10421617,5.7162852
-12.79319862,-4.4037851,8.44183777
17.26512087,-14.02740777,-13.01487922
-13.43180668,3.38625953,-12.96744302
-12.1050018,-18.92858383,16.38885873
-12.48886384,-7.5216773,7.79046269
-16.56329835,-10.19367493,18.82471931
-6.18410579,17.63306884,-19.92904694
-10.44157008,-14.17042947,19.22561407
-9.68195301,9.31656973,-15.20642565
-16.63479985,10.65754719,-4.15755248
0.49835141,-13.8443657,6.32334686
-9.05091452,6.03579405,-6.43454284
17.46182754,-17.06060462,-10.15483223
-10.47138834,-9.63844861,8.09119084
-17.63586842,6.57159985,2.92246199
7.97866202,-16.67387503,-14.43152567
-9.9989844,4.32645226,-9.45728521
-19.53349588,4.22132918,2.24449362
3.00092338,-9.12465047,-0.82201081
9.52679957,-5.6029656,-19.82119696
-0.50854078,8.96999216,-17.39274227
2.89974134,-13.03649043,-15.0772358
-14.96367427,-17.01775522,10.12912641
-18.94302102,-11.75537113,15.54175987
-15.96341725,9.35849299,-0.09370245
-16.21729668,-2.19720199,13.8613059
-14.04455642,3.8083018,5.2714701
-18.2707439,17.00213489,-3.5964664
-19.71236482,10.92039491,1.23374134
-15.8971347,10.53654662,-2.27387997
19.31017979,-12.52191797,-16.8484378
-18.39834518,-4.66682948,16.45279204
-17.86026781,6.78555806,4.60013366
-4.84088078,-19.00651454,8.43456823
-6.02243054,7.89178877,-14.81623328
-11.58094646,16.18215001,-9.41482054
-19.92116812,8.55712391,-15.24040461
-1.89300935,-9.19836441,5.37669742
-13.88912534,-1.47059083,4.99663412
-9.0788122,14.82047797,-18.74597808
-15.68547293,9.11375413,-6.89617235
6.40625004,5.21412237,-18.47678985
-13.84903786,16.64469842,-15.98709421
12.78844082,-14.40124201,-3.05514556
-13.27301999,-9.36234333,3.49684297
4.85487389,-2.90620891,-13.50680514
-14.21001791,13.58258972,-4.552953
-5.6268835,9.53774707,-19.05227032
-17.05272246,9.52507337,-16.5505083
-19.58047698,15.01373077,-9.92046494
-14.65329536,-14.41567682,14.74031717
-19.70135204,0.86385576,4.94120372
-16.08895879,5.49026041,-7.0385916
-9.17850106,-17.42720507,11.44009548
8.89625151,-13.97410338,-0.77059099
-1.58439751,-15.81299287,4.25186771
-10.91626086,-9.21149707,8.26613423
9.69450282,-12.547158,-7.36806302
-6.12690466,6.77112642,-10.99236949
-10.1062953,-5.45598638,8.33382853
-10.85138075,-17.90976654,19.20454963
2.9380025,-3.70524191,-14.03001238
-15.99561568,9.27937799,-11.19063867
-3.91988002,13.34641379,-17.73968344
14.31129425,-13.11707775,-8.82221078
5.59914503,-5.2137778,-19.52747233
-5.89694197,-17.53137331,18.1034666
-6.79867311,12.04885476,-16.35472942
-6.78933238,8.19066067,-10.90862512
14.19094856,-8.55263149,-19.70930815
-10.7636979,14.87318083,-17.03243596
12.21317144,-1.56666929,-17.21499958
-9.22610192,11.12478707,-8.41937598
7.47655586,-9.12731707,-19.93930042
-15.39772434,-11.79348109,4.03178382
7.71063503,-5.29818173,-12.93133274
-0.44793167,9.65154372,-16.2208605
-19.79253141,-7.00517675,11.24063762
6.74171861,-10.86028621,-17.55693616
-18.90666735,-10.39665555,6.20107828
7.80205453,1.6060456,-17.73147258
15.16638197,-18.15535003,-7.11653061
-18.22393224,7.83045413,0.35593832
5.08583278,6.28883125,-17.62218813
3.10578437,-10.24124941,-7.83509961
5.65317202,-4.89412983,-10.28648716
-18.55613727,-1.60464087,15.47774647
7.44153829,-14.97560771,-6.17737096
-19.66326309,4.15539681,5.03837893
-16.9521831,2.87987995,3.76332963
-5.36801696,7.16681947,-14.70634791
14.99024667,-19.50144347,-8.62617625
1.49307784,-19.49371544,8.93961877
-13.31329368,-5.25832115,8.33305748
-5.89522639,-17.72410647,18.17672786
-15.40298934,-17.14310326,13.98736414
9.79776621,-19.37624244,-3.36980937
-8.46045086,-15.03425267,7.86228562
-9.02731402,6.58375438,-10.88199177
-11.47992794,7.28419917,-10.3630393
-3.18062857,9.26013437,-17.5946791
-16.16229323,-2.99261486,12.46654366
9.48862818,-14.82287155,-5.05684271
-3.6586496,-19.05393747,9.5082332
19.5832181,-16.84023241,-8.65338237
-12.78479946,17.4926495,-11.73976117
-7.54313532,-14.60816749,4.72747633
7.18441396,-8.94978018,-10.59858841
-7.35666975,4.46139626,-14.75343387
-9.63360802,8.70302193,-6.47593316
-16.26028311,-10.05730363,3.99758399
-15.09901476,-5.80870452,9.29277603
-0.31269,7.43757346,-18.9884686
-15.95145616,-13.371964,18.50909085
-7.67755663,9.70566536,-11.45395294
-19.5388418,-4.80776111,17.25336139
-8.23381276,-18.59627197,4.4200393
-13.07528907,10.95845377,-2.660427
-12.0114209,0.65109083,4.14344832
15.29069946,-10.88892955,-19.67505149
12.98091265,-16.8064423,-6.59274082
-9.78511273,-19.8688308,7.03737499
-18.81967166,17.59730043,-3.56173309
-0.10824787,2.59892682,-8.67346027
-8.84681944,12.91232345,-10.16864087
12.78780939,-14.54076033,-8.46802791
-6.73301621,3.10375875,-17.74284055
-18.44899723,6.88446158,2.53640237
-12.37807481,-11.04237837,16.44210824
6.97737484,-4.85418203,-12.74008934
-18.13452253,-6.49985885,4.71508568
-19.1463909,4.45770142,-7.30734391
-11.98236494,7.13263644,-18.59792131
4.87271778,-16.23673743,-8.55569804
-5.76064499,-12.99960014,14.08984967
-19.25302917,-9.9801427,2.84654537
-14.7440896,-9.42853584,11.69663475
-17.7256087,-17.08088192,13.85318105
-13.63332867,-18.15203578,8.29873984
7.94144699,-3.07490643,-17.34477506
-6.97980805,18.42527496,-19.75083836
17.44303189,-16.5011798,-17.642235
0.53761486,-17.36637124,8.59834277
4.45647651,-7.5333298,-14.23103594
-4.21658395,-16.30009441,8.07563457
7.22141927,-2.1421776,-19.42765385
7.0135265,-1.45404294,-17.58634156
-19.99742911,19.32924393,-13.45546705
5.53932269,-16.94968576,-2.92613191
19.34519207,-7.42182861,-18.44877669
11.16817092,-7.10402657,-16.00240525
2.0141122,-19.81018162,0.55086151
-17.2841578,6.7354495,-2.58441842
16.76710707,-13.01793087,-10.08208147
-16.77242551,4.4196796,6.15762867
-17.8758947,-12.6336406,19.26412354
5.81697044,-0.55658757,-16.97212082
4.5372261,-9.9866906,-9.55378141
-4.44181976,-10.68030527,4.32225592
-11.5076282,3.2631461,-15.54040159
-9.29128666,17.17367744,-16.33765504
-19.35216174,9.10229776,-2.40419988
11.7872257,-16.22393523,-12.95712506
-11.66396318,7.79505914,-2.10589868
2.47630051,-18.84117721,11.5574354
7.65802586,-8.28876275,-4.39294118
-1.5671923,-7.93005463,3.14126089
9.28925437,-3.43960314,-16.25209843
-17.1420576,-15.57830671,15.65522373
10.13071098,-12.92722899,-18.95859431
3.57586643,-19.53732455,-1.68114413
2.43497816,-8.09793858,-19.33167761
-19.55751418,8.17041783,-5.80500602
6.41998134,-9.11278865,-10.83605225
-10.01272429,8.64639411,-12.24725037
13.62430394,-8.67032411,-15.86315525
-1.13897771,-19.28532362,15.13668744
-16.12376769,6.78627426,-3.03865477
-6.20083893,-15.96068381,16.38902068
-17.89127492,-13.55168427,17.00392207
-19.14686581,-16.79162189,11.79446029
6.0941046,-10.75339168,-8.27803627
-18.05499632,10.33727186,-14.31467512
9.59301929,-14.92173055,-2.98798925
-17.27833575,-3.6538025,7.50544452
-14.54055071,11.29772869,-17.85857341
-2.51878325,-17.17699345,14.38193056
-10.47140785,14.19061686,-17.72783296
-18.00489089,5.75919114,5.51048081
-15.17439371,-13.60062947,7.53198901
-16.11728499,14.47679392,-5.22129322
-19.31811469,6.104135,3.04743407
-6.00316697,17.94488855,-19.64471082
-18.85481409,6.34698883,4.46872683
-18.93444456,7.47679169,-9.59887741
-12.15996455,-2.44174628,4.20507202
-2.39605654,-19.07946234,15.19808822
-14.75498442,-19.36745747,10.14710288
-11.2428523,-14.7523285,2.39981243
-12.79630124,9.33166785,-12.59930734
-2.89572706,7.55087388,-14.04557263
-0.71288312,-16.45945636,11.33640149
-17.01241729,6.18267564,4.49305096
-5.7020377,5.79798563,-12.70184312
-6.30177791,12.12054856,-12.21010623
4.24820205,-6.7874095,-6.58533721
-16.90928838,6.43186588,5.90142843
-13.21371287,7.84365191,0.75387078
18.8932971,-18.26454022,-8.03015999
-15.0665661,9.75955052,-5.46160868
-9.40328809,3.26730939,-11.53939805
-1.35732399,3.38986107,-10.56541199
-8.85554613,4.70285481,-10.67987603
12.43690805,-13.47546376,-8.97659037
-2.98737079,9.14866999,-19.01541789
12.45915584,-10.90311193,-6.88530215
0.2539169,2.42885893,-18.95704189
10.87885933,-9.1330833,-8.4492564
1.4500438,-14.95024417,4.5790669
3.51126054,-9.47786964,-8.03651659
8.26508429e-03,6.56865164e+00,-1.14822566e+01
7.04650995,1.34673405,-18.04471908
7.61558892,-3.8076352,-11.08743649
7.63983405,-13.30995538,0.20972167
10.21537367,-19.0732706,-4.603536
-18.6220019,-4.24620149,14.56641734
3.91456028,-14.27031216,2.89830978
-19.02083692,-1.80805865,9.63985819
4.76520418,6.27500047,-18.79010981
-19.12471647,3.5714479,-18.74312881
-1.25652281,-17.30696313,10.73533091
17.3227671,-19.51445981,-6.22365793
-13.21721339,-9.34739402,14.38251903
9.15267867,-16.16287875,-11.79490363
9.64798249,-14.38248407,-3.90386868
-19.34063092,-8.45165981,17.92361143
-18.95836031,9.23467594,2.02384777
-11.35976122,9.85398063,-18.63247294
-9.56441446,-13.02299856,17.01040958
6.68112753,-11.38372274,-4.32801346
-16.19602034,-14.67059527,7.87873579
-9.49438133,-18.49151678,13.84603226
-14.32732885,14.93105527,-12.68153223
9.47583654,-13.73944313,-6.40113156
-19.69454594,12.1675126,-6.56445244
-4.71471507,-12.65794769,12.50413374
-9.21999643,-9.20999601,3.51746579
-16.10903097,9.61963467,-3.99490929
-9.52977787,15.69543299,-16.1358199
16.35021586,-10.75811412,-16.5399282
-16.52067234,3.3271828,-15.26342504
-9.98104235,10.54382773,-19.16778045
17.28554243,-15.53453917,-14.39967948
-15.74796374,-10.5249429,7.59648136
-4.06292433,-17.18019611,6.48745835
-18.04630809,3.43506448,-13.28302896
-9.31316742,13.90620013,-18.611555
-6.30719244,-15.90789352,8.43046234
-6.64038359,-19.69783057,18.69289157
13.98146027,-9.66216518,-12.05798402
-10.62723256,15.75128119,-16.88547024
1.55491479,-19.74699351,11.7878606
9.20134709,-16.7670588,-12.47587267
-9.04570953,-9.79183177,12.48710336
-16.86640851,5.97180656,-11.49581695
-10.31617635,-0.93434003,4.85136667
-10.08194613,12.72048811,-9.57615793
-19.02010332,12.02224508,-13.52335578
-13.95572523,2.99608195,-6.81600743
14.89309095,-11.10457315,-18.78734823
2.33640993,-7.71921759,-17.39020513
2.63696865,-11.46313412,-2.14519391
14.38077348,-18.94039874,-7.81756712
-5.06899616,-17.90226071,14.55913879
-7.05861448,-14.23452609,3.44441355
-14.78876573,-11.62908563,8.40741561
-2.46298994,-19.53474956,17.31643605
-10.13255287,-18.74505027,15.68275187
17.41939433,-12.79497935,-18.32963249
-19.47782791,8.43821779,6.61686498
-4.24124994,4.54092217,-14.95689452
-16.00505639,-1.21536528,8.13402568
-12.67857276,-17.23422004,19.70378135
-15.47899557,-5.35279256,15.40695307
11.54371207,-0.35019558,-19.8914264
6.88999414,-8.29739778,-15.82011098
1.63388415,11.24055738,-17.97360026
6.41927435,-13.3619127,-19.95997606
-5.18896291,-19.46861769,11.82285283
6.70108011,-3.54566425,-9.85757008
-12.73039811,7.02914476,-1.6497317
-17.25883237,16.76145041,-12.36962062
14.42955355,-14.55619864,-12.42862256
-11.69567544,0.90436676,2.11787623
-16.14662371,-8.44038673,13.75429555
-17.8703277,-13.25646885,12.55703346
5.63020761,4.72942428,-19.42917653
-18.68259113,3.82088726,10.37882193
-19.82476399,10.86789563,-18.74497338
11.81839387,-11.67056088,-8.77383027
-2.80772241,5.82525486,-16.15162257
-6.84708874,15.58265537,-15.56380203
-11.34600609,9.27429779,-18.14069942
-19.85266155,-16.9311897,8.390091
16.59116008,-16.71691045,-13.88937499
14.90704156,-15.86114863,-13.25444237
-12.69658855,-16.84647697,14.55127769
8.75762168,-18.50935269,1.09698871
-18.71393749,-11.62043325,17.78703756
-10.62893916,8.02477892,-19.18913449
-19.9745602,-16.92361797,8.11528643
17.16501856,-10.4736837,-12.25200398
6.01175013,3.21544187,-15.95547644
-13.38286828,15.76809686,-6.84439472
-12.66971658,-14.10868265,9.0091221
9.5014202,-9.80968346,-14.18122635
11.3562356,-16.54239184,-13.78561047
10.15581199,-3.25283243,-18.03028707
-18.03054876,13.06887026,-10.51537716
-9.64952821,8.61074095,-10.87021971
-4.32154296,5.79242746,-9.58880792
18.13377397,-17.83238475,-6.61001754
3.94271176,-2.24531938,-8.91570191
5.83477783,-17.47604417,-4.11432011
-19.15758827,9.20630323,-15.45102836
-6.0971849,-14.51968002,14.92177042
-16.03242098,19.68217256,-14.04918018
16.56008482,-8.73535806,-12.25873476
11.01504573,-3.63590254,-17.98653372
-14.98390773,-8.89860913,9.52762354
-9.99800535,2.57787916,-5.82295413
18.78315529,-16.74054586,-15.79292279
12.81012885,-15.67441155,-10.95034782
-16.40745937,15.89897162,-19.30752823
10.38521025,0.09827289,-19.0837452
-13.83327536,-5.46752979,2.42568651
-10.82336348,-7.99719085,6.13891015
-16.13648211,12.48103109,-12.47823818
-8.12168071,11.35093374,-14.0884864
-19.80052863,9.74228409,-3.06375564
5.75737844,-14.80013171,-12.89940327
-15.1499665,-17.19193539,2.62249073
12.93289012,-19.49508054,-18.18849167
-16.05980385,6.36511834,-0.14730339
10.71488248,-14.27537477,-3.14216321
-8.2492161,-12.64509413,15.8573161
-14.41260961,-18.90874139,8.85091564
8.65142064,-6.6516251,-10.4731252
4.02705163,-18.54788657,3.96110814
-13.64984725,5.07374948,-14.21331945
-16.15103176,-2.42465615,4.8564145
-4.20328589,-10.61804751,8.11121034
-15.94363094,-14.39829274,9.36694557
11.92512741,-14.03900318,-18.21948729
9.22074745,-16.66862125,1.07275952
2.54055622,3.53969027,-12.51111636
-16.79202918,4.02352838,-4.10322568
19.37381164,-16.78541374,-8.5713446
7.19299102,-9.20751065,-4.16434882
-13.49136212,-19.18435754,10.48156268
-7.99166724,-17.81395726,19.88007695
16.40038059,-18.17655576,-5.23672194
-9.36187947,-15.07682268,16.6386841
8.18986179,-16.84290452,-16.15149352
12.19461785,-17.14931778,-14.70849188
-17.75708379,-9.86335031,17.87880773
4.22964968,-4.41801611,-7.51413509
4.00251952,-13.47658235,-5.2430151
-11.22087695,6.76560305,-14.50413209
12.29586292,-6.44255566,-17.30469251
-16.04006074,-12.28257109,8.25652817
-10.45535758,4.41547366,-3.01028762
14.90849561,-14.63817297,-8.1588721
3.3122181,6.88264318,-16.92196
-5.60567773,8.0432934,-14.9140372
9.94287671,-2.09120717,-17.37190844
-9.02114714,-13.49386894,14.52708034
-18.92069498,7.04730873,-19.79302854
-11.3181441,8.60547393,-14.70665431
15.13117866,-1.10788047,-19.18927894
-18.99189027,15.23237681,-2.12149702
-17.85343516,-15.47837427,4.59287851
-17.35530241,15.71937582,-4.83691147
4.99174066,-8.16413634,-10.48427852
-6.22476923,-17.7086837,11.02473267
13.24284626,-10.14760838,-8.6554413
4.26059534,-14.77347034,1.31460236
-5.26892054,-18.89065611,13.39184865
-19.47322076,-16.97850207,13.98946888
-4.29187202,8.0821668,-12.2069964
7.30906403,0.27602901,-13.45011944
18.18353374,-19.81968852,-16.18295829
-7.95643521,7.02867086,-4.0273665
15.80650056,-16.27638468,-12.236176
-18.74246498,12.10954139,-9.30540789
-1.96909588,5.41167901,-19.71699024
-16.29967347,15.79847534,-6.95053702
5.5132356,-6.90971232,-14.23248181
-7.05764416,13.05150074,-17.76677874
15.66603047,-11.27725683,-16.26627462
-18.81300544,9.31898676,-4.6176816
-18.38919094,-11.50796834,3.37574918
19.06427051,-11.12122336,-13.3833914
-5.56986758,-12.56682539,10.57371709
0.175547,8.48331448,-17.76847177
4.0587253,-15.61562786,-9.86557582
-9.99217187,8.2774062,-15.4505918
10.1201565,-10.87266516,-5.64049569
7.66507362,-18.0895588,-1.30739806
-0.74265212,-17.13428847,8.8648772
4.91116851,-11.50998258,0.0573406
14.37321873,-7.79089448,-18.70746183
-4.41797074,4.98085244,-19.01159188
11.95500528,-19.69658888,-6.28356754
-19.80910759,13.27361217,-17.32979264
3.51531704,-19.99602252,4.89349094
-18.55656834,4.74955756,8.540037
-8.73250818,7.03393107,-14.07575014
-19.31035731,18.56531721,-14.02485166
10.75319171,-14.53041836,-7.49974319
10.08874187,-17.61555196,-19.86474212
-11.18400273,-16.40657441,18.69122776
9.69494447,-17.91760399,-7.32434887
11.93817071,-7.21093513,-19.43611394
-15.07278628,-14.06564399,10.95711983
-17.1448738,16.20752716,-6.59663586
-17.89533471,10.19938276,2.97616137
13.59644206,-17.89122763,-6.22705513
-10.29192041,19.56964647,-13.9873322
8.9916508,-2.74275255,-19.37788051
-13.84735475,-16.56540751,19.07882679
4.07243764,-9.48532559,-17.73007556
-14.9117664,-19.39697115,6.32130872
0.93285019,-18.56375185,4.53300822
-11.01939435,14.37672479,-11.96132006
-11.71411883,13.83784877,-17.7535597
-8.5218052,12.76579793,-18.3484707
-2.79946411,-19.84604848,10.57005803
-10.04767566,2.25588271,-0.17671891
-11.24158396,4.92558888,-8.38928887
-16.68747629,-4.07287704,7.10261565
-11.22118428,11.44589203,-5.25153346
-19.49684111,10.10807989,-18.81642365
-19.75481714,4.36834593,9.51693153
5.97616341,-9.2548682,-18.9884046
-14.57028797,-18.27684551,15.13453528
4.27588145,-5.18681711,-14.32063136
11.45815415,-8.87450639,-18.0021065
-9.76247414,-13.04135934,7.76054431
-5.92382672,9.98877355,-14.16637298
16.90248277,-14.97922814,-7.39066151
-13.04608737,-13.22130633,7.86260338
-11.79636883,-10.10723215,4.67383209
-5.70103794,-9.68520643,5.96280243
-13.16179525,-4.9383833,3.45665477
-13.30553198,-4.24911308,10.74952322
-19.93679376,0.61067355,3.4328924
-2.8583819,9.87985816,-19.78640411
-10.69460627,18.34729121,-16.63475598
-17.07139122,10.82858923,-16.66430977
-18.3542412,-6.32503717,16.8707798
3.79247073,-8.02410615,-17.28857632
-16.36838056,-4.61259779,4.38190442
-17.45107233,6.80177431,-18.33796742
-19.1442358,-11.23745767,11.20796575
4.11209106,-19.10170604,10.35310017
-12.93881795,-13.98237673,9.94635183
6.24396819,-14.14308467,2.81274833
-14.21805926,11.59008422,-16.52116125
-12.82796204,4.23980936,-17.93146149
-15.87313742,-11.90138724,4.39567247
-7.56890023,17.67439328,-15.28482168
-17.33807178,3.9737464,8.66298715
19.7064702,-9.6017345,-19.88411264
7.88027458,-14.62198696,-14.06619657
-19.17606249,5.38484384,8.86178207
-10.77452219,-18.22798998,6.25639817
-5.02743933,-13.69733868,8.85146993
-14.41754506,16.91385061,-14.62069418
4.27964996,-14.39103494,-7.40699278
14.94976347,-19.88522687,-3.80322375
19.84870134,-12.13958374,-15.60869353
-12.99785186,14.27233544,-10.11207454
10.65239116,-18.6096268,-17.58723282
-5.14663953,4.59724,-17.26443095
-19.80915595,8.411117,-11.04435236
2.5136538,-7.64674407,-18.98701996
2.82965186,5.71865215,-14.57483261
-14.9390651,16.2882132,-17.08080389
8.49742523,-13.04619126,-15.12626567
-13.97579097,-14.67380301,8.89197366
14.66781277,-17.92736555,-1.77304303
-9.88217004,-19.82617086,10.09877261
8.92876092,-12.5122535,-13.90904863
-3.72737875,-8.90844258,5.20721744
6.35058603,-3.13325029,-10.74950062
-18.32268579,-3.52373369,11.92976755
1.25564906,-19.0057791,3.91679709
4.44743242,-19.85259531,-19.6729702
-4.84870257,-17.75968843,15.14011225
-8.47447785,8.7348156,-17.26260975
10.61268486,-18.89575909,-3.79888601
-14.58388303,-16.03773627,5.50915685
-17.39922703,3.47097515,5.8989508
6.55612671,5.34030156,-17.39339372
-17.2884594,17.65505092,-18.09103542
16.95905039,-16.47764083,-7.26920754
6.06181142,2.84499314,-19.31979158
-19.02121636,5.13927039,-19.71947049
16.77428489,-8.13116838,-18.40705789
-13.48622901,4.63491557,-4.58621998
13.36910964,-11.85465407,-10.87433222
-6.81272428,4.05614414,-15.1254457
-5.02883155,-14.99085221,11.05687044
13.26044199,-1.43960906,-18.87370225
-9.62973379,4.46905376,-12.73157389
-2.16940711,12.13765002,-19.56098559
-12.86042661,-3.88373124,10.45974151
-4.92894594,15.38958396,-19.42206647
5.90037387,4.23550816,-19.51154477
-7.25736034,-13.25447913,9.35521933
8.63750722,-10.843948,-6.18115634
-16.34549152,-5.87956133,17.46997305
-16.16298633,10.65621484,-8.96316693
-16.76245741,13.12870717,-14.97004246
6.33002651,-17.48486052,-17.32803166
-4.81187272,3.56016778,-8.49641132
-14.05366572,4.75463893,-1.10285749
9.6732655,-10.36420076,-6.12269119
2.5104143,-3.55821412,-13.16167435
-5.17028984,14.18829885,-18.45701095
-17.56461715,19.90638012,-14.34120488
-2.97715604,12.25906662,-13.77705407
19.80717444,-19.02005107,-11.20018201
-9.04599784,-3.13613134,2.52833866
-10.43706951,-14.59845385,6.1393095
-10.01133691,-15.51912908,12.26686814
-8.67372768,13.29285429,-18.75863038
-17.72067624,6.97742573,3.80369955
9.31126304,-13.69806418,-14.07454898
-16.38862049,-15.26711696,10.40764711
-11.90266188,-12.32844339,9.27584782
0.59474618,3.64111018,-12.26911781
5.20117592,0.54099845,-11.10603256
-5.13597402,-5.22957908,3.62640033
15.64895566,-16.99080321,-7.99178796
-18.62803007,5.9573828,-16.11174582
-15.16996077,9.62228914,-12.67648906
-10.84696895,-1.30304576,7.19541355
3.93896805,-3.82208662,-19.36958123
-8.12079581,15.8744229,-14.5397769
-15.51569492,5.41588499,3.50099335
8.65803191,-19.58436266,-4.71640714
-17.92911896,6.50204492,-2.2961359
7.03942332e+00,2.49568522e-03,-1.66596532e+01
4.97727219,4.6434452,-14.64406943
-4.79509444,-19.32903469,19.33547021
8.10149613,-15.57007506,-19.52228108
-14.43648357,12.65359245,-10.33453184
6.04952152,-2.38633758,-19.55972331
-16.33782086,4.9068864,-1.13867804
0.49405586,1.72019604,-11.89377988
-11.3116501,-18.77895759,16.64327771
-13.80532214,-4.84060921,5.0381553
-8.34971512,2.94561934,-0.24936279
7.63028241,-10.80874735,-10.86673005
3.2105957,-7.74922511,-13.41009927
11.15029508,-16.30783088,-6.45550385
-10.80715078,-17.73992743,16.27992842
9.54708686,-4.01023142,-9.98439179
-6.16165879,-16.34470748,9.47967201
-2.57516448,7.86321884,-10.01763434
-19.31679925,6.86622305,3.75854834
-15.52243414,19.7142182,-18.51254707
-15.80890642,-2.54721868,9.25352269
7.13232786,-6.33137902,-5.65468852
2.85649352,-17.87847858,-15.0223402
-8.60468898,10.22899214,-16.03060851
-1.92028305,-7.49212021,4.47974942
-16.48704103,-10.05490191,9.10131455
-3.76121191,3.58373918,-13.53142187
-13.41074583,-17.62779749,6.832202
-5.77542099,2.63043328,-18.23622148
-12.31044041,-13.34072983,14.59106769
-8.81107101,11.57383472,-12.79785997
10.47143512,-15.99481071,-17.35274951
-0.36780311,3.57008664,-15.21190118
12.43221536,-7.43484582,-17.39681099
-10.10568718,4.87644651,-14.93265449
5.10420549,-17.73389472,2.67646764
-18.67143875,-8.27876006,17.72182528
-13.1430029,3.20858,-8.0748795
9.10810281,-3.33801438,-17.88461578
-10.23642691,3.70958704,-3.67537062
-14.10302236,7.14587607,-7.88311532
-14.351364,-7.79759075,3.90722319
7.18552977,-16.34409054,-9.89211685
-5.91796972,-10.6775227,3.99803008
7.8848591,-17.81803935,-7.69447934
-12.89064762,-16.73680674,3.0326387
8.83781939,-15.48222192,-15.55613559
9.65056067,-14.24083501,-7.69904252
14.33005234,-19.27253005,-13.52456364
-15.88434878,-19.8700974,10.65937005
2.94958907,-16.41128633,1.51108562
-10.56152655,3.49173465,-7.6952593
-17.60893115,1.40898088,2.02160296
8.90201056,-6.36958267,-13.92127432
-10.27801115,-14.60692772,9.17380048
-17.63840099,8.22904345,-15.02824567
5.87768575,-9.43387691,-1.70396439
19.4246193,-18.5505955,-7.62506377
10.92881004,-18.61342624,-10.56600848
0.99607245,3.82204413,-12.13558241
13.65317416,-16.94821424,-15.580959
-10.57399804,10.76637097,-7.52988931
5.41039666,-17.44369398,-8.74006215
-19.33301989,-1.69996164,14.01735115
-15.64126328,8.50929499,-3.64117364
1.20971833,-15.39882264,8.3490888
1.23150342,1.36898634,-16.72523508
16.1351102,-11.93055423,-9.7668744
10.06013092,-16.67886006,-8.66302855
14.39231361,-13.8419732,-9.50600555
5.56972492,8.41505185,-18.59689683
12.3041557,-17.39385301,-11.55509055
15.02072166,-12.27701155,-15.24234023
4.82722883,6.22726233,-19.98511837
18.84968266,-7.43795839,-19.43637622
15.61382133,-11.64626125,-19.79733321
18.83316763,-15.88489784,-10.18141065
-7.12220813,19.37665476,-16.72346756
2.53068356,3.63977691,-15.50608838
4.54271657,-11.2732974,-8.74747115
-18.36426676,-19.24554147,16.29416096
-13.08135189,19.53936582,-14.08321801
14.20820942,-19.91923931,-14.95001831
-12.92865863,-4.3452072,7.37723492
-4.75603944,9.69558171,-15.69042348
-14.84157335,6.26255355,2.97780177
-8.46159367,3.99050568,-8.94494544
-16.80919362,14.60259697,-5.98295729
-17.58089406,-12.29064478,17.13011164
-12.01132477,3.68801153,-16.95992145
16.12592577,-2.47457316,-18.41477759
8.66863006,-6.49624886,-9.8175064
16.73716335,-6.50283489,-16.50420239
12.99457093,-16.06538148,-3.77581931
-7.54436328,-14.4875854,12.29248207
-15.92811419,-6.33584147,12.28822034
-9.56601173,-10.05003639,3.70850022
-9.90127259,2.71157848,-3.91956519
4.6507991,-10.47704309,-8.1927566
11.44954085,-17.56502121,-3.69125645
11.85096068,-18.36487231,0.68776438
19.18574767,-12.02611832,-18.60493402
-15.61311047,11.6048663,-15.7095924
-6.06965209,-18.17748544,17.79269023
7.16149579,-17.47204677,-3.67804501
-6.72135672,-17.97632353,6.91638661
-12.64641608,19.64858044,-11.68009319
-19.45795508,-9.32046972,14.38482366
2.37877808,9.16768611,-18.68097326
-1.10380847,8.82497675,-17.97037777
-11.81650352,5.15647686,-17.36784652
-15.21360762,18.45025549,-13.13244793
-16.13766148,-12.81069369,10.97784146
-7.8181134,-11.22671279,11.38813491
-19.54965508,-4.43461124,14.39027069
-11.9898891,10.62011857,-5.59050111
11.96963018,-8.26770271,-19.43508854
-19.07753523,5.51756207,-10.4944303
-5.22726766,-9.02921594,9.63354411
9.06842495,-3.25097334,-15.63218355
10.69547234,-7.17311145,-8.3763153
-19.39593474,-4.06292107,16.64345193
-3.14742551,8.02023726,-15.23877617
3.96950997,-8.71204198,-8.60203233
-17.68774537,-12.17254088,15.00765846
9.97464518,-18.9855135,-3.29008589
-14.68973584,-6.91353623,7.05943382
14.37382952,-8.73870139,-13.00374519
-19.55454381,-16.64706838,16.81609101
-18.00276707,-8.49331117,14.9212753
-16.47639954,5.36242168,-16.2886006
3.35194003,2.20073468,-15.10100936
4.54922386,-2.15157784,-14.12481881
-17.07415452,-13.16768108,14.47396336
-11.58597978,7.13751132,-17.05303206
18.43436992,-16.4779503,-18.35614787
-6.69444919,-9.39241117,3.76633116
-4.24797498,-14.45698578,11.58698147
8.97461057,-18.79799158,-19.28212703
-4.17676161,-5.36870741,4.54902279
-4.27172315,8.62601117,-17.94517326
8.25530828,-10.96705356,-19.92940971
-17.83912642,-2.30963177,10.09268666
-8.81040701,-16.12888108,12.52946199
-19.61165694,17.02119426,-9.7703054
-0.85481843,5.09419035,-8.81302554
-19.47109509,-5.6105106,8.09181794
9.57227887,-16.08409491,-8.30058194
8.8747966,-17.82146003,-1.54165383
-0.72057344,-17.81835689,5.39154691
14.32614342,-19.65473396,-9.15931045
-2.48345466,6.82140523,-12.94644133
14.68634107,-15.16387737,-4.16563265
9.30304192,-18.37314208,-16.61789494
-19.94867023,-10.68614876,3.8931822
-15.8194526,-7.3465233,12.20239923
-4.3075185,-19.50444937,17.19109753
-16.83468478,11.90127912,-12.00449421
-14.55369955,-19.33203228,13.84751928
3.86443783,-18.50418415,-13.24784259
-6.66600998,-9.25079332,10.63038671
12.72243374,-18.69512287,-1.11418778
-19.19651111,15.28205689,-4.90106254
-14.58139567,17.84731178,-15.43919767
-13.58184664,3.70444581,-5.55785079
6.38386529,-19.24942849,4.49430408
-14.14488601,7.78176188,-14.86821449
-18.6361153,14.8629549,-19.93861379
3.84460616,-3.29890815,-17.47887075
17.11350396,-5.25956109,-17.15848452
16.01148322,-14.59213032,-14.79454217
-12.58778956,3.58255278,-12.0586382
5.9614142,-18.16816462,-14.4005507
19.02526896,-12.15766869,-16.89169857
-19.94354623,6.28894045,-5.40244305
-18.61356086,6.86520371,5.12697347
12.85720216,-9.61006698,-9.91928642
-6.40985767,3.71847611,-17.26101246
15.93422465,-9.97252761,-15.90805659
15.54700491,-19.50835279,-9.59526607
13.70406577,-13.79693482,-17.31671861
-19.63616187,-12.90845268,18.19291581
-17.155813,12.58319769,-14.3939298
-14.70961761,9.08357494,-10.553403
7.19107391,-19.65591088,-11.56306021
-16.93514685,-18.44053657,13.35252424
-10.92021212,12.24072296,-14.40394346
2.66068538,4.53941506,-19.46456932
-9.17367108,8.32762283,-5.93898473
-12.37846644,-18.18715714,3.08263785
-15.71014661,9.89650904,-11.53236802
2.163189,0.85334833,-14.9249913
6.76573275,-10.31090196,-16.73590194
-14.48440416,2.79533313,-7.66482264
6.73158638,-18.42323146,-8.67999573
-9.54161123,3.08523841,-0.86131556
-1.66986803e+01,-1.20498243e-02,8.03323732e+00
7.12521856,-18.35364296,3.35485556
-14.18301351,2.46517595,6.06524612
16.63183887,-11.21685745,-15.1184402
-17.48611439,-11.37901742,3.66732018
-3.10757246,10.92491588,-15.16794274
-8.74376241,-19.4650524,11.55938019
14.85327468,-19.5926349,-12.41420333
-4.93938296,-13.91852228,5.80813746
-12.96611512,6.37478621,-17.42543779
1.86761268,8.81587862,-15.84517383
5.93375114,4.32896733,-17.07576657
-12.39379384,0.5995538,2.71821054
-14.77190887,-0.83480182,6.30663564
-8.90310226,-17.39601108,15.34415685
-14.34661524,4.86565136,-16.69490359
-10.49917475,18.03561573,-19.69985682
-17.75718353,15.77110325,-19.59795548
-19.85120256,-13.38942793,15.78897747
-3.93015294,-10.41529833,7.97370107
2.47353584,-13.63432318,1.72845897
-4.54724344,13.07501337,-15.24123609
-19.68799583,14.10653281,-10.3350855
18.93823001,-19.96050209,-6.22196915
19.08816951,-13.40216286,-12.0103403
-9.25365567,4.52701902,-8.63858769
6.92138575,7.11973874,-19.29409977
-18.01275927,-8.63545165,9.848532
-11.40267497,-18.66818217,13.22991704
-9.99722759,-15.96918546,12.84497946
-8.38409528,5.08610949,-9.24789618
-16.24561683,-1.89093969,8.41703898
-14.14108366,19.15119352,-14.96558033
-6.20710158,-19.35115427,15.79402017
-14.43516641,18.60151592,-19.50515452
-17.87500346,18.41115945,-9.17202858
5.64109687,-4.61106937,-7.05593036
-0.58845008,11.97791269,-16.15409139
-11.38864367,11.14132897,-16.54586599
-16.86408505,-9.50668614,6.48478568
-13.68341156,-19.68680195,6.61585137
-4.49686341,-17.21906837,3.20535273
-9.17775285,19.17589597,-16.88873035
-8.60530157,8.24619013,-11.67993742
-15.56248672,19.73044304,-11.89984294
19.55281146,-13.48794113,-16.00156822
-13.84379067,19.62356826,-16.46890347
-13.95030097,8.02223065,1.50116041
9.05960937,-13.11546259,-1.09868689
6.7274775,-2.19690813,-12.59579657
-15.77961036,-15.48324238,15.31440409
13.88806798,-18.91617781,0.39656951
-9.99937816,-19.99220882,11.63850967
17.34759152,-5.92886238,-16.40526592
8.73889876,-7.68407466,-8.73142387
-0.88269552,-15.97679959,5.7235284
-11.0662282,-6.18653617,3.53795758
-13.94175933,13.63280321,-9.21383491
9.33617635,-13.3561157,-15.72706003
14.14912922,-10.17470373,-16.61874451
-11.56646073,7.79333817,-19.75191349
-9.87753369,5.90370784,-12.00777724
3.55459422,-18.53717472,-6.25443286
-12.66429547,17.15560786,-13.10007276
3.64633346,-2.39417934,-12.19131012
9.21706923,-0.437309,-16.88507647
-11.69951719,-6.27152861,12.58293293
12.10012414,-10.32741096,-14.00573036
-18.50461944,9.37477838,-9.80244297
-18.51754202,-1.32053205,11.62614495
18.31461482,-13.78997407,-11.20683239
-16.30270936,17.47068959,-5.59269375
-7.16836644,-11.46784314,4.69600522
18.82363232,-18.21319756,-12.67070582
-14.66604595,13.69760038,-11.16639905
-11.22236918,-16.2643762,16.61719527
-1.11512617,9.62171872,-16.98419872
-18.95540775,-2.03977957,2.93927508
15.61760468,-18.02791822,-2.54692487
-3.43051259,7.59042123,-19.8416597
-2.59405577,-16.61746432,7.91648723
-9.03029218,-9.41806861,3.84758708
-13.70938683,-11.1309337,9.77067672
17.21875062,-12.59071901,-11.68085121
-13.39246472,13.66785596,-19.37536099
12.12599802,-13.56746922,-6.59381999
9.89869155,-18.51682872,-16.85221908
-10.53824365,-0.93759566,5.17673936
11.34664627,-8.89587447,-8.67925004
-15.56415434,14.01218634,-8.93958688
-14.43379073,8.53574931,-18.14186535
-17.39307398,17.11741968,-13.94645625
-12.90053001,-18.39043771,14.06322656
-16.81349309,-9.67871131,15.82383065
-14.24520085,10.29702764,-7.92230164
-12.78242098,-12.37923654,14.53646534
2.18693315,-12.50223569,4.46006793
19.11222204,-12.39732857,-19.65484577
-14.13567372,5.79539605,-10.51116341
5.5675736,-9.74465375,-6.77006575
-2.41141635,7.49110299,-11.50852445
5.90113167,-17.42110261,-12.43793884
3.72817474,-0.67228893,-17.52522611
11.51049058,-11.94626051,-12.96738466
-11.50896502,0.73150333,2.25862728
15.21686819,-17.92660437,-3.37573724
-13.35979026,-9.85034243,16.30679655
-16.32257731,16.30046932,-10.63170567
-19.73076645,-19.63738625,14.15464266
-12.49920325,6.61120839,-18.42282037
-18.60387186,3.53242881,-13.2170815
-7.30773383,17.5230881,-15.43703222
-15.8091444,3.54406006,-0.28917542
-13.56140218,17.63846578,-9.4902662
-16.27442981,-18.74223086,3.50783316
-9.8896029,-8.46655687,13.93165228
19.66734564,-19.33646518,-15.01507625
17.14287504,-15.90618465,-14.38756316
-14.97496902,-19.02932702,15.10763477
10.49433186,-19.0383313,-10.01969916
12.24729089,-10.93506417,-17.01281099
-4.80193642,-16.37955951,3.65249292
-5.89768719,-12.66323093,12.43548533
-9.02186903,-16.44677971,13.21935405
-19.94519386,6.97049343,-17.61653938
-17.24089288,13.46744217,-9.1212807
5.73055483,5.06866742,-16.72026677
-14.28419583,-12.77067553,3.79275139
-17.45385315,11.48462501,-2.68868412
8.72980581,-18.5894889,-16.18276565
-16.34467515,8.01584217,-7.42766927
-4.99455355,-11.22711315,5.40007801
-8.16679364,-14.5740742,13.44423491
-8.87464887,16.43101031,-19.88789449
-16.39917425,-17.47422034,18.40964181
-19.66426138,9.42431055,-3.37196021
-3.99980941,10.1591597,-12.68624189
-0.09628403,-17.02308256,4.48376632
-13.33514769,-3.49440525,11.95727752
3.21260746,-19.28853225,-2.214555
10.34936887,-6.21447782,-9.93738943
-2.01773984,9.25850494,-18.27663853
7.10591548,-11.06937141,-10.09458995
8.53124302,-4.83155431,-12.04708139
5.37636291,-17.70167093,-14.07738058
-12.79152796,-19.6196223,4.2835603
-12.44588736,4.07674737,-18.38075138
19.0373999,-9.39813754,-17.4205885
-7.14546145,-16.98427917,17.11658694
-5.52646581,-8.78628098,7.6367484
-19.45018672,9.98379157,3.0734703
3.25057312,-12.12078431,-15.35540079
-12.39794639,10.23881196,-12.9891392
-11.8949625,11.79707273,-11.63065049
9.50304753,-18.73880122,-4.07467186
-18.80828954,-7.22766658,2.96886732
-18.06900703,-4.56633213,3.44388409
7.28744247,-12.49004842,0.32379468
-2.66941555,-12.03313746,5.8597963
9.91730641,-18.42127674,-12.25355752
9.26059881,-19.63244886,-3.68363271
-11.77006978,-8.80091187,14.75378709
-19.08460531,8.93371698,-4.83811331
-13.00977269,-10.31760736,4.07377336
-18.56534546,-3.41133914,16.53702276
-15.65146003,4.83123368,-15.60037608
-19.03240072,6.80234083,-16.65978233
-13.49853415,6.01565124,2.43025628
-13.71929009,15.14561697,-11.30281323
18.93616242,-9.30516703,-15.14471228
14.37167265,-4.54903858,-19.07364239
18.82728822,-5.72230025,-19.87782765
-18.41529395,8.96903988,0.8667345
-7.77769015,6.27209187,-7.8023227
-2.89908734,6.46084479,-17.4409125
17.60236241,-19.66059553,-4.61461592
7.59128835,-17.82875586,2.92442517
-12.21338678,16.98967409,-19.85955444
-17.92261619,13.20107152,-4.49151675
-18.51492283,3.81522449,-10.53714008
-18.08073837,-0.28681297,13.57375697
6.48838513,-8.24754262,-18.28293785
-12.75060494,9.16282838,-4.973096
-16.2703383,-18.89006031,17.52696425
-13.33145022,10.52507969,-3.24192679
4.6790435,-7.1824664,-15.53336283
-13.30540396,15.18614026,-19.25027056
-12.03922636,-13.61774603,8.72108232
16.2517282,-19.04514154,-6.75241265
-15.37832967,-9.91826179,17.25881215
-1.64716825,-11.4939946,5.58589615
-19.31486472,-1.02753366,7.17654885
11.58989056,-12.58349683,-18.83898904
6.44187852,-19.47349669,6.53385581
-14.92625684,-11.79169896,14.4284535
-14.77318124,-13.95683219,15.80326275
-9.88999732,15.1181642,-18.97735616
-15.30017076,-13.12711037,10.40221693
-13.56741978,9.79119408,-7.12865353
7.264799,5.64530243,-18.72020983
4.75002652,-7.12865411,-9.61245384
17.27804302,-16.78546447,-12.02742773
-16.17669419,-15.73839017,9.27246211
-17.56901948,-10.69918937,19.38519615
17.93814799,-18.70282542,-4.07546876
10.58856044,-1.03979926,-19.55481608
7.22330138,-0.63983667,-16.67780863
3.26211984,-11.16350762,-4.37540109
6.81375068,1.11910368,-16.41106818
-18.76602678,1.46263646,11.99177189
-6.21734384,-18.38228933,7.50023517
-12.76537268,14.56792917,-18.12440313
-19.30700836,5.26016479,-3.67536546
-11.67336244,11.29363589,-5.78510011
13.54401754,-12.12899017,-17.73573687
3.2051374,-16.06289966,4.08385142
-7.56667884,-12.43523797,7.95155
-15.67062099,-14.51088837,18.38274358
-14.47745083,-4.37323907,11.96970762
6.5468051,-10.84005115,-3.37982566
-8.59975607,-11.15869112,13.63539002
-8.25709172,-17.51569212,7.81251166
11.3525631,-18.85439719,-10.84031428
-18.49549699,-18.01742124,11.5309184
-19.29262831,-1.59629809,9.56892726
-11.23464685,-11.42605683,13.91683076
-1.89464706,-11.17054338,5.14512312
15.06472734,-14.02119515,-16.25414547
-8.89604801,13.37200399,-17.83202995
-16.25398014,4.98275091,-13.85921537
-18.60823446,-10.73756502,17.93086244
3.20669198,-17.95314634,8.58782353
-19.89202591,-9.6385917,13.34200609
-16.11331027,-13.06725679,8.89142843
7.34985913,-19.73870075,-13.30053501
-10.90565995,-8.50915943,4.76687993
-7.70403219,-16.75546673,14.33707177
-12.27865039,19.39137162,-11.73907543
-5.42836029,17.46442861,-19.40628992
18.30353804,-7.05322842,-18.6672051
-9.08544904,-17.50779345,10.1015734
-16.85091113,-3.19084997,10.22274504
-6.64699393,-19.37504759,19.98822515
10.14189279,-15.92665443,-18.41402345
3.5159733,-0.65609935,-11.05016914
-2.58889633,-16.08631566,13.81571048
-2.52171278,7.65721039,-9.57759115
6.55464867,3.64740287,-19.60122998
-8.69779984,4.6253933,-1.0239603
7.95117611,-4.75896506,-17.64799031
15.20715427,-8.97156358,-15.93641558
3.14102566,-15.04255413,3.10742814
-19.66341686,15.53688064,-1.17032035
-9.9945563,-16.62937846,19.34592642
-15.78963374,-11.55204781,5.28231747
-12.35866891,-8.98602654,16.90950675
-18.21430731,5.75387454,-17.46518963
2.5876701,-5.34478951,-16.97721828
16.55279197,-17.63279074,-4.82041469
5.1010236,3.13726989,-16.65400041
13.81235597,-18.54606745,-18.83691969
-18.74597879,-3.1878091,14.25334402
5.64723022,-16.46953757,4.34764842
4.14058428,-6.73432278,-4.23486112
-11.48031317,13.62185439,-9.54961551
-15.88422176,-6.18238024,12.1432931
-11.1993793,-13.39613889,17.29767357
4.47861339,-7.87238864,-15.51804585
18.28190318,-12.75885861,-14.45311109
-8.50267293,18.78381555,-18.95392313
14.89578031,-9.20859249,-16.95301003
-4.36003518,3.79194206,-8.98404837
9.45118303,-14.90734365,-1.59514799
-18.35754355,12.57868476,-4.18696967
2.94996092,-19.55207703,-6.44939589
15.07998092,-13.87615128,-16.71527402
-16.47689495,-10.63801761,17.66920872
-5.49529434,-16.04260088,17.0882905
8.08066763,-3.80964771,-15.39166803
-12.59410397,-1.17143684,4.66361731
-18.24403846,4.74402231,-4.3907731
3.66753518,-7.21215205,-19.45205792
-19.54306214,5.71933788,-15.73042303
7.13307134,-7.91210363,-15.5284564
-12.4537775,3.64220447,4.39490515
-14.8423228,-16.96193504,15.5365512
-16.53242651,0.50653143,8.68843289
-0.03569127,-19.93390799,5.15389472
4.71050396,-18.02207647,-6.53917889
-10.60303375,17.57728417,-13.23665651
6.49136953,-11.19775031,-17.25191339
-11.35648419,-3.96655274,8.132696
5.61459835,5.61895665,-19.43426808
8.64442064,2.66394014,-18.63493824
-10.61671651,-11.5526923,3.93753166
-16.62921397,-2.49692123,6.65760787
-19.64420277,12.4438878,-5.34673288
-12.89516883,11.90771641,-15.71010766
12.9996312,-12.85143637,-14.34976836
15.75966173,-16.82492843,-14.08998735
14.18846089,-13.07572083,-19.44334937
-19.74037396,5.54354925,7.38425321
1.57061298,0.97195584,-13.64927541
-19.69650684,-3.69940121,15.22853209
-8.33872778,-8.52155547,7.8112648
11.22330195,-12.62125316,-16.07655254
-10.38030344,-17.12501813,12.24585458
-8.62751435,7.29995278,-18.90935711
-19.09310947,12.25481449,-8.41742254
-11.76476855,-17.00611868,18.72767795
-6.45354447,-13.48688009,13.90970651
-13.76045352,15.18110107,-19.29323655
5.68090264,-8.17035574,-18.48797479
-2.58952057,-16.83669163,8.79766395
-18.28815965,9.05796139,-9.41206105
12.40179584,-8.07261911,-16.24293662
8.33520914,-18.32778154,0.75385523
5.75999974,0.56820123,-12.3141533
-7.57748355,6.88671107,-12.88122238
6.32612706,-1.97717712,-10.55111805
-12.5742844,-7.12524709,9.87368934
-15.29402197,1.09220744,3.98290548
-9.65924208,17.13378345,-18.0866048
-13.26679086,10.38857961,-13.35575754
7.08911988,-15.68813229,-9.68550894
-12.38815588,0.88062843,6.81342743
-16.67013964,-8.33245343,17.91840092
-3.28086643,12.77375464,-16.61177852
-8.78262839,-2.13747993,4.49883486
-1.18202625,5.88386716,-9.7288278
-8.5116899,-13.8771268,16.11815281
-13.5614122,-15.99414608,19.02486312
-17.52536742,11.83121879,-10.64907741
10.70133773,-9.43144554,-15.15153281
4.50959096,-12.9321953,-6.71104149
-15.51795469,-5.67355309,15.89403952
-18.36079795,7.64647858,-8.82908015
-6.23182767,3.32996662,-10.28728042
10.06037429,-16.9921995,-3.7479221
-17.63706351,-6.76415525,11.36124067
-18.97336112,-12.67240718,16.19178142
-10.23383564,13.82778418,-16.81946699
5.29185667,-18.18135793,-1.58609142
7.12657298,1.17373413,-16.04908949
-9.37653713,5.5491014,-17.66351491
-14.36820191,3.3792294,0.43181895
5.65462263,-5.3236159,-7.53865806
-14.87568202,17.02287989,-13.44152008
12.23491297,-9.16666253,-12.26669218
8.02114385,-5.7697769,-8.38399429
8.20632714,-18.15814454,-17.81946162
15.00119711,-11.23523135,-9.51910454
-8.48690699,14.27137497,-10.89559404
-4.00115306,13.03623888,-16.29380362
-5.5872376,-15.39890852,14.55609022
-11.39000184,-8.92180398,9.73310941
-16.65971928,4.73675401,-18.49197732
-9.04714422,-11.68944024,4.42354181
-15.43326668,12.33753223,-15.77938488
-12.53465355,6.66411152,-18.65267805
-3.51994945,-12.68799445,6.65876154
-15.11641486,2.26259704,4.91128528
2.55410001,-1.69243679,-5.78939725
-6.41247094,-11.50665654,2.48818199
-0.727757,2.97670249,-9.30277147
5.89746611,-17.54452109,4.38698329
11.28812135,-15.70340165,-8.67698206
-9.05430434,-13.73514256,11.23955861
-18.93417898,-0.63863042,11.78855181
6.02533355,-16.23413719,4.893615
12.0480005,0.1062118,-18.57104791
17.00407275,-19.53817616,-5.04618042
5.60637903,-18.18289114,-12.31978521
-15.35898835,10.34439391,-14.23500151
2.84958032,-16.71119158,4.64439386
14.69339194,-10.49333096,-12.08362846
-8.87471425,-17.34893659,7.91075441
-11.56036366,-11.80610901,15.52455381
5.34817275,-9.91319153,-15.08103917
10.99844799,-4.52472141,-16.93470224
-1.16866904,-18.4457197,5.35306162
2.97102531,-13.06997834,-6.31791649
-19.71628396,8.7305058,3.1377793
-5.48344477,4.02551422,-19.78174558
13.03892391,-17.95581567,-7.31828795
-15.16493907,-10.40028141,19.69505148
10.03472562,-19.43053,-16.16385463
-8.97010402,2.256726,-2.27929036
-11.47688471,7.0466758,-1.38252991
-9.90208491,5.14184308,-0.60130593
-19.81145729,-6.30873546,19.70326348
4.68726989,-4.37247886,-16.72010202
2.19577489,3.22751068,-18.49058175
3.27523483,4.73197445,-16.41624617
-0.98163421,-17.73655925,5.99061421
2.39627585,6.39744591,-17.92102378
6.17912053,-16.80058048,-2.80190281
-7.54091073,-14.18376646,9.38803665
-7.56864973,4.53045389,-18.65873608
-11.77720702,3.05066856,4.09864291
-11.0175893,-19.19545399,12.41599299
-19.19627379,-10.31304662,5.27313457
3.01777721,-10.3102153,2.69997001
-12.11611216,-7.95220764,8.75916531
15.07268279,-11.91754457,-17.47081806
10.16465844,-9.67224834,-15.36656088
-19.05025976,-17.86031024,7.59703823
-18.01232266,-5.34032252,17.44397194
-1.32095594,7.78121434,-11.54686531
7.32603973,-14.03482525,-9.82626864
-15.93409687,-19.75158488,19.93059603
7.11926483,-12.43608644,-7.41129767
-5.29707911,6.22293575,-13.27685898
-17.62299108,-12.77829788,12.63621727
12.78671025,-8.41352282,-19.84819339
15.70688203,-4.81315452,-16.97330194
6.5713214,-13.44792512,-14.8266812
-7.58746068,12.63819042,-13.03825977
2.7505845,-13.11680088,-5.31187693
-13.54048651,19.7740928,-11.91838614
-9.05543002,13.59665661,-15.55929434
-13.48527603,14.90696784,-7.71720207
3.52117122,-19.02041188,3.30462277
7.12876554,-17.30641245,5.34729019
-13.36884138,-13.92491416,6.28026041
-16.05740349,2.43181436,1.84795927
-17.6232749,-18.39240155,11.16357439
-2.5967201,6.14765435,-9.25537554
5.35128708,-9.64859229,-0.68135982
6.74032716,-0.09136697,-14.86954802
5.23853949,-15.95868624,2.51794628
-11.06439504,-13.75693567,11.25266036
-1.96960892,-16.78302365,13.58786437
-19.00594866,8.66449957,-2.24102166
-16.65809113,15.41646166,-6.14811176
-16.80148002,19.60768741,-17.5125426
4.37620124,-7.29010362,-3.36913676
15.24127942,-18.35837742,-6.35996708
-17.70380396,-9.15851705,16.22349042
-6.64262174,11.31979753,-18.55826357
-6.3601982,15.61030071,-18.94733519
-15.14266254,5.67887229,1.50756181
-14.76946684,11.49588636,-16.99581386
18.48159334,-11.70015645,-17.17188022
3.11685887,-16.62293582,-15.03682875
8.15668159,-19.54329637,-2.93415825
-4.1550243,-19.68081885,9.91076763
-18.97204009,19.50920854,-5.11727927
19.76555396,-19.36949349,-12.86489745
11.51096476,-3.96958463,-19.28298039
-3.62801829,14.49099292,-16.13456366
-18.75271448,19.1046524,-19.34774441
-16.42822576,19.23410225,-12.38620333
9.86793538,-3.9981326,-13.80301589
11.93438235,-18.33975891,1.94601151
-14.85749983,19.30226915,-14.65900296
-11.51176169,18.49593121,-15.58224106
9.58636156,-12.67310329,-17.61707431
-15.17935585,-17.75818581,18.5298553
-12.94000416,16.23106653,-12.71917703
14.13054528,-16.4143126,-4.94529628
-14.55093133,2.78412013,4.96305266
-15.43041062,-12.08591638,11.71193464
-11.69899934,-13.04193592,17.12470224
-9.43604458,14.88334161,-12.59885593
-15.041434,0.21438811,7.64573979
8.00492784,-13.68235461,-9.9766705
-15.3802039,-10.98704892,18.19093915
-12.84733119,-11.30901207,17.5730215
-2.93581797,-13.71671985,2.99475469
-1.23755766,-18.17619011,7.72332657
-9.67625519,-4.48835493,8.54929813
6.621344,-18.44830046,-12.32074645
13.19146296,-16.21352583,-18.51852934
-11.5668592,-16.05832877,15.74631507
-17.67695011,-18.2713888,16.18793272
-19.32773523,2.60173197,10.4278088
-15.45667521,-2.71070484,12.18517289
-9.99375489,-18.53408787,17.90252777
-11.08404688,13.49295395,-8.23785241
4.46850053,-7.66138081,-17.68376517
10.30557444,-5.80491177,-16.74210088
-19.77768591,12.66902504,-4.01553679
-14.95383465,17.73156992,-18.26470779
-12.78312552,-0.62329223,6.20476466
-17.61156757,9.49451637,-17.06061489
-5.56801706,-17.59098996,16.27512703
-16.80912718,-3.3640647,7.7750785
-18.25340926,-19.27508109,15.12242436
-11.64405737,-15.80711227,6.42941369
-18.94088531,-16.54068983,3.23984199
-5.77735277,4.456102,-17.15266777
-17.44518134,-3.3694974,6.7976713
2.71195185,-15.69480096,6.37246979
-7.37390621,3.64541831,-12.8618505
-17.57395666,-5.38961314,12.55866281
-13.39055131,18.2215562,-11.1794563
-11.73448423,6.71350592,-12.47111323
-17.98790927,15.77652644,-7.53920922
10.97753702,-19.5524116,-3.55750385
-3.51728245,-6.70371054,3.83985312
7.41869269,-2.72993906,-12.6355466
-2.2489259,3.11240896,-11.66053284
3.58523687,-11.7325299,-14.20921672
-7.28634077,-15.93152768,8.66334057
16.54126253,-19.50446804,-14.32286476
-3.76791859,12.09159591,-15.4497846
2.2841075,7.41846425,-14.8054658
-11.48219101,-7.24561853,5.48439366
-11.71874437,-17.22270076,13.81798229
-10.41150399,1.90977965,2.39905504
-16.94751143,-10.19328275,11.91989396
-12.95092382,14.4216181,-17.60005899
11.52384414,-17.2221199,-4.14664062
4.29340443,-3.03843919,-12.43993164
6.70097333,-8.4469318,-18.39113527
-4.59939812,-17.1768694,10.07189804
8.51985421,-9.74890058,-7.26065403
-10.83453682,-6.88462945,10.25895796
6.72476704,-19.16380648,-7.43857006
7.41554056,-17.84188167,-1.74627817
-18.60931765,4.0892926,5.49652821
-8.86504335,2.12022553,1.57853244
-2.08756789,4.7443932,-15.62240723
-5.18054677,11.97554823,-11.48508674
-16.2861403,-13.9185846,7.36231134
11.08821782,-8.43073171,-12.28617669
-18.24768532,-1.16828105,3.60844638
-2.79023502,11.05078321,-14.91425632
-15.18994023,-12.04405851,8.54252006
-17.61412054,4.8622399,-4.58687137
-11.40898189,-17.24112207,5.06671619
-3.64471204,-19.94367806,9.70431714
-0.58536822,11.25533921,-15.10910477
-7.30692588,-0.32945842,2.62131042
-17.81204203,-0.78291268,3.92823471
-16.94623918,5.50340767,3.27733959
-18.40028304,-8.54268428,13.33617523
-16.58408791,5.34215724,5.46990225
-14.24252398,11.60745865,-4.93698113
-18.1552748,-11.54255753,18.39867934
-13.42766915,1.18839116,6.63169345
-12.3456855,2.7722753,-13.93183492
3.96394698,-10.52271887,-8.65206294
1.06389785,3.72807212,-13.77501752
-9.64239878,-11.65615065,15.91170511
-19.27347884,3.54292985,8.01426793
-15.87731712,8.7185865,-7.01967478
-0.50305444,8.09271712,-12.57105744
2.50370307,-15.8663309,7.25642689
7.50974435,-16.60743804,-6.3633017
17.61761655,-17.23578345,-17.29739273
17.47039857,-13.30998341,-12.729734
-19.54333398,18.06102721,-12.03114404
4.56429977,-3.40689196,-18.17121219
-16.98506279,11.75280959,-1.41035974
-0.40071558,11.04328528,-18.00688271
-3.54272189,13.4431022,-15.29034016
9.13997979,4.36441021,-18.81226868
10.41546362,-18.6179131,-6.91466928
-10.89917541,-13.98260792,19.59438302
-17.834904,16.418555,-9.93309504
15.39999817,-17.03723721,-17.63655981
-7.48784872,-19.51154999,16.16610506
-7.85373124,13.21523554,-10.16222969
-18.03210058,-11.68925904,15.49097191
-6.6312998,-18.52382095,13.82649992
-2.95622705,-15.2469038,8.15480099
-8.75001901,-4.28500687,6.79448572
-12.83519254,-12.54272631,14.99716815
-7.96868384,-17.54982116,19.9720529
-15.62461861,8.03481863,-4.82346556
-3.85072145,-7.07159994,4.39189522
2.59293195,3.872841,-18.53606341
3.53030076,-16.97185425,-8.48582876
-0.71836006,-19.58117698,5.79804441
-18.93517663,-9.96274754,15.68384026
4.85660572,-17.88187018,6.23367995
-4.65898061,-19.98079827,9.67142221
-8.00481789,-11.02012727,8.78204738
-13.09932643,0.59812803,6.70105465
17.26705129,-13.96013127,-11.59908332
-12.20222014,5.83446147,1.86377869
2.70806278,-6.88224613,-8.54471009
5.92999391,-10.95665426,-2.58822871
-10.19322692,3.80459917,-12.128945
-17.95075508,7.90427991,-12.00071963
-15.84861727,-10.52144685,19.66734489
-9.87208493,-9.00914232,6.16874163
-13.11004318,19.90708762,-12.49628798
-15.70103542,7.01311819,3.9069534
-3.75144415,5.07491682,-8.40474847
18.50583897,-11.70720006,-13.87095802
-11.95754026,-0.32273594,3.52417042
18.08511849,-5.84406291,-19.92764637
-5.48696587,13.65264062,-18.38132763
-19.47769807,8.98992166,-16.94093093
-17.34098251,-16.27852623,7.71461361
-13.25237928,-11.06299084,19.87221379
4.04878458,-19.93032595,-0.77098147
-2.77580405,-10.12265897,4.79062013
-19.80045226,10.93373977,-9.28380688
-19.14564262,-12.52651105,18.10003806
-1.86268121,-12.2458811,3.9988424
13.82255664,-15.97823732,-12.04855295
2.03869732,-13.48585245,4.91075522
5.0412056,-17.69659374,-12.47512212
-1.51394833,3.18845285,-7.38672658
-14.47595804,2.26997966,5.83158472
-11.831469,-15.3606271,17.37871225
-17.28388633,9.69534485,-13.77144063
2.94329774,-10.37896153,-8.01134795
17.3444188,-11.12136127,-16.65174077
12.7561075,-3.85614658,-15.58050613
-18.80740334,12.54813328,0.81963123
-10.76486249,11.89826864,-8.85398392
-16.8313114,6.29861726,-11.5076323
-17.23844841,14.75153874,-3.98094088
-16.13101865,10.89740102,-17.96219566
-15.85790568,4.43620872,5.58661659
7.34993898,-19.24130543,5.36707465
-10.04613871,-3.05468606,6.59165108
-13.68858159,8.53807807,-1.19148677
-19.9068664,13.88305902,-11.01132043
-12.43251319,-5.62362142,6.51426325
-14.81016033,16.21093495,-14.64822302
-15.62316851,-0.28996405,4.86617725
-17.94235226,18.40026203,-18.41500247
14.5188552,-6.34506277,-17.09750664
-13.62419341,-6.53174041,3.57451136
9.6641391,-11.93158231,-2.43562411
-13.52808084,-15.92950922,8.72686212
-13.89199951,-1.16374264,2.46900293
9.80411404,-16.10130634,-17.34995031
13.81039857,-19.17233712,-2.45616404
7.74042072,-14.26155766,-18.5040799
9.34080074,-17.39147865,-13.23930726
4.80806955,-0.98455649,-8.70424644
5.16079391,-18.36245856,8.08795042
11.91168244,-1.91353063,-15.11931094
-14.53251964,4.83219995,-19.93953236
-10.53570546,13.82810104,-9.50954349
-4.83395546,-18.8159292,10.24445698
-17.42019107,-13.12461538,8.6146111
13.24502385,-17.15573241,-16.62219297
-9.76589218,-6.77852999,3.42968173
13.11680373,-14.95305493,-2.91456651
15.46783623,-17.36456438,-7.27364685
-19.60752743,-5.80480427,15.25539132
15.35449702,-8.77651831,-14.40079912
-7.84147917,8.42359445,-5.85393258
-13.79076492,-18.91343831,14.47152558
14.45611661,-6.68573147,-12.36184312
-17.82407468,10.44286974,-16.15864939
-7.06811941,-17.94791134,11.47613949
2.80503843,3.04755685,-18.90623083
15.22723057,-10.306888,-15.1320316
-18.96407586,-3.87697077,6.66168563
-16.39258247,8.71478649,1.79513758
-13.530764,-12.92724916,7.04715816
-12.86133764,6.06762961,-15.53219282
6.46971626,-7.24667384,-17.60732559
-18.77534593,1.62135642,5.65986716
6.34841406,-11.1705678,-10.28079631
-7.13331351,-14.14974824,16.01160933
-19.9096112,15.93510605,-11.83828354
16.05982514,-12.80559816,-11.53836965
-6.0562607,13.83917566,-16.69284584
-11.17047885,-9.58535104,3.55527329
5.90510062,-15.32003793,3.80793205
-13.5163577,-18.25947761,15.09046128
-0.5373365,13.39970962,-17.71126955
-9.6153964,-12.96405893,3.58808938
-11.80680636,7.22288657,-4.7971574
6.68531204,2.48180113,-15.62111368
-15.57677367,6.17938606,-8.76840344
-7.87877203,-8.84667096,6.21265398
-16.34485509,-1.65827727,6.62446567
-18.07112298,-3.63501233,9.09799044
-13.88449051,19.30970003,-11.32885019
-2.76980285,-12.1034413,3.64077428
0.22032776,-12.80473834,5.41282147
-9.38105182,-18.53425682,13.03971863
-13.53829562,-13.3030625,7.19302978
-19.5927189,11.09574874,1.65729259
-16.71369432,-9.2331181,18.94887218
18.41465394,-19.15817745,-15.70103269
4.07086052,-13.50616926,-14.28439285
-17.15885749,-7.86917905,16.25472633
11.04262028,-18.01095011,-18.45088007
-17.47977192,-3.31601263,11.31002599
-18.44412211,7.39764412,-16.36572147
17.35824126,-13.83786028,-15.78231989
-10.21227429,-5.53340963,7.96505373
-5.38676921,10.80820542,-14.56901132
-15.51843909,-11.20444113,7.03831574
16.38322324,-15.64513207,-11.33909432
11.45188924,-1.91166995,-14.31682039
7.02620603,-11.85368655,-12.96619856
-4.3020943,-18.29277325,10.05068868
-15.83048084,10.75052763,-10.25880212
-12.75891012,-5.49360157,7.82901955
